# Blender 5.2.2 LTS
# www.blender.org
o Seabed_phy
v -30.000000 -30.000000 1.147991
v -30.000000 -29.250000 1.049279
v -30.000000 -28.500000 0.822594
v -30.000000 -27.750000 0.726943
v -30.000000 -27.000000 0.444553
v -30.000000 -26.250000 0.244611
v -30.000000 -25.500000 0.003245
v -30.000000 -24.750000 -0.167478
v -30.000000 -24.000000 -0.201074
v -30.000000 -23.250000 -0.257505
v -30.000000 -22.500000 -0.148811
v -30.000000 -21.750000 -0.193718
v -30.000000 -21.000000 -0.229635
v -30.000000 -20.250000 -0.351932
v -30.000000 -19.500000 -0.467079
v -30.000000 -18.750000 -0.411790
v -30.000000 -18.000000 -0.413516
v -30.000000 -17.250000 -0.272068
v -30.000000 -16.500000 -0.305185
v -30.000000 -15.750000 -0.227443
v -30.000000 -15.000000 -0.230032
v -30.000000 -14.250000 -0.177552
v -30.000000 -13.500000 -0.059839
v -30.000000 -12.750000 -0.088213
v -30.000000 -12.000000 -0.028537
v -30.000000 -11.250000 -0.166931
v -30.000000 -10.500000 -0.170983
v -30.000000 -9.750000 -0.173181
v -30.000000 -9.000000 -0.154489
v -30.000000 -8.250000 -0.089623
v -30.000000 -7.500000 -0.195195
v -30.000000 -6.750000 -0.208146
v -30.000000 -6.000000 -0.363728
v -30.000000 -5.250000 -0.393439
v -30.000000 -4.500000 -0.479366
v -30.000000 -3.750000 -0.557217
v -30.000000 -3.000000 -0.534861
v -30.000000 -2.250000 -0.543071
v -30.000000 -1.500000 -0.322715
v -30.000000 -0.750000 -0.213470
v -30.000000 0.000000 -0.031998
v -30.000000 0.750000 -0.025491
v -30.000000 1.500000 -0.110318
v -30.000000 2.250000 -0.103465
v -30.000000 3.000000 -0.231124
v -30.000000 3.750000 -0.144157
v -30.000000 4.500000 -0.192493
v -30.000000 5.250000 -0.107942
v -30.000000 6.000000 -0.181769
v -30.000000 6.750000 -0.193241
v -30.000000 7.500000 -0.132394
v -30.000000 8.250000 -0.115785
v -30.000000 9.000000 0.029223
v -30.000000 9.750000 -0.018608
v -30.000000 10.500000 -0.017945
v -30.000000 11.250000 -0.167165
v -30.000000 12.000000 -0.242952
v -30.000000 12.750000 -0.256918
v -30.000000 13.500000 -0.300974
v -30.000000 14.250000 -0.197894
v -30.000000 15.000000 -0.265379
v -30.000000 15.750000 -0.354293
v -30.000000 16.500000 -0.471644
v -30.000000 17.250000 -0.543490
v -30.000000 18.000000 -0.592585
v -30.000000 18.750000 -0.708355
v -30.000000 19.500000 -0.773355
v -30.000000 20.250000 -0.988404
v -30.000000 21.000000 -1.036086
v -30.000000 21.750000 -1.085050
v -30.000000 22.500000 -0.977141
v -30.000000 23.250000 -0.866645
v -30.000000 24.000000 -0.919580
v -30.000000 24.750000 -0.940719
v -30.000000 25.500000 -1.185174
v -30.000000 26.250000 -1.259876
v -30.000000 27.000000 -1.350499
v -30.000000 27.750000 -1.313802
v -30.000000 28.500000 -1.173199
v -30.000000 29.250000 -1.142182
v -30.000000 30.000000 -0.963600
v -29.250000 -30.000000 1.028918
v -29.250000 -29.250000 0.863433
v -29.250000 -28.500000 0.746839
v -29.250000 -27.750000 0.541885
v -29.250000 -27.000000 0.443473
v -29.250000 -26.250000 0.195452
v -29.250000 -25.500000 0.109138
v -29.250000 -24.750000 -0.040231
v -29.250000 -24.000000 -0.117985
v -29.250000 -23.250000 -0.076956
v -29.250000 -22.500000 -0.159960
v -29.250000 -21.750000 -0.108640
v -29.250000 -21.000000 -0.234780
v -29.250000 -20.250000 -0.234663
v -29.250000 -19.500000 -0.308237
v -29.250000 -18.750000 -0.352971
v -29.250000 -18.000000 -0.238553
v -29.250000 -17.250000 -0.269534
v -29.250000 -16.500000 -0.217590
v -29.250000 -15.750000 -0.267593
v -29.250000 -15.000000 -0.182910
v -29.250000 -14.250000 -0.084236
v -29.250000 -13.500000 -0.052026
v -29.250000 -12.750000 0.066102
v -29.250000 -12.000000 -0.052322
v -29.250000 -11.250000 -0.070718
v -29.250000 -10.500000 -0.196344
v -29.250000 -9.750000 -0.144194
v -29.250000 -9.000000 -0.123928
v -29.250000 -8.250000 -0.141236
v -29.250000 -7.500000 -0.171542
v -29.250000 -6.750000 -0.342432
v -29.250000 -6.000000 -0.323126
v -29.250000 -5.250000 -0.412634
v -29.250000 -4.500000 -0.397908
v -29.250000 -3.750000 -0.423532
v -29.250000 -3.000000 -0.539395
v -29.250000 -2.250000 -0.467300
v -29.250000 -1.500000 -0.452011
v -29.250000 -0.750000 -0.217181
v -29.250000 0.000000 -0.168484
v -29.250000 0.750000 -0.051391
v -29.250000 1.500000 -0.084363
v -29.250000 2.250000 -0.158798
v -29.250000 3.000000 -0.175472
v -29.250000 3.750000 -0.262556
v -29.250000 4.500000 -0.186301
v -29.250000 5.250000 -0.216351
v -29.250000 6.000000 -0.112244
v -29.250000 6.750000 -0.081766
v -29.250000 7.500000 -0.098637
v -29.250000 8.250000 0.001966
v -29.250000 9.000000 -0.023433
v -29.250000 9.750000 0.055059
v -29.250000 10.500000 -0.082807
v -29.250000 11.250000 -0.180478
v -29.250000 12.000000 -0.343088
v -29.250000 12.750000 -0.397890
v -29.250000 13.500000 -0.377249
v -29.250000 14.250000 -0.393775
v -29.250000 15.000000 -0.321244
v -29.250000 15.750000 -0.388743
v -29.250000 16.500000 -0.440178
v -29.250000 17.250000 -0.465406
v -29.250000 18.000000 -0.498967
v -29.250000 18.750000 -0.507231
v -29.250000 19.500000 -0.674929
v -29.250000 20.250000 -0.701336
v -29.250000 21.000000 -0.818178
v -29.250000 21.750000 -0.710629
v -29.250000 22.500000 -0.660294
v -29.250000 23.250000 -0.568193
v -29.250000 24.000000 -0.639123
v -29.250000 24.750000 -0.868315
v -29.250000 25.500000 -1.011904
v -29.250000 26.250000 -1.269284
v -29.250000 27.000000 -1.282263
v -29.250000 27.750000 -1.232642
v -29.250000 28.500000 -1.129275
v -29.250000 29.250000 -0.980465
v -29.250000 30.000000 -0.927172
v -28.500000 -30.000000 1.008438
v -28.500000 -29.250000 0.799932
v -28.500000 -28.500000 0.696499
v -28.500000 -27.750000 0.566478
v -28.500000 -27.000000 0.421039
v -28.500000 -26.250000 0.372036
v -28.500000 -25.500000 0.202347
v -28.500000 -24.750000 0.182359
v -28.500000 -24.000000 0.104416
v -28.500000 -23.250000 -0.016832
v -28.500000 -22.500000 0.002556
v -28.500000 -21.750000 -0.130356
v -28.500000 -21.000000 -0.100963
v -28.500000 -20.250000 -0.196715
v -28.500000 -19.500000 -0.112541
v -28.500000 -18.750000 -0.105407
v -28.500000 -18.000000 -0.104917
v -28.500000 -17.250000 -0.018603
v -28.500000 -16.500000 -0.139881
v -28.500000 -15.750000 -0.099689
v -28.500000 -15.000000 -0.077088
v -28.500000 -14.250000 -0.008242
v -28.500000 -13.500000 0.134226
v -28.500000 -12.750000 0.102458
v -28.500000 -12.000000 0.106848
v -28.500000 -11.250000 -0.081090
v -28.500000 -10.500000 -0.069032
v -28.500000 -9.750000 -0.126029
v -28.500000 -9.000000 -0.058800
v -28.500000 -8.250000 -0.123410
v -28.500000 -7.500000 -0.187013
v -28.500000 -6.750000 -0.313485
v -28.500000 -6.000000 -0.381330
v -28.500000 -5.250000 -0.282068
v -28.500000 -4.500000 -0.317596
v -28.500000 -3.750000 -0.332261
v -28.500000 -3.000000 -0.377271
v -28.500000 -2.250000 -0.500703
v -28.500000 -1.500000 -0.395809
v -28.500000 -0.750000 -0.343756
v -28.500000 0.000000 -0.172395
v -28.500000 0.750000 -0.175281
v -28.500000 1.500000 -0.077642
v -28.500000 2.250000 -0.164521
v -28.500000 3.000000 -0.204458
v -28.500000 3.750000 -0.234417
v -28.500000 4.500000 -0.215054
v -28.500000 5.250000 -0.045026
v -28.500000 6.000000 0.014854
v -28.500000 6.750000 0.119894
v -28.500000 7.500000 0.183898
v -28.500000 8.250000 0.150165
v -28.500000 9.000000 0.185247
v -28.500000 9.750000 0.078301
v -28.500000 10.500000 0.053872
v -28.500000 11.250000 -0.172966
v -28.500000 12.000000 -0.244559
v -28.500000 12.750000 -0.358680
v -28.500000 13.500000 -0.352766
v -28.500000 14.250000 -0.255180
v -28.500000 15.000000 -0.294273
v -28.500000 15.750000 -0.258814
v -28.500000 16.500000 -0.270646
v -28.500000 17.250000 -0.263798
v -28.500000 18.000000 -0.210590
v -28.500000 18.750000 -0.286465
v -28.500000 19.500000 -0.277395
v -28.500000 20.250000 -0.416451
v -28.500000 21.000000 -0.365012
v -28.500000 21.750000 -0.372029
v -28.500000 22.500000 -0.202164
v -28.500000 23.250000 -0.285821
v -28.500000 24.000000 -0.394801
v -28.500000 24.750000 -0.613019
v -28.500000 25.500000 -0.927702
v -28.500000 26.250000 -1.061496
v -28.500000 27.000000 -1.219938
v -28.500000 27.750000 -1.101344
v -28.500000 28.500000 -1.029707
v -28.500000 29.250000 -0.887922
v -28.500000 30.000000 -0.767618
v -27.750000 -30.000000 0.963580
v -27.750000 -29.250000 0.948870
v -27.750000 -28.500000 0.784413
v -27.750000 -27.750000 0.716830
v -27.750000 -27.000000 0.629487
v -27.750000 -26.250000 0.498327
v -27.750000 -25.500000 0.479967
v -27.750000 -24.750000 0.332033
v -27.750000 -24.000000 0.264790
v -27.750000 -23.250000 0.181683
v -27.750000 -22.500000 0.039402
v -27.750000 -21.750000 0.040769
v -27.750000 -21.000000 -0.057340
v -27.750000 -20.250000 0.044238
v -27.750000 -19.500000 0.039684
v -27.750000 -18.750000 0.170343
v -27.750000 -18.000000 0.211835
v -27.750000 -17.250000 0.145985
v -27.750000 -16.500000 0.158547
v -27.750000 -15.750000 0.054380
v -27.750000 -15.000000 0.129339
v -27.750000 -14.250000 0.197218
v -27.750000 -13.500000 0.254710
v -27.750000 -12.750000 0.277737
v -27.750000 -12.000000 0.194756
v -27.750000 -11.250000 0.090804
v -27.750000 -10.500000 -0.033617
v -27.750000 -9.750000 0.029753
v -27.750000 -9.000000 -0.064126
v -27.750000 -8.250000 -0.046702
v -27.750000 -7.500000 -0.215435
v -27.750000 -6.750000 -0.303760
v -27.750000 -6.000000 -0.289734
v -27.750000 -5.250000 -0.268386
v -27.750000 -4.500000 -0.123034
v -27.750000 -3.750000 -0.179903
v -27.750000 -3.000000 -0.260251
v -27.750000 -2.250000 -0.296617
v -27.750000 -1.500000 -0.355959
v -27.750000 -0.750000 -0.231287
v -27.750000 0.000000 -0.178947
v -27.750000 0.750000 -0.073478
v -27.750000 1.500000 -0.109533
v -27.750000 2.250000 -0.050050
v -27.750000 3.000000 -0.155426
v -27.750000 3.750000 -0.151598
v -27.750000 4.500000 -0.080515
v -27.750000 5.250000 -0.000757
v -27.750000 6.000000 0.235349
v -27.750000 6.750000 0.329386
v -27.750000 7.500000 0.388484
v -27.750000 8.250000 0.369419
v -27.750000 9.000000 0.286916
v -27.750000 9.750000 0.198359
v -27.750000 10.500000 0.027166
v -27.750000 11.250000 -0.022429
v -27.750000 12.000000 -0.199539
v -27.750000 12.750000 -0.193725
v -27.750000 13.500000 -0.226710
v -27.750000 14.250000 -0.198514
v -27.750000 15.000000 -0.093664
v -27.750000 15.750000 -0.133958
v -27.750000 16.500000 -0.032163
v -27.750000 17.250000 -0.003809
v -27.750000 18.000000 0.073546
v -27.750000 18.750000 0.116623
v -27.750000 19.500000 0.034566
v -27.750000 20.250000 0.069308
v -27.750000 21.000000 -0.028858
v -27.750000 21.750000 0.084876
v -27.750000 22.500000 0.037683
v -27.750000 23.250000 0.021427
v -27.750000 24.000000 -0.229176
v -27.750000 24.750000 -0.501086
v -27.750000 25.500000 -0.678878
v -27.750000 26.250000 -0.960075
v -27.750000 27.000000 -0.992089
v -27.750000 27.750000 -1.056569
v -27.750000 28.500000 -0.898445
v -27.750000 29.250000 -0.863153
v -27.750000 30.000000 -0.705583
v -27.000000 -30.000000 1.107847
v -27.000000 -29.250000 1.015103
v -27.000000 -28.500000 1.019441
v -27.000000 -27.750000 0.920251
v -27.000000 -27.000000 0.833795
v -27.000000 -26.250000 0.784669
v -27.000000 -25.500000 0.608780
v -27.000000 -24.750000 0.593938
v -27.000000 -24.000000 0.404214
v -27.000000 -23.250000 0.316807
v -27.000000 -22.500000 0.232397
v -27.000000 -21.750000 0.167827
v -27.000000 -21.000000 0.215701
v -27.000000 -20.250000 0.228406
v -27.000000 -19.500000 0.404716
v -27.000000 -18.750000 0.399962
v -27.000000 -18.000000 0.462591
v -27.000000 -17.250000 0.419871
v -27.000000 -16.500000 0.321257
v -27.000000 -15.750000 0.360682
v -27.000000 -15.000000 0.313190
v -27.000000 -14.250000 0.416232
v -27.000000 -13.500000 0.412644
v -27.000000 -12.750000 0.460325
v -27.000000 -12.000000 0.320482
v -27.000000 -11.250000 0.239887
v -27.000000 -10.500000 0.165539
v -27.000000 -9.750000 0.056076
v -27.000000 -9.000000 0.078140
v -27.000000 -8.250000 -0.079193
v -27.000000 -7.500000 -0.116528
v -27.000000 -6.750000 -0.271918
v -27.000000 -6.000000 -0.238059
v -27.000000 -5.250000 -0.084968
v -27.000000 -4.500000 -0.037011
v -27.000000 -3.750000 0.066520
v -27.000000 -3.000000 -0.065556
v -27.000000 -2.250000 -0.115544
v -27.000000 -1.500000 -0.088970
v -27.000000 -0.750000 -0.087506
v -27.000000 0.000000 0.017007
v -27.000000 0.750000 0.013588
v -27.000000 1.500000 0.099493
v -27.000000 2.250000 0.020088
v -27.000000 3.000000 0.059271
v -27.000000 3.750000 -0.015294
v -27.000000 4.500000 0.002777
v -27.000000 5.250000 0.133135
v -27.000000 6.000000 0.222565
v -27.000000 6.750000 0.458546
v -27.000000 7.500000 0.470118
v -27.000000 8.250000 0.472154
v -27.000000 9.000000 0.310573
v -27.000000 9.750000 0.177870
v -27.000000 10.500000 0.087170
v -27.000000 11.250000 -0.045332
v -27.000000 12.000000 -0.031588
v -27.000000 12.750000 -0.150700
v -27.000000 13.500000 -0.102016
v -27.000000 14.250000 -0.084113
v -27.000000 15.000000 -0.047479
v -27.000000 15.750000 0.080164
v -27.000000 16.500000 0.091195
v -27.000000 17.250000 0.278623
v -27.000000 18.000000 0.302720
v -27.000000 18.750000 0.423313
v -27.000000 19.500000 0.430391
v -27.000000 20.250000 0.376738
v -27.000000 21.000000 0.336644
v -27.000000 21.750000 0.318568
v -27.000000 22.500000 0.275686
v -27.000000 23.250000 0.048990
v -27.000000 24.000000 -0.121425
v -27.000000 24.750000 -0.330361
v -27.000000 25.500000 -0.566221
v -27.000000 26.250000 -0.675089
v -27.000000 27.000000 -0.830278
v -27.000000 27.750000 -0.806714
v -27.000000 28.500000 -0.844522
v -27.000000 29.250000 -0.703806
v -27.000000 30.000000 -0.645069
v -26.250000 -30.000000 1.072071
v -26.250000 -29.250000 1.165366
v -26.250000 -28.500000 1.097763
v -26.250000 -27.750000 1.084878
v -26.250000 -27.000000 1.034077
v -26.250000 -26.250000 0.899383
v -26.250000 -25.500000 0.831699
v -26.250000 -24.750000 0.649002
v -26.250000 -24.000000 0.591236
v -26.250000 -23.250000 0.416845
v -26.250000 -22.500000 0.415539
v -26.250000 -21.750000 0.440762
v -26.250000 -21.000000 0.432166
v -26.250000 -20.250000 0.597920
v -26.250000 -19.500000 0.597590
v -26.250000 -18.750000 0.689892
v -26.250000 -18.000000 0.583442
v -26.250000 -17.250000 0.574077
v -26.250000 -16.500000 0.490211
v -26.250000 -15.750000 0.456267
v -26.250000 -15.000000 0.538930
v -26.250000 -14.250000 0.481330
v -26.250000 -13.500000 0.572771
v -26.250000 -12.750000 0.483935
v -26.250000 -12.000000 0.495672
v -26.250000 -11.250000 0.319733
v -26.250000 -10.500000 0.232736
v -26.250000 -9.750000 0.199065
v -26.250000 -9.000000 0.053367
v -26.250000 -8.250000 0.059194
v -26.250000 -7.500000 -0.100579
v -26.250000 -6.750000 -0.149986
v -26.250000 -6.000000 -0.103423
v -26.250000 -5.250000 -0.019863
v -26.250000 -4.500000 0.126090
v -26.250000 -3.750000 0.111925
v -26.250000 -3.000000 0.145831
v -26.250000 -2.250000 0.080704
v -26.250000 -1.500000 0.101871
v -26.250000 -0.750000 0.184542
v -26.250000 0.000000 0.182084
v -26.250000 0.750000 0.249309
v -26.250000 1.500000 0.205976
v -26.250000 2.250000 0.271441
v -26.250000 3.000000 0.166741
v -26.250000 3.750000 0.153044
v -26.250000 4.500000 0.080359
v -26.250000 5.250000 0.081176
v -26.250000 6.000000 0.202313
v -26.250000 6.750000 0.304290
v -26.250000 7.500000 0.475793
v -26.250000 8.250000 0.350939
v -26.250000 9.000000 0.266063
v -26.250000 9.750000 0.095384
v -26.250000 10.500000 -0.022081
v -26.250000 11.250000 0.036189
v -26.250000 12.000000 -0.068682
v -26.250000 12.750000 -0.029197
v -26.250000 13.500000 -0.124211
v -26.250000 14.250000 -0.019035
v -26.250000 15.000000 0.047440
v -26.250000 15.750000 0.113858
v -26.250000 16.500000 0.235109
v -26.250000 17.250000 0.318401
v -26.250000 18.000000 0.497654
v -26.250000 18.750000 0.540319
v -26.250000 19.500000 0.662693
v -26.250000 20.250000 0.549070
v -26.250000 21.000000 0.498681
v -26.250000 21.750000 0.378372
v -26.250000 22.500000 0.250599
v -26.250000 23.250000 0.132114
v -26.250000 24.000000 -0.094825
v -26.250000 24.750000 -0.232376
v -26.250000 25.500000 -0.293414
v -26.250000 26.250000 -0.443072
v -26.250000 27.000000 -0.472855
v -26.250000 27.750000 -0.579775
v -26.250000 28.500000 -0.551889
v -26.250000 29.250000 -0.611200
v -26.250000 30.000000 -0.483703
v -25.500000 -30.000000 1.087640
v -25.500000 -29.250000 1.054688
v -25.500000 -28.500000 1.095862
v -25.500000 -27.750000 1.059476
v -25.500000 -27.000000 1.053063
v -25.500000 -26.250000 0.968485
v -25.500000 -25.500000 0.814396
v -25.500000 -24.750000 0.749887
v -25.500000 -24.000000 0.549117
v -25.500000 -23.250000 0.549662
v -25.500000 -22.500000 0.524985
v -25.500000 -21.750000 0.602367
v -25.500000 -21.000000 0.739747
v -25.500000 -20.250000 0.746775
v -25.500000 -19.500000 0.851283
v -25.500000 -18.750000 0.718614
v -25.500000 -18.000000 0.701081
v -25.500000 -17.250000 0.547546
v -25.500000 -16.500000 0.565867
v -25.500000 -15.750000 0.513073
v -25.500000 -15.000000 0.507072
v -25.500000 -14.250000 0.555809
v -25.500000 -13.500000 0.487369
v -25.500000 -12.750000 0.548912
v -25.500000 -12.000000 0.428721
v -25.500000 -11.250000 0.403422
v -25.500000 -10.500000 0.240668
v -25.500000 -9.750000 0.131316
v -25.500000 -9.000000 0.130825
v -25.500000 -8.250000 0.014949
v -25.500000 -7.500000 0.036067
v -25.500000 -6.750000 -0.068661
v -25.500000 -6.000000 -0.051230
v -25.500000 -5.250000 0.044606
v -25.500000 -4.500000 0.109341
v -25.500000 -3.750000 0.146290
v -25.500000 -3.000000 0.100109
v -25.500000 -2.250000 0.212545
v -25.500000 -1.500000 0.238037
v -25.500000 -0.750000 0.318721
v -25.500000 0.000000 0.363871
v -25.500000 0.750000 0.324145
v -25.500000 1.500000 0.374106
v -25.500000 2.250000 0.289229
v -25.500000 3.000000 0.320266
v -25.500000 3.750000 0.172224
v -25.500000 4.500000 0.063022
v -25.500000 5.250000 -0.028580
v -25.500000 6.000000 0.005984
v -25.500000 6.750000 0.143681
v -25.500000 7.500000 0.209583
v -25.500000 8.250000 0.241762
v -25.500000 9.000000 0.053210
v -25.500000 9.750000 -0.063310
v -25.500000 10.500000 -0.093473
v -25.500000 11.250000 -0.109291
v -25.500000 12.000000 -0.035837
v -25.500000 12.750000 -0.145976
v -25.500000 13.500000 -0.089184
v -25.500000 14.250000 -0.089162
v -25.500000 15.000000 0.063569
v -25.500000 15.750000 0.091827
v -25.500000 16.500000 0.197550
v -25.500000 17.250000 0.272717
v -25.500000 18.000000 0.432391
v -25.500000 18.750000 0.588545
v -25.500000 19.500000 0.601823
v -25.500000 20.250000 0.600291
v -25.500000 21.000000 0.366834
v -25.500000 21.750000 0.310426
v -25.500000 22.500000 0.173421
v -25.500000 23.250000 -0.005077
v -25.500000 24.000000 -0.009530
v -25.500000 24.750000 -0.057863
v -25.500000 25.500000 -0.124461
v -25.500000 26.250000 -0.102965
v -25.500000 27.000000 -0.211990
v -25.500000 27.750000 -0.216785
v -25.500000 28.500000 -0.342181
v -25.500000 29.250000 -0.324833
v -25.500000 30.000000 -0.433528
v -24.750000 -30.000000 0.831384
v -24.750000 -29.250000 0.898993
v -24.750000 -28.500000 0.844775
v -24.750000 -27.750000 0.915680
v -24.750000 -27.000000 0.883420
v -24.750000 -26.250000 0.890956
v -24.750000 -25.500000 0.758804
v -24.750000 -24.750000 0.650224
v -24.750000 -24.000000 0.574200
v -24.750000 -23.250000 0.446616
v -24.750000 -22.500000 0.551659
v -24.750000 -21.750000 0.675701
v -24.750000 -21.000000 0.723809
v -24.750000 -20.250000 0.872182
v -24.750000 -19.500000 0.786056
v -24.750000 -18.750000 0.769577
v -24.750000 -18.000000 0.583902
v -24.750000 -17.250000 0.579117
v -24.750000 -16.500000 0.438904
v -24.750000 -15.750000 0.469450
v -24.750000 -15.000000 0.428269
v -24.750000 -14.250000 0.404779
v -24.750000 -13.500000 0.418047
v -24.750000 -12.750000 0.386228
v -24.750000 -12.000000 0.389419
v -24.750000 -11.250000 0.220294
v -24.750000 -10.500000 0.152356
v -24.750000 -9.750000 0.033913
v -24.750000 -9.000000 -0.031281
v -24.750000 -8.250000 0.028997
v -24.750000 -7.500000 -0.063248
v -24.750000 -6.750000 -0.064072
v -24.750000 -6.000000 -0.081937
v -24.750000 -5.250000 -0.026862
v -24.750000 -4.500000 -0.018827
v -24.750000 -3.750000 0.025288
v -24.750000 -3.000000 0.041936
v -24.750000 -2.250000 0.057529
v -24.750000 -1.500000 0.234295
v -24.750000 -0.750000 0.266257
v -24.750000 0.000000 0.327473
v -24.750000 0.750000 0.313404
v -24.750000 1.500000 0.277010
v -24.750000 2.250000 0.297496
v -24.750000 3.000000 0.167475
v -24.750000 3.750000 0.128383
v -24.750000 4.500000 -0.087455
v -24.750000 5.250000 -0.183269
v -24.750000 6.000000 -0.186412
v -24.750000 6.750000 -0.069306
v -24.750000 7.500000 0.045781
v -24.750000 8.250000 -0.053674
v -24.750000 9.000000 -0.110072
v -24.750000 9.750000 -0.279403
v -24.750000 10.500000 -0.316378
v -24.750000 11.250000 -0.249927
v -24.750000 12.000000 -0.269037
v -24.750000 12.750000 -0.206466
v -24.750000 13.500000 -0.282119
v -24.750000 14.250000 -0.122736
v -24.750000 15.000000 -0.077384
v -24.750000 15.750000 0.022803
v -24.750000 16.500000 0.013632
v -24.750000 17.250000 0.167975
v -24.750000 18.000000 0.244909
v -24.750000 18.750000 0.452769
v -24.750000 19.500000 0.499243
v -24.750000 20.250000 0.362255
v -24.750000 21.000000 0.261189
v -24.750000 21.750000 0.089901
v -24.750000 22.500000 -0.011555
v -24.750000 23.250000 0.012993
v -24.750000 24.000000 -0.037646
v -24.750000 24.750000 0.064712
v -24.750000 25.500000 0.040554
v -24.750000 26.250000 0.028863
v -24.750000 27.000000 0.036515
v -24.750000 27.750000 -0.090750
v -24.750000 28.500000 -0.102117
v -24.750000 29.250000 -0.252973
v -24.750000 30.000000 -0.304463
v -24.000000 -30.000000 0.746406
v -24.000000 -29.250000 0.642792
v -24.000000 -28.500000 0.701555
v -24.000000 -27.750000 0.651732
v -24.000000 -27.000000 0.763663
v -24.000000 -26.250000 0.684692
v -24.000000 -25.500000 0.689152
v -24.000000 -24.750000 0.539894
v -24.000000 -24.000000 0.448026
v -24.000000 -23.250000 0.472766
v -24.000000 -22.500000 0.464381
v -24.000000 -21.750000 0.604865
v -24.000000 -21.000000 0.703443
v -24.000000 -20.250000 0.709811
v -24.000000 -19.500000 0.693344
v -24.000000 -18.750000 0.576457
v -24.000000 -18.000000 0.488362
v -24.000000 -17.250000 0.379303
v -24.000000 -16.500000 0.379832
v -24.000000 -15.750000 0.249216
v -24.000000 -15.000000 0.250062
v -24.000000 -14.250000 0.178858
v -24.000000 -13.500000 0.173443
v -24.000000 -12.750000 0.206720
v -24.000000 -12.000000 0.164895
v -24.000000 -11.250000 0.159119
v -24.000000 -10.500000 -0.040577
v -24.000000 -9.750000 -0.086759
v -24.000000 -9.000000 -0.152019
v -24.000000 -8.250000 -0.215541
v -24.000000 -7.500000 -0.181485
v -24.000000 -6.750000 -0.308591
v -24.000000 -6.000000 -0.224152
v -24.000000 -5.250000 -0.249320
v -24.000000 -4.500000 -0.153084
v -24.000000 -3.750000 -0.200669
v -24.000000 -3.000000 -0.183793
v -24.000000 -2.250000 -0.090083
v -24.000000 -1.500000 -0.052077
v -24.000000 -0.750000 0.140244
v -24.000000 0.000000 0.128279
v -24.000000 0.750000 0.189469
v -24.000000 1.500000 0.173698
v -24.000000 2.250000 0.135004
v -24.000000 3.000000 0.092694
v -24.000000 3.750000 -0.097712
v -24.000000 4.500000 -0.196512
v -24.000000 5.250000 -0.339775
v -24.000000 6.000000 -0.321735
v -24.000000 6.750000 -0.242696
v -24.000000 7.500000 -0.150393
v -24.000000 8.250000 -0.185808
v -24.000000 9.000000 -0.400617
v -24.000000 9.750000 -0.465164
v -24.000000 10.500000 -0.587212
v -24.000000 11.250000 -0.470192
v -24.000000 12.000000 -0.457856
v -24.000000 12.750000 -0.471949
v -24.000000 13.500000 -0.410595
v -24.000000 14.250000 -0.417672
v -24.000000 15.000000 -0.249996
v -24.000000 15.750000 -0.276823
v -24.000000 16.500000 -0.167517
v -24.000000 17.250000 -0.149323
v -24.000000 18.000000 0.056522
v -24.000000 18.750000 0.117677
v -24.000000 19.500000 0.178620
v -24.000000 20.250000 0.142523
v -24.000000 21.000000 -0.065007
v -24.000000 21.750000 -0.101200
v -24.000000 22.500000 -0.118738
v -24.000000 23.250000 -0.119393
v -24.000000 24.000000 0.014752
v -24.000000 24.750000 0.013548
v -24.000000 25.500000 0.097441
v -24.000000 26.250000 0.012036
v -24.000000 27.000000 -0.004949
v -24.000000 27.750000 -0.057295
v -24.000000 28.500000 -0.163171
v -24.000000 29.250000 -0.204965
v -24.000000 30.000000 -0.397570
v -23.250000 -30.000000 0.666032
v -23.250000 -29.250000 0.627924
v -23.250000 -28.500000 0.538058
v -23.250000 -27.750000 0.624275
v -23.250000 -27.000000 0.577337
v -23.250000 -26.250000 0.669915
v -23.250000 -25.500000 0.554350
v -23.250000 -24.750000 0.541330
v -23.250000 -24.000000 0.417811
v -23.250000 -23.250000 0.395963
v -23.250000 -22.500000 0.491814
v -23.250000 -21.750000 0.478233
v -23.250000 -21.000000 0.549315
v -23.250000 -20.250000 0.482345
v -23.250000 -19.500000 0.475404
v -23.250000 -18.750000 0.330946
v -23.250000 -18.000000 0.293109
v -23.250000 -17.250000 0.258147
v -23.250000 -16.500000 0.138262
v -23.250000 -15.750000 0.147714
v -23.250000 -15.000000 0.020734
v -23.250000 -14.250000 -0.021941
v -23.250000 -13.500000 -0.057745
v -23.250000 -12.750000 -0.048195
v -23.250000 -12.000000 0.016216
v -23.250000 -11.250000 -0.048664
v -23.250000 -10.500000 -0.072241
v -23.250000 -9.750000 -0.247585
v -23.250000 -9.000000 -0.295289
v -23.250000 -8.250000 -0.374632
v -23.250000 -7.500000 -0.459797
v -23.250000 -6.750000 -0.469434
v -23.250000 -6.000000 -0.506224
v -23.250000 -5.250000 -0.372371
v -23.250000 -4.500000 -0.411952
v -23.250000 -3.750000 -0.352216
v -23.250000 -3.000000 -0.407091
v -23.250000 -2.250000 -0.414641
v -23.250000 -1.500000 -0.275464
v -23.250000 -0.750000 -0.203287
v -23.250000 0.000000 -0.014347
v -23.250000 0.750000 -0.013394
v -23.250000 1.500000 0.089040
v -23.250000 2.250000 0.031735
v -23.250000 3.000000 -0.053589
v -23.250000 3.750000 -0.136106
v -23.250000 4.500000 -0.352571
v -23.250000 5.250000 -0.391213
v -23.250000 6.000000 -0.425992
v -23.250000 6.750000 -0.294041
v -23.250000 7.500000 -0.283557
v -23.250000 8.250000 -0.368589
v -23.250000 9.000000 -0.496885
v -23.250000 9.750000 -0.714865
v -23.250000 10.500000 -0.694146
v -23.250000 11.250000 -0.712270
v -23.250000 12.000000 -0.584871
v -23.250000 12.750000 -0.627980
v -23.250000 13.500000 -0.641508
v -23.250000 14.250000 -0.592049
v -23.250000 15.000000 -0.595708
v -23.250000 15.750000 -0.477396
v -23.250000 16.500000 -0.488951
v -23.250000 17.250000 -0.327600
v -23.250000 18.000000 -0.309016
v -23.250000 18.750000 -0.166924
v -23.250000 19.500000 -0.185389
v -23.250000 20.250000 -0.285205
v -23.250000 21.000000 -0.286858
v -23.250000 21.750000 -0.363554
v -23.250000 22.500000 -0.281832
v -23.250000 23.250000 -0.241675
v -23.250000 24.000000 -0.135850
v -23.250000 24.750000 -0.090133
v -23.250000 25.500000 -0.116369
v -23.250000 26.250000 -0.118477
v -23.250000 27.000000 -0.263770
v -23.250000 27.750000 -0.268470
v -23.250000 28.500000 -0.297106
v -23.250000 29.250000 -0.396241
v -23.250000 30.000000 -0.490505
v -22.500000 -30.000000 0.621135
v -22.500000 -29.250000 0.671371
v -22.500000 -28.500000 0.630824
v -22.500000 -27.750000 0.579087
v -22.500000 -27.000000 0.668565
v -22.500000 -26.250000 0.612525
v -22.500000 -25.500000 0.677828
v -22.500000 -24.750000 0.516731
v -22.500000 -24.000000 0.527503
v -22.500000 -23.250000 0.455549
v -22.500000 -22.500000 0.417525
v -22.500000 -21.750000 0.447947
v -22.500000 -21.000000 0.308645
v -22.500000 -20.250000 0.321251
v -22.500000 -19.500000 0.181702
v -22.500000 -18.750000 0.206087
v -22.500000 -18.000000 0.094175
v -22.500000 -17.250000 0.077767
v -22.500000 -16.500000 0.094117
v -22.500000 -15.750000 -0.024982
v -22.500000 -15.000000 -0.028904
v -22.500000 -14.250000 -0.151943
v -22.500000 -13.500000 -0.212221
v -22.500000 -12.750000 -0.177180
v -22.500000 -12.000000 -0.188503
v -22.500000 -11.250000 -0.116993
v -22.500000 -10.500000 -0.233442
v -22.500000 -9.750000 -0.244196
v -22.500000 -9.000000 -0.405447
v -22.500000 -8.250000 -0.457547
v -22.500000 -7.500000 -0.575955
v -22.500000 -6.750000 -0.634650
v -22.500000 -6.000000 -0.558648
v -22.500000 -5.250000 -0.559861
v -22.500000 -4.500000 -0.449220
v -22.500000 -3.750000 -0.543498
v -22.500000 -3.000000 -0.575838
v -22.500000 -2.250000 -0.611399
v -22.500000 -1.500000 -0.588167
v -22.500000 -0.750000 -0.377710
v -22.500000 0.000000 -0.267614
v -22.500000 0.750000 -0.041643
v -22.500000 1.500000 -0.015371
v -22.500000 2.250000 0.055667
v -22.500000 3.000000 -0.083525
v -22.500000 3.750000 -0.201469
v -22.500000 4.500000 -0.271002
v -22.500000 5.250000 -0.431460
v -22.500000 6.000000 -0.354120
v -22.500000 6.750000 -0.364317
v -22.500000 7.500000 -0.262467
v -22.500000 8.250000 -0.433083
v -22.500000 9.000000 -0.615459
v -22.500000 9.750000 -0.723447
v -22.500000 10.500000 -0.823090
v -22.500000 11.250000 -0.709949
v -22.500000 12.000000 -0.713524
v -22.500000 12.750000 -0.637770
v -22.500000 13.500000 -0.750448
v -22.500000 14.250000 -0.758505
v -22.500000 15.000000 -0.686635
v -22.500000 15.750000 -0.710431
v -22.500000 16.500000 -0.556854
v -22.500000 17.250000 -0.551570
v -22.500000 18.000000 -0.419933
v -22.500000 18.750000 -0.502445
v -22.500000 19.500000 -0.507700
v -22.500000 20.250000 -0.529933
v -22.500000 21.000000 -0.619960
v -22.500000 21.750000 -0.508544
v -22.500000 22.500000 -0.512887
v -22.500000 23.250000 -0.361739
v -22.500000 24.000000 -0.398788
v -22.500000 24.750000 -0.320137
v -22.500000 25.500000 -0.386334
v -22.500000 26.250000 -0.477582
v -22.500000 27.000000 -0.512847
v -22.500000 27.750000 -0.610953
v -22.500000 28.500000 -0.541679
v -22.500000 29.250000 -0.563229
v -22.500000 30.000000 -0.669635
v -21.750000 -30.000000 0.728573
v -21.750000 -29.250000 0.696295
v -21.750000 -28.500000 0.752978
v -21.750000 -27.750000 0.705958
v -21.750000 -27.000000 0.704060
v -21.750000 -26.250000 0.789898
v -21.750000 -25.500000 0.722551
v -21.750000 -24.750000 0.725089
v -21.750000 -24.000000 0.579766
v -21.750000 -23.250000 0.582285
v -21.750000 -22.500000 0.473260
v -21.750000 -21.750000 0.353952
v -21.750000 -21.000000 0.254521
v -21.750000 -20.250000 0.138850
v -21.750000 -19.500000 0.137668
v -21.750000 -18.750000 0.049347
v -21.750000 -18.000000 0.092511
v -21.750000 -17.250000 0.020014
v -21.750000 -16.500000 -0.006591
v -21.750000 -15.750000 0.043924
v -21.750000 -15.000000 -0.079892
v -21.750000 -14.250000 -0.115109
v -21.750000 -13.500000 -0.213442
v -21.750000 -12.750000 -0.284458
v -21.750000 -12.000000 -0.231157
v -21.750000 -11.250000 -0.244732
v -21.750000 -10.500000 -0.224750
v -21.750000 -9.750000 -0.317130
v -21.750000 -9.000000 -0.297096
v -21.750000 -8.250000 -0.447086
v -21.750000 -7.500000 -0.480955
v -21.750000 -6.750000 -0.554710
v -21.750000 -6.000000 -0.554296
v -21.750000 -5.250000 -0.464985
v -21.750000 -4.500000 -0.522887
v -21.750000 -3.750000 -0.499047
v -21.750000 -3.000000 -0.671499
v -21.750000 -2.250000 -0.740917
v -21.750000 -1.500000 -0.684443
v -21.750000 -0.750000 -0.549258
v -21.750000 0.000000 -0.286916
v -21.750000 0.750000 -0.124518
v -21.750000 1.500000 0.089914
v -21.750000 2.250000 0.043343
v -21.750000 3.000000 0.030093
v -21.750000 3.750000 -0.109367
v -21.750000 4.500000 -0.246227
v -21.750000 5.250000 -0.252876
v -21.750000 6.000000 -0.330420
v -21.750000 6.750000 -0.203440
v -21.750000 7.500000 -0.276263
v -21.750000 8.250000 -0.345607
v -21.750000 9.000000 -0.553078
v -21.750000 9.750000 -0.709271
v -21.750000 10.500000 -0.726354
v -21.750000 11.250000 -0.681729
v -21.750000 12.000000 -0.567728
v -21.750000 12.750000 -0.630726
v -21.750000 13.500000 -0.624985
v -21.750000 14.250000 -0.712679
v -21.750000 15.000000 -0.710884
v -21.750000 15.750000 -0.599282
v -21.750000 16.500000 -0.598014
v -21.750000 17.250000 -0.447267
v -21.750000 18.000000 -0.517597
v -21.750000 18.750000 -0.521912
v -21.750000 19.500000 -0.673179
v -21.750000 20.250000 -0.727538
v -21.750000 21.000000 -0.714211
v -21.750000 21.750000 -0.698903
v -21.750000 22.500000 -0.575152
v -21.750000 23.250000 -0.584511
v -21.750000 24.000000 -0.521236
v -21.750000 24.750000 -0.626161
v -21.750000 25.500000 -0.606549
v -21.750000 26.250000 -0.725547
v -21.750000 27.000000 -0.800679
v -21.750000 27.750000 -0.740549
v -21.750000 28.500000 -0.743266
v -21.750000 29.250000 -0.658910
v -21.750000 30.000000 -0.727106
v -21.000000 -30.000000 0.694021
v -21.000000 -29.250000 0.798963
v -21.000000 -28.500000 0.727146
v -21.000000 -27.750000 0.801876
v -21.000000 -27.000000 0.803476
v -21.000000 -26.250000 0.847507
v -21.000000 -25.500000 0.932081
v -21.000000 -24.750000 0.795819
v -21.000000 -24.000000 0.801134
v -21.000000 -23.250000 0.644476
v -21.000000 -22.500000 0.582672
v -21.000000 -21.750000 0.406775
v -21.000000 -21.000000 0.293476
v -21.000000 -20.250000 0.197732
v -21.000000 -19.500000 0.131569
v -21.000000 -18.750000 0.174638
v -21.000000 -18.000000 0.057493
v -21.000000 -17.250000 0.055642
v -21.000000 -16.500000 0.040945
v -21.000000 -15.750000 0.006719
v -21.000000 -15.000000 0.036393
v -21.000000 -14.250000 -0.118375
v -21.000000 -13.500000 -0.159181
v -21.000000 -12.750000 -0.249960
v -21.000000 -12.000000 -0.277253
v -21.000000 -11.250000 -0.246765
v -21.000000 -10.500000 -0.247175
v -21.000000 -9.750000 -0.210818
v -21.000000 -9.000000 -0.243571
v -21.000000 -8.250000 -0.181582
v -21.000000 -7.500000 -0.298310
v -21.000000 -6.750000 -0.319295
v -21.000000 -6.000000 -0.336302
v -21.000000 -5.250000 -0.373518
v -21.000000 -4.500000 -0.394542
v -21.000000 -3.750000 -0.535626
v -21.000000 -3.000000 -0.585286
v -21.000000 -2.250000 -0.730452
v -21.000000 -1.500000 -0.706565
v -21.000000 -0.750000 -0.516581
v -21.000000 0.000000 -0.297806
v -21.000000 0.750000 -0.066010
v -21.000000 1.500000 0.095882
v -21.000000 2.250000 0.168300
v -21.000000 3.000000 0.036884
v -21.000000 3.750000 0.019151
v -21.000000 4.500000 -0.074611
v -21.000000 5.250000 -0.179116
v -21.000000 6.000000 -0.117771
v -21.000000 6.750000 -0.137392
v -21.000000 7.500000 -0.075919
v -21.000000 8.250000 -0.274737
v -21.000000 9.000000 -0.390293
v -21.000000 9.750000 -0.518794
v -21.000000 10.500000 -0.542467
v -21.000000 11.250000 -0.500331
v -21.000000 12.000000 -0.433132
v -21.000000 12.750000 -0.374712
v -21.000000 13.500000 -0.503147
v -21.000000 14.250000 -0.498249
v -21.000000 15.000000 -0.476481
v -21.000000 15.750000 -0.465807
v -21.000000 16.500000 -0.357994
v -21.000000 17.250000 -0.380713
v -21.000000 18.000000 -0.323148
v -21.000000 18.750000 -0.511683
v -21.000000 19.500000 -0.583515
v -21.000000 20.250000 -0.729581
v -21.000000 21.000000 -0.723601
v -21.000000 21.750000 -0.710150
v -21.000000 22.500000 -0.643505
v -21.000000 23.250000 -0.573944
v -21.000000 24.000000 -0.649295
v -21.000000 24.750000 -0.608219
v -21.000000 25.500000 -0.679480
v -21.000000 26.250000 -0.748869
v -21.000000 27.000000 -0.792791
v -21.000000 27.750000 -0.773309
v -21.000000 28.500000 -0.617516
v -21.000000 29.250000 -0.640580
v -21.000000 30.000000 -0.597183
v -20.250000 -30.000000 0.732804
v -20.250000 -29.250000 0.693591
v -20.250000 -28.500000 0.771907
v -20.250000 -27.750000 0.710766
v -20.250000 -27.000000 0.827876
v -20.250000 -26.250000 0.886320
v -20.250000 -25.500000 0.902322
v -20.250000 -24.750000 0.946013
v -20.250000 -24.000000 0.828828
v -20.250000 -23.250000 0.838070
v -20.250000 -22.500000 0.651186
v -20.250000 -21.750000 0.562957
v -20.250000 -21.000000 0.395034
v -20.250000 -20.250000 0.305440
v -20.250000 -19.500000 0.286207
v -20.250000 -18.750000 0.178317
v -20.250000 -18.000000 0.204389
v -20.250000 -17.250000 0.073238
v -20.250000 -16.500000 0.110189
v -20.250000 -15.750000 0.080578
v -20.250000 -15.000000 0.031963
v -20.250000 -14.250000 -0.008421
v -20.250000 -13.500000 -0.175170
v -20.250000 -12.750000 -0.175488
v -20.250000 -12.000000 -0.239499
v -20.250000 -11.250000 -0.179908
v -20.250000 -10.500000 -0.166968
v -20.250000 -9.750000 -0.126029
v -20.250000 -9.000000 -0.055951
v -20.250000 -8.250000 -0.101234
v -20.250000 -7.500000 -0.052606
v -20.250000 -6.750000 -0.173450
v -20.250000 -6.000000 -0.177078
v -20.250000 -5.250000 -0.276653
v -20.250000 -4.500000 -0.341607
v -20.250000 -3.750000 -0.414692
v -20.250000 -3.000000 -0.563539
v -20.250000 -2.250000 -0.580943
v -20.250000 -1.500000 -0.576658
v -20.250000 -0.750000 -0.436434
v -20.250000 0.000000 -0.234966
v -20.250000 0.750000 -0.007290
v -20.250000 1.500000 0.088739
v -20.250000 2.250000 0.130308
v -20.250000 3.000000 0.140482
v -20.250000 3.750000 0.050468
v -20.250000 4.500000 0.054294
v -20.250000 5.250000 0.036415
v -20.250000 6.000000 -0.025913
v -20.250000 6.750000 0.008455
v -20.250000 7.500000 -0.077177
v -20.250000 8.250000 -0.099915
v -20.250000 9.000000 -0.269264
v -20.250000 9.750000 -0.294244
v -20.250000 10.500000 -0.358111
v -20.250000 11.250000 -0.294792
v -20.250000 12.000000 -0.331241
v -20.250000 12.750000 -0.381729
v -20.250000 13.500000 -0.377941
v -20.250000 14.250000 -0.462588
v -20.250000 15.000000 -0.361273
v -20.250000 15.750000 -0.298482
v -20.250000 16.500000 -0.245291
v -20.250000 17.250000 -0.201008
v -20.250000 18.000000 -0.320447
v -20.250000 18.750000 -0.362826
v -20.250000 19.500000 -0.563959
v -20.250000 20.250000 -0.580606
v -20.250000 21.000000 -0.684370
v -20.250000 21.750000 -0.618788
v -20.250000 22.500000 -0.595674
v -20.250000 23.250000 -0.584973
v -20.250000 24.000000 -0.493917
v -20.250000 24.750000 -0.546386
v -20.250000 25.500000 -0.531544
v -20.250000 26.250000 -0.617953
v -20.250000 27.000000 -0.653594
v -20.250000 27.750000 -0.624783
v -20.250000 28.500000 -0.563785
v -20.250000 29.250000 -0.422601
v -20.250000 30.000000 -0.504292
v -19.500000 -30.000000 0.713447
v -19.500000 -29.250000 0.758880
v -19.500000 -28.500000 0.675776
v -19.500000 -27.750000 0.764806
v -19.500000 -27.000000 0.724696
v -19.500000 -26.250000 0.791625
v -19.500000 -25.500000 0.880176
v -19.500000 -24.750000 0.842141
v -19.500000 -24.000000 0.923384
v -19.500000 -23.250000 0.824439
v -19.500000 -22.500000 0.802007
v -19.500000 -21.750000 0.589682
v -19.500000 -21.000000 0.541486
v -19.500000 -20.250000 0.422855
v -19.500000 -19.500000 0.321031
v -19.500000 -18.750000 0.356507
v -19.500000 -18.000000 0.240480
v -19.500000 -17.250000 0.268541
v -19.500000 -16.500000 0.179957
v -19.500000 -15.750000 0.193493
v -19.500000 -15.000000 0.089915
v -19.500000 -14.250000 0.014065
v -19.500000 -13.500000 -0.074268
v -19.500000 -12.750000 -0.214222
v -19.500000 -12.000000 -0.154737
v -19.500000 -11.250000 -0.169491
v -19.500000 -10.500000 -0.105483
v -19.500000 -9.750000 -0.078204
v -19.500000 -9.000000 -0.074402
v -19.500000 -8.250000 -0.052224
v -19.500000 -7.500000 -0.125447
v -19.500000 -6.750000 -0.090398
v -19.500000 -6.000000 -0.232686
v -19.500000 -5.250000 -0.240248
v -19.500000 -4.500000 -0.375870
v -19.500000 -3.750000 -0.407803
v -19.500000 -3.000000 -0.404634
v -19.500000 -2.250000 -0.517856
v -19.500000 -1.500000 -0.460273
v -19.500000 -0.750000 -0.385164
v -19.500000 0.000000 -0.182023
v -19.500000 0.750000 -0.081801
v -19.500000 1.500000 0.050214
v -19.500000 2.250000 0.040686
v -19.500000 3.000000 0.010227
v -19.500000 3.750000 0.135978
v -19.500000 4.500000 0.138291
v -19.500000 5.250000 0.149845
v -19.500000 6.000000 0.123277
v -19.500000 6.750000 0.031777
v -19.500000 7.500000 0.018946
v -19.500000 8.250000 -0.122743
v -19.500000 9.000000 -0.106651
v -19.500000 9.750000 -0.220063
v -19.500000 10.500000 -0.170065
v -19.500000 11.250000 -0.307709
v -19.500000 12.000000 -0.320063
v -19.500000 12.750000 -0.449996
v -19.500000 13.500000 -0.549441
v -19.500000 14.250000 -0.468864
v -19.500000 15.000000 -0.435602
v -19.500000 15.750000 -0.256009
v -19.500000 16.500000 -0.244301
v -19.500000 17.250000 -0.260237
v -19.500000 18.000000 -0.323617
v -19.500000 18.750000 -0.507629
v -19.500000 19.500000 -0.514898
v -19.500000 20.250000 -0.639005
v -19.500000 21.000000 -0.580766
v -19.500000 21.750000 -0.663481
v -19.500000 22.500000 -0.605341
v -19.500000 23.250000 -0.545222
v -19.500000 24.000000 -0.533852
v -19.500000 24.750000 -0.397694
v -19.500000 25.500000 -0.440363
v -19.500000 26.250000 -0.476903
v -19.500000 27.000000 -0.585919
v -19.500000 27.750000 -0.538450
v -19.500000 28.500000 -0.449493
v -19.500000 29.250000 -0.418297
v -19.500000 30.000000 -0.317667
v -18.750000 -30.000000 0.893345
v -18.750000 -29.250000 0.745868
v -18.750000 -28.500000 0.804631
v -18.750000 -27.750000 0.708508
v -18.750000 -27.000000 0.720208
v -18.750000 -26.250000 0.691917
v -18.750000 -25.500000 0.688029
v -18.750000 -24.750000 0.785070
v -18.750000 -24.000000 0.820771
v -18.750000 -23.250000 0.881069
v -18.750000 -22.500000 0.748180
v -18.750000 -21.750000 0.689575
v -18.750000 -21.000000 0.524651
v -18.750000 -20.250000 0.486178
v -18.750000 -19.500000 0.439436
v -18.750000 -18.750000 0.375529
v -18.750000 -18.000000 0.449345
v -18.750000 -17.250000 0.340450
v -18.750000 -16.500000 0.374031
v -18.750000 -15.750000 0.241771
v -18.750000 -15.000000 0.178079
v -18.750000 -14.250000 0.018842
v -18.750000 -13.500000 -0.113968
v -18.750000 -12.750000 -0.183599
v -18.750000 -12.000000 -0.300974
v -18.750000 -11.250000 -0.211652
v -18.750000 -10.500000 -0.237231
v -18.750000 -9.750000 -0.190570
v -18.750000 -9.000000 -0.234791
v -18.750000 -8.250000 -0.255758
v -18.750000 -7.500000 -0.292835
v -18.750000 -6.750000 -0.325371
v -18.750000 -6.000000 -0.323540
v -18.750000 -5.250000 -0.467146
v -18.750000 -4.500000 -0.439915
v -18.750000 -3.750000 -0.473063
v -18.750000 -3.000000 -0.469745
v -18.750000 -2.250000 -0.425222
v -18.750000 -1.500000 -0.503647
v -18.750000 -0.750000 -0.383792
v -18.750000 0.000000 -0.332476
v -18.750000 0.750000 -0.151804
v -18.750000 1.500000 -0.184409
v -18.750000 2.250000 -0.134776
v -18.750000 3.000000 -0.067822
v -18.750000 3.750000 -0.011658
v -18.750000 4.500000 0.200120
v -18.750000 5.250000 0.201275
v -18.750000 6.000000 0.171815
v -18.750000 6.750000 0.078836
v -18.750000 7.500000 -0.037900
v -18.750000 8.250000 -0.049010
v -18.750000 9.000000 -0.175745
v -18.750000 9.750000 -0.145372
v -18.750000 10.500000 -0.271305
v -18.750000 11.250000 -0.314142
v -18.750000 12.000000 -0.544581
v -18.750000 12.750000 -0.630540
v -18.750000 13.500000 -0.686273
v -18.750000 14.250000 -0.702002
v -18.750000 15.000000 -0.499027
v -18.750000 15.750000 -0.443762
v -18.750000 16.500000 -0.333497
v -18.750000 17.250000 -0.468966
v -18.750000 18.000000 -0.612921
v -18.750000 18.750000 -0.682885
v -18.750000 19.500000 -0.789914
v -18.750000 20.250000 -0.716972
v -18.750000 21.000000 -0.789375
v -18.750000 21.750000 -0.744974
v -18.750000 22.500000 -0.817333
v -18.750000 23.250000 -0.723834
v -18.750000 24.000000 -0.612063
v -18.750000 24.750000 -0.561160
v -18.750000 25.500000 -0.452004
v -18.750000 26.250000 -0.582599
v -18.750000 27.000000 -0.574958
v -18.750000 27.750000 -0.634751
v -18.750000 28.500000 -0.526613
v -18.750000 29.250000 -0.409391
v -18.750000 30.000000 -0.426133
v -18.000000 -30.000000 0.973310
v -18.000000 -29.250000 0.907561
v -18.000000 -28.500000 0.816436
v -18.000000 -27.750000 0.828839
v -18.000000 -27.000000 0.640904
v -18.000000 -26.250000 0.585450
v -18.000000 -25.500000 0.562657
v -18.000000 -24.750000 0.615988
v -18.000000 -24.000000 0.747127
v -18.000000 -23.250000 0.781382
v -18.000000 -22.500000 0.726646
v -18.000000 -21.750000 0.585245
v -18.000000 -21.000000 0.556021
v -18.000000 -20.250000 0.427722
v -18.000000 -19.500000 0.454769
v -18.000000 -18.750000 0.521290
v -18.000000 -18.000000 0.488572
v -18.000000 -17.250000 0.546273
v -18.000000 -16.500000 0.415115
v -18.000000 -15.750000 0.375638
v -18.000000 -15.000000 0.150339
v -18.000000 -14.250000 0.039742
v -18.000000 -13.500000 -0.164765
v -18.000000 -12.750000 -0.384668
v -18.000000 -12.000000 -0.429128
v -18.000000 -11.250000 -0.535562
v -18.000000 -10.500000 -0.448927
v -18.000000 -9.750000 -0.523790
v -18.000000 -9.000000 -0.477211
v -18.000000 -8.250000 -0.579082
v -18.000000 -7.500000 -0.571137
v -18.000000 -6.750000 -0.556698
v -18.000000 -6.000000 -0.639218
v -18.000000 -5.250000 -0.623906
v -18.000000 -4.500000 -0.715635
v -18.000000 -3.750000 -0.623415
v -18.000000 -3.000000 -0.597886
v -18.000000 -2.250000 -0.624219
v -18.000000 -1.500000 -0.589476
v -18.000000 -0.750000 -0.649883
v -18.000000 0.000000 -0.477245
v -18.000000 0.750000 -0.464709
v -18.000000 1.500000 -0.362223
v -18.000000 2.250000 -0.375398
v -18.000000 3.000000 -0.303439
v -18.000000 3.750000 -0.097935
v -18.000000 4.500000 0.032951
v -18.000000 5.250000 0.209268
v -18.000000 6.000000 0.116591
v -18.000000 6.750000 0.033036
v -18.000000 7.500000 -0.028949
v -18.000000 8.250000 -0.153871
v -18.000000 9.000000 -0.187648
v -18.000000 9.750000 -0.303276
v -18.000000 10.500000 -0.339917
v -18.000000 11.250000 -0.552508
v -18.000000 12.000000 -0.650990
v -18.000000 12.750000 -0.821325
v -18.000000 13.500000 -0.864278
v -18.000000 14.250000 -0.800599
v -18.000000 15.000000 -0.697323
v -18.000000 15.750000 -0.551974
v -18.000000 16.500000 -0.634483
v -18.000000 17.250000 -0.709166
v -18.000000 18.000000 -0.937224
v -18.000000 18.750000 -1.041998
v -18.000000 19.500000 -1.056644
v -18.000000 20.250000 -1.075223
v -18.000000 21.000000 -0.991456
v -18.000000 21.750000 -1.113652
v -18.000000 22.500000 -1.061763
v -18.000000 23.250000 -1.085891
v -18.000000 24.000000 -0.933973
v -18.000000 24.750000 -0.785043
v -18.000000 25.500000 -0.802623
v -18.000000 26.250000 -0.756464
v -18.000000 27.000000 -0.861654
v -18.000000 27.750000 -0.751304
v -18.000000 28.500000 -0.725561
v -18.000000 29.250000 -0.590894
v -18.000000 30.000000 -0.527055
v -17.250000 -30.000000 1.036207
v -17.250000 -29.250000 0.946175
v -17.250000 -28.500000 0.869910
v -17.250000 -27.750000 0.738912
v -17.250000 -27.000000 0.635146
v -17.250000 -26.250000 0.420204
v -17.250000 -25.500000 0.441946
v -17.250000 -24.750000 0.473847
v -17.250000 -24.000000 0.610455
v -17.250000 -23.250000 0.653266
v -17.250000 -22.500000 0.624726
v -17.250000 -21.750000 0.475113
v -17.250000 -21.000000 0.404888
v -17.250000 -20.250000 0.448761
v -17.250000 -19.500000 0.440226
v -17.250000 -18.750000 0.555118
v -17.250000 -18.000000 0.653506
v -17.250000 -17.250000 0.560571
v -17.250000 -16.500000 0.559909
v -17.250000 -15.750000 0.343919
v -17.250000 -15.000000 0.229779
v -17.250000 -14.250000 -0.040144
v -17.250000 -13.500000 -0.244230
v -17.250000 -12.750000 -0.521182
v -17.250000 -12.000000 -0.789614
v -17.250000 -11.250000 -0.819407
v -17.250000 -10.500000 -0.913740
v -17.250000 -9.750000 -0.809942
v -17.250000 -9.000000 -0.856847
v -17.250000 -8.250000 -0.762797
v -17.250000 -7.500000 -0.798965
v -17.250000 -6.750000 -0.774485
v -17.250000 -6.000000 -0.789090
v -17.250000 -5.250000 -0.912839
v -17.250000 -4.500000 -0.862557
v -17.250000 -3.750000 -0.903260
v -17.250000 -3.000000 -0.805538
v -17.250000 -2.250000 -0.861674
v -17.250000 -1.500000 -0.891271
v -17.250000 -0.750000 -0.844245
v -17.250000 0.000000 -0.812685
v -17.250000 0.750000 -0.642323
v -17.250000 1.500000 -0.668228
v -17.250000 2.250000 -0.558481
v -17.250000 3.000000 -0.476068
v -17.250000 3.750000 -0.306444
v -17.250000 4.500000 -0.118848
v -17.250000 5.250000 -0.022536
v -17.250000 6.000000 0.031670
v -17.250000 6.750000 -0.112344
v -17.250000 7.500000 -0.134689
v -17.250000 8.250000 -0.224249
v -17.250000 9.000000 -0.351625
v -17.250000 9.750000 -0.441422
v -17.250000 10.500000 -0.594507
v -17.250000 11.250000 -0.655671
v -17.250000 12.000000 -0.856238
v -17.250000 12.750000 -0.888345
v -17.250000 13.500000 -0.918848
v -17.250000 14.250000 -0.842257
v -17.250000 15.000000 -0.781943
v -17.250000 15.750000 -0.718988
v -17.250000 16.500000 -0.751087
v -17.250000 17.250000 -1.011814
v -17.250000 18.000000 -1.158330
v -17.250000 18.750000 -1.333086
v -17.250000 19.500000 -1.364584
v -17.250000 20.250000 -1.365985
v -17.250000 21.000000 -1.410873
v -17.250000 21.750000 -1.376020
v -17.250000 22.500000 -1.483823
v -17.250000 23.250000 -1.373569
v -17.250000 24.000000 -1.343710
v -17.250000 24.750000 -1.224881
v -17.250000 25.500000 -1.118567
v -17.250000 26.250000 -1.172359
v -17.250000 27.000000 -1.046676
v -17.250000 27.750000 -1.013230
v -17.250000 28.500000 -0.795273
v -17.250000 29.250000 -0.750415
v -17.250000 30.000000 -0.689297
v -16.500000 -30.000000 1.091400
v -16.500000 -29.250000 0.856725
v -16.500000 -28.500000 0.832616
v -16.500000 -27.750000 0.649472
v -16.500000 -27.000000 0.449885
v -16.500000 -26.250000 0.348740
v -16.500000 -25.500000 0.244374
v -16.500000 -24.750000 0.386604
v -16.500000 -24.000000 0.468413
v -16.500000 -23.250000 0.578624
v -16.500000 -22.500000 0.499998
v -16.500000 -21.750000 0.459133
v -16.500000 -21.000000 0.368682
v -16.500000 -20.250000 0.355129
v -16.500000 -19.500000 0.523311
v -16.500000 -18.750000 0.601509
v -16.500000 -18.000000 0.669264
v -16.500000 -17.250000 0.620096
v -16.500000 -16.500000 0.512662
v -16.500000 -15.750000 0.365306
v -16.500000 -15.000000 0.104486
v -16.500000 -14.250000 -0.056552
v -16.500000 -13.500000 -0.412554
v -16.500000 -12.750000 -0.687994
v -16.500000 -12.000000 -0.955643
v -16.500000 -11.250000 -1.168375
v -16.500000 -10.500000 -1.138794
v -16.500000 -9.750000 -1.160646
v -16.500000 -9.000000 -0.988553
v -16.500000 -8.250000 -0.977953
v -16.500000 -7.500000 -0.856938
v -16.500000 -6.750000 -0.889244
v -16.500000 -6.000000 -0.949271
v -16.500000 -5.250000 -0.970254
v -16.500000 -4.500000 -1.081965
v -16.500000 -3.750000 -0.999199
v -16.500000 -3.000000 -1.060392
v -16.500000 -2.250000 -1.008321
v -16.500000 -1.500000 -1.053620
v -16.500000 -0.750000 -1.040400
v -16.500000 0.000000 -0.898522
v -16.500000 0.750000 -0.865318
v -16.500000 1.500000 -0.736913
v -16.500000 2.250000 -0.732364
v -16.500000 3.000000 -0.567724
v -16.500000 3.750000 -0.453592
v -16.500000 4.500000 -0.250288
v -16.500000 5.250000 -0.222636
v -16.500000 6.000000 -0.238261
v -16.500000 6.750000 -0.232963
v -16.500000 7.500000 -0.319608
v -16.500000 8.250000 -0.348006
v -16.500000 9.000000 -0.499087
v -16.500000 9.750000 -0.657676
v -16.500000 10.500000 -0.753698
v -16.500000 11.250000 -0.916881
v -16.500000 12.000000 -0.919736
v -16.500000 12.750000 -1.021374
v -16.500000 13.500000 -0.916911
v -16.500000 14.250000 -0.919291
v -16.500000 15.000000 -0.761372
v -16.500000 15.750000 -0.788511
v -16.500000 16.500000 -0.905475
v -16.500000 17.250000 -1.045944
v -16.500000 18.000000 -1.320926
v -16.500000 18.750000 -1.422851
v -16.500000 19.500000 -1.572341
v -16.500000 20.250000 -1.614050
v -16.500000 21.000000 -1.577784
v -16.500000 21.750000 -1.674940
v -16.500000 22.500000 -1.608270
v -16.500000 23.250000 -1.661937
v -16.500000 24.000000 -1.546472
v -16.500000 24.750000 -1.496960
v -16.500000 25.500000 -1.474620
v -16.500000 26.250000 -1.357839
v -16.500000 27.000000 -1.270154
v -16.500000 27.750000 -1.034325
v -16.500000 28.500000 -0.895765
v -16.500000 29.250000 -0.701039
v -16.500000 30.000000 -0.737803
v -15.750000 -30.000000 0.969851
v -15.750000 -29.250000 0.862076
v -15.750000 -28.500000 0.665939
v -15.750000 -27.750000 0.583682
v -15.750000 -27.000000 0.347313
v -15.750000 -26.250000 0.244141
v -15.750000 -25.500000 0.282246
v -15.750000 -24.750000 0.289544
v -15.750000 -24.000000 0.475736
v -15.750000 -23.250000 0.513739
v -15.750000 -22.500000 0.556160
v -15.750000 -21.750000 0.413798
v -15.750000 -21.000000 0.388523
v -15.750000 -20.250000 0.439917
v -15.750000 -19.500000 0.457766
v -15.750000 -18.750000 0.629511
v -15.750000 -18.000000 0.593717
v -15.750000 -17.250000 0.586289
v -15.750000 -16.500000 0.400261
v -15.750000 -15.750000 0.285771
v -15.750000 -15.000000 0.002974
v -15.750000 -14.250000 -0.214061
v -15.750000 -13.500000 -0.449778
v -15.750000 -12.750000 -0.818258
v -15.750000 -12.000000 -1.019723
v -15.750000 -11.250000 -1.161245
v -15.750000 -10.500000 -1.288057
v -15.750000 -9.750000 -1.157722
v -15.750000 -9.000000 -1.114475
v -15.750000 -8.250000 -0.917560
v -15.750000 -7.500000 -0.931463
v -15.750000 -6.750000 -0.879947
v -15.750000 -6.000000 -0.986081
v -15.750000 -5.250000 -1.039437
v -15.750000 -4.500000 -1.033779
v -15.750000 -3.750000 -1.120690
v -15.750000 -3.000000 -1.051416
v -15.750000 -2.250000 -1.123711
v -15.750000 -1.500000 -1.042825
v -15.750000 -0.750000 -0.991503
v -15.750000 0.000000 -0.908789
v -15.750000 0.750000 -0.776747
v -15.750000 1.500000 -0.804468
v -15.750000 2.250000 -0.654936
v -15.750000 3.000000 -0.592892
v -15.750000 3.750000 -0.387711
v -15.750000 4.500000 -0.377950
v -15.750000 5.250000 -0.312084
v -15.750000 6.000000 -0.402676
v -15.750000 6.750000 -0.469059
v -15.750000 7.500000 -0.377634
v -15.750000 8.250000 -0.490297
v -15.750000 9.000000 -0.573937
v -15.750000 9.750000 -0.724119
v -15.750000 10.500000 -0.891538
v -15.750000 11.250000 -0.892789
v -15.750000 12.000000 -1.027833
v -15.750000 12.750000 -0.971158
v -15.750000 13.500000 -1.005545
v -15.750000 14.250000 -0.857267
v -15.750000 15.000000 -0.835586
v -15.750000 15.750000 -0.737307
v -15.750000 16.500000 -0.862031
v -15.750000 17.250000 -1.113079
v -15.750000 18.000000 -1.226811
v -15.750000 18.750000 -1.445988
v -15.750000 19.500000 -1.539393
v -15.750000 20.250000 -1.580698
v -15.750000 21.000000 -1.632116
v -15.750000 21.750000 -1.544873
v -15.750000 22.500000 -1.603863
v -15.750000 23.250000 -1.519919
v -15.750000 24.000000 -1.542509
v -15.750000 24.750000 -1.513472
v -15.750000 25.500000 -1.483826
v -15.750000 26.250000 -1.411949
v -15.750000 27.000000 -1.278702
v -15.750000 27.750000 -1.037439
v -15.750000 28.500000 -0.790115
v -15.750000 29.250000 -0.715497
v -15.750000 30.000000 -0.615779
v -15.000000 -30.000000 0.979839
v -15.000000 -29.250000 0.795772
v -15.000000 -28.500000 0.699487
v -15.000000 -27.750000 0.475892
v -15.000000 -27.000000 0.389283
v -15.000000 -26.250000 0.292842
v -15.000000 -25.500000 0.301949
v -15.000000 -24.750000 0.455886
v -15.000000 -24.000000 0.502149
v -15.000000 -23.250000 0.631153
v -15.000000 -22.500000 0.553698
v -15.000000 -21.750000 0.547777
v -15.000000 -21.000000 0.429225
v -15.000000 -20.250000 0.431846
v -15.000000 -19.500000 0.533251
v -15.000000 -18.750000 0.504951
v -15.000000 -18.000000 0.575453
v -15.000000 -17.250000 0.415989
v -15.000000 -16.500000 0.382172
v -15.000000 -15.750000 0.134971
v -15.000000 -15.000000 -0.009647
v -15.000000 -14.250000 -0.299376
v -15.000000 -13.500000 -0.510831
v -15.000000 -12.750000 -0.689184
v -15.000000 -12.000000 -0.928551
v -15.000000 -11.250000 -1.021984
v -15.000000 -10.500000 -1.058067
v -15.000000 -9.750000 -1.098782
v -15.000000 -9.000000 -0.929156
v -15.000000 -8.250000 -0.905561
v -15.000000 -7.500000 -0.791995
v -15.000000 -6.750000 -0.911047
v -15.000000 -6.000000 -0.885333
v -15.000000 -5.250000 -0.964877
v -15.000000 -4.500000 -0.985327
v -15.000000 -3.750000 -0.975975
v -15.000000 -3.000000 -1.063869
v -15.000000 -2.250000 -0.961576
v -15.000000 -1.500000 -0.967078
v -15.000000 -0.750000 -0.817320
v -15.000000 0.000000 -0.711519
v -15.000000 0.750000 -0.677844
v -15.000000 1.500000 -0.583240
v -15.000000 2.250000 -0.589635
v -15.000000 3.000000 -0.384359
v -15.000000 3.750000 -0.335398
v -15.000000 4.500000 -0.240517
v -15.000000 5.250000 -0.385634
v -15.000000 6.000000 -0.450098
v -15.000000 6.750000 -0.505073
v -15.000000 7.500000 -0.485830
v -15.000000 8.250000 -0.411449
v -15.000000 9.000000 -0.548061
v -15.000000 9.750000 -0.665823
v -15.000000 10.500000 -0.728975
v -15.000000 11.250000 -0.822456
v -15.000000 12.000000 -0.840486
v -15.000000 12.750000 -0.954791
v -15.000000 13.500000 -0.907885
v -15.000000 14.250000 -0.872481
v -15.000000 15.000000 -0.727705
v -15.000000 15.750000 -0.746709
v -15.000000 16.500000 -0.776985
v -15.000000 17.250000 -0.946346
v -15.000000 18.000000 -1.177802
v -15.000000 18.750000 -1.250081
v -15.000000 19.500000 -1.372823
v -15.000000 20.250000 -1.387757
v -15.000000 21.000000 -1.293799
v -15.000000 21.750000 -1.316160
v -15.000000 22.500000 -1.194466
v -15.000000 23.250000 -1.242486
v -15.000000 24.000000 -1.207404
v -15.000000 24.750000 -1.257297
v -15.000000 25.500000 -1.249112
v -15.000000 26.250000 -1.284992
v -15.000000 27.000000 -1.124792
v -15.000000 27.750000 -0.999455
v -15.000000 28.500000 -0.768877
v -15.000000 29.250000 -0.562572
v -15.000000 30.000000 -0.563421
v -14.250000 -30.000000 1.046555
v -14.250000 -29.250000 0.927658
v -14.250000 -28.500000 0.789071
v -14.250000 -27.750000 0.687683
v -14.250000 -27.000000 0.479889
v -14.250000 -26.250000 0.479922
v -14.250000 -25.500000 0.557701
v -14.250000 -24.750000 0.563530
v -14.250000 -24.000000 0.726538
v -14.250000 -23.250000 0.686140
v -14.250000 -22.500000 0.723058
v -14.250000 -21.750000 0.551216
v -14.250000 -21.000000 0.554747
v -14.250000 -20.250000 0.495871
v -14.250000 -19.500000 0.490199
v -14.250000 -18.750000 0.560758
v -14.250000 -18.000000 0.470230
v -14.250000 -17.250000 0.468328
v -14.250000 -16.500000 0.311991
v -14.250000 -15.750000 0.248333
v -14.250000 -15.000000 -0.029768
v -14.250000 -14.250000 -0.182851
v -14.250000 -13.500000 -0.402555
v -14.250000 -12.750000 -0.587589
v -14.250000 -12.000000 -0.620972
v -14.250000 -11.250000 -0.751998
v -14.250000 -10.500000 -0.805698
v -14.250000 -9.750000 -0.790975
v -14.250000 -9.000000 -0.787808
v -14.250000 -8.250000 -0.696850
v -14.250000 -7.500000 -0.738225
v -14.250000 -6.750000 -0.731564
v -14.250000 -6.000000 -0.843029
v -14.250000 -5.250000 -0.789464
v -14.250000 -4.500000 -0.837006
v -14.250000 -3.750000 -0.858279
v -14.250000 -3.000000 -0.866376
v -14.250000 -2.250000 -0.890698
v -14.250000 -1.500000 -0.728103
v -14.250000 -0.750000 -0.686625
v -14.250000 0.000000 -0.509297
v -14.250000 0.750000 -0.466310
v -14.250000 1.500000 -0.491754
v -14.250000 2.250000 -0.340402
v -14.250000 3.000000 -0.280916
v -14.250000 3.750000 -0.077387
v -14.250000 4.500000 -0.162694
v -14.250000 5.250000 -0.197119
v -14.250000 6.000000 -0.359584
v -14.250000 6.750000 -0.403963
v -14.250000 7.500000 -0.325905
v -14.250000 8.250000 -0.335639
v -14.250000 9.000000 -0.303865
v -14.250000 9.750000 -0.441371
v -14.250000 10.500000 -0.480197
v -14.250000 11.250000 -0.498185
v -14.250000 12.000000 -0.641893
v -14.250000 12.750000 -0.710244
v -14.250000 13.500000 -0.788929
v -14.250000 14.250000 -0.722095
v -14.250000 15.000000 -0.621798
v -14.250000 15.750000 -0.525702
v -14.250000 16.500000 -0.667859
v -14.250000 17.250000 -0.822981
v -14.250000 18.000000 -0.930256
v -14.250000 18.750000 -1.107727
v -14.250000 19.500000 -1.073265
v -14.250000 20.250000 -1.064581
v -14.250000 21.000000 -0.935052
v -14.250000 21.750000 -0.863846
v -14.250000 22.500000 -0.848762
v -14.250000 23.250000 -0.765242
v -14.250000 24.000000 -0.873320
v -14.250000 24.750000 -0.864869
v -14.250000 25.500000 -0.980769
v -14.250000 26.250000 -0.981135
v -14.250000 27.000000 -1.055103
v -14.250000 27.750000 -0.878543
v -14.250000 28.500000 -0.737069
v -14.250000 29.250000 -0.584857
v -14.250000 30.000000 -0.399089
v -13.500000 -30.000000 1.246611
v -13.500000 -29.250000 1.162799
v -13.500000 -28.500000 1.058262
v -13.500000 -27.750000 0.880972
v -13.500000 -27.000000 0.804379
v -13.500000 -26.250000 0.678821
v -13.500000 -25.500000 0.703904
v -13.500000 -24.750000 0.798725
v -13.500000 -24.000000 0.792000
v -13.500000 -23.250000 0.881015
v -13.500000 -22.500000 0.774068
v -13.500000 -21.750000 0.741351
v -13.500000 -21.000000 0.591169
v -13.500000 -20.250000 0.615294
v -13.500000 -19.500000 0.579584
v -13.500000 -18.750000 0.549148
v -13.500000 -18.000000 0.572642
v -13.500000 -17.250000 0.439671
v -13.500000 -16.500000 0.450663
v -13.500000 -15.750000 0.266022
v -13.500000 -15.000000 0.187798
v -13.500000 -14.250000 -0.053959
v -13.500000 -13.500000 -0.196938
v -13.500000 -12.750000 -0.268509
v -13.500000 -12.000000 -0.404827
v -13.500000 -11.250000 -0.372635
v -13.500000 -10.500000 -0.511048
v -13.500000 -9.750000 -0.492674
v -13.500000 -9.000000 -0.523556
v -13.500000 -8.250000 -0.525891
v -13.500000 -7.500000 -0.534347
v -13.500000 -6.750000 -0.638646
v -13.500000 -6.000000 -0.603147
v -13.500000 -5.250000 -0.696909
v -13.500000 -4.500000 -0.650968
v -13.500000 -3.750000 -0.724285
v -13.500000 -3.000000 -0.755185
v -13.500000 -2.250000 -0.666805
v -13.500000 -1.500000 -0.623668
v -13.500000 -0.750000 -0.422132
v -13.500000 0.000000 -0.374663
v -13.500000 0.750000 -0.284604
v -13.500000 1.500000 -0.260291
v -13.500000 2.250000 -0.269726
v -13.500000 3.000000 -0.084907
v -13.500000 3.750000 -0.036563
v -13.500000 4.500000 0.020878
v -13.500000 5.250000 -0.145520
v -13.500000 6.000000 -0.185470
v -13.500000 6.750000 -0.244149
v -13.500000 7.500000 -0.135319
v -13.500000 8.250000 -0.077900
v -13.500000 9.000000 -0.118838
v -13.500000 9.750000 -0.090067
v -13.500000 10.500000 -0.195964
v -13.500000 11.250000 -0.160364
v -13.500000 12.000000 -0.284327
v -13.500000 12.750000 -0.431875
v -13.500000 13.500000 -0.474856
v -13.500000 14.250000 -0.463054
v -13.500000 15.000000 -0.379690
v -13.500000 15.750000 -0.397746
v -13.500000 16.500000 -0.426866
v -13.500000 17.250000 -0.646030
v -13.500000 18.000000 -0.820421
v -13.500000 18.750000 -0.829178
v -13.500000 19.500000 -0.872810
v -13.500000 20.250000 -0.669389
v -13.500000 21.000000 -0.593626
v -13.500000 21.750000 -0.435237
v -13.500000 22.500000 -0.447726
v -13.500000 23.250000 -0.424572
v -13.500000 24.000000 -0.442487
v -13.500000 24.750000 -0.592057
v -13.500000 25.500000 -0.606312
v -13.500000 26.250000 -0.823745
v -13.500000 27.000000 -0.844964
v -13.500000 27.750000 -0.910312
v -13.500000 28.500000 -0.742020
v -13.500000 29.250000 -0.574717
v -13.500000 30.000000 -0.448923
v -12.750000 -30.000000 1.502445
v -12.750000 -29.250000 1.382220
v -12.750000 -28.500000 1.297343
v -12.750000 -27.750000 1.154802
v -12.750000 -27.000000 0.973924
v -12.750000 -26.250000 0.947543
v -12.750000 -25.500000 0.858873
v -12.750000 -24.750000 0.861899
v -12.750000 -24.000000 0.924008
v -12.750000 -23.250000 0.946132
v -12.750000 -22.500000 0.939688
v -12.750000 -21.750000 0.846738
v -12.750000 -21.000000 0.806388
v -12.750000 -20.250000 0.673354
v -12.750000 -19.500000 0.686554
v -12.750000 -18.750000 0.649536
v -12.750000 -18.000000 0.553931
v -12.750000 -17.250000 0.534920
v -12.750000 -16.500000 0.377264
v -12.750000 -15.750000 0.372606
v -12.750000 -15.000000 0.203146
v -12.750000 -14.250000 0.145562
v -12.750000 -13.500000 0.001955
v -12.750000 -12.750000 -0.086942
v -12.750000 -12.000000 -0.088893
v -12.750000 -11.250000 -0.194711
v -12.750000 -10.500000 -0.183486
v -12.750000 -9.750000 -0.310720
v -12.750000 -9.000000 -0.280166
v -12.750000 -8.250000 -0.379777
v -12.750000 -7.500000 -0.404776
v -12.750000 -6.750000 -0.419021
v -12.750000 -6.000000 -0.533577
v -12.750000 -5.250000 -0.497602
v -12.750000 -4.500000 -0.607349
v -12.750000 -3.750000 -0.589008
v -12.750000 -3.000000 -0.637914
v -12.750000 -2.250000 -0.574575
v -12.750000 -1.500000 -0.425270
v -12.750000 -0.750000 -0.336839
v -12.750000 0.000000 -0.142041
v -12.750000 0.750000 -0.167900
v -12.750000 1.500000 -0.158414
v -12.750000 2.250000 -0.130146
v -12.750000 3.000000 -0.099108
v -12.750000 3.750000 0.004777
v -12.750000 4.500000 -0.071762
v -12.750000 5.250000 -0.084716
v -12.750000 6.000000 -0.214477
v -12.750000 6.750000 -0.123465
v -12.750000 7.500000 -0.078142
v -12.750000 8.250000 0.088976
v -12.750000 9.000000 0.103381
v -12.750000 9.750000 0.081406
v -12.750000 10.500000 0.113162
v -12.750000 11.250000 0.033149
v -12.750000 12.000000 0.014353
v -12.750000 12.750000 -0.116112
v -12.750000 13.500000 -0.176609
v -12.750000 14.250000 -0.212537
v -12.750000 15.000000 -0.171404
v -12.750000 15.750000 -0.173088
v -12.750000 16.500000 -0.345223
v -12.750000 17.250000 -0.463955
v -12.750000 18.000000 -0.618355
v -12.750000 18.750000 -0.699199
v -12.750000 19.500000 -0.623993
v -12.750000 20.250000 -0.472099
v -12.750000 21.000000 -0.262231
v -12.750000 21.750000 -0.211039
v -12.750000 22.500000 -0.097529
v -12.750000 23.250000 -0.176447
v -12.750000 24.000000 -0.199327
v -12.750000 24.750000 -0.277366
v -12.750000 25.500000 -0.462208
v -12.750000 26.250000 -0.566014
v -12.750000 27.000000 -0.801362
v -12.750000 27.750000 -0.805157
v -12.750000 28.500000 -0.828992
v -12.750000 29.250000 -0.637576
v -12.750000 30.000000 -0.456649
v -12.000000 -30.000000 1.631432
v -12.000000 -29.250000 1.549337
v -12.000000 -28.500000 1.376929
v -12.000000 -27.750000 1.306252
v -12.000000 -27.000000 1.174099
v -12.000000 -26.250000 1.007924
v -12.000000 -25.500000 1.000537
v -12.000000 -24.750000 0.892701
v -12.000000 -24.000000 0.953341
v -12.000000 -23.250000 0.987437
v -12.000000 -22.500000 1.008546
v -12.000000 -21.750000 0.942663
v -12.000000 -21.000000 0.818838
v -12.000000 -20.250000 0.802761
v -12.000000 -19.500000 0.681260
v -12.000000 -18.750000 0.678106
v -12.000000 -18.000000 0.605073
v -12.000000 -17.250000 0.424218
v -12.000000 -16.500000 0.372120
v -12.000000 -15.750000 0.207509
v -12.000000 -15.000000 0.231890
v -12.000000 -14.250000 0.116107
v -12.000000 -13.500000 0.107706
v -12.000000 -12.750000 0.018744
v -12.000000 -12.000000 -0.034995
v -12.000000 -11.250000 -0.103010
v -12.000000 -10.500000 -0.157042
v -12.000000 -9.750000 -0.178136
v -12.000000 -9.000000 -0.286608
v -12.000000 -8.250000 -0.262505
v -12.000000 -7.500000 -0.358889
v -12.000000 -6.750000 -0.379795
v -12.000000 -6.000000 -0.384741
v -12.000000 -5.250000 -0.511431
v -12.000000 -4.500000 -0.487664
v -12.000000 -3.750000 -0.608835
v -12.000000 -3.000000 -0.566740
v -12.000000 -2.250000 -0.528041
v -12.000000 -1.500000 -0.409354
v -12.000000 -0.750000 -0.287378
v -12.000000 0.000000 -0.183921
v -12.000000 0.750000 -0.071792
v -12.000000 1.500000 -0.155615
v -12.000000 2.250000 -0.136761
v -12.000000 3.000000 -0.126780
v -12.000000 3.750000 -0.106731
v -12.000000 4.500000 -0.134034
v -12.000000 5.250000 -0.285874
v -12.000000 6.000000 -0.242904
v -12.000000 6.750000 -0.267028
v -12.000000 7.500000 -0.042828
v -12.000000 8.250000 0.023970
v -12.000000 9.000000 0.178398
v -12.000000 9.750000 0.126019
v -12.000000 10.500000 0.116257
v -12.000000 11.250000 0.142478
v -12.000000 12.000000 0.051053
v -12.000000 12.750000 0.083209
v -12.000000 13.500000 -0.027852
v -12.000000 14.250000 -0.017650
v -12.000000 15.000000 -0.082712
v -12.000000 15.750000 -0.139458
v -12.000000 16.500000 -0.166753
v -12.000000 17.250000 -0.362310
v -12.000000 18.000000 -0.475318
v -12.000000 18.750000 -0.588643
v -12.000000 19.500000 -0.510052
v -12.000000 20.250000 -0.431450
v -12.000000 21.000000 -0.198521
v -12.000000 21.750000 -0.139564
v -12.000000 22.500000 -0.084158
v -12.000000 23.250000 -0.041714
v -12.000000 24.000000 -0.186251
v -12.000000 24.750000 -0.264375
v -12.000000 25.500000 -0.341050
v -12.000000 26.250000 -0.573645
v -12.000000 27.000000 -0.650747
v -12.000000 27.750000 -0.814614
v -12.000000 28.500000 -0.751920
v -12.000000 29.250000 -0.727469
v -12.000000 30.000000 -0.496656
v -11.250000 -30.000000 1.701124
v -11.250000 -29.250000 1.455793
v -11.250000 -28.500000 1.410845
v -11.250000 -27.750000 1.258542
v -11.250000 -27.000000 1.177331
v -11.250000 -26.250000 1.102160
v -11.250000 -25.500000 0.936424
v -11.250000 -24.750000 0.932641
v -11.250000 -24.000000 0.879550
v -11.250000 -23.250000 0.962935
v -11.250000 -22.500000 0.941535
v -11.250000 -21.750000 0.897757
v -11.250000 -21.000000 0.760253
v -11.250000 -20.250000 0.660077
v -11.250000 -19.500000 0.684234
v -11.250000 -18.750000 0.569607
v -11.250000 -18.000000 0.512658
v -11.250000 -17.250000 0.341125
v -11.250000 -16.500000 0.114398
v -11.250000 -15.750000 0.080330
v -11.250000 -15.000000 -0.019077
v -11.250000 -14.250000 0.064033
v -11.250000 -13.500000 -0.027846
v -11.250000 -12.750000 -0.018641
v -11.250000 -12.000000 -0.172025
v -11.250000 -11.250000 -0.211541
v -11.250000 -10.500000 -0.296501
v -11.250000 -9.750000 -0.316680
v -11.250000 -9.000000 -0.322711
v -11.250000 -8.250000 -0.417299
v -11.250000 -7.500000 -0.366621
v -11.250000 -6.750000 -0.426147
v -11.250000 -6.000000 -0.456195
v -11.250000 -5.250000 -0.474286
v -11.250000 -4.500000 -0.594073
v -11.250000 -3.750000 -0.558604
v -11.250000 -3.000000 -0.638626
v -11.250000 -2.250000 -0.542553
v -11.250000 -1.500000 -0.522187
v -11.250000 -0.750000 -0.387890
v -11.250000 0.000000 -0.299524
v -11.250000 0.750000 -0.248457
v -11.250000 1.500000 -0.170934
v -11.250000 2.250000 -0.240071
v -11.250000 3.000000 -0.192940
v -11.250000 3.750000 -0.224246
v -11.250000 4.500000 -0.341302
v -11.250000 5.250000 -0.386605
v -11.250000 6.000000 -0.503290
v -11.250000 6.750000 -0.369863
v -11.250000 7.500000 -0.286746
v -11.250000 8.250000 -0.060341
v -11.250000 9.000000 -0.057299
v -11.250000 9.750000 -0.001717
v -11.250000 10.500000 -0.098956
v -11.250000 11.250000 -0.078014
v -11.250000 12.000000 -0.010727
v -11.250000 12.750000 -0.051636
v -11.250000 13.500000 0.015823
v -11.250000 14.250000 -0.105459
v -11.250000 15.000000 -0.100981
v -11.250000 15.750000 -0.136691
v -11.250000 16.500000 -0.229675
v -11.250000 17.250000 -0.243980
v -11.250000 18.000000 -0.440956
v -11.250000 18.750000 -0.518916
v -11.250000 19.500000 -0.627168
v -11.250000 20.250000 -0.482973
v -11.250000 21.000000 -0.420544
v -11.250000 21.750000 -0.262313
v -11.250000 22.500000 -0.226469
v -11.250000 23.250000 -0.241418
v -11.250000 24.000000 -0.244954
v -11.250000 24.750000 -0.418767
v -11.250000 25.500000 -0.516140
v -11.250000 26.250000 -0.549450
v -11.250000 27.000000 -0.702293
v -11.250000 27.750000 -0.675385
v -11.250000 28.500000 -0.777281
v -11.250000 29.250000 -0.659096
v -11.250000 30.000000 -0.643659
v -10.500000 -30.000000 1.514566
v -10.500000 -29.250000 1.419231
v -10.500000 -28.500000 1.219730
v -10.500000 -27.750000 1.219016
v -10.500000 -27.000000 1.097003
v -10.500000 -26.250000 1.002084
v -10.500000 -25.500000 0.965053
v -10.500000 -24.750000 0.813009
v -10.500000 -24.000000 0.874515
v -10.500000 -23.250000 0.808386
v -10.500000 -22.500000 0.819274
v -10.500000 -21.750000 0.672222
v -10.500000 -21.000000 0.558460
v -10.500000 -20.250000 0.488345
v -10.500000 -19.500000 0.404637
v -10.500000 -18.750000 0.447670
v -10.500000 -18.000000 0.282292
v -10.500000 -17.250000 0.136911
v -10.500000 -16.500000 -0.082854
v -10.500000 -15.750000 -0.248045
v -10.500000 -15.000000 -0.192352
v -10.500000 -14.250000 -0.234286
v -10.500000 -13.500000 -0.149975
v -10.500000 -12.750000 -0.284583
v -10.500000 -12.000000 -0.306500
v -10.500000 -11.250000 -0.478245
v -10.500000 -10.500000 -0.486229
v -10.500000 -9.750000 -0.515584
v -10.500000 -9.000000 -0.567458
v -10.500000 -8.250000 -0.529801
v -10.500000 -7.500000 -0.623165
v -10.500000 -6.750000 -0.564293
v -10.500000 -6.000000 -0.626814
v -10.500000 -5.250000 -0.646583
v -10.500000 -4.500000 -0.650132
v -10.500000 -3.750000 -0.728202
v -10.500000 -3.000000 -0.654918
v -10.500000 -2.250000 -0.729750
v -10.500000 -1.500000 -0.631094
v -10.500000 -0.750000 -0.620299
v -10.500000 0.000000 -0.492233
v -10.500000 0.750000 -0.413221
v -10.500000 1.500000 -0.392343
v -10.500000 2.250000 -0.256662
v -10.500000 3.000000 -0.300306
v -10.500000 3.750000 -0.279663
v -10.500000 4.500000 -0.418844
v -10.500000 5.250000 -0.580437
v -10.500000 6.000000 -0.577610
v -10.500000 6.750000 -0.610122
v -10.500000 7.500000 -0.416604
v -10.500000 8.250000 -0.342709
v -10.500000 9.000000 -0.240128
v -10.500000 9.750000 -0.360764
v -10.500000 10.500000 -0.387661
v -10.500000 11.250000 -0.379872
v -10.500000 12.000000 -0.337757
v -10.500000 12.750000 -0.240061
v -10.500000 13.500000 -0.294992
v -10.500000 14.250000 -0.251488
v -10.500000 15.000000 -0.336770
v -10.500000 15.750000 -0.285727
v -10.500000 16.500000 -0.277226
v -10.500000 17.250000 -0.388398
v -10.500000 18.000000 -0.448085
v -10.500000 18.750000 -0.682063
v -10.500000 19.500000 -0.713996
v -10.500000 20.250000 -0.772700
v -10.500000 21.000000 -0.606174
v -10.500000 21.750000 -0.560218
v -10.500000 22.500000 -0.459646
v -10.500000 23.250000 -0.403071
v -10.500000 24.000000 -0.524591
v -10.500000 24.750000 -0.552390
v -10.500000 25.500000 -0.690148
v -10.500000 26.250000 -0.716545
v -10.500000 27.000000 -0.692237
v -10.500000 27.750000 -0.758942
v -10.500000 28.500000 -0.697937
v -10.500000 29.250000 -0.773013
v -10.500000 30.000000 -0.676463
v -9.750000 -30.000000 1.402393
v -9.750000 -29.250000 1.185288
v -9.750000 -28.500000 1.135736
v -9.750000 -27.750000 0.989314
v -9.750000 -27.000000 0.974273
v -9.750000 -26.250000 0.868605
v -9.750000 -25.500000 0.782293
v -9.750000 -24.750000 0.751945
v -9.750000 -24.000000 0.678711
v -9.750000 -23.250000 0.740690
v -9.750000 -22.500000 0.595855
v -9.750000 -21.750000 0.534607
v -9.750000 -21.000000 0.322063
v -9.750000 -20.250000 0.248091
v -9.750000 -19.500000 0.277646
v -9.750000 -18.750000 0.200110
v -9.750000 -18.000000 0.220239
v -9.750000 -17.250000 -0.031557
v -9.750000 -16.500000 -0.167429
v -9.750000 -15.750000 -0.314777
v -9.750000 -15.000000 -0.419855
v -9.750000 -14.250000 -0.328427
v -9.750000 -13.500000 -0.408889
v -9.750000 -12.750000 -0.383394
v -9.750000 -12.000000 -0.544545
v -9.750000 -11.250000 -0.556405
v -9.750000 -10.500000 -0.623672
v -9.750000 -9.750000 -0.658399
v -9.750000 -9.000000 -0.655470
v -9.750000 -8.250000 -0.770411
v -9.750000 -7.500000 -0.753629
v -9.750000 -6.750000 -0.870261
v -9.750000 -6.000000 -0.851789
v -9.750000 -5.250000 -0.908396
v -9.750000 -4.500000 -0.910820
v -9.750000 -3.750000 -0.855142
v -9.750000 -3.000000 -0.896123
v -9.750000 -2.250000 -0.830383
v -9.750000 -1.500000 -0.888534
v -9.750000 -0.750000 -0.772492
v -9.750000 0.000000 -0.692611
v -9.750000 0.750000 -0.587666
v -9.750000 1.500000 -0.436554
v -9.750000 2.250000 -0.364529
v -9.750000 3.000000 -0.222492
v -9.750000 3.750000 -0.329317
v -9.750000 4.500000 -0.412109
v -9.750000 5.250000 -0.558775
v -9.750000 6.000000 -0.696873
v -9.750000 6.750000 -0.684859
v -9.750000 7.500000 -0.633530
v -9.750000 8.250000 -0.550534
v -9.750000 9.000000 -0.648045
v -9.750000 9.750000 -0.662705
v -9.750000 10.500000 -0.767378
v -9.750000 11.250000 -0.734136
v -9.750000 12.000000 -0.664985
v -9.750000 12.750000 -0.635412
v -9.750000 13.500000 -0.516734
v -9.750000 14.250000 -0.583398
v -9.750000 15.000000 -0.504020
v -9.750000 15.750000 -0.540151
v -9.750000 16.500000 -0.509837
v -9.750000 17.250000 -0.547079
v -9.750000 18.000000 -0.750284
v -9.750000 18.750000 -0.851886
v -9.750000 19.500000 -1.035568
v -9.750000 20.250000 -0.985605
v -9.750000 21.000000 -0.962201
v -9.750000 21.750000 -0.811532
v -9.750000 22.500000 -0.704591
v -9.750000 23.250000 -0.664199
v -9.750000 24.000000 -0.598876
v -9.750000 24.750000 -0.754293
v -9.750000 25.500000 -0.768142
v -9.750000 26.250000 -0.884233
v -9.750000 27.000000 -0.863171
v -9.750000 27.750000 -0.846944
v -9.750000 28.500000 -0.875272
v -9.750000 29.250000 -0.806984
v -9.750000 30.000000 -0.885566
v -9.000000 -30.000000 1.230630
v -9.000000 -29.250000 1.147256
v -9.000000 -28.500000 0.997652
v -9.000000 -27.750000 0.995906
v -9.000000 -27.000000 0.833484
v -9.000000 -26.250000 0.779553
v -9.000000 -25.500000 0.684282
v -9.000000 -24.750000 0.621316
v -9.000000 -24.000000 0.679160
v -9.000000 -23.250000 0.627798
v -9.000000 -22.500000 0.642496
v -9.000000 -21.750000 0.423630
v -9.000000 -21.000000 0.320052
v -9.000000 -20.250000 0.190905
v -9.000000 -19.500000 0.134454
v -9.000000 -18.750000 0.230769
v -9.000000 -18.000000 0.140146
v -9.000000 -17.250000 0.092561
v -9.000000 -16.500000 -0.139175
v -9.000000 -15.750000 -0.219923
v -9.000000 -15.000000 -0.328672
v -9.000000 -14.250000 -0.403422
v -9.000000 -13.500000 -0.377299
v -9.000000 -12.750000 -0.513424
v -9.000000 -12.000000 -0.497334
v -9.000000 -11.250000 -0.608208
v -9.000000 -10.500000 -0.580405
v -9.000000 -9.750000 -0.605753
v -9.000000 -9.000000 -0.666269
v -9.000000 -8.250000 -0.736165
v -9.000000 -7.500000 -0.929348
v -9.000000 -6.750000 -0.953997
v -9.000000 -6.000000 -1.108912
v -9.000000 -5.250000 -1.126151
v -9.000000 -4.500000 -1.104285
v -9.000000 -3.750000 -1.059625
v -9.000000 -3.000000 -0.977538
v -9.000000 -2.250000 -1.041175
v -9.000000 -1.500000 -0.931470
v -9.000000 -0.750000 -0.891107
v -9.000000 0.000000 -0.720851
v -9.000000 0.750000 -0.565509
v -9.000000 1.500000 -0.437504
v -9.000000 2.250000 -0.286811
v -9.000000 3.000000 -0.245016
v -9.000000 3.750000 -0.201248
v -9.000000 4.500000 -0.369337
v -9.000000 5.250000 -0.444173
v -9.000000 6.000000 -0.563836
v -9.000000 6.750000 -0.675881
v -9.000000 7.500000 -0.645600
v -9.000000 8.250000 -0.731635
v -9.000000 9.000000 -0.755370
v -9.000000 9.750000 -0.919252
v -9.000000 10.500000 -0.945669
v -9.000000 11.250000 -0.948601
v -9.000000 12.000000 -0.914538
v -9.000000 12.750000 -0.818962
v -9.000000 13.500000 -0.810553
v -9.000000 14.250000 -0.682707
v -9.000000 15.000000 -0.728043
v -9.000000 15.750000 -0.642110
v -9.000000 16.500000 -0.723809
v -9.000000 17.250000 -0.826453
v -9.000000 18.000000 -0.890028
v -9.000000 18.750000 -1.113680
v -9.000000 19.500000 -1.153555
v -9.000000 20.250000 -1.213576
v -9.000000 21.000000 -1.083934
v -9.000000 21.750000 -1.024077
v -9.000000 22.500000 -0.836973
v -9.000000 23.250000 -0.711018
v -9.000000 24.000000 -0.727589
v -9.000000 24.750000 -0.714981
v -9.000000 25.500000 -0.909617
v -9.000000 26.250000 -0.938027
v -9.000000 27.000000 -1.059609
v -9.000000 27.750000 -1.020144
v -9.000000 28.500000 -0.978161
v -9.000000 29.250000 -0.978793
v -9.000000 30.000000 -0.894912
v -8.250000 -30.000000 1.318753
v -8.250000 -29.250000 1.187126
v -8.250000 -28.500000 1.177166
v -8.250000 -27.750000 1.026477
v -8.250000 -27.000000 0.984768
v -8.250000 -26.250000 0.811448
v -8.250000 -25.500000 0.754016
v -8.250000 -24.750000 0.721880
v -8.250000 -24.000000 0.758392
v -8.250000 -23.250000 0.862419
v -8.250000 -22.500000 0.757498
v -8.250000 -21.750000 0.693205
v -8.250000 -21.000000 0.433913
v -8.250000 -20.250000 0.343021
v -8.250000 -19.500000 0.292227
v -8.250000 -18.750000 0.258810
v -8.250000 -18.000000 0.338414
v -8.250000 -17.250000 0.207800
v -8.250000 -16.500000 0.173871
v -8.250000 -15.750000 -0.020825
v -8.250000 -15.000000 -0.078804
v -8.250000 -14.250000 -0.200619
v -8.250000 -13.500000 -0.293600
v -8.250000 -12.750000 -0.331970
v -8.250000 -12.000000 -0.454971
v -8.250000 -11.250000 -0.387997
v -8.250000 -10.500000 -0.454083
v -8.250000 -9.750000 -0.386635
v -8.250000 -9.000000 -0.490537
v -8.250000 -8.250000 -0.614079
v -8.250000 -7.500000 -0.800742
v -8.250000 -6.750000 -1.027179
v -8.250000 -6.000000 -1.116430
v -8.250000 -5.250000 -1.227639
v -8.250000 -4.500000 -1.192020
v -8.250000 -3.750000 -1.080017
v -8.250000 -3.000000 -1.049880
v -8.250000 -2.250000 -0.973921
v -8.250000 -1.500000 -0.988501
v -8.250000 -0.750000 -0.792976
v -8.250000 0.000000 -0.640642
v -8.250000 0.750000 -0.404469
v -8.250000 1.500000 -0.296155
v -8.250000 2.250000 -0.176998
v -8.250000 3.000000 -0.142797
v -8.250000 3.750000 -0.168471
v -8.250000 4.500000 -0.134920
v -8.250000 5.250000 -0.257862
v -8.250000 6.000000 -0.311637
v -8.250000 6.750000 -0.433985
v -8.250000 7.500000 -0.549034
v -8.250000 8.250000 -0.587456
v -8.250000 9.000000 -0.775941
v -8.250000 9.750000 -0.806106
v -8.250000 10.500000 -0.900555
v -8.250000 11.250000 -0.884228
v -8.250000 12.000000 -0.887404
v -8.250000 12.750000 -0.863515
v -8.250000 13.500000 -0.783277
v -8.250000 14.250000 -0.775003
v -8.250000 15.000000 -0.650019
v -8.250000 15.750000 -0.722504
v -8.250000 16.500000 -0.727105
v -8.250000 17.250000 -0.845901
v -8.250000 18.000000 -1.019065
v -8.250000 18.750000 -1.055644
v -8.250000 19.500000 -1.192769
v -8.250000 20.250000 -1.109572
v -8.250000 21.000000 -1.088541
v -8.250000 21.750000 -0.908681
v -8.250000 22.500000 -0.818907
v -8.250000 23.250000 -0.653235
v -8.250000 24.000000 -0.613717
v -8.250000 24.750000 -0.744128
v -8.250000 25.500000 -0.814076
v -8.250000 26.250000 -1.060548
v -8.250000 27.000000 -1.089579
v -8.250000 27.750000 -1.156097
v -8.250000 28.500000 -1.046566
v -8.250000 29.250000 -0.976657
v -8.250000 30.000000 -0.967707
v -7.500000 -30.000000 1.533560
v -7.500000 -29.250000 1.458618
v -7.500000 -28.500000 1.386157
v -7.500000 -27.750000 1.377952
v -7.500000 -27.000000 1.173859
v -7.500000 -26.250000 1.118466
v -7.500000 -25.500000 0.964477
v -7.500000 -24.750000 0.991257
v -7.500000 -24.000000 1.087669
v -7.500000 -23.250000 1.127028
v -7.500000 -22.500000 1.138428
v -7.500000 -21.750000 0.961417
v -7.500000 -21.000000 0.818377
v -7.500000 -20.250000 0.550992
v -7.500000 -19.500000 0.479663
v -7.500000 -18.750000 0.490610
v -7.500000 -18.000000 0.447832
v -7.500000 -17.250000 0.470518
v -7.500000 -16.500000 0.388416
v -7.500000 -15.750000 0.355772
v -7.500000 -15.000000 0.158899
v -7.500000 -14.250000 0.120262
v -7.500000 -13.500000 -0.035933
v -7.500000 -12.750000 -0.160916
v -7.500000 -12.000000 -0.160075
v -7.500000 -11.250000 -0.239559
v -7.500000 -10.500000 -0.152821
v -7.500000 -9.750000 -0.197846
v -7.500000 -9.000000 -0.160592
v -7.500000 -8.250000 -0.412789
v -7.500000 -7.500000 -0.610391
v -7.500000 -6.750000 -0.800376
v -7.500000 -6.000000 -1.069124
v -7.500000 -5.250000 -1.115947
v -7.500000 -4.500000 -1.095431
v -7.500000 -3.750000 -0.971165
v -7.500000 -3.000000 -0.910946
v -7.500000 -2.250000 -0.893487
v -7.500000 -1.500000 -0.782818
v -7.500000 -0.750000 -0.734839
v -7.500000 0.000000 -0.434957
v -7.500000 0.750000 -0.266667
v -7.500000 1.500000 -0.025265
v -7.500000 2.250000 -0.006822
v -7.500000 3.000000 0.034107
v -7.500000 3.750000 0.022991
v -7.500000 4.500000 0.028688
v -7.500000 5.250000 0.131142
v -7.500000 6.000000 0.016903
v -7.500000 6.750000 -0.081695
v -7.500000 7.500000 -0.219071
v -7.500000 8.250000 -0.390428
v -7.500000 9.000000 -0.430892
v -7.500000 9.750000 -0.594792
v -7.500000 10.500000 -0.558728
v -7.500000 11.250000 -0.642191
v -7.500000 12.000000 -0.606941
v -7.500000 12.750000 -0.678638
v -7.500000 13.500000 -0.662834
v -7.500000 14.250000 -0.605669
v -7.500000 15.000000 -0.563062
v -7.500000 15.750000 -0.483818
v -7.500000 16.500000 -0.615025
v -7.500000 17.250000 -0.691640
v -7.500000 18.000000 -0.788722
v -7.500000 18.750000 -0.932973
v -7.500000 19.500000 -0.898362
v -7.500000 20.250000 -0.940025
v -7.500000 21.000000 -0.771920
v -7.500000 21.750000 -0.745003
v -7.500000 22.500000 -0.534398
v -7.500000 23.250000 -0.521137
v -7.500000 24.000000 -0.508160
v -7.500000 24.750000 -0.576102
v -7.500000 25.500000 -0.820190
v -7.500000 26.250000 -0.936369
v -7.500000 27.000000 -1.132931
v -7.500000 27.750000 -1.050687
v -7.500000 28.500000 -1.022629
v -7.500000 29.250000 -0.888360
v -7.500000 30.000000 -0.867271
v -6.750000 -30.000000 1.755712
v -6.750000 -29.250000 1.760054
v -6.750000 -28.500000 1.727733
v -6.750000 -27.750000 1.620459
v -6.750000 -27.000000 1.564011
v -6.750000 -26.250000 1.371861
v -6.750000 -25.500000 1.364138
v -6.750000 -24.750000 1.286432
v -6.750000 -24.000000 1.404704
v -6.750000 -23.250000 1.415767
v -6.750000 -22.500000 1.357166
v -6.750000 -21.750000 1.171767
v -6.750000 -21.000000 0.966750
v -6.750000 -20.250000 0.807972
v -6.750000 -19.500000 0.616942
v -6.750000 -18.750000 0.595670
v -6.750000 -18.000000 0.647517
v -6.750000 -17.250000 0.578867
v -6.750000 -16.500000 0.615922
v -6.750000 -15.750000 0.516840
v -6.750000 -15.000000 0.461136
v -6.750000 -14.250000 0.289274
v -6.750000 -13.500000 0.235787
v -6.750000 -12.750000 0.080676
v -6.750000 -12.000000 -0.035370
v -6.750000 -11.250000 0.016300
v -6.750000 -10.500000 -0.066011
v -6.750000 -9.750000 0.055110
v -6.750000 -9.000000 -0.037295
v -6.750000 -8.250000 -0.111405
v -6.750000 -7.500000 -0.408530
v -6.750000 -6.750000 -0.577283
v -6.750000 -6.000000 -0.733655
v -6.750000 -5.250000 -0.912830
v -6.750000 -4.500000 -0.829615
v -6.750000 -3.750000 -0.782321
v -6.750000 -3.000000 -0.655510
v -6.750000 -2.250000 -0.670995
v -6.750000 -1.500000 -0.650966
v -6.750000 -0.750000 -0.513052
v -6.750000 0.000000 -0.354449
v -6.750000 0.750000 0.002950
v -6.750000 1.500000 0.146630
v -6.750000 2.250000 0.332178
v -6.750000 3.000000 0.287733
v -6.750000 3.750000 0.278978
v -6.750000 4.500000 0.323780
v -6.750000 5.250000 0.363123
v -6.750000 6.000000 0.414847
v -6.750000 6.750000 0.223431
v -6.750000 7.500000 0.148125
v -6.750000 8.250000 0.011110
v -6.750000 9.000000 -0.115954
v -6.750000 9.750000 -0.154283
v -6.750000 10.500000 -0.244935
v -6.750000 11.250000 -0.201582
v -6.750000 12.000000 -0.349047
v -6.750000 12.750000 -0.371032
v -6.750000 13.500000 -0.483128
v -6.750000 14.250000 -0.417745
v -6.750000 15.000000 -0.351144
v -6.750000 15.750000 -0.305550
v -6.750000 16.500000 -0.260891
v -6.750000 17.250000 -0.418696
v -6.750000 18.000000 -0.468871
v -6.750000 18.750000 -0.585694
v -6.750000 19.500000 -0.634015
v -6.750000 20.250000 -0.591337
v -6.750000 21.000000 -0.538725
v -6.750000 21.750000 -0.403042
v -6.750000 22.500000 -0.368736
v -6.750000 23.250000 -0.273766
v -6.750000 24.000000 -0.390030
v -6.750000 24.750000 -0.559259
v -6.750000 25.500000 -0.660447
v -6.750000 26.250000 -0.898015
v -6.750000 27.000000 -0.903669
v -6.750000 27.750000 -0.938336
v -6.750000 28.500000 -0.754290
v -6.750000 29.250000 -0.751040
v -6.750000 30.000000 -0.724335
v -6.000000 -30.000000 1.990935
v -6.000000 -29.250000 1.860023
v -6.000000 -28.500000 1.890247
v -6.000000 -27.750000 1.814334
v -6.000000 -27.000000 1.725670
v -6.000000 -26.250000 1.636941
v -6.000000 -25.500000 1.524946
v -6.000000 -24.750000 1.560371
v -6.000000 -24.000000 1.484323
v -6.000000 -23.250000 1.504121
v -6.000000 -22.500000 1.287310
v -6.000000 -21.750000 1.166565
v -6.000000 -21.000000 0.963469
v -6.000000 -20.250000 0.764150
v -6.000000 -19.500000 0.745594
v -6.000000 -18.750000 0.717241
v -6.000000 -18.000000 0.714474
v -6.000000 -17.250000 0.736845
v -6.000000 -16.500000 0.714074
v -6.000000 -15.750000 0.687864
v -6.000000 -15.000000 0.556408
v -6.000000 -14.250000 0.514631
v -6.000000 -13.500000 0.320435
v -6.000000 -12.750000 0.223213
v -6.000000 -12.000000 0.161540
v -6.000000 -11.250000 0.063010
v -6.000000 -10.500000 0.121406
v -6.000000 -9.750000 0.052930
v -6.000000 -9.000000 0.101908
v -6.000000 -8.250000 -0.077293
v -6.000000 -7.500000 -0.148906
v -6.000000 -6.750000 -0.321489
v -6.000000 -6.000000 -0.471357
v -6.000000 -5.250000 -0.502784
v -6.000000 -4.500000 -0.595730
v -6.000000 -3.750000 -0.468026
v -6.000000 -3.000000 -0.492440
v -6.000000 -2.250000 -0.378107
v -6.000000 -1.500000 -0.398368
v -6.000000 -0.750000 -0.289612
v -6.000000 0.000000 -0.017305
v -6.000000 0.750000 0.265375
v -6.000000 1.500000 0.504874
v -6.000000 2.250000 0.498231
v -6.000000 3.000000 0.554397
v -6.000000 3.750000 0.490677
v -6.000000 4.500000 0.512076
v -6.000000 5.250000 0.549252
v -6.000000 6.000000 0.527159
v -6.000000 6.750000 0.524690
v -6.000000 7.500000 0.385088
v -6.000000 8.250000 0.365661
v -6.000000 9.000000 0.220170
v -6.000000 9.750000 0.197518
v -6.000000 10.500000 0.138997
v -6.000000 11.250000 0.096368
v -6.000000 12.000000 0.031296
v -6.000000 12.750000 -0.188336
v -6.000000 13.500000 -0.235742
v -6.000000 14.250000 -0.302205
v -6.000000 15.000000 -0.166487
v -6.000000 15.750000 -0.131742
v -6.000000 16.500000 -0.104113
v -6.000000 17.250000 -0.105529
v -6.000000 18.000000 -0.258625
v -6.000000 18.750000 -0.279958
v -6.000000 19.500000 -0.411909
v -6.000000 20.250000 -0.352731
v -6.000000 21.000000 -0.329050
v -6.000000 21.750000 -0.216833
v -6.000000 22.500000 -0.114282
v -6.000000 23.250000 -0.214407
v -6.000000 24.000000 -0.294912
v -6.000000 24.750000 -0.451311
v -6.000000 25.500000 -0.622705
v -6.000000 26.250000 -0.698462
v -6.000000 27.000000 -0.763540
v -6.000000 27.750000 -0.676056
v -6.000000 28.500000 -0.662172
v -6.000000 29.250000 -0.553276
v -6.000000 30.000000 -0.623078
v -5.250000 -30.000000 1.902250
v -5.250000 -29.250000 1.878502
v -5.250000 -28.500000 1.770764
v -5.250000 -27.750000 1.799722
v -5.250000 -27.000000 1.685114
v -5.250000 -26.250000 1.618116
v -5.250000 -25.500000 1.494890
v -5.250000 -24.750000 1.454717
v -5.250000 -24.000000 1.415930
v -5.250000 -23.250000 1.247383
v -5.250000 -22.500000 1.154203
v -5.250000 -21.750000 0.914301
v -5.250000 -21.000000 0.820938
v -5.250000 -20.250000 0.778908
v -5.250000 -19.500000 0.677633
v -5.250000 -18.750000 0.750502
v -5.250000 -18.000000 0.744418
v -5.250000 -17.250000 0.776124
v -5.250000 -16.500000 0.756203
v -5.250000 -15.750000 0.742046
v -5.250000 -15.000000 0.637696
v -5.250000 -14.250000 0.503967
v -5.250000 -13.500000 0.450335
v -5.250000 -12.750000 0.272069
v -5.250000 -12.000000 0.187479
v -5.250000 -11.250000 0.232634
v -5.250000 -10.500000 0.122264
v -5.250000 -9.750000 0.157256
v -5.250000 -9.000000 0.014552
v -5.250000 -8.250000 0.019553
v -5.250000 -7.500000 -0.112646
v -5.250000 -6.750000 -0.067601
v -5.250000 -6.000000 -0.105350
v -5.250000 -5.250000 -0.213853
v -5.250000 -4.500000 -0.213823
v -5.250000 -3.750000 -0.287960
v -5.250000 -3.000000 -0.171184
v -5.250000 -2.250000 -0.175611
v -5.250000 -1.500000 -0.051086
v -5.250000 -0.750000 0.029539
v -5.250000 0.000000 0.353977
v -5.250000 0.750000 0.628030
v -5.250000 1.500000 0.740658
v -5.250000 2.250000 0.771330
v -5.250000 3.000000 0.690990
v -5.250000 3.750000 0.748616
v -5.250000 4.500000 0.715113
v -5.250000 5.250000 0.701489
v -5.250000 6.000000 0.673039
v -5.250000 6.750000 0.660225
v -5.250000 7.500000 0.707506
v -5.250000 8.250000 0.548758
v -5.250000 9.000000 0.508112
v -5.250000 9.750000 0.341538
v -5.250000 10.500000 0.389383
v -5.250000 11.250000 0.301088
v -5.250000 12.000000 0.165569
v -5.250000 12.750000 0.046734
v -5.250000 13.500000 -0.185191
v -5.250000 14.250000 -0.159965
v -5.250000 15.000000 -0.185537
v -5.250000 15.750000 -0.079246
v -5.250000 16.500000 -0.111266
v -5.250000 17.250000 -0.115600
v -5.250000 18.000000 -0.125879
v -5.250000 18.750000 -0.271486
v -5.250000 19.500000 -0.264033
v -5.250000 20.250000 -0.361721
v -5.250000 21.000000 -0.232483
v -5.250000 21.750000 -0.176985
v -5.250000 22.500000 -0.129273
v -5.250000 23.250000 -0.104369
v -5.250000 24.000000 -0.295870
v -5.250000 24.750000 -0.422792
v -5.250000 25.500000 -0.514049
v -5.250000 26.250000 -0.575417
v -5.250000 27.000000 -0.595524
v -5.250000 27.750000 -0.592291
v -5.250000 28.500000 -0.513822
v -5.250000 29.250000 -0.573589
v -5.250000 30.000000 -0.513575
v -4.500000 -30.000000 1.712907
v -4.500000 -29.250000 1.593279
v -4.500000 -28.500000 1.620587
v -4.500000 -27.750000 1.517755
v -4.500000 -27.000000 1.497336
v -4.500000 -26.250000 1.323430
v -4.500000 -25.500000 1.248299
v -4.500000 -24.750000 1.137123
v -4.500000 -24.000000 1.069454
v -4.500000 -23.250000 0.993218
v -4.500000 -22.500000 0.820925
v -4.500000 -21.750000 0.794672
v -4.500000 -21.000000 0.696692
v -4.500000 -20.250000 0.630571
v -4.500000 -19.500000 0.702357
v -4.500000 -18.750000 0.641680
v -4.500000 -18.000000 0.730279
v -4.500000 -17.250000 0.670269
v -4.500000 -16.500000 0.774551
v -4.500000 -15.750000 0.688752
v -4.500000 -15.000000 0.653401
v -4.500000 -14.250000 0.539819
v -4.500000 -13.500000 0.366819
v -4.500000 -12.750000 0.324645
v -4.500000 -12.000000 0.260399
v -4.500000 -11.250000 0.225870
v -4.500000 -10.500000 0.242337
v -4.500000 -9.750000 0.082475
v -4.500000 -9.000000 0.042927
v -4.500000 -8.250000 -0.100668
v -4.500000 -7.500000 -0.013553
v -4.500000 -6.750000 0.018071
v -4.500000 -6.000000 0.116190
v -4.500000 -5.250000 0.064542
v -4.500000 -4.500000 -0.013332
v -4.500000 -3.750000 -0.023902
v -4.500000 -3.000000 0.002850
v -4.500000 -2.250000 0.156650
v -4.500000 -1.500000 0.138102
v -4.500000 -0.750000 0.347073
v -4.500000 0.000000 0.570689
v -4.500000 0.750000 0.917221
v -4.500000 1.500000 0.959041
v -4.500000 2.250000 0.868122
v -4.500000 3.000000 0.927225
v -4.500000 3.750000 0.913302
v -4.500000 4.500000 0.945110
v -4.500000 5.250000 0.866409
v -4.500000 6.000000 0.802256
v -4.500000 6.750000 0.820068
v -4.500000 7.500000 0.823609
v -4.500000 8.250000 0.765267
v -4.500000 9.000000 0.496518
v -4.500000 9.750000 0.420654
v -4.500000 10.500000 0.300270
v -4.500000 11.250000 0.369469
v -4.500000 12.000000 0.224058
v -4.500000 12.750000 0.015955
v -4.500000 13.500000 -0.102907
v -4.500000 14.250000 -0.274119
v -4.500000 15.000000 -0.206418
v -4.500000 15.750000 -0.298583
v -4.500000 16.500000 -0.264045
v -4.500000 17.250000 -0.313584
v -4.500000 18.000000 -0.313994
v -4.500000 18.750000 -0.309199
v -4.500000 19.500000 -0.442948
v -4.500000 20.250000 -0.395426
v -4.500000 21.000000 -0.434266
v -4.500000 21.750000 -0.252457
v -4.500000 22.500000 -0.192724
v -4.500000 23.250000 -0.253541
v -4.500000 24.000000 -0.276192
v -4.500000 24.750000 -0.463180
v -4.500000 25.500000 -0.457162
v -4.500000 26.250000 -0.532168
v -4.500000 27.000000 -0.534464
v -4.500000 27.750000 -0.554572
v -4.500000 28.500000 -0.594074
v -4.500000 29.250000 -0.559348
v -4.500000 30.000000 -0.621116
v -3.750000 -30.000000 1.422688
v -3.750000 -29.250000 1.356134
v -3.750000 -28.500000 1.259123
v -3.750000 -27.750000 1.294402
v -3.750000 -27.000000 1.129176
v -3.750000 -26.250000 1.035109
v -3.750000 -25.500000 0.813205
v -3.750000 -24.750000 0.784976
v -3.750000 -24.000000 0.730779
v -3.750000 -23.250000 0.659797
v -3.750000 -22.500000 0.707531
v -3.750000 -21.750000 0.618303
v -3.750000 -21.000000 0.642261
v -3.750000 -20.250000 0.610283
v -3.750000 -19.500000 0.559361
v -3.750000 -18.750000 0.588412
v -3.750000 -18.000000 0.510516
v -3.750000 -17.250000 0.615407
v -3.750000 -16.500000 0.602259
v -3.750000 -15.750000 0.696015
v -3.750000 -15.000000 0.562656
v -3.750000 -14.250000 0.502824
v -3.750000 -13.500000 0.387719
v -3.750000 -12.750000 0.228855
v -3.750000 -12.000000 0.264436
v -3.750000 -11.250000 0.252431
v -3.750000 -10.500000 0.228831
v -3.750000 -9.750000 0.092487
v -3.750000 -9.000000 -0.053293
v -3.750000 -8.250000 -0.056650
v -3.750000 -7.500000 -0.077814
v -3.750000 -6.750000 0.137550
v -3.750000 -6.000000 0.145108
v -3.750000 -5.250000 0.209781
v -3.750000 -4.500000 0.107957
v -3.750000 -3.750000 0.115484
v -3.750000 -3.000000 0.209236
v -3.750000 -2.250000 0.216605
v -3.750000 -1.500000 0.349396
v -3.750000 -0.750000 0.429298
v -3.750000 0.000000 0.803398
v -3.750000 0.750000 1.004825
v -3.750000 1.500000 1.105589
v -3.750000 2.250000 1.002962
v -3.750000 3.000000 0.939127
v -3.750000 3.750000 1.049819
v -3.750000 4.500000 0.985402
v -3.750000 5.250000 0.962723
v -3.750000 6.000000 0.870066
v -3.750000 6.750000 0.867873
v -3.750000 7.500000 0.920935
v -3.750000 8.250000 0.765038
v -3.750000 9.000000 0.583207
v -3.750000 9.750000 0.276518
v -3.750000 10.500000 0.278121
v -3.750000 11.250000 0.189989
v -3.750000 12.000000 0.166492
v -3.750000 12.750000 -0.014120
v -3.750000 13.500000 -0.259047
v -3.750000 14.250000 -0.320301
v -3.750000 15.000000 -0.449865
v -3.750000 15.750000 -0.449392
v -3.750000 16.500000 -0.564468
v -3.750000 17.250000 -0.542931
v -3.750000 18.000000 -0.501143
v -3.750000 18.750000 -0.562568
v -3.750000 19.500000 -0.542312
v -3.750000 20.250000 -0.651850
v -3.750000 21.000000 -0.546474
v -3.750000 21.750000 -0.519950
v -3.750000 22.500000 -0.365483
v -3.750000 23.250000 -0.346428
v -3.750000 24.000000 -0.454862
v -3.750000 24.750000 -0.470559
v -3.750000 25.500000 -0.577522
v -3.750000 26.250000 -0.525145
v -3.750000 27.000000 -0.604162
v -3.750000 27.750000 -0.611784
v -3.750000 28.500000 -0.692375
v -3.750000 29.250000 -0.722163
v -3.750000 30.000000 -0.681099
v -3.000000 -30.000000 1.186204
v -3.000000 -29.250000 1.098274
v -3.000000 -28.500000 1.145212
v -3.000000 -27.750000 1.012493
v -3.000000 -27.000000 0.957069
v -3.000000 -26.250000 0.687134
v -3.000000 -25.500000 0.582412
v -3.000000 -24.750000 0.445353
v -3.000000 -24.000000 0.461532
v -3.000000 -23.250000 0.546254
v -3.000000 -22.500000 0.534147
v -3.000000 -21.750000 0.653364
v -3.000000 -21.000000 0.555808
v -3.000000 -20.250000 0.560616
v -3.000000 -19.500000 0.428553
v -3.000000 -18.750000 0.376292
v -3.000000 -18.000000 0.372662
v -3.000000 -17.250000 0.360013
v -3.000000 -16.500000 0.544550
v -3.000000 -15.750000 0.522002
v -3.000000 -15.000000 0.564596
v -3.000000 -14.250000 0.383283
v -3.000000 -13.500000 0.281089
v -3.000000 -12.750000 0.212433
v -3.000000 -12.000000 0.119050
v -3.000000 -11.250000 0.222628
v -3.000000 -10.500000 0.125634
v -3.000000 -9.750000 0.097102
v -3.000000 -9.000000 -0.041401
v -3.000000 -8.250000 -0.037635
v -3.000000 -7.500000 0.072869
v -3.000000 -6.750000 0.148523
v -3.000000 -6.000000 0.259155
v -3.000000 -5.250000 0.190297
v -3.000000 -4.500000 0.262919
v -3.000000 -3.750000 0.225171
v -3.000000 -3.000000 0.275491
v -3.000000 -2.250000 0.310735
v -3.000000 -1.500000 0.254996
v -3.000000 -0.750000 0.468396
v -3.000000 0.000000 0.695850
v -3.000000 0.750000 1.063337
v -3.000000 1.500000 1.103468
v -3.000000 2.250000 1.107551
v -3.000000 3.000000 1.066930
v -3.000000 3.750000 0.982024
v -3.000000 4.500000 1.039268
v -3.000000 5.250000 0.958954
v -3.000000 6.000000 0.919540
v -3.000000 6.750000 0.812253
v -3.000000 7.500000 0.873896
v -3.000000 8.250000 0.814508
v -3.000000 9.000000 0.524894
v -3.000000 9.750000 0.355120
v -3.000000 10.500000 0.149716
v -3.000000 11.250000 0.160843
v -3.000000 12.000000 -0.007148
v -3.000000 12.750000 -0.115460
v -3.000000 13.500000 -0.315543
v -3.000000 14.250000 -0.510734
v -3.000000 15.000000 -0.515267
v -3.000000 15.750000 -0.672133
v -3.000000 16.500000 -0.670460
v -3.000000 17.250000 -0.732532
v -3.000000 18.000000 -0.661934
v -3.000000 18.750000 -0.618681
v -3.000000 19.500000 -0.709994
v -3.000000 20.250000 -0.664326
v -3.000000 21.000000 -0.719178
v -3.000000 21.750000 -0.581557
v -3.000000 22.500000 -0.589809
v -3.000000 23.250000 -0.538128
v -3.000000 24.000000 -0.591800
v -3.000000 24.750000 -0.691366
v -3.000000 25.500000 -0.657149
v -3.000000 26.250000 -0.715786
v -3.000000 27.000000 -0.632174
v -3.000000 27.750000 -0.726328
v -3.000000 28.500000 -0.725566
v -3.000000 29.250000 -0.821358
v -3.000000 30.000000 -0.921125
v -2.250000 -30.000000 1.010690
v -2.250000 -29.250000 1.032974
v -2.250000 -28.500000 0.965263
v -2.250000 -27.750000 0.974345
v -2.250000 -27.000000 0.752027
v -2.250000 -26.250000 0.597152
v -2.250000 -25.500000 0.324199
v -2.250000 -24.750000 0.315014
v -2.250000 -24.000000 0.307287
v -2.250000 -23.250000 0.362843
v -2.250000 -22.500000 0.536604
v -2.250000 -21.750000 0.536122
v -2.250000 -21.000000 0.586881
v -2.250000 -20.250000 0.404476
v -2.250000 -19.500000 0.360143
v -2.250000 -18.750000 0.217858
v -2.250000 -18.000000 0.187870
v -2.250000 -17.250000 0.331749
v -2.250000 -16.500000 0.383930
v -2.250000 -15.750000 0.526207
v -2.250000 -15.000000 0.399517
v -2.250000 -14.250000 0.349184
v -2.250000 -13.500000 0.136243
v -2.250000 -12.750000 0.038682
v -2.250000 -12.000000 0.079932
v -2.250000 -11.250000 0.053764
v -2.250000 -10.500000 0.135943
v -2.250000 -9.750000 0.018877
v -2.250000 -9.000000 0.078438
v -2.250000 -8.250000 0.049638
v -2.250000 -7.500000 0.217762
v -2.250000 -6.750000 0.270279
v -2.250000 -6.000000 0.321699
v -2.250000 -5.250000 0.325410
v -2.250000 -4.500000 0.284809
v -2.250000 -3.750000 0.377565
v -2.250000 -3.000000 0.323691
v -2.250000 -2.250000 0.296032
v -2.250000 -1.500000 0.298467
v -2.250000 -0.750000 0.287027
v -2.250000 0.000000 0.622911
v -2.250000 0.750000 0.912694
v -2.250000 1.500000 1.191270
v -2.250000 2.250000 1.190765
v -2.250000 3.000000 1.205250
v -2.250000 3.750000 1.122056
v -2.250000 4.500000 1.079227
v -2.250000 5.250000 1.165330
v -2.250000 6.000000 0.945027
v -2.250000 6.750000 0.862705
v -2.250000 7.500000 0.768014
v -2.250000 8.250000 0.760970
v -2.250000 9.000000 0.614398
v -2.250000 9.750000 0.328169
v -2.250000 10.500000 0.247333
v -2.250000 11.250000 0.038297
v -2.250000 12.000000 0.020100
v -2.250000 12.750000 -0.151212
v -2.250000 13.500000 -0.276534
v -2.250000 14.250000 -0.418511
v -2.250000 15.000000 -0.601343
v -2.250000 15.750000 -0.643041
v -2.250000 16.500000 -0.795502
v -2.250000 17.250000 -0.744682
v -2.250000 18.000000 -0.729041
v -2.250000 18.750000 -0.654084
v -2.250000 19.500000 -0.615052
v -2.250000 20.250000 -0.657539
v -2.250000 21.000000 -0.631100
v -2.250000 21.750000 -0.718282
v -2.250000 22.500000 -0.664614
v -2.250000 23.250000 -0.761104
v -2.250000 24.000000 -0.771173
v -2.250000 24.750000 -0.831372
v -2.250000 25.500000 -0.800766
v -2.250000 26.250000 -0.745791
v -2.250000 27.000000 -0.728725
v -2.250000 27.750000 -0.664533
v -2.250000 28.500000 -0.802921
v -2.250000 29.250000 -0.898786
v -2.250000 30.000000 -1.035280
v -1.500000 -30.000000 0.950341
v -1.500000 -29.250000 0.928669
v -1.500000 -28.500000 0.958651
v -1.500000 -27.750000 0.864006
v -1.500000 -27.000000 0.753769
v -1.500000 -26.250000 0.527273
v -1.500000 -25.500000 0.351984
v -1.500000 -24.750000 0.196682
v -1.500000 -24.000000 0.268656
v -1.500000 -23.250000 0.346963
v -1.500000 -22.500000 0.409474
v -1.500000 -21.750000 0.543831
v -1.500000 -21.000000 0.446816
v -1.500000 -20.250000 0.389207
v -1.500000 -19.500000 0.194497
v -1.500000 -18.750000 0.191490
v -1.500000 -18.000000 0.203274
v -1.500000 -17.250000 0.257879
v -1.500000 -16.500000 0.460163
v -1.500000 -15.750000 0.423893
v -1.500000 -15.000000 0.389497
v -1.500000 -14.250000 0.166123
v -1.500000 -13.500000 0.077061
v -1.500000 -12.750000 -0.056716
v -1.500000 -12.000000 -0.086230
v -1.500000 -11.250000 0.050264
v -1.500000 -10.500000 0.017423
v -1.500000 -9.750000 0.097853
v -1.500000 -9.000000 0.060400
v -1.500000 -8.250000 0.209692
v -1.500000 -7.500000 0.233214
v -1.500000 -6.750000 0.398252
v -1.500000 -6.000000 0.373543
v -1.500000 -5.250000 0.423253
v -1.500000 -4.500000 0.479664
v -1.500000 -3.750000 0.427679
v -1.500000 -3.000000 0.501736
v -1.500000 -2.250000 0.450994
v -1.500000 -1.500000 0.331334
v -1.500000 -0.750000 0.408804
v -1.500000 0.000000 0.578957
v -1.500000 0.750000 1.003308
v -1.500000 1.500000 1.176505
v -1.500000 2.250000 1.353069
v -1.500000 3.000000 1.375513
v -1.500000 3.750000 1.412371
v -1.500000 4.500000 1.382081
v -1.500000 5.250000 1.336960
v -1.500000 6.000000 1.198050
v -1.500000 6.750000 0.899182
v -1.500000 7.500000 0.836297
v -1.500000 8.250000 0.745556
v -1.500000 9.000000 0.694677
v -1.500000 9.750000 0.586408
v -1.500000 10.500000 0.323942
v -1.500000 11.250000 0.186777
v -1.500000 12.000000 0.010426
v -1.500000 12.750000 0.036747
v -1.500000 13.500000 -0.125386
v -1.500000 14.250000 -0.253584
v -1.500000 15.000000 -0.397021
v -1.500000 15.750000 -0.644318
v -1.500000 16.500000 -0.656538
v -1.500000 17.250000 -0.721182
v -1.500000 18.000000 -0.568046
v -1.500000 18.750000 -0.537507
v -1.500000 19.500000 -0.419144
v -1.500000 20.250000 -0.445616
v -1.500000 21.000000 -0.564019
v -1.500000 21.750000 -0.617886
v -1.500000 22.500000 -0.814902
v -1.500000 23.250000 -0.826216
v -1.500000 24.000000 -0.914338
v -1.500000 24.750000 -0.835875
v -1.500000 25.500000 -0.849639
v -1.500000 26.250000 -0.712995
v -1.500000 27.000000 -0.672040
v -1.500000 27.750000 -0.719453
v -1.500000 28.500000 -0.743385
v -1.500000 29.250000 -0.965502
v -1.500000 30.000000 -1.203147
v -0.750000 -30.000000 1.002409
v -0.750000 -29.250000 0.894593
v -0.750000 -28.500000 0.896722
v -0.750000 -27.750000 0.865302
v -0.750000 -27.000000 0.766576
v -0.750000 -26.250000 0.599822
v -0.750000 -25.500000 0.411524
v -0.750000 -24.750000 0.345863
v -0.750000 -24.000000 0.255855
v -0.750000 -23.250000 0.345778
v -0.750000 -22.500000 0.409171
v -0.750000 -21.750000 0.433318
v -0.750000 -21.000000 0.435870
v -0.750000 -20.250000 0.266374
v -0.750000 -19.500000 0.249514
v -0.750000 -18.750000 0.173214
v -0.750000 -18.000000 0.257859
v -0.750000 -17.250000 0.401928
v -0.750000 -16.500000 0.478038
v -0.750000 -15.750000 0.475248
v -0.750000 -15.000000 0.330823
v -0.750000 -14.250000 0.166480
v -0.750000 -13.500000 -0.054884
v -0.750000 -12.750000 -0.099063
v -0.750000 -12.000000 -0.073761
v -0.750000 -11.250000 -0.026561
v -0.750000 -10.500000 0.079265
v -0.750000 -9.750000 0.069600
v -0.750000 -9.000000 0.179285
v -0.750000 -8.250000 0.180152
v -0.750000 -7.500000 0.332028
v -0.750000 -6.750000 0.329353
v -0.750000 -6.000000 0.449834
v -0.750000 -5.250000 0.479969
v -0.750000 -4.500000 0.508195
v -0.750000 -3.750000 0.636677
v -0.750000 -3.000000 0.625762
v -0.750000 -2.250000 0.743624
v -0.750000 -1.500000 0.731534
v -0.750000 -0.750000 0.772035
v -0.750000 0.000000 1.139000
v -0.750000 0.750000 1.341226
v -0.750000 1.500000 1.528459
v -0.750000 2.250000 1.529285
v -0.750000 3.000000 1.734404
v -0.750000 3.750000 1.800727
v -0.750000 4.500000 1.799576
v -0.750000 5.250000 1.580729
v -0.750000 6.000000 1.423390
v -0.750000 6.750000 1.244853
v -0.750000 7.500000 0.929774
v -0.750000 8.250000 0.920616
v -0.750000 9.000000 0.891033
v -0.750000 9.750000 0.865079
v -0.750000 10.500000 0.649927
v -0.750000 11.250000 0.319925
v -0.750000 12.000000 0.292174
v -0.750000 12.750000 0.188151
v -0.750000 13.500000 0.205430
v -0.750000 14.250000 -0.004117
v -0.750000 15.000000 -0.291400
v -0.750000 15.750000 -0.421207
v -0.750000 16.500000 -0.559300
v -0.750000 17.250000 -0.418642
v -0.750000 18.000000 -0.384256
v -0.750000 18.750000 -0.189377
v -0.750000 19.500000 -0.189781
v -0.750000 20.250000 -0.187025
v -0.750000 21.000000 -0.330416
v -0.750000 21.750000 -0.601656
v -0.750000 22.500000 -0.712956
v -0.750000 23.250000 -0.895492
v -0.750000 24.000000 -0.811693
v -0.750000 24.750000 -0.818266
v -0.750000 25.500000 -0.670642
v -0.750000 26.250000 -0.649551
v -0.750000 27.000000 -0.601971
v -0.750000 27.750000 -0.623606
v -0.750000 28.500000 -0.827079
v -0.750000 29.250000 -0.965036
v -0.750000 30.000000 -1.243536
v 0.000000 -30.000000 0.994339
v 0.000000 -29.250000 0.964498
v 0.000000 -28.500000 0.864704
v 0.000000 -27.750000 0.878819
v 0.000000 -27.000000 0.820825
v 0.000000 -26.250000 0.703030
v 0.000000 -25.500000 0.549904
v 0.000000 -24.750000 0.426911
v 0.000000 -24.000000 0.433563
v 0.000000 -23.250000 0.367279
v 0.000000 -22.500000 0.461301
v 0.000000 -21.750000 0.479019
v 0.000000 -21.000000 0.421549
v 0.000000 -20.250000 0.357102
v 0.000000 -19.500000 0.231627
v 0.000000 -18.750000 0.322267
v 0.000000 -18.000000 0.361374
v 0.000000 -17.250000 0.508429
v 0.000000 -16.500000 0.572686
v 0.000000 -15.750000 0.577128
v 0.000000 -15.000000 0.343833
v 0.000000 -14.250000 0.173647
v 0.000000 -13.500000 0.064191
v 0.000000 -12.750000 -0.085205
v 0.000000 -12.000000 -0.028599
v 0.000000 -11.250000 0.097552
v 0.000000 -10.500000 0.138590
v 0.000000 -9.750000 0.219292
v 0.000000 -9.000000 0.212801
v 0.000000 -8.250000 0.311348
v 0.000000 -7.500000 0.289317
v 0.000000 -6.750000 0.423098
v 0.000000 -6.000000 0.446615
v 0.000000 -5.250000 0.510568
v 0.000000 -4.500000 0.644588
v 0.000000 -3.750000 0.737889
v 0.000000 -3.000000 0.978407
v 0.000000 -2.250000 1.057924
v 0.000000 -1.500000 1.243168
v 0.000000 -0.750000 1.473959
v 0.000000 0.000000 1.873791
v 0.000000 0.750000 2.096619
v 0.000000 1.500000 2.016492
v 0.000000 2.250000 2.075280
v 0.000000 3.000000 2.170557
v 0.000000 3.750000 2.384790
v 0.000000 4.500000 2.172875
v 0.000000 5.250000 1.986143
v 0.000000 6.000000 1.780843
v 0.000000 6.750000 1.559130
v 0.000000 7.500000 1.347051
v 0.000000 8.250000 1.132083
v 0.000000 9.000000 1.245012
v 0.000000 9.750000 1.148726
v 0.000000 10.500000 0.917912
v 0.000000 11.250000 0.673007
v 0.000000 12.000000 0.527039
v 0.000000 12.750000 0.526006
v 0.000000 13.500000 0.351245
v 0.000000 14.250000 0.171942
v 0.000000 15.000000 -0.107979
v 0.000000 15.750000 -0.329476
v 0.000000 16.500000 -0.290419
v 0.000000 17.250000 -0.181919
v 0.000000 18.000000 -0.037383
v 0.000000 18.750000 0.057125
v 0.000000 19.500000 0.164350
v 0.000000 20.250000 0.014876
v 0.000000 21.000000 -0.204518
v 0.000000 21.750000 -0.385439
v 0.000000 22.500000 -0.668750
v 0.000000 23.250000 -0.686475
v 0.000000 24.000000 -0.722951
v 0.000000 24.750000 -0.543002
v 0.000000 25.500000 -0.549821
v 0.000000 26.250000 -0.457734
v 0.000000 27.000000 -0.494163
v 0.000000 27.750000 -0.658889
v 0.000000 28.500000 -0.749004
v 0.000000 29.250000 -1.018049
v 0.000000 30.000000 -1.143898
v 0.750000 -30.000000 1.115609
v 0.750000 -29.250000 0.900885
v 0.750000 -28.500000 0.899236
v 0.750000 -27.750000 0.832872
v 0.750000 -27.000000 0.813699
v 0.750000 -26.250000 0.732954
v 0.750000 -25.500000 0.620703
v 0.750000 -24.750000 0.547806
v 0.750000 -24.000000 0.476939
v 0.750000 -23.250000 0.559323
v 0.750000 -22.500000 0.530083
v 0.750000 -21.750000 0.630120
v 0.750000 -21.000000 0.565960
v 0.750000 -20.250000 0.474647
v 0.750000 -19.500000 0.418019
v 0.750000 -18.750000 0.352446
v 0.750000 -18.000000 0.492238
v 0.750000 -17.250000 0.537641
v 0.750000 -16.500000 0.672905
v 0.750000 -15.750000 0.543458
v 0.750000 -15.000000 0.440776
v 0.750000 -14.250000 0.204282
v 0.750000 -13.500000 0.057576
v 0.750000 -12.750000 0.078097
v 0.750000 -12.000000 0.088358
v 0.750000 -11.250000 0.250109
v 0.750000 -10.500000 0.315231
v 0.750000 -9.750000 0.359421
v 0.750000 -9.000000 0.368479
v 0.750000 -8.250000 0.334795
v 0.750000 -7.500000 0.453028
v 0.750000 -6.750000 0.459443
v 0.750000 -6.000000 0.552771
v 0.750000 -5.250000 0.646774
v 0.750000 -4.500000 0.814376
v 0.750000 -3.750000 1.099157
v 0.750000 -3.000000 1.289481
v 0.750000 -2.250000 1.564943
v 0.750000 -1.500000 1.750454
v 0.750000 -0.750000 2.228010
v 0.750000 0.000000 2.588290
v 0.750000 0.750000 2.814195
v 0.750000 1.500000 2.763077
v 0.750000 2.250000 2.747582
v 0.750000 3.000000 2.906093
v 0.750000 3.750000 2.819359
v 0.750000 4.500000 2.642115
v 0.750000 5.250000 2.307153
v 0.750000 6.000000 2.216414
v 0.750000 6.750000 2.014249
v 0.750000 7.500000 1.701755
v 0.750000 8.250000 1.648350
v 0.750000 9.000000 1.569798
v 0.750000 9.750000 1.563089
v 0.750000 10.500000 1.249436
v 0.750000 11.250000 1.012020
v 0.750000 12.000000 0.887414
v 0.750000 12.750000 0.703438
v 0.750000 13.500000 0.571487
v 0.750000 14.250000 0.224540
v 0.750000 15.000000 -0.005730
v 0.750000 15.750000 -0.153959
v 0.750000 16.500000 -0.047110
v 0.750000 17.250000 0.085350
v 0.750000 18.000000 0.266131
v 0.750000 18.750000 0.353325
v 0.750000 19.500000 0.305423
v 0.750000 20.250000 0.234852
v 0.750000 21.000000 -0.006917
v 0.750000 21.750000 -0.299001
v 0.750000 22.500000 -0.434915
v 0.750000 23.250000 -0.553513
v 0.750000 24.000000 -0.452465
v 0.750000 24.750000 -0.392791
v 0.750000 25.500000 -0.265662
v 0.750000 26.250000 -0.319848
v 0.750000 27.000000 -0.385221
v 0.750000 27.750000 -0.505900
v 0.750000 28.500000 -0.765707
v 0.750000 29.250000 -0.863689
v 0.750000 30.000000 -1.101936
v 1.500000 -30.000000 1.133885
v 1.500000 -29.250000 0.892687
v 1.500000 -28.500000 0.733169
v 1.500000 -27.750000 0.765207
v 1.500000 -27.000000 0.681768
v 1.500000 -26.250000 0.650370
v 1.500000 -25.500000 0.592471
v 1.500000 -24.750000 0.566665
v 1.500000 -24.000000 0.595748
v 1.500000 -23.250000 0.576068
v 1.500000 -22.500000 0.702751
v 1.500000 -21.750000 0.680679
v 1.500000 -21.000000 0.750673
v 1.500000 -20.250000 0.598096
v 1.500000 -19.500000 0.528063
v 1.500000 -18.750000 0.500038
v 1.500000 -18.000000 0.465002
v 1.500000 -17.250000 0.627634
v 1.500000 -16.500000 0.587244
v 1.500000 -15.750000 0.580795
v 1.500000 -15.000000 0.311397
v 1.500000 -14.250000 0.193438
v 1.500000 -13.500000 0.114698
v 1.500000 -12.750000 0.049955
v 1.500000 -12.000000 0.235723
v 1.500000 -11.250000 0.335449
v 1.500000 -10.500000 0.494382
v 1.500000 -9.750000 0.436626
v 1.500000 -9.000000 0.436533
v 1.500000 -8.250000 0.469928
v 1.500000 -7.500000 0.454244
v 1.500000 -6.750000 0.591954
v 1.500000 -6.000000 0.693153
v 1.500000 -5.250000 0.896792
v 1.500000 -4.500000 1.136266
v 1.500000 -3.750000 1.478746
v 1.500000 -3.000000 1.724143
v 1.500000 -2.250000 1.849534
v 1.500000 -1.500000 2.249774
v 1.500000 -0.750000 2.650639
v 1.500000 0.000000 3.085300
v 1.500000 0.750000 3.073742
v 1.500000 1.500000 3.156530
v 1.500000 2.250000 3.199531
v 1.500000 3.000000 3.230618
v 1.500000 3.750000 3.049631
v 1.500000 4.500000 2.765236
v 1.500000 5.250000 2.669211
v 1.500000 6.000000 2.482646
v 1.500000 6.750000 2.278069
v 1.500000 7.500000 2.090127
v 1.500000 8.250000 1.997956
v 1.500000 9.000000 1.999701
v 1.500000 9.750000 1.764324
v 1.500000 10.500000 1.550941
v 1.500000 11.250000 1.225562
v 1.500000 12.000000 1.074169
v 1.500000 12.750000 0.808765
v 1.500000 13.500000 0.538615
v 1.500000 14.250000 0.330472
v 1.500000 15.000000 0.031533
v 1.500000 15.750000 0.050581
v 1.500000 16.500000 0.077742
v 1.500000 17.250000 0.343585
v 1.500000 18.000000 0.398791
v 1.500000 18.750000 0.499944
v 1.500000 19.500000 0.515121
v 1.500000 20.250000 0.314977
v 1.500000 21.000000 0.118327
v 1.500000 21.750000 -0.100436
v 1.500000 22.500000 -0.335852
v 1.500000 23.250000 -0.396564
v 1.500000 24.000000 -0.335116
v 1.500000 24.750000 -0.213924
v 1.500000 25.500000 -0.205955
v 1.500000 26.250000 -0.133584
v 1.500000 27.000000 -0.269048
v 1.500000 27.750000 -0.463776
v 1.500000 28.500000 -0.616654
v 1.500000 29.250000 -0.857402
v 1.500000 30.000000 -0.907303
v 2.250000 -30.000000 0.994134
v 2.250000 -29.250000 0.781707
v 2.250000 -28.500000 0.636942
v 2.250000 -27.750000 0.516045
v 2.250000 -27.000000 0.531327
v 2.250000 -26.250000 0.440078
v 2.250000 -25.500000 0.488405
v 2.250000 -24.750000 0.524062
v 2.250000 -24.000000 0.563307
v 2.250000 -23.250000 0.645655
v 2.250000 -22.500000 0.658449
v 2.250000 -21.750000 0.796995
v 2.250000 -21.000000 0.755140
v 2.250000 -20.250000 0.747472
v 2.250000 -19.500000 0.569151
v 2.250000 -18.750000 0.510710
v 2.250000 -18.000000 0.533304
v 2.250000 -17.250000 0.521405
v 2.250000 -16.500000 0.603566
v 2.250000 -15.750000 0.419203
v 2.250000 -15.000000 0.295708
v 2.250000 -14.250000 0.061458
v 2.250000 -13.500000 0.013314
v 2.250000 -12.750000 0.106194
v 2.250000 -12.000000 0.169666
v 2.250000 -11.250000 0.428149
v 2.250000 -10.500000 0.458156
v 2.250000 -9.750000 0.538739
v 2.250000 -9.000000 0.462295
v 2.250000 -8.250000 0.461641
v 2.250000 -7.500000 0.602956
v 2.250000 -6.750000 0.657601
v 2.250000 -6.000000 0.954681
v 2.250000 -5.250000 1.152545
v 2.250000 -4.500000 1.537093
v 2.250000 -3.750000 1.744345
v 2.250000 -3.000000 1.892685
v 2.250000 -2.250000 2.024340
v 2.250000 -1.500000 2.277882
v 2.250000 -0.750000 2.731337
v 2.250000 0.000000 2.906700
v 2.250000 0.750000 2.936696
v 2.250000 1.500000 2.895698
v 2.250000 2.250000 3.084656
v 2.250000 3.000000 3.040868
v 2.250000 3.750000 2.889560
v 2.250000 4.500000 2.772679
v 2.250000 5.250000 2.672044
v 2.250000 6.000000 2.622658
v 2.250000 6.750000 2.343894
v 2.250000 7.500000 2.198424
v 2.250000 8.250000 2.162722
v 2.250000 9.000000 2.058042
v 2.250000 9.750000 1.832442
v 2.250000 10.500000 1.431277
v 2.250000 11.250000 1.249978
v 2.250000 12.000000 0.934945
v 2.250000 12.750000 0.724404
v 2.250000 13.500000 0.472882
v 2.250000 14.250000 0.233931
v 2.250000 15.000000 0.133193
v 2.250000 15.750000 0.050772
v 2.250000 16.500000 0.228019
v 2.250000 17.250000 0.307480
v 2.250000 18.000000 0.462359
v 2.250000 18.750000 0.466305
v 2.250000 19.500000 0.457496
v 2.250000 20.250000 0.427281
v 2.250000 21.000000 0.192580
v 2.250000 21.750000 -0.038280
v 2.250000 22.500000 -0.253070
v 2.250000 23.250000 -0.346105
v 2.250000 24.000000 -0.339958
v 2.250000 24.750000 -0.201788
v 2.250000 25.500000 -0.160852
v 2.250000 26.250000 -0.184020
v 2.250000 27.000000 -0.191736
v 2.250000 27.750000 -0.409542
v 2.250000 28.500000 -0.644912
v 2.250000 29.250000 -0.766202
v 2.250000 30.000000 -0.921546
v 3.000000 -30.000000 0.846469
v 3.000000 -29.250000 0.546547
v 3.000000 -28.500000 0.442078
v 3.000000 -27.750000 0.362727
v 3.000000 -27.000000 0.224419
v 3.000000 -26.250000 0.275868
v 3.000000 -25.500000 0.254730
v 3.000000 -24.750000 0.412938
v 3.000000 -24.000000 0.490430
v 3.000000 -23.250000 0.552038
v 3.000000 -22.500000 0.636608
v 3.000000 -21.750000 0.667958
v 3.000000 -21.000000 0.810103
v 3.000000 -20.250000 0.673167
v 3.000000 -19.500000 0.626643
v 3.000000 -18.750000 0.473329
v 3.000000 -18.000000 0.432732
v 3.000000 -17.250000 0.511904
v 3.000000 -16.500000 0.436491
v 3.000000 -15.750000 0.372338
v 3.000000 -15.000000 0.119189
v 3.000000 -14.250000 0.031440
v 3.000000 -13.500000 -0.064836
v 3.000000 -12.750000 -0.028438
v 3.000000 -12.000000 0.162142
v 3.000000 -11.250000 0.264072
v 3.000000 -10.500000 0.461557
v 3.000000 -9.750000 0.417731
v 3.000000 -9.000000 0.498728
v 3.000000 -8.250000 0.534785
v 3.000000 -7.500000 0.626761
v 3.000000 -6.750000 0.849641
v 3.000000 -6.000000 1.066345
v 3.000000 -5.250000 1.388267
v 3.000000 -4.500000 1.571362
v 3.000000 -3.750000 1.793767
v 3.000000 -3.000000 1.792687
v 3.000000 -2.250000 1.875445
v 3.000000 -1.500000 2.141376
v 3.000000 -0.750000 2.406761
v 3.000000 0.000000 2.611131
v 3.000000 0.750000 2.462850
v 3.000000 1.500000 2.533819
v 3.000000 2.250000 2.615334
v 3.000000 3.000000 2.681397
v 3.000000 3.750000 2.639456
v 3.000000 4.500000 2.587965
v 3.000000 5.250000 2.669461
v 3.000000 6.000000 2.468547
v 3.000000 6.750000 2.285052
v 3.000000 7.500000 2.059690
v 3.000000 8.250000 2.072011
v 3.000000 9.000000 1.857092
v 3.000000 9.750000 1.506083
v 3.000000 10.500000 1.221083
v 3.000000 11.250000 0.925978
v 3.000000 12.000000 0.805745
v 3.000000 12.750000 0.497163
v 3.000000 13.500000 0.355219
v 3.000000 14.250000 0.177462
v 3.000000 15.000000 0.053693
v 3.000000 15.750000 0.094700
v 3.000000 16.500000 0.121227
v 3.000000 17.250000 0.299141
v 3.000000 18.000000 0.256256
v 3.000000 18.750000 0.345751
v 3.000000 19.500000 0.348554
v 3.000000 20.250000 0.289710
v 3.000000 21.000000 0.229746
v 3.000000 21.750000 -0.042526
v 3.000000 22.500000 -0.275751
v 3.000000 23.250000 -0.450853
v 3.000000 24.000000 -0.384333
v 3.000000 24.750000 -0.363682
v 3.000000 25.500000 -0.253788
v 3.000000 26.250000 -0.201499
v 3.000000 27.000000 -0.319507
v 3.000000 27.750000 -0.432818
v 3.000000 28.500000 -0.684524
v 3.000000 29.250000 -0.841954
v 3.000000 30.000000 -0.901297
v 3.750000 -30.000000 0.501337
v 3.750000 -29.250000 0.354317
v 3.750000 -28.500000 0.189089
v 3.750000 -27.750000 0.113508
v 3.750000 -27.000000 0.060525
v 3.750000 -26.250000 -0.016673
v 3.750000 -25.500000 0.130495
v 3.750000 -24.750000 0.208092
v 3.750000 -24.000000 0.365398
v 3.750000 -23.250000 0.400980
v 3.750000 -22.500000 0.481397
v 3.750000 -21.750000 0.588594
v 3.750000 -21.000000 0.612134
v 3.750000 -20.250000 0.650303
v 3.750000 -19.500000 0.467606
v 3.750000 -18.750000 0.421552
v 3.750000 -18.000000 0.343722
v 3.750000 -17.250000 0.349698
v 3.750000 -16.500000 0.363651
v 3.750000 -15.750000 0.240447
v 3.750000 -15.000000 0.079971
v 3.750000 -14.250000 -0.111008
v 3.750000 -13.500000 -0.088277
v 3.750000 -12.750000 -0.105180
v 3.750000 -12.000000 0.002268
v 3.750000 -11.250000 0.190075
v 3.750000 -10.500000 0.246794
v 3.750000 -9.750000 0.396461
v 3.750000 -9.000000 0.401158
v 3.750000 -8.250000 0.579359
v 3.750000 -7.500000 0.698732
v 3.750000 -6.750000 0.904839
v 3.750000 -6.000000 1.138452
v 3.750000 -5.250000 1.350909
v 3.750000 -4.500000 1.458948
v 3.750000 -3.750000 1.445167
v 3.750000 -3.000000 1.580365
v 3.750000 -2.250000 1.714622
v 3.750000 -1.500000 1.889594
v 3.750000 -0.750000 2.142888
v 3.750000 0.000000 2.209744
v 3.750000 0.750000 2.279164
v 3.750000 1.500000 2.233057
v 3.750000 2.250000 2.316981
v 3.750000 3.000000 2.349482
v 3.750000 3.750000 2.390458
v 3.750000 4.500000 2.509048
v 3.750000 5.250000 2.476725
v 3.750000 6.000000 2.416000
v 3.750000 6.750000 2.074094
v 3.750000 7.500000 1.980500
v 3.750000 8.250000 1.783286
v 3.750000 9.000000 1.598614
v 3.750000 9.750000 1.287637
v 3.750000 10.500000 0.932871
v 3.750000 11.250000 0.789133
v 3.750000 12.000000 0.544426
v 3.750000 12.750000 0.439742
v 3.750000 13.500000 0.227212
v 3.750000 14.250000 0.064181
v 3.750000 15.000000 0.007738
v 3.750000 15.750000 -0.015698
v 3.750000 16.500000 0.117382
v 3.750000 17.250000 0.099931
v 3.750000 18.000000 0.156120
v 3.750000 18.750000 0.102945
v 3.750000 19.500000 0.200844
v 3.750000 20.250000 0.198174
v 3.750000 21.000000 0.040528
v 3.750000 21.750000 -0.120748
v 3.750000 22.500000 -0.434398
v 3.750000 23.250000 -0.515824
v 3.750000 24.000000 -0.585124
v 3.750000 24.750000 -0.418896
v 3.750000 25.500000 -0.424052
v 3.750000 26.250000 -0.361618
v 3.750000 27.000000 -0.365822
v 3.750000 27.750000 -0.622379
v 3.750000 28.500000 -0.782888
v 3.750000 29.250000 -0.980184
v 3.750000 30.000000 -0.968144
v 4.500000 -30.000000 0.296259
v 4.500000 -29.250000 0.082543
v 4.500000 -28.500000 0.016795
v 4.500000 -27.750000 -0.082286
v 4.500000 -27.000000 -0.139518
v 4.500000 -26.250000 -0.078433
v 4.500000 -25.500000 -0.043499
v 4.500000 -24.750000 0.184406
v 4.500000 -24.000000 0.187616
v 4.500000 -23.250000 0.299595
v 4.500000 -22.500000 0.272095
v 4.500000 -21.750000 0.363272
v 4.500000 -21.000000 0.511756
v 4.500000 -20.250000 0.435651
v 4.500000 -19.500000 0.446898
v 4.500000 -18.750000 0.281514
v 4.500000 -18.000000 0.287510
v 4.500000 -17.250000 0.229745
v 4.500000 -16.500000 0.226451
v 4.500000 -15.750000 0.087524
v 4.500000 -15.000000 -0.052325
v 4.500000 -14.250000 -0.131929
v 4.500000 -13.500000 -0.214135
v 4.500000 -12.750000 -0.091821
v 4.500000 -12.000000 -0.007490
v 4.500000 -11.250000 0.140106
v 4.500000 -10.500000 0.286124
v 4.500000 -9.750000 0.340327
v 4.500000 -9.000000 0.505443
v 4.500000 -8.250000 0.539527
v 4.500000 -7.500000 0.735058
v 4.500000 -6.750000 0.824103
v 4.500000 -6.000000 1.065837
v 4.500000 -5.250000 1.151963
v 4.500000 -4.500000 1.163920
v 4.500000 -3.750000 1.265651
v 4.500000 -3.000000 1.386830
v 4.500000 -2.250000 1.665024
v 4.500000 -1.500000 1.873924
v 4.500000 -0.750000 2.006901
v 4.500000 0.000000 2.236411
v 4.500000 0.750000 2.249915
v 4.500000 1.500000 2.321547
v 4.500000 2.250000 2.253782
v 4.500000 3.000000 2.265264
v 4.500000 3.750000 2.240509
v 4.500000 4.500000 2.223742
v 4.500000 5.250000 2.344258
v 4.500000 6.000000 2.257441
v 4.500000 6.750000 2.161625
v 4.500000 7.500000 1.970565
v 4.500000 8.250000 1.831177
v 4.500000 9.000000 1.466320
v 4.500000 9.750000 1.170820
v 4.500000 10.500000 0.923547
v 4.500000 11.250000 0.613803
v 4.500000 12.000000 0.500615
v 4.500000 12.750000 0.289878
v 4.500000 13.500000 0.182148
v 4.500000 14.250000 0.025245
v 4.500000 15.000000 -0.047151
v 4.500000 15.750000 0.012490
v 4.500000 16.500000 0.006536
v 4.500000 17.250000 0.110740
v 4.500000 18.000000 -0.000352
v 4.500000 18.750000 0.076402
v 4.500000 19.500000 0.026714
v 4.500000 20.250000 0.043965
v 4.500000 21.000000 -0.036357
v 4.500000 21.750000 -0.312635
v 4.500000 22.500000 -0.455008
v 4.500000 23.250000 -0.655760
v 4.500000 24.000000 -0.563812
v 4.500000 24.750000 -0.558205
v 4.500000 25.500000 -0.432590
v 4.500000 26.250000 -0.437858
v 4.500000 27.000000 -0.549819
v 4.500000 27.750000 -0.657198
v 4.500000 28.500000 -0.926749
v 4.500000 29.250000 -0.944048
v 4.500000 30.000000 -1.016023
v 5.250000 -30.000000 0.102688
v 5.250000 -29.250000 0.055215
v 5.250000 -28.500000 -0.101279
v 5.250000 -27.750000 -0.148271
v 5.250000 -27.000000 -0.189868
v 5.250000 -26.250000 -0.154339
v 5.250000 -25.500000 0.010811
v 5.250000 -24.750000 0.069033
v 5.250000 -24.000000 0.171662
v 5.250000 -23.250000 0.084729
v 5.250000 -22.500000 0.166083
v 5.250000 -21.750000 0.189517
v 5.250000 -21.000000 0.284305
v 5.250000 -20.250000 0.392349
v 5.250000 -19.500000 0.290707
v 5.250000 -18.750000 0.293747
v 5.250000 -18.000000 0.152107
v 5.250000 -17.250000 0.198365
v 5.250000 -16.500000 0.066275
v 5.250000 -15.750000 0.022951
v 5.250000 -15.000000 -0.110429
v 5.250000 -14.250000 -0.193015
v 5.250000 -13.500000 -0.078777
v 5.250000 -12.750000 -0.046240
v 5.250000 -12.000000 0.167034
v 5.250000 -11.250000 0.278901
v 5.250000 -10.500000 0.436209
v 5.250000 -9.750000 0.531835
v 5.250000 -9.000000 0.585175
v 5.250000 -8.250000 0.662136
v 5.250000 -7.500000 0.618407
v 5.250000 -6.750000 0.783766
v 5.250000 -6.000000 0.878104
v 5.250000 -5.250000 1.000228
v 5.250000 -4.500000 1.104279
v 5.250000 -3.750000 1.169386
v 5.250000 -3.000000 1.519953
v 5.250000 -2.250000 1.749065
v 5.250000 -1.500000 1.951653
v 5.250000 -0.750000 2.149288
v 5.250000 0.000000 2.264925
v 5.250000 0.750000 2.450968
v 5.250000 1.500000 2.360888
v 5.250000 2.250000 2.356014
v 5.250000 3.000000 2.230183
v 5.250000 3.750000 2.112867
v 5.250000 4.500000 2.039336
v 5.250000 5.250000 2.101614
v 5.250000 6.000000 2.225532
v 5.250000 6.750000 2.228404
v 5.250000 7.500000 2.140295
v 5.250000 8.250000 1.853182
v 5.250000 9.000000 1.577116
v 5.250000 9.750000 1.221498
v 5.250000 10.500000 0.889572
v 5.250000 11.250000 0.672866
v 5.250000 12.000000 0.372209
v 5.250000 12.750000 0.322440
v 5.250000 13.500000 0.159194
v 5.250000 14.250000 0.118438
v 5.250000 15.000000 0.065316
v 5.250000 15.750000 0.071367
v 5.250000 16.500000 0.108249
v 5.250000 17.250000 0.071713
v 5.250000 18.000000 0.097636
v 5.250000 18.750000 0.014986
v 5.250000 19.500000 0.067620
v 5.250000 20.250000 -0.066732
v 5.250000 21.000000 -0.170822
v 5.250000 21.750000 -0.294301
v 5.250000 22.500000 -0.512303
v 5.250000 23.250000 -0.533034
v 5.250000 24.000000 -0.586361
v 5.250000 24.750000 -0.442785
v 5.250000 25.500000 -0.475309
v 5.250000 26.250000 -0.456284
v 5.250000 27.000000 -0.558189
v 5.250000 27.750000 -0.722976
v 5.250000 28.500000 -0.811513
v 5.250000 29.250000 -0.906029
v 5.250000 30.000000 -0.798350
v 6.000000 -30.000000 0.231124
v 6.000000 -29.250000 0.068375
v 6.000000 -28.500000 0.030471
v 6.000000 -27.750000 -0.132609
v 6.000000 -27.000000 -0.112875
v 6.000000 -26.250000 -0.086287
v 6.000000 -25.500000 -0.009065
v 6.000000 -24.750000 0.123556
v 6.000000 -24.000000 0.052587
v 6.000000 -23.250000 0.073270
v 6.000000 -22.500000 0.001668
v 6.000000 -21.750000 0.133648
v 6.000000 -21.000000 0.251839
v 6.000000 -20.250000 0.291110
v 6.000000 -19.500000 0.319721
v 6.000000 -18.750000 0.225241
v 6.000000 -18.000000 0.214139
v 6.000000 -17.250000 0.122250
v 6.000000 -16.500000 0.152068
v 6.000000 -15.750000 0.031014
v 6.000000 -15.000000 0.013144
v 6.000000 -14.250000 0.048833
v 6.000000 -13.500000 0.074535
v 6.000000 -12.750000 0.289897
v 6.000000 -12.000000 0.368866
v 6.000000 -11.250000 0.586864
v 6.000000 -10.500000 0.640111
v 6.000000 -9.750000 0.782976
v 6.000000 -9.000000 0.792495
v 6.000000 -8.250000 0.743473
v 6.000000 -7.500000 0.697627
v 6.000000 -6.750000 0.638656
v 6.000000 -6.000000 0.795691
v 6.000000 -5.250000 0.949177
v 6.000000 -4.500000 1.086698
v 6.000000 -3.750000 1.393989
v 6.000000 -3.000000 1.643237
v 6.000000 -2.250000 2.014527
v 6.000000 -1.500000 2.125915
v 6.000000 -0.750000 2.243958
v 6.000000 0.000000 2.322581
v 6.000000 0.750000 2.419971
v 6.000000 1.500000 2.510754
v 6.000000 2.250000 2.454571
v 6.000000 3.000000 2.422876
v 6.000000 3.750000 2.089477
v 6.000000 4.500000 1.964639
v 6.000000 5.250000 1.973386
v 6.000000 6.000000 2.125472
v 6.000000 6.750000 2.153422
v 6.000000 7.500000 2.076750
v 6.000000 8.250000 1.915446
v 6.000000 9.000000 1.592814
v 6.000000 9.750000 1.348333
v 6.000000 10.500000 0.977365
v 6.000000 11.250000 0.651589
v 6.000000 12.000000 0.489299
v 6.000000 12.750000 0.316080
v 6.000000 13.500000 0.369648
v 6.000000 14.250000 0.291666
v 6.000000 15.000000 0.353594
v 6.000000 15.750000 0.271493
v 6.000000 16.500000 0.243970
v 6.000000 17.250000 0.202818
v 6.000000 18.000000 0.194616
v 6.000000 18.750000 0.195864
v 6.000000 19.500000 0.060124
v 6.000000 20.250000 0.012638
v 6.000000 21.000000 -0.188999
v 6.000000 21.750000 -0.268021
v 6.000000 22.500000 -0.346633
v 6.000000 23.250000 -0.435958
v 6.000000 24.000000 -0.381671
v 6.000000 24.750000 -0.409868
v 6.000000 25.500000 -0.320178
v 6.000000 26.250000 -0.442458
v 6.000000 27.000000 -0.506867
v 6.000000 27.750000 -0.659280
v 6.000000 28.500000 -0.690234
v 6.000000 29.250000 -0.638975
v 6.000000 30.000000 -0.652231
v 6.750000 -30.000000 0.389145
v 6.750000 -29.250000 0.355696
v 6.750000 -28.500000 0.167663
v 6.750000 -27.750000 0.121236
v 6.750000 -27.000000 -0.022420
v 6.750000 -26.250000 0.044243
v 6.750000 -25.500000 0.084424
v 6.750000 -24.750000 0.100890
v 6.750000 -24.000000 0.120780
v 6.750000 -23.250000 0.021518
v 6.750000 -22.500000 0.123224
v 6.750000 -21.750000 0.159826
v 6.750000 -21.000000 0.325858
v 6.750000 -20.250000 0.385359
v 6.750000 -19.500000 0.397424
v 6.750000 -18.750000 0.322660
v 6.750000 -18.000000 0.264189
v 6.750000 -17.250000 0.333938
v 6.750000 -16.500000 0.257996
v 6.750000 -15.750000 0.329248
v 6.750000 -15.000000 0.312245
v 6.750000 -14.250000 0.373554
v 6.750000 -13.500000 0.490508
v 6.750000 -12.750000 0.562274
v 6.750000 -12.000000 0.741830
v 6.750000 -11.250000 0.756231
v 6.750000 -10.500000 0.899476
v 6.750000 -9.750000 0.946657
v 6.750000 -9.000000 1.012437
v 6.750000 -8.250000 0.919258
v 6.750000 -7.500000 0.802840
v 6.750000 -6.750000 0.792645
v 6.750000 -6.000000 0.762509
v 6.750000 -5.250000 0.968274
v 6.750000 -4.500000 1.233788
v 6.750000 -3.750000 1.528558
v 6.750000 -3.000000 1.839752
v 6.750000 -2.250000 2.080878
v 6.750000 -1.500000 2.344235
v 6.750000 -0.750000 2.319982
v 6.750000 0.000000 2.398094
v 6.750000 0.750000 2.393943
v 6.750000 1.500000 2.516633
v 6.750000 2.250000 2.536768
v 6.750000 3.000000 2.397201
v 6.750000 3.750000 2.228769
v 6.750000 4.500000 1.963845
v 6.750000 5.250000 2.005494
v 6.750000 6.000000 2.041014
v 6.750000 6.750000 2.031932
v 6.750000 7.500000 1.913098
v 6.750000 8.250000 1.816808
v 6.750000 9.000000 1.705511
v 6.750000 9.750000 1.369966
v 6.750000 10.500000 1.096792
v 6.750000 11.250000 0.775774
v 6.750000 12.000000 0.595593
v 6.750000 12.750000 0.565652
v 6.750000 13.500000 0.537758
v 6.750000 14.250000 0.643349
v 6.750000 15.000000 0.572035
v 6.750000 15.750000 0.557812
v 6.750000 16.500000 0.407668
v 6.750000 17.250000 0.390491
v 6.750000 18.000000 0.347260
v 6.750000 18.750000 0.327578
v 6.750000 19.500000 0.263847
v 6.750000 20.250000 0.030989
v 6.750000 21.000000 -0.046821
v 6.750000 21.750000 -0.162619
v 6.750000 22.500000 -0.196340
v 6.750000 23.250000 -0.233111
v 6.750000 24.000000 -0.274652
v 6.750000 24.750000 -0.201375
v 6.750000 25.500000 -0.283282
v 6.750000 26.250000 -0.308832
v 6.750000 27.000000 -0.493346
v 6.750000 27.750000 -0.503442
v 6.750000 28.500000 -0.562453
v 6.750000 29.250000 -0.468677
v 6.750000 30.000000 -0.360326
v 7.500000 -30.000000 0.613869
v 7.500000 -29.250000 0.556462
v 7.500000 -28.500000 0.497784
v 7.500000 -27.750000 0.286175
v 7.500000 -27.000000 0.250860
v 7.500000 -26.250000 0.126889
v 7.500000 -25.500000 0.179659
v 7.500000 -24.750000 0.215481
v 7.500000 -24.000000 0.147471
v 7.500000 -23.250000 0.226225
v 7.500000 -22.500000 0.219965
v 7.500000 -21.750000 0.424974
v 7.500000 -21.000000 0.498956
v 7.500000 -20.250000 0.629894
v 7.500000 -19.500000 0.542354
v 7.500000 -18.750000 0.538676
v 7.500000 -18.000000 0.476350
v 7.500000 -17.250000 0.480907
v 7.500000 -16.500000 0.611853
v 7.500000 -15.750000 0.606008
v 7.500000 -15.000000 0.746875
v 7.500000 -14.250000 0.746936
v 7.500000 -13.500000 0.865128
v 7.500000 -12.750000 0.859053
v 7.500000 -12.000000 0.876256
v 7.500000 -11.250000 0.943901
v 7.500000 -10.500000 0.914072
v 7.500000 -9.750000 1.043003
v 7.500000 -9.000000 1.105826
v 7.500000 -8.250000 1.129561
v 7.500000 -7.500000 1.039418
v 7.500000 -6.750000 0.947413
v 7.500000 -6.000000 1.009417
v 7.500000 -5.250000 1.086138
v 7.500000 -4.500000 1.415228
v 7.500000 -3.750000 1.628034
v 7.500000 -3.000000 1.910517
v 7.500000 -2.250000 2.125465
v 7.500000 -1.500000 2.332331
v 7.500000 -0.750000 2.486734
v 7.500000 0.000000 2.413970
v 7.500000 0.750000 2.475966
v 7.500000 1.500000 2.360352
v 7.500000 2.250000 2.386787
v 7.500000 3.000000 2.262146
v 7.500000 3.750000 2.130509
v 7.500000 4.500000 2.074130
v 7.500000 5.250000 1.958432
v 7.500000 6.000000 1.996123
v 7.500000 6.750000 1.910654
v 7.500000 7.500000 1.804973
v 7.500000 8.250000 1.745463
v 7.500000 9.000000 1.634487
v 7.500000 9.750000 1.453704
v 7.500000 10.500000 1.080902
v 7.500000 11.250000 0.938612
v 7.500000 12.000000 0.780834
v 7.500000 12.750000 0.767282
v 7.500000 13.500000 0.763781
v 7.500000 14.250000 0.790793
v 7.500000 15.000000 0.842304
v 7.500000 15.750000 0.665654
v 7.500000 16.500000 0.590700
v 7.500000 17.250000 0.455453
v 7.500000 18.000000 0.496452
v 7.500000 18.750000 0.431364
v 7.500000 19.500000 0.331865
v 7.500000 20.250000 0.218900
v 7.500000 21.000000 0.003271
v 7.500000 21.750000 0.014843
v 7.500000 22.500000 -0.093575
v 7.500000 23.250000 -0.130887
v 7.500000 24.000000 -0.165041
v 7.500000 24.750000 -0.195007
v 7.500000 25.500000 -0.144366
v 7.500000 26.250000 -0.319166
v 7.500000 27.000000 -0.352368
v 7.500000 27.750000 -0.500764
v 7.500000 28.500000 -0.406622
v 7.500000 29.250000 -0.371838
v 7.500000 30.000000 -0.259185
v 8.250000 -30.000000 0.787910
v 8.250000 -29.250000 0.669444
v 8.250000 -28.500000 0.576289
v 8.250000 -27.750000 0.492633
v 8.250000 -27.000000 0.305781
v 8.250000 -26.250000 0.313039
v 8.250000 -25.500000 0.250138
v 8.250000 -24.750000 0.298516
v 8.250000 -24.000000 0.381561
v 8.250000 -23.250000 0.400007
v 8.250000 -22.500000 0.613921
v 8.250000 -21.750000 0.700626
v 8.250000 -21.000000 0.914761
v 8.250000 -20.250000 0.886308
v 8.250000 -19.500000 0.920184
v 8.250000 -18.750000 0.741374
v 8.250000 -18.000000 0.722874
v 8.250000 -17.250000 0.731974
v 8.250000 -16.500000 0.732372
v 8.250000 -15.750000 0.906997
v 8.250000 -15.000000 0.935263
v 8.250000 -14.250000 1.087929
v 8.250000 -13.500000 1.014803
v 8.250000 -12.750000 1.043419
v 8.250000 -12.000000 0.918200
v 8.250000 -11.250000 0.825572
v 8.250000 -10.500000 0.901539
v 8.250000 -9.750000 0.965859
v 8.250000 -9.000000 1.095244
v 8.250000 -8.250000 1.133862
v 8.250000 -7.500000 1.153452
v 8.250000 -6.750000 1.105282
v 8.250000 -6.000000 1.075627
v 8.250000 -5.250000 1.277769
v 8.250000 -4.500000 1.438130
v 8.250000 -3.750000 1.765550
v 8.250000 -3.000000 1.888736
v 8.250000 -2.250000 2.155615
v 8.250000 -1.500000 2.306792
v 8.250000 -0.750000 2.375897
v 8.250000 0.000000 2.437152
v 8.250000 0.750000 2.296993
v 8.250000 1.500000 2.284349
v 8.250000 2.250000 2.163436
v 8.250000 3.000000 2.190862
v 8.250000 3.750000 2.072222
v 8.250000 4.500000 1.937893
v 8.250000 5.250000 1.881937
v 8.250000 6.000000 1.756969
v 8.250000 6.750000 1.717725
v 8.250000 7.500000 1.620289
v 8.250000 8.250000 1.603195
v 8.250000 9.000000 1.498410
v 8.250000 9.750000 1.287028
v 8.250000 10.500000 1.133595
v 8.250000 11.250000 0.900848
v 8.250000 12.000000 0.921683
v 8.250000 12.750000 0.859876
v 8.250000 13.500000 0.957231
v 8.250000 14.250000 0.993604
v 8.250000 15.000000 0.894756
v 8.250000 15.750000 0.820577
v 8.250000 16.500000 0.602155
v 8.250000 17.250000 0.566040
v 8.250000 18.000000 0.470813
v 8.250000 18.750000 0.523306
v 8.250000 19.500000 0.396856
v 8.250000 20.250000 0.290600
v 8.250000 21.000000 0.183886
v 8.250000 21.750000 0.032379
v 8.250000 22.500000 -0.014036
v 8.250000 23.250000 -0.176261
v 8.250000 24.000000 -0.202126
v 8.250000 24.750000 -0.237504
v 8.250000 25.500000 -0.229945
v 8.250000 26.250000 -0.245043
v 8.250000 27.000000 -0.364573
v 8.250000 27.750000 -0.352223
v 8.250000 28.500000 -0.389688
v 8.250000 29.250000 -0.208595
v 8.250000 30.000000 -0.158803
v 9.000000 -30.000000 0.686909
v 9.000000 -29.250000 0.677133
v 9.000000 -28.500000 0.600585
v 9.000000 -27.750000 0.479219
v 9.000000 -27.000000 0.442520
v 9.000000 -26.250000 0.329754
v 9.000000 -25.500000 0.422786
v 9.000000 -24.750000 0.439045
v 9.000000 -24.000000 0.548241
v 9.000000 -23.250000 0.697269
v 9.000000 -22.500000 0.824368
v 9.000000 -21.750000 1.038733
v 9.000000 -21.000000 1.094180
v 9.000000 -20.250000 1.194071
v 9.000000 -19.500000 1.071776
v 9.000000 -18.750000 1.006800
v 9.000000 -18.000000 0.792467
v 9.000000 -17.250000 0.776370
v 9.000000 -16.500000 0.799240
v 9.000000 -15.750000 0.808123
v 9.000000 -15.000000 0.995893
v 9.000000 -14.250000 0.991475
v 9.000000 -13.500000 1.055971
v 9.000000 -12.750000 0.897794
v 9.000000 -12.000000 0.852733
v 9.000000 -11.250000 0.765431
v 9.000000 -10.500000 0.716967
v 9.000000 -9.750000 0.879377
v 9.000000 -9.000000 0.923312
v 9.000000 -8.250000 1.058040
v 9.000000 -7.500000 1.069414
v 9.000000 -6.750000 1.095858
v 9.000000 -6.000000 1.126280
v 9.000000 -5.250000 1.190406
v 9.000000 -4.500000 1.457500
v 9.000000 -3.750000 1.607943
v 9.000000 -3.000000 1.886373
v 9.000000 -2.250000 1.964878
v 9.000000 -1.500000 2.152854
v 9.000000 -0.750000 2.148697
v 9.000000 0.000000 2.045265
v 9.000000 0.750000 2.050674
v 9.000000 1.500000 1.933292
v 9.000000 2.250000 2.056301
v 9.000000 3.000000 2.012086
v 9.000000 3.750000 2.023058
v 9.000000 4.500000 1.815976
v 9.000000 5.250000 1.587296
v 9.000000 6.000000 1.524209
v 9.000000 6.750000 1.370553
v 9.000000 7.500000 1.413504
v 9.000000 8.250000 1.313796
v 9.000000 9.000000 1.269657
v 9.000000 9.750000 1.143696
v 9.000000 10.500000 0.950945
v 9.000000 11.250000 0.925396
v 9.000000 12.000000 0.839952
v 9.000000 12.750000 0.978617
v 9.000000 13.500000 0.986894
v 9.000000 14.250000 1.046858
v 9.000000 15.000000 1.017797
v 9.000000 15.750000 0.758116
v 9.000000 16.500000 0.671828
v 9.000000 17.250000 0.502670
v 9.000000 18.000000 0.547887
v 9.000000 18.750000 0.440575
v 9.000000 19.500000 0.440959
v 9.000000 20.250000 0.256965
v 9.000000 21.000000 0.098903
v 9.000000 21.750000 0.042781
v 9.000000 22.500000 -0.201693
v 9.000000 23.250000 -0.290881
v 9.000000 24.000000 -0.450857
v 9.000000 24.750000 -0.378027
v 9.000000 25.500000 -0.379887
v 9.000000 26.250000 -0.343934
v 9.000000 27.000000 -0.344911
v 9.000000 27.750000 -0.382660
v 9.000000 28.500000 -0.315634
v 9.000000 29.250000 -0.266145
v 9.000000 30.000000 -0.069755
v 9.750000 -30.000000 0.645300
v 9.750000 -29.250000 0.521728
v 9.750000 -28.500000 0.527957
v 9.750000 -27.750000 0.480100
v 9.750000 -27.000000 0.426789
v 9.750000 -26.250000 0.470631
v 9.750000 -25.500000 0.462543
v 9.750000 -24.750000 0.634053
v 9.750000 -24.000000 0.668065
v 9.750000 -23.250000 0.842143
v 9.750000 -22.500000 0.927910
v 9.750000 -21.750000 1.049342
v 9.750000 -21.000000 1.157148
v 9.750000 -20.250000 1.151716
v 9.750000 -19.500000 1.173104
v 9.750000 -18.750000 0.968506
v 9.750000 -18.000000 0.873583
v 9.750000 -17.250000 0.675616
v 9.750000 -16.500000 0.627098
v 9.750000 -15.750000 0.674960
v 9.750000 -15.000000 0.674535
v 9.750000 -14.250000 0.815183
v 9.750000 -13.500000 0.731971
v 9.750000 -12.750000 0.761641
v 9.750000 -12.000000 0.622842
v 9.750000 -11.250000 0.613289
v 9.750000 -10.500000 0.650571
v 9.750000 -9.750000 0.655254
v 9.750000 -9.000000 0.795830
v 9.750000 -8.250000 0.800857
v 9.750000 -7.500000 0.944477
v 9.750000 -6.750000 0.952333
v 9.750000 -6.000000 1.003794
v 9.750000 -5.250000 1.100094
v 9.750000 -4.500000 1.179543
v 9.750000 -3.750000 1.431178
v 9.750000 -3.000000 1.535119
v 9.750000 -2.250000 1.756359
v 9.750000 -1.500000 1.757159
v 9.750000 -0.750000 1.763274
v 9.750000 0.000000 1.662785
v 9.750000 0.750000 1.534882
v 9.750000 1.500000 1.618787
v 9.750000 2.250000 1.649941
v 9.750000 3.000000 1.808947
v 9.750000 3.750000 1.726951
v 9.750000 4.500000 1.601580
v 9.750000 5.250000 1.428611
v 9.750000 6.000000 1.203870
v 9.750000 6.750000 1.178825
v 9.750000 7.500000 1.095499
v 9.750000 8.250000 1.139994
v 9.750000 9.000000 0.974706
v 9.750000 9.750000 0.906795
v 9.750000 10.500000 0.821383
v 9.750000 11.250000 0.747889
v 9.750000 12.000000 0.837082
v 9.750000 12.750000 0.872453
v 9.750000 13.500000 1.027121
v 9.750000 14.250000 1.015267
v 9.750000 15.000000 0.849319
v 9.750000 15.750000 0.735549
v 9.750000 16.500000 0.531447
v 9.750000 17.250000 0.534577
v 9.750000 18.000000 0.437052
v 9.750000 18.750000 0.439313
v 9.750000 19.500000 0.246188
v 9.750000 20.250000 0.117473
v 9.750000 21.000000 -0.080418
v 9.750000 21.750000 -0.283527
v 9.750000 22.500000 -0.402190
v 9.750000 23.250000 -0.655236
v 9.750000 24.000000 -0.651745
v 9.750000 24.750000 -0.697461
v 9.750000 25.500000 -0.532985
v 9.750000 26.250000 -0.504156
v 9.750000 27.000000 -0.482373
v 9.750000 27.750000 -0.462089
v 9.750000 28.500000 -0.468627
v 9.750000 29.250000 -0.290887
v 9.750000 30.000000 -0.235923
v 10.500000 -30.000000 0.419908
v 10.500000 -29.250000 0.477026
v 10.500000 -28.500000 0.414366
v 10.500000 -27.750000 0.450369
v 10.500000 -27.000000 0.407610
v 10.500000 -26.250000 0.484982
v 10.500000 -25.500000 0.576479
v 10.500000 -24.750000 0.639009
v 10.500000 -24.000000 0.789082
v 10.500000 -23.250000 0.767978
v 10.500000 -22.500000 0.892295
v 10.500000 -21.750000 0.894137
v 10.500000 -21.000000 0.954833
v 10.500000 -20.250000 1.070406
v 10.500000 -19.500000 1.004104
v 10.500000 -18.750000 0.974720
v 10.500000 -18.000000 0.740052
v 10.500000 -17.250000 0.653000
v 10.500000 -16.500000 0.472003
v 10.500000 -15.750000 0.396114
v 10.500000 -15.000000 0.474417
v 10.500000 -14.250000 0.424897
v 10.500000 -13.500000 0.513048
v 10.500000 -12.750000 0.434244
v 10.500000 -12.000000 0.495508
v 10.500000 -11.250000 0.432666
v 10.500000 -10.500000 0.501833
v 10.500000 -9.750000 0.531150
v 10.500000 -9.000000 0.524902
v 10.500000 -8.250000 0.661623
v 10.500000 -7.500000 0.679523
v 10.500000 -6.750000 0.832014
v 10.500000 -6.000000 0.805256
v 10.500000 -5.250000 0.853011
v 10.500000 -4.500000 0.964300
v 10.500000 -3.750000 1.002697
v 10.500000 -3.000000 1.215121
v 10.500000 -2.250000 1.297467
v 10.500000 -1.500000 1.461686
v 10.500000 -0.750000 1.359196
v 10.500000 0.000000 1.330567
v 10.500000 0.750000 1.239383
v 10.500000 1.500000 1.168463
v 10.500000 2.250000 1.299353
v 10.500000 3.000000 1.291509
v 10.500000 3.750000 1.397108
v 10.500000 4.500000 1.293640
v 10.500000 5.250000 1.194398
v 10.500000 6.000000 1.092741
v 10.500000 6.750000 0.970847
v 10.500000 7.500000 0.996949
v 10.500000 8.250000 0.907084
v 10.500000 9.000000 0.859068
v 10.500000 9.750000 0.657059
v 10.500000 10.500000 0.627940
v 10.500000 11.250000 0.609228
v 10.500000 12.000000 0.707017
v 10.500000 12.750000 0.837325
v 10.500000 13.500000 0.812780
v 10.500000 14.250000 0.823510
v 10.500000 15.000000 0.682679
v 10.500000 15.750000 0.483731
v 10.500000 16.500000 0.425107
v 10.500000 17.250000 0.397713
v 10.500000 18.000000 0.375119
v 10.500000 18.750000 0.209188
v 10.500000 19.500000 0.095666
v 10.500000 20.250000 -0.206777
v 10.500000 21.000000 -0.449577
v 10.500000 21.750000 -0.554315
v 10.500000 22.500000 -0.813592
v 10.500000 23.250000 -0.884618
v 10.500000 24.000000 -0.992717
v 10.500000 24.750000 -0.847384
v 10.500000 25.500000 -0.801233
v 10.500000 26.250000 -0.692583
v 10.500000 27.000000 -0.645080
v 10.500000 27.750000 -0.695313
v 10.500000 28.500000 -0.618276
v 10.500000 29.250000 -0.557369
v 10.500000 30.000000 -0.352128
v 11.250000 -30.000000 0.402974
v 11.250000 -29.250000 0.365796
v 11.250000 -28.500000 0.462096
v 11.250000 -27.750000 0.373332
v 11.250000 -27.000000 0.465010
v 11.250000 -26.250000 0.436592
v 11.250000 -25.500000 0.585274
v 11.250000 -24.750000 0.655981
v 11.250000 -24.000000 0.703101
v 11.250000 -23.250000 0.747482
v 11.250000 -22.500000 0.678869
v 11.250000 -21.750000 0.760591
v 11.250000 -21.000000 0.775205
v 11.250000 -20.250000 0.836607
v 11.250000 -19.500000 0.929099
v 11.250000 -18.750000 0.802798
v 11.250000 -18.000000 0.768145
v 11.250000 -17.250000 0.551710
v 11.250000 -16.500000 0.467624
v 11.250000 -15.750000 0.348849
v 11.250000 -15.000000 0.295959
v 11.250000 -14.250000 0.326226
v 11.250000 -13.500000 0.239440
v 11.250000 -12.750000 0.312231
v 11.250000 -12.000000 0.232782
v 11.250000 -11.250000 0.309846
v 11.250000 -10.500000 0.285731
v 11.250000 -9.750000 0.336149
v 11.250000 -9.000000 0.374817
v 11.250000 -8.250000 0.392368
v 11.250000 -7.500000 0.565859
v 11.250000 -6.750000 0.575755
v 11.250000 -6.000000 0.667583
v 11.250000 -5.250000 0.649667
v 11.250000 -4.500000 0.703054
v 11.250000 -3.750000 0.791524
v 11.250000 -3.000000 0.875375
v 11.250000 -2.250000 1.068064
v 11.250000 -1.500000 1.152172
v 11.250000 -0.750000 1.200343
v 11.250000 0.000000 1.086432
v 11.250000 0.750000 1.107010
v 11.250000 1.500000 1.045184
v 11.250000 2.250000 0.955208
v 11.250000 3.000000 1.011324
v 11.250000 3.750000 0.942949
v 11.250000 4.500000 1.009062
v 11.250000 5.250000 0.920663
v 11.250000 6.000000 0.869681
v 11.250000 6.750000 0.816355
v 11.250000 7.500000 0.760407
v 11.250000 8.250000 0.764624
v 11.250000 9.000000 0.630080
v 11.250000 9.750000 0.578712
v 11.250000 10.500000 0.424624
v 11.250000 11.250000 0.518834
v 11.250000 12.000000 0.564076
v 11.250000 12.750000 0.626895
v 11.250000 13.500000 0.669390
v 11.250000 14.250000 0.537323
v 11.250000 15.000000 0.459446
v 11.250000 15.750000 0.293442
v 11.250000 16.500000 0.232651
v 11.250000 17.250000 0.212711
v 11.250000 18.000000 0.135220
v 11.250000 18.750000 0.041473
v 11.250000 19.500000 -0.246960
v 11.250000 20.250000 -0.442119
v 11.250000 21.000000 -0.728381
v 11.250000 21.750000 -0.874324
v 11.250000 22.500000 -0.976391
v 11.250000 23.250000 -1.147815
v 11.250000 24.000000 -1.099884
v 11.250000 24.750000 -1.084707
v 11.250000 25.500000 -0.904708
v 11.250000 26.250000 -0.860419
v 11.250000 27.000000 -0.903248
v 11.250000 27.750000 -0.874415
v 11.250000 28.500000 -0.902202
v 11.250000 29.250000 -0.695753
v 11.250000 30.000000 -0.616702
v 12.000000 -30.000000 0.425198
v 12.000000 -29.250000 0.503924
v 12.000000 -28.500000 0.473998
v 12.000000 -27.750000 0.510447
v 12.000000 -27.000000 0.482614
v 12.000000 -26.250000 0.606259
v 12.000000 -25.500000 0.605239
v 12.000000 -24.750000 0.749772
v 12.000000 -24.000000 0.732400
v 12.000000 -23.250000 0.726196
v 12.000000 -22.500000 0.732502
v 12.000000 -21.750000 0.639488
v 12.000000 -21.000000 0.722697
v 12.000000 -20.250000 0.740968
v 12.000000 -19.500000 0.758667
v 12.000000 -18.750000 0.842281
v 12.000000 -18.000000 0.733390
v 12.000000 -17.250000 0.733370
v 12.000000 -16.500000 0.556491
v 12.000000 -15.750000 0.519864
v 12.000000 -15.000000 0.350182
v 12.000000 -14.250000 0.283375
v 12.000000 -13.500000 0.212209
v 12.000000 -12.750000 0.094533
v 12.000000 -12.000000 0.141780
v 12.000000 -11.250000 0.067305
v 12.000000 -10.500000 0.151841
v 12.000000 -9.750000 0.116606
v 12.000000 -9.000000 0.159412
v 12.000000 -8.250000 0.266922
v 12.000000 -7.500000 0.306221
v 12.000000 -6.750000 0.477798
v 12.000000 -6.000000 0.441904
v 12.000000 -5.250000 0.559088
v 12.000000 -4.500000 0.567927
v 12.000000 -3.750000 0.673872
v 12.000000 -3.000000 0.785040
v 12.000000 -2.250000 0.979510
v 12.000000 -1.500000 1.059695
v 12.000000 -0.750000 1.047484
v 12.000000 0.000000 1.077170
v 12.000000 0.750000 0.981768
v 12.000000 1.500000 0.936535
v 12.000000 2.250000 0.852756
v 12.000000 3.000000 0.733094
v 12.000000 3.750000 0.754117
v 12.000000 4.500000 0.665311
v 12.000000 5.250000 0.709346
v 12.000000 6.000000 0.595339
v 12.000000 6.750000 0.525243
v 12.000000 7.500000 0.487575
v 12.000000 8.250000 0.457371
v 12.000000 9.000000 0.470313
v 12.000000 9.750000 0.335692
v 12.000000 10.500000 0.350854
v 12.000000 11.250000 0.284000
v 12.000000 12.000000 0.382777
v 12.000000 12.750000 0.385945
v 12.000000 13.500000 0.373448
v 12.000000 14.250000 0.394397
v 12.000000 15.000000 0.242232
v 12.000000 15.750000 0.196579
v 12.000000 16.500000 0.050016
v 12.000000 17.250000 -0.011442
v 12.000000 18.000000 -0.089652
v 12.000000 18.750000 -0.259559
v 12.000000 19.500000 -0.374750
v 12.000000 20.250000 -0.641061
v 12.000000 21.000000 -0.734330
v 12.000000 21.750000 -0.864163
v 12.000000 22.500000 -0.997533
v 12.000000 23.250000 -1.083593
v 12.000000 24.000000 -1.154429
v 12.000000 24.750000 -1.048800
v 12.000000 25.500000 -1.028833
v 12.000000 26.250000 -0.946006
v 12.000000 27.000000 -0.963778
v 12.000000 27.750000 -1.046128
v 12.000000 28.500000 -1.007182
v 12.000000 29.250000 -0.888132
v 12.000000 30.000000 -0.651485
v 12.750000 -30.000000 0.587736
v 12.750000 -29.250000 0.644449
v 12.750000 -28.500000 0.626461
v 12.750000 -27.750000 0.615455
v 12.750000 -27.000000 0.698732
v 12.750000 -26.250000 0.695318
v 12.750000 -25.500000 0.837973
v 12.750000 -24.750000 0.807344
v 12.750000 -24.000000 0.887912
v 12.750000 -23.250000 0.875553
v 12.750000 -22.500000 0.825431
v 12.750000 -21.750000 0.848376
v 12.750000 -21.000000 0.730548
v 12.750000 -20.250000 0.783196
v 12.750000 -19.500000 0.790958
v 12.750000 -18.750000 0.813671
v 12.750000 -18.000000 0.945089
v 12.750000 -17.250000 0.861386
v 12.750000 -16.500000 0.896649
v 12.750000 -15.750000 0.708113
v 12.750000 -15.000000 0.600184
v 12.750000 -14.250000 0.331094
v 12.750000 -13.500000 0.208429
v 12.750000 -12.750000 0.100412
v 12.750000 -12.000000 -0.033091
v 12.750000 -11.250000 0.033146
v 12.750000 -10.500000 -0.033439
v 12.750000 -9.750000 0.039143
v 12.750000 -9.000000 0.041564
v 12.750000 -8.250000 0.127217
v 12.750000 -7.500000 0.281560
v 12.750000 -6.750000 0.323653
v 12.750000 -6.000000 0.457591
v 12.750000 -5.250000 0.444294
v 12.750000 -4.500000 0.590580
v 12.750000 -3.750000 0.618075
v 12.750000 -3.000000 0.800068
v 12.750000 -2.250000 0.916706
v 12.750000 -1.500000 1.026019
v 12.750000 -0.750000 1.012839
v 12.750000 0.000000 0.917134
v 12.750000 0.750000 0.938826
v 12.750000 1.500000 0.798067
v 12.750000 2.250000 0.689654
v 12.750000 3.000000 0.641610
v 12.750000 3.750000 0.577282
v 12.750000 4.500000 0.582807
v 12.750000 5.250000 0.457775
v 12.750000 6.000000 0.428064
v 12.750000 6.750000 0.256704
v 12.750000 7.500000 0.211325
v 12.750000 8.250000 0.227635
v 12.750000 9.000000 0.183481
v 12.750000 9.750000 0.216830
v 12.750000 10.500000 0.106667
v 12.750000 11.250000 0.170326
v 12.750000 12.000000 0.106106
v 12.750000 12.750000 0.137209
v 12.750000 13.500000 0.142141
v 12.750000 14.250000 0.187490
v 12.750000 15.000000 0.206510
v 12.750000 15.750000 0.078184
v 12.750000 16.500000 0.035960
v 12.750000 17.250000 -0.135433
v 12.750000 18.000000 -0.237612
v 12.750000 18.750000 -0.325562
v 12.750000 19.500000 -0.459785
v 12.750000 20.250000 -0.508326
v 12.750000 21.000000 -0.642819
v 12.750000 21.750000 -0.611868
v 12.750000 22.500000 -0.780098
v 12.750000 23.250000 -0.889066
v 12.750000 24.000000 -0.975308
v 12.750000 24.750000 -0.967372
v 12.750000 25.500000 -0.866205
v 12.750000 26.250000 -0.902077
v 12.750000 27.000000 -0.863307
v 12.750000 27.750000 -0.961801
v 12.750000 28.500000 -0.918360
v 12.750000 29.250000 -0.820190
v 12.750000 30.000000 -0.642107
v 13.500000 -30.000000 0.866069
v 13.500000 -29.250000 0.818426
v 13.500000 -28.500000 0.806727
v 13.500000 -27.750000 0.810282
v 13.500000 -27.000000 0.833939
v 13.500000 -26.250000 0.981497
v 13.500000 -25.500000 0.955159
v 13.500000 -24.750000 1.025168
v 13.500000 -24.000000 1.008214
v 13.500000 -23.250000 1.066894
v 13.500000 -22.500000 1.119947
v 13.500000 -21.750000 1.028434
v 13.500000 -21.000000 0.989742
v 13.500000 -20.250000 0.822571
v 13.500000 -19.500000 0.875384
v 13.500000 -18.750000 0.989801
v 13.500000 -18.000000 1.037937
v 13.500000 -17.250000 1.165917
v 13.500000 -16.500000 1.112962
v 13.500000 -15.750000 1.040213
v 13.500000 -15.000000 0.763754
v 13.500000 -14.250000 0.556883
v 13.500000 -13.500000 0.262908
v 13.500000 -12.750000 0.092228
v 13.500000 -12.000000 0.051031
v 13.500000 -11.250000 -0.034428
v 13.500000 -10.500000 0.048802
v 13.500000 -9.750000 -0.018439
v 13.500000 -9.000000 0.107132
v 13.500000 -8.250000 0.162264
v 13.500000 -7.500000 0.302183
v 13.500000 -6.750000 0.420550
v 13.500000 -6.000000 0.451349
v 13.500000 -5.250000 0.571737
v 13.500000 -4.500000 0.554431
v 13.500000 -3.750000 0.701982
v 13.500000 -3.000000 0.766075
v 13.500000 -2.250000 0.931337
v 13.500000 -1.500000 0.929320
v 13.500000 -0.750000 0.893191
v 13.500000 0.000000 0.890656
v 13.500000 0.750000 0.758319
v 13.500000 1.500000 0.710117
v 13.500000 2.250000 0.625184
v 13.500000 3.000000 0.591850
v 13.500000 3.750000 0.567483
v 13.500000 4.500000 0.489406
v 13.500000 5.250000 0.448981
v 13.500000 6.000000 0.245498
v 13.500000 6.750000 0.188625
v 13.500000 7.500000 0.063161
v 13.500000 8.250000 0.066990
v 13.500000 9.000000 0.061126
v 13.500000 9.750000 0.004896
v 13.500000 10.500000 0.044631
v 13.500000 11.250000 -0.051698
v 13.500000 12.000000 -0.028875
v 13.500000 12.750000 -0.089373
v 13.500000 13.500000 -0.021741
v 13.500000 14.250000 0.044628
v 13.500000 15.000000 0.161246
v 13.500000 15.750000 0.172773
v 13.500000 16.500000 0.033353
v 13.500000 17.250000 -0.029933
v 13.500000 18.000000 -0.198855
v 13.500000 18.750000 -0.269106
v 13.500000 19.500000 -0.314214
v 13.500000 20.250000 -0.382400
v 13.500000 21.000000 -0.325850
v 13.500000 21.750000 -0.415542
v 13.500000 22.500000 -0.446770
v 13.500000 23.250000 -0.645197
v 13.500000 24.000000 -0.677968
v 13.500000 24.750000 -0.755629
v 13.500000 25.500000 -0.661152
v 13.500000 26.250000 -0.595249
v 13.500000 27.000000 -0.646307
v 13.500000 27.750000 -0.596684
v 13.500000 28.500000 -0.681289
v 13.500000 29.250000 -0.509502
v 13.500000 30.000000 -0.381200
v 14.250000 -30.000000 1.042042
v 14.250000 -29.250000 1.075962
v 14.250000 -28.500000 0.965435
v 14.250000 -27.750000 0.997600
v 14.250000 -27.000000 1.088491
v 14.250000 -26.250000 1.091985
v 14.250000 -25.500000 1.195677
v 14.250000 -24.750000 1.100228
v 14.250000 -24.000000 1.170035
v 14.250000 -23.250000 1.247096
v 14.250000 -22.500000 1.254978
v 14.250000 -21.750000 1.270095
v 14.250000 -21.000000 1.087042
v 14.250000 -20.250000 1.012536
v 14.250000 -19.500000 0.923704
v 14.250000 -18.750000 1.081494
v 14.250000 -18.000000 1.224172
v 14.250000 -17.250000 1.290496
v 14.250000 -16.500000 1.334531
v 14.250000 -15.750000 1.202904
v 14.250000 -15.000000 0.954385
v 14.250000 -14.250000 0.605796
v 14.250000 -13.500000 0.425376
v 14.250000 -12.750000 0.221373
v 14.250000 -12.000000 0.135099
v 14.250000 -11.250000 0.184889
v 14.250000 -10.500000 0.157767
v 14.250000 -9.750000 0.228100
v 14.250000 -9.000000 0.211888
v 14.250000 -8.250000 0.386004
v 14.250000 -7.500000 0.446299
v 14.250000 -6.750000 0.588845
v 14.250000 -6.000000 0.614130
v 14.250000 -5.250000 0.598811
v 14.250000 -4.500000 0.682531
v 14.250000 -3.750000 0.675158
v 14.250000 -3.000000 0.809853
v 14.250000 -2.250000 0.876231
v 14.250000 -1.500000 0.909291
v 14.250000 -0.750000 0.883329
v 14.250000 0.000000 0.775703
v 14.250000 0.750000 0.782452
v 14.250000 1.500000 0.637532
v 14.250000 2.250000 0.612004
v 14.250000 3.000000 0.578685
v 14.250000 3.750000 0.556667
v 14.250000 4.500000 0.526433
v 14.250000 5.250000 0.424194
v 14.250000 6.000000 0.346146
v 14.250000 6.750000 0.181976
v 14.250000 7.500000 0.200360
v 14.250000 8.250000 0.055227
v 14.250000 9.000000 0.049874
v 14.250000 9.750000 -0.031844
v 14.250000 10.500000 -0.048307
v 14.250000 11.250000 -0.030588
v 14.250000 12.000000 -0.169629
v 14.250000 12.750000 -0.151855
v 14.250000 13.500000 -0.143999
v 14.250000 14.250000 0.001129
v 14.250000 15.000000 0.111180
v 14.250000 15.750000 0.246565
v 14.250000 16.500000 0.213574
v 14.250000 17.250000 0.083991
v 14.250000 18.000000 0.053417
v 14.250000 18.750000 -0.077104
v 14.250000 19.500000 -0.185813
v 14.250000 20.250000 -0.175783
v 14.250000 21.000000 -0.258191
v 14.250000 21.750000 -0.192033
v 14.250000 22.500000 -0.345749
v 14.250000 23.250000 -0.367510
v 14.250000 24.000000 -0.508067
v 14.250000 24.750000 -0.430129
v 14.250000 25.500000 -0.440428
v 14.250000 26.250000 -0.291044
v 14.250000 27.000000 -0.252977
v 14.250000 27.750000 -0.286426
v 14.250000 28.500000 -0.219344
v 14.250000 29.250000 -0.217587
v 14.250000 30.000000 -0.078736
v 15.000000 -30.000000 1.335933
v 15.000000 -29.250000 1.223444
v 15.000000 -28.500000 1.236112
v 15.000000 -27.750000 1.151780
v 15.000000 -27.000000 1.192676
v 15.000000 -26.250000 1.258106
v 15.000000 -25.500000 1.179528
v 15.000000 -24.750000 1.183822
v 15.000000 -24.000000 1.170008
v 15.000000 -23.250000 1.245597
v 15.000000 -22.500000 1.317937
v 15.000000 -21.750000 1.273088
v 15.000000 -21.000000 1.182398
v 15.000000 -20.250000 1.046986
v 15.000000 -19.500000 1.093737
v 15.000000 -18.750000 1.118247
v 15.000000 -18.000000 1.316835
v 15.000000 -17.250000 1.325487
v 15.000000 -16.500000 1.381356
v 15.000000 -15.750000 1.244840
v 15.000000 -15.000000 0.989785
v 15.000000 -14.250000 0.745213
v 15.000000 -13.500000 0.460265
v 15.000000 -12.750000 0.399356
v 15.000000 -12.000000 0.350049
v 15.000000 -11.250000 0.405762
v 15.000000 -10.500000 0.425450
v 15.000000 -9.750000 0.418255
v 15.000000 -9.000000 0.532408
v 15.000000 -8.250000 0.554240
v 15.000000 -7.500000 0.749853
v 15.000000 -6.750000 0.765039
v 15.000000 -6.000000 0.813342
v 15.000000 -5.250000 0.751597
v 15.000000 -4.500000 0.634596
v 15.000000 -3.750000 0.709067
v 15.000000 -3.000000 0.753799
v 15.000000 -2.250000 0.868778
v 15.000000 -1.500000 0.878528
v 15.000000 -0.750000 0.841442
v 15.000000 0.000000 0.855309
v 15.000000 0.750000 0.728270
v 15.000000 1.500000 0.733903
v 15.000000 2.250000 0.591481
v 15.000000 3.000000 0.629905
v 15.000000 3.750000 0.560788
v 15.000000 4.500000 0.552101
v 15.000000 5.250000 0.524337
v 15.000000 6.000000 0.451710
v 15.000000 6.750000 0.417515
v 15.000000 7.500000 0.359168
v 15.000000 8.250000 0.325882
v 15.000000 9.000000 0.147119
v 15.000000 9.750000 0.135018
v 15.000000 10.500000 0.035343
v 15.000000 11.250000 0.007900
v 15.000000 12.000000 -0.043534
v 15.000000 12.750000 -0.200661
v 15.000000 13.500000 -0.174364
v 15.000000 14.250000 -0.127823
v 15.000000 15.000000 0.093014
v 15.000000 15.750000 0.194345
v 15.000000 16.500000 0.343864
v 15.000000 17.250000 0.316749
v 15.000000 18.000000 0.195106
v 15.000000 18.750000 0.101171
v 15.000000 19.500000 -0.063875
v 15.000000 20.250000 -0.262812
v 15.000000 21.000000 -0.280443
v 15.000000 21.750000 -0.345165
v 15.000000 22.500000 -0.328133
v 15.000000 23.250000 -0.355194
v 15.000000 24.000000 -0.277341
v 15.000000 24.750000 -0.277379
v 15.000000 25.500000 -0.115951
v 15.000000 26.250000 -0.075090
v 15.000000 27.000000 0.065514
v 15.000000 27.750000 0.096084
v 15.000000 28.500000 0.058674
v 15.000000 29.250000 0.170364
v 15.000000 30.000000 0.166792
v 15.750000 -30.000000 1.427110
v 15.750000 -29.250000 1.466420
v 15.750000 -28.500000 1.317268
v 15.750000 -27.750000 1.316329
v 15.750000 -27.000000 1.194656
v 15.750000 -26.250000 1.159261
v 15.750000 -25.500000 1.179030
v 15.750000 -24.750000 1.043619
v 15.750000 -24.000000 1.106767
v 15.750000 -23.250000 1.104721
v 15.750000 -22.500000 1.196170
v 15.750000 -21.750000 1.181322
v 15.750000 -21.000000 1.142415
v 15.750000 -20.250000 1.121690
v 15.750000 -19.500000 1.123305
v 15.750000 -18.750000 1.209480
v 15.750000 -18.000000 1.222821
v 15.750000 -17.250000 1.328236
v 15.750000 -16.500000 1.270643
v 15.750000 -15.750000 1.210631
v 15.750000 -15.000000 1.009709
v 15.750000 -14.250000 0.747973
v 15.750000 -13.500000 0.624790
v 15.750000 -12.750000 0.469311
v 15.750000 -12.000000 0.543014
v 15.750000 -11.250000 0.536138
v 15.750000 -10.500000 0.587300
v 15.750000 -9.750000 0.592709
v 15.750000 -9.000000 0.603777
v 15.750000 -8.250000 0.803644
v 15.750000 -7.500000 0.872582
v 15.750000 -6.750000 1.041057
v 15.750000 -6.000000 0.926036
v 15.750000 -5.250000 0.839749
v 15.750000 -4.500000 0.758921
v 15.750000 -3.750000 0.656030
v 15.750000 -3.000000 0.801933
v 15.750000 -2.250000 0.790754
v 15.750000 -1.500000 0.845481
v 15.750000 -0.750000 0.812098
v 15.750000 0.000000 0.778812
v 15.750000 0.750000 0.803397
v 15.750000 1.500000 0.755191
v 15.750000 2.250000 0.760409
v 15.750000 3.000000 0.647033
v 15.750000 3.750000 0.665458
v 15.750000 4.500000 0.585472
v 15.750000 5.250000 0.562104
v 15.750000 6.000000 0.566057
v 15.750000 6.750000 0.567170
v 15.750000 7.500000 0.573244
v 15.750000 8.250000 0.494123
v 15.750000 9.000000 0.430374
v 15.750000 9.750000 0.233154
v 15.750000 10.500000 0.214054
v 15.750000 11.250000 0.094663
v 15.750000 12.000000 -0.037309
v 15.750000 12.750000 -0.114006
v 15.750000 13.500000 -0.270820
v 15.750000 14.250000 -0.197750
v 15.750000 15.000000 -0.118829
v 15.750000 15.750000 0.157177
v 15.750000 16.500000 0.251549
v 15.750000 17.250000 0.331848
v 15.750000 18.000000 0.314248
v 15.750000 18.750000 0.048002
v 15.750000 19.500000 -0.166578
v 15.750000 20.250000 -0.388661
v 15.750000 21.000000 -0.515882
v 15.750000 21.750000 -0.542026
v 15.750000 22.500000 -0.462484
v 15.750000 23.250000 -0.354627
v 15.750000 24.000000 -0.258902
v 15.750000 24.750000 -0.081917
v 15.750000 25.500000 -0.060807
v 15.750000 26.250000 0.149538
v 15.750000 27.000000 0.209600
v 15.750000 27.750000 0.304433
v 15.750000 28.500000 0.408255
v 15.750000 29.250000 0.346637
v 15.750000 30.000000 0.350530
v 16.500000 -30.000000 1.553034
v 16.500000 -29.250000 1.485299
v 16.500000 -28.500000 1.434098
v 16.500000 -27.750000 1.244699
v 16.500000 -27.000000 1.184220
v 16.500000 -26.250000 1.055964
v 16.500000 -25.500000 0.984103
v 16.500000 -24.750000 1.003345
v 16.500000 -24.000000 0.889012
v 16.500000 -23.250000 0.960520
v 16.500000 -22.500000 0.894073
v 16.500000 -21.750000 0.984308
v 16.500000 -21.000000 0.982270
v 16.500000 -20.250000 1.058489
v 16.500000 -19.500000 1.109672
v 16.500000 -18.750000 1.138904
v 16.500000 -18.000000 1.123830
v 16.500000 -17.250000 1.075303
v 16.500000 -16.500000 1.148530
v 16.500000 -15.750000 1.058617
v 16.500000 -15.000000 0.953483
v 16.500000 -14.250000 0.774596
v 16.500000 -13.500000 0.591791
v 16.500000 -12.750000 0.596157
v 16.500000 -12.000000 0.520716
v 16.500000 -11.250000 0.619571
v 16.500000 -10.500000 0.539393
v 16.500000 -9.750000 0.549073
v 16.500000 -9.000000 0.647925
v 16.500000 -8.250000 0.722213
v 16.500000 -7.500000 0.985183
v 16.500000 -6.750000 1.014689
v 16.500000 -6.000000 1.055392
v 16.500000 -5.250000 0.883865
v 16.500000 -4.500000 0.782885
v 16.500000 -3.750000 0.767132
v 16.500000 -3.000000 0.759832
v 16.500000 -2.250000 0.833360
v 16.500000 -1.500000 0.724623
v 16.500000 -0.750000 0.749776
v 16.500000 0.000000 0.696476
v 16.500000 0.750000 0.793997
v 16.500000 1.500000 0.779725
v 16.500000 2.250000 0.781530
v 16.500000 3.000000 0.732789
v 16.500000 3.750000 0.567146
v 16.500000 4.500000 0.529674
v 16.500000 5.250000 0.476151
v 16.500000 6.000000 0.466930
v 16.500000 6.750000 0.530732
v 16.500000 7.500000 0.573533
v 16.500000 8.250000 0.561080
v 16.500000 9.000000 0.417669
v 16.500000 9.750000 0.336745
v 16.500000 10.500000 0.121015
v 16.500000 11.250000 0.082171
v 16.500000 12.000000 -0.075397
v 16.500000 12.750000 -0.205738
v 16.500000 13.500000 -0.266303
v 16.500000 14.250000 -0.393178
v 16.500000 15.000000 -0.232727
v 16.500000 15.750000 -0.128919
v 16.500000 16.500000 0.094480
v 16.500000 17.250000 0.162039
v 16.500000 18.000000 0.042928
v 16.500000 18.750000 -0.091155
v 16.500000 19.500000 -0.418918
v 16.500000 20.250000 -0.542463
v 16.500000 21.000000 -0.723283
v 16.500000 21.750000 -0.664069
v 16.500000 22.500000 -0.611661
v 16.500000 23.250000 -0.452207
v 16.500000 24.000000 -0.253063
v 16.500000 24.750000 -0.208087
v 16.500000 25.500000 -0.040711
v 16.500000 26.250000 0.017404
v 16.500000 27.000000 0.215570
v 16.500000 27.750000 0.339452
v 16.500000 28.500000 0.388474
v 16.500000 29.250000 0.457843
v 16.500000 30.000000 0.272846
v 17.250000 -30.000000 1.500026
v 17.250000 -29.250000 1.491036
v 17.250000 -28.500000 1.368831
v 17.250000 -27.750000 1.243852
v 17.250000 -27.000000 1.013272
v 17.250000 -26.250000 0.972979
v 17.250000 -25.500000 0.943811
v 17.250000 -24.750000 0.860709
v 17.250000 -24.000000 0.820078
v 17.250000 -23.250000 0.685939
v 17.250000 -22.500000 0.672697
v 17.250000 -21.750000 0.604371
v 17.250000 -21.000000 0.766593
v 17.250000 -20.250000 0.874552
v 17.250000 -19.500000 0.979500
v 17.250000 -18.750000 0.936602
v 17.250000 -18.000000 0.877478
v 17.250000 -17.250000 0.883685
v 17.250000 -16.500000 0.825999
v 17.250000 -15.750000 0.889229
v 17.250000 -15.000000 0.801929
v 17.250000 -14.250000 0.690017
v 17.250000 -13.500000 0.566397
v 17.250000 -12.750000 0.462395
v 17.250000 -12.000000 0.518616
v 17.250000 -11.250000 0.428567
v 17.250000 -10.500000 0.454369
v 17.250000 -9.750000 0.345225
v 17.250000 -9.000000 0.403670
v 17.250000 -8.250000 0.603629
v 17.250000 -7.500000 0.737915
v 17.250000 -6.750000 0.943219
v 17.250000 -6.000000 0.875426
v 17.250000 -5.250000 0.895087
v 17.250000 -4.500000 0.764807
v 17.250000 -3.750000 0.785922
v 17.250000 -3.000000 0.773828
v 17.250000 -2.250000 0.717131
v 17.250000 -1.500000 0.680078
v 17.250000 -0.750000 0.532071
v 17.250000 0.000000 0.604721
v 17.250000 0.750000 0.598320
v 17.250000 1.500000 0.722415
v 17.250000 2.250000 0.621060
v 17.250000 3.000000 0.501546
v 17.250000 3.750000 0.434362
v 17.250000 4.500000 0.236440
v 17.250000 5.250000 0.172061
v 17.250000 6.000000 0.185191
v 17.250000 6.750000 0.262126
v 17.250000 7.500000 0.341389
v 17.250000 8.250000 0.337047
v 17.250000 9.000000 0.299781
v 17.250000 9.750000 0.053007
v 17.250000 10.500000 -0.061311
v 17.250000 11.250000 -0.225689
v 17.250000 12.000000 -0.228466
v 17.250000 12.750000 -0.354377
v 17.250000 13.500000 -0.421665
v 17.250000 14.250000 -0.461859
v 17.250000 15.000000 -0.508008
v 17.250000 15.750000 -0.321212
v 17.250000 16.500000 -0.269608
v 17.250000 17.250000 -0.203923
v 17.250000 18.000000 -0.251261
v 17.250000 18.750000 -0.475143
v 17.250000 19.500000 -0.595369
v 17.250000 20.250000 -0.748002
v 17.250000 21.000000 -0.722992
v 17.250000 21.750000 -0.790685
v 17.250000 22.500000 -0.645330
v 17.250000 23.250000 -0.518418
v 17.250000 24.000000 -0.468246
v 17.250000 24.750000 -0.318060
v 17.250000 25.500000 -0.329446
v 17.250000 26.250000 -0.138404
v 17.250000 27.000000 -0.045725
v 17.250000 27.750000 0.132209
v 17.250000 28.500000 0.248269
v 17.250000 29.250000 0.226431
v 17.250000 30.000000 0.144321
v 18.000000 -30.000000 1.403446
v 18.000000 -29.250000 1.360979
v 18.000000 -28.500000 1.253781
v 18.000000 -27.750000 1.082943
v 18.000000 -27.000000 0.996419
v 18.000000 -26.250000 0.863266
v 18.000000 -25.500000 0.900493
v 18.000000 -24.750000 0.840965
v 18.000000 -24.000000 0.729590
v 18.000000 -23.250000 0.518768
v 18.000000 -22.500000 0.390253
v 18.000000 -21.750000 0.390817
v 18.000000 -21.000000 0.419804
v 18.000000 -20.250000 0.651247
v 18.000000 -19.500000 0.671422
v 18.000000 -18.750000 0.696473
v 18.000000 -18.000000 0.594019
v 18.000000 -17.250000 0.517736
v 18.000000 -16.500000 0.616146
v 18.000000 -15.750000 0.572053
v 18.000000 -15.000000 0.628985
v 18.000000 -14.250000 0.464789
v 18.000000 -13.500000 0.381374
v 18.000000 -12.750000 0.344473
v 18.000000 -12.000000 0.293895
v 18.000000 -11.250000 0.307593
v 18.000000 -10.500000 0.181913
v 18.000000 -9.750000 0.177959
v 18.000000 -9.000000 0.131018
v 18.000000 -8.250000 0.290552
v 18.000000 -7.500000 0.490055
v 18.000000 -6.750000 0.599268
v 18.000000 -6.000000 0.703800
v 18.000000 -5.250000 0.638541
v 18.000000 -4.500000 0.705833
v 18.000000 -3.750000 0.630504
v 18.000000 -3.000000 0.687506
v 18.000000 -2.250000 0.570231
v 18.000000 -1.500000 0.417232
v 18.000000 -0.750000 0.377098
v 18.000000 0.000000 0.283645
v 18.000000 0.750000 0.402954
v 18.000000 1.500000 0.341100
v 18.000000 2.250000 0.329825
v 18.000000 3.000000 0.144175
v 18.000000 3.750000 -0.020637
v 18.000000 4.500000 -0.088391
v 18.000000 5.250000 -0.223649
v 18.000000 6.000000 -0.195085
v 18.000000 6.750000 -0.102019
v 18.000000 7.500000 -0.008649
v 18.000000 8.250000 0.034802
v 18.000000 9.000000 -0.123412
v 18.000000 9.750000 -0.236325
v 18.000000 10.500000 -0.500066
v 18.000000 11.250000 -0.523205
v 18.000000 12.000000 -0.606551
v 18.000000 12.750000 -0.525554
v 18.000000 13.500000 -0.621433
v 18.000000 14.250000 -0.628179
v 18.000000 15.000000 -0.636512
v 18.000000 15.750000 -0.633036
v 18.000000 16.500000 -0.504501
v 18.000000 17.250000 -0.538652
v 18.000000 18.000000 -0.614099
v 18.000000 18.750000 -0.737949
v 18.000000 19.500000 -0.786849
v 18.000000 20.250000 -0.827194
v 18.000000 21.000000 -0.786082
v 18.000000 21.750000 -0.713295
v 18.000000 22.500000 -0.711702
v 18.000000 23.250000 -0.653795
v 18.000000 24.000000 -0.555166
v 18.000000 24.750000 -0.606207
v 18.000000 25.500000 -0.471157
v 18.000000 26.250000 -0.442829
v 18.000000 27.000000 -0.231678
v 18.000000 27.750000 -0.137393
v 18.000000 28.500000 -0.004084
v 18.000000 29.250000 -0.053227
v 18.000000 30.000000 -0.086300
v 18.750000 -30.000000 1.277354
v 18.750000 -29.250000 1.223599
v 18.750000 -28.500000 1.155204
v 18.750000 -27.750000 1.003901
v 18.750000 -27.000000 0.908707
v 18.750000 -26.250000 0.970022
v 18.750000 -25.500000 0.923127
v 18.750000 -24.750000 0.934259
v 18.750000 -24.000000 0.691951
v 18.750000 -23.250000 0.543482
v 18.750000 -22.500000 0.332460
v 18.750000 -21.750000 0.235089
v 18.750000 -21.000000 0.353270
v 18.750000 -20.250000 0.361742
v 18.750000 -19.500000 0.461918
v 18.750000 -18.750000 0.342713
v 18.750000 -18.000000 0.279189
v 18.750000 -17.250000 0.300918
v 18.750000 -16.500000 0.275908
v 18.750000 -15.750000 0.392944
v 18.750000 -15.000000 0.313052
v 18.750000 -14.250000 0.306551
v 18.750000 -13.500000 0.166543
v 18.750000 -12.750000 0.188534
v 18.750000 -12.000000 0.174973
v 18.750000 -11.250000 0.170055
v 18.750000 -10.500000 0.103162
v 18.750000 -9.750000 -0.023839
v 18.750000 -9.000000 0.048332
v 18.750000 -8.250000 0.069909
v 18.750000 -7.500000 0.274889
v 18.750000 -6.750000 0.361511
v 18.750000 -6.000000 0.421415
v 18.750000 -5.250000 0.502924
v 18.750000 -4.500000 0.463321
v 18.750000 -3.750000 0.535373
v 18.750000 -3.000000 0.412886
v 18.750000 -2.250000 0.309543
v 18.750000 -1.500000 0.200262
v 18.750000 -0.750000 0.042637
v 18.750000 0.000000 0.083026
v 18.750000 0.750000 0.071524
v 18.750000 1.500000 0.106553
v 18.750000 2.250000 -0.056811
v 18.750000 3.000000 -0.153945
v 18.750000 3.750000 -0.284257
v 18.750000 4.500000 -0.469495
v 18.750000 5.250000 -0.484256
v 18.750000 6.000000 -0.536817
v 18.750000 6.750000 -0.404530
v 18.750000 7.500000 -0.347699
v 18.750000 8.250000 -0.364201
v 18.750000 9.000000 -0.424084
v 18.750000 9.750000 -0.676214
v 18.750000 10.500000 -0.773315
v 18.750000 11.250000 -0.921957
v 18.750000 12.000000 -0.798862
v 18.750000 12.750000 -0.803120
v 18.750000 13.500000 -0.672378
v 18.750000 14.250000 -0.744440
v 18.750000 15.000000 -0.696009
v 18.750000 15.750000 -0.672560
v 18.750000 16.500000 -0.727717
v 18.750000 17.250000 -0.695617
v 18.750000 18.000000 -0.830056
v 18.750000 18.750000 -0.864955
v 18.750000 19.500000 -0.916438
v 18.750000 20.250000 -0.781176
v 18.750000 21.000000 -0.717575
v 18.750000 21.750000 -0.703184
v 18.750000 22.500000 -0.622709
v 18.750000 23.250000 -0.662234
v 18.750000 24.000000 -0.724857
v 18.750000 24.750000 -0.686099
v 18.750000 25.500000 -0.698541
v 18.750000 26.250000 -0.517798
v 18.750000 27.000000 -0.466400
v 18.750000 27.750000 -0.265761
v 18.750000 28.500000 -0.266247
v 18.750000 29.250000 -0.225036
v 18.750000 30.000000 -0.344857
v 19.500000 -30.000000 1.172905
v 19.500000 -29.250000 1.215819
v 19.500000 -28.500000 1.035560
v 19.500000 -27.750000 1.021508
v 19.500000 -27.000000 0.984186
v 19.500000 -26.250000 0.989431
v 19.500000 -25.500000 1.108756
v 19.500000 -24.750000 0.956751
v 19.500000 -24.000000 0.850341
v 19.500000 -23.250000 0.575624
v 19.500000 -22.500000 0.437344
v 19.500000 -21.750000 0.376442
v 19.500000 -21.000000 0.317358
v 19.500000 -20.250000 0.351574
v 19.500000 -19.500000 0.200203
v 19.500000 -18.750000 0.169608
v 19.500000 -18.000000 0.075118
v 19.500000 -17.250000 0.071002
v 19.500000 -16.500000 0.153993
v 19.500000 -15.750000 0.158154
v 19.500000 -15.000000 0.188274
v 19.500000 -14.250000 0.067005
v 19.500000 -13.500000 0.116484
v 19.500000 -12.750000 0.077994
v 19.500000 -12.000000 0.159755
v 19.500000 -11.250000 0.111800
v 19.500000 -10.500000 0.053685
v 19.500000 -9.750000 0.032955
v 19.500000 -9.000000 -0.037763
v 19.500000 -8.250000 0.105767
v 19.500000 -7.500000 0.123966
v 19.500000 -6.750000 0.246919
v 19.500000 -6.000000 0.306286
v 19.500000 -5.250000 0.346774
v 19.500000 -4.500000 0.413404
v 19.500000 -3.750000 0.327481
v 19.500000 -3.000000 0.287281
v 19.500000 -2.250000 0.095923
v 19.500000 -1.500000 -0.088218
v 19.500000 -0.750000 -0.084890
v 19.500000 0.000000 -0.122121
v 19.500000 0.750000 -0.034950
v 19.500000 1.500000 -0.045349
v 19.500000 2.250000 -0.090200
v 19.500000 3.000000 -0.312495
v 19.500000 3.750000 -0.398332
v 19.500000 4.500000 -0.503519
v 19.500000 5.250000 -0.662641
v 19.500000 6.000000 -0.594443
v 19.500000 6.750000 -0.615040
v 19.500000 7.500000 -0.502665
v 19.500000 8.250000 -0.581922
v 19.500000 9.000000 -0.685823
v 19.500000 9.750000 -0.808798
v 19.500000 10.500000 -0.985580
v 19.500000 11.250000 -0.970925
v 19.500000 12.000000 -0.984020
v 19.500000 12.750000 -0.803112
v 19.500000 13.500000 -0.789608
v 19.500000 14.250000 -0.667053
v 19.500000 15.000000 -0.711035
v 19.500000 15.750000 -0.659969
v 19.500000 16.500000 -0.664733
v 19.500000 17.250000 -0.808941
v 19.500000 18.000000 -0.833970
v 19.500000 18.750000 -0.934125
v 19.500000 19.500000 -0.854283
v 19.500000 20.250000 -0.786117
v 19.500000 21.000000 -0.621014
v 19.500000 21.750000 -0.542078
v 19.500000 22.500000 -0.604133
v 19.500000 23.250000 -0.582035
v 19.500000 24.000000 -0.704563
v 19.500000 24.750000 -0.716404
v 19.500000 25.500000 -0.630059
v 19.500000 26.250000 -0.569911
v 19.500000 27.000000 -0.403395
v 19.500000 27.750000 -0.378658
v 19.500000 28.500000 -0.262241
v 19.500000 29.250000 -0.371351
v 19.500000 30.000000 -0.363278
v 20.250000 -30.000000 1.249430
v 20.250000 -29.250000 1.138828
v 20.250000 -28.500000 1.097063
v 20.250000 -27.750000 0.960894
v 20.250000 -27.000000 1.037403
v 20.250000 -26.250000 1.119204
v 20.250000 -25.500000 1.093552
v 20.250000 -24.750000 1.083924
v 20.250000 -24.000000 0.837533
v 20.250000 -23.250000 0.744147
v 20.250000 -22.500000 0.608302
v 20.250000 -21.750000 0.521316
v 20.250000 -21.000000 0.525361
v 20.250000 -20.250000 0.328855
v 20.250000 -19.500000 0.249652
v 20.250000 -18.750000 0.057056
v 20.250000 -18.000000 0.057915
v 20.250000 -17.250000 0.070338
v 20.250000 -16.500000 0.133760
v 20.250000 -15.750000 0.113848
v 20.250000 -15.000000 0.089468
v 20.250000 -14.250000 0.094462
v 20.250000 -13.500000 0.048112
v 20.250000 -12.750000 0.174923
v 20.250000 -12.000000 0.142472
v 20.250000 -11.250000 0.174538
v 20.250000 -10.500000 0.107217
v 20.250000 -9.750000 0.033827
v 20.250000 -9.000000 0.125745
v 20.250000 -8.250000 0.096185
v 20.250000 -7.500000 0.220953
v 20.250000 -6.750000 0.186796
v 20.250000 -6.000000 0.273640
v 20.250000 -5.250000 0.360523
v 20.250000 -4.500000 0.364795
v 20.250000 -3.750000 0.357811
v 20.250000 -3.000000 0.129196
v 20.250000 -2.250000 -0.030110
v 20.250000 -1.500000 -0.127799
v 20.250000 -0.750000 -0.181505
v 20.250000 0.000000 -0.095132
v 20.250000 0.750000 -0.019750
v 20.250000 1.500000 0.012038
v 20.250000 2.250000 -0.072385
v 20.250000 3.000000 -0.165190
v 20.250000 3.750000 -0.359349
v 20.250000 4.500000 -0.482244
v 20.250000 5.250000 -0.530185
v 20.250000 6.000000 -0.590885
v 20.250000 6.750000 -0.497286
v 20.250000 7.500000 -0.563798
v 20.250000 8.250000 -0.552874
v 20.250000 9.000000 -0.715214
v 20.250000 9.750000 -0.779436
v 20.250000 10.500000 -0.871626
v 20.250000 11.250000 -0.921823
v 20.250000 12.000000 -0.838585
v 20.250000 12.750000 -0.853248
v 20.250000 13.500000 -0.705460
v 20.250000 14.250000 -0.720615
v 20.250000 15.000000 -0.588926
v 20.250000 15.750000 -0.594630
v 20.250000 16.500000 -0.616084
v 20.250000 17.250000 -0.640703
v 20.250000 18.000000 -0.805083
v 20.250000 18.750000 -0.812269
v 20.250000 19.500000 -0.839019
v 20.250000 20.250000 -0.708909
v 20.250000 21.000000 -0.599871
v 20.250000 21.750000 -0.512337
v 20.250000 22.500000 -0.455736
v 20.250000 23.250000 -0.530816
v 20.250000 24.000000 -0.488594
v 20.250000 24.750000 -0.553287
v 20.250000 25.500000 -0.423572
v 20.250000 26.250000 -0.347956
v 20.250000 27.000000 -0.282015
v 20.250000 27.750000 -0.173380
v 20.250000 28.500000 -0.228396
v 20.250000 29.250000 -0.213472
v 20.250000 30.000000 -0.368616
v 21.000000 -30.000000 1.240040
v 21.000000 -29.250000 1.208936
v 21.000000 -28.500000 1.046216
v 21.000000 -27.750000 1.037024
v 21.000000 -27.000000 0.991306
v 21.000000 -26.250000 1.085923
v 21.000000 -25.500000 1.132312
v 21.000000 -24.750000 0.969133
v 21.000000 -24.000000 0.906919
v 21.000000 -23.250000 0.732385
v 21.000000 -22.500000 0.727954
v 21.000000 -21.750000 0.703175
v 21.000000 -21.000000 0.615952
v 21.000000 -20.250000 0.492474
v 21.000000 -19.500000 0.267528
v 21.000000 -18.750000 0.239772
v 21.000000 -18.000000 0.151730
v 21.000000 -17.250000 0.276610
v 21.000000 -16.500000 0.224118
v 21.000000 -15.750000 0.263067
v 21.000000 -15.000000 0.159970
v 21.000000 -14.250000 0.125010
v 21.000000 -13.500000 0.245854
v 21.000000 -12.750000 0.222845
v 21.000000 -12.000000 0.289825
v 21.000000 -11.250000 0.216442
v 21.000000 -10.500000 0.136881
v 21.000000 -9.750000 0.174456
v 21.000000 -9.000000 0.138723
v 21.000000 -8.250000 0.263987
v 21.000000 -7.500000 0.207858
v 21.000000 -6.750000 0.260586
v 21.000000 -6.000000 0.319439
v 21.000000 -5.250000 0.393655
v 21.000000 -4.500000 0.456172
v 21.000000 -3.750000 0.361430
v 21.000000 -3.000000 0.230529
v 21.000000 -2.250000 -0.040335
v 21.000000 -1.500000 -0.112085
v 21.000000 -0.750000 -0.077652
v 21.000000 0.000000 0.006604
v 21.000000 0.750000 0.076823
v 21.000000 1.500000 0.160578
v 21.000000 2.250000 0.080734
v 21.000000 3.000000 -0.125825
v 21.000000 3.750000 -0.214845
v 21.000000 4.500000 -0.377981
v 21.000000 5.250000 -0.430150
v 21.000000 6.000000 -0.407918
v 21.000000 6.750000 -0.383288
v 21.000000 7.500000 -0.357797
v 21.000000 8.250000 -0.499805
v 21.000000 9.000000 -0.506779
v 21.000000 9.750000 -0.636403
v 21.000000 10.500000 -0.614475
v 21.000000 11.250000 -0.664534
v 21.000000 12.000000 -0.715908
v 21.000000 12.750000 -0.672121
v 21.000000 13.500000 -0.741693
v 21.000000 14.250000 -0.622512
v 21.000000 15.000000 -0.596099
v 21.000000 15.750000 -0.460211
v 21.000000 16.500000 -0.448683
v 21.000000 17.250000 -0.551449
v 21.000000 18.000000 -0.565534
v 21.000000 18.750000 -0.731215
v 21.000000 19.500000 -0.702306
v 21.000000 20.250000 -0.722664
v 21.000000 21.000000 -0.568044
v 21.000000 21.750000 -0.519323
v 21.000000 22.500000 -0.404112
v 21.000000 23.250000 -0.336832
v 21.000000 24.000000 -0.328868
v 21.000000 24.750000 -0.196816
v 21.000000 25.500000 -0.169356
v 21.000000 26.250000 -0.064832
v 21.000000 27.000000 -0.041329
v 21.000000 27.750000 -0.022967
v 21.000000 28.500000 0.028772
v 21.000000 29.250000 -0.120857
v 21.000000 30.000000 -0.186217
v 21.750000 -30.000000 1.342242
v 21.750000 -29.250000 1.213189
v 21.750000 -28.500000 1.071435
v 21.750000 -27.750000 0.969390
v 21.750000 -27.000000 1.026333
v 21.750000 -26.250000 0.987609
v 21.750000 -25.500000 1.014550
v 21.750000 -24.750000 0.961845
v 21.750000 -24.000000 0.763342
v 21.750000 -23.250000 0.759189
v 21.750000 -22.500000 0.656198
v 21.750000 -21.750000 0.722700
v 21.750000 -21.000000 0.629672
v 21.750000 -20.250000 0.533046
v 21.750000 -19.500000 0.426297
v 21.750000 -18.750000 0.355280
v 21.750000 -18.000000 0.422656
v 21.750000 -17.250000 0.412945
v 21.750000 -16.500000 0.486786
v 21.750000 -15.750000 0.351807
v 21.750000 -15.000000 0.329899
v 21.750000 -14.250000 0.304159
v 21.750000 -13.500000 0.299049
v 21.750000 -12.750000 0.400363
v 21.750000 -12.000000 0.318071
v 21.750000 -11.250000 0.265520
v 21.750000 -10.500000 0.178144
v 21.750000 -9.750000 0.128493
v 21.750000 -9.000000 0.210704
v 21.750000 -8.250000 0.197454
v 21.750000 -7.500000 0.283768
v 21.750000 -6.750000 0.205316
v 21.750000 -6.000000 0.335712
v 21.750000 -5.250000 0.470699
v 21.750000 -4.500000 0.523058
v 21.750000 -3.750000 0.508497
v 21.750000 -3.000000 0.304056
v 21.750000 -2.250000 0.173781
v 21.750000 -1.500000 0.015955
v 21.750000 -0.750000 0.100635
v 21.750000 0.000000 0.151650
v 21.750000 0.750000 0.270574
v 21.750000 1.500000 0.239042
v 21.750000 2.250000 0.189331
v 21.750000 3.000000 -0.004668
v 21.750000 3.750000 -0.248343
v 21.750000 4.500000 -0.298123
v 21.750000 5.250000 -0.375782
v 21.750000 6.000000 -0.315928
v 21.750000 6.750000 -0.259187
v 21.750000 7.500000 -0.273837
v 21.750000 8.250000 -0.295818
v 21.750000 9.000000 -0.438306
v 21.750000 9.750000 -0.407332
v 21.750000 10.500000 -0.492397
v 21.750000 11.250000 -0.446907
v 21.750000 12.000000 -0.535640
v 21.750000 12.750000 -0.610291
v 21.750000 13.500000 -0.585056
v 21.750000 14.250000 -0.640456
v 21.750000 15.000000 -0.475196
v 21.750000 15.750000 -0.410588
v 21.750000 16.500000 -0.349109
v 21.750000 17.250000 -0.377400
v 21.750000 18.000000 -0.484816
v 21.750000 18.750000 -0.527599
v 21.750000 19.500000 -0.662181
v 21.750000 20.250000 -0.571912
v 21.750000 21.000000 -0.573766
v 21.750000 21.750000 -0.407330
v 21.750000 22.500000 -0.354023
v 21.750000 23.250000 -0.187201
v 21.750000 24.000000 -0.079693
v 21.750000 24.750000 -0.050561
v 21.750000 25.500000 0.101575
v 21.750000 26.250000 0.075054
v 21.750000 27.000000 0.129497
v 21.750000 27.750000 0.096345
v 21.750000 28.500000 0.101523
v 21.750000 29.250000 0.060993
v 21.750000 30.000000 -0.169861
v 22.500000 -30.000000 1.419895
v 22.500000 -29.250000 1.294490
v 22.500000 -28.500000 1.148679
v 22.500000 -27.750000 1.038932
v 22.500000 -27.000000 0.911650
v 22.500000 -26.250000 0.947424
v 22.500000 -25.500000 0.870272
v 22.500000 -24.750000 0.786595
v 22.500000 -24.000000 0.758029
v 22.500000 -23.250000 0.634011
v 22.500000 -22.500000 0.681377
v 22.500000 -21.750000 0.610238
v 22.500000 -21.000000 0.667512
v 22.500000 -20.250000 0.547247
v 22.500000 -19.500000 0.559341
v 22.500000 -18.750000 0.522307
v 22.500000 -18.000000 0.571201
v 22.500000 -17.250000 0.609581
v 22.500000 -16.500000 0.525546
v 22.500000 -15.750000 0.515375
v 22.500000 -15.000000 0.343436
v 22.500000 -14.250000 0.335765
v 22.500000 -13.500000 0.363426
v 22.500000 -12.750000 0.280323
v 22.500000 -12.000000 0.298164
v 22.500000 -11.250000 0.168576
v 22.500000 -10.500000 0.115276
v 22.500000 -9.750000 0.076849
v 22.500000 -9.000000 0.133998
v 22.500000 -8.250000 0.149472
v 22.500000 -7.500000 0.136915
v 22.500000 -6.750000 0.186625
v 22.500000 -6.000000 0.218309
v 22.500000 -5.250000 0.391944
v 22.500000 -4.500000 0.541665
v 22.500000 -3.750000 0.574467
v 22.500000 -3.000000 0.461934
v 22.500000 -2.250000 0.278562
v 22.500000 -1.500000 0.238203
v 22.500000 -0.750000 0.160137
v 22.500000 0.000000 0.277931
v 22.500000 0.750000 0.274501
v 22.500000 1.500000 0.367046
v 22.500000 2.250000 0.194536
v 22.500000 3.000000 0.021599
v 22.500000 3.750000 -0.139847
v 22.500000 4.500000 -0.348748
v 22.500000 5.250000 -0.347377
v 22.500000 6.000000 -0.353034
v 22.500000 6.750000 -0.252644
v 22.500000 7.500000 -0.254463
v 22.500000 8.250000 -0.317415
v 22.500000 9.000000 -0.330838
v 22.500000 9.750000 -0.458403
v 22.500000 10.500000 -0.395413
v 22.500000 11.250000 -0.467218
v 22.500000 12.000000 -0.416366
v 22.500000 12.750000 -0.508342
v 22.500000 13.500000 -0.561349
v 22.500000 14.250000 -0.498727
v 22.500000 15.000000 -0.502577
v 22.500000 15.750000 -0.368195
v 22.500000 16.500000 -0.365118
v 22.500000 17.250000 -0.320140
v 22.500000 18.000000 -0.388970
v 22.500000 18.750000 -0.414162
v 22.500000 19.500000 -0.434384
v 22.500000 20.250000 -0.474610
v 22.500000 21.000000 -0.353175
v 22.500000 21.750000 -0.370783
v 22.500000 22.500000 -0.179951
v 22.500000 23.250000 -0.104511
v 22.500000 24.000000 0.010150
v 22.500000 24.750000 0.146399
v 22.500000 25.500000 0.110280
v 22.500000 26.250000 0.162526
v 22.500000 27.000000 0.063238
v 22.500000 27.750000 0.127613
v 22.500000 28.500000 0.066850
v 22.500000 29.250000 0.063549
v 22.500000 30.000000 -0.029747
v 23.250000 -30.000000 1.463154
v 23.250000 -29.250000 1.372713
v 23.250000 -28.500000 1.187563
v 23.250000 -27.750000 1.019549
v 23.250000 -27.000000 0.906749
v 23.250000 -26.250000 0.721438
v 23.250000 -25.500000 0.718633
v 23.250000 -24.750000 0.680172
v 23.250000 -24.000000 0.613230
v 23.250000 -23.250000 0.610476
v 23.250000 -22.500000 0.558967
v 23.250000 -21.750000 0.569582
v 23.250000 -21.000000 0.502519
v 23.250000 -20.250000 0.578597
v 23.250000 -19.500000 0.522557
v 23.250000 -18.750000 0.583606
v 23.250000 -18.000000 0.550176
v 23.250000 -17.250000 0.538909
v 23.250000 -16.500000 0.546547
v 23.250000 -15.750000 0.386808
v 23.250000 -15.000000 0.364959
v 23.250000 -14.250000 0.238160
v 23.250000 -13.500000 0.227233
v 23.250000 -12.750000 0.180610
v 23.250000 -12.000000 0.052364
v 23.250000 -11.250000 0.075915
v 23.250000 -10.500000 -0.053100
v 23.250000 -9.750000 0.033328
v 23.250000 -9.000000 -0.004899
v 23.250000 -8.250000 0.082508
v 23.250000 -7.500000 0.008606
v 23.250000 -6.750000 -0.023342
v 23.250000 -6.000000 0.101512
v 23.250000 -5.250000 0.193479
v 23.250000 -4.500000 0.391141
v 23.250000 -3.750000 0.510869
v 23.250000 -3.000000 0.524046
v 23.250000 -2.250000 0.384955
v 23.250000 -1.500000 0.250534
v 23.250000 -0.750000 0.255373
v 23.250000 0.000000 0.187490
v 23.250000 0.750000 0.324854
v 23.250000 1.500000 0.261365
v 23.250000 2.250000 0.238435
v 23.250000 3.000000 0.003434
v 23.250000 3.750000 -0.212538
v 23.250000 4.500000 -0.314363
v 23.250000 5.250000 -0.486431
v 23.250000 6.000000 -0.432898
v 23.250000 6.750000 -0.429207
v 23.250000 7.500000 -0.340217
v 23.250000 8.250000 -0.400966
v 23.250000 9.000000 -0.487743
v 23.250000 9.750000 -0.500186
v 23.250000 10.500000 -0.600665
v 23.250000 11.250000 -0.497030
v 23.250000 12.000000 -0.538673
v 23.250000 12.750000 -0.467550
v 23.250000 13.500000 -0.521387
v 23.250000 14.250000 -0.577741
v 23.250000 15.000000 -0.480601
v 23.250000 15.750000 -0.514635
v 23.250000 16.500000 -0.391123
v 23.250000 17.250000 -0.411545
v 23.250000 18.000000 -0.298238
v 23.250000 18.750000 -0.337133
v 23.250000 19.500000 -0.295756
v 23.250000 20.250000 -0.250520
v 23.250000 21.000000 -0.314351
v 23.250000 21.750000 -0.224378
v 23.250000 22.500000 -0.224710
v 23.250000 23.250000 -0.061680
v 23.250000 24.000000 0.016194
v 23.250000 24.750000 0.012173
v 23.250000 25.500000 0.083371
v 23.250000 26.250000 -0.059818
v 23.250000 27.000000 -0.027273
v 23.250000 27.750000 -0.097123
v 23.250000 28.500000 0.023531
v 23.250000 29.250000 -0.022231
v 23.250000 30.000000 -0.051204
v 24.000000 -30.000000 1.486943
v 24.000000 -29.250000 1.274917
v 24.000000 -28.500000 1.164503
v 24.000000 -27.750000 0.948134
v 24.000000 -27.000000 0.685863
v 24.000000 -26.250000 0.610447
v 24.000000 -25.500000 0.490299
v 24.000000 -24.750000 0.511684
v 24.000000 -24.000000 0.523348
v 24.000000 -23.250000 0.483639
v 24.000000 -22.500000 0.432184
v 24.000000 -21.750000 0.350607
v 24.000000 -21.000000 0.404410
v 24.000000 -20.250000 0.359835
v 24.000000 -19.500000 0.435458
v 24.000000 -18.750000 0.376707
v 24.000000 -18.000000 0.358854
v 24.000000 -17.250000 0.332541
v 24.000000 -16.500000 0.255684
v 24.000000 -15.750000 0.297706
v 24.000000 -15.000000 0.167629
v 24.000000 -14.250000 0.185270
v 24.000000 -13.500000 0.015190
v 24.000000 -12.750000 -0.039064
v 24.000000 -12.000000 -0.062868
v 24.000000 -11.250000 -0.132405
v 24.000000 -10.500000 -0.062181
v 24.000000 -9.750000 -0.093665
v 24.000000 -9.000000 0.025984
v 24.000000 -8.250000 -0.060977
v 24.000000 -7.500000 -0.045948
v 24.000000 -6.750000 -0.119519
v 24.000000 -6.000000 -0.160794
v 24.000000 -5.250000 0.009125
v 24.000000 -4.500000 0.149798
v 24.000000 -3.750000 0.389305
v 24.000000 -3.000000 0.417291
v 24.000000 -2.250000 0.393272
v 24.000000 -1.500000 0.275571
v 24.000000 -0.750000 0.148741
v 24.000000 0.000000 0.184268
v 24.000000 0.750000 0.178474
v 24.000000 1.500000 0.247041
v 24.000000 2.250000 0.070444
v 24.000000 3.000000 -0.076264
v 24.000000 3.750000 -0.250187
v 24.000000 4.500000 -0.499381
v 24.000000 5.250000 -0.556349
v 24.000000 6.000000 -0.668410
v 24.000000 6.750000 -0.535741
v 24.000000 7.500000 -0.562157
v 24.000000 8.250000 -0.520927
v 24.000000 9.000000 -0.621953
v 24.000000 9.750000 -0.722436
v 24.000000 10.500000 -0.733728
v 24.000000 11.250000 -0.728403
v 24.000000 12.000000 -0.594546
v 24.000000 12.750000 -0.628101
v 24.000000 13.500000 -0.598643
v 24.000000 14.250000 -0.611104
v 24.000000 15.000000 -0.697455
v 24.000000 15.750000 -0.619405
v 24.000000 16.500000 -0.639229
v 24.000000 17.250000 -0.445888
v 24.000000 18.000000 -0.418861
v 24.000000 18.750000 -0.258756
v 24.000000 19.500000 -0.227248
v 24.000000 20.250000 -0.259693
v 24.000000 21.000000 -0.247642
v 24.000000 21.750000 -0.360204
v 24.000000 22.500000 -0.253142
v 24.000000 23.250000 -0.257946
v 24.000000 24.000000 -0.202792
v 24.000000 24.750000 -0.147202
v 24.000000 25.500000 -0.264851
v 24.000000 26.250000 -0.272011
v 24.000000 27.000000 -0.377048
v 24.000000 27.750000 -0.264685
v 24.000000 28.500000 -0.229588
v 24.000000 29.250000 -0.063354
v 24.000000 30.000000 -0.073014
v 24.750000 -30.000000 1.298470
v 24.750000 -29.250000 1.172696
v 24.750000 -28.500000 0.923773
v 24.750000 -27.750000 0.724890
v 24.750000 -27.000000 0.510903
v 24.750000 -26.250000 0.304442
v 24.750000 -25.500000 0.337880
v 24.750000 -24.750000 0.308916
v 24.750000 -24.000000 0.346910
v 24.750000 -23.250000 0.300423
v 24.750000 -22.500000 0.198107
v 24.750000 -21.750000 0.126709
v 24.750000 -21.000000 0.068449
v 24.750000 -20.250000 0.176328
v 24.750000 -19.500000 0.117806
v 24.750000 -18.750000 0.118874
v 24.750000 -18.000000 0.025187
v 24.750000 -17.250000 -0.025733
v 24.750000 -16.500000 0.032106
v 24.750000 -15.750000 0.026497
v 24.750000 -15.000000 0.093622
v 24.750000 -14.250000 0.004335
v 24.750000 -13.500000 -0.041713
v 24.750000 -12.750000 -0.207445
v 24.750000 -12.000000 -0.204901
v 24.750000 -11.250000 -0.136144
v 24.750000 -10.500000 -0.138250
v 24.750000 -9.750000 -0.015766
v 24.750000 -9.000000 -0.020165
v 24.750000 -8.250000 0.028069
v 24.750000 -7.500000 -0.123597
v 24.750000 -6.750000 -0.158591
v 24.750000 -6.000000 -0.214243
v 24.750000 -5.250000 -0.230735
v 24.750000 -4.500000 0.010893
v 24.750000 -3.750000 0.160997
v 24.750000 -3.000000 0.334586
v 24.750000 -2.250000 0.280362
v 24.750000 -1.500000 0.198011
v 24.750000 -0.750000 0.103939
v 24.750000 0.000000 0.056624
v 24.750000 0.750000 0.131578
v 24.750000 1.500000 0.056662
v 24.750000 2.250000 0.001217
v 24.750000 3.000000 -0.262072
v 24.750000 3.750000 -0.425479
v 24.750000 4.500000 -0.588886
v 24.750000 5.250000 -0.755113
v 24.750000 6.000000 -0.725144
v 24.750000 6.750000 -0.714272
v 24.750000 7.500000 -0.578228
v 24.750000 8.250000 -0.664802
v 24.750000 9.000000 -0.692182
v 24.750000 9.750000 -0.802125
v 24.750000 10.500000 -0.862890
v 24.750000 11.250000 -0.818142
v 24.750000 12.000000 -0.779457
v 24.750000 12.750000 -0.683302
v 24.750000 13.500000 -0.794124
v 24.750000 14.250000 -0.816386
v 24.750000 15.000000 -0.853476
v 24.750000 15.750000 -0.933824
v 24.750000 16.500000 -0.788174
v 24.750000 17.250000 -0.711801
v 24.750000 18.000000 -0.482674
v 24.750000 18.750000 -0.431148
v 24.750000 19.500000 -0.327443
v 24.750000 20.250000 -0.371783
v 24.750000 21.000000 -0.493597
v 24.750000 21.750000 -0.507070
v 24.750000 22.500000 -0.579202
v 24.750000 23.250000 -0.488736
v 24.750000 24.000000 -0.484005
v 24.750000 24.750000 -0.533790
v 24.750000 25.500000 -0.531875
v 24.750000 26.250000 -0.675428
v 24.750000 27.000000 -0.607840
v 24.750000 27.750000 -0.568559
v 24.750000 28.500000 -0.363646
v 24.750000 29.250000 -0.288226
v 24.750000 30.000000 -0.117935
v 25.500000 -30.000000 1.217744
v 25.500000 -29.250000 0.883296
v 25.500000 -28.500000 0.715696
v 25.500000 -27.750000 0.441345
v 25.500000 -27.000000 0.235093
v 25.500000 -26.250000 0.103274
v 25.500000 -25.500000 0.020872
v 25.500000 -24.750000 0.119681
v 25.500000 -24.000000 0.055711
v 25.500000 -23.250000 0.037927
v 25.500000 -22.500000 -0.088638
v 25.500000 -21.750000 -0.184238
v 25.500000 -21.000000 -0.186331
v 25.500000 -20.250000 -0.202972
v 25.500000 -19.500000 -0.118527
v 25.500000 -18.750000 -0.208424
v 25.500000 -18.000000 -0.245266
v 25.500000 -17.250000 -0.272024
v 25.500000 -16.500000 -0.187379
v 25.500000 -15.750000 -0.094036
v 25.500000 -15.000000 -0.002698
v 25.500000 -14.250000 -0.020311
v 25.500000 -13.500000 -0.161533
v 25.500000 -12.750000 -0.175366
v 25.500000 -12.000000 -0.228935
v 25.500000 -11.250000 -0.157019
v 25.500000 -10.500000 -0.075200
v 25.500000 -9.750000 -0.007686
v 25.500000 -9.000000 0.082551
v 25.500000 -8.250000 -0.012214
v 25.500000 -7.500000 -0.022736
v 25.500000 -6.750000 -0.156858
v 25.500000 -6.000000 -0.209804
v 25.500000 -5.250000 -0.223859
v 25.500000 -4.500000 -0.143138
v 25.500000 -3.750000 0.096668
v 25.500000 -3.000000 0.126307
v 25.500000 -2.250000 0.170654
v 25.500000 -1.500000 0.070189
v 25.500000 -0.750000 0.012932
v 25.500000 0.000000 -0.009067
v 25.500000 0.750000 -0.002401
v 25.500000 1.500000 -0.009573
v 25.500000 2.250000 -0.244022
v 25.500000 3.000000 -0.385010
v 25.500000 3.750000 -0.615027
v 25.500000 4.500000 -0.691606
v 25.500000 5.250000 -0.790519
v 25.500000 6.000000 -0.743127
v 25.500000 6.750000 -0.619994
v 25.500000 7.500000 -0.603038
v 25.500000 8.250000 -0.546672
v 25.500000 9.000000 -0.676719
v 25.500000 9.750000 -0.743549
v 25.500000 10.500000 -0.837303
v 25.500000 11.250000 -0.813903
v 25.500000 12.000000 -0.775440
v 25.500000 12.750000 -0.874884
v 25.500000 13.500000 -0.896247
v 25.500000 14.250000 -1.066258
v 25.500000 15.000000 -1.077095
v 25.500000 15.750000 -1.114589
v 25.500000 16.500000 -1.095471
v 25.500000 17.250000 -0.879131
v 25.500000 18.000000 -0.816191
v 25.500000 18.750000 -0.638269
v 25.500000 19.500000 -0.675129
v 25.500000 20.250000 -0.676495
v 25.500000 21.000000 -0.817138
v 25.500000 21.750000 -0.875113
v 25.500000 22.500000 -0.811811
v 25.500000 23.250000 -0.850341
v 25.500000 24.000000 -0.783719
v 25.500000 24.750000 -0.801928
v 25.500000 25.500000 -0.889134
v 25.500000 26.250000 -0.899344
v 25.500000 27.000000 -0.917268
v 25.500000 27.750000 -0.733392
v 25.500000 28.500000 -0.621124
v 25.500000 29.250000 -0.386686
v 25.500000 30.000000 -0.338251
v 26.250000 -30.000000 0.988376
v 26.250000 -29.250000 0.813160
v 26.250000 -28.500000 0.518206
v 26.250000 -27.750000 0.347516
v 26.250000 -27.000000 0.060613
v 26.250000 -26.250000 -0.068992
v 26.250000 -25.500000 -0.147082
v 26.250000 -24.750000 -0.189417
v 26.250000 -24.000000 -0.113397
v 26.250000 -23.250000 -0.211741
v 26.250000 -22.500000 -0.213072
v 26.250000 -21.750000 -0.352086
v 26.250000 -21.000000 -0.342450
v 26.250000 -20.250000 -0.360000
v 26.250000 -19.500000 -0.398904
v 26.250000 -18.750000 -0.325969
v 26.250000 -18.000000 -0.378941
v 26.250000 -17.250000 -0.305183
v 26.250000 -16.500000 -0.228263
v 26.250000 -15.750000 -0.031221
v 26.250000 -15.000000 -0.016016
v 26.250000 -14.250000 0.015553
v 26.250000 -13.500000 -0.046405
v 26.250000 -12.750000 -0.184583
v 26.250000 -12.000000 -0.116789
v 26.250000 -11.250000 -0.053349
v 26.250000 -10.500000 0.036324
v 26.250000 -9.750000 0.102736
v 26.250000 -9.000000 0.097959
v 26.250000 -8.250000 0.125717
v 26.250000 -7.500000 -0.010990
v 26.250000 -6.750000 0.022611
v 26.250000 -6.000000 -0.103059
v 26.250000 -5.250000 -0.057279
v 26.250000 -4.500000 -0.082446
v 26.250000 -3.750000 -0.024610
v 26.250000 -3.000000 0.076493
v 26.250000 -2.250000 -0.016338
v 26.250000 -1.500000 -0.000556
v 26.250000 -0.750000 -0.090869
v 26.250000 0.000000 -0.068294
v 26.250000 0.750000 -0.086332
v 26.250000 1.500000 -0.215518
v 26.250000 2.250000 -0.301991
v 26.250000 3.000000 -0.554313
v 26.250000 3.750000 -0.580357
v 26.250000 4.500000 -0.709819
v 26.250000 5.250000 -0.627958
v 26.250000 6.000000 -0.601261
v 26.250000 6.750000 -0.498365
v 26.250000 7.500000 -0.390160
v 26.250000 8.250000 -0.502482
v 26.250000 9.000000 -0.535689
v 26.250000 9.750000 -0.673095
v 26.250000 10.500000 -0.675335
v 26.250000 11.250000 -0.720997
v 26.250000 12.000000 -0.761430
v 26.250000 12.750000 -0.813448
v 26.250000 13.500000 -1.019485
v 26.250000 14.250000 -1.048451
v 26.250000 15.000000 -1.186700
v 26.250000 15.750000 -1.184026
v 26.250000 16.500000 -1.203403
v 26.250000 17.250000 -1.181661
v 26.250000 18.000000 -1.035169
v 26.250000 18.750000 -1.045138
v 26.250000 19.500000 -0.938697
v 26.250000 20.250000 -1.036586
v 26.250000 21.000000 -1.002522
v 26.250000 21.750000 -1.061311
v 26.250000 22.500000 -1.035423
v 26.250000 23.250000 -0.978670
v 26.250000 24.000000 -1.075089
v 26.250000 24.750000 -1.047424
v 26.250000 25.500000 -1.135764
v 26.250000 26.250000 -1.143358
v 26.250000 27.000000 -1.096992
v 26.250000 27.750000 -0.975554
v 26.250000 28.500000 -0.774308
v 26.250000 29.250000 -0.667881
v 26.250000 30.000000 -0.452298
v 27.000000 -30.000000 0.983051
v 27.000000 -29.250000 0.736286
v 27.000000 -28.500000 0.610897
v 27.000000 -27.750000 0.314757
v 27.000000 -27.000000 0.142961
v 27.000000 -26.250000 -0.091122
v 27.000000 -25.500000 -0.196234
v 27.000000 -24.750000 -0.254701
v 27.000000 -24.000000 -0.251566
v 27.000000 -23.250000 -0.180288
v 27.000000 -22.500000 -0.258022
v 27.000000 -21.750000 -0.228752
v 27.000000 -21.000000 -0.372676
v 27.000000 -20.250000 -0.385263
v 27.000000 -19.500000 -0.377641
v 27.000000 -18.750000 -0.397649
v 27.000000 -18.000000 -0.263350
v 27.000000 -17.250000 -0.226401
v 27.000000 -16.500000 -0.008361
v 27.000000 -15.750000 0.038768
v 27.000000 -15.000000 0.158933
v 27.000000 -14.250000 0.085296
v 27.000000 -13.500000 0.000308
v 27.000000 -12.750000 0.009977
v 27.000000 -12.000000 -0.033439
v 27.000000 -11.250000 0.101635
v 27.000000 -10.500000 0.165167
v 27.000000 -9.750000 0.222617
v 27.000000 -9.000000 0.203728
v 27.000000 -8.250000 0.121704
v 27.000000 -7.500000 0.175723
v 27.000000 -6.750000 0.132190
v 27.000000 -6.000000 0.230291
v 27.000000 -5.250000 0.138427
v 27.000000 -4.500000 0.170203
v 27.000000 -3.750000 0.065990
v 27.000000 -3.000000 0.021842
v 27.000000 -2.250000 0.026305
v 27.000000 -1.500000 -0.096270
v 27.000000 -0.750000 -0.051016
v 27.000000 0.000000 -0.143584
v 27.000000 0.750000 -0.165049
v 27.000000 1.500000 -0.263140
v 27.000000 2.250000 -0.442148
v 27.000000 3.000000 -0.470355
v 27.000000 3.750000 -0.575746
v 27.000000 4.500000 -0.473019
v 27.000000 5.250000 -0.494670
v 27.000000 6.000000 -0.364618
v 27.000000 6.750000 -0.308769
v 27.000000 7.500000 -0.325716
v 27.000000 8.250000 -0.323325
v 27.000000 9.000000 -0.495443
v 27.000000 9.750000 -0.493919
v 27.000000 10.500000 -0.588524
v 27.000000 11.250000 -0.532251
v 27.000000 12.000000 -0.629699
v 27.000000 12.750000 -0.791972
v 27.000000 13.500000 -0.883725
v 27.000000 14.250000 -1.020996
v 27.000000 15.000000 -0.993888
v 27.000000 15.750000 -1.146986
v 27.000000 16.500000 -1.164812
v 27.000000 17.250000 -1.247032
v 27.000000 18.000000 -1.269530
v 27.000000 18.750000 -1.178091
v 27.000000 19.500000 -1.229980
v 27.000000 20.250000 -1.117611
v 27.000000 21.000000 -1.148872
v 27.000000 21.750000 -1.009355
v 27.000000 22.500000 -1.036453
v 27.000000 23.250000 -1.029249
v 27.000000 24.000000 -1.072625
v 27.000000 24.750000 -1.201251
v 27.000000 25.500000 -1.159093
v 27.000000 26.250000 -1.252274
v 27.000000 27.000000 -1.133227
v 27.000000 27.750000 -1.071932
v 27.000000 28.500000 -0.906825
v 27.000000 29.250000 -0.736743
v 27.000000 30.000000 -0.660249
v 27.750000 -30.000000 1.096782
v 27.750000 -29.250000 0.928510
v 27.750000 -28.500000 0.693804
v 27.750000 -27.750000 0.563003
v 27.750000 -27.000000 0.275799
v 27.750000 -26.250000 0.132904
v 27.750000 -25.500000 -0.070565
v 27.750000 -24.750000 -0.113534
v 27.750000 -24.000000 -0.153426
v 27.750000 -23.250000 -0.051390
v 27.750000 -22.500000 -0.031179
v 27.750000 -21.750000 -0.088335
v 27.750000 -21.000000 -0.125072
v 27.750000 -20.250000 -0.307853
v 27.750000 -19.500000 -0.308383
v 27.750000 -18.750000 -0.185914
v 27.750000 -18.000000 -0.127390
v 27.750000 -17.250000 0.085222
v 27.750000 -16.500000 0.165189
v 27.750000 -15.750000 0.319083
v 27.750000 -15.000000 0.235120
v 27.750000 -14.250000 0.223481
v 27.750000 -13.500000 0.170693
v 27.750000 -12.750000 0.056785
v 27.750000 -12.000000 0.159943
v 27.750000 -11.250000 0.187055
v 27.750000 -10.500000 0.335844
v 27.750000 -9.750000 0.268756
v 27.750000 -9.000000 0.262524
v 27.750000 -8.250000 0.230950
v 27.750000 -7.500000 0.211408
v 27.750000 -6.750000 0.386399
v 27.750000 -6.000000 0.427806
v 27.750000 -5.250000 0.514539
v 27.750000 -4.500000 0.368886
v 27.750000 -3.750000 0.318675
v 27.750000 -3.000000 0.163056
v 27.750000 -2.250000 0.091608
v 27.750000 -1.500000 0.045342
v 27.750000 -0.750000 -0.053295
v 27.750000 0.000000 -0.027192
v 27.750000 0.750000 -0.196223
v 27.750000 1.500000 -0.289860
v 27.750000 2.250000 -0.369426
v 27.750000 3.000000 -0.442931
v 27.750000 3.750000 -0.357829
v 27.750000 4.500000 -0.350430
v 27.750000 5.250000 -0.208276
v 27.750000 6.000000 -0.236110
v 27.750000 6.750000 -0.201443
v 27.750000 7.500000 -0.179777
v 27.750000 8.250000 -0.344708
v 27.750000 9.000000 -0.361990
v 27.750000 9.750000 -0.477938
v 27.750000 10.500000 -0.378306
v 27.750000 11.250000 -0.449443
v 27.750000 12.000000 -0.478725
v 27.750000 12.750000 -0.644165
v 27.750000 13.500000 -0.785221
v 27.750000 14.250000 -0.807308
v 27.750000 15.000000 -0.833464
v 27.750000 15.750000 -0.834152
v 27.750000 16.500000 -1.032205
v 27.750000 17.250000 -1.110204
v 27.750000 18.000000 -1.175330
v 27.750000 18.750000 -1.249081
v 27.750000 19.500000 -1.165405
v 27.750000 20.250000 -1.185712
v 27.750000 21.000000 -1.001563
v 27.750000 21.750000 -0.965650
v 27.750000 22.500000 -0.830194
v 27.750000 23.250000 -0.929754
v 27.750000 24.000000 -0.951728
v 27.750000 24.750000 -1.064506
v 27.750000 25.500000 -1.110583
v 27.750000 26.250000 -1.082482
v 27.750000 27.000000 -1.112962
v 27.750000 27.750000 -0.952684
v 27.750000 28.500000 -0.909049
v 27.750000 29.250000 -0.750975
v 27.750000 30.000000 -0.623136
v 28.500000 -30.000000 1.243503
v 28.500000 -29.250000 1.084376
v 28.500000 -28.500000 0.913686
v 28.500000 -27.750000 0.676335
v 28.500000 -27.000000 0.583007
v 28.500000 -26.250000 0.351727
v 28.500000 -25.500000 0.278841
v 28.500000 -24.750000 0.102378
v 28.500000 -24.000000 0.181059
v 28.500000 -23.250000 0.154553
v 28.500000 -22.500000 0.236610
v 28.500000 -21.750000 0.181715
v 28.500000 -21.000000 0.027959
v 28.500000 -20.250000 -0.045561
v 28.500000 -19.500000 -0.149010
v 28.500000 -18.750000 -0.051306
v 28.500000 -18.000000 0.166202
v 28.500000 -17.250000 0.247565
v 28.500000 -16.500000 0.471657
v 28.500000 -15.750000 0.441174
v 28.500000 -15.000000 0.453301
v 28.500000 -14.250000 0.344452
v 28.500000 -13.500000 0.261796
v 28.500000 -12.750000 0.254956
v 28.500000 -12.000000 0.204070
v 28.500000 -11.250000 0.364367
v 28.500000 -10.500000 0.350630
v 28.500000 -9.750000 0.399146
v 28.500000 -9.000000 0.261617
v 28.500000 -8.250000 0.275427
v 28.500000 -7.500000 0.334853
v 28.500000 -6.750000 0.434207
v 28.500000 -6.000000 0.655592
v 28.500000 -5.250000 0.664149
v 28.500000 -4.500000 0.673303
v 28.500000 -3.750000 0.461952
v 28.500000 -3.000000 0.426400
v 28.500000 -2.250000 0.248523
v 28.500000 -1.500000 0.219719
v 28.500000 -0.750000 0.146364
v 28.500000 0.000000 0.036906
v 28.500000 0.750000 -0.015692
v 28.500000 1.500000 -0.219200
v 28.500000 2.250000 -0.283640
v 28.500000 3.000000 -0.311755
v 28.500000 3.750000 -0.272005
v 28.500000 4.500000 -0.164544
v 28.500000 5.250000 -0.167858
v 28.500000 6.000000 -0.091761
v 28.500000 6.750000 -0.170344
v 28.500000 7.500000 -0.217604
v 28.500000 8.250000 -0.271560
v 28.500000 9.000000 -0.409909
v 28.500000 9.750000 -0.357765
v 28.500000 10.500000 -0.357133
v 28.500000 11.250000 -0.258417
v 28.500000 12.000000 -0.423402
v 28.500000 12.750000 -0.498069
v 28.500000 13.500000 -0.664048
v 28.500000 14.250000 -0.654095
v 28.500000 15.000000 -0.581981
v 28.500000 15.750000 -0.658021
v 28.500000 16.500000 -0.685433
v 28.500000 17.250000 -0.888436
v 28.500000 18.000000 -0.954771
v 28.500000 18.750000 -0.993499
v 28.500000 19.500000 -1.096110
v 28.500000 20.250000 -1.006449
v 28.500000 21.000000 -0.979471
v 28.500000 21.750000 -0.796416
v 28.500000 22.500000 -0.778399
v 28.500000 23.250000 -0.701286
v 28.500000 24.000000 -0.841965
v 28.500000 24.750000 -0.853463
v 28.500000 25.500000 -0.925741
v 28.500000 26.250000 -0.946145
v 28.500000 27.000000 -0.904937
v 28.500000 27.750000 -0.880048
v 28.500000 28.500000 -0.705732
v 28.500000 29.250000 -0.669861
v 28.500000 30.000000 -0.549966
v 29.250000 -30.000000 1.431003
v 29.250000 -29.250000 1.151501
v 29.250000 -28.500000 0.961163
v 29.250000 -27.750000 0.810737
v 29.250000 -27.000000 0.679267
v 29.250000 -26.250000 0.678642
v 29.250000 -25.500000 0.529554
v 29.250000 -24.750000 0.525798
v 29.250000 -24.000000 0.424625
v 29.250000 -23.250000 0.499296
v 29.250000 -22.500000 0.425030
v 29.250000 -21.750000 0.374596
v 29.250000 -21.000000 0.273337
v 29.250000 -20.250000 0.057867
v 29.250000 -19.500000 0.070262
v 29.250000 -18.750000 0.088169
v 29.250000 -18.000000 0.232370
v 29.250000 -17.250000 0.422940
v 29.250000 -16.500000 0.494391
v 29.250000 -15.750000 0.614227
v 29.250000 -15.000000 0.495959
v 29.250000 -14.250000 0.491684
v 29.250000 -13.500000 0.402738
v 29.250000 -12.750000 0.355160
v 29.250000 -12.000000 0.381983
v 29.250000 -11.250000 0.390011
v 29.250000 -10.500000 0.491482
v 29.250000 -9.750000 0.360976
v 29.250000 -9.000000 0.350189
v 29.250000 -8.250000 0.231525
v 29.250000 -7.500000 0.293413
v 29.250000 -6.750000 0.435031
v 29.250000 -6.000000 0.567198
v 29.250000 -5.250000 0.717885
v 29.250000 -4.500000 0.629989
v 29.250000 -3.750000 0.631611
v 29.250000 -3.000000 0.487695
v 29.250000 -2.250000 0.492346
v 29.250000 -1.500000 0.338579
v 29.250000 -0.750000 0.320869
v 29.250000 0.000000 0.254887
v 29.250000 0.750000 0.054005
v 29.250000 1.500000 -0.029900
v 29.250000 2.250000 -0.201064
v 29.250000 3.000000 -0.188324
v 29.250000 3.750000 -0.195354
v 29.250000 4.500000 -0.137648
v 29.250000 5.250000 -0.090613
v 29.250000 6.000000 -0.171829
v 29.250000 6.750000 -0.161164
v 29.250000 7.500000 -0.258183
v 29.250000 8.250000 -0.346651
v 29.250000 9.000000 -0.376107
v 29.250000 9.750000 -0.360121
v 29.250000 10.500000 -0.238133
v 29.250000 11.250000 -0.264522
v 29.250000 12.000000 -0.256752
v 29.250000 12.750000 -0.451906
v 29.250000 13.500000 -0.477391
v 29.250000 14.250000 -0.521850
v 29.250000 15.000000 -0.452466
v 29.250000 15.750000 -0.403765
v 29.250000 16.500000 -0.549796
v 29.250000 17.250000 -0.591811
v 29.250000 18.000000 -0.723743
v 29.250000 18.750000 -0.815521
v 29.250000 19.500000 -0.903394
v 29.250000 20.250000 -0.968224
v 29.250000 21.000000 -0.904871
v 29.250000 21.750000 -0.850230
v 29.250000 22.500000 -0.698850
v 29.250000 23.250000 -0.728430
v 29.250000 24.000000 -0.668992
v 29.250000 24.750000 -0.789350
v 29.250000 25.500000 -0.795340
v 29.250000 26.250000 -0.827286
v 29.250000 27.000000 -0.837904
v 29.250000 27.750000 -0.725992
v 29.250000 28.500000 -0.675512
v 29.250000 29.250000 -0.488192
v 29.250000 30.000000 -0.473004
v 30.000000 -30.000000 1.378582
v 30.000000 -29.250000 1.209557
v 30.000000 -28.500000 0.919870
v 30.000000 -27.750000 0.824036
v 30.000000 -27.000000 0.773961
v 30.000000 -26.250000 0.739626
v 30.000000 -25.500000 0.809133
v 30.000000 -24.750000 0.676310
v 30.000000 -24.000000 0.707353
v 30.000000 -23.250000 0.618562
v 30.000000 -22.500000 0.593307
v 30.000000 -21.750000 0.512416
v 30.000000 -21.000000 0.358223
v 30.000000 -20.250000 0.255113
v 30.000000 -19.500000 0.085730
v 30.000000 -18.750000 0.176379
v 30.000000 -18.000000 0.242813
v 30.000000 -17.250000 0.385073
v 30.000000 -16.500000 0.496333
v 30.000000 -15.750000 0.508764
v 30.000000 -15.000000 0.570296
v 30.000000 -14.250000 0.484761
v 30.000000 -13.500000 0.536838
v 30.000000 -12.750000 0.436364
v 30.000000 -12.000000 0.472493
v 30.000000 -11.250000 0.492200
v 30.000000 -10.500000 0.447164
v 30.000000 -9.750000 0.413590
v 30.000000 -9.000000 0.208753
v 30.000000 -8.250000 0.180344
v 30.000000 -7.500000 0.095222
v 30.000000 -6.750000 0.224831
v 30.000000 -6.000000 0.348069
v 30.000000 -5.250000 0.407614
v 30.000000 -4.500000 0.504491
v 30.000000 -3.750000 0.419236
v 30.000000 -3.000000 0.508526
v 30.000000 -2.250000 0.423245
v 30.000000 -1.500000 0.450347
v 30.000000 -0.750000 0.294448
v 30.000000 0.000000 0.195767
v 30.000000 0.750000 0.127062
v 30.000000 1.500000 -0.077283
v 30.000000 2.250000 -0.085659
v 30.000000 3.000000 -0.167779
v 30.000000 3.750000 -0.109309
v 30.000000 4.500000 -0.114561
v 30.000000 5.250000 -0.100257
v 30.000000 6.000000 -0.141339
v 30.000000 6.750000 -0.293629
v 30.000000 7.500000 -0.314701
v 30.000000 8.250000 -0.434353
v 30.000000 9.000000 -0.412210
v 30.000000 9.750000 -0.356294
v 30.000000 10.500000 -0.283007
v 30.000000 11.250000 -0.201427
v 30.000000 12.000000 -0.307650
v 30.000000 12.750000 -0.287992
v 30.000000 13.500000 -0.403874
v 30.000000 14.250000 -0.340014
v 30.000000 15.000000 -0.314175
v 30.000000 15.750000 -0.351342
v 30.000000 16.500000 -0.392320
v 30.000000 17.250000 -0.576903
v 30.000000 18.000000 -0.594702
v 30.000000 18.750000 -0.768459
v 30.000000 19.500000 -0.860032
v 30.000000 20.250000 -0.953312
v 30.000000 21.000000 -0.942155
v 30.000000 21.750000 -0.857909
v 30.000000 22.500000 -0.841010
v 30.000000 23.250000 -0.719639
v 30.000000 24.000000 -0.802079
v 30.000000 24.750000 -0.786186
v 30.000000 25.500000 -0.860969
v 30.000000 26.250000 -0.916723
v 30.000000 27.000000 -0.883420
v 30.000000 27.750000 -0.875040
v 30.000000 28.500000 -0.696465
v 30.000000 29.250000 -0.638723
v 30.000000 30.000000 -0.477160
vn 0.1555 0.1289 0.9794
vn 0.2132 0.2242 0.9509
vn 0.1338 0.1733 0.9757
vn 0.1959 0.2664 0.9437
vn 0.0589 0.2497 0.9665
vn -0.0006 0.2496 0.9684
vn -0.1421 0.2541 0.9567
vn -0.1510 0.1454 0.9778
vn -0.1420 0.0274 0.9895
vn -0.2339 -0.0329 0.9717
vn -0.0488 0.0215 0.9986
vn -0.0511 0.0518 0.9973
vn -0.0336 0.0643 0.9974
vn -0.1664 0.1407 0.9760
vn -0.2070 0.0380 0.9776
vn -0.1111 -0.0024 0.9938
vn -0.1880 -0.1264 0.9740
vn -0.0603 -0.0143 0.9981
vn -0.0877 -0.0574 0.9945
vn 0.0110 -0.0075 0.9999
vn -0.0336 -0.0622 0.9975
vn -0.1073 -0.1267 0.9861
vn -0.0387 -0.0307 0.9988
vn -0.0963 -0.0103 0.9953
vn -0.0079 0.0121 0.9999
vn -0.0858 0.1328 0.9874
vn 0.0338 0.0042 0.9994
vn -0.0205 -0.0291 0.9994
vn -0.0129 -0.0288 0.9995
vn 0.0686 0.0266 0.9973
vn -0.0066 0.0536 0.9985
vn 0.1222 0.1603 0.9795
vn 0.0234 0.0844 0.9962
vn -0.0078 0.0434 0.9990
vn -0.1247 0.0905 0.9881
vn -0.1297 0.0815 0.9882
vn 0.0060 -0.0094 0.9999
vn -0.0074 -0.0975 0.9952
vn 0.1240 -0.2502 0.9602
vn 0.0480 -0.1472 0.9879
vn 0.1405 -0.1558 0.9777
vn 0.0173 0.0348 0.9992
vn -0.0345 0.0516 0.9981
vn 0.0099 0.0701 0.9975
vn -0.0740 0.0263 0.9969
vn 0.0579 -0.0092 0.9983
vn 0.0299 0.0141 0.9995
vn 0.0840 -0.0655 0.9943
vn -0.0922 0.0563 0.9942
vn -0.1331 -0.0461 0.9900
vn -0.0707 -0.0257 0.9972
vn -0.1261 -0.1321 0.9832
vn 0.0138 -0.0076 0.9999
vn -0.0099 0.0355 0.9993
vn 0.0858 0.0967 0.9916
vn 0.0344 0.1313 0.9907
vn 0.1036 0.0882 0.9907
vn 0.1713 0.0513 0.9839
vn 0.1611 -0.0208 0.9867
vn 0.2078 -0.0668 0.9759
vn 0.0739 0.1033 0.9919
vn 0.0526 0.1289 0.9903
vn -0.0356 0.0880 0.9955
vn -0.1084 0.0747 0.9913
vn -0.1584 0.0731 0.9847
vn -0.2239 0.1486 0.9632
vn -0.1889 0.1203 0.9746
vn -0.3312 0.1777 0.9267
vn -0.2785 0.0618 0.9585
vn -0.4030 -0.0787 0.9118
vn -0.4025 -0.1152 0.9081
vn -0.3697 -0.0251 0.9288
vn -0.2861 0.1124 0.9516
vn -0.1268 0.1392 0.9821
vn -0.1588 0.2580 0.9530
vn -0.0132 0.0839 0.9964
vn -0.0906 0.0354 0.9953
vn -0.1025 -0.1199 0.9875
vn -0.0703 -0.1010 0.9924
vn -0.1695 -0.1713 0.9705
vn -0.1286 -0.1507 0.9802
vn 0.1129 0.1931 0.9746
vn 0.1348 0.2070 0.9690
vn 0.1021 0.1886 0.9767
vn 0.0905 0.2204 0.9712
vn -0.0088 0.1846 0.9828
vn -0.0661 0.2260 0.9719
vn -0.1259 0.1580 0.9794
vn -0.2201 0.1490 0.9640
vn -0.1786 0.0420 0.9830
vn -0.1276 -0.0047 0.9918
vn -0.0842 0.0667 0.9942
vn -0.0674 0.0230 0.9975
vn -0.0829 0.0832 0.9931
vn -0.0821 0.0687 0.9943
vn -0.1907 0.0344 0.9810
vn -0.2144 -0.0250 0.9764
vn -0.1914 -0.0629 0.9795
vn -0.1305 0.0094 0.9914
vn -0.1033 -0.0372 0.9940
vn -0.0970 -0.0080 0.9953
vn -0.1185 -0.1028 0.9876
vn -0.1024 -0.0954 0.9902
vn -0.1315 -0.0916 0.9871
vn -0.1692 0.0047 0.9856
vn -0.0891 0.0878 0.9921
vn -0.0591 0.0917 0.9940
vn -0.0775 0.0544 0.9955
vn -0.0316 -0.0479 0.9984
vn -0.0480 -0.0019 0.9988
vn 0.0018 0.0361 0.9993
vn 0.0132 0.0989 0.9950
vn 0.0390 0.1267 0.9912
vn -0.0029 0.0609 0.9981
vn -0.0439 0.0168 0.9989
vn -0.0924 0.0221 0.9955
vn -0.1505 0.0892 0.9846
vn -0.1065 0.0501 0.9931
vn -0.0280 -0.0580 0.9979
vn 0.0558 -0.1786 0.9823
vn 0.0833 -0.1813 0.9799
vn 0.0894 -0.1109 0.9898
vn 0.0951 -0.0579 0.9938
vn 0.0024 0.0686 0.9976
vn 0.0405 0.0604 0.9973
vn 0.0257 0.0623 0.9977
vn 0.0779 0.0070 0.9969
vn 0.0357 -0.0099 0.9993
vn -0.0260 -0.1002 0.9946
vn -0.1147 -0.0453 0.9924
vn -0.1794 -0.0337 0.9832
vn -0.2007 -0.0519 0.9783
vn -0.1683 -0.0552 0.9842
vn -0.0816 0.0063 0.9966
vn -0.0829 0.0197 0.9964
vn -0.0557 0.1614 0.9853
vn 0.0031 0.1421 0.9898
vn 0.0179 0.1450 0.9893
vn 0.0559 0.0331 0.9979
vn 0.0319 -0.0003 0.9995
vn 0.0354 -0.0753 0.9965
vn 0.0031 0.0249 0.9997
vn -0.0800 0.0833 0.9933
vn -0.1366 0.0454 0.9896
vn -0.1744 0.0463 0.9836
vn -0.2173 0.0269 0.9757
vn -0.2798 0.0999 0.9548
vn -0.2988 0.1190 0.9469
vn -0.3512 0.0927 0.9317
vn -0.4295 0.0195 0.9029
vn -0.4350 -0.0858 0.8963
vn -0.4360 -0.1037 0.8939
vn -0.3801 0.0198 0.9247
vn -0.3286 0.1791 0.9273
vn -0.2098 0.2279 0.9508
vn -0.1658 0.2494 0.9541
vn -0.1295 0.1631 0.9781
vn -0.0760 -0.0092 0.9971
vn -0.1217 -0.1179 0.9855
vn -0.1185 -0.1402 0.9830
vn -0.1455 -0.1504 0.9779
vn -0.1069 -0.0922 0.9900
vn -0.0061 0.1938 0.9810
vn -0.0463 0.2132 0.9759
vn -0.0473 0.1557 0.9867
vn -0.1229 0.1701 0.9777
vn -0.1127 0.1319 0.9848
vn -0.1875 0.1483 0.9710
vn -0.2267 0.1259 0.9658
vn -0.2208 0.0821 0.9719
vn -0.2509 0.1211 0.9604
vn -0.1678 0.0647 0.9837
vn -0.1352 0.0678 0.9885
vn -0.1059 0.0570 0.9927
vn -0.0909 0.0690 0.9935
vn -0.1890 -0.0124 0.9819
vn -0.2394 -0.0444 0.9699
vn -0.2861 -0.0339 0.9576
vn -0.2950 -0.0416 0.9546
vn -0.3092 0.0246 0.9507
vn -0.2424 0.0438 0.9692
vn -0.1855 -0.0366 0.9820
vn -0.1891 -0.0728 0.9792
vn -0.1992 -0.1179 0.9728
vn -0.1971 -0.0898 0.9763
vn -0.1242 0.0322 0.9917
vn -0.1538 0.1236 0.9803
vn -0.1087 0.1068 0.9883
vn -0.0845 0.0524 0.9950
vn -0.0941 -0.0105 0.9955
vn -0.0533 -0.0154 0.9985
vn -0.0530 0.0946 0.9941
vn 0.0235 0.1199 0.9925
vn -0.0113 0.1015 0.9948
vn -0.0532 0.0109 0.9985
vn -0.1075 -0.0287 0.9938
vn -0.1519 0.0022 0.9884
vn -0.1525 0.0469 0.9872
vn -0.1842 0.1065 0.9771
vn -0.1555 -0.0061 0.9878
vn -0.0908 -0.0765 0.9929
vn -0.0095 -0.1871 0.9823
vn 0.0076 -0.0709 0.9975
vn 0.0124 -0.1001 0.9949
vn -0.0081 0.0124 0.9999
vn -0.0588 0.0887 0.9943
vn -0.0285 0.0504 0.9983
vn -0.0736 0.0070 0.9973
vn -0.1020 -0.1077 0.9889
vn -0.1466 -0.1409 0.9791
vn -0.2072 -0.1228 0.9706
vn -0.2773 -0.0933 0.9562
vn -0.2906 -0.0410 0.9560
vn -0.2285 0.0274 0.9732
vn -0.2036 0.0432 0.9781
vn -0.1005 0.0799 0.9917
vn -0.0798 0.1506 0.9854
vn -0.1042 0.1875 0.9767
vn -0.0992 0.1174 0.9881
vn -0.1341 0.0644 0.9889
vn -0.1178 -0.0490 0.9918
vn -0.1214 -0.0447 0.9916
vn -0.1127 -0.0086 0.9936
vn -0.1508 0.0013 0.9886
vn -0.2383 -0.0082 0.9712
vn -0.2986 -0.0226 0.9541
vn -0.3699 -0.0079 0.9290
vn -0.3761 0.0427 0.9256
vn -0.4246 0.0759 0.9022
vn -0.4455 0.0518 0.8938
vn -0.4286 -0.0196 0.9033
vn -0.4639 -0.0917 0.8811
vn -0.4294 -0.0481 0.9018
vn -0.3417 0.1415 0.9291
vn -0.2546 0.2076 0.9445
vn -0.2424 0.3043 0.9212
vn -0.2072 0.2713 0.9399
vn -0.1979 0.1866 0.9623
vn -0.2202 0.0120 0.9754
vn -0.1402 -0.0996 0.9851
vn -0.1350 -0.1543 0.9788
vn -0.1053 -0.1430 0.9841
vn -0.1306 -0.1692 0.9769
vn -0.0396 0.0452 0.9982
vn -0.1358 0.1199 0.9835
vn -0.2104 0.1433 0.9671
vn -0.2182 0.1103 0.9697
vn -0.2665 0.1351 0.9543
vn -0.2489 0.1057 0.9627
vn -0.2543 0.1067 0.9612
vn -0.2614 0.1348 0.9558
vn -0.1926 0.1003 0.9762
vn -0.2175 0.1414 0.9658
vn -0.1642 0.0745 0.9836
vn -0.1961 0.0607 0.9787
vn -0.2523 0.0095 0.9676
vn -0.2717 -0.0611 0.9605
vn -0.3106 -0.0844 0.9468
vn -0.3437 -0.0797 0.9357
vn -0.3316 -0.0139 0.9433
vn -0.2617 0.0510 0.9638
vn -0.2927 0.0545 0.9547
vn -0.3194 0.0031 0.9476
vn -0.2698 -0.0723 0.9602
vn -0.2524 -0.0997 0.9625
vn -0.1920 -0.0428 0.9805
vn -0.2103 0.0528 0.9762
vn -0.1582 0.1041 0.9819
vn -0.2014 0.1528 0.9675
vn -0.1657 0.0637 0.9841
vn -0.1381 0.0004 0.9904
vn -0.0874 0.0520 0.9948
vn -0.0366 0.0904 0.9952
vn -0.0578 0.1680 0.9841
vn -0.0276 0.0492 0.9984
vn -0.0653 -0.0262 0.9975
vn -0.1353 -0.0994 0.9858
vn -0.1975 -0.0402 0.9795
vn -0.2300 0.0649 0.9710
vn -0.2058 0.0721 0.9759
vn -0.2228 0.0362 0.9742
vn -0.2058 -0.0293 0.9782
vn -0.1679 -0.1150 0.9791
vn -0.1314 -0.0937 0.9869
vn -0.1206 -0.0494 0.9915
vn -0.0724 -0.0128 0.9973
vn -0.1215 0.0298 0.9921
vn -0.1682 0.0673 0.9835
vn -0.1471 -0.0350 0.9885
vn -0.1368 -0.1052 0.9850
vn -0.1347 -0.1816 0.9741
vn -0.1513 -0.1876 0.9705
vn -0.1947 -0.1236 0.9730
vn -0.1969 -0.0216 0.9802
vn -0.1927 0.0815 0.9779
vn -0.0948 0.1010 0.9904
vn -0.0744 0.1592 0.9844
vn -0.0318 0.1342 0.9905
vn -0.0837 0.1448 0.9859
vn -0.1345 0.1128 0.9845
vn -0.1168 0.0375 0.9925
vn -0.1466 -0.0280 0.9888
vn -0.1381 -0.0618 0.9885
vn -0.1708 -0.0303 0.9848
vn -0.2226 -0.0596 0.9731
vn -0.2499 -0.0652 0.9661
vn -0.3187 -0.0874 0.9438
vn -0.3305 -0.0672 0.9414
vn -0.4116 0.0138 0.9113
vn -0.4259 0.0265 0.9044
vn -0.4477 0.0505 0.8928
vn -0.4590 -0.0132 0.8884
vn -0.4003 -0.0481 0.9151
vn -0.2706 0.0743 0.9598
vn -0.2070 0.1620 0.9649
vn -0.2028 0.2919 0.9347
vn -0.1762 0.2821 0.9431
vn -0.2276 0.2773 0.9334
vn -0.2425 0.1863 0.9521
vn -0.2167 0.0398 0.9754
vn -0.2009 -0.0446 0.9786
vn -0.1355 -0.1109 0.9845
vn -0.1079 -0.1363 0.9848
vn -0.1124 -0.1727 0.9785
vn -0.0699 0.1224 0.9900
vn -0.1133 0.0268 0.9932
vn -0.1884 0.0737 0.9793
vn -0.2473 0.1084 0.9629
vn -0.2456 0.1010 0.9641
vn -0.2560 0.1364 0.9570
vn -0.2233 0.1219 0.9671
vn -0.1996 0.1282 0.9714
vn -0.2145 0.1707 0.9617
vn -0.1682 0.0980 0.9809
vn -0.2471 0.0910 0.9647
vn -0.2649 -0.0003 0.9643
vn -0.2835 -0.0211 0.9588
vn -0.3433 -0.1082 0.9330
vn -0.3484 -0.0951 0.9325
vn -0.2909 -0.0226 0.9565
vn -0.2433 -0.0183 0.9698
vn -0.2702 0.0912 0.9585
vn -0.2334 0.0200 0.9722
vn -0.2259 0.0207 0.9739
vn -0.2480 -0.0498 0.9675
vn -0.1997 -0.0471 0.9787
vn -0.1744 -0.0182 0.9845
vn -0.1583 0.0339 0.9868
vn -0.1880 0.1486 0.9709
vn -0.1439 0.1076 0.9837
vn -0.1764 0.1150 0.9776
vn -0.1118 0.0558 0.9922
vn -0.0837 0.0795 0.9933
vn -0.0766 0.1182 0.9900
vn -0.0707 0.1303 0.9890
vn -0.1151 0.0709 0.9908
vn -0.1412 -0.1018 0.9847
vn -0.1559 -0.1343 0.9786
vn -0.1728 -0.0885 0.9810
vn -0.2315 0.0098 0.9728
vn -0.2653 0.1099 0.9579
vn -0.2460 0.0129 0.9692
vn -0.2606 -0.0232 0.9652
vn -0.2599 -0.0712 0.9630
vn -0.2330 -0.0650 0.9703
vn -0.2162 -0.0440 0.9753
vn -0.2479 -0.0067 0.9688
vn -0.2059 0.0250 0.9783
vn -0.1954 0.0356 0.9801
vn -0.1883 0.0297 0.9817
vn -0.1145 -0.0890 0.9894
vn -0.0549 -0.1524 0.9868
vn 0.0205 -0.1671 0.9857
vn -0.0034 -0.1906 0.9817
vn -0.0579 -0.0091 0.9983
vn -0.0059 0.1279 0.9918
vn 0.0133 0.1675 0.9858
vn 0.0543 0.1461 0.9878
vn 0.0409 0.1642 0.9856
vn -0.0013 0.0529 0.9986
vn -0.0790 0.0736 0.9942
vn -0.1186 0.0621 0.9910
vn -0.0657 -0.0459 0.9968
vn -0.0929 -0.0619 0.9937
vn -0.1157 -0.0849 0.9896
vn -0.1546 -0.0941 0.9835
vn -0.1815 -0.1191 0.9761
vn -0.2096 -0.1245 0.9698
vn -0.2584 -0.1051 0.9603
vn -0.2783 -0.0677 0.9581
vn -0.3441 0.0324 0.9384
vn -0.3135 0.0480 0.9484
vn -0.2847 0.0431 0.9576
vn -0.1755 0.0541 0.9830
vn -0.1492 0.1538 0.9768
vn -0.0960 0.2303 0.9684
vn -0.0845 0.2454 0.9657
vn -0.1872 0.2620 0.9467
vn -0.2422 0.2119 0.9468
vn -0.3137 0.1718 0.9339
vn -0.3194 0.0793 0.9443
vn -0.2698 -0.0183 0.9627
vn -0.2343 -0.0472 0.9710
vn -0.1803 -0.1127 0.9771
vn -0.1232 -0.0998 0.9874
vn -0.0065 -0.0201 0.9998
vn -0.0253 -0.0167 0.9995
vn -0.0446 0.0235 0.9987
vn -0.0805 0.0602 0.9949
vn -0.1361 0.1107 0.9845
vn -0.1204 0.1329 0.9838
vn -0.1309 0.1591 0.9785
vn -0.1057 0.1523 0.9827
vn -0.0985 0.1431 0.9848
vn -0.1625 0.1027 0.9814
vn -0.1779 -0.0022 0.9840
vn -0.2467 -0.0141 0.9690
vn -0.3277 -0.0940 0.9401
vn -0.3157 -0.1013 0.9434
vn -0.2498 -0.0250 0.9680
vn -0.2139 -0.0062 0.9768
vn -0.1605 0.0719 0.9844
vn -0.0946 0.0497 0.9943
vn -0.1430 0.0712 0.9872
vn -0.1225 -0.0106 0.9924
vn -0.1300 -0.0445 0.9905
vn -0.0820 0.0198 0.9964
vn -0.0479 -0.0017 0.9989
vn -0.0567 0.0035 0.9984
vn -0.0897 0.1274 0.9878
vn -0.1099 0.1680 0.9796
vn -0.0519 0.0780 0.9956
vn -0.0718 0.1183 0.9904
vn -0.0418 0.0840 0.9956
vn -0.0631 0.0969 0.9933
vn -0.1101 0.1250 0.9860
vn -0.1190 0.0216 0.9927
vn -0.1163 -0.0925 0.9889
vn -0.0993 -0.1364 0.9857
vn -0.0884 -0.0912 0.9919
vn -0.0446 -0.0216 0.9988
vn -0.0925 0.0606 0.9939
vn -0.1867 -0.0036 0.9824
vn -0.2246 -0.0550 0.9729
vn -0.2423 -0.0675 0.9679
vn -0.2287 -0.0381 0.9728
vn -0.1970 -0.0177 0.9802
vn -0.1406 -0.0053 0.9900
vn -0.1707 0.0244 0.9850
vn -0.1721 0.0755 0.9822
vn -0.1064 0.0729 0.9916
vn -0.0336 0.0112 0.9994
vn 0.1061 -0.0506 0.9931
vn 0.1387 -0.1460 0.9795
vn 0.1976 -0.1803 0.9636
vn 0.2089 -0.0234 0.9777
vn 0.1636 0.1237 0.9787
vn 0.1533 0.1750 0.9726
vn 0.1691 0.1731 0.9703
vn 0.1142 0.0676 0.9912
vn 0.0412 0.0304 0.9987
vn 0.0128 -0.0060 0.9999
vn -0.0016 0.0873 0.9962
vn -0.0042 -0.0239 0.9997
vn -0.0161 -0.1228 0.9923
vn -0.0569 -0.0919 0.9941
vn -0.0235 -0.1034 0.9944
vn -0.0502 -0.1502 0.9874
vn -0.0185 -0.1440 0.9894
vn -0.0880 -0.1745 0.9807
vn -0.1101 -0.0720 0.9913
vn -0.1075 -0.0056 0.9942
vn -0.1376 0.0797 0.9873
vn -0.0515 0.1408 0.9887
vn -0.0011 0.1360 0.9907
vn 0.0517 0.1495 0.9874
vn 0.0421 0.2487 0.9677
vn -0.0615 0.1772 0.9822
vn -0.1641 0.1415 0.9762
vn -0.2780 0.1329 0.9514
vn -0.3464 0.1154 0.9310
vn -0.3751 0.0863 0.9229
vn -0.3598 0.0496 0.9317
vn -0.2891 -0.0127 0.9572
vn -0.2500 -0.0314 0.9677
vn -0.2141 -0.0871 0.9729
vn 0.1219 0.0120 0.9925
vn 0.1366 -0.0083 0.9906
vn 0.1339 -0.0090 0.9910
vn 0.1041 0.0358 0.9939
vn 0.0936 0.0640 0.9935
vn 0.0293 0.1496 0.9883
vn 0.0376 0.1263 0.9913
vn 0.0117 0.1980 0.9801
vn 0.0083 0.0869 0.9962
vn -0.0330 0.0448 0.9984
vn -0.1027 -0.0301 0.9943
vn -0.1691 -0.1242 0.9777
vn -0.1697 -0.1020 0.9802
vn -0.1733 -0.0789 0.9817
vn -0.1485 0.0502 0.9876
vn -0.0711 0.0429 0.9965
vn -0.0136 0.1538 0.9880
vn -0.0026 0.0406 0.9992
vn 0.0241 0.0661 0.9975
vn 0.0167 0.0074 0.9998
vn 0.0797 -0.0106 0.9968
vn 0.0671 0.0307 0.9973
vn 0.0803 0.0049 0.9968
vn 0.0844 0.0160 0.9963
vn 0.0907 0.0754 0.9930
vn 0.0642 0.1701 0.9833
vn 0.0684 0.1383 0.9880
vn 0.1077 0.0738 0.9914
vn 0.0680 0.1109 0.9915
vn 0.0292 0.0133 0.9995
vn -0.0128 0.1034 0.9946
vn -0.0442 0.0266 0.9987
vn -0.0154 -0.0606 0.9980
vn 0.0276 -0.1103 0.9935
vn 0.0857 -0.0599 0.9945
vn 0.0701 -0.0073 0.9975
vn 0.0662 -0.0088 0.9978
vn -0.0113 -0.1150 0.9933
vn -0.0788 -0.0627 0.9949
vn -0.0638 -0.0782 0.9949
vn -0.0768 -0.0208 0.9968
vn -0.0394 0.0188 0.9990
vn -0.0454 0.0228 0.9987
vn -0.0249 -0.0068 0.9997
vn -0.0047 0.1242 0.9922
vn 0.0121 0.1295 0.9915
vn 0.1012 0.1282 0.9866
vn 0.1789 0.0440 0.9829
vn 0.2387 -0.1206 0.9636
vn 0.2370 -0.1322 0.9625
vn 0.2345 -0.0555 0.9705
vn 0.2495 0.0996 0.9632
vn 0.2508 0.1801 0.9511
vn 0.2187 0.1173 0.9687
vn 0.1769 0.0182 0.9841
vn 0.1617 -0.0058 0.9868
vn 0.1514 -0.0018 0.9885
vn 0.1204 0.0308 0.9923
vn 0.0550 -0.0423 0.9976
vn 0.0686 -0.0996 0.9927
vn 0.0830 -0.1155 0.9898
vn 0.0731 -0.0760 0.9944
vn 0.1280 -0.1338 0.9827
vn 0.1109 -0.1414 0.9837
vn 0.1500 -0.2149 0.9651
vn 0.0694 -0.0971 0.9928
vn 0.0716 -0.0073 0.9974
vn 0.1225 0.1394 0.9826
vn 0.1643 0.1737 0.9710
vn 0.1678 0.1420 0.9756
vn 0.1833 0.1869 0.9651
vn 0.0731 0.1216 0.9899
vn -0.0455 0.0428 0.9980
vn -0.1618 0.0581 0.9851
vn -0.2181 0.0283 0.9755
vn -0.2914 0.0662 0.9543
vn -0.3140 0.0781 0.9462
vn -0.3039 0.0770 0.9496
vn -0.2838 0.0701 0.9563
vn -0.1890 0.0252 0.9816
vn -0.1166 0.1425 0.9829
vn 0.2171 -0.0876 0.9722
vn 0.2510 0.0013 0.9680
vn 0.2712 0.0091 0.9625
vn 0.2590 -0.0335 0.9653
vn 0.1743 0.0311 0.9842
vn 0.1657 0.0978 0.9813
vn 0.1122 0.1282 0.9854
vn 0.1103 0.1484 0.9828
vn 0.0842 0.1152 0.9898
vn 0.0943 0.0081 0.9955
vn 0.0507 -0.1247 0.9909
vn 0.0049 -0.1364 0.9906
vn 0.0243 -0.0831 0.9962
vn 0.0550 -0.0714 0.9959
vn 0.0967 0.0756 0.9924
vn 0.1005 0.1185 0.9879
vn 0.1303 0.1313 0.9827
vn 0.1164 0.0844 0.9896
vn 0.1316 0.0613 0.9894
vn 0.1507 0.0267 0.9882
vn 0.1748 0.0357 0.9840
vn 0.2144 0.0187 0.9766
vn 0.1920 0.0021 0.9814
vn 0.1879 0.0237 0.9819
vn 0.1846 0.0890 0.9788
vn 0.1685 0.1413 0.9755
vn 0.1617 0.1410 0.9767
vn 0.1654 0.0975 0.9814
vn 0.1566 0.0316 0.9872
vn 0.1455 0.0206 0.9891
vn 0.1468 0.0575 0.9875
vn 0.1238 0.0104 0.9923
vn 0.1271 -0.0115 0.9918
vn 0.1693 -0.0621 0.9836
vn 0.1630 -0.0435 0.9857
vn 0.2011 -0.0138 0.9795
vn 0.1714 -0.0336 0.9846
vn 0.2028 -0.1163 0.9723
vn 0.1790 -0.1327 0.9749
vn 0.1217 -0.0577 0.9909
vn 0.1393 -0.0359 0.9896
vn 0.0888 0.0335 0.9955
vn 0.1044 0.0103 0.9945
vn 0.1169 0.0538 0.9917
vn 0.1449 0.1135 0.9829
vn 0.1631 0.1683 0.9721
vn 0.1865 0.1793 0.9660
vn 0.1917 0.0687 0.9790
vn 0.2123 -0.0731 0.9745
vn 0.2469 -0.1479 0.9577
vn 0.2612 -0.0233 0.9650
vn 0.2593 0.1094 0.9596
vn 0.2674 0.1577 0.9506
vn 0.2740 0.1123 0.9552
vn 0.2925 -0.0132 0.9562
vn 0.2459 -0.0170 0.9691
vn 0.2467 -0.0082 0.9691
vn 0.2287 -0.0139 0.9734
vn 0.2563 -0.0477 0.9654
vn 0.2114 -0.1228 0.9697
vn 0.2067 -0.0918 0.9741
vn 0.2254 -0.0641 0.9721
vn 0.2387 -0.0887 0.9670
vn 0.2549 -0.1529 0.9548
vn 0.2492 -0.1695 0.9535
vn 0.2954 -0.1507 0.9434
vn 0.2904 0.0393 0.9561
vn 0.2835 0.1554 0.9463
vn 0.2685 0.1684 0.9484
vn 0.2764 0.1560 0.9483
vn 0.1748 0.0729 0.9819
vn 0.0523 -0.0208 0.9984
vn -0.0411 -0.0089 0.9991
vn -0.0636 -0.0341 0.9974
vn -0.1035 0.0196 0.9944
vn -0.0758 0.0027 0.9971
vn -0.1156 0.0999 0.9883
vn -0.1132 0.0590 0.9918
vn -0.1094 0.1386 0.9843
vn -0.0893 0.0877 0.9921
vn -0.0512 0.1334 0.9897
vn 0.1652 0.0797 0.9830
vn 0.1824 0.0177 0.9831
vn 0.1728 0.0145 0.9848
vn 0.1918 -0.0313 0.9809
vn 0.2088 -0.0385 0.9772
vn 0.1206 0.0708 0.9902
vn 0.1206 0.1069 0.9869
vn 0.0960 0.1328 0.9865
vn 0.0801 0.0821 0.9934
vn 0.0162 -0.0282 0.9995
vn 0.0456 -0.0798 0.9958
vn 0.1359 -0.1486 0.9795
vn 0.1223 -0.0604 0.9907
vn 0.2061 0.0061 0.9785
vn 0.2179 0.0678 0.9736
vn 0.2581 0.1507 0.9543
vn 0.2131 0.1024 0.9716
vn 0.1971 0.0804 0.9771
vn 0.1992 0.0755 0.9771
vn 0.2230 0.0665 0.9725
vn 0.2490 0.0576 0.9668
vn 0.2776 0.0443 0.9597
vn 0.2985 -0.0121 0.9543
vn 0.2783 -0.0076 0.9605
vn 0.2148 0.0570 0.9750
vn 0.1839 0.1180 0.9758
vn 0.1604 0.1399 0.9771
vn 0.1627 0.0941 0.9822
vn 0.1957 0.0611 0.9788
vn 0.2366 0.0411 0.9707
vn 0.2531 0.0558 0.9658
vn 0.2961 0.0272 0.9548
vn 0.2610 -0.0452 0.9643
vn 0.2319 -0.0357 0.9721
vn 0.2628 -0.0475 0.9637
vn 0.2432 0.0198 0.9698
vn 0.2910 -0.0429 0.9558
vn 0.2923 -0.0857 0.9525
vn 0.3145 -0.1443 0.9382
vn 0.2838 -0.1142 0.9521
vn 0.2197 -0.0336 0.9750
vn 0.2020 -0.0325 0.9788
vn 0.1340 0.0263 0.9906
vn 0.1566 0.0706 0.9851
vn 0.1610 0.1319 0.9781
vn 0.1656 0.1862 0.9685
vn 0.1601 0.1683 0.9727
vn 0.1528 0.0636 0.9862
vn 0.1435 -0.0604 0.9878
vn 0.1535 -0.1048 0.9826
vn 0.2007 -0.0302 0.9792
vn 0.2197 0.1405 0.9654
vn 0.2377 0.1768 0.9551
vn 0.2654 0.1293 0.9554
vn 0.2834 0.0019 0.9590
vn 0.2787 -0.0869 0.9564
vn 0.2058 0.0011 0.9786
vn 0.2440 -0.0043 0.9698
vn 0.2227 -0.0439 0.9739
vn 0.2955 -0.0972 0.9504
vn 0.3173 -0.0872 0.9443
vn 0.3136 -0.0510 0.9482
vn 0.3106 -0.0824 0.9470
vn 0.3153 -0.1274 0.9404
vn 0.3443 -0.1533 0.9263
vn 0.3706 -0.0858 0.9248
vn 0.4026 0.0027 0.9154
vn 0.3913 0.1364 0.9101
vn 0.3480 0.1358 0.9276
vn 0.2548 0.0390 0.9662
vn 0.1706 0.0053 0.9853
vn 0.1672 -0.0861 0.9822
vn 0.1031 -0.0808 0.9914
vn 0.1029 -0.0187 0.9945
vn 0.0996 0.0010 0.9950
vn 0.1028 0.0378 0.9940
vn 0.1595 0.0782 0.9841
vn 0.1368 0.0802 0.9873
vn 0.1229 0.1027 0.9871
vn 0.1038 0.1370 0.9851
vn 0.1517 0.2151 0.9647
vn 0.0321 0.0431 0.9986
vn -0.0025 0.0522 0.9986
vn 0.0452 0.0024 0.9990
vn 0.0481 0.0195 0.9987
vn 0.0573 -0.0782 0.9953
vn 0.0418 0.0184 0.9990
vn 0.0093 0.1314 0.9913
vn -0.0016 0.0629 0.9980
vn -0.0436 0.1038 0.9936
vn 0.0256 -0.0343 0.9991
vn 0.0408 -0.0443 0.9982
vn 0.0778 -0.0633 0.9950
vn 0.2280 0.0134 0.9736
vn 0.2609 0.0360 0.9647
vn 0.3040 0.1101 0.9463
vn 0.2552 0.0961 0.9621
vn 0.2304 0.0710 0.9705
vn 0.2181 0.0773 0.9729
vn 0.1825 0.0703 0.9807
vn 0.1784 0.0756 0.9810
vn 0.1942 0.0936 0.9765
vn 0.2064 0.0596 0.9766
vn 0.2403 0.0168 0.9706
vn 0.2542 -0.0387 0.9664
vn 0.2336 -0.0133 0.9722
vn 0.1505 0.0865 0.9848
vn 0.1306 0.1222 0.9839
vn 0.1254 0.1201 0.9848
vn 0.1499 0.0995 0.9837
vn 0.1818 0.0838 0.9797
vn 0.2270 0.0846 0.9702
vn 0.1866 0.0201 0.9822
vn 0.2139 -0.0572 0.9752
vn 0.2030 -0.0581 0.9774
vn 0.1677 -0.0341 0.9852
vn 0.2265 0.0269 0.9736
vn 0.2558 0.0365 0.9660
vn 0.3228 -0.0731 0.9436
vn 0.3268 -0.1365 0.9352
vn 0.3115 -0.1663 0.9356
vn 0.2472 -0.1218 0.9613
vn 0.1521 -0.0641 0.9863
vn 0.1263 -0.0339 0.9914
vn 0.0594 0.0875 0.9944
vn 0.0885 0.1372 0.9866
vn 0.0579 0.1578 0.9858
vn 0.0501 0.2003 0.9785
vn 0.0697 0.0400 0.9968
vn 0.0398 -0.0820 0.9958
vn 0.0509 -0.0771 0.9957
vn 0.0687 0.0278 0.9972
vn 0.1320 0.1675 0.9770
vn 0.1543 0.2059 0.9663
vn 0.1564 0.1279 0.9794
vn 0.1143 -0.0035 0.9934
vn 0.1520 -0.0697 0.9859
vn 0.1717 -0.0597 0.9833
vn 0.1087 0.0374 0.9934
vn 0.2009 -0.0090 0.9796
vn 0.2184 -0.0328 0.9753
vn 0.2672 -0.0740 0.9608
vn 0.2735 -0.0705 0.9593
vn 0.2482 -0.0857 0.9649
vn 0.2615 -0.1085 0.9591
vn 0.2999 -0.0909 0.9496
vn 0.3918 -0.0622 0.9179
vn 0.4154 0.0488 0.9083
vn 0.3860 0.0782 0.9192
vn 0.3119 0.0284 0.9497
vn 0.2730 0.0111 0.9620
vn 0.2510 -0.0799 0.9647
vn 0.1888 -0.0652 0.9799
vn 0.2532 -0.1066 0.9615
vn 0.2228 -0.0048 0.9749
vn 0.2712 0.0201 0.9623
vn 0.3082 0.0830 0.9477
vn 0.3287 0.0831 0.9408
vn 0.3053 0.0330 0.9517
vn 0.2514 0.0724 0.9652
vn 0.2271 0.1280 0.9654
vn 0.1734 0.1267 0.9767
vn -0.0410 -0.0668 0.9969
vn -0.0445 0.0220 0.9988
vn -0.0959 0.0297 0.9949
vn -0.0759 -0.0019 0.9971
vn -0.0744 -0.0312 0.9967
vn -0.0331 -0.0077 0.9994
vn -0.1074 0.0639 0.9922
vn -0.1155 0.0972 0.9885
vn -0.0971 0.0501 0.9940
vn -0.1192 0.0759 0.9900
vn -0.0100 -0.0172 0.9998
vn 0.0991 0.0681 0.9927
vn 0.1820 0.0869 0.9795
vn 0.2229 0.0802 0.9715
vn 0.2078 0.0756 0.9752
vn 0.1777 0.0627 0.9821
vn 0.1518 0.0606 0.9866
vn 0.1244 0.0315 0.9917
vn 0.1097 0.0529 0.9926
vn 0.0938 0.0922 0.9913
vn 0.0800 0.0703 0.9943
vn 0.0853 0.1083 0.9905
vn 0.1018 0.0166 0.9947
vn 0.1319 -0.0047 0.9913
vn 0.1622 -0.0371 0.9861
vn 0.1665 0.0363 0.9854
vn 0.0943 0.0875 0.9917
vn 0.0214 0.0782 0.9967
vn 0.0130 0.1597 0.9871
vn 0.0394 0.0935 0.9948
vn 0.0244 0.1111 0.9935
vn 0.0548 -0.0113 0.9984
vn 0.0382 -0.0184 0.9991
vn 0.0517 -0.1087 0.9927
vn 0.0962 0.0162 0.9952
vn 0.1101 0.0671 0.9917
vn 0.1547 0.0635 0.9859
vn 0.2012 0.0081 0.9795
vn 0.2470 -0.1504 0.9573
vn 0.2176 -0.2057 0.9541
vn 0.1668 -0.2150 0.9623
vn 0.1093 -0.1255 0.9861
vn 0.0181 -0.1083 0.9939
vn -0.0179 0.0558 0.9983
vn -0.0449 0.1663 0.9850
vn -0.0062 0.1347 0.9909
vn -0.0707 0.1495 0.9862
vn -0.1016 0.0762 0.9919
vn -0.0397 -0.0681 0.9969
vn -0.0357 -0.0826 0.9959
vn -0.0214 0.0580 0.9981
vn -0.0018 0.2246 0.9745
vn 0.0257 0.2144 0.9764
vn 0.0026 0.1038 0.9946
vn 0.0207 -0.0087 0.9997
vn -0.0099 -0.0395 0.9992
vn -0.0133 -0.0888 0.9960
vn -0.0047 0.0311 0.9995
vn 0.0026 0.0925 0.9957
vn 0.0688 -0.0514 0.9963
vn 0.0774 -0.0078 0.9970
vn 0.0750 -0.1285 0.9889
vn 0.0747 -0.0524 0.9958
vn 0.0735 -0.1383 0.9877
vn 0.1234 0.0195 0.9922
vn 0.1981 0.0121 0.9801
vn 0.2724 0.0533 0.9607
vn 0.2906 0.0627 0.9548
vn 0.2965 -0.0145 0.9549
vn 0.2268 -0.0590 0.9722
vn 0.2000 -0.0805 0.9765
vn 0.2223 -0.0695 0.9725
vn 0.2239 -0.0486 0.9734
vn 0.3196 0.0179 0.9474
vn 0.3355 0.0718 0.9393
vn 0.3519 0.0988 0.9308
vn 0.3436 0.0746 0.9361
vn 0.3284 0.0036 0.9445
vn 0.2717 -0.0197 0.9622
vn 0.1738 0.0816 0.9814
vn 0.1649 0.1260 0.9782
vn -0.0208 0.0157 0.9997
vn -0.0568 -0.0015 0.9984
vn -0.0632 -0.0064 0.9980
vn -0.1119 -0.0026 0.9937
vn -0.1127 -0.0317 0.9931
vn -0.1599 -0.0050 0.9871
vn -0.1405 0.0187 0.9899
vn -0.1779 0.0930 0.9797
vn -0.1752 0.0911 0.9803
vn -0.1197 0.0741 0.9900
vn -0.0863 0.1232 0.9886
vn 0.0225 0.1529 0.9880
vn 0.0280 0.1177 0.9927
vn 0.0672 0.1097 0.9917
vn 0.0303 0.0189 0.9994
vn 0.0211 0.0815 0.9964
vn 0.0220 -0.0016 0.9998
vn 0.0198 0.0567 0.9982
vn 0.0069 0.0123 0.9999
vn -0.0603 0.0366 0.9975
vn -0.0567 0.1190 0.9913
vn -0.0318 0.0789 0.9964
vn -0.0204 0.0916 0.9956
vn 0.0612 0.0251 0.9978
vn 0.0624 -0.0229 0.9978
vn 0.0525 0.0077 0.9986
vn 0.0013 0.0131 0.9999
vn -0.0130 0.0563 0.9983
vn -0.1114 0.0794 0.9906
vn -0.1762 0.1147 0.9776
vn -0.1758 0.0760 0.9815
vn -0.1904 0.0352 0.9811
vn -0.1577 -0.0433 0.9865
vn -0.1223 -0.0335 0.9919
vn -0.0279 0.0695 0.9972
vn -0.0024 0.0541 0.9985
vn 0.0245 0.1646 0.9861
vn 0.0835 0.0140 0.9964
vn 0.0833 -0.1204 0.9892
vn 0.0834 -0.2725 0.9585
vn 0.0369 -0.2416 0.9697
vn -0.0127 -0.2349 0.9719
vn -0.0613 -0.1178 0.9911
vn -0.0352 0.0397 0.9986
vn -0.0779 0.1005 0.9919
vn -0.1538 0.1687 0.9736
vn -0.1223 0.0979 0.9876
vn -0.1624 0.0571 0.9851
vn -0.1994 -0.0345 0.9793
vn -0.1658 -0.0606 0.9843
vn -0.0992 0.1149 0.9884
vn -0.1013 0.1807 0.9783
vn -0.1523 0.2241 0.9626
vn -0.1384 0.1051 0.9848
vn -0.1584 -0.0157 0.9872
vn -0.1557 -0.0835 0.9843
vn -0.1880 -0.0673 0.9799
vn -0.1463 0.0585 0.9875
vn -0.1581 0.0579 0.9857
vn -0.1697 0.0308 0.9850
vn -0.1525 -0.0540 0.9868
vn -0.1520 -0.0824 0.9849
vn -0.1315 -0.0905 0.9872
vn -0.1288 -0.0774 0.9886
vn -0.0443 0.0925 0.9947
vn 0.0172 0.0654 0.9977
vn 0.0690 0.1442 0.9871
vn 0.1139 0.0448 0.9925
vn 0.0690 -0.0187 0.9974
vn 0.1238 -0.0966 0.9876
vn 0.0945 -0.0670 0.9933
vn 0.1103 -0.0612 0.9920
vn 0.1879 0.0358 0.9815
vn 0.1895 0.0429 0.9810
vn 0.1802 0.0754 0.9807
vn 0.1870 0.1114 0.9760
vn 0.1628 0.0353 0.9860
vn 0.1073 -0.0380 0.9935
vn 0.0625 -0.0918 0.9938
vn 0.0261 0.0125 0.9996
vn -0.0470 0.0905 0.9948
vn -0.0005 -0.0458 0.9990
vn -0.0231 -0.0464 0.9987
vn -0.0316 0.0194 0.9993
vn -0.0224 -0.0697 0.9973
vn -0.0746 -0.0367 0.9965
vn -0.0867 -0.0625 0.9943
vn -0.1551 0.0142 0.9878
vn -0.1470 0.0819 0.9857
vn -0.1619 0.0934 0.9824
vn -0.1702 0.1350 0.9761
vn -0.1226 0.1478 0.9814
vn -0.1349 0.1866 0.9731
vn -0.0955 0.1341 0.9864
vn -0.1141 0.1022 0.9882
vn -0.0831 0.0289 0.9961
vn -0.0865 0.0459 0.9952
vn -0.0776 0.0725 0.9943
vn -0.0237 0.0228 0.9995
vn -0.0538 0.0111 0.9985
vn -0.0113 0.0160 0.9998
vn -0.0663 0.0876 0.9940
vn -0.0682 0.1290 0.9893
vn -0.0307 0.0818 0.9962
vn -0.0693 0.0809 0.9943
vn -0.0079 -0.0155 0.9998
vn -0.0309 -0.0175 0.9994
vn -0.0394 -0.0295 0.9988
vn -0.1044 0.0180 0.9944
vn -0.1491 -0.0443 0.9878
vn -0.2307 0.0574 0.9713
vn -0.2702 0.0897 0.9586
vn -0.2395 0.0307 0.9704
vn -0.2167 0.0227 0.9760
vn -0.1172 0.0458 0.9920
vn -0.1238 0.1005 0.9872
vn -0.0653 0.1142 0.9913
vn -0.0715 0.1270 0.9893
vn -0.1165 0.0660 0.9910
vn -0.0872 -0.1316 0.9875
vn -0.0737 -0.2609 0.9625
vn -0.0467 -0.2741 0.9606
vn -0.0675 -0.2604 0.9631
vn -0.0246 -0.1185 0.9926
vn -0.0799 0.0146 0.9967
vn -0.0799 0.0902 0.9927
vn -0.1010 0.0772 0.9919
vn -0.2018 0.1213 0.9719
vn -0.1831 0.0305 0.9826
vn -0.1524 -0.0288 0.9879
vn -0.1067 -0.0125 0.9942
vn -0.1338 0.0785 0.9879
vn -0.1695 0.1890 0.9672
vn -0.1854 0.1560 0.9702
vn -0.2543 0.1078 0.9611
vn -0.2390 -0.0134 0.9709
vn -0.2382 -0.0815 0.9678
vn -0.1721 -0.0653 0.9829
vn -0.1774 0.0592 0.9824
vn -0.1692 0.0729 0.9829
vn -0.1509 0.0004 0.9885
vn -0.1969 -0.0503 0.9791
vn -0.2046 -0.0677 0.9765
vn -0.2076 -0.0728 0.9755
vn -0.1218 -0.0051 0.9925
vn -0.1292 0.0789 0.9885
vn -0.1111 0.1594 0.9809
vn -0.0797 0.1347 0.9877
vn -0.0923 0.0938 0.9913
vn -0.0211 -0.0142 0.9997
vn -0.0446 -0.0620 0.9971
vn -0.0032 -0.0927 0.9957
vn 0.0267 0.0036 0.9996
vn 0.0005 0.0347 0.9994
vn -0.0523 -0.0094 0.9986
vn -0.0541 0.1042 0.9931
vn -0.0771 0.0789 0.9939
vn -0.0966 0.0161 0.9952
vn -0.1059 -0.0960 0.9897
vn -0.1154 -0.0878 0.9894
vn -0.1067 -0.0199 0.9941
vn -0.1104 -0.0208 0.9937
vn -0.0129 0.0522 0.9986
vn 0.0163 -0.0636 0.9978
vn 0.0073 0.0154 0.9999
vn 0.0276 -0.0329 0.9991
vn 0.0668 -0.0956 0.9932
vn 0.0362 -0.0729 0.9967
vn 0.0482 -0.0261 0.9985
vn 0.0002 0.0775 0.9970
vn -0.0507 0.0362 0.9981
vn -0.1141 0.1133 0.9870
vn -0.1415 0.1773 0.9739
vn -0.1232 0.1609 0.9793
vn -0.1647 0.1622 0.9729
vn -0.1334 0.0861 0.9873
vn -0.1397 0.0669 0.9879
vn -0.1196 0.0510 0.9915
vn -0.1223 0.0651 0.9904
vn -0.1467 0.0677 0.9869
vn -0.0994 -0.0120 0.9950
vn -0.1135 0.0616 0.9916
vn -0.0427 0.0520 0.9977
vn -0.0802 0.1409 0.9868
vn -0.0526 0.1111 0.9924
vn -0.0290 0.0372 0.9989
vn -0.0921 0.0016 0.9957
vn -0.0659 -0.0335 0.9973
vn -0.0863 -0.0435 0.9953
vn -0.1071 -0.0543 0.9928
vn -0.1142 -0.0335 0.9929
vn -0.0860 -0.0022 0.9963
vn -0.1271 0.0667 0.9896
vn -0.1438 0.0882 0.9857
vn -0.0648 0.0700 0.9954
vn -0.0715 0.0951 0.9929
vn -0.0197 0.0843 0.9962
vn -0.0902 0.1245 0.9881
vn -0.1177 0.1072 0.9872
vn -0.1159 0.0265 0.9929
vn -0.1444 -0.1110 0.9833
vn -0.0931 -0.2133 0.9725
vn -0.0534 -0.2562 0.9652
vn 0.0151 -0.2249 0.9743
vn 0.0388 -0.0827 0.9958
vn 0.0795 -0.0395 0.9961
vn -0.0010 0.0473 0.9989
vn -0.0893 0.0448 0.9950
vn -0.1295 0.0207 0.9914
vn -0.2048 0.0600 0.9770
vn -0.1667 0.0272 0.9856
vn -0.1229 0.0214 0.9922
vn -0.0672 0.0669 0.9955
vn -0.0985 0.1224 0.9876
vn -0.1781 0.1305 0.9753
vn -0.1950 0.0555 0.9792
vn -0.2189 0.0293 0.9753
vn -0.1075 -0.0341 0.9936
vn -0.0529 0.0358 0.9980
vn 0.0369 0.0443 0.9983
vn 0.0345 0.0921 0.9952
vn -0.0089 -0.0289 0.9995
vn -0.0548 -0.1192 0.9914
vn -0.1282 -0.0853 0.9881
vn -0.0829 -0.0367 0.9959
vn -0.0772 0.0488 0.9958
vn -0.0198 0.0687 0.9974
vn -0.0018 0.2035 0.9791
vn -0.0351 0.0896 0.9954
vn -0.0816 0.0914 0.9925
vn -0.0966 0.0396 0.9945
vn -0.0293 -0.0719 0.9970
vn -0.0156 -0.0323 0.9994
vn -0.0253 -0.0349 0.9991
vn -0.0749 -0.0252 0.9969
vn -0.1138 -0.0122 0.9934
vn -0.1509 0.0525 0.9871
vn -0.1686 0.0890 0.9817
vn -0.1367 0.0074 0.9906
vn -0.1356 -0.0778 0.9877
vn -0.1325 -0.1096 0.9851
vn -0.1598 -0.0193 0.9870
vn -0.1648 0.0074 0.9863
vn -0.0698 0.0310 0.9971
vn -0.0315 -0.0254 0.9992
vn 0.0093 0.0266 0.9996
vn 0.0264 -0.0073 0.9996
vn 0.0695 -0.0364 0.9969
vn 0.1445 -0.0856 0.9858
vn 0.1290 -0.0423 0.9907
vn 0.0680 -0.0017 0.9977
vn 0.0052 0.0115 0.9999
vn -0.0017 0.0546 0.9985
vn -0.0586 0.1527 0.9865
vn -0.0829 0.1672 0.9824
vn -0.0775 0.1160 0.9902
vn -0.1322 0.1305 0.9826
vn -0.0982 0.0459 0.9941
vn -0.1360 0.0436 0.9898
vn -0.1592 0.0548 0.9857
vn -0.1679 0.0445 0.9848
vn -0.1684 0.0514 0.9844
vn -0.1057 0.0595 0.9926
vn -0.0915 0.1229 0.9882
vn -0.0240 0.1029 0.9944
vn -0.0341 0.1699 0.9849
vn -0.0061 0.0181 0.9998
vn 0.0266 -0.0095 0.9996
vn 0.0276 -0.0094 0.9996
vn 0.0449 -0.0660 0.9968
vn 0.0535 -0.0317 0.9981
vn 0.1166 -0.0024 0.9932
vn 0.1302 0.0243 0.9912
vn 0.1745 0.0300 0.9842
vn 0.1209 0.0952 0.9881
vn 0.0828 0.0676 0.9943
vn 0.0985 0.1147 0.9885
vn 0.0737 0.0790 0.9941
vn 0.0386 0.0193 0.9991
vn -0.0611 0.0709 0.9956
vn -0.1051 0.0516 0.9931
vn -0.0445 -0.1062 0.9933
vn -0.0102 -0.1570 0.9875
vn 0.0486 -0.2089 0.9767
vn 0.1012 -0.1463 0.9841
vn 0.1710 -0.0820 0.9819
vn 0.1562 -0.0046 0.9877
vn 0.1482 -0.0504 0.9877
vn 0.0405 -0.0830 0.9957
vn -0.0967 -0.0092 0.9953
vn -0.1054 0.0170 0.9943
vn -0.1234 0.0836 0.9888
vn -0.0676 0.0482 0.9965
vn -0.0519 0.1090 0.9927
vn -0.0291 0.0863 0.9958
vn -0.0529 0.0703 0.9961
vn -0.0656 0.1040 0.9924
vn -0.0088 0.0543 0.9985
vn 0.1131 0.1144 0.9870
vn 0.1854 0.1249 0.9747
vn 0.1970 0.0469 0.9793
vn 0.1258 -0.1020 0.9868
vn 0.0996 -0.1294 0.9866
vn 0.1018 -0.1268 0.9867
vn 0.0585 0.0028 0.9983
vn 0.1353 0.0706 0.9883
vn 0.1912 0.1464 0.9706
vn 0.1938 0.1357 0.9716
vn 0.1423 0.0825 0.9864
vn 0.1230 0.0104 0.9924
vn 0.0721 0.0638 0.9954
vn 0.0803 -0.0294 0.9963
vn 0.1153 -0.0486 0.9921
vn 0.0735 -0.0636 0.9953
vn 0.0481 -0.0656 0.9967
vn -0.0158 -0.0854 0.9962
vn -0.0622 0.0432 0.9971
vn -0.0302 0.1196 0.9924
vn -0.0483 0.0123 0.9988
vn -0.0189 -0.0715 0.9973
vn -0.0202 -0.1119 0.9935
vn -0.0196 -0.0378 0.9991
vn -0.0489 -0.1328 0.9899
vn -0.1926 0.1629 0.9677
vn -0.1035 0.0491 0.9934
vn -0.0870 0.0294 0.9958
vn -0.0477 0.0665 0.9966
vn 0.0556 0.0110 0.9984
vn 0.1161 0.0101 0.9932
vn 0.1952 -0.0648 0.9786
vn 0.1541 -0.0800 0.9848
vn 0.0872 -0.0406 0.9954
vn 0.0281 0.0471 0.9985
vn 0.0447 0.0955 0.9944
vn 0.0147 0.1845 0.9827
vn -0.0065 0.0924 0.9957
vn -0.0048 0.0849 0.9964
vn -0.0668 0.0701 0.9953
vn -0.1032 -0.0441 0.9937
vn -0.1744 0.0422 0.9838
vn -0.1756 0.0520 0.9831
vn -0.1475 0.0676 0.9868
vn -0.1163 0.1307 0.9846
vn -0.0328 0.1524 0.9878
vn -0.0153 0.1627 0.9866
vn 0.0363 0.1566 0.9870
vn 0.1135 0.1175 0.9866
vn 0.1915 0.0059 0.9815
vn 0.1999 -0.0113 0.9797
vn 0.2085 -0.0283 0.9776
vn 0.2587 -0.0017 0.9660
vn 0.2586 0.0420 0.9651
vn 0.3056 0.0478 0.9510
vn 0.2900 0.0376 0.9563
vn 0.2717 0.0247 0.9621
vn 0.2626 0.0790 0.9617
vn 0.2455 0.0733 0.9666
vn 0.1795 0.0027 0.9838
vn 0.1384 0.0161 0.9903
vn 0.1391 -0.0200 0.9901
vn 0.0937 0.0487 0.9944
vn 0.1117 -0.0385 0.9930
vn 0.1546 -0.1228 0.9803
vn 0.1933 -0.1465 0.9701
vn 0.2299 -0.0989 0.9682
vn 0.2489 -0.0266 0.9682
vn 0.2747 -0.0659 0.9593
vn 0.1939 -0.0881 0.9771
vn 0.1527 -0.1698 0.9736
vn 0.0727 -0.1322 0.9886
vn -0.0395 0.0188 0.9990
vn -0.0066 0.0911 0.9958
vn 0.0174 0.1196 0.9927
vn 0.0407 0.0753 0.9963
vn 0.0231 0.1308 0.9911
vn 0.0456 0.0246 0.9987
vn 0.0819 0.0807 0.9934
vn 0.1107 0.1116 0.9876
vn 0.1604 0.1638 0.9734
vn 0.2231 0.1845 0.9572
vn 0.2187 0.1123 0.9693
vn 0.1947 0.0318 0.9803
vn 0.2119 -0.1161 0.9704
vn 0.1801 -0.1513 0.9719
vn 0.2030 -0.0961 0.9745
vn 0.2789 0.0121 0.9603
vn 0.3046 0.1528 0.9401
vn 0.3453 0.1623 0.9244
vn 0.3396 0.0991 0.9353
vn 0.3373 0.0503 0.9401
vn 0.2671 -0.0444 0.9626
vn 0.2442 0.0379 0.9690
vn 0.2737 0.0196 0.9616
vn 0.3273 -0.0141 0.9448
vn 0.3320 -0.1285 0.9345
vn 0.2509 -0.1019 0.9626
vn 0.2548 -0.0967 0.9622
vn 0.2594 0.0233 0.9655
vn 0.1920 0.0706 0.9789
vn 0.1481 0.0073 0.9889
vn 0.1540 -0.0178 0.9879
vn 0.1783 -0.1459 0.9731
vn 0.1125 -0.0640 0.9916
vn 0.0997 -0.0166 0.9949
vn -0.0863 0.0950 0.9917
vn -0.1197 0.1140 0.9863
vn -0.0682 0.0271 0.9973
vn -0.0254 0.1543 0.9877
vn 0.0420 0.1088 0.9932
vn 0.1550 0.0746 0.9851
vn 0.1725 -0.0238 0.9847
vn 0.1935 -0.1272 0.9728
vn 0.1519 -0.0934 0.9840
vn 0.1329 0.0222 0.9909
vn 0.0989 0.1106 0.9889
vn 0.1167 0.1352 0.9839
vn 0.0855 0.0950 0.9918
vn 0.0409 0.0501 0.9979
vn -0.0282 -0.0347 0.9990
vn -0.0925 -0.0476 0.9946
vn -0.0881 -0.0134 0.9960
vn -0.1361 0.0517 0.9893
vn -0.1193 0.1133 0.9864
vn -0.0674 0.1671 0.9836
vn -0.0669 0.1988 0.9778
vn 0.0232 0.2186 0.9755
vn 0.1079 0.2473 0.9629
vn 0.1944 0.1881 0.9627
vn 0.2988 0.0971 0.9494
vn 0.3856 -0.0000 0.9227
vn 0.3894 -0.0084 0.9210
vn 0.3808 0.0173 0.9245
vn 0.3910 0.0475 0.9192
vn 0.3397 0.0337 0.9399
vn 0.3045 -0.0018 0.9525
vn 0.2995 0.0299 0.9536
vn 0.2791 0.0552 0.9587
vn 0.2794 0.0501 0.9589
vn 0.3107 -0.0018 0.9505
vn 0.2814 -0.0655 0.9573
vn 0.2212 0.0042 0.9752
vn 0.2562 0.0160 0.9665
vn 0.2444 0.0164 0.9695
vn 0.3015 -0.0907 0.9491
vn 0.2921 -0.1184 0.9490
vn 0.3018 -0.0772 0.9502
vn 0.3063 -0.0526 0.9505
vn 0.2597 -0.0490 0.9644
vn 0.2642 -0.1674 0.9498
vn 0.2018 -0.1986 0.9591
vn 0.2037 -0.1964 0.9591
vn 0.1802 -0.0336 0.9831
vn 0.1152 0.0936 0.9889
vn 0.1063 0.1150 0.9877
vn 0.0887 0.0976 0.9913
vn 0.1056 0.1136 0.9879
vn 0.1230 0.0887 0.9884
vn 0.1822 0.1092 0.9772
vn 0.2120 0.1472 0.9661
vn 0.2183 0.1928 0.9567
vn 0.1963 0.1748 0.9648
vn 0.1865 0.1163 0.9755
vn 0.1516 -0.0178 0.9883
vn 0.1126 -0.0898 0.9896
vn 0.1789 -0.1631 0.9703
vn 0.1941 -0.0250 0.9807
vn 0.2347 0.0732 0.9693
vn 0.3172 0.2003 0.9270
vn 0.3506 0.1839 0.9183
vn 0.3721 0.0974 0.9231
vn 0.3551 0.0232 0.9346
vn 0.4036 -0.0357 0.9142
vn 0.4202 0.0210 0.9072
vn 0.3903 0.0350 0.9200
vn 0.3628 -0.0138 0.9318
vn 0.3958 -0.0742 0.9153
vn 0.4406 -0.1667 0.8821
vn 0.3928 -0.0792 0.9162
vn 0.3643 -0.0103 0.9312
vn 0.3298 0.0002 0.9441
vn 0.3091 0.0095 0.9510
vn 0.2381 -0.0897 0.9671
vn 0.1748 -0.1020 0.9793
vn 0.2232 -0.1244 0.9668
vn 0.1980 -0.0568 0.9786
vn -0.0779 0.1188 0.9899
vn 0.0054 0.1299 0.9915
vn 0.0239 0.1070 0.9940
vn 0.0948 0.1759 0.9798
vn 0.1310 0.1937 0.9723
vn 0.1643 0.1108 0.9802
vn 0.1696 -0.0328 0.9850
vn 0.1553 -0.1041 0.9824
vn 0.1712 -0.1265 0.9771
vn 0.1311 -0.0037 0.9914
vn 0.1413 0.1227 0.9823
vn 0.1071 0.1192 0.9871
vn 0.1007 0.0583 0.9932
vn 0.0245 -0.0588 0.9980
vn -0.0531 -0.0620 0.9967
vn -0.0808 -0.1129 0.9903
vn -0.1298 -0.0057 0.9915
vn -0.0562 0.0546 0.9969
vn -0.0405 0.1597 0.9863
vn -0.0106 0.1754 0.9844
vn 0.0465 0.2605 0.9643
vn 0.0779 0.2834 0.9558
vn 0.1389 0.3157 0.9386
vn 0.2238 0.3002 0.9272
vn 0.3069 0.1903 0.9325
vn 0.3864 0.0765 0.9192
vn 0.4422 -0.0052 0.8969
vn 0.3968 -0.0532 0.9164
vn 0.2994 0.0115 0.9541
vn 0.2385 -0.0689 0.9687
vn 0.1844 0.0076 0.9828
vn 0.1975 0.0153 0.9802
vn 0.2166 0.0740 0.9734
vn 0.2128 0.0506 0.9758
vn 0.1921 -0.0001 0.9814
vn 0.2435 -0.0299 0.9694
vn 0.3094 -0.0192 0.9507
vn 0.2639 0.0376 0.9638
vn 0.2707 0.0034 0.9627
vn 0.2341 -0.0686 0.9698
vn 0.2602 -0.1249 0.9575
vn 0.2568 -0.0894 0.9623
vn 0.2324 -0.0548 0.9711
vn 0.2362 -0.1174 0.9646
vn 0.1812 -0.1516 0.9717
vn 0.2160 -0.2341 0.9479
vn 0.2031 -0.1618 0.9657
vn 0.2520 -0.0753 0.9648
vn 0.2344 0.0465 0.9710
vn 0.1913 0.0896 0.9774
vn 0.1728 0.0891 0.9809
vn 0.1524 0.1162 0.9815
vn 0.1931 0.1484 0.9699
vn 0.2341 0.1471 0.9610
vn 0.2470 0.1506 0.9573
vn 0.2293 0.1642 0.9594
vn 0.1814 0.1378 0.9737
vn 0.0965 0.0328 0.9948
vn 0.0481 -0.0173 0.9987
vn 0.0644 -0.1046 0.9924
vn 0.0501 -0.0740 0.9960
vn 0.1340 -0.0256 0.9906
vn 0.1901 0.1677 0.9673
vn 0.2102 0.2465 0.9461
vn 0.2331 0.2133 0.9488
vn 0.2528 0.1154 0.9606
vn 0.3030 0.0425 0.9520
vn 0.3319 0.0353 0.9427
vn 0.3294 -0.0027 0.9442
vn 0.3538 0.0399 0.9345
vn 0.3788 -0.0032 0.9255
vn 0.3641 -0.0792 0.9280
vn 0.3633 -0.0971 0.9266
vn 0.4298 -0.1257 0.8941
vn 0.4152 -0.0517 0.9083
vn 0.3678 -0.0373 0.9292
vn 0.2652 -0.0976 0.9592
vn 0.1769 -0.1575 0.9715
vn 0.1173 -0.1626 0.9797
vn 0.0567 -0.0850 0.9948
vn 0.1056 -0.0492 0.9932
vn 0.0862 0.2527 0.9637
vn 0.0660 0.1541 0.9858
vn 0.1116 0.1531 0.9819
vn 0.1321 0.2142 0.9678
vn 0.1592 0.2166 0.9632
vn 0.1360 0.1143 0.9841
vn 0.1471 -0.0254 0.9888
vn 0.1216 -0.1455 0.9819
vn 0.0905 -0.1233 0.9882
vn 0.1121 -0.0178 0.9935
vn 0.0635 0.0938 0.9936
vn 0.0440 0.0837 0.9955
vn 0.0216 0.0581 0.9981
vn 0.0070 -0.1203 0.9927
vn -0.0167 -0.1300 0.9914
vn -0.0271 -0.0847 0.9960
vn 0.0396 -0.0123 0.9991
vn -0.0027 0.1039 0.9946
vn 0.0625 0.1733 0.9829
vn 0.0654 0.2325 0.9704
vn 0.1225 0.2876 0.9499
vn 0.1209 0.3038 0.9450
vn 0.1421 0.3659 0.9197
vn 0.1683 0.3491 0.9218
vn 0.1848 0.2619 0.9472
vn 0.1980 0.1195 0.9729
vn 0.1926 -0.0044 0.9813
vn 0.2123 -0.0907 0.9730
vn 0.1731 -0.1129 0.9784
vn 0.1066 -0.0766 0.9913
vn 0.1092 -0.0553 0.9925
vn 0.0771 0.0538 0.9956
vn 0.1045 0.0780 0.9915
vn 0.1052 0.0660 0.9923
vn 0.1277 -0.0012 0.9918
vn 0.1147 0.0126 0.9933
vn 0.1148 -0.0021 0.9934
vn 0.1340 -0.0074 0.9910
vn 0.0989 0.0212 0.9949
vn 0.0948 -0.1126 0.9891
vn 0.0721 -0.0877 0.9935
vn 0.0784 -0.1440 0.9865
vn 0.0902 -0.0366 0.9952
vn 0.0682 -0.1505 0.9863
vn 0.0734 -0.1526 0.9856
vn 0.0879 -0.1976 0.9763
vn 0.1645 -0.1518 0.9746
vn 0.1779 -0.0190 0.9839
vn 0.2319 0.0315 0.9722
vn 0.2015 0.0257 0.9791
vn 0.1481 0.0852 0.9853
vn 0.1633 0.1261 0.9785
vn 0.1658 0.1778 0.9700
vn 0.1726 0.1717 0.9699
vn 0.1965 0.1620 0.9670
vn 0.1425 0.1106 0.9836
vn 0.1027 0.0790 0.9916
vn 0.1028 -0.0051 0.9947
vn 0.0545 -0.0698 0.9961
vn 0.0185 -0.0924 0.9956
vn 0.0301 -0.0899 0.9955
vn 0.0126 0.0679 0.9976
vn 0.0516 0.1884 0.9807
vn 0.0429 0.2384 0.9702
vn 0.0499 0.2682 0.9621
vn 0.0845 0.1366 0.9870
vn 0.1178 0.1178 0.9860
vn 0.1237 0.0162 0.9922
vn 0.1221 0.0027 0.9925
vn 0.0749 0.0465 0.9961
vn 0.0586 0.0123 0.9982
vn 0.0851 -0.0880 0.9925
vn 0.1234 -0.0687 0.9900
vn 0.1720 -0.0593 0.9833
vn 0.2178 -0.0937 0.9715
vn 0.1755 -0.1140 0.9779
vn 0.1386 -0.2121 0.9674
vn 0.0484 -0.2095 0.9766
vn 0.0016 -0.2459 0.9693
vn -0.0020 -0.0749 0.9972
vn -0.0033 0.0038 1.0000
vn 0.0317 0.1829 0.9826
vn 0.0549 0.1822 0.9817
vn 0.0839 0.1801 0.9801
vn 0.0945 0.2214 0.9706
vn 0.0615 0.1930 0.9793
vn 0.0129 0.0662 0.9977
vn -0.0432 -0.0254 0.9987
vn -0.0420 -0.1706 0.9845
vn -0.0283 -0.1072 0.9938
vn -0.0318 -0.0407 0.9987
vn -0.0581 0.0427 0.9974
vn -0.0692 0.1190 0.9905
vn -0.0511 -0.0065 0.9987
vn -0.0339 -0.0629 0.9974
vn 0.0397 -0.1049 0.9937
vn 0.0602 -0.0897 0.9941
vn 0.0382 0.0185 0.9991
vn 0.1193 0.1361 0.9835
vn 0.1039 0.1756 0.9790
vn 0.1274 0.2678 0.9550
vn 0.1025 0.2845 0.9532
vn 0.1219 0.3159 0.9409
vn 0.0516 0.3283 0.9432
vn -0.0040 0.3640 0.9314
vn -0.0372 0.2256 0.9735
vn -0.0843 0.1352 0.9872
vn -0.0493 -0.0022 0.9988
vn -0.0442 -0.0616 0.9971
vn -0.0375 -0.1960 0.9799
vn -0.0461 -0.0606 0.9971
vn -0.0159 -0.0404 0.9991
vn 0.0143 0.0205 0.9997
vn -0.0321 0.1043 0.9940
vn -0.0188 0.0555 0.9983
vn -0.0521 0.0098 0.9986
vn 0.0109 0.0373 0.9992
vn 0.0448 0.0030 0.9990
vn -0.0013 -0.0342 0.9994
vn -0.0571 -0.0462 0.9973
vn -0.1195 -0.1140 0.9863
vn -0.1323 -0.1274 0.9830
vn -0.1140 -0.0777 0.9904
vn -0.1003 -0.0737 0.9922
vn -0.1026 -0.1299 0.9862
vn -0.1063 -0.1796 0.9780
vn -0.1033 -0.1135 0.9882
vn 0.0100 -0.0615 0.9981
vn 0.1267 0.0101 0.9919
vn 0.1542 0.0870 0.9842
vn 0.1877 -0.0058 0.9822
vn 0.1528 0.0293 0.9878
vn 0.0690 0.1182 0.9906
vn 0.0255 0.1501 0.9883
vn -0.0002 0.1791 0.9838
vn -0.0274 0.1506 0.9882
vn -0.0603 0.0489 0.9970
vn -0.0483 0.1043 0.9934
vn -0.0443 -0.0148 0.9989
vn -0.0156 -0.1102 0.9938
vn -0.0249 -0.0687 0.9973
vn -0.0241 -0.1221 0.9922
vn -0.0420 0.0416 0.9983
vn -0.0804 0.2104 0.9743
vn -0.0426 0.2511 0.9670
vn -0.0899 0.2171 0.9720
vn -0.1227 0.1858 0.9749
vn -0.1253 0.0935 0.9877
vn -0.1329 0.0466 0.9900
vn -0.1508 -0.0446 0.9876
vn -0.1999 0.0086 0.9798
vn -0.2437 -0.0172 0.9697
vn -0.2659 -0.0418 0.9631
vn -0.1905 -0.0010 0.9817
vn -0.1562 -0.0421 0.9868
vn -0.1465 -0.0620 0.9873
vn -0.0726 -0.1247 0.9895
vn -0.0803 -0.2362 0.9684
vn -0.0569 -0.2744 0.9599
vn -0.0643 -0.2228 0.9727
vn -0.0908 -0.1138 0.9893
vn -0.1472 -0.0974 0.9843
vn -0.0469 0.1937 0.9800
vn -0.0515 0.2051 0.9774
vn -0.0779 0.1656 0.9831
vn -0.0689 0.2418 0.9679
vn -0.1034 0.1048 0.9891
vn -0.1473 0.0532 0.9877
vn -0.1870 -0.0904 0.9782
vn -0.1789 -0.1278 0.9755
vn -0.1564 -0.1173 0.9807
vn -0.1602 -0.0241 0.9868
vn -0.1012 0.0620 0.9929
vn -0.0874 0.0837 0.9927
vn -0.1064 0.0623 0.9924
vn -0.0508 -0.0548 0.9972
vn -0.0390 -0.0304 0.9988
vn 0.0281 -0.0774 0.9966
vn 0.0971 0.0761 0.9924
vn 0.0756 0.1247 0.9893
vn 0.0297 0.1511 0.9881
vn 0.0223 0.2926 0.9560
vn 0.0113 0.2447 0.9695
vn -0.0220 0.3199 0.9472
vn -0.0290 0.2520 0.9673
vn -0.1498 0.2625 0.9532
vn -0.2452 0.2063 0.9473
vn -0.2497 0.0936 0.9638
vn -0.2744 0.0280 0.9612
vn -0.2483 -0.0592 0.9669
vn -0.2093 -0.1245 0.9699
vn -0.1520 -0.0787 0.9852
vn -0.1727 0.0084 0.9849
vn -0.1013 0.0544 0.9934
vn -0.0948 0.0351 0.9949
vn -0.1630 0.0654 0.9845
vn -0.1288 0.0079 0.9916
vn -0.1693 0.0538 0.9841
vn -0.1734 -0.0063 0.9848
vn -0.1590 -0.0560 0.9857
vn -0.1900 -0.1024 0.9764
vn -0.2177 -0.1428 0.9655
vn -0.2291 -0.1171 0.9663
vn -0.2190 -0.0643 0.9736
vn -0.1964 -0.0620 0.9786
vn -0.1965 -0.1260 0.9724
vn -0.1972 -0.1626 0.9668
vn -0.1870 -0.1037 0.9769
vn -0.1886 0.0436 0.9811
vn -0.0954 0.1222 0.9879
vn -0.0320 0.0794 0.9963
vn -0.0429 0.0237 0.9988
vn -0.0661 -0.0524 0.9964
vn -0.1440 0.0264 0.9892
vn -0.1767 0.1588 0.9714
vn -0.1801 0.1190 0.9764
vn -0.2576 0.1057 0.9604
vn -0.2422 0.0748 0.9673
vn -0.2369 0.0964 0.9668
vn -0.1876 0.0475 0.9811
vn -0.1241 -0.0730 0.9896
vn -0.1025 -0.1023 0.9895
vn -0.1284 -0.0937 0.9873
vn -0.1006 0.0323 0.9944
vn -0.1139 0.1432 0.9831
vn -0.1903 0.2464 0.9503
vn -0.1874 0.1888 0.9640
vn -0.2196 0.1241 0.9677
vn -0.3008 0.0783 0.9505
vn -0.3401 -0.0216 0.9401
vn -0.4010 -0.0644 0.9138
vn -0.4181 -0.0427 0.9074
vn -0.4452 -0.0449 0.8943
vn -0.4177 0.0183 0.9084
vn -0.4153 0.0004 0.9097
vn -0.3854 0.0275 0.9223
vn -0.3071 -0.0046 0.9517
vn -0.2740 -0.0731 0.9590
vn -0.1640 -0.1655 0.9725
vn -0.0908 -0.2391 0.9667
vn -0.0696 -0.2448 0.9671
vn -0.0757 -0.1392 0.9874
vn -0.0813 -0.0601 0.9949
vn -0.1846 0.1430 0.9724
vn -0.2285 0.1700 0.9586
vn -0.2213 0.1585 0.9622
vn -0.2568 0.1928 0.9470
vn -0.2561 0.1271 0.9583
vn -0.2447 -0.0233 0.9693
vn -0.2421 -0.0682 0.9678
vn -0.2237 -0.1019 0.9693
vn -0.1862 -0.0762 0.9796
vn -0.1190 0.0047 0.9929
vn -0.1470 0.0816 0.9858
vn -0.1260 0.1055 0.9864
vn -0.1004 0.0428 0.9940
vn -0.1087 0.0195 0.9939
vn -0.0469 -0.0265 0.9985
vn -0.0383 -0.0156 0.9991
vn -0.0026 0.1088 0.9941
vn -0.0232 0.0564 0.9981
vn -0.0238 0.1635 0.9863
vn -0.0850 0.2146 0.9730
vn -0.1275 0.2638 0.9561
vn -0.1472 0.2477 0.9576
vn -0.2172 0.2358 0.9472
vn -0.2458 0.1513 0.9574
vn -0.3200 0.1086 0.9412
vn -0.3861 0.1184 0.9148
vn -0.3447 0.0216 0.9385
vn -0.3375 -0.0240 0.9410
vn -0.2691 -0.0489 0.9619
vn -0.2404 -0.0463 0.9696
vn -0.1496 0.0406 0.9879
vn -0.1809 0.0639 0.9814
vn -0.1796 0.0369 0.9830
vn -0.1690 0.0019 0.9856
vn -0.2132 0.0487 0.9758
vn -0.1667 0.0180 0.9858
vn -0.1682 0.0138 0.9856
vn -0.1982 -0.0776 0.9771
vn -0.2207 -0.1275 0.9670
vn -0.2353 -0.1516 0.9600
vn -0.2385 -0.1174 0.9640
vn -0.2349 -0.0459 0.9709
vn -0.2323 -0.0537 0.9712
vn -0.2059 -0.1317 0.9697
vn -0.1962 -0.1623 0.9670
vn -0.2079 -0.0982 0.9732
vn -0.1485 0.0998 0.9839
vn -0.1566 0.1246 0.9798
vn -0.1849 0.1194 0.9755
vn -0.1786 -0.0104 0.9839
vn -0.2090 -0.0629 0.9759
vn -0.1925 -0.0136 0.9812
vn -0.2734 0.0658 0.9596
vn -0.3466 0.1152 0.9309
vn -0.3308 0.0395 0.9429
vn -0.3870 0.0982 0.9168
vn -0.3486 0.1222 0.9293
vn -0.3260 0.0940 0.9407
vn -0.2962 -0.0082 0.9551
vn -0.2618 -0.1057 0.9593
vn -0.2440 -0.1047 0.9641
vn -0.2606 0.0290 0.9650
vn -0.2298 0.1814 0.9562
vn -0.1798 0.1821 0.9667
vn -0.2331 0.1730 0.9569
vn -0.2701 0.0832 0.9592
vn -0.2920 -0.0036 0.9564
vn -0.4040 -0.1018 0.9091
vn -0.4403 -0.0985 0.8924
vn -0.4811 -0.0767 0.8733
vn -0.4652 -0.0356 0.8845
vn -0.4936 0.0095 0.8697
vn -0.4502 0.0591 0.8910
vn -0.4084 0.0568 0.9110
vn -0.3778 0.0833 0.9221
vn -0.2596 0.0088 0.9657
vn -0.1881 -0.0562 0.9805
vn -0.0865 -0.1861 0.9787
vn -0.0088 -0.2007 0.9796
vn -0.0103 -0.1830 0.9831
vn -0.0709 -0.2398 0.9682
vn -0.2781 0.1179 0.9533
vn -0.2855 0.1218 0.9506
vn -0.3158 0.1745 0.9326
vn -0.2879 0.1627 0.9437
vn -0.3027 0.1308 0.9441
vn -0.2900 0.0515 0.9556
vn -0.2106 -0.0633 0.9755
vn -0.1795 -0.0687 0.9814
vn -0.1399 -0.0437 0.9892
vn -0.1957 0.0058 0.9806
vn -0.1551 0.0771 0.9849
vn -0.1861 0.1222 0.9749
vn -0.1611 0.0801 0.9837
vn -0.1117 0.0131 0.9937
vn -0.1170 0.0232 0.9929
vn -0.0389 0.0243 0.9989
vn -0.0546 0.0715 0.9959
vn -0.0370 0.0862 0.9956
vn -0.0426 0.1101 0.9930
vn -0.0853 0.1661 0.9824
vn -0.1426 0.2048 0.9684
vn -0.2210 0.2274 0.9484
vn -0.2429 0.1520 0.9581
vn -0.3150 0.1256 0.9408
vn -0.3267 0.0679 0.9427
vn -0.3401 0.0635 0.9383
vn -0.3735 0.0817 0.9240
vn -0.3124 -0.0019 0.9500
vn -0.2971 0.0166 0.9547
vn -0.2041 0.0097 0.9789
vn -0.2249 0.0630 0.9723
vn -0.1958 0.0494 0.9794
vn -0.1965 0.0387 0.9797
vn -0.1885 0.0311 0.9816
vn -0.1495 0.0173 0.9886
vn -0.1818 0.0626 0.9813
vn -0.1725 -0.0227 0.9847
vn -0.1886 -0.1004 0.9769
vn -0.2026 -0.1463 0.9683
vn -0.2172 -0.1587 0.9631
vn -0.2198 -0.1046 0.9699
vn -0.2128 -0.0552 0.9755
vn -0.1848 -0.0251 0.9825
vn -0.1514 -0.0981 0.9836
vn -0.1149 -0.1501 0.9820
vn -0.0453 -0.0795 0.9958
vn -0.0564 0.1147 0.9918
vn -0.0562 0.1038 0.9930
vn -0.0741 0.0854 0.9936
vn -0.1667 -0.0542 0.9845
vn -0.1818 -0.0870 0.9795
vn -0.2622 -0.0378 0.9643
vn -0.2729 -0.0038 0.9620
vn -0.3281 0.0577 0.9429
vn -0.3678 0.0577 0.9281
vn -0.3453 0.0373 0.9378
vn -0.3945 0.1639 0.9041
vn -0.3745 0.1067 0.9211
vn -0.3584 0.0235 0.9333
vn -0.3185 -0.0626 0.9458
vn -0.2785 -0.0550 0.9589
vn -0.2053 0.0538 0.9772
vn -0.2017 0.1575 0.9667
vn -0.2392 0.2334 0.9425
vn -0.1999 0.1172 0.9728
vn -0.2341 0.0602 0.9704
vn -0.3080 -0.0972 0.9464
vn -0.3557 -0.1683 0.9193
vn -0.3981 -0.1482 0.9053
vn -0.4019 -0.0734 0.9128
vn -0.4093 -0.0186 0.9122
vn -0.3633 -0.0025 0.9317
vn -0.3998 0.1012 0.9110
vn -0.3603 0.1017 0.9273
vn -0.3170 0.1366 0.9385
vn -0.2619 0.1470 0.9538
vn -0.1279 0.0162 0.9917
vn -0.0479 -0.0662 0.9967
vn 0.0270 -0.1851 0.9824
vn 0.0253 -0.2003 0.9794
vn 0.0183 -0.1847 0.9826
vn -0.2546 0.1407 0.9568
vn -0.2389 0.1399 0.9609
vn -0.2116 0.1373 0.9677
vn -0.2676 0.2003 0.9425
vn -0.2309 0.1370 0.9633
vn -0.2070 0.0762 0.9754
vn -0.1794 0.0404 0.9829
vn -0.0739 -0.0318 0.9968
vn -0.0954 -0.0664 0.9932
vn -0.0687 -0.0124 0.9976
vn -0.1367 0.0723 0.9880
vn -0.1286 0.0916 0.9875
vn -0.1470 0.1107 0.9829
vn -0.1267 0.0740 0.9892
vn -0.0647 0.0182 0.9977
vn -0.0899 0.0827 0.9925
vn -0.0412 0.0561 0.9976
vn 0.0019 0.1605 0.9870
vn 0.0418 0.0617 0.9972
vn 0.0405 0.1683 0.9849
vn -0.0123 0.1027 0.9946
vn -0.1097 0.1482 0.9829
vn -0.1964 0.1501 0.9690
vn -0.1820 0.0650 0.9812
vn -0.2165 0.0830 0.9728
vn -0.1879 0.0502 0.9809
vn -0.2132 0.0783 0.9739
vn -0.2057 0.0615 0.9767
vn -0.1613 0.0332 0.9863
vn -0.1765 0.0773 0.9813
vn -0.1174 0.0244 0.9928
vn -0.1699 0.0795 0.9823
vn -0.1411 0.0526 0.9886
vn -0.1203 0.0462 0.9917
vn -0.1102 0.0569 0.9923
vn -0.0758 0.0200 0.9969
vn -0.1235 -0.0166 0.9922
vn -0.1129 -0.1179 0.9866
vn -0.1236 -0.1677 0.9781
vn -0.1067 -0.1657 0.9804
vn -0.1152 -0.1104 0.9872
vn -0.1001 0.0010 0.9950
vn -0.0740 -0.0173 0.9971
vn -0.0585 -0.0613 0.9964
vn 0.0326 -0.0664 0.9973
vn 0.0682 -0.0402 0.9969
vn 0.0852 0.0764 0.9934
vn 0.0664 0.1156 0.9911
vn 0.0464 0.0259 0.9986
vn -0.0046 -0.1302 0.9915
vn -0.0629 -0.1053 0.9925
vn -0.0651 -0.1176 0.9909
vn -0.1481 -0.0127 0.9889
vn -0.1419 -0.0065 0.9899
vn -0.1977 0.0408 0.9794
vn -0.2037 0.0580 0.9773
vn -0.2200 0.0841 0.9719
vn -0.3109 0.1305 0.9414
vn -0.2928 0.0513 0.9548
vn -0.2690 -0.0006 0.9631
vn -0.1838 -0.0166 0.9828
vn -0.1856 0.0894 0.9785
vn -0.1778 0.1762 0.9682
vn -0.1726 0.1855 0.9674
vn -0.2130 0.1596 0.9639
vn -0.1892 0.0113 0.9819
vn -0.2227 -0.1546 0.9626
vn -0.1853 -0.1984 0.9624
vn -0.2217 -0.1833 0.9577
vn -0.2097 -0.0885 0.9738
vn -0.2506 -0.0326 0.9675
vn -0.2421 0.0700 0.9677
vn -0.1646 0.0652 0.9842
vn -0.2074 0.1598 0.9651
vn -0.1780 0.1794 0.9675
vn -0.1610 0.2067 0.9651
vn -0.1334 0.1428 0.9807
vn -0.0213 -0.0033 0.9998
vn 0.0475 -0.0953 0.9943
vn 0.0941 -0.2438 0.9652
vn 0.0486 -0.2168 0.9750
vn -0.1300 0.1079 0.9856
vn -0.0674 0.1981 0.9779
vn -0.0685 0.1245 0.9899
vn -0.0685 0.1581 0.9850
vn -0.1280 0.1778 0.9757
vn -0.0983 0.1161 0.9884
vn -0.0368 0.0891 0.9953
vn -0.0291 0.0142 0.9995
vn 0.0192 -0.0691 0.9974
vn -0.0158 -0.0322 0.9994
vn -0.0083 0.0367 0.9993
vn -0.0251 0.1258 0.9917
vn 0.0145 0.0811 0.9966
vn 0.0140 0.1233 0.9923
vn 0.0034 0.0361 0.9993
vn 0.0397 0.0745 0.9964
vn 0.0592 0.1402 0.9883
vn 0.1104 0.1669 0.9798
vn 0.1628 0.1404 0.9766
vn 0.1795 0.0998 0.9787
vn 0.1299 0.0687 0.9891
vn 0.0871 0.0491 0.9950
vn 0.0279 0.1004 0.9946
vn -0.0286 0.0785 0.9965
vn 0.0290 0.0886 0.9956
vn 0.0220 0.0827 0.9963
vn 0.0583 0.0442 0.9973
vn 0.0217 0.1027 0.9945
vn 0.0223 0.0158 0.9996
vn 0.0250 0.0873 0.9959
vn -0.0128 0.0417 0.9990
vn -0.0028 0.0226 0.9997
vn -0.0358 0.1083 0.9935
vn -0.0245 0.0230 0.9994
vn -0.0103 0.1094 0.9939
vn -0.0174 0.0031 0.9998
vn -0.0102 -0.0320 0.9994
vn 0.0001 -0.0931 0.9957
vn 0.0557 -0.1547 0.9864
vn 0.0509 -0.1607 0.9857
vn 0.0908 -0.1092 0.9899
vn 0.0512 -0.0183 0.9985
vn 0.0197 0.0008 0.9998
vn 0.0506 -0.0123 0.9986
vn 0.0589 -0.0235 0.9980
vn 0.1208 0.0074 0.9926
vn 0.1815 0.1066 0.9776
vn 0.1845 0.0792 0.9796
vn 0.1352 -0.0122 0.9907
vn 0.1640 -0.1222 0.9789
vn 0.1314 -0.1812 0.9746
vn 0.0841 -0.1144 0.9899
vn 0.0831 -0.0820 0.9932
vn 0.0565 0.0294 0.9980
vn 0.1245 0.0040 0.9922
vn 0.0873 0.0604 0.9943
vn 0.0309 0.0010 0.9995
vn -0.0257 0.0898 0.9956
vn -0.1058 0.0288 0.9940
vn -0.0828 0.0656 0.9944
vn -0.0526 0.0518 0.9973
vn -0.0299 0.0433 0.9986
vn -0.0888 0.1481 0.9850
vn -0.1408 0.2001 0.9696
vn -0.1145 0.1491 0.9822
vn -0.1254 0.0178 0.9920
vn -0.0271 -0.0964 0.9950
vn 0.0312 -0.1715 0.9847
vn 0.0805 -0.2000 0.9765
vn 0.0464 -0.0824 0.9955
vn 0.0939 -0.0555 0.9940
vn 0.0606 0.0859 0.9945
vn 0.0334 0.1038 0.9940
vn 0.0763 0.1180 0.9901
vn 0.0483 0.2183 0.9747
vn 0.0005 0.1485 0.9889
vn -0.0806 0.1641 0.9832
vn -0.0977 0.0795 0.9920
vn -0.0342 -0.0579 0.9977
vn 0.0353 -0.1721 0.9844
vn 0.1323 -0.2762 0.9520
vn 0.1206 0.2578 0.9586
vn 0.0872 0.1826 0.9793
vn 0.0879 0.1400 0.9862
vn 0.0740 0.1368 0.9878
vn 0.0441 0.1103 0.9929
vn 0.0157 0.1754 0.9844
vn 0.0013 0.0815 0.9967
vn 0.0090 0.0435 0.9990
vn 0.0582 -0.0138 0.9982
vn 0.1323 -0.0395 0.9904
vn 0.1265 0.0415 0.9911
vn 0.1585 0.1315 0.9786
vn 0.1856 0.1365 0.9731
vn 0.1862 0.0682 0.9801
vn 0.1749 0.0558 0.9830
vn 0.1741 0.0890 0.9807
vn 0.1865 0.1650 0.9685
vn 0.2135 0.2189 0.9521
vn 0.2654 0.1809 0.9470
vn 0.2843 0.0840 0.9551
vn 0.2838 0.0355 0.9582
vn 0.2331 -0.0087 0.9724
vn 0.1815 0.0412 0.9825
vn 0.1847 0.0976 0.9779
vn 0.1935 0.1078 0.9752
vn 0.2233 0.0959 0.9700
vn 0.2259 0.0559 0.9725
vn 0.2012 0.0354 0.9789
vn 0.1918 0.0524 0.9800
vn 0.1727 0.0304 0.9845
vn 0.1520 0.0215 0.9882
vn 0.1449 0.0358 0.9888
vn 0.1355 0.0551 0.9892
vn 0.1104 0.0665 0.9917
vn 0.1004 0.0616 0.9930
vn 0.0788 0.0272 0.9965
vn 0.1122 -0.0076 0.9937
vn 0.1274 -0.0793 0.9887
vn 0.1495 -0.0967 0.9840
vn 0.2082 -0.1474 0.9669
vn 0.1929 -0.0976 0.9764
vn 0.1955 -0.0586 0.9790
vn 0.1338 -0.0525 0.9896
vn 0.0943 0.0297 0.9951
vn 0.1293 -0.0128 0.9915
vn 0.1374 0.0742 0.9877
vn 0.1628 0.1263 0.9785
vn 0.1978 0.0975 0.9754
vn 0.2581 -0.0026 0.9661
vn 0.2267 -0.1307 0.9652
vn 0.2367 -0.1916 0.9525
vn 0.2388 -0.1311 0.9622
vn 0.2445 -0.0617 0.9677
vn 0.3054 0.0542 0.9507
vn 0.3304 0.0390 0.9430
vn 0.3073 -0.0279 0.9512
vn 0.2337 -0.0496 0.9710
vn 0.2012 0.0313 0.9790
vn 0.1850 0.0118 0.9827
vn 0.1689 0.0609 0.9837
vn 0.1324 0.0247 0.9909
vn 0.1063 0.0738 0.9916
vn 0.0901 0.0541 0.9945
vn 0.0308 0.1813 0.9830
vn -0.0092 0.1441 0.9895
vn 0.0707 0.1232 0.9899
vn 0.1800 -0.0020 0.9837
vn 0.2080 -0.1375 0.9684
vn 0.2499 -0.1494 0.9567
vn 0.2694 -0.1156 0.9561
vn 0.2276 -0.0279 0.9734
vn 0.2028 0.0257 0.9789
vn 0.2092 0.1143 0.9712
vn 0.2128 0.1469 0.9660
vn 0.1869 0.1240 0.9745
vn 0.1055 0.1075 0.9886
vn 0.0566 0.0530 0.9970
vn -0.0198 0.0961 0.9952
vn -0.0197 -0.0175 0.9997
vn 0.0161 -0.1012 0.9947
vn 0.0476 -0.0915 0.9947
vn 0.1451 0.1728 0.9742
vn 0.1756 0.1822 0.9674
vn 0.1765 0.1269 0.9761
vn 0.1556 0.0957 0.9832
vn 0.1537 0.1210 0.9807
vn 0.1302 0.1097 0.9854
vn 0.1149 0.1062 0.9877
vn 0.1388 0.0381 0.9896
vn 0.1273 0.0436 0.9909
vn 0.1376 -0.0038 0.9905
vn 0.2137 0.0944 0.9723
vn 0.2413 0.1561 0.9578
vn 0.2580 0.1379 0.9563
vn 0.2795 0.0815 0.9567
vn 0.2522 0.0311 0.9672
vn 0.2340 0.0774 0.9691
vn 0.2114 0.1725 0.9620
vn 0.2162 0.2482 0.9443
vn 0.2131 0.2094 0.9543
vn 0.2236 0.0879 0.9707
vn 0.2123 -0.0046 0.9772
vn 0.2295 0.0076 0.9733
vn 0.2654 0.0075 0.9641
vn 0.2366 0.0938 0.9671
vn 0.2363 0.1229 0.9639
vn 0.2316 0.0988 0.9678
vn 0.2048 0.0326 0.9783
vn 0.2280 0.0463 0.9726
vn 0.2021 0.0206 0.9791
vn 0.2260 0.0356 0.9735
vn 0.2466 0.0216 0.9689
vn 0.2588 0.0230 0.9657
vn 0.2673 0.0399 0.9628
vn 0.2534 0.0397 0.9666
vn 0.2207 0.0335 0.9748
vn 0.2089 0.0242 0.9776
vn 0.1642 0.0010 0.9864
vn 0.2079 -0.0395 0.9773
vn 0.2300 -0.0737 0.9704
vn 0.2343 -0.1003 0.9670
vn 0.2534 -0.1299 0.9586
vn 0.2035 -0.0815 0.9757
vn 0.1716 -0.0995 0.9801
vn 0.0849 -0.0565 0.9948
vn 0.0171 0.0301 0.9994
vn 0.0733 0.0741 0.9946
vn 0.0722 0.1661 0.9835
vn 0.0904 0.1217 0.9884
vn 0.1046 0.0429 0.9936
vn 0.2038 -0.1108 0.9727
vn 0.2371 -0.1529 0.9594
vn 0.3153 -0.1040 0.9433
vn 0.3973 -0.0017 0.9177
vn 0.4061 0.0831 0.9100
vn 0.3924 0.0194 0.9196
vn 0.3948 -0.0364 0.9180
vn 0.4044 -0.0784 0.9112
vn 0.3522 -0.0276 0.9355
vn 0.2917 0.0138 0.9564
vn 0.2962 0.0272 0.9547
vn 0.2973 0.0093 0.9547
vn 0.2526 -0.0109 0.9675
vn 0.1954 0.0500 0.9794
vn 0.1865 0.1216 0.9749
vn 0.1908 0.1805 0.9649
vn 0.2224 0.1585 0.9620
vn 0.2332 0.0817 0.9690
vn 0.3225 -0.0905 0.9422
vn 0.3325 -0.1293 0.9342
vn 0.3240 -0.1098 0.9397
vn 0.3146 -0.0863 0.9453
vn 0.2984 0.0330 0.9539
vn 0.2312 0.0873 0.9690
vn 0.2021 0.1203 0.9720
vn 0.1828 0.0868 0.9793
vn 0.1755 0.0454 0.9834
vn 0.1201 0.0121 0.9927
vn 0.1151 0.0316 0.9929
vn 0.0627 0.0092 0.9980
vn 0.1183 -0.0403 0.9922
vn 0.1814 -0.0986 0.9785
vn 0.2175 0.2338 0.9476
vn 0.1684 0.1710 0.9708
vn 0.1523 0.1199 0.9810
vn 0.1480 0.0970 0.9842
vn 0.1499 0.1012 0.9835
vn 0.1621 0.1089 0.9808
vn 0.1614 0.0974 0.9821
vn 0.1430 0.0512 0.9884
vn 0.1461 0.0245 0.9890
vn 0.1446 0.0276 0.9891
vn 0.1236 0.1212 0.9849
vn 0.1510 0.1857 0.9709
vn 0.1676 0.1640 0.9721
vn 0.1641 0.0558 0.9849
vn 0.1548 -0.0025 0.9879
vn 0.1078 0.0671 0.9919
vn 0.0600 0.1174 0.9913
vn 0.0293 0.2751 0.9610
vn 0.0228 0.1777 0.9838
vn 0.0092 0.1400 0.9901
vn 0.0852 0.0088 0.9963
vn 0.1066 0.0421 0.9934
vn 0.1108 0.0177 0.9937
vn 0.1460 0.0910 0.9851
vn 0.1224 0.1074 0.9866
vn 0.0796 0.0591 0.9951
vn 0.0766 0.0492 0.9958
vn 0.0604 0.0407 0.9973
vn 0.0834 0.0415 0.9957
vn 0.1129 0.0810 0.9903
vn 0.1935 0.0700 0.9786
vn 0.2470 0.0588 0.9672
vn 0.2849 0.0454 0.9575
vn 0.3061 0.0275 0.9516
vn 0.2708 -0.0119 0.9626
vn 0.1954 -0.0289 0.9803
vn 0.1891 0.0094 0.9819
vn 0.1751 -0.0314 0.9841
vn 0.1787 -0.0483 0.9827
vn 0.1786 -0.1254 0.9759
vn 0.1315 -0.1370 0.9818
vn 0.1021 -0.1627 0.9814
vn 0.0476 -0.1218 0.9914
vn 0.0220 -0.1638 0.9863
vn -0.0475 -0.0011 0.9989
vn -0.0670 0.1273 0.9896
vn -0.0445 0.1392 0.9893
vn -0.0662 0.1627 0.9845
vn 0.0045 0.1098 0.9939
vn 0.0471 -0.0386 0.9981
vn 0.1242 -0.1112 0.9860
vn 0.2260 0.0373 0.9734
vn 0.2830 0.0460 0.9580
vn 0.3368 0.0859 0.9376
vn 0.3587 0.0369 0.9327
vn 0.3599 -0.0543 0.9314
vn 0.3517 -0.0677 0.9336
vn 0.3591 -0.0828 0.9296
vn 0.3370 -0.0508 0.9401
vn 0.2646 0.0364 0.9637
vn 0.2326 -0.0468 0.9714
vn 0.2152 -0.0096 0.9765
vn 0.2601 0.0373 0.9649
vn 0.2869 0.1360 0.9482
vn 0.2751 0.1877 0.9429
vn 0.2756 0.1738 0.9454
vn 0.2795 0.0739 0.9573
vn 0.2486 -0.0470 0.9675
vn 0.2867 -0.1147 0.9511
vn 0.2952 -0.1584 0.9422
vn 0.2292 -0.1081 0.9674
vn 0.1794 -0.0288 0.9834
vn 0.1542 0.0366 0.9874
vn 0.1104 0.1016 0.9887
vn 0.1287 0.0998 0.9867
vn 0.1588 0.0471 0.9862
vn 0.1981 0.0078 0.9801
vn 0.1597 -0.0033 0.9872
vn 0.1571 -0.0062 0.9876
vn 0.1080 -0.0192 0.9940
vn 0.0851 0.0477 0.9952
vn 0.0263 0.1690 0.9853
vn -0.0078 0.1144 0.9934
vn -0.0254 0.1463 0.9889
vn -0.0204 0.0640 0.9977
vn 0.0048 0.1688 0.9856
vn 0.0329 0.0913 0.9953
vn 0.0188 0.0942 0.9954
vn -0.0021 0.0250 0.9997
vn -0.0566 -0.0008 0.9984
vn -0.0779 0.0264 0.9966
vn -0.1068 0.0819 0.9909
vn -0.0881 0.2479 0.9648
vn -0.0705 0.1378 0.9879
vn -0.0479 0.1067 0.9931
vn -0.0092 -0.0260 0.9996
vn -0.0417 -0.0000 0.9991
vn -0.0617 0.1047 0.9926
vn -0.1534 0.1799 0.9717
vn -0.2054 0.1974 0.9586
vn -0.1875 0.1261 0.9741
vn -0.1843 0.0983 0.9779
vn -0.0799 0.0689 0.9944
vn -0.0661 0.0297 0.9974
vn -0.0390 0.1299 0.9908
vn -0.0727 0.0168 0.9972
vn -0.1076 0.0847 0.9906
vn -0.1121 -0.0016 0.9937
vn -0.1534 0.0503 0.9869
vn -0.1090 0.0843 0.9905
vn -0.0619 0.1446 0.9876
vn 0.0481 0.1880 0.9810
vn 0.1320 0.0888 0.9873
vn 0.1712 0.1056 0.9796
vn 0.1893 0.0104 0.9819
vn 0.1760 -0.0510 0.9831
vn 0.1522 -0.0761 0.9854
vn 0.0992 -0.0147 0.9950
vn 0.0702 -0.0503 0.9963
vn 0.0737 -0.0511 0.9960
vn 0.0265 -0.1748 0.9842
vn -0.0218 -0.1949 0.9806
vn -0.0931 -0.1935 0.9767
vn -0.1069 -0.1656 0.9804
vn -0.1116 -0.1373 0.9842
vn -0.0539 -0.0556 0.9970
vn -0.1249 0.0827 0.9887
vn -0.1820 0.1495 0.9719
vn -0.1938 0.1274 0.9727
vn -0.2400 0.1527 0.9587
vn -0.1570 0.0546 0.9861
vn -0.0394 -0.0025 0.9992
vn 0.0387 0.1119 0.9930
vn 0.0872 0.0771 0.9932
vn 0.0867 0.1463 0.9854
vn 0.0864 0.0195 0.9961
vn 0.0934 -0.0296 0.9952
vn 0.1409 -0.0719 0.9874
vn 0.1481 -0.0697 0.9865
vn 0.1676 -0.0845 0.9822
vn 0.1303 -0.0498 0.9902
vn 0.0984 -0.0195 0.9950
vn 0.1590 -0.0011 0.9873
vn 0.1631 0.0974 0.9818
vn 0.1635 0.1328 0.9776
vn 0.1751 0.1815 0.9677
vn 0.1470 0.1748 0.9736
vn 0.1218 0.0481 0.9914
vn 0.1009 -0.0688 0.9925
vn 0.0827 -0.0898 0.9925
vn 0.0653 -0.1935 0.9789
vn 0.0714 -0.1757 0.9819
vn 0.0135 -0.0648 0.9978
vn 0.0013 0.0315 0.9995
vn 0.0025 0.0688 0.9976
vn 0.0145 0.1581 0.9873
vn 0.1032 0.1108 0.9885
vn 0.1614 0.0375 0.9862
vn 0.1773 -0.0434 0.9832
vn 0.1133 -0.0275 0.9932
vn 0.1115 -0.0533 0.9923
vn 0.1082 -0.0568 0.9925
vn -0.2138 0.1515 0.9651
vn -0.1947 0.0924 0.9765
vn -0.2496 0.1021 0.9629
vn -0.2325 0.1214 0.9650
vn -0.2186 0.1383 0.9660
vn -0.2139 0.1414 0.9666
vn -0.1848 0.0557 0.9812
vn -0.2277 -0.0012 0.9737
vn -0.2706 -0.0724 0.9600
vn -0.3428 -0.0075 0.9394
vn -0.3060 0.1032 0.9464
vn -0.3243 0.2021 0.9241
vn -0.2944 0.2132 0.9316
vn -0.2226 0.1010 0.9697
vn -0.2095 0.0275 0.9774
vn -0.1667 -0.0300 0.9856
vn -0.2166 0.0538 0.9748
vn -0.2459 0.0986 0.9643
vn -0.3210 0.1448 0.9360
vn -0.3455 0.1556 0.9254
vn -0.3121 0.1078 0.9439
vn -0.3226 0.1360 0.9367
vn -0.2237 0.0785 0.9715
vn -0.2316 0.0996 0.9677
vn -0.2117 0.0336 0.9768
vn -0.2100 0.0272 0.9773
vn -0.2764 -0.0235 0.9608
vn -0.3009 0.0183 0.9535
vn -0.3009 0.1557 0.9409
vn -0.2134 0.1910 0.9581
vn -0.2055 0.2553 0.9448
vn -0.1073 0.2083 0.9722
vn -0.0214 0.1065 0.9941
vn -0.0066 0.0494 0.9988
vn -0.0060 -0.0926 0.9957
vn -0.0452 -0.0852 0.9953
vn -0.0470 -0.0838 0.9954
vn -0.0640 -0.0286 0.9975
vn -0.0978 -0.1099 0.9891
vn -0.1221 -0.2035 0.9714
vn -0.1685 -0.2560 0.9519
vn -0.1982 -0.2103 0.9573
vn -0.2341 -0.1714 0.9570
vn -0.1976 -0.0846 0.9766
vn -0.1727 -0.0204 0.9848
vn -0.1459 -0.0052 0.9893
vn -0.2631 0.0566 0.9631
vn -0.3488 0.1098 0.9307
vn -0.3521 0.1156 0.9288
vn -0.3611 0.1474 0.9208
vn -0.2687 0.0933 0.9587
vn -0.2356 0.1286 0.9633
vn -0.2014 0.1303 0.9708
vn -0.2091 0.0826 0.9744
vn -0.2386 0.0561 0.9695
vn -0.1917 -0.0148 0.9813
vn -0.1752 -0.0047 0.9845
vn -0.1024 -0.0806 0.9915
vn -0.0964 -0.0362 0.9947
vn -0.0611 -0.1149 0.9915
vn -0.0950 0.0071 0.9955
vn -0.0950 0.0335 0.9949
vn -0.0763 0.0720 0.9945
vn -0.0818 0.1609 0.9836
vn -0.0760 0.1834 0.9801
vn -0.1470 0.0858 0.9854
vn -0.1961 0.0420 0.9797
vn -0.1811 -0.0661 0.9812
vn -0.1874 -0.1296 0.9737
vn -0.1892 -0.1650 0.9680
vn -0.1754 -0.1762 0.9686
vn -0.1589 -0.0996 0.9823
vn -0.1590 0.0530 0.9859
vn -0.0840 0.1362 0.9871
vn -0.0240 0.1694 0.9853
vn 0.0117 0.2170 0.9761
vn 0.0663 0.0458 0.9967
vn 0.0443 -0.0527 0.9976
vn 0.0271 -0.0943 0.9952
vn -0.0376 -0.0514 0.9980
vn -0.0391 -0.0409 0.9984
vn -0.3030 0.0703 0.9504
vn -0.3526 0.0943 0.9310
vn -0.3366 0.0549 0.9400
vn -0.3635 0.1250 0.9232
vn -0.3538 0.1505 0.9231
vn -0.3507 0.1241 0.9282
vn -0.3688 0.0753 0.9264
vn -0.3516 -0.0582 0.9343
vn -0.3818 -0.0959 0.9193
vn -0.3400 -0.0169 0.9403
vn -0.3459 0.1182 0.9308
vn -0.3055 0.1917 0.9327
vn -0.3154 0.2471 0.9163
vn -0.2973 0.1977 0.9341
vn -0.2095 0.0411 0.9769
vn -0.1916 0.0085 0.9814
vn -0.1717 0.0127 0.9851
vn -0.2323 0.0421 0.9717
vn -0.2790 0.0760 0.9573
vn -0.3242 0.1407 0.9355
vn -0.3349 0.1425 0.9314
vn -0.3079 0.1170 0.9442
vn -0.3328 0.1687 0.9278
vn -0.2588 0.0830 0.9624
vn -0.2673 0.0474 0.9624
vn -0.3045 -0.0035 0.9525
vn -0.2547 -0.0149 0.9669
vn -0.2370 -0.0008 0.9715
vn -0.2851 0.1205 0.9509
vn -0.3090 0.2680 0.9125
vn -0.2506 0.2373 0.9386
vn -0.2878 0.2683 0.9193
vn -0.2388 0.1837 0.9535
vn -0.1915 0.0254 0.9812
vn -0.2224 -0.1003 0.9698
vn -0.2104 -0.1022 0.9723
vn -0.2332 -0.0703 0.9699
vn -0.2205 -0.0567 0.9737
vn -0.2085 -0.1115 0.9716
vn -0.1835 -0.2053 0.9613
vn -0.1886 -0.2787 0.9417
vn -0.2422 -0.2626 0.9340
vn -0.2765 -0.1594 0.9477
vn -0.2824 -0.0496 0.9580
vn -0.2758 -0.0195 0.9610
vn -0.2788 0.0013 0.9603
vn -0.2831 -0.0743 0.9562
vn -0.3801 0.0212 0.9247
vn -0.4273 0.1314 0.8945
vn -0.4026 0.1364 0.9052
vn -0.4226 0.1747 0.8893
vn -0.3686 0.1191 0.9219
vn -0.3959 0.1260 0.9096
vn -0.3904 0.0709 0.9179
vn -0.3996 0.0286 0.9163
vn -0.4032 0.0439 0.9141
vn -0.3448 0.0149 0.9386
vn -0.2954 0.0286 0.9550
vn -0.2035 -0.0395 0.9783
vn -0.2166 -0.0795 0.9730
vn -0.2142 -0.0579 0.9751
vn -0.2990 0.0094 0.9542
vn -0.2952 0.1218 0.9476
vn -0.2715 0.1105 0.9561
vn -0.3321 0.1576 0.9300
vn -0.2951 0.0617 0.9535
vn -0.3059 0.0118 0.9520
vn -0.3299 -0.0647 0.9418
vn -0.3346 -0.1247 0.9341
vn -0.3127 -0.1416 0.9392
vn -0.2857 -0.1330 0.9490
vn -0.2073 -0.0139 0.9782
vn -0.1308 0.0530 0.9900
vn -0.1302 0.1854 0.9740
vn -0.1048 0.2215 0.9695
vn -0.1147 0.1923 0.9746
vn -0.1678 0.0687 0.9834
vn -0.1490 -0.0668 0.9866
vn -0.1698 -0.1184 0.9783
vn -0.1715 -0.0779 0.9821
vn -0.1582 -0.0296 0.9870
vn -0.2501 0.0373 0.9675
vn -0.2522 0.0196 0.9675
vn -0.3118 0.0882 0.9460
vn -0.2880 0.0937 0.9530
vn -0.3272 0.1565 0.9319
vn -0.3289 0.1173 0.9370
vn -0.3385 0.0556 0.9393
vn -0.3727 -0.0374 0.9272
vn -0.2748 -0.0537 0.9600
vn -0.2124 0.0560 0.9756
vn -0.1048 0.1464 0.9837
vn -0.1198 0.2383 0.9638
vn -0.1028 0.2247 0.9690
vn -0.1479 0.2198 0.9643
vn -0.1913 0.1178 0.9744
vn -0.1699 -0.0098 0.9854
vn -0.1967 0.0048 0.9805
vn -0.1892 0.0055 0.9819
vn -0.2123 0.0561 0.9756
vn -0.2135 0.1017 0.9716
vn -0.2466 0.1438 0.9584
vn -0.2497 0.1436 0.9576
vn -0.2179 0.1395 0.9660
vn -0.2574 0.1587 0.9532
vn -0.2034 0.0457 0.9780
vn -0.1700 -0.0095 0.9854
vn -0.2051 0.0030 0.9787
vn -0.2121 -0.0100 0.9772
vn -0.1754 0.1049 0.9789
vn -0.2100 0.2186 0.9530
vn -0.2964 0.2671 0.9170
vn -0.2954 0.2046 0.9332
vn -0.3674 0.1978 0.9088
vn -0.3736 0.0685 0.9251
vn -0.3030 -0.0944 0.9483
vn -0.3119 -0.1103 0.9437
vn -0.2852 -0.0506 0.9571
vn -0.2855 -0.0312 0.9579
vn -0.2592 -0.0855 0.9620
vn -0.2617 -0.2048 0.9432
vn -0.2571 -0.2950 0.9203
vn -0.3148 -0.2994 0.9007
vn -0.3338 -0.1897 0.9234
vn -0.3414 -0.0541 0.9384
vn -0.3174 0.0137 0.9482
vn -0.3030 -0.0165 0.9528
vn -0.2992 -0.0593 0.9524
vn -0.2682 -0.0580 0.9616
vn -0.3243 0.0877 0.9419
vn -0.3741 0.1571 0.9140
vn -0.3766 0.1202 0.9185
vn -0.4369 0.1634 0.8845
vn -0.4106 0.0846 0.9079
vn -0.4522 0.0887 0.8875
vn -0.4374 0.0092 0.8992
vn -0.4427 0.0774 0.8933
vn -0.3851 0.1031 0.9171
vn -0.3097 0.0810 0.9474
vn -0.2737 0.0299 0.9613
vn -0.2010 -0.0821 0.9761
vn -0.2385 -0.0889 0.9671
vn -0.2298 -0.0567 0.9716
vn -0.3158 0.0715 0.9461
vn -0.3573 0.1303 0.9249
vn -0.3372 0.0957 0.9366
vn -0.3809 0.1176 0.9171
vn -0.3329 0.0037 0.9429
vn -0.3433 -0.0793 0.9359
vn -0.3027 -0.0971 0.9481
vn -0.3034 -0.1287 0.9441
vn -0.2414 -0.0506 0.9691
vn -0.2012 0.0075 0.9795
vn -0.1618 0.1618 0.9735
vn -0.0860 0.1712 0.9815
vn -0.1283 0.2131 0.9686
vn -0.1612 0.1427 0.9765
vn -0.1901 0.0386 0.9810
vn -0.2432 -0.0860 0.9662
vn -0.2341 -0.1098 0.9660
vn -0.1867 -0.0203 0.9822
vn -0.1604 -0.0351 0.9864
vn -0.0896 0.1713 0.9811
vn -0.0833 0.0264 0.9962
vn -0.0402 0.0632 0.9972
vn -0.0933 0.0961 0.9910
vn -0.0882 0.1161 0.9893
vn -0.1348 0.1438 0.9804
vn -0.1049 0.0354 0.9938
vn -0.0690 0.0265 0.9973
vn -0.0027 0.0327 0.9995
vn 0.0722 0.1537 0.9855
vn 0.1162 0.1841 0.9760
vn 0.1407 0.2260 0.9639
vn 0.1175 0.2341 0.9651
vn 0.0445 0.1160 0.9923
vn -0.0416 0.0567 0.9975
vn -0.0941 0.0111 0.9955
vn -0.0644 -0.0130 0.9978
vn -0.1040 0.0033 0.9946
vn -0.0949 0.0305 0.9950
vn -0.1388 0.1099 0.9842
vn -0.1134 0.1164 0.9867
vn -0.1366 0.1487 0.9794
vn -0.1484 0.1782 0.9727
vn -0.1122 0.1179 0.9867
vn -0.1590 0.0896 0.9832
vn -0.1385 0.0281 0.9900
vn -0.0862 -0.0186 0.9961
vn -0.0356 0.0445 0.9984
vn -0.0392 0.0766 0.9963
vn -0.0925 0.1560 0.9834
vn -0.1851 0.1564 0.9702
vn -0.3335 0.1810 0.9252
vn -0.3696 0.1224 0.9211
vn -0.4118 0.0818 0.9076
vn -0.4111 -0.0355 0.9109
vn -0.3177 -0.0541 0.9467
vn -0.3019 -0.0558 0.9517
vn -0.3294 -0.0395 0.9434
vn -0.3492 -0.0863 0.9330
vn -0.3510 -0.2066 0.9133
vn -0.3853 -0.3374 0.8589
vn -0.3819 -0.2893 0.8778
vn -0.3512 -0.1464 0.9248
vn -0.2692 -0.0004 0.9631
vn -0.2759 -0.0151 0.9611
vn -0.2948 0.0226 0.9553
vn -0.2519 -0.0381 0.9670
vn -0.2153 -0.0123 0.9765
vn -0.1678 0.0178 0.9857
vn -0.2748 0.0877 0.9575
vn -0.3351 0.1089 0.9359
vn -0.3297 0.1020 0.9386
vn -0.3634 0.1221 0.9236
vn -0.3224 0.0361 0.9459
vn -0.3645 0.0623 0.9291
vn -0.3049 0.0795 0.9491
vn -0.3138 0.1693 0.9343
vn -0.2655 0.1643 0.9500
vn -0.1958 0.0691 0.9782
vn -0.2013 -0.0547 0.9780
vn -0.1312 -0.0859 0.9876
vn -0.1238 -0.0460 0.9912
vn -0.0980 -0.0174 0.9950
vn -0.1858 0.0987 0.9776
vn -0.2177 0.1160 0.9691
vn -0.2031 0.0892 0.9751
vn -0.2300 0.0609 0.9713
vn -0.1423 -0.0590 0.9881
vn -0.1776 -0.1098 0.9780
vn -0.1667 -0.1196 0.9787
vn -0.1801 -0.0135 0.9836
vn -0.1253 0.1050 0.9865
vn -0.0603 0.1561 0.9859
vn -0.0992 0.2016 0.9744
vn -0.1093 0.1470 0.9831
vn -0.1901 0.1107 0.9755
vn -0.2299 -0.0042 0.9732
vn -0.2076 -0.0783 0.9751
vn -0.1641 -0.0731 0.9837
vn -0.1629 -0.0187 0.9865
vn -0.1702 0.0599 0.9836
vn 0.1459 0.0671 0.9870
vn 0.1744 0.0767 0.9817
vn 0.1815 0.0463 0.9823
vn 0.1700 0.0708 0.9829
vn 0.1601 0.1074 0.9812
vn 0.1810 0.1376 0.9738
vn 0.1979 0.0863 0.9764
vn 0.2500 0.0678 0.9659
vn 0.2804 0.1025 0.9544
vn 0.3130 0.1678 0.9348
vn 0.2911 0.1969 0.9362
vn 0.2493 0.1905 0.9495
vn 0.1477 0.1152 0.9823
vn 0.0967 0.0845 0.9917
vn 0.0795 0.0120 0.9968
vn 0.0507 -0.0429 0.9978
vn -0.0126 -0.0161 0.9998
vn 0.0082 -0.0133 0.9999
vn -0.0398 0.0232 0.9989
vn -0.0106 0.0922 0.9957
vn -0.0510 0.1463 0.9879
vn -0.0317 0.1084 0.9936
vn -0.0261 0.1931 0.9808
vn -0.0614 0.1336 0.9891
vn -0.0694 0.0222 0.9973
vn -0.1162 0.0576 0.9915
vn -0.0750 0.0533 0.9958
vn -0.0019 0.0871 0.9962
vn 0.0245 0.0422 0.9988
vn 0.0211 0.1381 0.9902
vn -0.0636 0.0113 0.9979
vn -0.1859 0.0317 0.9821
vn -0.3327 0.0765 0.9399
vn -0.3529 0.0671 0.9333
vn -0.3264 0.0208 0.9450
vn -0.3038 -0.0036 0.9527
vn -0.3055 -0.0732 0.9494
vn -0.3306 -0.0747 0.9408
vn -0.3487 -0.1084 0.9309
vn -0.3673 -0.2480 0.8964
vn -0.3537 -0.3329 0.8741
vn -0.3560 -0.2592 0.8978
vn -0.2871 -0.0545 0.9564
vn -0.2575 0.0085 0.9662
vn -0.2610 -0.0079 0.9653
vn -0.2729 0.0040 0.9620
vn -0.2678 0.0238 0.9632
vn -0.2011 0.0333 0.9790
vn -0.1813 0.0260 0.9831
vn -0.1898 -0.0291 0.9814
vn -0.2674 0.0873 0.9596
vn -0.2406 0.1412 0.9603
vn -0.1693 0.1338 0.9764
vn -0.1704 0.0530 0.9839
vn -0.1117 0.0711 0.9912
vn -0.1561 0.1138 0.9812
vn -0.1226 0.1692 0.9779
vn -0.1276 0.2210 0.9669
vn -0.1173 0.1017 0.9879
vn -0.0245 0.0059 0.9997
vn 0.0477 -0.0086 0.9988
vn 0.0953 -0.0588 0.9937
vn 0.0957 0.0137 0.9953
vn 0.1281 0.0169 0.9916
vn 0.0603 0.1235 0.9905
vn 0.0239 0.0458 0.9987
vn 0.0194 0.1054 0.9942
vn 0.0370 -0.0256 0.9990
vn 0.0549 -0.1509 0.9870
vn 0.0307 -0.0797 0.9963
vn 0.0521 -0.0483 0.9975
vn 0.0315 0.1410 0.9895
vn -0.0029 0.1628 0.9867
vn -0.0132 0.1426 0.9897
vn -0.0935 0.1162 0.9888
vn -0.1104 0.0533 0.9925
vn -0.1257 0.0086 0.9920
vn -0.0718 -0.0240 0.9971
vn -0.0162 -0.0399 0.9991
vn 0.0198 -0.0159 0.9997
vn 0.0014 0.0036 1.0000
vn 0.3286 0.1187 0.9370
vn 0.3154 0.0693 0.9464
vn 0.3182 0.0430 0.9470
vn 0.3244 0.0699 0.9433
vn 0.3344 0.1226 0.9344
vn 0.3628 0.1471 0.9202
vn 0.3963 0.1225 0.9099
vn 0.4211 0.0914 0.9024
vn 0.4026 0.0992 0.9100
vn 0.3720 0.1381 0.9179
vn 0.2783 0.1201 0.9529
vn 0.1830 0.0902 0.9790
vn 0.1414 0.0836 0.9864
vn 0.1082 0.0391 0.9934
vn 0.0772 -0.0073 0.9970
vn 0.1274 -0.0273 0.9915
vn 0.1546 -0.0438 0.9870
vn 0.1255 -0.0093 0.9920
vn 0.1028 -0.0318 0.9942
vn 0.0190 0.0918 0.9956
vn 0.0330 0.1144 0.9929
vn 0.0322 0.1626 0.9862
vn 0.0274 0.1534 0.9878
vn 0.0090 0.0900 0.9959
vn -0.0217 0.0355 0.9991
vn -0.0065 0.0187 0.9998
vn -0.0483 0.1139 0.9923
vn -0.0023 0.1124 0.9937
vn 0.0509 0.1132 0.9923
vn 0.0541 0.0670 0.9963
vn -0.0206 -0.0808 0.9965
vn -0.1270 -0.0932 0.9875
vn -0.1757 -0.0147 0.9843
vn -0.2382 0.0771 0.9682
vn -0.2244 0.0420 0.9736
vn -0.2352 -0.0147 0.9718
vn -0.2584 -0.0998 0.9609
vn -0.2442 -0.0814 0.9663
vn -0.2518 -0.1220 0.9601
vn -0.2480 -0.2634 0.9323
vn -0.2567 -0.3529 0.8997
vn -0.2408 -0.2198 0.9454
vn -0.2240 0.0237 0.9743
vn -0.1522 0.0204 0.9881
vn -0.1263 -0.0190 0.9918
vn -0.1613 -0.0165 0.9868
vn -0.1727 0.0311 0.9845
vn -0.1764 0.0876 0.9804
vn -0.1409 0.0297 0.9896
vn -0.1326 -0.0179 0.9910
vn -0.1166 0.0442 0.9922
vn -0.1320 0.2072 0.9693
vn -0.0845 0.1833 0.9794
vn 0.0459 0.1543 0.9870
vn 0.0676 0.0390 0.9970
vn 0.0451 0.0742 0.9962
vn 0.0181 0.2075 0.9781
vn 0.0300 0.1940 0.9805
vn 0.0758 0.1956 0.9777
vn 0.1234 0.0482 0.9912
vn 0.1527 0.0622 0.9863
vn 0.2227 -0.0089 0.9748
vn 0.2813 0.0354 0.9590
vn 0.2768 0.0158 0.9608
vn 0.2190 0.0216 0.9755
vn 0.1975 0.0692 0.9779
vn 0.1827 0.0530 0.9818
vn 0.1387 -0.0037 0.9903
vn 0.2003 -0.0914 0.9755
vn 0.2210 -0.1471 0.9641
vn 0.1702 -0.0116 0.9853
vn 0.1443 0.0695 0.9871
vn 0.0971 0.1390 0.9855
vn 0.0596 0.0896 0.9942
vn 0.0389 0.0804 0.9960
vn -0.0145 0.0280 0.9995
vn -0.0041 0.0307 0.9995
vn 0.0111 0.0337 0.9994
vn 0.0870 0.0167 0.9961
vn 0.1169 -0.0027 0.9931
vn 0.1444 0.0474 0.9884
vn 0.3143 0.1000 0.9440
vn 0.3273 0.0867 0.9409
vn 0.2960 0.0344 0.9546
vn 0.3137 0.0823 0.9459
vn 0.3344 0.1537 0.9298
vn 0.3780 0.1931 0.9054
vn 0.3992 0.1399 0.9061
vn 0.4011 0.0683 0.9135
vn 0.3618 0.0440 0.9312
vn 0.2556 0.0574 0.9651
vn 0.1641 -0.0167 0.9863
vn 0.0714 0.0626 0.9955
vn 0.0676 0.0311 0.9972
vn 0.0526 0.0490 0.9974
vn 0.1321 0.0225 0.9910
vn 0.1587 0.0446 0.9863
vn 0.2351 -0.0357 0.9713
vn 0.1934 -0.0627 0.9791
vn 0.1501 -0.0522 0.9873
vn 0.1533 0.0392 0.9874
vn 0.0784 0.1068 0.9912
vn 0.0730 0.1445 0.9868
vn 0.0768 0.1579 0.9845
vn 0.0719 0.0815 0.9941
vn 0.0528 -0.0135 0.9985
vn 0.0059 0.0275 0.9996
vn 0.0539 0.1142 0.9920
vn 0.0243 0.1490 0.9885
vn 0.0318 0.1207 0.9922
vn -0.0408 0.0151 0.9991
vn -0.0803 -0.1331 0.9878
vn -0.0921 -0.1351 0.9865
vn -0.0749 -0.0236 0.9969
vn -0.1108 -0.0051 0.9938
vn -0.1771 0.0647 0.9821
vn -0.1715 -0.0523 0.9838
vn -0.1599 -0.0822 0.9837
vn -0.0916 -0.0410 0.9950
vn -0.0743 -0.1820 0.9805
vn -0.0797 -0.2381 0.9680
vn -0.0759 -0.3950 0.9155
vn -0.1049 -0.1860 0.9769
vn -0.1217 -0.0065 0.9925
vn -0.1624 0.1031 0.9813
vn -0.1325 -0.0302 0.9907
vn -0.0768 0.0026 0.9970
vn -0.0488 0.0313 0.9983
vn -0.0605 0.0766 0.9952
vn -0.0793 0.0547 0.9954
vn -0.0220 -0.0096 0.9997
vn -0.0485 0.0508 0.9975
vn -0.0479 0.2039 0.9778
vn -0.0070 0.2833 0.9590
vn 0.0204 0.2080 0.9779
vn 0.0908 0.0650 0.9937
vn 0.1322 0.0765 0.9883
vn 0.1210 0.1594 0.9798
vn 0.1159 0.2398 0.9639
vn 0.1250 0.2052 0.9707
vn 0.1634 0.1132 0.9800
vn 0.2029 0.0764 0.9762
vn 0.2390 0.0740 0.9682
vn 0.2637 0.0502 0.9633
vn 0.2512 -0.0320 0.9674
vn 0.2430 0.0088 0.9700
vn 0.1911 0.0333 0.9810
vn 0.1818 0.0499 0.9821
vn 0.2211 0.0035 0.9752
vn 0.1909 -0.0801 0.9783
vn 0.2096 -0.1127 0.9713
vn 0.2514 -0.0868 0.9640
vn 0.1987 0.0435 0.9791
vn 0.1859 0.0994 0.9775
vn 0.1514 0.0742 0.9857
vn 0.1341 0.0329 0.9904
vn 0.0878 -0.0036 0.9961
vn 0.0627 0.0594 0.9963
vn 0.1058 0.0656 0.9922
vn 0.1003 0.0594 0.9932
vn 0.1340 0.0098 0.9909
vn 0.1491 -0.0095 0.9888
vn 0.2702 0.1055 0.9570
vn 0.2018 0.0299 0.9790
vn 0.1999 0.0454 0.9788
vn 0.2070 0.1143 0.9716
vn 0.2389 0.2004 0.9501
vn 0.2632 0.2280 0.9374
vn 0.2969 0.1615 0.9412
vn 0.3048 0.0680 0.9500
vn 0.2739 -0.0595 0.9599
vn 0.1885 -0.0518 0.9807
vn 0.1207 -0.0594 0.9909
vn 0.1082 0.0006 0.9941
vn 0.0549 0.0426 0.9976
vn 0.1166 0.1000 0.9881
vn 0.1581 0.0926 0.9831
vn 0.2131 0.0628 0.9750
vn 0.1810 -0.0105 0.9834
vn 0.1814 -0.1049 0.9778
vn 0.1470 -0.0977 0.9843
vn 0.0634 -0.0035 0.9980
vn 0.0970 0.0961 0.9906
vn 0.1189 0.1646 0.9792
vn 0.1312 0.1449 0.9807
vn 0.1402 0.0895 0.9861
vn 0.1643 -0.0074 0.9864
vn 0.1603 0.0029 0.9871
vn 0.0729 0.0709 0.9948
vn 0.0015 0.0922 0.9957
vn -0.0809 0.0957 0.9921
vn -0.0920 -0.0533 0.9943
vn -0.1595 -0.1535 0.9752
vn -0.1078 -0.1016 0.9890
vn -0.1381 -0.0294 0.9900
vn -0.0978 -0.0249 0.9949
vn -0.1062 0.0242 0.9940
vn -0.1343 -0.0273 0.9906
vn -0.0806 -0.0522 0.9954
vn -0.0726 0.0143 0.9973
vn 0.0377 -0.0950 0.9948
vn 0.0921 -0.2769 0.9565
vn 0.0994 -0.3746 0.9219
vn 0.0503 -0.2712 0.9612
vn -0.0569 -0.0294 0.9979
vn -0.1164 0.0334 0.9926
vn -0.1393 0.0541 0.9888
vn -0.0670 0.0385 0.9970
vn -0.0790 0.0319 0.9964
vn -0.0848 0.0724 0.9938
vn -0.0277 0.0846 0.9960
vn 0.0034 0.0299 0.9995
vn 0.0768 0.0256 0.9967
vn 0.0222 0.1904 0.9815
vn -0.0005 0.3080 0.9514
vn 0.0016 0.2121 0.9772
vn 0.0029 0.1405 0.9901
vn 0.0862 0.1141 0.9897
vn 0.1058 0.1667 0.9803
vn 0.0598 0.2062 0.9767
vn 0.0247 0.2253 0.9740
vn 0.0708 0.1774 0.9816
vn 0.1258 0.0792 0.9889
vn 0.1223 0.0994 0.9875
vn 0.1404 0.0514 0.9888
vn 0.1583 -0.0153 0.9873
vn 0.1322 -0.0587 0.9895
vn 0.0578 -0.0083 0.9983
vn 0.0211 0.0552 0.9983
vn -0.0244 0.0072 0.9997
vn 0.0644 -0.0421 0.9970
vn 0.1380 -0.0757 0.9875
vn 0.1674 -0.0544 0.9844
vn 0.2397 0.0386 0.9701
vn 0.2257 0.0784 0.9710
vn 0.2171 0.0582 0.9744
vn 0.1648 -0.0024 0.9863
vn 0.1726 -0.0241 0.9847
vn 0.1235 0.0196 0.9921
vn 0.0470 0.0487 0.9977
vn 0.0610 0.0749 0.9953
vn 0.1392 0.1053 0.9846
vn 0.2130 0.1409 0.9668
vn 0.1333 0.0208 0.9909
vn 0.1310 0.0109 0.9913
vn 0.1144 0.0452 0.9924
vn 0.1066 0.1261 0.9863
vn 0.1262 0.2410 0.9623
vn 0.1176 0.2566 0.9593
vn 0.1357 0.1790 0.9744
vn 0.1267 0.0223 0.9917
vn 0.1189 -0.0392 0.9921
vn 0.1413 -0.1345 0.9808
vn 0.0891 -0.1037 0.9906
vn 0.0281 -0.0287 0.9992
vn 0.0764 0.0775 0.9941
vn 0.1164 0.1403 0.9832
vn 0.1420 0.1310 0.9812
vn 0.1473 0.0847 0.9855
vn 0.1304 -0.0657 0.9893
vn 0.0931 -0.1028 0.9903
vn 0.0857 -0.1441 0.9858
vn 0.1197 -0.0108 0.9928
vn 0.1070 0.1219 0.9868
vn 0.1279 0.1783 0.9756
vn 0.1563 0.1744 0.9722
vn 0.1593 0.0759 0.9843
vn 0.1079 -0.0364 0.9935
vn 0.0815 -0.0098 0.9966
vn 0.0855 0.0079 0.9963
vn 0.0321 0.0049 0.9995
vn -0.0504 0.0285 0.9983
vn -0.1463 -0.1142 0.9826
vn -0.1238 -0.1232 0.9846
vn -0.1356 -0.0967 0.9860
vn -0.0886 -0.0239 0.9958
vn -0.1156 0.0101 0.9932
vn -0.1463 -0.0273 0.9889
vn -0.1564 -0.0011 0.9877
vn -0.1306 0.0091 0.9914
vn -0.0718 0.0368 0.9967
vn -0.0411 0.0157 0.9990
vn 0.0130 -0.2465 0.9691
vn 0.0646 -0.3456 0.9361
vn 0.0447 -0.3844 0.9221
vn -0.0263 -0.1235 0.9920
vn -0.1323 -0.0383 0.9905
vn -0.2104 0.0329 0.9771
vn -0.2583 0.0627 0.9640
vn -0.2418 0.0006 0.9703
vn -0.2758 0.0906 0.9569
vn -0.1674 0.1967 0.9660
vn -0.0329 0.0903 0.9954
vn 0.0298 0.0897 0.9955
vn 0.0301 0.0856 0.9959
vn -0.1134 0.2686 0.9566
vn -0.1286 0.2387 0.9625
vn -0.0700 0.1623 0.9843
vn -0.0149 0.1957 0.9805
vn -0.0339 0.0816 0.9961
vn -0.0906 0.1983 0.9759
vn -0.1134 0.1842 0.9763
vn -0.1628 0.2111 0.9638
vn -0.0871 0.1681 0.9819
vn -0.0162 0.0796 0.9967
vn -0.0085 0.1028 0.9947
vn -0.0076 -0.0443 0.9990
vn -0.0471 -0.0916 0.9947
vn -0.0555 -0.0632 0.9965
vn -0.1442 -0.0062 0.9895
vn -0.1180 0.0337 0.9924
vn -0.0948 0.0478 0.9943
vn -0.0135 -0.0152 0.9998
vn 0.1410 0.0545 0.9885
vn 0.1926 0.0617 0.9793
vn 0.1690 0.0427 0.9847
vn 0.1021 0.0269 0.9944
vn 0.0942 -0.0523 0.9942
vn -0.0019 -0.0480 0.9988
vn -0.0069 -0.0428 0.9991
vn -0.0190 0.0254 0.9995
vn 0.0116 0.1539 0.9880
vn 0.0799 0.1670 0.9827
vn 0.1492 0.2090 0.9665
vn 0.0341 0.0575 0.9978
vn 0.0729 0.0080 0.9973
vn 0.0627 0.0254 0.9977
vn 0.0615 0.1411 0.9881
vn -0.0076 0.1975 0.9803
vn -0.0154 0.2752 0.9613
vn -0.0479 0.1772 0.9830
vn 0.0072 0.0798 0.9968
vn 0.0455 -0.0884 0.9951
vn 0.0150 -0.0898 0.9958
vn 0.0827 -0.1292 0.9882
vn 0.1141 -0.0263 0.9931
vn 0.0946 0.1058 0.9899
vn 0.0953 0.1571 0.9830
vn 0.0880 0.1326 0.9873
vn 0.0228 0.0011 0.9997
vn -0.0344 -0.0562 0.9978
vn -0.0681 -0.1709 0.9829
vn -0.0880 -0.0917 0.9919
vn -0.0113 0.0327 0.9994
vn 0.0545 0.1566 0.9862
vn 0.1045 0.2104 0.9720
vn 0.1087 0.1614 0.9809
vn 0.1054 0.0922 0.9901
vn 0.1116 -0.0750 0.9909
vn 0.0568 -0.0638 0.9963
vn -0.0143 -0.0178 0.9997
vn -0.0323 -0.0294 0.9990
vn -0.0707 -0.0672 0.9952
vn -0.0844 -0.1117 0.9902
vn -0.0718 -0.1256 0.9895
vn -0.0526 -0.0757 0.9957
vn -0.0686 -0.0330 0.9971
vn -0.1214 -0.0510 0.9913
vn -0.1264 -0.0212 0.9917
vn -0.1599 -0.0216 0.9869
vn -0.2105 -0.0011 0.9776
vn -0.2787 0.0626 0.9583
vn -0.2927 0.0204 0.9560
vn -0.2764 -0.1772 0.9446
vn -0.2539 -0.3453 0.9035
vn -0.2725 -0.3394 0.9003
vn -0.2294 -0.1944 0.9537
vn -0.2479 -0.0971 0.9639
vn -0.3015 -0.0650 0.9513
vn -0.3947 0.0057 0.9188
vn -0.3878 0.0535 0.9202
vn -0.2621 0.1202 0.9575
vn -0.2983 0.2589 0.9187
vn -0.2214 0.2232 0.9493
vn -0.1149 0.0931 0.9890
vn -0.1208 0.0757 0.9898
vn -0.1773 0.1066 0.9784
vn -0.3073 0.2462 0.9192
vn -0.2415 0.2468 0.9385
vn -0.1934 0.1887 0.9628
vn -0.1741 0.0882 0.9808
vn -0.2162 0.0889 0.9723
vn -0.2902 0.1877 0.9384
vn -0.2363 0.1978 0.9513
vn -0.2073 0.2328 0.9502
vn -0.1514 0.1491 0.9772
vn -0.1321 0.0736 0.9885
vn -0.2118 -0.0825 0.9738
vn -0.2344 -0.1056 0.9664
vn -0.2754 -0.1055 0.9555
vn -0.2951 -0.0439 0.9545
vn -0.2917 0.0981 0.9515
vn -0.1811 0.1227 0.9758
vn -0.0447 0.1149 0.9924
vn 0.0452 0.1758 0.9834
vn 0.0737 0.0245 0.9970
vn 0.0260 0.0063 0.9996
vn 0.0002 -0.0058 1.0000
vn -0.0641 -0.1135 0.9915
vn -0.0735 -0.0808 0.9940
vn -0.0689 -0.0196 0.9974
vn 0.0030 0.0773 0.9970
vn 0.0545 0.1569 0.9861
vn 0.0719 0.2641 0.9618
vn 0.1154 0.3125 0.9429
vn -0.0546 0.1165 0.9917
vn -0.0207 0.0724 0.9972
vn 0.0474 0.0254 0.9986
vn -0.0090 0.0720 0.9974
vn -0.0501 0.1679 0.9845
vn -0.1094 0.2328 0.9663
vn -0.1209 0.1714 0.9778
vn -0.1518 0.1007 0.9833
vn -0.1334 -0.0272 0.9907
vn -0.0376 -0.0739 0.9966
vn -0.0292 -0.0632 0.9976
vn 0.0170 -0.0085 0.9998
vn 0.0180 0.0740 0.9971
vn 0.0090 0.1681 0.9857
vn -0.0246 0.0618 0.9978
vn -0.0821 -0.0325 0.9961
vn -0.1258 -0.1273 0.9839
vn -0.1415 -0.1642 0.9762
vn -0.0766 -0.0467 0.9960
vn -0.0621 0.0979 0.9933
vn 0.0211 0.2119 0.9771
vn -0.0016 0.2108 0.9775
vn 0.0108 0.2017 0.9794
vn 0.0098 0.0217 0.9997
vn -0.0331 -0.0534 0.9980
vn -0.0324 -0.1287 0.9912
vn -0.0534 -0.0450 0.9976
vn -0.0883 -0.0557 0.9945
vn -0.0948 -0.0777 0.9925
vn -0.0707 -0.0943 0.9930
vn -0.0369 -0.0966 0.9946
vn -0.0171 -0.0761 0.9970
vn -0.0609 -0.0864 0.9944
vn -0.0477 -0.0491 0.9977
vn -0.1201 -0.0899 0.9887
vn -0.1923 -0.0832 0.9778
vn -0.2836 -0.0769 0.9558
vn -0.3800 -0.0588 0.9231
vn -0.4762 -0.0318 0.8787
vn -0.5507 -0.1996 0.8105
vn -0.5950 -0.3127 0.7404
vn -0.5581 -0.2086 0.8031
vn -0.4941 -0.0984 0.8638
vn -0.4282 -0.0962 0.8985
vn -0.4815 -0.1364 0.8658
vn -0.5014 -0.0296 0.8647
vn -0.4622 0.1253 0.8779
vn -0.4029 0.2028 0.8925
vn -0.3490 0.2082 0.9137
vn -0.3824 0.2891 0.8776
vn -0.3069 0.1776 0.9350
vn -0.2365 0.0383 0.9709
vn -0.3083 0.0280 0.9509
vn -0.3321 0.1622 0.9292
vn -0.3539 0.3123 0.8816
vn -0.3035 0.1969 0.9323
vn -0.3171 0.0895 0.9442
vn -0.2962 0.0616 0.9531
vn -0.2714 0.1397 0.9523
vn -0.2739 0.2888 0.9174
vn -0.1894 0.2520 0.9490
vn -0.2110 0.1621 0.9640
vn -0.2842 0.0117 0.9587
vn -0.3222 -0.1217 0.9388
vn -0.3344 -0.1297 0.9335
vn -0.3610 -0.1185 0.9250
vn -0.3243 0.0053 0.9459
vn -0.2750 0.1056 0.9556
vn -0.2420 0.2387 0.9405
vn -0.1508 0.2329 0.9607
vn -0.1079 0.1779 0.9781
vn -0.1153 0.0339 0.9927
vn -0.1041 -0.0170 0.9944
vn -0.1805 -0.0921 0.9792
vn -0.2005 -0.1019 0.9744
vn -0.1559 -0.0554 0.9862
vn -0.1080 0.0205 0.9939
vn -0.0530 0.1314 0.9899
vn -0.0168 0.2272 0.9737
vn 0.0168 0.2362 0.9716
vn -0.0360 0.3479 0.9368
vn -0.0136 0.1007 0.9948
vn 0.0089 0.0986 0.9951
vn -0.0099 0.0312 0.9995
vn 0.0081 0.0425 0.9991
vn -0.0239 0.1103 0.9936
vn -0.0853 0.1782 0.9803
vn -0.1382 0.1769 0.9745
vn -0.1294 0.0791 0.9884
vn -0.1038 0.0298 0.9942
vn -0.1194 -0.0364 0.9922
vn -0.0995 -0.0545 0.9935
vn -0.1153 0.0138 0.9932
vn -0.0907 0.0751 0.9930
vn -0.1305 0.1304 0.9828
vn -0.1536 0.0322 0.9876
vn -0.1357 -0.0667 0.9885
vn -0.1368 -0.1371 0.9811
vn -0.1036 -0.1235 0.9869
vn -0.0963 -0.0338 0.9948
vn -0.0648 0.1251 0.9900
vn -0.0735 0.2550 0.9641
vn -0.0196 0.1880 0.9820
vn -0.0824 0.1597 0.9837
vn -0.1374 0.0473 0.9894
vn -0.1270 -0.0991 0.9869
vn -0.1638 -0.1253 0.9785
vn -0.1648 -0.0686 0.9839
vn -0.1765 -0.0613 0.9824
vn -0.1373 -0.0464 0.9894
vn -0.0947 -0.0567 0.9939
vn -0.0772 -0.0728 0.9944
vn -0.0905 -0.0981 0.9910
vn -0.0619 -0.0639 0.9960
vn -0.1213 -0.1169 0.9857
vn -0.1865 -0.1582 0.9696
vn -0.2892 -0.1925 0.9377
vn -0.3984 -0.1872 0.8979
vn -0.4704 -0.1491 0.8698
vn -0.5713 -0.1971 0.7967
vn -0.6424 -0.3151 0.6986
vn -0.6724 -0.2764 0.6866
vn -0.6783 -0.0948 0.7287
vn -0.6317 0.0186 0.7750
vn -0.6213 -0.0868 0.7787
vn -0.6075 -0.1457 0.7808
vn -0.5916 0.0371 0.8054
vn -0.4849 0.2167 0.8473
vn -0.4357 0.2158 0.8738
vn -0.4625 0.2337 0.8553
vn -0.4315 0.2577 0.8645
vn -0.4518 0.2368 0.8601
vn -0.4655 0.0467 0.8838
vn -0.4494 0.0051 0.8933
vn -0.4119 0.1955 0.8900
vn -0.3593 0.2788 0.8906
vn -0.3984 0.2401 0.8853
vn -0.3553 0.0977 0.9296
vn -0.3094 0.1164 0.9438
vn -0.2352 0.2199 0.9468
vn -0.1457 0.2848 0.9474
vn -0.1883 0.3014 0.9347
vn -0.1875 0.0997 0.9772
vn -0.2808 -0.0815 0.9563
vn -0.3278 -0.1439 0.9337
vn -0.3728 -0.1659 0.9129
vn -0.3547 -0.1073 0.9288
vn -0.3404 0.0383 0.9395
vn -0.2847 0.2095 0.9355
vn -0.1977 0.2578 0.9458
vn -0.1961 0.2792 0.9400
vn -0.1848 0.1738 0.9673
vn -0.1767 0.0430 0.9833
vn -0.2354 -0.0796 0.9686
vn -0.2632 -0.1121 0.9582
vn -0.2475 -0.0632 0.9668
vn -0.2195 -0.0204 0.9754
vn -0.1490 0.1234 0.9811
vn -0.0705 0.1704 0.9828
vn -0.0472 0.2206 0.9742
vn -0.0645 0.2481 0.9666
vn -0.0430 0.2140 0.9759
vn -0.0793 0.2825 0.9560
vn 0.0013 0.1266 0.9920
vn 0.0728 0.0574 0.9957
vn 0.0853 0.0469 0.9953
vn 0.0807 0.0765 0.9938
vn 0.0490 0.1253 0.9909
vn -0.0123 0.1203 0.9927
vn -0.0925 0.0789 0.9926
vn -0.1442 0.0043 0.9895
vn -0.1323 -0.0373 0.9905
vn -0.1456 -0.0575 0.9877
vn -0.1521 -0.0028 0.9884
vn -0.1837 0.0887 0.9790
vn -0.1601 0.0946 0.9826
vn -0.1635 0.0600 0.9847
vn -0.1326 -0.0310 0.9907
vn -0.0791 -0.1091 0.9909
vn -0.0705 -0.1263 0.9895
vn -0.0384 0.0252 0.9989
vn -0.0042 0.1110 0.9938
vn 0.0143 0.2647 0.9642
vn -0.0155 0.2076 0.9781
vn -0.0251 0.0906 0.9956
vn -0.0531 -0.0001 0.9986
vn -0.1489 -0.1340 0.9797
vn -0.1685 -0.1327 0.9767
vn -0.1935 -0.0760 0.9782
vn -0.1455 -0.0326 0.9888
vn -0.1380 -0.0149 0.9903
vn -0.1271 -0.0316 0.9914
vn -0.1082 -0.0799 0.9909
vn -0.1007 -0.0756 0.9920
vn -0.1645 -0.1186 0.9792
vn -0.2319 -0.1780 0.9563
vn -0.3151 -0.2533 0.9146
vn -0.4099 -0.2896 0.8650
vn -0.4477 -0.2442 0.8602
vn -0.4657 -0.2371 0.8526
vn -0.5271 -0.3329 0.7819
vn -0.5595 -0.3968 0.7277
vn -0.5859 -0.3026 0.7518
vn -0.5407 -0.0555 0.8394
vn -0.5685 0.0133 0.8226
vn -0.5956 -0.0758 0.7997
vn -0.5256 -0.0328 0.8501
vn -0.3774 0.1766 0.9090
vn -0.3661 0.2641 0.8923
vn -0.4083 0.2355 0.8819
vn -0.3956 0.1904 0.8985
vn -0.4236 0.2767 0.8626
vn -0.4422 0.1980 0.8748
vn -0.4647 0.0633 0.8832
vn -0.4161 0.0835 0.9055
vn -0.3651 0.1814 0.9131
vn -0.3674 0.3213 0.8728
vn -0.3309 0.2261 0.9162
vn -0.3164 0.2064 0.9259
vn -0.1889 0.1963 0.9622
vn -0.1270 0.2794 0.9518
vn -0.1128 0.3409 0.9333
vn -0.1097 0.2242 0.9683
vn -0.2441 0.0495 0.9685
vn -0.2513 -0.1361 0.9583
vn -0.3090 -0.2092 0.9278
vn -0.2903 -0.1481 0.9454
vn -0.2637 -0.0607 0.9627
vn -0.2059 0.0980 0.9737
vn -0.1838 0.2019 0.9620
vn -0.2136 0.3130 0.9254
vn -0.1792 0.2647 0.9475
vn -0.1979 0.1780 0.9639
vn -0.2276 0.0172 0.9736
vn -0.2338 -0.1155 0.9654
vn -0.2243 -0.1086 0.9685
vn -0.2135 -0.0481 0.9757
vn -0.1795 0.0692 0.9813
vn -0.1400 0.1291 0.9817
vn -0.1336 0.2313 0.9637
vn -0.0866 0.2236 0.9708
vn -0.1040 0.2123 0.9717
vn -0.1810 0.2629 0.9477
vn 0.0745 0.3053 0.9493
vn 0.1030 0.2233 0.9693
vn 0.1570 0.0952 0.9830
vn 0.1893 0.0462 0.9808
vn 0.1924 0.0670 0.9790
vn 0.1714 0.0770 0.9822
vn 0.0872 0.0359 0.9955
vn 0.0141 -0.0039 0.9999
vn -0.0236 -0.0066 0.9997
vn -0.0659 -0.0613 0.9959
vn -0.0811 -0.0689 0.9943
vn -0.1058 -0.0358 0.9937
vn -0.1640 0.0473 0.9853
vn -0.1691 0.1517 0.9738
vn -0.0971 0.0678 0.9930
vn -0.0790 0.0096 0.9968
vn -0.0178 -0.0356 0.9992
vn 0.0195 -0.1281 0.9916
vn 0.0254 0.0516 0.9983
vn 0.0745 0.1756 0.9816
vn 0.0955 0.2419 0.9656
vn 0.0743 0.1486 0.9861
vn 0.0196 0.0755 0.9970
vn -0.0417 -0.0440 0.9982
vn -0.0415 -0.1953 0.9799
vn -0.1056 -0.1793 0.9781
vn -0.1126 -0.0434 0.9927
vn -0.0987 0.0098 0.9951
vn -0.0624 -0.0222 0.9978
vn -0.0561 -0.0172 0.9983
vn -0.0932 -0.0832 0.9922
vn -0.1440 -0.1407 0.9795
vn -0.2378 -0.2049 0.9494
vn -0.3200 -0.2569 0.9119
vn -0.3951 -0.3421 0.8526
vn -0.3993 -0.3074 0.8638
vn -0.3461 -0.2279 0.9101
vn -0.3111 -0.2793 0.9084
vn -0.2868 -0.4409 0.8505
vn -0.2441 -0.4378 0.8653
vn -0.1320 -0.2733 0.9528
vn -0.0774 -0.0057 0.9970
vn -0.1058 -0.0989 0.9895
vn -0.1753 -0.0668 0.9822
vn -0.0900 0.1070 0.9902
vn -0.0527 0.2731 0.9606
vn -0.0746 0.2019 0.9766
vn -0.2035 0.1928 0.9599
vn -0.2557 0.2414 0.9361
vn -0.2123 0.2405 0.9471
vn -0.2930 0.1853 0.9380
vn -0.3102 0.0687 0.9482
vn -0.2763 0.1509 0.9492
vn -0.2062 0.2470 0.9468
vn -0.1184 0.3735 0.9200
vn -0.1415 0.2650 0.9538
vn -0.0609 0.2853 0.9565
vn -0.0174 0.3158 0.9487
vn 0.0444 0.2799 0.9590
vn -0.0172 0.3150 0.9489
vn -0.0835 0.1802 0.9801
vn -0.0934 -0.0164 0.9955
vn -0.1733 -0.1870 0.9670
vn -0.1444 -0.1903 0.9710
vn -0.1147 -0.1171 0.9865
vn -0.0855 -0.0563 0.9947
vn -0.1125 0.0997 0.9886
vn -0.1382 0.2390 0.9611
vn -0.1176 0.2737 0.9546
vn -0.1540 0.2940 0.9433
vn -0.1290 0.1793 0.9753
vn -0.1209 0.0025 0.9927
vn -0.0933 -0.1012 0.9905
vn -0.1014 -0.1064 0.9891
vn -0.0693 -0.0220 0.9973
vn -0.1076 0.0192 0.9940
vn -0.1329 0.2053 0.9697
vn -0.0611 0.2265 0.9721
vn -0.0771 0.2497 0.9652
vn -0.0682 0.1808 0.9812
vn -0.0560 0.1272 0.9903
vn 0.1718 0.2773 0.9453
vn 0.2016 0.2427 0.9489
vn 0.2188 0.1395 0.9657
vn 0.2481 0.0755 0.9658
vn 0.2739 0.0614 0.9598
vn 0.2583 0.0321 0.9655
vn 0.1983 -0.0743 0.9773
vn 0.1055 -0.0457 0.9934
vn 0.0581 -0.0587 0.9966
vn 0.0228 -0.0938 0.9953
vn 0.0352 -0.0558 0.9978
vn -0.0040 -0.1114 0.9938
vn -0.0395 0.0329 0.9987
vn -0.0454 0.1651 0.9852
vn -0.0457 0.1318 0.9902
vn 0.0127 0.0188 0.9997
vn 0.0053 -0.0022 1.0000
vn 0.0735 -0.0490 0.9961
vn 0.1462 0.0557 0.9877
vn 0.1294 0.2027 0.9707
vn 0.1187 0.2304 0.9658
vn 0.1230 0.1617 0.9791
vn 0.1201 -0.0119 0.9927
vn 0.0558 -0.0982 0.9936
vn 0.0279 -0.1774 0.9838
vn 0.0381 -0.2299 0.9725
vn 0.0196 -0.0299 0.9994
vn -0.0137 -0.0287 0.9995
vn -0.0484 0.0328 0.9983
vn -0.0625 -0.0723 0.9954
vn -0.1065 -0.1334 0.9853
vn -0.1657 -0.2142 0.9626
vn -0.2392 -0.2911 0.9263
vn -0.2951 -0.3400 0.8930
vn -0.2544 -0.3364 0.9067
vn -0.1541 -0.2201 0.9632
vn -0.0364 -0.1742 0.9840
vn 0.0055 -0.2741 0.9617
vn 0.0867 -0.3911 0.9163
vn 0.1332 -0.3697 0.9196
vn 0.2566 -0.1715 0.9512
vn 0.3312 0.0230 0.9433
vn 0.3795 -0.0915 0.9207
vn 0.3601 -0.0883 0.9287
vn 0.3320 0.1255 0.9349
vn 0.2499 0.1808 0.9512
vn 0.1252 0.1321 0.9833
vn 0.0293 0.0686 0.9972
vn 0.0063 0.2521 0.9677
vn -0.0011 0.2457 0.9693
vn 0.0135 0.1402 0.9900
vn -0.0302 0.0938 0.9951
vn 0.0529 0.2120 0.9758
vn 0.1529 0.3656 0.9181
vn 0.1960 0.3560 0.9137
vn 0.1821 0.2959 0.9377
vn 0.1890 0.3031 0.9340
vn 0.1739 0.3067 0.9358
vn 0.1382 0.2868 0.9480
vn 0.1086 0.2080 0.9721
vn 0.0144 0.1573 0.9874
vn -0.0257 -0.0495 0.9984
vn -0.0128 -0.2131 0.9769
vn 0.0458 -0.1055 0.9934
vn 0.0924 -0.1325 0.9869
vn 0.1019 0.0032 0.9948
vn 0.1081 0.0200 0.9939
vn 0.0399 0.2010 0.9788
vn -0.0431 0.2700 0.9619
vn -0.0389 0.2828 0.9584
vn -0.0387 0.2064 0.9777
vn 0.0161 0.0468 0.9988
vn 0.0494 -0.0730 0.9961
vn 0.0800 -0.1228 0.9892
vn 0.0190 -0.0243 0.9995
vn 0.0293 0.0047 0.9996
vn 0.0352 0.1831 0.9825
vn -0.0066 0.2695 0.9630
vn 0.0286 0.2200 0.9751
vn 0.0038 0.2061 0.9785
vn -0.0071 0.1380 0.9904
vn 0.3084 0.3274 0.8931
vn 0.2824 0.2287 0.9316
vn 0.2677 0.1333 0.9542
vn 0.2806 0.1125 0.9532
vn 0.2871 0.0608 0.9560
vn 0.2449 -0.0259 0.9692
vn 0.2310 -0.0842 0.9693
vn 0.2096 -0.1439 0.9671
vn 0.1407 -0.0809 0.9867
vn 0.1573 -0.0985 0.9826
vn 0.1151 -0.0767 0.9904
vn 0.1381 -0.1111 0.9842
vn 0.1417 0.0060 0.9899
vn 0.0711 0.1135 0.9910
vn 0.0424 0.1526 0.9874
vn 0.0718 0.0841 0.9939
vn 0.1312 -0.0070 0.9913
vn 0.1269 0.0129 0.9918
vn 0.1269 0.0714 0.9893
vn 0.1258 0.1906 0.9736
vn 0.1272 0.2248 0.9661
vn 0.1036 0.1300 0.9861
vn 0.0959 0.0284 0.9950
vn 0.1416 -0.1419 0.9797
vn 0.1137 -0.1822 0.9767
vn 0.1501 -0.1949 0.9693
vn 0.1297 -0.1001 0.9865
vn 0.0858 -0.0320 0.9958
vn 0.0365 -0.0689 0.9970
vn -0.0698 -0.0929 0.9932
vn -0.0849 -0.1807 0.9799
vn -0.1445 -0.2878 0.9467
vn -0.1316 -0.3185 0.9387
vn -0.0900 -0.3157 0.9446
vn 0.0867 -0.2214 0.9713
vn 0.1569 -0.1581 0.9749
vn 0.1703 -0.0865 0.9816
vn 0.2038 -0.2125 0.9557
vn 0.2399 -0.3206 0.9163
vn 0.3436 -0.2885 0.8937
vn 0.4449 -0.0555 0.8939
vn 0.4344 0.0288 0.9003
vn 0.4168 -0.0770 0.9057
vn 0.4411 -0.0975 0.8922
vn 0.4183 0.0177 0.9081
vn 0.2926 0.0306 0.9558
vn 0.1613 0.0283 0.9865
vn 0.1495 0.0498 0.9875
vn 0.1390 0.2386 0.9611
vn 0.1560 0.2710 0.9498
vn 0.1551 0.1215 0.9804
vn 0.2213 0.1399 0.9651
vn 0.2996 0.3123 0.9015
vn 0.3033 0.3811 0.8733
vn 0.3026 0.3374 0.8914
vn 0.2711 0.2575 0.9275
vn 0.2350 0.2659 0.9349
vn 0.1897 0.2634 0.9458
vn 0.1365 0.2272 0.9642
vn 0.1164 0.1896 0.9749
vn 0.0843 0.0741 0.9937
vn 0.0260 -0.0626 0.9977
vn 0.0790 -0.1256 0.9889
vn 0.1328 -0.0853 0.9875
vn 0.1900 -0.0380 0.9811
vn 0.2301 -0.0582 0.9714
vn 0.1730 0.0320 0.9844
vn 0.1310 0.0978 0.9865
vn 0.0789 0.2245 0.9713
vn 0.0664 0.2933 0.9537
vn 0.1155 0.2605 0.9585
vn 0.1271 0.0542 0.9904
vn 0.1244 -0.0493 0.9910
vn 0.1413 -0.0853 0.9863
vn 0.1809 -0.0958 0.9788
vn 0.1462 0.0368 0.9886
vn 0.1153 0.1498 0.9820
vn 0.1128 0.2517 0.9612
vn 0.1091 0.2414 0.9643
vn 0.1173 0.1638 0.9795
vn 0.0547 0.0553 0.9970
vn 0.2925 0.2287 0.9285
vn 0.2882 0.1958 0.9373
vn 0.2838 0.1360 0.9492
vn 0.2660 0.0994 0.9588
vn 0.2546 0.0639 0.9649
vn 0.2621 -0.0481 0.9639
vn 0.1955 -0.1422 0.9703
vn 0.1582 -0.1394 0.9775
vn 0.1963 -0.1232 0.9728
vn 0.1786 -0.0623 0.9819
vn 0.2361 -0.1187 0.9644
vn 0.1883 -0.0919 0.9778
vn 0.1475 -0.0316 0.9886
vn 0.1553 0.0870 0.9840
vn 0.1300 0.1333 0.9825
vn 0.1123 0.0951 0.9891
vn 0.1100 0.0335 0.9934
vn 0.1511 0.0028 0.9885
vn 0.1474 0.0613 0.9872
vn 0.1657 0.2004 0.9656
vn 0.1304 0.2064 0.9697
vn 0.1045 0.1090 0.9885
vn 0.0584 -0.0096 0.9982
vn 0.0330 -0.0684 0.9971
vn 0.0977 -0.1942 0.9761
vn 0.0806 -0.1601 0.9838
vn 0.1034 -0.1412 0.9846
vn 0.0832 -0.0692 0.9941
vn 0.0099 -0.1573 0.9875
vn -0.0205 -0.1563 0.9875
vn -0.0492 -0.1957 0.9794
vn 0.0122 -0.2801 0.9599
vn 0.0386 -0.2818 0.9587
vn 0.1660 -0.1897 0.9677
vn 0.2273 -0.0902 0.9696
vn 0.2929 -0.1084 0.9500
vn 0.2561 -0.1731 0.9510
vn 0.1384 -0.1969 0.9706
vn 0.1685 -0.2640 0.9497
vn 0.2234 -0.2294 0.9473
vn 0.1842 -0.0682 0.9805
vn 0.1398 -0.0154 0.9901
vn 0.1314 -0.0622 0.9894
vn 0.2089 -0.0466 0.9768
vn 0.2547 -0.0292 0.9666
vn 0.2758 -0.0795 0.9579
vn 0.2340 -0.0496 0.9710
vn 0.1710 0.0655 0.9831
vn 0.1534 0.2270 0.9617
vn 0.1043 0.2663 0.9582
vn 0.0837 0.1466 0.9856
vn 0.1420 0.2485 0.9582
vn 0.2043 0.3392 0.9183
vn 0.2132 0.3848 0.8980
vn 0.1681 0.3087 0.9362
vn 0.1902 0.2515 0.9490
vn 0.1766 0.2306 0.9569
vn 0.1269 0.2094 0.9696
vn 0.1253 0.2264 0.9659
vn 0.0892 0.1531 0.9842
vn 0.0506 0.0419 0.9978
vn 0.0659 -0.0591 0.9961
vn 0.0726 -0.0779 0.9943
vn 0.0900 -0.0573 0.9943
vn 0.1364 0.0205 0.9904
vn 0.1738 -0.0260 0.9844
vn 0.2124 -0.0400 0.9764
vn 0.1761 0.0873 0.9805
vn 0.1646 0.2103 0.9637
vn 0.1611 0.2997 0.9403
vn 0.1238 0.2343 0.9642
vn 0.1115 0.0704 0.9913
vn 0.1407 -0.0347 0.9894
vn 0.1292 -0.1014 0.9864
vn 0.1090 -0.0451 0.9930
vn 0.1386 -0.0180 0.9902
vn 0.1521 0.1575 0.9757
vn 0.1494 0.2541 0.9556
vn 0.1436 0.2402 0.9600
vn 0.0830 0.1010 0.9914
vn 0.0484 0.0120 0.9988
vn 0.2696 0.2440 0.9316
vn 0.1968 0.1647 0.9665
vn 0.1778 0.1186 0.9769
vn 0.1788 0.0925 0.9795
vn 0.1472 0.0210 0.9889
vn 0.0696 -0.0853 0.9939
vn 0.0836 -0.1585 0.9838
vn 0.0980 -0.1395 0.9854
vn 0.1333 -0.0670 0.9888
vn 0.1992 -0.0587 0.9782
vn 0.1979 -0.0469 0.9791
vn 0.2597 -0.1460 0.9546
vn 0.2198 -0.0722 0.9729
vn 0.1353 0.0736 0.9881
vn 0.1157 0.0981 0.9884
vn 0.0966 0.0890 0.9913
vn 0.1124 0.0478 0.9925
vn 0.1171 0.0230 0.9929
vn 0.1721 0.1075 0.9792
vn 0.1531 0.1685 0.9737
vn 0.1067 0.1605 0.9812
vn 0.0712 0.0902 0.9934
vn 0.0264 -0.0583 0.9979
vn -0.0271 -0.1027 0.9943
vn -0.0845 -0.1723 0.9814
vn -0.0697 -0.1924 0.9788
vn -0.1077 -0.1188 0.9871
vn -0.1207 -0.1382 0.9830
vn -0.1150 -0.1351 0.9841
vn -0.0463 -0.1554 0.9868
vn 0.0137 -0.1475 0.9890
vn 0.0827 -0.2079 0.9746
vn 0.1609 -0.2121 0.9639
vn 0.1919 -0.0994 0.9764
vn 0.2145 -0.0816 0.9733
vn 0.1971 -0.1260 0.9722
vn 0.0727 -0.2897 0.9543
vn -0.0066 -0.2800 0.9600
vn -0.0359 -0.2157 0.9758
vn -0.0133 -0.2618 0.9650
vn -0.0287 -0.1131 0.9932
vn -0.0859 -0.0481 0.9951
vn -0.0700 -0.0380 0.9968
vn -0.0027 0.0601 0.9982
vn 0.0758 0.0053 0.9971
vn 0.1563 0.0319 0.9872
vn 0.2761 -0.0671 0.9588
vn 0.2361 -0.0325 0.9712
vn 0.0676 0.1444 0.9872
vn -0.1173 0.1693 0.9786
vn -0.0929 0.2214 0.9707
vn -0.0218 0.2837 0.9587
vn 0.0198 0.4114 0.9112
vn 0.0368 0.3672 0.9294
vn 0.0390 0.3100 0.9500
vn 0.0497 0.2846 0.9573
vn 0.0972 0.2219 0.9702
vn 0.0920 0.2052 0.9744
vn 0.0248 0.1559 0.9875
vn -0.0359 0.1443 0.9889
vn -0.0377 0.0084 0.9993
vn -0.0530 -0.0130 0.9985
vn -0.0102 -0.0947 0.9955
vn 0.0207 -0.0024 0.9998
vn 0.0638 0.0488 0.9968
vn 0.0630 -0.0131 0.9979
vn 0.0625 -0.0025 0.9980
vn 0.1394 0.0824 0.9868
vn 0.1497 0.2106 0.9661
vn 0.1030 0.2671 0.9581
vn 0.0290 0.1874 0.9818
vn 0.0109 0.0683 0.9976
vn 0.0035 -0.0138 0.9999
vn 0.0115 -0.1351 0.9908
vn 0.0256 -0.0358 0.9990
vn 0.0695 0.0484 0.9964
vn 0.1012 0.1663 0.9809
vn 0.0450 0.2059 0.9775
vn 0.0004 0.2216 0.9751
vn -0.0354 0.0454 0.9983
vn -0.0512 0.0375 0.9980
vn 0.0253 0.1545 0.9877
vn 0.0048 0.1002 0.9950
vn 0.0020 0.1603 0.9871
vn 0.0205 0.0513 0.9985
vn -0.0176 0.0040 0.9998
vn -0.0007 -0.1337 0.9910
vn -0.0159 -0.1112 0.9937
vn 0.0524 -0.1178 0.9917
vn 0.1052 0.0064 0.9944
vn 0.1568 -0.0199 0.9874
vn 0.1767 -0.0682 0.9819
vn 0.1347 -0.0923 0.9866
vn 0.1691 -0.1291 0.9771
vn 0.1445 0.0077 0.9895
vn 0.0762 0.0707 0.9946
vn 0.0451 0.0827 0.9956
vn 0.0515 0.0573 0.9970
vn 0.0431 0.0314 0.9986
vn 0.0447 0.1434 0.9887
vn 0.0172 0.0989 0.9949
vn -0.0616 0.1222 0.9906
vn -0.1456 0.0130 0.9893
vn -0.1878 -0.0957 0.9775
vn -0.2247 -0.1595 0.9613
vn -0.2541 -0.1891 0.9485
vn -0.2629 -0.1841 0.9471
vn -0.2501 -0.1381 0.9583
vn -0.2563 -0.1208 0.9590
vn -0.1999 -0.0708 0.9773
vn -0.1155 -0.0400 0.9925
vn 0.0607 -0.0415 0.9973
vn 0.1222 -0.1664 0.9785
vn 0.1451 -0.1699 0.9747
vn 0.1325 -0.1475 0.9801
vn 0.0664 -0.0967 0.9931
vn -0.0748 -0.2631 0.9619
vn -0.1654 -0.3465 0.9234
vn -0.1919 -0.2938 0.9364
vn -0.1852 -0.2294 0.9556
vn -0.1467 -0.2069 0.9673
vn -0.0907 -0.1623 0.9826
vn -0.1222 -0.0458 0.9914
vn -0.1133 0.0147 0.9934
vn -0.1372 0.0802 0.9873
vn -0.0724 0.1567 0.9850
vn 0.1082 0.1161 0.9873
vn 0.1691 0.0249 0.9853
vn 0.2228 -0.1333 0.9657
vn 0.1177 -0.0522 0.9917
vn 0.0219 0.0727 0.9971
vn -0.0469 0.2503 0.9670
vn -0.0500 0.3181 0.9467
vn -0.0796 0.3828 0.9204
vn -0.1096 0.4111 0.9050
vn -0.0281 0.3451 0.9382
vn -0.0020 0.2914 0.9566
vn 0.0007 0.2641 0.9645
vn -0.0530 0.1042 0.9931
vn -0.1220 0.1287 0.9841
vn -0.1551 0.0810 0.9846
vn -0.2125 0.0209 0.9769
vn -0.1755 -0.0210 0.9843
vn -0.1430 -0.0122 0.9896
vn -0.0603 0.0070 0.9982
vn -0.1255 0.0516 0.9907
vn -0.0724 0.0235 0.9971
vn 0.0056 0.0313 0.9995
vn 0.0404 0.1686 0.9848
vn 0.0672 0.1672 0.9836
vn -0.0397 0.1874 0.9815
vn -0.0574 0.1636 0.9849
vn -0.0916 0.0550 0.9943
vn -0.1216 -0.0518 0.9912
vn -0.0996 -0.0696 0.9926
vn -0.0303 0.0122 0.9995
vn -0.0008 0.0544 0.9985
vn -0.0209 0.1637 0.9863
vn -0.0083 0.1563 0.9877
vn -0.1491 0.1260 0.9808
vn -0.2344 0.0090 0.9721
vn -0.2711 -0.0983 0.9575
vn -0.2262 0.1665 0.9597
vn -0.1819 0.1324 0.9744
vn -0.1745 0.1303 0.9760
vn -0.1628 0.0975 0.9818
vn -0.0993 -0.0220 0.9948
vn -0.1095 -0.0896 0.9899
vn -0.0665 -0.1197 0.9906
vn -0.0553 -0.0361 0.9978
vn 0.0070 0.0424 0.9991
vn 0.0420 0.0337 0.9985
vn 0.0308 -0.0922 0.9953
vn 0.0218 -0.1313 0.9911
vn -0.0157 -0.1084 0.9940
vn -0.0250 -0.0384 0.9990
vn -0.0608 0.0270 0.9978
vn -0.0328 0.0992 0.9945
vn -0.0784 0.0187 0.9967
vn -0.0690 0.0575 0.9960
vn -0.1314 0.0549 0.9898
vn -0.2039 0.0760 0.9760
vn -0.2491 0.0079 0.9684
vn -0.3180 -0.0380 0.9473
vn -0.3548 -0.1274 0.9262
vn -0.3703 -0.1751 0.9123
vn -0.3482 -0.1773 0.9205
vn -0.3114 -0.1496 0.9384
vn -0.2855 -0.1300 0.9495
vn -0.2722 -0.0874 0.9583
vn -0.2391 0.0037 0.9710
vn -0.1565 0.0738 0.9849
vn -0.1301 0.0608 0.9896
vn -0.0431 -0.1000 0.9941
vn 0.0467 -0.1707 0.9842
vn 0.0260 -0.1854 0.9823
vn -0.0917 -0.2564 0.9622
vn -0.2037 -0.3526 0.9134
vn -0.2047 -0.3607 0.9099
vn -0.2056 -0.2837 0.9366
vn -0.2127 -0.1845 0.9595
vn -0.1295 -0.1117 0.9853
vn -0.0733 -0.1306 0.9887
vn -0.0143 -0.0832 0.9964
vn -0.1144 -0.0354 0.9928
vn -0.1101 0.0676 0.9916
vn -0.1127 0.2131 0.9705
vn -0.0730 0.2662 0.9611
vn 0.0499 0.0763 0.9958
vn 0.0780 -0.0998 0.9919
vn 0.1321 -0.1068 0.9855
vn 0.1317 0.0381 0.9906
vn 0.1200 0.1816 0.9760
vn 0.0032 0.2619 0.9651
vn -0.0717 0.3581 0.9309
vn -0.0870 0.3777 0.9218
vn -0.1309 0.4114 0.9020
vn -0.0774 0.2908 0.9536
vn -0.1452 0.2153 0.9657
vn -0.1729 0.0549 0.9834
vn -0.2227 0.0633 0.9728
vn -0.3040 0.0153 0.9525
vn -0.3289 0.0017 0.9444
vn -0.2920 0.0641 0.9543
vn -0.1994 0.0410 0.9791
vn -0.1972 0.0314 0.9799
vn -0.1606 0.0080 0.9870
vn -0.2008 0.0881 0.9757
vn -0.1262 0.1181 0.9850
vn -0.0694 0.1557 0.9854
vn -0.0891 0.1715 0.9812
vn -0.0869 0.1041 0.9908
vn -0.1908 0.1234 0.9739
vn -0.2227 0.0289 0.9745
vn -0.1905 -0.0287 0.9813
vn -0.1598 -0.0355 0.9865
vn -0.1694 0.0335 0.9850
vn -0.0997 0.1189 0.9879
vn -0.0599 0.1252 0.9903
vn -0.1362 0.1256 0.9827
vn -0.1544 -0.0038 0.9880
vn -0.2317 -0.0278 0.9724
vn -0.2416 -0.0201 0.9702
vn -0.2394 0.0508 0.9696
vn -0.3049 0.1362 0.9426
vn -0.2868 0.1460 0.9468
vn -0.2645 0.1212 0.9568
vn -0.2335 0.0566 0.9707
vn -0.1341 -0.0764 0.9880
vn -0.1035 -0.0588 0.9929
vn -0.0430 -0.0129 0.9990
vn -0.0773 0.0378 0.9963
vn -0.1454 0.0075 0.9893
vn -0.1454 -0.0886 0.9854
vn -0.1636 -0.1484 0.9753
vn -0.1790 -0.1280 0.9755
vn -0.1894 -0.0452 0.9809
vn -0.1582 0.0296 0.9870
vn -0.1987 0.0905 0.9759
vn -0.1771 -0.0153 0.9841
vn -0.2167 0.0399 0.9754
vn -0.2711 -0.0444 0.9615
vn -0.3414 0.0066 0.9399
vn -0.4190 -0.0440 0.9069
vn -0.4402 -0.0842 0.8939
vn -0.4431 -0.1321 0.8867
vn -0.3771 -0.1260 0.9176
vn -0.3042 -0.1225 0.9447
vn -0.2361 -0.0946 0.9671
vn -0.1859 -0.1087 0.9765
vn -0.1658 -0.0785 0.9830
vn -0.2214 -0.0015 0.9752
vn -0.2583 0.1226 0.9583
vn -0.2176 0.0824 0.9725
vn -0.1637 0.0037 0.9865
vn -0.1186 -0.1250 0.9850
vn -0.1199 -0.2497 0.9609
vn -0.1886 -0.3544 0.9159
vn -0.1661 -0.3488 0.9224
vn -0.1468 -0.3554 0.9231
vn -0.0987 -0.2905 0.9518
vn -0.1147 -0.1618 0.9801
vn -0.1295 -0.0644 0.9895
vn -0.0687 -0.0407 0.9968
vn 0.0132 -0.0497 0.9987
vn 0.1019 -0.0892 0.9908
vn 0.0563 0.0903 0.9943
vn 0.0888 0.1803 0.9796
vn -0.0234 0.2637 0.9643
vn -0.0720 0.1488 0.9862
vn 0.0096 -0.0517 0.9986
vn 0.0666 -0.0370 0.9971
vn 0.1476 0.0830 0.9856
vn 0.1677 0.1482 0.9746
vn 0.1176 0.1301 0.9845
vn -0.0128 0.2885 0.9574
vn -0.0630 0.3759 0.9245
vn -0.0750 0.3551 0.9318
vn -0.1815 0.3065 0.9344
vn -0.1936 0.1290 0.9726
vn -0.2572 0.0435 0.9654
vn -0.2817 -0.0197 0.9593
vn -0.3392 -0.0283 0.9403
vn -0.3044 0.0587 0.9507
vn -0.2498 0.1018 0.9629
vn -0.2243 0.1062 0.9687
vn -0.1747 0.0295 0.9842
vn -0.1954 0.0428 0.9798
vn -0.1523 0.0573 0.9867
vn -0.1801 0.1796 0.9671
vn -0.1378 0.1899 0.9721
vn -0.1262 0.1261 0.9840
vn -0.1776 0.1031 0.9787
vn -0.1586 0.0537 0.9859
vn -0.1762 0.0433 0.9834
vn -0.1594 -0.0040 0.9872
vn -0.1499 -0.0262 0.9884
vn -0.0907 0.0954 0.9913
vn -0.0883 0.1270 0.9880
vn -0.0967 0.1285 0.9870
vn -0.0802 0.0691 0.9944
vn -0.1722 -0.0447 0.9841
vn -0.2029 -0.1020 0.9739
vn -0.2436 -0.1401 0.9597
vn -0.2360 0.0939 0.9672
vn -0.2017 0.0775 0.9764
vn -0.2508 0.1668 0.9536
vn -0.2387 0.1530 0.9590
vn -0.2119 0.0973 0.9724
vn -0.1892 0.0344 0.9813
vn -0.1128 -0.0554 0.9921
vn -0.1284 0.0191 0.9915
vn -0.1577 -0.0451 0.9865
vn -0.2094 -0.0263 0.9775
vn -0.2887 -0.1249 0.9492
vn -0.3380 -0.1670 0.9262
vn -0.3454 -0.1348 0.9287
vn -0.3580 -0.0206 0.9335
vn -0.3113 0.0663 0.9480
vn -0.2643 0.0465 0.9633
vn -0.2827 0.0257 0.9589
vn -0.2857 -0.0528 0.9569
vn -0.3020 -0.0673 0.9509
vn -0.3543 -0.0860 0.9312
vn -0.3810 -0.0749 0.9216
vn -0.4077 -0.0933 0.9083
vn -0.3400 -0.0490 0.9391
vn -0.2525 -0.0150 0.9675
vn -0.1250 -0.0474 0.9910
vn -0.0593 -0.0440 0.9973
vn -0.0042 -0.0412 0.9991
vn -0.0231 -0.1376 0.9902
vn -0.0572 -0.0599 0.9966
vn -0.1375 0.0434 0.9896
vn -0.2276 0.1144 0.9670
vn -0.2316 0.0209 0.9726
vn -0.1954 -0.0958 0.9760
vn -0.1831 -0.2592 0.9483
vn -0.1377 -0.3212 0.9369
vn -0.1251 -0.3317 0.9351
vn -0.0511 -0.2938 0.9545
vn -0.0308 -0.2871 0.9574
vn 0.0002 -0.1830 0.9831
vn -0.0106 -0.0767 0.9970
vn -0.0147 -0.0041 0.9999
vn 0.0286 0.0677 0.9973
vn 0.1308 0.0029 0.9914
vn 0.2151 0.0894 0.9725
vn 0.1533 0.1479 0.9770
vn 0.1050 0.1212 0.9871
vn 0.0384 0.1604 0.9863
vn 0.0660 0.0156 0.9977
vn 0.1692 0.0439 0.9846
vn 0.2083 0.1185 0.9709
vn 0.1855 0.1122 0.9762
vn 0.1466 0.1047 0.9836
vn 0.1350 0.1876 0.9729
vn 0.0701 0.3653 0.9282
vn 0.0091 0.2871 0.9579
vn -0.0796 0.1951 0.9775
vn -0.1998 0.1217 0.9722
vn -0.1890 0.0138 0.9819
vn -0.2375 -0.0401 0.9706
vn -0.2020 -0.0287 0.9790
vn -0.2006 0.0799 0.9764
vn -0.1729 0.1591 0.9720
vn -0.1292 0.1328 0.9827
vn -0.1126 0.0640 0.9916
vn -0.0864 0.0098 0.9962
vn -0.1317 0.1051 0.9857
vn -0.0945 0.1327 0.9866
vn -0.1631 0.2112 0.9637
vn -0.1437 0.1330 0.9806
vn -0.1159 0.0734 0.9905
vn -0.1118 0.1043 0.9882
vn -0.0376 0.0475 0.9982
vn -0.0282 0.0255 0.9993
vn 0.0304 -0.0057 0.9995
vn -0.0121 0.1012 0.9948
vn -0.0262 0.1003 0.9946
vn -0.0848 0.1168 0.9895
vn -0.1463 0.0373 0.9885
vn -0.1249 -0.0724 0.9895
vn -0.1461 -0.1194 0.9820
vn -0.1525 -0.1265 0.9802
vn -0.0457 0.1559 0.9867
vn -0.0741 0.1089 0.9913
vn -0.0674 0.1174 0.9908
vn -0.1254 0.1703 0.9774
vn -0.1298 0.1101 0.9854
vn -0.1105 0.0578 0.9922
vn -0.1548 -0.0326 0.9874
vn -0.1766 -0.0560 0.9827
vn -0.2432 -0.0789 0.9668
vn -0.3077 -0.1270 0.9430
vn -0.3577 -0.1844 0.9155
vn -0.3733 -0.1785 0.9104
vn -0.3575 -0.1060 0.9279
vn -0.3107 0.0008 0.9505
vn -0.3226 0.0862 0.9426
vn -0.2913 0.1256 0.9484
vn -0.1937 0.0179 0.9809
vn -0.1694 -0.0269 0.9852
vn -0.1227 -0.0617 0.9905
vn -0.1307 -0.1737 0.9761
vn -0.1618 -0.0682 0.9845
vn -0.1161 -0.0785 0.9901
vn -0.1088 0.0123 0.9940
vn -0.0554 0.0939 0.9940
vn 0.0317 0.0808 0.9962
vn 0.1390 0.0307 0.9898
vn 0.1295 -0.0906 0.9874
vn 0.1110 -0.1237 0.9861
vn 0.1132 -0.1143 0.9870
vn 0.0513 -0.0349 0.9981
vn -0.0014 0.0371 0.9993
vn -0.0629 0.0315 0.9975
vn -0.0657 -0.0792 0.9947
vn -0.0544 -0.2769 0.9594
vn -0.0176 -0.2637 0.9644
vn 0.0128 -0.3282 0.9445
vn 0.0375 -0.2126 0.9764
vn 0.1029 -0.2785 0.9549
vn 0.1286 -0.1317 0.9829
vn 0.1826 -0.0771 0.9802
vn 0.2279 0.0375 0.9730
vn 0.2777 0.0908 0.9564
vn 0.2380 0.0409 0.9704
vn 0.1884 0.0840 0.9785
vn 0.1490 0.0727 0.9862
vn 0.1049 0.1317 0.9857
vn 0.1465 0.1456 0.9784
vn 0.2325 0.1158 0.9657
vn 0.3009 0.1009 0.9483
vn 0.3159 0.1039 0.9431
vn 0.2671 0.0579 0.9619
vn 0.2590 0.0912 0.9616
vn 0.2450 0.1847 0.9517
vn 0.1753 0.2532 0.9514
vn 0.0748 0.2530 0.9646
vn 0.0278 0.0885 0.9957
vn -0.0264 0.0743 0.9969
vn -0.1308 -0.0473 0.9903
vn -0.1607 -0.0710 0.9844
vn -0.1733 0.0248 0.9846
vn -0.1096 0.1196 0.9868
vn -0.0620 0.1837 0.9810
vn -0.0539 0.1632 0.9851
vn -0.0374 0.0800 0.9961
vn -0.0566 0.0054 0.9984
vn -0.0131 0.0940 0.9955
vn -0.0428 0.1408 0.9891
vn -0.0239 0.1416 0.9896
vn -0.0510 0.1947 0.9795
vn -0.0298 0.0881 0.9957
vn 0.0457 0.1780 0.9830
vn 0.0959 0.0926 0.9911
vn 0.1467 0.0438 0.9882
vn 0.1223 0.0199 0.9923
vn 0.1133 0.0162 0.9934
vn 0.0162 0.0885 0.9959
vn 0.0004 0.0370 0.9993
vn -0.0377 0.0300 0.9988
vn -0.0665 -0.0861 0.9941
vn -0.0780 -0.1384 0.9873
vn -0.0765 -0.1145 0.9905
vn 0.0586 0.0490 0.9971
vn 0.0777 0.0756 0.9941
vn 0.0484 0.1196 0.9916
vn 0.0142 0.0862 0.9962
vn -0.0826 0.0998 0.9916
vn -0.1486 0.0188 0.9887
vn -0.1499 -0.0598 0.9869
vn -0.1962 -0.1019 0.9753
vn -0.2186 -0.1330 0.9667
vn -0.2580 -0.1918 0.9469
vn -0.2271 -0.1900 0.9552
vn -0.2008 -0.1780 0.9633
vn -0.1702 -0.0899 0.9813
vn -0.2027 0.0076 0.9792
vn -0.1676 0.1201 0.9785
vn -0.1402 0.1760 0.9743
vn -0.1309 0.1164 0.9845
vn -0.0009 0.0253 0.9997
vn 0.0504 -0.0159 0.9986
vn 0.1551 -0.1237 0.9801
vn 0.1599 -0.1111 0.9809
vn 0.1304 -0.0430 0.9905
vn 0.1797 0.0488 0.9825
vn 0.2004 0.1136 0.9731
vn 0.1741 0.1020 0.9794
vn 0.1519 0.0766 0.9854
vn 0.1821 -0.0803 0.9800
vn 0.1989 -0.1313 0.9712
vn 0.2013 -0.1080 0.9736
vn 0.2064 -0.0982 0.9735
vn 0.1273 -0.0110 0.9918
vn 0.0872 -0.0311 0.9957
vn 0.0419 -0.0682 0.9968
vn 0.1223 -0.2034 0.9714
vn 0.1566 -0.2602 0.9528
vn 0.2092 -0.2684 0.9403
vn 0.2114 -0.2155 0.9533
vn 0.2531 -0.1696 0.9525
vn 0.3360 -0.1072 0.9357
vn 0.3867 0.0281 0.9218
vn 0.4388 0.0781 0.8952
vn 0.4388 0.0660 0.8962
vn 0.4444 -0.0194 0.8956
vn 0.3307 -0.0481 0.9425
vn 0.2262 0.0425 0.9732
vn 0.2115 0.1243 0.9694
vn 0.2513 0.2314 0.9399
vn 0.2802 0.1806 0.9428
vn 0.3344 0.1406 0.9319
vn 0.3318 0.0667 0.9410
vn 0.3218 0.0403 0.9460
vn 0.3053 0.0770 0.9491
vn 0.2949 0.1392 0.9453
vn 0.2553 0.1854 0.9489
vn 0.1844 0.1553 0.9705
vn 0.0812 0.0352 0.9961
vn 0.0400 0.0152 0.9991
vn -0.0177 -0.1348 0.9907
vn -0.0504 -0.0414 0.9979
vn -0.0263 -0.0085 0.9996
vn 0.0168 0.2151 0.9764
vn 0.0497 0.1705 0.9841
vn 0.0475 0.2070 0.9772
vn 0.0274 0.0308 0.9991
vn 0.0478 0.0610 0.9970
vn 0.0524 0.0733 0.9959
vn 0.0634 0.1493 0.9868
vn 0.1167 0.1918 0.9745
vn 0.1493 0.1614 0.9755
vn 0.1983 0.1769 0.9640
vn 0.2533 0.2001 0.9465
vn 0.2890 0.1583 0.9441
vn 0.3286 0.0463 0.9433
vn 0.2807 -0.0525 0.9584
vn 0.1976 -0.0226 0.9800
vn 0.1552 0.0015 0.9879
vn 0.0856 0.0173 0.9962
vn 0.0775 0.0005 0.9970
vn 0.0517 -0.1202 0.9914
vn 0.0538 -0.1140 0.9920
vn 0.0470 -0.2530 0.9663
vn 0.2062 0.1215 0.9709
vn 0.1469 0.0597 0.9874
vn 0.0995 0.0511 0.9937
vn 0.0359 0.0506 0.9981
vn 0.0194 -0.0011 0.9998
vn -0.0600 -0.0146 0.9981
vn -0.1096 -0.0965 0.9893
vn -0.1333 -0.1266 0.9829
vn -0.1418 -0.1496 0.9785
vn -0.0759 -0.1504 0.9857
vn -0.0092 -0.1325 0.9911
vn 0.0929 -0.1341 0.9866
vn 0.0866 -0.1040 0.9908
vn 0.0821 -0.0106 0.9966
vn 0.0523 0.1544 0.9866
vn 0.0271 0.1446 0.9891
vn 0.0583 0.2026 0.9775
vn 0.1104 0.1299 0.9854
vn 0.1918 0.0224 0.9812
vn 0.2382 -0.0174 0.9710
vn 0.3253 -0.0848 0.9418
vn 0.3647 -0.0577 0.9294
vn 0.3104 0.0614 0.9486
vn 0.2873 0.0682 0.9554
vn 0.2488 0.0740 0.9657
vn 0.1895 -0.0008 0.9819
vn 0.1374 -0.0317 0.9900
vn 0.2220 -0.0937 0.9705
vn 0.2473 -0.0966 0.9641
vn 0.2518 -0.0937 0.9632
vn 0.2459 -0.0967 0.9645
vn 0.1827 -0.0291 0.9827
vn 0.2192 -0.0845 0.9720
vn 0.2159 -0.1132 0.9698
vn 0.3084 -0.1980 0.9304
vn 0.3553 -0.2111 0.9106
vn 0.3948 -0.1986 0.8970
vn 0.3902 -0.1291 0.9116
vn 0.3920 -0.0314 0.9194
vn 0.4515 0.0723 0.8894
vn 0.4543 0.1059 0.8845
vn 0.4671 0.0670 0.8817
vn 0.4373 -0.0819 0.8956
vn 0.4573 -0.0995 0.8837
vn 0.4343 -0.0488 0.8994
vn 0.3695 0.1397 0.9187
vn 0.3166 0.1903 0.9293
vn 0.2828 0.2098 0.9360
vn 0.2656 0.1531 0.9519
vn 0.2613 0.0649 0.9631
vn 0.2571 0.0276 0.9660
vn 0.2580 0.0766 0.9631
vn 0.2667 0.1365 0.9541
vn 0.2691 0.1360 0.9535
vn 0.2259 0.0860 0.9703
vn 0.2131 -0.0206 0.9768
vn 0.1004 -0.0687 0.9926
vn 0.1050 -0.1115 0.9882
vn 0.1460 -0.0795 0.9861
vn 0.1698 0.0881 0.9815
vn 0.1947 0.1988 0.9605
vn 0.1765 0.1966 0.9645
vn 0.1556 0.1328 0.9788
vn 0.0870 0.0432 0.9953
vn 0.1082 0.0682 0.9918
vn 0.1502 0.1160 0.9818
vn 0.2232 0.2001 0.9540
vn 0.2636 0.2238 0.9383
vn 0.3456 0.2264 0.9107
vn 0.3578 0.1989 0.9124
vn 0.3655 0.2155 0.9056
vn 0.3627 0.1421 0.9210
vn 0.2940 0.0149 0.9557
vn 0.2933 -0.0708 0.9534
vn 0.2801 -0.1066 0.9540
vn 0.2210 -0.0381 0.9745
vn 0.1905 -0.0144 0.9816
vn 0.1780 -0.0111 0.9840
vn 0.2034 -0.1022 0.9737
vn 0.1790 -0.1511 0.9722
vn 0.1384 -0.1184 0.9833
vn 0.1299 0.0139 0.9914
vn 0.0882 -0.0339 0.9955
vn 0.0293 0.0314 0.9991
vn 0.0262 0.0046 0.9996
vn -0.0253 -0.0229 0.9994
vn -0.0154 -0.0819 0.9965
vn -0.0625 -0.1197 0.9908
vn -0.0154 -0.1056 0.9943
vn -0.0008 -0.1268 0.9919
vn 0.0946 -0.0356 0.9949
vn 0.1536 -0.0879 0.9842
vn 0.1769 -0.0528 0.9828
vn 0.2462 -0.1117 0.9628
vn 0.2111 -0.0502 0.9762
vn 0.1308 0.0916 0.9872
vn 0.1117 0.1609 0.9806
vn 0.0805 0.1922 0.9780
vn 0.0808 0.1740 0.9814
vn 0.1389 0.1307 0.9816
vn 0.2204 0.0280 0.9750
vn 0.2570 -0.0058 0.9664
vn 0.3110 -0.0349 0.9498
vn 0.3525 0.0039 0.9358
vn 0.2753 0.0154 0.9612
vn 0.2151 -0.0077 0.9766
vn 0.2126 0.0113 0.9771
vn 0.2371 -0.0617 0.9695
vn 0.2044 -0.0181 0.9787
vn 0.2629 -0.0854 0.9610
vn 0.2555 -0.1007 0.9615
vn 0.2431 -0.1040 0.9644
vn 0.2443 -0.0735 0.9669
vn 0.2163 -0.0152 0.9762
vn 0.2873 -0.0991 0.9527
vn 0.2982 -0.0971 0.9496
vn 0.3680 -0.1593 0.9161
vn 0.3957 -0.1758 0.9014
vn 0.3973 -0.1541 0.9047
vn 0.4119 -0.0280 0.9108
vn 0.3550 0.0666 0.9325
vn 0.3388 0.0936 0.9362
vn 0.2878 0.0848 0.9539
vn 0.3548 -0.0206 0.9347
vn 0.4242 -0.0678 0.9030
vn 0.4631 -0.0516 0.8848
vn 0.4803 0.0302 0.8766
vn 0.3784 0.1107 0.9190
vn 0.3004 0.1444 0.9428
vn 0.2379 0.1196 0.9639
vn 0.2274 0.0672 0.9715
vn 0.2243 0.0314 0.9740
vn 0.2373 0.0921 0.9671
vn 0.2266 0.1497 0.9624
vn 0.2227 0.1296 0.9662
vn 0.2097 0.0420 0.9769
vn 0.1590 -0.0429 0.9863
vn 0.1896 -0.1354 0.9725
vn 0.1628 -0.0628 0.9847
vn 0.1998 -0.0162 0.9797
vn 0.2747 0.1075 0.9555
vn 0.2692 0.1896 0.9442
vn 0.2599 0.1789 0.9489
vn 0.1992 0.0515 0.9786
vn 0.1986 0.0438 0.9791
vn 0.2107 0.1008 0.9723
vn 0.2506 0.1779 0.9516
vn 0.2956 0.2486 0.9224
vn 0.3538 0.2975 0.8867
vn 0.3646 0.2286 0.9027
vn 0.3720 0.2017 0.9061
vn 0.3371 0.1982 0.9204
vn 0.3115 0.1110 0.9437
vn 0.3212 -0.0270 0.9466
vn 0.2561 -0.1121 0.9601
vn 0.2280 -0.1073 0.9677
vn 0.2570 -0.0731 0.9636
vn 0.2835 -0.0055 0.9589
vn 0.2927 -0.0128 0.9561
vn 0.2653 -0.0975 0.9592
vn 0.2557 -0.1643 0.9527
vn 0.2816 -0.2062 0.9371
vn -0.0035 0.0495 0.9988
vn -0.0138 -0.0733 0.9972
vn -0.0344 0.0009 0.9994
vn -0.0388 -0.0019 0.9992
vn -0.0299 -0.0174 0.9994
vn -0.0527 -0.1025 0.9933
vn -0.0358 -0.1093 0.9934
vn -0.0610 -0.0904 0.9940
vn 0.0096 -0.0673 0.9977
vn 0.0179 0.0230 0.9996
vn 0.0707 -0.0393 0.9967
vn 0.1408 -0.0330 0.9895
vn 0.1511 -0.0501 0.9872
vn 0.2151 -0.0958 0.9719
vn 0.2015 0.0319 0.9790
vn 0.0989 0.1155 0.9884
vn -0.0099 0.1074 0.9942
vn -0.0509 0.2235 0.9734
vn -0.0622 0.1134 0.9916
vn -0.0603 0.1318 0.9894
vn 0.0625 0.0229 0.9978
vn 0.0939 0.0373 0.9949
vn 0.1431 0.0029 0.9897
vn 0.2121 0.0108 0.9772
vn 0.2697 0.0056 0.9629
vn 0.2400 -0.0279 0.9704
vn 0.2254 -0.0177 0.9741
vn 0.2685 -0.0544 0.9617
vn 0.2291 -0.0435 0.9724
vn 0.2520 -0.1166 0.9607
vn 0.2359 -0.1154 0.9649
vn 0.2246 -0.0667 0.9722
vn 0.2316 -0.0493 0.9716
vn 0.1877 -0.0261 0.9819
vn 0.2407 -0.1030 0.9651
vn 0.2157 -0.1081 0.9705
vn 0.2431 -0.1931 0.9506
vn 0.2217 -0.1591 0.9620
vn 0.2297 -0.0652 0.9711
vn 0.2170 0.0283 0.9758
vn 0.1671 0.0535 0.9845
vn 0.1488 0.0476 0.9877
vn 0.1548 0.0967 0.9832
vn 0.2462 -0.0115 0.9691
vn 0.3323 0.0439 0.9422
vn 0.3523 -0.0137 0.9358
vn 0.3621 0.0372 0.9314
vn 0.3186 0.0748 0.9449
vn 0.2935 0.0869 0.9520
vn 0.2925 0.0589 0.9545
vn 0.3098 0.0446 0.9497
vn 0.2904 0.0725 0.9542
vn 0.2479 0.1189 0.9615
vn 0.2115 0.1239 0.9695
vn 0.2322 0.0363 0.9720
vn 0.2188 -0.0799 0.9725
vn 0.2117 -0.0693 0.9749
vn 0.2852 -0.0696 0.9559
vn 0.3091 0.0433 0.9500
vn 0.2847 0.1176 0.9514
vn 0.2612 0.1712 0.9500
vn 0.2049 0.1255 0.9707
vn 0.2274 0.0674 0.9715
vn 0.2645 0.0601 0.9625
vn 0.2828 0.1203 0.9516
vn 0.3021 0.2149 0.9287
vn 0.2908 0.2807 0.9147
vn 0.2612 0.2986 0.9179
vn 0.2073 0.2283 0.9513
vn 0.1653 0.1843 0.9689
vn 0.1169 0.1538 0.9812
vn 0.1179 0.1223 0.9855
vn 0.0920 -0.0569 0.9941
vn 0.1309 -0.1192 0.9842
vn 0.1638 -0.1292 0.9780
vn 0.1561 -0.0115 0.9877
vn 0.1822 0.0032 0.9833
vn 0.1997 0.0065 0.9798
vn 0.2415 -0.1121 0.9639
vn 0.2089 -0.1832 0.9606
vn 0.1521 -0.1429 0.9780
vn -0.1583 -0.0646 0.9853
vn -0.1675 -0.0507 0.9846
vn -0.1077 -0.0043 0.9942
vn -0.1273 0.0030 0.9919
vn -0.1571 -0.0538 0.9861
vn -0.1649 -0.0828 0.9828
vn -0.1498 -0.1029 0.9834
vn -0.1180 -0.0645 0.9909
vn -0.0962 -0.0078 0.9953
vn -0.0748 0.0092 0.9972
vn -0.0750 0.0218 0.9969
vn -0.0226 0.0387 0.9990
vn 0.0411 -0.0560 0.9976
vn 0.0338 -0.0368 0.9987
vn 0.0421 -0.0434 0.9982
vn -0.0173 0.0266 0.9995
vn -0.0742 0.0342 0.9967
vn -0.1992 0.1134 0.9734
vn -0.2553 0.1411 0.9565
vn -0.2275 0.1349 0.9644
vn -0.1784 0.1645 0.9701
vn -0.0133 0.0866 0.9962
vn 0.0506 0.0919 0.9945
vn 0.1152 0.0655 0.9912
vn 0.1443 0.0469 0.9884
vn 0.2008 -0.0278 0.9792
vn 0.2078 -0.0312 0.9777
vn 0.1853 -0.0116 0.9826
vn 0.2189 -0.0927 0.9713
vn 0.1690 -0.0999 0.9805
vn 0.1783 -0.1344 0.9748
vn 0.1629 -0.0877 0.9827
vn 0.1348 -0.0507 0.9896
vn 0.1346 -0.0829 0.9874
vn 0.0790 -0.0697 0.9944
vn 0.1048 -0.1512 0.9829
vn 0.0658 -0.1815 0.9812
vn 0.0943 -0.1829 0.9786
vn 0.0831 -0.0457 0.9955
vn 0.0899 0.0023 0.9960
vn 0.1091 0.0439 0.9931
vn 0.1271 0.0758 0.9890
vn 0.1451 0.1013 0.9842
vn 0.1972 0.1073 0.9745
vn 0.2319 0.0643 0.9706
vn 0.2474 0.0325 0.9684
vn 0.2600 0.0315 0.9651
vn 0.2779 0.0599 0.9588
vn 0.2950 0.1002 0.9502
vn 0.3306 0.0862 0.9398
vn 0.3473 0.0384 0.9370
vn 0.3215 0.0259 0.9465
vn 0.2861 0.0712 0.9556
vn 0.2317 0.0749 0.9699
vn 0.1844 0.0532 0.9814
vn 0.2457 -0.0396 0.9685
vn 0.2940 -0.0599 0.9539
vn 0.3014 -0.0034 0.9535
vn 0.2997 0.0032 0.9540
vn 0.2373 0.0712 0.9688
vn 0.1702 0.1185 0.9783
vn 0.1412 0.1247 0.9821
vn 0.1506 0.1112 0.9823
vn 0.2066 0.1087 0.9724
vn 0.2463 0.1499 0.9575
vn 0.2135 0.1949 0.9573
vn 0.1119 0.2025 0.9729
vn 0.0146 0.2643 0.9643
vn -0.0829 0.1207 0.9892
vn -0.1526 0.1738 0.9729
vn -0.1213 0.1467 0.9817
vn -0.1514 0.1193 0.9812
vn -0.0996 -0.0425 0.9941
vn -0.0791 -0.0521 0.9955
vn -0.0379 -0.1078 0.9934
vn 0.0101 -0.0130 0.9999
vn 0.0041 0.0415 0.9991
vn 0.0560 0.0284 0.9980
vn 0.0223 -0.0938 0.9953
vn 0.0595 -0.2377 0.9695
vn 0.0487 -0.2346 0.9709
vn -0.2719 -0.0797 0.9590
vn -0.2226 -0.0095 0.9749
vn -0.2093 0.0108 0.9778
vn -0.2127 -0.0284 0.9767
vn -0.2162 -0.0619 0.9744
vn -0.2361 -0.0875 0.9678
vn -0.2238 -0.0708 0.9721
vn -0.1779 -0.0318 0.9835
vn -0.1962 -0.0284 0.9802
vn -0.2112 0.0283 0.9770
vn -0.2221 0.0101 0.9750
vn -0.2445 0.0659 0.9674
vn -0.1727 0.0479 0.9838
vn -0.0526 -0.0418 0.9977
vn -0.0599 -0.0379 0.9975
vn -0.1196 -0.0753 0.9900
vn -0.2099 -0.0163 0.9776
vn -0.2418 -0.0014 0.9703
vn -0.3287 0.1053 0.9385
vn -0.3170 0.1844 0.9303
vn -0.2567 0.2322 0.9382
vn -0.1744 0.2402 0.9549
vn -0.0314 0.1537 0.9876
vn 0.0178 0.1160 0.9931
vn 0.0601 0.0911 0.9940
vn 0.0675 0.0002 0.9977
vn 0.0662 -0.0532 0.9964
vn 0.0843 -0.0087 0.9964
vn 0.0480 -0.0853 0.9952
vn 0.0589 -0.1554 0.9861
vn 0.0193 -0.1082 0.9939
vn 0.0277 -0.1491 0.9884
vn 0.0048 -0.0345 0.9994
vn -0.0076 -0.1299 0.9915
vn 0.0047 -0.0651 0.9979
vn -0.0113 -0.1687 0.9856
vn -0.0031 -0.1727 0.9850
vn 0.0372 -0.1433 0.9890
vn 0.0910 -0.0585 0.9941
vn 0.1185 0.0545 0.9915
vn 0.1180 0.0518 0.9917
vn 0.1353 0.0859 0.9871
vn 0.1664 0.1426 0.9757
vn 0.1404 0.1101 0.9840
vn 0.1100 0.0578 0.9922
vn 0.1128 0.0473 0.9925
vn 0.1301 0.0641 0.9894
vn 0.1654 0.0992 0.9812
vn 0.2131 0.1401 0.9669
vn 0.2318 0.1174 0.9656
vn 0.2523 0.0410 0.9668
vn 0.2603 0.0090 0.9655
vn 0.2404 0.0263 0.9703
vn 0.2197 0.0425 0.9746
vn 0.1999 0.0245 0.9795
vn 0.1917 0.0253 0.9811
vn 0.2512 -0.0177 0.9678
vn 0.2803 -0.0116 0.9598
vn 0.2507 -0.0358 0.9674
vn 0.1880 -0.0265 0.9818
vn 0.0445 0.0354 0.9984
vn 0.0142 0.1452 0.9893
vn 0.0114 0.1048 0.9944
vn 0.0270 0.1853 0.9823
vn 0.0543 0.1359 0.9892
vn -0.0054 0.1290 0.9916
vn -0.0356 0.1230 0.9918
vn -0.1643 0.1240 0.9786
vn -0.2433 0.0761 0.9670
vn -0.2809 0.0882 0.9557
vn -0.3293 0.1788 0.9271
vn -0.2900 0.1117 0.9505
vn -0.2747 0.0439 0.9605
vn -0.2026 -0.0571 0.9776
vn -0.2201 -0.0600 0.9736
vn -0.2014 0.0058 0.9795
vn -0.2297 0.0152 0.9732
vn -0.2609 0.0509 0.9640
vn -0.2057 -0.0951 0.9740
vn -0.2136 -0.1961 0.9570
vn -0.1883 -0.2122 0.9589
vn -0.2826 0.0032 0.9592
vn -0.2602 0.0535 0.9641
vn -0.2194 0.0063 0.9756
vn -0.2307 -0.0295 0.9726
vn -0.2614 -0.0941 0.9606
vn -0.2471 -0.0781 0.9659
vn -0.2006 -0.0064 0.9796
vn -0.1739 -0.0499 0.9835
vn -0.1821 -0.0296 0.9828
vn -0.2531 -0.0588 0.9657
vn -0.2948 0.0140 0.9554
vn -0.2645 0.0878 0.9604
vn -0.2281 0.1277 0.9652
vn -0.1685 0.0661 0.9835
vn -0.1028 -0.0951 0.9901
vn -0.1532 -0.1266 0.9800
vn -0.1999 -0.0946 0.9752
vn -0.2941 -0.0527 0.9543
vn -0.2838 0.0759 0.9559
vn -0.2869 0.2245 0.9313
vn -0.2237 0.2946 0.9291
vn -0.1760 0.3022 0.9369
vn -0.1574 0.2690 0.9502
vn -0.0811 0.1349 0.9875
vn -0.1181 0.0766 0.9900
vn -0.1454 0.0011 0.9894
vn -0.1216 -0.0152 0.9925
vn -0.1167 -0.0380 0.9924
vn -0.1304 -0.1005 0.9864
vn -0.1437 -0.1479 0.9785
vn -0.1328 -0.1432 0.9808
vn -0.1522 -0.1185 0.9812
vn -0.1245 -0.0757 0.9893
vn -0.0967 -0.0717 0.9927
vn -0.0625 -0.0815 0.9947
vn -0.0430 -0.1329 0.9902
vn 0.0212 -0.1459 0.9891
vn 0.0286 -0.1044 0.9941
vn 0.0628 0.0031 0.9980
vn 0.0718 0.0393 0.9966
vn 0.1009 0.0799 0.9917
vn 0.1081 0.1099 0.9880
vn 0.0861 0.1079 0.9904
vn 0.0588 0.0709 0.9957
vn 0.0352 0.0451 0.9984
vn 0.0201 0.0459 0.9987
vn 0.0333 0.1028 0.9941
vn 0.0303 0.1107 0.9934
vn 0.0502 0.2034 0.9778
vn 0.0390 0.0837 0.9957
vn 0.0319 0.1042 0.9941
vn 0.1050 0.0056 0.9945
vn 0.1031 0.0264 0.9943
vn 0.1419 0.0483 0.9887
vn 0.1289 0.0105 0.9916
vn 0.1332 0.0423 0.9902
vn 0.1692 0.0362 0.9849
vn 0.2085 -0.0077 0.9780
vn 0.1838 -0.0904 0.9788
vn 0.1263 -0.1154 0.9853
vn 0.0794 -0.0683 0.9945
vn -0.0849 0.0686 0.9940
vn -0.1194 0.1268 0.9847
vn -0.1480 0.1460 0.9782
vn -0.1848 0.1517 0.9710
vn -0.1483 0.0889 0.9849
vn -0.1773 0.0760 0.9812
vn -0.1967 0.0261 0.9801
vn -0.2370 0.0232 0.9712
vn -0.2682 0.0777 0.9602
vn -0.2745 0.1338 0.9522
vn -0.3216 0.1446 0.9358
vn -0.2864 0.0782 0.9549
vn -0.3238 -0.0474 0.9449
vn -0.3037 -0.0694 0.9502
vn -0.3775 -0.0355 0.9253
vn -0.3847 -0.0134 0.9229
vn -0.4216 0.0316 0.9062
vn -0.4391 -0.0591 0.8965
vn -0.3845 -0.1638 0.9085
vn -0.3446 -0.1614 0.9248
vn -0.2537 0.0011 0.9673
vn -0.2653 0.0406 0.9633
vn -0.2748 0.0556 0.9599
vn -0.2320 -0.0687 0.9703
vn -0.2148 -0.0751 0.9738
vn -0.1916 -0.0582 0.9798
vn -0.1881 0.0088 0.9821
vn -0.1466 0.0037 0.9892
vn -0.1222 -0.0797 0.9893
vn -0.1087 -0.0631 0.9921
vn -0.1101 -0.0160 0.9938
vn -0.1521 0.1081 0.9824
vn -0.1392 0.1535 0.9783
vn -0.1528 0.0995 0.9832
vn -0.1721 -0.0604 0.9832
vn -0.1212 -0.1584 0.9799
vn -0.1609 -0.1545 0.9748
vn -0.1146 -0.0633 0.9914
vn -0.1541 0.0702 0.9856
vn -0.1389 0.2331 0.9625
vn -0.1480 0.3527 0.9239
vn -0.1212 0.3211 0.9393
vn -0.1301 0.2412 0.9617
vn -0.2081 0.1735 0.9626
vn -0.2005 0.0160 0.9796
vn -0.2502 -0.0190 0.9680
vn -0.2620 -0.0049 0.9651
vn -0.2690 -0.0442 0.9621
vn -0.2633 -0.0978 0.9597
vn -0.2610 -0.1363 0.9557
vn -0.2628 -0.1451 0.9539
vn -0.2421 -0.0878 0.9663
vn -0.2021 -0.0248 0.9791
vn -0.1021 0.0044 0.9948
vn -0.0402 -0.0896 0.9952
vn -0.0015 -0.0575 0.9983
vn -0.0001 -0.1403 0.9901
vn 0.0291 -0.0786 0.9965
vn 0.0380 0.0028 0.9993
vn 0.0299 0.0529 0.9982
vn 0.0221 0.1115 0.9935
vn 0.0111 0.0503 0.9987
vn -0.0058 0.1407 0.9900
vn 0.0224 0.0392 0.9990
vn -0.0059 0.0332 0.9994
vn 0.0009 0.0312 0.9995
vn -0.0460 0.0833 0.9955
vn -0.0605 0.1079 0.9923
vn -0.1352 0.1570 0.9783
vn -0.1499 0.0872 0.9848
vn -0.1876 0.0869 0.9784
vn -0.1587 0.0990 0.9824
vn -0.0643 0.0421 0.9970
vn -0.0707 0.0783 0.9944
vn -0.0146 0.0163 0.9998
vn -0.0274 0.0388 0.9989
vn 0.0256 0.1205 0.9924
vn 0.0709 -0.0201 0.9973
vn 0.1063 -0.0932 0.9900
vn 0.1068 -0.1716 0.9794
vn 0.0293 -0.1369 0.9902
vn -0.0142 -0.0669 0.9977
vn -0.1715 0.0757 0.9823
vn -0.2183 0.1062 0.9701
vn -0.2347 0.1186 0.9648
vn -0.2374 0.1525 0.9594
vn -0.1403 0.0885 0.9861
vn -0.0633 0.0601 0.9962
vn -0.0207 -0.0013 0.9998
vn -0.0179 0.0807 0.9966
vn -0.0697 0.0684 0.9952
vn -0.1896 0.0953 0.9772
vn -0.2974 0.0466 0.9536
vn -0.2960 -0.0453 0.9541
vn -0.3251 -0.0979 0.9406
vn -0.3405 -0.0987 0.9350
vn -0.3997 -0.0272 0.9163
vn -0.4179 -0.0203 0.9083
vn -0.4115 -0.0291 0.9109
vn -0.3954 -0.0983 0.9132
vn -0.3802 -0.1259 0.9163
vn -0.2889 0.0924 0.9529
vn -0.2478 0.0651 0.9666
vn -0.2183 0.0511 0.9745
vn -0.1923 0.0272 0.9810
vn -0.0637 -0.0436 0.9970
vn -0.0134 -0.0211 0.9997
vn 0.0274 0.0329 0.9991
vn 0.0317 0.0195 0.9993
vn 0.0550 -0.0281 0.9981
vn 0.0792 -0.0905 0.9927
vn 0.0384 -0.0181 0.9991
vn 0.0536 0.0748 0.9958
vn -0.0308 0.1366 0.9902
vn -0.0823 0.0478 0.9955
vn -0.0946 -0.0395 0.9947
vn -0.0534 -0.1167 0.9917
vn -0.0057 -0.1588 0.9873
vn -0.0271 -0.0410 0.9988
vn 0.0228 0.0710 0.9972
vn 0.0070 0.2377 0.9713
vn -0.0251 0.3095 0.9506
vn -0.0967 0.3223 0.9417
vn -0.1271 0.2156 0.9682
vn -0.1385 0.0959 0.9857
vn -0.2386 -0.0166 0.9710
vn -0.2368 -0.0385 0.9708
vn -0.2524 -0.0200 0.9674
vn -0.2563 -0.0476 0.9654
vn -0.2378 -0.0927 0.9669
vn -0.2573 -0.1422 0.9558
vn -0.2660 -0.1295 0.9552
vn -0.2433 -0.0360 0.9693
vn -0.1985 0.0128 0.9800
vn -0.1706 0.1030 0.9799
vn -0.0537 0.0232 0.9983
vn 0.0093 -0.0824 0.9966
vn 0.0109 -0.0996 0.9950
vn 0.0569 -0.0816 0.9950
vn 0.0405 0.0124 0.9991
vn 0.0480 0.0148 0.9987
vn 0.0104 0.1021 0.9947
vn -0.0020 0.0420 0.9991
vn -0.0767 0.0899 0.9930
vn -0.1018 0.0843 0.9912
vn -0.0600 0.0057 0.9982
vn -0.0678 0.0554 0.9962
vn -0.0365 0.0271 0.9990
vn -0.0915 0.0660 0.9936
vn -0.1496 0.0653 0.9866
vn -0.2373 0.0700 0.9689
vn -0.2454 0.0540 0.9679
vn -0.2770 0.1313 0.9519
vn -0.2377 0.1201 0.9639
vn -0.1748 0.0707 0.9821
vn -0.1694 0.0839 0.9820
vn -0.0772 0.0582 0.9953
vn -0.0847 0.1373 0.9869
vn -0.0533 0.0563 0.9970
vn 0.0525 -0.0194 0.9984
vn 0.1355 -0.1644 0.9770
vn 0.1338 -0.2156 0.9673
vn 0.0325 -0.1318 0.9907
vn -0.0424 -0.0972 0.9944
vn -0.1587 0.0954 0.9827
vn -0.1565 0.1539 0.9756
vn -0.0736 0.1744 0.9819
vn -0.0298 0.2341 0.9718
vn 0.0918 0.1220 0.9883
vn 0.1479 0.0714 0.9864
vn 0.1753 0.0217 0.9843
vn 0.0545 -0.0156 0.9984
vn -0.0095 -0.0346 0.9994
vn -0.1107 -0.0318 0.9933
vn -0.2234 -0.1034 0.9692
vn -0.2406 -0.1208 0.9631
vn -0.2691 -0.1258 0.9549
vn -0.3012 -0.0940 0.9489
vn -0.3296 -0.0119 0.9440
vn -0.3803 -0.0482 0.9236
vn -0.3506 -0.0588 0.9347
vn -0.2725 0.0022 0.9622
vn -0.1082 -0.0169 0.9940
vn -0.1579 0.0774 0.9844
vn -0.1254 0.1021 0.9868
vn -0.0459 0.0938 0.9945
vn -0.0112 0.0670 0.9977
vn 0.0856 0.0254 0.9960
vn 0.1338 0.0660 0.9888
vn 0.1437 0.0208 0.9894
vn 0.1551 -0.0107 0.9878
vn 0.1992 -0.0452 0.9789
vn 0.2496 -0.0564 0.9667
vn 0.1795 0.0438 0.9828
vn 0.1218 0.0177 0.9924
vn 0.0107 0.0161 0.9998
vn -0.0114 -0.0386 0.9992
vn -0.0135 -0.0658 0.9977
vn 0.1174 -0.0788 0.9900
vn 0.1723 -0.0535 0.9836
vn 0.1403 0.0900 0.9860
vn 0.1067 0.1816 0.9776
vn 0.0388 0.2790 0.9595
vn -0.0089 0.2315 0.9728
vn -0.0932 0.1912 0.9771
vn -0.1403 0.0813 0.9868
vn -0.1001 -0.0540 0.9935
vn -0.1072 -0.0200 0.9940
vn -0.0748 -0.0382 0.9965
vn -0.0663 -0.0258 0.9975
vn -0.0708 -0.1028 0.9922
vn -0.0826 -0.1925 0.9778
vn -0.1465 -0.1610 0.9760
vn -0.2022 -0.0362 0.9787
vn -0.1707 0.1187 0.9781
vn -0.0880 0.1096 0.9901
vn -0.1056 0.1124 0.9880
vn -0.0674 -0.0571 0.9961
vn -0.0126 -0.0467 0.9988
vn 0.0165 -0.0640 0.9978
vn 0.0815 0.0208 0.9965
vn 0.0785 0.0268 0.9966
vn 0.0648 0.0221 0.9976
vn -0.0492 0.0100 0.9987
vn -0.0395 0.0196 0.9990
vn -0.1105 0.0844 0.9903
vn -0.0931 0.0371 0.9950
vn -0.0203 0.0857 0.9961
vn 0.0101 0.0499 0.9987
vn 0.0276 0.0187 0.9994
vn -0.0098 0.0011 1.0000
vn -0.0745 -0.0052 0.9972
vn -0.1386 0.0468 0.9892
vn -0.1480 0.0996 0.9840
vn -0.1671 0.1648 0.9721
vn -0.1296 0.1418 0.9814
vn -0.0413 0.1039 0.9937
vn -0.0506 0.1369 0.9893
vn 0.0036 0.1287 0.9917
vn 0.0370 0.1452 0.9887
vn 0.0762 0.0381 0.9964
vn 0.1322 -0.0766 0.9883
vn 0.2092 -0.2158 0.9537
vn 0.2043 -0.2212 0.9536
vn 0.1557 -0.1212 0.9803
vn 0.1183 -0.0231 0.9927
vn 0.0920 0.2090 0.9736
vn 0.1246 0.2496 0.9603
vn 0.2050 0.2868 0.9358
vn 0.2130 0.1886 0.9587
vn 0.2542 0.0988 0.9621
vn 0.2113 -0.0300 0.9770
vn 0.1862 -0.1201 0.9751
vn 0.0659 -0.1260 0.9898
vn -0.0236 -0.1286 0.9914
vn -0.0444 -0.1745 0.9837
vn -0.0529 -0.0987 0.9937
vn -0.0665 -0.2084 0.9758
vn -0.1089 -0.0918 0.9898
vn -0.1749 -0.1123 0.9782
vn -0.1836 -0.0428 0.9821
vn -0.1371 0.0491 0.9893
vn -0.0684 -0.0052 0.9976
vn -0.0474 0.0898 0.9948
vn -0.0244 0.0515 0.9984
vn -0.0286 0.1836 0.9826
vn 0.0175 0.1326 0.9910
vn 0.1045 0.1359 0.9852
vn 0.1518 0.1014 0.9832
vn 0.1347 0.0522 0.9895
vn 0.1323 0.0491 0.9900
vn 0.1966 0.0150 0.9804
vn 0.2465 0.0401 0.9683
vn 0.3366 -0.0213 0.9414
vn 0.3404 -0.0555 0.9386
vn 0.2377 -0.0530 0.9699
vn 0.1681 -0.0760 0.9828
vn 0.1029 -0.0449 0.9937
vn 0.1614 -0.0121 0.9868
vn 0.2151 0.0481 0.9754
vn 0.2884 -0.0271 0.9571
vn 0.3028 0.0272 0.9527
vn 0.2170 0.1176 0.9691
vn 0.1240 0.1942 0.9731
vn 0.0579 0.2141 0.9751
vn 0.0482 0.1066 0.9931
vn 0.0131 0.0914 0.9957
vn 0.0272 -0.0132 0.9995
vn 0.0683 -0.0121 0.9976
vn 0.0840 0.0074 0.9964
vn 0.1354 -0.0306 0.9903
vn 0.1061 -0.1338 0.9853
vn 0.0998 -0.1864 0.9774
vn 0.0756 -0.2330 0.9695
vn 0.0650 -0.0467 0.9968
vn 0.0399 0.1268 0.9911
vn -0.0191 0.1339 0.9908
vn -0.0182 0.0728 0.9972
vn -0.0455 0.0052 0.9990
vn 0.0263 -0.0083 0.9996
vn 0.0752 -0.0044 0.9972
vn 0.1111 0.0523 0.9924
vn 0.1373 0.0230 0.9903
vn 0.1324 -0.0117 0.9911
vn 0.1221 -0.0644 0.9904
vn 0.0280 0.0134 0.9995
vn 0.0740 0.0479 0.9961
vn 0.1192 0.1302 0.9843
vn 0.1601 0.1227 0.9794
vn 0.2009 0.0793 0.9764
vn 0.2448 0.0367 0.9689
vn 0.2416 -0.0374 0.9697
vn 0.1988 -0.0645 0.9779
vn 0.1548 -0.0137 0.9878
vn 0.1114 0.1109 0.9876
vn 0.0902 0.1172 0.9890
vn 0.1006 0.2339 0.9670
vn 0.1511 0.1304 0.9799
vn 0.1826 0.1406 0.9731
vn 0.1580 0.1533 0.9755
vn 0.1418 0.1399 0.9800
vn 0.1298 0.0905 0.9874
vn 0.2182 -0.0009 0.9759
vn 0.2445 -0.1672 0.9551
vn 0.2958 -0.2015 0.9338
vn 0.3365 -0.1557 0.9287
vn 0.3425 0.0126 0.9394
vn 0.3389 0.1666 0.9260
vn 0.3108 0.2687 0.9117
vn 0.2796 0.2553 0.9256
vn 0.2321 0.1891 0.9541
vn 0.1657 0.0425 0.9853
vn 0.1415 -0.0542 0.9885
vn 0.1196 -0.1368 0.9834
vn 0.1386 -0.1985 0.9703
vn 0.1317 -0.1561 0.9789
vn 0.1614 -0.1300 0.9783
vn 0.1685 -0.1410 0.9756
vn 0.1781 -0.1723 0.9688
vn 0.1673 -0.1869 0.9680
vn 0.1081 -0.1328 0.9852
vn 0.0985 -0.0417 0.9943
vn 0.0741 0.0729 0.9946
vn 0.1078 0.1462 0.9834
vn 0.0796 0.0315 0.9963
vn 0.0874 0.0797 0.9930
vn 0.1096 0.1696 0.9794
vn 0.1223 0.2074 0.9706
vn 0.1285 0.1633 0.9782
vn 0.0941 0.0576 0.9939
vn 0.0725 0.0574 0.9957
vn 0.0981 0.0898 0.9911
vn 0.1271 0.0924 0.9876
vn 0.2588 0.1141 0.9592
vn 0.2999 0.0693 0.9514
vn 0.3691 -0.0673 0.9269
vn 0.3505 -0.1586 0.9230
vn 0.2779 -0.1170 0.9535
vn 0.2948 -0.0419 0.9546
vn 0.2993 0.0475 0.9530
vn 0.3182 0.0485 0.9468
vn 0.3111 0.0219 0.9501
vn 0.3079 0.0168 0.9513
vn 0.3017 0.0181 0.9532
vn 0.2220 0.1168 0.9680
vn 0.1801 0.1703 0.9688
vn 0.1605 0.1241 0.9792
vn 0.1719 0.0587 0.9834
vn 0.1451 0.0219 0.9892
vn 0.1731 0.0117 0.9848
vn 0.2227 0.0566 0.9733
vn 0.2724 0.0321 0.9616
vn 0.3217 -0.1595 0.9333
vn 0.2758 -0.1979 0.9406
vn 0.3012 -0.2154 0.9289
vn 0.2735 -0.0969 0.9570
vn 0.1974 0.0622 0.9783
vn 0.1460 0.0794 0.9861
vn 0.0840 0.0392 0.9957
vn 0.0686 0.0047 0.9976
vn 0.0470 0.0449 0.9979
vn 0.1298 0.0622 0.9896
vn 0.2041 0.1079 0.9730
vn 0.2568 0.0296 0.9660
vn 0.2365 -0.0160 0.9715
vn 0.2642 -0.0619 0.9625
vn 0.3034 -0.0079 0.9528
vn 0.3086 0.1140 0.9443
vn 0.3364 0.1416 0.9310
vn 0.3563 0.1471 0.9227
vn 0.3972 0.1365 0.9075
vn 0.4106 0.0392 0.9110
vn 0.4035 -0.0539 0.9134
vn 0.3857 -0.0956 0.9176
vn 0.3566 -0.0461 0.9331
vn 0.3138 0.0434 0.9485
vn 0.3277 0.1599 0.9311
vn 0.3530 0.2129 0.9111
vn 0.3662 0.1704 0.9148
vn 0.3700 0.1032 0.9233
vn 0.3127 0.0921 0.9454
vn 0.2411 0.0904 0.9663
vn 0.2111 0.0885 0.9734
vn 0.1593 0.0514 0.9859
vn 0.2577 -0.0947 0.9616
vn 0.3136 -0.1455 0.9384
vn 0.3578 -0.0831 0.9301
vn 0.4135 -0.0006 0.9105
vn 0.4037 0.1508 0.9024
vn 0.3688 0.2211 0.9028
vn 0.2508 0.1575 0.9551
vn 0.1658 0.0934 0.9817
vn 0.0628 0.0071 0.9980
vn 0.0553 -0.0734 0.9958
vn 0.0692 -0.1288 0.9893
vn 0.1185 -0.1291 0.9845
vn 0.2025 -0.1197 0.9719
vn 0.2449 -0.0923 0.9651
vn 0.2680 -0.1121 0.9569
vn 0.2880 -0.1734 0.9418
vn 0.2771 -0.1728 0.9452
vn 0.3030 -0.1771 0.9364
vn 0.2612 -0.0488 0.9641
vn 0.2879 0.0723 0.9549
vn 0.2470 0.0903 0.9648
vn 0.1575 0.0448 0.9865
vn 0.1704 0.1019 0.9801
vn 0.1527 0.1663 0.9742
vn 0.1343 0.1867 0.9732
vn 0.0511 0.0992 0.9938
vn 0.0159 0.0763 0.9970
vn 0.0091 0.0180 0.9998
vn -0.0152 0.1230 0.9923
vn 0.0958 0.1964 0.9758
vn 0.1195 0.1900 0.9745
vn 0.1907 0.1063 0.9759
vn 0.2088 -0.0178 0.9778
vn 0.2662 -0.1429 0.9533
vn 0.3250 -0.1455 0.9345
vn 0.3029 -0.0314 0.9525
vn 0.3510 0.0614 0.9344
vn 0.3860 0.0913 0.9180
vn 0.3898 -0.0093 0.9208
vn 0.3412 -0.0319 0.9394
vn 0.2749 -0.0027 0.9615
vn 0.2926 0.0772 0.9531
vn 0.2628 0.1378 0.9550
vn 0.2371 0.0974 0.9666
vn 0.1887 0.0478 0.9809
vn 0.1983 0.0206 0.9799
vn 0.1939 0.0476 0.9799
vn 0.2156 0.0893 0.9724
vn 0.2007 0.0340 0.9791
vn 0.2305 -0.0634 0.9710
vn 0.3186 -0.2271 0.9203
vn 0.3034 -0.1782 0.9360
vn 0.3496 -0.1396 0.9264
vn 0.3049 -0.0322 0.9518
vn 0.2372 0.0465 0.9704
vn 0.2087 -0.0111 0.9779
vn 0.1880 -0.0125 0.9821
vn 0.2218 0.0669 0.9728
vn 0.2778 0.1497 0.9489
vn 0.2918 0.1309 0.9475
vn 0.3134 0.0749 0.9467
vn 0.3644 -0.0161 0.9311
vn 0.3462 -0.0148 0.9380
vn 0.3534 0.0168 0.9353
vn 0.3946 0.1286 0.9098
vn 0.4187 0.1804 0.8900
vn 0.4090 0.1508 0.9000
vn 0.4155 0.1280 0.9006
vn 0.4134 0.0448 0.9095
vn 0.4182 -0.0651 0.9060
vn 0.4107 -0.1048 0.9057
vn 0.4263 -0.0717 0.9017
vn 0.4431 0.0559 0.8947
vn 0.4221 0.1651 0.8914
vn 0.4244 0.2144 0.8797
vn 0.4212 0.1584 0.8930
vn 0.3866 0.0421 0.9213
vn 0.3332 0.0440 0.9418
vn 0.2548 -0.0292 0.9666
vn 0.1570 0.0722 0.9850
vn 0.1591 0.0175 0.9871
vn 0.1208 -0.0001 0.9927
vn 0.2203 -0.0813 0.9720
vn 0.3035 -0.0470 0.9517
vn 0.3084 0.0400 0.9504
vn 0.3311 0.1484 0.9318
vn 0.2507 0.1067 0.9622
vn 0.1620 0.0482 0.9856
vn 0.0219 -0.0005 0.9998
vn -0.0203 -0.0534 0.9984
vn -0.0437 -0.0634 0.9970
vn -0.0017 -0.0526 0.9986
vn 0.0934 -0.0715 0.9931
vn 0.1754 -0.0227 0.9842
vn 0.2388 -0.0737 0.9683
vn 0.2356 -0.1048 0.9662
vn 0.2350 -0.1479 0.9607
vn 0.2662 -0.1889 0.9452
vn 0.2599 -0.1360 0.9560
vn 0.3304 -0.0537 0.9423
vn 0.2931 0.0454 0.9550
vn 0.2833 0.0693 0.9565
vn 0.1553 0.0669 0.9856
vn 0.1050 0.0711 0.9919
vn 0.1206 0.1647 0.9790
vn 0.0545 0.1283 0.9902
vn 0.0080 0.0222 0.9997
vn -0.0605 0.0319 0.9977
vn -0.0966 0.0093 0.9953
vn -0.0854 0.1368 0.9869
vn -0.0854 0.2587 0.9622
vn -0.0356 0.2084 0.9774
vn -0.0200 0.1775 0.9839
vn 0.0091 -0.0134 0.9999
vn 0.0492 -0.0441 0.9978
vn 0.1526 -0.1056 0.9826
vn 0.2950 0.0394 0.9547
vn 0.3329 0.1050 0.9371
vn 0.3095 0.0499 0.9496
vn 0.2689 -0.0148 0.9630
vn 0.2866 -0.0568 0.9564
vn 0.3107 -0.0192 0.9503
vn 0.2704 0.0608 0.9608
vn 0.2448 0.1018 0.9642
vn 0.1919 0.0532 0.9800
vn 0.1435 -0.0053 0.9896
vn 0.0886 0.0123 0.9960
vn 0.1093 0.0613 0.9921
vn 0.0891 0.0888 0.9921
vn 0.1159 0.0593 0.9915
vn 0.1111 -0.0626 0.9918
vn 0.1233 -0.1358 0.9830
vn 0.2280 -0.1900 0.9550
vn 0.2230 -0.0983 0.9699
vn 0.2519 -0.0908 0.9635
vn 0.1972 -0.0203 0.9801
vn 0.1483 -0.0149 0.9888
vn 0.2000 0.0270 0.9794
vn 0.2639 0.1323 0.9554
vn 0.2777 0.1555 0.9480
vn 0.3209 0.1589 0.9337
vn 0.3038 0.0777 0.9496
vn 0.2457 -0.0343 0.9687
vn 0.2486 -0.0129 0.9685
vn 0.2727 0.0570 0.9604
vn 0.2581 0.1573 0.9532
vn 0.2610 0.1702 0.9502
vn 0.2637 0.1741 0.9488
vn 0.2441 0.1286 0.9612
vn 0.2510 0.0352 0.9674
vn 0.2705 -0.0238 0.9624
vn 0.3181 -0.1213 0.9403
vn 0.3046 -0.0311 0.9520
vn 0.3456 0.0635 0.9362
vn 0.3594 0.1735 0.9169
vn 0.3300 0.2123 0.9198
vn 0.3109 0.1474 0.9390
vn 0.3145 0.0108 0.9492
vn 0.2462 -0.0733 0.9665
vn 0.1798 -0.0745 0.9809
vn 0.1268 -0.0430 0.9910
vn 0.0253 0.0155 0.9996
vn 0.0390 -0.0276 0.9989
vn 0.0129 0.0160 0.9998
vn 0.0624 -0.0038 0.9980
vn 0.1577 0.0857 0.9838
vn 0.1440 0.1059 0.9839
vn 0.0974 0.0459 0.9942
vn 0.0437 -0.0543 0.9976
vn -0.0131 -0.0877 0.9961
vn -0.0828 -0.0782 0.9935
vn -0.1142 -0.0597 0.9917
vn -0.0889 -0.0295 0.9956
vn -0.0376 0.0778 0.9963
vn 0.0650 0.0126 0.9978
vn 0.0732 -0.0175 0.9972
vn 0.0917 -0.1474 0.9848
vn 0.0894 -0.1076 0.9902
vn 0.1271 -0.1770 0.9760
vn 0.1554 -0.1303 0.9792
vn 0.1295 -0.0339 0.9910
vn 0.1969 0.0609 0.9785
vn 0.2149 0.1115 0.9703
vn -0.0136 -0.0250 0.9996
vn 0.0483 0.0958 0.9942
vn 0.0569 0.1461 0.9876
vn 0.0097 0.0153 0.9998
vn -0.0666 0.0216 0.9975
vn -0.1126 -0.0664 0.9914
vn -0.1564 0.0212 0.9875
vn -0.1010 0.1647 0.9811
vn -0.0973 0.2342 0.9673
vn -0.1467 0.2399 0.9597
vn -0.1627 0.1454 0.9759
vn -0.1629 0.0454 0.9856
vn -0.0729 0.0538 0.9959
vn 0.0561 0.0277 0.9980
vn 0.1181 0.1315 0.9843
vn 0.1648 0.1036 0.9809
vn 0.1558 0.0455 0.9867
vn 0.1468 -0.0522 0.9878
vn 0.1117 -0.0400 0.9929
vn 0.1502 -0.0100 0.9886
vn 0.1660 0.0405 0.9853
vn 0.1402 0.0708 0.9876
vn 0.0887 -0.0173 0.9959
vn 0.0364 -0.0560 0.9978
vn 0.0124 -0.0081 0.9999
vn -0.0029 0.0735 0.9973
vn 0.0061 0.0612 0.9981
vn -0.0205 0.0784 0.9967
vn -0.0464 -0.0967 0.9942
vn -0.0260 -0.0581 0.9980
vn 0.0212 -0.1409 0.9898
vn 0.0908 -0.0930 0.9915
vn 0.0898 -0.0740 0.9932
vn 0.0965 -0.0671 0.9931
vn 0.1093 0.0041 0.9940
vn 0.1136 0.0830 0.9901
vn 0.1666 0.1649 0.9721
vn 0.2314 0.2199 0.9477
vn 0.1930 0.1244 0.9733
vn 0.1182 0.0114 0.9929
vn 0.1019 -0.0449 0.9938
vn 0.0748 -0.0327 0.9967
vn 0.0484 0.0485 0.9976
vn 0.0096 0.1330 0.9911
vn 0.0178 0.2222 0.9748
vn 0.0387 0.1423 0.9891
vn 0.0139 0.1321 0.9911
vn 0.0288 0.0580 0.9979
vn 0.0346 0.0098 0.9994
vn 0.0521 -0.1035 0.9933
vn 0.1326 0.0065 0.9912
vn 0.1429 0.0982 0.9849
vn 0.1541 0.1778 0.9719
vn 0.0757 0.1598 0.9842
vn 0.0449 0.1408 0.9890
vn -0.0001 -0.0010 1.0000
vn 0.0181 -0.1454 0.9892
vn 0.0317 -0.0651 0.9974
vn 0.0243 -0.1309 0.9911
vn 0.0090 -0.0122 0.9999
vn -0.0414 -0.0337 0.9986
vn -0.0539 -0.0140 0.9984
vn -0.0565 0.0578 0.9967
vn -0.0299 0.1512 0.9881
vn -0.0212 0.0569 0.9982
vn -0.0342 0.0132 0.9993
vn -0.0363 -0.0699 0.9969
vn -0.0535 -0.1462 0.9878
vn -0.0968 -0.1396 0.9855
vn -0.1197 -0.0552 0.9913
vn -0.0936 0.0421 0.9947
vn -0.1040 0.0486 0.9934
vn -0.1529 0.0855 0.9845
vn -0.1109 -0.0408 0.9930
vn -0.1515 -0.1230 0.9808
vn -0.1228 -0.1301 0.9839
vn -0.1377 -0.1082 0.9846
vn -0.0738 -0.1352 0.9881
vn -0.0300 -0.0025 0.9995
vn -0.0014 0.1141 0.9935
vn 0.0158 -0.0108 0.9998
vn -0.0200 0.0694 0.9974
vn 0.0016 0.1434 0.9897
vn -0.0276 0.0963 0.9950
vn -0.0302 0.0186 0.9994
vn -0.0210 -0.0554 0.9982
vn -0.0391 -0.0609 0.9974
vn -0.0037 0.0115 0.9999
vn -0.0097 0.2101 0.9776
vn -0.0167 0.1813 0.9833
vn -0.0926 0.1579 0.9831
vn -0.1980 0.1344 0.9709
vn -0.2018 0.0641 0.9773
vn -0.1931 0.1199 0.9738
vn -0.1032 0.1641 0.9810
vn -0.0332 0.1367 0.9901
vn -0.0452 0.1528 0.9872
vn -0.0507 -0.0088 0.9987
vn -0.1119 -0.0653 0.9916
vn -0.0649 -0.0171 0.9977
vn -0.0462 0.0328 0.9984
vn -0.0047 0.0315 0.9995
vn -0.0386 0.0275 0.9989
vn -0.0978 -0.0673 0.9929
vn -0.1015 -0.0555 0.9933
vn -0.0518 0.0013 0.9987
vn -0.0542 0.0386 0.9978
vn -0.0751 0.0733 0.9945
vn -0.1281 0.0064 0.9917
vn -0.1078 -0.0476 0.9930
vn -0.0946 -0.0693 0.9931
vn -0.0589 -0.0552 0.9967
vn 0.0055 -0.0491 0.9988
vn -0.0088 -0.1059 0.9943
vn -0.0256 -0.0507 0.9984
vn -0.0276 0.0095 0.9996
vn -0.0078 0.1065 0.9943
vn 0.0485 0.2711 0.9613
vn 0.0698 0.1776 0.9816
vn 0.0106 0.0762 0.9970
vn -0.0047 -0.0214 0.9998
vn -0.0629 -0.0882 0.9941
vn -0.0819 -0.0632 0.9946
vn -0.1282 0.0253 0.9914
vn -0.0993 0.1288 0.9867
vn -0.1159 0.1892 0.9751
vn -0.1290 0.1934 0.9726
vn -0.0847 0.1101 0.9903
vn -0.1274 0.0553 0.9903
vn -0.1396 -0.0021 0.9902
vn -0.1495 -0.0506 0.9875
vn -0.0828 0.0764 0.9936
vn -0.0707 0.0642 0.9954
vn -0.1127 0.1670 0.9795
vn -0.1318 0.0845 0.9877
vn -0.2233 0.1059 0.9690
vn -0.2213 -0.0159 0.9751
vn -0.1656 -0.0549 0.9847
vn -0.0961 -0.0733 0.9927
vn -0.0441 -0.0735 0.9963
vn -0.0355 -0.0695 0.9970
vn -0.0831 -0.0742 0.9938
vn -0.1140 -0.0108 0.9934
vn -0.1317 0.0404 0.9905
vn -0.1719 0.1164 0.9782
vn -0.1674 0.1117 0.9795
vn -0.1013 0.0203 0.9946
vn -0.1004 -0.0660 0.9928
vn -0.0571 -0.1417 0.9883
vn -0.0289 -0.1359 0.9903
vn -0.0215 -0.0892 0.9958
vn -0.1259 -0.0023 0.9920
vn -0.1751 0.0051 0.9845
vn -0.2218 0.0460 0.9740
vn -0.3065 -0.0695 0.9493
vn -0.3093 -0.1109 0.9445
vn -0.2973 -0.1101 0.9484
vn -0.2518 -0.0916 0.9634
vn -0.2338 -0.0637 0.9702
vn -0.1599 0.0521 0.9858
vn -0.1576 0.0956 0.9829
vn -0.1653 0.1464 0.9753
vn -0.0290 0.0738 0.9969
vn -0.0389 0.1365 0.9899
vn -0.0026 0.0929 0.9957
vn 0.0033 0.0358 0.9994
vn 0.0295 -0.0101 0.9995
vn 0.0802 -0.0758 0.9939
vn 0.0765 0.0501 0.9958
vn 0.0669 0.1593 0.9850
vn 0.0246 0.1762 0.9840
vn 0.0047 0.0761 0.9971
vn -0.0411 0.0424 0.9983
vn -0.1198 0.0846 0.9892
vn -0.0881 0.1192 0.9890
vn -0.1371 0.2154 0.9669
vn -0.1298 0.1444 0.9810
vn -0.1924 0.0769 0.9783
vn -0.2632 -0.0191 0.9645
vn -0.2247 -0.0420 0.9735
vn -0.1892 0.0262 0.9816
vn -0.1692 0.0282 0.9852
vn -0.1711 0.0755 0.9824
vn -0.1701 -0.0342 0.9848
vn -0.1588 -0.0662 0.9851
vn -0.1197 -0.0085 0.9928
vn -0.1185 0.0007 0.9930
vn -0.0765 0.0851 0.9934
vn -0.0492 0.0257 0.9985
vn -0.0373 0.0106 0.9992
vn -0.0622 -0.0525 0.9967
vn -0.0579 -0.0512 0.9970
vn -0.0107 0.0148 0.9998
vn -0.0195 -0.0907 0.9957
vn -0.0391 -0.0904 0.9951
vn -0.0725 -0.0909 0.9932
vn -0.1197 0.0094 0.9928
vn -0.1005 0.1456 0.9842
vn -0.1182 0.2485 0.9614
vn -0.1301 0.2110 0.9688
vn -0.0903 0.0289 0.9955
vn -0.1610 -0.0715 0.9844
vn -0.1660 -0.0965 0.9814
vn -0.1889 -0.0995 0.9769
vn -0.1726 0.0117 0.9849
vn -0.1699 0.1821 0.9685
vn -0.0966 0.1976 0.9755
vn -0.0722 0.1631 0.9840
vn -0.1230 0.1380 0.9828
vn -0.1031 0.0191 0.9945
vn -0.1493 -0.0349 0.9882
vn -0.1514 -0.0383 0.9877
vn -0.1984 0.0757 0.9772
vn -0.1687 0.0924 0.9813
vn -0.1797 0.0864 0.9799
vn -0.2324 0.0745 0.9698
vn -0.2405 0.0200 0.9704
vn -0.2756 0.0500 0.9600
vn -0.1880 0.0334 0.9816
vn -0.1390 -0.0339 0.9897
vn -0.1000 -0.0096 0.9949
vn -0.0639 -0.0843 0.9944
vn -0.0745 -0.1058 0.9916
vn -0.1322 -0.0843 0.9876
vn -0.1730 0.0439 0.9839
vn -0.1692 0.0782 0.9825
vn -0.1998 0.1180 0.9727
vn -0.1917 0.0960 0.9767
vn -0.0918 -0.0304 0.9953
vn -0.0779 -0.0975 0.9922
vn -0.0364 -0.1144 0.9928
vn -0.0588 -0.1177 0.9913
vn -0.0774 -0.1101 0.9909
vn -0.1792 -0.0484 0.9826
vn -0.2761 -0.0723 0.9584
vn -0.3108 -0.0975 0.9455
vn -0.3145 -0.0976 0.9442
vn -0.2820 -0.0662 0.9571
vn -0.2371 -0.0380 0.9707
vn -0.1768 -0.0459 0.9832
vn -0.2181 0.0675 0.9736
vn -0.1772 0.1389 0.9743
vn -0.1008 0.1153 0.9882
vn -0.1183 0.1672 0.9788
vn -0.0714 0.1620 0.9842
vn -0.0472 0.1495 0.9876
vn -0.0013 0.0295 0.9996
vn 0.0390 0.0354 0.9986
vn 0.0821 -0.0266 0.9963
vn 0.1338 0.0490 0.9898
vn 0.1339 0.1441 0.9805
vn 0.0955 0.1303 0.9869
vn 0.0606 0.0739 0.9954
vn 0.0557 -0.0011 0.9984
vn 0.0535 0.0551 0.9971
vn -0.0063 0.1037 0.9946
vn -0.0514 0.1191 0.9915
vn -0.1760 0.1296 0.9758
vn -0.1915 -0.0048 0.9815
vn -0.2264 -0.0313 0.9735
vn -0.2041 -0.0038 0.9790
vn -0.2108 0.0175 0.9774
vn -0.1682 0.0976 0.9809
vn -0.1098 0.0418 0.9931
vn -0.1162 0.0014 0.9932
vn -0.0628 -0.0180 0.9979
vn -0.0363 -0.0123 0.9993
vn -0.0137 0.0483 0.9987
vn 0.0220 0.1088 0.9938
vn 0.0331 0.0696 0.9970
vn 0.0514 0.0003 0.9987
vn 0.0215 -0.0734 0.9971
vn 0.0689 -0.0084 0.9976
vn 0.0458 -0.0051 0.9989
vn 0.0649 -0.0604 0.9961
vn 0.0610 -0.1587 0.9854
vn -0.0135 -0.1408 0.9899
vn -0.0568 -0.0251 0.9981
vn -0.1321 0.1305 0.9826
vn -0.1514 0.2112 0.9657
vn -0.1996 0.1880 0.9617
vn -0.2468 0.0399 0.9682
vn -0.1763 -0.0672 0.9821
vn -0.1739 -0.1136 0.9782
vn -0.1290 -0.0545 0.9902
vn -0.0957 0.0537 0.9940
vn -0.0723 0.1595 0.9846
vn -0.1044 0.2674 0.9579
vn -0.0457 0.1892 0.9809
vn -0.0003 0.1033 0.9947
vn -0.0416 0.0116 0.9991
vn -0.0488 -0.0794 0.9957
vn -0.0816 -0.0365 0.9960
vn -0.0686 0.0244 0.9973
vn -0.1246 0.1114 0.9859
vn -0.1119 0.0762 0.9908
vn -0.1116 0.0359 0.9931
vn -0.1427 0.0276 0.9894
vn -0.1341 0.0195 0.9908
vn -0.1977 0.1030 0.9748
vn -0.1150 0.0257 0.9930
vn -0.0745 0.0069 0.9972
vn -0.0835 -0.0667 0.9943
vn -0.0763 -0.1339 0.9880
vn -0.0578 -0.0869 0.9945
vn -0.0648 -0.0122 0.9978
vn -0.1328 0.0822 0.9877
vn -0.1346 0.0803 0.9876
vn -0.2030 0.1152 0.9724
vn -0.2159 0.0191 0.9762
vn -0.1583 -0.0619 0.9855
vn -0.1356 -0.1057 0.9851
vn -0.1171 -0.1230 0.9855
vn -0.1383 -0.1484 0.9792
vn -0.1816 -0.1462 0.9724
vn -0.1992 -0.1056 0.9743
vn -0.2238 -0.1128 0.9681
vn -0.1856 -0.0683 0.9802
vn -0.1167 -0.0010 0.9932
vn -0.0837 -0.0304 0.9960
vn -0.1004 0.0024 0.9949
vn -0.0362 0.0345 0.9987
vn -0.1150 0.1619 0.9801
vn -0.1509 0.2392 0.9592
vn -0.0906 0.1529 0.9841
vn -0.0970 0.1840 0.9781
vn -0.0672 0.1763 0.9820
vn -0.0042 0.1248 0.9922
vn 0.0685 0.0695 0.9952
vn 0.1530 0.0447 0.9872
vn 0.2096 0.0874 0.9739
vn 0.1632 0.0936 0.9821
vn 0.1113 0.0862 0.9900
vn 0.0928 0.0543 0.9942
vn 0.0704 0.0088 0.9975
vn 0.0899 0.0201 0.9957
vn 0.0618 0.0609 0.9962
vn -0.0017 0.0351 0.9994
vn -0.0548 0.0475 0.9974
vn -0.1255 -0.0216 0.9919
vn -0.0968 -0.0279 0.9949
vn -0.0804 0.0299 0.9963
vn -0.0508 0.0212 0.9985
vn -0.0263 0.1626 0.9863
vn -0.0234 0.0687 0.9974
vn 0.0278 0.0214 0.9994
vn 0.0467 0.0365 0.9982
vn 0.1044 0.0233 0.9943
vn 0.1581 0.0819 0.9840
vn 0.1441 0.1002 0.9845
vn 0.1174 0.0546 0.9916
vn 0.0791 0.0035 0.9969
vn 0.1258 -0.0638 0.9900
vn 0.0811 0.0028 0.9967
vn 0.1470 0.0037 0.9891
vn 0.1330 -0.0686 0.9887
vn 0.1498 -0.1357 0.9794
vn 0.1750 -0.2086 0.9622
vn 0.0789 -0.1094 0.9909
vn -0.0016 0.0523 0.9986
vn -0.1134 0.1788 0.9773
vn -0.1309 0.1517 0.9797
vn -0.1206 0.0573 0.9910
vn -0.1134 -0.0147 0.9934
vn -0.0564 -0.0879 0.9945
vn -0.0308 -0.0126 0.9994
vn -0.0143 0.0508 0.9986
vn -0.0179 0.1909 0.9814
vn -0.0019 0.2209 0.9753
vn -0.0181 0.2605 0.9653
vn -0.0109 0.1048 0.9944
vn 0.0344 0.0219 0.9992
vn 0.0827 -0.0575 0.9949
vn 0.1025 -0.0720 0.9921
vn 0.0528 0.0383 0.9979
vn 0.0701 0.0504 0.9963
vn 0.0410 0.1256 0.9912
vn 0.0547 -0.0028 0.9985
vn 0.0390 0.0285 0.9988
vn 0.0293 0.0098 0.9995
vn 0.0251 0.0500 0.9984
vn -0.0701 0.0663 0.9953
vn -0.0552 0.0200 0.9983
vn -0.0295 -0.0837 0.9961
vn 0.0200 -0.0468 0.9987
vn 0.0571 -0.1192 0.9912
vn 0.0267 -0.0089 0.9996
vn -0.0077 -0.0145 0.9999
vn -0.1146 0.0707 0.9909
vn -0.1230 0.0329 0.9919
vn -0.1885 0.0271 0.9817
vn -0.2134 -0.0446 0.9760
vn -0.1674 -0.0654 0.9837
vn -0.1235 -0.1058 0.9867
vn -0.1121 -0.1699 0.9791
vn -0.0839 -0.1241 0.9887
vn -0.0636 -0.1185 0.9909
vn -0.0259 -0.1129 0.9933
vn -0.0010 0.0024 1.0000
vn 0.0533 0.0620 0.9967
vn 0.1004 -0.0241 0.9947
vn 0.1007 -0.0047 0.9949
vn 0.0457 0.0488 0.9978
vn 0.0479 0.0708 0.9963
vn -0.0115 0.1469 0.9891
vn -0.0443 0.1196 0.9918
vn -0.0019 0.2046 0.9788
vn -0.0045 0.2112 0.9774
vn 0.0398 0.1846 0.9820
vn 0.1541 0.1794 0.9716
vn 0.2212 0.1125 0.9687
vn 0.2191 0.0528 0.9743
vn 0.1953 0.0529 0.9793
vn 0.1472 0.0526 0.9877
vn 0.1094 0.0254 0.9937
vn 0.1505 0.0403 0.9878
vn 0.1734 0.0306 0.9844
vn 0.1797 0.0256 0.9834
vn 0.1100 -0.0452 0.9929
vn 0.0857 0.0327 0.9958
vn 0.1066 -0.0320 0.9938
vn 0.1410 0.0270 0.9896
vn 0.1549 0.0118 0.9879
vn 0.1781 0.0845 0.9804
vn 0.1506 0.1093 0.9825
vn 0.1145 0.0945 0.9889
vn 0.1231 0.0663 0.9902
vn 0.1879 0.0629 0.9802
vn 0.2278 0.0895 0.9696
vn 0.2235 0.0732 0.9719
vn 0.1918 0.0698 0.9790
vn 0.1673 0.0137 0.9858
vn 0.1069 -0.0367 0.9936
vn 0.0838 -0.0186 0.9963
vn 0.1600 -0.0070 0.9871
vn 0.1350 0.0549 0.9893
vn 0.2050 -0.0378 0.9780
vn 0.2431 -0.1355 0.9605
vn 0.2388 -0.1870 0.9529
vn 0.2347 -0.2113 0.9488
vn 0.1130 -0.0541 0.9921
vn 0.0291 0.0822 0.9962
vn -0.0513 0.1650 0.9850
vn -0.0403 0.0698 0.9967
vn 0.0299 0.0465 0.9985
vn 0.1025 -0.0386 0.9940
vn 0.0634 -0.0458 0.9969
vn 0.0289 0.0565 0.9980
vn 0.0529 0.1889 0.9806
vn 0.0758 0.2559 0.9637
vn 0.0606 0.2161 0.9745
vn 0.0994 0.1733 0.9798
vn 0.1556 0.0568 0.9862
vn 0.1671 -0.0220 0.9857
vn 0.1876 -0.0569 0.9806
vn 0.2127 -0.0026 0.9771
vn 0.1625 0.0681 0.9844
vn 0.1689 0.0859 0.9819
vn 0.1826 0.0600 0.9814
vn 0.2486 -0.0005 0.9686
vn 0.1682 -0.0382 0.9850
vn 0.0931 0.0095 0.9956
vn 0.0777 -0.0113 0.9969
vn 0.0383 0.0593 0.9975
vn 0.0925 -0.0231 0.9954
vn 0.1233 -0.0418 0.9915
vn 0.1604 -0.0617 0.9851
vn 0.1598 -0.0800 0.9839
vn 0.0865 -0.0574 0.9946
vn 0.0160 -0.0516 0.9985
vn -0.1154 0.0063 0.9933
vn -0.1518 -0.0416 0.9875
vn -0.1338 -0.0168 0.9909
vn -0.0879 0.0008 0.9961
vn -0.0255 -0.0751 0.9969
vn 0.0761 -0.0787 0.9940
vn 0.1214 -0.1444 0.9820
vn 0.1272 -0.0578 0.9902
vn 0.1691 -0.0670 0.9833
vn 0.2500 0.0569 0.9666
vn 0.2781 0.0683 0.9581
vn 0.2487 -0.0049 0.9686
vn 0.2654 -0.0180 0.9640
vn 0.1916 -0.0576 0.9798
vn 0.0734 0.0603 0.9955
vn 0.0352 0.0322 0.9989
vn 0.1398 0.2308 0.9629
vn 0.1310 0.2058 0.9698
vn 0.1499 0.2221 0.9634
vn 0.2089 0.2714 0.9395
vn 0.2383 0.2193 0.9461
vn 0.2599 0.1254 0.9575
vn 0.2594 0.0470 0.9646
vn 0.2158 -0.0050 0.9764
vn 0.1801 0.0122 0.9836
vn 0.2007 0.0605 0.9778
vn 0.2386 0.0787 0.9679
vn 0.2662 0.0347 0.9633
vn 0.2326 -0.0121 0.9725
vn 0.2608 -0.0171 0.9652
vn 0.2743 0.0114 0.9616
vn 0.2840 0.0233 0.9585
vn 0.3192 0.0367 0.9470
vn 0.3576 0.0541 0.9323
vn 0.3206 0.0388 0.9464
vn 0.2458 0.0376 0.9686
vn 0.1845 0.0628 0.9808
vn 0.1598 0.0884 0.9832
vn 0.1936 0.1222 0.9734
vn 0.2154 0.0855 0.9728
vn 0.1880 0.0415 0.9813
vn 0.1395 0.0200 0.9900
vn 0.0564 -0.0256 0.9981
vn 0.0379 -0.1025 0.9940
vn -0.0066 0.0027 1.0000
vn 0.0202 0.0613 0.9979
vn 0.0946 0.0317 0.9950
vn 0.0958 0.0695 0.9930
vn 0.2013 -0.0730 0.9768
vn 0.2628 -0.1990 0.9441
vn 0.2422 -0.2317 0.9421
vn 0.2170 -0.1707 0.9611
vn 0.1088 0.0189 0.9939
vn 0.0636 0.0982 0.9931
vn 0.0646 0.1361 0.9886
vn 0.0880 0.0711 0.9936
vn 0.0594 -0.0195 0.9980
vn 0.1033 -0.0648 0.9925
vn 0.1551 0.0875 0.9840
vn 0.1574 0.2025 0.9665
vn 0.1436 0.2316 0.9622
vn 0.1594 0.2425 0.9570
vn 0.1696 0.1978 0.9655
vn 0.1832 0.1002 0.9780
vn 0.2293 -0.0164 0.9732
vn 0.1800 -0.0733 0.9809
vn 0.1193 -0.0120 0.9928
vn 0.1544 0.0572 0.9863
vn 0.1603 0.1053 0.9814
vn 0.1787 0.0882 0.9799
vn 0.1578 0.0056 0.9875
vn 0.2056 -0.0889 0.9746
vn 0.1640 -0.0561 0.9849
vn 0.1112 -0.0008 0.9938
vn 0.1481 0.0187 0.9888
vn 0.1528 0.0661 0.9860
vn 0.2197 -0.0312 0.9751
vn 0.2337 -0.0204 0.9721
vn 0.2481 -0.1114 0.9623
vn 0.1903 -0.1360 0.9723
vn 0.1242 -0.1179 0.9852
vn 0.0816 -0.1051 0.9911
vn 0.0337 -0.0123 0.9994
vn 0.0783 0.0155 0.9968
vn 0.1367 0.0650 0.9885
vn 0.2297 0.0165 0.9731
vn 0.2229 -0.0613 0.9729
vn 0.2551 -0.0515 0.9656
vn 0.3271 -0.0577 0.9432
vn 0.3704 0.0167 0.9287
vn 0.3749 0.0776 0.9238
vn 0.3746 0.0659 0.9249
vn 0.3929 -0.0200 0.9194
vn 0.2984 -0.0899 0.9502
vn 0.2466 -0.1258 0.9609
vn 0.1723 -0.0901 0.9809
vn 0.0444 0.0129 0.9989
vn 0.1465 0.1908 0.9706
vn 0.2293 0.2431 0.9425
vn 0.2857 0.2643 0.9212
vn 0.2895 0.2723 0.9176
vn 0.2995 0.2367 0.9243
vn 0.3037 0.1162 0.9456
vn 0.2676 -0.0129 0.9635
vn 0.2528 -0.0058 0.9675
vn 0.2856 0.0237 0.9580
vn 0.2950 0.0817 0.9520
vn 0.3206 0.1142 0.9403
vn 0.3473 0.0674 0.9353
vn 0.3905 -0.0194 0.9204
vn 0.3476 -0.0251 0.9373
vn 0.3178 0.0253 0.9478
vn 0.3599 0.0586 0.9312
vn 0.3833 0.0764 0.9205
vn 0.3526 0.0065 0.9358
vn 0.2678 -0.0490 0.9622
vn 0.2090 -0.0208 0.9777
vn 0.1303 -0.0033 0.9915
vn 0.1251 0.0971 0.9874
vn 0.1179 0.1350 0.9838
vn 0.1172 0.0938 0.9887
vn 0.0862 -0.0252 0.9960
vn 0.0164 -0.0443 0.9989
vn -0.0146 -0.0798 0.9967
vn -0.0451 -0.0891 0.9950
vn 0.0020 -0.0211 0.9998
vn -0.0324 0.0663 0.9973
vn -0.0317 0.1177 0.9925
vn 0.0268 0.0575 0.9980
vn 0.0321 0.0475 0.9984
vn 0.1406 -0.1436 0.9796
vn 0.1873 -0.2457 0.9511
vn 0.1941 -0.1976 0.9609
vn 0.2157 -0.0562 0.9748
vn 0.1566 0.0794 0.9845
vn 0.1262 0.1242 0.9842
vn 0.1096 0.0736 0.9912
vn 0.1427 -0.0109 0.9897
vn 0.1558 -0.0105 0.9877
vn 0.1582 0.0938 0.9829
vn 0.1857 0.2081 0.9603
vn 0.2117 0.2490 0.9451
vn 0.2063 0.2321 0.9506
vn 0.1566 0.1809 0.9709
vn 0.1355 0.0958 0.9861
vn 0.0497 -0.0272 0.9984
vn 0.0521 -0.1342 0.9896
vn 0.0320 -0.0308 0.9990
vn 0.0214 0.1045 0.9943
vn 0.0307 0.0824 0.9961
vn 0.0276 0.1100 0.9935
vn 0.0679 0.0106 0.9976
vn 0.0596 -0.0454 0.9972
vn 0.1014 -0.1040 0.9894
vn 0.1729 0.0382 0.9842
vn 0.2089 0.0697 0.9754
vn 0.2593 0.0694 0.9633
vn 0.2731 0.0458 0.9609
vn 0.3350 -0.0262 0.9419
vn 0.2894 -0.1344 0.9477
vn 0.2783 -0.1809 0.9433
vn 0.2550 -0.1594 0.9537
vn 0.2488 -0.0953 0.9639
vn 0.2903 -0.0270 0.9566
vn 0.2894 0.0766 0.9541
vn 0.3357 0.1024 0.9364
vn 0.3114 0.0602 0.9484
vn 0.3602 -0.0378 0.9321
vn 0.3693 -0.0523 0.9278
vn 0.3537 0.0203 0.9351
vn 0.3723 0.0270 0.9277
vn 0.3882 0.0771 0.9183
vn 0.3872 0.0607 0.9200
vn 0.3155 -0.0894 0.9447
vn 0.2945 -0.1469 0.9443
vn 0.2479 -0.1736 0.9531
vn 0.2112 -0.1514 0.9656
vn 0.2247 -0.1575 0.9616
vn 0.2466 0.3345 0.9095
vn 0.2275 0.2918 0.9290
vn 0.2425 0.2811 0.9285
vn 0.2446 0.2800 0.9283
vn 0.2547 0.2356 0.9379
vn 0.2580 0.1184 0.9589
vn 0.3255 0.0123 0.9455
vn 0.3268 -0.0376 0.9443
vn 0.2867 0.0563 0.9564
vn 0.3132 0.0991 0.9445
vn 0.2827 0.1166 0.9521
vn 0.2833 0.0754 0.9561
vn 0.2633 0.0121 0.9646
vn 0.3304 -0.0395 0.9430
vn 0.3593 0.0114 0.9332
vn 0.2955 0.0620 0.9533
vn 0.2359 0.0309 0.9713
vn 0.1798 -0.0362 0.9830
vn 0.1719 -0.1118 0.9787
vn 0.0712 -0.1230 0.9899
vn 0.0523 -0.0204 0.9984
vn 0.0034 0.0681 0.9977
vn -0.0016 0.1468 0.9892
vn -0.0152 0.0448 0.9989
vn -0.0472 -0.0413 0.9980
vn -0.0692 -0.0859 0.9939
vn -0.1045 -0.1089 0.9885
vn -0.0938 -0.0882 0.9917
vn -0.1139 -0.0017 0.9935
vn -0.0663 0.0663 0.9956
vn -0.0782 0.0904 0.9928
vn -0.1212 0.1174 0.9857
vn -0.0730 0.0449 0.9963
vn -0.1029 -0.0530 0.9933
vn 0.0426 -0.1852 0.9818
vn 0.1228 -0.1690 0.9779
vn 0.1290 -0.0565 0.9900
vn 0.1738 0.0551 0.9832
vn 0.1434 0.0903 0.9855
vn 0.1117 0.0547 0.9922
vn 0.0830 0.0102 0.9965
vn 0.1175 0.0043 0.9931
vn 0.1824 0.1419 0.9729
vn 0.1927 0.2320 0.9535
vn 0.1779 0.2423 0.9537
vn 0.1242 0.1851 0.9748
vn 0.0386 0.0974 0.9945
vn -0.0823 0.0336 0.9960
vn -0.0996 -0.0870 0.9912
vn -0.1255 -0.1081 0.9862
vn -0.0798 -0.0361 0.9962
vn -0.0992 0.0551 0.9935
vn -0.1071 0.1235 0.9865
vn -0.0933 0.0981 0.9908
vn -0.1131 0.0481 0.9924
vn -0.0513 -0.0282 0.9983
vn 0.0127 -0.0000 0.9999
vn 0.0687 0.0939 0.9932
vn 0.1409 0.1301 0.9814
vn 0.1644 0.0962 0.9817
vn 0.1883 0.0596 0.9803
vn 0.1700 0.0053 0.9854
vn 0.2630 -0.1265 0.9565
vn 0.3002 -0.1623 0.9400
vn 0.3431 -0.1433 0.9283
vn 0.3686 -0.0832 0.9259
vn 0.3510 0.0095 0.9363
vn 0.3918 0.0965 0.9150
vn 0.3495 0.0886 0.9327
vn 0.3280 0.0217 0.9444
vn 0.2765 -0.0305 0.9605
vn 0.2844 -0.0361 0.9580
vn 0.3412 0.0015 0.9400
vn 0.3366 0.0523 0.9402
vn 0.3513 0.0799 0.9328
vn 0.2885 0.0076 0.9574
vn 0.3016 -0.1046 0.9477
vn 0.2653 -0.1772 0.9477
vn 0.2615 -0.2095 0.9422
vn 0.2350 -0.1760 0.9559
vn 0.1777 -0.1023 0.9787
vn 0.0990 0.2744 0.9565
vn 0.0768 0.2640 0.9615
vn 0.0669 0.3268 0.9427
vn 0.0761 0.2609 0.9624
vn 0.0740 0.2787 0.9575
vn 0.1252 0.1363 0.9827
vn 0.1373 0.0836 0.9870
vn 0.2230 -0.0276 0.9744
vn 0.2356 0.0238 0.9716
vn 0.1459 0.0560 0.9877
vn 0.0787 0.0705 0.9944
vn 0.0539 0.1096 0.9925
vn 0.1246 0.0070 0.9922
vn 0.1206 0.0365 0.9920
vn 0.1420 -0.0084 0.9898
vn 0.1279 -0.0158 0.9917
vn 0.0427 -0.0449 0.9981
vn -0.0195 -0.0772 0.9968
vn -0.1065 -0.1832 0.9773
vn -0.0992 -0.1257 0.9871
vn -0.0796 -0.0229 0.9966
vn -0.0664 0.0240 0.9975
vn -0.1172 0.1196 0.9859
vn -0.1593 0.0447 0.9862
vn -0.1457 -0.0695 0.9869
vn -0.1584 -0.1105 0.9812
vn -0.1615 -0.0981 0.9820
vn -0.1352 -0.0524 0.9894
vn -0.0621 0.0029 0.9981
vn -0.0986 0.0591 0.9934
vn -0.1364 0.0577 0.9890
vn -0.1971 0.0495 0.9791
vn -0.2740 0.0676 0.9594
vn -0.2180 -0.0304 0.9755
vn -0.1671 -0.0049 0.9859
vn -0.0105 -0.1350 0.9908
vn 0.0800 0.0075 0.9968
vn 0.0899 0.0530 0.9945
vn 0.0926 0.0665 0.9935
vn 0.0644 0.0220 0.9977
vn 0.0817 0.0194 0.9965
vn 0.1269 0.0769 0.9889
vn 0.1438 0.1590 0.9768
vn 0.1293 0.2126 0.9685
vn 0.0669 0.1866 0.9802
vn -0.0645 0.0642 0.9959
vn -0.1468 0.0215 0.9889
vn -0.1778 -0.0283 0.9837
vn -0.2229 -0.1030 0.9694
vn -0.2234 -0.1138 0.9681
vn -0.2175 0.0044 0.9760
vn -0.1501 0.0896 0.9846
vn -0.1252 0.1042 0.9866
vn -0.1585 0.0935 0.9829
vn -0.1482 0.0463 0.9879
vn -0.1698 0.0380 0.9848
vn -0.0909 0.0664 0.9936
vn -0.0356 0.1279 0.9912
vn -0.0135 0.1916 0.9814
vn -0.0365 0.0622 0.9974
vn -0.0333 0.1201 0.9922
vn 0.0276 0.0045 0.9996
vn 0.0457 -0.0016 0.9990
vn 0.2104 -0.0918 0.9733
vn 0.2853 -0.0881 0.9544
vn 0.3253 -0.0603 0.9437
vn 0.3511 -0.0287 0.9359
vn 0.2562 0.0767 0.9636
vn 0.1844 -0.0163 0.9827
vn 0.0953 0.0306 0.9950
vn 0.1468 -0.0519 0.9878
vn 0.1603 0.0149 0.9869
vn 0.1893 0.0353 0.9813
vn 0.2389 0.0714 0.9684
vn 0.1934 0.0407 0.9803
vn 0.2014 -0.0231 0.9792
vn 0.1603 -0.0891 0.9830
vn 0.2087 -0.2084 0.9555
vn 0.1875 -0.1929 0.9631
vn 0.2191 -0.1999 0.9550
vn 0.2543 -0.2155 0.9428
vn -0.0726 0.2670 0.9610
vn -0.0533 0.2543 0.9657
vn -0.1106 0.2672 0.9573
vn -0.1302 0.2899 0.9481
vn -0.1336 0.2625 0.9556
vn -0.1215 0.2103 0.9701
vn -0.0498 0.1027 0.9935
vn -0.0423 0.0437 0.9981
vn -0.0137 -0.0333 0.9994
vn -0.1045 -0.0296 0.9941
vn -0.1020 0.0453 0.9938
vn -0.1626 0.0842 0.9831
vn -0.1350 0.1033 0.9854
vn -0.0423 0.0111 0.9990
vn -0.0615 0.0096 0.9981
vn -0.1111 -0.0811 0.9905
vn -0.1707 -0.1051 0.9797
vn -0.2358 -0.1624 0.9581
vn -0.2472 -0.1678 0.9543
vn -0.2216 -0.1065 0.9693
vn -0.2068 -0.0062 0.9784
vn -0.1590 0.0814 0.9839
vn -0.1253 0.0655 0.9900
vn -0.1157 0.0284 0.9929
vn -0.1673 -0.0702 0.9834
vn -0.1698 -0.1155 0.9787
vn -0.1603 -0.0746 0.9842
vn -0.1116 -0.0275 0.9934
vn -0.1193 0.0558 0.9913
vn -0.0875 -0.0000 0.9962
vn -0.1261 0.0361 0.9914
vn -0.2104 -0.0818 0.9742
vn -0.3334 0.0087 0.9427
vn -0.3547 0.0492 0.9337
vn -0.2954 0.0369 0.9547
vn -0.2048 0.0626 0.9768
vn -0.0602 0.0550 0.9967
vn -0.0616 0.0426 0.9972
vn -0.0282 0.0963 0.9950
vn -0.0256 -0.0075 0.9996
vn -0.0015 0.0992 0.9951
vn 0.0677 0.0843 0.9941
vn 0.0487 0.1496 0.9875
vn 0.0131 0.1785 0.9839
vn -0.1052 0.0565 0.9928
vn -0.1553 -0.0117 0.9878
vn -0.1947 -0.0168 0.9807
vn -0.2563 -0.0763 0.9636
vn -0.2513 -0.1004 0.9627
vn -0.1767 -0.0419 0.9834
vn -0.1049 0.0309 0.9940
vn -0.1074 0.1023 0.9889
vn -0.1166 0.1066 0.9874
vn -0.1040 0.0836 0.9911
vn -0.1735 0.0159 0.9847
vn -0.1876 0.0152 0.9821
vn -0.1915 0.1587 0.9686
vn -0.1194 0.1551 0.9807
vn -0.1526 0.1489 0.9770
vn -0.1725 0.0527 0.9836
vn -0.2341 0.0902 0.9680
vn -0.2142 0.1101 0.9706
vn -0.0963 0.0486 0.9942
vn -0.0394 0.0762 0.9963
vn 0.0606 -0.0722 0.9955
vn 0.1018 -0.0046 0.9948
vn 0.1367 -0.0406 0.9898
vn 0.1334 -0.0185 0.9909
vn 0.0246 -0.1164 0.9929
vn -0.0480 -0.0242 0.9986
vn -0.0986 -0.0048 0.9951
vn -0.0530 0.0211 0.9984
vn -0.0580 0.0854 0.9947
vn 0.0038 0.0918 0.9958
vn -0.0227 -0.0005 0.9997
vn -0.0386 -0.0166 0.9991
vn -0.0022 -0.0828 0.9966
vn -0.0081 -0.1737 0.9848
vn 0.0629 -0.2020 0.9774
vn 0.0651 -0.1512 0.9864
vn 0.0822 -0.1621 0.9833
vn -0.1705 0.2129 0.9621
vn -0.2160 0.2550 0.9425
vn -0.1904 0.2299 0.9544
vn -0.2275 0.2531 0.9403
vn -0.2711 0.2571 0.9276
vn -0.2827 0.2098 0.9360
vn -0.2858 0.1558 0.9455
vn -0.2282 0.0562 0.9720
vn -0.2633 -0.0584 0.9629
vn -0.2373 -0.0586 0.9697
vn -0.2895 0.0287 0.9568
vn -0.2573 0.0646 0.9642
vn -0.2542 0.1372 0.9574
vn -0.2246 0.1018 0.9691
vn -0.1726 -0.0555 0.9834
vn -0.2144 -0.1246 0.9688
vn -0.2702 -0.1646 0.9486
vn -0.2918 -0.1808 0.9393
vn -0.2934 -0.1514 0.9439
vn -0.2675 -0.0591 0.9617
vn -0.1745 0.0777 0.9816
vn -0.1550 0.0574 0.9862
vn -0.1824 0.0959 0.9785
vn -0.2023 0.0107 0.9793
vn -0.1617 -0.0767 0.9838
vn -0.1623 -0.1212 0.9793
vn -0.1658 -0.0445 0.9852
vn -0.1152 0.0493 0.9921
vn -0.0439 0.0197 0.9988
vn -0.0814 0.0302 0.9962
vn -0.1270 -0.0770 0.9889
vn -0.1939 -0.1343 0.9718
vn -0.2431 -0.1111 0.9636
vn -0.3319 0.0473 0.9421
vn -0.3166 0.1187 0.9411
vn -0.2619 0.1191 0.9577
vn -0.2566 0.1423 0.9560
vn -0.1609 0.0618 0.9850
vn -0.1969 0.1025 0.9751
vn -0.1291 0.0448 0.9906
vn -0.1178 0.0925 0.9887
vn -0.1016 0.1650 0.9811
vn -0.0315 0.1121 0.9932
vn -0.0957 0.1100 0.9893
vn -0.1117 -0.0152 0.9936
vn -0.1591 -0.0381 0.9865
vn -0.2101 -0.0853 0.9740
vn -0.2042 -0.0722 0.9763
vn -0.1405 -0.0065 0.9901
vn -0.0979 -0.0310 0.9947
vn -0.0992 0.0858 0.9914
vn -0.0410 0.1116 0.9929
vn -0.0575 0.0852 0.9947
vn -0.1409 0.0234 0.9897
vn -0.1651 -0.0016 0.9863
vn -0.1505 0.0398 0.9878
vn -0.1377 0.1222 0.9829
vn -0.1849 0.2001 0.9622
vn -0.1573 0.0929 0.9832
vn -0.2108 0.0415 0.9766
vn -0.2375 0.0138 0.9713
vn -0.3071 0.1172 0.9444
vn -0.3028 0.1599 0.9395
vn -0.2299 0.0933 0.9687
vn -0.1894 0.0507 0.9806
vn -0.0862 0.0226 0.9960
vn -0.0665 -0.0196 0.9976
vn -0.1091 -0.1092 0.9880
vn -0.1181 -0.1333 0.9840
vn -0.1408 -0.1086 0.9841
vn -0.2140 -0.0327 0.9763
vn -0.2094 0.0797 0.9746
vn -0.1644 0.0748 0.9835
vn -0.2171 0.1092 0.9700
vn -0.1666 -0.0030 0.9860
vn -0.1643 0.0048 0.9864
vn -0.1509 -0.0778 0.9855
vn -0.1276 -0.1304 0.9832
vn -0.1070 -0.1518 0.9826
vn -0.0742 -0.1608 0.9842
vn -0.0751 -0.1650 0.9834
vn -0.1743 0.2419 0.9545
vn -0.1385 0.2172 0.9663
vn -0.1703 0.2538 0.9521
vn -0.1700 0.1995 0.9650
vn -0.2545 0.1943 0.9474
vn -0.3355 0.1820 0.9243
vn -0.3719 0.1440 0.9170
vn -0.3948 0.0783 0.9154
vn -0.3393 -0.0511 0.9393
vn -0.3361 -0.0390 0.9410
vn -0.3140 0.0072 0.9494
vn -0.2991 0.1227 0.9463
vn -0.2488 0.1479 0.9572
vn -0.2342 0.1119 0.9657
vn -0.2560 -0.0175 0.9665
vn -0.2152 -0.1622 0.9630
vn -0.2133 -0.1961 0.9571
vn -0.2207 -0.1876 0.9571
vn -0.1978 -0.1222 0.9726
vn -0.1478 0.0089 0.9890
vn -0.1697 0.0603 0.9837
vn -0.1895 0.1096 0.9757
vn -0.1506 0.0603 0.9868
vn -0.1654 0.0177 0.9861
vn -0.1657 -0.0477 0.9850
vn -0.1294 -0.0954 0.9870
vn -0.0542 -0.0126 0.9985
vn -0.0616 0.0556 0.9965
vn -0.0572 0.0812 0.9951
vn -0.0064 -0.0285 0.9996
vn -0.0481 -0.1246 0.9910
vn -0.0470 -0.1654 0.9851
vn -0.0973 -0.1813 0.9786
vn -0.1178 0.0045 0.9930
vn -0.1682 0.1148 0.9790
vn -0.2096 0.1481 0.9665
vn -0.2151 0.1240 0.9687
vn -0.2514 0.1326 0.9587
vn -0.1973 0.0602 0.9785
vn -0.2432 0.1143 0.9632
vn -0.1798 0.1067 0.9779
vn -0.1609 0.1630 0.9734
vn -0.1667 0.1705 0.9712
vn -0.1156 0.0569 0.9917
vn -0.1526 -0.0076 0.9883
vn -0.1315 -0.0726 0.9887
vn -0.1223 -0.0832 0.9890
vn -0.0869 -0.0392 0.9954
vn -0.0676 0.0279 0.9973
vn -0.0194 0.0386 0.9991
vn 0.0438 0.0755 0.9962
vn 0.0140 0.1503 0.9885
vn 0.0074 0.0187 0.9998
vn -0.0397 -0.0177 0.9991
vn -0.1003 -0.0571 0.9933
vn -0.1673 0.0340 0.9853
vn -0.1458 0.1525 0.9775
vn -0.1327 0.1479 0.9801
vn -0.1943 0.1043 0.9754
vn -0.1974 -0.0324 0.9798
vn -0.2638 -0.0176 0.9644
vn -0.2678 0.0726 0.9607
vn -0.2951 0.1408 0.9450
vn -0.3301 0.1555 0.9311
vn -0.2795 0.0752 0.9572
vn -0.2725 0.0930 0.9577
vn -0.2180 -0.0044 0.9759
vn -0.1413 -0.0764 0.9870
vn -0.0815 -0.1186 0.9896
vn -0.0746 -0.1279 0.9890
vn -0.0648 -0.0851 0.9943
vn -0.1496 0.0522 0.9874
vn -0.1852 0.0963 0.9780
vn -0.1728 0.0598 0.9831
vn -0.2000 0.0503 0.9785
vn -0.1793 -0.0020 0.9838
vn -0.1653 -0.0566 0.9846
vn -0.1543 -0.1211 0.9806
vn -0.1496 -0.1344 0.9796
vn -0.1444 -0.1274 0.9813
vn -0.1331 -0.1226 0.9835
vn -0.1131 0.3138 0.9427
vn -0.0828 0.2941 0.9522
vn -0.0072 0.2185 0.9758
vn -0.0860 0.1761 0.9806
vn -0.1265 0.0856 0.9883
vn -0.2400 0.0931 0.9663
vn -0.3234 0.1024 0.9407
vn -0.3422 0.0673 0.9372
vn -0.3478 0.0283 0.9371
vn -0.2732 -0.0307 0.9615
vn -0.2257 0.0856 0.9704
vn -0.2045 0.1077 0.9729
vn -0.2172 0.1899 0.9575
vn -0.1862 0.1338 0.9733
vn -0.1210 -0.0143 0.9925
vn -0.1252 -0.1299 0.9836
vn -0.0728 -0.1798 0.9810
vn -0.0686 -0.2005 0.9773
vn -0.0235 -0.0841 0.9962
vn -0.0428 -0.0010 0.9991
vn -0.0561 0.0433 0.9975
vn -0.0978 0.0549 0.9937
vn -0.1720 0.0968 0.9803
vn -0.1268 0.0070 0.9919
vn -0.1370 -0.0369 0.9899
vn -0.1015 -0.0548 0.9933
vn -0.1026 0.0271 0.9944
vn -0.0390 0.0634 0.9972
vn 0.0228 0.1379 0.9902
vn 0.0564 0.0006 0.9984
vn 0.1350 -0.1074 0.9850
vn 0.1418 -0.1694 0.9753
vn 0.1967 -0.1822 0.9634
vn 0.1510 -0.0428 0.9876
vn 0.0956 0.0411 0.9946
vn 0.0477 0.1414 0.9888
vn -0.0340 0.0355 0.9988
vn -0.1233 0.1099 0.9863
vn -0.1487 0.1137 0.9823
vn -0.0871 0.0643 0.9941
vn -0.1185 0.1621 0.9796
vn -0.0975 0.1804 0.9788
vn -0.0964 0.1583 0.9827
vn -0.1316 0.1003 0.9862
vn -0.0807 -0.0048 0.9967
vn -0.0887 -0.0526 0.9947
vn -0.0521 -0.0508 0.9974
vn -0.0308 -0.0046 0.9995
vn 0.0178 0.0615 0.9980
vn 0.0619 0.0754 0.9952
vn 0.0825 0.1042 0.9911
vn 0.0843 0.1011 0.9913
vn 0.0095 -0.0123 0.9999
vn -0.0130 -0.0632 0.9979
vn -0.0275 -0.0831 0.9962
vn -0.0010 0.0134 0.9999
vn -0.0797 0.1131 0.9904
vn -0.1403 0.1365 0.9807
vn -0.1469 0.0689 0.9868
vn -0.1954 -0.0427 0.9798
vn -0.1823 -0.0701 0.9807
vn -0.2061 0.0775 0.9755
vn -0.1862 0.1255 0.9745
vn -0.1875 0.1179 0.9752
vn -0.2275 0.1468 0.9626
vn -0.1544 0.1097 0.9819
vn -0.1222 0.0829 0.9890
vn -0.0328 0.0157 0.9993
vn -0.0082 -0.1045 0.9945
vn 0.0411 -0.0918 0.9949
vn 0.0329 -0.1212 0.9921
vn 0.0122 -0.0198 0.9997
vn -0.0156 0.0954 0.9953
vn -0.0402 0.0431 0.9983
vn -0.0429 0.0476 0.9979
vn -0.0239 0.0146 0.9996
vn -0.0115 -0.0356 0.9993
vn -0.0039 -0.1484 0.9889
vn -0.0098 -0.1103 0.9939
vn -0.0265 -0.1711 0.9849
vn -0.0483 -0.0202 0.9986
vn 0.0680 0.2193 0.9733
vn -0.0381 0.3234 0.9455
vn 0.0053 0.2324 0.9726
vn -0.0176 0.0967 0.9952
vn -0.0982 0.0829 0.9917
vn -0.0921 -0.0345 0.9951
vn -0.2813 0.1054 0.9538
vn -0.2371 0.0244 0.9712
vn -0.3127 0.0758 0.9468
vn -0.2092 0.0217 0.9776
vn -0.2025 0.0845 0.9756
vn -0.1888 0.1411 0.9718
vn -0.1283 0.1509 0.9802
vn -0.2136 0.2086 0.9544
vn -0.1042 0.0154 0.9944
vn -0.0903 -0.1291 0.9875
vn -0.0138 -0.1375 0.9904
vn 0.0340 -0.1821 0.9827
vn 0.0105 -0.0687 0.9976
vn 0.0446 -0.0252 0.9987
vn -0.0986 0.0157 0.9950
vn -0.0178 -0.0048 0.9998
vn -0.1293 0.0773 0.9886
vn -0.1279 0.0281 0.9914
vn -0.1236 -0.0330 0.9918
vn -0.0867 -0.0317 0.9957
vn 0.0589 0.0522 0.9969
vn 0.0254 0.1245 0.9919
vn 0.1528 0.1770 0.9723
vn 0.1165 0.0266 0.9928
vn 0.2554 -0.0275 0.9664
vn 0.2625 -0.1643 0.9508
vn 0.2757 -0.1197 0.9537
vn 0.3532 -0.1238 0.9273
vn 0.2505 0.0237 0.9678
vn 0.1982 0.0715 0.9775
vn 0.0022 -0.0324 0.9995
vn 0.0917 0.0382 0.9951
vn -0.0859 0.1425 0.9861
vn 0.0006 0.1116 0.9938
vn 0.0781 0.1104 0.9908
vn -0.0511 0.2194 0.9743
vn 0.0241 0.0993 0.9948
vn -0.0977 0.1132 0.9888
vn -0.0805 0.0059 0.9967
vn -0.0930 -0.0559 0.9941
vn -0.0199 -0.0169 0.9997
vn 0.0129 0.0178 0.9998
vn 0.0264 0.0872 0.9958
vn 0.1474 0.1363 0.9796
vn 0.0851 0.0827 0.9929
vn 0.0986 0.0805 0.9919
vn 0.0480 -0.0518 0.9975
vn 0.0082 -0.0726 0.9973
vn 0.0077 -0.0832 0.9965
vn -0.0838 0.0160 0.9964
vn 0.0300 0.0195 0.9994
vn -0.1419 0.1322 0.9810
vn -0.1621 0.0400 0.9860
vn -0.2213 -0.0719 0.9726
vn -0.1535 -0.0205 0.9879
vn -0.0696 0.0519 0.9962
vn -0.1681 0.1774 0.9697
vn -0.0662 0.0860 0.9941
vn -0.1298 0.1601 0.9785
vn -0.0885 0.1471 0.9852
vn -0.0585 0.1209 0.9909
vn -0.0293 0.0450 0.9986
vn 0.0321 -0.0805 0.9962
vn 0.0200 -0.0574 0.9982
vn 0.1408 -0.1336 0.9810
vn 0.0853 -0.0226 0.9961
vn 0.1295 0.0881 0.9877
vn 0.0186 0.0162 0.9997
vn 0.0948 0.0784 0.9924
vn 0.1184 0.0147 0.9929
vn 0.0751 -0.0131 0.9971
vn 0.1588 -0.1524 0.9755
vn 0.0694 -0.1132 0.9911
vn 0.1516 -0.1830 0.9714
vn 0.1011 -0.1156 0.9881
s 1
f 82//82 2//2 1//1
f 83//83 3//3 2//2
f 84//84 4//4 3//3
f 85//85 5//5 4//4
f 86//86 6//6 5//5
f 6//6 88//88 7//7
f 7//7 89//89 8//8
f 8//8 90//90 9//9
f 9//9 91//91 10//10
f 91//91 11//11 10//10
f 92//92 12//12 11//11
f 12//12 94//94 13//13
f 13//13 95//95 14//14
f 14//14 96//96 15//15
f 96//96 16//16 15//15
f 97//97 17//17 16//16
f 98//98 18//18 17//17
f 99//99 19//19 18//18
f 100//100 20//20 19//19
f 101//101 21//21 20//20
f 102//102 22//22 21//21
f 103//103 23//23 22//22
f 104//104 24//24 23//23
f 24//24 106//106 25//25
f 25//25 107//107 26//26
f 26//26 108//108 27//27
f 108//108 28//28 27//27
f 109//109 29//29 28//28
f 29//29 111//111 30//30
f 111//111 31//31 30//30
f 112//112 32//32 31//31
f 113//113 33//33 32//32
f 33//33 115//115 34//34
f 34//34 116//116 35//35
f 35//35 117//117 36//36
f 36//36 118//118 37//37
f 118//118 38//38 37//37
f 38//38 120//120 39//39
f 39//39 121//121 40//40
f 40//40 122//122 41//41
f 41//41 123//123 42//42
f 42//42 124//124 43//43
f 124//124 44//44 43//43
f 44//44 126//126 45//45
f 126//126 46//46 45//45
f 46//46 128//128 47//47
f 47//47 129//129 48//48
f 48//48 130//130 49//49
f 130//130 50//50 49//49
f 131//131 51//51 50//50
f 132//132 52//52 51//51
f 133//133 53//53 52//52
f 134//134 54//54 53//53
f 54//54 136//136 55//55
f 136//136 56//56 55//55
f 137//137 57//57 56//56
f 138//138 58//58 57//57
f 139//139 59//59 58//58
f 59//59 141//141 60//60
f 60//60 142//142 61//61
f 142//142 62//62 61//61
f 143//143 63//63 62//62
f 63//63 145//145 64//64
f 64//64 146//146 65//65
f 65//65 147//147 66//66
f 66//66 148//148 67//67
f 67//67 149//149 68//68
f 68//68 150//150 69//69
f 150//150 70//70 69//69
f 151//151 71//71 70//70
f 152//152 72//72 71//71
f 72//72 154//154 73//73
f 73//73 155//155 74//74
f 74//74 156//156 75//75
f 75//75 157//157 76//76
f 76//76 158//158 77//77
f 158//158 78//78 77//77
f 159//159 79//79 78//78
f 160//160 80//80 79//79
f 161//161 81//81 80//80
f 163//163 83//83 82//82
f 164//164 84//84 83//83
f 165//165 85//85 84//84
f 85//85 167//167 86//86
f 86//86 168//168 87//87
f 87//87 169//169 88//88
f 88//88 170//170 89//89
f 89//89 171//171 90//90
f 90//90 172//172 91//91
f 91//91 173//173 92//92
f 92//92 174//174 93//93
f 93//93 175//175 94//94
f 94//94 176//176 95//95
f 176//176 96//96 95//95
f 96//96 178//178 97//97
f 178//178 98//98 97//97
f 179//179 99//99 98//98
f 99//99 181//181 100//100
f 100//100 182//182 101//101
f 182//182 102//102 101//101
f 183//183 103//103 102//102
f 184//184 104//104 103//103
f 185//185 105//105 104//104
f 105//105 187//187 106//106
f 106//106 188//188 107//107
f 107//107 189//189 108//108
f 108//108 190//190 109//109
f 190//190 110//110 109//109
f 110//110 192//192 111//111
f 111//111 193//193 112//112
f 112//112 194//194 113//113
f 194//194 114//114 113//113
f 195//195 115//115 114//114
f 115//115 197//197 116//116
f 116//116 198//198 117//117
f 117//117 199//199 118//118
f 118//118 200//200 119//119
f 200//200 120//120 119//119
f 120//120 202//202 121//121
f 121//121 203//203 122//122
f 122//122 204//204 123//123
f 123//123 205//205 124//124
f 124//124 206//206 125//125
f 206//206 126//126 125//125
f 207//207 127//127 126//126
f 127//127 209//209 128//128
f 209//209 129//129 128//128
f 210//210 130//130 129//129
f 211//211 131//131 130//130
f 212//212 132//132 131//131
f 213//213 133//133 132//132
f 214//214 134//134 133//133
f 134//134 216//216 135//135
f 135//135 217//217 136//136
f 136//136 218//218 137//137
f 137//137 219//219 138//138
f 138//138 220//220 139//139
f 220//220 140//140 139//139
f 221//221 141//141 140//140
f 222//222 142//142 141//141
f 142//142 224//224 143//143
f 143//143 225//225 144//144
f 144//144 226//226 145//145
f 226//226 146//146 145//145
f 146//146 228//228 147//147
f 147//147 229//229 148//148
f 148//148 230//230 149//149
f 149//149 231//231 150//150
f 231//231 151//151 150//150
f 232//232 152//152 151//151
f 233//233 153//153 152//152
f 153//153 235//235 154//154
f 154//154 236//236 155//155
f 155//155 237//237 156//156
f 156//156 238//238 157//157
f 157//157 239//239 158//158
f 239//239 159//159 158//158
f 240//240 160//160 159//159
f 241//241 161//161 160//160
f 242//242 162//162 161//161
f 163//163 245//245 164//164
f 164//164 246//246 165//165
f 165//165 247//247 166//166
f 166//166 248//248 167//167
f 167//167 249//249 168//168
f 168//168 250//250 169//169
f 169//169 251//251 170//170
f 170//170 252//252 171//171
f 171//171 253//253 172//172
f 172//172 254//254 173//173
f 173//173 255//255 174//174
f 174//174 256//256 175//175
f 256//256 176//176 175//175
f 257//257 177//177 176//176
f 258//258 178//178 177//177
f 259//259 179//179 178//178
f 260//260 180//180 179//179
f 180//180 262//262 181//181
f 181//181 263//263 182//182
f 263//263 183//183 182//182
f 264//264 184//184 183//183
f 265//265 185//185 184//184
f 185//185 267//267 186//186
f 186//186 268//268 187//187
f 187//187 269//269 188//188
f 188//188 270//270 189//189
f 270//270 190//190 189//189
f 190//190 272//272 191//191
f 191//191 273//273 192//192
f 192//192 274//274 193//193
f 274//274 194//194 193//193
f 194//194 276//276 195//195
f 276//276 196//196 195//195
f 277//277 197//197 196//196
f 197//197 279//279 198//198
f 198//198 280//280 199//199
f 199//199 281//281 200//200
f 281//281 201//201 200//200
f 282//282 202//202 201//201
f 283//283 203//203 202//202
f 284//284 204//204 203//203
f 285//285 205//205 204//204
f 205//205 287//287 206//206
f 206//206 288//288 207//207
f 207//207 289//289 208//208
f 289//289 209//209 208//208
f 290//290 210//210 209//209
f 291//291 211//211 210//210
f 292//292 212//212 211//211
f 293//293 213//213 212//212
f 213//213 295//295 214//214
f 214//214 296//296 215//215
f 215//215 297//297 216//216
f 216//216 298//298 217//217
f 217//217 299//299 218//218
f 218//218 300//300 219//219
f 219//219 301//301 220//220
f 220//220 302//302 221//221
f 302//302 222//222 221//221
f 303//303 223//223 222//222
f 223//223 305//305 224//224
f 305//305 225//225 224//224
f 306//306 226//226 225//225
f 307//307 227//227 226//226
f 227//227 309//309 228//228
f 228//228 310//310 229//229
f 229//229 311//311 230//230
f 230//230 312//312 231//231
f 312//312 232//232 231//231
f 313//313 233//233 232//232
f 233//233 315//315 234//234
f 234//234 316//316 235//235
f 235//235 317//317 236//236
f 236//236 318//318 237//237
f 237//237 319//319 238//238
f 238//238 320//320 239//239
f 320//320 240//240 239//239
f 321//321 241//241 240//240
f 322//322 242//242 241//241
f 323//323 243//243 242//242
f 244//244 326//326 245//245
f 245//245 327//327 246//246
f 246//246 328//328 247//247
f 247//247 329//329 248//248
f 248//248 330//330 249//249
f 249//249 331//331 250//250
f 250//250 332//332 251//251
f 251//251 333//333 252//252
f 252//252 334//334 253//253
f 253//253 335//335 254//254
f 254//254 336//336 255//255
f 255//255 337//337 256//256
f 337//337 257//257 256//256
f 338//338 258//258 257//257
f 339//339 259//259 258//258
f 340//340 260//260 259//259
f 260//260 342//342 261//261
f 261//261 343//343 262//262
f 262//262 344//344 263//263
f 344//344 264//264 263//263
f 345//345 265//265 264//264
f 346//346 266//266 265//265
f 347//347 267//267 266//266
f 267//267 349//349 268//268
f 268//268 350//350 269//269
f 269//269 351//351 270//270
f 270//270 352//352 271//271
f 271//271 353//353 272//272
f 272//272 354//354 273//273
f 273//273 355//355 274//274
f 274//274 356//356 275//275
f 356//356 276//276 275//275
f 357//357 277//277 276//276
f 358//358 278//278 277//277
f 359//359 279//279 278//278
f 279//279 361//361 280//280
f 280//280 362//362 281//281
f 281//281 363//363 282//282
f 363//363 283//283 282//282
f 364//364 284//284 283//283
f 365//365 285//285 284//284
f 366//366 286//286 285//285
f 286//286 368//368 287//287
f 287//287 369//369 288//288
f 288//288 370//370 289//289
f 370//370 290//290 289//289
f 371//371 291//291 290//290
f 372//372 292//292 291//291
f 373//373 293//293 292//292
f 374//374 294//294 293//293
f 294//294 376//376 295//295
f 295//295 377//377 296//296
f 296//296 378//378 297//297
f 297//297 379//379 298//298
f 298//298 380//380 299//299
f 299//299 381//381 300//300
f 300//300 382//382 301//301
f 382//382 302//302 301//301
f 383//383 303//303 302//302
f 384//384 304//304 303//303
f 385//385 305//305 304//304
f 386//386 306//306 305//305
f 387//387 307//307 306//306
f 388//388 308//308 307//307
f 389//389 309//309 308//308
f 309//309 391//391 310//310
f 310//310 392//392 311//311
f 311//311 393//393 312//312
f 393//393 313//313 312//312
f 313//313 395//395 314//314
f 314//314 396//396 315//315
f 315//315 397//397 316//316
f 316//316 398//398 317//317
f 317//317 399//399 318//318
f 318//318 400//400 319//319
f 319//319 401//401 320//320
f 320//320 402//402 321//321
f 402//402 322//322 321//321
f 403//403 323//323 322//322
f 404//404 324//324 323//323
f 406//406 326//326 325//325
f 326//326 408//408 327//327
f 327//327 409//409 328//328
f 328//328 410//410 329//329
f 329//329 411//411 330//330
f 330//330 412//412 331//331
f 331//331 413//413 332//332
f 332//332 414//414 333//333
f 333//333 415//415 334//334
f 334//334 416//416 335//335
f 335//335 417//417 336//336
f 417//417 337//337 336//336
f 418//418 338//338 337//337
f 419//419 339//339 338//338
f 420//420 340//340 339//339
f 340//340 422//422 341//341
f 341//341 423//423 342//342
f 342//342 424//424 343//343
f 424//424 344//344 343//343
f 425//425 345//345 344//344
f 426//426 346//346 345//345
f 427//427 347//347 346//346
f 347//347 429//429 348//348
f 348//348 430//430 349//349
f 349//349 431//431 350//350
f 350//350 432//432 351//351
f 351//351 433//433 352//352
f 352//352 434//434 353//353
f 353//353 435//435 354//354
f 354//354 436//436 355//355
f 355//355 437//437 356//356
f 437//437 357//357 356//356
f 438//438 358//358 357//357
f 439//439 359//359 358//358
f 440//440 360//360 359//359
f 360//360 442//442 361//361
f 361//361 443//443 362//362
f 443//443 363//363 362//362
f 444//444 364//364 363//363
f 445//445 365//365 364//364
f 446//446 366//366 365//365
f 447//447 367//367 366//366
f 367//367 449//449 368//368
f 368//368 450//450 369//369
f 369//369 451//451 370//370
f 370//370 452//452 371//371
f 452//452 372//372 371//371
f 372//372 454//454 373//373
f 373//373 455//455 374//374
f 374//374 456//456 375//375
f 456//456 376//376 375//375
f 457//457 377//377 376//376
f 458//458 378//378 377//377
f 459//459 379//379 378//378
f 460//460 380//380 379//379
f 380//380 462//462 381//381
f 381//381 463//463 382//382
f 382//382 464//464 383//383
f 464//464 384//384 383//383
f 465//465 385//385 384//384
f 466//466 386//386 385//385
f 467//467 387//387 386//386
f 468//468 388//388 387//387
f 469//469 389//389 388//388
f 470//470 390//390 389//389
f 471//471 391//391 390//390
f 391//391 473//473 392//392
f 392//392 474//474 393//393
f 393//393 475//475 394//394
f 394//394 476//476 395//395
f 395//395 477//477 396//396
f 396//396 478//478 397//397
f 397//397 479//479 398//398
f 398//398 480//480 399//399
f 399//399 481//481 400//400
f 400//400 482//482 401//401
f 401//401 483//483 402//402
f 402//402 484//484 403//403
f 484//484 404//404 403//403
f 485//485 405//405 404//404
f 406//406 488//488 407//407
f 488//488 408//408 407//407
f 489//489 409//409 408//408
f 490//490 410//410 409//409
f 410//410 492//492 411//411
f 411//411 493//493 412//412
f 412//412 494//494 413//413
f 413//413 495//495 414//414
f 414//414 496//496 415//415
f 415//415 497//497 416//416
f 497//497 417//417 416//416
f 498//498 418//418 417//417
f 499//499 419//419 418//418
f 500//500 420//420 419//419
f 420//420 502//502 421//421
f 421//421 503//503 422//422
f 422//422 504//504 423//423
f 423//423 505//505 424//424
f 424//424 506//506 425//425
f 506//506 426//426 425//425
f 426//426 508//508 427//427
f 427//427 509//509 428//428
f 509//509 429//429 428//428
f 510//510 430//430 429//429
f 430//430 512//512 431//431
f 431//431 513//513 432//432
f 513//513 433//433 432//432
f 433//433 515//515 434//434
f 434//434 516//516 435//435
f 435//435 517//517 436//436
f 436//436 518//518 437//437
f 518//518 438//438 437//437
f 519//519 439//439 438//438
f 520//520 440//440 439//439
f 521//521 441//441 440//440
f 522//522 442//442 441//441
f 523//523 443//443 442//442
f 524//524 444//444 443//443
f 525//525 445//445 444//444
f 526//526 446//446 445//445
f 527//527 447//447 446//446
f 528//528 448//448 447//447
f 448//448 530//530 449//449
f 449//449 531//531 450//450
f 450//450 532//532 451//451
f 451//451 533//533 452//452
f 533//533 453//453 452//452
f 453//453 535//535 454//454
f 454//454 536//536 455//455
f 455//455 537//537 456//456
f 537//537 457//457 456//456
f 538//538 458//458 457//457
f 539//539 459//459 458//458
f 540//540 460//460 459//459
f 460//460 542//542 461//461
f 542//542 462//462 461//461
f 543//543 463//463 462//462
f 544//544 464//464 463//463
f 464//464 546//546 465//465
f 465//465 547//547 466//466
f 466//466 548//548 467//467
f 467//467 549//549 468//468
f 468//468 550//550 469//469
f 469//469 551//551 470//470
f 470//470 552//552 471//471
f 471//471 553//553 472//472
f 553//553 473//473 472//472
f 554//554 474//474 473//473
f 555//555 475//475 474//474
f 556//556 476//476 475//475
f 557//557 477//477 476//476
f 558//558 478//478 477//477
f 478//478 560//560 479//479
f 479//479 561//561 480//480
f 480//480 562//562 481//481
f 481//481 563//563 482//482
f 482//482 564//564 483//483
f 483//483 565//565 484//484
f 484//484 566//566 485//485
f 566//566 486//486 485//485
f 487//487 569//569 488//488
f 569//569 489//489 488//488
f 489//489 571//571 490//490
f 571//571 491//491 490//490
f 572//572 492//492 491//491
f 573//573 493//493 492//492
f 574//574 494//494 493//493
f 575//575 495//495 494//494
f 576//576 496//496 495//495
f 496//496 578//578 497//497
f 578//578 498//498 497//497
f 579//579 499//499 498//498
f 580//580 500//500 499//499
f 581//581 501//501 500//500
f 582//582 502//502 501//501
f 583//583 503//503 502//502
f 584//584 504//504 503//503
f 585//585 505//505 504//504
f 586//586 506//506 505//505
f 587//587 507//507 506//506
f 507//507 589//589 508//508
f 589//589 509//509 508//508
f 509//509 591//591 510//510
f 591//591 511//511 510//510
f 592//592 512//512 511//511
f 593//593 513//513 512//512
f 594//594 514//514 513//513
f 595//595 515//515 514//514
f 596//596 516//516 515//515
f 597//597 517//517 516//516
f 598//598 518//518 517//517
f 599//599 519//519 518//518
f 519//519 601//601 520//520
f 520//520 602//602 521//521
f 521//521 603//603 522//522
f 603//603 523//523 522//522
f 523//523 605//605 524//524
f 524//524 606//606 525//525
f 525//525 607//607 526//526
f 526//526 608//608 527//527
f 608//608 528//528 527//527
f 528//528 610//610 529//529
f 610//610 530//530 529//529
f 611//611 531//531 530//530
f 612//612 532//532 531//531
f 613//613 533//533 532//532
f 614//614 534//534 533//533
f 534//534 616//616 535//535
f 535//535 617//617 536//536
f 536//536 618//618 537//537
f 618//618 538//538 537//537
f 619//619 539//539 538//538
f 620//620 540//540 539//539
f 621//621 541//541 540//540
f 541//541 623//623 542//542
f 542//542 624//624 543//543
f 624//624 544//544 543//543
f 625//625 545//545 544//544
f 545//545 627//627 546//546
f 546//546 628//628 547//547
f 547//547 629//629 548//548
f 548//548 630//630 549//549
f 549//549 631//631 550//550
f 550//550 632//632 551//551
f 551//551 633//633 552//552
f 552//552 634//634 553//553
f 634//634 554//554 553//553
f 635//635 555//555 554//554
f 636//636 556//556 555//555
f 637//637 557//557 556//556
f 638//638 558//558 557//557
f 639//639 559//559 558//558
f 640//640 560//560 559//559
f 560//560 642//642 561//561
f 642//642 562//562 561//561
f 562//562 644//644 563//563
f 563//563 645//645 564//564
f 564//564 646//646 565//565
f 565//565 647//647 566//566
f 566//566 648//648 567//567
f 649//649 569//569 568//568
f 569//569 651//651 570//570
f 570//570 652//652 571//571
f 571//571 653//653 572//572
f 653//653 573//573 572//572
f 654//654 574//574 573//573
f 655//655 575//575 574//574
f 656//656 576//576 575//575
f 657//657 577//577 576//576
f 577//577 659//659 578//578
f 578//578 660//660 579//579
f 579//579 661//661 580//580
f 580//580 662//662 581//581
f 662//662 582//582 581//581
f 663//663 583//583 582//582
f 664//664 584//584 583//583
f 665//665 585//585 584//584
f 666//666 586//586 585//585
f 667//667 587//587 586//586
f 668//668 588//588 587//587
f 669//669 589//589 588//588
f 589//589 671//671 590//590
f 590//590 672//672 591//591
f 672//672 592//592 591//591
f 673//673 593//593 592//592
f 674//674 594//594 593//593
f 675//675 595//595 594//594
f 676//676 596//596 595//595
f 677//677 597//597 596//596
f 678//678 598//598 597//597
f 679//679 599//599 598//598
f 599//599 681//681 600//600
f 600//600 682//682 601//601
f 601//601 683//683 602//602
f 683//683 603//603 602//602
f 603//603 685//685 604//604
f 604//604 686//686 605//605
f 605//605 687//687 606//606
f 606//606 688//688 607//607
f 607//607 689//689 608//608
f 608//608 690//690 609//609
f 690//690 610//610 609//609
f 691//691 611//611 610//610
f 692//692 612//612 611//611
f 693//693 613//613 612//612
f 694//694 614//614 613//613
f 695//695 615//615 614//614
f 615//615 697//697 616//616
f 616//616 698//698 617//617
f 617//617 699//699 618//618
f 699//699 619//619 618//618
f 700//700 620//620 619//619
f 701//701 621//621 620//620
f 702//702 622//622 621//621
f 622//622 704//704 623//623
f 704//704 624//624 623//623
f 624//624 706//706 625//625
f 706//706 626//626 625//625
f 626//626 708//708 627//627
f 627//627 709//709 628//628
f 628//628 710//710 629//629
f 629//629 711//711 630//630
f 630//630 712//712 631//631
f 631//631 713//713 632//632
f 632//632 714//714 633//633
f 633//633 715//715 634//634
f 715//715 635//635 634//634
f 716//716 636//636 635//635
f 717//717 637//637 636//636
f 718//718 638//638 637//637
f 638//638 720//720 639//639
f 639//639 721//721 640//640
f 721//721 641//641 640//640
f 722//722 642//642 641//641
f 642//642 724//724 643//643
f 724//724 644//644 643//643
f 725//725 645//645 644//644
f 726//726 646//646 645//645
f 727//727 647//647 646//646
f 728//728 648//648 647//647
f 730//730 650//650 649//649
f 731//731 651//651 650//650
f 651//651 733//733 652//652
f 652//652 734//734 653//653
f 653//653 735//735 654//654
f 735//735 655//655 654//654
f 736//736 656//656 655//655
f 737//737 657//657 656//656
f 657//657 739//739 658//658
f 658//658 740//740 659//659
f 659//659 741//741 660//660
f 660//660 742//742 661//661
f 742//742 662//662 661//661
f 743//743 663//663 662//662
f 744//744 664//664 663//663
f 745//745 665//665 664//664
f 746//746 666//666 665//665
f 747//747 667//667 666//666
f 748//748 668//668 667//667
f 749//749 669//669 668//668
f 750//750 670//670 669//669
f 751//751 671//671 670//670
f 671//671 753//753 672//672
f 672//672 754//754 673//673
f 754//754 674//674 673//673
f 755//755 675//675 674//674
f 756//756 676//676 675//675
f 757//757 677//677 676//676
f 758//758 678//678 677//677
f 759//759 679//679 678//678
f 760//760 680//680 679//679
f 680//680 762//762 681//681
f 681//681 763//763 682//682
f 682//682 764//764 683//683
f 683//683 765//765 684//684
f 765//765 685//685 684//684
f 685//685 767//767 686//686
f 686//686 768//768 687//687
f 687//687 769//769 688//688
f 688//688 770//770 689//689
f 689//689 771//771 690//690
f 690//690 772//772 691//691
f 772//772 692//692 691//691
f 773//773 693//693 692//692
f 774//774 694//694 693//693
f 775//775 695//695 694//694
f 776//776 696//696 695//695
f 777//777 697//697 696//696
f 697//697 779//779 698//698
f 698//698 780//780 699//699
f 780//780 700//700 699//699
f 781//781 701//701 700//700
f 782//782 702//702 701//701
f 783//783 703//703 702//702
f 703//703 785//785 704//704
f 704//704 786//786 705//705
f 786//786 706//706 705//705
f 706//706 788//788 707//707
f 707//707 789//789 708//708
f 708//708 790//790 709//709
f 709//709 791//791 710//710
f 710//710 792//792 711//711
f 711//711 793//793 712//712
f 712//712 794//794 713//713
f 713//713 795//795 714//714
f 714//714 796//796 715//715
f 796//796 716//716 715//715
f 797//797 717//717 716//716
f 798//798 718//718 717//717
f 718//718 800//800 719//719
f 719//719 801//801 720//720
f 720//720 802//802 721//721
f 721//721 803//803 722//722
f 722//722 804//804 723//723
f 804//804 724//724 723//723
f 805//805 725//725 724//724
f 806//806 726//726 725//725
f 807//807 727//727 726//726
f 808//808 728//728 727//727
f 809//809 729//729 728//728
f 730//730 812//812 731//731
f 731//731 813//813 732//732
f 813//813 733//733 732//732
f 814//814 734//734 733//733
f 815//815 735//735 734//734
f 735//735 817//817 736//736
f 736//736 818//818 737//737
f 737//737 819//819 738//738
f 738//738 820//820 739//739
f 739//739 821//821 740//740
f 740//740 822//822 741//741
f 822//822 742//742 741//741
f 823//823 743//743 742//742
f 824//824 744//744 743//743
f 825//825 745//745 744//744
f 826//826 746//746 745//745
f 827//827 747//747 746//746
f 828//828 748//748 747//747
f 829//829 749//749 748//748
f 830//830 750//750 749//749
f 831//831 751//751 750//750
f 832//832 752//752 751//751
f 752//752 834//834 753//753
f 753//753 835//835 754//754
f 754//754 836//836 755//755
f 836//836 756//756 755//755
f 837//837 757//757 756//756
f 838//838 758//758 757//757
f 839//839 759//759 758//758
f 840//840 760//760 759//759
f 841//841 761//761 760//760
f 761//761 843//843 762//762
f 762//762 844//844 763//763
f 763//763 845//845 764//764
f 845//845 765//765 764//764
f 846//846 766//766 765//765
f 847//847 767//767 766//766
f 767//767 849//849 768//768
f 768//768 850//850 769//769
f 769//769 851//851 770//770
f 770//770 852//852 771//771
f 771//771 853//853 772//772
f 772//772 854//854 773//773
f 854//854 774//774 773//773
f 855//855 775//775 774//774
f 775//775 857//857 776//776
f 776//776 858//858 777//777
f 858//858 778//778 777//777
f 859//859 779//779 778//778
f 779//779 861//861 780//780
f 861//861 781//781 780//780
f 862//862 782//782 781//781
f 863//863 783//783 782//782
f 864//864 784//784 783//783
f 784//784 866//866 785//785
f 785//785 867//867 786//786
f 786//786 868//868 787//787
f 868//868 788//788 787//787
f 788//788 870//870 789//789
f 789//789 871//871 790//790
f 790//790 872//872 791//791
f 791//791 873//873 792//792
f 792//792 874//874 793//793
f 793//793 875//875 794//794
f 794//794 876//876 795//795
f 876//876 796//796 795//795
f 877//877 797//797 796//796
f 878//878 798//798 797//797
f 798//798 880//880 799//799
f 799//799 881//881 800//800
f 800//800 882//882 801//801
f 801//801 883//883 802//802
f 802//802 884//884 803//803
f 884//884 804//804 803//803
f 885//885 805//805 804//804
f 886//886 806//806 805//805
f 887//887 807//807 806//806
f 807//807 889//889 808//808
f 889//889 809//809 808//808
f 890//890 810//810 809//809
f 892//892 812//812 811//811
f 893//893 813//813 812//812
f 813//813 895//895 814//814
f 895//895 815//815 814//814
f 896//896 816//816 815//815
f 816//816 898//898 817//817
f 817//817 899//899 818//818
f 818//818 900//900 819//819
f 819//819 901//901 820//820
f 820//820 902//902 821//821
f 902//902 822//822 821//821
f 903//903 823//823 822//822
f 904//904 824//824 823//823
f 905//905 825//825 824//824
f 906//906 826//826 825//825
f 907//907 827//827 826//826
f 908//908 828//828 827//827
f 909//909 829//829 828//828
f 910//910 830//830 829//829
f 830//830 912//912 831//831
f 912//912 832//832 831//831
f 832//832 914//914 833//833
f 914//914 834//834 833//833
f 834//834 916//916 835//835
f 835//835 917//917 836//836
f 917//917 837//837 836//836
f 918//918 838//838 837//837
f 838//838 920//920 839//839
f 839//839 921//921 840//840
f 840//840 922//922 841//841
f 841//841 923//923 842//842
f 923//923 843//843 842//842
f 924//924 844//844 843//843
f 925//925 845//845 844//844
f 926//926 846//846 845//845
f 927//927 847//847 846//846
f 928//928 848//848 847//847
f 848//848 930//930 849//849
f 849//849 931//931 850//850
f 850//850 932//932 851//851
f 851//851 933//933 852//852
f 933//933 853//853 852//852
f 934//934 854//854 853//853
f 854//854 936//936 855//855
f 855//855 937//937 856//856
f 856//856 938//938 857//857
f 857//857 939//939 858//858
f 858//858 940//940 859//859
f 940//940 860//860 859//859
f 941//941 861//861 860//860
f 861//861 943//943 862//862
f 862//862 944//944 863//863
f 863//863 945//945 864//864
f 864//864 946//946 865//865
f 946//946 866//866 865//865
f 947//947 867//867 866//866
f 948//948 868//868 867//867
f 868//868 950//950 869//869
f 869//869 951//951 870//870
f 951//951 871//871 870//870
f 952//952 872//872 871//871
f 953//953 873//873 872//872
f 954//954 874//874 873//873
f 955//955 875//875 874//874
f 956//956 876//876 875//875
f 957//957 877//877 876//876
f 958//958 878//878 877//877
f 959//959 879//879 878//878
f 879//879 961//961 880//880
f 880//880 962//962 881//881
f 881//881 963//963 882//882
f 882//882 964//964 883//883
f 964//964 884//884 883//883
f 965//965 885//885 884//884
f 966//966 886//886 885//885
f 967//967 887//887 886//886
f 968//968 888//888 887//887
f 888//888 970//970 889//889
f 889//889 971//971 890//890
f 971//971 891//891 890//890
f 973//973 893//893 892//892
f 893//893 975//975 894//894
f 975//975 895//895 894//894
f 895//895 977//977 896//896
f 977//977 897//897 896//896
f 978//978 898//898 897//897
f 898//898 980//980 899//899
f 899//899 981//981 900//900
f 900//900 982//982 901//901
f 901//901 983//983 902//902
f 902//902 984//984 903//903
f 903//903 985//985 904//904
f 904//904 986//986 905//905
f 905//905 987//987 906//906
f 906//906 988//988 907//907
f 907//907 989//989 908//908
f 908//908 990//990 909//909
f 909//909 991//991 910//910
f 991//991 911//911 910//910
f 911//911 993//993 912//912
f 912//912 994//994 913//913
f 913//913 995//995 914//914
f 914//914 996//996 915//915
f 915//915 997//997 916//916
f 916//916 998//998 917//917
f 917//917 999//999 918//918
f 918//918 1000//1000 919//919
f 919//919 1001//1001 920//920
f 920//920 1002//1002 921//921
f 921//921 1003//1003 922//922
f 922//922 1004//1004 923//923
f 923//923 1005//1005 924//924
f 1005//1005 925//925 924//924
f 925//925 1007//1007 926//926
f 926//926 1008//1008 927//927
f 927//927 1009//1009 928//928
f 928//928 1010//1010 929//929
f 929//929 1011//1011 930//930
f 1011//1011 931//931 930//930
f 1012//1012 932//932 931//931
f 1013//1013 933//933 932//932
f 1014//1014 934//934 933//933
f 1015//1015 935//935 934//934
f 935//935 1017//1017 936//936
f 936//936 1018//1018 937//937
f 937//937 1019//1019 938//938
f 938//938 1020//1020 939//939
f 939//939 1021//1021 940//940
f 1021//1021 941//941 940//940
f 941//941 1023//1023 942//942
f 942//942 1024//1024 943//943
f 943//943 1025//1025 944//944
f 944//944 1026//1026 945//945
f 945//945 1027//1027 946//946
f 1027//1027 947//947 946//946
f 1028//1028 948//948 947//947
f 948//948 1030//1030 949//949
f 949//949 1031//1031 950//950
f 950//950 1032//1032 951//951
f 1032//1032 952//952 951//951
f 1033//1033 953//953 952//952
f 1034//1034 954//954 953//953
f 1035//1035 955//955 954//954
f 955//955 1037//1037 956//956
f 956//956 1038//1038 957//957
f 957//957 1039//1039 958//958
f 958//958 1040//1040 959//959
f 959//959 1041//1041 960//960
f 960//960 1042//1042 961//961
f 961//961 1043//1043 962//962
f 962//962 1044//1044 963//963
f 1044//1044 964//964 963//963
f 1045//1045 965//965 964//964
f 1046//1046 966//966 965//965
f 1047//1047 967//967 966//966
f 1048//1048 968//968 967//967
f 968//968 1050//1050 969//969
f 1050//1050 970//970 969//969
f 1051//1051 971//971 970//970
f 971//971 1053//1053 972//972
f 973//973 1055//1055 974//974
f 974//974 1056//1056 975//975
f 975//975 1057//1057 976//976
f 976//976 1058//1058 977//977
f 1058//1058 978//978 977//977
f 1059//1059 979//979 978//978
f 979//979 1061//1061 980//980
f 980//980 1062//1062 981//981
f 981//981 1063//1063 982//982
f 982//982 1064//1064 983//983
f 983//983 1065//1065 984//984
f 984//984 1066//1066 985//985
f 985//985 1067//1067 986//986
f 986//986 1068//1068 987//987
f 987//987 1069//1069 988//988
f 988//988 1070//1070 989//989
f 989//989 1071//1071 990//990
f 1071//1071 991//991 990//990
f 991//991 1073//1073 992//992
f 992//992 1074//1074 993//993
f 993//993 1075//1075 994//994
f 994//994 1076//1076 995//995
f 995//995 1077//1077 996//996
f 996//996 1078//1078 997//997
f 1078//1078 998//998 997//997
f 1079//1079 999//999 998//998
f 1080//1080 1000//1000 999//999
f 1081//1081 1001//1001 1000//1000
f 1082//1082 1002//1002 1001//1001
f 1002//1002 1084//1084 1003//1003
f 1003//1003 1085//1085 1004//1004
f 1004//1004 1086//1086 1005//1005
f 1005//1005 1087//1087 1006//1006
f 1006//1006 1088//1088 1007//1007
f 1007//1007 1089//1089 1008//1008
f 1008//1008 1090//1090 1009//1009
f 1009//1009 1091//1091 1010//1010
f 1091//1091 1011//1011 1010//1010
f 1092//1092 1012//1012 1011//1011
f 1093//1093 1013//1013 1012//1012
f 1094//1094 1014//1014 1013//1013
f 1095//1095 1015//1015 1014//1014
f 1015//1015 1097//1097 1016//1016
f 1016//1016 1098//1098 1017//1017
f 1017//1017 1099//1099 1018//1018
f 1018//1018 1100//1100 1019//1019
f 1019//1019 1101//1101 1020//1020
f 1020//1020 1102//1102 1021//1021
f 1102//1102 1022//1022 1021//1021
f 1022//1022 1104//1104 1023//1023
f 1023//1023 1105//1105 1024//1024
f 1024//1024 1106//1106 1025//1025
f 1025//1025 1107//1107 1026//1026
f 1026//1026 1108//1108 1027//1027
f 1108//1108 1028//1028 1027//1027
f 1109//1109 1029//1029 1028//1028
f 1110//1110 1030//1030 1029//1029
f 1030//1030 1112//1112 1031//1031
f 1031//1031 1113//1113 1032//1032
f 1113//1113 1033//1033 1032//1032
f 1114//1114 1034//1034 1033//1033
f 1115//1115 1035//1035 1034//1034
f 1116//1116 1036//1036 1035//1035
f 1036//1036 1118//1118 1037//1037
f 1037//1037 1119//1119 1038//1038
f 1038//1038 1120//1120 1039//1039
f 1039//1039 1121//1121 1040//1040
f 1040//1040 1122//1122 1041//1041
f 1122//1122 1042//1042 1041//1041
f 1123//1123 1043//1043 1042//1042
f 1124//1124 1044//1044 1043//1043
f 1125//1125 1045//1045 1044//1044
f 1045//1045 1127//1127 1046//1046
f 1046//1046 1128//1128 1047//1047
f 1047//1047 1129//1129 1048//1048
f 1048//1048 1130//1130 1049//1049
f 1130//1130 1050//1050 1049//1049
f 1131//1131 1051//1051 1050//1050
f 1132//1132 1052//1052 1051//1051
f 1052//1052 1134//1134 1053//1053
f 1135//1135 1055//1055 1054//1054
f 1136//1136 1056//1056 1055//1055
f 1056//1056 1138//1138 1057//1057
f 1057//1057 1139//1139 1058//1058
f 1058//1058 1140//1140 1059//1059
f 1059//1059 1141//1141 1060//1060
f 1060//1060 1142//1142 1061//1061
f 1142//1142 1062//1062 1061//1061
f 1062//1062 1144//1144 1063//1063
f 1063//1063 1145//1145 1064//1064
f 1064//1064 1146//1146 1065//1065
f 1065//1065 1147//1147 1066//1066
f 1066//1066 1148//1148 1067//1067
f 1067//1067 1149//1149 1068//1068
f 1068//1068 1150//1150 1069//1069
f 1069//1069 1151//1151 1070//1070
f 1070//1070 1152//1152 1071//1071
f 1071//1071 1153//1153 1072//1072
f 1072//1072 1154//1154 1073//1073
f 1073//1073 1155//1155 1074//1074
f 1074//1074 1156//1156 1075//1075
f 1075//1075 1157//1157 1076//1076
f 1076//1076 1158//1158 1077//1077
f 1077//1077 1159//1159 1078//1078
f 1159//1159 1079//1079 1078//1078
f 1160//1160 1080//1080 1079//1079
f 1161//1161 1081//1081 1080//1080
f 1162//1162 1082//1082 1081//1081
f 1082//1082 1164//1164 1083//1083
f 1164//1164 1084//1084 1083//1083
f 1084//1084 1166//1166 1085//1085
f 1085//1085 1167//1167 1086//1086
f 1167//1167 1087//1087 1086//1086
f 1087//1087 1169//1169 1088//1088
f 1169//1169 1089//1089 1088//1088
f 1089//1089 1171//1171 1090//1090
f 1090//1090 1172//1172 1091//1091
f 1172//1172 1092//1092 1091//1091
f 1173//1173 1093//1093 1092//1092
f 1174//1174 1094//1094 1093//1093
f 1094//1094 1176//1176 1095//1095
f 1095//1095 1177//1177 1096//1096
f 1096//1096 1178//1178 1097//1097
f 1178//1178 1098//1098 1097//1097
f 1098//1098 1180//1180 1099//1099
f 1180//1180 1100//1100 1099//1099
f 1100//1100 1182//1182 1101//1101
f 1101//1101 1183//1183 1102//1102
f 1102//1102 1184//1184 1103//1103
f 1103//1103 1185//1185 1104//1104
f 1104//1104 1186//1186 1105//1105
f 1105//1105 1187//1187 1106//1106
f 1106//1106 1188//326 1107//1107
f 1107//1107 1189//1188 1108//1108
f 1108//1108 1190//1189 1109//1109
f 1190//1189 1110//1110 1109//1109
f 1191//1190 1111//1111 1110//1110
f 1192//1191 1112//1112 1111//1111
f 1193//1192 1113//1113 1112//1112
f 1113//1113 1195//1194 1114//1114
f 1114//1114 1196//1195 1115//1115
f 1196//1195 1116//1116 1115//1115
f 1116//1116 1198//1197 1117//1117
f 1198//1197 1118//1118 1117//1117
f 1199//1198 1119//1119 1118//1118
f 1200//1199 1120//1120 1119//1119
f 1201//1200 1121//1121 1120//1120
f 1121//1121 1203//1202 1122//1122
f 1122//1122 1204//1203 1123//1123
f 1123//1123 1205//1204 1124//1124
f 1205//1204 1125//1125 1124//1124
f 1125//1125 1207//1206 1126//1126
f 1207//1206 1127//1127 1126//1126
f 1127//1127 1209//1208 1128//1128
f 1128//1128 1210//1209 1129//1129
f 1129//1129 1211//1210 1130//1130
f 1211//1210 1131//1131 1130//1130
f 1212//1211 1132//1132 1131//1131
f 1213//1212 1133//1133 1132//1132
f 1214//1213 1134//1134 1133//1133
f 1135//1135 1217//1216 1136//1136
f 1136//1136 1218//1217 1137//1137
f 1137//1137 1219//1218 1138//1138
f 1219//1218 1139//1139 1138//1138
f 1139//1139 1221//1220 1140//1140
f 1140//1140 1222//1221 1141//1141
f 1141//1141 1223//1222 1142//1142
f 1142//1142 1224//1223 1143//1143
f 1224//1223 1144//1144 1143//1143
f 1144//1144 1226//1225 1145//1145
f 1145//1145 1227//1226 1146//1146
f 1146//1146 1228//1227 1147//1147
f 1147//1147 1229//1228 1148//1148
f 1148//1148 1230//1229 1149//1149
f 1149//1149 1231//1230 1150//1150
f 1150//1150 1232//1231 1151//1151
f 1151//1151 1233//1232 1152//1152
f 1152//1152 1234//1233 1153//1153
f 1153//1153 1235//1234 1154//1154
f 1154//1154 1236//1235 1155//1155
f 1155//1155 1237//1236 1156//1156
f 1237//1236 1157//1157 1156//1156
f 1238//1237 1158//1158 1157//1157
f 1239//1238 1159//1159 1158//1158
f 1159//1159 1241//1240 1160//1160
f 1160//1160 1242//1241 1161//1161
f 1161//1161 1243//1242 1162//1162
f 1243//1242 1163//1163 1162//1162
f 1163//1163 1245//1244 1164//1164
f 1245//1244 1165//1165 1164//1164
f 1165//1165 1247//1246 1166//1166
f 1247//1246 1167//1167 1166//1166
f 1248//1247 1168//1168 1167//1167
f 1249//1248 1169//1169 1168//1168
f 1250//1249 1170//1170 1169//1169
f 1170//1170 1252//1251 1171//1171
f 1171//1171 1253//1252 1172//1172
f 1172//1172 1254//1253 1173//1173
f 1173//1173 1255//1254 1174//1174
f 1174//1174 1256//1255 1175//1175
f 1175//1175 1257//1256 1176//1176
f 1176//1176 1258//1257 1177//1177
f 1177//1177 1259//1258 1178//1178
f 1178//1178 1260//1259 1179//1179
f 1179//1179 1261//1260 1180//1180
f 1180//1180 1262//1261 1181//1181
f 1262//1261 1182//1182 1181//1181
f 1182//1182 1264//1263 1183//1183
f 1183//1183 1265//1264 1184//1184
f 1265//1264 1185//1185 1184//1184
f 1185//1185 1267//1266 1186//1186
f 1186//1186 1268//1267 1187//1187
f 1187//1187 1269//1268 1188//326
f 1269//1268 1189//1188 1188//326
f 1270//1269 1190//1189 1189//1188
f 1271//1270 1191//1190 1190//1189
f 1272//1271 1192//1191 1191//1190
f 1273//1272 1193//1192 1192//1191
f 1193//1192 1275//1274 1194//1193
f 1194//1193 1276//1275 1195//1194
f 1195//1194 1277//1276 1196//1195
f 1196//1195 1278//1277 1197//1196
f 1278//1277 1198//1197 1197//1196
f 1279//1278 1199//1198 1198//1197
f 1280//1279 1200//1199 1199//1198
f 1281//1280 1201//1200 1200//1199
f 1282//1281 1202//1201 1201//1200
f 1283//1282 1203//1202 1202//1201
f 1284//1283 1204//1203 1203//1202
f 1285//1284 1205//1204 1204//1203
f 1205//1204 1287//1286 1206//1205
f 1206//1205 1288//1287 1207//1206
f 1207//1206 1289//1288 1208//1207
f 1208//1207 1290//1289 1209//1208
f 1290//1289 1210//1209 1209//1208
f 1291//1290 1211//1210 1210//1209
f 1292//1291 1212//1211 1211//1210
f 1212//1211 1294//1293 1213//1212
f 1213//1212 1295//1294 1214//1213
f 1214//1213 1296//1295 1215//1214
f 1216//1215 1298//1297 1217//1216
f 1217//1216 1299//1298 1218//1217
f 1218//1217 1300//1299 1219//1218
f 1219//1218 1301//1300 1220//1219
f 1301//1300 1221//1220 1220//1219
f 1302//1301 1222//1221 1221//1220
f 1222//1221 1304//1303 1223//1222
f 1223//1222 1305//1304 1224//1223
f 1224//1223 1306//1305 1225//1224
f 1306//1305 1226//1225 1225//1224
f 1307//1306 1227//1226 1226//1225
f 1308//1307 1228//1227 1227//1226
f 1309//1308 1229//1228 1228//1227
f 1310//1309 1230//1229 1229//1228
f 1311//1310 1231//1230 1230//1229
f 1312//1311 1232//1231 1231//1230
f 1232//1231 1314//1313 1233//1232
f 1233//1232 1315//1314 1234//1233
f 1234//1233 1316//1315 1235//1234
f 1235//1234 1317//1316 1236//1235
f 1317//1316 1237//1236 1236//1235
f 1318//1317 1238//1237 1237//1236
f 1319//1318 1239//1238 1238//1237
f 1320//1319 1240//1239 1239//1238
f 1321//1320 1241//1240 1240//1239
f 1241//1240 1323//1322 1242//1241
f 1323//1322 1243//1242 1242//1241
f 1243//1242 1325//1324 1244//1243
f 1325//1324 1245//1244 1244//1243
f 1326//1325 1246//1245 1245//1244
f 1327//1326 1247//1246 1246//1245
f 1328//1327 1248//1247 1247//1246
f 1329//1328 1249//1248 1248//1247
f 1330//1329 1250//1249 1249//1248
f 1250//1249 1332//1331 1251//1250
f 1251//1250 1333//1332 1252//1251
f 1252//1251 1334//1333 1253//1252
f 1334//1333 1254//1253 1253//1252
f 1254//1253 1336//1335 1255//1254
f 1255//1254 1337//1336 1256//1255
f 1256//1255 1338//1337 1257//1256
f 1257//1256 1339//1338 1258//1257
f 1258//1257 1340//1339 1259//1258
f 1259//1258 1341//1340 1260//1259
f 1260//1259 1342//1341 1261//1260
f 1261//1260 1343//1342 1262//1261
f 1262//1261 1344//1343 1263//1262
f 1344//1343 1264//1263 1263//1262
f 1345//1344 1265//1264 1264//1263
f 1346//1345 1266//1265 1265//1264
f 1347//1346 1267//1266 1266//1265
f 1348//1347 1268//1267 1267//1266
f 1349//1348 1269//1268 1268//1267
f 1350//1349 1270//1269 1269//1268
f 1351//1350 1271//1270 1270//1269
f 1352//1351 1272//1271 1271//1270
f 1353//1352 1273//1272 1272//1271
f 1354//1353 1274//1273 1273//1272
f 1274//1273 1356//1355 1275//1274
f 1275//1274 1357//1356 1276//1275
f 1276//1275 1358//1357 1277//1276
f 1277//1276 1359//1358 1278//1277
f 1359//1358 1279//1278 1278//1277
f 1360//1359 1280//1279 1279//1278
f 1361//1360 1281//1280 1280//1279
f 1362//1361 1282//1281 1281//1280
f 1282//1281 1364//1363 1283//1282
f 1283//1282 1365//1364 1284//1283
f 1365//1364 1285//1284 1284//1283
f 1366//1365 1286//1285 1285//1284
f 1286//1285 1368//1367 1287//1286
f 1287//1286 1369//1368 1288//1287
f 1288//1287 1370//1369 1289//1288
f 1289//1288 1371//1370 1290//1289
f 1371//1370 1291//1290 1290//1289
f 1372//1371 1292//1291 1291//1290
f 1292//1291 1374//1373 1293//1292
f 1293//1292 1375//1374 1294//1293
f 1294//1293 1376//1375 1295//1294
f 1295//1294 1377//1376 1296//1295
f 1297//1296 1379//1378 1298//1297
f 1298//1297 1380//1379 1299//1298
f 1380//1379 1300//1299 1299//1298
f 1381//1380 1301//1300 1300//1299
f 1382//1381 1302//1301 1301//1300
f 1383//1382 1303//1302 1302//1301
f 1303//1302 1385//1384 1304//1303
f 1304//1303 1386//1385 1305//1304
f 1305//1304 1387//1386 1306//1305
f 1387//1386 1307//1306 1306//1305
f 1388//1387 1308//1307 1307//1306
f 1389//1388 1309//1308 1308//1307
f 1390//1389 1310//1309 1309//1308
f 1391//1390 1311//1310 1310//1309
f 1392//1391 1312//1311 1311//1310
f 1393//1392 1313//1312 1312//1311
f 1313//1312 1395//1394 1314//1313
f 1314//1313 1396//1395 1315//1314
f 1315//1314 1397//1396 1316//1315
f 1316//1315 1398//1397 1317//1316
f 1398//1397 1318//1317 1317//1316
f 1399//1398 1319//1318 1318//1317
f 1400//1399 1320//1319 1319//1318
f 1401//1400 1321//1320 1320//1319
f 1402//1401 1322//1321 1321//1320
f 1403//1402 1323//1322 1322//1321
f 1323//1322 1405//1404 1324//1323
f 1405//1404 1325//1324 1324//1323
f 1406//1405 1326//1325 1325//1324
f 1407//1406 1327//1326 1326//1325
f 1327//1326 1409//1408 1328//1327
f 1409//1408 1329//1328 1328//1327
f 1410//1409 1330//1329 1329//1328
f 1411//1410 1331//1330 1330//1329
f 1331//1330 1413//1412 1332//1331
f 1332//1331 1414//1413 1333//1332
f 1414//1413 1334//1333 1333//1332
f 1334//1333 1416//1415 1335//1334
f 1416//1415 1336//1335 1335//1334
f 1336//1335 1418//1417 1337//1336
f 1337//1336 1419//1418 1338//1337
f 1338//1337 1420//1419 1339//1338
f 1339//1338 1421//1420 1340//1339
f 1340//1339 1422//1421 1341//1340
f 1341//1340 1423//1422 1342//1341
f 1342//1341 1424//1423 1343//1342
f 1343//1342 1425//1424 1344//1343
f 1425//1424 1345//1344 1344//1343
f 1426//1425 1346//1345 1345//1344
f 1427//1426 1347//1346 1346//1345
f 1428//1427 1348//1347 1347//1346
f 1429//1428 1349//1348 1348//1347
f 1430//1429 1350//1349 1349//1348
f 1431//1430 1351//1350 1350//1349
f 1432//1431 1352//1351 1351//1350
f 1433//1432 1353//1352 1352//1351
f 1434//1433 1354//1353 1353//1352
f 1435//1434 1355//1354 1354//1353
f 1355//1354 1437//1436 1356//1355
f 1356//1355 1438//1437 1357//1356
f 1357//1356 1439//1438 1358//1357
f 1439//1438 1359//1358 1358//1357
f 1440//1439 1360//1359 1359//1358
f 1441//1440 1361//1360 1360//1359
f 1442//1441 1362//1361 1361//1360
f 1443//1442 1363//1362 1362//1361
f 1444//1443 1364//1363 1363//1362
f 1364//1363 1446//1445 1365//1364
f 1446//1445 1366//1365 1365//1364
f 1447//1446 1367//1366 1366//1365
f 1367//1366 1449//1448 1368//1367
f 1368//1367 1450//1449 1369//1368
f 1369//1368 1451//1450 1370//1369
f 1370//1369 1452//1451 1371//1370
f 1452//1451 1372//1371 1371//1370
f 1372//1371 1454//1453 1373//1372
f 1373//1372 1455//1454 1374//1373
f 1374//1373 1456//1455 1375//1374
f 1375//1374 1457//1456 1376//1375
f 1376//1375 1458//1457 1377//1376
f 1459//1458 1379//1378 1378//1377
f 1460//1459 1380//1379 1379//1378
f 1461//1460 1381//1380 1380//1379
f 1462//1461 1382//1381 1381//1380
f 1463//1462 1383//1382 1382//1381
f 1464//1463 1384//1383 1383//1382
f 1384//1383 1466//1465 1385//1384
f 1385//1384 1467//1466 1386//1385
f 1386//1385 1468//1467 1387//1386
f 1468//1467 1388//1387 1387//1386
f 1469//1468 1389//1388 1388//1387
f 1470//1469 1390//1389 1389//1388
f 1390//1389 1472//1471 1391//1390
f 1391//1390 1473//1472 1392//1391
f 1473//1472 1393//1392 1392//1391
f 1474//1473 1394//1393 1393//1392
f 1394//1393 1476//1475 1395//1394
f 1395//1394 1477//1476 1396//1395
f 1477//1476 1397//1396 1396//1395
f 1478//1477 1398//1397 1397//1396
f 1479//1478 1399//1398 1398//1397
f 1480//1479 1400//1399 1399//1398
f 1481//1480 1401//1400 1400//1399
f 1482//1481 1402//1401 1401//1400
f 1483//1482 1403//1402 1402//1401
f 1484//1483 1404//1403 1403//1402
f 1404//1403 1486//1485 1405//1404
f 1405//1404 1487//1486 1406//1405
f 1406//1405 1488//1487 1407//1406
f 1407//1406 1489//1488 1408//1407
f 1489//1488 1409//1408 1408//1407
f 1490//1489 1410//1409 1409//1408
f 1491//1490 1411//1410 1410//1409
f 1492//1491 1412//1411 1411//1410
f 1412//1411 1494//1493 1413//1412
f 1413//1412 1495//1494 1414//1413
f 1495//1494 1415//1414 1414//1413
f 1496//1495 1416//1415 1415//1414
f 1416//1415 1498//1497 1417//1416
f 1417//1416 1499//1498 1418//1417
f 1418//1417 1500//1499 1419//1418
f 1419//1418 1501//1500 1420//1419
f 1420//1419 1502//1501 1421//1420
f 1421//1420 1503//1502 1422//1421
f 1422//1421 1504//1503 1423//1422
f 1423//1422 1505//1504 1424//1423
f 1424//1423 1506//1505 1425//1424
f 1425//1424 1507//1506 1426//1425
f 1507//1506 1427//1426 1426//1425
f 1508//1507 1428//1427 1427//1426
f 1509//1508 1429//1428 1428//1427
f 1510//1509 1430//1429 1429//1428
f 1511//1510 1431//1430 1430//1429
f 1512//1511 1432//1431 1431//1430
f 1513//1512 1433//1432 1432//1431
f 1514//1513 1434//1433 1433//1432
f 1515//1514 1435//1434 1434//1433
f 1435//1434 1517//1516 1436//1435
f 1436//1435 1518//1517 1437//1436
f 1437//1436 1519//1518 1438//1437
f 1438//1437 1520//1519 1439//1438
f 1520//1519 1440//1439 1439//1438
f 1521//1520 1441//1440 1440//1439
f 1522//1521 1442//1441 1441//1440
f 1523//1522 1443//1442 1442//1441
f 1524//1523 1444//1443 1443//1442
f 1525//1524 1445//1444 1444//1443
f 1526//1525 1446//1445 1445//1444
f 1527//1526 1447//1446 1446//1445
f 1528//1527 1448//1447 1447//1446
f 1448//1447 1530//1529 1449//1448
f 1449//1448 1531//1530 1450//1449
f 1450//1449 1532//1531 1451//1450
f 1451//1450 1533//1532 1452//1451
f 1452//1451 1534//1533 1453//1452
f 1453//1452 1535//1534 1454//1453
f 1454//1453 1536//1535 1455//1454
f 1455//1454 1537//1536 1456//1455
f 1456//1455 1538//1537 1457//1456
f 1538//1537 1458//1457 1457//1456
f 1540//1539 1460//1459 1459//1458
f 1541//1540 1461//1460 1460//1459
f 1542//1541 1462//1461 1461//1460
f 1543//1542 1463//1462 1462//1461
f 1544//1543 1464//1463 1463//1462
f 1545//1544 1465//1464 1464//1463
f 1465//1464 1547//1546 1466//1465
f 1466//1465 1548//1547 1467//1466
f 1467//1466 1549//1548 1468//1467
f 1549//1548 1469//1468 1468//1467
f 1469//1468 1551//1550 1470//1469
f 1551//1550 1471//1470 1470//1469
f 1552//1551 1472//1471 1471//1470
f 1553//1552 1473//1472 1472//1471
f 1473//1472 1555//1554 1474//1473
f 1474//1473 1556//1555 1475//1474
f 1556//1555 1476//1475 1475//1474
f 1557//1556 1477//1476 1476//1475
f 1558//1557 1478//1477 1477//1476
f 1559//1558 1479//1478 1478//1477
f 1560//1559 1480//1479 1479//1478
f 1561//1560 1481//1480 1480//1479
f 1562//1561 1482//1481 1481//1480
f 1563//1562 1483//1482 1482//1481
f 1564//1563 1484//1483 1483//1482
f 1565//1564 1485//1484 1484//1483
f 1485//1484 1567//1566 1486//1485
f 1486//1485 1568//1567 1487//1486
f 1487//1486 1569//1568 1488//1487
f 1488//1487 1570//1569 1489//1488
f 1489//1488 1571//1570 1490//1489
f 1571//1570 1491//1490 1490//1489
f 1572//1571 1492//1491 1491//1490
f 1573//1572 1493//1492 1492//1491
f 1574//1573 1494//1493 1493//1492
f 1494//1493 1576//1575 1495//1494
f 1576//1575 1496//1495 1495//1494
f 1496//1495 1578//1577 1497//1496
f 1578//1577 1498//1497 1497//1496
f 1579//1578 1499//1498 1498//1497
f 1580//1579 1500//1499 1499//1498
f 1581//1580 1501//1500 1500//1499
f 1582//1581 1502//1501 1501//1500
f 1583//1582 1503//1502 1502//1501
f 1584//1583 1504//1503 1503//1502
f 1504//1503 1586//1585 1505//1504
f 1505//1504 1587//1586 1506//1505
f 1587//1586 1507//1506 1506//1505
f 1588//1587 1508//1507 1507//1506
f 1508//1507 1590//1589 1509//1508
f 1590//1589 1510//1509 1509//1508
f 1591//1590 1511//1510 1510//1509
f 1592//1591 1512//1511 1511//1510
f 1593//1592 1513//1512 1512//1511
f 1594//1593 1514//1513 1513//1512
f 1595//1594 1515//1514 1514//1513
f 1596//1595 1516//1515 1515//1514
f 1516//1515 1598//1597 1517//1516
f 1517//1516 1599//1598 1518//1517
f 1518//1517 1600//1599 1519//1518
f 1519//1518 1601//1600 1520//1519
f 1520//1519 1602//1601 1521//1520
f 1602//1601 1522//1521 1521//1520
f 1522//1521 1604//1603 1523//1522
f 1523//1522 1605//1604 1524//1523
f 1524//1523 1606//1605 1525//1524
f 1525//1524 1607//1606 1526//1525
f 1607//1606 1527//1526 1526//1525
f 1527//1526 1609//1608 1528//1527
f 1609//1608 1529//1528 1528//1527
f 1610//1609 1530//1529 1529//1528
f 1611//1610 1531//1530 1530//1529
f 1531//1530 1613//1612 1532//1531
f 1532//1531 1614//1613 1533//1532
f 1533//1532 1615//1614 1534//1533
f 1534//1533 1616//1615 1535//1534
f 1535//1534 1617//1616 1536//1535
f 1617//1616 1537//1536 1536//1535
f 1618//1617 1538//1537 1537//1536
f 1619//1618 1539//1538 1538//1537
f 1621//1620 1541//1540 1540//1539
f 1622//1621 1542//1541 1541//1540
f 1623//1622 1543//1542 1542//1541
f 1624//1623 1544//1543 1543//1542
f 1544//1543 1626//1625 1545//1544
f 1626//1625 1546//1545 1545//1544
f 1627//1626 1547//1546 1546//1545
f 1628//1627 1548//1547 1547//1546
f 1629//1628 1549//1548 1548//1547
f 1549//1548 1631//1630 1550//1549
f 1550//1549 1632//1631 1551//1550
f 1551//1550 1633//1632 1552//1551
f 1633//1632 1553//1552 1552//1551
f 1634//1633 1554//1553 1553//1552
f 1554//1553 1636//1635 1555//1554
f 1555//1554 1637//1636 1556//1555
f 1637//1636 1557//1556 1556//1555
f 1638//1637 1558//1557 1557//1556
f 1639//1638 1559//1558 1558//1557
f 1640//1639 1560//1559 1559//1558
f 1641//1640 1561//1560 1560//1559
f 1642//1641 1562//1561 1561//1560
f 1562//1561 1644//1643 1563//1562
f 1563//1562 1645//1644 1564//1563
f 1564//1563 1646//1645 1565//1564
f 1565//1564 1647//1646 1566//1565
f 1647//1646 1567//1566 1566//1565
f 1648//1647 1568//1567 1567//1566
f 1649//1648 1569//1568 1568//1567
f 1650//1649 1570//1569 1569//1568
f 1570//1569 1652//1651 1571//1570
f 1571//1570 1653//1652 1572//1571
f 1572//1571 1654//1653 1573//1572
f 1573//1572 1655//1654 1574//1573
f 1574//1573 1656//1655 1575//1574
f 1575//1574 1657//1656 1576//1575
f 1657//1656 1577//1576 1576//1575
f 1658//1657 1578//1577 1577//1576
f 1659//1658 1579//1578 1578//1577
f 1660//1659 1580//1579 1579//1578
f 1661//1660 1581//1580 1580//1579
f 1662//1661 1582//1581 1581//1580
f 1663//1662 1583//1582 1582//1581
f 1664//1663 1584//1583 1583//1582
f 1665//1664 1585//1584 1584//1583
f 1666//1665 1586//1585 1585//1584
f 1586//1585 1668//1667 1587//1586
f 1668//1667 1588//1587 1587//1586
f 1669//1668 1589//1588 1588//1587
f 1589//1588 1671//1670 1590//1589
f 1671//1670 1591//1590 1590//1589
f 1591//1590 1673//1672 1592//1591
f 1592//1591 1674//1673 1593//1592
f 1593//1592 1675//1674 1594//1593
f 1594//1593 1676//1675 1595//1594
f 1595//1594 1677//1676 1596//1595
f 1596//1595 1678//1677 1597//1596
f 1678//1677 1598//1597 1597//1596
f 1679//1678 1599//1598 1598//1597
f 1680//1679 1600//1599 1599//1598
f 1681//1680 1601//1600 1600//1599
f 1601//1600 1683//1682 1602//1601
f 1602//1601 1684//1683 1603//1602
f 1603//1602 1685//1684 1604//1603
f 1604//1603 1686//1685 1605//1604
f 1605//1604 1687//1686 1606//1605
f 1606//1605 1688//1687 1607//1606
f 1688//1687 1608//1607 1607//1606
f 1689//1688 1609//1608 1608//1607
f 1690//1689 1610//1609 1609//1608
f 1691//1690 1611//1610 1610//1609
f 1692//1691 1612//1611 1611//1610
f 1612//1611 1694//1693 1613//1612
f 1694//1693 1614//1613 1613//1612
f 1695//1694 1615//1614 1614//1613
f 1696//1695 1616//1615 1615//1614
f 1697//1696 1617//1616 1616//1615
f 1698//1697 1618//1617 1617//1616
f 1699//1698 1619//1618 1618//1617
f 1700//1699 1620//1619 1619//1618
f 1621//1620 1703//1702 1622//1621
f 1622//1621 1704//1703 1623//1622
f 1623//1622 1705//1704 1624//1623
f 1624//1623 1706//1705 1625//1624
f 1625//1624 1707//1706 1626//1625
f 1707//1706 1627//1626 1626//1625
f 1708//1707 1628//1627 1627//1626
f 1709//1708 1629//1628 1628//1627
f 1710//1709 1630//1629 1629//1628
f 1630//1629 1712//1711 1631//1630
f 1631//1630 1713//1712 1632//1631
f 1632//1631 1714//1713 1633//1632
f 1633//1632 1715//1714 1634//1633
f 1715//1714 1635//1634 1634//1633
f 1716//1715 1636//1635 1635//1634
f 1717//1716 1637//1636 1636//1635
f 1718//1717 1638//1637 1637//1636
f 1719//1718 1639//1638 1638//1637
f 1639//1638 1721//1720 1640//1639
f 1640//1639 1722//1721 1641//1640
f 1641//1640 1723//1722 1642//1641
f 1642//1641 1724//1723 1643//1642
f 1643//1642 1725//1724 1644//1643
f 1644//1643 1726//1725 1645//1644
f 1645//1644 1727//1726 1646//1645
f 1646//1645 1728//1727 1647//1646
f 1647//1646 1729//1728 1648//1647
f 1729//1728 1649//1648 1648//1647
f 1730//1729 1650//1649 1649//1648
f 1731//1730 1651//1650 1650//1649
f 1651//1650 1733//1732 1652//1651
f 1652//1651 1734//1733 1653//1652
f 1653//1652 1735//1734 1654//1653
f 1654//1653 1736//1735 1655//1654
f 1655//1654 1737//1736 1656//1655
f 1656//1655 1738//1737 1657//1656
f 1738//1737 1658//1657 1657//1656
f 1739//1738 1659//1658 1658//1657
f 1740//1739 1660//1659 1659//1658
f 1741//1740 1661//1660 1660//1659
f 1742//1741 1662//1661 1661//1660
f 1743//1742 1663//1662 1662//1661
f 1744//1743 1664//1663 1663//1662
f 1745//1744 1665//1664 1664//1663
f 1746//1745 1666//1665 1665//1664
f 1747//1746 1667//1666 1666//1665
f 1667//1666 1749//1748 1668//1667
f 1668//1667 1750//1749 1669//1668
f 1669//1668 1751//1750 1670//1669
f 1751//1750 1671//1670 1670//1669
f 1752//1751 1672//1671 1671//1670
f 1672//1671 1754//1753 1673//1672
f 1673//1672 1755//1754 1674//1673
f 1674//1673 1756//1755 1675//1674
f 1675//1674 1757//1756 1676//1675
f 1676//1675 1758//1757 1677//1676
f 1677//1676 1759//1758 1678//1677
f 1678//1677 1760//1759 1679//1678
f 1760//1759 1680//1679 1679//1678
f 1761//1760 1681//1680 1680//1679
f 1762//1761 1682//1681 1681//1680
f 1682//1681 1764//1763 1683//1682
f 1683//1682 1765//1764 1684//1683
f 1684//1683 1766//1765 1685//1684
f 1685//1684 1767//1766 1686//1685
f 1686//1685 1768//1767 1687//1686
f 1687//1686 1769//1768 1688//1687
f 1769//1768 1689//1688 1688//1687
f 1770//1769 1690//1689 1689//1688
f 1771//1770 1691//1690 1690//1689
f 1772//1771 1692//1691 1691//1690
f 1692//1691 1774//1773 1693//1692
f 1693//1692 1775//1774 1694//1693
f 1694//1693 1776//1775 1695//1694
f 1695//1694 1777//1776 1696//1695
f 1777//1776 1697//1696 1696//1695
f 1778//1777 1698//1697 1697//1696
f 1779//1778 1699//1698 1698//1697
f 1780//1779 1700//1699 1699//1698
f 1781//1780 1701//1700 1700//1699
f 1702//1701 1784//1783 1703//1702
f 1703//1702 1785//1784 1704//1703
f 1704//1703 1786//1785 1705//1704
f 1705//1704 1787//1786 1706//1705
f 1706//1705 1788//1787 1707//1706
f 1788//1787 1708//1707 1707//1706
f 1789//1788 1709//1708 1708//1707
f 1790//1789 1710//1709 1709//1708
f 1791//1790 1711//1710 1710//1709
f 1711//1710 1793//1792 1712//1711
f 1712//1711 1794//1793 1713//1712
f 1713//1712 1795//1794 1714//1713
f 1714//1713 1796//1795 1715//1714
f 1715//1714 1797//1796 1716//1715
f 1797//1796 1717//1716 1716//1715
f 1717//1716 1799//1798 1718//1717
f 1718//1717 1800//1799 1719//1718
f 1719//1718 1801//1800 1720//1719
f 1720//1719 1802//1801 1721//1720
f 1721//1720 1803//1802 1722//1721
f 1722//1721 1804//1803 1723//1722
f 1723//1722 1805//1804 1724//1723
f 1724//1723 1806//1805 1725//1724
f 1725//1724 1807//1806 1726//1725
f 1726//1725 1808//1807 1727//1726
f 1727//1726 1809//1808 1728//1727
f 1809//1808 1729//1728 1728//1727
f 1729//1728 1811//1810 1730//1729
f 1811//1810 1731//1730 1730//1729
f 1731//1730 1813//1812 1732//1731
f 1732//1731 1814//1813 1733//1732
f 1733//1732 1815//1814 1734//1733
f 1734//1733 1816//1815 1735//1734
f 1735//1734 1817//1816 1736//1735
f 1736//1735 1818//1817 1737//1736
f 1737//1736 1819//1818 1738//1737
f 1819//1818 1739//1738 1738//1737
f 1820//1819 1740//1739 1739//1738
f 1821//1820 1741//1740 1740//1739
f 1822//1821 1742//1741 1741//1740
f 1823//1822 1743//1742 1742//1741
f 1743//1742 1825//1824 1744//1743
f 1825//1824 1745//1744 1744//1743
f 1826//1825 1746//1745 1745//1744
f 1827//1826 1747//1746 1746//1745
f 1747//1746 1829//1828 1748//1747
f 1748//1747 1830//1829 1749//1748
f 1749//1748 1831//1830 1750//1749
f 1750//1749 1832//1831 1751//1750
f 1832//1831 1752//1751 1751//1750
f 1833//1832 1753//1752 1752//1751
f 1753//1752 1835//1834 1754//1753
f 1754//1753 1836//1835 1755//1754
f 1755//1754 1837//1836 1756//1755
f 1837//1836 1757//1756 1756//1755
f 1757//1756 1839//1838 1758//1757
f 1758//1757 1840//1839 1759//1758
f 1759//1758 1841//1840 1760//1759
f 1841//1840 1761//1760 1760//1759
f 1842//1841 1762//1761 1761//1760
f 1843//1842 1763//1762 1762//1761
f 1763//1762 1845//1844 1764//1763
f 1764//1763 1846//1845 1765//1764
f 1765//1764 1847//1846 1766//1765
f 1766//1765 1848//1847 1767//1766
f 1767//1766 1849//1848 1768//1767
f 1849//1848 1769//1768 1768//1767
f 1850//1849 1770//1769 1769//1768
f 1851//1850 1771//1770 1770//1769
f 1852//1851 1772//1771 1771//1770
f 1853//1852 1773//1772 1772//1771
f 1773//1772 1855//1854 1774//1773
f 1774//1773 1856//1855 1775//1774
f 1775//1774 1857//1856 1776//1775
f 1776//1775 1858//1857 1777//1776
f 1777//1776 1859//1858 1778//1777
f 1859//1858 1779//1778 1778//1777
f 1779//1778 1861//1860 1780//1779
f 1861//1860 1781//1780 1780//1779
f 1781//1780 1863//1862 1782//1781
f 1783//1782 1865//1864 1784//1783
f 1784//1783 1866//1865 1785//1784
f 1785//1784 1867//1866 1786//1785
f 1786//1785 1868//1867 1787//1786
f 1787//1786 1869//1868 1788//1787
f 1788//1787 1870//1869 1789//1788
f 1870//1869 1790//1789 1789//1788
f 1871//1870 1791//1790 1790//1789
f 1872//1871 1792//1791 1791//1790
f 1792//1791 1874//1873 1793//1792
f 1793//1792 1875//1874 1794//1793
f 1794//1793 1876//1875 1795//1794
f 1795//1794 1877//1876 1796//1795
f 1796//1795 1878//1877 1797//1796
f 1797//1796 1879//1878 1798//1797
f 1798//1797 1880//1879 1799//1798
f 1799//1798 1881//1880 1800//1799
f 1800//1799 1882//1881 1801//1800
f 1801//1800 1883//1882 1802//1801
f 1802//1801 1884//1883 1803//1802
f 1803//1802 1885//1884 1804//1803
f 1804//1803 1886//1885 1805//1804
f 1805//1804 1887//1886 1806//1805
f 1806//1805 1888//1887 1807//1806
f 1807//1806 1889//1888 1808//1807
f 1808//1807 1890//1889 1809//1808
f 1809//1808 1891//1890 1810//1809
f 1810//1809 1892//1891 1811//1810
f 1811//1810 1893//1892 1812//1811
f 1812//1811 1894//1893 1813//1812
f 1813//1812 1895//1894 1814//1813
f 1814//1813 1896//1895 1815//1814
f 1815//1814 1897//1896 1816//1815
f 1816//1815 1898//1897 1817//1816
f 1817//1816 1899//1898 1818//1817
f 1818//1817 1900//1899 1819//1818
f 1900//1899 1820//1819 1819//1818
f 1901//1900 1821//1820 1820//1819
f 1902//1901 1822//1821 1821//1820
f 1903//1902 1823//1822 1822//1821
f 1904//1903 1824//1823 1823//1822
f 1905//1904 1825//1824 1824//1823
f 1906//1905 1826//1825 1825//1824
f 1907//1906 1827//1826 1826//1825
f 1908//1907 1828//1827 1827//1826
f 1909//1908 1829//1828 1828//1827
f 1910//1909 1830//1829 1829//1828
f 1830//1829 1912//1911 1831//1830
f 1912//1911 1832//1831 1831//1830
f 1913//1912 1833//1832 1832//1831
f 1914//1913 1834//1833 1833//1832
f 1834//1833 1916//1915 1835//1834
f 1916//1915 1836//1835 1835//1834
f 1836//1835 1918//1917 1837//1836
f 1837//1836 1919//1918 1838//1837
f 1838//1837 1920//1919 1839//1838
f 1839//1838 1921//1920 1840//1839
f 1840//1839 1922//1921 1841//1840
f 1841//1840 1923//1922 1842//1841
f 1923//1922 1843//1842 1842//1841
f 1843//1842 1925//1924 1844//1843
f 1844//1843 1926//1925 1845//1844
f 1845//1844 1927//1926 1846//1845
f 1846//1845 1928//1927 1847//1846
f 1847//1846 1929//1928 1848//1847
f 1929//1928 1849//1848 1848//1847
f 1930//1929 1850//1849 1849//1848
f 1931//1930 1851//1850 1850//1849
f 1932//1931 1852//1851 1851//1850
f 1933//1932 1853//1852 1852//1851
f 1853//1852 1935//1934 1854//1853
f 1854//1853 1936//1935 1855//1854
f 1855//1854 1937//1936 1856//1855
f 1856//1855 1938//1937 1857//1856
f 1857//1856 1939//1938 1858//1857
f 1858//1857 1940//1939 1859//1858
f 1859//1858 1941//1940 1860//1859
f 1941//1940 1861//1860 1860//1859
f 1861//1860 1943//1942 1862//1861
f 1862//1861 1944//1943 1863//1862
f 1864//1863 1946//1945 1865//1864
f 1865//1864 1947//1946 1866//1865
f 1866//1865 1948//1947 1867//1866
f 1867//1866 1949//1948 1868//1867
f 1868//1867 1950//1949 1869//1868
f 1869//1868 1951//1950 1870//1869
f 1870//1869 1952//1951 1871//1870
f 1952//1951 1872//1871 1871//1870
f 1953//1952 1873//1872 1872//1871
f 1954//1953 1874//1873 1873//1872
f 1874//1873 1956//1955 1875//1874
f 1875//1874 1957//1956 1876//1875
f 1876//1875 1958//1957 1877//1876
f 1877//1876 1959//1958 1878//1877
f 1878//1877 1960//1959 1879//1878
f 1879//1878 1961//1960 1880//1879
f 1961//1960 1881//1880 1880//1879
f 1962//1961 1882//1881 1881//1880
f 1963//1962 1883//1882 1882//1881
f 1964//1963 1884//1883 1883//1882
f 1965//1964 1885//1884 1884//1883
f 1885//1884 1967//1966 1886//1885
f 1886//1885 1968//1967 1887//1886
f 1887//1886 1969//1968 1888//1887
f 1888//1887 1970//1969 1889//1888
f 1889//1888 1971//1970 1890//1889
f 1890//1889 1972//1971 1891//1890
f 1891//1890 1973//1972 1892//1891
f 1892//1891 1974//1973 1893//1892
f 1893//1892 1975//1974 1894//1893
f 1894//1893 1976//1975 1895//1894
f 1895//1894 1977//1976 1896//1895
f 1896//1895 1978//1977 1897//1896
f 1897//1896 1979//1978 1898//1897
f 1898//1897 1980//1979 1899//1898
f 1899//1898 1981//1980 1900//1899
f 1981//1980 1901//1900 1900//1899
f 1982//1981 1902//1901 1901//1900
f 1983//1982 1903//1902 1902//1901
f 1984//1983 1904//1903 1903//1902
f 1985//1984 1905//1904 1904//1903
f 1905//1904 1987//1986 1906//1905
f 1906//1905 1988//1987 1907//1906
f 1907//1906 1989//1988 1908//1907
f 1908//1907 1990//1989 1909//1908
f 1990//1989 1910//1909 1909//1908
f 1991//1990 1911//1910 1910//1909
f 1992//1991 1912//1911 1911//1910
f 1912//1911 1994//1993 1913//1912
f 1913//1912 1995//1994 1914//1913
f 1914//1913 1996//1995 1915//1914
f 1996//1995 1916//1915 1915//1914
f 1916//1915 1998//1997 1917//1916
f 1998//1997 1918//1917 1917//1916
f 1918//1917 2000//1999 1919//1918
f 1919//1918 2001//2000 1920//1919
f 1920//1919 2002//2001 1921//1920
f 1921//1920 2003//2002 1922//1921
f 1922//1921 2004//2003 1923//1922
f 1923//1922 2005//2004 1924//1923
f 1924//1923 2006//2005 1925//1924
f 1925//1924 2007//2006 1926//1925
f 1926//1925 2008//2007 1927//1926
f 1927//1926 2009//2008 1928//1927
f 1928//1927 2010//2009 1929//1928
f 2010//2009 1930//1929 1929//1928
f 2011//2010 1931//1930 1930//1929
f 2012//2011 1932//1931 1931//1930
f 2013//2012 1933//1932 1932//1931
f 2014//2013 1934//1933 1933//1932
f 1934//1933 2016//2015 1935//1934
f 1935//1934 2017//2016 1936//1935
f 1936//1935 2018//2017 1937//1936
f 1937//1936 2019//2018 1938//1937
f 1938//1937 2020//2019 1939//1938
f 1939//1938 2021//2020 1940//1939
f 1940//1939 2022//2021 1941//1940
f 2022//2021 1942//1941 1941//1940
f 1942//1941 2024//2023 1943//1942
f 1943//1942 2025//2024 1944//1943
f 2026//2025 1946//1945 1945//1944
f 2027//2026 1947//1946 1946//1945
f 2028//2027 1948//1947 1947//1946
f 2029//2028 1949//1948 1948//1947
f 1949//1948 2031//2030 1950//1949
f 1950//1949 2032//2031 1951//1950
f 2032//2031 1952//1951 1951//1950
f 1952//1951 2034//2033 1953//1952
f 1953//1952 2035//2034 1954//1953
f 2035//2034 1955//1954 1954//1953
f 2036//2035 1956//1955 1955//1954
f 2037//2036 1957//1956 1956//1955
f 2038//2037 1958//1957 1957//1956
f 2039//2038 1959//1958 1958//1957
f 2040//2039 1960//1959 1959//1958
f 2041//2040 1961//1960 1960//1959
f 2042//2041 1962//1961 1961//1960
f 2043//2042 1963//1962 1962//1961
f 2044//2043 1964//1963 1963//1962
f 2045//2044 1965//1964 1964//1963
f 2046//2045 1966//1965 1965//1964
f 2047//2046 1967//1966 1966//1965
f 2048//2047 1968//1967 1967//1966
f 2049//2048 1969//1968 1968//1967
f 2050//2049 1970//1969 1969//1968
f 2051//2050 1971//1970 1970//1969
f 2052//2051 1972//1971 1971//1970
f 2053//2052 1973//1972 1972//1971
f 2054//2053 1974//1973 1973//1972
f 2055//2054 1975//1974 1974//1973
f 2056//2055 1976//1975 1975//1974
f 2057//2056 1977//1976 1976//1975
f 2058//2057 1978//1977 1977//1976
f 2059//2058 1979//1978 1978//1977
f 2060//2059 1980//1979 1979//1978
f 2061//2060 1981//1980 1980//1979
f 1981//1980 2063//2062 1982//1981
f 1982//1981 2064//2063 1983//1982
f 1983//1982 2065//2064 1984//1983
f 1984//1983 2066//2065 1985//1984
f 1985//1984 2067//2066 1986//1985
f 2067//2066 1987//1986 1986//1985
f 2068//2067 1988//1987 1987//1986
f 1988//1987 2070//2069 1989//1988
f 2070//2069 1990//1989 1989//1988
f 2071//2070 1991//1990 1990//1989
f 2072//2071 1992//1991 1991//1990
f 2073//2072 1993//1992 1992//1991
f 1993//1992 2075//2074 1994//1993
f 1994//1993 2076//2075 1995//1994
f 1995//1994 2077//2076 1996//1995
f 1996//1995 2078//2077 1997//1996
f 1997//1996 2079//2078 1998//1997
f 2079//2078 1999//1998 1998//1997
f 1999//1998 2081//2080 2000//1999
f 2081//2080 2001//2000 2000//1999
f 2082//2081 2002//2001 2001//2000
f 2083//2082 2003//2002 2002//2001
f 2084//2083 2004//2003 2003//2002
f 2085//2084 2005//2004 2004//2003
f 2086//2085 2006//2005 2005//2004
f 2087//2086 2007//2006 2006//2005
f 2007//2006 2089//2088 2008//2007
f 2008//2007 2090//2089 2009//2008
f 2009//2008 2091//2090 2010//2009
f 2091//2090 2011//2010 2010//2009
f 2011//2010 2093//2092 2012//2011
f 2012//2011 2094//2093 2013//2012
f 2013//2012 2095//2094 2014//2013
f 2014//2013 2096//2095 2015//2014
f 2015//2014 2097//2096 2016//2015
f 2097//2096 2017//2016 2016//2015
f 2098//2097 2018//2017 2017//2016
f 2099//2098 2019//2018 2018//2017
f 2100//2099 2020//2019 2019//2018
f 2101//2100 2021//2020 2020//2019
f 2021//2020 2103//2102 2022//2021
f 2022//2021 2104//2103 2023//2022
f 2104//2103 2024//2023 2023//2022
f 2024//2023 2106//2105 2025//2024
f 2107//2106 2027//2026 2026//2025
f 2108//2107 2028//2027 2027//2026
f 2109//2108 2029//2028 2028//2027
f 2110//2109 2030//2029 2029//2028
f 2111//2110 2031//2030 2030//2029
f 2112//2111 2032//2031 2031//2030
f 2113//2112 2033//2032 2032//2031
f 2033//2032 2115//2114 2034//2033
f 2034//2033 2116//2115 2035//2034
f 2116//2115 2036//2035 2035//2034
f 2117//2116 2037//2036 2036//2035
f 2118//2117 2038//2037 2037//2036
f 2119//2118 2039//2038 2038//2037
f 2120//2119 2040//2039 2039//2038
f 2121//2120 2041//2040 2040//2039
f 2122//2121 2042//2041 2041//2040
f 2123//2122 2043//2042 2042//2041
f 2124//2123 2044//2043 2043//2042
f 2125//2124 2045//2044 2044//2043
f 2126//2125 2046//2045 2045//2044
f 2046//2045 2128//2127 2047//2046
f 2128//2127 2048//2047 2047//2046
f 2129//2128 2049//2048 2048//2047
f 2130//2129 2050//2049 2049//2048
f 2131//2130 2051//2050 2050//2049
f 2132//2131 2052//2051 2051//2050
f 2133//2132 2053//2052 2052//2051
f 2134//2133 2054//2053 2053//2052
f 2135//2134 2055//2054 2054//2053
f 2136//2135 2056//2055 2055//2054
f 2137//2136 2057//2056 2056//2055
f 2138//2137 2058//2057 2057//2056
f 2139//2138 2059//2058 2058//2057
f 2140//2139 2060//2059 2059//2058
f 2141//2140 2061//2060 2060//2059
f 2142//2141 2062//2061 2061//2060
f 2062//2061 2144//2143 2063//2062
f 2063//2062 2145//2144 2064//2063
f 2064//2063 2146//2145 2065//2064
f 2065//2064 2147//2146 2066//2065
f 2066//2065 2148//2147 2067//2066
f 2067//2066 2149//2148 2068//2067
f 2068//2067 2150//2149 2069//2068
f 2069//2068 2151//2150 2070//2069
f 2151//2150 2071//2070 2070//2069
f 2152//2151 2072//2071 2071//2070
f 2153//2152 2073//2072 2072//2071
f 2154//2153 2074//2073 2073//2072
f 2074//2073 2156//2155 2075//2074
f 2075//2074 2157//2156 2076//2075
f 2076//2075 2158//2157 2077//2076
f 2077//2076 2159//2158 2078//2077
f 2159//2158 2079//2078 2078//2077
f 2160//2159 2080//2079 2079//2078
f 2080//2079 2162//2161 2081//2080
f 2081//2080 2163//2162 2082//2081
f 2082//2081 2164//2163 2083//2082
f 2083//2082 2165//2164 2084//2083
f 2165//2164 2085//2084 2084//2083
f 2166//2165 2086//2085 2085//2084
f 2086//2085 2168//2167 2087//2086
f 2168//2167 2088//2087 2087//2086
f 2169//2168 2089//2088 2088//2087
f 2170//2169 2090//2089 2089//2088
f 2171//2170 2091//2090 2090//2089
f 2172//2171 2092//2091 2091//2090
f 2092//2091 2174//2173 2093//2092
f 2093//2092 2175//2174 2094//2093
f 2094//2093 2176//2175 2095//2094
f 2095//2094 2177//2176 2096//2095
f 2096//2095 2178//2177 2097//2096
f 2178//2177 2098//2097 2097//2096
f 2179//2178 2099//2098 2098//2097
f 2180//2179 2100//2099 2099//2098
f 2181//2180 2101//2100 2100//2099
f 2182//2181 2102//2101 2101//2100
f 2183//2182 2103//2102 2102//2101
f 2184//2183 2104//2103 2103//2102
f 2104//2103 2186//2185 2105//2104
f 2105//2104 2187//2186 2106//2105
f 2188//2187 2108//2107 2107//2106
f 2189//2188 2109//2108 2108//2107
f 2190//2189 2110//2109 2109//2108
f 2191//2190 2111//2110 2110//2109
f 2192//2191 2112//2111 2111//2110
f 2193//2192 2113//2112 2112//2111
f 2194//2193 2114//2113 2113//2112
f 2195//2194 2115//2114 2114//2113
f 2196//2195 2116//2115 2115//2114
f 2197//2196 2117//2116 2116//2115
f 2198//2197 2118//2117 2117//2116
f 2199//2198 2119//2118 2118//2117
f 2200//2199 2120//2119 2119//2118
f 2201//2200 2121//2120 2120//2119
f 2202//2201 2122//2121 2121//2120
f 2203//2202 2123//2122 2122//2121
f 2204//2203 2124//2123 2123//2122
f 2205//2204 2125//2124 2124//2123
f 2206//2205 2126//2125 2125//2124
f 2207//2206 2127//2126 2126//2125
f 2127//2126 2209//2208 2128//2127
f 2128//2127 2210//2209 2129//2128
f 2210//2209 2130//2129 2129//2128
f 2211//2210 2131//2130 2130//2129
f 2212//2211 2132//2131 2131//2130
f 2213//2212 2133//2132 2132//2131
f 2214//2213 2134//2133 2133//2132
f 2215//2214 2135//2134 2134//2133
f 2216//2215 2136//2135 2135//2134
f 2217//2216 2137//2136 2136//2135
f 2218//2217 2138//2137 2137//2136
f 2219//2218 2139//2138 2138//2137
f 2220//2219 2140//2139 2139//2138
f 2221//2220 2141//2140 2140//2139
f 2222//2221 2142//2141 2141//2140
f 2142//2141 2224//2223 2143//2142
f 2224//2223 2144//2143 2143//2142
f 2144//2143 2226//2225 2145//2144
f 2145//2144 2227//2226 2146//2145
f 2146//2145 2228//2227 2147//2146
f 2147//2146 2229//2228 2148//2147
f 2148//2147 2230//2229 2149//2148
f 2149//2148 2231//2230 2150//2149
f 2150//2149 2232//2231 2151//2150
f 2151//2150 2233//2232 2152//2151
f 2233//2232 2153//2152 2152//2151
f 2153//2152 2235//2234 2154//2153
f 2235//2234 2155//2154 2154//2153
f 2236//2235 2156//2155 2155//2154
f 2156//2155 2238//2237 2157//2156
f 2157//2156 2239//2238 2158//2157
f 2158//2157 2240//2239 2159//2158
f 2240//2239 2160//2159 2159//2158
f 2241//2240 2161//2160 2160//2159
f 2161//2160 2243//2242 2162//2161
f 2162//2161 2244//2243 2163//2162
f 2163//2162 2245//2244 2164//2163
f 2164//2163 2246//2245 2165//2164
f 2246//2245 2166//2165 2165//2164
f 2247//2246 2167//2166 2166//2165
f 2167//2166 2249//2248 2168//2167
f 2168//2167 2250//2249 2169//2168
f 2250//2249 2170//2169 2169//2168
f 2251//2250 2171//2170 2170//2169
f 2252//2251 2172//2171 2171//2170
f 2253//2252 2173//2172 2172//2171
f 2254//2253 2174//2173 2173//2172
f 2174//2173 2256//2255 2175//2174
f 2175//2174 2257//2256 2176//2175
f 2176//2175 2258//2257 2177//2176
f 2177//2176 2259//2258 2178//2177
f 2259//2258 2179//2178 2178//2177
f 2260//2259 2180//2179 2179//2178
f 2261//2260 2181//2180 2180//2179
f 2262//2261 2182//2181 2181//2180
f 2182//2181 2264//2263 2183//2182
f 2264//2263 2184//2183 2183//2182
f 2184//2183 2266//2265 2185//2184
f 2266//2265 2186//2185 2185//2184
f 2186//2185 2268//2267 2187//2186
f 2269//2268 2189//2188 2188//2187
f 2270//2269 2190//2189 2189//2188
f 2271//2270 2191//2190 2190//2189
f 2272//2271 2192//2191 2191//2190
f 2273//2272 2193//2192 2192//2191
f 2274//2273 2194//2193 2193//2192
f 2275//2274 2195//2194 2194//2193
f 2276//2275 2196//2195 2195//2194
f 2196//2195 2278//2277 2197//2196
f 2278//2277 2198//2197 2197//2196
f 2279//2278 2199//2198 2198//2197
f 2280//2279 2200//2199 2199//2198
f 2281//2280 2201//2200 2200//2199
f 2282//2281 2202//2201 2201//2200
f 2202//2201 2284//2283 2203//2202
f 2284//2283 2204//2203 2203//2202
f 2204//2203 2286//2285 2205//2204
f 2205//2204 2287//2286 2206//2205
f 2206//2205 2288//2287 2207//2206
f 2207//2206 2289//2288 2208//2207
f 2289//2288 2209//2208 2208//2207
f 2290//2289 2210//2209 2209//2208
f 2291//2290 2211//2210 2210//2209
f 2292//2291 2212//2211 2211//2210
f 2293//2292 2213//2212 2212//2211
f 2294//2293 2214//2213 2213//2212
f 2214//2213 2296//2295 2215//2214
f 2215//2214 2297//2296 2216//2215
f 2216//2215 2298//2297 2217//2216
f 2298//2297 2218//2217 2217//2216
f 2299//2298 2219//2218 2218//2217
f 2300//2299 2220//2219 2219//2218
f 2301//2300 2221//2220 2220//2219
f 2221//2220 2303//2302 2222//2221
f 2222//2221 2304//2303 2223//2222
f 2223//2222 2305//2304 2224//2223
f 2224//2223 2306//2305 2225//2224
f 2225//2224 2307//2306 2226//2225
f 2226//2225 2308//2307 2227//2226
f 2227//2226 2309//2308 2228//2227
f 2228//2227 2310//2309 2229//2228
f 2310//2309 2230//2229 2229//2228
f 2311//2310 2231//2230 2230//2229
f 2312//2311 2232//2231 2231//2230
f 2232//2231 2314//2313 2233//2232
f 2233//2232 2315//2314 2234//2233
f 2234//2233 2316//2315 2235//2234
f 2235//2234 2317//2316 2236//2235
f 2236//2235 2318//2317 2237//2236
f 2237//2236 2319//2318 2238//2237
f 2319//2318 2239//2238 2238//2237
f 2320//2319 2240//2239 2239//2238
f 2321//2320 2241//2240 2240//2239
f 2322//2321 2242//2241 2241//2240
f 2242//2241 2324//2323 2243//2242
f 2243//2242 2325//2324 2244//2243
f 2244//2243 2326//2325 2245//2244
f 2245//2244 2327//2326 2246//2245
f 2246//2245 2328//2327 2247//2246
f 2247//2246 2329//2328 2248//2247
f 2248//2247 2330//2329 2249//2248
f 2330//2329 2250//2249 2249//2248
f 2331//2330 2251//2250 2250//2249
f 2332//2331 2252//2251 2251//2250
f 2333//2332 2253//2252 2252//2251
f 2334//2333 2254//2253 2253//2252
f 2335//2334 2255//2254 2254//2253
f 2255//2254 2337//2336 2256//2255
f 2256//2255 2338//2337 2257//2256
f 2257//2256 2339//2338 2258//2257
f 2258//2257 2340//2339 2259//2258
f 2259//2258 2341//2340 2260//2259
f 2341//2340 2261//2260 2260//2259
f 2342//2341 2262//2261 2261//2260
f 2343//2342 2263//2262 2262//2261
f 2344//2343 2264//2263 2263//2262
f 2264//2263 2346//2345 2265//2264
f 2265//2264 2347//2346 2266//2265
f 2266//2265 2348//2347 2267//2266
f 2267//2266 2349//2348 2268//2267
f 2269//2268 2351//2350 2270//2269
f 2270//2269 2352//2351 2271//2270
f 2271//2270 2353//2352 2272//2271
f 2272//2271 2354//2353 2273//2272
f 2273//2272 2355//2354 2274//2273
f 2274//2273 2356//2355 2275//2274
f 2275//2274 2357//2356 2276//2275
f 2357//2356 2277//2276 2276//2275
f 2358//2357 2278//2277 2277//2276
f 2278//2277 2360//2359 2279//2278
f 2279//2278 2361//2360 2280//2279
f 2280//2279 2362//2361 2281//2280
f 2281//2280 2363//2362 2282//2281
f 2282//2281 2364//2363 2283//2282
f 2364//2363 2284//2283 2283//2282
f 2284//2283 2366//2365 2285//2284
f 2285//2284 2367//2366 2286//2285
f 2286//2285 2368//2367 2287//2286
f 2287//2286 2369//2368 2288//2287
f 2288//2287 2370//2369 2289//2288
f 2289//2288 2371//2370 2290//2289
f 2290//2289 2372//2371 2291//2290
f 2291//2290 2373//2372 2292//2291
f 2292//2291 2374//2373 2293//2292
f 2293//2292 2375//2374 2294//2293
f 2294//2293 2376//2375 2295//2294
f 2376//2375 2296//2295 2295//2294
f 2296//2295 2378//2377 2297//2296
f 2297//2296 2379//2378 2298//2297
f 2298//2297 2380//2379 2299//2298
f 2299//2298 2381//2380 2300//2299
f 2381//2380 2301//2300 2300//2299
f 2382//2381 2302//2301 2301//2300
f 2302//2301 2384//2383 2303//2302
f 2303//2302 2385//2384 2304//2303
f 2304//2303 2386//2385 2305//2304
f 2305//2304 2387//2386 2306//2305
f 2387//2386 2307//2306 2306//2305
f 2388//2387 2308//2307 2307//2306
f 2389//2388 2309//2308 2308//2307
f 2390//2389 2310//2309 2309//2308
f 2391//2390 2311//2310 2310//2309
f 2392//2391 2312//2311 2311//2310
f 2393//2392 2313//2312 2312//2311
f 2394//2393 2314//2313 2313//2312
f 2314//2313 2396//2395 2315//2314
f 2315//2314 2397//2396 2316//2315
f 2316//2315 2398//2397 2317//2316
f 2317//2316 2399//2398 2318//2317
f 2318//2317 2400//2399 2319//2318
f 2319//2318 2401//2400 2320//2319
f 2320//2319 2402//2401 2321//2320
f 2321//2320 2403//2402 2322//2321
f 2322//2321 2404//2403 2323//2322
f 2404//2403 2324//2323 2323//2322
f 2405//2404 2325//2324 2324//2323
f 2325//2324 2407//2406 2326//2325
f 2326//2325 2408//2407 2327//2326
f 2327//2326 2409//2408 2328//2327
f 2328//2327 2410//2409 2329//2328
f 2329//2328 2411//2410 2330//2329
f 2411//2410 2331//2330 2330//2329
f 2412//2411 2332//2331 2331//2330
f 2413//2412 2333//2332 2332//2331
f 2414//2413 2334//2333 2333//2332
f 2334//2333 2416//2415 2335//2334
f 2416//2415 2336//2335 2335//2334
f 2417//2416 2337//2336 2336//2335
f 2418//2417 2338//2337 2337//2336
f 2419//2418 2339//2338 2338//2337
f 2420//2419 2340//2339 2339//2338
f 2421//2420 2341//2340 2340//2339
f 2341//2340 2423//2422 2342//2341
f 2342//2341 2424//2423 2343//2342
f 2424//2423 2344//2343 2343//2342
f 2425//2424 2345//2344 2344//2343
f 2426//2425 2346//2345 2345//2344
f 2346//2345 2428//2427 2347//2346
f 2347//2346 2429//2428 2348//2347
f 2348//2347 2430//2429 2349//2348
f 2350//2349 2432//2431 2351//2350
f 2351//2350 2433//2432 2352//2351
f 2352//2351 2434//2433 2353//2352
f 2353//2352 2435//2434 2354//2353
f 2354//2353 2436//2435 2355//2354
f 2355//2354 2437//2436 2356//2355
f 2356//2355 2438//2437 2357//2356
f 2438//2437 2358//2357 2357//2356
f 2439//2438 2359//2358 2358//2357
f 2359//2358 2441//2440 2360//2359
f 2360//2359 2442//2441 2361//2360
f 2361//2360 2443//2442 2362//2361
f 2362//2361 2444//2443 2363//2362
f 2363//2362 2445//2444 2364//2363
f 2364//2363 2446//2445 2365//2364
f 2446//2445 2366//2365 2365//2364
f 2366//2365 2448//2447 2367//2366
f 2367//2366 2449//2448 2368//2367
f 2368//2367 2450//2449 2369//2368
f 2369//2368 2451//2450 2370//2369
f 2370//2369 2452//2451 2371//2370
f 2371//2370 2453//2452 2372//2371
f 2372//2371 2454//2453 2373//2372
f 2373//2372 2455//2454 2374//2373
f 2374//2373 2456//2455 2375//2374
f 2456//2455 2376//2375 2375//2374
f 2457//2456 2377//2376 2376//2375
f 2377//2376 2459//2458 2378//2377
f 2378//2377 2460//2459 2379//2378
f 2379//2378 2461//2460 2380//2379
f 2380//2379 2462//2461 2381//2380
f 2381//2380 2463//2462 2382//2381
f 2382//2381 2464//2463 2383//2382
f 2464//2463 2384//2383 2383//2382
f 2465//2464 2385//2384 2384//2383
f 2466//2465 2386//2385 2385//2384
f 2467//2466 2387//2386 2386//2385
f 2468//2467 2388//2387 2387//2386
f 2469//2468 2389//2388 2388//2387
f 2470//2469 2390//2389 2389//2388
f 2471//2470 2391//2390 2390//2389
f 2472//2471 2392//2391 2391//2390
f 2473//2472 2393//2392 2392//2391
f 2474//2473 2394//2393 2393//2392
f 2394//2393 2476//2475 2395//2394
f 2476//2475 2396//2395 2395//2394
f 2396//2395 2478//2477 2397//2396
f 2397//2396 2479//2478 2398//2397
f 2398//2397 2480//2479 2399//2398
f 2399//2398 2481//2480 2400//2399
f 2400//2399 2482//2481 2401//2400
f 2401//2400 2483//2482 2402//2401
f 2402//2401 2484//2483 2403//2402
f 2403//2402 2485//2484 2404//2403
f 2404//2403 2486//2485 2405//2404
f 2486//2485 2406//2405 2405//2404
f 2406//2405 2488//2487 2407//2406
f 2488//2487 2408//2407 2407//2406
f 2489//2488 2409//2408 2408//2407
f 2490//2489 2410//2409 2409//2408
f 2491//2490 2411//2410 2410//2409
f 2411//2410 2493//2492 2412//2411
f 2412//2411 2494//2493 2413//2412
f 2413//2412 2495//2494 2414//2413
f 2414//2413 2496//2495 2415//2414
f 2415//2414 2497//2496 2416//2415
f 2497//2496 2417//2416 2416//2415
f 2498//2497 2418//2417 2417//2416
f 2499//2498 2419//2418 2418//2417
f 2500//2499 2420//2419 2419//2418
f 2501//2500 2421//2420 2420//2419
f 2502//2501 2422//2421 2421//2420
f 2422//2421 2504//2503 2423//2422
f 2423//2422 2505//2504 2424//2423
f 2424//2423 2506//2505 2425//2424
f 2425//2424 2507//2506 2426//2425
f 2507//2506 2427//2426 2426//2425
f 2508//2507 2428//2427 2427//2426
f 2509//2508 2429//2428 2428//2427
f 2510//2509 2430//2429 2429//2428
f 2431//2430 2513//2512 2432//2431
f 2432//2431 2514//2513 2433//2432
f 2433//2432 2515//2514 2434//2433
f 2434//2433 2516//2515 2435//2434
f 2435//2434 2517//2516 2436//2435
f 2436//2435 2518//2517 2437//2436
f 2437//2436 2519//2518 2438//2437
f 2519//2518 2439//2438 2438//2437
f 2520//2519 2440//2439 2439//2438
f 2440//2439 2522//2521 2441//2440
f 2441//2440 2523//2522 2442//2441
f 2442//2441 2524//2523 2443//2442
f 2443//2442 2525//2524 2444//2443
f 2444//2443 2526//2525 2445//2444
f 2445//2444 2527//2526 2446//2445
f 2527//2526 2447//2446 2446//2445
f 2447//2446 2529//2528 2448//2447
f 2448//2447 2530//2529 2449//2448
f 2449//2448 2531//2530 2450//2449
f 2450//2449 2532//2531 2451//2450
f 2451//2450 2533//2532 2452//2451
f 2452//2451 2534//2533 2453//2452
f 2453//2452 2535//2534 2454//2453
f 2454//2453 2536//2535 2455//2454
f 2455//2454 2537//2536 2456//2455
f 2537//2536 2457//2456 2456//2455
f 2538//2537 2458//2457 2457//2456
f 2458//2457 2540//2539 2459//2458
f 2459//2458 2541//2540 2460//2459
f 2460//2459 2542//2541 2461//2460
f 2461//2460 2543//2542 2462//2461
f 2462//2461 2544//2543 2463//2462
f 2463//2462 2545//2544 2464//2463
f 2545//2544 2465//2464 2464//2463
f 2546//2545 2466//2465 2465//2464
f 2547//2546 2467//2466 2466//2465
f 2548//2547 2468//2467 2467//2466
f 2549//2548 2469//2468 2468//2467
f 2550//2549 2470//2469 2469//2468
f 2551//2550 2471//2470 2470//2469
f 2552//2551 2472//2471 2471//2470
f 2553//2552 2473//2472 2472//2471
f 2554//2553 2474//2473 2473//2472
f 2474//2473 2556//2555 2475//2474
f 2475//2474 2557//2556 2476//2475
f 2557//2556 2477//2476 2476//2475
f 2558//2557 2478//2477 2477//2476
f 2478//2477 2560//2559 2479//2478
f 2479//2478 2561//2560 2480//2479
f 2480//2479 2562//2561 2481//2480
f 2481//2480 2563//2562 2482//2481
f 2482//2481 2564//2563 2483//2482
f 2483//2482 2565//2564 2484//2483
f 2484//2483 2566//2565 2485//2484
f 2485//2484 2567//2566 2486//2485
f 2486//2485 2568//2567 2487//2486
f 2487//2486 2569//2568 2488//2487
f 2488//2487 2570//2569 2489//2488
f 2570//2569 2490//2489 2489//2488
f 2571//2570 2491//2490 2490//2489
f 2572//2571 2492//2491 2491//2490
f 2492//2491 2574//2573 2493//2492
f 2493//2492 2575//2574 2494//2493
f 2494//2493 2576//2575 2495//2494
f 2495//2494 2577//2576 2496//2495
f 2496//2495 2578//2577 2497//2496
f 2578//2577 2498//2497 2497//2496
f 2579//2578 2499//2498 2498//2497
f 2580//2579 2500//2499 2499//2498
f 2581//2580 2501//2500 2500//2499
f 2582//2581 2502//2501 2501//2500
f 2502//2501 2584//2583 2503//2502
f 2503//2502 2585//2584 2504//2503
f 2504//2503 2586//2585 2505//2504
f 2505//2504 2587//2586 2506//2505
f 2506//2505 2588//2587 2507//2506
f 2588//2587 2508//2507 2507//2506
f 2589//2588 2509//2508 2508//2507
f 2590//2589 2510//2509 2509//2508
f 2591//2590 2511//2510 2510//2509
f 2512//2511 2594//2593 2513//2512
f 2513//2512 2595//2594 2514//2513
f 2514//2513 2596//2595 2515//2514
f 2515//2514 2597//2596 2516//2515
f 2516//2515 2598//2597 2517//2516
f 2517//2516 2599//2598 2518//2517
f 2518//2517 2600//2599 2519//2518
f 2600//2599 2520//2519 2519//2518
f 2601//2600 2521//2520 2520//2519
f 2521//2520 2603//2602 2522//2521
f 2603//2602 2523//2522 2522//2521
f 2604//2603 2524//2523 2523//2522
f 2605//2604 2525//2524 2524//2523
f 2525//2524 2607//2606 2526//2525
f 2526//2525 2608//2607 2527//2526
f 2608//2607 2528//2527 2527//2526
f 2528//2527 2610//2609 2529//2528
f 2610//2609 2530//2529 2529//2528
f 2530//2529 2612//2611 2531//2530
f 2531//2530 2613//2612 2532//2531
f 2532//2531 2614//2613 2533//2532
f 2533//2532 2615//2614 2534//2533
f 2534//2533 2616//2615 2535//2534
f 2535//2534 2617//2616 2536//2535
f 2536//2535 2618//2617 2537//2536
f 2537//2536 2619//2618 2538//2537
f 2619//2618 2539//2538 2538//2537
f 2539//2538 2621//2620 2540//2539
f 2540//2539 2622//2621 2541//2540
f 2541//2540 2623//2622 2542//2541
f 2542//2541 2624//2623 2543//2542
f 2543//2542 2625//2624 2544//2543
f 2544//2543 2626//2625 2545//2544
f 2545//2544 2627//2626 2546//2545
f 2627//2626 2547//2546 2546//2545
f 2628//2627 2548//2547 2547//2546
f 2629//2628 2549//2548 2548//2547
f 2549//2548 2631//2630 2550//2549
f 2631//2630 2551//2550 2550//2549
f 2632//2631 2552//2551 2551//2550
f 2633//2632 2553//2552 2552//2551
f 2634//2633 2554//2553 2553//2552
f 2635//2634 2555//2554 2554//2553
f 2636//2635 2556//2555 2555//2554
f 2556//2555 2638//2637 2557//2556
f 2638//2637 2558//2557 2557//2556
f 2639//2638 2559//2558 2558//2557
f 2640//2639 2560//2559 2559//2558
f 2560//2559 2642//2641 2561//2560
f 2561//2560 2643//2642 2562//2561
f 2562//2561 2644//2643 2563//2562
f 2563//2562 2645//2644 2564//2563
f 2564//2563 2646//2645 2565//2564
f 2565//2564 2647//2646 2566//2565
f 2647//2646 2567//2566 2566//2565
f 2567//2566 2649//2648 2568//2567
f 2568//2567 2650//2649 2569//2568
f 2569//2568 2651//2650 2570//2569
f 2570//2569 2652//2651 2571//2570
f 2652//2651 2572//2571 2571//2570
f 2653//2652 2573//2572 2572//2571
f 2654//2653 2574//2573 2573//2572
f 2574//2573 2656//2655 2575//2574
f 2575//2574 2657//2656 2576//2575
f 2576//2575 2658//2657 2577//2576
f 2577//2576 2659//2658 2578//2577
f 2659//2658 2579//2578 2578//2577
f 2660//2659 2580//2579 2579//2578
f 2661//2660 2581//2580 2580//2579
f 2662//2661 2582//2581 2581//2580
f 2582//2581 2664//2663 2583//2582
f 2583//2582 2665//2664 2584//2583
f 2584//2583 2666//2665 2585//2584
f 2585//2584 2667//2666 2586//2585
f 2586//2585 2668//2667 2587//2586
f 2587//2586 2669//2668 2588//2587
f 2669//2668 2589//2588 2588//2587
f 2670//2669 2590//2589 2589//2588
f 2671//2670 2591//2590 2590//2589
f 2591//2590 2673//2672 2592//2591
f 2674//2673 2594//2593 2593//2592
f 2675//2674 2595//2594 2594//2593
f 2676//2675 2596//2595 2595//2594
f 2677//2676 2597//2596 2596//2595
f 2678//2677 2598//2597 2597//2596
f 2679//2678 2599//2598 2598//2597
f 2680//2679 2600//2599 2599//2598
f 2681//2680 2601//2600 2600//2599
f 2682//2681 2602//2601 2601//2600
f 2683//2682 2603//2602 2602//2601
f 2684//2683 2604//2603 2603//2602
f 2685//2684 2605//2604 2604//2603
f 2686//2685 2606//2605 2605//2604
f 2687//2686 2607//2606 2606//2605
f 2607//2606 2689//2688 2608//2607
f 2608//2607 2690//2689 2609//2608
f 2690//2689 2610//2609 2609//2608
f 2610//2609 2692//2691 2611//2610
f 2611//2610 2693//2692 2612//2611
f 2612//2611 2694//2693 2613//2612
f 2613//2612 2695//2694 2614//2613
f 2614//2613 2696//2695 2615//2614
f 2615//2614 2697//2696 2616//2615
f 2616//2615 2698//2697 2617//2616
f 2617//2616 2699//2698 2618//2617
f 2618//2617 2700//2699 2619//2618
f 2619//2618 2701//2700 2620//2619
f 2620//2619 2702//2701 2621//2620
f 2621//2620 2703//2702 2622//2621
f 2622//2621 2704//2703 2623//2622
f 2623//2622 2705//2704 2624//2623
f 2624//2623 2706//2705 2625//2624
f 2625//2624 2707//2706 2626//2625
f 2626//2625 2708//2707 2627//2626
f 2708//2707 2628//2627 2627//2626
f 2709//2708 2629//2628 2628//2627
f 2710//2709 2630//2629 2629//2628
f 2711//2710 2631//2630 2630//2629
f 2712//2711 2632//2631 2631//2630
f 2713//2712 2633//2632 2632//2631
f 2714//2713 2634//2633 2633//2632
f 2715//2714 2635//2634 2634//2633
f 2716//2715 2636//2635 2635//2634
f 2636//2635 2718//2717 2637//2636
f 2637//2636 2719//2718 2638//2637
f 2638//2637 2720//2719 2639//2638
f 2720//2719 2640//2639 2639//2638
f 2640//2639 2722//2721 2641//2640
f 2641//2640 2723//2722 2642//2641
f 2642//2641 2724//2723 2643//2642
f 2643//2642 2725//2724 2644//2643
f 2644//2643 2726//2725 2645//2644
f 2645//2644 2727//2726 2646//2645
f 2646//2645 2728//2727 2647//2646
f 2647//2646 2729//2728 2648//2647
f 2648//2647 2730//2729 2649//2648
f 2649//2648 2731//2730 2650//2649
f 2650//2649 2732//2731 2651//2650
f 2651//2650 2733//2732 2652//2651
f 2733//2732 2653//2652 2652//2651
f 2734//2733 2654//2653 2653//2652
f 2654//2653 2736//2735 2655//2654
f 2736//2735 2656//2655 2655//2654
f 2656//2655 2738//2737 2657//2656
f 2657//2656 2739//2738 2658//2657
f 2658//2657 2740//2739 2659//2658
f 2659//2658 2741//2740 2660//2659
f 2741//2740 2661//2660 2660//2659
f 2742//2741 2662//2661 2661//2660
f 2743//2742 2663//2662 2662//2661
f 2663//2662 2745//2744 2664//2663
f 2664//2663 2746//2745 2665//2664
f 2665//2664 2747//2746 2666//2665
f 2666//2665 2748//2747 2667//2666
f 2667//2666 2749//2748 2668//2667
f 2668//2667 2750//2749 2669//2668
f 2750//2749 2670//2669 2669//2668
f 2751//2750 2671//2670 2670//2669
f 2752//2751 2672//2671 2671//2670
f 2672//2671 2754//2753 2673//2672
f 2755//2754 2675//2674 2674//2673
f 2756//2755 2676//2675 2675//2674
f 2757//2756 2677//2676 2676//2675
f 2758//2757 2678//2677 2677//2676
f 2759//2758 2679//2678 2678//2677
f 2760//2759 2680//2679 2679//2678
f 2761//2760 2681//2680 2680//2679
f 2762//2761 2682//2681 2681//2680
f 2763//2762 2683//2682 2682//2681
f 2764//2763 2684//2683 2683//2682
f 2765//2764 2685//2684 2684//2683
f 2766//2765 2686//2685 2685//2684
f 2767//2766 2687//2686 2686//2685
f 2768//2767 2688//2687 2687//2686
f 2688//2687 2770//2769 2689//2688
f 2689//2688 2771//2770 2690//2689
f 2771//2770 2691//2690 2690//2689
f 2691//2690 2773//2772 2692//2691
f 2773//2772 2693//2692 2692//2691
f 2774//2773 2694//2693 2693//2692
f 2694//2693 2776//2775 2695//2694
f 2776//2775 2696//2695 2695//2694
f 2777//2776 2697//2696 2696//2695
f 2697//2696 2779//2778 2698//2697
f 2779//2778 2699//2698 2698//2697
f 2699//2698 2781//2780 2700//2699
f 2700//2699 2782//2781 2701//2700
f 2782//2781 2702//2701 2701//2700
f 2783//2782 2703//2702 2702//2701
f 2784//2783 2704//2703 2703//2702
f 2785//2784 2705//2704 2704//2703
f 2786//2785 2706//2705 2705//2704
f 2706//2705 2788//2787 2707//2706
f 2707//2706 2789//2788 2708//2707
f 2708//2707 2790//2789 2709//2708
f 2790//2789 2710//2709 2709//2708
f 2791//2790 2711//2710 2710//2709
f 2792//2791 2712//2711 2711//2710
f 2793//2792 2713//2712 2712//2711
f 2794//2793 2714//2713 2713//2712
f 2795//2794 2715//2714 2714//2713
f 2796//2795 2716//2715 2715//2714
f 2716//2715 2798//2797 2717//2716
f 2717//2716 2799//2798 2718//2717
f 2799//2798 2719//2718 2718//2717
f 2719//2718 2801//2800 2720//2719
f 2720//2719 2802//2801 2721//2720
f 2721//2720 2803//2802 2722//2721
f 2803//2802 2723//2722 2722//2721
f 2804//2803 2724//2723 2723//2722
f 2724//2723 2806//2805 2725//2724
f 2725//2724 2807//2806 2726//2725
f 2726//2725 2808//2807 2727//2726
f 2808//2807 2728//2727 2727//2726
f 2809//2808 2729//2728 2728//2727
f 2729//2728 2811//2810 2730//2729
f 2730//2729 2812//2811 2731//2730
f 2731//2730 2813//2812 2732//2731
f 2813//2812 2733//2732 2732//2731
f 2733//2732 2815//2814 2734//2733
f 2734//2733 2816//2815 2735//2734
f 2735//2734 2817//2816 2736//2735
f 2817//2816 2737//2736 2736//2735
f 2818//2817 2738//2737 2737//2736
f 2819//2818 2739//2738 2738//2737
f 2820//2819 2740//2739 2739//2738
f 2821//2820 2741//2740 2740//2739
f 2741//2740 2823//2822 2742//2741
f 2742//2741 2824//2823 2743//2742
f 2743//2742 2825//2824 2744//2743
f 2825//2824 2745//2744 2744//2743
f 2826//2825 2746//2745 2745//2744
f 2827//2826 2747//2746 2746//2745
f 2747//2746 2829//2828 2748//2747
f 2748//2747 2830//2829 2749//2748
f 2749//2748 2831//2830 2750//2749
f 2750//2749 2832//2831 2751//2750
f 2751//2750 2833//2832 2752//2751
f 2833//2832 2753//2752 2752//2751
f 2834//2833 2754//2753 2753//2752
f 2836//2835 2756//2755 2755//2754
f 2837//2836 2757//2756 2756//2755
f 2838//2837 2758//2757 2757//2756
f 2839//2838 2759//2758 2758//2757
f 2840//2839 2760//2759 2759//2758
f 2841//2840 2761//2760 2760//2759
f 2842//2841 2762//2761 2761//2760
f 2843//2842 2763//2762 2762//2761
f 2844//2843 2764//2763 2763//2762
f 2845//2844 2765//2764 2764//2763
f 2846//2845 2766//2765 2765//2764
f 2847//2846 2767//2766 2766//2765
f 2848//2847 2768//2767 2767//2766
f 2768//2767 2850//2849 2769//2768
f 2850//2849 2770//2769 2769//2768
f 2770//2769 2852//2851 2771//2770
f 2771//2770 2853//2852 2772//2771
f 2772//2771 2854//2853 2773//2772
f 2773//2772 2855//2854 2774//2773
f 2855//2854 2775//2774 2774//2773
f 2856//2855 2776//2775 2775//2774
f 2857//2856 2777//2776 2776//2775
f 2858//2857 2778//2777 2777//2776
f 2859//2858 2779//2778 2778//2777
f 2779//2778 2861//2860 2780//2779
f 2780//2779 2862//2861 2781//2780
f 2862//2861 2782//2781 2781//2780
f 2863//2862 2783//2782 2782//2781
f 2864//2863 2784//2783 2783//2782
f 2784//2783 2866//2865 2785//2784
f 2866//2865 2786//2785 2785//2784
f 2867//2866 2787//2786 2786//2785
f 2868//2867 2788//2787 2787//2786
f 2788//2787 2870//2869 2789//2788
f 2789//2788 2871//2870 2790//2789
f 2871//2870 2791//2790 2790//2789
f 2872//2871 2792//2791 2791//2790
f 2873//2872 2793//2792 2792//2791
f 2874//2873 2794//2793 2793//2792
f 2875//2874 2795//2794 2794//2793
f 2876//2875 2796//2795 2795//2794
f 2877//2876 2797//2796 2796//2795
f 2797//2796 2879//2878 2798//2797
f 2798//2797 2880//2879 2799//2798
f 2880//2879 2800//2799 2799//2798
f 2800//2799 2882//2881 2801//2800
f 2801//2800 2883//2882 2802//2801
f 2802//2801 2884//2883 2803//2802
f 2884//2883 2804//2803 2803//2802
f 2885//2884 2805//2804 2804//2803
f 2805//2804 2887//2886 2806//2805
f 2806//2805 2888//2887 2807//2806
f 2888//2887 2808//2807 2807//2806
f 2889//2888 2809//2808 2808//2807
f 2890//2889 2810//2809 2809//2808
f 2891//2890 2811//2810 2810//2809
f 2892//2891 2812//2811 2811//2810
f 2893//2892 2813//2812 2812//2811
f 2894//2893 2814//2813 2813//2812
f 2895//2894 2815//2814 2814//2813
f 2896//2895 2816//2815 2815//2814
f 2897//2896 2817//2816 2816//2815
f 2898//2897 2818//2817 2817//2816
f 2818//2817 2900//2899 2819//2818
f 2900//2899 2820//2819 2819//2818
f 2901//2900 2821//2820 2820//2819
f 2902//2901 2822//2821 2821//2820
f 2822//2821 2904//2903 2823//2822
f 2823//2822 2905//2904 2824//2823
f 2824//2823 2906//2905 2825//2824
f 2906//2905 2826//2825 2825//2824
f 2907//2906 2827//2826 2826//2825
f 2908//2907 2828//2827 2827//2826
f 2909//2908 2829//2828 2828//2827
f 2910//2909 2830//2829 2829//2828
f 2911//2910 2831//2830 2830//2829
f 2912//2911 2832//2831 2831//2830
f 2913//2912 2833//2832 2832//2831
f 2833//2832 2915//2914 2834//2833
f 2915//2914 2835//2834 2834//2833
f 2917//2916 2837//2836 2836//2835
f 2918//2917 2838//2837 2837//2836
f 2919//2918 2839//2838 2838//2837
f 2920//2919 2840//2839 2839//2838
f 2921//2920 2841//2840 2840//2839
f 2922//2921 2842//2841 2841//2840
f 2923//2922 2843//2842 2842//2841
f 2924//2923 2844//2843 2843//2842
f 2844//2843 2926//2925 2845//2844
f 2845//2844 2927//2926 2846//2845
f 2846//2845 2928//2927 2847//2846
f 2928//2927 2848//2847 2847//2846
f 2929//2928 2849//2848 2848//2847
f 2930//2929 2850//2849 2849//2848
f 2931//2930 2851//2850 2850//2849
f 2932//2931 2852//2851 2851//2850
f 2852//2851 2934//2933 2853//2852
f 2853//2852 2935//2934 2854//2853
f 2854//2853 2936//2935 2855//2854
f 2936//2935 2856//2855 2855//2854
f 2937//2936 2857//2856 2856//2855
f 2938//2937 2858//2857 2857//2856
f 2939//2938 2859//2858 2858//2857
f 2940//2939 2860//2859 2859//2858
f 2860//2859 2942//2941 2861//2860
f 2942//2941 2862//2861 2861//2860
f 2943//2942 2863//2862 2862//2861
f 2863//2862 2945//2944 2864//2863
f 2945//2944 2865//2864 2864//2863
f 2946//2945 2866//2865 2865//2864
f 2947//2946 2867//2866 2866//2865
f 2948//2947 2868//2867 2867//2866
f 2868//2867 2950//2949 2869//2868
f 2869//2868 2951//2950 2870//2869
f 2870//2869 2952//2951 2871//2870
f 2952//2951 2872//2871 2871//2870
f 2953//2952 2873//2872 2872//2871
f 2873//2872 2955//2954 2874//2873
f 2874//2873 2956//2955 2875//2874
f 2875//2874 2957//2956 2876//2875
f 2876//2875 2958//2957 2877//2876
f 2958//2957 2878//2877 2877//2876
f 2878//2877 2960//2959 2879//2878
f 2879//2878 2961//2960 2880//2879
f 2961//2960 2881//2880 2880//2879
f 2962//2961 2882//2881 2881//2880
f 2882//2881 2964//2963 2883//2882
f 2883//2882 2965//2964 2884//2883
f 2965//2964 2885//2884 2884//2883
f 2885//2884 2967//2966 2886//2885
f 2886//2885 2968//2967 2887//2886
f 2968//2967 2888//2887 2887//2886
f 2888//2887 2970//2969 2889//2888
f 2970//2969 2890//2889 2889//2888
f 2971//2970 2891//2890 2890//2889
f 2972//2971 2892//2891 2891//2890
f 2973//2972 2893//2892 2892//2891
f 2974//2973 2894//2893 2893//2892
f 2975//2974 2895//2894 2894//2893
f 2976//2975 2896//2895 2895//2894
f 2977//2976 2897//2896 2896//2895
f 2978//2977 2898//2897 2897//2896
f 2979//2978 2899//2898 2898//2897
f 2899//2898 2981//2980 2900//2899
f 2981//2980 2901//2900 2900//2899
f 2982//2981 2902//2901 2901//2900
f 2983//2982 2903//2902 2902//2901
f 2903//2902 2985//2984 2904//2903
f 2904//2903 2986//2985 2905//2904
f 2905//2904 2987//2986 2906//2905
f 2906//2905 2988//2987 2907//2906
f 2988//2987 2908//2907 2907//2906
f 2989//2988 2909//2908 2908//2907
f 2990//2989 2910//2909 2909//2908
f 2991//2990 2911//2910 2910//2909
f 2911//2910 2993//2992 2912//2911
f 2993//2992 2913//2912 2912//2911
f 2994//2993 2914//2913 2913//2912
f 2995//2994 2915//2914 2914//2913
f 2996//2995 2916//2915 2915//2914
f 2998//2997 2918//2917 2917//2916
f 2999//2998 2919//2918 2918//2917
f 3000//2999 2920//2919 2919//2918
f 3001//3000 2921//2920 2920//2919
f 3002//3001 2922//2921 2921//2920
f 3003//3002 2923//2922 2922//2921
f 3004//3003 2924//2923 2923//2922
f 2924//2923 3006//3005 2925//2924
f 2925//2924 3007//3006 2926//2925
f 2926//2925 3008//3007 2927//2926
f 2927//2926 3009//3008 2928//2927
f 3009//3008 2929//2928 2928//2927
f 3010//3009 2930//2929 2929//2928
f 3011//3010 2931//2930 2930//2929
f 3012//3011 2932//2931 2931//2930
f 3013//3012 2933//2932 2932//2931
f 2933//2932 3015//3014 2934//2933
f 2934//2933 3016//3015 2935//2934
f 2935//2934 3017//3016 2936//2935
f 3017//3016 2937//2936 2936//2935
f 3018//3017 2938//2937 2937//2936
f 3019//3018 2939//2938 2938//2937
f 3020//3019 2940//2939 2939//2938
f 3021//3020 2941//2940 2940//2939
f 2941//2940 3023//3022 2942//2941
f 3023//3022 2943//2942 2942//2941
f 3024//3023 2944//2943 2943//2942
f 2944//2943 3026//3025 2945//2944
f 2945//2944 3027//3026 2946//2945
f 3027//3026 2947//2946 2946//2945
f 3028//3027 2948//2947 2947//2946
f 3029//3028 2949//2948 2948//2947
f 2949//2948 3031//3030 2950//2949
f 3031//3030 2951//2950 2950//2949
f 3032//3031 2952//2951 2951//2950
f 2952//2951 3034//3033 2953//2952
f 3034//3033 2954//2953 2953//2952
f 2954//2953 3036//3035 2955//2954
f 2955//2954 3037//3036 2956//2955
f 2956//2955 3038//3037 2957//2956
f 2957//2956 3039//3038 2958//2957
f 2958//2957 3040//3039 2959//2958
f 3040//3039 2960//2959 2959//2958
f 2960//2959 3042//3041 2961//2960
f 2961//2960 3043//3042 2962//2961
f 3043//3042 2963//2962 2962//2961
f 3044//3043 2964//2963 2963//2962
f 2964//2963 3046//3045 2965//2964
f 2965//2964 3047//3046 2966//2965
f 3047//3046 2967//2966 2966//2965
f 3048//3047 2968//2967 2967//2966
f 2968//2967 3050//3049 2969//2968
f 2969//2968 3051//3050 2970//2969
f 2970//2969 3052//3051 2971//2970
f 3052//3051 2972//2971 2971//2970
f 3053//3052 2973//2972 2972//2971
f 3054//3053 2974//2973 2973//2972
f 2974//2973 3056//3055 2975//2974
f 2975//2974 3057//3056 2976//2975
f 2976//2975 3058//3057 2977//2976
f 3058//3057 2978//2977 2977//2976
f 3059//3058 2979//2978 2978//2977
f 3060//3059 2980//2979 2979//2978
f 2980//2979 3062//3061 2981//2980
f 2981//2980 3063//3062 2982//2981
f 2982//2981 3064//3063 2983//2982
f 3064//3063 2984//2983 2983//2982
f 2984//2983 3066//3065 2985//2984
f 2985//2984 3067//3066 2986//2985
f 2986//2985 3068//3067 2987//2986
f 3068//3067 2988//2987 2987//2986
f 3069//3068 2989//2988 2988//2987
f 3070//3069 2990//2989 2989//2988
f 2990//2989 3072//3071 2991//2990
f 3072//3071 2992//2991 2991//2990
f 2992//2991 3074//3073 2993//2992
f 3074//3073 2994//2993 2993//2992
f 3075//3074 2995//2994 2994//2993
f 3076//3075 2996//2995 2995//2994
f 3077//3076 2997//2996 2996//2995
f 2998//2997 3080//3079 2999//2998
f 3080//3079 3000//2999 2999//2998
f 3081//3080 3001//3000 3000//2999
f 3082//3081 3002//3001 3001//3000
f 3083//3082 3003//3002 3002//3001
f 3084//3083 3004//3003 3003//3002
f 3085//3084 3005//3004 3004//3003
f 3005//3004 3087//3086 3006//3005
f 3006//3005 3088//3087 3007//3006
f 3007//3006 3089//3088 3008//3007
f 3008//3007 3090//3089 3009//3008
f 3090//3089 3010//3009 3009//3008
f 3091//3090 3011//3010 3010//3009
f 3092//3091 3012//3011 3011//3010
f 3093//3092 3013//3012 3012//3011
f 3094//3093 3014//3013 3013//3012
f 3014//3013 3096//3095 3015//3014
f 3096//3095 3016//3015 3015//3014
f 3016//3015 3098//3097 3017//3016
f 3098//3097 3018//3017 3017//3016
f 3099//3098 3019//3018 3018//3017
f 3100//3099 3020//3019 3019//3018
f 3101//3100 3021//3020 3020//3019
f 3021//3020 3103//3102 3022//3021
f 3022//3021 3104//3103 3023//3022
f 3023//3022 3105//3104 3024//3023
f 3105//3104 3025//3024 3024//3023
f 3106//3105 3026//3025 3025//3024
f 3107//3106 3027//3026 3026//3025
f 3108//3107 3028//3027 3027//3026
f 3109//3108 3029//3028 3028//3027
f 3110//3109 3030//3029 3029//3028
f 3111//3110 3031//3030 3030//3029
f 3112//3111 3032//3031 3031//3030
f 3113//3112 3033//3032 3032//3031
f 3114//3113 3034//3033 3033//3032
f 3034//3033 3116//3115 3035//3034
f 3035//3034 3117//3116 3036//3035
f 3117//3116 3037//3036 3036//3035
f 3118//3117 3038//3037 3037//3036
f 3119//3118 3039//3038 3038//3037
f 3120//3119 3040//3039 3039//3038
f 3121//3120 3041//3040 3040//3039
f 3122//3121 3042//3041 3041//3040
f 3042//3041 3124//3123 3043//3042
f 3043//3042 3125//3124 3044//3043
f 3125//3124 3045//3044 3044//3043
f 3045//3044 3127//3126 3046//3045
f 3046//3045 3128//3127 3047//3046
f 3047//3046 3129//3128 3048//3047
f 3048//3047 3130//3129 3049//3048
f 3049//3048 3131//3130 3050//3049
f 3050//3049 3132//3131 3051//3050
f 3051//3050 3133//3132 3052//3051
f 3052//3051 3134//3133 3053//3052
f 3053//3052 3135//3134 3054//3053
f 3054//3053 3136//3135 3055//3054
f 3055//3054 3137//3136 3056//3055
f 3056//3055 3138//3137 3057//3056
f 3057//3056 3139//3138 3058//3057
f 3058//3057 3140//3139 3059//3058
f 3059//3058 3141//3140 3060//3059
f 3060//3059 3142//3141 3061//3060
f 3142//3141 3062//3061 3061//3060
f 3143//3142 3063//3062 3062//3061
f 3144//3143 3064//3063 3063//3062
f 3064//3063 3146//3145 3065//3064
f 3065//3064 3147//3146 3066//3065
f 3066//3065 3148//3147 3067//3066
f 3148//3147 3068//3067 3067//3066
f 3149//3148 3069//3068 3068//3067
f 3150//3149 3070//3069 3069//3068
f 3070//3069 3152//3151 3071//3070
f 3071//3070 3153//3152 3072//3071
f 3072//3071 3154//3153 3073//3072
f 3154//3153 3074//3073 3073//3072
f 3155//3154 3075//3074 3074//3073
f 3075//3074 3157//3156 3076//3075
f 3157//3156 3077//3076 3076//3075
f 3158//3157 3078//3077 3077//3076
f 3079//3078 3161//3160 3080//3079
f 3080//3079 3162//3161 3081//3080
f 3162//3161 3082//3081 3081//3080
f 3082//3081 3164//3163 3083//3082
f 3083//3082 3165//3164 3084//3083
f 3084//3083 3166//3165 3085//3084
f 3085//3084 3167//3166 3086//3085
f 3086//3085 3168//3167 3087//3086
f 3087//3086 3169//3168 3088//3087
f 3088//3087 3170//3169 3089//3088
f 3089//3088 3171//3170 3090//3089
f 3171//3170 3091//3090 3090//3089
f 3172//3171 3092//3091 3091//3090
f 3173//3172 3093//3092 3092//3091
f 3093//3092 3175//3174 3094//3093
f 3175//3174 3095//3094 3094//3093
f 3176//3175 3096//3095 3095//3094
f 3177//3176 3097//3096 3096//3095
f 3097//3096 3179//3178 3098//3097
f 3179//3178 3099//3098 3098//3097
f 3180//3179 3100//3099 3099//3098
f 3181//3180 3101//3100 3100//3099
f 3182//3181 3102//3101 3101//3100
f 3183//3182 3103//3102 3102//3101
f 3103//3102 3185//3184 3104//3103
f 3104//3103 3186//3185 3105//3104
f 3186//3185 3106//3105 3105//3104
f 3187//3186 3107//3106 3106//3105
f 3188//3187 3108//3107 3107//3106
f 3189//3188 3109//3108 3108//3107
f 3190//3189 3110//3109 3109//3108
f 3191//3190 3111//3110 3110//3109
f 3192//3191 3112//3111 3111//3110
f 3193//3192 3113//3112 3112//3111
f 3194//3193 3114//3113 3113//3112
f 3195//3194 3115//3114 3114//3113
f 3196//3195 3116//3115 3115//3114
f 3116//3115 3198//3197 3117//3116
f 3198//3197 3118//3117 3117//3116
f 3199//3198 3119//3118 3118//3117
f 3200//3199 3120//3119 3119//3118
f 3201//3200 3121//3120 3120//3119
f 3202//3201 3122//3121 3121//3120
f 3203//3202 3123//3122 3122//3121
f 3204//3203 3124//3123 3123//3122
f 3124//3123 3206//3205 3125//3124
f 3125//3124 3207//3206 3126//3125
f 3126//3125 3208//3207 3127//3126
f 3127//3126 3209//3208 3128//3127
f 3128//3127 3210//3209 3129//3128
f 3129//3128 3211//3210 3130//3129
f 3130//3129 3212//3211 3131//3130
f 3131//3130 3213//3212 3132//3131
f 3132//3131 3214//3213 3133//3132
f 3133//3132 3215//3214 3134//3133
f 3134//3133 3216//3215 3135//3134
f 3135//3134 3217//3216 3136//3135
f 3136//3135 3218//3217 3137//3136
f 3137//3136 3219//3218 3138//3137
f 3138//3137 3220//3219 3139//3138
f 3139//3138 3221//3220 3140//3139
f 3140//3139 3222//3221 3141//3140
f 3222//3221 3142//3141 3141//3140
f 3223//3222 3143//3142 3142//3141
f 3224//3223 3144//3143 3143//3142
f 3225//3224 3145//3144 3144//3143
f 3145//3144 3227//3226 3146//3145
f 3146//3145 3228//3227 3147//3146
f 3147//3146 3229//3228 3148//3147
f 3148//3147 3230//3229 3149//3148
f 3149//3148 3231//3230 3150//3149
f 3150//3149 3232//3231 3151//3150
f 3232//3231 3152//3151 3151//3150
f 3233//3232 3153//3152 3152//3151
f 3234//3233 3154//3153 3153//3152
f 3235//3234 3155//3154 3154//3153
f 3155//3154 3237//3236 3156//3155
f 3156//3155 3238//3237 3157//3156
f 3238//3237 3158//3157 3157//3156
f 3239//3238 3159//3158 3158//3157
f 3160//3159 3242//3241 3161//3160
f 3161//3160 3243//3242 3162//3161
f 3243//3242 3163//3162 3162//3161
f 3163//3162 3245//3244 3164//3163
f 3164//3163 3246//3245 3165//3164
f 3165//3164 3247//3246 3166//3165
f 3166//3165 3248//3247 3167//3166
f 3167//3166 3249//3248 3168//3167
f 3249//3248 3169//3168 3168//3167
f 3250//3249 3170//3169 3169//3168
f 3251//3250 3171//3170 3170//3169
f 3171//3170 3253//3252 3172//3171
f 3172//3171 3254//3253 3173//3172
f 3173//3172 3255//3254 3174//3173
f 3255//3254 3175//3174 3174//3173
f 3256//3255 3176//3175 3175//3174
f 3257//3256 3177//3176 3176//3175
f 3258//3257 3178//3177 3177//3176
f 3259//3258 3179//3178 3178//3177
f 3179//3178 3261//3260 3180//3179
f 3180//3179 3262//3261 3181//3180
f 3181//3180 3263//3262 3182//3181
f 3182//3181 3264//3263 3183//3182
f 3264//3263 3184//3183 3183//3182
f 3265//3264 3185//3184 3184//3183
f 3266//3265 3186//3185 3185//3184
f 3267//3266 3187//3186 3186//3185
f 3268//3267 3188//3187 3187//3186
f 3269//3268 3189//3188 3188//3187
f 3270//3269 3190//3189 3189//3188
f 3271//3270 3191//3190 3190//3189
f 3272//3271 3192//3191 3191//3190
f 3273//3272 3193//3192 3192//3191
f 3274//3273 3194//3193 3193//3192
f 3275//3274 3195//3194 3194//3193
f 3276//3275 3196//3195 3195//3194
f 3277//3276 3197//3196 3196//3195
f 3278//3277 3198//3197 3197//3196
f 3279//3278 3199//3198 3198//3197
f 3280//3279 3200//3199 3199//3198
f 3281//3280 3201//3200 3200//3199
f 3282//3281 3202//3201 3201//3200
f 3283//3282 3203//3202 3202//3201
f 3284//3283 3204//3203 3203//3202
f 3285//3284 3205//3204 3204//3203
f 3205//3204 3287//3286 3206//3205
f 3206//3205 3288//3287 3207//3206
f 3207//3206 3289//3288 3208//3207
f 3208//3207 3290//3289 3209//3208
f 3209//3208 3291//3290 3210//3209
f 3210//3209 3292//3291 3211//3210
f 3292//3291 3212//3211 3211//3210
f 3212//3211 3294//3293 3213//3212
f 3213//3212 3295//3294 3214//3213
f 3214//3213 3296//3295 3215//3214
f 3215//3214 3297//3296 3216//3215
f 3216//3215 3298//3297 3217//3216
f 3217//3216 3299//3298 3218//3217
f 3218//3217 3300//3299 3219//3218
f 3219//3218 3301//3300 3220//3219
f 3220//3219 3302//3301 3221//3220
f 3221//3220 3303//3302 3222//3221
f 3303//3302 3223//3222 3222//3221
f 3304//3303 3224//3223 3223//3222
f 3305//3304 3225//3224 3224//3223
f 3306//3305 3226//3225 3225//3224
f 3226//3225 3308//3307 3227//3226
f 3227//3226 3309//3308 3228//3227
f 3228//3227 3310//3309 3229//3228
f 3229//3228 3311//3310 3230//3229
f 3230//3229 3312//3311 3231//3230
f 3312//3311 3232//3231 3231//3230
f 3313//3312 3233//3232 3232//3231
f 3314//3313 3234//3233 3233//3232
f 3315//3314 3235//3234 3234//3233
f 3316//3315 3236//3235 3235//3234
f 3236//3235 3318//3317 3237//3236
f 3237//3236 3319//3318 3238//3237
f 3238//3237 3320//3319 3239//3238
f 3239//3238 3321//3320 3240//3239
f 3241//3240 3323//3322 3242//3241
f 3323//3322 3243//3242 3242//3241
f 3324//3323 3244//3243 3243//3242
f 3325//3324 3245//3244 3244//3243
f 3245//3244 3327//3326 3246//3245
f 3246//3245 3328//3327 3247//3246
f 3247//3246 3329//3328 3248//3247
f 3248//3247 3330//3329 3249//3248
f 3330//3329 3250//3249 3249//3248
f 3331//3330 3251//3250 3250//3249
f 3332//3331 3252//3251 3251//3250
f 3252//3251 3334//3333 3253//3252
f 3253//3252 3335//3334 3254//3253
f 3254//3253 3336//3335 3255//3254
f 3336//3335 3256//3255 3255//3254
f 3337//3336 3257//3256 3256//3255
f 3338//3337 3258//3257 3257//3256
f 3339//3338 3259//3258 3258//3257
f 3259//3258 3341//3340 3260//3259
f 3260//3259 3342//3341 3261//3260
f 3261//3260 3343//3342 3262//3261
f 3262//3261 3344//3343 3263//3262
f 3263//3262 3345//3344 3264//3263
f 3345//3344 3265//3264 3264//3263
f 3346//3345 3266//3265 3265//3264
f 3347//3346 3267//3266 3266//3265
f 3348//3347 3268//3267 3267//3266
f 3349//3348 3269//3268 3268//3267
f 3350//3349 3270//3269 3269//3268
f 3351//3350 3271//3270 3270//3269
f 3352//3351 3272//3271 3271//3270
f 3353//3352 3273//3272 3272//3271
f 3354//3353 3274//3273 3273//3272
f 3355//3354 3275//3274 3274//3273
f 3356//3355 3276//3275 3275//3274
f 3357//3356 3277//3276 3276//3275
f 3358//3357 3278//3277 3277//3276
f 3359//3358 3279//3278 3278//3277
f 3360//3359 3280//3279 3279//3278
f 3361//3360 3281//3280 3280//3279
f 3362//3361 3282//3281 3281//3280
f 3282//3281 3364//3363 3283//3282
f 3364//3363 3284//3283 3283//3282
f 3365//3364 3285//3284 3284//3283
f 3366//3365 3286//3285 3285//3284
f 3286//3285 3368//3367 3287//3286
f 3287//3286 3369//3368 3288//3287
f 3288//3287 3370//3369 3289//3288
f 3289//3288 3371//3370 3290//3289
f 3290//3289 3372//3371 3291//3290
f 3291//3290 3373//3372 3292//3291
f 3373//3372 3293//3292 3292//3291
f 3293//3292 3375//3374 3294//3293
f 3294//3293 3376//3375 3295//3294
f 3295//3294 3377//3376 3296//3295
f 3296//3295 3378//3377 3297//3296
f 3297//3296 3379//3378 3298//3297
f 3298//3297 3380//3379 3299//3298
f 3299//3298 3381//3380 3300//3299
f 3300//3299 3382//3381 3301//3300
f 3301//3300 3383//3382 3302//3301
f 3383//3382 3303//3302 3302//3301
f 3384//3383 3304//3303 3303//3302
f 3385//3384 3305//3304 3304//3303
f 3386//3385 3306//3305 3305//3304
f 3387//3386 3307//3306 3306//3305
f 3307//3306 3389//3388 3308//3307
f 3308//3307 3390//3389 3309//3308
f 3309//3308 3391//3390 3310//3309
f 3310//3309 3392//3391 3311//3310
f 3311//3310 3393//3392 3312//3311
f 3393//3392 3313//3312 3312//3311
f 3394//3393 3314//3313 3313//3312
f 3395//3394 3315//3314 3314//3313
f 3396//3395 3316//3315 3315//3314
f 3316//3315 3398//3397 3317//3316
f 3317//3316 3399//3398 3318//3317
f 3318//3317 3400//3399 3319//3318
f 3319//3318 3401//3400 3320//3319
f 3320//3319 3402//3401 3321//3320
f 3322//3321 3404//3403 3323//3322
f 3404//3403 3324//3323 3323//3322
f 3405//3404 3325//3324 3324//3323
f 3406//3405 3326//3325 3325//3324
f 3407//3406 3327//3326 3326//3325
f 3408//3407 3328//3327 3327//3326
f 3409//3408 3329//3328 3328//3327
f 3329//3328 3411//3410 3330//3329
f 3411//3410 3331//3330 3330//3329
f 3412//3411 3332//3331 3331//3330
f 3413//3412 3333//3332 3332//3331
f 3414//3413 3334//3333 3333//3332
f 3334//3333 3416//3415 3335//3334
f 3335//3334 3417//3416 3336//3335
f 3336//3335 3418//3417 3337//3336
f 3418//3417 3338//3337 3337//3336
f 3419//3418 3339//3338 3338//3337
f 3420//3419 3340//3339 3339//3338
f 3421//3420 3341//3340 3340//3339
f 3422//3421 3342//3341 3341//3340
f 3423//3422 3343//3342 3342//3341
f 3343//3342 3425//3424 3344//3343
f 3344//3343 3426//3425 3345//3344
f 3426//3425 3346//3345 3345//3344
f 3427//3426 3347//3346 3346//3345
f 3428//3427 3348//3347 3347//3346
f 3348//3347 3430//3429 3349//3348
f 3430//3429 3350//3349 3349//3348
f 3350//3349 3432//3431 3351//3350
f 3432//3431 3352//3351 3351//3350
f 3433//3432 3353//3352 3352//3351
f 3434//3433 3354//3353 3353//3352
f 3435//3434 3355//3354 3354//3353
f 3436//3435 3356//3355 3355//3354
f 3437//3436 3357//3356 3356//3355
f 3438//3437 3358//3357 3357//3356
f 3439//3438 3359//3358 3358//3357
f 3440//3439 3360//3359 3359//3358
f 3441//3440 3361//3360 3360//3359
f 3442//3441 3362//3361 3361//3360
f 3443//3442 3363//3362 3362//3361
f 3444//3443 3364//3363 3363//3362
f 3445//3444 3365//3364 3364//3363
f 3446//3445 3366//3365 3365//3364
f 3366//3365 3448//3447 3367//3366
f 3367//3366 3449//3448 3368//3367
f 3368//3367 3450//3449 3369//3368
f 3369//3368 3451//3450 3370//3369
f 3370//3369 3452//3451 3371//3370
f 3371//3370 3453//3452 3372//3371
f 3372//3371 3454//3453 3373//3372
f 3373//3372 3455//3454 3374//3373
f 3374//3373 3456//3455 3375//3374
f 3375//3374 3457//3456 3376//3375
f 3376//3375 3458//3457 3377//3376
f 3377//3376 3459//3458 3378//3377
f 3378//3377 3460//3459 3379//3378
f 3379//3378 3461//3460 3380//3379
f 3380//3379 3462//3461 3381//3380
f 3381//3380 3463//3462 3382//3381
f 3382//3381 3464//3463 3383//3382
f 3464//3463 3384//3383 3383//3382
f 3465//3464 3385//3384 3384//3383
f 3466//3465 3386//3385 3385//3384
f 3467//3466 3387//3386 3386//3385
f 3387//3386 3469//3468 3388//3387
f 3388//3387 3470//3469 3389//3388
f 3389//3388 3471//3470 3390//3389
f 3390//3389 3472//3471 3391//3390
f 3391//3390 3473//3472 3392//3391
f 3392//3391 3474//3473 3393//3392
f 3474//3473 3394//3393 3393//3392
f 3475//3474 3395//3394 3394//3393
f 3476//3475 3396//3395 3395//3394
f 3477//3476 3397//3396 3396//3395
f 3397//3396 3479//3478 3398//3397
f 3398//3397 3480//3479 3399//3398
f 3399//3398 3481//3480 3400//3399
f 3400//3399 3482//3481 3401//3400
f 3401//3400 3483//3482 3402//3401
f 3484//3483 3404//3403 3403//3402
f 3485//3484 3405//3404 3404//3403
f 3486//3485 3406//3405 3405//3404
f 3487//3486 3407//3406 3406//3405
f 3488//3487 3408//3407 3407//3406
f 3489//3488 3409//3408 3408//3407
f 3409//3408 3491//3490 3410//3409
f 3410//3409 3492//3491 3411//3410
f 3492//3491 3412//3411 3411//3410
f 3493//3492 3413//3412 3412//3411
f 3494//3493 3414//3413 3413//3412
f 3495//3494 3415//3414 3414//3413
f 3415//3414 3497//3496 3416//3415
f 3416//3415 3498//3497 3417//3416
f 3417//3416 3499//3498 3418//3417
f 3418//3417 3500//3499 3419//3418
f 3419//3418 3501//3500 3420//3419
f 3420//3419 3502//3501 3421//3420
f 3502//3501 3422//3421 3421//3420
f 3503//3502 3423//3422 3422//3421
f 3504//3503 3424//3423 3423//3422
f 3505//3504 3425//3424 3424//3423
f 3425//3424 3507//3506 3426//3425
f 3426//3425 3508//3507 3427//3426
f 3508//3507 3428//3427 3427//3426
f 3509//3508 3429//3428 3428//3427
f 3510//3509 3430//3429 3429//3428
f 3430//3429 3512//3511 3431//3430
f 3512//3511 3432//3431 3431//3430
f 3513//3512 3433//3432 3432//3431
f 3514//3513 3434//3433 3433//3432
f 3515//3514 3435//3434 3434//3433
f 3516//3515 3436//3435 3435//3434
f 3517//3516 3437//3436 3436//3435
f 3518//3517 3438//3437 3437//3436
f 3519//3518 3439//3438 3438//3437
f 3520//3519 3440//3439 3439//3438
f 3521//3520 3441//3440 3440//3439
f 3522//3521 3442//3441 3441//3440
f 3442//3441 3524//3523 3443//3442
f 3443//3442 3525//3524 3444//3443
f 3444//3443 3526//3525 3445//3444
f 3445//3444 3527//3526 3446//3445
f 3527//3526 3447//3446 3446//3445
f 3528//3527 3448//3447 3447//3446
f 3529//3528 3449//3448 3448//3447
f 3449//3448 3531//3530 3450//3449
f 3450//3449 3532//3531 3451//3450
f 3451//3450 3533//3532 3452//3451
f 3452//3451 3534//3533 3453//3452
f 3453//3452 3535//3534 3454//3453
f 3454//3453 3536//3535 3455//3454
f 3455//3454 3537//3536 3456//3455
f 3537//3536 3457//3456 3456//3455
f 3538//3537 3458//3457 3457//3456
f 3539//3538 3459//3458 3458//3457
f 3540//3539 3460//3459 3459//3458
f 3541//3540 3461//3460 3460//3459
f 3542//3541 3462//3461 3461//3460
f 3462//3461 3544//3543 3463//3462
f 3463//3462 3545//3544 3464//3463
f 3545//3544 3465//3464 3464//3463
f 3546//3545 3466//3465 3465//3464
f 3547//3546 3467//3466 3466//3465
f 3548//3547 3468//3467 3467//3466
f 3468//3467 3550//3549 3469//3468
f 3469//3468 3551//3550 3470//3469
f 3470//3469 3552//3551 3471//3470
f 3471//3470 3553//3552 3472//3471
f 3472//3471 3554//3553 3473//3472
f 3473//3472 3555//3554 3474//3473
f 3555//3554 3475//3474 3474//3473
f 3556//3555 3476//3475 3475//3474
f 3557//3556 3477//3476 3476//3475
f 3477//3476 3559//3558 3478//3477
f 3478//3477 3560//3559 3479//3478
f 3479//3478 3561//3560 3480//3479
f 3480//3479 3562//3561 3481//3480
f 3481//3480 3563//3562 3482//3481
f 3482//3481 3564//3563 3483//3482
f 3565//3564 3485//3484 3484//3483
f 3566//3565 3486//3485 3485//3484
f 3567//3566 3487//3486 3486//3485
f 3568//3567 3488//3487 3487//3486
f 3569//3568 3489//3488 3488//3487
f 3489//3488 3571//3570 3490//3489
f 3490//3489 3572//3571 3491//3490
f 3491//3490 3573//3572 3492//3491
f 3492//3491 3574//3573 3493//3492
f 3493//3492 3575//3574 3494//3493
f 3494//3493 3576//3575 3495//3494
f 3495//3494 3577//3576 3496//3495
f 3577//3576 3497//3496 3496//3495
f 3578//3577 3498//3497 3497//3496
f 3498//3497 3580//3579 3499//3498
f 3580//3579 3500//3499 3499//3498
f 3500//3499 3582//3581 3501//3500
f 3501//3500 3583//3582 3502//3501
f 3583//3582 3503//3502 3502//3501
f 3584//3583 3504//3503 3503//3502
f 3585//3584 3505//3504 3504//3503
f 3586//3585 3506//3505 3505//3504
f 3506//3505 3588//3587 3507//3506
f 3507//3506 3589//3588 3508//3507
f 3508//3507 3590//3589 3509//3508
f 3509//3508 3591//3590 3510//3509
f 3510//3509 3592//3591 3511//3510
f 3511//3510 3593//3592 3512//3511
f 3593//3592 3513//3512 3512//3511
f 3594//3593 3514//3513 3513//3512
f 3595//3594 3515//3514 3514//3513
f 3596//3595 3516//3515 3515//3514
f 3597//3596 3517//3516 3516//3515
f 3598//3597 3518//3517 3517//3516
f 3599//3598 3519//3518 3518//3517
f 3519//3518 3601//3600 3520//3519
f 3520//3519 3602//3601 3521//3520
f 3521//3520 3603//3602 3522//3521
f 3522//3521 3604//3603 3523//3522
f 3523//3522 3605//3604 3524//3523
f 3605//3604 3525//3524 3524//3523
f 3525//3524 3607//3606 3526//3525
f 3526//3525 3608//3607 3527//3526
f 3527//3526 3609//3608 3528//3527
f 3609//3608 3529//3528 3528//3527
f 3610//3609 3530//3529 3529//3528
f 3611//3610 3531//3530 3530//3529
f 3612//3611 3532//3531 3531//3530
f 3613//3612 3533//3532 3532//3531
f 3614//3613 3534//3533 3533//3532
f 3615//3614 3535//3534 3534//3533
f 3616//3615 3536//3535 3535//3534
f 3617//3616 3537//3536 3536//3535
f 3618//3617 3538//3537 3537//3536
f 3619//3618 3539//3538 3538//3537
f 3620//3619 3540//3539 3539//3538
f 3621//3620 3541//3540 3540//3539
f 3622//3621 3542//3541 3541//3540
f 3623//3622 3543//3542 3542//3541
f 3624//3623 3544//3543 3543//3542
f 3625//3624 3545//3544 3544//3543
f 3545//3544 3627//3626 3546//3545
f 3546//3545 3628//3627 3547//3546
f 3547//3546 3629//3628 3548//3547
f 3548//3547 3630//3629 3549//3548
f 3630//3629 3550//3549 3549//3548
f 3631//3630 3551//3550 3550//3549
f 3632//3631 3552//3551 3551//3550
f 3552//3551 3634//3633 3553//3552
f 3634//3633 3554//3553 3553//3552
f 3635//3634 3555//3554 3554//3553
f 3555//3554 3637//3636 3556//3555
f 3556//3555 3638//3637 3557//3556
f 3557//3556 3639//3638 3558//3557
f 3558//3557 3640//3639 3559//3558
f 3640//3639 3560//3559 3559//3558
f 3641//3640 3561//3560 3560//3559
f 3642//3641 3562//3561 3561//3560
f 3643//3642 3563//3562 3562//3561
f 3644//3643 3564//3563 3563//3562
f 3646//3645 3566//3565 3565//3564
f 3647//3646 3567//3566 3566//3565
f 3648//3647 3568//3567 3567//3566
f 3649//3648 3569//3568 3568//3567
f 3650//3649 3570//3569 3569//3568
f 3570//3569 3652//3651 3571//3570
f 3571//3570 3653//3652 3572//3571
f 3572//3571 3654//3653 3573//3572
f 3573//3572 3655//3654 3574//3573
f 3574//3573 3656//3655 3575//3574
f 3575//3574 3657//3656 3576//3575
f 3576//3575 3658//3657 3577//3576
f 3658//3657 3578//3577 3577//3576
f 3659//3658 3579//3578 3578//3577
f 3660//3659 3580//3579 3579//3578
f 3661//3660 3581//3580 3580//3579
f 3581//3580 3663//3662 3582//3581
f 3663//3662 3583//3582 3582//3581
f 3664//3663 3584//3583 3583//3582
f 3665//3664 3585//3584 3584//3583
f 3666//3665 3586//3585 3585//3584
f 3667//3666 3587//3586 3586//3585
f 3587//3586 3669//3668 3588//3587
f 3588//3587 3670//3669 3589//3588
f 3589//3588 3671//3670 3590//3589
f 3590//3589 3672//3671 3591//3590
f 3591//3590 3673//3672 3592//3591
f 3592//3591 3674//3673 3593//3592
f 3593//3592 3675//3674 3594//3593
f 3675//3674 3595//3594 3594//3593
f 3676//3675 3596//3595 3595//3594
f 3677//3676 3597//3596 3596//3595
f 3678//3677 3598//3597 3597//3596
f 3598//3597 3680//3679 3599//3598
f 3599//3598 3681//3680 3600//3599
f 3600//3599 3682//3681 3601//3600
f 3601//3600 3683//3682 3602//3601
f 3602//3601 3684//3683 3603//3602
f 3603//3602 3685//3684 3604//3603
f 3604//3603 3686//3685 3605//3604
f 3686//3685 3606//3605 3605//3604
f 3606//3605 3688//3687 3607//3606
f 3607//3606 3689//3688 3608//3607
f 3608//3607 3690//3689 3609//3608
f 3690//3689 3610//3609 3609//3608
f 3610//3609 3692//3691 3611//3610
f 3611//3610 3693//3692 3612//3611
f 3693//3692 3613//3612 3612//3611
f 3694//3693 3614//3613 3613//3612
f 3695//3694 3615//3614 3614//3613
f 3696//3695 3616//3615 3615//3614
f 3697//3696 3617//3616 3616//3615
f 3698//3697 3618//3617 3617//3616
f 3699//3698 3619//3618 3618//3617
f 3700//3699 3620//3619 3619//3618
f 3701//3700 3621//3620 3620//3619
f 3702//3701 3622//3621 3621//3620
f 3703//3702 3623//3622 3622//3621
f 3704//3703 3624//3623 3623//3622
f 3705//3704 3625//3624 3624//3623
f 3625//3624 3707//3706 3626//3625
f 3626//3625 3708//3707 3627//3626
f 3627//3626 3709//3708 3628//3627
f 3628//3627 3710//3709 3629//3628
f 3629//3628 3711//3710 3630//3629
f 3630//3629 3712//3711 3631//3630
f 3712//3711 3632//3631 3631//3630
f 3713//3712 3633//3632 3632//3631
f 3714//3713 3634//3633 3633//3632
f 3715//3714 3635//3634 3634//3633
f 3716//3715 3636//3635 3635//3634
f 3717//3716 3637//3636 3636//3635
f 3637//3636 3719//3718 3638//3637
f 3638//3637 3720//3719 3639//3638
f 3639//3638 3721//3720 3640//3639
f 3721//3720 3641//3640 3640//3639
f 3722//3721 3642//3641 3641//3640
f 3723//3722 3643//3642 3642//3641
f 3724//3723 3644//3643 3643//3642
f 3725//3724 3645//3644 3644//3643
f 3727//3726 3647//3646 3646//3645
f 3728//3727 3648//3647 3647//3646
f 3729//3728 3649//3648 3648//3647
f 3730//3729 3650//3649 3649//3648
f 3731//3730 3651//3650 3650//3649
f 3651//3650 3733//3732 3652//3651
f 3652//3651 3734//3733 3653//3652
f 3653//3652 3735//3734 3654//3653
f 3654//3653 3736//3735 3655//3654
f 3655//3654 3737//3736 3656//3655
f 3656//3655 3738//3737 3657//3656
f 3657//3656 3739//3738 3658//3657
f 3739//3738 3659//3658 3658//3657
f 3740//3739 3660//3659 3659//3658
f 3741//3740 3661//3660 3660//3659
f 3742//3741 3662//3661 3661//3660
f 3743//3742 3663//3662 3662//3661
f 3663//3662 3745//3744 3664//3663
f 3745//3744 3665//3664 3664//3663
f 3746//3745 3666//3665 3665//3664
f 3747//3746 3667//3666 3666//3665
f 3748//3747 3668//3667 3667//3666
f 3668//3667 3750//3749 3669//3668
f 3750//3749 3670//3669 3669//3668
f 3670//3669 3752//3751 3671//3670
f 3671//3670 3753//3752 3672//3671
f 3672//3671 3754//3753 3673//3672
f 3754//3753 3674//3673 3673//3672
f 3755//3754 3675//3674 3674//3673
f 3675//3674 3757//3756 3676//3675
f 3676//3675 3758//3757 3677//3676
f 3677//3676 3759//3758 3678//3677
f 3678//3677 3760//3759 3679//3678
f 3679//3678 3761//3760 3680//3679
f 3680//3679 3762//3761 3681//3680
f 3681//3680 3763//3762 3682//3681
f 3682//3681 3764//3763 3683//3682
f 3683//3682 3765//3764 3684//3683
f 3684//3683 3766//3765 3685//3684
f 3685//3684 3767//3766 3686//3685
f 3686//3685 3768//3767 3687//3686
f 3768//3767 3688//3687 3687//3686
f 3769//3768 3689//3688 3688//3687
f 3689//3688 3771//3770 3690//3689
f 3690//3689 3772//3771 3691//3690
f 3691//3690 3773//3772 3692//3691
f 3692//3691 3774//3773 3693//3692
f 3774//3773 3694//3693 3693//3692
f 3775//3774 3695//3694 3694//3693
f 3695//3694 3777//3776 3696//3695
f 3696//3695 3778//3777 3697//3696
f 3778//3777 3698//3697 3697//3696
f 3779//3778 3699//3698 3698//3697
f 3780//3779 3700//3699 3699//3698
f 3781//3780 3701//3700 3700//3699
f 3782//3781 3702//3701 3701//3700
f 3783//3782 3703//3702 3702//3701
f 3784//3783 3704//3703 3703//3702
f 3785//3784 3705//3704 3704//3703
f 3786//3785 3706//3705 3705//3704
f 3706//3705 3788//3787 3707//3706
f 3707//3706 3789//3788 3708//3707
f 3708//3707 3790//3789 3709//3708
f 3790//3789 3710//3709 3709//3708
f 3710//3709 3792//3791 3711//3710
f 3711//3710 3793//3792 3712//3711
f 3712//3711 3794//3793 3713//3712
f 3794//3793 3714//3713 3713//3712
f 3795//3794 3715//3714 3714//3713
f 3796//3795 3716//3715 3715//3714
f 3797//3796 3717//3716 3716//3715
f 3717//3716 3799//3798 3718//3717
f 3718//3717 3800//3799 3719//3718
f 3719//3718 3801//3800 3720//3719
f 3720//3719 3802//3801 3721//3720
f 3802//3801 3722//3721 3721//3720
f 3803//3802 3723//3722 3722//3721
f 3804//3803 3724//3723 3723//3722
f 3805//3804 3725//3724 3724//3723
f 3806//3805 3726//3725 3725//3724
f 3808//3807 3728//3727 3727//3726
f 3809//3808 3729//3728 3728//3727
f 3810//3809 3730//3729 3729//3728
f 3811//3810 3731//3730 3730//3729
f 3731//3730 3813//3812 3732//3731
f 3732//3731 3814//3813 3733//3732
f 3733//3732 3815//3814 3734//3733
f 3734//3733 3816//3815 3735//3734
f 3735//3734 3817//3816 3736//3735
f 3736//3735 3818//3817 3737//3736
f 3737//3736 3819//3818 3738//3737
f 3738//3737 3820//3819 3739//3738
f 3739//3738 3821//3820 3740//3739
f 3821//3820 3741//3740 3740//3739
f 3822//3821 3742//3741 3741//3740
f 3823//3822 3743//3742 3742//3741
f 3824//3823 3744//3743 3743//3742
f 3825//3824 3745//3744 3744//3743
f 3826//3825 3746//3745 3745//3744
f 3827//3826 3747//3746 3746//3745
f 3828//3827 3748//3747 3747//3746
f 3829//3828 3749//3748 3748//3747
f 3830//3829 3750//3749 3749//3748
f 3831//3830 3751//3750 3750//3749
f 3832//3831 3752//3751 3751//3750
f 3833//3832 3753//3752 3752//3751
f 3834//3833 3754//3753 3753//3752
f 3835//3834 3755//3754 3754//3753
f 3836//3835 3756//3755 3755//3754
f 3837//3836 3757//3756 3756//3755
f 3757//3756 3839//3838 3758//3757
f 3758//3757 3840//3839 3759//3758
f 3759//3758 3841//3840 3760//3759
f 3760//3759 3842//3841 3761//3760
f 3761//3760 3843//3842 3762//3761
f 3843//3842 3763//3762 3762//3761
f 3844//3843 3764//3763 3763//3762
f 3845//3844 3765//3764 3764//3763
f 3846//3845 3766//3765 3765//3764
f 3847//3846 3767//3766 3766//3765
f 3848//3847 3768//3767 3767//3766
f 3768//3767 3850//3849 3769//3768
f 3769//3768 3851//3850 3770//3769
f 3770//3769 3852//3851 3771//3770
f 3852//3851 3772//3771 3771//3770
f 3853//3852 3773//3772 3772//3771
f 3773//3772 3855//3854 3774//3773
f 3774//3773 3856//3855 3775//3774
f 3775//3774 3857//3856 3776//3775
f 3776//3775 3858//3857 3777//3776
f 3777//3776 3859//3858 3778//3777
f 3778//3777 3860//3859 3779//3778
f 3779//3778 3861//3860 3780//3779
f 3780//3779 3862//3861 3781//3780
f 3781//3780 3863//3862 3782//3781
f 3863//3862 3783//3782 3782//3781
f 3864//3863 3784//3783 3783//3782
f 3784//3783 3866//3865 3785//3784
f 3785//3784 3867//3866 3786//3785
f 3786//3785 3868//3867 3787//3786
f 3868//3867 3788//3787 3787//3786
f 3869//3868 3789//3788 3788//3787
f 3870//3869 3790//3789 3789//3788
f 3790//3789 3872//3871 3791//3790
f 3791//3790 3873//3872 3792//3791
f 3792//3791 3874//3873 3793//3792
f 3874//3873 3794//3793 3793//3792
f 3875//3874 3795//3794 3794//3793
f 3876//3875 3796//3795 3795//3794
f 3877//3876 3797//3796 3796//3795
f 3797//3796 3879//3878 3798//3797
f 3879//3878 3799//3798 3798//3797
f 3880//3879 3800//3799 3799//3798
f 3881//3880 3801//3800 3800//3799
f 3801//3800 3883//3882 3802//3801
f 3883//3882 3803//3802 3802//3801
f 3884//3883 3804//3803 3803//3802
f 3804//3803 3886//3885 3805//3804
f 3805//3804 3887//3886 3806//3805
f 3887//3886 3807//3806 3806//3805
f 3808//3807 3890//3889 3809//3808
f 3809//3808 3891//3890 3810//3809
f 3810//3809 3892//3891 3811//3810
f 3811//3810 3893//3892 3812//3811
f 3893//3892 3813//3812 3812//3811
f 3894//3893 3814//3813 3813//3812
f 3895//3894 3815//3814 3814//3813
f 3815//3814 3897//3896 3816//3815
f 3897//3896 3817//3816 3816//3815
f 3817//3816 3899//3898 3818//3817
f 3818//3817 3900//3899 3819//3818
f 3819//3818 3901//3900 3820//3819
f 3820//3819 3902//3901 3821//3820
f 3902//3901 3822//3821 3821//3820
f 3903//3902 3823//3822 3822//3821
f 3904//3903 3824//3823 3823//3822
f 3905//3904 3825//3824 3824//3823
f 3825//3824 3907//3906 3826//3825
f 3826//3825 3908//3907 3827//3826
f 3827//3826 3909//3908 3828//3827
f 3828//3827 3910//3909 3829//3828
f 3910//3909 3830//3829 3829//3828
f 3911//3910 3831//3830 3830//3829
f 3912//3911 3832//3831 3831//3830
f 3913//3912 3833//3832 3832//3831
f 3914//3913 3834//3833 3833//3832
f 3915//3914 3835//3834 3834//3833
f 3916//3915 3836//3835 3835//3834
f 3917//3916 3837//3836 3836//3835
f 3837//3836 3919//3918 3838//3837
f 3838//3837 3920//3919 3839//3838
f 3839//3838 3921//3920 3840//3839
f 3840//3839 3922//3921 3841//3840
f 3841//3840 3923//3922 3842//3841
f 3923//3922 3843//3842 3842//3841
f 3924//3923 3844//3843 3843//3842
f 3925//3924 3845//3844 3844//3843
f 3926//3925 3846//3845 3845//3844
f 3927//3926 3847//3846 3846//3845
f 3928//3927 3848//3847 3847//3846
f 3929//3928 3849//3848 3848//3847
f 3930//3929 3850//3849 3849//3848
f 3850//3849 3932//3931 3851//3850
f 3851//3850 3933//3932 3852//3851
f 3852//3851 3934//3933 3853//3852
f 3934//3933 3854//3853 3853//3852
f 3854//3853 3936//3935 3855//3854
f 3855//3854 3937//3936 3856//3855
f 3856//3855 3938//3937 3857//3856
f 3938//3937 3858//3857 3857//3856
f 3939//3938 3859//3858 3858//3857
f 3859//3858 3941//3940 3860//3859
f 3860//3859 3942//3941 3861//3860
f 3861//3860 3943//3942 3862//3861
f 3862//3861 3944//3943 3863//3862
f 3863//3862 3945//3944 3864//3863
f 3864//3863 3946//3945 3865//3864
f 3865//3864 3947//3946 3866//3865
f 3866//3865 3948//3947 3867//3866
f 3948//3947 3868//3867 3867//3866
f 3868//3867 3950//3949 3869//3868
f 3950//3949 3870//3869 3869//3868
f 3870//3869 3952//3951 3871//3870
f 3952//3951 3872//3871 3871//3870
f 3872//3871 3954//3953 3873//3872
f 3873//3872 3955//3954 3874//3873
f 3874//3873 3956//3955 3875//3874
f 3875//3874 3957//3956 3876//3875
f 3876//3875 3958//3957 3877//3876
f 3877//3876 3959//3958 3878//3877
f 3878//3877 3960//3959 3879//3878
f 3960//3959 3880//3879 3879//3878
f 3961//3960 3881//3880 3880//3879
f 3962//3961 3882//3881 3881//3880
f 3882//3881 3964//3963 3883//3882
f 3883//3882 3965//3964 3884//3883
f 3884//3883 3966//3965 3885//3884
f 3885//3884 3967//3966 3886//3885
f 3886//3885 3968//3967 3887//3886
f 3968//3967 3888//3887 3887//3886
f 3889//3888 3971//3970 3890//3889
f 3890//3889 3972//3971 3891//3890
f 3891//3890 3973//3972 3892//3891
f 3892//3891 3974//3973 3893//3892
f 3974//3973 3894//3893 3893//3892
f 3975//3974 3895//3894 3894//3893
f 3976//3975 3896//3895 3895//3894
f 3896//3895 3978//3977 3897//3896
f 3897//3896 3979//3978 3898//3897
f 3979//3978 3899//3898 3898//3897
f 3980//3979 3900//3899 3899//3898
f 3981//3980 3901//3900 3900//3899
f 3982//3981 3902//3901 3901//3900
f 3983//3982 3903//3902 3902//3901
f 3903//3902 3985//3984 3904//3903
f 3904//3903 3986//3985 3905//3904
f 3905//3904 3987//3986 3906//3905
f 3906//3905 3988//3987 3907//3906
f 3907//3906 3989//3988 3908//3907
f 3908//3907 3990//3989 3909//3908
f 3990//3989 3910//3909 3909//3908
f 3991//3990 3911//3910 3910//3909
f 3992//3991 3912//3911 3911//3910
f 3993//3992 3913//3912 3912//3911
f 3994//3993 3914//3913 3913//3912
f 3995//3994 3915//3914 3914//3913
f 3996//3995 3916//3915 3915//3914
f 3997//3996 3917//3916 3916//3915
f 3917//3916 3999//3998 3918//3917
f 3918//3917 4000//3999 3919//3918
f 3919//3918 4001//4000 3920//3919
f 4001//4000 3921//3920 3920//3919
f 3921//3920 4003//4002 3922//3921
f 4003//4002 3923//3922 3922//3921
f 4004//4003 3924//3923 3923//3922
f 4005//4004 3925//3924 3924//3923
f 4006//4005 3926//3925 3925//3924
f 4007//4006 3927//3926 3926//3925
f 4008//4007 3928//3927 3927//3926
f 4009//4008 3929//3928 3928//3927
f 4010//4009 3930//3929 3929//3928
f 3930//3929 4012//4011 3931//3930
f 3931//3930 4013//4012 3932//3931
f 3932//3931 4014//4013 3933//3932
f 3933//3932 4015//4014 3934//3933
f 3934//3933 4016//4015 3935//3934
f 4016//4015 3936//3935 3935//3934
f 3936//3935 4018//4017 3937//3936
f 3937//3936 4019//4018 3938//3937
f 4019//4018 3939//3938 3938//3937
f 4020//4019 3940//3939 3939//3938
f 3940//3939 4022//4021 3941//3940
f 3941//3940 4023//4022 3942//3941
f 3942//3941 4024//4023 3943//3942
f 3943//3942 4025//4024 3944//3943
f 3944//3943 4026//4025 3945//3944
f 3945//3944 4027//4026 3946//3945
f 4027//4026 3947//3946 3946//3945
f 4028//4027 3948//3947 3947//3946
f 3948//3947 4030//4029 3949//3948
f 3949//3948 4031//4030 3950//3949
f 3950//3949 4032//4031 3951//3950
f 3951//3950 4033//4032 3952//3951
f 3952//3951 4034//4033 3953//3952
f 3953//3952 4035//4034 3954//3953
f 3954//3953 4036//4035 3955//3954
f 3955//3954 4037//4036 3956//3955
f 3956//3955 4038//4037 3957//3956
f 3957//3956 4039//4038 3958//3957
f 3958//3957 4040//4039 3959//3958
f 3959//3958 4041//4040 3960//3959
f 4041//4040 3961//3960 3960//3959
f 4042//4041 3962//3961 3961//3960
f 4043//4042 3963//3962 3962//3961
f 3963//3962 4045//4044 3964//3963
f 3964//3963 4046//4045 3965//3964
f 3965//3964 4047//4046 3966//3965
f 3966//3965 4048//4047 3967//3966
f 4048//4047 3968//3967 3967//3966
f 4049//4048 3969//3968 3968//3967
f 3970//3969 4052//4051 3971//3970
f 3971//3970 4053//4052 3972//3971
f 3972//3971 4054//4053 3973//3972
f 3973//3972 4055//4054 3974//3973
f 3974//3973 4056//4055 3975//3974
f 4056//4055 3976//3975 3975//3974
f 4057//4056 3977//3976 3976//3975
f 3977//3976 4059//4058 3978//3977
f 3978//3977 4060//4059 3979//3978
f 4060//4059 3980//3979 3979//3978
f 4061//4060 3981//3980 3980//3979
f 4062//4061 3982//3981 3981//3980
f 4063//4062 3983//3982 3982//3981
f 3983//3982 4065//4064 3984//3983
f 3984//3983 4066//4065 3985//3984
f 3985//3984 4067//4066 3986//3985
f 4067//4066 3987//3986 3986//3985
f 4068//4067 3988//3987 3987//3986
f 4069//4068 3989//3988 3988//3987
f 4070//4069 3990//3989 3989//3988
f 4071//4070 3991//3990 3990//3989
f 4072//4071 3992//3991 3991//3990
f 4073//4072 3993//3992 3992//3991
f 4074//4073 3994//3993 3993//3992
f 4075//4074 3995//3994 3994//3993
f 4076//4075 3996//3995 3995//3994
f 4077//4076 3997//3996 3996//3995
f 4078//4077 3998//3997 3997//3996
f 3998//3997 4080//4079 3999//3998
f 3999//3998 4081//4080 4000//3999
f 4000//3999 4082//4081 4001//4000
f 4082//4081 4002//4001 4001//4000
f 4083//4082 4003//4002 4002//4001
f 4084//4083 4004//4003 4003//4002
f 4085//4084 4005//4004 4004//4003
f 4086//4085 4006//4005 4005//4004
f 4087//4086 4007//4006 4006//4005
f 4088//4087 4008//4007 4007//4006
f 4089//4088 4009//4008 4008//4007
f 4090//4089 4010//4009 4009//4008
f 4091//4090 4011//4010 4010//4009
f 4011//4010 4093//4092 4012//4011
f 4012//4011 4094//4093 4013//4012
f 4094//4093 4014//4013 4013//4012
f 4095//4094 4015//4014 4014//4013
f 4015//4014 4097//4096 4016//4015
f 4016//4015 4098//4097 4017//4016
f 4017//4016 4099//4098 4018//4017
f 4099//4098 4019//4018 4018//4017
f 4100//4099 4020//4019 4019//4018
f 4101//4100 4021//4020 4020//4019
f 4102//4101 4022//4021 4021//4020
f 4022//4021 4104//4103 4023//4022
f 4023//4022 4105//4104 4024//4023
f 4024//4023 4106//4105 4025//4024
f 4025//4024 4107//4106 4026//4025
f 4026//4025 4108//4107 4027//4026
f 4027//4026 4109//4108 4028//4027
f 4109//4108 4029//4028 4028//4027
f 4029//4028 4111//4110 4030//4029
f 4030//4029 4112//4111 4031//4030
f 4031//4030 4113//4112 4032//4031
f 4032//4031 4114//4113 4033//4032
f 4033//4032 4115//4114 4034//4033
f 4034//4033 4116//4115 4035//4034
f 4035//4034 4117//4116 4036//4035
f 4036//4035 4118//4117 4037//4036
f 4037//4036 4119//4118 4038//4037
f 4038//4037 4120//4119 4039//4038
f 4039//4038 4121//4120 4040//4039
f 4040//4039 4122//4121 4041//4040
f 4041//4040 4123//4122 4042//4041
f 4123//4122 4043//4042 4042//4041
f 4043//4042 4125//4124 4044//4043
f 4044//4043 4126//4125 4045//4044
f 4045//4044 4127//4126 4046//4045
f 4046//4045 4128//4127 4047//4046
f 4128//4127 4048//4047 4047//4046
f 4129//4128 4049//4048 4048//4047
f 4130//4129 4050//4049 4049//4048
f 4051//4050 4133//4132 4052//4051
f 4052//4051 4134//4133 4053//4052
f 4053//4052 4135//4134 4054//4053
f 4054//4053 4136//4135 4055//4054
f 4055//4054 4137//4136 4056//4055
f 4056//4055 4138//4137 4057//4056
f 4138//4137 4058//4057 4057//4056
f 4139//4138 4059//4058 4058//4057
f 4140//4139 4060//4059 4059//4058
f 4141//4140 4061//4060 4060//4059
f 4142//4141 4062//4061 4061//4060
f 4143//4142 4063//4062 4062//4061
f 4144//4143 4064//4063 4063//4062
f 4064//4063 4146//4145 4065//4064
f 4065//4064 4147//4146 4066//4065
f 4066//4065 4148//4147 4067//4066
f 4148//4147 4068//4067 4067//4066
f 4149//4148 4069//4068 4068//4067
f 4150//4149 4070//4069 4069//4068
f 4151//4150 4071//4070 4070//4069
f 4152//4151 4072//4071 4071//4070
f 4153//4152 4073//4072 4072//4071
f 4154//4153 4074//4073 4073//4072
f 4074//4073 4156//4155 4075//4074
f 4156//4155 4076//4075 4075//4074
f 4076//4075 4158//4157 4077//4076
f 4077//4076 4159//4158 4078//4077
f 4078//4077 4160//4159 4079//4078
f 4079//4078 4161//4160 4080//4079
f 4080//4079 4162//4161 4081//4080
f 4081//4080 4163//4162 4082//4081
f 4163//4162 4083//4082 4082//4081
f 4164//4163 4084//4083 4083//4082
f 4165//4164 4085//4084 4084//4083
f 4166//4165 4086//4085 4085//4084
f 4167//4166 4087//4086 4086//4085
f 4168//4167 4088//4087 4087//4086
f 4169//4168 4089//4088 4088//4087
f 4089//4088 4171//4170 4090//4089
f 4171//4170 4091//4090 4090//4089
f 4172//4171 4092//4091 4091//4090
f 4173//4172 4093//4092 4092//4091
f 4174//4173 4094//4093 4093//4092
f 4175//4174 4095//4094 4094//4093
f 4176//4175 4096//4095 4095//4094
f 4177//4176 4097//4096 4096//4095
f 4178//4177 4098//4097 4097//4096
f 4179//4178 4099//4098 4098//4097
f 4180//4179 4100//4099 4099//4098
f 4181//4180 4101//4100 4100//4099
f 4182//4181 4102//4101 4101//4100
f 4183//4182 4103//4102 4102//4101
f 4184//4183 4104//4103 4103//4102
f 4185//4184 4105//4104 4104//4103
f 4105//4104 4187//4186 4106//4105
f 4106//4105 4188//4187 4107//4106
f 4107//4106 4189//4188 4108//4107
f 4189//4188 4109//4108 4108//4107
f 4190//4189 4110//4109 4109//4108
f 4110//4109 4192//4191 4111//4110
f 4111//4110 4193//4192 4112//4111
f 4112//4111 4194//4193 4113//4112
f 4113//4112 4195//4194 4114//4113
f 4114//4113 4196//4195 4115//4114
f 4115//4114 4197//4196 4116//4115
f 4116//4115 4198//4197 4117//4116
f 4117//4116 4199//4198 4118//4117
f 4118//4117 4200//4199 4119//4118
f 4119//4118 4201//4200 4120//4119
f 4120//4119 4202//4201 4121//4120
f 4121//4120 4203//4202 4122//4121
f 4203//4202 4123//4122 4122//4121
f 4204//4203 4124//4123 4123//4122
f 4124//4123 4206//4205 4125//4124
f 4206//4205 4126//4125 4125//4124
f 4126//4125 4208//4207 4127//4126
f 4127//4126 4209//4208 4128//4127
f 4209//4208 4129//4128 4128//4127
f 4210//4209 4130//4129 4129//4128
f 4211//4210 4131//4130 4130//4129
f 4213//4212 4133//4132 4132//4131
f 4133//4132 4215//4214 4134//4133
f 4134//4133 4216//4215 4135//4134
f 4135//4134 4217//4216 4136//4135
f 4136//4135 4218//4217 4137//4136
f 4218//4217 4138//4137 4137//4136
f 4219//4218 4139//4138 4138//4137
f 4220//4219 4140//4139 4139//4138
f 4221//4220 4141//4140 4140//4139
f 4222//4221 4142//4141 4141//4140
f 4223//4222 4143//4142 4142//4141
f 4224//4223 4144//4143 4143//4142
f 4225//4224 4145//4144 4144//4143
f 4145//4144 4227//4226 4146//4145
f 4146//4145 4228//4227 4147//4146
f 4147//4146 4229//4228 4148//4147
f 4148//4147 4230//4229 4149//4148
f 4230//4229 4150//4149 4149//4148
f 4150//4149 4232//4231 4151//4150
f 4151//4150 4233//4232 4152//4151
f 4152//4151 4234//4233 4153//4152
f 4234//4233 4154//4153 4153//4152
f 4235//4234 4155//4154 4154//4153
f 4236//4235 4156//4155 4155//4154
f 4237//4236 4157//4156 4156//4155
f 4157//4156 4239//4238 4158//4157
f 4158//4157 4240//4239 4159//4158
f 4159//4158 4241//4240 4160//4159
f 4160//4159 4242//4241 4161//4160
f 4161//4160 4243//4242 4162//4161
f 4243//4242 4163//4162 4162//4161
f 4244//4243 4164//4163 4163//4162
f 4164//4163 4246//4245 4165//4164
f 4165//4164 4247//4246 4166//4165
f 4166//4165 4248//4247 4167//4166
f 4167//4166 4249//4248 4168//4167
f 4168//4167 4250//4249 4169//4168
f 4169//4168 4251//4250 4170//4169
f 4170//4169 4252//4251 4171//4170
f 4252//4251 4172//4171 4171//4170
f 4253//4252 4173//4172 4172//4171
f 4254//4253 4174//4173 4173//4172
f 4174//4173 4256//4255 4175//4174
f 4256//4255 4176//4175 4175//4174
f 4257//4256 4177//4176 4176//4175
f 4258//4257 4178//4177 4177//4176
f 4259//4258 4179//4178 4178//4177
f 4260//4259 4180//4179 4179//4178
f 4261//4260 4181//4180 4180//4179
f 4262//4261 4182//4181 4181//4180
f 4263//4262 4183//4182 4182//4181
f 4264//4263 4184//4183 4183//4182
f 4265//4264 4185//4184 4184//4183
f 4266//4265 4186//4185 4185//4184
f 4267//4266 4187//4186 4186//4185
f 4268//4267 4188//4187 4187//4186
f 4269//4268 4189//4188 4188//4187
f 4270//4269 4190//4189 4189//4188
f 4271//4270 4191//4190 4190//4189
f 4191//4190 4273//4272 4192//4191
f 4192//4191 4274//4273 4193//4192
f 4193//4192 4275//4274 4194//4193
f 4194//4193 4276//4275 4195//4194
f 4195//4194 4277//4276 4196//4195
f 4277//4276 4197//4196 4196//4195
f 4278//4277 4198//4197 4197//4196
f 4198//4197 4280//4279 4199//4198
f 4280//4279 4200//4199 4199//4198
f 4281//4280 4201//4200 4200//4199
f 4282//4281 4202//4201 4201//4200
f 4283//4282 4203//4202 4202//4201
f 4284//4283 4204//4203 4203//4202
f 4204//4203 4286//4285 4205//4204
f 4205//4204 4287//4286 4206//4205
f 4206//4205 4288//4287 4207//4206
f 4288//4287 4208//4207 4207//4206
f 4289//4288 4209//4208 4208//4207
f 4290//4289 4210//4209 4209//4208
f 4291//4290 4211//4210 4210//4209
f 4292//4291 4212//4211 4211//4210
f 4294//4293 4214//4213 4213//4212
f 4295//4294 4215//4214 4214//4213
f 4296//4295 4216//4215 4215//4214
f 4297//4296 4217//4216 4216//4215
f 4217//4216 4299//4298 4218//4217
f 4299//4298 4219//4218 4218//4217
f 4300//4299 4220//4219 4219//4218
f 4301//4300 4221//4220 4220//4219
f 4302//4301 4222//4221 4221//4220
f 4303//4302 4223//4222 4222//4221
f 4304//4303 4224//4223 4223//4222
f 4305//4304 4225//4224 4224//4223
f 4306//4305 4226//4225 4225//4224
f 4226//4225 4308//4307 4227//4226
f 4227//4226 4309//4308 4228//4227
f 4228//4227 4310//4309 4229//4228
f 4310//4309 4230//4229 4229//4228
f 4311//4310 4231//4230 4230//4229
f 4231//4230 4313//4312 4232//4231
f 4232//4231 4314//4313 4233//4232
f 4233//4232 4315//4314 4234//4233
f 4315//4314 4235//4234 4234//4233
f 4316//4315 4236//4235 4235//4234
f 4317//4316 4237//4236 4236//4235
f 4318//4317 4238//4237 4237//4236
f 4319//4318 4239//4238 4238//4237
f 4239//4238 4321//4320 4240//4239
f 4240//4239 4322//4321 4241//4240
f 4241//4240 4323//4322 4242//4241
f 4242//4241 4324//4323 4243//4242
f 4243//4242 4325//4324 4244//4243
f 4244//4243 4326//4325 4245//4244
f 4245//4244 4327//4326 4246//4245
f 4246//4245 4328//4327 4247//4246
f 4247//4246 4329//4328 4248//4247
f 4248//4247 4330//4329 4249//4248
f 4249//4248 4331//4330 4250//4249
f 4250//4249 4332//4331 4251//4250
f 4251//4250 4333//4332 4252//4251
f 4333//4332 4253//4252 4252//4251
f 4334//4333 4254//4253 4253//4252
f 4335//4334 4255//4254 4254//4253
f 4255//4254 4337//4336 4256//4255
f 4256//4255 4338//4337 4257//4256
f 4338//4337 4258//4257 4257//4256
f 4339//4338 4259//4258 4258//4257
f 4340//4339 4260//4259 4259//4258
f 4341//4340 4261//4260 4260//4259
f 4342//4341 4262//4261 4261//4260
f 4343//4342 4263//4262 4262//4261
f 4344//4343 4264//4263 4263//4262
f 4345//4344 4265//4264 4264//4263
f 4346//4345 4266//4265 4265//4264
f 4347//4346 4267//4266 4266//4265
f 4348//4347 4268//4267 4267//4266
f 4268//4267 4350//4349 4269//4268
f 4269//4268 4351//4350 4270//4269
f 4270//4269 4352//4351 4271//4270
f 4352//4351 4272//4271 4271//4270
f 4353//4352 4273//4272 4272//4271
f 4354//4353 4274//4273 4273//4272
f 4355//4354 4275//4274 4274//4273
f 4356//4355 4276//4275 4275//4274
f 4357//4356 4277//4276 4276//4275
f 4358//4357 4278//4277 4277//4276
f 4359//4358 4279//4278 4278//4277
f 4360//4359 4280//4279 4279//4278
f 4361//4360 4281//4280 4280//4279
f 4362//4361 4282//4281 4281//4280
f 4363//4362 4283//4282 4282//4281
f 4364//4363 4284//4283 4283//4282
f 4365//4364 4285//4284 4284//4283
f 4285//4284 4367//4366 4286//4285
f 4286//4285 4368//4367 4287//4286
f 4287//4286 4369//4368 4288//4287
f 4288//4287 4370//4369 4289//4288
f 4370//4369 4290//4289 4289//4288
f 4290//4289 4372//4371 4291//4290
f 4291//4290 4373//4372 4292//4291
f 4292//4291 4374//4373 4293//4292
f 4375//4374 4295//4294 4294//4293
f 4376//4375 4296//4295 4295//4294
f 4377//4376 4297//4296 4296//4295
f 4378//4377 4298//4297 4297//4296
f 4298//4297 4380//4379 4299//4298
f 4380//4379 4300//4299 4299//4298
f 4381//4380 4301//4300 4300//4299
f 4382//4381 4302//4301 4301//4300
f 4383//4382 4303//4302 4302//4301
f 4303//4302 4385//4384 4304//4303
f 4304//4303 4386//4385 4305//4304
f 4305//4304 4387//4386 4306//4305
f 4306//4305 4388//4387 4307//4306
f 4388//4387 4308//4307 4307//4306
f 4389//4388 4309//4308 4308//4307
f 4390//4389 4310//4309 4309//4308
f 4391//4390 4311//4310 4310//4309
f 4392//4391 4312//4311 4311//4310
f 4393//4392 4313//4312 4312//4311
f 4313//4312 4395//4394 4314//4313
f 4314//4313 4396//4395 4315//4314
f 4315//4314 4397//4396 4316//4315
f 4397//4396 4317//4316 4316//4315
f 4398//4397 4318//4317 4317//4316
f 4399//4398 4319//4318 4318//4317
f 4319//4318 4401//4400 4320//4319
f 4320//4319 4402//4401 4321//4320
f 4321//4320 4403//4402 4322//4321
f 4322//4321 4404//4403 4323//4322
f 4323//4322 4405//4404 4324//4323
f 4324//4323 4406//4405 4325//4324
f 4325//4324 4407//4406 4326//4325
f 4326//4325 4408//4407 4327//4326
f 4327//4326 4409//4408 4328//4327
f 4328//4327 4410//4409 4329//4328
f 4329//4328 4411//4410 4330//4329
f 4330//4329 4412//4411 4331//4330
f 4331//4330 4413//4412 4332//4331
f 4413//4412 4333//4332 4332//4331
f 4414//4413 4334//4333 4333//4332
f 4415//4414 4335//4334 4334//4333
f 4335//4334 4417//4416 4336//4335
f 4336//4335 4418//4417 4337//4336
f 4337//4336 4419//4418 4338//4337
f 4338//4337 4420//4419 4339//4338
f 4420//4419 4340//4339 4339//4338
f 4421//4420 4341//4340 4340//4339
f 4422//4421 4342//4341 4341//4340
f 4423//4422 4343//4342 4342//4341
f 4424//4423 4344//4343 4343//4342
f 4425//4424 4345//4344 4344//4343
f 4426//4425 4346//4345 4345//4344
f 4427//4426 4347//4346 4346//4345
f 4428//4427 4348//4347 4347//4346
f 4429//4428 4349//4348 4348//4347
f 4349//4348 4431//4430 4350//4349
f 4350//4349 4432//4431 4351//4350
f 4351//4350 4433//4432 4352//4351
f 4433//4432 4353//4352 4352//4351
f 4434//4433 4354//4353 4353//4352
f 4435//4434 4355//4354 4354//4353
f 4436//4435 4356//4355 4355//4354
f 4437//4436 4357//4356 4356//4355
f 4438//4437 4358//4357 4357//4356
f 4439//4438 4359//4358 4358//4357
f 4440//4439 4360//4359 4359//4358
f 4441//4440 4361//4360 4360//4359
f 4442//4441 4362//4361 4361//4360
f 4443//4442 4363//4362 4362//4361
f 4444//4443 4364//4363 4363//4362
f 4445//4444 4365//4364 4364//4363
f 4446//4445 4366//4365 4365//4364
f 4366//4365 4448//4447 4367//4366
f 4367//4366 4449//4448 4368//4367
f 4368//4367 4450//4449 4369//4368
f 4369//4368 4451//4450 4370//4369
f 4451//4450 4371//4370 4370//4369
f 4371//4370 4453//4452 4372//4371
f 4372//4371 4454//4453 4373//4372
f 4373//4372 4455//4454 4374//4373
f 4375//4374 4457//4456 4376//4375
f 4376//4375 4458//4457 4377//4376
f 4458//4457 4378//4377 4377//4376
f 4378//4377 4460//4459 4379//4378
f 4460//4459 4380//4379 4379//4378
f 4380//4379 4462//4461 4381//4380
f 4462//4461 4382//4381 4381//4380
f 4382//4381 4464//4463 4383//4382
f 4383//4382 4465//4464 4384//4383
f 4384//4383 4466//4465 4385//4384
f 4385//4384 4467//4466 4386//4385
f 4386//4385 4468//4467 4387//4386
f 4387//4386 4469//4468 4388//4387
f 4388//4387 4470//4469 4389//4388
f 4470//4469 4390//4389 4389//4388
f 4471//4470 4391//4390 4390//4389
f 4472//4471 4392//4391 4391//4390
f 4473//4472 4393//4392 4392//4391
f 4474//4473 4394//4393 4393//4392
f 4394//4393 4476//4475 4395//4394
f 4476//4475 4396//4395 4395//4394
f 4396//4395 4478//4477 4397//4396
f 4478//4477 4398//4397 4397//4396
f 4479//4478 4399//4398 4398//4397
f 4399//4398 4481//4480 4400//4399
f 4400//4399 4482//4481 4401//4400
f 4401//4400 4483//4482 4402//4401
f 4402//4401 4484//4483 4403//4402
f 4403//4402 4485//4484 4404//4403
f 4404//4403 4486//4485 4405//4404
f 4405//4404 4487//4486 4406//4405
f 4406//4405 4488//4487 4407//4406
f 4407//4406 4489//4488 4408//4407
f 4408//4407 4490//4489 4409//4408
f 4409//4408 4491//4490 4410//4409
f 4410//4409 4492//4491 4411//4410
f 4411//4410 4493//4492 4412//4411
f 4412//4411 4494//4493 4413//4412
f 4494//4493 4414//4413 4413//4412
f 4495//4494 4415//4414 4414//4413
f 4496//4495 4416//4415 4415//4414
f 4497//4496 4417//4416 4416//4415
f 4417//4416 4499//4498 4418//4417
f 4418//4417 4500//4499 4419//4418
f 4419//4418 4501//4500 4420//4419
f 4501//4500 4421//4420 4420//4419
f 4502//4501 4422//4421 4421//4420
f 4503//4502 4423//4422 4422//4421
f 4504//4503 4424//4423 4423//4422
f 4505//4504 4425//4424 4424//4423
f 4506//4505 4426//4425 4425//4424
f 4507//4506 4427//4426 4426//4425
f 4508//4507 4428//4427 4427//4426
f 4509//4508 4429//4428 4428//4427
f 4429//4428 4511//4510 4430//4429
f 4430//4429 4512//4511 4431//4430
f 4431//4430 4513//4512 4432//4431
f 4432//4431 4514//4513 4433//4432
f 4514//4513 4434//4433 4433//4432
f 4515//4514 4435//4434 4434//4433
f 4516//4515 4436//4435 4435//4434
f 4517//4516 4437//4436 4436//4435
f 4518//4517 4438//4437 4437//4436
f 4519//4518 4439//4438 4438//4437
f 4520//4519 4440//4439 4439//4438
f 4521//4520 4441//4440 4440//4439
f 4522//4521 4442//4441 4441//4440
f 4523//4522 4443//4442 4442//4441
f 4524//4523 4444//4443 4443//4442
f 4525//4524 4445//4444 4444//4443
f 4526//4525 4446//4445 4445//4444
f 4527//4526 4447//4446 4446//4445
f 4447//4446 4529//4528 4448//4447
f 4448//4447 4530//4529 4449//4448
f 4449//4448 4531//4530 4450//4449
f 4450//4449 4532//4531 4451//4450
f 4532//4531 4452//4451 4451//4450
f 4452//4451 4534//4533 4453//4452
f 4453//4452 4535//4534 4454//4453
f 4454//4453 4536//4535 4455//4454
f 4537//4536 4457//4456 4456//4455
f 4538//4537 4458//4457 4457//4456
f 4458//4457 4540//4539 4459//4458
f 4540//4539 4460//4459 4459//4458
f 4541//4540 4461//4460 4460//4459
f 4542//4541 4462//4461 4461//4460
f 4543//4542 4463//4462 4462//4461
f 4544//4543 4464//4463 4463//4462
f 4545//4544 4465//4464 4464//4463
f 4465//4464 4547//4546 4466//4465
f 4547//4546 4467//4466 4466//4465
f 4467//4466 4549//4548 4468//4467
f 4468//4467 4550//4549 4469//4468
f 4469//4468 4551//4550 4470//4469
f 4551//4550 4471//4470 4470//4469
f 4471//4470 4553//4552 4472//4471
f 4472//4471 4554//4553 4473//4472
f 4473//4472 4555//4554 4474//4473
f 4474//4473 4556//4555 4475//4474
f 4475//4474 4557//4556 4476//4475
f 4476//4475 4558//4557 4477//4476
f 4558//4557 4478//4477 4477//4476
f 4559//4558 4479//4478 4478//4477
f 4560//4559 4480//4479 4479//4478
f 4480//4479 4562//4561 4481//4480
f 4481//4480 4563//4562 4482//4481
f 4482//4481 4564//4563 4483//4482
f 4483//4482 4565//4564 4484//4483
f 4484//4483 4566//4565 4485//4484
f 4485//4484 4567//4566 4486//4485
f 4486//4485 4568//4567 4487//4486
f 4487//4486 4569//4568 4488//4487
f 4488//4487 4570//4569 4489//4488
f 4489//4488 4571//4570 4490//4489
f 4490//4489 4572//4571 4491//4490
f 4491//4490 4573//4572 4492//4491
f 4492//4491 4574//4573 4493//4492
f 4493//4492 4575//4574 4494//4493
f 4494//4493 4576//4575 4495//4494
f 4576//4575 4496//4495 4495//4494
f 4577//4576 4497//4496 4496//4495
f 4578//4577 4498//4497 4497//4496
f 4579//4578 4499//4498 4498//4497
f 4580//4579 4500//4499 4499//4498
f 4581//4580 4501//4500 4500//4499
f 4582//4581 4502//4501 4501//4500
f 4583//4582 4503//4502 4502//4501
f 4584//4583 4504//4503 4503//4502
f 4585//4584 4505//4504 4504//4503
f 4586//4585 4506//4505 4505//4504
f 4587//4586 4507//4506 4506//4505
f 4588//4587 4508//4507 4507//4506
f 4589//4588 4509//4508 4508//4507
f 4590//4589 4510//4509 4509//4508
f 4510//4509 4592//4591 4511//4510
f 4511//4510 4593//4592 4512//4511
f 4512//4511 4594//4593 4513//4512
f 4513//4512 4595//4594 4514//4513
f 4595//4594 4515//4514 4514//4513
f 4596//4595 4516//4515 4515//4514
f 4597//4596 4517//4516 4516//4515
f 4598//4597 4518//4517 4517//4516
f 4599//4598 4519//4518 4518//4517
f 4600//4599 4520//4519 4519//4518
f 4601//4600 4521//4520 4520//4519
f 4602//4601 4522//4521 4521//4520
f 4603//4602 4523//4522 4522//4521
f 4604//4603 4524//4523 4523//4522
f 4524//4523 4606//4605 4525//4524
f 4606//4605 4526//4525 4525//4524
f 4526//4525 4608//4607 4527//4526
f 4527//4526 4609//4608 4528//4527
f 4528//4527 4610//4609 4529//4528
f 4529//4528 4611//4610 4530//4529
f 4530//4529 4612//4611 4531//4530
f 4612//4611 4532//4531 4531//4530
f 4613//4612 4533//4532 4532//4531
f 4533//4532 4615//4614 4534//4533
f 4534//4533 4616//4615 4535//4534
f 4535//4534 4617//4616 4536//4535
f 4618//4617 4538//4537 4537//4536
f 4538//4537 4620//4619 4539//4538
f 4620//4619 4540//4539 4539//4538
f 4621//4620 4541//4540 4540//4539
f 4622//4621 4542//4541 4541//4540
f 4623//4622 4543//4542 4542//4541
f 4624//4623 4544//4543 4543//4542
f 4625//4624 4545//4544 4544//4543
f 4545//4544 4627//4626 4546//4545
f 4546//4545 4628//4627 4547//4546
f 4547//4546 4629//4628 4548//4547
f 4548//4547 4630//4629 4549//4548
f 4630//4629 4550//4549 4549//4548
f 4631//4630 4551//4550 4550//4549
f 4632//4631 4552//4551 4551//4550
f 4633//4632 4553//4552 4552//4551
f 4553//4552 4635//4634 4554//4553
f 4554//4553 4636//4635 4555//4554
f 4555//4554 4637//4636 4556//4555
f 4556//4555 4638//4637 4557//4556
f 4557//4556 4639//4638 4558//4557
f 4558//4557 4640//4639 4559//4558
f 4559//4558 4641//4640 4560//4559
f 4641//4640 4561//4560 4560//4559
f 4642//4641 4562//4561 4561//4560
f 4562//4561 4644//4643 4563//4562
f 4563//4562 4645//4644 4564//4563
f 4564//4563 4646//4645 4565//4564
f 4565//4564 4647//4646 4566//4565
f 4566//4565 4648//4647 4567//4566
f 4567//4566 4649//4648 4568//4567
f 4568//4567 4650//4649 4569//4568
f 4569//4568 4651//4650 4570//4569
f 4570//4569 4652//4651 4571//4570
f 4571//4570 4653//4652 4572//4571
f 4572//4571 4654//4653 4573//4572
f 4573//4572 4655//4654 4574//4573
f 4574//4573 4656//4655 4575//4574
f 4656//4655 4576//4575 4575//4574
f 4657//4656 4577//4576 4576//4575
f 4658//4657 4578//4577 4577//4576
f 4659//4658 4579//4578 4578//4577
f 4660//4659 4580//4579 4579//4578
f 4661//4660 4581//4580 4580//4579
f 4662//4661 4582//4581 4581//4580
f 4663//4662 4583//4582 4582//4581
f 4664//4663 4584//4583 4583//4582
f 4665//4664 4585//4584 4584//4583
f 4666//4665 4586//4585 4585//4584
f 4667//4666 4587//4586 4586//4585
f 4668//4667 4588//4587 4587//4586
f 4669//4668 4589//4588 4588//4587
f 4670//4669 4590//4589 4589//4588
f 4671//4670 4591//4590 4590//4589
f 4672//4671 4592//4591 4591//4590
f 4592//4591 4674//4673 4593//4592
f 4593//4592 4675//4674 4594//4593
f 4675//4674 4595//4594 4594//4593
f 4595//4594 4677//4676 4596//4595
f 4677//4676 4597//4596 4596//4595
f 4678//4677 4598//4597 4597//4596
f 4679//4678 4599//4598 4598//4597
f 4680//4679 4600//4599 4599//4598
f 4681//4680 4601//4600 4600//4599
f 4682//4681 4602//4601 4601//4600
f 4683//4682 4603//4602 4602//4601
f 4603//4602 4685//4684 4604//4603
f 4604//4603 4686//4685 4605//4604
f 4605//4604 4687//4686 4606//4605
f 4606//4605 4688//4687 4607//4606
f 4607//4606 4689//4688 4608//4607
f 4608//4607 4690//4689 4609//4608
f 4690//4689 4610//4609 4609//4608
f 4691//4690 4611//4610 4610//4609
f 4692//4691 4612//4611 4611//4610
f 4693//4692 4613//4612 4612//4611
f 4613//4612 4695//4694 4614//4613
f 4695//4694 4615//4614 4614//4613
f 4696//4695 4616//4615 4615//4614
f 4697//4696 4617//4616 4616//4615
f 4699//4698 4619//4618 4618//4617
f 4619//4618 4701//4700 4620//4619
f 4620//4619 4702//4701 4621//4620
f 4702//4701 4622//4621 4621//4620
f 4703//4702 4623//4622 4622//4621
f 4704//4703 4624//4623 4623//4622
f 4705//4704 4625//4624 4624//4623
f 4706//4705 4626//4625 4625//4624
f 4707//4706 4627//4626 4626//4625
f 4708//4707 4628//4627 4627//4626
f 4628//4627 4710//4709 4629//4628
f 4629//4628 4711//4710 4630//4629
f 4630//4629 4712//4711 4631//4630
f 4712//4711 4632//4631 4631//4630
f 4713//4712 4633//4632 4632//4631
f 4714//4713 4634//4633 4633//4632
f 4715//4714 4635//4634 4634//4633
f 4635//4634 4717//4716 4636//4635
f 4636//4635 4718//4717 4637//4636
f 4637//4636 4719//4718 4638//4637
f 4638//4637 4720//4719 4639//4638
f 4639//4638 4721//4720 4640//4639
f 4640//4639 4722//4721 4641//4640
f 4641//4640 4723//4722 4642//4641
f 4642//4641 4724//4723 4643//4642
f 4724//4723 4644//4643 4643//4642
f 4725//4724 4645//4644 4644//4643
f 4726//4725 4646//4645 4645//4644
f 4727//4726 4647//4646 4646//4645
f 4728//4727 4648//4647 4647//4646
f 4729//4728 4649//4648 4648//4647
f 4730//4729 4650//4649 4649//4648
f 4731//4730 4651//4650 4650//4649
f 4732//4731 4652//4651 4651//4650
f 4733//4732 4653//4652 4652//4651
f 4734//4733 4654//4653 4653//4652
f 4654//4653 4736//4735 4655//4654
f 4655//4654 4737//4736 4656//4655
f 4737//4736 4657//4656 4656//4655
f 4738//4737 4658//4657 4657//4656
f 4739//4738 4659//4658 4658//4657
f 4740//4739 4660//4659 4659//4658
f 4741//4740 4661//4660 4660//4659
f 4742//4741 4662//4661 4661//4660
f 4743//4742 4663//4662 4662//4661
f 4744//4743 4664//4663 4663//4662
f 4745//4744 4665//4664 4664//4663
f 4746//4745 4666//4665 4665//4664
f 4747//4746 4667//4666 4666//4665
f 4748//4747 4668//4667 4667//4666
f 4668//4667 4750//4749 4669//4668
f 4750//4749 4670//4669 4669//4668
f 4751//4750 4671//4670 4670//4669
f 4752//4751 4672//4671 4671//4670
f 4753//4752 4673//4672 4672//4671
f 4754//4753 4674//4673 4673//4672
f 4755//4754 4675//4674 4674//4673
f 4675//4674 4757//4756 4676//4675
f 4676//4675 4758//4757 4677//4676
f 4677//4676 4759//4758 4678//4677
f 4678//4677 4760//4759 4679//4678
f 4679//4678 4761//4760 4680//4679
f 4680//4679 4762//4761 4681//4680
f 4681//4680 4763//4762 4682//4681
f 4682//4681 4764//4763 4683//4682
f 4683//4682 4765//4764 4684//4683
f 4684//4683 4766//4765 4685//4684
f 4685//4684 4767//4766 4686//4685
f 4686//4685 4768//4767 4687//4686
f 4687//4686 4769//4768 4688//4687
f 4688//4687 4770//4769 4689//4688
f 4689//4688 4771//4770 4690//4689
f 4690//4689 4772//4771 4691//4690
f 4772//4771 4692//4691 4691//4690
f 4773//4772 4693//4692 4692//4691
f 4693//4692 4775//4774 4694//4693
f 4694//4693 4776//4775 4695//4694
f 4695//4694 4777//4776 4696//4695
f 4777//4776 4697//4696 4696//4695
f 4778//4777 4698//4697 4697//4696
f 4699//4698 4781//4780 4700//4699
f 4700//4699 4782//4781 4701//4700
f 4782//4781 4702//4701 4701//4700
f 4783//4782 4703//4702 4702//4701
f 4784//4783 4704//4703 4703//4702
f 4785//4784 4705//4704 4704//4703
f 4705//4704 4787//4786 4706//4705
f 4787//4786 4707//4706 4706//4705
f 4788//4787 4708//4707 4707//4706
f 4789//4788 4709//4708 4708//4707
f 4709//4708 4791//4790 4710//4709
f 4710//4709 4792//4791 4711//4710
f 4711//4710 4793//4792 4712//4711
f 4712//4711 4794//4793 4713//4712
f 4794//4793 4714//4713 4713//4712
f 4795//4794 4715//4714 4714//4713
f 4796//4795 4716//4715 4715//4714
f 4716//4715 4798//4797 4717//4716
f 4717//4716 4799//4798 4718//4717
f 4718//4717 4800//4799 4719//4718
f 4719//4718 4801//4800 4720//4719
f 4720//4719 4802//4801 4721//4720
f 4721//4720 4803//4802 4722//4721
f 4722//4721 4804//4803 4723//4722
f 4723//4722 4805//4804 4724//4723
f 4805//4804 4725//4724 4724//4723
f 4806//4805 4726//4725 4725//4724
f 4807//4806 4727//4726 4726//4725
f 4808//4807 4728//4727 4727//4726
f 4809//4808 4729//4728 4728//4727
f 4810//4809 4730//4729 4729//4728
f 4811//4810 4731//4730 4730//4729
f 4812//4811 4732//4731 4731//4730
f 4813//4812 4733//4732 4732//4731
f 4814//4813 4734//4733 4733//4732
f 4815//4814 4735//4734 4734//4733
f 4735//4734 4817//4816 4736//4735
f 4736//4735 4818//4817 4737//4736
f 4818//4817 4738//4737 4737//4736
f 4819//4818 4739//4738 4738//4737
f 4820//4819 4740//4739 4739//4738
f 4821//4820 4741//4740 4740//4739
f 4822//4821 4742//4741 4741//4740
f 4823//4822 4743//4742 4742//4741
f 4824//4823 4744//4743 4743//4742
f 4744//4743 4826//4825 4745//4744
f 4745//4744 4827//4826 4746//4745
f 4746//4745 4828//4827 4747//4746
f 4747//4746 4829//4828 4748//4747
f 4748//4747 4830//4829 4749//4748
f 4749//4748 4831//4830 4750//4749
f 4831//4830 4751//4750 4750//4749
f 4832//4831 4752//4751 4751//4750
f 4752//4751 4834//4833 4753//4752
f 4834//4833 4754//4753 4753//4752
f 4835//4834 4755//4754 4754//4753
f 4836//4835 4756//4755 4755//4754
f 4756//4755 4838//4837 4757//4756
f 4757//4756 4839//4838 4758//4757
f 4758//4757 4840//4839 4759//4758
f 4840//4839 4760//4759 4759//4758
f 4760//4759 4842//4841 4761//4760
f 4761//4760 4843//4842 4762//4761
f 4762//4761 4844//4843 4763//4762
f 4763//4762 4845//4844 4764//4763
f 4764//4763 4846//4845 4765//4764
f 4765//4764 4847//4846 4766//4765
f 4766//4765 4848//4847 4767//4766
f 4767//4766 4849//4848 4768//4767
f 4768//4767 4850//4849 4769//4768
f 4769//4768 4851//4850 4770//4769
f 4770//4769 4852//4851 4771//4770
f 4852//4851 4772//4771 4771//4770
f 4853//4852 4773//4772 4772//4771
f 4854//4853 4774//4773 4773//4772
f 4774//4773 4856//4855 4775//4774
f 4856//4855 4776//4775 4775//4774
f 4776//4775 4858//4857 4777//4776
f 4858//4857 4778//4777 4777//4776
f 4859//4858 4779//4778 4778//4777
f 4780//4779 4862//4861 4781//4780
f 4781//4780 4863//4862 4782//4781
f 4782//4781 4864//4863 4783//4782
f 4864//4863 4784//4783 4783//4782
f 4865//4864 4785//4784 4784//4783
f 4866//4865 4786//4785 4785//4784
f 4786//4785 4868//4867 4787//4786
f 4868//4867 4788//4787 4787//4786
f 4788//4787 4870//4869 4789//4788
f 4870//4869 4790//4789 4789//4788
f 4790//4789 4872//4871 4791//4790
f 4791//4790 4873//4872 4792//4791
f 4792//4791 4874//4873 4793//4792
f 4793//4792 4875//4874 4794//4793
f 4875//4874 4795//4794 4794//4793
f 4876//4875 4796//4795 4795//4794
f 4877//4876 4797//4796 4796//4795
f 4878//4877 4798//4797 4797//4796
f 4798//4797 4880//4879 4799//4798
f 4799//4798 4881//4880 4800//4799
f 4800//4799 4882//4881 4801//4800
f 4801//4800 4883//4882 4802//4801
f 4802//4801 4884//4883 4803//4802
f 4803//4802 4885//4884 4804//4803
f 4885//4884 4805//4804 4804//4803
f 4805//4804 4887//4886 4806//4805
f 4887//4886 4807//4806 4806//4805
f 4888//4887 4808//4807 4807//4806
f 4889//4888 4809//4808 4808//4807
f 4890//4889 4810//4809 4809//4808
f 4891//4890 4811//4810 4810//4809
f 4892//4891 4812//4811 4811//4810
f 4812//4811 4894//4893 4813//4812
f 4813//4812 4895//4894 4814//4813
f 4814//4813 4896//4895 4815//4814
f 4815//4814 4897//4896 4816//4815
f 4816//4815 4898//4897 4817//4816
f 4817//4816 4899//4898 4818//4817
f 4899//4898 4819//4818 4818//4817
f 4819//4818 4901//4900 4820//4819
f 4820//4819 4902//4901 4821//4820
f 4821//4820 4903//4902 4822//4821
f 4822//4821 4904//4903 4823//4822
f 4904//4903 4824//4823 4823//4822
f 4824//4823 4906//4905 4825//4824
f 4825//4824 4907//4906 4826//4825
f 4826//4825 4908//4907 4827//4826
f 4827//4826 4909//4908 4828//4827
f 4828//4827 4910//4909 4829//4828
f 4829//4828 4911//4910 4830//4829
f 4830//4829 4912//4911 4831//4830
f 4831//4830 4913//4912 4832//4831
f 4832//4831 4914//4913 4833//4832
f 4833//4832 4915//4914 4834//4833
f 4834//4833 4916//4915 4835//4834
f 4835//4834 4917//4916 4836//4835
f 4836//4835 4918//4917 4837//4836
f 4837//4836 4919//4918 4838//4837
f 4838//4837 4920//4919 4839//4838
f 4839//4838 4921//4920 4840//4839
f 4840//4839 4922//4921 4841//4840
f 4922//4921 4842//4841 4841//4840
f 4842//4841 4924//4923 4843//4842
f 4843//4842 4925//4924 4844//4843
f 4844//4843 4926//4925 4845//4844
f 4845//4844 4927//4926 4846//4845
f 4846//4845 4928//4927 4847//4846
f 4928//4927 4848//4847 4847//4846
f 4848//4847 4930//4929 4849//4848
f 4930//4929 4850//4849 4849//4848
f 4850//4849 4932//4931 4851//4850
f 4851//4850 4933//4932 4852//4851
f 4933//4932 4853//4852 4852//4851
f 4934//4933 4854//4853 4853//4852
f 4935//4934 4855//4854 4854//4853
f 4936//4935 4856//4855 4855//4854
f 4856//4855 4938//4937 4857//4856
f 4938//4937 4858//4857 4857//4856
f 4939//4938 4859//4858 4858//4857
f 4940//4939 4860//4859 4859//4858
f 4861//4860 4943//4942 4862//4861
f 4862//4861 4944//4943 4863//4862
f 4863//4862 4945//4944 4864//4863
f 4864//4863 4946//4945 4865//4864
f 4865//4864 4947//4946 4866//4865
f 4947//4946 4867//4866 4866//4865
f 4948//4947 4868//4867 4867//4866
f 4868//4867 4950//4949 4869//4868
f 4869//4868 4951//4950 4870//4869
f 4870//4869 4952//4951 4871//4870
f 4952//4951 4872//4871 4871//4870
f 4953//4952 4873//4872 4872//4871
f 4873//4872 4955//4954 4874//4873
f 4955//4954 4875//4874 4874//4873
f 4956//4955 4876//4875 4875//4874
f 4876//4875 4958//4957 4877//4876
f 4877//4876 4959//4958 4878//4877
f 4959//4958 4879//4878 4878//4877
f 4960//4959 4880//4879 4879//4878
f 4961//4960 4881//4880 4880//4879
f 4881//4880 4963//4962 4882//4881
f 4882//4881 4964//4963 4883//4882
f 4883//4882 4965//4964 4884//4883
f 4965//4964 4885//4884 4884//4883
f 4966//4965 4886//4885 4885//4884
f 4967//4966 4887//4886 4886//4885
f 4887//4886 4969//4968 4888//4887
f 4969//4968 4889//4888 4888//4887
f 4970//4969 4890//4889 4889//4888
f 4971//4970 4891//4890 4890//4889
f 4972//4971 4892//4891 4891//4890
f 4892//4891 4974//4973 4893//4892
f 4893//4892 4975//4974 4894//4893
f 4894//4893 4976//4975 4895//4894
f 4895//4894 4977//4976 4896//4895
f 4896//4895 4978//4977 4897//4896
f 4897//4896 4979//4978 4898//4897
f 4898//4897 4980//4979 4899//4898
f 4980//4979 4900//4899 4899//4898
f 4981//4980 4901//4900 4900//4899
f 4982//4981 4902//4901 4901//4900
f 4902//4901 4984//4983 4903//4902
f 4903//4902 4985//4984 4904//4903
f 4904//4903 4986//4985 4905//4904
f 4905//4904 4987//4986 4906//4905
f 4906//4905 4988//4987 4907//4906
f 4907//4906 4989//4988 4908//4907
f 4908//4907 4990//4989 4909//4908
f 4909//4908 4991//4990 4910//4909
f 4910//4909 4992//4991 4911//4910
f 4911//4910 4993//4992 4912//4911
f 4912//4911 4994//4993 4913//4912
f 4913//4912 4995//4994 4914//4913
f 4914//4913 4996//4995 4915//4914
f 4915//4914 4997//4996 4916//4915
f 4916//4915 4998//4997 4917//4916
f 4917//4916 4999//4998 4918//4917
f 4999//4998 4919//4918 4918//4917
f 4919//4918 5001//5000 4920//4919
f 4920//4919 5002//5001 4921//4920
f 4921//4920 5003//5002 4922//4921
f 4922//4921 5004//5003 4923//4922
f 4923//4922 5005//5004 4924//4923
f 4924//4923 5006//5005 4925//4924
f 4925//4924 5007//5006 4926//4925
f 5007//5006 4927//4926 4926//4925
f 5008//5007 4928//4927 4927//4926
f 5009//5008 4929//4928 4928//4927
f 5010//5009 4930//4929 4929//4928
f 4930//4929 5012//5011 4931//4930
f 4931//4930 5013//5012 4932//4931
f 5013//5012 4933//4932 4932//4931
f 5014//5013 4934//4933 4933//4932
f 5015//5014 4935//4934 4934//4933
f 5016//5015 4936//4935 4935//4934
f 5017//5016 4937//4936 4936//4935
f 5018//5017 4938//4937 4937//4936
f 5019//5018 4939//4938 4938//4937
f 5020//5019 4940//4939 4939//4938
f 5021//5020 4941//4940 4940//4939
f 4942//4941 5024//5023 4943//4942
f 4943//4942 5025//5024 4944//4943
f 4944//4943 5026//5025 4945//4944
f 5026//5025 4946//4945 4945//4944
f 5027//5026 4947//4946 4946//4945
f 5028//5027 4948//4947 4947//4946
f 5029//5028 4949//4948 4948//4947
f 5030//5029 4950//4949 4949//4948
f 4950//4949 5032//5031 4951//4950
f 4951//4950 5033//5032 4952//4951
f 4952//4951 5034//5033 4953//4952
f 5034//5033 4954//4953 4953//4952
f 4954//4953 5036//5035 4955//4954
f 4955//4954 5037//5036 4956//4955
f 4956//4955 5038//5037 4957//4956
f 5038//5037 4958//4957 4957//4956
f 4958//4957 5040//5039 4959//4958
f 4959//4958 5041//5040 4960//4959
f 5041//5040 4961//4960 4960//4959
f 5042//5041 4962//4961 4961//4960
f 5043//5042 4963//4962 4962//4961
f 5044//5043 4964//4963 4963//4962
f 4964//4963 5046//5045 4965//4964
f 4965//4964 5047//5046 4966//4965
f 5047//5046 4967//4966 4966//4965
f 4967//4966 5049//5048 4968//4967
f 4968//4967 5050//5049 4969//4968
f 5050//5049 4970//4969 4969//4968
f 4970//4969 5052//5051 4971//4970
f 5052//5051 4972//4971 4971//4970
f 5053//5052 4973//4972 4972//4971
f 4973//4972 5055//5054 4974//4973
f 4974//4973 5056//5055 4975//4974
f 4975//4974 5057//5056 4976//4975
f 4976//4975 5058//5057 4977//4976
f 5058//5057 4978//4977 4977//4976
f 5059//5058 4979//4978 4978//4977
f 5060//5059 4980//4979 4979//4978
f 5061//5060 4981//4980 4980//4979
f 5062//5061 4982//4981 4981//4980
f 4982//4981 5064//5063 4983//4982
f 4983//4982 5065//5064 4984//4983
f 5065//5064 4985//4984 4984//4983
f 4985//4984 5067//5066 4986//4985
f 5067//5066 4987//4986 4986//4985
f 5068//5067 4988//4987 4987//4986
f 5069//5068 4989//4988 4988//4987
f 5070//5069 4990//4989 4989//4988
f 4990//4989 5072//5071 4991//4990
f 4991//4990 5073//5072 4992//4991
f 4992//4991 5074//5073 4993//4992
f 4993//4992 5075//5074 4994//4993
f 4994//4993 5076//5075 4995//4994
f 4995//4994 5077//5076 4996//4995
f 5077//5076 4997//4996 4996//4995
f 5078//5077 4998//4997 4997//4996
f 5079//5078 4999//4998 4998//4997
f 5080//5079 5000//4999 4999//4998
f 5081//5080 5001//5000 5000//4999
f 5001//5000 5083//5082 5002//5001
f 5002//5001 5084//5083 5003//5002
f 5003//5002 5085//5084 5004//5003
f 5004//5003 5086//5085 5005//5004
f 5086//5085 5006//5005 5005//5004
f 5087//5086 5007//5006 5006//5005
f 5088//5087 5008//5007 5007//5006
f 5089//5088 5009//5008 5008//5007
f 5090//5089 5010//5009 5009//5008
f 5010//5009 5092//5091 5011//5010
f 5011//5010 5093//5092 5012//5011
f 5012//5011 5094//5093 5013//5012
f 5013//5012 5095//5094 5014//5013
f 5014//5013 5096//5095 5015//5014
f 5015//5014 5097//5096 5016//5015
f 5016//5015 5098//5097 5017//5016
f 5017//5016 5099//5098 5018//5017
f 5099//5098 5019//5018 5018//5017
f 5100//5099 5020//5019 5019//5018
f 5101//5100 5021//5020 5020//5019
f 5021//5020 5103//5102 5022//5021
f 5104//5103 5024//5023 5023//5022
f 5105//5104 5025//5024 5024//5023
f 5106//5105 5026//5025 5025//5024
f 5107//5106 5027//5026 5026//5025
f 5108//5107 5028//5027 5027//5026
f 5109//5108 5029//5028 5028//5027
f 5110//5109 5030//5029 5029//5028
f 5111//5110 5031//5030 5030//5029
f 5112//5111 5032//5031 5031//5030
f 5113//5112 5033//5032 5032//5031
f 5033//5032 5115//5114 5034//5033
f 5034//5033 5116//5115 5035//5034
f 5035//5034 5117//5116 5036//5035
f 5036//5035 5118//5117 5037//5036
f 5118//5117 5038//5037 5037//5036
f 5119//5118 5039//5038 5038//5037
f 5120//5119 5040//5039 5039//5038
f 5040//5039 5122//5121 5041//5040
f 5122//5121 5042//5041 5041//5040
f 5123//5122 5043//5042 5042//5041
f 5124//5123 5044//5043 5043//5042
f 5125//5124 5045//5044 5044//5043
f 5126//5125 5046//5045 5045//5044
f 5127//5126 5047//5046 5046//5045
f 5047//5046 5129//5128 5048//5047
f 5129//5128 5049//5048 5048//5047
f 5130//5129 5050//5049 5049//5048
f 5050//5049 5132//5131 5051//5050
f 5051//5050 5133//5132 5052//5051
f 5052//5051 5134//5133 5053//5052
f 5053//5052 5135//5134 5054//5053
f 5135//5134 5055//5054 5054//5053
f 5136//5135 5056//5055 5055//5054
f 5137//5136 5057//5056 5056//5055
f 5057//5056 5139//5138 5058//5057
f 5058//5057 5140//5139 5059//5058
f 5059//5058 5141//5140 5060//5059
f 5141//5140 5061//5060 5060//5059
f 5142//5141 5062//5061 5061//5060
f 5062//5061 5144//5143 5063//5062
f 5063//5062 5145//5144 5064//5063
f 5064//5063 5146//5145 5065//5064
f 5146//5145 5066//5065 5065//5064
f 5147//5146 5067//5066 5066//5065
f 5148//5147 5068//5067 5067//5066
f 5149//5148 5069//5068 5068//5067
f 5150//5149 5070//5069 5069//5068
f 5070//5069 5152//5151 5071//5070
f 5071//5070 5153//5152 5072//5071
f 5072//5071 5154//5153 5073//5072
f 5154//5153 5074//5073 5073//5072
f 5155//5154 5075//5074 5074//5073
f 5156//5155 5076//5075 5075//5074
f 5157//5156 5077//5076 5076//5075
f 5158//5157 5078//5077 5077//5076
f 5159//5158 5079//5078 5078//5077
f 5160//5159 5080//5079 5079//5078
f 5161//5160 5081//5080 5080//5079
f 5162//5161 5082//5081 5081//5080
f 5082//5081 5164//5163 5083//5082
f 5083//5082 5165//5164 5084//5083
f 5084//5083 5166//5165 5085//5084
f 5085//5084 5167//5166 5086//5085
f 5167//5166 5087//5086 5086//5085
f 5168//5167 5088//5087 5087//5086
f 5169//5168 5089//5088 5088//5087
f 5170//5169 5090//5089 5089//5088
f 5171//5170 5091//5090 5090//5089
f 5172//5171 5092//5091 5091//5090
f 5092//5091 5174//5173 5093//5092
f 5093//5092 5175//5174 5094//5093
f 5094//5093 5176//5175 5095//5094
f 5095//5094 5177//5176 5096//5095
f 5096//5095 5178//5177 5097//5096
f 5097//5096 5179//5178 5098//5097
f 5098//5097 5180//5179 5099//5098
f 5099//5098 5181//5180 5100//5099
f 5100//5099 5182//5181 5101//5100
f 5101//5100 5183//5182 5102//5101
f 5183//5182 5103//5102 5102//5101
f 5185//5184 5105//5104 5104//5103
f 5186//5185 5106//5105 5105//5104
f 5187//5186 5107//5106 5106//5105
f 5188//5187 5108//5107 5107//5106
f 5189//5188 5109//5108 5108//5107
f 5109//5108 5191//5190 5110//5109
f 5191//5190 5111//5110 5110//5109
f 5192//5191 5112//5111 5111//5110
f 5193//5192 5113//5112 5112//5111
f 5194//5193 5114//5113 5113//5112
f 5195//5194 5115//5114 5114//5113
f 5115//5114 5197//5196 5116//5115
f 5116//5115 5198//5197 5117//5116
f 5117//5116 5199//5198 5118//5117
f 5199//5198 5119//5118 5118//5117
f 5200//5199 5120//5119 5119//5118
f 5201//5200 5121//5120 5120//5119
f 5121//5120 5203//5202 5122//5121
f 5122//5121 5204//5203 5123//5122
f 5204//5203 5124//5123 5123//5122
f 5205//5204 5125//5124 5124//5123
f 5206//5205 5126//5125 5125//5124
f 5207//5206 5127//5126 5126//5125
f 5127//5126 5209//5208 5128//5127
f 5209//5208 5129//5128 5128//5127
f 5210//5209 5130//5129 5129//5128
f 5211//5210 5131//5130 5130//5129
f 5131//5130 5213//5212 5132//5131
f 5132//5131 5214//5213 5133//5132
f 5133//5132 5215//5214 5134//5133
f 5134//5133 5216//5215 5135//5134
f 5135//5134 5217//5216 5136//5135
f 5217//5216 5137//5136 5136//5135
f 5218//5217 5138//5137 5137//5136
f 5219//5218 5139//5138 5138//5137
f 5139//5138 5221//5220 5140//5139
f 5221//5220 5141//5140 5140//5139
f 5222//5221 5142//5141 5141//5140
f 5223//5222 5143//5142 5142//5141
f 5224//5223 5144//5143 5143//5142
f 5144//5143 5226//5225 5145//5144
f 5145//5144 5227//5226 5146//5145
f 5227//5226 5147//5146 5146//5145
f 5228//5227 5148//5147 5147//5146
f 5229//5228 5149//5148 5148//5147
f 5230//5229 5150//5149 5149//5148
f 5231//5230 5151//5150 5150//5149
f 5151//5150 5233//5232 5152//5151
f 5152//5151 5234//5233 5153//5152
f 5153//5152 5235//5234 5154//5153
f 5154//5153 5236//5235 5155//5154
f 5236//5235 5156//5155 5155//5154
f 5237//5236 5157//5156 5156//5155
f 5238//5237 5158//5157 5157//5156
f 5239//5238 5159//5158 5158//5157
f 5240//5239 5160//5159 5159//5158
f 5241//5240 5161//5160 5160//5159
f 5242//5241 5162//5161 5161//5160
f 5243//5242 5163//5162 5162//5161
f 5244//5243 5164//5163 5163//5162
f 5164//5163 5246//5245 5165//5164
f 5165//5164 5247//5246 5166//5165
f 5166//5165 5248//5247 5167//5166
f 5248//5247 5168//5167 5167//5166
f 5249//5248 5169//5168 5168//5167
f 5250//5249 5170//5169 5169//5168
f 5251//5250 5171//5170 5170//5169
f 5171//5170 5253//5252 5172//5171
f 5253//5252 5173//5172 5172//5171
f 5254//5253 5174//5173 5173//5172
f 5174//5173 5256//5255 5175//5174
f 5175//5174 5257//5256 5176//5175
f 5176//5175 5258//5257 5177//5176
f 5177//5176 5259//5258 5178//5177
f 5178//5177 5260//5259 5179//5178
f 5179//5178 5261//5260 5180//5179
f 5180//5179 5262//5261 5181//5180
f 5181//5180 5263//5262 5182//5181
f 5263//5262 5183//5182 5182//5181
f 5264//5263 5184//5183 5183//5182
f 5266//5265 5186//5185 5185//5184
f 5267//5266 5187//5186 5186//5185
f 5268//5267 5188//5187 5187//5186
f 5269//5268 5189//5188 5188//5187
f 5189//5188 5271//5270 5190//5189
f 5190//5189 5272//5271 5191//5190
f 5191//5190 5273//5272 5192//5191
f 5192//5191 5274//5273 5193//5192
f 5274//5273 5194//5193 5193//5192
f 5275//5274 5195//5194 5194//5193
f 5276//5275 5196//5195 5195//5194
f 5196//5195 5278//5277 5197//5196
f 5197//5196 5279//5278 5198//5197
f 5198//5197 5280//5279 5199//5198
f 5280//5279 5200//5199 5199//5198
f 5281//5280 5201//5200 5200//5199
f 5282//5281 5202//5201 5201//5200
f 5202//5201 5284//5283 5203//5202
f 5203//5202 5285//5284 5204//5203
f 5285//5284 5205//5204 5204//5203
f 5286//5285 5206//5205 5205//5204
f 5287//5286 5207//5206 5206//5205
f 5288//5287 5208//5207 5207//5206
f 5289//5288 5209//5208 5208//5207
f 5209//5208 5291//5290 5210//5209
f 5291//5290 5211//5210 5210//5209
f 5292//5291 5212//5211 5211//5210
f 5212//5211 5294//5293 5213//5212
f 5213//5212 5295//5294 5214//5213
f 5214//5213 5296//5295 5215//5214
f 5215//5214 5297//5296 5216//5215
f 5216//5215 5298//5297 5217//5216
f 5217//5216 5299//5298 5218//5217
f 5218//5217 5300//5299 5219//5218
f 5300//5299 5220//5219 5219//5218
f 5301//5300 5221//5220 5220//5219
f 5302//5301 5222//5221 5221//5220
f 5303//5302 5223//5222 5222//5221
f 5304//5303 5224//5223 5223//5222
f 5305//5304 5225//5224 5224//5223
f 5225//5224 5307//5306 5226//5225
f 5307//5306 5227//5226 5226//5225
f 5308//5307 5228//5227 5227//5226
f 5309//5308 5229//5228 5228//5227
f 5310//5309 5230//5229 5229//5228
f 5311//5310 5231//5230 5230//5229
f 5312//5311 5232//5231 5231//5230
f 5313//5312 5233//5232 5232//5231
f 5233//5232 5315//5314 5234//5233
f 5234//5233 5316//5315 5235//5234
f 5235//5234 5317//5316 5236//5235
f 5317//5316 5237//5236 5236//5235
f 5318//5317 5238//5237 5237//5236
f 5319//5318 5239//5238 5238//5237
f 5320//5319 5240//5239 5239//5238
f 5240//5239 5322//5321 5241//5240
f 5241//5240 5323//5322 5242//5241
f 5242//5241 5324//5323 5243//5242
f 5324//5323 5244//5243 5243//5242
f 5244//5243 5326//5325 5245//5244
f 5245//5244 5327//5326 5246//5245
f 5246//5245 5328//5327 5247//5246
f 5328//5327 5248//5247 5247//5246
f 5329//5328 5249//5248 5248//5247
f 5330//5329 5250//5249 5249//5248
f 5331//5330 5251//5250 5250//5249
f 5251//5250 5333//5332 5252//5251
f 5333//5332 5253//5252 5252//5251
f 5334//5333 5254//5253 5253//5252
f 5335//5334 5255//5254 5254//5253
f 5336//5335 5256//5255 5255//5254
f 5256//5255 5338//5337 5257//5256
f 5338//5337 5258//5257 5257//5256
f 5258//5257 5340//5339 5259//5258
f 5259//5258 5341//5340 5260//5259
f 5260//5259 5342//5341 5261//5260
f 5261//5260 5343//5342 5262//5261
f 5262//5261 5344//5343 5263//5262
f 5344//5343 5264//5263 5263//5262
f 5345//5344 5265//5264 5264//5263
f 5347//5346 5267//5266 5266//5265
f 5348//5347 5268//5267 5267//5266
f 5349//5348 5269//5268 5268//5267
f 5269//5268 5351//5350 5270//5269
f 5351//5350 5271//5270 5270//5269
f 5352//5351 5272//5271 5271//5270
f 5272//5271 5354//5353 5273//5272
f 5273//5272 5355//5354 5274//5273
f 5274//5273 5356//5355 5275//5274
f 5275//5274 5357//5356 5276//5275
f 5276//5275 5358//5357 5277//5276
f 5358//5357 5278//5277 5277//5276
f 5278//5277 5360//5359 5279//5278
f 5360//5359 5280//5279 5279//5278
f 5361//5360 5281//5280 5280//5279
f 5362//5361 5282//5281 5281//5280
f 5282//5281 5364//5363 5283//5282
f 5283//5282 5365//5364 5284//5283
f 5284//5283 5366//5365 5285//5284
f 5366//5365 5286//5285 5285//5284
f 5367//5366 5287//5286 5286//5285
f 5368//5367 5288//5287 5287//5286
f 5369//5368 5289//5288 5288//5287
f 5289//5288 5371//5370 5290//5289
f 5371//5370 5291//5290 5290//5289
f 5372//5371 5292//5291 5291//5290
f 5292//5291 5374//5373 5293//5292
f 5293//5292 5375//5374 5294//5293
f 5294//5293 5376//5375 5295//5294
f 5295//5294 5377//5376 5296//5295
f 5296//5295 5378//5377 5297//5296
f 5297//5296 5379//5378 5298//5297
f 5298//5297 5380//5379 5299//5298
f 5299//5298 5381//5380 5300//5299
f 5381//5380 5301//5300 5300//5299
f 5382//5381 5302//5301 5301//5300
f 5383//5382 5303//5302 5302//5301
f 5384//5383 5304//5303 5303//5302
f 5385//5384 5305//5304 5304//5303
f 5305//5304 5387//5386 5306//5305
f 5306//5305 5388//5387 5307//5306
f 5307//5306 5389//5388 5308//5307
f 5389//5388 5309//5308 5308//5307
f 5390//5389 5310//5309 5309//5308
f 5391//5390 5311//5310 5310//5309
f 5392//5391 5312//5311 5311//5310
f 5393//5392 5313//5312 5312//5311
f 5313//5312 5395//5394 5314//5313
f 5314//5313 5396//5395 5315//5314
f 5315//5314 5397//5396 5316//5315
f 5397//5396 5317//5316 5316//5315
f 5398//5397 5318//5317 5317//5316
f 5399//5398 5319//5318 5318//5317
f 5400//5399 5320//5319 5319//5318
f 5401//5400 5321//5320 5320//5319
f 5321//5320 5403//5402 5322//5321
f 5322//5321 5404//5403 5323//5322
f 5323//5322 5405//5404 5324//5323
f 5324//5323 5406//5405 5325//5324
f 5406//5405 5326//5325 5325//5324
f 5326//5325 5408//5407 5327//5326
f 5327//5326 5409//5408 5328//5327
f 5409//5408 5329//5328 5328//5327
f 5410//5409 5330//5329 5329//5328
f 5411//5410 5331//5330 5330//5329
f 5331//5330 5413//5412 5332//5331
f 5413//5412 5333//5332 5332//5331
f 5414//5413 5334//5333 5333//5332
f 5415//5414 5335//5334 5334//5333
f 5416//5415 5336//5335 5335//5334
f 5336//5335 5418//5417 5337//5336
f 5337//5336 5419//5418 5338//5337
f 5338//5337 5420//5419 5339//5338
f 5420//5419 5340//5339 5339//5338
f 5421//5420 5341//5340 5340//5339
f 5422//5421 5342//5341 5341//5340
f 5342//5341 5424//5423 5343//5342
f 5343//5342 5425//5424 5344//5343
f 5425//5424 5345//5344 5344//5343
f 5426//5425 5346//5345 5345//5344
f 5428//5427 5348//5347 5347//5346
f 5429//5428 5349//5348 5348//5347
f 5349//5348 5431//5430 5350//5349
f 5350//5349 5432//5431 5351//5350
f 5432//5431 5352//5351 5351//5350
f 5433//5432 5353//5352 5352//5351
f 5353//5352 5435//5434 5354//5353
f 5354//5353 5436//5435 5355//5354
f 5355//5354 5437//5436 5356//5355
f 5356//5355 5438//5437 5357//5356
f 5357//5356 5439//5438 5358//5357
f 5358//5357 5440//5439 5359//5358
f 5359//5358 5441//5440 5360//5359
f 5360//5359 5442//5441 5361//5360
f 5442//5441 5362//5361 5361//5360
f 5443//5442 5363//5362 5362//5361
f 5363//5362 5445//5444 5364//5363
f 5364//5363 5446//5445 5365//5364
f 5446//5445 5366//5365 5365//5364
f 5366//5365 5448//5447 5367//5366
f 5448//5447 5368//5367 5367//5366
f 5368//5367 5450//5449 5369//5368
f 5450//5449 5370//5369 5369//5368
f 5451//5450 5371//5370 5370//5369
f 5371//5370 5453//5452 5372//5371
f 5372//5371 5454//5453 5373//5372
f 5373//5372 5455//5454 5374//5373
f 5455//5454 5375//5374 5374//5373
f 5456//5455 5376//5375 5375//5374
f 5457//5456 5377//5376 5376//5375
f 5458//5457 5378//5377 5377//5376
f 5378//5377 5460//5459 5379//5378
f 5379//5378 5461//5460 5380//5379
f 5380//5379 5462//5461 5381//5380
f 5462//5461 5382//5381 5381//5380
f 5463//5462 5383//5382 5382//5381
f 5464//5463 5384//5383 5383//5382
f 5465//5464 5385//5384 5384//5383
f 5466//5465 5386//5385 5385//5384
f 5386//5385 5468//5467 5387//5386
f 5468//5467 5388//5387 5387//5386
f 5469//5468 5389//5388 5388//5387
f 5389//5388 5471//5470 5390//5389
f 5390//5389 5472//5471 5391//5390
f 5391//5390 5473//5472 5392//5391
f 5392//5391 5474//5473 5393//5392
f 5393//5392 5475//5474 5394//5393
f 5475//5474 5395//5394 5394//5393
f 5476//5475 5396//5395 5395//5394
f 5477//5476 5397//5396 5396//5395
f 5478//5477 5398//5397 5397//5396
f 5479//5478 5399//5398 5398//5397
f 5480//5479 5400//5399 5399//5398
f 5400//5399 5482//5481 5401//5400
f 5401//5400 5483//5482 5402//5401
f 5483//5482 5403//5402 5402//5401
f 5484//5483 5404//5403 5403//5402
f 5485//5484 5405//5404 5404//5403
f 5486//5485 5406//5405 5405//5404
f 5487//5486 5407//5406 5406//5405
f 5488//5487 5408//5407 5407//5406
f 5408//5407 5490//5489 5409//5408
f 5409//5408 5491//5490 5410//5409
f 5410//5409 5492//5491 5411//5410
f 5411//5410 5493//5492 5412//5411
f 5493//5492 5413//5412 5412//5411
f 5494//5493 5414//5413 5413//5412
f 5495//5494 5415//5414 5414//5413
f 5496//5495 5416//5415 5415//5414
f 5416//5415 5498//5497 5417//5416
f 5417//5416 5499//5498 5418//5417
f 5418//5417 5500//5499 5419//5418
f 5419//5418 5501//5500 5420//5419
f 5501//5500 5421//5420 5420//5419
f 5502//5501 5422//5421 5421//5420
f 5503//5502 5423//5422 5422//5421
f 5504//5503 5424//5423 5423//5422
f 5505//5504 5425//5424 5424//5423
f 5425//5424 5507//5506 5426//5425
f 5426//5425 5508//5507 5427//5426
f 5428//5427 5510//5509 5429//5428
f 5429//5428 5511//5510 5430//5429
f 5430//5429 5512//5511 5431//5430
f 5512//5511 5432//5431 5431//5430
f 5432//5431 5514//5513 5433//5432
f 5514//5513 5434//5433 5433//5432
f 5515//5514 5435//5434 5434//5433
f 5516//5515 5436//5435 5435//5434
f 5436//5435 5518//5517 5437//5436
f 5437//5436 5519//5518 5438//5437
f 5438//5437 5520//5519 5439//5438
f 5439//5438 5521//5520 5440//5439
f 5440//5439 5522//5521 5441//5440
f 5441//5440 5523//5522 5442//5441
f 5442//5441 5524//5523 5443//5442
f 5443//5442 5525//5524 5444//5443
f 5525//5524 5445//5444 5444//5443
f 5526//5525 5446//5445 5445//5444
f 5527//5526 5447//5446 5446//5445
f 5447//5446 5529//5528 5448//5447
f 5448//5447 5530//5529 5449//5448
f 5530//5529 5450//5449 5449//5448
f 5531//5530 5451//5450 5450//5449
f 5532//5531 5452//5451 5451//5450
f 5452//5451 5534//5533 5453//5452
f 5453//5452 5535//5534 5454//5453
f 5454//5453 5536//5535 5455//5454
f 5536//5535 5456//5455 5455//5454
f 5537//5536 5457//5456 5456//5455
f 5538//5537 5458//5457 5457//5456
f 5539//5538 5459//5458 5458//5457
f 5540//5539 5460//5459 5459//5458
f 5541//5540 5461//5460 5460//5459
f 5542//5541 5462//5461 5461//5460
f 5462//5461 5544//5543 5463//5462
f 5463//5462 5545//5544 5464//5463
f 5464//5463 5546//5545 5465//5464
f 5465//5464 5547//5546 5466//5465
f 5466//5465 5548//5547 5467//5466
f 5548//5547 5468//5467 5467//5466
f 5549//5548 5469//5468 5468//5467
f 5550//5549 5470//5469 5469//5468
f 5470//5469 5552//5551 5471//5470
f 5471//5470 5553//5552 5472//5471
f 5472//5471 5554//5553 5473//5472
f 5473//5472 5555//5554 5474//5473
f 5474//5473 5556//5555 5475//5474
f 5475//5474 5557//5556 5476//5475
f 5557//5556 5477//5476 5476//5475
f 5477//5476 5559//5558 5478//5477
f 5478//5477 5560//5559 5479//5478
f 5479//5478 5561//5560 5480//5479
f 5480//5479 5562//5561 5481//5480
f 5481//5480 5563//5562 5482//5481
f 5482//5481 5564//5563 5483//5482
f 5564//5563 5484//5483 5483//5482
f 5565//5564 5485//5484 5484//5483
f 5566//5565 5486//5485 5485//5484
f 5567//5566 5487//5486 5486//5485
f 5568//5567 5488//5487 5487//5486
f 5569//5568 5489//5488 5488//5487
f 5489//5488 5571//5570 5490//5489
f 5490//5489 5572//5571 5491//5490
f 5491//5490 5573//5572 5492//5491
f 5492//5491 5574//5573 5493//5492
f 5574//5573 5494//5493 5493//5492
f 5575//5574 5495//5494 5494//5493
f 5576//5575 5496//5495 5495//5494
f 5577//5576 5497//5496 5496//5495
f 5578//5577 5498//5497 5497//5496
f 5498//5497 5580//5579 5499//5498
f 5580//5579 5500//5499 5499//5498
f 5581//5580 5501//5500 5500//5499
f 5582//5581 5502//5501 5501//5500
f 5583//5582 5503//5502 5502//5501
f 5584//5583 5504//5503 5503//5502
f 5585//5584 5505//5504 5504//5503
f 5505//5504 5587//5586 5506//5505
f 5506//5505 5588//5587 5507//5506
f 5507//5506 5589//5588 5508//5507
f 5509//5508 5591//5590 5510//5509
f 5510//5509 5592//5591 5511//5510
f 5592//5591 5512//5511 5511//5510
f 5512//5511 5594//5593 5513//5512
f 5513//5512 5595//5594 5514//5513
f 5514//5513 5596//5595 5515//5514
f 5596//5595 5516//5515 5515//5514
f 5597//5596 5517//5516 5516//5515
f 5598//5597 5518//5517 5517//5516
f 5599//5598 5519//5518 5518//5517
f 5519//5518 5601//5600 5520//5519
f 5520//5519 5602//5601 5521//5520
f 5521//5520 5603//5602 5522//5521
f 5522//5521 5604//5603 5523//5522
f 5523//5522 5605//5604 5524//5523
f 5524//5523 5606//5605 5525//5524
f 5606//5605 5526//5525 5525//5524
f 5607//5606 5527//5526 5526//5525
f 5527//5526 5609//5608 5528//5527
f 5528//5527 5610//5609 5529//5528
f 5529//5528 5611//5610 5530//5529
f 5611//5610 5531//5530 5530//5529
f 5612//5611 5532//5531 5531//5530
f 5532//5531 5614//5613 5533//5532
f 5533//5532 5615//5614 5534//5533
f 5534//5533 5616//5615 5535//5534
f 5616//5615 5536//5535 5535//5534
f 5617//5616 5537//5536 5536//5535
f 5618//5617 5538//5537 5537//5536
f 5619//5618 5539//5538 5538//5537
f 5539//5538 5621//5620 5540//5539
f 5540//5539 5622//5621 5541//5540
f 5622//5621 5542//5541 5541//5540
f 5623//5622 5543//5542 5542//5541
f 5543//5542 5625//5624 5544//5543
f 5544//5543 5626//5625 5545//5544
f 5545//5544 5627//5626 5546//5545
f 5546//5545 5628//5627 5547//5546
f 5628//5627 5548//5547 5547//5546
f 5629//5628 5549//5548 5548//5547
f 5630//5629 5550//5549 5549//5548
f 5631//5630 5551//5550 5550//5549
f 5551//5550 5633//5632 5552//5551
f 5552//5551 5634//5633 5553//5552
f 5553//5552 5635//5634 5554//5553
f 5554//5553 5636//5635 5555//5554
f 5555//5554 5637//5636 5556//5555
f 5637//5636 5557//5556 5556//5555
f 5638//5637 5558//5557 5557//5556
f 5639//5638 5559//5558 5558//5557
f 5559//5558 5641//5640 5560//5559
f 5560//5559 5642//5641 5561//5560
f 5561//5560 5643//5642 5562//5561
f 5562//5561 5644//5643 5563//5562
f 5563//5562 5645//5644 5564//5563
f 5564//5563 5646//5645 5565//5564
f 5565//5564 5647//5646 5566//5565
f 5566//5565 5648//5647 5567//5566
f 5648//5647 5568//5567 5567//5566
f 5649//5648 5569//5568 5568//5567
f 5650//5649 5570//5569 5569//5568
f 5651//5650 5571//5570 5570//5569
f 5571//5570 5653//5652 5572//5571
f 5572//5571 5654//5653 5573//5572
f 5573//5572 5655//5654 5574//5573
f 5574//5573 5656//5655 5575//5574
f 5656//5655 5576//5575 5575//5574
f 5657//5656 5577//5576 5576//5575
f 5658//5657 5578//5577 5577//5576
f 5659//5658 5579//5578 5578//5577
f 5660//5659 5580//5579 5579//5578
f 5661//5660 5581//5580 5580//5579
f 5662//5661 5582//5581 5581//5580
f 5663//5662 5583//5582 5582//5581
f 5664//5663 5584//5583 5583//5582
f 5665//5664 5585//5584 5584//5583
f 5585//5584 5667//5666 5586//5585
f 5667//5666 5587//5586 5586//5585
f 5587//5586 5669//5668 5588//5587
f 5588//5587 5670//5669 5589//5588
f 5590//5589 5672//5671 5591//5590
f 5591//5590 5673//5672 5592//5591
f 5592//5591 5674//5673 5593//5592
f 5674//5673 5594//5593 5593//5592
f 5675//5674 5595//5594 5594//5593
f 5676//5675 5596//5595 5595//5594
f 5677//5676 5597//5596 5596//5595
f 5678//5677 5598//5597 5597//5596
f 5679//5678 5599//5598 5598//5597
f 5680//5679 5600//5599 5599//5598
f 5681//5680 5601//5600 5600//5599
f 5682//5681 5602//5601 5601//5600
f 5602//5601 5684//5683 5603//5602
f 5603//5602 5685//5684 5604//5603
f 5604//5603 5686//5685 5605//5604
f 5686//5685 5606//5605 5605//5604
f 5687//5686 5607//5606 5606//5605
f 5607//5606 5689//5688 5608//5607
f 5608//5607 5690//5689 5609//5608
f 5609//5608 5691//5690 5610//5609
f 5610//5609 5692//5691 5611//5610
f 5692//5691 5612//5611 5611//5610
f 5612//5611 5694//5693 5613//5612
f 5694//5693 5614//5613 5613//5612
f 5695//5694 5615//5614 5614//5613
f 5696//5695 5616//5615 5615//5614
f 5697//5696 5617//5616 5616//5615
f 5617//5616 5699//5698 5618//5617
f 5618//5617 5700//5699 5619//5618
f 5619//5618 5701//5700 5620//5619
f 5701//5700 5621//5620 5620//5619
f 5621//5620 5703//5702 5622//5621
f 5622//5621 5704//5703 5623//5622
f 5623//5622 5705//5704 5624//5623
f 5705//5704 5625//5624 5624//5623
f 5625//5624 5707//5706 5626//5625
f 5626//5625 5708//5707 5627//5626
f 5627//5626 5709//5708 5628//5627
f 5709//5708 5629//5628 5628//5627
f 5710//5709 5630//5629 5629//5628
f 5711//5710 5631//5630 5630//5629
f 5712//5711 5632//5631 5631//5630
f 5632//5631 5714//5713 5633//5632
f 5633//5632 5715//5714 5634//5633
f 5634//5633 5716//5715 5635//5634
f 5635//5634 5717//5716 5636//5635
f 5717//5716 5637//5636 5636//5635
f 5637//5636 5719//5718 5638//5637
f 5638//5637 5720//5719 5639//5638
f 5639//5638 5721//5720 5640//5639
f 5721//5720 5641//5640 5640//5639
f 5641//5640 5723//5722 5642//5641
f 5642//5641 5724//5723 5643//5642
f 5643//5642 5725//5724 5644//5643
f 5644//5643 5726//5725 5645//5644
f 5645//5644 5727//5726 5646//5645
f 5646//5645 5728//5727 5647//5646
f 5647//5646 5729//5728 5648//5647
f 5729//5728 5649//5648 5648//5647
f 5730//5729 5650//5649 5649//5648
f 5731//5730 5651//5650 5650//5649
f 5732//5731 5652//5651 5651//5650
f 5733//5732 5653//5652 5652//5651
f 5653//5652 5735//5734 5654//5653
f 5654//5653 5736//5735 5655//5654
f 5655//5654 5737//5736 5656//5655
f 5737//5736 5657//5656 5656//5655
f 5738//5737 5658//5657 5657//5656
f 5739//5738 5659//5658 5658//5657
f 5740//5739 5660//5659 5659//5658
f 5741//5740 5661//5660 5660//5659
f 5742//5741 5662//5661 5661//5660
f 5743//5742 5663//5662 5662//5661
f 5744//5743 5664//5663 5663//5662
f 5745//5744 5665//5664 5664//5663
f 5665//5664 5747//5746 5666//5665
f 5666//5665 5748//5747 5667//5666
f 5748//5747 5668//5667 5667//5666
f 5749//5748 5669//5668 5668//5667
f 5669//5668 5751//5750 5670//5669
f 5671//5670 5753//5752 5672//5671
f 5672//5671 5754//5753 5673//5672
f 5673//5672 5755//5754 5674//5673
f 5755//5754 5675//5674 5674//5673
f 5756//5755 5676//5675 5675//5674
f 5757//5756 5677//5676 5676//5675
f 5758//5757 5678//5677 5677//5676
f 5759//5758 5679//5678 5678//5677
f 5760//5759 5680//5679 5679//5678
f 5761//5760 5681//5680 5680//5679
f 5762//5761 5682//5681 5681//5680
f 5763//5762 5683//5682 5682//5681
f 5764//5763 5684//5683 5683//5682
f 5765//5764 5685//5684 5684//5683
f 5766//5765 5686//5685 5685//5684
f 5767//5766 5687//5686 5686//5685
f 5687//5686 5769//5768 5688//5687
f 5769//5768 5689//5688 5688//5687
f 5770//5769 5690//5689 5689//5688
f 5771//5770 5691//5690 5690//5689
f 5772//5771 5692//5691 5691//5690
f 5692//5691 5774//5773 5693//5692
f 5774//5773 5694//5693 5693//5692
f 5775//5774 5695//5694 5694//5693
f 5776//5775 5696//5695 5695//5694
f 5777//5776 5697//5696 5696//5695
f 5697//5696 5779//5778 5698//5697
f 5698//5697 5780//5779 5699//5698
f 5699//5698 5781//5780 5700//5699
f 5781//5780 5701//5700 5700//5699
f 5701//5700 5783//5782 5702//5701
f 5702//5701 5784//5783 5703//5702
f 5703//5702 5785//5784 5704//5703
f 5704//5703 5786//5785 5705//5704
f 5705//5704 5787//5786 5706//5705
f 5787//5786 5707//5706 5706//5705
f 5707//5706 5789//5788 5708//5707
f 5708//5707 5790//5789 5709//5708
f 5709//5708 5791//5790 5710//5709
f 5791//5790 5711//5710 5710//5709
f 5711//5710 5793//5792 5712//5711
f 5712//5711 5794//5793 5713//5712
f 5794//5793 5714//5713 5713//5712
f 5714//5713 5796//5795 5715//5714
f 5796//5795 5716//5715 5715//5714
f 5797//5796 5717//5716 5716//5715
f 5798//5797 5718//5717 5717//5716
f 5718//5717 5800//5799 5719//5718
f 5719//5718 5801//5800 5720//5719
f 5720//5719 5802//5801 5721//5720
f 5802//5801 5722//5721 5721//5720
f 5803//5802 5723//5722 5722//5721
f 5804//5803 5724//5723 5723//5722
f 5805//5804 5725//5724 5724//5723
f 5725//5724 5807//5806 5726//5725
f 5726//5725 5808//5807 5727//5726
f 5808//5807 5728//5727 5727//5726
f 5728//5727 5810//5809 5729//5728
f 5729//5728 5811//5810 5730//5729
f 5730//5729 5812//5811 5731//5730
f 5731//5730 5813//5812 5732//5731
f 5732//5731 5814//5813 5733//5732
f 5733//5732 5815//5814 5734//5733
f 5734//5733 5816//5815 5735//5734
f 5735//5734 5817//5816 5736//5735
f 5817//5816 5737//5736 5736//5735
f 5818//5817 5738//5737 5737//5736
f 5819//5818 5739//5738 5738//5737
f 5820//5819 5740//5739 5739//5738
f 5821//5820 5741//5740 5740//5739
f 5741//5740 5823//5822 5742//5741
f 5823//5822 5743//5742 5742//5741
f 5743//5742 5825//5824 5744//5743
f 5744//5743 5826//5825 5745//5744
f 5826//5825 5746//5745 5745//5744
f 5827//5826 5747//5746 5746//5745
f 5828//5827 5748//5747 5747//5746
f 5748//5747 5830//5829 5749//5748
f 5830//5829 5750//5749 5749//5748
f 5831//5830 5751//5750 5750//5749
f 5833//5832 5753//5752 5752//5751
f 5834//5833 5754//5753 5753//5752
f 5835//5834 5755//5754 5754//5753
f 5836//5835 5756//5755 5755//5754
f 5837//5836 5757//5756 5756//5755
f 5838//5837 5758//5757 5757//5756
f 5839//5838 5759//5758 5758//5757
f 5840//5839 5760//5759 5759//5758
f 5841//5840 5761//5760 5760//5759
f 5842//5841 5762//5761 5761//5760
f 5843//5842 5763//5762 5762//5761
f 5844//5843 5764//5763 5763//5762
f 5764//5763 5846//5845 5765//5764
f 5765//5764 5847//5846 5766//5765
f 5766//5765 5848//5847 5767//5766
f 5848//5847 5768//5767 5767//5766
f 5849//5848 5769//5768 5768//5767
f 5850//5849 5770//5769 5769//5768
f 5851//5850 5771//5770 5770//5769
f 5852//5851 5772//5771 5771//5770
f 5853//5852 5773//5772 5772//5771
f 5854//5853 5774//5773 5773//5772
f 5855//5854 5775//5774 5774//5773
f 5856//5855 5776//5775 5775//5774
f 5857//5856 5777//5776 5776//5775
f 5858//5857 5778//5777 5777//5776
f 5778//5777 5860//5859 5779//5778
f 5779//5778 5861//5860 5780//5779
f 5780//5779 5862//5861 5781//5780
f 5862//5861 5782//5781 5781//5780
f 5863//5862 5783//5782 5782//5781
f 5783//5782 5865//5864 5784//5783
f 5784//5783 5866//5865 5785//5784
f 5785//5784 5867//5866 5786//5785
f 5786//5785 5868//5867 5787//5786
f 5787//5786 5869//5868 5788//5787
f 5869//5868 5789//5788 5788//5787
f 5789//5788 5871//5870 5790//5789
f 5871//5870 5791//5790 5790//5789
f 5872//5871 5792//5791 5791//5790
f 5792//5791 5874//5873 5793//5792
f 5793//5792 5875//5874 5794//5793
f 5875//5874 5795//5794 5794//5793
f 5876//5875 5796//5795 5795//5794
f 5877//5876 5797//5796 5796//5795
f 5878//5877 5798//5797 5797//5796
f 5879//5878 5799//5798 5798//5797
f 5880//5879 5800//5799 5799//5798
f 5800//5799 5882//5881 5801//5800
f 5801//5800 5883//5882 5802//5801
f 5883//5882 5803//5802 5802//5801
f 5884//5883 5804//5803 5803//5802
f 5885//5884 5805//5804 5804//5803
f 5886//5885 5806//5805 5805//5804
f 5806//5805 5888//5887 5807//5806
f 5807//5806 5889//5888 5808//5807
f 5808//5807 5890//5889 5809//5808
f 5890//5889 5810//5809 5809//5808
f 5891//5890 5811//5810 5810//5809
f 5811//5810 5893//5892 5812//5811
f 5812//5811 5894//5893 5813//5812
f 5813//5812 5895//5894 5814//5813
f 5814//5813 5896//5895 5815//5814
f 5815//5814 5897//5896 5816//5815
f 5816//5815 5898//5897 5817//5816
f 5898//5897 5818//5817 5817//5816
f 5899//5898 5819//5818 5818//5817
f 5819//5818 5901//5900 5820//5819
f 5901//5900 5821//5820 5820//5819
f 5821//5820 5903//5902 5822//5821
f 5822//5821 5904//5903 5823//5822
f 5823//5822 5905//5904 5824//5823
f 5824//5823 5906//5905 5825//5824
f 5906//5905 5826//5825 5825//5824
f 5907//5906 5827//5826 5826//5825
f 5908//5907 5828//5827 5827//5826
f 5828//5827 5910//5909 5829//5828
f 5829//5828 5911//5910 5830//5829
f 5830//5829 5912//5911 5831//5830
f 5912//5911 5832//5831 5831//5830
f 5914//5913 5834//5833 5833//5832
f 5915//5914 5835//5834 5834//5833
f 5916//5915 5836//5835 5835//5834
f 5917//5916 5837//5836 5836//5835
f 5918//5917 5838//5837 5837//5836
f 5919//5918 5839//5838 5838//5837
f 5920//5919 5840//5839 5839//5838
f 5840//5839 5922//5921 5841//5840
f 5922//5921 5842//5841 5841//5840
f 5923//5922 5843//5842 5842//5841
f 5924//5923 5844//5843 5843//5842
f 5925//5924 5845//5844 5844//5843
f 5845//5844 5927//5926 5846//5845
f 5846//5845 5928//5927 5847//5846
f 5928//5927 5848//5847 5847//5846
f 5929//5928 5849//5848 5848//5847
f 5930//5929 5850//5849 5849//5848
f 5931//5930 5851//5850 5850//5849
f 5851//5850 5933//5932 5852//5851
f 5933//5932 5853//5852 5852//5851
f 5934//5933 5854//5853 5853//5852
f 5935//5934 5855//5854 5854//5853
f 5936//5935 5856//5855 5855//5854
f 5937//5936 5857//5856 5856//5855
f 5938//5937 5858//5857 5857//5856
f 5858//5857 5940//5939 5859//5858
f 5940//5939 5860//5859 5859//5858
f 5941//5940 5861//5860 5860//5859
f 5861//5860 5943//5942 5862//5861
f 5862//5861 5944//5943 5863//5862
f 5944//5943 5864//5863 5863//5862
f 5945//5944 5865//5864 5864//5863
f 5865//5864 5947//5946 5866//5865
f 5866//5865 5948//5947 5867//5866
f 5867//5866 5949//5948 5868//5867
f 5868//5867 5950//5949 5869//5868
f 5950//5949 5870//5869 5869//5868
f 5951//5950 5871//5870 5870//5869
f 5952//5951 5872//5871 5871//5870
f 5953//5952 5873//5872 5872//5871
f 5873//5872 5955//5954 5874//5873
f 5955//5954 5875//5874 5874//5873
f 5956//5955 5876//5875 5875//5874
f 5957//5956 5877//5876 5876//5875
f 5958//5957 5878//5877 5877//5876
f 5959//5958 5879//5878 5878//5877
f 5960//5959 5880//5879 5879//5878
f 5961//5960 5881//5880 5880//5879
f 5881//5880 5963//5962 5882//5881
f 5882//5881 5964//5963 5883//5882
f 5964//5963 5884//5883 5883//5882
f 5965//5964 5885//5884 5884//5883
f 5966//5965 5886//5885 5885//5884
f 5967//5966 5887//5886 5886//5885
f 5887//5886 5969//5968 5888//5887
f 5888//5887 5970//5969 5889//5888
f 5889//5888 5971//5970 5890//5889
f 5971//5970 5891//5890 5890//5889
f 5972//5971 5892//5891 5891//5890
f 5973//5972 5893//5892 5892//5891
f 5974//5973 5894//5893 5893//5892
f 5894//5893 5976//5975 5895//5894
f 5895//5894 5977//5976 5896//5895
f 5896//5895 5978//5977 5897//5896
f 5897//5896 5979//5978 5898//5897
f 5898//5897 5980//5979 5899//5898
f 5980//5979 5900//5899 5899//5898
f 5981//5980 5901//5900 5900//5899
f 5982//5981 5902//5901 5901//5900
f 5902//5901 5984//5983 5903//5902
f 5903//5902 5985//5984 5904//5903
f 5904//5903 5986//5985 5905//5904
f 5905//5904 5987//5986 5906//5905
f 5987//5986 5907//5906 5906//5905
f 5988//5987 5908//5907 5907//5906
f 5989//5988 5909//5908 5908//5907
f 5909//5908 5991//5990 5910//5909
f 5910//5909 5992//5991 5911//5910
f 5911//5910 5993//5992 5912//5911
f 5912//5911 5994//5993 5913//5912
f 5995//5994 5915//5914 5914//5913
f 5996//5995 5916//5915 5915//5914
f 5997//5996 5917//5916 5916//5915
f 5998//5997 5918//5917 5917//5916
f 5999//5998 5919//5918 5918//5917
f 6000//5999 5920//5919 5919//5918
f 5920//5919 6002//6001 5921//5920
f 6002//6001 5922//5921 5921//5920
f 6003//6002 5923//5922 5922//5921
f 6004//6003 5924//5923 5923//5922
f 6005//6004 5925//5924 5924//5923
f 6006//6005 5926//5925 5925//5924
f 5926//5925 6008//6007 5927//5926
f 5927//5926 6009//6008 5928//5927
f 6009//6008 5929//5928 5928//5927
f 6010//6009 5930//5929 5929//5928
f 6011//6010 5931//5930 5930//5929
f 5931//5930 6013//6012 5932//5931
f 5932//5931 6014//6013 5933//5932
f 5933//5932 6015//6014 5934//5933
f 6015//6014 5935//5934 5934//5933
f 6016//6015 5936//5935 5935//5934
f 6017//6016 5937//5936 5936//5935
f 5937//5936 6019//6018 5938//5937
f 5938//5937 6020//6019 5939//5938
f 6020//6019 5940//5939 5939//5938
f 6021//6020 5941//5940 5940//5939
f 6022//6021 5942//5941 5941//5940
f 5942//5941 6024//6023 5943//5942
f 5943//5942 6025//6024 5944//5943
f 5944//5943 6026//6025 5945//5944
f 5945//5944 6027//6026 5946//5945
f 5946//5945 6028//6027 5947//5946
f 5947//5946 6029//6028 5948//5947
f 5948//5947 6030//6029 5949//5948
f 5949//5948 6031//6030 5950//5949
f 6031//6030 5951//5950 5950//5949
f 6032//6031 5952//5951 5951//5950
f 6033//6032 5953//5952 5952//5951
f 6034//6033 5954//5953 5953//5952
f 5954//5953 6036//6035 5955//5954
f 6036//6035 5956//5955 5955//5954
f 6037//6036 5957//5956 5956//5955
f 6038//6037 5958//5957 5957//5956
f 6039//6038 5959//5958 5958//5957
f 6040//6039 5960//5959 5959//5958
f 6041//6040 5961//5960 5960//5959
f 5961//5960 6043//6042 5962//5961
f 6043//6042 5963//5962 5962//5961
f 6044//6043 5964//5963 5963//5962
f 5964//5963 6046//6045 5965//5964
f 5965//5964 6047//6046 5966//5965
f 5966//5965 6048//6047 5967//5966
f 5967//5966 6049//6048 5968//5967
f 6049//6048 5969//5968 5968//5967
f 6050//6049 5970//5969 5969//5968
f 6051//6050 5971//5970 5970//5969
f 6052//6051 5972//5971 5971//5970
f 6053//6052 5973//5972 5972//5971
f 6054//6053 5974//5973 5973//5972
f 6055//6054 5975//5974 5974//5973
f 5975//5974 6057//6056 5976//5975
f 5976//5975 6058//6057 5977//5976
f 5977//5976 6059//6058 5978//5977
f 5978//5977 6060//6059 5979//5978
f 5979//5978 6061//6060 5980//5979
f 6061//6060 5981//5980 5980//5979
f 6062//6061 5982//5981 5981//5980
f 6063//6062 5983//5982 5982//5981
f 6064//6063 5984//5983 5983//5982
f 5984//5983 6066//6065 5985//5984
f 5985//5984 6067//6066 5986//5985
f 6067//6066 5987//5986 5986//5985
f 6068//6067 5988//5987 5987//5986
f 6069//6068 5989//5988 5988//5987
f 5989//5988 6071//6070 5990//5989
f 5990//5989 6072//6071 5991//5990
f 5991//5990 6073//6072 5992//5991
f 5992//5991 6074//6073 5993//5992
f 5993//5992 6075//6074 5994//5993
f 6076//6075 5996//5995 5995//5994
f 6077//6076 5997//5996 5996//5995
f 6078//6077 5998//5997 5997//5996
f 6079//6078 5999//5998 5998//5997
f 6080//6079 6000//5999 5999//5998
f 6081//6080 6001//6000 6000//5999
f 6001//6000 6083//6082 6002//6001
f 6002//6001 6084//6083 6003//6002
f 6084//6083 6004//6003 6003//6002
f 6085//6084 6005//6004 6004//6003
f 6086//6085 6006//6005 6005//6004
f 6006//6005 6088//6087 6007//6006
f 6088//6087 6008//6007 6007//6006
f 6008//6007 6090//6089 6009//6008
f 6090//6089 6010//6009 6009//6008
f 6091//6090 6011//6010 6010//6009
f 6011//6010 6093//6092 6012//6011
f 6012//6011 6094//6093 6013//6012
f 6094//6093 6014//6013 6013//6012
f 6095//6094 6015//6014 6014//6013
f 6096//6095 6016//6015 6015//6014
f 6016//6015 6098//6097 6017//6016
f 6017//6016 6099//6098 6018//6017
f 6099//6098 6019//6018 6018//6017
f 6100//6099 6020//6019 6019//6018
f 6101//6100 6021//6020 6020//6019
f 6102//6101 6022//6021 6021//6020
f 6103//6102 6023//6022 6022//6021
f 6023//6022 6105//6104 6024//6023
f 6024//6023 6106//6105 6025//6024
f 6025//6024 6107//6106 6026//6025
f 6026//6025 6108//6107 6027//6026
f 6108//6107 6028//6027 6027//6026
f 6109//6108 6029//6028 6028//6027
f 6029//6028 6111//6110 6030//6029
f 6030//6029 6112//6111 6031//6030
f 6112//6111 6032//6031 6031//6030
f 6113//6112 6033//6032 6032//6031
f 6114//6113 6034//6033 6033//6032
f 6034//6033 6116//6115 6035//6034
f 6116//6115 6036//6035 6035//6034
f 6117//6116 6037//6036 6036//6035
f 6118//6117 6038//6037 6037//6036
f 6119//6118 6039//6038 6038//6037
f 6120//6119 6040//6039 6039//6038
f 6040//6039 6122//6121 6041//6040
f 6041//6040 6123//6122 6042//6041
f 6123//6122 6043//6042 6042//6041
f 6124//6123 6044//6043 6043//6042
f 6125//6124 6045//6044 6044//6043
f 6045//6044 6127//6126 6046//6045
f 6046//6045 6128//6127 6047//6046
f 6047//6046 6129//6128 6048//6047
f 6048//6047 6130//6129 6049//6048
f 6049//6048 6131//6130 6050//6049
f 6050//6049 6132//6131 6051//6050
f 6051//6050 6133//6132 6052//6051
f 6133//6132 6053//6052 6052//6051
f 6134//6133 6054//6053 6053//6052
f 6135//6134 6055//6054 6054//6053
f 6136//6135 6056//6055 6055//6054
f 6137//6136 6057//6056 6056//6055
f 6057//6056 6139//6138 6058//6057
f 6058//6057 6140//6139 6059//6058
f 6059//6058 6141//6140 6060//6059
f 6060//6059 6142//6141 6061//6060
f 6142//6141 6062//6061 6061//6060
f 6143//6142 6063//6062 6062//6061
f 6144//6143 6064//6063 6063//6062
f 6064//6063 6146//6145 6065//6064
f 6065//6064 6147//6146 6066//6065
f 6147//6146 6067//6066 6066//6065
f 6067//6066 6149//6148 6068//6067
f 6149//6148 6069//6068 6068//6067
f 6150//6149 6070//6069 6069//6068
f 6070//6069 6152//6151 6071//6070
f 6071//6070 6153//6152 6072//6071
f 6072//6071 6154//6153 6073//6072
f 6073//6072 6155//6154 6074//6073
f 6074//6073 6156//6155 6075//6074
f 6157//6156 6077//6076 6076//6075
f 6077//6076 6159//6158 6078//6077
f 6078//6077 6160//6159 6079//6078
f 6079//6078 6161//6160 6080//6079
f 6080//6079 6162//6161 6081//6080
f 6162//6161 6082//6081 6081//6080
f 6163//6162 6083//6082 6082//6081
f 6083//6082 6165//6164 6084//6083
f 6165//6164 6085//6084 6084//6083
f 6166//6165 6086//6085 6085//6084
f 6086//6085 6168//6167 6087//6086
f 6087//6086 6169//6168 6088//6087
f 6169//6168 6089//6088 6088//6087
f 6170//6169 6090//6089 6089//6088
f 6090//6089 6172//6171 6091//6090
f 6172//6171 6092//6091 6091//6090
f 6173//6172 6093//6092 6092//6091
f 6174//6173 6094//6093 6093//6092
f 6175//6174 6095//6094 6094//6093
f 6176//6175 6096//6095 6095//6094
f 6096//6095 6178//6177 6097//6096
f 6097//6096 6179//6178 6098//6097
f 6098//6097 6180//6179 6099//6098
f 6180//6179 6100//6099 6099//6098
f 6181//6180 6101//6100 6100//6099
f 6182//6181 6102//6101 6101//6100
f 6183//6182 6103//6102 6102//6101
f 6103//6102 6185//6184 6104//6103
f 6104//6103 6186//6185 6105//6104
f 6105//6104 6187//6186 6106//6105
f 6106//6105 6188//6187 6107//6106
f 6107//6106 6189//6188 6108//6107
f 6108//6107 6190//6189 6109//6108
f 6190//6189 6110//6109 6109//6108
f 6110//6109 6192//6191 6111//6110
f 6192//6191 6112//6111 6111//6110
f 6193//6192 6113//6112 6112//6111
f 6194//6193 6114//6113 6113//6112
f 6195//6194 6115//6114 6114//6113
f 6196//6195 6116//6115 6115//6114
f 6197//6196 6117//6116 6116//6115
f 6198//6197 6118//6117 6117//6116
f 6199//6198 6119//6118 6118//6117
f 6200//6199 6120//6119 6119//6118
f 6120//6119 6202//6201 6121//6120
f 6121//6120 6203//6202 6122//6121
f 6203//6202 6123//6122 6122//6121
f 6204//6203 6124//6123 6123//6122
f 6205//6204 6125//6124 6124//6123
f 6206//6205 6126//6125 6125//6124
f 6126//6125 6208//6207 6127//6126
f 6127//6126 6209//6208 6128//6127
f 6128//6127 6210//6209 6129//6128
f 6129//6128 6211//6210 6130//6129
f 6211//6210 6131//6130 6130//6129
f 6131//6130 6213//6212 6132//6131
f 6132//6131 6214//6213 6133//6132
f 6133//6132 6215//6214 6134//6133
f 6134//6133 6216//6215 6135//6134
f 6135//6134 6217//6216 6136//6135
f 6136//6135 6218//6217 6137//6136
f 6137//6136 6219//6218 6138//6137
f 6219//6218 6139//6138 6138//6137
f 6139//6138 6221//6220 6140//6139
f 6140//6139 6222//6221 6141//6140
f 6141//6140 6223//6222 6142//6141
f 6142//6141 6224//6223 6143//6142
f 6143//6142 6225//6224 6144//6143
f 6144//6143 6226//6225 6145//6144
f 6145//6144 6227//6226 6146//6145
f 6146//6145 6228//6227 6147//6146
f 6228//6227 6148//6147 6147//6146
f 6229//6228 6149//6148 6148//6147
f 6230//6229 6150//6149 6149//6148
f 6231//6230 6151//6150 6150//6149
f 6151//6150 6233//6232 6152//6151
f 6152//6151 6234//6233 6153//6152
f 6153//6152 6235//6234 6154//6153
f 6154//6153 6236//6235 6155//6154
f 6155//6154 6237//6236 6156//6155
f 6157//6156 6239//6238 6158//6157
f 6158//6157 6240//6239 6159//6158
f 6159//6158 6241//6240 6160//6159
f 6160//6159 6242//6241 6161//6160
f 6161//6160 6243//6242 6162//6161
f 6162//6161 6244//6243 6163//6162
f 6163//6162 6245//6244 6164//6163
f 6164//6163 6246//6245 6165//6164
f 6246//6245 6166//6165 6165//6164
f 6166//6165 6248//6247 6167//6166
f 6167//6166 6249//6248 6168//6167
f 6168//6167 6250//6249 6169//6168
f 6169//6168 6251//6250 6170//6169
f 6251//6250 6171//6170 6170//6169
f 6252//6251 6172//6171 6171//6170
f 6253//6252 6173//6172 6172//6171
f 6254//6253 6174//6173 6173//6172
f 6255//6254 6175//6174 6174//6173
f 6256//6255 6176//6175 6175//6174
f 6257//6256 6177//6176 6176//6175
f 6177//6176 6259//6258 6178//6177
f 6178//6177 6260//6259 6179//6178
f 6179//6178 6261//6260 6180//6179
f 6261//6260 6181//6180 6180//6179
f 6262//6261 6182//6181 6181//6180
f 6263//6262 6183//6182 6182//6181
f 6183//6182 6265//6264 6184//6183
f 6184//6183 6266//6265 6185//6184
f 6185//6184 6267//6266 6186//6185
f 6267//6266 6187//6186 6186//6185
f 6268//6267 6188//6187 6187//6186
f 6269//6268 6189//6188 6188//6187
f 6189//6188 6271//6270 6190//6189
f 6190//6189 6272//6271 6191//6190
f 6191//6190 6273//6272 6192//6191
f 6192//6191 6274//6273 6193//6192
f 6193//6192 6275//6274 6194//6193
f 6194//6193 6276//6275 6195//6194
f 6195//6194 6277//6276 6196//6195
f 6196//6195 6278//6277 6197//6196
f 6197//6196 6279//6278 6198//6197
f 6279//6278 6199//6198 6198//6197
f 6199//6198 6281//6280 6200//6199
f 6200//6199 6282//6281 6201//6200
f 6201//6200 6283//6282 6202//6201
f 6283//6282 6203//6202 6202//6201
f 6284//6283 6204//6203 6203//6202
f 6285//6284 6205//6204 6204//6203
f 6286//6285 6206//6205 6205//6204
f 6287//6286 6207//6206 6206//6205
f 6207//6206 6289//6288 6208//6207
f 6208//6207 6290//6289 6209//6208
f 6209//6208 6291//6290 6210//6209
f 6291//6290 6211//6210 6210//6209
f 6211//6210 6293//6292 6212//6211
f 6212//6211 6294//6293 6213//6212
f 6213//6212 6295//6294 6214//6213
f 6214//6213 6296//6295 6215//6214
f 6215//6214 6297//6296 6216//6215
f 6297//6296 6217//6216 6216//6215
f 6217//6216 6299//6298 6218//6217
f 6218//6217 6300//6299 6219//6218
f 6219//6218 6301//6300 6220//6219
f 6220//6219 6302//6301 6221//6220
f 6302//6301 6222//6221 6221//6220
f 6222//6221 6304//6303 6223//6222
f 6223//6222 6305//6304 6224//6223
f 6305//6304 6225//6224 6224//6223
f 6306//6305 6226//6225 6225//6224
f 6307//6306 6227//6226 6226//6225
f 6227//6226 6309//6308 6228//6227
f 6228//6227 6310//6309 6229//6228
f 6229//6228 6311//6310 6230//6229
f 6230//6229 6312//6311 6231//6230
f 6231//6230 6313//6312 6232//6231
f 6313//6312 6233//6232 6232//6231
f 6314//6313 6234//6233 6233//6232
f 6315//6314 6235//6234 6234//6233
f 6235//6234 6317//6316 6236//6235
f 6317//6316 6237//6236 6236//6235
f 6238//6237 6320//6319 6239//6238
f 6239//6238 6321//6320 6240//6239
f 6240//6239 6322//6321 6241//6240
f 6241//6240 6323//6322 6242//6241
f 6242//6241 6324//6323 6243//6242
f 6243//6242 6325//6324 6244//6243
f 6244//6243 6326//6325 6245//6244
f 6326//6325 6246//6245 6245//6244
f 6327//6326 6247//6246 6246//6245
f 6328//6327 6248//6247 6247//6246
f 6248//6247 6330//6329 6249//6248
f 6249//6248 6331//6330 6250//6249
f 6250//6249 6332//6331 6251//6250
f 6251//6250 6333//6332 6252//6251
f 6333//6332 6253//6252 6252//6251
f 6334//6333 6254//6253 6253//6252
f 6335//6334 6255//6254 6254//6253
f 6336//6335 6256//6255 6255//6254
f 6337//6336 6257//6256 6256//6255
f 6257//6256 6339//6338 6258//6257
f 6258//6257 6340//6339 6259//6258
f 6259//6258 6341//6340 6260//6259
f 6260//6259 6342//6341 6261//6260
f 6342//6341 6262//6261 6261//6260
f 6343//6342 6263//6262 6262//6261
f 6344//6343 6264//6263 6263//6262
f 6264//6263 6346//6345 6265//6264
f 6265//6264 6347//6346 6266//6265
f 6266//6265 6348//6347 6267//6266
f 6348//6347 6268//6267 6267//6266
f 6349//6348 6269//6268 6268//6267
f 6350//6349 6270//6269 6269//6268
f 6351//6350 6271//6270 6270//6269
f 6271//6270 6353//6352 6272//6271
f 6272//6271 6354//6353 6273//6272
f 6273//6272 6355//6354 6274//6273
f 6274//6273 6356//6355 6275//6274
f 6275//6274 6357//6356 6276//6275
f 6276//6275 6358//6357 6277//6276
f 6277//6276 6359//6358 6278//6277
f 6278//6277 6360//6359 6279//6278
f 6279//6278 6361//6360 6280//6279
f 6280//6279 6362//6361 6281//6280
f 6281//6280 6363//6362 6282//6281
f 6363//6362 6283//6282 6282//6281
f 6364//6363 6284//6283 6283//6282
f 6365//6364 6285//6284 6284//6283
f 6366//6365 6286//6285 6285//6284
f 6286//6285 6368//6367 6287//6286
f 6368//6367 6288//6287 6287//6286
f 6288//6287 6370//6369 6289//6288
f 6289//6288 6371//6370 6290//6289
f 6290//6289 6372//6371 6291//6290
f 6372//6371 6292//6291 6291//6290
f 6373//6372 6293//6292 6292//6291
f 6293//6292 6375//6374 6294//6293
f 6294//6293 6376//6375 6295//6294
f 6295//6294 6377//6376 6296//6295
f 6296//6295 6378//6377 6297//6296
f 6378//6377 6298//6297 6297//6296
f 6298//6297 6380//6379 6299//6298
f 6299//6298 6381//6380 6300//6299
f 6300//6299 6382//6381 6301//6300
f 6301//6300 6383//6382 6302//6301
f 6302//6301 6384//6383 6303//6302
f 6303//6302 6385//6384 6304//6303
f 6385//6384 6305//6304 6304//6303
f 6386//6385 6306//6305 6305//6304
f 6387//6386 6307//6306 6306//6305
f 6388//6387 6308//6307 6307//6306
f 6308//6307 6390//6389 6309//6308
f 6309//6308 6391//6390 6310//6309
f 6310//6309 6392//6391 6311//6310
f 6311//6310 6393//6392 6312//6311
f 6393//6392 6313//6312 6312//6311
f 6394//6393 6314//6313 6313//6312
f 6395//6394 6315//6314 6314//6313
f 6396//6395 6316//6315 6315//6314
f 6397//6396 6317//6316 6316//6315
f 6398//6397 6318//6317 6317//6316
f 6319//6318 6401//6400 6320//6319
f 6320//6319 6402//6401 6321//6320
f 6321//6320 6403//6402 6322//6321
f 6322//6321 6404//6403 6323//6322
f 6323//6322 6405//6404 6324//6323
f 6324//6323 6406//6405 6325//6324
f 6325//6324 6407//6406 6326//6325
f 6326//6325 6408//6407 6327//6326
f 6408//6407 6328//6327 6327//6326
f 6409//6408 6329//6328 6328//6327
f 6329//6328 6411//6410 6330//6329
f 6330//6329 6412//6411 6331//6330
f 6331//6330 6413//6412 6332//6331
f 6332//6331 6414//6413 6333//6332
f 6414//6413 6334//6333 6333//6332
f 6415//6414 6335//6334 6334//6333
f 6416//6415 6336//6335 6335//6334
f 6417//6416 6337//6336 6336//6335
f 6418//6417 6338//6337 6337//6336
f 6338//6337 6420//6419 6339//6338
f 6339//6338 6421//6420 6340//6339
f 6340//6339 6422//6421 6341//6340
f 6341//6340 6423//6422 6342//6341
f 6342//6341 6424//6423 6343//6342
f 6424//6423 6344//6343 6343//6342
f 6425//6424 6345//6344 6344//6343
f 6345//6344 6427//6426 6346//6345
f 6346//6345 6428//6427 6347//6346
f 6347//6346 6429//6428 6348//6347
f 6348//6347 6430//6429 6349//6348
f 6349//6348 6431//6430 6350//6349
f 6350//6349 6432//6431 6351//6350
f 6351//6350 6433//6432 6352//6351
f 6352//6351 6434//6433 6353//6352
f 6353//6352 6435//6434 6354//6353
f 6354//6353 6436//6435 6355//6354
f 6355//6354 6437//6436 6356//6355
f 6356//6355 6438//6437 6357//6356
f 6357//6356 6439//6438 6358//6357
f 6358//6357 6440//6439 6359//6358
f 6359//6358 6441//6440 6360//6359
f 6360//6359 6442//6441 6361//6360
f 6361//6360 6443//6442 6362//6361
f 6362//6361 6444//6443 6363//6362
f 6444//6443 6364//6363 6363//6362
f 6445//6444 6365//6364 6364//6363
f 6446//6445 6366//6365 6365//6364
f 6447//6446 6367//6366 6366//6365
f 6448//6447 6368//6367 6367//6366
f 6449//6448 6369//6368 6368//6367
f 6450//6449 6370//6369 6369//6368
f 6451//6450 6371//6370 6370//6369
f 6452//6451 6372//6371 6371//6370
f 6453//6452 6373//6372 6372//6371
f 6454//6453 6374//6373 6373//6372
f 6374//6373 6456//6455 6375//6374
f 6375//6374 6457//6456 6376//6375
f 6376//6375 6458//6457 6377//6376
f 6377//6376 6459//6458 6378//6377
f 6459//6458 6379//6378 6378//6377
f 6379//6378 6461//6460 6380//6379
f 6380//6379 6462//6461 6381//6380
f 6381//6380 6463//6462 6382//6381
f 6382//6381 6464//6463 6383//6382
f 6383//6382 6465//6464 6384//6383
f 6384//6383 6466//6465 6385//6384
f 6466//6465 6386//6385 6385//6384
f 6467//6466 6387//6386 6386//6385
f 6468//6467 6388//6387 6387//6386
f 6469//6468 6389//6388 6388//6387
f 6470//6469 6390//6389 6389//6388
f 6390//6389 6472//6471 6391//6390
f 6391//6390 6473//6472 6392//6391
f 6392//6391 6474//6473 6393//6392
f 6393//6392 6475//6474 6394//6393
f 6475//6474 6395//6394 6394//6393
f 6476//6475 6396//6395 6395//6394
f 6477//6476 6397//6396 6396//6395
f 6478//6477 6398//6397 6397//6396
f 6479//6478 6399//6398 6398//6397
f 6400//6399 6482//6481 6401//6400
f 6401//6400 6483//6482 6402//6401
f 6483//6482 6403//6402 6402//6401
f 6403//6402 6485//6484 6404//6403
f 6404//6403 6486//6485 6405//6404
f 6405//6404 6487//6486 6406//6405
f 6406//6405 6488//6487 6407//6406
f 6407//6406 6489//6488 6408//6407
f 6408//6407 6490//6489 6409//6408
f 6409//6408 6491//6490 6410//6409
f 6410//6409 6492//6491 6411//6410
f 6411//6410 6493//6492 6412//6411
f 6412//6411 6494//6493 6413//6412
f 6413//6412 6495//6494 6414//6413
f 6495//6494 6415//6414 6414//6413
f 6496//6495 6416//6415 6415//6414
f 6416//6415 6498//6497 6417//6416
f 6417//6416 6499//6498 6418//6417
f 6418//6417 6500//6499 6419//6418
f 6500//6499 6420//6419 6419//6418
f 6420//6419 6502//6501 6421//6420
f 6421//6420 6503//6502 6422//6421
f 6422//6421 6504//6503 6423//6422
f 6504//6503 6424//6423 6423//6422
f 6505//6504 6425//6424 6424//6423
f 6506//6505 6426//6425 6425//6424
f 6426//6425 6508//6507 6427//6426
f 6508//6507 6428//6427 6427//6426
f 6509//6508 6429//6428 6428//6427
f 6510//6509 6430//6429 6429//6428
f 6430//6429 6512//6511 6431//6430
f 6431//6430 6513//6512 6432//6431
f 6432//6431 6514//6513 6433//6432
f 6433//6432 6515//6514 6434//6433
f 6515//6514 6435//6434 6434//6433
f 6516//6515 6436//6435 6435//6434
f 6517//6516 6437//6436 6436//6435
f 6437//6436 6519//6518 6438//6437
f 6438//6437 6520//6519 6439//6438
f 6520//6519 6440//6439 6439//6438
f 6440//6439 6522//6521 6441//6440
f 6441//6440 6523//6522 6442//6441
f 6442//6441 6524//6523 6443//6442
f 6443//6442 6525//6524 6444//6443
f 6525//6524 6445//6444 6444//6443
f 6526//6525 6446//6445 6445//6444
f 6527//6526 6447//6446 6446//6445
f 6447//6446 6529//6528 6448//6447
f 6529//6528 6449//6448 6448//6447
f 6530//6529 6450//6449 6449//6448
f 6531//6530 6451//6450 6450//6449
f 6532//6531 6452//6451 6451//6450
f 6452//6451 6534//6533 6453//6452
f 6453//6452 6535//6534 6454//6453
f 6535//6534 6455//6454 6454//6453
f 6455//6454 6537//6536 6456//6455
f 6456//6455 6538//6537 6457//6456
f 6457//6456 6539//6538 6458//6457
f 6539//6538 6459//6458 6458//6457
f 6540//6539 6460//6459 6459//6458
f 6541//6540 6461//6460 6460//6459
f 6461//6460 6543//6542 6462//6461
f 6462//6461 6544//6543 6463//6462
f 6463//6462 6545//6544 6464//6463
f 6464//6463 6546//6545 6465//6464
f 6465//6464 6547//6546 6466//6465
f 6466//6465 6548//6547 6467//6466
f 6467//6466 6549//6548 6468//6467
f 6468//6467 6550//6549 6469//6468
f 6469//6468 6551//6550 6470//6469
f 6470//6469 6552//6551 6471//6470
f 6552//6551 6472//6471 6471//6470
f 6553//6552 6473//6472 6472//6471
f 6554//6553 6474//6473 6473//6472
f 6555//6554 6475//6474 6474//6473
f 6475//6474 6557//6556 6476//6475
f 6476//6475 6558//6557 6477//6476
f 6477//6476 6559//6558 6478//6477
f 6478//6477 6560//6559 6479//6478
f 6479//6478 6561//6560 6480//6479
f 82//82 83//83 2//2
f 83//83 84//84 3//3
f 84//84 85//85 4//4
f 85//85 86//86 5//5
f 86//86 87//87 6//6
f 6//6 87//87 88//88
f 7//7 88//88 89//89
f 8//8 89//89 90//90
f 9//9 90//90 91//91
f 91//91 92//92 11//11
f 92//92 93//93 12//12
f 12//12 93//93 94//94
f 13//13 94//94 95//95
f 14//14 95//95 96//96
f 96//96 97//97 16//16
f 97//97 98//98 17//17
f 98//98 99//99 18//18
f 99//99 100//100 19//19
f 100//100 101//101 20//20
f 101//101 102//102 21//21
f 102//102 103//103 22//22
f 103//103 104//104 23//23
f 104//104 105//105 24//24
f 24//24 105//105 106//106
f 25//25 106//106 107//107
f 26//26 107//107 108//108
f 108//108 109//109 28//28
f 109//109 110//110 29//29
f 29//29 110//110 111//111
f 111//111 112//112 31//31
f 112//112 113//113 32//32
f 113//113 114//114 33//33
f 33//33 114//114 115//115
f 34//34 115//115 116//116
f 35//35 116//116 117//117
f 36//36 117//117 118//118
f 118//118 119//119 38//38
f 38//38 119//119 120//120
f 39//39 120//120 121//121
f 40//40 121//121 122//122
f 41//41 122//122 123//123
f 42//42 123//123 124//124
f 124//124 125//125 44//44
f 44//44 125//125 126//126
f 126//126 127//127 46//46
f 46//46 127//127 128//128
f 47//47 128//128 129//129
f 48//48 129//129 130//130
f 130//130 131//131 50//50
f 131//131 132//132 51//51
f 132//132 133//133 52//52
f 133//133 134//134 53//53
f 134//134 135//135 54//54
f 54//54 135//135 136//136
f 136//136 137//137 56//56
f 137//137 138//138 57//57
f 138//138 139//139 58//58
f 139//139 140//140 59//59
f 59//59 140//140 141//141
f 60//60 141//141 142//142
f 142//142 143//143 62//62
f 143//143 144//144 63//63
f 63//63 144//144 145//145
f 64//64 145//145 146//146
f 65//65 146//146 147//147
f 66//66 147//147 148//148
f 67//67 148//148 149//149
f 68//68 149//149 150//150
f 150//150 151//151 70//70
f 151//151 152//152 71//71
f 152//152 153//153 72//72
f 72//72 153//153 154//154
f 73//73 154//154 155//155
f 74//74 155//155 156//156
f 75//75 156//156 157//157
f 76//76 157//157 158//158
f 158//158 159//159 78//78
f 159//159 160//160 79//79
f 160//160 161//161 80//80
f 161//161 162//162 81//81
f 163//163 164//164 83//83
f 164//164 165//165 84//84
f 165//165 166//166 85//85
f 85//85 166//166 167//167
f 86//86 167//167 168//168
f 87//87 168//168 169//169
f 88//88 169//169 170//170
f 89//89 170//170 171//171
f 90//90 171//171 172//172
f 91//91 172//172 173//173
f 92//92 173//173 174//174
f 93//93 174//174 175//175
f 94//94 175//175 176//176
f 176//176 177//177 96//96
f 96//96 177//177 178//178
f 178//178 179//179 98//98
f 179//179 180//180 99//99
f 99//99 180//180 181//181
f 100//100 181//181 182//182
f 182//182 183//183 102//102
f 183//183 184//184 103//103
f 184//184 185//185 104//104
f 185//185 186//186 105//105
f 105//105 186//186 187//187
f 106//106 187//187 188//188
f 107//107 188//188 189//189
f 108//108 189//189 190//190
f 190//190 191//191 110//110
f 110//110 191//191 192//192
f 111//111 192//192 193//193
f 112//112 193//193 194//194
f 194//194 195//195 114//114
f 195//195 196//196 115//115
f 115//115 196//196 197//197
f 116//116 197//197 198//198
f 117//117 198//198 199//199
f 118//118 199//199 200//200
f 200//200 201//201 120//120
f 120//120 201//201 202//202
f 121//121 202//202 203//203
f 122//122 203//203 204//204
f 123//123 204//204 205//205
f 124//124 205//205 206//206
f 206//206 207//207 126//126
f 207//207 208//208 127//127
f 127//127 208//208 209//209
f 209//209 210//210 129//129
f 210//210 211//211 130//130
f 211//211 212//212 131//131
f 212//212 213//213 132//132
f 213//213 214//214 133//133
f 214//214 215//215 134//134
f 134//134 215//215 216//216
f 135//135 216//216 217//217
f 136//136 217//217 218//218
f 137//137 218//218 219//219
f 138//138 219//219 220//220
f 220//220 221//221 140//140
f 221//221 222//222 141//141
f 222//222 223//223 142//142
f 142//142 223//223 224//224
f 143//143 224//224 225//225
f 144//144 225//225 226//226
f 226//226 227//227 146//146
f 146//146 227//227 228//228
f 147//147 228//228 229//229
f 148//148 229//229 230//230
f 149//149 230//230 231//231
f 231//231 232//232 151//151
f 232//232 233//233 152//152
f 233//233 234//234 153//153
f 153//153 234//234 235//235
f 154//154 235//235 236//236
f 155//155 236//236 237//237
f 156//156 237//237 238//238
f 157//157 238//238 239//239
f 239//239 240//240 159//159
f 240//240 241//241 160//160
f 241//241 242//242 161//161
f 242//242 243//243 162//162
f 163//163 244//244 245//245
f 164//164 245//245 246//246
f 165//165 246//246 247//247
f 166//166 247//247 248//248
f 167//167 248//248 249//249
f 168//168 249//249 250//250
f 169//169 250//250 251//251
f 170//170 251//251 252//252
f 171//171 252//252 253//253
f 172//172 253//253 254//254
f 173//173 254//254 255//255
f 174//174 255//255 256//256
f 256//256 257//257 176//176
f 257//257 258//258 177//177
f 258//258 259//259 178//178
f 259//259 260//260 179//179
f 260//260 261//261 180//180
f 180//180 261//261 262//262
f 181//181 262//262 263//263
f 263//263 264//264 183//183
f 264//264 265//265 184//184
f 265//265 266//266 185//185
f 185//185 266//266 267//267
f 186//186 267//267 268//268
f 187//187 268//268 269//269
f 188//188 269//269 270//270
f 270//270 271//271 190//190
f 190//190 271//271 272//272
f 191//191 272//272 273//273
f 192//192 273//273 274//274
f 274//274 275//275 194//194
f 194//194 275//275 276//276
f 276//276 277//277 196//196
f 277//277 278//278 197//197
f 197//197 278//278 279//279
f 198//198 279//279 280//280
f 199//199 280//280 281//281
f 281//281 282//282 201//201
f 282//282 283//283 202//202
f 283//283 284//284 203//203
f 284//284 285//285 204//204
f 285//285 286//286 205//205
f 205//205 286//286 287//287
f 206//206 287//287 288//288
f 207//207 288//288 289//289
f 289//289 290//290 209//209
f 290//290 291//291 210//210
f 291//291 292//292 211//211
f 292//292 293//293 212//212
f 293//293 294//294 213//213
f 213//213 294//294 295//295
f 214//214 295//295 296//296
f 215//215 296//296 297//297
f 216//216 297//297 298//298
f 217//217 298//298 299//299
f 218//218 299//299 300//300
f 219//219 300//300 301//301
f 220//220 301//301 302//302
f 302//302 303//303 222//222
f 303//303 304//304 223//223
f 223//223 304//304 305//305
f 305//305 306//306 225//225
f 306//306 307//307 226//226
f 307//307 308//308 227//227
f 227//227 308//308 309//309
f 228//228 309//309 310//310
f 229//229 310//310 311//311
f 230//230 311//311 312//312
f 312//312 313//313 232//232
f 313//313 314//314 233//233
f 233//233 314//314 315//315
f 234//234 315//315 316//316
f 235//235 316//316 317//317
f 236//236 317//317 318//318
f 237//237 318//318 319//319
f 238//238 319//319 320//320
f 320//320 321//321 240//240
f 321//321 322//322 241//241
f 322//322 323//323 242//242
f 323//323 324//324 243//243
f 244//244 325//325 326//326
f 245//245 326//326 327//327
f 246//246 327//327 328//328
f 247//247 328//328 329//329
f 248//248 329//329 330//330
f 249//249 330//330 331//331
f 250//250 331//331 332//332
f 251//251 332//332 333//333
f 252//252 333//333 334//334
f 253//253 334//334 335//335
f 254//254 335//335 336//336
f 255//255 336//336 337//337
f 337//337 338//338 257//257
f 338//338 339//339 258//258
f 339//339 340//340 259//259
f 340//340 341//341 260//260
f 260//260 341//341 342//342
f 261//261 342//342 343//343
f 262//262 343//343 344//344
f 344//344 345//345 264//264
f 345//345 346//346 265//265
f 346//346 347//347 266//266
f 347//347 348//348 267//267
f 267//267 348//348 349//349
f 268//268 349//349 350//350
f 269//269 350//350 351//351
f 270//270 351//351 352//352
f 271//271 352//352 353//353
f 272//272 353//353 354//354
f 273//273 354//354 355//355
f 274//274 355//355 356//356
f 356//356 357//357 276//276
f 357//357 358//358 277//277
f 358//358 359//359 278//278
f 359//359 360//360 279//279
f 279//279 360//360 361//361
f 280//280 361//361 362//362
f 281//281 362//362 363//363
f 363//363 364//364 283//283
f 364//364 365//365 284//284
f 365//365 366//366 285//285
f 366//366 367//367 286//286
f 286//286 367//367 368//368
f 287//287 368//368 369//369
f 288//288 369//369 370//370
f 370//370 371//371 290//290
f 371//371 372//372 291//291
f 372//372 373//373 292//292
f 373//373 374//374 293//293
f 374//374 375//375 294//294
f 294//294 375//375 376//376
f 295//295 376//376 377//377
f 296//296 377//377 378//378
f 297//297 378//378 379//379
f 298//298 379//379 380//380
f 299//299 380//380 381//381
f 300//300 381//381 382//382
f 382//382 383//383 302//302
f 383//383 384//384 303//303
f 384//384 385//385 304//304
f 385//385 386//386 305//305
f 386//386 387//387 306//306
f 387//387 388//388 307//307
f 388//388 389//389 308//308
f 389//389 390//390 309//309
f 309//309 390//390 391//391
f 310//310 391//391 392//392
f 311//311 392//392 393//393
f 393//393 394//394 313//313
f 313//313 394//394 395//395
f 314//314 395//395 396//396
f 315//315 396//396 397//397
f 316//316 397//397 398//398
f 317//317 398//398 399//399
f 318//318 399//399 400//400
f 319//319 400//400 401//401
f 320//320 401//401 402//402
f 402//402 403//403 322//322
f 403//403 404//404 323//323
f 404//404 405//405 324//324
f 406//406 407//407 326//326
f 326//326 407//407 408//408
f 327//327 408//408 409//409
f 328//328 409//409 410//410
f 329//329 410//410 411//411
f 330//330 411//411 412//412
f 331//331 412//412 413//413
f 332//332 413//413 414//414
f 333//333 414//414 415//415
f 334//334 415//415 416//416
f 335//335 416//416 417//417
f 417//417 418//418 337//337
f 418//418 419//419 338//338
f 419//419 420//420 339//339
f 420//420 421//421 340//340
f 340//340 421//421 422//422
f 341//341 422//422 423//423
f 342//342 423//423 424//424
f 424//424 425//425 344//344
f 425//425 426//426 345//345
f 426//426 427//427 346//346
f 427//427 428//428 347//347
f 347//347 428//428 429//429
f 348//348 429//429 430//430
f 349//349 430//430 431//431
f 350//350 431//431 432//432
f 351//351 432//432 433//433
f 352//352 433//433 434//434
f 353//353 434//434 435//435
f 354//354 435//435 436//436
f 355//355 436//436 437//437
f 437//437 438//438 357//357
f 438//438 439//439 358//358
f 439//439 440//440 359//359
f 440//440 441//441 360//360
f 360//360 441//441 442//442
f 361//361 442//442 443//443
f 443//443 444//444 363//363
f 444//444 445//445 364//364
f 445//445 446//446 365//365
f 446//446 447//447 366//366
f 447//447 448//448 367//367
f 367//367 448//448 449//449
f 368//368 449//449 450//450
f 369//369 450//450 451//451
f 370//370 451//451 452//452
f 452//452 453//453 372//372
f 372//372 453//453 454//454
f 373//373 454//454 455//455
f 374//374 455//455 456//456
f 456//456 457//457 376//376
f 457//457 458//458 377//377
f 458//458 459//459 378//378
f 459//459 460//460 379//379
f 460//460 461//461 380//380
f 380//380 461//461 462//462
f 381//381 462//462 463//463
f 382//382 463//463 464//464
f 464//464 465//465 384//384
f 465//465 466//466 385//385
f 466//466 467//467 386//386
f 467//467 468//468 387//387
f 468//468 469//469 388//388
f 469//469 470//470 389//389
f 470//470 471//471 390//390
f 471//471 472//472 391//391
f 391//391 472//472 473//473
f 392//392 473//473 474//474
f 393//393 474//474 475//475
f 394//394 475//475 476//476
f 395//395 476//476 477//477
f 396//396 477//477 478//478
f 397//397 478//478 479//479
f 398//398 479//479 480//480
f 399//399 480//480 481//481
f 400//400 481//481 482//482
f 401//401 482//482 483//483
f 402//402 483//483 484//484
f 484//484 485//485 404//404
f 485//485 486//486 405//405
f 406//406 487//487 488//488
f 488//488 489//489 408//408
f 489//489 490//490 409//409
f 490//490 491//491 410//410
f 410//410 491//491 492//492
f 411//411 492//492 493//493
f 412//412 493//493 494//494
f 413//413 494//494 495//495
f 414//414 495//495 496//496
f 415//415 496//496 497//497
f 497//497 498//498 417//417
f 498//498 499//499 418//418
f 499//499 500//500 419//419
f 500//500 501//501 420//420
f 420//420 501//501 502//502
f 421//421 502//502 503//503
f 422//422 503//503 504//504
f 423//423 504//504 505//505
f 424//424 505//505 506//506
f 506//506 507//507 426//426
f 426//426 507//507 508//508
f 427//427 508//508 509//509
f 509//509 510//510 429//429
f 510//510 511//511 430//430
f 430//430 511//511 512//512
f 431//431 512//512 513//513
f 513//513 514//514 433//433
f 433//433 514//514 515//515
f 434//434 515//515 516//516
f 435//435 516//516 517//517
f 436//436 517//517 518//518
f 518//518 519//519 438//438
f 519//519 520//520 439//439
f 520//520 521//521 440//440
f 521//521 522//522 441//441
f 522//522 523//523 442//442
f 523//523 524//524 443//443
f 524//524 525//525 444//444
f 525//525 526//526 445//445
f 526//526 527//527 446//446
f 527//527 528//528 447//447
f 528//528 529//529 448//448
f 448//448 529//529 530//530
f 449//449 530//530 531//531
f 450//450 531//531 532//532
f 451//451 532//532 533//533
f 533//533 534//534 453//453
f 453//453 534//534 535//535
f 454//454 535//535 536//536
f 455//455 536//536 537//537
f 537//537 538//538 457//457
f 538//538 539//539 458//458
f 539//539 540//540 459//459
f 540//540 541//541 460//460
f 460//460 541//541 542//542
f 542//542 543//543 462//462
f 543//543 544//544 463//463
f 544//544 545//545 464//464
f 464//464 545//545 546//546
f 465//465 546//546 547//547
f 466//466 547//547 548//548
f 467//467 548//548 549//549
f 468//468 549//549 550//550
f 469//469 550//550 551//551
f 470//470 551//551 552//552
f 471//471 552//552 553//553
f 553//553 554//554 473//473
f 554//554 555//555 474//474
f 555//555 556//556 475//475
f 556//556 557//557 476//476
f 557//557 558//558 477//477
f 558//558 559//559 478//478
f 478//478 559//559 560//560
f 479//479 560//560 561//561
f 480//480 561//561 562//562
f 481//481 562//562 563//563
f 482//482 563//563 564//564
f 483//483 564//564 565//565
f 484//484 565//565 566//566
f 566//566 567//567 486//486
f 487//487 568//568 569//569
f 569//569 570//570 489//489
f 489//489 570//570 571//571
f 571//571 572//572 491//491
f 572//572 573//573 492//492
f 573//573 574//574 493//493
f 574//574 575//575 494//494
f 575//575 576//576 495//495
f 576//576 577//577 496//496
f 496//496 577//577 578//578
f 578//578 579//579 498//498
f 579//579 580//580 499//499
f 580//580 581//581 500//500
f 581//581 582//582 501//501
f 582//582 583//583 502//502
f 583//583 584//584 503//503
f 584//584 585//585 504//504
f 585//585 586//586 505//505
f 586//586 587//587 506//506
f 587//587 588//588 507//507
f 507//507 588//588 589//589
f 589//589 590//590 509//509
f 509//509 590//590 591//591
f 591//591 592//592 511//511
f 592//592 593//593 512//512
f 593//593 594//594 513//513
f 594//594 595//595 514//514
f 595//595 596//596 515//515
f 596//596 597//597 516//516
f 597//597 598//598 517//517
f 598//598 599//599 518//518
f 599//599 600//600 519//519
f 519//519 600//600 601//601
f 520//520 601//601 602//602
f 521//521 602//602 603//603
f 603//603 604//604 523//523
f 523//523 604//604 605//605
f 524//524 605//605 606//606
f 525//525 606//606 607//607
f 526//526 607//607 608//608
f 608//608 609//609 528//528
f 528//528 609//609 610//610
f 610//610 611//611 530//530
f 611//611 612//612 531//531
f 612//612 613//613 532//532
f 613//613 614//614 533//533
f 614//614 615//615 534//534
f 534//534 615//615 616//616
f 535//535 616//616 617//617
f 536//536 617//617 618//618
f 618//618 619//619 538//538
f 619//619 620//620 539//539
f 620//620 621//621 540//540
f 621//621 622//622 541//541
f 541//541 622//622 623//623
f 542//542 623//623 624//624
f 624//624 625//625 544//544
f 625//625 626//626 545//545
f 545//545 626//626 627//627
f 546//546 627//627 628//628
f 547//547 628//628 629//629
f 548//548 629//629 630//630
f 549//549 630//630 631//631
f 550//550 631//631 632//632
f 551//551 632//632 633//633
f 552//552 633//633 634//634
f 634//634 635//635 554//554
f 635//635 636//636 555//555
f 636//636 637//637 556//556
f 637//637 638//638 557//557
f 638//638 639//639 558//558
f 639//639 640//640 559//559
f 640//640 641//641 560//560
f 560//560 641//641 642//642
f 642//642 643//643 562//562
f 562//562 643//643 644//644
f 563//563 644//644 645//645
f 564//564 645//645 646//646
f 565//565 646//646 647//647
f 566//566 647//647 648//648
f 649//649 650//650 569//569
f 569//569 650//650 651//651
f 570//570 651//651 652//652
f 571//571 652//652 653//653
f 653//653 654//654 573//573
f 654//654 655//655 574//574
f 655//655 656//656 575//575
f 656//656 657//657 576//576
f 657//657 658//658 577//577
f 577//577 658//658 659//659
f 578//578 659//659 660//660
f 579//579 660//660 661//661
f 580//580 661//661 662//662
f 662//662 663//663 582//582
f 663//663 664//664 583//583
f 664//664 665//665 584//584
f 665//665 666//666 585//585
f 666//666 667//667 586//586
f 667//667 668//668 587//587
f 668//668 669//669 588//588
f 669//669 670//670 589//589
f 589//589 670//670 671//671
f 590//590 671//671 672//672
f 672//672 673//673 592//592
f 673//673 674//674 593//593
f 674//674 675//675 594//594
f 675//675 676//676 595//595
f 676//676 677//677 596//596
f 677//677 678//678 597//597
f 678//678 679//679 598//598
f 679//679 680//680 599//599
f 599//599 680//680 681//681
f 600//600 681//681 682//682
f 601//601 682//682 683//683
f 683//683 684//684 603//603
f 603//603 684//684 685//685
f 604//604 685//685 686//686
f 605//605 686//686 687//687
f 606//606 687//687 688//688
f 607//607 688//688 689//689
f 608//608 689//689 690//690
f 690//690 691//691 610//610
f 691//691 692//692 611//611
f 692//692 693//693 612//612
f 693//693 694//694 613//613
f 694//694 695//695 614//614
f 695//695 696//696 615//615
f 615//615 696//696 697//697
f 616//616 697//697 698//698
f 617//617 698//698 699//699
f 699//699 700//700 619//619
f 700//700 701//701 620//620
f 701//701 702//702 621//621
f 702//702 703//703 622//622
f 622//622 703//703 704//704
f 704//704 705//705 624//624
f 624//624 705//705 706//706
f 706//706 707//707 626//626
f 626//626 707//707 708//708
f 627//627 708//708 709//709
f 628//628 709//709 710//710
f 629//629 710//710 711//711
f 630//630 711//711 712//712
f 631//631 712//712 713//713
f 632//632 713//713 714//714
f 633//633 714//714 715//715
f 715//715 716//716 635//635
f 716//716 717//717 636//636
f 717//717 718//718 637//637
f 718//718 719//719 638//638
f 638//638 719//719 720//720
f 639//639 720//720 721//721
f 721//721 722//722 641//641
f 722//722 723//723 642//642
f 642//642 723//723 724//724
f 724//724 725//725 644//644
f 725//725 726//726 645//645
f 726//726 727//727 646//646
f 727//727 728//728 647//647
f 728//728 729//729 648//648
f 730//730 731//731 650//650
f 731//731 732//732 651//651
f 651//651 732//732 733//733
f 652//652 733//733 734//734
f 653//653 734//734 735//735
f 735//735 736//736 655//655
f 736//736 737//737 656//656
f 737//737 738//738 657//657
f 657//657 738//738 739//739
f 658//658 739//739 740//740
f 659//659 740//740 741//741
f 660//660 741//741 742//742
f 742//742 743//743 662//662
f 743//743 744//744 663//663
f 744//744 745//745 664//664
f 745//745 746//746 665//665
f 746//746 747//747 666//666
f 747//747 748//748 667//667
f 748//748 749//749 668//668
f 749//749 750//750 669//669
f 750//750 751//751 670//670
f 751//751 752//752 671//671
f 671//671 752//752 753//753
f 672//672 753//753 754//754
f 754//754 755//755 674//674
f 755//755 756//756 675//675
f 756//756 757//757 676//676
f 757//757 758//758 677//677
f 758//758 759//759 678//678
f 759//759 760//760 679//679
f 760//760 761//761 680//680
f 680//680 761//761 762//762
f 681//681 762//762 763//763
f 682//682 763//763 764//764
f 683//683 764//764 765//765
f 765//765 766//766 685//685
f 685//685 766//766 767//767
f 686//686 767//767 768//768
f 687//687 768//768 769//769
f 688//688 769//769 770//770
f 689//689 770//770 771//771
f 690//690 771//771 772//772
f 772//772 773//773 692//692
f 773//773 774//774 693//693
f 774//774 775//775 694//694
f 775//775 776//776 695//695
f 776//776 777//777 696//696
f 777//777 778//778 697//697
f 697//697 778//778 779//779
f 698//698 779//779 780//780
f 780//780 781//781 700//700
f 781//781 782//782 701//701
f 782//782 783//783 702//702
f 783//783 784//784 703//703
f 703//703 784//784 785//785
f 704//704 785//785 786//786
f 786//786 787//787 706//706
f 706//706 787//787 788//788
f 707//707 788//788 789//789
f 708//708 789//789 790//790
f 709//709 790//790 791//791
f 710//710 791//791 792//792
f 711//711 792//792 793//793
f 712//712 793//793 794//794
f 713//713 794//794 795//795
f 714//714 795//795 796//796
f 796//796 797//797 716//716
f 797//797 798//798 717//717
f 798//798 799//799 718//718
f 718//718 799//799 800//800
f 719//719 800//800 801//801
f 720//720 801//801 802//802
f 721//721 802//802 803//803
f 722//722 803//803 804//804
f 804//804 805//805 724//724
f 805//805 806//806 725//725
f 806//806 807//807 726//726
f 807//807 808//808 727//727
f 808//808 809//809 728//728
f 809//809 810//810 729//729
f 730//730 811//811 812//812
f 731//731 812//812 813//813
f 813//813 814//814 733//733
f 814//814 815//815 734//734
f 815//815 816//816 735//735
f 735//735 816//816 817//817
f 736//736 817//817 818//818
f 737//737 818//818 819//819
f 738//738 819//819 820//820
f 739//739 820//820 821//821
f 740//740 821//821 822//822
f 822//822 823//823 742//742
f 823//823 824//824 743//743
f 824//824 825//825 744//744
f 825//825 826//826 745//745
f 826//826 827//827 746//746
f 827//827 828//828 747//747
f 828//828 829//829 748//748
f 829//829 830//830 749//749
f 830//830 831//831 750//750
f 831//831 832//832 751//751
f 832//832 833//833 752//752
f 752//752 833//833 834//834
f 753//753 834//834 835//835
f 754//754 835//835 836//836
f 836//836 837//837 756//756
f 837//837 838//838 757//757
f 838//838 839//839 758//758
f 839//839 840//840 759//759
f 840//840 841//841 760//760
f 841//841 842//842 761//761
f 761//761 842//842 843//843
f 762//762 843//843 844//844
f 763//763 844//844 845//845
f 845//845 846//846 765//765
f 846//846 847//847 766//766
f 847//847 848//848 767//767
f 767//767 848//848 849//849
f 768//768 849//849 850//850
f 769//769 850//850 851//851
f 770//770 851//851 852//852
f 771//771 852//852 853//853
f 772//772 853//853 854//854
f 854//854 855//855 774//774
f 855//855 856//856 775//775
f 775//775 856//856 857//857
f 776//776 857//857 858//858
f 858//858 859//859 778//778
f 859//859 860//860 779//779
f 779//779 860//860 861//861
f 861//861 862//862 781//781
f 862//862 863//863 782//782
f 863//863 864//864 783//783
f 864//864 865//865 784//784
f 784//784 865//865 866//866
f 785//785 866//866 867//867
f 786//786 867//867 868//868
f 868//868 869//869 788//788
f 788//788 869//869 870//870
f 789//789 870//870 871//871
f 790//790 871//871 872//872
f 791//791 872//872 873//873
f 792//792 873//873 874//874
f 793//793 874//874 875//875
f 794//794 875//875 876//876
f 876//876 877//877 796//796
f 877//877 878//878 797//797
f 878//878 879//879 798//798
f 798//798 879//879 880//880
f 799//799 880//880 881//881
f 800//800 881//881 882//882
f 801//801 882//882 883//883
f 802//802 883//883 884//884
f 884//884 885//885 804//804
f 885//885 886//886 805//805
f 886//886 887//887 806//806
f 887//887 888//888 807//807
f 807//807 888//888 889//889
f 889//889 890//890 809//809
f 890//890 891//891 810//810
f 892//892 893//893 812//812
f 893//893 894//894 813//813
f 813//813 894//894 895//895
f 895//895 896//896 815//815
f 896//896 897//897 816//816
f 816//816 897//897 898//898
f 817//817 898//898 899//899
f 818//818 899//899 900//900
f 819//819 900//900 901//901
f 820//820 901//901 902//902
f 902//902 903//903 822//822
f 903//903 904//904 823//823
f 904//904 905//905 824//824
f 905//905 906//906 825//825
f 906//906 907//907 826//826
f 907//907 908//908 827//827
f 908//908 909//909 828//828
f 909//909 910//910 829//829
f 910//910 911//911 830//830
f 830//830 911//911 912//912
f 912//912 913//913 832//832
f 832//832 913//913 914//914
f 914//914 915//915 834//834
f 834//834 915//915 916//916
f 835//835 916//916 917//917
f 917//917 918//918 837//837
f 918//918 919//919 838//838
f 838//838 919//919 920//920
f 839//839 920//920 921//921
f 840//840 921//921 922//922
f 841//841 922//922 923//923
f 923//923 924//924 843//843
f 924//924 925//925 844//844
f 925//925 926//926 845//845
f 926//926 927//927 846//846
f 927//927 928//928 847//847
f 928//928 929//929 848//848
f 848//848 929//929 930//930
f 849//849 930//930 931//931
f 850//850 931//931 932//932
f 851//851 932//932 933//933
f 933//933 934//934 853//853
f 934//934 935//935 854//854
f 854//854 935//935 936//936
f 855//855 936//936 937//937
f 856//856 937//937 938//938
f 857//857 938//938 939//939
f 858//858 939//939 940//940
f 940//940 941//941 860//860
f 941//941 942//942 861//861
f 861//861 942//942 943//943
f 862//862 943//943 944//944
f 863//863 944//944 945//945
f 864//864 945//945 946//946
f 946//946 947//947 866//866
f 947//947 948//948 867//867
f 948//948 949//949 868//868
f 868//868 949//949 950//950
f 869//869 950//950 951//951
f 951//951 952//952 871//871
f 952//952 953//953 872//872
f 953//953 954//954 873//873
f 954//954 955//955 874//874
f 955//955 956//956 875//875
f 956//956 957//957 876//876
f 957//957 958//958 877//877
f 958//958 959//959 878//878
f 959//959 960//960 879//879
f 879//879 960//960 961//961
f 880//880 961//961 962//962
f 881//881 962//962 963//963
f 882//882 963//963 964//964
f 964//964 965//965 884//884
f 965//965 966//966 885//885
f 966//966 967//967 886//886
f 967//967 968//968 887//887
f 968//968 969//969 888//888
f 888//888 969//969 970//970
f 889//889 970//970 971//971
f 971//971 972//972 891//891
f 973//973 974//974 893//893
f 893//893 974//974 975//975
f 975//975 976//976 895//895
f 895//895 976//976 977//977
f 977//977 978//978 897//897
f 978//978 979//979 898//898
f 898//898 979//979 980//980
f 899//899 980//980 981//981
f 900//900 981//981 982//982
f 901//901 982//982 983//983
f 902//902 983//983 984//984
f 903//903 984//984 985//985
f 904//904 985//985 986//986
f 905//905 986//986 987//987
f 906//906 987//987 988//988
f 907//907 988//988 989//989
f 908//908 989//989 990//990
f 909//909 990//990 991//991
f 991//991 992//992 911//911
f 911//911 992//992 993//993
f 912//912 993//993 994//994
f 913//913 994//994 995//995
f 914//914 995//995 996//996
f 915//915 996//996 997//997
f 916//916 997//997 998//998
f 917//917 998//998 999//999
f 918//918 999//999 1000//1000
f 919//919 1000//1000 1001//1001
f 920//920 1001//1001 1002//1002
f 921//921 1002//1002 1003//1003
f 922//922 1003//1003 1004//1004
f 923//923 1004//1004 1005//1005
f 1005//1005 1006//1006 925//925
f 925//925 1006//1006 1007//1007
f 926//926 1007//1007 1008//1008
f 927//927 1008//1008 1009//1009
f 928//928 1009//1009 1010//1010
f 929//929 1010//1010 1011//1011
f 1011//1011 1012//1012 931//931
f 1012//1012 1013//1013 932//932
f 1013//1013 1014//1014 933//933
f 1014//1014 1015//1015 934//934
f 1015//1015 1016//1016 935//935
f 935//935 1016//1016 1017//1017
f 936//936 1017//1017 1018//1018
f 937//937 1018//1018 1019//1019
f 938//938 1019//1019 1020//1020
f 939//939 1020//1020 1021//1021
f 1021//1021 1022//1022 941//941
f 941//941 1022//1022 1023//1023
f 942//942 1023//1023 1024//1024
f 943//943 1024//1024 1025//1025
f 944//944 1025//1025 1026//1026
f 945//945 1026//1026 1027//1027
f 1027//1027 1028//1028 947//947
f 1028//1028 1029//1029 948//948
f 948//948 1029//1029 1030//1030
f 949//949 1030//1030 1031//1031
f 950//950 1031//1031 1032//1032
f 1032//1032 1033//1033 952//952
f 1033//1033 1034//1034 953//953
f 1034//1034 1035//1035 954//954
f 1035//1035 1036//1036 955//955
f 955//955 1036//1036 1037//1037
f 956//956 1037//1037 1038//1038
f 957//957 1038//1038 1039//1039
f 958//958 1039//1039 1040//1040
f 959//959 1040//1040 1041//1041
f 960//960 1041//1041 1042//1042
f 961//961 1042//1042 1043//1043
f 962//962 1043//1043 1044//1044
f 1044//1044 1045//1045 964//964
f 1045//1045 1046//1046 965//965
f 1046//1046 1047//1047 966//966
f 1047//1047 1048//1048 967//967
f 1048//1048 1049//1049 968//968
f 968//968 1049//1049 1050//1050
f 1050//1050 1051//1051 970//970
f 1051//1051 1052//1052 971//971
f 971//971 1052//1052 1053//1053
f 973//973 1054//1054 1055//1055
f 974//974 1055//1055 1056//1056
f 975//975 1056//1056 1057//1057
f 976//976 1057//1057 1058//1058
f 1058//1058 1059//1059 978//978
f 1059//1059 1060//1060 979//979
f 979//979 1060//1060 1061//1061
f 980//980 1061//1061 1062//1062
f 981//981 1062//1062 1063//1063
f 982//982 1063//1063 1064//1064
f 983//983 1064//1064 1065//1065
f 984//984 1065//1065 1066//1066
f 985//985 1066//1066 1067//1067
f 986//986 1067//1067 1068//1068
f 987//987 1068//1068 1069//1069
f 988//988 1069//1069 1070//1070
f 989//989 1070//1070 1071//1071
f 1071//1071 1072//1072 991//991
f 991//991 1072//1072 1073//1073
f 992//992 1073//1073 1074//1074
f 993//993 1074//1074 1075//1075
f 994//994 1075//1075 1076//1076
f 995//995 1076//1076 1077//1077
f 996//996 1077//1077 1078//1078
f 1078//1078 1079//1079 998//998
f 1079//1079 1080//1080 999//999
f 1080//1080 1081//1081 1000//1000
f 1081//1081 1082//1082 1001//1001
f 1082//1082 1083//1083 1002//1002
f 1002//1002 1083//1083 1084//1084
f 1003//1003 1084//1084 1085//1085
f 1004//1004 1085//1085 1086//1086
f 1005//1005 1086//1086 1087//1087
f 1006//1006 1087//1087 1088//1088
f 1007//1007 1088//1088 1089//1089
f 1008//1008 1089//1089 1090//1090
f 1009//1009 1090//1090 1091//1091
f 1091//1091 1092//1092 1011//1011
f 1092//1092 1093//1093 1012//1012
f 1093//1093 1094//1094 1013//1013
f 1094//1094 1095//1095 1014//1014
f 1095//1095 1096//1096 1015//1015
f 1015//1015 1096//1096 1097//1097
f 1016//1016 1097//1097 1098//1098
f 1017//1017 1098//1098 1099//1099
f 1018//1018 1099//1099 1100//1100
f 1019//1019 1100//1100 1101//1101
f 1020//1020 1101//1101 1102//1102
f 1102//1102 1103//1103 1022//1022
f 1022//1022 1103//1103 1104//1104
f 1023//1023 1104//1104 1105//1105
f 1024//1024 1105//1105 1106//1106
f 1025//1025 1106//1106 1107//1107
f 1026//1026 1107//1107 1108//1108
f 1108//1108 1109//1109 1028//1028
f 1109//1109 1110//1110 1029//1029
f 1110//1110 1111//1111 1030//1030
f 1030//1030 1111//1111 1112//1112
f 1031//1031 1112//1112 1113//1113
f 1113//1113 1114//1114 1033//1033
f 1114//1114 1115//1115 1034//1034
f 1115//1115 1116//1116 1035//1035
f 1116//1116 1117//1117 1036//1036
f 1036//1036 1117//1117 1118//1118
f 1037//1037 1118//1118 1119//1119
f 1038//1038 1119//1119 1120//1120
f 1039//1039 1120//1120 1121//1121
f 1040//1040 1121//1121 1122//1122
f 1122//1122 1123//1123 1042//1042
f 1123//1123 1124//1124 1043//1043
f 1124//1124 1125//1125 1044//1044
f 1125//1125 1126//1126 1045//1045
f 1045//1045 1126//1126 1127//1127
f 1046//1046 1127//1127 1128//1128
f 1047//1047 1128//1128 1129//1129
f 1048//1048 1129//1129 1130//1130
f 1130//1130 1131//1131 1050//1050
f 1131//1131 1132//1132 1051//1051
f 1132//1132 1133//1133 1052//1052
f 1052//1052 1133//1133 1134//1134
f 1135//1135 1136//1136 1055//1055
f 1136//1136 1137//1137 1056//1056
f 1056//1056 1137//1137 1138//1138
f 1057//1057 1138//1138 1139//1139
f 1058//1058 1139//1139 1140//1140
f 1059//1059 1140//1140 1141//1141
f 1060//1060 1141//1141 1142//1142
f 1142//1142 1143//1143 1062//1062
f 1062//1062 1143//1143 1144//1144
f 1063//1063 1144//1144 1145//1145
f 1064//1064 1145//1145 1146//1146
f 1065//1065 1146//1146 1147//1147
f 1066//1066 1147//1147 1148//1148
f 1067//1067 1148//1148 1149//1149
f 1068//1068 1149//1149 1150//1150
f 1069//1069 1150//1150 1151//1151
f 1070//1070 1151//1151 1152//1152
f 1071//1071 1152//1152 1153//1153
f 1072//1072 1153//1153 1154//1154
f 1073//1073 1154//1154 1155//1155
f 1074//1074 1155//1155 1156//1156
f 1075//1075 1156//1156 1157//1157
f 1076//1076 1157//1157 1158//1158
f 1077//1077 1158//1158 1159//1159
f 1159//1159 1160//1160 1079//1079
f 1160//1160 1161//1161 1080//1080
f 1161//1161 1162//1162 1081//1081
f 1162//1162 1163//1163 1082//1082
f 1082//1082 1163//1163 1164//1164
f 1164//1164 1165//1165 1084//1084
f 1084//1084 1165//1165 1166//1166
f 1085//1085 1166//1166 1167//1167
f 1167//1167 1168//1168 1087//1087
f 1087//1087 1168//1168 1169//1169
f 1169//1169 1170//1170 1089//1089
f 1089//1089 1170//1170 1171//1171
f 1090//1090 1171//1171 1172//1172
f 1172//1172 1173//1173 1092//1092
f 1173//1173 1174//1174 1093//1093
f 1174//1174 1175//1175 1094//1094
f 1094//1094 1175//1175 1176//1176
f 1095//1095 1176//1176 1177//1177
f 1096//1096 1177//1177 1178//1178
f 1178//1178 1179//1179 1098//1098
f 1098//1098 1179//1179 1180//1180
f 1180//1180 1181//1181 1100//1100
f 1100//1100 1181//1181 1182//1182
f 1101//1101 1182//1182 1183//1183
f 1102//1102 1183//1183 1184//1184
f 1103//1103 1184//1184 1185//1185
f 1104//1104 1185//1185 1186//1186
f 1105//1105 1186//1186 1187//1187
f 1106//1106 1187//1187 1188//326
f 1107//1107 1188//326 1189//1188
f 1108//1108 1189//1188 1190//1189
f 1190//1189 1191//1190 1110//1110
f 1191//1190 1192//1191 1111//1111
f 1192//1191 1193//1192 1112//1112
f 1193//1192 1194//1193 1113//1113
f 1113//1113 1194//1193 1195//1194
f 1114//1114 1195//1194 1196//1195
f 1196//1195 1197//1196 1116//1116
f 1116//1116 1197//1196 1198//1197
f 1198//1197 1199//1198 1118//1118
f 1199//1198 1200//1199 1119//1119
f 1200//1199 1201//1200 1120//1120
f 1201//1200 1202//1201 1121//1121
f 1121//1121 1202//1201 1203//1202
f 1122//1122 1203//1202 1204//1203
f 1123//1123 1204//1203 1205//1204
f 1205//1204 1206//1205 1125//1125
f 1125//1125 1206//1205 1207//1206
f 1207//1206 1208//1207 1127//1127
f 1127//1127 1208//1207 1209//1208
f 1128//1128 1209//1208 1210//1209
f 1129//1129 1210//1209 1211//1210
f 1211//1210 1212//1211 1131//1131
f 1212//1211 1213//1212 1132//1132
f 1213//1212 1214//1213 1133//1133
f 1214//1213 1215//1214 1134//1134
f 1135//1135 1216//1215 1217//1216
f 1136//1136 1217//1216 1218//1217
f 1137//1137 1218//1217 1219//1218
f 1219//1218 1220//1219 1139//1139
f 1139//1139 1220//1219 1221//1220
f 1140//1140 1221//1220 1222//1221
f 1141//1141 1222//1221 1223//1222
f 1142//1142 1223//1222 1224//1223
f 1224//1223 1225//1224 1144//1144
f 1144//1144 1225//1224 1226//1225
f 1145//1145 1226//1225 1227//1226
f 1146//1146 1227//1226 1228//1227
f 1147//1147 1228//1227 1229//1228
f 1148//1148 1229//1228 1230//1229
f 1149//1149 1230//1229 1231//1230
f 1150//1150 1231//1230 1232//1231
f 1151//1151 1232//1231 1233//1232
f 1152//1152 1233//1232 1234//1233
f 1153//1153 1234//1233 1235//1234
f 1154//1154 1235//1234 1236//1235
f 1155//1155 1236//1235 1237//1236
f 1237//1236 1238//1237 1157//1157
f 1238//1237 1239//1238 1158//1158
f 1239//1238 1240//1239 1159//1159
f 1159//1159 1240//1239 1241//1240
f 1160//1160 1241//1240 1242//1241
f 1161//1161 1242//1241 1243//1242
f 1243//1242 1244//1243 1163//1163
f 1163//1163 1244//1243 1245//1244
f 1245//1244 1246//1245 1165//1165
f 1165//1165 1246//1245 1247//1246
f 1247//1246 1248//1247 1167//1167
f 1248//1247 1249//1248 1168//1168
f 1249//1248 1250//1249 1169//1169
f 1250//1249 1251//1250 1170//1170
f 1170//1170 1251//1250 1252//1251
f 1171//1171 1252//1251 1253//1252
f 1172//1172 1253//1252 1254//1253
f 1173//1173 1254//1253 1255//1254
f 1174//1174 1255//1254 1256//1255
f 1175//1175 1256//1255 1257//1256
f 1176//1176 1257//1256 1258//1257
f 1177//1177 1258//1257 1259//1258
f 1178//1178 1259//1258 1260//1259
f 1179//1179 1260//1259 1261//1260
f 1180//1180 1261//1260 1262//1261
f 1262//1261 1263//1262 1182//1182
f 1182//1182 1263//1262 1264//1263
f 1183//1183 1264//1263 1265//1264
f 1265//1264 1266//1265 1185//1185
f 1185//1185 1266//1265 1267//1266
f 1186//1186 1267//1266 1268//1267
f 1187//1187 1268//1267 1269//1268
f 1269//1268 1270//1269 1189//1188
f 1270//1269 1271//1270 1190//1189
f 1271//1270 1272//1271 1191//1190
f 1272//1271 1273//1272 1192//1191
f 1273//1272 1274//1273 1193//1192
f 1193//1192 1274//1273 1275//1274
f 1194//1193 1275//1274 1276//1275
f 1195//1194 1276//1275 1277//1276
f 1196//1195 1277//1276 1278//1277
f 1278//1277 1279//1278 1198//1197
f 1279//1278 1280//1279 1199//1198
f 1280//1279 1281//1280 1200//1199
f 1281//1280 1282//1281 1201//1200
f 1282//1281 1283//1282 1202//1201
f 1283//1282 1284//1283 1203//1202
f 1284//1283 1285//1284 1204//1203
f 1285//1284 1286//1285 1205//1204
f 1205//1204 1286//1285 1287//1286
f 1206//1205 1287//1286 1288//1287
f 1207//1206 1288//1287 1289//1288
f 1208//1207 1289//1288 1290//1289
f 1290//1289 1291//1290 1210//1209
f 1291//1290 1292//1291 1211//1210
f 1292//1291 1293//1292 1212//1211
f 1212//1211 1293//1292 1294//1293
f 1213//1212 1294//1293 1295//1294
f 1214//1213 1295//1294 1296//1295
f 1216//1215 1297//1296 1298//1297
f 1217//1216 1298//1297 1299//1298
f 1218//1217 1299//1298 1300//1299
f 1219//1218 1300//1299 1301//1300
f 1301//1300 1302//1301 1221//1220
f 1302//1301 1303//1302 1222//1221
f 1222//1221 1303//1302 1304//1303
f 1223//1222 1304//1303 1305//1304
f 1224//1223 1305//1304 1306//1305
f 1306//1305 1307//1306 1226//1225
f 1307//1306 1308//1307 1227//1226
f 1308//1307 1309//1308 1228//1227
f 1309//1308 1310//1309 1229//1228
f 1310//1309 1311//1310 1230//1229
f 1311//1310 1312//1311 1231//1230
f 1312//1311 1313//1312 1232//1231
f 1232//1231 1313//1312 1314//1313
f 1233//1232 1314//1313 1315//1314
f 1234//1233 1315//1314 1316//1315
f 1235//1234 1316//1315 1317//1316
f 1317//1316 1318//1317 1237//1236
f 1318//1317 1319//1318 1238//1237
f 1319//1318 1320//1319 1239//1238
f 1320//1319 1321//1320 1240//1239
f 1321//1320 1322//1321 1241//1240
f 1241//1240 1322//1321 1323//1322
f 1323//1322 1324//1323 1243//1242
f 1243//1242 1324//1323 1325//1324
f 1325//1324 1326//1325 1245//1244
f 1326//1325 1327//1326 1246//1245
f 1327//1326 1328//1327 1247//1246
f 1328//1327 1329//1328 1248//1247
f 1329//1328 1330//1329 1249//1248
f 1330//1329 1331//1330 1250//1249
f 1250//1249 1331//1330 1332//1331
f 1251//1250 1332//1331 1333//1332
f 1252//1251 1333//1332 1334//1333
f 1334//1333 1335//1334 1254//1253
f 1254//1253 1335//1334 1336//1335
f 1255//1254 1336//1335 1337//1336
f 1256//1255 1337//1336 1338//1337
f 1257//1256 1338//1337 1339//1338
f 1258//1257 1339//1338 1340//1339
f 1259//1258 1340//1339 1341//1340
f 1260//1259 1341//1340 1342//1341
f 1261//1260 1342//1341 1343//1342
f 1262//1261 1343//1342 1344//1343
f 1344//1343 1345//1344 1264//1263
f 1345//1344 1346//1345 1265//1264
f 1346//1345 1347//1346 1266//1265
f 1347//1346 1348//1347 1267//1266
f 1348//1347 1349//1348 1268//1267
f 1349//1348 1350//1349 1269//1268
f 1350//1349 1351//1350 1270//1269
f 1351//1350 1352//1351 1271//1270
f 1352//1351 1353//1352 1272//1271
f 1353//1352 1354//1353 1273//1272
f 1354//1353 1355//1354 1274//1273
f 1274//1273 1355//1354 1356//1355
f 1275//1274 1356//1355 1357//1356
f 1276//1275 1357//1356 1358//1357
f 1277//1276 1358//1357 1359//1358
f 1359//1358 1360//1359 1279//1278
f 1360//1359 1361//1360 1280//1279
f 1361//1360 1362//1361 1281//1280
f 1362//1361 1363//1362 1282//1281
f 1282//1281 1363//1362 1364//1363
f 1283//1282 1364//1363 1365//1364
f 1365//1364 1366//1365 1285//1284
f 1366//1365 1367//1366 1286//1285
f 1286//1285 1367//1366 1368//1367
f 1287//1286 1368//1367 1369//1368
f 1288//1287 1369//1368 1370//1369
f 1289//1288 1370//1369 1371//1370
f 1371//1370 1372//1371 1291//1290
f 1372//1371 1373//1372 1292//1291
f 1292//1291 1373//1372 1374//1373
f 1293//1292 1374//1373 1375//1374
f 1294//1293 1375//1374 1376//1375
f 1295//1294 1376//1375 1377//1376
f 1297//1296 1378//1377 1379//1378
f 1298//1297 1379//1378 1380//1379
f 1380//1379 1381//1380 1300//1299
f 1381//1380 1382//1381 1301//1300
f 1382//1381 1383//1382 1302//1301
f 1383//1382 1384//1383 1303//1302
f 1303//1302 1384//1383 1385//1384
f 1304//1303 1385//1384 1386//1385
f 1305//1304 1386//1385 1387//1386
f 1387//1386 1388//1387 1307//1306
f 1388//1387 1389//1388 1308//1307
f 1389//1388 1390//1389 1309//1308
f 1390//1389 1391//1390 1310//1309
f 1391//1390 1392//1391 1311//1310
f 1392//1391 1393//1392 1312//1311
f 1393//1392 1394//1393 1313//1312
f 1313//1312 1394//1393 1395//1394
f 1314//1313 1395//1394 1396//1395
f 1315//1314 1396//1395 1397//1396
f 1316//1315 1397//1396 1398//1397
f 1398//1397 1399//1398 1318//1317
f 1399//1398 1400//1399 1319//1318
f 1400//1399 1401//1400 1320//1319
f 1401//1400 1402//1401 1321//1320
f 1402//1401 1403//1402 1322//1321
f 1403//1402 1404//1403 1323//1322
f 1323//1322 1404//1403 1405//1404
f 1405//1404 1406//1405 1325//1324
f 1406//1405 1407//1406 1326//1325
f 1407//1406 1408//1407 1327//1326
f 1327//1326 1408//1407 1409//1408
f 1409//1408 1410//1409 1329//1328
f 1410//1409 1411//1410 1330//1329
f 1411//1410 1412//1411 1331//1330
f 1331//1330 1412//1411 1413//1412
f 1332//1331 1413//1412 1414//1413
f 1414//1413 1415//1414 1334//1333
f 1334//1333 1415//1414 1416//1415
f 1416//1415 1417//1416 1336//1335
f 1336//1335 1417//1416 1418//1417
f 1337//1336 1418//1417 1419//1418
f 1338//1337 1419//1418 1420//1419
f 1339//1338 1420//1419 1421//1420
f 1340//1339 1421//1420 1422//1421
f 1341//1340 1422//1421 1423//1422
f 1342//1341 1423//1422 1424//1423
f 1343//1342 1424//1423 1425//1424
f 1425//1424 1426//1425 1345//1344
f 1426//1425 1427//1426 1346//1345
f 1427//1426 1428//1427 1347//1346
f 1428//1427 1429//1428 1348//1347
f 1429//1428 1430//1429 1349//1348
f 1430//1429 1431//1430 1350//1349
f 1431//1430 1432//1431 1351//1350
f 1432//1431 1433//1432 1352//1351
f 1433//1432 1434//1433 1353//1352
f 1434//1433 1435//1434 1354//1353
f 1435//1434 1436//1435 1355//1354
f 1355//1354 1436//1435 1437//1436
f 1356//1355 1437//1436 1438//1437
f 1357//1356 1438//1437 1439//1438
f 1439//1438 1440//1439 1359//1358
f 1440//1439 1441//1440 1360//1359
f 1441//1440 1442//1441 1361//1360
f 1442//1441 1443//1442 1362//1361
f 1443//1442 1444//1443 1363//1362
f 1444//1443 1445//1444 1364//1363
f 1364//1363 1445//1444 1446//1445
f 1446//1445 1447//1446 1366//1365
f 1447//1446 1448//1447 1367//1366
f 1367//1366 1448//1447 1449//1448
f 1368//1367 1449//1448 1450//1449
f 1369//1368 1450//1449 1451//1450
f 1370//1369 1451//1450 1452//1451
f 1452//1451 1453//1452 1372//1371
f 1372//1371 1453//1452 1454//1453
f 1373//1372 1454//1453 1455//1454
f 1374//1373 1455//1454 1456//1455
f 1375//1374 1456//1455 1457//1456
f 1376//1375 1457//1456 1458//1457
f 1459//1458 1460//1459 1379//1378
f 1460//1459 1461//1460 1380//1379
f 1461//1460 1462//1461 1381//1380
f 1462//1461 1463//1462 1382//1381
f 1463//1462 1464//1463 1383//1382
f 1464//1463 1465//1464 1384//1383
f 1384//1383 1465//1464 1466//1465
f 1385//1384 1466//1465 1467//1466
f 1386//1385 1467//1466 1468//1467
f 1468//1467 1469//1468 1388//1387
f 1469//1468 1470//1469 1389//1388
f 1470//1469 1471//1470 1390//1389
f 1390//1389 1471//1470 1472//1471
f 1391//1390 1472//1471 1473//1472
f 1473//1472 1474//1473 1393//1392
f 1474//1473 1475//1474 1394//1393
f 1394//1393 1475//1474 1476//1475
f 1395//1394 1476//1475 1477//1476
f 1477//1476 1478//1477 1397//1396
f 1478//1477 1479//1478 1398//1397
f 1479//1478 1480//1479 1399//1398
f 1480//1479 1481//1480 1400//1399
f 1481//1480 1482//1481 1401//1400
f 1482//1481 1483//1482 1402//1401
f 1483//1482 1484//1483 1403//1402
f 1484//1483 1485//1484 1404//1403
f 1404//1403 1485//1484 1486//1485
f 1405//1404 1486//1485 1487//1486
f 1406//1405 1487//1486 1488//1487
f 1407//1406 1488//1487 1489//1488
f 1489//1488 1490//1489 1409//1408
f 1490//1489 1491//1490 1410//1409
f 1491//1490 1492//1491 1411//1410
f 1492//1491 1493//1492 1412//1411
f 1412//1411 1493//1492 1494//1493
f 1413//1412 1494//1493 1495//1494
f 1495//1494 1496//1495 1415//1414
f 1496//1495 1497//1496 1416//1415
f 1416//1415 1497//1496 1498//1497
f 1417//1416 1498//1497 1499//1498
f 1418//1417 1499//1498 1500//1499
f 1419//1418 1500//1499 1501//1500
f 1420//1419 1501//1500 1502//1501
f 1421//1420 1502//1501 1503//1502
f 1422//1421 1503//1502 1504//1503
f 1423//1422 1504//1503 1505//1504
f 1424//1423 1505//1504 1506//1505
f 1425//1424 1506//1505 1507//1506
f 1507//1506 1508//1507 1427//1426
f 1508//1507 1509//1508 1428//1427
f 1509//1508 1510//1509 1429//1428
f 1510//1509 1511//1510 1430//1429
f 1511//1510 1512//1511 1431//1430
f 1512//1511 1513//1512 1432//1431
f 1513//1512 1514//1513 1433//1432
f 1514//1513 1515//1514 1434//1433
f 1515//1514 1516//1515 1435//1434
f 1435//1434 1516//1515 1517//1516
f 1436//1435 1517//1516 1518//1517
f 1437//1436 1518//1517 1519//1518
f 1438//1437 1519//1518 1520//1519
f 1520//1519 1521//1520 1440//1439
f 1521//1520 1522//1521 1441//1440
f 1522//1521 1523//1522 1442//1441
f 1523//1522 1524//1523 1443//1442
f 1524//1523 1525//1524 1444//1443
f 1525//1524 1526//1525 1445//1444
f 1526//1525 1527//1526 1446//1445
f 1527//1526 1528//1527 1447//1446
f 1528//1527 1529//1528 1448//1447
f 1448//1447 1529//1528 1530//1529
f 1449//1448 1530//1529 1531//1530
f 1450//1449 1531//1530 1532//1531
f 1451//1450 1532//1531 1533//1532
f 1452//1451 1533//1532 1534//1533
f 1453//1452 1534//1533 1535//1534
f 1454//1453 1535//1534 1536//1535
f 1455//1454 1536//1535 1537//1536
f 1456//1455 1537//1536 1538//1537
f 1538//1537 1539//1538 1458//1457
f 1540//1539 1541//1540 1460//1459
f 1541//1540 1542//1541 1461//1460
f 1542//1541 1543//1542 1462//1461
f 1543//1542 1544//1543 1463//1462
f 1544//1543 1545//1544 1464//1463
f 1545//1544 1546//1545 1465//1464
f 1465//1464 1546//1545 1547//1546
f 1466//1465 1547//1546 1548//1547
f 1467//1466 1548//1547 1549//1548
f 1549//1548 1550//1549 1469//1468
f 1469//1468 1550//1549 1551//1550
f 1551//1550 1552//1551 1471//1470
f 1552//1551 1553//1552 1472//1471
f 1553//1552 1554//1553 1473//1472
f 1473//1472 1554//1553 1555//1554
f 1474//1473 1555//1554 1556//1555
f 1556//1555 1557//1556 1476//1475
f 1557//1556 1558//1557 1477//1476
f 1558//1557 1559//1558 1478//1477
f 1559//1558 1560//1559 1479//1478
f 1560//1559 1561//1560 1480//1479
f 1561//1560 1562//1561 1481//1480
f 1562//1561 1563//1562 1482//1481
f 1563//1562 1564//1563 1483//1482
f 1564//1563 1565//1564 1484//1483
f 1565//1564 1566//1565 1485//1484
f 1485//1484 1566//1565 1567//1566
f 1486//1485 1567//1566 1568//1567
f 1487//1486 1568//1567 1569//1568
f 1488//1487 1569//1568 1570//1569
f 1489//1488 1570//1569 1571//1570
f 1571//1570 1572//1571 1491//1490
f 1572//1571 1573//1572 1492//1491
f 1573//1572 1574//1573 1493//1492
f 1574//1573 1575//1574 1494//1493
f 1494//1493 1575//1574 1576//1575
f 1576//1575 1577//1576 1496//1495
f 1496//1495 1577//1576 1578//1577
f 1578//1577 1579//1578 1498//1497
f 1579//1578 1580//1579 1499//1498
f 1580//1579 1581//1580 1500//1499
f 1581//1580 1582//1581 1501//1500
f 1582//1581 1583//1582 1502//1501
f 1583//1582 1584//1583 1503//1502
f 1584//1583 1585//1584 1504//1503
f 1504//1503 1585//1584 1586//1585
f 1505//1504 1586//1585 1587//1586
f 1587//1586 1588//1587 1507//1506
f 1588//1587 1589//1588 1508//1507
f 1508//1507 1589//1588 1590//1589
f 1590//1589 1591//1590 1510//1509
f 1591//1590 1592//1591 1511//1510
f 1592//1591 1593//1592 1512//1511
f 1593//1592 1594//1593 1513//1512
f 1594//1593 1595//1594 1514//1513
f 1595//1594 1596//1595 1515//1514
f 1596//1595 1597//1596 1516//1515
f 1516//1515 1597//1596 1598//1597
f 1517//1516 1598//1597 1599//1598
f 1518//1517 1599//1598 1600//1599
f 1519//1518 1600//1599 1601//1600
f 1520//1519 1601//1600 1602//1601
f 1602//1601 1603//1602 1522//1521
f 1522//1521 1603//1602 1604//1603
f 1523//1522 1604//1603 1605//1604
f 1524//1523 1605//1604 1606//1605
f 1525//1524 1606//1605 1607//1606
f 1607//1606 1608//1607 1527//1526
f 1527//1526 1608//1607 1609//1608
f 1609//1608 1610//1609 1529//1528
f 1610//1609 1611//1610 1530//1529
f 1611//1610 1612//1611 1531//1530
f 1531//1530 1612//1611 1613//1612
f 1532//1531 1613//1612 1614//1613
f 1533//1532 1614//1613 1615//1614
f 1534//1533 1615//1614 1616//1615
f 1535//1534 1616//1615 1617//1616
f 1617//1616 1618//1617 1537//1536
f 1618//1617 1619//1618 1538//1537
f 1619//1618 1620//1619 1539//1538
f 1621//1620 1622//1621 1541//1540
f 1622//1621 1623//1622 1542//1541
f 1623//1622 1624//1623 1543//1542
f 1624//1623 1625//1624 1544//1543
f 1544//1543 1625//1624 1626//1625
f 1626//1625 1627//1626 1546//1545
f 1627//1626 1628//1627 1547//1546
f 1628//1627 1629//1628 1548//1547
f 1629//1628 1630//1629 1549//1548
f 1549//1548 1630//1629 1631//1630
f 1550//1549 1631//1630 1632//1631
f 1551//1550 1632//1631 1633//1632
f 1633//1632 1634//1633 1553//1552
f 1634//1633 1635//1634 1554//1553
f 1554//1553 1635//1634 1636//1635
f 1555//1554 1636//1635 1637//1636
f 1637//1636 1638//1637 1557//1556
f 1638//1637 1639//1638 1558//1557
f 1639//1638 1640//1639 1559//1558
f 1640//1639 1641//1640 1560//1559
f 1641//1640 1642//1641 1561//1560
f 1642//1641 1643//1642 1562//1561
f 1562//1561 1643//1642 1644//1643
f 1563//1562 1644//1643 1645//1644
f 1564//1563 1645//1644 1646//1645
f 1565//1564 1646//1645 1647//1646
f 1647//1646 1648//1647 1567//1566
f 1648//1647 1649//1648 1568//1567
f 1649//1648 1650//1649 1569//1568
f 1650//1649 1651//1650 1570//1569
f 1570//1569 1651//1650 1652//1651
f 1571//1570 1652//1651 1653//1652
f 1572//1571 1653//1652 1654//1653
f 1573//1572 1654//1653 1655//1654
f 1574//1573 1655//1654 1656//1655
f 1575//1574 1656//1655 1657//1656
f 1657//1656 1658//1657 1577//1576
f 1658//1657 1659//1658 1578//1577
f 1659//1658 1660//1659 1579//1578
f 1660//1659 1661//1660 1580//1579
f 1661//1660 1662//1661 1581//1580
f 1662//1661 1663//1662 1582//1581
f 1663//1662 1664//1663 1583//1582
f 1664//1663 1665//1664 1584//1583
f 1665//1664 1666//1665 1585//1584
f 1666//1665 1667//1666 1586//1585
f 1586//1585 1667//1666 1668//1667
f 1668//1667 1669//1668 1588//1587
f 1669//1668 1670//1669 1589//1588
f 1589//1588 1670//1669 1671//1670
f 1671//1670 1672//1671 1591//1590
f 1591//1590 1672//1671 1673//1672
f 1592//1591 1673//1672 1674//1673
f 1593//1592 1674//1673 1675//1674
f 1594//1593 1675//1674 1676//1675
f 1595//1594 1676//1675 1677//1676
f 1596//1595 1677//1676 1678//1677
f 1678//1677 1679//1678 1598//1597
f 1679//1678 1680//1679 1599//1598
f 1680//1679 1681//1680 1600//1599
f 1681//1680 1682//1681 1601//1600
f 1601//1600 1682//1681 1683//1682
f 1602//1601 1683//1682 1684//1683
f 1603//1602 1684//1683 1685//1684
f 1604//1603 1685//1684 1686//1685
f 1605//1604 1686//1685 1687//1686
f 1606//1605 1687//1686 1688//1687
f 1688//1687 1689//1688 1608//1607
f 1689//1688 1690//1689 1609//1608
f 1690//1689 1691//1690 1610//1609
f 1691//1690 1692//1691 1611//1610
f 1692//1691 1693//1692 1612//1611
f 1612//1611 1693//1692 1694//1693
f 1694//1693 1695//1694 1614//1613
f 1695//1694 1696//1695 1615//1614
f 1696//1695 1697//1696 1616//1615
f 1697//1696 1698//1697 1617//1616
f 1698//1697 1699//1698 1618//1617
f 1699//1698 1700//1699 1619//1618
f 1700//1699 1701//1700 1620//1619
f 1621//1620 1702//1701 1703//1702
f 1622//1621 1703//1702 1704//1703
f 1623//1622 1704//1703 1705//1704
f 1624//1623 1705//1704 1706//1705
f 1625//1624 1706//1705 1707//1706
f 1707//1706 1708//1707 1627//1626
f 1708//1707 1709//1708 1628//1627
f 1709//1708 1710//1709 1629//1628
f 1710//1709 1711//1710 1630//1629
f 1630//1629 1711//1710 1712//1711
f 1631//1630 1712//1711 1713//1712
f 1632//1631 1713//1712 1714//1713
f 1633//1632 1714//1713 1715//1714
f 1715//1714 1716//1715 1635//1634
f 1716//1715 1717//1716 1636//1635
f 1717//1716 1718//1717 1637//1636
f 1718//1717 1719//1718 1638//1637
f 1719//1718 1720//1719 1639//1638
f 1639//1638 1720//1719 1721//1720
f 1640//1639 1721//1720 1722//1721
f 1641//1640 1722//1721 1723//1722
f 1642//1641 1723//1722 1724//1723
f 1643//1642 1724//1723 1725//1724
f 1644//1643 1725//1724 1726//1725
f 1645//1644 1726//1725 1727//1726
f 1646//1645 1727//1726 1728//1727
f 1647//1646 1728//1727 1729//1728
f 1729//1728 1730//1729 1649//1648
f 1730//1729 1731//1730 1650//1649
f 1731//1730 1732//1731 1651//1650
f 1651//1650 1732//1731 1733//1732
f 1652//1651 1733//1732 1734//1733
f 1653//1652 1734//1733 1735//1734
f 1654//1653 1735//1734 1736//1735
f 1655//1654 1736//1735 1737//1736
f 1656//1655 1737//1736 1738//1737
f 1738//1737 1739//1738 1658//1657
f 1739//1738 1740//1739 1659//1658
f 1740//1739 1741//1740 1660//1659
f 1741//1740 1742//1741 1661//1660
f 1742//1741 1743//1742 1662//1661
f 1743//1742 1744//1743 1663//1662
f 1744//1743 1745//1744 1664//1663
f 1745//1744 1746//1745 1665//1664
f 1746//1745 1747//1746 1666//1665
f 1747//1746 1748//1747 1667//1666
f 1667//1666 1748//1747 1749//1748
f 1668//1667 1749//1748 1750//1749
f 1669//1668 1750//1749 1751//1750
f 1751//1750 1752//1751 1671//1670
f 1752//1751 1753//1752 1672//1671
f 1672//1671 1753//1752 1754//1753
f 1673//1672 1754//1753 1755//1754
f 1674//1673 1755//1754 1756//1755
f 1675//1674 1756//1755 1757//1756
f 1676//1675 1757//1756 1758//1757
f 1677//1676 1758//1757 1759//1758
f 1678//1677 1759//1758 1760//1759
f 1760//1759 1761//1760 1680//1679
f 1761//1760 1762//1761 1681//1680
f 1762//1761 1763//1762 1682//1681
f 1682//1681 1763//1762 1764//1763
f 1683//1682 1764//1763 1765//1764
f 1684//1683 1765//1764 1766//1765
f 1685//1684 1766//1765 1767//1766
f 1686//1685 1767//1766 1768//1767
f 1687//1686 1768//1767 1769//1768
f 1769//1768 1770//1769 1689//1688
f 1770//1769 1771//1770 1690//1689
f 1771//1770 1772//1771 1691//1690
f 1772//1771 1773//1772 1692//1691
f 1692//1691 1773//1772 1774//1773
f 1693//1692 1774//1773 1775//1774
f 1694//1693 1775//1774 1776//1775
f 1695//1694 1776//1775 1777//1776
f 1777//1776 1778//1777 1697//1696
f 1778//1777 1779//1778 1698//1697
f 1779//1778 1780//1779 1699//1698
f 1780//1779 1781//1780 1700//1699
f 1781//1780 1782//1781 1701//1700
f 1702//1701 1783//1782 1784//1783
f 1703//1702 1784//1783 1785//1784
f 1704//1703 1785//1784 1786//1785
f 1705//1704 1786//1785 1787//1786
f 1706//1705 1787//1786 1788//1787
f 1788//1787 1789//1788 1708//1707
f 1789//1788 1790//1789 1709//1708
f 1790//1789 1791//1790 1710//1709
f 1791//1790 1792//1791 1711//1710
f 1711//1710 1792//1791 1793//1792
f 1712//1711 1793//1792 1794//1793
f 1713//1712 1794//1793 1795//1794
f 1714//1713 1795//1794 1796//1795
f 1715//1714 1796//1795 1797//1796
f 1797//1796 1798//1797 1717//1716
f 1717//1716 1798//1797 1799//1798
f 1718//1717 1799//1798 1800//1799
f 1719//1718 1800//1799 1801//1800
f 1720//1719 1801//1800 1802//1801
f 1721//1720 1802//1801 1803//1802
f 1722//1721 1803//1802 1804//1803
f 1723//1722 1804//1803 1805//1804
f 1724//1723 1805//1804 1806//1805
f 1725//1724 1806//1805 1807//1806
f 1726//1725 1807//1806 1808//1807
f 1727//1726 1808//1807 1809//1808
f 1809//1808 1810//1809 1729//1728
f 1729//1728 1810//1809 1811//1810
f 1811//1810 1812//1811 1731//1730
f 1731//1730 1812//1811 1813//1812
f 1732//1731 1813//1812 1814//1813
f 1733//1732 1814//1813 1815//1814
f 1734//1733 1815//1814 1816//1815
f 1735//1734 1816//1815 1817//1816
f 1736//1735 1817//1816 1818//1817
f 1737//1736 1818//1817 1819//1818
f 1819//1818 1820//1819 1739//1738
f 1820//1819 1821//1820 1740//1739
f 1821//1820 1822//1821 1741//1740
f 1822//1821 1823//1822 1742//1741
f 1823//1822 1824//1823 1743//1742
f 1743//1742 1824//1823 1825//1824
f 1825//1824 1826//1825 1745//1744
f 1826//1825 1827//1826 1746//1745
f 1827//1826 1828//1827 1747//1746
f 1747//1746 1828//1827 1829//1828
f 1748//1747 1829//1828 1830//1829
f 1749//1748 1830//1829 1831//1830
f 1750//1749 1831//1830 1832//1831
f 1832//1831 1833//1832 1752//1751
f 1833//1832 1834//1833 1753//1752
f 1753//1752 1834//1833 1835//1834
f 1754//1753 1835//1834 1836//1835
f 1755//1754 1836//1835 1837//1836
f 1837//1836 1838//1837 1757//1756
f 1757//1756 1838//1837 1839//1838
f 1758//1757 1839//1838 1840//1839
f 1759//1758 1840//1839 1841//1840
f 1841//1840 1842//1841 1761//1760
f 1842//1841 1843//1842 1762//1761
f 1843//1842 1844//1843 1763//1762
f 1763//1762 1844//1843 1845//1844
f 1764//1763 1845//1844 1846//1845
f 1765//1764 1846//1845 1847//1846
f 1766//1765 1847//1846 1848//1847
f 1767//1766 1848//1847 1849//1848
f 1849//1848 1850//1849 1769//1768
f 1850//1849 1851//1850 1770//1769
f 1851//1850 1852//1851 1771//1770
f 1852//1851 1853//1852 1772//1771
f 1853//1852 1854//1853 1773//1772
f 1773//1772 1854//1853 1855//1854
f 1774//1773 1855//1854 1856//1855
f 1775//1774 1856//1855 1857//1856
f 1776//1775 1857//1856 1858//1857
f 1777//1776 1858//1857 1859//1858
f 1859//1858 1860//1859 1779//1778
f 1779//1778 1860//1859 1861//1860
f 1861//1860 1862//1861 1781//1780
f 1781//1780 1862//1861 1863//1862
f 1783//1782 1864//1863 1865//1864
f 1784//1783 1865//1864 1866//1865
f 1785//1784 1866//1865 1867//1866
f 1786//1785 1867//1866 1868//1867
f 1787//1786 1868//1867 1869//1868
f 1788//1787 1869//1868 1870//1869
f 1870//1869 1871//1870 1790//1789
f 1871//1870 1872//1871 1791//1790
f 1872//1871 1873//1872 1792//1791
f 1792//1791 1873//1872 1874//1873
f 1793//1792 1874//1873 1875//1874
f 1794//1793 1875//1874 1876//1875
f 1795//1794 1876//1875 1877//1876
f 1796//1795 1877//1876 1878//1877
f 1797//1796 1878//1877 1879//1878
f 1798//1797 1879//1878 1880//1879
f 1799//1798 1880//1879 1881//1880
f 1800//1799 1881//1880 1882//1881
f 1801//1800 1882//1881 1883//1882
f 1802//1801 1883//1882 1884//1883
f 1803//1802 1884//1883 1885//1884
f 1804//1803 1885//1884 1886//1885
f 1805//1804 1886//1885 1887//1886
f 1806//1805 1887//1886 1888//1887
f 1807//1806 1888//1887 1889//1888
f 1808//1807 1889//1888 1890//1889
f 1809//1808 1890//1889 1891//1890
f 1810//1809 1891//1890 1892//1891
f 1811//1810 1892//1891 1893//1892
f 1812//1811 1893//1892 1894//1893
f 1813//1812 1894//1893 1895//1894
f 1814//1813 1895//1894 1896//1895
f 1815//1814 1896//1895 1897//1896
f 1816//1815 1897//1896 1898//1897
f 1817//1816 1898//1897 1899//1898
f 1818//1817 1899//1898 1900//1899
f 1900//1899 1901//1900 1820//1819
f 1901//1900 1902//1901 1821//1820
f 1902//1901 1903//1902 1822//1821
f 1903//1902 1904//1903 1823//1822
f 1904//1903 1905//1904 1824//1823
f 1905//1904 1906//1905 1825//1824
f 1906//1905 1907//1906 1826//1825
f 1907//1906 1908//1907 1827//1826
f 1908//1907 1909//1908 1828//1827
f 1909//1908 1910//1909 1829//1828
f 1910//1909 1911//1910 1830//1829
f 1830//1829 1911//1910 1912//1911
f 1912//1911 1913//1912 1832//1831
f 1913//1912 1914//1913 1833//1832
f 1914//1913 1915//1914 1834//1833
f 1834//1833 1915//1914 1916//1915
f 1916//1915 1917//1916 1836//1835
f 1836//1835 1917//1916 1918//1917
f 1837//1836 1918//1917 1919//1918
f 1838//1837 1919//1918 1920//1919
f 1839//1838 1920//1919 1921//1920
f 1840//1839 1921//1920 1922//1921
f 1841//1840 1922//1921 1923//1922
f 1923//1922 1924//1923 1843//1842
f 1843//1842 1924//1923 1925//1924
f 1844//1843 1925//1924 1926//1925
f 1845//1844 1926//1925 1927//1926
f 1846//1845 1927//1926 1928//1927
f 1847//1846 1928//1927 1929//1928
f 1929//1928 1930//1929 1849//1848
f 1930//1929 1931//1930 1850//1849
f 1931//1930 1932//1931 1851//1850
f 1932//1931 1933//1932 1852//1851
f 1933//1932 1934//1933 1853//1852
f 1853//1852 1934//1933 1935//1934
f 1854//1853 1935//1934 1936//1935
f 1855//1854 1936//1935 1937//1936
f 1856//1855 1937//1936 1938//1937
f 1857//1856 1938//1937 1939//1938
f 1858//1857 1939//1938 1940//1939
f 1859//1858 1940//1939 1941//1940
f 1941//1940 1942//1941 1861//1860
f 1861//1860 1942//1941 1943//1942
f 1862//1861 1943//1942 1944//1943
f 1864//1863 1945//1944 1946//1945
f 1865//1864 1946//1945 1947//1946
f 1866//1865 1947//1946 1948//1947
f 1867//1866 1948//1947 1949//1948
f 1868//1867 1949//1948 1950//1949
f 1869//1868 1950//1949 1951//1950
f 1870//1869 1951//1950 1952//1951
f 1952//1951 1953//1952 1872//1871
f 1953//1952 1954//1953 1873//1872
f 1954//1953 1955//1954 1874//1873
f 1874//1873 1955//1954 1956//1955
f 1875//1874 1956//1955 1957//1956
f 1876//1875 1957//1956 1958//1957
f 1877//1876 1958//1957 1959//1958
f 1878//1877 1959//1958 1960//1959
f 1879//1878 1960//1959 1961//1960
f 1961//1960 1962//1961 1881//1880
f 1962//1961 1963//1962 1882//1881
f 1963//1962 1964//1963 1883//1882
f 1964//1963 1965//1964 1884//1883
f 1965//1964 1966//1965 1885//1884
f 1885//1884 1966//1965 1967//1966
f 1886//1885 1967//1966 1968//1967
f 1887//1886 1968//1967 1969//1968
f 1888//1887 1969//1968 1970//1969
f 1889//1888 1970//1969 1971//1970
f 1890//1889 1971//1970 1972//1971
f 1891//1890 1972//1971 1973//1972
f 1892//1891 1973//1972 1974//1973
f 1893//1892 1974//1973 1975//1974
f 1894//1893 1975//1974 1976//1975
f 1895//1894 1976//1975 1977//1976
f 1896//1895 1977//1976 1978//1977
f 1897//1896 1978//1977 1979//1978
f 1898//1897 1979//1978 1980//1979
f 1899//1898 1980//1979 1981//1980
f 1981//1980 1982//1981 1901//1900
f 1982//1981 1983//1982 1902//1901
f 1983//1982 1984//1983 1903//1902
f 1984//1983 1985//1984 1904//1903
f 1985//1984 1986//1985 1905//1904
f 1905//1904 1986//1985 1987//1986
f 1906//1905 1987//1986 1988//1987
f 1907//1906 1988//1987 1989//1988
f 1908//1907 1989//1988 1990//1989
f 1990//1989 1991//1990 1910//1909
f 1991//1990 1992//1991 1911//1910
f 1992//1991 1993//1992 1912//1911
f 1912//1911 1993//1992 1994//1993
f 1913//1912 1994//1993 1995//1994
f 1914//1913 1995//1994 1996//1995
f 1996//1995 1997//1996 1916//1915
f 1916//1915 1997//1996 1998//1997
f 1998//1997 1999//1998 1918//1917
f 1918//1917 1999//1998 2000//1999
f 1919//1918 2000//1999 2001//2000
f 1920//1919 2001//2000 2002//2001
f 1921//1920 2002//2001 2003//2002
f 1922//1921 2003//2002 2004//2003
f 1923//1922 2004//2003 2005//2004
f 1924//1923 2005//2004 2006//2005
f 1925//1924 2006//2005 2007//2006
f 1926//1925 2007//2006 2008//2007
f 1927//1926 2008//2007 2009//2008
f 1928//1927 2009//2008 2010//2009
f 2010//2009 2011//2010 1930//1929
f 2011//2010 2012//2011 1931//1930
f 2012//2011 2013//2012 1932//1931
f 2013//2012 2014//2013 1933//1932
f 2014//2013 2015//2014 1934//1933
f 1934//1933 2015//2014 2016//2015
f 1935//1934 2016//2015 2017//2016
f 1936//1935 2017//2016 2018//2017
f 1937//1936 2018//2017 2019//2018
f 1938//1937 2019//2018 2020//2019
f 1939//1938 2020//2019 2021//2020
f 1940//1939 2021//2020 2022//2021
f 2022//2021 2023//2022 1942//1941
f 1942//1941 2023//2022 2024//2023
f 1943//1942 2024//2023 2025//2024
f 2026//2025 2027//2026 1946//1945
f 2027//2026 2028//2027 1947//1946
f 2028//2027 2029//2028 1948//1947
f 2029//2028 2030//2029 1949//1948
f 1949//1948 2030//2029 2031//2030
f 1950//1949 2031//2030 2032//2031
f 2032//2031 2033//2032 1952//1951
f 1952//1951 2033//2032 2034//2033
f 1953//1952 2034//2033 2035//2034
f 2035//2034 2036//2035 1955//1954
f 2036//2035 2037//2036 1956//1955
f 2037//2036 2038//2037 1957//1956
f 2038//2037 2039//2038 1958//1957
f 2039//2038 2040//2039 1959//1958
f 2040//2039 2041//2040 1960//1959
f 2041//2040 2042//2041 1961//1960
f 2042//2041 2043//2042 1962//1961
f 2043//2042 2044//2043 1963//1962
f 2044//2043 2045//2044 1964//1963
f 2045//2044 2046//2045 1965//1964
f 2046//2045 2047//2046 1966//1965
f 2047//2046 2048//2047 1967//1966
f 2048//2047 2049//2048 1968//1967
f 2049//2048 2050//2049 1969//1968
f 2050//2049 2051//2050 1970//1969
f 2051//2050 2052//2051 1971//1970
f 2052//2051 2053//2052 1972//1971
f 2053//2052 2054//2053 1973//1972
f 2054//2053 2055//2054 1974//1973
f 2055//2054 2056//2055 1975//1974
f 2056//2055 2057//2056 1976//1975
f 2057//2056 2058//2057 1977//1976
f 2058//2057 2059//2058 1978//1977
f 2059//2058 2060//2059 1979//1978
f 2060//2059 2061//2060 1980//1979
f 2061//2060 2062//2061 1981//1980
f 1981//1980 2062//2061 2063//2062
f 1982//1981 2063//2062 2064//2063
f 1983//1982 2064//2063 2065//2064
f 1984//1983 2065//2064 2066//2065
f 1985//1984 2066//2065 2067//2066
f 2067//2066 2068//2067 1987//1986
f 2068//2067 2069//2068 1988//1987
f 1988//1987 2069//2068 2070//2069
f 2070//2069 2071//2070 1990//1989
f 2071//2070 2072//2071 1991//1990
f 2072//2071 2073//2072 1992//1991
f 2073//2072 2074//2073 1993//1992
f 1993//1992 2074//2073 2075//2074
f 1994//1993 2075//2074 2076//2075
f 1995//1994 2076//2075 2077//2076
f 1996//1995 2077//2076 2078//2077
f 1997//1996 2078//2077 2079//2078
f 2079//2078 2080//2079 1999//1998
f 1999//1998 2080//2079 2081//2080
f 2081//2080 2082//2081 2001//2000
f 2082//2081 2083//2082 2002//2001
f 2083//2082 2084//2083 2003//2002
f 2084//2083 2085//2084 2004//2003
f 2085//2084 2086//2085 2005//2004
f 2086//2085 2087//2086 2006//2005
f 2087//2086 2088//2087 2007//2006
f 2007//2006 2088//2087 2089//2088
f 2008//2007 2089//2088 2090//2089
f 2009//2008 2090//2089 2091//2090
f 2091//2090 2092//2091 2011//2010
f 2011//2010 2092//2091 2093//2092
f 2012//2011 2093//2092 2094//2093
f 2013//2012 2094//2093 2095//2094
f 2014//2013 2095//2094 2096//2095
f 2015//2014 2096//2095 2097//2096
f 2097//2096 2098//2097 2017//2016
f 2098//2097 2099//2098 2018//2017
f 2099//2098 2100//2099 2019//2018
f 2100//2099 2101//2100 2020//2019
f 2101//2100 2102//2101 2021//2020
f 2021//2020 2102//2101 2103//2102
f 2022//2021 2103//2102 2104//2103
f 2104//2103 2105//2104 2024//2023
f 2024//2023 2105//2104 2106//2105
f 2107//2106 2108//2107 2027//2026
f 2108//2107 2109//2108 2028//2027
f 2109//2108 2110//2109 2029//2028
f 2110//2109 2111//2110 2030//2029
f 2111//2110 2112//2111 2031//2030
f 2112//2111 2113//2112 2032//2031
f 2113//2112 2114//2113 2033//2032
f 2033//2032 2114//2113 2115//2114
f 2034//2033 2115//2114 2116//2115
f 2116//2115 2117//2116 2036//2035
f 2117//2116 2118//2117 2037//2036
f 2118//2117 2119//2118 2038//2037
f 2119//2118 2120//2119 2039//2038
f 2120//2119 2121//2120 2040//2039
f 2121//2120 2122//2121 2041//2040
f 2122//2121 2123//2122 2042//2041
f 2123//2122 2124//2123 2043//2042
f 2124//2123 2125//2124 2044//2043
f 2125//2124 2126//2125 2045//2044
f 2126//2125 2127//2126 2046//2045
f 2046//2045 2127//2126 2128//2127
f 2128//2127 2129//2128 2048//2047
f 2129//2128 2130//2129 2049//2048
f 2130//2129 2131//2130 2050//2049
f 2131//2130 2132//2131 2051//2050
f 2132//2131 2133//2132 2052//2051
f 2133//2132 2134//2133 2053//2052
f 2134//2133 2135//2134 2054//2053
f 2135//2134 2136//2135 2055//2054
f 2136//2135 2137//2136 2056//2055
f 2137//2136 2138//2137 2057//2056
f 2138//2137 2139//2138 2058//2057
f 2139//2138 2140//2139 2059//2058
f 2140//2139 2141//2140 2060//2059
f 2141//2140 2142//2141 2061//2060
f 2142//2141 2143//2142 2062//2061
f 2062//2061 2143//2142 2144//2143
f 2063//2062 2144//2143 2145//2144
f 2064//2063 2145//2144 2146//2145
f 2065//2064 2146//2145 2147//2146
f 2066//2065 2147//2146 2148//2147
f 2067//2066 2148//2147 2149//2148
f 2068//2067 2149//2148 2150//2149
f 2069//2068 2150//2149 2151//2150
f 2151//2150 2152//2151 2071//2070
f 2152//2151 2153//2152 2072//2071
f 2153//2152 2154//2153 2073//2072
f 2154//2153 2155//2154 2074//2073
f 2074//2073 2155//2154 2156//2155
f 2075//2074 2156//2155 2157//2156
f 2076//2075 2157//2156 2158//2157
f 2077//2076 2158//2157 2159//2158
f 2159//2158 2160//2159 2079//2078
f 2160//2159 2161//2160 2080//2079
f 2080//2079 2161//2160 2162//2161
f 2081//2080 2162//2161 2163//2162
f 2082//2081 2163//2162 2164//2163
f 2083//2082 2164//2163 2165//2164
f 2165//2164 2166//2165 2085//2084
f 2166//2165 2167//2166 2086//2085
f 2086//2085 2167//2166 2168//2167
f 2168//2167 2169//2168 2088//2087
f 2169//2168 2170//2169 2089//2088
f 2170//2169 2171//2170 2090//2089
f 2171//2170 2172//2171 2091//2090
f 2172//2171 2173//2172 2092//2091
f 2092//2091 2173//2172 2174//2173
f 2093//2092 2174//2173 2175//2174
f 2094//2093 2175//2174 2176//2175
f 2095//2094 2176//2175 2177//2176
f 2096//2095 2177//2176 2178//2177
f 2178//2177 2179//2178 2098//2097
f 2179//2178 2180//2179 2099//2098
f 2180//2179 2181//2180 2100//2099
f 2181//2180 2182//2181 2101//2100
f 2182//2181 2183//2182 2102//2101
f 2183//2182 2184//2183 2103//2102
f 2184//2183 2185//2184 2104//2103
f 2104//2103 2185//2184 2186//2185
f 2105//2104 2186//2185 2187//2186
f 2188//2187 2189//2188 2108//2107
f 2189//2188 2190//2189 2109//2108
f 2190//2189 2191//2190 2110//2109
f 2191//2190 2192//2191 2111//2110
f 2192//2191 2193//2192 2112//2111
f 2193//2192 2194//2193 2113//2112
f 2194//2193 2195//2194 2114//2113
f 2195//2194 2196//2195 2115//2114
f 2196//2195 2197//2196 2116//2115
f 2197//2196 2198//2197 2117//2116
f 2198//2197 2199//2198 2118//2117
f 2199//2198 2200//2199 2119//2118
f 2200//2199 2201//2200 2120//2119
f 2201//2200 2202//2201 2121//2120
f 2202//2201 2203//2202 2122//2121
f 2203//2202 2204//2203 2123//2122
f 2204//2203 2205//2204 2124//2123
f 2205//2204 2206//2205 2125//2124
f 2206//2205 2207//2206 2126//2125
f 2207//2206 2208//2207 2127//2126
f 2127//2126 2208//2207 2209//2208
f 2128//2127 2209//2208 2210//2209
f 2210//2209 2211//2210 2130//2129
f 2211//2210 2212//2211 2131//2130
f 2212//2211 2213//2212 2132//2131
f 2213//2212 2214//2213 2133//2132
f 2214//2213 2215//2214 2134//2133
f 2215//2214 2216//2215 2135//2134
f 2216//2215 2217//2216 2136//2135
f 2217//2216 2218//2217 2137//2136
f 2218//2217 2219//2218 2138//2137
f 2219//2218 2220//2219 2139//2138
f 2220//2219 2221//2220 2140//2139
f 2221//2220 2222//2221 2141//2140
f 2222//2221 2223//2222 2142//2141
f 2142//2141 2223//2222 2224//2223
f 2224//2223 2225//2224 2144//2143
f 2144//2143 2225//2224 2226//2225
f 2145//2144 2226//2225 2227//2226
f 2146//2145 2227//2226 2228//2227
f 2147//2146 2228//2227 2229//2228
f 2148//2147 2229//2228 2230//2229
f 2149//2148 2230//2229 2231//2230
f 2150//2149 2231//2230 2232//2231
f 2151//2150 2232//2231 2233//2232
f 2233//2232 2234//2233 2153//2152
f 2153//2152 2234//2233 2235//2234
f 2235//2234 2236//2235 2155//2154
f 2236//2235 2237//2236 2156//2155
f 2156//2155 2237//2236 2238//2237
f 2157//2156 2238//2237 2239//2238
f 2158//2157 2239//2238 2240//2239
f 2240//2239 2241//2240 2160//2159
f 2241//2240 2242//2241 2161//2160
f 2161//2160 2242//2241 2243//2242
f 2162//2161 2243//2242 2244//2243
f 2163//2162 2244//2243 2245//2244
f 2164//2163 2245//2244 2246//2245
f 2246//2245 2247//2246 2166//2165
f 2247//2246 2248//2247 2167//2166
f 2167//2166 2248//2247 2249//2248
f 2168//2167 2249//2248 2250//2249
f 2250//2249 2251//2250 2170//2169
f 2251//2250 2252//2251 2171//2170
f 2252//2251 2253//2252 2172//2171
f 2253//2252 2254//2253 2173//2172
f 2254//2253 2255//2254 2174//2173
f 2174//2173 2255//2254 2256//2255
f 2175//2174 2256//2255 2257//2256
f 2176//2175 2257//2256 2258//2257
f 2177//2176 2258//2257 2259//2258
f 2259//2258 2260//2259 2179//2178
f 2260//2259 2261//2260 2180//2179
f 2261//2260 2262//2261 2181//2180
f 2262//2261 2263//2262 2182//2181
f 2182//2181 2263//2262 2264//2263
f 2264//2263 2265//2264 2184//2183
f 2184//2183 2265//2264 2266//2265
f 2266//2265 2267//2266 2186//2185
f 2186//2185 2267//2266 2268//2267
f 2269//2268 2270//2269 2189//2188
f 2270//2269 2271//2270 2190//2189
f 2271//2270 2272//2271 2191//2190
f 2272//2271 2273//2272 2192//2191
f 2273//2272 2274//2273 2193//2192
f 2274//2273 2275//2274 2194//2193
f 2275//2274 2276//2275 2195//2194
f 2276//2275 2277//2276 2196//2195
f 2196//2195 2277//2276 2278//2277
f 2278//2277 2279//2278 2198//2197
f 2279//2278 2280//2279 2199//2198
f 2280//2279 2281//2280 2200//2199
f 2281//2280 2282//2281 2201//2200
f 2282//2281 2283//2282 2202//2201
f 2202//2201 2283//2282 2284//2283
f 2284//2283 2285//2284 2204//2203
f 2204//2203 2285//2284 2286//2285
f 2205//2204 2286//2285 2287//2286
f 2206//2205 2287//2286 2288//2287
f 2207//2206 2288//2287 2289//2288
f 2289//2288 2290//2289 2209//2208
f 2290//2289 2291//2290 2210//2209
f 2291//2290 2292//2291 2211//2210
f 2292//2291 2293//2292 2212//2211
f 2293//2292 2294//2293 2213//2212
f 2294//2293 2295//2294 2214//2213
f 2214//2213 2295//2294 2296//2295
f 2215//2214 2296//2295 2297//2296
f 2216//2215 2297//2296 2298//2297
f 2298//2297 2299//2298 2218//2217
f 2299//2298 2300//2299 2219//2218
f 2300//2299 2301//2300 2220//2219
f 2301//2300 2302//2301 2221//2220
f 2221//2220 2302//2301 2303//2302
f 2222//2221 2303//2302 2304//2303
f 2223//2222 2304//2303 2305//2304
f 2224//2223 2305//2304 2306//2305
f 2225//2224 2306//2305 2307//2306
f 2226//2225 2307//2306 2308//2307
f 2227//2226 2308//2307 2309//2308
f 2228//2227 2309//2308 2310//2309
f 2310//2309 2311//2310 2230//2229
f 2311//2310 2312//2311 2231//2230
f 2312//2311 2313//2312 2232//2231
f 2232//2231 2313//2312 2314//2313
f 2233//2232 2314//2313 2315//2314
f 2234//2233 2315//2314 2316//2315
f 2235//2234 2316//2315 2317//2316
f 2236//2235 2317//2316 2318//2317
f 2237//2236 2318//2317 2319//2318
f 2319//2318 2320//2319 2239//2238
f 2320//2319 2321//2320 2240//2239
f 2321//2320 2322//2321 2241//2240
f 2322//2321 2323//2322 2242//2241
f 2242//2241 2323//2322 2324//2323
f 2243//2242 2324//2323 2325//2324
f 2244//2243 2325//2324 2326//2325
f 2245//2244 2326//2325 2327//2326
f 2246//2245 2327//2326 2328//2327
f 2247//2246 2328//2327 2329//2328
f 2248//2247 2329//2328 2330//2329
f 2330//2329 2331//2330 2250//2249
f 2331//2330 2332//2331 2251//2250
f 2332//2331 2333//2332 2252//2251
f 2333//2332 2334//2333 2253//2252
f 2334//2333 2335//2334 2254//2253
f 2335//2334 2336//2335 2255//2254
f 2255//2254 2336//2335 2337//2336
f 2256//2255 2337//2336 2338//2337
f 2257//2256 2338//2337 2339//2338
f 2258//2257 2339//2338 2340//2339
f 2259//2258 2340//2339 2341//2340
f 2341//2340 2342//2341 2261//2260
f 2342//2341 2343//2342 2262//2261
f 2343//2342 2344//2343 2263//2262
f 2344//2343 2345//2344 2264//2263
f 2264//2263 2345//2344 2346//2345
f 2265//2264 2346//2345 2347//2346
f 2266//2265 2347//2346 2348//2347
f 2267//2266 2348//2347 2349//2348
f 2269//2268 2350//2349 2351//2350
f 2270//2269 2351//2350 2352//2351
f 2271//2270 2352//2351 2353//2352
f 2272//2271 2353//2352 2354//2353
f 2273//2272 2354//2353 2355//2354
f 2274//2273 2355//2354 2356//2355
f 2275//2274 2356//2355 2357//2356
f 2357//2356 2358//2357 2277//2276
f 2358//2357 2359//2358 2278//2277
f 2278//2277 2359//2358 2360//2359
f 2279//2278 2360//2359 2361//2360
f 2280//2279 2361//2360 2362//2361
f 2281//2280 2362//2361 2363//2362
f 2282//2281 2363//2362 2364//2363
f 2364//2363 2365//2364 2284//2283
f 2284//2283 2365//2364 2366//2365
f 2285//2284 2366//2365 2367//2366
f 2286//2285 2367//2366 2368//2367
f 2287//2286 2368//2367 2369//2368
f 2288//2287 2369//2368 2370//2369
f 2289//2288 2370//2369 2371//2370
f 2290//2289 2371//2370 2372//2371
f 2291//2290 2372//2371 2373//2372
f 2292//2291 2373//2372 2374//2373
f 2293//2292 2374//2373 2375//2374
f 2294//2293 2375//2374 2376//2375
f 2376//2375 2377//2376 2296//2295
f 2296//2295 2377//2376 2378//2377
f 2297//2296 2378//2377 2379//2378
f 2298//2297 2379//2378 2380//2379
f 2299//2298 2380//2379 2381//2380
f 2381//2380 2382//2381 2301//2300
f 2382//2381 2383//2382 2302//2301
f 2302//2301 2383//2382 2384//2383
f 2303//2302 2384//2383 2385//2384
f 2304//2303 2385//2384 2386//2385
f 2305//2304 2386//2385 2387//2386
f 2387//2386 2388//2387 2307//2306
f 2388//2387 2389//2388 2308//2307
f 2389//2388 2390//2389 2309//2308
f 2390//2389 2391//2390 2310//2309
f 2391//2390 2392//2391 2311//2310
f 2392//2391 2393//2392 2312//2311
f 2393//2392 2394//2393 2313//2312
f 2394//2393 2395//2394 2314//2313
f 2314//2313 2395//2394 2396//2395
f 2315//2314 2396//2395 2397//2396
f 2316//2315 2397//2396 2398//2397
f 2317//2316 2398//2397 2399//2398
f 2318//2317 2399//2398 2400//2399
f 2319//2318 2400//2399 2401//2400
f 2320//2319 2401//2400 2402//2401
f 2321//2320 2402//2401 2403//2402
f 2322//2321 2403//2402 2404//2403
f 2404//2403 2405//2404 2324//2323
f 2405//2404 2406//2405 2325//2324
f 2325//2324 2406//2405 2407//2406
f 2326//2325 2407//2406 2408//2407
f 2327//2326 2408//2407 2409//2408
f 2328//2327 2409//2408 2410//2409
f 2329//2328 2410//2409 2411//2410
f 2411//2410 2412//2411 2331//2330
f 2412//2411 2413//2412 2332//2331
f 2413//2412 2414//2413 2333//2332
f 2414//2413 2415//2414 2334//2333
f 2334//2333 2415//2414 2416//2415
f 2416//2415 2417//2416 2336//2335
f 2417//2416 2418//2417 2337//2336
f 2418//2417 2419//2418 2338//2337
f 2419//2418 2420//2419 2339//2338
f 2420//2419 2421//2420 2340//2339
f 2421//2420 2422//2421 2341//2340
f 2341//2340 2422//2421 2423//2422
f 2342//2341 2423//2422 2424//2423
f 2424//2423 2425//2424 2344//2343
f 2425//2424 2426//2425 2345//2344
f 2426//2425 2427//2426 2346//2345
f 2346//2345 2427//2426 2428//2427
f 2347//2346 2428//2427 2429//2428
f 2348//2347 2429//2428 2430//2429
f 2350//2349 2431//2430 2432//2431
f 2351//2350 2432//2431 2433//2432
f 2352//2351 2433//2432 2434//2433
f 2353//2352 2434//2433 2435//2434
f 2354//2353 2435//2434 2436//2435
f 2355//2354 2436//2435 2437//2436
f 2356//2355 2437//2436 2438//2437
f 2438//2437 2439//2438 2358//2357
f 2439//2438 2440//2439 2359//2358
f 2359//2358 2440//2439 2441//2440
f 2360//2359 2441//2440 2442//2441
f 2361//2360 2442//2441 2443//2442
f 2362//2361 2443//2442 2444//2443
f 2363//2362 2444//2443 2445//2444
f 2364//2363 2445//2444 2446//2445
f 2446//2445 2447//2446 2366//2365
f 2366//2365 2447//2446 2448//2447
f 2367//2366 2448//2447 2449//2448
f 2368//2367 2449//2448 2450//2449
f 2369//2368 2450//2449 2451//2450
f 2370//2369 2451//2450 2452//2451
f 2371//2370 2452//2451 2453//2452
f 2372//2371 2453//2452 2454//2453
f 2373//2372 2454//2453 2455//2454
f 2374//2373 2455//2454 2456//2455
f 2456//2455 2457//2456 2376//2375
f 2457//2456 2458//2457 2377//2376
f 2377//2376 2458//2457 2459//2458
f 2378//2377 2459//2458 2460//2459
f 2379//2378 2460//2459 2461//2460
f 2380//2379 2461//2460 2462//2461
f 2381//2380 2462//2461 2463//2462
f 2382//2381 2463//2462 2464//2463
f 2464//2463 2465//2464 2384//2383
f 2465//2464 2466//2465 2385//2384
f 2466//2465 2467//2466 2386//2385
f 2467//2466 2468//2467 2387//2386
f 2468//2467 2469//2468 2388//2387
f 2469//2468 2470//2469 2389//2388
f 2470//2469 2471//2470 2390//2389
f 2471//2470 2472//2471 2391//2390
f 2472//2471 2473//2472 2392//2391
f 2473//2472 2474//2473 2393//2392
f 2474//2473 2475//2474 2394//2393
f 2394//2393 2475//2474 2476//2475
f 2476//2475 2477//2476 2396//2395
f 2396//2395 2477//2476 2478//2477
f 2397//2396 2478//2477 2479//2478
f 2398//2397 2479//2478 2480//2479
f 2399//2398 2480//2479 2481//2480
f 2400//2399 2481//2480 2482//2481
f 2401//2400 2482//2481 2483//2482
f 2402//2401 2483//2482 2484//2483
f 2403//2402 2484//2483 2485//2484
f 2404//2403 2485//2484 2486//2485
f 2486//2485 2487//2486 2406//2405
f 2406//2405 2487//2486 2488//2487
f 2488//2487 2489//2488 2408//2407
f 2489//2488 2490//2489 2409//2408
f 2490//2489 2491//2490 2410//2409
f 2491//2490 2492//2491 2411//2410
f 2411//2410 2492//2491 2493//2492
f 2412//2411 2493//2492 2494//2493
f 2413//2412 2494//2493 2495//2494
f 2414//2413 2495//2494 2496//2495
f 2415//2414 2496//2495 2497//2496
f 2497//2496 2498//2497 2417//2416
f 2498//2497 2499//2498 2418//2417
f 2499//2498 2500//2499 2419//2418
f 2500//2499 2501//2500 2420//2419
f 2501//2500 2502//2501 2421//2420
f 2502//2501 2503//2502 2422//2421
f 2422//2421 2503//2502 2504//2503
f 2423//2422 2504//2503 2505//2504
f 2424//2423 2505//2504 2506//2505
f 2425//2424 2506//2505 2507//2506
f 2507//2506 2508//2507 2427//2426
f 2508//2507 2509//2508 2428//2427
f 2509//2508 2510//2509 2429//2428
f 2510//2509 2511//2510 2430//2429
f 2431//2430 2512//2511 2513//2512
f 2432//2431 2513//2512 2514//2513
f 2433//2432 2514//2513 2515//2514
f 2434//2433 2515//2514 2516//2515
f 2435//2434 2516//2515 2517//2516
f 2436//2435 2517//2516 2518//2517
f 2437//2436 2518//2517 2519//2518
f 2519//2518 2520//2519 2439//2438
f 2520//2519 2521//2520 2440//2439
f 2440//2439 2521//2520 2522//2521
f 2441//2440 2522//2521 2523//2522
f 2442//2441 2523//2522 2524//2523
f 2443//2442 2524//2523 2525//2524
f 2444//2443 2525//2524 2526//2525
f 2445//2444 2526//2525 2527//2526
f 2527//2526 2528//2527 2447//2446
f 2447//2446 2528//2527 2529//2528
f 2448//2447 2529//2528 2530//2529
f 2449//2448 2530//2529 2531//2530
f 2450//2449 2531//2530 2532//2531
f 2451//2450 2532//2531 2533//2532
f 2452//2451 2533//2532 2534//2533
f 2453//2452 2534//2533 2535//2534
f 2454//2453 2535//2534 2536//2535
f 2455//2454 2536//2535 2537//2536
f 2537//2536 2538//2537 2457//2456
f 2538//2537 2539//2538 2458//2457
f 2458//2457 2539//2538 2540//2539
f 2459//2458 2540//2539 2541//2540
f 2460//2459 2541//2540 2542//2541
f 2461//2460 2542//2541 2543//2542
f 2462//2461 2543//2542 2544//2543
f 2463//2462 2544//2543 2545//2544
f 2545//2544 2546//2545 2465//2464
f 2546//2545 2547//2546 2466//2465
f 2547//2546 2548//2547 2467//2466
f 2548//2547 2549//2548 2468//2467
f 2549//2548 2550//2549 2469//2468
f 2550//2549 2551//2550 2470//2469
f 2551//2550 2552//2551 2471//2470
f 2552//2551 2553//2552 2472//2471
f 2553//2552 2554//2553 2473//2472
f 2554//2553 2555//2554 2474//2473
f 2474//2473 2555//2554 2556//2555
f 2475//2474 2556//2555 2557//2556
f 2557//2556 2558//2557 2477//2476
f 2558//2557 2559//2558 2478//2477
f 2478//2477 2559//2558 2560//2559
f 2479//2478 2560//2559 2561//2560
f 2480//2479 2561//2560 2562//2561
f 2481//2480 2562//2561 2563//2562
f 2482//2481 2563//2562 2564//2563
f 2483//2482 2564//2563 2565//2564
f 2484//2483 2565//2564 2566//2565
f 2485//2484 2566//2565 2567//2566
f 2486//2485 2567//2566 2568//2567
f 2487//2486 2568//2567 2569//2568
f 2488//2487 2569//2568 2570//2569
f 2570//2569 2571//2570 2490//2489
f 2571//2570 2572//2571 2491//2490
f 2572//2571 2573//2572 2492//2491
f 2492//2491 2573//2572 2574//2573
f 2493//2492 2574//2573 2575//2574
f 2494//2493 2575//2574 2576//2575
f 2495//2494 2576//2575 2577//2576
f 2496//2495 2577//2576 2578//2577
f 2578//2577 2579//2578 2498//2497
f 2579//2578 2580//2579 2499//2498
f 2580//2579 2581//2580 2500//2499
f 2581//2580 2582//2581 2501//2500
f 2582//2581 2583//2582 2502//2501
f 2502//2501 2583//2582 2584//2583
f 2503//2502 2584//2583 2585//2584
f 2504//2503 2585//2584 2586//2585
f 2505//2504 2586//2585 2587//2586
f 2506//2505 2587//2586 2588//2587
f 2588//2587 2589//2588 2508//2507
f 2589//2588 2590//2589 2509//2508
f 2590//2589 2591//2590 2510//2509
f 2591//2590 2592//2591 2511//2510
f 2512//2511 2593//2592 2594//2593
f 2513//2512 2594//2593 2595//2594
f 2514//2513 2595//2594 2596//2595
f 2515//2514 2596//2595 2597//2596
f 2516//2515 2597//2596 2598//2597
f 2517//2516 2598//2597 2599//2598
f 2518//2517 2599//2598 2600//2599
f 2600//2599 2601//2600 2520//2519
f 2601//2600 2602//2601 2521//2520
f 2521//2520 2602//2601 2603//2602
f 2603//2602 2604//2603 2523//2522
f 2604//2603 2605//2604 2524//2523
f 2605//2604 2606//2605 2525//2524
f 2525//2524 2606//2605 2607//2606
f 2526//2525 2607//2606 2608//2607
f 2608//2607 2609//2608 2528//2527
f 2528//2527 2609//2608 2610//2609
f 2610//2609 2611//2610 2530//2529
f 2530//2529 2611//2610 2612//2611
f 2531//2530 2612//2611 2613//2612
f 2532//2531 2613//2612 2614//2613
f 2533//2532 2614//2613 2615//2614
f 2534//2533 2615//2614 2616//2615
f 2535//2534 2616//2615 2617//2616
f 2536//2535 2617//2616 2618//2617
f 2537//2536 2618//2617 2619//2618
f 2619//2618 2620//2619 2539//2538
f 2539//2538 2620//2619 2621//2620
f 2540//2539 2621//2620 2622//2621
f 2541//2540 2622//2621 2623//2622
f 2542//2541 2623//2622 2624//2623
f 2543//2542 2624//2623 2625//2624
f 2544//2543 2625//2624 2626//2625
f 2545//2544 2626//2625 2627//2626
f 2627//2626 2628//2627 2547//2546
f 2628//2627 2629//2628 2548//2547
f 2629//2628 2630//2629 2549//2548
f 2549//2548 2630//2629 2631//2630
f 2631//2630 2632//2631 2551//2550
f 2632//2631 2633//2632 2552//2551
f 2633//2632 2634//2633 2553//2552
f 2634//2633 2635//2634 2554//2553
f 2635//2634 2636//2635 2555//2554
f 2636//2635 2637//2636 2556//2555
f 2556//2555 2637//2636 2638//2637
f 2638//2637 2639//2638 2558//2557
f 2639//2638 2640//2639 2559//2558
f 2640//2639 2641//2640 2560//2559
f 2560//2559 2641//2640 2642//2641
f 2561//2560 2642//2641 2643//2642
f 2562//2561 2643//2642 2644//2643
f 2563//2562 2644//2643 2645//2644
f 2564//2563 2645//2644 2646//2645
f 2565//2564 2646//2645 2647//2646
f 2647//2646 2648//2647 2567//2566
f 2567//2566 2648//2647 2649//2648
f 2568//2567 2649//2648 2650//2649
f 2569//2568 2650//2649 2651//2650
f 2570//2569 2651//2650 2652//2651
f 2652//2651 2653//2652 2572//2571
f 2653//2652 2654//2653 2573//2572
f 2654//2653 2655//2654 2574//2573
f 2574//2573 2655//2654 2656//2655
f 2575//2574 2656//2655 2657//2656
f 2576//2575 2657//2656 2658//2657
f 2577//2576 2658//2657 2659//2658
f 2659//2658 2660//2659 2579//2578
f 2660//2659 2661//2660 2580//2579
f 2661//2660 2662//2661 2581//2580
f 2662//2661 2663//2662 2582//2581
f 2582//2581 2663//2662 2664//2663
f 2583//2582 2664//2663 2665//2664
f 2584//2583 2665//2664 2666//2665
f 2585//2584 2666//2665 2667//2666
f 2586//2585 2667//2666 2668//2667
f 2587//2586 2668//2667 2669//2668
f 2669//2668 2670//2669 2589//2588
f 2670//2669 2671//2670 2590//2589
f 2671//2670 2672//2671 2591//2590
f 2591//2590 2672//2671 2673//2672
f 2674//2673 2675//2674 2594//2593
f 2675//2674 2676//2675 2595//2594
f 2676//2675 2677//2676 2596//2595
f 2677//2676 2678//2677 2597//2596
f 2678//2677 2679//2678 2598//2597
f 2679//2678 2680//2679 2599//2598
f 2680//2679 2681//2680 2600//2599
f 2681//2680 2682//2681 2601//2600
f 2682//2681 2683//2682 2602//2601
f 2683//2682 2684//2683 2603//2602
f 2684//2683 2685//2684 2604//2603
f 2685//2684 2686//2685 2605//2604
f 2686//2685 2687//2686 2606//2605
f 2687//2686 2688//2687 2607//2606
f 2607//2606 2688//2687 2689//2688
f 2608//2607 2689//2688 2690//2689
f 2690//2689 2691//2690 2610//2609
f 2610//2609 2691//2690 2692//2691
f 2611//2610 2692//2691 2693//2692
f 2612//2611 2693//2692 2694//2693
f 2613//2612 2694//2693 2695//2694
f 2614//2613 2695//2694 2696//2695
f 2615//2614 2696//2695 2697//2696
f 2616//2615 2697//2696 2698//2697
f 2617//2616 2698//2697 2699//2698
f 2618//2617 2699//2698 2700//2699
f 2619//2618 2700//2699 2701//2700
f 2620//2619 2701//2700 2702//2701
f 2621//2620 2702//2701 2703//2702
f 2622//2621 2703//2702 2704//2703
f 2623//2622 2704//2703 2705//2704
f 2624//2623 2705//2704 2706//2705
f 2625//2624 2706//2705 2707//2706
f 2626//2625 2707//2706 2708//2707
f 2708//2707 2709//2708 2628//2627
f 2709//2708 2710//2709 2629//2628
f 2710//2709 2711//2710 2630//2629
f 2711//2710 2712//2711 2631//2630
f 2712//2711 2713//2712 2632//2631
f 2713//2712 2714//2713 2633//2632
f 2714//2713 2715//2714 2634//2633
f 2715//2714 2716//2715 2635//2634
f 2716//2715 2717//2716 2636//2635
f 2636//2635 2717//2716 2718//2717
f 2637//2636 2718//2717 2719//2718
f 2638//2637 2719//2718 2720//2719
f 2720//2719 2721//2720 2640//2639
f 2640//2639 2721//2720 2722//2721
f 2641//2640 2722//2721 2723//2722
f 2642//2641 2723//2722 2724//2723
f 2643//2642 2724//2723 2725//2724
f 2644//2643 2725//2724 2726//2725
f 2645//2644 2726//2725 2727//2726
f 2646//2645 2727//2726 2728//2727
f 2647//2646 2728//2727 2729//2728
f 2648//2647 2729//2728 2730//2729
f 2649//2648 2730//2729 2731//2730
f 2650//2649 2731//2730 2732//2731
f 2651//2650 2732//2731 2733//2732
f 2733//2732 2734//2733 2653//2652
f 2734//2733 2735//2734 2654//2653
f 2654//2653 2735//2734 2736//2735
f 2736//2735 2737//2736 2656//2655
f 2656//2655 2737//2736 2738//2737
f 2657//2656 2738//2737 2739//2738
f 2658//2657 2739//2738 2740//2739
f 2659//2658 2740//2739 2741//2740
f 2741//2740 2742//2741 2661//2660
f 2742//2741 2743//2742 2662//2661
f 2743//2742 2744//2743 2663//2662
f 2663//2662 2744//2743 2745//2744
f 2664//2663 2745//2744 2746//2745
f 2665//2664 2746//2745 2747//2746
f 2666//2665 2747//2746 2748//2747
f 2667//2666 2748//2747 2749//2748
f 2668//2667 2749//2748 2750//2749
f 2750//2749 2751//2750 2670//2669
f 2751//2750 2752//2751 2671//2670
f 2752//2751 2753//2752 2672//2671
f 2672//2671 2753//2752 2754//2753
f 2755//2754 2756//2755 2675//2674
f 2756//2755 2757//2756 2676//2675
f 2757//2756 2758//2757 2677//2676
f 2758//2757 2759//2758 2678//2677
f 2759//2758 2760//2759 2679//2678
f 2760//2759 2761//2760 2680//2679
f 2761//2760 2762//2761 2681//2680
f 2762//2761 2763//2762 2682//2681
f 2763//2762 2764//2763 2683//2682
f 2764//2763 2765//2764 2684//2683
f 2765//2764 2766//2765 2685//2684
f 2766//2765 2767//2766 2686//2685
f 2767//2766 2768//2767 2687//2686
f 2768//2767 2769//2768 2688//2687
f 2688//2687 2769//2768 2770//2769
f 2689//2688 2770//2769 2771//2770
f 2771//2770 2772//2771 2691//2690
f 2691//2690 2772//2771 2773//2772
f 2773//2772 2774//2773 2693//2692
f 2774//2773 2775//2774 2694//2693
f 2694//2693 2775//2774 2776//2775
f 2776//2775 2777//2776 2696//2695
f 2777//2776 2778//2777 2697//2696
f 2697//2696 2778//2777 2779//2778
f 2779//2778 2780//2779 2699//2698
f 2699//2698 2780//2779 2781//2780
f 2700//2699 2781//2780 2782//2781
f 2782//2781 2783//2782 2702//2701
f 2783//2782 2784//2783 2703//2702
f 2784//2783 2785//2784 2704//2703
f 2785//2784 2786//2785 2705//2704
f 2786//2785 2787//2786 2706//2705
f 2706//2705 2787//2786 2788//2787
f 2707//2706 2788//2787 2789//2788
f 2708//2707 2789//2788 2790//2789
f 2790//2789 2791//2790 2710//2709
f 2791//2790 2792//2791 2711//2710
f 2792//2791 2793//2792 2712//2711
f 2793//2792 2794//2793 2713//2712
f 2794//2793 2795//2794 2714//2713
f 2795//2794 2796//2795 2715//2714
f 2796//2795 2797//2796 2716//2715
f 2716//2715 2797//2796 2798//2797
f 2717//2716 2798//2797 2799//2798
f 2799//2798 2800//2799 2719//2718
f 2719//2718 2800//2799 2801//2800
f 2720//2719 2801//2800 2802//2801
f 2721//2720 2802//2801 2803//2802
f 2803//2802 2804//2803 2723//2722
f 2804//2803 2805//2804 2724//2723
f 2724//2723 2805//2804 2806//2805
f 2725//2724 2806//2805 2807//2806
f 2726//2725 2807//2806 2808//2807
f 2808//2807 2809//2808 2728//2727
f 2809//2808 2810//2809 2729//2728
f 2729//2728 2810//2809 2811//2810
f 2730//2729 2811//2810 2812//2811
f 2731//2730 2812//2811 2813//2812
f 2813//2812 2814//2813 2733//2732
f 2733//2732 2814//2813 2815//2814
f 2734//2733 2815//2814 2816//2815
f 2735//2734 2816//2815 2817//2816
f 2817//2816 2818//2817 2737//2736
f 2818//2817 2819//2818 2738//2737
f 2819//2818 2820//2819 2739//2738
f 2820//2819 2821//2820 2740//2739
f 2821//2820 2822//2821 2741//2740
f 2741//2740 2822//2821 2823//2822
f 2742//2741 2823//2822 2824//2823
f 2743//2742 2824//2823 2825//2824
f 2825//2824 2826//2825 2745//2744
f 2826//2825 2827//2826 2746//2745
f 2827//2826 2828//2827 2747//2746
f 2747//2746 2828//2827 2829//2828
f 2748//2747 2829//2828 2830//2829
f 2749//2748 2830//2829 2831//2830
f 2750//2749 2831//2830 2832//2831
f 2751//2750 2832//2831 2833//2832
f 2833//2832 2834//2833 2753//2752
f 2834//2833 2835//2834 2754//2753
f 2836//2835 2837//2836 2756//2755
f 2837//2836 2838//2837 2757//2756
f 2838//2837 2839//2838 2758//2757
f 2839//2838 2840//2839 2759//2758
f 2840//2839 2841//2840 2760//2759
f 2841//2840 2842//2841 2761//2760
f 2842//2841 2843//2842 2762//2761
f 2843//2842 2844//2843 2763//2762
f 2844//2843 2845//2844 2764//2763
f 2845//2844 2846//2845 2765//2764
f 2846//2845 2847//2846 2766//2765
f 2847//2846 2848//2847 2767//2766
f 2848//2847 2849//2848 2768//2767
f 2768//2767 2849//2848 2850//2849
f 2850//2849 2851//2850 2770//2769
f 2770//2769 2851//2850 2852//2851
f 2771//2770 2852//2851 2853//2852
f 2772//2771 2853//2852 2854//2853
f 2773//2772 2854//2853 2855//2854
f 2855//2854 2856//2855 2775//2774
f 2856//2855 2857//2856 2776//2775
f 2857//2856 2858//2857 2777//2776
f 2858//2857 2859//2858 2778//2777
f 2859//2858 2860//2859 2779//2778
f 2779//2778 2860//2859 2861//2860
f 2780//2779 2861//2860 2862//2861
f 2862//2861 2863//2862 2782//2781
f 2863//2862 2864//2863 2783//2782
f 2864//2863 2865//2864 2784//2783
f 2784//2783 2865//2864 2866//2865
f 2866//2865 2867//2866 2786//2785
f 2867//2866 2868//2867 2787//2786
f 2868//2867 2869//2868 2788//2787
f 2788//2787 2869//2868 2870//2869
f 2789//2788 2870//2869 2871//2870
f 2871//2870 2872//2871 2791//2790
f 2872//2871 2873//2872 2792//2791
f 2873//2872 2874//2873 2793//2792
f 2874//2873 2875//2874 2794//2793
f 2875//2874 2876//2875 2795//2794
f 2876//2875 2877//2876 2796//2795
f 2877//2876 2878//2877 2797//2796
f 2797//2796 2878//2877 2879//2878
f 2798//2797 2879//2878 2880//2879
f 2880//2879 2881//2880 2800//2799
f 2800//2799 2881//2880 2882//2881
f 2801//2800 2882//2881 2883//2882
f 2802//2801 2883//2882 2884//2883
f 2884//2883 2885//2884 2804//2803
f 2885//2884 2886//2885 2805//2804
f 2805//2804 2886//2885 2887//2886
f 2806//2805 2887//2886 2888//2887
f 2888//2887 2889//2888 2808//2807
f 2889//2888 2890//2889 2809//2808
f 2890//2889 2891//2890 2810//2809
f 2891//2890 2892//2891 2811//2810
f 2892//2891 2893//2892 2812//2811
f 2893//2892 2894//2893 2813//2812
f 2894//2893 2895//2894 2814//2813
f 2895//2894 2896//2895 2815//2814
f 2896//2895 2897//2896 2816//2815
f 2897//2896 2898//2897 2817//2816
f 2898//2897 2899//2898 2818//2817
f 2818//2817 2899//2898 2900//2899
f 2900//2899 2901//2900 2820//2819
f 2901//2900 2902//2901 2821//2820
f 2902//2901 2903//2902 2822//2821
f 2822//2821 2903//2902 2904//2903
f 2823//2822 2904//2903 2905//2904
f 2824//2823 2905//2904 2906//2905
f 2906//2905 2907//2906 2826//2825
f 2907//2906 2908//2907 2827//2826
f 2908//2907 2909//2908 2828//2827
f 2909//2908 2910//2909 2829//2828
f 2910//2909 2911//2910 2830//2829
f 2911//2910 2912//2911 2831//2830
f 2912//2911 2913//2912 2832//2831
f 2913//2912 2914//2913 2833//2832
f 2833//2832 2914//2913 2915//2914
f 2915//2914 2916//2915 2835//2834
f 2917//2916 2918//2917 2837//2836
f 2918//2917 2919//2918 2838//2837
f 2919//2918 2920//2919 2839//2838
f 2920//2919 2921//2920 2840//2839
f 2921//2920 2922//2921 2841//2840
f 2922//2921 2923//2922 2842//2841
f 2923//2922 2924//2923 2843//2842
f 2924//2923 2925//2924 2844//2843
f 2844//2843 2925//2924 2926//2925
f 2845//2844 2926//2925 2927//2926
f 2846//2845 2927//2926 2928//2927
f 2928//2927 2929//2928 2848//2847
f 2929//2928 2930//2929 2849//2848
f 2930//2929 2931//2930 2850//2849
f 2931//2930 2932//2931 2851//2850
f 2932//2931 2933//2932 2852//2851
f 2852//2851 2933//2932 2934//2933
f 2853//2852 2934//2933 2935//2934
f 2854//2853 2935//2934 2936//2935
f 2936//2935 2937//2936 2856//2855
f 2937//2936 2938//2937 2857//2856
f 2938//2937 2939//2938 2858//2857
f 2939//2938 2940//2939 2859//2858
f 2940//2939 2941//2940 2860//2859
f 2860//2859 2941//2940 2942//2941
f 2942//2941 2943//2942 2862//2861
f 2943//2942 2944//2943 2863//2862
f 2863//2862 2944//2943 2945//2944
f 2945//2944 2946//2945 2865//2864
f 2946//2945 2947//2946 2866//2865
f 2947//2946 2948//2947 2867//2866
f 2948//2947 2949//2948 2868//2867
f 2868//2867 2949//2948 2950//2949
f 2869//2868 2950//2949 2951//2950
f 2870//2869 2951//2950 2952//2951
f 2952//2951 2953//2952 2872//2871
f 2953//2952 2954//2953 2873//2872
f 2873//2872 2954//2953 2955//2954
f 2874//2873 2955//2954 2956//2955
f 2875//2874 2956//2955 2957//2956
f 2876//2875 2957//2956 2958//2957
f 2958//2957 2959//2958 2878//2877
f 2878//2877 2959//2958 2960//2959
f 2879//2878 2960//2959 2961//2960
f 2961//2960 2962//2961 2881//2880
f 2962//2961 2963//2962 2882//2881
f 2882//2881 2963//2962 2964//2963
f 2883//2882 2964//2963 2965//2964
f 2965//2964 2966//2965 2885//2884
f 2885//2884 2966//2965 2967//2966
f 2886//2885 2967//2966 2968//2967
f 2968//2967 2969//2968 2888//2887
f 2888//2887 2969//2968 2970//2969
f 2970//2969 2971//2970 2890//2889
f 2971//2970 2972//2971 2891//2890
f 2972//2971 2973//2972 2892//2891
f 2973//2972 2974//2973 2893//2892
f 2974//2973 2975//2974 2894//2893
f 2975//2974 2976//2975 2895//2894
f 2976//2975 2977//2976 2896//2895
f 2977//2976 2978//2977 2897//2896
f 2978//2977 2979//2978 2898//2897
f 2979//2978 2980//2979 2899//2898
f 2899//2898 2980//2979 2981//2980
f 2981//2980 2982//2981 2901//2900
f 2982//2981 2983//2982 2902//2901
f 2983//2982 2984//2983 2903//2902
f 2903//2902 2984//2983 2985//2984
f 2904//2903 2985//2984 2986//2985
f 2905//2904 2986//2985 2987//2986
f 2906//2905 2987//2986 2988//2987
f 2988//2987 2989//2988 2908//2907
f 2989//2988 2990//2989 2909//2908
f 2990//2989 2991//2990 2910//2909
f 2991//2990 2992//2991 2911//2910
f 2911//2910 2992//2991 2993//2992
f 2993//2992 2994//2993 2913//2912
f 2994//2993 2995//2994 2914//2913
f 2995//2994 2996//2995 2915//2914
f 2996//2995 2997//2996 2916//2915
f 2998//2997 2999//2998 2918//2917
f 2999//2998 3000//2999 2919//2918
f 3000//2999 3001//3000 2920//2919
f 3001//3000 3002//3001 2921//2920
f 3002//3001 3003//3002 2922//2921
f 3003//3002 3004//3003 2923//2922
f 3004//3003 3005//3004 2924//2923
f 2924//2923 3005//3004 3006//3005
f 2925//2924 3006//3005 3007//3006
f 2926//2925 3007//3006 3008//3007
f 2927//2926 3008//3007 3009//3008
f 3009//3008 3010//3009 2929//2928
f 3010//3009 3011//3010 2930//2929
f 3011//3010 3012//3011 2931//2930
f 3012//3011 3013//3012 2932//2931
f 3013//3012 3014//3013 2933//2932
f 2933//2932 3014//3013 3015//3014
f 2934//2933 3015//3014 3016//3015
f 2935//2934 3016//3015 3017//3016
f 3017//3016 3018//3017 2937//2936
f 3018//3017 3019//3018 2938//2937
f 3019//3018 3020//3019 2939//2938
f 3020//3019 3021//3020 2940//2939
f 3021//3020 3022//3021 2941//2940
f 2941//2940 3022//3021 3023//3022
f 3023//3022 3024//3023 2943//2942
f 3024//3023 3025//3024 2944//2943
f 2944//2943 3025//3024 3026//3025
f 2945//2944 3026//3025 3027//3026
f 3027//3026 3028//3027 2947//2946
f 3028//3027 3029//3028 2948//2947
f 3029//3028 3030//3029 2949//2948
f 2949//2948 3030//3029 3031//3030
f 3031//3030 3032//3031 2951//2950
f 3032//3031 3033//3032 2952//2951
f 2952//2951 3033//3032 3034//3033
f 3034//3033 3035//3034 2954//2953
f 2954//2953 3035//3034 3036//3035
f 2955//2954 3036//3035 3037//3036
f 2956//2955 3037//3036 3038//3037
f 2957//2956 3038//3037 3039//3038
f 2958//2957 3039//3038 3040//3039
f 3040//3039 3041//3040 2960//2959
f 2960//2959 3041//3040 3042//3041
f 2961//2960 3042//3041 3043//3042
f 3043//3042 3044//3043 2963//2962
f 3044//3043 3045//3044 2964//2963
f 2964//2963 3045//3044 3046//3045
f 2965//2964 3046//3045 3047//3046
f 3047//3046 3048//3047 2967//2966
f 3048//3047 3049//3048 2968//2967
f 2968//2967 3049//3048 3050//3049
f 2969//2968 3050//3049 3051//3050
f 2970//2969 3051//3050 3052//3051
f 3052//3051 3053//3052 2972//2971
f 3053//3052 3054//3053 2973//2972
f 3054//3053 3055//3054 2974//2973
f 2974//2973 3055//3054 3056//3055
f 2975//2974 3056//3055 3057//3056
f 2976//2975 3057//3056 3058//3057
f 3058//3057 3059//3058 2978//2977
f 3059//3058 3060//3059 2979//2978
f 3060//3059 3061//3060 2980//2979
f 2980//2979 3061//3060 3062//3061
f 2981//2980 3062//3061 3063//3062
f 2982//2981 3063//3062 3064//3063
f 3064//3063 3065//3064 2984//2983
f 2984//2983 3065//3064 3066//3065
f 2985//2984 3066//3065 3067//3066
f 2986//2985 3067//3066 3068//3067
f 3068//3067 3069//3068 2988//2987
f 3069//3068 3070//3069 2989//2988
f 3070//3069 3071//3070 2990//2989
f 2990//2989 3071//3070 3072//3071
f 3072//3071 3073//3072 2992//2991
f 2992//2991 3073//3072 3074//3073
f 3074//3073 3075//3074 2994//2993
f 3075//3074 3076//3075 2995//2994
f 3076//3075 3077//3076 2996//2995
f 3077//3076 3078//3077 2997//2996
f 2998//2997 3079//3078 3080//3079
f 3080//3079 3081//3080 3000//2999
f 3081//3080 3082//3081 3001//3000
f 3082//3081 3083//3082 3002//3001
f 3083//3082 3084//3083 3003//3002
f 3084//3083 3085//3084 3004//3003
f 3085//3084 3086//3085 3005//3004
f 3005//3004 3086//3085 3087//3086
f 3006//3005 3087//3086 3088//3087
f 3007//3006 3088//3087 3089//3088
f 3008//3007 3089//3088 3090//3089
f 3090//3089 3091//3090 3010//3009
f 3091//3090 3092//3091 3011//3010
f 3092//3091 3093//3092 3012//3011
f 3093//3092 3094//3093 3013//3012
f 3094//3093 3095//3094 3014//3013
f 3014//3013 3095//3094 3096//3095
f 3096//3095 3097//3096 3016//3015
f 3016//3015 3097//3096 3098//3097
f 3098//3097 3099//3098 3018//3017
f 3099//3098 3100//3099 3019//3018
f 3100//3099 3101//3100 3020//3019
f 3101//3100 3102//3101 3021//3020
f 3021//3020 3102//3101 3103//3102
f 3022//3021 3103//3102 3104//3103
f 3023//3022 3104//3103 3105//3104
f 3105//3104 3106//3105 3025//3024
f 3106//3105 3107//3106 3026//3025
f 3107//3106 3108//3107 3027//3026
f 3108//3107 3109//3108 3028//3027
f 3109//3108 3110//3109 3029//3028
f 3110//3109 3111//3110 3030//3029
f 3111//3110 3112//3111 3031//3030
f 3112//3111 3113//3112 3032//3031
f 3113//3112 3114//3113 3033//3032
f 3114//3113 3115//3114 3034//3033
f 3034//3033 3115//3114 3116//3115
f 3035//3034 3116//3115 3117//3116
f 3117//3116 3118//3117 3037//3036
f 3118//3117 3119//3118 3038//3037
f 3119//3118 3120//3119 3039//3038
f 3120//3119 3121//3120 3040//3039
f 3121//3120 3122//3121 3041//3040
f 3122//3121 3123//3122 3042//3041
f 3042//3041 3123//3122 3124//3123
f 3043//3042 3124//3123 3125//3124
f 3125//3124 3126//3125 3045//3044
f 3045//3044 3126//3125 3127//3126
f 3046//3045 3127//3126 3128//3127
f 3047//3046 3128//3127 3129//3128
f 3048//3047 3129//3128 3130//3129
f 3049//3048 3130//3129 3131//3130
f 3050//3049 3131//3130 3132//3131
f 3051//3050 3132//3131 3133//3132
f 3052//3051 3133//3132 3134//3133
f 3053//3052 3134//3133 3135//3134
f 3054//3053 3135//3134 3136//3135
f 3055//3054 3136//3135 3137//3136
f 3056//3055 3137//3136 3138//3137
f 3057//3056 3138//3137 3139//3138
f 3058//3057 3139//3138 3140//3139
f 3059//3058 3140//3139 3141//3140
f 3060//3059 3141//3140 3142//3141
f 3142//3141 3143//3142 3062//3061
f 3143//3142 3144//3143 3063//3062
f 3144//3143 3145//3144 3064//3063
f 3064//3063 3145//3144 3146//3145
f 3065//3064 3146//3145 3147//3146
f 3066//3065 3147//3146 3148//3147
f 3148//3147 3149//3148 3068//3067
f 3149//3148 3150//3149 3069//3068
f 3150//3149 3151//3150 3070//3069
f 3070//3069 3151//3150 3152//3151
f 3071//3070 3152//3151 3153//3152
f 3072//3071 3153//3152 3154//3153
f 3154//3153 3155//3154 3074//3073
f 3155//3154 3156//3155 3075//3074
f 3075//3074 3156//3155 3157//3156
f 3157//3156 3158//3157 3077//3076
f 3158//3157 3159//3158 3078//3077
f 3079//3078 3160//3159 3161//3160
f 3080//3079 3161//3160 3162//3161
f 3162//3161 3163//3162 3082//3081
f 3082//3081 3163//3162 3164//3163
f 3083//3082 3164//3163 3165//3164
f 3084//3083 3165//3164 3166//3165
f 3085//3084 3166//3165 3167//3166
f 3086//3085 3167//3166 3168//3167
f 3087//3086 3168//3167 3169//3168
f 3088//3087 3169//3168 3170//3169
f 3089//3088 3170//3169 3171//3170
f 3171//3170 3172//3171 3091//3090
f 3172//3171 3173//3172 3092//3091
f 3173//3172 3174//3173 3093//3092
f 3093//3092 3174//3173 3175//3174
f 3175//3174 3176//3175 3095//3094
f 3176//3175 3177//3176 3096//3095
f 3177//3176 3178//3177 3097//3096
f 3097//3096 3178//3177 3179//3178
f 3179//3178 3180//3179 3099//3098
f 3180//3179 3181//3180 3100//3099
f 3181//3180 3182//3181 3101//3100
f 3182//3181 3183//3182 3102//3101
f 3183//3182 3184//3183 3103//3102
f 3103//3102 3184//3183 3185//3184
f 3104//3103 3185//3184 3186//3185
f 3186//3185 3187//3186 3106//3105
f 3187//3186 3188//3187 3107//3106
f 3188//3187 3189//3188 3108//3107
f 3189//3188 3190//3189 3109//3108
f 3190//3189 3191//3190 3110//3109
f 3191//3190 3192//3191 3111//3110
f 3192//3191 3193//3192 3112//3111
f 3193//3192 3194//3193 3113//3112
f 3194//3193 3195//3194 3114//3113
f 3195//3194 3196//3195 3115//3114
f 3196//3195 3197//3196 3116//3115
f 3116//3115 3197//3196 3198//3197
f 3198//3197 3199//3198 3118//3117
f 3199//3198 3200//3199 3119//3118
f 3200//3199 3201//3200 3120//3119
f 3201//3200 3202//3201 3121//3120
f 3202//3201 3203//3202 3122//3121
f 3203//3202 3204//3203 3123//3122
f 3204//3203 3205//3204 3124//3123
f 3124//3123 3205//3204 3206//3205
f 3125//3124 3206//3205 3207//3206
f 3126//3125 3207//3206 3208//3207
f 3127//3126 3208//3207 3209//3208
f 3128//3127 3209//3208 3210//3209
f 3129//3128 3210//3209 3211//3210
f 3130//3129 3211//3210 3212//3211
f 3131//3130 3212//3211 3213//3212
f 3132//3131 3213//3212 3214//3213
f 3133//3132 3214//3213 3215//3214
f 3134//3133 3215//3214 3216//3215
f 3135//3134 3216//3215 3217//3216
f 3136//3135 3217//3216 3218//3217
f 3137//3136 3218//3217 3219//3218
f 3138//3137 3219//3218 3220//3219
f 3139//3138 3220//3219 3221//3220
f 3140//3139 3221//3220 3222//3221
f 3222//3221 3223//3222 3142//3141
f 3223//3222 3224//3223 3143//3142
f 3224//3223 3225//3224 3144//3143
f 3225//3224 3226//3225 3145//3144
f 3145//3144 3226//3225 3227//3226
f 3146//3145 3227//3226 3228//3227
f 3147//3146 3228//3227 3229//3228
f 3148//3147 3229//3228 3230//3229
f 3149//3148 3230//3229 3231//3230
f 3150//3149 3231//3230 3232//3231
f 3232//3231 3233//3232 3152//3151
f 3233//3232 3234//3233 3153//3152
f 3234//3233 3235//3234 3154//3153
f 3235//3234 3236//3235 3155//3154
f 3155//3154 3236//3235 3237//3236
f 3156//3155 3237//3236 3238//3237
f 3238//3237 3239//3238 3158//3157
f 3239//3238 3240//3239 3159//3158
f 3160//3159 3241//3240 3242//3241
f 3161//3160 3242//3241 3243//3242
f 3243//3242 3244//3243 3163//3162
f 3163//3162 3244//3243 3245//3244
f 3164//3163 3245//3244 3246//3245
f 3165//3164 3246//3245 3247//3246
f 3166//3165 3247//3246 3248//3247
f 3167//3166 3248//3247 3249//3248
f 3249//3248 3250//3249 3169//3168
f 3250//3249 3251//3250 3170//3169
f 3251//3250 3252//3251 3171//3170
f 3171//3170 3252//3251 3253//3252
f 3172//3171 3253//3252 3254//3253
f 3173//3172 3254//3253 3255//3254
f 3255//3254 3256//3255 3175//3174
f 3256//3255 3257//3256 3176//3175
f 3257//3256 3258//3257 3177//3176
f 3258//3257 3259//3258 3178//3177
f 3259//3258 3260//3259 3179//3178
f 3179//3178 3260//3259 3261//3260
f 3180//3179 3261//3260 3262//3261
f 3181//3180 3262//3261 3263//3262
f 3182//3181 3263//3262 3264//3263
f 3264//3263 3265//3264 3184//3183
f 3265//3264 3266//3265 3185//3184
f 3266//3265 3267//3266 3186//3185
f 3267//3266 3268//3267 3187//3186
f 3268//3267 3269//3268 3188//3187
f 3269//3268 3270//3269 3189//3188
f 3270//3269 3271//3270 3190//3189
f 3271//3270 3272//3271 3191//3190
f 3272//3271 3273//3272 3192//3191
f 3273//3272 3274//3273 3193//3192
f 3274//3273 3275//3274 3194//3193
f 3275//3274 3276//3275 3195//3194
f 3276//3275 3277//3276 3196//3195
f 3277//3276 3278//3277 3197//3196
f 3278//3277 3279//3278 3198//3197
f 3279//3278 3280//3279 3199//3198
f 3280//3279 3281//3280 3200//3199
f 3281//3280 3282//3281 3201//3200
f 3282//3281 3283//3282 3202//3201
f 3283//3282 3284//3283 3203//3202
f 3284//3283 3285//3284 3204//3203
f 3285//3284 3286//3285 3205//3204
f 3205//3204 3286//3285 3287//3286
f 3206//3205 3287//3286 3288//3287
f 3207//3206 3288//3287 3289//3288
f 3208//3207 3289//3288 3290//3289
f 3209//3208 3290//3289 3291//3290
f 3210//3209 3291//3290 3292//3291
f 3292//3291 3293//3292 3212//3211
f 3212//3211 3293//3292 3294//3293
f 3213//3212 3294//3293 3295//3294
f 3214//3213 3295//3294 3296//3295
f 3215//3214 3296//3295 3297//3296
f 3216//3215 3297//3296 3298//3297
f 3217//3216 3298//3297 3299//3298
f 3218//3217 3299//3298 3300//3299
f 3219//3218 3300//3299 3301//3300
f 3220//3219 3301//3300 3302//3301
f 3221//3220 3302//3301 3303//3302
f 3303//3302 3304//3303 3223//3222
f 3304//3303 3305//3304 3224//3223
f 3305//3304 3306//3305 3225//3224
f 3306//3305 3307//3306 3226//3225
f 3226//3225 3307//3306 3308//3307
f 3227//3226 3308//3307 3309//3308
f 3228//3227 3309//3308 3310//3309
f 3229//3228 3310//3309 3311//3310
f 3230//3229 3311//3310 3312//3311
f 3312//3311 3313//3312 3232//3231
f 3313//3312 3314//3313 3233//3232
f 3314//3313 3315//3314 3234//3233
f 3315//3314 3316//3315 3235//3234
f 3316//3315 3317//3316 3236//3235
f 3236//3235 3317//3316 3318//3317
f 3237//3236 3318//3317 3319//3318
f 3238//3237 3319//3318 3320//3319
f 3239//3238 3320//3319 3321//3320
f 3241//3240 3322//3321 3323//3322
f 3323//3322 3324//3323 3243//3242
f 3324//3323 3325//3324 3244//3243
f 3325//3324 3326//3325 3245//3244
f 3245//3244 3326//3325 3327//3326
f 3246//3245 3327//3326 3328//3327
f 3247//3246 3328//3327 3329//3328
f 3248//3247 3329//3328 3330//3329
f 3330//3329 3331//3330 3250//3249
f 3331//3330 3332//3331 3251//3250
f 3332//3331 3333//3332 3252//3251
f 3252//3251 3333//3332 3334//3333
f 3253//3252 3334//3333 3335//3334
f 3254//3253 3335//3334 3336//3335
f 3336//3335 3337//3336 3256//3255
f 3337//3336 3338//3337 3257//3256
f 3338//3337 3339//3338 3258//3257
f 3339//3338 3340//3339 3259//3258
f 3259//3258 3340//3339 3341//3340
f 3260//3259 3341//3340 3342//3341
f 3261//3260 3342//3341 3343//3342
f 3262//3261 3343//3342 3344//3343
f 3263//3262 3344//3343 3345//3344
f 3345//3344 3346//3345 3265//3264
f 3346//3345 3347//3346 3266//3265
f 3347//3346 3348//3347 3267//3266
f 3348//3347 3349//3348 3268//3267
f 3349//3348 3350//3349 3269//3268
f 3350//3349 3351//3350 3270//3269
f 3351//3350 3352//3351 3271//3270
f 3352//3351 3353//3352 3272//3271
f 3353//3352 3354//3353 3273//3272
f 3354//3353 3355//3354 3274//3273
f 3355//3354 3356//3355 3275//3274
f 3356//3355 3357//3356 3276//3275
f 3357//3356 3358//3357 3277//3276
f 3358//3357 3359//3358 3278//3277
f 3359//3358 3360//3359 3279//3278
f 3360//3359 3361//3360 3280//3279
f 3361//3360 3362//3361 3281//3280
f 3362//3361 3363//3362 3282//3281
f 3282//3281 3363//3362 3364//3363
f 3364//3363 3365//3364 3284//3283
f 3365//3364 3366//3365 3285//3284
f 3366//3365 3367//3366 3286//3285
f 3286//3285 3367//3366 3368//3367
f 3287//3286 3368//3367 3369//3368
f 3288//3287 3369//3368 3370//3369
f 3289//3288 3370//3369 3371//3370
f 3290//3289 3371//3370 3372//3371
f 3291//3290 3372//3371 3373//3372
f 3373//3372 3374//3373 3293//3292
f 3293//3292 3374//3373 3375//3374
f 3294//3293 3375//3374 3376//3375
f 3295//3294 3376//3375 3377//3376
f 3296//3295 3377//3376 3378//3377
f 3297//3296 3378//3377 3379//3378
f 3298//3297 3379//3378 3380//3379
f 3299//3298 3380//3379 3381//3380
f 3300//3299 3381//3380 3382//3381
f 3301//3300 3382//3381 3383//3382
f 3383//3382 3384//3383 3303//3302
f 3384//3383 3385//3384 3304//3303
f 3385//3384 3386//3385 3305//3304
f 3386//3385 3387//3386 3306//3305
f 3387//3386 3388//3387 3307//3306
f 3307//3306 3388//3387 3389//3388
f 3308//3307 3389//3388 3390//3389
f 3309//3308 3390//3389 3391//3390
f 3310//3309 3391//3390 3392//3391
f 3311//3310 3392//3391 3393//3392
f 3393//3392 3394//3393 3313//3312
f 3394//3393 3395//3394 3314//3313
f 3395//3394 3396//3395 3315//3314
f 3396//3395 3397//3396 3316//3315
f 3316//3315 3397//3396 3398//3397
f 3317//3316 3398//3397 3399//3398
f 3318//3317 3399//3398 3400//3399
f 3319//3318 3400//3399 3401//3400
f 3320//3319 3401//3400 3402//3401
f 3322//3321 3403//3402 3404//3403
f 3404//3403 3405//3404 3324//3323
f 3405//3404 3406//3405 3325//3324
f 3406//3405 3407//3406 3326//3325
f 3407//3406 3408//3407 3327//3326
f 3408//3407 3409//3408 3328//3327
f 3409//3408 3410//3409 3329//3328
f 3329//3328 3410//3409 3411//3410
f 3411//3410 3412//3411 3331//3330
f 3412//3411 3413//3412 3332//3331
f 3413//3412 3414//3413 3333//3332
f 3414//3413 3415//3414 3334//3333
f 3334//3333 3415//3414 3416//3415
f 3335//3334 3416//3415 3417//3416
f 3336//3335 3417//3416 3418//3417
f 3418//3417 3419//3418 3338//3337
f 3419//3418 3420//3419 3339//3338
f 3420//3419 3421//3420 3340//3339
f 3421//3420 3422//3421 3341//3340
f 3422//3421 3423//3422 3342//3341
f 3423//3422 3424//3423 3343//3342
f 3343//3342 3424//3423 3425//3424
f 3344//3343 3425//3424 3426//3425
f 3426//3425 3427//3426 3346//3345
f 3427//3426 3428//3427 3347//3346
f 3428//3427 3429//3428 3348//3347
f 3348//3347 3429//3428 3430//3429
f 3430//3429 3431//3430 3350//3349
f 3350//3349 3431//3430 3432//3431
f 3432//3431 3433//3432 3352//3351
f 3433//3432 3434//3433 3353//3352
f 3434//3433 3435//3434 3354//3353
f 3435//3434 3436//3435 3355//3354
f 3436//3435 3437//3436 3356//3355
f 3437//3436 3438//3437 3357//3356
f 3438//3437 3439//3438 3358//3357
f 3439//3438 3440//3439 3359//3358
f 3440//3439 3441//3440 3360//3359
f 3441//3440 3442//3441 3361//3360
f 3442//3441 3443//3442 3362//3361
f 3443//3442 3444//3443 3363//3362
f 3444//3443 3445//3444 3364//3363
f 3445//3444 3446//3445 3365//3364
f 3446//3445 3447//3446 3366//3365
f 3366//3365 3447//3446 3448//3447
f 3367//3366 3448//3447 3449//3448
f 3368//3367 3449//3448 3450//3449
f 3369//3368 3450//3449 3451//3450
f 3370//3369 3451//3450 3452//3451
f 3371//3370 3452//3451 3453//3452
f 3372//3371 3453//3452 3454//3453
f 3373//3372 3454//3453 3455//3454
f 3374//3373 3455//3454 3456//3455
f 3375//3374 3456//3455 3457//3456
f 3376//3375 3457//3456 3458//3457
f 3377//3376 3458//3457 3459//3458
f 3378//3377 3459//3458 3460//3459
f 3379//3378 3460//3459 3461//3460
f 3380//3379 3461//3460 3462//3461
f 3381//3380 3462//3461 3463//3462
f 3382//3381 3463//3462 3464//3463
f 3464//3463 3465//3464 3384//3383
f 3465//3464 3466//3465 3385//3384
f 3466//3465 3467//3466 3386//3385
f 3467//3466 3468//3467 3387//3386
f 3387//3386 3468//3467 3469//3468
f 3388//3387 3469//3468 3470//3469
f 3389//3388 3470//3469 3471//3470
f 3390//3389 3471//3470 3472//3471
f 3391//3390 3472//3471 3473//3472
f 3392//3391 3473//3472 3474//3473
f 3474//3473 3475//3474 3394//3393
f 3475//3474 3476//3475 3395//3394
f 3476//3475 3477//3476 3396//3395
f 3477//3476 3478//3477 3397//3396
f 3397//3396 3478//3477 3479//3478
f 3398//3397 3479//3478 3480//3479
f 3399//3398 3480//3479 3481//3480
f 3400//3399 3481//3480 3482//3481
f 3401//3400 3482//3481 3483//3482
f 3484//3483 3485//3484 3404//3403
f 3485//3484 3486//3485 3405//3404
f 3486//3485 3487//3486 3406//3405
f 3487//3486 3488//3487 3407//3406
f 3488//3487 3489//3488 3408//3407
f 3489//3488 3490//3489 3409//3408
f 3409//3408 3490//3489 3491//3490
f 3410//3409 3491//3490 3492//3491
f 3492//3491 3493//3492 3412//3411
f 3493//3492 3494//3493 3413//3412
f 3494//3493 3495//3494 3414//3413
f 3495//3494 3496//3495 3415//3414
f 3415//3414 3496//3495 3497//3496
f 3416//3415 3497//3496 3498//3497
f 3417//3416 3498//3497 3499//3498
f 3418//3417 3499//3498 3500//3499
f 3419//3418 3500//3499 3501//3500
f 3420//3419 3501//3500 3502//3501
f 3502//3501 3503//3502 3422//3421
f 3503//3502 3504//3503 3423//3422
f 3504//3503 3505//3504 3424//3423
f 3505//3504 3506//3505 3425//3424
f 3425//3424 3506//3505 3507//3506
f 3426//3425 3507//3506 3508//3507
f 3508//3507 3509//3508 3428//3427
f 3509//3508 3510//3509 3429//3428
f 3510//3509 3511//3510 3430//3429
f 3430//3429 3511//3510 3512//3511
f 3512//3511 3513//3512 3432//3431
f 3513//3512 3514//3513 3433//3432
f 3514//3513 3515//3514 3434//3433
f 3515//3514 3516//3515 3435//3434
f 3516//3515 3517//3516 3436//3435
f 3517//3516 3518//3517 3437//3436
f 3518//3517 3519//3518 3438//3437
f 3519//3518 3520//3519 3439//3438
f 3520//3519 3521//3520 3440//3439
f 3521//3520 3522//3521 3441//3440
f 3522//3521 3523//3522 3442//3441
f 3442//3441 3523//3522 3524//3523
f 3443//3442 3524//3523 3525//3524
f 3444//3443 3525//3524 3526//3525
f 3445//3444 3526//3525 3527//3526
f 3527//3526 3528//3527 3447//3446
f 3528//3527 3529//3528 3448//3447
f 3529//3528 3530//3529 3449//3448
f 3449//3448 3530//3529 3531//3530
f 3450//3449 3531//3530 3532//3531
f 3451//3450 3532//3531 3533//3532
f 3452//3451 3533//3532 3534//3533
f 3453//3452 3534//3533 3535//3534
f 3454//3453 3535//3534 3536//3535
f 3455//3454 3536//3535 3537//3536
f 3537//3536 3538//3537 3457//3456
f 3538//3537 3539//3538 3458//3457
f 3539//3538 3540//3539 3459//3458
f 3540//3539 3541//3540 3460//3459
f 3541//3540 3542//3541 3461//3460
f 3542//3541 3543//3542 3462//3461
f 3462//3461 3543//3542 3544//3543
f 3463//3462 3544//3543 3545//3544
f 3545//3544 3546//3545 3465//3464
f 3546//3545 3547//3546 3466//3465
f 3547//3546 3548//3547 3467//3466
f 3548//3547 3549//3548 3468//3467
f 3468//3467 3549//3548 3550//3549
f 3469//3468 3550//3549 3551//3550
f 3470//3469 3551//3550 3552//3551
f 3471//3470 3552//3551 3553//3552
f 3472//3471 3553//3552 3554//3553
f 3473//3472 3554//3553 3555//3554
f 3555//3554 3556//3555 3475//3474
f 3556//3555 3557//3556 3476//3475
f 3557//3556 3558//3557 3477//3476
f 3477//3476 3558//3557 3559//3558
f 3478//3477 3559//3558 3560//3559
f 3479//3478 3560//3559 3561//3560
f 3480//3479 3561//3560 3562//3561
f 3481//3480 3562//3561 3563//3562
f 3482//3481 3563//3562 3564//3563
f 3565//3564 3566//3565 3485//3484
f 3566//3565 3567//3566 3486//3485
f 3567//3566 3568//3567 3487//3486
f 3568//3567 3569//3568 3488//3487
f 3569//3568 3570//3569 3489//3488
f 3489//3488 3570//3569 3571//3570
f 3490//3489 3571//3570 3572//3571
f 3491//3490 3572//3571 3573//3572
f 3492//3491 3573//3572 3574//3573
f 3493//3492 3574//3573 3575//3574
f 3494//3493 3575//3574 3576//3575
f 3495//3494 3576//3575 3577//3576
f 3577//3576 3578//3577 3497//3496
f 3578//3577 3579//3578 3498//3497
f 3498//3497 3579//3578 3580//3579
f 3580//3579 3581//3580 3500//3499
f 3500//3499 3581//3580 3582//3581
f 3501//3500 3582//3581 3583//3582
f 3583//3582 3584//3583 3503//3502
f 3584//3583 3585//3584 3504//3503
f 3585//3584 3586//3585 3505//3504
f 3586//3585 3587//3586 3506//3505
f 3506//3505 3587//3586 3588//3587
f 3507//3506 3588//3587 3589//3588
f 3508//3507 3589//3588 3590//3589
f 3509//3508 3590//3589 3591//3590
f 3510//3509 3591//3590 3592//3591
f 3511//3510 3592//3591 3593//3592
f 3593//3592 3594//3593 3513//3512
f 3594//3593 3595//3594 3514//3513
f 3595//3594 3596//3595 3515//3514
f 3596//3595 3597//3596 3516//3515
f 3597//3596 3598//3597 3517//3516
f 3598//3597 3599//3598 3518//3517
f 3599//3598 3600//3599 3519//3518
f 3519//3518 3600//3599 3601//3600
f 3520//3519 3601//3600 3602//3601
f 3521//3520 3602//3601 3603//3602
f 3522//3521 3603//3602 3604//3603
f 3523//3522 3604//3603 3605//3604
f 3605//3604 3606//3605 3525//3524
f 3525//3524 3606//3605 3607//3606
f 3526//3525 3607//3606 3608//3607
f 3527//3526 3608//3607 3609//3608
f 3609//3608 3610//3609 3529//3528
f 3610//3609 3611//3610 3530//3529
f 3611//3610 3612//3611 3531//3530
f 3612//3611 3613//3612 3532//3531
f 3613//3612 3614//3613 3533//3532
f 3614//3613 3615//3614 3534//3533
f 3615//3614 3616//3615 3535//3534
f 3616//3615 3617//3616 3536//3535
f 3617//3616 3618//3617 3537//3536
f 3618//3617 3619//3618 3538//3537
f 3619//3618 3620//3619 3539//3538
f 3620//3619 3621//3620 3540//3539
f 3621//3620 3622//3621 3541//3540
f 3622//3621 3623//3622 3542//3541
f 3623//3622 3624//3623 3543//3542
f 3624//3623 3625//3624 3544//3543
f 3625//3624 3626//3625 3545//3544
f 3545//3544 3626//3625 3627//3626
f 3546//3545 3627//3626 3628//3627
f 3547//3546 3628//3627 3629//3628
f 3548//3547 3629//3628 3630//3629
f 3630//3629 3631//3630 3550//3549
f 3631//3630 3632//3631 3551//3550
f 3632//3631 3633//3632 3552//3551
f 3552//3551 3633//3632 3634//3633
f 3634//3633 3635//3634 3554//3553
f 3635//3634 3636//3635 3555//3554
f 3555//3554 3636//3635 3637//3636
f 3556//3555 3637//3636 3638//3637
f 3557//3556 3638//3637 3639//3638
f 3558//3557 3639//3638 3640//3639
f 3640//3639 3641//3640 3560//3559
f 3641//3640 3642//3641 3561//3560
f 3642//3641 3643//3642 3562//3561
f 3643//3642 3644//3643 3563//3562
f 3644//3643 3645//3644 3564//3563
f 3646//3645 3647//3646 3566//3565
f 3647//3646 3648//3647 3567//3566
f 3648//3647 3649//3648 3568//3567
f 3649//3648 3650//3649 3569//3568
f 3650//3649 3651//3650 3570//3569
f 3570//3569 3651//3650 3652//3651
f 3571//3570 3652//3651 3653//3652
f 3572//3571 3653//3652 3654//3653
f 3573//3572 3654//3653 3655//3654
f 3574//3573 3655//3654 3656//3655
f 3575//3574 3656//3655 3657//3656
f 3576//3575 3657//3656 3658//3657
f 3658//3657 3659//3658 3578//3577
f 3659//3658 3660//3659 3579//3578
f 3660//3659 3661//3660 3580//3579
f 3661//3660 3662//3661 3581//3580
f 3581//3580 3662//3661 3663//3662
f 3663//3662 3664//3663 3583//3582
f 3664//3663 3665//3664 3584//3583
f 3665//3664 3666//3665 3585//3584
f 3666//3665 3667//3666 3586//3585
f 3667//3666 3668//3667 3587//3586
f 3587//3586 3668//3667 3669//3668
f 3588//3587 3669//3668 3670//3669
f 3589//3588 3670//3669 3671//3670
f 3590//3589 3671//3670 3672//3671
f 3591//3590 3672//3671 3673//3672
f 3592//3591 3673//3672 3674//3673
f 3593//3592 3674//3673 3675//3674
f 3675//3674 3676//3675 3595//3594
f 3676//3675 3677//3676 3596//3595
f 3677//3676 3678//3677 3597//3596
f 3678//3677 3679//3678 3598//3597
f 3598//3597 3679//3678 3680//3679
f 3599//3598 3680//3679 3681//3680
f 3600//3599 3681//3680 3682//3681
f 3601//3600 3682//3681 3683//3682
f 3602//3601 3683//3682 3684//3683
f 3603//3602 3684//3683 3685//3684
f 3604//3603 3685//3684 3686//3685
f 3686//3685 3687//3686 3606//3605
f 3606//3605 3687//3686 3688//3687
f 3607//3606 3688//3687 3689//3688
f 3608//3607 3689//3688 3690//3689
f 3690//3689 3691//3690 3610//3609
f 3610//3609 3691//3690 3692//3691
f 3611//3610 3692//3691 3693//3692
f 3693//3692 3694//3693 3613//3612
f 3694//3693 3695//3694 3614//3613
f 3695//3694 3696//3695 3615//3614
f 3696//3695 3697//3696 3616//3615
f 3697//3696 3698//3697 3617//3616
f 3698//3697 3699//3698 3618//3617
f 3699//3698 3700//3699 3619//3618
f 3700//3699 3701//3700 3620//3619
f 3701//3700 3702//3701 3621//3620
f 3702//3701 3703//3702 3622//3621
f 3703//3702 3704//3703 3623//3622
f 3704//3703 3705//3704 3624//3623
f 3705//3704 3706//3705 3625//3624
f 3625//3624 3706//3705 3707//3706
f 3626//3625 3707//3706 3708//3707
f 3627//3626 3708//3707 3709//3708
f 3628//3627 3709//3708 3710//3709
f 3629//3628 3710//3709 3711//3710
f 3630//3629 3711//3710 3712//3711
f 3712//3711 3713//3712 3632//3631
f 3713//3712 3714//3713 3633//3632
f 3714//3713 3715//3714 3634//3633
f 3715//3714 3716//3715 3635//3634
f 3716//3715 3717//3716 3636//3635
f 3717//3716 3718//3717 3637//3636
f 3637//3636 3718//3717 3719//3718
f 3638//3637 3719//3718 3720//3719
f 3639//3638 3720//3719 3721//3720
f 3721//3720 3722//3721 3641//3640
f 3722//3721 3723//3722 3642//3641
f 3723//3722 3724//3723 3643//3642
f 3724//3723 3725//3724 3644//3643
f 3725//3724 3726//3725 3645//3644
f 3727//3726 3728//3727 3647//3646
f 3728//3727 3729//3728 3648//3647
f 3729//3728 3730//3729 3649//3648
f 3730//3729 3731//3730 3650//3649
f 3731//3730 3732//3731 3651//3650
f 3651//3650 3732//3731 3733//3732
f 3652//3651 3733//3732 3734//3733
f 3653//3652 3734//3733 3735//3734
f 3654//3653 3735//3734 3736//3735
f 3655//3654 3736//3735 3737//3736
f 3656//3655 3737//3736 3738//3737
f 3657//3656 3738//3737 3739//3738
f 3739//3738 3740//3739 3659//3658
f 3740//3739 3741//3740 3660//3659
f 3741//3740 3742//3741 3661//3660
f 3742//3741 3743//3742 3662//3661
f 3743//3742 3744//3743 3663//3662
f 3663//3662 3744//3743 3745//3744
f 3745//3744 3746//3745 3665//3664
f 3746//3745 3747//3746 3666//3665
f 3747//3746 3748//3747 3667//3666
f 3748//3747 3749//3748 3668//3667
f 3668//3667 3749//3748 3750//3749
f 3750//3749 3751//3750 3670//3669
f 3670//3669 3751//3750 3752//3751
f 3671//3670 3752//3751 3753//3752
f 3672//3671 3753//3752 3754//3753
f 3754//3753 3755//3754 3674//3673
f 3755//3754 3756//3755 3675//3674
f 3675//3674 3756//3755 3757//3756
f 3676//3675 3757//3756 3758//3757
f 3677//3676 3758//3757 3759//3758
f 3678//3677 3759//3758 3760//3759
f 3679//3678 3760//3759 3761//3760
f 3680//3679 3761//3760 3762//3761
f 3681//3680 3762//3761 3763//3762
f 3682//3681 3763//3762 3764//3763
f 3683//3682 3764//3763 3765//3764
f 3684//3683 3765//3764 3766//3765
f 3685//3684 3766//3765 3767//3766
f 3686//3685 3767//3766 3768//3767
f 3768//3767 3769//3768 3688//3687
f 3769//3768 3770//3769 3689//3688
f 3689//3688 3770//3769 3771//3770
f 3690//3689 3771//3770 3772//3771
f 3691//3690 3772//3771 3773//3772
f 3692//3691 3773//3772 3774//3773
f 3774//3773 3775//3774 3694//3693
f 3775//3774 3776//3775 3695//3694
f 3695//3694 3776//3775 3777//3776
f 3696//3695 3777//3776 3778//3777
f 3778//3777 3779//3778 3698//3697
f 3779//3778 3780//3779 3699//3698
f 3780//3779 3781//3780 3700//3699
f 3781//3780 3782//3781 3701//3700
f 3782//3781 3783//3782 3702//3701
f 3783//3782 3784//3783 3703//3702
f 3784//3783 3785//3784 3704//3703
f 3785//3784 3786//3785 3705//3704
f 3786//3785 3787//3786 3706//3705
f 3706//3705 3787//3786 3788//3787
f 3707//3706 3788//3787 3789//3788
f 3708//3707 3789//3788 3790//3789
f 3790//3789 3791//3790 3710//3709
f 3710//3709 3791//3790 3792//3791
f 3711//3710 3792//3791 3793//3792
f 3712//3711 3793//3792 3794//3793
f 3794//3793 3795//3794 3714//3713
f 3795//3794 3796//3795 3715//3714
f 3796//3795 3797//3796 3716//3715
f 3797//3796 3798//3797 3717//3716
f 3717//3716 3798//3797 3799//3798
f 3718//3717 3799//3798 3800//3799
f 3719//3718 3800//3799 3801//3800
f 3720//3719 3801//3800 3802//3801
f 3802//3801 3803//3802 3722//3721
f 3803//3802 3804//3803 3723//3722
f 3804//3803 3805//3804 3724//3723
f 3805//3804 3806//3805 3725//3724
f 3806//3805 3807//3806 3726//3725
f 3808//3807 3809//3808 3728//3727
f 3809//3808 3810//3809 3729//3728
f 3810//3809 3811//3810 3730//3729
f 3811//3810 3812//3811 3731//3730
f 3731//3730 3812//3811 3813//3812
f 3732//3731 3813//3812 3814//3813
f 3733//3732 3814//3813 3815//3814
f 3734//3733 3815//3814 3816//3815
f 3735//3734 3816//3815 3817//3816
f 3736//3735 3817//3816 3818//3817
f 3737//3736 3818//3817 3819//3818
f 3738//3737 3819//3818 3820//3819
f 3739//3738 3820//3819 3821//3820
f 3821//3820 3822//3821 3741//3740
f 3822//3821 3823//3822 3742//3741
f 3823//3822 3824//3823 3743//3742
f 3824//3823 3825//3824 3744//3743
f 3825//3824 3826//3825 3745//3744
f 3826//3825 3827//3826 3746//3745
f 3827//3826 3828//3827 3747//3746
f 3828//3827 3829//3828 3748//3747
f 3829//3828 3830//3829 3749//3748
f 3830//3829 3831//3830 3750//3749
f 3831//3830 3832//3831 3751//3750
f 3832//3831 3833//3832 3752//3751
f 3833//3832 3834//3833 3753//3752
f 3834//3833 3835//3834 3754//3753
f 3835//3834 3836//3835 3755//3754
f 3836//3835 3837//3836 3756//3755
f 3837//3836 3838//3837 3757//3756
f 3757//3756 3838//3837 3839//3838
f 3758//3757 3839//3838 3840//3839
f 3759//3758 3840//3839 3841//3840
f 3760//3759 3841//3840 3842//3841
f 3761//3760 3842//3841 3843//3842
f 3843//3842 3844//3843 3763//3762
f 3844//3843 3845//3844 3764//3763
f 3845//3844 3846//3845 3765//3764
f 3846//3845 3847//3846 3766//3765
f 3847//3846 3848//3847 3767//3766
f 3848//3847 3849//3848 3768//3767
f 3768//3767 3849//3848 3850//3849
f 3769//3768 3850//3849 3851//3850
f 3770//3769 3851//3850 3852//3851
f 3852//3851 3853//3852 3772//3771
f 3853//3852 3854//3853 3773//3772
f 3773//3772 3854//3853 3855//3854
f 3774//3773 3855//3854 3856//3855
f 3775//3774 3856//3855 3857//3856
f 3776//3775 3857//3856 3858//3857
f 3777//3776 3858//3857 3859//3858
f 3778//3777 3859//3858 3860//3859
f 3779//3778 3860//3859 3861//3860
f 3780//3779 3861//3860 3862//3861
f 3781//3780 3862//3861 3863//3862
f 3863//3862 3864//3863 3783//3782
f 3864//3863 3865//3864 3784//3783
f 3784//3783 3865//3864 3866//3865
f 3785//3784 3866//3865 3867//3866
f 3786//3785 3867//3866 3868//3867
f 3868//3867 3869//3868 3788//3787
f 3869//3868 3870//3869 3789//3788
f 3870//3869 3871//3870 3790//3789
f 3790//3789 3871//3870 3872//3871
f 3791//3790 3872//3871 3873//3872
f 3792//3791 3873//3872 3874//3873
f 3874//3873 3875//3874 3794//3793
f 3875//3874 3876//3875 3795//3794
f 3876//3875 3877//3876 3796//3795
f 3877//3876 3878//3877 3797//3796
f 3797//3796 3878//3877 3879//3878
f 3879//3878 3880//3879 3799//3798
f 3880//3879 3881//3880 3800//3799
f 3881//3880 3882//3881 3801//3800
f 3801//3800 3882//3881 3883//3882
f 3883//3882 3884//3883 3803//3802
f 3884//3883 3885//3884 3804//3803
f 3804//3803 3885//3884 3886//3885
f 3805//3804 3886//3885 3887//3886
f 3887//3886 3888//3887 3807//3806
f 3808//3807 3889//3888 3890//3889
f 3809//3808 3890//3889 3891//3890
f 3810//3809 3891//3890 3892//3891
f 3811//3810 3892//3891 3893//3892
f 3893//3892 3894//3893 3813//3812
f 3894//3893 3895//3894 3814//3813
f 3895//3894 3896//3895 3815//3814
f 3815//3814 3896//3895 3897//3896
f 3897//3896 3898//3897 3817//3816
f 3817//3816 3898//3897 3899//3898
f 3818//3817 3899//3898 3900//3899
f 3819//3818 3900//3899 3901//3900
f 3820//3819 3901//3900 3902//3901
f 3902//3901 3903//3902 3822//3821
f 3903//3902 3904//3903 3823//3822
f 3904//3903 3905//3904 3824//3823
f 3905//3904 3906//3905 3825//3824
f 3825//3824 3906//3905 3907//3906
f 3826//3825 3907//3906 3908//3907
f 3827//3826 3908//3907 3909//3908
f 3828//3827 3909//3908 3910//3909
f 3910//3909 3911//3910 3830//3829
f 3911//3910 3912//3911 3831//3830
f 3912//3911 3913//3912 3832//3831
f 3913//3912 3914//3913 3833//3832
f 3914//3913 3915//3914 3834//3833
f 3915//3914 3916//3915 3835//3834
f 3916//3915 3917//3916 3836//3835
f 3917//3916 3918//3917 3837//3836
f 3837//3836 3918//3917 3919//3918
f 3838//3837 3919//3918 3920//3919
f 3839//3838 3920//3919 3921//3920
f 3840//3839 3921//3920 3922//3921
f 3841//3840 3922//3921 3923//3922
f 3923//3922 3924//3923 3843//3842
f 3924//3923 3925//3924 3844//3843
f 3925//3924 3926//3925 3845//3844
f 3926//3925 3927//3926 3846//3845
f 3927//3926 3928//3927 3847//3846
f 3928//3927 3929//3928 3848//3847
f 3929//3928 3930//3929 3849//3848
f 3930//3929 3931//3930 3850//3849
f 3850//3849 3931//3930 3932//3931
f 3851//3850 3932//3931 3933//3932
f 3852//3851 3933//3932 3934//3933
f 3934//3933 3935//3934 3854//3853
f 3854//3853 3935//3934 3936//3935
f 3855//3854 3936//3935 3937//3936
f 3856//3855 3937//3936 3938//3937
f 3938//3937 3939//3938 3858//3857
f 3939//3938 3940//3939 3859//3858
f 3859//3858 3940//3939 3941//3940
f 3860//3859 3941//3940 3942//3941
f 3861//3860 3942//3941 3943//3942
f 3862//3861 3943//3942 3944//3943
f 3863//3862 3944//3943 3945//3944
f 3864//3863 3945//3944 3946//3945
f 3865//3864 3946//3945 3947//3946
f 3866//3865 3947//3946 3948//3947
f 3948//3947 3949//3948 3868//3867
f 3868//3867 3949//3948 3950//3949
f 3950//3949 3951//3950 3870//3869
f 3870//3869 3951//3950 3952//3951
f 3952//3951 3953//3952 3872//3871
f 3872//3871 3953//3952 3954//3953
f 3873//3872 3954//3953 3955//3954
f 3874//3873 3955//3954 3956//3955
f 3875//3874 3956//3955 3957//3956
f 3876//3875 3957//3956 3958//3957
f 3877//3876 3958//3957 3959//3958
f 3878//3877 3959//3958 3960//3959
f 3960//3959 3961//3960 3880//3879
f 3961//3960 3962//3961 3881//3880
f 3962//3961 3963//3962 3882//3881
f 3882//3881 3963//3962 3964//3963
f 3883//3882 3964//3963 3965//3964
f 3884//3883 3965//3964 3966//3965
f 3885//3884 3966//3965 3967//3966
f 3886//3885 3967//3966 3968//3967
f 3968//3967 3969//3968 3888//3887
f 3889//3888 3970//3969 3971//3970
f 3890//3889 3971//3970 3972//3971
f 3891//3890 3972//3971 3973//3972
f 3892//3891 3973//3972 3974//3973
f 3974//3973 3975//3974 3894//3893
f 3975//3974 3976//3975 3895//3894
f 3976//3975 3977//3976 3896//3895
f 3896//3895 3977//3976 3978//3977
f 3897//3896 3978//3977 3979//3978
f 3979//3978 3980//3979 3899//3898
f 3980//3979 3981//3980 3900//3899
f 3981//3980 3982//3981 3901//3900
f 3982//3981 3983//3982 3902//3901
f 3983//3982 3984//3983 3903//3902
f 3903//3902 3984//3983 3985//3984
f 3904//3903 3985//3984 3986//3985
f 3905//3904 3986//3985 3987//3986
f 3906//3905 3987//3986 3988//3987
f 3907//3906 3988//3987 3989//3988
f 3908//3907 3989//3988 3990//3989
f 3990//3989 3991//3990 3910//3909
f 3991//3990 3992//3991 3911//3910
f 3992//3991 3993//3992 3912//3911
f 3993//3992 3994//3993 3913//3912
f 3994//3993 3995//3994 3914//3913
f 3995//3994 3996//3995 3915//3914
f 3996//3995 3997//3996 3916//3915
f 3997//3996 3998//3997 3917//3916
f 3917//3916 3998//3997 3999//3998
f 3918//3917 3999//3998 4000//3999
f 3919//3918 4000//3999 4001//4000
f 4001//4000 4002//4001 3921//3920
f 3921//3920 4002//4001 4003//4002
f 4003//4002 4004//4003 3923//3922
f 4004//4003 4005//4004 3924//3923
f 4005//4004 4006//4005 3925//3924
f 4006//4005 4007//4006 3926//3925
f 4007//4006 4008//4007 3927//3926
f 4008//4007 4009//4008 3928//3927
f 4009//4008 4010//4009 3929//3928
f 4010//4009 4011//4010 3930//3929
f 3930//3929 4011//4010 4012//4011
f 3931//3930 4012//4011 4013//4012
f 3932//3931 4013//4012 4014//4013
f 3933//3932 4014//4013 4015//4014
f 3934//3933 4015//4014 4016//4015
f 4016//4015 4017//4016 3936//3935
f 3936//3935 4017//4016 4018//4017
f 3937//3936 4018//4017 4019//4018
f 4019//4018 4020//4019 3939//3938
f 4020//4019 4021//4020 3940//3939
f 3940//3939 4021//4020 4022//4021
f 3941//3940 4022//4021 4023//4022
f 3942//3941 4023//4022 4024//4023
f 3943//3942 4024//4023 4025//4024
f 3944//3943 4025//4024 4026//4025
f 3945//3944 4026//4025 4027//4026
f 4027//4026 4028//4027 3947//3946
f 4028//4027 4029//4028 3948//3947
f 3948//3947 4029//4028 4030//4029
f 3949//3948 4030//4029 4031//4030
f 3950//3949 4031//4030 4032//4031
f 3951//3950 4032//4031 4033//4032
f 3952//3951 4033//4032 4034//4033
f 3953//3952 4034//4033 4035//4034
f 3954//3953 4035//4034 4036//4035
f 3955//3954 4036//4035 4037//4036
f 3956//3955 4037//4036 4038//4037
f 3957//3956 4038//4037 4039//4038
f 3958//3957 4039//4038 4040//4039
f 3959//3958 4040//4039 4041//4040
f 4041//4040 4042//4041 3961//3960
f 4042//4041 4043//4042 3962//3961
f 4043//4042 4044//4043 3963//3962
f 3963//3962 4044//4043 4045//4044
f 3964//3963 4045//4044 4046//4045
f 3965//3964 4046//4045 4047//4046
f 3966//3965 4047//4046 4048//4047
f 4048//4047 4049//4048 3968//3967
f 4049//4048 4050//4049 3969//3968
f 3970//3969 4051//4050 4052//4051
f 3971//3970 4052//4051 4053//4052
f 3972//3971 4053//4052 4054//4053
f 3973//3972 4054//4053 4055//4054
f 3974//3973 4055//4054 4056//4055
f 4056//4055 4057//4056 3976//3975
f 4057//4056 4058//4057 3977//3976
f 3977//3976 4058//4057 4059//4058
f 3978//3977 4059//4058 4060//4059
f 4060//4059 4061//4060 3980//3979
f 4061//4060 4062//4061 3981//3980
f 4062//4061 4063//4062 3982//3981
f 4063//4062 4064//4063 3983//3982
f 3983//3982 4064//4063 4065//4064
f 3984//3983 4065//4064 4066//4065
f 3985//3984 4066//4065 4067//4066
f 4067//4066 4068//4067 3987//3986
f 4068//4067 4069//4068 3988//3987
f 4069//4068 4070//4069 3989//3988
f 4070//4069 4071//4070 3990//3989
f 4071//4070 4072//4071 3991//3990
f 4072//4071 4073//4072 3992//3991
f 4073//4072 4074//4073 3993//3992
f 4074//4073 4075//4074 3994//3993
f 4075//4074 4076//4075 3995//3994
f 4076//4075 4077//4076 3996//3995
f 4077//4076 4078//4077 3997//3996
f 4078//4077 4079//4078 3998//3997
f 3998//3997 4079//4078 4080//4079
f 3999//3998 4080//4079 4081//4080
f 4000//3999 4081//4080 4082//4081
f 4082//4081 4083//4082 4002//4001
f 4083//4082 4084//4083 4003//4002
f 4084//4083 4085//4084 4004//4003
f 4085//4084 4086//4085 4005//4004
f 4086//4085 4087//4086 4006//4005
f 4087//4086 4088//4087 4007//4006
f 4088//4087 4089//4088 4008//4007
f 4089//4088 4090//4089 4009//4008
f 4090//4089 4091//4090 4010//4009
f 4091//4090 4092//4091 4011//4010
f 4011//4010 4092//4091 4093//4092
f 4012//4011 4093//4092 4094//4093
f 4094//4093 4095//4094 4014//4013
f 4095//4094 4096//4095 4015//4014
f 4015//4014 4096//4095 4097//4096
f 4016//4015 4097//4096 4098//4097
f 4017//4016 4098//4097 4099//4098
f 4099//4098 4100//4099 4019//4018
f 4100//4099 4101//4100 4020//4019
f 4101//4100 4102//4101 4021//4020
f 4102//4101 4103//4102 4022//4021
f 4022//4021 4103//4102 4104//4103
f 4023//4022 4104//4103 4105//4104
f 4024//4023 4105//4104 4106//4105
f 4025//4024 4106//4105 4107//4106
f 4026//4025 4107//4106 4108//4107
f 4027//4026 4108//4107 4109//4108
f 4109//4108 4110//4109 4029//4028
f 4029//4028 4110//4109 4111//4110
f 4030//4029 4111//4110 4112//4111
f 4031//4030 4112//4111 4113//4112
f 4032//4031 4113//4112 4114//4113
f 4033//4032 4114//4113 4115//4114
f 4034//4033 4115//4114 4116//4115
f 4035//4034 4116//4115 4117//4116
f 4036//4035 4117//4116 4118//4117
f 4037//4036 4118//4117 4119//4118
f 4038//4037 4119//4118 4120//4119
f 4039//4038 4120//4119 4121//4120
f 4040//4039 4121//4120 4122//4121
f 4041//4040 4122//4121 4123//4122
f 4123//4122 4124//4123 4043//4042
f 4043//4042 4124//4123 4125//4124
f 4044//4043 4125//4124 4126//4125
f 4045//4044 4126//4125 4127//4126
f 4046//4045 4127//4126 4128//4127
f 4128//4127 4129//4128 4048//4047
f 4129//4128 4130//4129 4049//4048
f 4130//4129 4131//4130 4050//4049
f 4051//4050 4132//4131 4133//4132
f 4052//4051 4133//4132 4134//4133
f 4053//4052 4134//4133 4135//4134
f 4054//4053 4135//4134 4136//4135
f 4055//4054 4136//4135 4137//4136
f 4056//4055 4137//4136 4138//4137
f 4138//4137 4139//4138 4058//4057
f 4139//4138 4140//4139 4059//4058
f 4140//4139 4141//4140 4060//4059
f 4141//4140 4142//4141 4061//4060
f 4142//4141 4143//4142 4062//4061
f 4143//4142 4144//4143 4063//4062
f 4144//4143 4145//4144 4064//4063
f 4064//4063 4145//4144 4146//4145
f 4065//4064 4146//4145 4147//4146
f 4066//4065 4147//4146 4148//4147
f 4148//4147 4149//4148 4068//4067
f 4149//4148 4150//4149 4069//4068
f 4150//4149 4151//4150 4070//4069
f 4151//4150 4152//4151 4071//4070
f 4152//4151 4153//4152 4072//4071
f 4153//4152 4154//4153 4073//4072
f 4154//4153 4155//4154 4074//4073
f 4074//4073 4155//4154 4156//4155
f 4156//4155 4157//4156 4076//4075
f 4076//4075 4157//4156 4158//4157
f 4077//4076 4158//4157 4159//4158
f 4078//4077 4159//4158 4160//4159
f 4079//4078 4160//4159 4161//4160
f 4080//4079 4161//4160 4162//4161
f 4081//4080 4162//4161 4163//4162
f 4163//4162 4164//4163 4083//4082
f 4164//4163 4165//4164 4084//4083
f 4165//4164 4166//4165 4085//4084
f 4166//4165 4167//4166 4086//4085
f 4167//4166 4168//4167 4087//4086
f 4168//4167 4169//4168 4088//4087
f 4169//4168 4170//4169 4089//4088
f 4089//4088 4170//4169 4171//4170
f 4171//4170 4172//4171 4091//4090
f 4172//4171 4173//4172 4092//4091
f 4173//4172 4174//4173 4093//4092
f 4174//4173 4175//4174 4094//4093
f 4175//4174 4176//4175 4095//4094
f 4176//4175 4177//4176 4096//4095
f 4177//4176 4178//4177 4097//4096
f 4178//4177 4179//4178 4098//4097
f 4179//4178 4180//4179 4099//4098
f 4180//4179 4181//4180 4100//4099
f 4181//4180 4182//4181 4101//4100
f 4182//4181 4183//4182 4102//4101
f 4183//4182 4184//4183 4103//4102
f 4184//4183 4185//4184 4104//4103
f 4185//4184 4186//4185 4105//4104
f 4105//4104 4186//4185 4187//4186
f 4106//4105 4187//4186 4188//4187
f 4107//4106 4188//4187 4189//4188
f 4189//4188 4190//4189 4109//4108
f 4190//4189 4191//4190 4110//4109
f 4110//4109 4191//4190 4192//4191
f 4111//4110 4192//4191 4193//4192
f 4112//4111 4193//4192 4194//4193
f 4113//4112 4194//4193 4195//4194
f 4114//4113 4195//4194 4196//4195
f 4115//4114 4196//4195 4197//4196
f 4116//4115 4197//4196 4198//4197
f 4117//4116 4198//4197 4199//4198
f 4118//4117 4199//4198 4200//4199
f 4119//4118 4200//4199 4201//4200
f 4120//4119 4201//4200 4202//4201
f 4121//4120 4202//4201 4203//4202
f 4203//4202 4204//4203 4123//4122
f 4204//4203 4205//4204 4124//4123
f 4124//4123 4205//4204 4206//4205
f 4206//4205 4207//4206 4126//4125
f 4126//4125 4207//4206 4208//4207
f 4127//4126 4208//4207 4209//4208
f 4209//4208 4210//4209 4129//4128
f 4210//4209 4211//4210 4130//4129
f 4211//4210 4212//4211 4131//4130
f 4213//4212 4214//4213 4133//4132
f 4133//4132 4214//4213 4215//4214
f 4134//4133 4215//4214 4216//4215
f 4135//4134 4216//4215 4217//4216
f 4136//4135 4217//4216 4218//4217
f 4218//4217 4219//4218 4138//4137
f 4219//4218 4220//4219 4139//4138
f 4220//4219 4221//4220 4140//4139
f 4221//4220 4222//4221 4141//4140
f 4222//4221 4223//4222 4142//4141
f 4223//4222 4224//4223 4143//4142
f 4224//4223 4225//4224 4144//4143
f 4225//4224 4226//4225 4145//4144
f 4145//4144 4226//4225 4227//4226
f 4146//4145 4227//4226 4228//4227
f 4147//4146 4228//4227 4229//4228
f 4148//4147 4229//4228 4230//4229
f 4230//4229 4231//4230 4150//4149
f 4150//4149 4231//4230 4232//4231
f 4151//4150 4232//4231 4233//4232
f 4152//4151 4233//4232 4234//4233
f 4234//4233 4235//4234 4154//4153
f 4235//4234 4236//4235 4155//4154
f 4236//4235 4237//4236 4156//4155
f 4237//4236 4238//4237 4157//4156
f 4157//4156 4238//4237 4239//4238
f 4158//4157 4239//4238 4240//4239
f 4159//4158 4240//4239 4241//4240
f 4160//4159 4241//4240 4242//4241
f 4161//4160 4242//4241 4243//4242
f 4243//4242 4244//4243 4163//4162
f 4244//4243 4245//4244 4164//4163
f 4164//4163 4245//4244 4246//4245
f 4165//4164 4246//4245 4247//4246
f 4166//4165 4247//4246 4248//4247
f 4167//4166 4248//4247 4249//4248
f 4168//4167 4249//4248 4250//4249
f 4169//4168 4250//4249 4251//4250
f 4170//4169 4251//4250 4252//4251
f 4252//4251 4253//4252 4172//4171
f 4253//4252 4254//4253 4173//4172
f 4254//4253 4255//4254 4174//4173
f 4174//4173 4255//4254 4256//4255
f 4256//4255 4257//4256 4176//4175
f 4257//4256 4258//4257 4177//4176
f 4258//4257 4259//4258 4178//4177
f 4259//4258 4260//4259 4179//4178
f 4260//4259 4261//4260 4180//4179
f 4261//4260 4262//4261 4181//4180
f 4262//4261 4263//4262 4182//4181
f 4263//4262 4264//4263 4183//4182
f 4264//4263 4265//4264 4184//4183
f 4265//4264 4266//4265 4185//4184
f 4266//4265 4267//4266 4186//4185
f 4267//4266 4268//4267 4187//4186
f 4268//4267 4269//4268 4188//4187
f 4269//4268 4270//4269 4189//4188
f 4270//4269 4271//4270 4190//4189
f 4271//4270 4272//4271 4191//4190
f 4191//4190 4272//4271 4273//4272
f 4192//4191 4273//4272 4274//4273
f 4193//4192 4274//4273 4275//4274
f 4194//4193 4275//4274 4276//4275
f 4195//4194 4276//4275 4277//4276
f 4277//4276 4278//4277 4197//4196
f 4278//4277 4279//4278 4198//4197
f 4198//4197 4279//4278 4280//4279
f 4280//4279 4281//4280 4200//4199
f 4281//4280 4282//4281 4201//4200
f 4282//4281 4283//4282 4202//4201
f 4283//4282 4284//4283 4203//4202
f 4284//4283 4285//4284 4204//4203
f 4204//4203 4285//4284 4286//4285
f 4205//4204 4286//4285 4287//4286
f 4206//4205 4287//4286 4288//4287
f 4288//4287 4289//4288 4208//4207
f 4289//4288 4290//4289 4209//4208
f 4290//4289 4291//4290 4210//4209
f 4291//4290 4292//4291 4211//4210
f 4292//4291 4293//4292 4212//4211
f 4294//4293 4295//4294 4214//4213
f 4295//4294 4296//4295 4215//4214
f 4296//4295 4297//4296 4216//4215
f 4297//4296 4298//4297 4217//4216
f 4217//4216 4298//4297 4299//4298
f 4299//4298 4300//4299 4219//4218
f 4300//4299 4301//4300 4220//4219
f 4301//4300 4302//4301 4221//4220
f 4302//4301 4303//4302 4222//4221
f 4303//4302 4304//4303 4223//4222
f 4304//4303 4305//4304 4224//4223
f 4305//4304 4306//4305 4225//4224
f 4306//4305 4307//4306 4226//4225
f 4226//4225 4307//4306 4308//4307
f 4227//4226 4308//4307 4309//4308
f 4228//4227 4309//4308 4310//4309
f 4310//4309 4311//4310 4230//4229
f 4311//4310 4312//4311 4231//4230
f 4231//4230 4312//4311 4313//4312
f 4232//4231 4313//4312 4314//4313
f 4233//4232 4314//4313 4315//4314
f 4315//4314 4316//4315 4235//4234
f 4316//4315 4317//4316 4236//4235
f 4317//4316 4318//4317 4237//4236
f 4318//4317 4319//4318 4238//4237
f 4319//4318 4320//4319 4239//4238
f 4239//4238 4320//4319 4321//4320
f 4240//4239 4321//4320 4322//4321
f 4241//4240 4322//4321 4323//4322
f 4242//4241 4323//4322 4324//4323
f 4243//4242 4324//4323 4325//4324
f 4244//4243 4325//4324 4326//4325
f 4245//4244 4326//4325 4327//4326
f 4246//4245 4327//4326 4328//4327
f 4247//4246 4328//4327 4329//4328
f 4248//4247 4329//4328 4330//4329
f 4249//4248 4330//4329 4331//4330
f 4250//4249 4331//4330 4332//4331
f 4251//4250 4332//4331 4333//4332
f 4333//4332 4334//4333 4253//4252
f 4334//4333 4335//4334 4254//4253
f 4335//4334 4336//4335 4255//4254
f 4255//4254 4336//4335 4337//4336
f 4256//4255 4337//4336 4338//4337
f 4338//4337 4339//4338 4258//4257
f 4339//4338 4340//4339 4259//4258
f 4340//4339 4341//4340 4260//4259
f 4341//4340 4342//4341 4261//4260
f 4342//4341 4343//4342 4262//4261
f 4343//4342 4344//4343 4263//4262
f 4344//4343 4345//4344 4264//4263
f 4345//4344 4346//4345 4265//4264
f 4346//4345 4347//4346 4266//4265
f 4347//4346 4348//4347 4267//4266
f 4348//4347 4349//4348 4268//4267
f 4268//4267 4349//4348 4350//4349
f 4269//4268 4350//4349 4351//4350
f 4270//4269 4351//4350 4352//4351
f 4352//4351 4353//4352 4272//4271
f 4353//4352 4354//4353 4273//4272
f 4354//4353 4355//4354 4274//4273
f 4355//4354 4356//4355 4275//4274
f 4356//4355 4357//4356 4276//4275
f 4357//4356 4358//4357 4277//4276
f 4358//4357 4359//4358 4278//4277
f 4359//4358 4360//4359 4279//4278
f 4360//4359 4361//4360 4280//4279
f 4361//4360 4362//4361 4281//4280
f 4362//4361 4363//4362 4282//4281
f 4363//4362 4364//4363 4283//4282
f 4364//4363 4365//4364 4284//4283
f 4365//4364 4366//4365 4285//4284
f 4285//4284 4366//4365 4367//4366
f 4286//4285 4367//4366 4368//4367
f 4287//4286 4368//4367 4369//4368
f 4288//4287 4369//4368 4370//4369
f 4370//4369 4371//4370 4290//4289
f 4290//4289 4371//4370 4372//4371
f 4291//4290 4372//4371 4373//4372
f 4292//4291 4373//4372 4374//4373
f 4375//4374 4376//4375 4295//4294
f 4376//4375 4377//4376 4296//4295
f 4377//4376 4378//4377 4297//4296
f 4378//4377 4379//4378 4298//4297
f 4298//4297 4379//4378 4380//4379
f 4380//4379 4381//4380 4300//4299
f 4381//4380 4382//4381 4301//4300
f 4382//4381 4383//4382 4302//4301
f 4383//4382 4384//4383 4303//4302
f 4303//4302 4384//4383 4385//4384
f 4304//4303 4385//4384 4386//4385
f 4305//4304 4386//4385 4387//4386
f 4306//4305 4387//4386 4388//4387
f 4388//4387 4389//4388 4308//4307
f 4389//4388 4390//4389 4309//4308
f 4390//4389 4391//4390 4310//4309
f 4391//4390 4392//4391 4311//4310
f 4392//4391 4393//4392 4312//4311
f 4393//4392 4394//4393 4313//4312
f 4313//4312 4394//4393 4395//4394
f 4314//4313 4395//4394 4396//4395
f 4315//4314 4396//4395 4397//4396
f 4397//4396 4398//4397 4317//4316
f 4398//4397 4399//4398 4318//4317
f 4399//4398 4400//4399 4319//4318
f 4319//4318 4400//4399 4401//4400
f 4320//4319 4401//4400 4402//4401
f 4321//4320 4402//4401 4403//4402
f 4322//4321 4403//4402 4404//4403
f 4323//4322 4404//4403 4405//4404
f 4324//4323 4405//4404 4406//4405
f 4325//4324 4406//4405 4407//4406
f 4326//4325 4407//4406 4408//4407
f 4327//4326 4408//4407 4409//4408
f 4328//4327 4409//4408 4410//4409
f 4329//4328 4410//4409 4411//4410
f 4330//4329 4411//4410 4412//4411
f 4331//4330 4412//4411 4413//4412
f 4413//4412 4414//4413 4333//4332
f 4414//4413 4415//4414 4334//4333
f 4415//4414 4416//4415 4335//4334
f 4335//4334 4416//4415 4417//4416
f 4336//4335 4417//4416 4418//4417
f 4337//4336 4418//4417 4419//4418
f 4338//4337 4419//4418 4420//4419
f 4420//4419 4421//4420 4340//4339
f 4421//4420 4422//4421 4341//4340
f 4422//4421 4423//4422 4342//4341
f 4423//4422 4424//4423 4343//4342
f 4424//4423 4425//4424 4344//4343
f 4425//4424 4426//4425 4345//4344
f 4426//4425 4427//4426 4346//4345
f 4427//4426 4428//4427 4347//4346
f 4428//4427 4429//4428 4348//4347
f 4429//4428 4430//4429 4349//4348
f 4349//4348 4430//4429 4431//4430
f 4350//4349 4431//4430 4432//4431
f 4351//4350 4432//4431 4433//4432
f 4433//4432 4434//4433 4353//4352
f 4434//4433 4435//4434 4354//4353
f 4435//4434 4436//4435 4355//4354
f 4436//4435 4437//4436 4356//4355
f 4437//4436 4438//4437 4357//4356
f 4438//4437 4439//4438 4358//4357
f 4439//4438 4440//4439 4359//4358
f 4440//4439 4441//4440 4360//4359
f 4441//4440 4442//4441 4361//4360
f 4442//4441 4443//4442 4362//4361
f 4443//4442 4444//4443 4363//4362
f 4444//4443 4445//4444 4364//4363
f 4445//4444 4446//4445 4365//4364
f 4446//4445 4447//4446 4366//4365
f 4366//4365 4447//4446 4448//4447
f 4367//4366 4448//4447 4449//4448
f 4368//4367 4449//4448 4450//4449
f 4369//4368 4450//4449 4451//4450
f 4451//4450 4452//4451 4371//4370
f 4371//4370 4452//4451 4453//4452
f 4372//4371 4453//4452 4454//4453
f 4373//4372 4454//4453 4455//4454
f 4375//4374 4456//4455 4457//4456
f 4376//4375 4457//4456 4458//4457
f 4458//4457 4459//4458 4378//4377
f 4378//4377 4459//4458 4460//4459
f 4460//4459 4461//4460 4380//4379
f 4380//4379 4461//4460 4462//4461
f 4462//4461 4463//4462 4382//4381
f 4382//4381 4463//4462 4464//4463
f 4383//4382 4464//4463 4465//4464
f 4384//4383 4465//4464 4466//4465
f 4385//4384 4466//4465 4467//4466
f 4386//4385 4467//4466 4468//4467
f 4387//4386 4468//4467 4469//4468
f 4388//4387 4469//4468 4470//4469
f 4470//4469 4471//4470 4390//4389
f 4471//4470 4472//4471 4391//4390
f 4472//4471 4473//4472 4392//4391
f 4473//4472 4474//4473 4393//4392
f 4474//4473 4475//4474 4394//4393
f 4394//4393 4475//4474 4476//4475
f 4476//4475 4477//4476 4396//4395
f 4396//4395 4477//4476 4478//4477
f 4478//4477 4479//4478 4398//4397
f 4479//4478 4480//4479 4399//4398
f 4399//4398 4480//4479 4481//4480
f 4400//4399 4481//4480 4482//4481
f 4401//4400 4482//4481 4483//4482
f 4402//4401 4483//4482 4484//4483
f 4403//4402 4484//4483 4485//4484
f 4404//4403 4485//4484 4486//4485
f 4405//4404 4486//4485 4487//4486
f 4406//4405 4487//4486 4488//4487
f 4407//4406 4488//4487 4489//4488
f 4408//4407 4489//4488 4490//4489
f 4409//4408 4490//4489 4491//4490
f 4410//4409 4491//4490 4492//4491
f 4411//4410 4492//4491 4493//4492
f 4412//4411 4493//4492 4494//4493
f 4494//4493 4495//4494 4414//4413
f 4495//4494 4496//4495 4415//4414
f 4496//4495 4497//4496 4416//4415
f 4497//4496 4498//4497 4417//4416
f 4417//4416 4498//4497 4499//4498
f 4418//4417 4499//4498 4500//4499
f 4419//4418 4500//4499 4501//4500
f 4501//4500 4502//4501 4421//4420
f 4502//4501 4503//4502 4422//4421
f 4503//4502 4504//4503 4423//4422
f 4504//4503 4505//4504 4424//4423
f 4505//4504 4506//4505 4425//4424
f 4506//4505 4507//4506 4426//4425
f 4507//4506 4508//4507 4427//4426
f 4508//4507 4509//4508 4428//4427
f 4509//4508 4510//4509 4429//4428
f 4429//4428 4510//4509 4511//4510
f 4430//4429 4511//4510 4512//4511
f 4431//4430 4512//4511 4513//4512
f 4432//4431 4513//4512 4514//4513
f 4514//4513 4515//4514 4434//4433
f 4515//4514 4516//4515 4435//4434
f 4516//4515 4517//4516 4436//4435
f 4517//4516 4518//4517 4437//4436
f 4518//4517 4519//4518 4438//4437
f 4519//4518 4520//4519 4439//4438
f 4520//4519 4521//4520 4440//4439
f 4521//4520 4522//4521 4441//4440
f 4522//4521 4523//4522 4442//4441
f 4523//4522 4524//4523 4443//4442
f 4524//4523 4525//4524 4444//4443
f 4525//4524 4526//4525 4445//4444
f 4526//4525 4527//4526 4446//4445
f 4527//4526 4528//4527 4447//4446
f 4447//4446 4528//4527 4529//4528
f 4448//4447 4529//4528 4530//4529
f 4449//4448 4530//4529 4531//4530
f 4450//4449 4531//4530 4532//4531
f 4532//4531 4533//4532 4452//4451
f 4452//4451 4533//4532 4534//4533
f 4453//4452 4534//4533 4535//4534
f 4454//4453 4535//4534 4536//4535
f 4537//4536 4538//4537 4457//4456
f 4538//4537 4539//4538 4458//4457
f 4458//4457 4539//4538 4540//4539
f 4540//4539 4541//4540 4460//4459
f 4541//4540 4542//4541 4461//4460
f 4542//4541 4543//4542 4462//4461
f 4543//4542 4544//4543 4463//4462
f 4544//4543 4545//4544 4464//4463
f 4545//4544 4546//4545 4465//4464
f 4465//4464 4546//4545 4547//4546
f 4547//4546 4548//4547 4467//4466
f 4467//4466 4548//4547 4549//4548
f 4468//4467 4549//4548 4550//4549
f 4469//4468 4550//4549 4551//4550
f 4551//4550 4552//4551 4471//4470
f 4471//4470 4552//4551 4553//4552
f 4472//4471 4553//4552 4554//4553
f 4473//4472 4554//4553 4555//4554
f 4474//4473 4555//4554 4556//4555
f 4475//4474 4556//4555 4557//4556
f 4476//4475 4557//4556 4558//4557
f 4558//4557 4559//4558 4478//4477
f 4559//4558 4560//4559 4479//4478
f 4560//4559 4561//4560 4480//4479
f 4480//4479 4561//4560 4562//4561
f 4481//4480 4562//4561 4563//4562
f 4482//4481 4563//4562 4564//4563
f 4483//4482 4564//4563 4565//4564
f 4484//4483 4565//4564 4566//4565
f 4485//4484 4566//4565 4567//4566
f 4486//4485 4567//4566 4568//4567
f 4487//4486 4568//4567 4569//4568
f 4488//4487 4569//4568 4570//4569
f 4489//4488 4570//4569 4571//4570
f 4490//4489 4571//4570 4572//4571
f 4491//4490 4572//4571 4573//4572
f 4492//4491 4573//4572 4574//4573
f 4493//4492 4574//4573 4575//4574
f 4494//4493 4575//4574 4576//4575
f 4576//4575 4577//4576 4496//4495
f 4577//4576 4578//4577 4497//4496
f 4578//4577 4579//4578 4498//4497
f 4579//4578 4580//4579 4499//4498
f 4580//4579 4581//4580 4500//4499
f 4581//4580 4582//4581 4501//4500
f 4582//4581 4583//4582 4502//4501
f 4583//4582 4584//4583 4503//4502
f 4584//4583 4585//4584 4504//4503
f 4585//4584 4586//4585 4505//4504
f 4586//4585 4587//4586 4506//4505
f 4587//4586 4588//4587 4507//4506
f 4588//4587 4589//4588 4508//4507
f 4589//4588 4590//4589 4509//4508
f 4590//4589 4591//4590 4510//4509
f 4510//4509 4591//4590 4592//4591
f 4511//4510 4592//4591 4593//4592
f 4512//4511 4593//4592 4594//4593
f 4513//4512 4594//4593 4595//4594
f 4595//4594 4596//4595 4515//4514
f 4596//4595 4597//4596 4516//4515
f 4597//4596 4598//4597 4517//4516
f 4598//4597 4599//4598 4518//4517
f 4599//4598 4600//4599 4519//4518
f 4600//4599 4601//4600 4520//4519
f 4601//4600 4602//4601 4521//4520
f 4602//4601 4603//4602 4522//4521
f 4603//4602 4604//4603 4523//4522
f 4604//4603 4605//4604 4524//4523
f 4524//4523 4605//4604 4606//4605
f 4606//4605 4607//4606 4526//4525
f 4526//4525 4607//4606 4608//4607
f 4527//4526 4608//4607 4609//4608
f 4528//4527 4609//4608 4610//4609
f 4529//4528 4610//4609 4611//4610
f 4530//4529 4611//4610 4612//4611
f 4612//4611 4613//4612 4532//4531
f 4613//4612 4614//4613 4533//4532
f 4533//4532 4614//4613 4615//4614
f 4534//4533 4615//4614 4616//4615
f 4535//4534 4616//4615 4617//4616
f 4618//4617 4619//4618 4538//4537
f 4538//4537 4619//4618 4620//4619
f 4620//4619 4621//4620 4540//4539
f 4621//4620 4622//4621 4541//4540
f 4622//4621 4623//4622 4542//4541
f 4623//4622 4624//4623 4543//4542
f 4624//4623 4625//4624 4544//4543
f 4625//4624 4626//4625 4545//4544
f 4545//4544 4626//4625 4627//4626
f 4546//4545 4627//4626 4628//4627
f 4547//4546 4628//4627 4629//4628
f 4548//4547 4629//4628 4630//4629
f 4630//4629 4631//4630 4550//4549
f 4631//4630 4632//4631 4551//4550
f 4632//4631 4633//4632 4552//4551
f 4633//4632 4634//4633 4553//4552
f 4553//4552 4634//4633 4635//4634
f 4554//4553 4635//4634 4636//4635
f 4555//4554 4636//4635 4637//4636
f 4556//4555 4637//4636 4638//4637
f 4557//4556 4638//4637 4639//4638
f 4558//4557 4639//4638 4640//4639
f 4559//4558 4640//4639 4641//4640
f 4641//4640 4642//4641 4561//4560
f 4642//4641 4643//4642 4562//4561
f 4562//4561 4643//4642 4644//4643
f 4563//4562 4644//4643 4645//4644
f 4564//4563 4645//4644 4646//4645
f 4565//4564 4646//4645 4647//4646
f 4566//4565 4647//4646 4648//4647
f 4567//4566 4648//4647 4649//4648
f 4568//4567 4649//4648 4650//4649
f 4569//4568 4650//4649 4651//4650
f 4570//4569 4651//4650 4652//4651
f 4571//4570 4652//4651 4653//4652
f 4572//4571 4653//4652 4654//4653
f 4573//4572 4654//4653 4655//4654
f 4574//4573 4655//4654 4656//4655
f 4656//4655 4657//4656 4576//4575
f 4657//4656 4658//4657 4577//4576
f 4658//4657 4659//4658 4578//4577
f 4659//4658 4660//4659 4579//4578
f 4660//4659 4661//4660 4580//4579
f 4661//4660 4662//4661 4581//4580
f 4662//4661 4663//4662 4582//4581
f 4663//4662 4664//4663 4583//4582
f 4664//4663 4665//4664 4584//4583
f 4665//4664 4666//4665 4585//4584
f 4666//4665 4667//4666 4586//4585
f 4667//4666 4668//4667 4587//4586
f 4668//4667 4669//4668 4588//4587
f 4669//4668 4670//4669 4589//4588
f 4670//4669 4671//4670 4590//4589
f 4671//4670 4672//4671 4591//4590
f 4672//4671 4673//4672 4592//4591
f 4592//4591 4673//4672 4674//4673
f 4593//4592 4674//4673 4675//4674
f 4675//4674 4676//4675 4595//4594
f 4595//4594 4676//4675 4677//4676
f 4677//4676 4678//4677 4597//4596
f 4678//4677 4679//4678 4598//4597
f 4679//4678 4680//4679 4599//4598
f 4680//4679 4681//4680 4600//4599
f 4681//4680 4682//4681 4601//4600
f 4682//4681 4683//4682 4602//4601
f 4683//4682 4684//4683 4603//4602
f 4603//4602 4684//4683 4685//4684
f 4604//4603 4685//4684 4686//4685
f 4605//4604 4686//4685 4687//4686
f 4606//4605 4687//4686 4688//4687
f 4607//4606 4688//4687 4689//4688
f 4608//4607 4689//4688 4690//4689
f 4690//4689 4691//4690 4610//4609
f 4691//4690 4692//4691 4611//4610
f 4692//4691 4693//4692 4612//4611
f 4693//4692 4694//4693 4613//4612
f 4613//4612 4694//4693 4695//4694
f 4695//4694 4696//4695 4615//4614
f 4696//4695 4697//4696 4616//4615
f 4697//4696 4698//4697 4617//4616
f 4699//4698 4700//4699 4619//4618
f 4619//4618 4700//4699 4701//4700
f 4620//4619 4701//4700 4702//4701
f 4702//4701 4703//4702 4622//4621
f 4703//4702 4704//4703 4623//4622
f 4704//4703 4705//4704 4624//4623
f 4705//4704 4706//4705 4625//4624
f 4706//4705 4707//4706 4626//4625
f 4707//4706 4708//4707 4627//4626
f 4708//4707 4709//4708 4628//4627
f 4628//4627 4709//4708 4710//4709
f 4629//4628 4710//4709 4711//4710
f 4630//4629 4711//4710 4712//4711
f 4712//4711 4713//4712 4632//4631
f 4713//4712 4714//4713 4633//4632
f 4714//4713 4715//4714 4634//4633
f 4715//4714 4716//4715 4635//4634
f 4635//4634 4716//4715 4717//4716
f 4636//4635 4717//4716 4718//4717
f 4637//4636 4718//4717 4719//4718
f 4638//4637 4719//4718 4720//4719
f 4639//4638 4720//4719 4721//4720
f 4640//4639 4721//4720 4722//4721
f 4641//4640 4722//4721 4723//4722
f 4642//4641 4723//4722 4724//4723
f 4724//4723 4725//4724 4644//4643
f 4725//4724 4726//4725 4645//4644
f 4726//4725 4727//4726 4646//4645
f 4727//4726 4728//4727 4647//4646
f 4728//4727 4729//4728 4648//4647
f 4729//4728 4730//4729 4649//4648
f 4730//4729 4731//4730 4650//4649
f 4731//4730 4732//4731 4651//4650
f 4732//4731 4733//4732 4652//4651
f 4733//4732 4734//4733 4653//4652
f 4734//4733 4735//4734 4654//4653
f 4654//4653 4735//4734 4736//4735
f 4655//4654 4736//4735 4737//4736
f 4737//4736 4738//4737 4657//4656
f 4738//4737 4739//4738 4658//4657
f 4739//4738 4740//4739 4659//4658
f 4740//4739 4741//4740 4660//4659
f 4741//4740 4742//4741 4661//4660
f 4742//4741 4743//4742 4662//4661
f 4743//4742 4744//4743 4663//4662
f 4744//4743 4745//4744 4664//4663
f 4745//4744 4746//4745 4665//4664
f 4746//4745 4747//4746 4666//4665
f 4747//4746 4748//4747 4667//4666
f 4748//4747 4749//4748 4668//4667
f 4668//4667 4749//4748 4750//4749
f 4750//4749 4751//4750 4670//4669
f 4751//4750 4752//4751 4671//4670
f 4752//4751 4753//4752 4672//4671
f 4753//4752 4754//4753 4673//4672
f 4754//4753 4755//4754 4674//4673
f 4755//4754 4756//4755 4675//4674
f 4675//4674 4756//4755 4757//4756
f 4676//4675 4757//4756 4758//4757
f 4677//4676 4758//4757 4759//4758
f 4678//4677 4759//4758 4760//4759
f 4679//4678 4760//4759 4761//4760
f 4680//4679 4761//4760 4762//4761
f 4681//4680 4762//4761 4763//4762
f 4682//4681 4763//4762 4764//4763
f 4683//4682 4764//4763 4765//4764
f 4684//4683 4765//4764 4766//4765
f 4685//4684 4766//4765 4767//4766
f 4686//4685 4767//4766 4768//4767
f 4687//4686 4768//4767 4769//4768
f 4688//4687 4769//4768 4770//4769
f 4689//4688 4770//4769 4771//4770
f 4690//4689 4771//4770 4772//4771
f 4772//4771 4773//4772 4692//4691
f 4773//4772 4774//4773 4693//4692
f 4693//4692 4774//4773 4775//4774
f 4694//4693 4775//4774 4776//4775
f 4695//4694 4776//4775 4777//4776
f 4777//4776 4778//4777 4697//4696
f 4778//4777 4779//4778 4698//4697
f 4699//4698 4780//4779 4781//4780
f 4700//4699 4781//4780 4782//4781
f 4782//4781 4783//4782 4702//4701
f 4783//4782 4784//4783 4703//4702
f 4784//4783 4785//4784 4704//4703
f 4785//4784 4786//4785 4705//4704
f 4705//4704 4786//4785 4787//4786
f 4787//4786 4788//4787 4707//4706
f 4788//4787 4789//4788 4708//4707
f 4789//4788 4790//4789 4709//4708
f 4709//4708 4790//4789 4791//4790
f 4710//4709 4791//4790 4792//4791
f 4711//4710 4792//4791 4793//4792
f 4712//4711 4793//4792 4794//4793
f 4794//4793 4795//4794 4714//4713
f 4795//4794 4796//4795 4715//4714
f 4796//4795 4797//4796 4716//4715
f 4716//4715 4797//4796 4798//4797
f 4717//4716 4798//4797 4799//4798
f 4718//4717 4799//4798 4800//4799
f 4719//4718 4800//4799 4801//4800
f 4720//4719 4801//4800 4802//4801
f 4721//4720 4802//4801 4803//4802
f 4722//4721 4803//4802 4804//4803
f 4723//4722 4804//4803 4805//4804
f 4805//4804 4806//4805 4725//4724
f 4806//4805 4807//4806 4726//4725
f 4807//4806 4808//4807 4727//4726
f 4808//4807 4809//4808 4728//4727
f 4809//4808 4810//4809 4729//4728
f 4810//4809 4811//4810 4730//4729
f 4811//4810 4812//4811 4731//4730
f 4812//4811 4813//4812 4732//4731
f 4813//4812 4814//4813 4733//4732
f 4814//4813 4815//4814 4734//4733
f 4815//4814 4816//4815 4735//4734
f 4735//4734 4816//4815 4817//4816
f 4736//4735 4817//4816 4818//4817
f 4818//4817 4819//4818 4738//4737
f 4819//4818 4820//4819 4739//4738
f 4820//4819 4821//4820 4740//4739
f 4821//4820 4822//4821 4741//4740
f 4822//4821 4823//4822 4742//4741
f 4823//4822 4824//4823 4743//4742
f 4824//4823 4825//4824 4744//4743
f 4744//4743 4825//4824 4826//4825
f 4745//4744 4826//4825 4827//4826
f 4746//4745 4827//4826 4828//4827
f 4747//4746 4828//4827 4829//4828
f 4748//4747 4829//4828 4830//4829
f 4749//4748 4830//4829 4831//4830
f 4831//4830 4832//4831 4751//4750
f 4832//4831 4833//4832 4752//4751
f 4752//4751 4833//4832 4834//4833
f 4834//4833 4835//4834 4754//4753
f 4835//4834 4836//4835 4755//4754
f 4836//4835 4837//4836 4756//4755
f 4756//4755 4837//4836 4838//4837
f 4757//4756 4838//4837 4839//4838
f 4758//4757 4839//4838 4840//4839
f 4840//4839 4841//4840 4760//4759
f 4760//4759 4841//4840 4842//4841
f 4761//4760 4842//4841 4843//4842
f 4762//4761 4843//4842 4844//4843
f 4763//4762 4844//4843 4845//4844
f 4764//4763 4845//4844 4846//4845
f 4765//4764 4846//4845 4847//4846
f 4766//4765 4847//4846 4848//4847
f 4767//4766 4848//4847 4849//4848
f 4768//4767 4849//4848 4850//4849
f 4769//4768 4850//4849 4851//4850
f 4770//4769 4851//4850 4852//4851
f 4852//4851 4853//4852 4772//4771
f 4853//4852 4854//4853 4773//4772
f 4854//4853 4855//4854 4774//4773
f 4774//4773 4855//4854 4856//4855
f 4856//4855 4857//4856 4776//4775
f 4776//4775 4857//4856 4858//4857
f 4858//4857 4859//4858 4778//4777
f 4859//4858 4860//4859 4779//4778
f 4780//4779 4861//4860 4862//4861
f 4781//4780 4862//4861 4863//4862
f 4782//4781 4863//4862 4864//4863
f 4864//4863 4865//4864 4784//4783
f 4865//4864 4866//4865 4785//4784
f 4866//4865 4867//4866 4786//4785
f 4786//4785 4867//4866 4868//4867
f 4868//4867 4869//4868 4788//4787
f 4788//4787 4869//4868 4870//4869
f 4870//4869 4871//4870 4790//4789
f 4790//4789 4871//4870 4872//4871
f 4791//4790 4872//4871 4873//4872
f 4792//4791 4873//4872 4874//4873
f 4793//4792 4874//4873 4875//4874
f 4875//4874 4876//4875 4795//4794
f 4876//4875 4877//4876 4796//4795
f 4877//4876 4878//4877 4797//4796
f 4878//4877 4879//4878 4798//4797
f 4798//4797 4879//4878 4880//4879
f 4799//4798 4880//4879 4881//4880
f 4800//4799 4881//4880 4882//4881
f 4801//4800 4882//4881 4883//4882
f 4802//4801 4883//4882 4884//4883
f 4803//4802 4884//4883 4885//4884
f 4885//4884 4886//4885 4805//4804
f 4805//4804 4886//4885 4887//4886
f 4887//4886 4888//4887 4807//4806
f 4888//4887 4889//4888 4808//4807
f 4889//4888 4890//4889 4809//4808
f 4890//4889 4891//4890 4810//4809
f 4891//4890 4892//4891 4811//4810
f 4892//4891 4893//4892 4812//4811
f 4812//4811 4893//4892 4894//4893
f 4813//4812 4894//4893 4895//4894
f 4814//4813 4895//4894 4896//4895
f 4815//4814 4896//4895 4897//4896
f 4816//4815 4897//4896 4898//4897
f 4817//4816 4898//4897 4899//4898
f 4899//4898 4900//4899 4819//4818
f 4819//4818 4900//4899 4901//4900
f 4820//4819 4901//4900 4902//4901
f 4821//4820 4902//4901 4903//4902
f 4822//4821 4903//4902 4904//4903
f 4904//4903 4905//4904 4824//4823
f 4824//4823 4905//4904 4906//4905
f 4825//4824 4906//4905 4907//4906
f 4826//4825 4907//4906 4908//4907
f 4827//4826 4908//4907 4909//4908
f 4828//4827 4909//4908 4910//4909
f 4829//4828 4910//4909 4911//4910
f 4830//4829 4911//4910 4912//4911
f 4831//4830 4912//4911 4913//4912
f 4832//4831 4913//4912 4914//4913
f 4833//4832 4914//4913 4915//4914
f 4834//4833 4915//4914 4916//4915
f 4835//4834 4916//4915 4917//4916
f 4836//4835 4917//4916 4918//4917
f 4837//4836 4918//4917 4919//4918
f 4838//4837 4919//4918 4920//4919
f 4839//4838 4920//4919 4921//4920
f 4840//4839 4921//4920 4922//4921
f 4922//4921 4923//4922 4842//4841
f 4842//4841 4923//4922 4924//4923
f 4843//4842 4924//4923 4925//4924
f 4844//4843 4925//4924 4926//4925
f 4845//4844 4926//4925 4927//4926
f 4846//4845 4927//4926 4928//4927
f 4928//4927 4929//4928 4848//4847
f 4848//4847 4929//4928 4930//4929
f 4930//4929 4931//4930 4850//4849
f 4850//4849 4931//4930 4932//4931
f 4851//4850 4932//4931 4933//4932
f 4933//4932 4934//4933 4853//4852
f 4934//4933 4935//4934 4854//4853
f 4935//4934 4936//4935 4855//4854
f 4936//4935 4937//4936 4856//4855
f 4856//4855 4937//4936 4938//4937
f 4938//4937 4939//4938 4858//4857
f 4939//4938 4940//4939 4859//4858
f 4940//4939 4941//4940 4860//4859
f 4861//4860 4942//4941 4943//4942
f 4862//4861 4943//4942 4944//4943
f 4863//4862 4944//4943 4945//4944
f 4864//4863 4945//4944 4946//4945
f 4865//4864 4946//4945 4947//4946
f 4947//4946 4948//4947 4867//4866
f 4948//4947 4949//4948 4868//4867
f 4868//4867 4949//4948 4950//4949
f 4869//4868 4950//4949 4951//4950
f 4870//4869 4951//4950 4952//4951
f 4952//4951 4953//4952 4872//4871
f 4953//4952 4954//4953 4873//4872
f 4873//4872 4954//4953 4955//4954
f 4955//4954 4956//4955 4875//4874
f 4956//4955 4957//4956 4876//4875
f 4876//4875 4957//4956 4958//4957
f 4877//4876 4958//4957 4959//4958
f 4959//4958 4960//4959 4879//4878
f 4960//4959 4961//4960 4880//4879
f 4961//4960 4962//4961 4881//4880
f 4881//4880 4962//4961 4963//4962
f 4882//4881 4963//4962 4964//4963
f 4883//4882 4964//4963 4965//4964
f 4965//4964 4966//4965 4885//4884
f 4966//4965 4967//4966 4886//4885
f 4967//4966 4968//4967 4887//4886
f 4887//4886 4968//4967 4969//4968
f 4969//4968 4970//4969 4889//4888
f 4970//4969 4971//4970 4890//4889
f 4971//4970 4972//4971 4891//4890
f 4972//4971 4973//4972 4892//4891
f 4892//4891 4973//4972 4974//4973
f 4893//4892 4974//4973 4975//4974
f 4894//4893 4975//4974 4976//4975
f 4895//4894 4976//4975 4977//4976
f 4896//4895 4977//4976 4978//4977
f 4897//4896 4978//4977 4979//4978
f 4898//4897 4979//4978 4980//4979
f 4980//4979 4981//4980 4900//4899
f 4981//4980 4982//4981 4901//4900
f 4982//4981 4983//4982 4902//4901
f 4902//4901 4983//4982 4984//4983
f 4903//4902 4984//4983 4985//4984
f 4904//4903 4985//4984 4986//4985
f 4905//4904 4986//4985 4987//4986
f 4906//4905 4987//4986 4988//4987
f 4907//4906 4988//4987 4989//4988
f 4908//4907 4989//4988 4990//4989
f 4909//4908 4990//4989 4991//4990
f 4910//4909 4991//4990 4992//4991
f 4911//4910 4992//4991 4993//4992
f 4912//4911 4993//4992 4994//4993
f 4913//4912 4994//4993 4995//4994
f 4914//4913 4995//4994 4996//4995
f 4915//4914 4996//4995 4997//4996
f 4916//4915 4997//4996 4998//4997
f 4917//4916 4998//4997 4999//4998
f 4999//4998 5000//4999 4919//4918
f 4919//4918 5000//4999 5001//5000
f 4920//4919 5001//5000 5002//5001
f 4921//4920 5002//5001 5003//5002
f 4922//4921 5003//5002 5004//5003
f 4923//4922 5004//5003 5005//5004
f 4924//4923 5005//5004 5006//5005
f 4925//4924 5006//5005 5007//5006
f 5007//5006 5008//5007 4927//4926
f 5008//5007 5009//5008 4928//4927
f 5009//5008 5010//5009 4929//4928
f 5010//5009 5011//5010 4930//4929
f 4930//4929 5011//5010 5012//5011
f 4931//4930 5012//5011 5013//5012
f 5013//5012 5014//5013 4933//4932
f 5014//5013 5015//5014 4934//4933
f 5015//5014 5016//5015 4935//4934
f 5016//5015 5017//5016 4936//4935
f 5017//5016 5018//5017 4937//4936
f 5018//5017 5019//5018 4938//4937
f 5019//5018 5020//5019 4939//4938
f 5020//5019 5021//5020 4940//4939
f 5021//5020 5022//5021 4941//4940
f 4942//4941 5023//5022 5024//5023
f 4943//4942 5024//5023 5025//5024
f 4944//4943 5025//5024 5026//5025
f 5026//5025 5027//5026 4946//4945
f 5027//5026 5028//5027 4947//4946
f 5028//5027 5029//5028 4948//4947
f 5029//5028 5030//5029 4949//4948
f 5030//5029 5031//5030 4950//4949
f 4950//4949 5031//5030 5032//5031
f 4951//4950 5032//5031 5033//5032
f 4952//4951 5033//5032 5034//5033
f 5034//5033 5035//5034 4954//4953
f 4954//4953 5035//5034 5036//5035
f 4955//4954 5036//5035 5037//5036
f 4956//4955 5037//5036 5038//5037
f 5038//5037 5039//5038 4958//4957
f 4958//4957 5039//5038 5040//5039
f 4959//4958 5040//5039 5041//5040
f 5041//5040 5042//5041 4961//4960
f 5042//5041 5043//5042 4962//4961
f 5043//5042 5044//5043 4963//4962
f 5044//5043 5045//5044 4964//4963
f 4964//4963 5045//5044 5046//5045
f 4965//4964 5046//5045 5047//5046
f 5047//5046 5048//5047 4967//4966
f 4967//4966 5048//5047 5049//5048
f 4968//4967 5049//5048 5050//5049
f 5050//5049 5051//5050 4970//4969
f 4970//4969 5051//5050 5052//5051
f 5052//5051 5053//5052 4972//4971
f 5053//5052 5054//5053 4973//4972
f 4973//4972 5054//5053 5055//5054
f 4974//4973 5055//5054 5056//5055
f 4975//4974 5056//5055 5057//5056
f 4976//4975 5057//5056 5058//5057
f 5058//5057 5059//5058 4978//4977
f 5059//5058 5060//5059 4979//4978
f 5060//5059 5061//5060 4980//4979
f 5061//5060 5062//5061 4981//4980
f 5062//5061 5063//5062 4982//4981
f 4982//4981 5063//5062 5064//5063
f 4983//4982 5064//5063 5065//5064
f 5065//5064 5066//5065 4985//4984
f 4985//4984 5066//5065 5067//5066
f 5067//5066 5068//5067 4987//4986
f 5068//5067 5069//5068 4988//4987
f 5069//5068 5070//5069 4989//4988
f 5070//5069 5071//5070 4990//4989
f 4990//4989 5071//5070 5072//5071
f 4991//4990 5072//5071 5073//5072
f 4992//4991 5073//5072 5074//5073
f 4993//4992 5074//5073 5075//5074
f 4994//4993 5075//5074 5076//5075
f 4995//4994 5076//5075 5077//5076
f 5077//5076 5078//5077 4997//4996
f 5078//5077 5079//5078 4998//4997
f 5079//5078 5080//5079 4999//4998
f 5080//5079 5081//5080 5000//4999
f 5081//5080 5082//5081 5001//5000
f 5001//5000 5082//5081 5083//5082
f 5002//5001 5083//5082 5084//5083
f 5003//5002 5084//5083 5085//5084
f 5004//5003 5085//5084 5086//5085
f 5086//5085 5087//5086 5006//5005
f 5087//5086 5088//5087 5007//5006
f 5088//5087 5089//5088 5008//5007
f 5089//5088 5090//5089 5009//5008
f 5090//5089 5091//5090 5010//5009
f 5010//5009 5091//5090 5092//5091
f 5011//5010 5092//5091 5093//5092
f 5012//5011 5093//5092 5094//5093
f 5013//5012 5094//5093 5095//5094
f 5014//5013 5095//5094 5096//5095
f 5015//5014 5096//5095 5097//5096
f 5016//5015 5097//5096 5098//5097
f 5017//5016 5098//5097 5099//5098
f 5099//5098 5100//5099 5019//5018
f 5100//5099 5101//5100 5020//5019
f 5101//5100 5102//5101 5021//5020
f 5021//5020 5102//5101 5103//5102
f 5104//5103 5105//5104 5024//5023
f 5105//5104 5106//5105 5025//5024
f 5106//5105 5107//5106 5026//5025
f 5107//5106 5108//5107 5027//5026
f 5108//5107 5109//5108 5028//5027
f 5109//5108 5110//5109 5029//5028
f 5110//5109 5111//5110 5030//5029
f 5111//5110 5112//5111 5031//5030
f 5112//5111 5113//5112 5032//5031
f 5113//5112 5114//5113 5033//5032
f 5033//5032 5114//5113 5115//5114
f 5034//5033 5115//5114 5116//5115
f 5035//5034 5116//5115 5117//5116
f 5036//5035 5117//5116 5118//5117
f 5118//5117 5119//5118 5038//5037
f 5119//5118 5120//5119 5039//5038
f 5120//5119 5121//5120 5040//5039
f 5040//5039 5121//5120 5122//5121
f 5122//5121 5123//5122 5042//5041
f 5123//5122 5124//5123 5043//5042
f 5124//5123 5125//5124 5044//5043
f 5125//5124 5126//5125 5045//5044
f 5126//5125 5127//5126 5046//5045
f 5127//5126 5128//5127 5047//5046
f 5047//5046 5128//5127 5129//5128
f 5129//5128 5130//5129 5049//5048
f 5130//5129 5131//5130 5050//5049
f 5050//5049 5131//5130 5132//5131
f 5051//5050 5132//5131 5133//5132
f 5052//5051 5133//5132 5134//5133
f 5053//5052 5134//5133 5135//5134
f 5135//5134 5136//5135 5055//5054
f 5136//5135 5137//5136 5056//5055
f 5137//5136 5138//5137 5057//5056
f 5057//5056 5138//5137 5139//5138
f 5058//5057 5139//5138 5140//5139
f 5059//5058 5140//5139 5141//5140
f 5141//5140 5142//5141 5061//5060
f 5142//5141 5143//5142 5062//5061
f 5062//5061 5143//5142 5144//5143
f 5063//5062 5144//5143 5145//5144
f 5064//5063 5145//5144 5146//5145
f 5146//5145 5147//5146 5066//5065
f 5147//5146 5148//5147 5067//5066
f 5148//5147 5149//5148 5068//5067
f 5149//5148 5150//5149 5069//5068
f 5150//5149 5151//5150 5070//5069
f 5070//5069 5151//5150 5152//5151
f 5071//5070 5152//5151 5153//5152
f 5072//5071 5153//5152 5154//5153
f 5154//5153 5155//5154 5074//5073
f 5155//5154 5156//5155 5075//5074
f 5156//5155 5157//5156 5076//5075
f 5157//5156 5158//5157 5077//5076
f 5158//5157 5159//5158 5078//5077
f 5159//5158 5160//5159 5079//5078
f 5160//5159 5161//5160 5080//5079
f 5161//5160 5162//5161 5081//5080
f 5162//5161 5163//5162 5082//5081
f 5082//5081 5163//5162 5164//5163
f 5083//5082 5164//5163 5165//5164
f 5084//5083 5165//5164 5166//5165
f 5085//5084 5166//5165 5167//5166
f 5167//5166 5168//5167 5087//5086
f 5168//5167 5169//5168 5088//5087
f 5169//5168 5170//5169 5089//5088
f 5170//5169 5171//5170 5090//5089
f 5171//5170 5172//5171 5091//5090
f 5172//5171 5173//5172 5092//5091
f 5092//5091 5173//5172 5174//5173
f 5093//5092 5174//5173 5175//5174
f 5094//5093 5175//5174 5176//5175
f 5095//5094 5176//5175 5177//5176
f 5096//5095 5177//5176 5178//5177
f 5097//5096 5178//5177 5179//5178
f 5098//5097 5179//5178 5180//5179
f 5099//5098 5180//5179 5181//5180
f 5100//5099 5181//5180 5182//5181
f 5101//5100 5182//5181 5183//5182
f 5183//5182 5184//5183 5103//5102
f 5185//5184 5186//5185 5105//5104
f 5186//5185 5187//5186 5106//5105
f 5187//5186 5188//5187 5107//5106
f 5188//5187 5189//5188 5108//5107
f 5189//5188 5190//5189 5109//5108
f 5109//5108 5190//5189 5191//5190
f 5191//5190 5192//5191 5111//5110
f 5192//5191 5193//5192 5112//5111
f 5193//5192 5194//5193 5113//5112
f 5194//5193 5195//5194 5114//5113
f 5195//5194 5196//5195 5115//5114
f 5115//5114 5196//5195 5197//5196
f 5116//5115 5197//5196 5198//5197
f 5117//5116 5198//5197 5199//5198
f 5199//5198 5200//5199 5119//5118
f 5200//5199 5201//5200 5120//5119
f 5201//5200 5202//5201 5121//5120
f 5121//5120 5202//5201 5203//5202
f 5122//5121 5203//5202 5204//5203
f 5204//5203 5205//5204 5124//5123
f 5205//5204 5206//5205 5125//5124
f 5206//5205 5207//5206 5126//5125
f 5207//5206 5208//5207 5127//5126
f 5127//5126 5208//5207 5209//5208
f 5209//5208 5210//5209 5129//5128
f 5210//5209 5211//5210 5130//5129
f 5211//5210 5212//5211 5131//5130
f 5131//5130 5212//5211 5213//5212
f 5132//5131 5213//5212 5214//5213
f 5133//5132 5214//5213 5215//5214
f 5134//5133 5215//5214 5216//5215
f 5135//5134 5216//5215 5217//5216
f 5217//5216 5218//5217 5137//5136
f 5218//5217 5219//5218 5138//5137
f 5219//5218 5220//5219 5139//5138
f 5139//5138 5220//5219 5221//5220
f 5221//5220 5222//5221 5141//5140
f 5222//5221 5223//5222 5142//5141
f 5223//5222 5224//5223 5143//5142
f 5224//5223 5225//5224 5144//5143
f 5144//5143 5225//5224 5226//5225
f 5145//5144 5226//5225 5227//5226
f 5227//5226 5228//5227 5147//5146
f 5228//5227 5229//5228 5148//5147
f 5229//5228 5230//5229 5149//5148
f 5230//5229 5231//5230 5150//5149
f 5231//5230 5232//5231 5151//5150
f 5151//5150 5232//5231 5233//5232
f 5152//5151 5233//5232 5234//5233
f 5153//5152 5234//5233 5235//5234
f 5154//5153 5235//5234 5236//5235
f 5236//5235 5237//5236 5156//5155
f 5237//5236 5238//5237 5157//5156
f 5238//5237 5239//5238 5158//5157
f 5239//5238 5240//5239 5159//5158
f 5240//5239 5241//5240 5160//5159
f 5241//5240 5242//5241 5161//5160
f 5242//5241 5243//5242 5162//5161
f 5243//5242 5244//5243 5163//5162
f 5244//5243 5245//5244 5164//5163
f 5164//5163 5245//5244 5246//5245
f 5165//5164 5246//5245 5247//5246
f 5166//5165 5247//5246 5248//5247
f 5248//5247 5249//5248 5168//5167
f 5249//5248 5250//5249 5169//5168
f 5250//5249 5251//5250 5170//5169
f 5251//5250 5252//5251 5171//5170
f 5171//5170 5252//5251 5253//5252
f 5253//5252 5254//5253 5173//5172
f 5254//5253 5255//5254 5174//5173
f 5174//5173 5255//5254 5256//5255
f 5175//5174 5256//5255 5257//5256
f 5176//5175 5257//5256 5258//5257
f 5177//5176 5258//5257 5259//5258
f 5178//5177 5259//5258 5260//5259
f 5179//5178 5260//5259 5261//5260
f 5180//5179 5261//5260 5262//5261
f 5181//5180 5262//5261 5263//5262
f 5263//5262 5264//5263 5183//5182
f 5264//5263 5265//5264 5184//5183
f 5266//5265 5267//5266 5186//5185
f 5267//5266 5268//5267 5187//5186
f 5268//5267 5269//5268 5188//5187
f 5269//5268 5270//5269 5189//5188
f 5189//5188 5270//5269 5271//5270
f 5190//5189 5271//5270 5272//5271
f 5191//5190 5272//5271 5273//5272
f 5192//5191 5273//5272 5274//5273
f 5274//5273 5275//5274 5194//5193
f 5275//5274 5276//5275 5195//5194
f 5276//5275 5277//5276 5196//5195
f 5196//5195 5277//5276 5278//5277
f 5197//5196 5278//5277 5279//5278
f 5198//5197 5279//5278 5280//5279
f 5280//5279 5281//5280 5200//5199
f 5281//5280 5282//5281 5201//5200
f 5282//5281 5283//5282 5202//5201
f 5202//5201 5283//5282 5284//5283
f 5203//5202 5284//5283 5285//5284
f 5285//5284 5286//5285 5205//5204
f 5286//5285 5287//5286 5206//5205
f 5287//5286 5288//5287 5207//5206
f 5288//5287 5289//5288 5208//5207
f 5289//5288 5290//5289 5209//5208
f 5209//5208 5290//5289 5291//5290
f 5291//5290 5292//5291 5211//5210
f 5292//5291 5293//5292 5212//5211
f 5212//5211 5293//5292 5294//5293
f 5213//5212 5294//5293 5295//5294
f 5214//5213 5295//5294 5296//5295
f 5215//5214 5296//5295 5297//5296
f 5216//5215 5297//5296 5298//5297
f 5217//5216 5298//5297 5299//5298
f 5218//5217 5299//5298 5300//5299
f 5300//5299 5301//5300 5220//5219
f 5301//5300 5302//5301 5221//5220
f 5302//5301 5303//5302 5222//5221
f 5303//5302 5304//5303 5223//5222
f 5304//5303 5305//5304 5224//5223
f 5305//5304 5306//5305 5225//5224
f 5225//5224 5306//5305 5307//5306
f 5307//5306 5308//5307 5227//5226
f 5308//5307 5309//5308 5228//5227
f 5309//5308 5310//5309 5229//5228
f 5310//5309 5311//5310 5230//5229
f 5311//5310 5312//5311 5231//5230
f 5312//5311 5313//5312 5232//5231
f 5313//5312 5314//5313 5233//5232
f 5233//5232 5314//5313 5315//5314
f 5234//5233 5315//5314 5316//5315
f 5235//5234 5316//5315 5317//5316
f 5317//5316 5318//5317 5237//5236
f 5318//5317 5319//5318 5238//5237
f 5319//5318 5320//5319 5239//5238
f 5320//5319 5321//5320 5240//5239
f 5240//5239 5321//5320 5322//5321
f 5241//5240 5322//5321 5323//5322
f 5242//5241 5323//5322 5324//5323
f 5324//5323 5325//5324 5244//5243
f 5244//5243 5325//5324 5326//5325
f 5245//5244 5326//5325 5327//5326
f 5246//5245 5327//5326 5328//5327
f 5328//5327 5329//5328 5248//5247
f 5329//5328 5330//5329 5249//5248
f 5330//5329 5331//5330 5250//5249
f 5331//5330 5332//5331 5251//5250
f 5251//5250 5332//5331 5333//5332
f 5333//5332 5334//5333 5253//5252
f 5334//5333 5335//5334 5254//5253
f 5335//5334 5336//5335 5255//5254
f 5336//5335 5337//5336 5256//5255
f 5256//5255 5337//5336 5338//5337
f 5338//5337 5339//5338 5258//5257
f 5258//5257 5339//5338 5340//5339
f 5259//5258 5340//5339 5341//5340
f 5260//5259 5341//5340 5342//5341
f 5261//5260 5342//5341 5343//5342
f 5262//5261 5343//5342 5344//5343
f 5344//5343 5345//5344 5264//5263
f 5345//5344 5346//5345 5265//5264
f 5347//5346 5348//5347 5267//5266
f 5348//5347 5349//5348 5268//5267
f 5349//5348 5350//5349 5269//5268
f 5269//5268 5350//5349 5351//5350
f 5351//5350 5352//5351 5271//5270
f 5352//5351 5353//5352 5272//5271
f 5272//5271 5353//5352 5354//5353
f 5273//5272 5354//5353 5355//5354
f 5274//5273 5355//5354 5356//5355
f 5275//5274 5356//5355 5357//5356
f 5276//5275 5357//5356 5358//5357
f 5358//5357 5359//5358 5278//5277
f 5278//5277 5359//5358 5360//5359
f 5360//5359 5361//5360 5280//5279
f 5361//5360 5362//5361 5281//5280
f 5362//5361 5363//5362 5282//5281
f 5282//5281 5363//5362 5364//5363
f 5283//5282 5364//5363 5365//5364
f 5284//5283 5365//5364 5366//5365
f 5366//5365 5367//5366 5286//5285
f 5367//5366 5368//5367 5287//5286
f 5368//5367 5369//5368 5288//5287
f 5369//5368 5370//5369 5289//5288
f 5289//5288 5370//5369 5371//5370
f 5371//5370 5372//5371 5291//5290
f 5372//5371 5373//5372 5292//5291
f 5292//5291 5373//5372 5374//5373
f 5293//5292 5374//5373 5375//5374
f 5294//5293 5375//5374 5376//5375
f 5295//5294 5376//5375 5377//5376
f 5296//5295 5377//5376 5378//5377
f 5297//5296 5378//5377 5379//5378
f 5298//5297 5379//5378 5380//5379
f 5299//5298 5380//5379 5381//5380
f 5381//5380 5382//5381 5301//5300
f 5382//5381 5383//5382 5302//5301
f 5383//5382 5384//5383 5303//5302
f 5384//5383 5385//5384 5304//5303
f 5385//5384 5386//5385 5305//5304
f 5305//5304 5386//5385 5387//5386
f 5306//5305 5387//5386 5388//5387
f 5307//5306 5388//5387 5389//5388
f 5389//5388 5390//5389 5309//5308
f 5390//5389 5391//5390 5310//5309
f 5391//5390 5392//5391 5311//5310
f 5392//5391 5393//5392 5312//5311
f 5393//5392 5394//5393 5313//5312
f 5313//5312 5394//5393 5395//5394
f 5314//5313 5395//5394 5396//5395
f 5315//5314 5396//5395 5397//5396
f 5397//5396 5398//5397 5317//5316
f 5398//5397 5399//5398 5318//5317
f 5399//5398 5400//5399 5319//5318
f 5400//5399 5401//5400 5320//5319
f 5401//5400 5402//5401 5321//5320
f 5321//5320 5402//5401 5403//5402
f 5322//5321 5403//5402 5404//5403
f 5323//5322 5404//5403 5405//5404
f 5324//5323 5405//5404 5406//5405
f 5406//5405 5407//5406 5326//5325
f 5326//5325 5407//5406 5408//5407
f 5327//5326 5408//5407 5409//5408
f 5409//5408 5410//5409 5329//5328
f 5410//5409 5411//5410 5330//5329
f 5411//5410 5412//5411 5331//5330
f 5331//5330 5412//5411 5413//5412
f 5413//5412 5414//5413 5333//5332
f 5414//5413 5415//5414 5334//5333
f 5415//5414 5416//5415 5335//5334
f 5416//5415 5417//5416 5336//5335
f 5336//5335 5417//5416 5418//5417
f 5337//5336 5418//5417 5419//5418
f 5338//5337 5419//5418 5420//5419
f 5420//5419 5421//5420 5340//5339
f 5421//5420 5422//5421 5341//5340
f 5422//5421 5423//5422 5342//5341
f 5342//5341 5423//5422 5424//5423
f 5343//5342 5424//5423 5425//5424
f 5425//5424 5426//5425 5345//5344
f 5426//5425 5427//5426 5346//5345
f 5428//5427 5429//5428 5348//5347
f 5429//5428 5430//5429 5349//5348
f 5349//5348 5430//5429 5431//5430
f 5350//5349 5431//5430 5432//5431
f 5432//5431 5433//5432 5352//5351
f 5433//5432 5434//5433 5353//5352
f 5353//5352 5434//5433 5435//5434
f 5354//5353 5435//5434 5436//5435
f 5355//5354 5436//5435 5437//5436
f 5356//5355 5437//5436 5438//5437
f 5357//5356 5438//5437 5439//5438
f 5358//5357 5439//5438 5440//5439
f 5359//5358 5440//5439 5441//5440
f 5360//5359 5441//5440 5442//5441
f 5442//5441 5443//5442 5362//5361
f 5443//5442 5444//5443 5363//5362
f 5363//5362 5444//5443 5445//5444
f 5364//5363 5445//5444 5446//5445
f 5446//5445 5447//5446 5366//5365
f 5366//5365 5447//5446 5448//5447
f 5448//5447 5449//5448 5368//5367
f 5368//5367 5449//5448 5450//5449
f 5450//5449 5451//5450 5370//5369
f 5451//5450 5452//5451 5371//5370
f 5371//5370 5452//5451 5453//5452
f 5372//5371 5453//5452 5454//5453
f 5373//5372 5454//5453 5455//5454
f 5455//5454 5456//5455 5375//5374
f 5456//5455 5457//5456 5376//5375
f 5457//5456 5458//5457 5377//5376
f 5458//5457 5459//5458 5378//5377
f 5378//5377 5459//5458 5460//5459
f 5379//5378 5460//5459 5461//5460
f 5380//5379 5461//5460 5462//5461
f 5462//5461 5463//5462 5382//5381
f 5463//5462 5464//5463 5383//5382
f 5464//5463 5465//5464 5384//5383
f 5465//5464 5466//5465 5385//5384
f 5466//5465 5467//5466 5386//5385
f 5386//5385 5467//5466 5468//5467
f 5468//5467 5469//5468 5388//5387
f 5469//5468 5470//5469 5389//5388
f 5389//5388 5470//5469 5471//5470
f 5390//5389 5471//5470 5472//5471
f 5391//5390 5472//5471 5473//5472
f 5392//5391 5473//5472 5474//5473
f 5393//5392 5474//5473 5475//5474
f 5475//5474 5476//5475 5395//5394
f 5476//5475 5477//5476 5396//5395
f 5477//5476 5478//5477 5397//5396
f 5478//5477 5479//5478 5398//5397
f 5479//5478 5480//5479 5399//5398
f 5480//5479 5481//5480 5400//5399
f 5400//5399 5481//5480 5482//5481
f 5401//5400 5482//5481 5483//5482
f 5483//5482 5484//5483 5403//5402
f 5484//5483 5485//5484 5404//5403
f 5485//5484 5486//5485 5405//5404
f 5486//5485 5487//5486 5406//5405
f 5487//5486 5488//5487 5407//5406
f 5488//5487 5489//5488 5408//5407
f 5408//5407 5489//5488 5490//5489
f 5409//5408 5490//5489 5491//5490
f 5410//5409 5491//5490 5492//5491
f 5411//5410 5492//5491 5493//5492
f 5493//5492 5494//5493 5413//5412
f 5494//5493 5495//5494 5414//5413
f 5495//5494 5496//5495 5415//5414
f 5496//5495 5497//5496 5416//5415
f 5416//5415 5497//5496 5498//5497
f 5417//5416 5498//5497 5499//5498
f 5418//5417 5499//5498 5500//5499
f 5419//5418 5500//5499 5501//5500
f 5501//5500 5502//5501 5421//5420
f 5502//5501 5503//5502 5422//5421
f 5503//5502 5504//5503 5423//5422
f 5504//5503 5505//5504 5424//5423
f 5505//5504 5506//5505 5425//5424
f 5425//5424 5506//5505 5507//5506
f 5426//5425 5507//5506 5508//5507
f 5428//5427 5509//5508 5510//5509
f 5429//5428 5510//5509 5511//5510
f 5430//5429 5511//5510 5512//5511
f 5512//5511 5513//5512 5432//5431
f 5432//5431 5513//5512 5514//5513
f 5514//5513 5515//5514 5434//5433
f 5515//5514 5516//5515 5435//5434
f 5516//5515 5517//5516 5436//5435
f 5436//5435 5517//5516 5518//5517
f 5437//5436 5518//5517 5519//5518
f 5438//5437 5519//5518 5520//5519
f 5439//5438 5520//5519 5521//5520
f 5440//5439 5521//5520 5522//5521
f 5441//5440 5522//5521 5523//5522
f 5442//5441 5523//5522 5524//5523
f 5443//5442 5524//5523 5525//5524
f 5525//5524 5526//5525 5445//5444
f 5526//5525 5527//5526 5446//5445
f 5527//5526 5528//5527 5447//5446
f 5447//5446 5528//5527 5529//5528
f 5448//5447 5529//5528 5530//5529
f 5530//5529 5531//5530 5450//5449
f 5531//5530 5532//5531 5451//5450
f 5532//5531 5533//5532 5452//5451
f 5452//5451 5533//5532 5534//5533
f 5453//5452 5534//5533 5535//5534
f 5454//5453 5535//5534 5536//5535
f 5536//5535 5537//5536 5456//5455
f 5537//5536 5538//5537 5457//5456
f 5538//5537 5539//5538 5458//5457
f 5539//5538 5540//5539 5459//5458
f 5540//5539 5541//5540 5460//5459
f 5541//5540 5542//5541 5461//5460
f 5542//5541 5543//5542 5462//5461
f 5462//5461 5543//5542 5544//5543
f 5463//5462 5544//5543 5545//5544
f 5464//5463 5545//5544 5546//5545
f 5465//5464 5546//5545 5547//5546
f 5466//5465 5547//5546 5548//5547
f 5548//5547 5549//5548 5468//5467
f 5549//5548 5550//5549 5469//5468
f 5550//5549 5551//5550 5470//5469
f 5470//5469 5551//5550 5552//5551
f 5471//5470 5552//5551 5553//5552
f 5472//5471 5553//5552 5554//5553
f 5473//5472 5554//5553 5555//5554
f 5474//5473 5555//5554 5556//5555
f 5475//5474 5556//5555 5557//5556
f 5557//5556 5558//5557 5477//5476
f 5477//5476 5558//5557 5559//5558
f 5478//5477 5559//5558 5560//5559
f 5479//5478 5560//5559 5561//5560
f 5480//5479 5561//5560 5562//5561
f 5481//5480 5562//5561 5563//5562
f 5482//5481 5563//5562 5564//5563
f 5564//5563 5565//5564 5484//5483
f 5565//5564 5566//5565 5485//5484
f 5566//5565 5567//5566 5486//5485
f 5567//5566 5568//5567 5487//5486
f 5568//5567 5569//5568 5488//5487
f 5569//5568 5570//5569 5489//5488
f 5489//5488 5570//5569 5571//5570
f 5490//5489 5571//5570 5572//5571
f 5491//5490 5572//5571 5573//5572
f 5492//5491 5573//5572 5574//5573
f 5574//5573 5575//5574 5494//5493
f 5575//5574 5576//5575 5495//5494
f 5576//5575 5577//5576 5496//5495
f 5577//5576 5578//5577 5497//5496
f 5578//5577 5579//5578 5498//5497
f 5498//5497 5579//5578 5580//5579
f 5580//5579 5581//5580 5500//5499
f 5581//5580 5582//5581 5501//5500
f 5582//5581 5583//5582 5502//5501
f 5583//5582 5584//5583 5503//5502
f 5584//5583 5585//5584 5504//5503
f 5585//5584 5586//5585 5505//5504
f 5505//5504 5586//5585 5587//5586
f 5506//5505 5587//5586 5588//5587
f 5507//5506 5588//5587 5589//5588
f 5509//5508 5590//5589 5591//5590
f 5510//5509 5591//5590 5592//5591
f 5592//5591 5593//5592 5512//5511
f 5512//5511 5593//5592 5594//5593
f 5513//5512 5594//5593 5595//5594
f 5514//5513 5595//5594 5596//5595
f 5596//5595 5597//5596 5516//5515
f 5597//5596 5598//5597 5517//5516
f 5598//5597 5599//5598 5518//5517
f 5599//5598 5600//5599 5519//5518
f 5519//5518 5600//5599 5601//5600
f 5520//5519 5601//5600 5602//5601
f 5521//5520 5602//5601 5603//5602
f 5522//5521 5603//5602 5604//5603
f 5523//5522 5604//5603 5605//5604
f 5524//5523 5605//5604 5606//5605
f 5606//5605 5607//5606 5526//5525
f 5607//5606 5608//5607 5527//5526
f 5527//5526 5608//5607 5609//5608
f 5528//5527 5609//5608 5610//5609
f 5529//5528 5610//5609 5611//5610
f 5611//5610 5612//5611 5531//5530
f 5612//5611 5613//5612 5532//5531
f 5532//5531 5613//5612 5614//5613
f 5533//5532 5614//5613 5615//5614
f 5534//5533 5615//5614 5616//5615
f 5616//5615 5617//5616 5536//5535
f 5617//5616 5618//5617 5537//5536
f 5618//5617 5619//5618 5538//5537
f 5619//5618 5620//5619 5539//5538
f 5539//5538 5620//5619 5621//5620
f 5540//5539 5621//5620 5622//5621
f 5622//5621 5623//5622 5542//5541
f 5623//5622 5624//5623 5543//5542
f 5543//5542 5624//5623 5625//5624
f 5544//5543 5625//5624 5626//5625
f 5545//5544 5626//5625 5627//5626
f 5546//5545 5627//5626 5628//5627
f 5628//5627 5629//5628 5548//5547
f 5629//5628 5630//5629 5549//5548
f 5630//5629 5631//5630 5550//5549
f 5631//5630 5632//5631 5551//5550
f 5551//5550 5632//5631 5633//5632
f 5552//5551 5633//5632 5634//5633
f 5553//5552 5634//5633 5635//5634
f 5554//5553 5635//5634 5636//5635
f 5555//5554 5636//5635 5637//5636
f 5637//5636 5638//5637 5557//5556
f 5638//5637 5639//5638 5558//5557
f 5639//5638 5640//5639 5559//5558
f 5559//5558 5640//5639 5641//5640
f 5560//5559 5641//5640 5642//5641
f 5561//5560 5642//5641 5643//5642
f 5562//5561 5643//5642 5644//5643
f 5563//5562 5644//5643 5645//5644
f 5564//5563 5645//5644 5646//5645
f 5565//5564 5646//5645 5647//5646
f 5566//5565 5647//5646 5648//5647
f 5648//5647 5649//5648 5568//5567
f 5649//5648 5650//5649 5569//5568
f 5650//5649 5651//5650 5570//5569
f 5651//5650 5652//5651 5571//5570
f 5571//5570 5652//5651 5653//5652
f 5572//5571 5653//5652 5654//5653
f 5573//5572 5654//5653 5655//5654
f 5574//5573 5655//5654 5656//5655
f 5656//5655 5657//5656 5576//5575
f 5657//5656 5658//5657 5577//5576
f 5658//5657 5659//5658 5578//5577
f 5659//5658 5660//5659 5579//5578
f 5660//5659 5661//5660 5580//5579
f 5661//5660 5662//5661 5581//5580
f 5662//5661 5663//5662 5582//5581
f 5663//5662 5664//5663 5583//5582
f 5664//5663 5665//5664 5584//5583
f 5665//5664 5666//5665 5585//5584
f 5585//5584 5666//5665 5667//5666
f 5667//5666 5668//5667 5587//5586
f 5587//5586 5668//5667 5669//5668
f 5588//5587 5669//5668 5670//5669
f 5590//5589 5671//5670 5672//5671
f 5591//5590 5672//5671 5673//5672
f 5592//5591 5673//5672 5674//5673
f 5674//5673 5675//5674 5594//5593
f 5675//5674 5676//5675 5595//5594
f 5676//5675 5677//5676 5596//5595
f 5677//5676 5678//5677 5597//5596
f 5678//5677 5679//5678 5598//5597
f 5679//5678 5680//5679 5599//5598
f 5680//5679 5681//5680 5600//5599
f 5681//5680 5682//5681 5601//5600
f 5682//5681 5683//5682 5602//5601
f 5602//5601 5683//5682 5684//5683
f 5603//5602 5684//5683 5685//5684
f 5604//5603 5685//5684 5686//5685
f 5686//5685 5687//5686 5606//5605
f 5687//5686 5688//5687 5607//5606
f 5607//5606 5688//5687 5689//5688
f 5608//5607 5689//5688 5690//5689
f 5609//5608 5690//5689 5691//5690
f 5610//5609 5691//5690 5692//5691
f 5692//5691 5693//5692 5612//5611
f 5612//5611 5693//5692 5694//5693
f 5694//5693 5695//5694 5614//5613
f 5695//5694 5696//5695 5615//5614
f 5696//5695 5697//5696 5616//5615
f 5697//5696 5698//5697 5617//5616
f 5617//5616 5698//5697 5699//5698
f 5618//5617 5699//5698 5700//5699
f 5619//5618 5700//5699 5701//5700
f 5701//5700 5702//5701 5621//5620
f 5621//5620 5702//5701 5703//5702
f 5622//5621 5703//5702 5704//5703
f 5623//5622 5704//5703 5705//5704
f 5705//5704 5706//5705 5625//5624
f 5625//5624 5706//5705 5707//5706
f 5626//5625 5707//5706 5708//5707
f 5627//5626 5708//5707 5709//5708
f 5709//5708 5710//5709 5629//5628
f 5710//5709 5711//5710 5630//5629
f 5711//5710 5712//5711 5631//5630
f 5712//5711 5713//5712 5632//5631
f 5632//5631 5713//5712 5714//5713
f 5633//5632 5714//5713 5715//5714
f 5634//5633 5715//5714 5716//5715
f 5635//5634 5716//5715 5717//5716
f 5717//5716 5718//5717 5637//5636
f 5637//5636 5718//5717 5719//5718
f 5638//5637 5719//5718 5720//5719
f 5639//5638 5720//5719 5721//5720
f 5721//5720 5722//5721 5641//5640
f 5641//5640 5722//5721 5723//5722
f 5642//5641 5723//5722 5724//5723
f 5643//5642 5724//5723 5725//5724
f 5644//5643 5725//5724 5726//5725
f 5645//5644 5726//5725 5727//5726
f 5646//5645 5727//5726 5728//5727
f 5647//5646 5728//5727 5729//5728
f 5729//5728 5730//5729 5649//5648
f 5730//5729 5731//5730 5650//5649
f 5731//5730 5732//5731 5651//5650
f 5732//5731 5733//5732 5652//5651
f 5733//5732 5734//5733 5653//5652
f 5653//5652 5734//5733 5735//5734
f 5654//5653 5735//5734 5736//5735
f 5655//5654 5736//5735 5737//5736
f 5737//5736 5738//5737 5657//5656
f 5738//5737 5739//5738 5658//5657
f 5739//5738 5740//5739 5659//5658
f 5740//5739 5741//5740 5660//5659
f 5741//5740 5742//5741 5661//5660
f 5742//5741 5743//5742 5662//5661
f 5743//5742 5744//5743 5663//5662
f 5744//5743 5745//5744 5664//5663
f 5745//5744 5746//5745 5665//5664
f 5665//5664 5746//5745 5747//5746
f 5666//5665 5747//5746 5748//5747
f 5748//5747 5749//5748 5668//5667
f 5749//5748 5750//5749 5669//5668
f 5669//5668 5750//5749 5751//5750
f 5671//5670 5752//5751 5753//5752
f 5672//5671 5753//5752 5754//5753
f 5673//5672 5754//5753 5755//5754
f 5755//5754 5756//5755 5675//5674
f 5756//5755 5757//5756 5676//5675
f 5757//5756 5758//5757 5677//5676
f 5758//5757 5759//5758 5678//5677
f 5759//5758 5760//5759 5679//5678
f 5760//5759 5761//5760 5680//5679
f 5761//5760 5762//5761 5681//5680
f 5762//5761 5763//5762 5682//5681
f 5763//5762 5764//5763 5683//5682
f 5764//5763 5765//5764 5684//5683
f 5765//5764 5766//5765 5685//5684
f 5766//5765 5767//5766 5686//5685
f 5767//5766 5768//5767 5687//5686
f 5687//5686 5768//5767 5769//5768
f 5769//5768 5770//5769 5689//5688
f 5770//5769 5771//5770 5690//5689
f 5771//5770 5772//5771 5691//5690
f 5772//5771 5773//5772 5692//5691
f 5692//5691 5773//5772 5774//5773
f 5774//5773 5775//5774 5694//5693
f 5775//5774 5776//5775 5695//5694
f 5776//5775 5777//5776 5696//5695
f 5777//5776 5778//5777 5697//5696
f 5697//5696 5778//5777 5779//5778
f 5698//5697 5779//5778 5780//5779
f 5699//5698 5780//5779 5781//5780
f 5781//5780 5782//5781 5701//5700
f 5701//5700 5782//5781 5783//5782
f 5702//5701 5783//5782 5784//5783
f 5703//5702 5784//5783 5785//5784
f 5704//5703 5785//5784 5786//5785
f 5705//5704 5786//5785 5787//5786
f 5787//5786 5788//5787 5707//5706
f 5707//5706 5788//5787 5789//5788
f 5708//5707 5789//5788 5790//5789
f 5709//5708 5790//5789 5791//5790
f 5791//5790 5792//5791 5711//5710
f 5711//5710 5792//5791 5793//5792
f 5712//5711 5793//5792 5794//5793
f 5794//5793 5795//5794 5714//5713
f 5714//5713 5795//5794 5796//5795
f 5796//5795 5797//5796 5716//5715
f 5797//5796 5798//5797 5717//5716
f 5798//5797 5799//5798 5718//5717
f 5718//5717 5799//5798 5800//5799
f 5719//5718 5800//5799 5801//5800
f 5720//5719 5801//5800 5802//5801
f 5802//5801 5803//5802 5722//5721
f 5803//5802 5804//5803 5723//5722
f 5804//5803 5805//5804 5724//5723
f 5805//5804 5806//5805 5725//5724
f 5725//5724 5806//5805 5807//5806
f 5726//5725 5807//5806 5808//5807
f 5808//5807 5809//5808 5728//5727
f 5728//5727 5809//5808 5810//5809
f 5729//5728 5810//5809 5811//5810
f 5730//5729 5811//5810 5812//5811
f 5731//5730 5812//5811 5813//5812
f 5732//5731 5813//5812 5814//5813
f 5733//5732 5814//5813 5815//5814
f 5734//5733 5815//5814 5816//5815
f 5735//5734 5816//5815 5817//5816
f 5817//5816 5818//5817 5737//5736
f 5818//5817 5819//5818 5738//5737
f 5819//5818 5820//5819 5739//5738
f 5820//5819 5821//5820 5740//5739
f 5821//5820 5822//5821 5741//5740
f 5741//5740 5822//5821 5823//5822
f 5823//5822 5824//5823 5743//5742
f 5743//5742 5824//5823 5825//5824
f 5744//5743 5825//5824 5826//5825
f 5826//5825 5827//5826 5746//5745
f 5827//5826 5828//5827 5747//5746
f 5828//5827 5829//5828 5748//5747
f 5748//5747 5829//5828 5830//5829
f 5830//5829 5831//5830 5750//5749
f 5831//5830 5832//5831 5751//5750
f 5833//5832 5834//5833 5753//5752
f 5834//5833 5835//5834 5754//5753
f 5835//5834 5836//5835 5755//5754
f 5836//5835 5837//5836 5756//5755
f 5837//5836 5838//5837 5757//5756
f 5838//5837 5839//5838 5758//5757
f 5839//5838 5840//5839 5759//5758
f 5840//5839 5841//5840 5760//5759
f 5841//5840 5842//5841 5761//5760
f 5842//5841 5843//5842 5762//5761
f 5843//5842 5844//5843 5763//5762
f 5844//5843 5845//5844 5764//5763
f 5764//5763 5845//5844 5846//5845
f 5765//5764 5846//5845 5847//5846
f 5766//5765 5847//5846 5848//5847
f 5848//5847 5849//5848 5768//5767
f 5849//5848 5850//5849 5769//5768
f 5850//5849 5851//5850 5770//5769
f 5851//5850 5852//5851 5771//5770
f 5852//5851 5853//5852 5772//5771
f 5853//5852 5854//5853 5773//5772
f 5854//5853 5855//5854 5774//5773
f 5855//5854 5856//5855 5775//5774
f 5856//5855 5857//5856 5776//5775
f 5857//5856 5858//5857 5777//5776
f 5858//5857 5859//5858 5778//5777
f 5778//5777 5859//5858 5860//5859
f 5779//5778 5860//5859 5861//5860
f 5780//5779 5861//5860 5862//5861
f 5862//5861 5863//5862 5782//5781
f 5863//5862 5864//5863 5783//5782
f 5783//5782 5864//5863 5865//5864
f 5784//5783 5865//5864 5866//5865
f 5785//5784 5866//5865 5867//5866
f 5786//5785 5867//5866 5868//5867
f 5787//5786 5868//5867 5869//5868
f 5869//5868 5870//5869 5789//5788
f 5789//5788 5870//5869 5871//5870
f 5871//5870 5872//5871 5791//5790
f 5872//5871 5873//5872 5792//5791
f 5792//5791 5873//5872 5874//5873
f 5793//5792 5874//5873 5875//5874
f 5875//5874 5876//5875 5795//5794
f 5876//5875 5877//5876 5796//5795
f 5877//5876 5878//5877 5797//5796
f 5878//5877 5879//5878 5798//5797
f 5879//5878 5880//5879 5799//5798
f 5880//5879 5881//5880 5800//5799
f 5800//5799 5881//5880 5882//5881
f 5801//5800 5882//5881 5883//5882
f 5883//5882 5884//5883 5803//5802
f 5884//5883 5885//5884 5804//5803
f 5885//5884 5886//5885 5805//5804
f 5886//5885 5887//5886 5806//5805
f 5806//5805 5887//5886 5888//5887
f 5807//5806 5888//5887 5889//5888
f 5808//5807 5889//5888 5890//5889
f 5890//5889 5891//5890 5810//5809
f 5891//5890 5892//5891 5811//5810
f 5811//5810 5892//5891 5893//5892
f 5812//5811 5893//5892 5894//5893
f 5813//5812 5894//5893 5895//5894
f 5814//5813 5895//5894 5896//5895
f 5815//5814 5896//5895 5897//5896
f 5816//5815 5897//5896 5898//5897
f 5898//5897 5899//5898 5818//5817
f 5899//5898 5900//5899 5819//5818
f 5819//5818 5900//5899 5901//5900
f 5901//5900 5902//5901 5821//5820
f 5821//5820 5902//5901 5903//5902
f 5822//5821 5903//5902 5904//5903
f 5823//5822 5904//5903 5905//5904
f 5824//5823 5905//5904 5906//5905
f 5906//5905 5907//5906 5826//5825
f 5907//5906 5908//5907 5827//5826
f 5908//5907 5909//5908 5828//5827
f 5828//5827 5909//5908 5910//5909
f 5829//5828 5910//5909 5911//5910
f 5830//5829 5911//5910 5912//5911
f 5912//5911 5913//5912 5832//5831
f 5914//5913 5915//5914 5834//5833
f 5915//5914 5916//5915 5835//5834
f 5916//5915 5917//5916 5836//5835
f 5917//5916 5918//5917 5837//5836
f 5918//5917 5919//5918 5838//5837
f 5919//5918 5920//5919 5839//5838
f 5920//5919 5921//5920 5840//5839
f 5840//5839 5921//5920 5922//5921
f 5922//5921 5923//5922 5842//5841
f 5923//5922 5924//5923 5843//5842
f 5924//5923 5925//5924 5844//5843
f 5925//5924 5926//5925 5845//5844
f 5845//5844 5926//5925 5927//5926
f 5846//5845 5927//5926 5928//5927
f 5928//5927 5929//5928 5848//5847
f 5929//5928 5930//5929 5849//5848
f 5930//5929 5931//5930 5850//5849
f 5931//5930 5932//5931 5851//5850
f 5851//5850 5932//5931 5933//5932
f 5933//5932 5934//5933 5853//5852
f 5934//5933 5935//5934 5854//5853
f 5935//5934 5936//5935 5855//5854
f 5936//5935 5937//5936 5856//5855
f 5937//5936 5938//5937 5857//5856
f 5938//5937 5939//5938 5858//5857
f 5858//5857 5939//5938 5940//5939
f 5940//5939 5941//5940 5860//5859
f 5941//5940 5942//5941 5861//5860
f 5861//5860 5942//5941 5943//5942
f 5862//5861 5943//5942 5944//5943
f 5944//5943 5945//5944 5864//5863
f 5945//5944 5946//5945 5865//5864
f 5865//5864 5946//5945 5947//5946
f 5866//5865 5947//5946 5948//5947
f 5867//5866 5948//5947 5949//5948
f 5868//5867 5949//5948 5950//5949
f 5950//5949 5951//5950 5870//5869
f 5951//5950 5952//5951 5871//5870
f 5952//5951 5953//5952 5872//5871
f 5953//5952 5954//5953 5873//5872
f 5873//5872 5954//5953 5955//5954
f 5955//5954 5956//5955 5875//5874
f 5956//5955 5957//5956 5876//5875
f 5957//5956 5958//5957 5877//5876
f 5958//5957 5959//5958 5878//5877
f 5959//5958 5960//5959 5879//5878
f 5960//5959 5961//5960 5880//5879
f 5961//5960 5962//5961 5881//5880
f 5881//5880 5962//5961 5963//5962
f 5882//5881 5963//5962 5964//5963
f 5964//5963 5965//5964 5884//5883
f 5965//5964 5966//5965 5885//5884
f 5966//5965 5967//5966 5886//5885
f 5967//5966 5968//5967 5887//5886
f 5887//5886 5968//5967 5969//5968
f 5888//5887 5969//5968 5970//5969
f 5889//5888 5970//5969 5971//5970
f 5971//5970 5972//5971 5891//5890
f 5972//5971 5973//5972 5892//5891
f 5973//5972 5974//5973 5893//5892
f 5974//5973 5975//5974 5894//5893
f 5894//5893 5975//5974 5976//5975
f 5895//5894 5976//5975 5977//5976
f 5896//5895 5977//5976 5978//5977
f 5897//5896 5978//5977 5979//5978
f 5898//5897 5979//5978 5980//5979
f 5980//5979 5981//5980 5900//5899
f 5981//5980 5982//5981 5901//5900
f 5982//5981 5983//5982 5902//5901
f 5902//5901 5983//5982 5984//5983
f 5903//5902 5984//5983 5985//5984
f 5904//5903 5985//5984 5986//5985
f 5905//5904 5986//5985 5987//5986
f 5987//5986 5988//5987 5907//5906
f 5988//5987 5989//5988 5908//5907
f 5989//5988 5990//5989 5909//5908
f 5909//5908 5990//5989 5991//5990
f 5910//5909 5991//5990 5992//5991
f 5911//5910 5992//5991 5993//5992
f 5912//5911 5993//5992 5994//5993
f 5995//5994 5996//5995 5915//5914
f 5996//5995 5997//5996 5916//5915
f 5997//5996 5998//5997 5917//5916
f 5998//5997 5999//5998 5918//5917
f 5999//5998 6000//5999 5919//5918
f 6000//5999 6001//6000 5920//5919
f 5920//5919 6001//6000 6002//6001
f 6002//6001 6003//6002 5922//5921
f 6003//6002 6004//6003 5923//5922
f 6004//6003 6005//6004 5924//5923
f 6005//6004 6006//6005 5925//5924
f 6006//6005 6007//6006 5926//5925
f 5926//5925 6007//6006 6008//6007
f 5927//5926 6008//6007 6009//6008
f 6009//6008 6010//6009 5929//5928
f 6010//6009 6011//6010 5930//5929
f 6011//6010 6012//6011 5931//5930
f 5931//5930 6012//6011 6013//6012
f 5932//5931 6013//6012 6014//6013
f 5933//5932 6014//6013 6015//6014
f 6015//6014 6016//6015 5935//5934
f 6016//6015 6017//6016 5936//5935
f 6017//6016 6018//6017 5937//5936
f 5937//5936 6018//6017 6019//6018
f 5938//5937 6019//6018 6020//6019
f 6020//6019 6021//6020 5940//5939
f 6021//6020 6022//6021 5941//5940
f 6022//6021 6023//6022 5942//5941
f 5942//5941 6023//6022 6024//6023
f 5943//5942 6024//6023 6025//6024
f 5944//5943 6025//6024 6026//6025
f 5945//5944 6026//6025 6027//6026
f 5946//5945 6027//6026 6028//6027
f 5947//5946 6028//6027 6029//6028
f 5948//5947 6029//6028 6030//6029
f 5949//5948 6030//6029 6031//6030
f 6031//6030 6032//6031 5951//5950
f 6032//6031 6033//6032 5952//5951
f 6033//6032 6034//6033 5953//5952
f 6034//6033 6035//6034 5954//5953
f 5954//5953 6035//6034 6036//6035
f 6036//6035 6037//6036 5956//5955
f 6037//6036 6038//6037 5957//5956
f 6038//6037 6039//6038 5958//5957
f 6039//6038 6040//6039 5959//5958
f 6040//6039 6041//6040 5960//5959
f 6041//6040 6042//6041 5961//5960
f 5961//5960 6042//6041 6043//6042
f 6043//6042 6044//6043 5963//5962
f 6044//6043 6045//6044 5964//5963
f 5964//5963 6045//6044 6046//6045
f 5965//5964 6046//6045 6047//6046
f 5966//5965 6047//6046 6048//6047
f 5967//5966 6048//6047 6049//6048
f 6049//6048 6050//6049 5969//5968
f 6050//6049 6051//6050 5970//5969
f 6051//6050 6052//6051 5971//5970
f 6052//6051 6053//6052 5972//5971
f 6053//6052 6054//6053 5973//5972
f 6054//6053 6055//6054 5974//5973
f 6055//6054 6056//6055 5975//5974
f 5975//5974 6056//6055 6057//6056
f 5976//5975 6057//6056 6058//6057
f 5977//5976 6058//6057 6059//6058
f 5978//5977 6059//6058 6060//6059
f 5979//5978 6060//6059 6061//6060
f 6061//6060 6062//6061 5981//5980
f 6062//6061 6063//6062 5982//5981
f 6063//6062 6064//6063 5983//5982
f 6064//6063 6065//6064 5984//5983
f 5984//5983 6065//6064 6066//6065
f 5985//5984 6066//6065 6067//6066
f 6067//6066 6068//6067 5987//5986
f 6068//6067 6069//6068 5988//5987
f 6069//6068 6070//6069 5989//5988
f 5989//5988 6070//6069 6071//6070
f 5990//5989 6071//6070 6072//6071
f 5991//5990 6072//6071 6073//6072
f 5992//5991 6073//6072 6074//6073
f 5993//5992 6074//6073 6075//6074
f 6076//6075 6077//6076 5996//5995
f 6077//6076 6078//6077 5997//5996
f 6078//6077 6079//6078 5998//5997
f 6079//6078 6080//6079 5999//5998
f 6080//6079 6081//6080 6000//5999
f 6081//6080 6082//6081 6001//6000
f 6001//6000 6082//6081 6083//6082
f 6002//6001 6083//6082 6084//6083
f 6084//6083 6085//6084 6004//6003
f 6085//6084 6086//6085 6005//6004
f 6086//6085 6087//6086 6006//6005
f 6006//6005 6087//6086 6088//6087
f 6088//6087 6089//6088 6008//6007
f 6008//6007 6089//6088 6090//6089
f 6090//6089 6091//6090 6010//6009
f 6091//6090 6092//6091 6011//6010
f 6011//6010 6092//6091 6093//6092
f 6012//6011 6093//6092 6094//6093
f 6094//6093 6095//6094 6014//6013
f 6095//6094 6096//6095 6015//6014
f 6096//6095 6097//6096 6016//6015
f 6016//6015 6097//6096 6098//6097
f 6017//6016 6098//6097 6099//6098
f 6099//6098 6100//6099 6019//6018
f 6100//6099 6101//6100 6020//6019
f 6101//6100 6102//6101 6021//6020
f 6102//6101 6103//6102 6022//6021
f 6103//6102 6104//6103 6023//6022
f 6023//6022 6104//6103 6105//6104
f 6024//6023 6105//6104 6106//6105
f 6025//6024 6106//6105 6107//6106
f 6026//6025 6107//6106 6108//6107
f 6108//6107 6109//6108 6028//6027
f 6109//6108 6110//6109 6029//6028
f 6029//6028 6110//6109 6111//6110
f 6030//6029 6111//6110 6112//6111
f 6112//6111 6113//6112 6032//6031
f 6113//6112 6114//6113 6033//6032
f 6114//6113 6115//6114 6034//6033
f 6034//6033 6115//6114 6116//6115
f 6116//6115 6117//6116 6036//6035
f 6117//6116 6118//6117 6037//6036
f 6118//6117 6119//6118 6038//6037
f 6119//6118 6120//6119 6039//6038
f 6120//6119 6121//6120 6040//6039
f 6040//6039 6121//6120 6122//6121
f 6041//6040 6122//6121 6123//6122
f 6123//6122 6124//6123 6043//6042
f 6124//6123 6125//6124 6044//6043
f 6125//6124 6126//6125 6045//6044
f 6045//6044 6126//6125 6127//6126
f 6046//6045 6127//6126 6128//6127
f 6047//6046 6128//6127 6129//6128
f 6048//6047 6129//6128 6130//6129
f 6049//6048 6130//6129 6131//6130
f 6050//6049 6131//6130 6132//6131
f 6051//6050 6132//6131 6133//6132
f 6133//6132 6134//6133 6053//6052
f 6134//6133 6135//6134 6054//6053
f 6135//6134 6136//6135 6055//6054
f 6136//6135 6137//6136 6056//6055
f 6137//6136 6138//6137 6057//6056
f 6057//6056 6138//6137 6139//6138
f 6058//6057 6139//6138 6140//6139
f 6059//6058 6140//6139 6141//6140
f 6060//6059 6141//6140 6142//6141
f 6142//6141 6143//6142 6062//6061
f 6143//6142 6144//6143 6063//6062
f 6144//6143 6145//6144 6064//6063
f 6064//6063 6145//6144 6146//6145
f 6065//6064 6146//6145 6147//6146
f 6147//6146 6148//6147 6067//6066
f 6067//6066 6148//6147 6149//6148
f 6149//6148 6150//6149 6069//6068
f 6150//6149 6151//6150 6070//6069
f 6070//6069 6151//6150 6152//6151
f 6071//6070 6152//6151 6153//6152
f 6072//6071 6153//6152 6154//6153
f 6073//6072 6154//6153 6155//6154
f 6074//6073 6155//6154 6156//6155
f 6157//6156 6158//6157 6077//6076
f 6077//6076 6158//6157 6159//6158
f 6078//6077 6159//6158 6160//6159
f 6079//6078 6160//6159 6161//6160
f 6080//6079 6161//6160 6162//6161
f 6162//6161 6163//6162 6082//6081
f 6163//6162 6164//6163 6083//6082
f 6083//6082 6164//6163 6165//6164
f 6165//6164 6166//6165 6085//6084
f 6166//6165 6167//6166 6086//6085
f 6086//6085 6167//6166 6168//6167
f 6087//6086 6168//6167 6169//6168
f 6169//6168 6170//6169 6089//6088
f 6170//6169 6171//6170 6090//6089
f 6090//6089 6171//6170 6172//6171
f 6172//6171 6173//6172 6092//6091
f 6173//6172 6174//6173 6093//6092
f 6174//6173 6175//6174 6094//6093
f 6175//6174 6176//6175 6095//6094
f 6176//6175 6177//6176 6096//6095
f 6096//6095 6177//6176 6178//6177
f 6097//6096 6178//6177 6179//6178
f 6098//6097 6179//6178 6180//6179
f 6180//6179 6181//6180 6100//6099
f 6181//6180 6182//6181 6101//6100
f 6182//6181 6183//6182 6102//6101
f 6183//6182 6184//6183 6103//6102
f 6103//6102 6184//6183 6185//6184
f 6104//6103 6185//6184 6186//6185
f 6105//6104 6186//6185 6187//6186
f 6106//6105 6187//6186 6188//6187
f 6107//6106 6188//6187 6189//6188
f 6108//6107 6189//6188 6190//6189
f 6190//6189 6191//6190 6110//6109
f 6110//6109 6191//6190 6192//6191
f 6192//6191 6193//6192 6112//6111
f 6193//6192 6194//6193 6113//6112
f 6194//6193 6195//6194 6114//6113
f 6195//6194 6196//6195 6115//6114
f 6196//6195 6197//6196 6116//6115
f 6197//6196 6198//6197 6117//6116
f 6198//6197 6199//6198 6118//6117
f 6199//6198 6200//6199 6119//6118
f 6200//6199 6201//6200 6120//6119
f 6120//6119 6201//6200 6202//6201
f 6121//6120 6202//6201 6203//6202
f 6203//6202 6204//6203 6123//6122
f 6204//6203 6205//6204 6124//6123
f 6205//6204 6206//6205 6125//6124
f 6206//6205 6207//6206 6126//6125
f 6126//6125 6207//6206 6208//6207
f 6127//6126 6208//6207 6209//6208
f 6128//6127 6209//6208 6210//6209
f 6129//6128 6210//6209 6211//6210
f 6211//6210 6212//6211 6131//6130
f 6131//6130 6212//6211 6213//6212
f 6132//6131 6213//6212 6214//6213
f 6133//6132 6214//6213 6215//6214
f 6134//6133 6215//6214 6216//6215
f 6135//6134 6216//6215 6217//6216
f 6136//6135 6217//6216 6218//6217
f 6137//6136 6218//6217 6219//6218
f 6219//6218 6220//6219 6139//6138
f 6139//6138 6220//6219 6221//6220
f 6140//6139 6221//6220 6222//6221
f 6141//6140 6222//6221 6223//6222
f 6142//6141 6223//6222 6224//6223
f 6143//6142 6224//6223 6225//6224
f 6144//6143 6225//6224 6226//6225
f 6145//6144 6226//6225 6227//6226
f 6146//6145 6227//6226 6228//6227
f 6228//6227 6229//6228 6148//6147
f 6229//6228 6230//6229 6149//6148
f 6230//6229 6231//6230 6150//6149
f 6231//6230 6232//6231 6151//6150
f 6151//6150 6232//6231 6233//6232
f 6152//6151 6233//6232 6234//6233
f 6153//6152 6234//6233 6235//6234
f 6154//6153 6235//6234 6236//6235
f 6155//6154 6236//6235 6237//6236
f 6157//6156 6238//6237 6239//6238
f 6158//6157 6239//6238 6240//6239
f 6159//6158 6240//6239 6241//6240
f 6160//6159 6241//6240 6242//6241
f 6161//6160 6242//6241 6243//6242
f 6162//6161 6243//6242 6244//6243
f 6163//6162 6244//6243 6245//6244
f 6164//6163 6245//6244 6246//6245
f 6246//6245 6247//6246 6166//6165
f 6166//6165 6247//6246 6248//6247
f 6167//6166 6248//6247 6249//6248
f 6168//6167 6249//6248 6250//6249
f 6169//6168 6250//6249 6251//6250
f 6251//6250 6252//6251 6171//6170
f 6252//6251 6253//6252 6172//6171
f 6253//6252 6254//6253 6173//6172
f 6254//6253 6255//6254 6174//6173
f 6255//6254 6256//6255 6175//6174
f 6256//6255 6257//6256 6176//6175
f 6257//6256 6258//6257 6177//6176
f 6177//6176 6258//6257 6259//6258
f 6178//6177 6259//6258 6260//6259
f 6179//6178 6260//6259 6261//6260
f 6261//6260 6262//6261 6181//6180
f 6262//6261 6263//6262 6182//6181
f 6263//6262 6264//6263 6183//6182
f 6183//6182 6264//6263 6265//6264
f 6184//6183 6265//6264 6266//6265
f 6185//6184 6266//6265 6267//6266
f 6267//6266 6268//6267 6187//6186
f 6268//6267 6269//6268 6188//6187
f 6269//6268 6270//6269 6189//6188
f 6189//6188 6270//6269 6271//6270
f 6190//6189 6271//6270 6272//6271
f 6191//6190 6272//6271 6273//6272
f 6192//6191 6273//6272 6274//6273
f 6193//6192 6274//6273 6275//6274
f 6194//6193 6275//6274 6276//6275
f 6195//6194 6276//6275 6277//6276
f 6196//6195 6277//6276 6278//6277
f 6197//6196 6278//6277 6279//6278
f 6279//6278 6280//6279 6199//6198
f 6199//6198 6280//6279 6281//6280
f 6200//6199 6281//6280 6282//6281
f 6201//6200 6282//6281 6283//6282
f 6283//6282 6284//6283 6203//6202
f 6284//6283 6285//6284 6204//6203
f 6285//6284 6286//6285 6205//6204
f 6286//6285 6287//6286 6206//6205
f 6287//6286 6288//6287 6207//6206
f 6207//6206 6288//6287 6289//6288
f 6208//6207 6289//6288 6290//6289
f 6209//6208 6290//6289 6291//6290
f 6291//6290 6292//6291 6211//6210
f 6211//6210 6292//6291 6293//6292
f 6212//6211 6293//6292 6294//6293
f 6213//6212 6294//6293 6295//6294
f 6214//6213 6295//6294 6296//6295
f 6215//6214 6296//6295 6297//6296
f 6297//6296 6298//6297 6217//6216
f 6217//6216 6298//6297 6299//6298
f 6218//6217 6299//6298 6300//6299
f 6219//6218 6300//6299 6301//6300
f 6220//6219 6301//6300 6302//6301
f 6302//6301 6303//6302 6222//6221
f 6222//6221 6303//6302 6304//6303
f 6223//6222 6304//6303 6305//6304
f 6305//6304 6306//6305 6225//6224
f 6306//6305 6307//6306 6226//6225
f 6307//6306 6308//6307 6227//6226
f 6227//6226 6308//6307 6309//6308
f 6228//6227 6309//6308 6310//6309
f 6229//6228 6310//6309 6311//6310
f 6230//6229 6311//6310 6312//6311
f 6231//6230 6312//6311 6313//6312
f 6313//6312 6314//6313 6233//6232
f 6314//6313 6315//6314 6234//6233
f 6315//6314 6316//6315 6235//6234
f 6235//6234 6316//6315 6317//6316
f 6317//6316 6318//6317 6237//6236
f 6238//6237 6319//6318 6320//6319
f 6239//6238 6320//6319 6321//6320
f 6240//6239 6321//6320 6322//6321
f 6241//6240 6322//6321 6323//6322
f 6242//6241 6323//6322 6324//6323
f 6243//6242 6324//6323 6325//6324
f 6244//6243 6325//6324 6326//6325
f 6326//6325 6327//6326 6246//6245
f 6327//6326 6328//6327 6247//6246
f 6328//6327 6329//6328 6248//6247
f 6248//6247 6329//6328 6330//6329
f 6249//6248 6330//6329 6331//6330
f 6250//6249 6331//6330 6332//6331
f 6251//6250 6332//6331 6333//6332
f 6333//6332 6334//6333 6253//6252
f 6334//6333 6335//6334 6254//6253
f 6335//6334 6336//6335 6255//6254
f 6336//6335 6337//6336 6256//6255
f 6337//6336 6338//6337 6257//6256
f 6257//6256 6338//6337 6339//6338
f 6258//6257 6339//6338 6340//6339
f 6259//6258 6340//6339 6341//6340
f 6260//6259 6341//6340 6342//6341
f 6342//6341 6343//6342 6262//6261
f 6343//6342 6344//6343 6263//6262
f 6344//6343 6345//6344 6264//6263
f 6264//6263 6345//6344 6346//6345
f 6265//6264 6346//6345 6347//6346
f 6266//6265 6347//6346 6348//6347
f 6348//6347 6349//6348 6268//6267
f 6349//6348 6350//6349 6269//6268
f 6350//6349 6351//6350 6270//6269
f 6351//6350 6352//6351 6271//6270
f 6271//6270 6352//6351 6353//6352
f 6272//6271 6353//6352 6354//6353
f 6273//6272 6354//6353 6355//6354
f 6274//6273 6355//6354 6356//6355
f 6275//6274 6356//6355 6357//6356
f 6276//6275 6357//6356 6358//6357
f 6277//6276 6358//6357 6359//6358
f 6278//6277 6359//6358 6360//6359
f 6279//6278 6360//6359 6361//6360
f 6280//6279 6361//6360 6362//6361
f 6281//6280 6362//6361 6363//6362
f 6363//6362 6364//6363 6283//6282
f 6364//6363 6365//6364 6284//6283
f 6365//6364 6366//6365 6285//6284
f 6366//6365 6367//6366 6286//6285
f 6286//6285 6367//6366 6368//6367
f 6368//6367 6369//6368 6288//6287
f 6288//6287 6369//6368 6370//6369
f 6289//6288 6370//6369 6371//6370
f 6290//6289 6371//6370 6372//6371
f 6372//6371 6373//6372 6292//6291
f 6373//6372 6374//6373 6293//6292
f 6293//6292 6374//6373 6375//6374
f 6294//6293 6375//6374 6376//6375
f 6295//6294 6376//6375 6377//6376
f 6296//6295 6377//6376 6378//6377
f 6378//6377 6379//6378 6298//6297
f 6298//6297 6379//6378 6380//6379
f 6299//6298 6380//6379 6381//6380
f 6300//6299 6381//6380 6382//6381
f 6301//6300 6382//6381 6383//6382
f 6302//6301 6383//6382 6384//6383
f 6303//6302 6384//6383 6385//6384
f 6385//6384 6386//6385 6305//6304
f 6386//6385 6387//6386 6306//6305
f 6387//6386 6388//6387 6307//6306
f 6388//6387 6389//6388 6308//6307
f 6308//6307 6389//6388 6390//6389
f 6309//6308 6390//6389 6391//6390
f 6310//6309 6391//6390 6392//6391
f 6311//6310 6392//6391 6393//6392
f 6393//6392 6394//6393 6313//6312
f 6394//6393 6395//6394 6314//6313
f 6395//6394 6396//6395 6315//6314
f 6396//6395 6397//6396 6316//6315
f 6397//6396 6398//6397 6317//6316
f 6398//6397 6399//6398 6318//6317
f 6319//6318 6400//6399 6401//6400
f 6320//6319 6401//6400 6402//6401
f 6321//6320 6402//6401 6403//6402
f 6322//6321 6403//6402 6404//6403
f 6323//6322 6404//6403 6405//6404
f 6324//6323 6405//6404 6406//6405
f 6325//6324 6406//6405 6407//6406
f 6326//6325 6407//6406 6408//6407
f 6408//6407 6409//6408 6328//6327
f 6409//6408 6410//6409 6329//6328
f 6329//6328 6410//6409 6411//6410
f 6330//6329 6411//6410 6412//6411
f 6331//6330 6412//6411 6413//6412
f 6332//6331 6413//6412 6414//6413
f 6414//6413 6415//6414 6334//6333
f 6415//6414 6416//6415 6335//6334
f 6416//6415 6417//6416 6336//6335
f 6417//6416 6418//6417 6337//6336
f 6418//6417 6419//6418 6338//6337
f 6338//6337 6419//6418 6420//6419
f 6339//6338 6420//6419 6421//6420
f 6340//6339 6421//6420 6422//6421
f 6341//6340 6422//6421 6423//6422
f 6342//6341 6423//6422 6424//6423
f 6424//6423 6425//6424 6344//6343
f 6425//6424 6426//6425 6345//6344
f 6345//6344 6426//6425 6427//6426
f 6346//6345 6427//6426 6428//6427
f 6347//6346 6428//6427 6429//6428
f 6348//6347 6429//6428 6430//6429
f 6349//6348 6430//6429 6431//6430
f 6350//6349 6431//6430 6432//6431
f 6351//6350 6432//6431 6433//6432
f 6352//6351 6433//6432 6434//6433
f 6353//6352 6434//6433 6435//6434
f 6354//6353 6435//6434 6436//6435
f 6355//6354 6436//6435 6437//6436
f 6356//6355 6437//6436 6438//6437
f 6357//6356 6438//6437 6439//6438
f 6358//6357 6439//6438 6440//6439
f 6359//6358 6440//6439 6441//6440
f 6360//6359 6441//6440 6442//6441
f 6361//6360 6442//6441 6443//6442
f 6362//6361 6443//6442 6444//6443
f 6444//6443 6445//6444 6364//6363
f 6445//6444 6446//6445 6365//6364
f 6446//6445 6447//6446 6366//6365
f 6447//6446 6448//6447 6367//6366
f 6448//6447 6449//6448 6368//6367
f 6449//6448 6450//6449 6369//6368
f 6450//6449 6451//6450 6370//6369
f 6451//6450 6452//6451 6371//6370
f 6452//6451 6453//6452 6372//6371
f 6453//6452 6454//6453 6373//6372
f 6454//6453 6455//6454 6374//6373
f 6374//6373 6455//6454 6456//6455
f 6375//6374 6456//6455 6457//6456
f 6376//6375 6457//6456 6458//6457
f 6377//6376 6458//6457 6459//6458
f 6459//6458 6460//6459 6379//6378
f 6379//6378 6460//6459 6461//6460
f 6380//6379 6461//6460 6462//6461
f 6381//6380 6462//6461 6463//6462
f 6382//6381 6463//6462 6464//6463
f 6383//6382 6464//6463 6465//6464
f 6384//6383 6465//6464 6466//6465
f 6466//6465 6467//6466 6386//6385
f 6467//6466 6468//6467 6387//6386
f 6468//6467 6469//6468 6388//6387
f 6469//6468 6470//6469 6389//6388
f 6470//6469 6471//6470 6390//6389
f 6390//6389 6471//6470 6472//6471
f 6391//6390 6472//6471 6473//6472
f 6392//6391 6473//6472 6474//6473
f 6393//6392 6474//6473 6475//6474
f 6475//6474 6476//6475 6395//6394
f 6476//6475 6477//6476 6396//6395
f 6477//6476 6478//6477 6397//6396
f 6478//6477 6479//6478 6398//6397
f 6479//6478 6480//6479 6399//6398
f 6400//6399 6481//6480 6482//6481
f 6401//6400 6482//6481 6483//6482
f 6483//6482 6484//6483 6403//6402
f 6403//6402 6484//6483 6485//6484
f 6404//6403 6485//6484 6486//6485
f 6405//6404 6486//6485 6487//6486
f 6406//6405 6487//6486 6488//6487
f 6407//6406 6488//6487 6489//6488
f 6408//6407 6489//6488 6490//6489
f 6409//6408 6490//6489 6491//6490
f 6410//6409 6491//6490 6492//6491
f 6411//6410 6492//6491 6493//6492
f 6412//6411 6493//6492 6494//6493
f 6413//6412 6494//6493 6495//6494
f 6495//6494 6496//6495 6415//6414
f 6496//6495 6497//6496 6416//6415
f 6416//6415 6497//6496 6498//6497
f 6417//6416 6498//6497 6499//6498
f 6418//6417 6499//6498 6500//6499
f 6500//6499 6501//6500 6420//6419
f 6420//6419 6501//6500 6502//6501
f 6421//6420 6502//6501 6503//6502
f 6422//6421 6503//6502 6504//6503
f 6504//6503 6505//6504 6424//6423
f 6505//6504 6506//6505 6425//6424
f 6506//6505 6507//6506 6426//6425
f 6426//6425 6507//6506 6508//6507
f 6508//6507 6509//6508 6428//6427
f 6509//6508 6510//6509 6429//6428
f 6510//6509 6511//6510 6430//6429
f 6430//6429 6511//6510 6512//6511
f 6431//6430 6512//6511 6513//6512
f 6432//6431 6513//6512 6514//6513
f 6433//6432 6514//6513 6515//6514
f 6515//6514 6516//6515 6435//6434
f 6516//6515 6517//6516 6436//6435
f 6517//6516 6518//6517 6437//6436
f 6437//6436 6518//6517 6519//6518
f 6438//6437 6519//6518 6520//6519
f 6520//6519 6521//6520 6440//6439
f 6440//6439 6521//6520 6522//6521
f 6441//6440 6522//6521 6523//6522
f 6442//6441 6523//6522 6524//6523
f 6443//6442 6524//6523 6525//6524
f 6525//6524 6526//6525 6445//6444
f 6526//6525 6527//6526 6446//6445
f 6527//6526 6528//6527 6447//6446
f 6447//6446 6528//6527 6529//6528
f 6529//6528 6530//6529 6449//6448
f 6530//6529 6531//6530 6450//6449
f 6531//6530 6532//6531 6451//6450
f 6532//6531 6533//6532 6452//6451
f 6452//6451 6533//6532 6534//6533
f 6453//6452 6534//6533 6535//6534
f 6535//6534 6536//6535 6455//6454
f 6455//6454 6536//6535 6537//6536
f 6456//6455 6537//6536 6538//6537
f 6457//6456 6538//6537 6539//6538
f 6539//6538 6540//6539 6459//6458
f 6540//6539 6541//6540 6460//6459
f 6541//6540 6542//6541 6461//6460
f 6461//6460 6542//6541 6543//6542
f 6462//6461 6543//6542 6544//6543
f 6463//6462 6544//6543 6545//6544
f 6464//6463 6545//6544 6546//6545
f 6465//6464 6546//6545 6547//6546
f 6466//6465 6547//6546 6548//6547
f 6467//6466 6548//6547 6549//6548
f 6468//6467 6549//6548 6550//6549
f 6469//6468 6550//6549 6551//6550
f 6470//6469 6551//6550 6552//6551
f 6552//6551 6553//6552 6472//6471
f 6553//6552 6554//6553 6473//6472
f 6554//6553 6555//6554 6474//6473
f 6555//6554 6556//6555 6475//6474
f 6475//6474 6556//6555 6557//6556
f 6476//6475 6557//6556 6558//6557
f 6477//6476 6558//6557 6559//6558
f 6478//6477 6559//6558 6560//6559
f 6479//6478 6560//6559 6561//6560
