# Blender 5.2.0 LTS
# www.blender.org
o Coral_Antler_D_tmp
v -0.047406 -0.033510 0.063482
v -0.047809 -0.036262 0.059006
v -0.053281 -0.029208 0.057357
v -0.065495 -0.036368 0.056263
v -0.039779 -0.054675 0.086412
v -0.047953 -0.046112 0.087405
v -0.037053 -0.054057 0.092721
v -0.054721 -0.053550 0.084824
v -0.026125 0.003446 0.068398
v 0.040921 0.019305 0.143627
v 0.034526 0.015620 0.136605
v 0.031679 -0.024598 0.049212
v 0.027377 0.006758 0.099411
v 0.022019 0.018163 0.097745
v 0.024481 0.025421 0.134082
v 0.021352 0.037976 0.137477
v 0.029132 0.031372 0.141439
v 0.022074 0.038132 0.144758
v 0.036353 -0.019351 0.058880
v 0.050476 -0.012701 0.062212
v 0.063282 -0.030075 0.062267
v 0.046000 -0.020495 0.058307
v -0.047267 0.023715 0.121539
v -0.052136 0.016901 0.122667
v -0.050069 0.033242 0.133102
v -0.053418 0.029913 0.123153
v 0.009023 0.017152 0.012640
v 0.018597 0.013431 0.009088
v -0.011036 0.038905 0.125079
v -0.028416 0.000942 0.090647
v -0.014017 0.009758 0.067906
v -0.018984 0.035942 0.098241
v 0.067337 -0.036153 0.065269
v 0.078954 -0.033663 0.049871
v 0.018696 -0.018978 0.023952
v -0.037722 0.010895 0.098026
v -0.007155 0.023342 0.066508
v -0.015893 0.014317 0.086837
v -0.008231 0.017694 0.087460
v -0.023025 0.022929 0.088317
v -0.011595 0.010076 0.075890
v -0.021386 0.024095 0.074220
v -0.016297 0.034468 0.089672
v -0.025023 0.036531 0.128098
v -0.020585 0.030647 0.124193
v -0.016737 0.021046 0.060798
v -0.014867 0.045996 0.111968
v -0.007546 0.027270 0.083935
v -0.022525 0.048299 0.134829
v -0.009840 0.006090 0.054080
v -0.020045 0.023897 0.105843
v -0.023689 0.064893 0.139683
v -0.021079 0.064070 0.131260
v -0.024764 0.055308 0.132805
v -0.010896 0.064435 0.144502
v -0.015159 0.041666 0.133781
v -0.009696 0.052164 0.137125
v -0.018175 0.054283 0.143763
v -0.009347 0.057839 0.126056
v -0.011203 0.041130 0.108774
v -0.020562 0.051515 0.119861
v -0.018249 0.042035 0.104713
v -0.025879 0.042109 0.118587
v -0.025785 0.034216 0.113752
v -0.025007 0.035577 0.112604
v -0.017936 0.029993 0.118521
v -0.024347 0.033771 0.114954
v -0.024664 0.039619 0.109925
v -0.014479 0.066950 0.136104
v -0.006281 0.023417 0.095984
v -0.010465 0.030362 0.106687
v -0.020860 0.016388 0.078682
v -0.026392 0.041510 0.106768
v -0.010715 0.037763 0.102042
v -0.024677 0.033002 0.104590
v -0.048723 0.007030 0.094318
v -0.030702 0.008594 0.086153
v -0.003619 0.015301 0.064391
v 0.000035 0.028985 0.078773
v -0.014934 0.021801 0.056928
v -0.010153 0.020191 0.051743
v -0.019450 0.031120 0.082577
v -0.024433 0.061219 0.141846
v -0.024305 0.069718 0.143621
v -0.011890 0.046561 0.121166
v -0.034706 -0.022343 0.023649
v 0.012883 -0.006715 0.037390
v -0.008873 0.020591 0.103335
v 0.019713 -0.002959 0.014455
v 0.067202 -0.036087 0.057046
v -0.020503 0.013283 0.057796
v -0.012663 0.028636 0.074841
v -0.018112 0.013581 0.045787
v -0.030678 -0.000542 0.034683
v -0.025722 -0.012033 0.045890
v -0.027522 0.000876 0.046454
v -0.015773 0.003437 0.043448
v -0.050399 -0.004916 0.104642
v -0.036470 0.001302 0.076245
v -0.035843 -0.000764 0.066391
v -0.035349 -0.010275 0.078514
v -0.032459 -0.000158 0.055148
v -0.024205 0.004123 0.057448
v -0.031015 -0.007985 0.089683
v -0.047262 0.012352 0.112149
v -0.059105 0.020123 0.120585
v -0.073969 0.014211 0.125307
v -0.069450 0.009892 0.134668
v -0.038066 -0.007333 0.088918
v -0.042370 -0.001026 0.086660
v -0.017009 -0.003421 0.060376
v -0.041126 0.010105 0.105107
v -0.048774 0.009762 0.118505
v -0.023975 -0.003858 0.078379
v -0.020246 -0.008544 0.068231
v -0.050516 0.004203 0.119980
v -0.032915 0.003436 0.107866
v -0.043686 0.001086 0.112438
v -0.052836 0.008624 0.121785
v -0.061925 0.003523 0.120551
v -0.063508 0.012503 0.115148
v -0.015737 0.023255 0.034652
v -0.057686 0.010124 0.107332
v -0.020984 0.019442 0.036746
v -0.042206 -0.002249 0.061375
v -0.020956 -0.011760 0.054902
v -0.051413 -0.006498 0.083972
v -0.030845 -0.009394 0.063252
v -0.035464 -0.001502 0.101580
v -0.057348 -0.000132 0.121536
v -0.023914 -0.024577 0.055142
v -0.033396 -0.029085 0.043497
v -0.035409 -0.021496 0.050179
v -0.025367 -0.032776 0.048200
v -0.032377 -0.038057 0.057693
v -0.021970 -0.029075 0.039085
v -0.021742 0.016255 -0.004595
v -0.032461 -0.021216 0.000185
v -0.015395 -0.032803 0.000205
v 0.016692 0.002627 -0.009034
v -0.010122 -0.000874 0.016689
v -0.033823 -0.002594 -0.003599
v 0.017612 -0.020650 -0.003638
v 0.036601 -0.024107 0.068744
v -0.022479 -0.031821 0.025732
v 0.002554 0.028378 0.007965
v -0.000511 0.025537 -0.004609
v 0.019922 -0.010420 0.002973
v -0.077710 -0.050470 0.089307
v 0.015226 -0.024608 0.014751
v -0.000834 -0.033119 -0.000873
v 0.003142 -0.032465 0.012268
v -0.034364 0.016165 0.004380
v -0.037646 -0.000115 0.007149
v -0.067278 -0.042709 0.084042
v -0.005954 -0.035282 0.013607
v 0.003644 0.012050 0.024863
v -0.008639 0.026742 0.026371
v 0.009486 -0.029141 0.041102
v 0.010541 0.000178 0.045640
v 0.006858 -0.029153 0.028459
v -0.034231 -0.004317 0.021879
v -0.019961 0.008696 0.032096
v -0.107545 -0.077494 0.112532
v -0.095354 -0.078798 0.112082
v -0.103292 -0.075050 0.108397
v -0.086752 -0.064272 0.095208
v -0.105600 -0.081796 0.119389
v -0.107317 -0.074592 0.127275
v -0.114027 -0.073417 0.118298
v -0.104862 -0.066575 0.113621
v -0.091659 -0.054348 0.101527
v -0.095891 -0.068967 0.121034
v -0.075581 -0.060151 0.086149
v -0.082584 -0.052006 0.095699
v -0.072331 -0.063025 0.092585
v -0.070935 -0.058957 0.101949
v -0.059503 -0.054820 0.094409
v -0.065881 -0.050826 0.079111
v -0.052784 -0.037703 0.070051
v -0.061399 -0.042460 0.077526
v -0.049026 -0.047424 0.074906
v -0.086234 -0.073328 0.101602
v -0.053042 -0.050295 0.080190
v -0.037644 -0.026592 0.071146
v -0.052355 -0.038996 0.093748
v -0.044252 -0.039636 0.063259
v -0.042422 -0.030720 0.052391
v -0.065497 -0.060037 0.088183
v -0.083262 -0.067619 0.106703
v -0.080061 -0.075101 0.100261
v -0.063475 -0.055930 0.104480
v -0.062558 -0.051665 0.107584
v 0.017754 -0.001776 0.075705
v -0.042747 -0.043152 0.074835
v -0.060831 -0.037171 0.082551
v -0.042475 -0.013323 0.078116
v -0.045215 -0.026754 0.069165
v -0.030330 -0.029281 0.064336
v -0.040403 -0.021931 0.065398
v -0.081290 -0.067369 0.098642
v -0.052923 -0.039349 0.087055
v 0.009857 -0.001540 0.087602
v -0.034141 -0.021684 0.058011
v -0.070302 -0.046363 0.096528
v -0.037892 -0.036983 0.078841
v -0.062813 -0.043360 0.093361
v 0.021317 0.023087 0.113867
v -0.088425 -0.063592 0.111038
v -0.051180 -0.031150 0.079448
v -0.081178 -0.056563 0.107818
v 0.037052 0.017786 0.128109
v 0.016681 0.000863 0.098852
v 0.022202 0.005462 0.088081
v -0.002872 -0.004552 0.055809
v 0.003176 0.006526 0.056500
v 0.050746 -0.002958 0.133537
v 0.017543 0.008137 0.106426
v 0.005614 0.012039 0.117954
v 0.012657 0.012627 0.097962
v 0.025379 0.021298 0.104582
v 0.033462 0.023744 0.120487
v 0.025155 0.028840 0.125149
v 0.010020 -0.006341 0.058496
v 0.007495 -0.005063 0.073929
v 0.001006 0.000048 0.076962
v 0.014802 0.014153 0.106107
v 0.035913 0.006415 0.128287
v 0.039423 0.000498 0.123257
v 0.032409 0.012443 0.118147
v 0.040810 0.011152 0.123426
v 0.022124 0.017152 0.068356
v 0.008862 0.008930 0.065027
v 0.012425 0.004463 0.060987
v 0.047150 0.025827 0.157802
v 0.045706 0.026796 0.141823
v 0.046641 0.036057 0.151446
v 0.034357 0.030159 0.130467
v 0.035074 0.026999 0.152302
v 0.019031 0.019140 0.125944
v 0.019132 0.013151 0.084590
v 0.033202 0.021342 0.144269
v 0.038345 0.032887 0.157251
v 0.002743 0.008350 0.071906
v 0.005830 0.011262 0.085786
v 0.019374 0.014428 0.117550
v 0.035764 0.034449 0.146618
v 0.028640 0.006954 0.111256
v 0.040695 0.022452 0.148987
v 0.048299 0.026702 0.150905
v 0.031873 0.017041 0.103799
v 0.014123 0.007409 0.072220
v -0.006017 -0.015961 0.043782
v 0.015978 -0.029651 0.056852
v 0.003183 -0.026403 0.049542
v -0.009618 -0.029671 0.030077
v 0.010359 -0.022235 0.034583
v 0.024244 -0.029994 0.049262
v 0.011470 -0.035643 0.043026
v 0.016672 -0.027752 0.045073
v 0.010379 -0.029789 0.041125
v 0.038350 -0.038102 0.075467
v 0.037799 -0.037489 0.066768
v 0.067134 -0.032123 0.087924
v 0.074988 -0.029514 0.076725
v 0.073765 -0.032537 0.084670
v 0.082359 -0.030895 0.077342
v 0.087721 -0.030811 0.079976
v 0.019802 -0.043137 0.065649
v 0.020898 -0.033529 0.058903
v 0.025427 -0.027702 0.063002
v 0.030526 -0.034101 0.060166
v 0.045751 -0.032237 0.073830
v 0.014522 -0.016172 0.050399
v 0.088382 -0.043257 0.078217
v 0.098404 -0.035512 0.080538
v 0.057855 -0.035309 0.078223
v 0.047794 -0.023700 0.070912
v 0.019869 -0.022225 0.061471
v 0.056354 -0.040112 0.068033
v 0.067216 -0.044278 0.078220
v 0.080226 -0.044770 0.085875
v 0.092626 -0.045807 0.087436
v 0.084577 -0.037821 0.074580
v 0.076984 -0.042575 0.075016
v 0.076205 -0.032382 0.074790
v 0.053003 -0.025109 0.063098
v 0.012519 -0.020427 0.057415
v 0.090887 -0.034577 0.090028
v 0.062936 -0.025293 0.076662
v 0.000426 -0.028257 0.038405
v 0.042362 -0.038113 0.061564
v 0.074447 -0.030316 0.070603
v 0.046599 -0.033293 0.057990
v -0.037132 -0.016350 0.012334
v -0.008249 -0.031988 0.021866
v 0.009901 -0.029504 0.041040
v -0.027815 -0.021959 0.033252
v 0.023718 0.003089 0.004124
v 0.010579 -0.008630 0.022478
v 0.019571 0.006744 0.023221
v -0.030431 0.035179 0.074169
v 0.003196 0.008629 0.037720
v -0.021410 0.037742 0.072348
v -0.017582 0.027199 0.004053
v -0.002288 0.014564 0.037525
v -0.026821 0.037498 0.079931
v -0.022829 0.022225 0.030330
v -0.027637 0.014273 0.017066
v -0.020484 0.027875 0.016346
v -0.031580 0.047955 0.076164
v -0.003537 0.026708 0.015303
v 0.006132 -0.013682 0.038497
v -0.024760 -0.011262 0.028580
v -0.027647 -0.027759 0.012262
v -0.012315 -0.021996 0.040435
v -0.012075 -0.010811 0.038567
v -0.058045 -0.013269 0.137555
v -0.060564 0.010346 0.115645
v -0.063120 0.006549 0.129586
v -0.054305 0.007248 0.114878
v -0.057835 0.011479 0.116538
v -0.063843 -0.006782 0.140385
v -0.055858 0.004558 0.127624
v -0.076382 -0.006793 0.140698
v -0.083900 -0.022093 0.146483
v -0.053557 0.012387 0.118847
v -0.049277 0.010531 0.119110
v -0.058949 -0.036360 0.148359
v -0.054708 0.009881 0.124210
v -0.067061 -0.013110 0.134562
v -0.073420 -0.015188 0.146289
v -0.084172 -0.019079 0.154360
v -0.056920 -0.020996 0.146537
v -0.053916 -0.029451 0.140976
v -0.053549 -0.051299 0.151532
v -0.055775 0.012435 0.117516
v -0.006288 0.137173 0.197608
v -0.003072 0.145733 0.192905
v 0.001623 0.144178 0.200764
v -0.000655 0.156097 0.206087
v 0.003774 0.163609 0.221229
v 0.013937 0.162324 0.228309
v 0.016220 0.171010 0.236662
v -0.015785 0.072935 0.153416
v -0.004266 0.150565 0.210244
v -0.025144 0.070930 0.149299
v -0.024126 0.052088 0.137706
v -0.008203 0.108366 0.174409
v -0.008652 0.082614 0.158910
v -0.014071 0.050984 0.138234
v -0.020060 0.050549 0.143419
v -0.012776 0.051185 0.133380
v -0.021240 0.074806 0.142346
v -0.012026 0.086553 0.150247
v -0.021644 0.139581 0.198460
v -0.002456 0.111657 0.193696
v -0.016430 0.054544 0.130137
v -0.038778 0.139299 0.219339
v 0.009882 0.112143 0.195116
v -0.001620 0.118811 0.188882
v -0.009706 0.121058 0.183016
v -0.016538 0.134935 0.199086
v 0.017053 0.121294 0.193450
v 0.019452 0.119994 0.199768
v -0.019173 0.052050 0.132241
v -0.019744 0.090531 0.155799
v -0.009891 0.115323 0.167726
v -0.009051 0.130762 0.178012
v -0.016462 0.135304 0.187612
v -0.026906 0.134093 0.197410
v -0.010923 0.115295 0.189839
v -0.015774 0.121162 0.177992
v 0.014005 0.118181 0.192000
v -0.002424 0.121550 0.197110
v -0.076895 0.188980 0.212428
v -0.081627 0.166862 0.195373
v -0.080592 0.181050 0.204916
v -0.079864 0.181427 0.215531
v -0.084924 0.155080 0.201406
v -0.120549 0.157490 0.218716
v -0.117856 0.151024 0.222535
v -0.110303 0.154899 0.213287
v -0.049881 0.093503 0.151229
v -0.040810 0.082811 0.143789
v -0.046362 0.073761 0.140613
v -0.041055 0.090943 0.134793
v -0.029456 0.063473 0.136023
v -0.038502 0.075803 0.147716
v -0.109279 0.143749 0.209881
v -0.081747 0.110935 0.165904
v -0.110707 0.144681 0.201748
v -0.009097 0.042138 0.125414
v -0.122174 0.149489 0.208862
v -0.016525 0.042809 0.119884
v -0.054938 0.088837 0.149165
v -0.050131 0.091874 0.162615
v -0.070328 0.113467 0.168901
v -0.076662 0.121771 0.179812
v -0.079568 0.127966 0.173117
v -0.088097 0.136180 0.179002
v -0.083445 0.143791 0.184107
v -0.101011 0.142073 0.200574
v -0.102803 0.143315 0.193059
v -0.084965 0.181096 0.210630
v -0.085392 0.156005 0.191525
v -0.082395 0.139692 0.192240
v -0.082313 0.118045 0.177914
v -0.093072 0.130468 0.189019
v -0.090367 0.140407 0.187761
v -0.117334 0.159747 0.228796
v -0.067343 0.104877 0.170553
v -0.044930 0.078576 0.154306
v -0.053184 0.076417 0.156943
v -0.037453 0.056637 0.129962
v -0.038565 0.060374 0.143016
v -0.016435 0.038798 0.120207
v -0.014402 0.036851 0.120568
v -0.013072 0.035422 0.127772
v -0.059608 0.090435 0.159843
v -0.068673 0.107557 0.159351
v -0.106056 0.135726 0.193981
v -0.143590 0.010962 0.217637
v -0.086777 0.021962 0.172977
v -0.109505 0.065691 0.175447
v -0.163086 0.063399 0.214890
v -0.161887 0.068633 0.214436
v -0.170622 0.066731 0.220061
v -0.156295 0.069073 0.204264
v -0.169071 0.065685 0.221525
v -0.163548 0.007463 0.256042
v -0.117056 0.038414 0.209622
v -0.153897 0.007042 0.243340
v -0.057336 0.016992 0.117263
v -0.139277 0.002417 0.218367
v -0.070381 0.021545 0.143191
v -0.092798 0.017406 0.163196
v -0.141671 0.005446 0.207304
v -0.127709 0.002949 0.194114
v -0.137638 -0.002306 0.205266
v -0.114760 0.035531 0.201312
v -0.135214 0.034341 0.210331
v -0.124849 0.038511 0.210748
v -0.102213 0.064613 0.184162
v -0.081945 0.026858 0.153175
v -0.055320 0.012026 0.119872
v -0.054985 0.007511 0.117784
v -0.124158 0.086206 0.208420
v -0.116433 0.075806 0.190632
v -0.108015 0.053078 0.178845
v -0.094521 0.026333 0.165895
v -0.067861 0.019953 0.127318
v -0.090980 0.036167 0.144183
v -0.085841 0.021120 0.149241
v -0.132051 -0.004816 0.192209
v -0.106325 0.008011 0.169578
v -0.120378 0.007552 0.177167
v -0.135744 0.002462 0.190446
v -0.137706 0.110097 0.216009
v -0.108682 0.046661 0.192689
v -0.113707 0.072605 0.201067
v -0.114600 0.001381 0.179759
v -0.176252 0.063862 0.221033
v -0.066158 0.014848 0.137612
v -0.136127 0.115919 0.212322
v -0.083205 0.017945 0.162174
v -0.175014 0.065424 0.216139
v -0.135924 0.061446 0.201454
v -0.134647 0.071276 0.198617
v -0.170095 0.064424 0.220863
v -0.169549 0.064624 0.221298
v -0.170079 0.064621 0.221341
v -0.061070 0.009732 0.117306
v -0.077913 0.015094 0.139081
v -0.115109 0.008101 0.184670
v -0.154654 -0.000656 0.242874
v -0.102434 0.049336 0.184779
v -0.078325 0.023516 0.138031
v -0.090570 0.047222 0.145262
v -0.098333 0.044966 0.151862
v -0.078544 0.031010 0.146281
v -0.103658 0.062540 0.165289
v -0.114041 0.081124 0.201480
v -0.121456 0.090832 0.215589
v -0.129620 0.067117 0.192036
v -0.172511 0.067027 0.220430
v -0.133511 0.066705 0.203035
v -0.123948 0.080870 0.210845
v -0.096365 0.051226 0.171535
v -0.091327 0.055428 0.162630
v -0.085805 0.038018 0.156499
v -0.092523 0.037520 0.156511
v -0.110890 0.043962 0.189501
v -0.116294 0.063793 0.186306
v -0.068273 0.010501 0.127594
v -0.082784 0.004349 0.134194
v -0.061776 0.016735 0.131988
v -0.089852 0.032163 0.175396
v -0.101498 0.019199 0.174718
v -0.149263 0.003300 0.216273
v -0.100617 0.047649 0.162812
v -0.062170 0.015528 0.115873
v 0.050669 0.032714 0.151234
v 0.088600 0.053394 0.222976
v 0.107467 0.055607 0.232641
v 0.102946 0.053509 0.238121
v 0.121647 0.058456 0.250821
v 0.126204 0.058590 0.252579
v 0.119191 0.066170 0.248360
v 0.120258 0.057420 0.247515
v 0.136671 0.064609 0.258755
v 0.057100 0.029438 0.171772
v 0.029715 0.028636 0.144198
v 0.040903 0.036836 0.159098
v 0.102491 0.061927 0.240268
v 0.067622 0.035478 0.193072
v 0.054661 0.038564 0.186048
v 0.048733 0.036072 0.173318
v 0.046812 0.027898 0.161919
v 0.049109 0.030163 0.150878
v 0.029070 0.024409 0.147998
v 0.036149 0.020001 0.138982
v 0.032767 0.032144 0.139499
v 0.060270 0.038572 0.173539
v 0.054227 0.040153 0.175689
v 0.033846 0.024660 0.138475
v 0.069773 0.079190 0.240331
v 0.067151 0.041025 0.199381
v 0.034216 0.027340 0.137651
v 0.086622 0.059253 0.209116
v 0.095908 0.028678 0.217243
v 0.074833 0.051564 0.199323
v 0.083374 0.048368 0.197912
v 0.092620 0.052090 0.213791
v 0.091368 0.059911 0.220589
v 0.083791 0.068726 0.222899
v 0.078568 0.066712 0.218946
v 0.079695 0.078610 0.234428
v 0.076550 0.045914 0.215805
v 0.077080 0.036064 0.214504
v 0.079759 0.047102 0.206259
v 0.087648 0.025933 0.218073
v 0.083224 0.040439 0.213373
v 0.171008 -0.089848 0.144723
v 0.126224 -0.054863 0.093125
v 0.162322 -0.020701 0.112585
v 0.203455 -0.043220 0.157310
v 0.208042 -0.039865 0.158818
v 0.198626 -0.033484 0.153502
v 0.212409 -0.045546 0.163053
v 0.211560 -0.113048 0.155665
v 0.177459 -0.058529 0.120648
v 0.171003 -0.056426 0.110776
v 0.198483 -0.114297 0.152729
v 0.197400 -0.108970 0.146838
v 0.175483 -0.095583 0.139654
v 0.168798 -0.099550 0.141406
v 0.110604 -0.042905 0.085097
v 0.158529 -0.091476 0.138266
v 0.181861 -0.064197 0.130452
v 0.118994 -0.042270 0.092109
v 0.077715 -0.038752 0.072308
v 0.202647 -0.023262 0.119925
v 0.170113 -0.020871 0.105756
v 0.160807 -0.030385 0.111683
v 0.124081 -0.050043 0.101327
v 0.095343 -0.041762 0.078488
v 0.117704 -0.029958 0.101903
v 0.113525 -0.045357 0.097022
v 0.128006 -0.067484 0.114507
v 0.226657 0.000723 0.130578
v 0.136812 -0.072090 0.127017
v 0.151113 -0.082896 0.135346
v 0.165909 -0.050693 0.115059
v 0.167291 -0.045786 0.110097
v 0.188991 -0.027357 0.111519
v 0.135726 -0.056558 0.108078
v 0.134854 -0.078563 0.121321
v 0.184061 -0.022002 0.117325
v 0.218909 -0.000495 0.128376
v 0.210404 -0.046141 0.170767
v 0.188634 -0.033815 0.141965
v 0.189425 -0.036796 0.132287
v 0.186036 -0.027345 0.129749
v 0.211410 -0.046331 0.164262
v 0.211776 -0.046362 0.163636
v 0.211910 -0.046401 0.164149
v 0.076559 -0.033262 0.073818
v 0.075697 -0.040415 0.078820
v 0.100445 -0.045232 0.091428
v 0.140216 -0.055911 0.094661
v 0.142459 -0.075243 0.120496
v 0.144235 -0.087895 0.131968
v 0.158803 -0.041884 0.107542
v 0.103246 -0.036633 0.089720
v 0.143223 -0.023329 0.097327
v 0.124057 -0.020940 0.100541
v 0.129960 -0.026425 0.107172
v 0.151062 -0.018179 0.108876
v 0.206913 -0.018379 0.115657
v 0.180557 -0.030971 0.131742
v 0.211722 -0.021221 0.116798
v 0.163366 -0.028148 0.103103
v 0.128092 -0.034410 0.094542
v 0.129102 -0.035033 0.101174
v 0.170871 -0.060745 0.116999
v 0.184133 -0.070396 0.131156
v 0.088004 -0.038961 0.086489
v 0.091853 -0.052191 0.097813
v 0.073314 -0.034414 0.080071
v 0.077848 -0.035135 0.072243
v 0.077817 -0.031664 0.075179
v 0.141908 -0.049068 0.095649
v 0.149403 -0.089163 0.143173
v 0.176924 -0.096221 0.149014
v 0.140993 -0.029679 0.107318
v 0.080304 -0.032123 0.078143
v 0.084116 -0.032185 0.081082
v 0.080720 0.042834 0.105878
v 0.090899 0.066182 0.119203
v 0.148766 0.045608 0.116283
v 0.079915 0.030364 0.104062
v 0.069257 0.037922 0.102514
v 0.074814 0.048095 0.090503
v 0.075904 0.030784 0.096649
v 0.097982 -0.004715 0.090712
v 0.103871 -0.002925 0.085701
v 0.069074 -0.030762 0.072325
v 0.102176 -0.009831 0.094608
v 0.068437 0.055824 0.112609
v 0.099078 0.086760 0.126978
v 0.090427 0.073518 0.118398
v 0.127161 0.036074 0.111311
v 0.081369 0.019221 0.097622
v 0.116557 0.054942 0.165831
v 0.085878 0.010600 0.116292
v 0.074409 0.008865 0.102896
v 0.080954 0.007696 0.102910
v 0.078371 0.017096 0.104173
v 0.087665 -0.022412 0.090625
v 0.084145 -0.024764 0.077883
v 0.097429 -0.031335 0.100795
v 0.079715 0.054654 0.120213
v 0.077095 -0.032463 0.081618
v 0.069517 -0.024312 0.076075
v 0.070835 -0.036103 0.070427
v 0.073694 0.054477 0.105981
v 0.089937 0.022958 0.121159
v 0.074648 0.012013 0.092749
v 0.077150 0.000797 0.087922
v 0.081407 -0.012928 0.079250
v 0.086033 -0.012779 0.085124
v 0.100203 -0.012719 0.084394
v 0.077224 -0.020358 0.089755
v 0.073031 -0.015594 0.083222
v 0.064848 -0.036257 0.081419
v 0.068415 -0.038900 0.079607
v 0.113884 0.002312 0.098369
v 0.114158 -0.007233 0.094064
v 0.143256 0.019099 0.104680
v 0.111970 0.090293 0.130813
v 0.102114 0.081879 0.133135
v 0.096663 0.035273 0.143286
v 0.088332 0.017918 0.126968
v 0.073475 0.044268 0.114968
v 0.084609 0.066117 0.125678
v 0.112351 0.102991 0.133245
v 0.107375 0.094581 0.136075
v 0.067789 -0.029698 0.080466
v 0.129965 0.007488 0.104955
v 0.092840 -0.022261 0.088120
v 0.125633 0.005547 0.092176
v 0.133251 0.004381 0.099097
v 0.127189 0.011502 0.101243
v 0.101413 0.023781 0.096909
v 0.116350 0.023070 0.103444
v 0.097533 0.015991 0.099850
v 0.096124 0.018273 0.103985
v 0.138528 0.044825 0.110284
v 0.137157 0.035184 0.108941
v 0.092217 0.034043 0.133954
v 0.083288 0.024677 0.125367
v 0.104935 0.038591 0.141112
v 0.100209 0.044827 0.139571
v 0.104064 0.054343 0.148143
v 0.107369 0.045413 0.148183
v 0.107179 0.053887 0.156971
v 0.104218 0.045654 0.140493
v 0.105335 0.046256 0.139665
v 0.104546 0.046111 0.140076
v 0.115462 0.058298 0.155261
v 0.117455 0.064881 0.169274
v 0.113090 0.024060 0.107313
v 0.078410 -0.008754 0.093795
v 0.078433 -0.009495 0.094367
v 0.077308 -0.009176 0.093965
v 0.072705 -0.046333 0.080696
v 0.080117 -0.057889 0.096858
v 0.064621 -0.045938 0.071146
v 0.063352 -0.050774 0.086575
v 0.070928 -0.043083 0.071400
v 0.065332 -0.043070 0.072038
v 0.071056 -0.058101 0.098108
v 0.063081 -0.067762 0.097472
v 0.068834 -0.082981 0.105177
v 0.070899 -0.036292 0.076027
v 0.095034 -0.072703 0.111310
v 0.066625 -0.039627 0.074656
v 0.074831 -0.064891 0.093211
v 0.070288 -0.070527 0.104609
v 0.064987 -0.080883 0.112387
v 0.085055 -0.061478 0.107076
v 0.094321 -0.064807 0.103266
v 0.109146 -0.077863 0.117358
v 0.065739 -0.040826 0.072995
v -0.103812 -0.138938 0.159737
v -0.109893 -0.159254 0.179142
v -0.168364 -0.140801 0.183733
v -0.104098 -0.127090 0.155378
v -0.093503 -0.134604 0.153273
v -0.100636 -0.147120 0.144839
v -0.101550 -0.128942 0.147548
v -0.126240 -0.095677 0.139553
v -0.133013 -0.098716 0.135929
v -0.099947 -0.076242 0.113239
v -0.130041 -0.090097 0.142776
v -0.089736 -0.150043 0.166327
v -0.115230 -0.177957 0.192277
v -0.109155 -0.166590 0.179720
v -0.148691 -0.132081 0.172808
v -0.107396 -0.117528 0.147288
v -0.126843 -0.139199 0.226780
v -0.101541 -0.064317 0.115828
v -0.108774 -0.105357 0.164410
v -0.100179 -0.106183 0.148938
v -0.106660 -0.105160 0.150016
v -0.103339 -0.114053 0.152567
v -0.113980 -0.077162 0.130997
v -0.119417 -0.076855 0.128488
v -0.122845 -0.070314 0.140887
v -0.099415 -0.147555 0.175630
v -0.112054 -0.086384 0.119906
v -0.105469 -0.068746 0.108204
v -0.096227 -0.150180 0.160737
v -0.111106 -0.116535 0.172322
v -0.102157 -0.111344 0.139860
v -0.106181 -0.101401 0.133512
v -0.114235 -0.089258 0.129055
v -0.102340 -0.079222 0.115543
v -0.130234 -0.089327 0.132023
v -0.103994 -0.086246 0.124958
v -0.097658 -0.066287 0.117066
v -0.140075 -0.101473 0.151140
v -0.141754 -0.092981 0.145149
v -0.166717 -0.117125 0.166283
v -0.126930 -0.180870 0.199204
v -0.117322 -0.171978 0.197829
v -0.112777 -0.124187 0.197323
v -0.108725 -0.110383 0.176589
v -0.094901 -0.138347 0.167315
v -0.102503 -0.157748 0.184101
v -0.126099 -0.192809 0.204115
v -0.121177 -0.183905 0.204192
v -0.100279 -0.073001 0.118417
v -0.154318 -0.105457 0.161632
v -0.122867 -0.079088 0.132267
v -0.152612 -0.106090 0.148122
v -0.158832 -0.103677 0.156044
v -0.152067 -0.110093 0.158309
v -0.126910 -0.122513 0.151466
v -0.140350 -0.120760 0.160556
v -0.123004 -0.114215 0.151989
v -0.120705 -0.115575 0.156131
v -0.159515 -0.141069 0.175793
v -0.158990 -0.131883 0.172335
v -0.110263 -0.124807 0.187241
v -0.103690 -0.117230 0.175384
v -0.120757 -0.127742 0.197587
v -0.116202 -0.134224 0.196378
v -0.117992 -0.141995 0.207207
v -0.121731 -0.133227 0.206069
v -0.119395 -0.139802 0.216210
v -0.120151 -0.135174 0.198177
v -0.121321 -0.135839 0.197723
v -0.120478 -0.135598 0.197933
v -0.127580 -0.144625 0.217074
v -0.126489 -0.148239 0.232221
v -0.136362 -0.120877 0.163821
v -0.106859 -0.090877 0.137521
v -0.106816 -0.090035 0.137928
v -0.105771 -0.090408 0.137383
v -0.101644 -0.059718 0.102220
v -0.178762 -0.053471 0.133129
v -0.186581 -0.047836 0.127551
v -0.186337 -0.048320 0.138121
v -0.200980 -0.047588 0.136402
v -0.203205 -0.039950 0.142607
v -0.213533 -0.046084 0.148557
v -0.225069 -0.037189 0.165404
v -0.220662 -0.041332 0.157957
v -0.104559 -0.056996 0.114655
v -0.197352 -0.052561 0.141200
v -0.079277 -0.064205 0.105453
v -0.145014 -0.052022 0.122735
v -0.115387 -0.051275 0.117700
v -0.078605 -0.055263 0.109509
v -0.079915 -0.061732 0.112166
v -0.076829 -0.052301 0.104704
v -0.080321 -0.063396 0.100181
v -0.096217 -0.063773 0.105452
v -0.115911 -0.052172 0.107657
v -0.182878 -0.067688 0.130100
v -0.077096 -0.057132 0.102784
v -0.190264 -0.089137 0.144764
v -0.160047 -0.049246 0.132195
v -0.150570 -0.056863 0.128745
v -0.158701 -0.059044 0.120643
v -0.077773 -0.058632 0.100939
v -0.178765 -0.063324 0.133572
v -0.164025 -0.030709 0.141834
v -0.164846 -0.030541 0.148319
v -0.121658 -0.060559 0.109343
v -0.149068 -0.051463 0.113837
v -0.167182 -0.051586 0.117893
v -0.174931 -0.060561 0.123108
v -0.177399 -0.073055 0.129771
v -0.160668 -0.057018 0.136674
v -0.160810 -0.033022 0.140613
v -0.156256 -0.045106 0.139985
v -0.163603 -0.038142 0.142050
v -0.160510 -0.039499 0.138627
v -0.103609 -0.069961 0.106919
v -0.099379 -0.063633 0.111202
v -0.087187 -0.102294 0.110796
v -0.081146 -0.066488 0.092967
v -0.072519 -0.074649 0.092767
v -0.081192 -0.079384 0.081661
v -0.083505 -0.060683 0.096348
v -0.103442 -0.137610 0.122514
v -0.067921 -0.090769 0.098493
v -0.080446 -0.059032 0.092552
v -0.093227 -0.123972 0.117456
v -0.087420 -0.109375 0.108680
v -0.075234 -0.054510 0.097748
v -0.075753 -0.091024 0.109674
v -0.075082 -0.088339 0.094469
v -0.076799 -0.055448 0.094131
v -0.104328 -0.128455 0.125148
v -0.093655 -0.120255 0.125003
v -0.070950 -0.080905 0.105271
v -0.079284 -0.060072 0.099955
v -0.079037 -0.103299 0.114547
v -0.104622 -0.144988 0.127038
v -0.098235 -0.133316 0.127483
v -0.056779 -0.096233 0.101120
v -0.065899 -0.094050 0.102777
v -0.071101 -0.086741 0.099061
v -0.061359 -0.092884 0.105088
v -0.057225 -0.104834 0.107489
v -0.054040 -0.113695 0.104315
v -0.057166 -0.102241 0.101131
v -0.080706 -0.115112 0.117524
v -0.076050 -0.129441 0.120859
v -0.085275 -0.116655 0.119571
v -0.076918 -0.141642 0.128189
v -0.072037 -0.143914 0.127090
v -0.076049 -0.144467 0.123477
v -0.082354 -0.129407 0.120560
v -0.085950 -0.107308 0.111200
v -0.078391 -0.125217 0.110683
v -0.083714 -0.118910 0.115646
v -0.067609 -0.136505 0.110370
v -0.104803 -0.150491 0.129255
v -0.103833 -0.167779 0.128026
v -0.106238 -0.189926 0.132930
v -0.105759 -0.168723 0.131419
v -0.102437 -0.170198 0.131615
v -0.112096 -0.142720 0.131392
v -0.117058 -0.148210 0.131130
v -0.125600 -0.150321 0.137622
v -0.135717 -0.155323 0.137104
v -0.134853 -0.149548 0.136679
v -0.142824 -0.153619 0.142088
v -0.148750 -0.162886 0.141948
v -0.118461 -0.143225 0.130479
v -0.110927 -0.171652 0.140395
v -0.106861 -0.172302 0.132019
v -0.121210 -0.176464 0.147143
v -0.064320 -0.074624 0.169756
v -0.061295 -0.069072 0.167806
v -0.062860 -0.069245 0.162994
v -0.025584 -0.062423 0.177854
v -0.036204 -0.053225 0.157460
v -0.034162 -0.048737 0.163592
v -0.042916 -0.051830 0.160600
v -0.053930 -0.045808 0.154016
v -0.050570 -0.041756 0.148362
v -0.057330 -0.048171 0.151768
v -0.054749 -0.061058 0.155864
v -0.057808 -0.073388 0.163046
v -0.052849 -0.073304 0.163145
v -0.056047 -0.088485 0.169433
v -0.055347 -0.052670 0.157399
v -0.057339 -0.071959 0.166534
v -0.096419 -0.013407 0.173678
v -0.114831 -0.013994 0.200629
v -0.109090 -0.019250 0.196649
v -0.088800 -0.020718 0.152871
v -0.081238 -0.018521 0.151078
v -0.105561 -0.014471 0.183933
v -0.094580 -0.016269 0.179897
v -0.089867 -0.015198 0.156913
v -0.096164 -0.020722 0.166180
v -0.088170 -0.017652 0.165159
v -0.100922 -0.014143 0.189496
v -0.100968 -0.020140 0.180762
v -0.101887 -0.019565 0.181301
v -0.098526 -0.015075 0.177927
v -0.096443 -0.024926 0.186268
v -0.099304 -0.017061 0.186349
v -0.097535 -0.018534 0.183168
v -0.100580 -0.030812 0.190652
v -0.101964 -0.047187 0.203497
v -0.096306 -0.038086 0.196869
v -0.098185 -0.045336 0.195616
v -0.098312 -0.052569 0.201331
v -0.097720 -0.028588 0.184992
v -0.112117 -0.058872 0.176637
v -0.104532 -0.060292 0.172339
v -0.084030 -0.026467 0.157873
v -0.095091 -0.047999 0.161738
v -0.093860 -0.035089 0.163143
v -0.090991 -0.041342 0.165133
v -0.103464 -0.047166 0.168787
v -0.096690 -0.037122 0.157830
v -0.085592 -0.029960 0.152016
v -0.104392 -0.057316 0.181129
v -0.085988 -0.020700 0.152859
v -0.089054 -0.061086 0.166826
v -0.089762 -0.064751 0.163019
v -0.092505 -0.065246 0.166416
v 0.018480 0.172120 0.235762
v 0.024318 0.177147 0.262460
v 0.023217 0.169377 0.246786
v 0.014050 0.169195 0.236114
v 0.012425 0.187788 0.256702
v 0.011120 0.182148 0.251171
v 0.051580 0.171729 0.235505
v 0.052157 0.179479 0.240535
v 0.054666 0.183373 0.252817
v 0.041052 0.165559 0.227717
v 0.036804 0.170477 0.224570
v 0.063894 0.171935 0.235078
v 0.074724 0.175889 0.249813
v 0.044126 0.172234 0.231391
v 0.006887 0.165074 0.225896
v 0.035594 0.137158 0.240850
v 0.030572 0.136411 0.247109
v 0.058535 0.136500 0.240672
v 0.040243 0.133323 0.243408
v 0.025334 0.138863 0.247973
v 0.038998 0.145373 0.254205
v 0.020501 0.132158 0.241327
v 0.003955 0.128298 0.232888
v 0.013893 0.133325 0.235967
v -0.001227 0.115901 0.189897
v 0.003746 0.119101 0.213263
v 0.002315 0.126633 0.221125
v 0.002161 0.120474 0.226934
v 0.006848 0.123759 0.238579
v -0.002472 0.123965 0.228886
v 0.002228 0.123725 0.245301
v -0.000288 0.116395 0.202259
v 0.010217 0.131617 0.257409
v -0.003108 0.121420 0.216235
v -0.006253 0.119944 0.203952
v -0.000666 0.123381 0.202240
v -0.031105 0.141407 0.216758
v -0.033907 0.142979 0.210257
v -0.033024 0.149970 0.217504
v -0.031374 0.163941 0.233822
v -0.029209 0.151801 0.222016
v -0.033453 0.151771 0.227195
v -0.029701 0.159004 0.235981
v -0.034903 0.160576 0.236438
v -0.031498 0.170007 0.255888
v -0.030526 0.152323 0.235339
v -0.035442 0.153954 0.237217
v -0.036553 0.146276 0.244589
v -0.060027 0.147551 0.237058
v -0.052849 0.143637 0.226684
v -0.044000 0.140355 0.224779
v -0.042724 0.139596 0.218501
v -0.054926 0.142055 0.234790
v -0.068689 0.150832 0.248340
v -0.063826 0.143556 0.241594
v -0.044593 0.144269 0.221547
v -0.062190 0.140195 0.236736
v -0.069366 0.138335 0.239849
v 0.044995 0.120421 0.204051
v 0.058020 0.130376 0.212015
v 0.037304 0.121515 0.204067
v 0.030946 0.119279 0.196795
v -0.002116 0.115232 0.196169
v -0.001630 0.118460 0.190992
v 0.007127 0.120446 0.194584
v 0.007922 0.118097 0.191187
v 0.006137 0.117476 0.190976
v 0.042204 0.123655 0.201680
v 0.014181 0.113802 0.196170
v 0.051931 0.130839 0.207696
v 0.029919 0.107432 0.209398
v 0.049805 0.091605 0.227570
v 0.038472 0.095757 0.218895
v 0.022403 0.106488 0.207612
v 0.022016 0.114701 0.200202
v 0.029304 0.101085 0.213670
v 0.013711 0.115631 0.199832
v 0.028866 0.107314 0.214773
v 0.021555 0.120204 0.174164
v 0.009173 0.104599 0.166746
v -0.002305 0.092905 0.160619
v 0.008816 0.107052 0.163026
v 0.013171 0.105819 0.164268
v -0.004195 0.096372 0.160942
v -0.015173 0.067800 0.183437
v -0.017174 0.071193 0.180585
v -0.018176 0.068950 0.188250
v -0.011096 0.072157 0.202306
v -0.016636 0.072794 0.163278
v -0.018184 0.070986 0.159939
v 0.030391 0.176957 0.267412
v 0.031631 0.181436 0.269946
v 0.031258 0.184956 0.290725
v 0.053364 0.174936 0.270110
v 0.043475 0.172517 0.260990
v 0.030292 0.174538 0.256838
v -0.142164 0.178552 0.235760
v -0.135377 0.176154 0.238192
v -0.160046 0.190105 0.239060
v -0.154046 0.185720 0.235895
v -0.085822 0.056680 0.206834
v -0.081382 0.061829 0.194591
v -0.068751 0.062887 0.181708
v -0.088469 0.053292 0.205386
v -0.073749 0.068969 0.178735
v -0.055496 0.075163 0.162710
v -0.076518 0.064671 0.190507
v -0.060532 0.071208 0.174195
v -0.060871 0.080342 0.159773
v -0.058078 0.081856 0.166783
v -0.078591 0.057305 0.188920
v -0.067917 0.071011 0.181872
v -0.075966 0.055989 0.195100
v -0.066222 0.072996 0.169931
v -0.049909 0.085153 0.151602
v -0.077159 0.068717 0.209077
v -0.073719 0.066604 0.209634
v -0.077025 0.062108 0.190310
v -0.082397 0.109197 0.175677
v -0.080747 0.109471 0.169070
v -0.090145 0.111339 0.177474
v -0.094115 0.103216 0.179118
v -0.101009 0.107921 0.185275
v -0.099903 0.107675 0.175294
v -0.103487 0.103377 0.181990
v -0.113945 0.104344 0.187179
v -0.108792 0.106600 0.190739
v -0.119947 0.110314 0.192524
v -0.109397 0.110869 0.185820
v -0.090660 0.105955 0.171907
v -0.051015 0.099480 0.179880
v -0.056974 0.102916 0.173296
v -0.060328 0.098491 0.165329
v -0.051799 0.103063 0.174008
v -0.051546 0.108468 0.185668
v -0.053515 0.108257 0.195404
v -0.053452 0.101924 0.184814
v -0.109472 0.146323 0.209946
v -0.123384 0.149848 0.211260
v -0.124441 0.155713 0.214116
v -0.125635 0.151506 0.216901
v -0.141378 0.160411 0.218732
v -0.151614 0.163238 0.224437
v -0.143151 0.157216 0.222860
v -0.145734 0.156947 0.218711
v -0.164650 0.166707 0.228430
v -0.157153 0.145535 0.223109
v -0.147470 0.146583 0.221566
v -0.137963 0.155708 0.216893
v -0.111557 0.175944 0.246403
v -0.114836 0.162306 0.230150
v -0.114618 0.169780 0.232006
v -0.140227 0.197732 0.259391
v -0.130695 0.172428 0.241166
v -0.119545 0.159794 0.226909
v -0.141271 0.185710 0.247478
v -0.127339 0.166258 0.228390
v -0.134729 0.187003 0.243660
v -0.129851 0.178182 0.238152
v -0.077591 0.165074 0.207210
v -0.067568 0.166075 0.208088
v -0.077668 0.162082 0.200486
v -0.067417 0.168352 0.214160
v -0.078337 0.167317 0.202888
v -0.066130 0.173038 0.211135
v -0.055701 0.174469 0.225572
v -0.056114 0.170982 0.217989
v -0.048274 0.174764 0.226999
v -0.048648 0.180693 0.225456
v -0.051438 0.181087 0.230553
v -0.040824 0.181353 0.236110
v -0.064643 0.193077 0.248932
v -0.069435 0.186439 0.227435
v -0.069625 0.182349 0.231846
v -0.079877 0.185341 0.215750
v -0.070895 0.188084 0.233220
v -0.083125 0.195985 0.207343
v -0.082328 0.187274 0.208912
v -0.089269 0.206128 0.204761
v -0.078925 0.198446 0.219311
v -0.080443 0.206901 0.224689
v -0.085290 0.202614 0.223529
v -0.081991 0.191685 0.220341
v -0.083822 0.213462 0.233357
v -0.084267 0.216831 0.229688
v -0.080337 0.219150 0.235721
v -0.085235 0.232131 0.240893
v -0.080256 0.183638 0.211674
v -0.081554 0.201871 0.222078
v -0.089203 0.209611 0.217297
v -0.097628 0.213997 0.217835
v -0.093093 0.218838 0.234279
v -0.100274 0.227321 0.236371
v -0.080474 0.213064 0.231146
v -0.074334 0.222160 0.237085
v -0.090104 0.023073 0.175665
v -0.096326 0.019029 0.191995
v -0.099418 0.015850 0.198652
v -0.100581 0.021764 0.194731
v -0.103268 0.013204 0.213858
v -0.098514 0.020974 0.181544
v -0.071688 0.042635 0.201161
v -0.077158 0.040040 0.183008
v -0.080899 0.033942 0.180279
v -0.171582 0.037277 0.257723
v -0.159890 0.007210 0.242918
v -0.163639 0.020284 0.249467
v -0.164661 0.027480 0.247304
v -0.157947 0.015005 0.246107
v -0.169664 0.011996 0.268302
v -0.169628 0.014996 0.264883
v -0.161243 0.006903 0.254523
v -0.164399 -0.000116 0.263391
v -0.166859 -0.004056 0.276876
v -0.158262 0.000259 0.241232
v -0.165186 -0.008844 0.246218
v -0.162719 -0.003348 0.243316
v -0.141477 0.009381 0.220464
v -0.134440 0.017816 0.225479
v -0.136138 0.028005 0.231399
v -0.129865 0.028394 0.231490
v -0.134725 0.027666 0.226193
v -0.128600 0.044740 0.240823
v -0.161134 -0.019602 0.241509
v -0.141488 -0.009224 0.205027
v -0.151524 -0.016449 0.217777
v -0.160018 -0.015436 0.223677
v -0.148265 -0.009279 0.217957
v -0.152538 -0.007715 0.211727
v -0.151272 -0.010509 0.190297
v -0.139832 -0.006444 0.192354
v -0.147939 -0.008927 0.188076
v -0.135188 0.037041 0.210933
v -0.149609 0.045013 0.212712
v -0.142987 0.044567 0.211716
v -0.141932 0.030059 0.221208
v -0.134094 0.033283 0.216215
v -0.150668 0.033657 0.231544
v -0.143087 0.033877 0.228390
v -0.153780 0.032359 0.244026
v -0.134502 0.079787 0.235327
v -0.124773 0.086056 0.217695
v -0.130444 0.080903 0.222897
v -0.121025 0.036123 0.244634
v -0.118118 0.034185 0.227903
v -0.114690 0.031801 0.225521
v -0.112626 0.035721 0.226821
v -0.119830 0.037633 0.209599
v -0.125280 0.095936 0.220532
v -0.134145 0.107840 0.246021
v -0.130731 0.106624 0.235098
v -0.082950 0.131099 0.205294
v -0.107597 0.074573 0.190035
v -0.085414 0.121120 0.199428
v -0.091335 0.099266 0.191700
v -0.092810 0.108822 0.191455
v -0.099645 0.096337 0.185144
v -0.106480 0.064511 0.184105
v -0.086635 0.132961 0.201520
v -0.097917 0.102355 0.192674
v -0.082437 0.113456 0.191458
v -0.080125 0.135545 0.200866
v -0.087524 0.118613 0.190433
v -0.081029 0.149166 0.220917
v -0.055507 0.118961 0.200876
v -0.063973 0.112987 0.195741
v -0.068976 0.112601 0.198883
v -0.174397 0.066819 0.221061
v -0.173434 0.068316 0.217892
v -0.178394 0.078826 0.226811
v -0.146382 0.083013 0.223197
v -0.145781 0.082161 0.215232
v -0.140463 0.065598 0.200802
v -0.161610 0.061652 0.209410
v -0.168651 0.049913 0.211941
v -0.167555 0.053741 0.209280
v -0.180926 0.060186 0.227841
v -0.190515 0.059266 0.230841
v -0.198470 0.057507 0.237947
v -0.180001 0.064186 0.226120
v -0.142204 0.131107 0.204636
v -0.142803 0.139530 0.203540
v -0.140805 0.131723 0.204035
v -0.153006 0.153042 0.204898
v -0.139416 0.113631 0.214815
v -0.137538 0.129893 0.232370
v -0.137104 0.120383 0.217969
v -0.139063 0.141538 0.237694
v 0.141884 0.079011 0.270251
v 0.144656 0.076418 0.269174
v 0.133244 0.063190 0.258223
v 0.145522 0.081268 0.268744
v 0.159075 0.048742 0.242860
v 0.166836 0.053557 0.244387
v 0.177555 0.053282 0.251952
v 0.140042 0.050901 0.235057
v 0.128124 0.060044 0.243639
v 0.139974 0.049282 0.241360
v 0.153178 0.048780 0.240314
v 0.187972 0.041179 0.247078
v 0.157418 0.043748 0.239604
v 0.165208 0.044745 0.237505
v 0.115461 0.061365 0.246600
v 0.119219 0.024068 0.265485
v 0.117230 0.026585 0.270954
v 0.112540 0.028832 0.268595
v 0.134306 0.006715 0.265574
v 0.119470 0.017947 0.267919
v 0.133568 0.027517 0.284302
v 0.117628 0.030548 0.273625
v 0.118152 0.025670 0.275967
v 0.103950 0.035681 0.267379
v 0.100127 0.039113 0.259400
v 0.090220 0.037805 0.255311
v 0.079061 0.041045 0.212913
v 0.079805 0.043338 0.241486
v 0.089548 0.044175 0.254129
v 0.083582 0.045177 0.253722
v 0.096476 0.039391 0.269097
v 0.086010 0.041290 0.263802
v 0.095925 0.032785 0.276378
v 0.089901 0.036790 0.260976
v 0.078401 0.041799 0.226733
v 0.085190 0.043748 0.227506
v 0.084595 0.039542 0.251386
v 0.087198 0.041368 0.239057
v 0.082688 0.037346 0.228187
v 0.079619 0.076915 0.241021
v 0.077501 0.079272 0.236593
v 0.092413 0.094543 0.265646
v 0.087542 0.084433 0.248267
v 0.083061 0.085777 0.251329
v 0.087773 0.087529 0.258407
v 0.089588 0.092270 0.257188
v 0.098694 0.093684 0.274343
v 0.080124 0.085802 0.261880
v 0.085536 0.083481 0.261065
v 0.089098 0.089241 0.252380
v 0.074689 0.083889 0.277825
v 0.064566 0.089043 0.244863
v 0.066881 0.085948 0.247198
v 0.060283 0.092841 0.259056
v 0.062500 0.098638 0.277516
v 0.065269 0.095636 0.254373
v 0.057200 0.098612 0.268100
v 0.063160 0.098919 0.267797
v 0.071660 0.086544 0.239989
v 0.053083 0.102394 0.261397
v 0.050429 0.100008 0.264259
v 0.111819 0.014999 0.225947
v 0.105195 0.016009 0.220396
v 0.078994 0.034915 0.213669
v 0.087043 0.024960 0.218754
v 0.089543 0.029020 0.221268
v 0.096265 0.017517 0.222079
v 0.130732 0.005586 0.237185
v 0.098096 0.023073 0.222888
v 0.112181 0.010447 0.227458
v 0.119089 0.009189 0.227325
v 0.093015 0.024342 0.216269
v 0.078617 0.036882 0.219125
v 0.088874 0.012081 0.231477
v 0.091424 0.018756 0.223167
v 0.095544 0.012833 0.232493
v 0.090582 0.002374 0.239305
v 0.092068 -0.006511 0.245298
v 0.094802 0.026492 0.224003
v 0.096594 -0.001202 0.239939
v 0.093429 0.019349 0.230459
v 0.082900 0.025224 0.185520
v 0.098421 0.019849 0.192599
v 0.082253 0.027408 0.188711
v 0.081107 0.030360 0.185419
v 0.102252 0.019167 0.199379
v 0.066379 0.034624 0.181548
v 0.036077 0.052067 0.187516
v 0.038063 0.053214 0.181474
v 0.029182 0.062571 0.203157
v 0.032066 0.055353 0.187210
v 0.048799 0.040992 0.176194
v 0.156230 0.059068 0.273850
v 0.146032 0.057243 0.264934
v 0.135104 0.062538 0.258030
v 0.156946 -0.018307 0.100716
v 0.159696 -0.019529 0.099953
v 0.171314 -0.007376 0.094921
v 0.170601 -0.012237 0.093141
v 0.186228 0.005818 0.092642
v 0.174199 -0.006007 0.089546
v 0.172141 -0.077184 0.107662
v 0.136328 -0.056281 0.100428
v 0.147962 -0.066008 0.097274
v 0.159206 -0.071474 0.096198
v 0.150987 -0.062043 0.095603
v 0.146201 -0.049394 0.092859
v 0.169573 -0.036703 0.083436
v 0.154465 -0.042087 0.089070
v 0.229346 -0.088362 0.161184
v 0.199641 -0.106563 0.154378
v 0.212403 -0.098668 0.156007
v 0.214352 -0.091391 0.156887
v 0.205869 -0.101379 0.151371
v 0.225702 -0.114548 0.160248
v 0.213998 -0.109764 0.154767
v 0.208846 -0.113410 0.154789
v 0.214154 -0.123313 0.155746
v 0.224063 -0.133569 0.156085
v 0.194444 -0.111674 0.153558
v 0.195410 -0.122239 0.160124
v 0.195237 -0.115964 0.157824
v 0.186524 -0.089249 0.139107
v 0.194012 -0.082325 0.137601
v 0.207279 -0.072120 0.133925
v 0.204749 -0.078472 0.130411
v 0.191060 -0.079825 0.135756
v 0.189526 -0.086104 0.133251
v 0.175609 -0.089240 0.138309
v 0.185304 -0.129050 0.157715
v 0.153791 -0.098068 0.145681
v 0.165002 -0.114122 0.152197
v 0.172079 -0.116452 0.159439
v 0.168127 -0.107930 0.148466
v 0.166449 -0.104653 0.153492
v 0.142767 -0.095348 0.163136
v 0.143521 -0.092299 0.146581
v 0.146712 -0.092718 0.148344
v 0.194170 -0.068177 0.147235
v 0.202877 -0.061683 0.158646
v 0.192587 -0.072357 0.146087
v 0.189485 -0.074016 0.142663
v 0.186639 -0.069865 0.135796
v 0.201201 -0.077556 0.154149
v 0.226267 -0.040725 0.125651
v 0.212661 -0.026168 0.118734
v 0.215544 -0.033393 0.123753
v 0.197007 -0.069592 0.108625
v 0.178410 -0.058165 0.107834
v 0.181413 -0.065422 0.108314
v 0.180602 -0.061246 0.103554
v 0.228898 -0.018934 0.120444
v 0.248405 -0.022701 0.124731
v 0.220008 -0.022215 0.117716
v 0.230836 -0.019472 0.117408
v 0.178252 -0.007582 0.116115
v 0.183821 0.008069 0.122779
v 0.174189 -0.020707 0.114767
v 0.175394 -0.002792 0.119027
v 0.173734 -0.005124 0.114187
v 0.231406 -0.034555 0.173930
v 0.220541 -0.039872 0.167644
v 0.212728 -0.042448 0.169493
v 0.218256 -0.030782 0.139268
v 0.200539 -0.032670 0.136456
v 0.210949 -0.027478 0.140155
v 0.200953 -0.040839 0.158000
v 0.198275 -0.052506 0.165101
v 0.197806 -0.047812 0.164273
v 0.214337 -0.051874 0.172068
v 0.220895 -0.058527 0.182347
v 0.226861 -0.058026 0.188748
v 0.220246 0.009002 0.132647
v 0.220335 0.029620 0.132608
v 0.219134 0.033403 0.134940
v 0.218934 0.026730 0.135414
v 0.229585 0.000525 0.129273
v 0.240463 0.003822 0.127706
v 0.241475 0.002204 0.122884
v 0.249884 0.004232 0.124785
v 0.259031 0.015595 0.126158
v 0.224082 -0.002847 0.132368
v 0.230631 -0.005640 0.144327
v 0.226743 -0.004588 0.141737
v 0.190998 -0.048865 0.131267
v 0.184657 -0.054157 0.121835
v 0.125684 0.058932 0.173169
v 0.121757 0.061203 0.174125
v 0.136346 0.054190 0.188485
v 0.135444 0.057182 0.184026
v 0.119387 0.055419 0.153562
v 0.135855 0.053627 0.156798
v 0.117990 0.049381 0.154111
v 0.111491 0.052435 0.149203
v 0.136867 0.053034 0.152389
v 0.132775 0.056784 0.150875
v 0.149599 0.059320 0.158027
v 0.156327 0.065119 0.167135
v 0.145807 0.062882 0.160478
v 0.098240 0.047217 0.145511
v 0.098248 0.056769 0.150440
v 0.090305 0.068261 0.151128
v 0.091402 0.072311 0.157362
v 0.058985 0.060172 0.119864
v 0.068085 0.058240 0.117827
v 0.071580 0.051933 0.111323
v 0.064646 0.056466 0.121339
v 0.061722 0.067619 0.127062
v 0.057692 0.076697 0.126785
v 0.059399 0.066108 0.120779
v 0.085366 0.076338 0.125099
v 0.080899 0.097431 0.137477
v 0.077598 0.085599 0.131261
v 0.077678 0.101706 0.144015
v 0.086552 0.113989 0.150854
v 0.080712 0.087792 0.136760
v 0.085038 0.074749 0.130339
v 0.073515 0.085157 0.140007
v 0.077672 0.083016 0.132878
v 0.064034 0.084310 0.151603
v 0.142659 0.015797 0.109131
v 0.148798 0.014969 0.122557
v 0.161638 0.017058 0.144678
v 0.151452 0.018079 0.122325
v 0.152580 0.014141 0.121969
v 0.161275 0.038010 0.104769
v 0.153327 0.030012 0.101549
v 0.148596 0.031084 0.105945
v 0.142312 0.028617 0.099349
v 0.161303 0.033946 0.108050
v 0.140801 0.021322 0.103650
v 0.151010 0.052565 0.114683
v 0.152528 0.053918 0.120803
v 0.160489 0.058489 0.124286
v 0.158608 0.063058 0.121990
v 0.160479 0.064095 0.127945
v 0.167868 0.075966 0.132368
v 0.179298 0.087280 0.133734
v 0.177061 0.078011 0.135469
v 0.150851 0.074773 0.109167
v 0.149205 0.048402 0.113800
v 0.145532 0.058715 0.109321
v 0.171190 0.074089 0.128515
v 0.189811 0.069000 0.130437
v 0.175029 0.068714 0.128740
v 0.109248 0.111193 0.136981
v 0.112118 0.113296 0.133986
v 0.110964 0.129365 0.142583
v 0.111704 0.130511 0.139046
v 0.116723 0.143732 0.147220
v 0.108077 0.127018 0.140487
v 0.123982 0.105152 0.137828
v 0.116199 0.105135 0.134570
v 0.127301 0.104795 0.133766
v 0.136697 0.111128 0.138801
v 0.146019 0.116683 0.135657
v 0.145013 0.111019 0.134568
v 0.154415 0.114566 0.137468
v 0.159984 0.124035 0.136874
v 0.132150 0.111724 0.134936
v 0.126576 0.131443 0.151519
v 0.131513 0.134391 0.151859
v 0.115651 0.067758 0.172196
v 0.119626 0.064553 0.170421
v 0.118312 0.088357 0.185637
v 0.118847 0.081851 0.180102
v 0.122900 0.091104 0.186117
v 0.127397 0.097814 0.203259
v 0.117812 0.070019 0.170269
v 0.116678 -0.100061 0.138397
v 0.114753 -0.094302 0.135771
v 0.114748 -0.095861 0.130955
v 0.130527 -0.062044 0.147212
v 0.120509 -0.065415 0.124816
v 0.117324 -0.060684 0.130239
v 0.114655 -0.069547 0.127161
v 0.104322 -0.074548 0.118844
v 0.104397 -0.069668 0.112854
v 0.104355 -0.078782 0.116777
v 0.114975 -0.084766 0.123175
v 0.121058 -0.094592 0.132085
v 0.124113 -0.090710 0.132543
v 0.132419 -0.102499 0.141046
v 0.107998 -0.079826 0.123221
v 0.119656 -0.093150 0.135308
v 0.052987 -0.092328 0.133648
v 0.049527 -0.085759 0.129492
v 0.034305 -0.100953 0.156178
v 0.046583 -0.096243 0.142452
v 0.038063 -0.093346 0.151867
v 0.063562 -0.085567 0.110852
v 0.067005 -0.078429 0.109289
v 0.042721 -0.092971 0.139060
v 0.051906 -0.085840 0.136098
v 0.050684 -0.089482 0.139888
v 0.058004 -0.082684 0.113812
v 0.056539 -0.090582 0.123378
v 0.059460 -0.082520 0.122458
v 0.045919 -0.089368 0.144400
v 0.048058 -0.089295 0.142308
v 0.056516 -0.093895 0.140888
v 0.049381 -0.093572 0.137558
v 0.048706 -0.088236 0.133774
v 0.054837 -0.093208 0.145535
v 0.058182 -0.100435 0.147630
v 0.066181 -0.109986 0.164085
v 0.064077 -0.100177 0.156460
v 0.066096 -0.103003 0.152749
v 0.072933 -0.110693 0.163140
v 0.076838 -0.127335 0.139843
v 0.070021 -0.085287 0.117099
v 0.078575 -0.107290 0.123702
v 0.074237 -0.108490 0.131940
v 0.073011 -0.095359 0.123869
v 0.070780 -0.105321 0.126219
v 0.072435 -0.117101 0.130387
v 0.079811 -0.113905 0.134780
v 0.070059 -0.101814 0.117903
v 0.072710 -0.089002 0.111815
v 0.074499 -0.125223 0.145965
v 0.065328 -0.083387 0.111049
v 0.091354 -0.110688 0.131368
v 0.094348 -0.113749 0.128192
v 0.092381 -0.116010 0.131408
v -0.134690 -0.139720 0.237056
v -0.130153 -0.145348 0.235893
v -0.141308 -0.134326 0.250041
v -0.142399 -0.136573 0.252345
v -0.131920 -0.142230 0.215652
v -0.147548 -0.140122 0.221663
v -0.130799 -0.136181 0.214713
v -0.125182 -0.140052 0.209316
v -0.149413 -0.140463 0.217513
v -0.145471 -0.144366 0.215989
v -0.160453 -0.145700 0.226682
v -0.164977 -0.149639 0.237901
v -0.156063 -0.148614 0.228988
v -0.113202 -0.135452 0.202124
v -0.111715 -0.143793 0.208739
v -0.103132 -0.154740 0.210083
v -0.102781 -0.157460 0.217076
v -0.078843 -0.152639 0.172281
v -0.088260 -0.151336 0.171744
v -0.093290 -0.146558 0.164948
v -0.084327 -0.148817 0.174088
v -0.079723 -0.158507 0.181200
v -0.075295 -0.167372 0.181925
v -0.078729 -0.158269 0.174410
v -0.102758 -0.167885 0.185708
v -0.094797 -0.185914 0.200865
v -0.093434 -0.175542 0.191912
v -0.090148 -0.188700 0.207346
v -0.096830 -0.199488 0.218087
v -0.095314 -0.176623 0.198240
v -0.101536 -0.165252 0.190363
v -0.087798 -0.173246 0.199415
v -0.093350 -0.172686 0.192972
v -0.076353 -0.169867 0.208510
v -0.165481 -0.112974 0.169789
v -0.168521 -0.109582 0.183625
v -0.176808 -0.107546 0.205600
v -0.171647 -0.111560 0.187315
v -0.172752 -0.108698 0.184210
v -0.183255 -0.135955 0.173655
v -0.176544 -0.128636 0.167416
v -0.171011 -0.128699 0.170914
v -0.166249 -0.127515 0.162851
v -0.182897 -0.131307 0.176011
v -0.164377 -0.119468 0.165246
v -0.170461 -0.147979 0.184010
v -0.170707 -0.148081 0.190454
v -0.177580 -0.151991 0.196273
v -0.175907 -0.156897 0.194596
v -0.186813 -0.165390 0.205084
v -0.182836 -0.168632 0.208408
v -0.176547 -0.156733 0.200890
v -0.192538 -0.178590 0.214734
v -0.190571 -0.169142 0.214140
v -0.170054 -0.170835 0.183054
v -0.169104 -0.144052 0.181986
v -0.165751 -0.154993 0.178988
v -0.199479 -0.162660 0.210830
v -0.188157 -0.162718 0.204840
v -0.207882 -0.160235 0.212375
v -0.121871 -0.200015 0.208704
v -0.125130 -0.202741 0.206811
v -0.121858 -0.210073 0.215501
v -0.122346 -0.217684 0.214018
v -0.126976 -0.232130 0.228347
v -0.119362 -0.216823 0.217048
v -0.124399 -0.220009 0.219139
v -0.136504 -0.194206 0.211242
v -0.129495 -0.194709 0.206571
v -0.140548 -0.194749 0.207927
v -0.148431 -0.200094 0.215868
v -0.157838 -0.206349 0.215785
v -0.157391 -0.201009 0.213426
v -0.165847 -0.204064 0.218770
v -0.170865 -0.213557 0.221164
v -0.144673 -0.201383 0.211374
v -0.132995 -0.216918 0.228474
v -0.143695 -0.220486 0.234713
v -0.123999 -0.150425 0.235236
v -0.128418 -0.147725 0.233687
v -0.127173 -0.170651 0.254177
v -0.124249 -0.161686 0.245340
v -0.123352 -0.170589 0.255657
v -0.127520 -0.172171 0.270821
v -0.126351 -0.153073 0.234258
v -0.238753 -0.029054 0.187882
v -0.215877 -0.038278 0.158463
v -0.223955 -0.037846 0.164144
v -0.245863 -0.044295 0.173142
v -0.238598 -0.043169 0.168076
v -0.228253 -0.001241 0.170042
v -0.243191 -0.002837 0.180939
v -0.218858 -0.018625 0.155551
v -0.225151 -0.003418 0.168333
v -0.221217 0.000976 0.167732
v -0.227994 0.007680 0.169491
v -0.235810 0.017510 0.188613
v -0.212830 -0.043840 0.153715
v -0.194415 -0.021010 0.183785
v -0.198380 -0.026353 0.189169
v -0.195155 -0.000089 0.189259
v -0.194014 -0.018909 0.188963
v -0.206022 -0.023914 0.190258
v -0.202945 -0.028463 0.190838
v -0.194855 -0.031934 0.184724
v -0.196265 -0.036108 0.185711
v -0.188748 -0.040262 0.176698
v -0.190919 -0.045242 0.173858
v -0.157692 -0.048365 0.135905
v -0.169123 -0.048434 0.156992
v -0.173987 -0.048775 0.151165
v -0.181565 -0.051651 0.167302
v -0.178387 -0.052076 0.172725
v -0.179399 -0.057635 0.167871
v -0.188743 -0.052210 0.176373
v -0.162600 -0.050046 0.147009
v -0.193672 -0.051279 0.193451
v -0.189347 -0.056570 0.187005
v -0.172384 -0.055543 0.157148
v -0.166546 -0.055886 0.145801
v -0.194222 -0.084525 0.140151
v -0.189758 -0.078774 0.139528
v -0.219322 -0.086715 0.152778
v -0.206506 -0.081626 0.144327
v -0.205593 -0.083357 0.149508
v -0.214138 -0.085097 0.155765
v -0.222317 -0.083518 0.157291
v -0.206236 -0.091200 0.161685
v -0.208083 -0.087031 0.163350
v -0.210822 -0.084998 0.148486
v -0.209791 -0.098290 0.174028
v -0.204459 -0.113043 0.152550
v -0.197017 -0.104057 0.146356
v -0.193243 -0.095353 0.147999
v -0.190247 -0.092737 0.142920
v -0.198500 -0.108091 0.153709
v -0.211646 -0.123734 0.159414
v -0.202401 -0.118144 0.157100
v -0.195714 -0.094815 0.143558
v -0.197496 -0.115749 0.154308
v -0.196917 -0.123591 0.155982
v -0.169915 -0.002060 0.157945
v -0.168220 -0.013214 0.154583
v -0.165023 -0.012849 0.157066
v -0.164021 -0.019063 0.148674
v -0.159303 -0.050469 0.141409
v -0.162313 -0.049206 0.136145
v -0.156472 -0.038717 0.145071
v -0.159286 -0.035557 0.139833
v -0.159490 -0.041118 0.138052
v -0.160774 -0.027983 0.151540
v -0.158456 -0.034115 0.147400
v -0.178654 0.002334 0.163362
v -0.146443 -0.008963 0.192595
v -0.157884 -0.033777 0.154567
v -0.152649 -0.021404 0.179599
v -0.154220 -0.026512 0.162967
v -0.151655 -0.023257 0.173489
v -0.155022 -0.018618 0.172685
v -0.159918 -0.029307 0.162487
v -0.155834 -0.021378 0.125454
v -0.126433 -0.046743 0.115788
v -0.139140 -0.033494 0.117251
v -0.138792 -0.030639 0.121711
v -0.135218 -0.039395 0.118965
v -0.238596 -0.031252 0.195552
v -0.242732 -0.032790 0.192671
v -0.260852 -0.028098 0.219423
v -0.241683 -0.008323 0.201004
v -0.236137 -0.016017 0.191161
v -0.236545 -0.027633 0.183418
vn -0.3813 0.9000 0.2110
vn -0.9900 0.1247 -0.0659
vn -0.6631 -0.0453 -0.7472
vn -0.4702 -0.8738 -0.1242
vn -0.9663 -0.2563 -0.0244
vn 0.4319 -0.8865 -0.1659
vn 0.6975 -0.4619 -0.5479
vn 0.2873 -0.9424 -0.1711
vn 0.1683 -0.7314 -0.6609
vn 0.7660 0.0539 0.6405
vn 0.7559 -0.1786 0.6299
vn 0.7901 -0.5643 -0.2396
vn 0.9035 -0.3467 -0.2521
vn 0.0836 0.8428 -0.5316
vn -0.2889 0.5524 0.7819
vn -0.5614 0.7697 -0.3039
vn -0.9435 -0.0027 0.3315
vn -0.4178 0.5041 0.7559
vn 0.3924 0.7962 -0.4606
vn 0.6258 0.4375 -0.6457
vn 0.5232 0.6188 -0.5860
vn 0.4163 -0.3588 -0.8354
vn 0.3120 0.0916 -0.9457
vn 0.0477 0.6228 -0.7809
vn -0.2063 -0.9402 -0.2712
vn 0.0125 0.8879 0.4598
vn 0.7471 0.6579 0.0948
vn -0.1407 0.9891 -0.0435
vn -0.4086 0.5284 0.7442
vn -0.0428 0.8157 0.5769
vn 0.6479 0.7596 -0.0570
vn 0.9369 0.2010 -0.2861
vn 0.5716 -0.0510 0.8189
vn -0.6497 0.3449 -0.6775
vn 0.0825 0.6227 0.7781
vn -0.5394 0.7365 -0.4083
vn -0.2321 0.9522 -0.1984
vn -0.7532 0.5727 0.3235
vn -0.7719 0.3962 0.4972
vn 0.0168 0.8330 0.5530
vn 0.9313 -0.1680 0.3233
vn 0.8778 0.0164 0.4788
vn 0.9033 0.0216 0.4284
vn 0.5566 0.7526 0.3519
vn 0.3416 0.9126 0.2248
vn 0.7757 0.5594 0.2922
vn -0.8191 0.5567 -0.1384
vn -0.8487 0.4182 0.3236
vn -0.3271 0.8963 -0.2994
vn 0.4444 -0.8803 0.1658
vn 0.1573 -0.9403 0.3020
vn 0.7549 -0.6551 0.0318
vn 0.0863 -0.9942 0.0636
vn 0.0805 -0.9276 0.3647
vn 0.1787 -0.5168 0.8373
vn -0.3739 -0.9131 0.1625
vn 0.0787 -0.9644 0.2524
vn -0.9227 -0.1793 0.3412
vn -0.6070 -0.7872 -0.1091
vn -0.3987 -0.0312 -0.9165
vn -0.6440 -0.4625 -0.6094
vn -0.9926 0.1205 -0.0139
vn -0.2047 -0.6217 -0.7560
vn 0.1029 -0.9845 0.1421
vn -0.5086 0.8609 -0.0124
vn 0.2934 0.9151 0.2767
vn 0.8850 0.3268 0.3316
vn 0.8921 -0.4335 0.1274
vn -0.8966 0.2712 0.3501
vn -0.8983 0.0368 0.4378
vn -0.9591 0.2786 0.0496
vn 0.9240 -0.3516 0.1502
vn 0.1505 -0.9406 0.3042
vn 0.9358 0.1292 -0.3281
vn -0.2378 -0.8978 0.3706
vn 0.7704 -0.5726 0.2802
vn 0.1924 -0.9603 0.2023
vn 0.9829 -0.1674 0.0766
vn 0.6638 0.7139 -0.2231
vn -0.1999 0.8950 -0.3988
vn -0.4114 0.8009 -0.4351
vn 0.0618 -0.3874 -0.9198
vn -0.2349 0.6169 -0.7512
vn -0.5183 -0.5408 0.6625
vn -0.7378 0.6748 -0.0190
vn 0.8662 0.4990 0.0262
vn -0.2346 -0.9096 0.3428
vn -0.3315 -0.9391 0.0907
vn 0.5444 -0.6147 0.5708
vn -0.4701 -0.7329 0.4918
vn -0.6982 -0.5319 0.4792
vn -0.9687 0.1483 -0.1991
vn -0.9886 -0.1480 0.0272
vn -0.4300 0.8651 0.2582
vn 0.8492 -0.1723 0.4992
vn 0.2570 -0.9235 0.2847
vn -0.8528 -0.5219 -0.0183
vn -0.7650 0.6304 -0.1317
vn 0.8683 0.4941 -0.0447
vn 0.9740 -0.2063 0.0941
vn -0.9884 -0.1419 -0.0531
vn 0.4449 0.7411 -0.5028
vn -0.9761 -0.1393 0.1670
vn -0.9148 0.3949 0.0850
vn -0.7464 -0.4309 0.5072
vn -0.4906 0.1938 0.8496
vn -0.9664 0.1434 0.2133
vn 0.6541 0.7118 -0.2559
vn 0.8994 -0.2803 0.3353
vn 0.6843 0.4360 0.5845
vn -0.2667 -0.4605 0.8466
vn -0.3440 0.6325 -0.6940
vn 0.7860 0.3877 -0.4815
vn -0.9097 -0.1805 0.3741
vn -0.5378 0.7088 -0.4565
vn -0.9038 0.0238 -0.4274
vn 0.1706 0.9128 -0.3710
vn 0.1794 0.9714 -0.1553
vn 0.3809 -0.6203 0.6856
vn -0.7354 0.2060 0.6456
vn -0.9559 0.0920 -0.2790
vn -0.5060 0.7679 0.3928
vn 0.1756 0.9839 0.0323
vn 0.3998 -0.6242 0.6712
vn -0.9668 -0.2484 0.0602
vn -0.9910 -0.1292 0.0361
vn -0.0403 -0.7850 -0.6181
vn -0.8556 -0.4624 -0.2327
vn 0.6984 -0.4622 -0.5464
vn 0.1125 -0.9818 -0.1530
vn 0.9405 0.2605 0.2183
vn 0.0542 -0.6229 -0.7804
vn -0.4100 0.8792 -0.2427
vn -0.9955 0.0738 0.0594
vn -0.8944 -0.3542 0.2731
vn -0.7678 -0.5517 -0.3257
vn 0.3656 0.9252 -0.1015
vn 0.9326 -0.1874 0.3085
vn 0.3286 0.9431 0.0499
vn -0.7242 0.5731 -0.3835
vn 0.9061 0.1040 0.4101
vn 0.3259 0.9356 0.1358
vn -0.3614 -0.6015 -0.7125
vn 0.7549 0.0425 -0.6544
vn 0.6679 -0.6157 -0.4181
vn -0.2528 -0.9195 0.3011
vn -0.9827 -0.1789 0.0479
vn -0.2316 -0.9591 -0.1628
vn -0.8809 0.4278 -0.2023
vn 0.4574 -0.5292 0.7147
vn -0.4130 -0.9000 0.1396
vn -0.6014 -0.7989 -0.0099
vn 0.5627 -0.2958 0.7719
vn 0.1510 -0.2576 0.9544
vn -0.7503 -0.5679 0.3385
vn -0.5736 0.8042 -0.1558
vn 0.9154 -0.3606 0.1791
vn 0.3083 -0.8681 -0.3892
vn -0.7383 0.6063 -0.2954
vn -0.5710 -0.3526 -0.7413
vn -0.5523 0.1588 -0.8183
vn -0.5143 0.8576 -0.0014
vn -0.2393 0.8511 0.4674
vn -0.7002 0.5053 -0.5044
vn -0.2701 -0.4390 -0.8569
vn -0.5577 0.8206 -0.1251
vn -0.4528 -0.2477 -0.8565
vn -0.7001 -0.0101 -0.7139
vn 0.0478 0.6614 0.7485
vn 0.6741 -0.4645 0.5743
vn 0.3538 0.3106 0.8823
vn 0.4256 -0.9038 -0.0441
vn 0.3366 -0.8540 -0.3966
vn -0.6772 0.4731 -0.5635
vn 0.3808 0.9245 0.0164
vn -0.4619 -0.8834 -0.0797
vn 0.7581 -0.5366 0.3706
vn 0.9640 0.0382 0.2631
vn -0.4326 -0.9016 0.0039
vn 0.7136 -0.5229 0.4663
vn -0.8621 0.5006 0.0787
vn -0.3141 -0.7453 0.5881
vn 0.2102 -0.7383 0.6408
vn 0.7330 0.1204 0.6695
vn 0.4563 -0.7992 0.3911
vn 0.9330 0.1559 0.3243
vn -0.3917 0.3064 0.8676
vn 0.6498 -0.2083 0.7310
vn 0.7362 0.3375 0.5867
vn -0.7739 0.1356 -0.6187
vn 0.3320 -0.9218 0.2004
vn 0.0872 0.9937 0.0704
vn 0.7583 0.2413 0.6056
vn -0.9245 -0.0393 -0.3791
vn -0.3534 0.6325 0.6893
vn -0.8125 0.4288 -0.3949
vn -0.7843 0.6164 -0.0704
vn -0.9951 0.0572 -0.0810
vn -0.9454 -0.1038 0.3091
vn -0.9636 0.2392 0.1197
vn 0.6167 0.6044 -0.5043
vn -0.6059 -0.4674 -0.6438
vn -0.2964 0.4731 0.8296
vn 0.8590 0.1299 0.4952
vn 0.7269 0.2508 0.6393
vn 0.2670 0.9370 0.2254
vn 0.5410 -0.3843 -0.7481
vn 0.1669 -0.7351 -0.6571
vn 0.0006 -0.2235 -0.9747
vn -0.2498 0.1360 -0.9587
vn 0.5539 -0.8254 -0.1090
vn 0.2079 0.7278 -0.6535
vn 0.3643 -0.0051 -0.9313
vn 0.9803 -0.1831 -0.0745
vn 0.9852 0.1480 -0.0869
vn -0.0818 -0.3676 -0.9264
vn -0.5816 -0.5105 -0.6333
vn 0.4875 0.3015 0.8194
vn -0.0788 -0.9681 0.2377
vn -0.6419 0.7656 0.0419
vn -0.2020 -0.0116 0.9793
vn -0.9894 0.1449 -0.0050
vn -0.2927 0.8433 0.4507
vn -0.5381 0.8258 -0.1688
vn -0.2179 0.7940 0.5675
vn 0.2750 -0.9143 -0.2975
vn 0.6033 -0.5191 0.6055
vn 0.4117 -0.3440 0.8439
vn 0.7466 -0.4363 0.5023
vn -0.9187 -0.1328 0.3721
vn 0.0061 -0.9787 0.2052
vn 0.7165 0.5028 -0.4836
vn 0.9736 -0.2249 -0.0382
vn 0.6619 -0.5483 -0.5111
vn 0.1260 0.7629 0.6342
vn -0.2796 0.3377 0.8987
vn -0.7295 0.6447 0.2284
vn -0.6170 0.7869 0.0102
vn -0.8898 -0.3105 0.3346
vn 0.8931 0.0754 -0.4435
vn 0.4199 -0.8966 0.1408
vn -0.3564 0.9200 -0.1630
vn -0.1021 0.9665 -0.2356
vn 0.8089 0.3468 -0.4748
vn 0.6815 0.7235 -0.1095
vn 0.5505 0.5175 0.6551
vn -0.7707 0.6371 0.0096
vn 0.5258 -0.8475 0.0729
vn -0.1967 0.9711 -0.1350
vn -0.8851 0.4455 0.1345
vn 0.4784 0.7774 -0.4084
vn -0.6428 -0.0478 -0.7646
vn -0.4875 -0.8408 -0.2351
vn 0.1808 -0.7849 -0.5927
vn 0.3479 0.9374 0.0132
vn 0.8324 -0.5475 -0.0859
vn -0.2825 0.3651 0.8871
vn -0.5210 0.4517 0.7243
vn -0.6139 -0.6938 0.3765
vn 0.1306 0.9914 -0.0129
vn 0.2098 0.9017 -0.3782
vn 0.3162 0.8920 -0.3231
vn 0.4628 -0.0815 -0.8827
vn -0.1301 0.7130 0.6890
vn 0.1690 0.7282 0.6642
vn -0.1246 -0.7434 0.6571
vn 0.2762 0.4343 0.8574
vn -0.5809 -0.5560 0.5945
vn 0.1156 -0.8590 -0.4988
vn 0.1149 -0.6201 -0.7761
vn -0.3032 -0.9500 -0.0749
vn -0.0199 -0.9505 -0.3101
vn 0.4517 -0.7730 0.4454
vn 0.9063 0.2575 -0.3352
vn 0.3366 -0.6394 -0.6913
vn -0.1337 -0.7751 -0.6175
vn -0.2710 -0.9419 0.1987
vn -0.3863 -0.9148 0.1177
vn -0.3038 -0.0119 0.9527
vn -0.0951 0.7713 0.6293
vn 0.4140 0.0424 -0.9093
vn 0.7035 0.7013 0.1152
vn 0.2322 0.9171 -0.3240
vn 0.8777 0.3673 -0.3079
vn 0.2193 0.2619 0.9398
vn 0.1762 -0.6598 0.7305
vn 0.1151 -0.8624 0.4930
vn 0.2669 0.5420 0.7969
vn 0.5306 -0.1938 0.8252
vn -0.7985 -0.3027 0.5203
vn -0.5613 0.8156 -0.1406
vn -0.5477 0.8070 0.2209
vn -0.4101 -0.3733 0.8321
vn 0.8847 0.3864 -0.2606
vn -0.8371 -0.4426 0.3216
vn -0.1391 -0.8189 -0.5568
vn -0.3942 -0.8038 0.4456
vn 0.7049 -0.4992 0.5039
vn -0.3769 0.9146 -0.1465
vn -0.1774 -0.8854 0.4296
vn -0.3173 -0.8030 0.5045
vn -0.7854 -0.3936 0.4777
vn -0.3485 -0.7969 0.4935
vn 0.4812 -0.4051 0.7774
vn 0.3855 -0.8903 0.2424
vn -0.1243 -0.9683 0.2168
vn 0.5747 -0.8165 0.0553
vn -0.5637 0.0218 0.8257
vn -0.4341 0.9008 0.0055
vn -0.4210 0.4188 0.8046
vn 0.5041 0.8386 0.2064
vn 0.7889 -0.3619 -0.4966
vn 0.6700 -0.6322 -0.3891
vn -0.1685 -0.2279 0.9590
vn -0.3436 -0.8985 0.2733
vn -0.2702 -0.6650 0.6962
vn -0.4327 -0.2566 0.8642
vn -0.5192 0.3862 0.7624
vn 0.1586 -0.1166 -0.9804
vn -0.0712 -0.8953 0.4397
vn 0.4356 -0.8822 0.1787
vn -0.4975 -0.6663 0.5555
vn 0.3333 -0.2083 -0.9195
vn 0.0629 0.7775 -0.6258
vn 0.5307 0.7741 0.3452
vn 0.7599 0.6491 0.0345
vn 0.9397 -0.1182 0.3209
vn 0.8900 0.4309 0.1490
vn 0.4877 0.7687 0.4137
vn -0.4185 0.9075 0.0363
vn -0.8737 -0.3370 -0.3508
vn -0.1756 0.1764 0.9685
vn 0.4166 0.9088 0.0230
vn 0.4782 0.5844 -0.6556
vn -0.4319 0.8509 0.2990
vn -0.2777 0.9107 -0.3058
vn -0.7883 0.3395 -0.5131
vn -0.3311 -0.7662 -0.5507
vn -0.7598 0.6459 0.0748
vn -0.1786 0.8462 0.5021
vn 0.4255 -0.7433 -0.5162
vn 0.2415 -0.7030 -0.6689
vn 0.8217 -0.0458 0.5681
vn 0.7187 0.1367 0.6817
vn 0.2431 0.2964 0.9236
vn 0.8127 0.1495 0.5631
vn 0.3318 0.7283 0.5996
vn 0.3764 0.3352 0.8637
vn 0.6637 0.6989 0.2666
vn 0.9429 0.1391 -0.3027
vn 0.6454 -0.2309 0.7281
vn 0.3002 0.4062 0.8631
vn -0.4535 -0.1909 0.8706
vn -0.9735 -0.2123 0.0849
vn 0.7059 -0.3260 -0.6288
vn 0.0142 -0.0979 0.9951
vn 0.1705 -0.9824 0.0765
vn -0.5846 -0.7878 -0.1937
vn 0.3946 0.5831 -0.7101
vn -0.1608 0.8058 -0.5700
vn 0.9050 -0.3527 -0.2377
vn 0.4105 0.5021 0.7612
vn -0.6862 0.6614 0.3029
vn -0.8771 -0.0630 0.4762
vn 0.7575 -0.4998 0.4200
vn 0.4295 -0.6652 0.6107
vn 0.9117 -0.1651 0.3762
vn 0.8336 -0.3345 0.4397
vn -0.1483 -0.4445 0.8834
vn -0.8078 0.3070 -0.5032
vn -0.3573 0.0455 0.9329
vn -0.9185 -0.1405 0.3695
vn -0.1998 -0.3675 0.9083
vn -0.9484 0.3061 -0.0827
vn 0.5162 0.4631 -0.7205
vn -0.5525 0.4976 -0.6687
vn -0.8938 -0.1024 0.4366
vn -0.6731 0.2697 -0.6886
vn 0.4791 0.3202 -0.8173
vn 0.8695 0.4342 -0.2354
vn 0.5517 -0.7562 0.3518
vn -0.9912 0.0304 -0.1287
vn 0.3340 0.4795 -0.8115
vn 0.2150 -0.9713 0.1019
vn -0.0003 -0.9113 0.4118
vn 0.6978 0.4634 -0.5462
vn 0.7068 0.4898 -0.5103
vn 0.5671 -0.3262 -0.7563
vn 0.3133 0.5619 -0.7656
vn -0.3745 0.3022 0.8766
vn 0.1061 -0.5183 0.8486
vn -0.7800 0.4717 -0.4112
vn -0.2942 0.6444 0.7059
vn -0.1107 0.8567 -0.5038
vn 0.1243 0.5813 -0.8042
vn -0.0412 0.6704 0.7408
vn -0.6359 -0.5539 -0.5373
vn -0.0019 0.9970 -0.0767
vn -0.8334 -0.1955 0.5169
vn 0.3388 -0.3979 -0.8526
vn 0.3738 -0.7036 -0.6043
vn -0.3228 0.9461 0.0253
vn -0.5654 0.0101 0.8248
vn 0.8865 -0.0780 0.4560
vn -0.5255 -0.0426 -0.8497
vn 0.0483 0.8100 -0.5845
vn 0.9410 0.1823 0.2850
vn 0.7069 0.7064 -0.0361
vn 0.4452 0.8711 0.2074
vn 0.4728 0.7335 -0.4883
vn 0.6005 0.1288 0.7892
vn 0.6112 -0.2152 0.7617
vn -0.5159 -0.2578 0.8170
vn -0.4329 0.8725 0.2268
vn -0.9566 0.2542 0.1428
vn 0.7980 0.5723 0.1889
vn 0.2676 0.6418 -0.7186
vn -0.5216 -0.6639 0.5359
vn -0.2173 -0.6815 0.6988
vn 0.2794 -0.1074 0.9541
vn -0.2330 0.8796 -0.4148
vn 0.4305 0.6460 -0.6304
vn 0.4548 0.5973 -0.6606
vn -0.9534 -0.0915 -0.2874
vn -0.7404 0.2095 -0.6387
vn 0.1619 -0.7696 0.6177
vn 0.7089 0.7032 -0.0546
vn -0.8246 0.5250 -0.2110
vn -0.0191 0.4771 0.8786
vn -0.2515 -0.8081 0.5327
vn 0.7368 0.2077 0.6434
vn 0.9767 -0.1932 0.0934
vn -0.0626 0.4075 -0.9111
vn -0.3963 0.4877 -0.7779
vn -0.2893 0.8306 -0.4758
vn -0.7154 -0.6779 -0.1690
vn -0.3340 -0.8608 0.3840
vn -0.5197 0.3242 -0.7904
vn -0.4729 -0.6725 0.5693
vn 0.8173 0.5171 0.2542
vn -0.0835 0.4015 -0.9120
vn -0.6185 0.0745 -0.7823
vn -0.7051 -0.6336 0.3184
vn 0.2886 0.2390 0.9271
vn -0.5527 0.3215 -0.7689
vn -0.7897 0.5574 0.2564
vn -0.6838 -0.4453 0.5780
vn 0.2732 -0.5613 0.7812
vn -0.8540 -0.5200 -0.0178
vn -0.6637 -0.2392 -0.7087
vn 0.6640 -0.1362 0.7352
vn 0.1242 -0.2715 0.9544
vn -0.8386 -0.3520 -0.4158
vn 0.7650 -0.1975 0.6130
vn 0.3205 -0.9452 -0.0625
vn 0.7036 -0.3172 0.6358
vn -0.2632 0.6009 0.7548
vn 0.0385 0.8923 0.4498
vn -0.5381 -0.4583 0.7074
vn -0.0986 -0.2520 0.9627
vn 0.2912 0.1072 0.9507
vn 0.7451 -0.6446 -0.1713
vn 0.2061 0.7710 0.6026
vn 0.2854 -0.9040 0.3182
vn -0.0383 -0.0424 0.9984
vn -0.6937 0.2584 0.6723
vn -0.0360 0.9244 -0.3798
vn 0.5111 0.5087 0.6928
vn -0.7386 0.0476 -0.6725
vn -0.3358 0.1015 0.9364
vn 0.0878 0.9860 -0.1414
vn -0.6048 0.1817 -0.7754
vn -0.3284 -0.3107 -0.8920
vn -0.0726 -0.9846 0.1590
vn -0.4037 0.4434 -0.8003
vn 0.2644 0.2880 0.9204
vn -0.9265 -0.0802 -0.3678
vn -0.1785 0.9637 0.1984
vn 0.2971 -0.9271 -0.2284
vn -0.5686 -0.2788 0.7739
vn -0.9201 -0.0811 -0.3831
vn 0.1265 0.9719 -0.1986
vn -0.7272 0.3669 -0.5802
vn 0.3117 -0.8129 0.4920
vn 0.9573 -0.0713 0.2801
vn 0.0387 -0.9135 0.4050
vn 0.5659 0.7359 0.3718
vn -0.4935 0.1993 0.8466
vn -0.2920 -0.8018 -0.5214
vn -0.8479 -0.4940 -0.1924
vn 0.6343 -0.7086 0.3091
vn 0.4863 0.4672 0.7384
vn 0.1520 0.9830 -0.1030
vn 0.8049 0.5330 0.2610
vn 0.3800 -0.2028 0.9025
vn 0.7561 0.4208 0.5013
vn 0.7833 -0.2960 0.5466
vn -0.1930 -0.9656 0.1741
vn -0.2216 -0.9043 -0.3649
vn -0.7372 -0.6755 0.0144
vn -0.1770 0.8687 -0.4626
vn 0.1148 0.7907 0.6013
vn -0.0023 -0.6127 -0.7903
vn -0.0231 -0.9883 -0.1507
vn -0.7133 0.3051 -0.6310
vn 0.6894 -0.1582 0.7069
vn -0.7385 -0.3907 -0.5495
vn 0.6277 -0.7363 0.2527
vn -0.5865 -0.7733 0.2408
vn -0.4784 0.6340 -0.6076
vn -0.3731 0.7426 -0.5561
vn -0.8853 -0.1867 -0.4259
vn 0.1007 0.5538 -0.8265
vn -0.5797 -0.1374 -0.8032
vn 0.4855 -0.1623 0.8590
vn 0.8009 0.5899 -0.1023
vn 0.8953 0.4195 0.1499
vn -0.1827 0.4616 -0.8681
vn -0.4815 0.2600 -0.8370
vn 0.6922 0.1588 0.7041
vn 0.7412 0.6570 0.1377
vn -0.7912 0.2383 0.5632
vn -0.2266 0.9539 -0.1967
vn 0.3154 -0.2899 0.9036
vn -0.2394 0.8221 -0.5166
vn 0.7810 0.3529 0.5153
vn -0.5712 -0.6578 -0.4910
vn -0.3952 -0.8532 0.3404
vn -0.9084 -0.4180 0.0009
vn 0.6112 0.1648 0.7741
vn 0.0496 0.7314 0.6801
vn -0.4950 -0.6028 0.6257
vn -0.7615 -0.6398 -0.1034
vn -0.6727 0.6115 -0.4166
vn -0.2233 -0.4228 0.8783
vn -0.4560 0.8884 -0.0534
vn 0.6024 0.4395 0.6662
vn 0.3537 0.4444 0.8230
vn -0.3506 0.3202 0.8801
vn -0.9265 -0.0804 -0.3676
vn -0.1295 0.9691 0.2098
vn 0.8078 0.2023 0.5537
vn 0.7325 -0.2104 -0.6474
vn -0.2569 -0.8209 0.5100
vn 0.1420 -0.9648 0.2215
vn -0.2340 -0.4236 0.8751
vn 0.2001 -0.8405 0.5034
vn -0.4466 0.7378 0.5062
vn 0.8296 -0.4684 -0.3040
vn 0.4412 0.8877 0.1314
vn -0.8798 0.1257 0.4584
vn 0.6132 0.6002 -0.5135
vn -0.1471 0.9867 0.0694
vn 0.7551 0.1296 -0.6427
vn -0.3406 0.3193 -0.8844
vn 0.7725 0.1003 -0.6270
vn -0.7230 0.6453 0.2465
vn -0.6380 0.6873 0.3473
vn 0.3875 0.9108 -0.1422
vn 0.3693 0.7295 0.5757
vn -0.6360 -0.2717 0.7222
vn 0.3067 -0.9450 0.1140
vn -0.4209 -0.2073 0.8831
vn 0.0548 -0.8852 0.4620
vn 0.9087 -0.2075 -0.3621
vn 0.9106 -0.4065 0.0739
vn -0.2418 -0.9141 0.3255
vn 0.8688 0.1052 -0.4839
vn 0.3435 -0.9388 0.0263
vn -0.8380 -0.1452 0.5261
vn 0.0584 -0.9615 0.2684
vn 0.8859 -0.4307 0.1721
vn -0.8471 -0.0011 0.5315
vn -0.3463 0.9351 -0.0757
vn 0.7957 0.0107 -0.6056
vn -0.1245 0.9568 0.2626
vn 0.9975 0.0581 -0.0411
vn -0.8830 0.3395 -0.3242
vn 0.2794 0.6901 -0.6676
vn -0.6852 -0.2397 0.6878
vn 0.5728 0.7914 -0.2134
vn -0.4648 -0.8320 0.3029
vn 0.6995 0.1871 0.6897
vn -0.5042 -0.5677 0.6508
vn 0.8313 -0.0545 -0.5531
vn -0.2239 0.5998 0.7682
vn 0.7690 0.2769 -0.5762
vn 0.9307 -0.3605 0.0622
vn -0.0546 -0.9717 0.2299
vn -0.5852 -0.7801 -0.2213
vn 0.5346 -0.6132 -0.5815
vn 0.4927 0.5684 0.6589
vn 0.8260 0.4797 -0.2959
vn 0.3023 -0.3284 0.8949
vn 0.7583 -0.5949 0.2666
vn 0.4610 -0.8611 -0.2145
vn -0.0619 0.9364 0.3453
vn 0.0577 -0.4197 0.9058
vn -0.4647 -0.5567 -0.6886
vn 0.8317 -0.5392 -0.1324
vn 0.8269 -0.1342 0.5461
vn 0.1467 0.9885 0.0368
vn -0.0988 -0.9540 -0.2830
vn 0.3935 0.8675 0.3043
vn -0.7958 0.0245 0.6051
vn -0.8706 -0.0673 0.4874
vn 0.3198 0.4844 0.8143
vn 0.6446 0.6399 0.4183
vn -0.6411 -0.7538 0.1441
vn 0.3326 0.9248 0.1848
vn 0.0282 -0.3354 -0.9417
vn 0.6694 0.7242 -0.1660
vn 0.1385 0.4018 0.9052
vn -0.5250 -0.2207 0.8220
vn -0.3374 -0.9031 -0.2657
vn 0.3665 0.3670 -0.8550
vn 0.3842 0.0122 -0.9232
vn -0.1581 -0.9378 0.3090
vn 0.9291 -0.1986 0.3119
vn -0.5422 0.3326 0.7716
vn -0.1965 -0.3968 0.8966
vn -0.2749 -0.5950 -0.7553
vn 0.8004 0.5511 -0.2361
vn 0.3588 0.3028 -0.8829
vn 0.8891 -0.1421 -0.4351
vn -0.1309 -0.5445 -0.8285
vn 0.2706 -0.2962 -0.9160
vn 0.4613 -0.1883 -0.8671
vn -0.1028 -0.9392 -0.3277
vn -0.5517 0.1125 0.8264
vn -0.3360 -0.6693 0.6627
vn -0.1402 -0.6266 0.7666
vn -0.9543 -0.0437 0.2957
vn -0.3764 -0.8607 -0.3427
vn -0.2740 0.5400 0.7958
vn 0.4766 -0.0642 -0.8768
vn -0.2615 0.3129 -0.9131
vn 0.4013 0.4995 -0.7678
vn -0.1343 -0.7738 0.6190
vn -0.0778 0.6194 0.7812
vn -0.1370 0.8831 0.4487
vn -0.2896 0.0278 0.9567
vn -0.4456 0.8951 -0.0154
vn -0.6676 0.2720 0.6930
vn 0.5987 -0.7378 -0.3118
vn 0.1625 0.2440 -0.9561
vn -0.1715 0.9792 0.1080
vn -0.1395 0.6079 -0.7816
vn 0.1988 0.7376 -0.6453
vn 0.2168 0.8623 0.4577
vn 0.0586 0.9410 0.3333
vn 0.7787 -0.5514 -0.2992
vn -0.2889 0.8741 0.3906
vn 0.0126 -0.4312 0.9022
vn 0.0524 -0.2878 0.9562
vn 0.4807 -0.7076 -0.5179
vn 0.4054 -0.3123 -0.8591
vn 0.7386 0.5223 0.4263
vn 0.3009 -0.1945 -0.9336
vn 0.9188 0.2141 -0.3316
vn -0.1839 0.1300 0.9743
vn -0.6260 -0.7069 -0.3294
vn 0.3058 -0.8526 0.4237
vn -0.3051 -0.6218 0.7213
vn 0.5087 -0.6814 0.5262
vn 0.4301 0.3647 -0.8258
vn -0.4616 0.7590 -0.4591
vn 0.9603 0.0477 0.2749
vn 0.5825 0.8081 0.0877
vn -0.0915 0.7722 0.6287
vn 0.8114 0.0097 -0.5844
vn -0.2000 0.4077 0.8909
vn 0.7472 0.1676 0.6432
vn 0.5916 0.6165 -0.5195
vn -0.8253 -0.3499 0.4432
vn 0.4158 -0.8661 0.2773
vn 0.1520 -0.7779 0.6098
vn 0.4882 -0.6498 0.5826
vn -0.0814 -0.4486 0.8900
vn -0.2870 -0.1289 0.9492
vn 0.8733 -0.4866 0.0250
vn 0.3024 0.8901 0.3410
vn 0.5116 -0.2338 -0.8268
vn 0.0600 0.5201 -0.8520
vn 0.5413 -0.3546 -0.7624
vn -0.7023 0.6893 0.1780
vn -0.2317 0.5858 -0.7766
vn 0.2064 0.1095 -0.9723
vn 0.9900 -0.0049 0.1412
vn 0.5894 0.7456 -0.3110
vn -0.5343 0.3470 0.7708
vn 0.0582 -0.4680 0.8818
vn -0.9250 0.3592 0.1239
vn -0.2371 -0.4746 0.8477
vn -0.9934 0.0252 -0.1120
vn -0.6349 0.1176 -0.7636
vn 0.0124 0.0635 0.9979
vn 0.3926 0.4604 0.7962
vn 0.7350 0.3704 -0.5680
vn 0.4394 -0.7654 0.4701
vn -0.3808 -0.2562 0.8885
vn -0.4179 -0.1334 0.8987
vn -0.1617 0.5167 -0.8408
vn -0.9575 0.2540 -0.1370
vn -0.4728 -0.3235 0.8197
vn 0.3986 -0.3618 0.8427
vn -0.3287 0.2061 0.9217
vn -0.0060 0.6481 -0.7615
vn -0.1953 -0.3003 0.9336
vn -0.4509 -0.3641 0.8150
vn 0.8728 -0.4637 -0.1523
vn -0.8786 0.4774 0.0123
vn -0.4120 0.7706 -0.4863
vn -0.3574 0.6935 -0.6256
vn -0.8016 0.1701 0.5731
vn 0.9032 -0.4266 0.0468
vn 0.4207 -0.5853 0.6932
vn -0.8301 0.4882 0.2695
vn 0.8417 0.3685 0.3946
vn 0.5882 -0.7434 -0.3183
vn -0.0324 0.9193 -0.3921
vn 0.5305 -0.7734 -0.3470
vn 0.4849 -0.8435 -0.2312
vn -0.0006 -0.2048 0.9788
vn -0.4783 0.8499 0.2210
vn 0.4586 -0.8505 0.2577
vn 0.7285 -0.6772 -0.1034
vn 0.7412 0.6232 0.2495
vn 0.3002 0.2317 -0.9253
vn -0.5045 0.6318 -0.5884
vn 0.3082 -0.3073 0.9003
vn 0.1101 -0.6052 -0.7884
vn 0.4148 -0.4059 0.8144
vn 0.1599 0.4241 -0.8914
vn -0.2856 0.0089 0.9583
vn -0.0129 0.6531 -0.7572
vn 0.9466 -0.2415 -0.2138
vn -0.1820 0.2058 0.9615
vn 0.0001 -0.3969 0.9178
vn -0.5952 0.6809 -0.4267
vn 0.8901 -0.4456 -0.0957
vn 0.4014 0.9132 0.0700
vn -0.2030 0.4486 -0.8704
vn 0.9881 0.0594 -0.1419
vn -0.0436 0.6916 -0.7209
vn 0.2613 0.3312 0.9067
vn 0.3524 -0.8238 0.4441
vn -0.1126 -0.1675 0.9794
vn 0.8063 -0.5821 -0.1056
vn 0.6378 -0.4197 -0.6457
vn 0.4623 -0.4552 0.7609
vn -0.4226 0.6887 -0.5891
vn 0.1554 0.3213 -0.9341
vn 0.5929 0.5568 -0.5818
vn 0.2254 0.4241 -0.8771
vn -0.4978 0.5955 -0.6305
vn -0.3265 -0.4992 -0.8026
vn 0.2640 0.6971 0.6665
vn -0.9405 0.3335 0.0644
vn -0.8121 0.3473 -0.4689
vn -0.6069 -0.5267 -0.5951
vn 0.4831 -0.7409 -0.4666
vn -0.9800 -0.1771 -0.0905
vn -0.7583 0.5216 0.3911
vn 0.9179 0.3760 0.1272
vn 0.7966 -0.5068 -0.3295
vn 0.3762 0.4455 0.8124
vn -0.6273 0.5106 0.5881
vn -0.1904 0.5187 0.8335
vn 0.5707 0.7809 -0.2539
vn 0.4525 0.3875 0.8032
vn -0.2702 0.5324 0.8022
vn -0.2978 -0.4273 0.8537
vn -0.4705 -0.8812 0.0460
vn 0.8041 0.3059 -0.5097
vn -0.0943 -0.0015 0.9955
vn 0.8349 -0.4883 0.2540
vn 0.2588 -0.9606 -0.1013
vn 0.8730 0.4473 0.1946
vn -0.4054 0.8966 0.1781
vn -0.0802 0.8823 0.4639
vn -0.4070 0.7491 0.5227
vn -0.2888 0.5658 0.7723
vn 0.3865 0.5173 0.7636
vn -0.4777 0.8506 -0.2196
vn -0.2422 0.7464 0.6199
vn -0.7892 0.4810 -0.3819
vn 0.2017 0.6353 0.7455
vn -0.7296 0.6455 0.2258
vn -0.5017 -0.8149 0.2902
vn -0.6793 0.0408 -0.7327
vn -0.2043 -0.6190 -0.7584
vn 0.7540 -0.6205 0.2155
vn 0.1220 -0.7256 -0.6772
vn -0.3804 -0.3098 -0.8714
vn -0.9437 0.0151 0.3305
vn -0.5931 -0.8043 -0.0352
vn 0.6895 -0.1765 0.7024
vn 0.0829 0.6373 0.7662
vn 0.9511 -0.3088 0.0067
vn 0.3656 0.6423 0.6737
vn 0.9538 -0.0290 -0.2991
vn 0.4841 -0.2594 -0.8357
vn 0.1809 0.1418 0.9732
vn -0.2069 -0.2951 0.9328
vn -0.8076 -0.4932 -0.3234
vn 0.0232 -0.6736 -0.7388
vn 0.2392 0.8708 0.4295
vn 0.9199 -0.2338 -0.3147
vn 0.5958 0.4991 0.6293
vn -0.1981 0.5435 0.8157
vn 0.5092 -0.0070 0.8606
vn -0.1008 -0.7899 -0.6049
vn 0.3512 0.4884 0.7988
vn 0.5789 0.5304 0.6192
vn -0.9000 0.4329 -0.0511
vn 0.8911 -0.4484 -0.0698
vn 0.3571 -0.8434 -0.4014
vn 0.2942 -0.7884 -0.5403
vn 0.9044 -0.0362 0.4251
vn -0.9017 0.4106 0.1352
vn -0.3150 0.7061 0.6341
vn 0.8933 -0.4071 0.1907
vn -0.7285 -0.2958 0.6180
vn -0.6804 0.6514 -0.3357
vn 0.0111 -0.9793 -0.2020
vn -0.6310 0.6761 -0.3805
vn -0.5685 0.7690 -0.2923
vn 0.1737 0.4006 0.8997
vn 0.5592 -0.7785 0.2851
vn -0.4500 0.8766 0.1705
vn -0.7733 0.6278 -0.0888
vn -0.6426 -0.5728 0.5089
vn -0.4564 -0.4217 -0.7835
vn 0.6788 -0.6965 -0.2326
vn -0.1489 0.4792 0.8650
vn -0.2930 0.4282 -0.8549
vn -0.2758 0.5560 0.7841
vn 0.6227 0.0340 0.7817
vn -0.3451 -0.5321 -0.7732
vn 0.4624 0.1926 0.8655
vn -0.0930 -0.7938 -0.6011
vn -0.9824 0.1749 -0.0656
vn 0.3729 -0.0013 0.9279
vn 0.1510 0.5762 0.8032
vn 0.5421 -0.7425 -0.3935
vn -0.9166 0.3998 -0.0035
vn -0.3267 -0.8870 0.3264
vn 0.0599 -0.6132 -0.7877
vn -0.9919 -0.1057 0.0709
vn -0.0537 -0.8235 -0.5648
vn 0.3569 -0.8621 -0.3598
vn -0.2836 -0.9043 -0.3193
vn -0.4929 -0.8683 -0.0554
vn -0.0982 -0.4371 0.8940
vn 0.3710 -0.8772 -0.3047
vn -0.6588 -0.6755 -0.3313
vn -0.0915 -0.5509 0.8295
vn 0.4504 -0.7436 -0.4941
vn -0.7905 0.3211 -0.5216
vn -0.1720 0.2584 0.9506
vn -0.2431 0.6218 -0.7445
vn -0.5934 -0.2087 -0.7774
vn -0.0813 0.9399 -0.3318
vn -0.8017 -0.5740 -0.1667
vn -0.0794 -0.9623 0.2603
vn 0.5363 0.4026 0.7419
vn -0.6593 0.2206 0.7188
vn 0.6416 0.4208 0.6413
vn -0.7966 -0.5933 -0.1157
vn 0.4712 0.2847 0.8348
vn 0.2319 0.0331 0.9722
vn -0.0027 -0.4761 0.8794
vn -0.0399 0.7781 0.6268
vn -0.2291 -0.8833 -0.4091
vn -0.1640 0.7091 -0.6858
vn -0.2133 -0.2902 -0.9329
vn -0.0833 0.6840 -0.7248
vn 0.1491 -0.8315 -0.5352
vn -0.0495 -0.9890 0.1392
vn -0.0924 -0.5250 -0.8461
vn 0.1871 0.6768 0.7120
vn 0.5934 0.4416 0.6730
vn -0.0808 -0.9519 -0.2954
vn -0.0408 -0.8790 0.4751
vn -0.4973 -0.8521 0.1631
vn -0.1793 0.5393 -0.8228
vn 0.8310 0.1187 0.5434
vn 0.9912 0.0548 0.1204
vn 0.5915 0.6678 -0.4519
vn -0.6975 0.6503 -0.3010
vn -0.3831 0.8543 -0.3513
vn -0.1707 0.4302 -0.8865
vn -0.2899 -0.6225 -0.7269
vn -0.4481 -0.7221 0.5270
vn -0.2903 -0.0610 0.9550
vn 0.1150 0.4912 -0.8634
vn -0.0586 0.9412 -0.3328
vn 0.1753 0.5474 -0.8183
vn 0.6874 -0.5737 -0.4454
vn -0.9006 0.1180 -0.4184
vn 0.1489 -0.0292 0.9884
vn 0.6058 -0.7317 0.3124
vn 0.6000 0.6448 -0.4735
vn 0.8388 0.4233 -0.3423
vn -0.9781 -0.2068 0.0217
vn -0.1643 -0.7675 0.6196
vn -0.1521 0.7053 0.6924
vn -0.2343 0.1017 -0.9668
vn 0.7644 0.3071 -0.5668
vn -0.8595 0.0944 -0.5023
vn 0.3017 0.2592 0.9175
vn 0.8903 -0.3523 -0.2884
vn 0.6137 0.3159 0.7236
vn 0.5195 0.4540 -0.7239
vn 0.8679 0.4291 0.2502
vn -0.1675 -0.5643 0.8084
vn 0.0775 -0.0275 0.9966
vn -0.9973 -0.0656 0.0326
vn 0.6014 -0.1723 0.7801
vn -0.2860 -0.5022 -0.8161
vn -0.9035 0.3638 0.2268
vn 0.5663 -0.3562 0.7432
vn 0.3453 0.2326 0.9092
vn 0.3778 -0.5839 -0.7185
vn -0.8485 0.4539 0.2719
vn -0.2380 -0.4410 -0.8654
vn -0.9126 0.0414 0.4067
vn -0.1892 -0.2639 -0.9458
vn -0.2822 -0.5417 -0.7918
vn 0.8128 -0.3021 -0.4981
vn -0.2235 -0.9518 0.2099
vn 0.0285 -0.4408 0.8971
vn 0.2096 0.4615 0.8620
vn 0.3163 -0.9481 -0.0319
vn 0.1967 -0.6341 -0.7478
vn -0.7627 -0.6152 0.1996
vn -0.7228 0.6071 -0.3301
vn 0.7618 0.3825 -0.5228
vn -0.7084 0.2635 0.6548
vn -0.5193 -0.4150 -0.7470
vn -0.7667 -0.3577 -0.5330
vn 0.8902 0.4386 0.1231
vn 0.8950 0.2235 -0.3861
vn -0.4079 -0.2047 0.8898
vn -0.1674 -0.8360 -0.5226
vn 0.7834 -0.5030 0.3651
vn -0.2382 0.8066 -0.5409
vn -0.0000 -0.0000 -0.0000
vn -0.0526 0.3733 0.9262
vn 0.0163 0.9794 -0.2012
vn -0.8628 0.0719 0.5004
vn 0.1188 -0.0470 -0.9918
vn -0.1061 -0.9874 0.1177
vn 0.8549 -0.0334 0.5178
vn 0.3812 -0.1502 0.9122
vn -0.2669 0.7992 -0.5386
vn -0.3920 0.8411 -0.3727
vn -0.5918 0.4518 0.6676
vn 0.4516 -0.7666 -0.4565
vn 0.8875 0.4559 -0.0677
vn -0.7048 -0.6830 0.1916
vn 0.0469 -0.9131 -0.4050
vn -0.3081 -0.7702 0.5584
vn -0.3193 -0.7451 0.5855
vn -0.3048 -0.7619 0.5715
vn 0.4518 -0.4880 -0.7468
vn 0.5080 0.8140 0.2816
vn 0.5007 -0.4760 0.7230
vn -0.9979 -0.0119 0.0641
vn -0.3471 0.5652 -0.7484
vn -0.6568 -0.5645 0.5000
vn 0.6067 -0.3908 -0.6922
vn 0.2194 0.5119 0.8306
vn -0.3497 0.3361 0.8745
vn 0.9652 -0.1348 -0.2241
vn -0.0026 -0.9486 0.3165
vn -0.7660 -0.3182 -0.5586
vn 0.7013 0.2155 -0.6795
vn -0.3825 0.8253 -0.4155
vn 0.7775 -0.0968 0.6214
vn -0.3077 -0.9236 -0.2286
vn 0.9377 -0.0014 0.3475
vn 0.6717 0.4909 0.5549
vn -0.2371 0.9548 -0.1794
vn -0.6447 -0.7366 -0.2043
vn 0.7958 -0.0261 -0.6050
vn -0.3011 0.8801 -0.3670
vn 0.9223 -0.0853 0.3769
vn 0.2919 -0.6194 0.7288
vn -0.0502 -0.8330 0.5510
vn -0.7424 0.4999 -0.4460
vn -0.6761 0.2368 0.6977
vn -0.3417 -0.6145 -0.7111
vn 0.2433 -0.5806 -0.7770
vn 0.8518 0.3129 0.4202
vn 0.7921 0.3465 0.5026
vn -0.9456 0.1095 -0.3064
vn -0.9059 0.3045 0.2944
vn 0.8739 0.4445 0.1968
vn 0.8960 0.1856 0.4035
vn 0.1334 -0.5774 -0.8055
vn -0.5900 -0.1933 0.7839
vn 0.1651 -0.9631 0.2124
vn 0.0922 0.7560 -0.6480
vn 0.2480 -0.7477 -0.6160
vn -0.8382 0.5404 -0.0735
vn -0.8001 0.1671 -0.5761
vn 0.7844 0.3195 0.5317
vn 0.7614 -0.1034 0.6400
vn 0.4669 -0.2508 -0.8480
vn 0.1880 -0.1629 0.9686
vn -0.9343 -0.3060 0.1830
vn 0.1447 -0.8852 -0.4422
vn 0.1247 0.9272 -0.3533
vn -0.3657 0.6127 0.7006
vn 0.2886 0.9553 -0.0645
vn 0.7226 0.1658 0.6711
vn 0.3875 -0.6695 -0.6337
vn -0.4754 -0.7688 0.4277
vn 0.5901 -0.8055 0.0551
vn 0.5671 -0.8215 0.0602
vn 0.3117 0.7455 -0.5892
vn 0.6887 0.6966 -0.2011
vn -0.2955 -0.6755 -0.6755
vn -0.2873 -0.5747 -0.7663
vn -0.2617 -0.6281 -0.7328
vn 0.2561 -0.9563 -0.1412
vn -0.3347 -0.8571 0.3917
vn -0.9902 0.0020 -0.1395
vn -0.2958 0.7648 0.5724
vn 0.0045 0.4652 -0.8852
vn 0.7464 -0.0669 -0.6621
vn 0.7596 0.1908 0.6217
vn -0.9538 0.1095 0.2799
vn -0.4994 0.3593 -0.7884
vn 0.0465 -0.9963 0.0728
vn 0.9907 0.0483 -0.1270
vn 0.4389 -0.8980 -0.0305
vn 0.7518 0.4597 0.4727
vn 0.6748 -0.7134 -0.1888
vn -0.5753 0.2821 0.7677
vn -0.8404 -0.3419 -0.4205
vn 0.0845 0.5007 -0.8615
vn 0.4623 -0.8865 0.0196
vn 0.3042 0.8677 -0.3931
vn 0.7715 -0.6357 -0.0257
vn -0.9719 -0.2147 0.0965
vn 0.3832 0.9104 -0.1560
vn 0.0726 -0.2837 -0.9562
vn -0.9987 -0.0288 0.0431
vn 0.3233 -0.9461 0.0205
vn 0.8596 -0.5092 -0.0419
vn 0.2647 0.9526 -0.1500
vn -0.9924 0.0332 0.1184
vn 0.3228 0.3272 0.8881
vn -0.5957 -0.5623 0.5736
vn -0.2901 -0.3714 -0.8820
vn 0.1791 -0.9838 -0.0112
vn -0.5715 0.5225 -0.6328
vn 0.9788 0.1452 -0.1443
vn 0.1483 0.8698 -0.4705
vn 0.0241 0.3967 0.9176
vn 0.7688 -0.4751 0.4280
vn -0.3847 -0.7679 0.5122
vn -0.9706 -0.1909 0.1466
vn 0.0061 0.0092 -0.9999
vn -0.2587 -0.5164 0.8163
vn -0.4882 0.8312 0.2659
vn 0.9770 0.2067 0.0517
vn 0.3572 0.8498 -0.3876
vn -0.6791 -0.1190 -0.7243
vn -0.0872 0.9204 -0.3812
vn 0.7030 -0.5180 0.4873
vn 0.6104 -0.5422 0.5775
vn -0.5739 0.4427 0.6890
vn 0.4589 -0.4445 -0.7693
vn -0.5924 -0.7114 0.3782
vn 0.0664 -0.9649 -0.2543
vn -0.8925 0.0414 0.4492
vn -0.8937 0.0392 0.4469
vn -0.8900 0.0399 0.4542
vn 0.0118 0.9903 -0.1382
vn -0.1973 0.9039 -0.3796
vn -0.6366 -0.2559 0.7275
vn 0.0533 -0.4132 -0.9091
vn 0.1706 -0.9215 -0.3489
vn 0.0488 -0.8299 -0.5557
vn 0.5650 -0.0229 -0.8248
vn -0.2408 0.7026 0.6696
vn -0.0026 0.2003 -0.9797
vn 0.3258 0.1155 -0.9384
vn 0.2141 -0.9512 -0.2222
vn -0.3734 0.4312 0.8214
vn -0.0299 -0.8444 0.5348
vn 0.5366 -0.8429 -0.0393
vn 0.0221 -0.3922 0.9196
vn 0.0783 0.5262 -0.8468
vn 0.1118 0.9553 -0.2738
vn 0.8326 0.2946 0.4691
vn 0.7640 0.2303 -0.6027
vn 0.3809 0.5230 -0.7625
vn -0.1497 0.5988 0.7868
vn -0.5645 -0.8204 -0.0910
vn -0.5393 -0.8419 -0.0187
vn -0.8128 0.3893 -0.4334
vn -0.2380 -0.9528 -0.1885
vn 0.7132 -0.4463 0.5406
vn 0.8116 -0.4001 -0.4256
vn 0.5407 0.7021 0.4634
vn -0.1680 -0.2181 0.9614
vn -0.3892 0.6667 -0.6356
vn -0.9870 0.0139 -0.1600
vn -0.3283 -0.9177 -0.2239
vn -0.1776 -0.0916 -0.9798
vn -0.0484 0.9982 0.0352
vn 0.4409 0.7841 -0.4368
vn 0.6158 -0.7605 -0.2062
vn -0.8853 -0.3054 0.3505
vn 0.3081 0.1550 0.9386
vn 0.0832 0.2524 0.9640
vn -0.9266 0.0701 0.3694
vn 0.5448 0.6707 -0.5034
vn -0.9792 0.1921 0.0656
vn -0.5879 -0.3618 -0.7235
vn -0.6562 -0.2386 -0.7159
vn -0.6028 -0.2192 -0.7672
vn 0.8923 -0.4302 0.1368
vn 0.0429 -0.5351 -0.8437
vn -0.4127 -0.0270 -0.9105
vn -0.8223 0.5351 0.1935
vn 0.8262 -0.5191 0.2190
vn 0.6419 -0.7337 -0.2227
vn 0.2037 0.8363 0.5090
vn -0.8211 0.3034 -0.4834
vn 0.5855 -0.8029 -0.1124
vn -0.4878 -0.6116 -0.6229
vn 0.7455 -0.5417 0.3883
vn -0.7988 -0.1683 -0.5776
vn 0.2481 0.6777 0.6922
vn -0.7066 -0.5508 0.4442
vn -0.5488 0.7952 -0.2577
vn -0.0905 0.2953 0.9511
vn -0.1967 0.8381 0.5089
vn -0.7744 0.1928 -0.6026
vn 0.5455 0.3983 -0.7374
vn -0.9941 -0.0758 -0.0781
vn 0.5911 -0.0730 0.8033
vn -0.3917 0.5760 0.7175
vn -0.0065 -0.4871 -0.8733
vn 0.0744 0.4812 -0.8734
vn 0.7037 0.0875 -0.7051
vn 0.8621 0.0281 0.5060
vn -0.0449 -0.3826 -0.9228
vn 0.2802 -0.9153 0.2895
vn 0.1612 0.9331 0.3215
vn 0.4718 0.0566 0.8799
vn -0.4731 0.0802 -0.8774
vn -0.2639 -0.9573 -0.1182
vn -0.2477 0.9362 -0.2493
vn 0.3409 -0.1753 0.9236
vn -0.5821 -0.7565 -0.2981
vn -0.8459 0.3080 0.4354
vn 0.2845 0.9410 0.1829
vn 0.7230 0.5058 -0.4706
vn -0.0917 0.2483 0.9643
vn -0.3991 -0.4724 0.7859
vn -0.7530 0.6475 0.1168
vn -0.5266 -0.2957 -0.7970
vn 0.5242 -0.8387 0.1477
vn -0.2791 -0.5521 -0.7857
vn 0.9048 -0.3538 -0.2371
vn 0.1769 -0.4702 0.8647
vn 0.3789 0.9181 -0.1167
vn -0.5686 -0.5269 -0.6317
vn 0.1384 0.9454 -0.2949
vn -0.8814 0.3548 0.3119
vn 0.1628 -0.3832 0.9092
vn 0.2927 0.9435 0.1554
vn -0.2687 -0.8878 0.3738
vn -0.2572 -0.8744 0.4115
vn -0.2608 -0.8635 0.4317
vn -0.0000 1.0000 -0.0000
vn 0.1630 -0.6220 0.7658
vn -0.4875 -0.1897 -0.8522
vn 0.5883 -0.6820 -0.4345
vn -0.9954 -0.0863 -0.0421
vn -0.8370 -0.1669 -0.5212
vn 0.4121 0.7256 -0.5510
vn 0.6783 0.6700 -0.3016
vn -0.1732 0.6915 0.7013
vn 0.5951 -0.7937 0.1259
vn -0.6678 -0.1981 0.7175
vn 0.6204 -0.6961 -0.3612
vn -0.6885 -0.2975 0.6614
vn 0.5723 -0.6574 -0.4902
vn -0.4641 -0.3707 0.8045
vn 0.2951 0.6995 -0.6509
vn -0.0912 0.9395 -0.3301
vn -0.6144 0.6206 -0.4872
vn -0.6579 0.5108 0.5534
vn -0.2646 -0.6275 -0.7323
vn 0.7086 0.1966 0.6777
vn -0.7830 0.5994 0.1664
vn 0.2699 0.3660 0.8906
vn 0.7794 0.3160 -0.5411
vn 0.1566 -0.9541 0.2553
vn -0.5569 -0.0180 -0.8304
vn -0.9818 -0.1123 -0.1529
vn -0.9816 -0.1133 -0.1540
vn -0.9823 -0.1123 -0.1497
vn 0.6850 0.5987 -0.4150
vn -0.9498 0.0745 -0.3038
vn 0.8069 0.3315 -0.4888
vn -0.7036 -0.3430 0.6223
vn -0.4317 -0.5122 0.7425
vn 0.9039 0.0486 0.4250
vn -0.4016 0.6587 -0.6362
vn -0.1528 0.8827 0.4443
vn -0.1475 -0.6673 -0.7301
vn 0.3985 0.5210 0.7548
vn -0.8856 0.4610 0.0566
vn 0.0619 -0.9904 0.1238
vn 0.0537 -0.9928 0.1073
vn 0.0601 -0.9909 0.1201
vn 0.8571 0.4813 -0.1839
vn 0.8762 0.4395 0.1978
vn -0.5454 0.7698 0.3316
vn -0.6968 -0.1097 -0.7088
vn -0.0687 -0.9823 -0.1744
vn 0.5643 0.1678 -0.8083
vn 0.9546 -0.2475 0.1659
vn -0.2228 -0.2748 0.9353
vn -0.4389 0.7503 0.4944
vn 0.9923 -0.1002 0.0732
vn -0.0298 0.6616 -0.7493
vn -0.6190 -0.4817 0.6203
vn 0.0836 -0.9343 -0.3466
vn 0.1315 0.7011 0.7009
vn 0.3511 0.9363 -0.0000
vn 0.1111 0.4444 0.8889
vn -0.1151 0.5046 -0.8557
vn -0.8125 -0.0149 0.5828
vn 0.2345 0.8131 0.5328
vn 0.9266 -0.3014 0.2249
vn 0.7976 -0.6019 0.0384
vn -0.3924 -0.8266 -0.4035
vn 0.4015 -0.5360 -0.7426
vn -0.7554 0.4768 -0.4494
vn 0.7130 0.5884 -0.3814
vn 0.5916 0.4847 0.6443
vn 0.2641 -0.9222 -0.2827
vn -0.2911 -0.2587 0.9211
vn -0.9640 -0.1298 -0.2320
vn -0.8768 -0.3507 0.3288
vn -0.8733 -0.3188 0.3684
vn -0.8572 -0.3956 0.3297
vn -0.4138 -0.9104 -0.0000
vn -0.4356 -0.9002 -0.0000
vn -0.4221 -0.8685 0.2598
vn 0.7400 0.5112 0.4371
vn 0.7274 0.0935 -0.6798
vn -0.8834 0.3612 -0.2986
vn -0.4268 -0.0308 0.9038
vn -0.1812 -0.7781 -0.6014
vn 0.8580 0.4969 0.1303
vn -0.3042 0.1158 0.9456
vn 0.3147 -0.9432 -0.1067
vn -0.2584 0.2078 -0.9434
vn -0.9943 0.0960 -0.0472
vn 0.2800 -0.3062 -0.9099
vn 0.2374 -0.3116 -0.9201
vn 0.2618 -0.3027 -0.9164
vn -0.3255 -0.4079 0.8530
vn -0.7426 0.2806 0.6081
vn 0.8391 -0.4847 0.2470
vn -0.3371 0.2710 -0.9016
vn -0.1738 -0.9505 -0.2575
vn -0.3685 0.4621 -0.8067
vn -0.7176 0.3548 -0.5994
vn 0.8675 -0.3142 -0.3856
vn 0.1662 -0.5440 0.8225
vn 0.6964 0.5318 -0.4819
vn -0.7140 -0.2865 0.6388
vn -0.9248 0.3573 -0.1306
vn 0.0875 0.6544 0.7510
vn 0.0095 -0.1757 -0.9844
vn -0.9602 -0.2365 -0.1483
vn -0.2710 0.7275 -0.6304
vn -0.2715 -0.4253 0.8634
vn 0.6493 0.6537 0.3888
vn 0.1356 0.7644 0.6303
vn 0.7102 0.0221 0.7037
vn -0.3452 0.8009 0.4893
vn -0.1535 -0.3903 0.9078
vn 0.1345 0.0034 -0.9909
vn 0.7010 -0.5257 0.4819
vn -0.0000 -0.7071 0.7071
vn 0.8165 -0.4082 0.4082
vn 0.6560 0.2102 -0.7249
vn 0.5675 -0.7281 0.3845
vn -0.5885 -0.2812 -0.7580
vn 0.2332 0.9220 0.3091
vn -0.8053 -0.1963 0.5595
vn -0.7943 -0.2995 -0.5286
vn 0.7152 -0.6989 0.0095
vn -0.1826 -0.8277 0.5307
vn 0.5328 -0.0684 -0.8435
vn 0.0612 0.9563 -0.2860
vn -0.5059 0.8595 0.0726
vn 0.6140 0.2435 -0.7508
vn -0.0591 0.8111 0.5819
vn 0.2988 -0.4317 0.8511
vn -0.1310 -0.7883 -0.6012
vn -0.4883 -0.7090 -0.5089
vn 0.7414 -0.5295 0.4122
vn -0.5717 0.4374 0.6942
vn 0.5590 0.8292 0.0022
vn -0.1946 -0.1163 -0.9740
vn -0.2458 -0.7944 0.5554
vn -0.9213 0.3863 -0.0451
vn 0.2160 0.3086 0.9263
vn -0.2507 -0.9516 0.1780
vn 0.3220 0.9423 0.0909
vn 0.3404 0.0148 -0.9402
vn 0.9517 -0.1452 0.2704
vn -0.5046 -0.4161 0.7564
vn -0.2383 -0.9605 -0.1437
vn 0.1523 0.5214 0.8396
vn -0.9893 0.0006 0.1459
vn -0.6591 -0.7457 0.0977
vn 0.1870 0.4081 -0.8936
vn 0.7011 -0.7048 -0.1084
vn 0.3101 0.9356 0.1692
vn -0.1904 -0.8606 0.4724
vn 0.8380 -0.0338 0.5447
vn -0.4178 0.3473 0.8395
vn 0.1010 -0.7705 -0.6294
vn -0.8477 0.1092 -0.5191
vn 0.2543 0.8137 -0.5228
vn 0.1441 -0.9802 -0.1355
vn 0.7062 0.6442 -0.2937
vn 0.9880 0.1505 -0.0355
vn -0.6450 0.7398 0.1916
vn -0.2887 -0.9536 0.0851
vn -0.7878 0.3090 0.5328
vn -0.1924 0.0020 -0.9813
vn -0.9686 0.2484 -0.0045
vn -0.8686 0.4826 0.1119
vn 0.0692 -0.9506 -0.3026
vn 0.8128 0.5474 -0.1993
vn 0.2944 -0.4862 0.8227
vn 0.8605 0.4637 0.2112
vn 0.1046 -0.1346 -0.9854
vn 0.8871 -0.3447 -0.3070
vn -0.2207 -0.9386 0.2651
vn -0.8918 0.1483 -0.4274
vn -0.3293 0.9208 0.2091
vn -0.6378 -0.5213 0.5670
vn 0.5039 0.1631 0.8482
vn -0.8919 -0.2314 0.3887
vn -0.0395 0.9524 -0.3022
vn -0.4767 -0.0829 0.8751
vn -0.9623 0.1565 -0.2226
vn 0.4683 -0.8631 0.1892
vn 0.6533 0.4696 -0.5939
vn -0.7605 -0.6400 -0.1095
vn 0.6765 0.6632 0.3200
vn -0.8391 -0.5435 0.0212
vn 0.0481 -0.9337 0.3548
vn 0.8123 0.5832 -0.0048
vn 0.3874 0.8659 -0.3164
vn -0.7794 0.1348 -0.6119
vn 0.4501 0.6684 -0.5921
vn -0.2971 -0.6678 -0.6824
vn 0.1875 0.0933 0.9778
vn -0.9341 0.3283 0.1406
vn -0.4654 0.8701 0.1620
vn -0.1249 0.9781 -0.1665
vn -0.1257 0.9740 -0.1885
vn 0.8046 -0.2852 0.5208
vn -0.5162 -0.7224 0.4600
vn 0.4683 -0.3934 -0.7912
vn 0.2497 0.5688 0.7836
vn 0.6784 0.6514 -0.3397
vn -0.3835 0.0921 0.9189
vn -0.4296 -0.6447 -0.6323
vn 0.3319 0.7048 0.6270
vn -0.5098 -0.5443 -0.6662
vn 0.3255 -0.0357 -0.9449
vn -0.7585 -0.6501 -0.0453
vn 0.2874 -0.1694 -0.9427
vn 0.4264 0.8548 0.2957
vn 0.7905 0.0075 0.6124
vn 0.9397 -0.2766 0.2009
vn -0.1846 -0.7829 0.5941
vn 0.8527 -0.5223 -0.0134
vn -0.9411 -0.3087 -0.1381
vn -0.9403 -0.1716 0.2938
vn -0.0464 0.6345 0.7715
vn -0.4580 -0.3947 -0.7965
vn -0.0830 -0.9932 -0.0812
vn 0.5869 0.8087 -0.0406
vn -0.3616 0.8291 -0.4265
vn 0.7224 -0.2690 0.6371
vn 0.3804 0.8681 -0.3189
vn -0.4633 -0.0194 0.8860
vn 0.6529 -0.4878 -0.5795
vn -0.1261 -0.7663 -0.6300
vn -0.8813 0.3817 -0.2786
vn 0.3650 -0.7850 -0.5006
vn -0.9193 0.1656 -0.3571
vn 0.1457 0.7258 -0.6723
vn 0.9879 0.1554 -0.0041
vn 0.2922 -0.6243 0.7245
vn -0.2883 0.4367 0.8521
vn 0.1841 -0.9614 -0.2046
vn 0.1664 -0.9626 -0.2139
vn 0.1723 -0.9598 -0.2215
vn 0.4034 -0.8653 -0.2975
vn -0.0434 -0.9750 0.2177
vn -0.8937 -0.2413 0.3783
vn -0.1966 0.5357 0.8212
vn 0.7060 0.7080 0.0154
vn -0.0301 0.1088 -0.9936
vn 0.5269 0.8117 -0.2519
vn -0.8024 0.3327 0.4954
vn -0.6733 -0.6856 0.2768
vn -0.3673 0.6481 -0.6671
vn 0.2881 -0.5112 -0.8097
vn 0.7741 -0.4159 0.4772
vn -0.9794 0.0490 0.1959
vn -0.9751 0.0474 0.2167
vn -0.9742 0.0443 0.2214
vn 0.8743 0.3873 0.2925
vn -0.1723 -0.0956 -0.9804
vn -0.2988 0.9475 0.1139
vn 0.3996 -0.7454 0.5336
vn -0.7751 -0.6304 0.0435
vn 0.0383 0.9902 -0.1341
vn 0.0421 0.9904 -0.1315
vn 0.0525 0.9899 -0.1313
vn 0.6687 -0.2709 -0.6924
vn 0.3309 -0.2550 0.9086
vn 0.1794 -0.4133 -0.8927
vn 0.7264 0.6844 0.0633
vn 0.4404 -0.5368 0.7197
vn -0.9328 0.3587 0.0339
vn -0.6077 -0.7614 0.2259
vn -0.4877 0.8722 0.0373
vn -0.9852 0.1657 0.0428
vn 0.5761 0.0456 -0.8161
vn -0.7932 -0.5956 -0.1267
vn 0.2439 0.5932 0.7672
vn 0.6993 -0.7005 0.1425
vn -0.1199 -0.0304 0.9923
vn -0.1253 0.7226 -0.6798
vn -0.9937 -0.0000 -0.1124
vn -0.9945 -0.0000 -0.1047
vn -0.9962 -0.0000 -0.0871
vn 0.4330 0.7677 0.4724
vn 0.4098 0.7683 0.4917
vn 0.4401 0.7610 0.4767
vn 0.2707 -0.5413 0.7961
vn 0.2776 -0.5553 0.7839
vn 0.2673 -0.5345 0.8018
vn -0.0821 0.1271 -0.9885
vn 0.9048 -0.4119 0.1085
vn -0.3921 -0.8167 0.4234
vn 0.3470 0.9122 0.2179
vn -0.8239 0.4240 0.3760
vn -0.1071 -0.9939 -0.0246
vn -0.1672 0.7423 0.6489
vn -0.9926 -0.0343 -0.1165
vn 0.9525 -0.1239 0.2783
vn 0.2713 0.3589 -0.8931
vn 0.4870 0.7912 0.3700
vn -0.6283 0.1295 0.7671
vn 0.9673 -0.2262 -0.1147
vn -0.1116 -0.9888 -0.0986
vn -0.6343 0.2713 -0.7239
vn 0.9117 0.2279 -0.3419
vn 0.8678 0.3857 -0.3134
vn 0.9187 0.2625 -0.2953
vn -0.2531 -0.2701 -0.9290
vn -0.9880 -0.0285 0.1518
vn 0.2483 0.9372 0.2448
vn 0.9972 -0.0731 -0.0160
vn -0.5963 0.2087 -0.7752
vn -0.5744 0.2154 -0.7898
vn -0.5821 0.2425 -0.7761
vn -0.0825 0.9772 0.1955
vn 0.4269 0.3595 -0.8298
vn 0.0571 -0.9957 -0.0732
vn -0.4281 -0.0965 0.8986
vn 0.6820 -0.7212 -0.1218
vn 0.7617 0.6454 0.0578
vn -0.2082 0.5421 0.8141
vn -0.9406 -0.1969 0.2766
vn -0.3810 -0.4027 -0.8323
vn 0.2689 -0.1759 0.9469
vn 0.1521 -0.0000 -0.9884
vn 0.1503 -0.1503 -0.9771
vn 0.1025 -0.2049 -0.9734
vn 0.8913 0.4500 -0.0556
vn 0.0178 -0.1929 -0.9811
vn -0.8481 0.3874 -0.3616
vn 0.4791 -0.3880 0.7874
vn -0.9165 -0.0528 -0.3965
vn -0.0854 0.6711 -0.7365
vn -0.3169 -0.8556 0.4093
vn 0.3894 -0.7113 -0.5851
vn 0.7760 -0.2804 -0.5649
vn -0.3269 0.9416 0.0802
vn 0.7384 0.3701 0.5637
vn -0.1283 -0.4648 0.8761
vn -0.3316 0.7995 0.5009
vn -0.1602 0.7991 0.5795
vn -0.6420 0.5309 -0.5531
vn 0.1970 -0.9045 -0.3783
vn 0.9417 -0.0776 0.3275
vn 0.2939 0.2850 0.9124
vn 0.1048 -0.6078 0.7872
vn -0.2996 0.9220 0.2452
vn -0.4431 0.7371 -0.5103
vn 0.7889 0.6140 0.0238
vn 0.5547 -0.5047 -0.6615
vn -0.9005 -0.3316 -0.2815
vn -0.9294 -0.0250 -0.3681
vn 0.3295 -0.8949 0.3009
vn 0.1942 -0.4430 0.8753
vn 0.3590 -0.4764 -0.8026
vn -0.1217 0.0330 0.9920
vn 0.9117 0.0619 -0.4061
vn -0.3518 -0.7722 -0.5291
vn -0.5295 0.0051 -0.8483
vn 0.6450 -0.6837 -0.3413
vn -0.8346 -0.3549 0.4214
vn 0.1704 0.9734 -0.1531
vn 0.4293 0.0530 0.9016
vn -0.2556 0.2548 0.9326
vn 0.4960 -0.6292 -0.5984
vn 0.7360 -0.1710 0.6550
vn 0.6396 0.7553 -0.1429
vn -0.7020 0.2456 -0.6685
vn -0.5780 -0.7977 0.1722
vn -0.7544 0.5371 0.3773
vn 0.4998 0.8628 0.0766
vn 0.4176 -0.0480 -0.9074
vn -0.4875 -0.4637 -0.7398
vn -0.2841 0.5679 -0.7725
vn 0.6846 -0.7127 0.1531
vn -0.6409 -0.5918 0.4889
vn 0.6738 -0.3052 0.6729
vn -0.4514 -0.0778 0.8889
vn -0.2408 0.8427 -0.4815
vn -0.1826 0.9129 -0.3651
vn -0.1905 0.9048 -0.3810
vn 0.3020 -0.2514 0.9196
vn -0.8393 -0.4852 0.2453
vn 0.4817 -0.8588 -0.1746
vn -0.0182 0.1904 -0.9815
vn 0.3867 0.4426 -0.8091
vn -0.9968 0.0727 0.0334
vn 0.3679 0.8500 0.3771
vn -0.0577 0.0072 0.9983
vn 0.2082 -0.7432 -0.6359
vn 0.2557 -0.7456 -0.6154
vn 0.7858 -0.5232 0.3298
vn 0.7325 0.6790 0.0485
vn -0.1672 0.9665 -0.1949
vn -0.3521 0.8535 -0.3841
vn -0.9856 -0.1226 -0.1167
vn -0.1794 -0.3929 0.9019
vn -0.9123 -0.1866 0.3646
vn 0.0337 0.5161 -0.8559
vn 0.0482 -0.9303 -0.3635
vn 0.9303 -0.3166 0.1853
vn 0.4809 -0.5731 0.6635
vn -0.9751 0.2188 -0.0376
vn 0.5371 0.6187 -0.5734
vn 0.3162 0.4457 0.8375
vn 0.7866 0.0013 -0.6175
vn -0.3428 0.9225 0.1775
vn 0.5468 0.1201 0.8286
vn -0.6333 -0.7739 -0.0100
vn -0.5124 0.0535 -0.8571
vn -0.0787 -0.8397 0.5373
vn 0.8015 0.1853 -0.5685
vn -0.3952 0.5357 0.7462
vn -0.6303 -0.0127 0.7762
vn 0.7518 0.6475 -0.1247
vn 0.6572 -0.5883 0.4711
vn -0.1448 -0.8205 -0.5530
vn 0.4019 0.6436 -0.6513
vn -0.7901 0.2081 -0.5766
vn -0.5064 -0.5046 0.6993
vn 0.4619 -0.8775 0.1290
vn -0.3155 0.6623 0.6796
vn 0.4347 0.5577 0.7071
vn 0.5961 -0.7831 -0.1772
vn 0.4659 0.7761 0.4250
vn 0.3125 0.6654 0.6779
vn -0.8341 0.4128 -0.3660
vn 0.1784 -0.9762 -0.1235
vn 0.6305 0.5668 -0.5302
vn -0.7887 0.3080 -0.5321
vn 0.5807 0.6765 0.4528
vn 0.6460 0.1937 0.7384
vn -0.7546 -0.2835 -0.5918
vn 0.3740 -0.6891 -0.6207
vn 0.7744 -0.1503 -0.6145
vn -0.1800 0.6365 0.7500
vn -0.0045 0.8661 0.4998
vn -0.6092 -0.6580 -0.4427
vn 0.1890 0.9819 0.0083
vn 0.5375 0.8096 0.2358
vn 0.7967 0.1773 -0.5778
vn -0.5395 -0.8260 -0.1632
vn -0.3631 -0.5546 0.7487
vn 0.7890 -0.4900 0.3707
vn -0.3704 0.5444 -0.7526
vn 0.2691 -0.9603 -0.0739
vn -0.1840 -0.3808 0.9062
vn -0.5941 -0.6322 -0.4973
vn 0.9114 -0.1816 -0.3694
vn -0.6755 -0.4356 -0.5949
vn 0.1299 0.8063 0.5771
vn 0.0394 0.6126 0.7894
vn 0.6514 0.1520 -0.7434
vn -0.2216 0.6061 0.7639
vn 0.9653 0.1830 0.1863
vn -0.9341 0.1133 0.3385
vn -0.5901 0.6552 -0.4717
vn -0.5263 0.8258 -0.2029
vn 0.2123 0.6959 0.6860
vn 0.8627 -0.1579 -0.4805
vn 0.2028 -0.8332 0.5144
vn -0.4956 -0.0549 0.8668
vn -0.0713 0.4216 -0.9040
vn 0.5941 -0.5925 -0.5440
vn -0.2488 0.9280 0.2773
vn 0.8199 -0.0122 -0.5724
vn -0.0169 -0.8058 -0.5919
vn 0.3382 0.9270 0.1619
vn -0.5343 0.5692 -0.6249
vn -0.8842 0.1443 -0.4442
vn 0.3907 -0.8990 0.1978
vn -0.5950 -0.2608 0.7602
vn 0.2649 0.6366 0.7243
vn 0.4668 -0.6737 0.5728
vn 0.3141 -0.6611 0.6813
vn 0.5553 -0.6198 -0.5545
vn -0.3178 0.8042 -0.5023
vn -0.8648 0.1257 0.4862
vn -0.0981 -0.0980 0.9903
vn 0.0112 0.7538 0.6570
vn 0.3941 -0.8466 0.3578
vn 0.3801 -0.8175 -0.4327
vn -0.7327 -0.6109 0.2997
vn -0.6988 0.3483 -0.6248
vn 0.8096 0.2838 -0.5138
vn 0.8396 -0.0334 -0.5422
vn -0.3182 0.9311 0.1780
vn -0.0500 0.6089 0.7916
vn -0.5321 0.2954 -0.7935
vn 0.3097 0.1731 0.9349
vn -0.9671 -0.1607 -0.1974
vn 0.1992 0.6541 -0.7297
vn 0.3277 -0.1898 -0.9255
vn -0.7642 0.5465 -0.3425
vn 0.9025 0.3953 0.1712
vn -0.0975 -0.9849 0.1429
vn -0.2691 0.1159 0.9561
vn 0.4425 -0.0539 0.8951
vn -0.6366 0.4842 -0.6003
vn -0.6071 0.2875 0.7408
vn -0.6098 -0.7805 0.1380
vn 0.5754 -0.3640 -0.7325
vn 0.5526 0.8267 -0.1060
vn 0.3102 0.3117 -0.8981
vn 0.1812 -0.6972 -0.6936
vn -0.6717 0.7287 0.1334
vn 0.6864 0.6912 0.2262
vn -0.7459 0.0634 -0.6630
vn 0.7966 -0.5921 0.1220
vn -0.4086 -0.8390 0.3593
vn -0.4920 0.4057 0.7703
vn 0.6267 0.2550 0.7364
vn 0.7449 0.0823 -0.6621
vn 0.7438 0.0824 -0.6633
vn 0.7347 0.0823 -0.6734
vn -0.2080 0.4045 0.8906
vn 0.8291 0.5533 -0.0804
vn -0.5818 0.7747 -0.2476
vn -0.2576 -0.4290 -0.8658
vn -0.1950 -0.4238 -0.8845
vn -0.8318 0.5319 0.1586
vn 0.9510 -0.1108 0.2886
vn -0.2549 -0.7460 0.6153
vn 0.2465 0.1982 0.9487
vn -0.3683 0.5934 -0.7157
vn -0.4111 0.5991 -0.6871
vn -0.7380 0.5648 0.3693
vn -0.6691 -0.6683 0.3251
vn 0.1834 -0.9826 -0.0301
vn 0.3220 -0.9073 -0.2705
vn 0.9366 0.1146 -0.3312
vn 0.3242 0.5723 0.7533
vn 0.9542 0.2666 0.1359
vn -0.1828 -0.7093 -0.6808
vn -0.1707 0.8353 -0.5227
vn -0.8958 0.3233 0.3049
vn -0.6166 0.5816 0.5306
vn -0.1367 -0.1924 0.9717
vn 0.8514 -0.5181 -0.0823
vn -0.6835 -0.6032 -0.4110
vn -0.6186 -0.7435 -0.2541
vn -0.0686 -0.5668 -0.8210
vn 0.7431 -0.0687 0.6656
vn -0.1604 0.3666 0.9165
vn -0.1844 0.3404 0.9220
vn -0.1845 0.3383 0.9227
vn 0.9429 0.3329 0.0092
vn 0.2740 -0.9015 -0.3349
vn -0.0127 0.1684 -0.9856
vn -0.3044 -0.6456 0.7003
vn -0.5873 -0.5074 0.6306
vn -0.3202 0.6970 -0.6416
vn -0.3928 0.5551 0.7332
vn -0.6356 -0.5929 0.4944
vn 0.3648 -0.9153 0.1707
vn 0.7718 -0.0309 0.6351
vn 0.2697 0.0367 -0.9623
vn 0.0090 0.9958 0.0915
vn -0.4027 -0.4855 0.7760
vn 0.7769 0.2420 0.5813
vn -0.7364 0.6426 0.2116
vn -0.7170 -0.5014 -0.4843
vn 0.7634 0.6114 -0.2082
vn 0.7991 0.5842 0.1419
vn 0.0101 -0.5827 0.8127
vn 0.5645 -0.5849 -0.5825
vn 0.8237 0.2857 0.4898
vn -0.7217 0.5103 -0.4676
vn 0.6561 0.6284 0.4179
vn 0.5919 0.2248 -0.7740
vn -0.0000 -0.9523 -0.3050
vn 0.1910 -0.9808 -0.0388
vn -0.7411 0.5736 -0.3490
vn 0.7341 0.4612 0.4984
vn -0.0420 -0.8827 0.4680
vn -0.4649 0.2285 0.8554
vn -0.8261 0.3723 -0.4230
vn -0.0127 -0.9948 -0.1011
vn 0.8480 0.4306 -0.3092
vn 0.4769 -0.7480 -0.4616
vn -0.4420 0.6234 -0.6450
vn -0.8102 0.2097 0.5474
vn -0.6225 -0.6971 -0.3557
vn 0.4544 0.1250 0.8820
vn 0.4600 -0.2534 0.8510
vn -0.3703 0.1567 -0.9156
vn 0.5780 0.4860 -0.6556
vn 0.8742 -0.4733 -0.1084
vn 0.3054 0.7591 0.5749
vn -0.0406 -0.5808 0.8130
vn -0.8452 0.1747 -0.5051
vn -0.6494 0.5148 -0.5597
vn 0.3727 -0.5012 -0.7809
vn -0.7186 0.0896 -0.6897
vn 0.3070 0.5198 0.7972
vn 0.2965 0.4070 0.8640
vn -0.6647 -0.6738 0.3228
vn 0.6954 0.5809 -0.4231
vn 0.5232 -0.7274 0.4439
vn 0.9914 0.0330 0.1265
vn -0.8874 -0.4586 -0.0472
vn -0.8879 -0.4579 -0.0447
vn -0.8883 -0.4565 -0.0494
vn -0.9993 -0.0329 0.0149
vn -0.8621 0.1567 -0.4819
vn 0.0360 -0.5737 0.8183
vn 0.5965 0.2609 -0.7591
vn 0.7672 -0.2016 0.6089
vn 0.7233 -0.2114 0.6574
vn 0.3379 0.4464 -0.8286
vn -0.0618 -0.1163 -0.9913
vn 0.5639 -0.1670 0.8088
vn -0.8530 -0.4397 0.2812
vn 0.1933 0.2266 -0.9546
vn -0.1144 0.2241 -0.9678
vn 0.1885 0.4861 -0.8533
vn 0.6413 -0.0921 0.7617
vn -0.9488 -0.3158 0.0088
vn 0.4363 0.8585 -0.2695
vn -0.6570 0.6322 0.4107
vn -0.2274 0.4233 0.8770
vn 0.8332 0.5449 0.0939
vn 0.8993 -0.4298 -0.0802
vn 0.6588 -0.7518 -0.0281
vn 0.7021 0.4819 -0.5243
vn -0.8309 -0.1494 0.5359
vn -0.3662 -0.6654 0.6504
vn -0.3813 0.8828 -0.2745
vn -0.1883 0.8059 -0.5614
vn 0.0575 0.9969 0.0531
vn -0.2597 -0.4838 -0.8358
vn -0.1073 0.1542 -0.9822
vn -0.4800 -0.7570 0.4434
vn -0.7880 0.5556 0.2651
vn 0.6014 0.6075 0.5189
vn 0.6767 -0.7055 -0.2106
vn 0.9395 0.2815 -0.1953
vn -0.2333 0.9200 -0.3149
vn -0.6046 0.0885 0.7916
vn 0.2967 0.8788 0.3737
vn 0.3020 0.8796 0.3676
vn 0.3055 0.8766 0.3719
s 1
f 3//1 1//2 188//3
f 2//4 3//1 4//5
f 4//5 3//1 188//3
f 135//6 2//4 188//3
f 5//7 8//8 184//9
f 6//10 7//11 5//7
f 5//7 7//11 8//8
f 6//10 8//8 7//11
f 13//12 214//13 14//14
f 18//15 16//16 15//17
f 16//16 18//15 17//18
f 238//19 15//17 16//16
f 22//20 287//21 294//22
f 22//20 294//22 12//23
f 287//21 21//24 280//25
f 290//26 21//24 287//21
f 20//27 22//20 19//28
f 22//20 144//29 278//30
f 105//31 23//32 24//33
f 123//34 23//32 105//31
f 23//32 25//35 24//33
f 24//33 26//36 106//37
f 25//35 23//32 26//36
f 25//35 26//36 24//33
f 308//38 124//39 122//40
f 35//41 300//42 313//43
f 157//44 312//45 306//46
f 153//47 309//48 305//49
f 161//50 296//51 150//52
f 136//53 256//54 316//55
f 296//51 136//53 145//56
f 256//54 291//57 316//55
f 86//58 315//59 145//56
f 142//60 138//61 154//62
f 139//63 156//64 145//56
f 310//65 122//40 158//66
f 315//59 138//61 139//63
f 300//42 301//67 87//68
f 163//69 309//48 162//70
f 93//71 122//40 124//39
f 29//72 66//73 85//74
f 29//72 45//75 66//73
f 39//76 41//77 78//78
f 74//79 43//80 32//81
f 261//82 159//83 255//84
f 74//79 73//85 60//86
f 38//87 31//88 41//77
f 38//87 88//89 51//90
f 44//91 63//92 45//75
f 40//93 43//80 82//94
f 71//95 60//86 66//73
f 78//78 50//96 306//46
f 72//97 46//98 31//88
f 51//90 40//93 38//87
f 48//99 70//100 39//76
f 66//73 75//101 51//90
f 66//73 60//86 47//102
f 50//96 31//88 91//103
f 63//92 68//104 67//105
f 66//73 47//102 85//74
f 63//92 66//73 45//75
f 49//106 54//107 63//92
f 43//80 74//79 48//99
f 39//76 37//108 48//99
f 57//109 55//110 58//111
f 61//112 59//113 85//74
f 47//102 61//112 85//74
f 58//111 83//114 53//115
f 42//116 46//98 72//97
f 37//108 46//98 92//117
f 40//93 75//101 43//80
f 78//78 81//118 37//108
f 75//101 32//81 43//80
f 51//90 75//101 40//93
f 62//119 68//104 74//120
f 60//86 73//85 62//119
f 88//89 38//87 70//100
f 70//100 74//79 71//95
f 48//99 74//79 70//100
f 52//121 84//122 53//115
f 53//115 69//123 59//113
f 73//85 74//79 32//81
f 71//95 66//73 51//90
f 58//111 53//115 54//107
f 56//124 29//72 85//74
f 295//125 86//58 298//126
f 315//59 86//58 295//125
f 64//127 66//73 67//105
f 49//106 44//91 56//124
f 58//111 56//124 57//109
f 29//72 56//124 44//91
f 44//91 45//75 29//72
f 54//107 56//124 58//111
f 54//107 49//106 56//124
f 49//106 63//92 44//91
f 67//105 68//104 64//128
f 66//73 63//92 67//105
f 63//92 54//107 61//112
f 47//102 63//92 61//112
f 47//102 68//104 63//92
f 62//119 73//85 68//104
f 74//120 47//102 62//119
f 74//120 68//104 47//102
f 83//114 84//122 52//121
f 53//115 84//122 55//110
f 59//113 61//112 53//115
f 58//111 55//110 84//122
f 261//82 260//129 259//130
f 59//113 57//109 56//124
f 54//107 53//115 61//112
f 83//114 58//111 84//122
f 53//115 83//114 52//121
f 69//123 53//115 55//110
f 60//86 62//119 47//102
f 79//131 37//108 92//117
f 75//101 73//85 32//81
f 66//73 64//127 65//132
f 68//104 73//85 75//101
f 93//71 80//133 81//118
f 74//79 60//86 71//95
f 59//113 69//123 57//109
f 70//100 71//95 88//89
f 57//109 69//123 55//110
f 71//95 51//90 88//89
f 68//104 66//73 65//132
f 65//134 67//135 64//136
f 66//73 68//104 75//101
f 41//77 31//88 78//78
f 77//137 114//138 9//139
f 9//139 99//140 77//137
f 30//141 77//137 36//142
f 37//108 39//76 78//78
f 79//131 48//99 37//108
f 64//128 68//104 65//132
f 30//141 114//138 77//137
f 91//103 46//98 80//133
f 21//24 90//143 280//25
f 39//76 70//100 38//87
f 34//144 90//143 21//24
f 91//103 80//133 93//71
f 80//133 37//108 81//118
f 91//103 31//88 46//98
f 46//98 37//108 80//133
f 85//74 59//113 56//124
f 280//25 90//143 33//145
f 31//88 50//96 78//78
f 81//118 78//78 306//46
f 109//146 127//147 101//148
f 127//147 109//146 110//149
f 118//150 130//151 120//152
f 118//150 116//153 130//151
f 317//154 95//155 133//156
f 261//82 255//84 257//157
f 189//158 155//159 179//160
f 181//161 196//162 210//163
f 149//164 155//159 174//165
f 155//159 189//158 174//165
f 181//161 179//160 155//159
f 172//166 167//167 832//168
f 155//159 207//169 196//162
f 190//170 209//171 165//172
f 183//173 165//172 832//168
f 183//173 832//168 167//167
f 310//65 308//38 122//40
f 124//39 163//69 93//71
f 76//174 36//142 77//137
f 76//174 123//34 112//175
f 128//176 115//177 101//148
f 117//178 105//31 118//150
f 118//150 98//179 129//180
f 76//174 112//175 36//142
f 39//76 38//87 41//77
f 101//148 99//140 100//181
f 100//181 128//176 101//148
f 108//182 320//183 497//184
f 72//97 31//88 38//87
f 129//180 109//146 104//185
f 111//186 317//154 97//187
f 119//188 497//184 330//189
f 118//150 120//152 98//179
f 116//153 119//188 320//183
f 121//190 123//34 120//152
f 123//34 76//174 98//179
f 106//37 497//184 24//33
f 126//191 128//176 95//155
f 109//146 98//179 110//149
f 50//96 91//103 97//187
f 106//37 26//36 23//32
f 123//34 106//37 23//32
f 111//186 97//187 103//192
f 99//140 9//139 100//181
f 9//139 114//138 115//177
f 114//138 104//185 101//148
f 109//146 101//148 104//185
f 113//193 118//150 105//31
f 24//33 113//193 105//31
f 109//146 129//180 98//179
f 129//180 104//185 30//141
f 116//153 118//150 113//193
f 108//182 120//152 320//183
f 24//33 497//184 119//188
f 119//188 330//189 320//183
f 120//152 116//153 320//183
f 24//33 116//153 113//193
f 116//153 24//33 119//188
f 320//183 330//189 497//184
f 106//37 107//194 436//195
f 436//195 497//184 106//37
f 121//190 108//182 107//194
f 121//190 120//152 108//182
f 76//174 110//149 98//179
f 95//155 128//176 102//196
f 102//196 103//192 96//197
f 102//196 9//139 103//192
f 102//196 100//181 9//139
f 9//139 111//186 103//192
f 101//148 115//177 114//138
f 104//185 114//138 30//141
f 102//196 125//198 100//181
f 102//196 128//176 125//198
f 314//199 95//155 94//200
f 72//97 38//87 40//93
f 111//186 9//139 115//177
f 115//177 128//176 126//191
f 111//186 115//177 126//191
f 144//29 20//27 19//28
f 105//31 112//175 123//34
f 144//29 22//20 20//27
f 120//152 123//34 98//179
f 21//24 290//26 293//201
f 116//153 120//152 130//151
f 117//178 129//180 112//175
f 129//180 30//141 112//175
f 112//175 30//141 36//142
f 260//129 261//82 257//157
f 117//178 112//175 105//31
f 128//176 100//181 125//198
f 117//178 118//150 129//180
f 298//126 132//202 133//156
f 316//55 253//203 317//154
f 199//204 131//205 204//206
f 143//207 151//208 139//63
f 142//60 141//209 139//63
f 138//61 142//60 139//63
f 151//208 156//64 139//63
f 142//60 137//210 141//209
f 298//126 86//58 145//56
f 135//6 132//202 134//211
f 256//54 161//50 291//57
f 305//49 147//212 137//210
f 312//45 147//212 305//49
f 141//209 140//213 143//207
f 140//213 141//209 137//210
f 148//214 140//213 299//215
f 137//210 147//212 140//213
f 139//63 141//209 143//207
f 166//216 832//168 165//172
f 166//216 165//172 164//217
f 165//172 173//218 168//219
f 171//220 169//221 173//218
f 169//221 171//220 170//222
f 171//220 164//217 170//222
f 171//220 832//168 164//217
f 172//166 832//168 171//220
f 171//220 833//223 172//166
f 172//166 175//224 167//167
f 155//159 149//164 205//225
f 174//165 175//224 149//164
f 167//167 175//224 174//165
f 174//165 176//226 167//167
f 179//160 181//161 184//9
f 205//225 149//164 175//224
f 201//227 176//226 177//228
f 8//8 178//229 189//158
f 832//168 166//216 164//217
f 240//230 11//231 15//17
f 222//232 212//233 230//234
f 177//228 205//225 175//224
f 202//235 6//10 186//236
f 245//237 244//238 226//239
f 236//240 10//241 11//231
f 216//242 233//243 234//244
f 33//145 34//144 21//24
f 252//245 244//238 245//237
f 238//19 16//16 17//18
f 210//163 185//246 198//247
f 6//10 195//248 186//236
f 185//246 204//206 200//249
f 189//158 179//160 8//8
f 220//250 14//14 241//251
f 241//251 214//13 252//245
f 202//235 207//169 6//10
f 195//248 180//252 1//2
f 2//4 187//253 1//2
f 90//143 34//144 33//145
f 182//254 180//252 195//248
f 3//1 2//4 1//2
f 187//253 195//248 1//2
f 293//201 290//26 265//255
f 2//4 4//5 188//3
f 252//245 214//13 194//256
f 132//202 188//3 133//156
f 241//251 14//14 214//13
f 22//20 12//23 19//28
f 279//257 288//258 254//259
f 274//260 279//257 19//28
f 278//30 290//26 287//21
f 267//261 268//262 284//263
f 265//255 669//264 266//265
f 282//266 289//267 266//265
f 18//15 15//17 17//18
f 15//17 242//268 17//18
f 270//269 258//270 272//271
f 292//272 294//22 280//25
f 283//273 276//274 289//267
f 275//275 276//274 283//273
f 8//8 179//160 184//9
f 285//276 697//277 281//278
f 170//222 168//219 169//221
f 280//25 294//22 287//21
f 280//25 33//145 281//278
f 22//20 278//30 287//21
f 133//156 188//3 1//2
f 274//260 12//23 258//270
f 133//156 200//249 204//206
f 200//249 133//156 1//2
f 271//279 279//257 254//259
f 182//254 181//161 180//252
f 202//235 195//248 210//163
f 210//163 196//162 202//235
f 279//257 271//279 19//28
f 210//163 180//252 181//161
f 669//264 265//255 290//26
f 12//23 294//22 292//272
f 200//249 1//2 198//247
f 198//247 185//246 197//280
f 185//246 200//249 197//280
f 283//273 282//266 275//275
f 268//262 276//274 275//275
f 200//249 198//247 197//280
f 285//276 284//263 697//277
f 285//276 281//278 611//281
f 268//262 289//267 276//274
f 255//84 260//129 254//259
f 204//206 185//246 199//204
f 194//256 234//244 252//245
f 288//258 274//260 255//84
f 252//245 234//244 232//282
f 221//283 230//234 251//284
f 196//162 181//161 155//159
f 182//254 195//248 184//9
f 184//9 6//10 5//7
f 195//248 6//10 184//9
f 6//10 207//169 178//229
f 135//6 187//253 2//4
f 193//285 178//229 205//225
f 178//229 193//285 192//286
f 178//229 192//286 177//228
f 178//229 207//169 205//225
f 192//286 193//285 205//225
f 201//227 191//287 176//226
f 167//167 176//226 191//287
f 191//287 201//227 167//167
f 190//170 201//227 177//228
f 211//288 190//170 177//228
f 210//163 198//247 180//252
f 189//158 176//226 174//165
f 185//246 210//163 206//289
f 178//229 8//8 6//10
f 135//6 206//289 195//248
f 1//2 180//252 198//247
f 207//169 202//235 196//162
f 184//9 181//161 182//254
f 185//246 206//289 199//204
f 175//224 211//288 177//228
f 135//6 134//211 131//205
f 165//172 168//219 164//217
f 135//6 188//3 132//202
f 206//289 135//6 199//204
f 135//6 131//205 199//204
f 173//218 169//221 168//219
f 178//229 177//228 189//158
f 205//225 207//169 155//159
f 177//228 176//226 189//158
f 171//220 173//218 833//223
f 170//222 164//217 168//219
f 187//253 135//6 195//248
f 167//167 201//227 183//173
f 833//223 209//171 172//166
f 173//218 209//171 833//223
f 211//288 209//171 190//170
f 183//173 190//170 165//172
f 173//218 165//172 209//171
f 183//173 201//227 190//170
f 205//225 177//228 192//286
f 186//236 195//248 202//235
f 14//14 251//284 13//12
f 242//268 10//241 239//290
f 81//118 158//66 93//71
f 204//206 131//205 133//156
f 206//289 210//163 195//248
f 251//284 14//14 221//283
f 211//288 172//166 209//171
f 208//291 14//14 227//292
f 211//288 175//224 172//166
f 228//293 231//294 212//233
f 228//293 240//230 246//295
f 240//230 228//293 212//233
f 229//296 228//293 230//234
f 246//295 227//292 218//297
f 246//295 230//234 228//293
f 217//298 228//293 229//296
f 229//296 231//294 217//298
f 231//294 229//296 230//234
f 244//238 233//243 216//242
f 240//230 15//17 223//299
f 213//300 214//13 13//12
f 208//291 222//232 221//283
f 194//256 214//13 203//301
f 226//239 244//238 215//302
f 216//242 215//302 244//238
f 14//14 208//291 221//283
f 223//299 222//232 208//291
f 240//230 223//299 208//291
f 249//303 235//304 239//290
f 251//284 248//305 13//12
f 225//306 215//302 224//307
f 215//302 225//306 226//239
f 226//239 225//306 203//301
f 225//306 224//307 194//256
f 234//244 194//256 224//307
f 203//301 214//13 213//300
f 218//297 220//250 213//300
f 227//292 219//308 218//297
f 194//256 203//301 225//306
f 245//237 203//301 213//300
f 270//269 254//259 258//270
f 249//303 239//290 10//241
f 242//268 15//17 11//231
f 247//309 17//18 242//268
f 238//19 223//299 15//17
f 243//310 237//311 247//309
f 14//14 220//250 227//292
f 218//297 219//308 220//250
f 227//292 220//250 219//308
f 233//243 244//238 252//245
f 232//282 233//243 252//245
f 233//243 232//282 234//244
f 212//233 236//240 11//231
f 222//232 230//234 221//283
f 235//304 243//310 239//290
f 243//310 235//304 237//311
f 520//312 237//311 235//304
f 520//312 250//313 237//311
f 239//290 247//309 242//268
f 250//313 520//312 235//304
f 218//297 13//12 248//305
f 220//250 245//237 213//300
f 218//297 213//300 13//12
f 11//231 240//230 212//233
f 248//305 246//295 218//297
f 242//268 11//231 10//241
f 246//295 240//230 208//291
f 227//292 246//295 208//291
f 250//313 236//240 237//311
f 212//233 238//19 236//240
f 237//311 236//240 247//309
f 226//239 203//301 245//237
f 248//305 230//234 246//295
f 230//234 248//305 251//284
f 252//245 245//237 241//251
f 220//250 241//251 245//237
f 212//233 222//232 238//19
f 223//299 238//19 222//232
f 236//240 250//313 235//304
f 235//304 249//303 10//241
f 17//18 247//309 238//19
f 247//309 239//290 243//310
f 235//304 10//241 236//240
f 236//240 238//19 247//309
f 255//84 254//259 288//258
f 261//82 259//130 159//83
f 255//84 259//130 260//129
f 273//314 263//315 292//272
f 262//316 263//315 273//314
f 144//29 262//316 273//314
f 263//315 262//316 144//29
f 277//317 281//278 669//264
f 282//266 264//318 281//278
f 290//26 277//317 669//264
f 266//265 669//264 264//318
f 611//281 293//201 286//319
f 265//255 266//265 267//261
f 284//263 611//281 267//261
f 611//281 286//319 265//255
f 293//201 265//255 286//319
f 12//23 274//260 19//28
f 270//269 272//271 271//279
f 269//320 270//269 271//279
f 254//259 269//320 271//279
f 270//269 269//320 254//259
f 272//271 258//270 12//23
f 267//261 611//281 265//255
f 274//260 288//258 279//257
f 266//265 268//262 267//261
f 268//262 266//265 289//267
f 260//129 258//270 254//259
f 277//317 273//314 280//25
f 697//277 282//266 281//278
f 266//265 264//318 282//266
f 669//264 281//278 264//318
f 281//278 277//317 280//25
f 273//314 277//317 278//30
f 292//272 280//25 273//314
f 255//84 274//260 253//203
f 260//129 274//260 258//270
f 284//263 285//276 611//281
f 292//272 272//271 12//23
f 284//263 275//275 697//277
f 282//266 283//273 289//267
f 292//272 263//315 272//271
f 282//266 697//277 275//275
f 268//262 275//275 284//263
f 263//315 271//279 272//271
f 144//29 271//279 263//315
f 278//30 277//317 290//26
f 144//29 273//314 278//30
f 21//24 293//201 33//145
f 33//145 293//201 611//281
f 33//145 611//281 281//278
f 144//29 19//28 271//279
f 291//57 255//84 316//55
f 97//187 163//69 96//197
f 314//199 94//200 162//70
f 296//51 145//56 156//64
f 296//51 156//64 152//321
f 291//57 161//50 257//157
f 257//157 255//84 291//57
f 159//83 259//130 255//84
f 297//322 261//323 159//324
f 256//54 136//53 296//51
f 151//208 143//207 152//321
f 150//52 296//51 152//321
f 228//293 217//298 231//294
f 147//212 27//325 28//326
f 140//213 147//212 28//326
f 35//41 150//52 89//327
f 76//174 77//137 110//149
f 110//149 99//140 127//147
f 299//215 89//327 148//214
f 143//207 148//214 150//52
f 150//52 148//214 89//327
f 299//215 28//326 89//327
f 143//207 140//213 148//214
f 99//140 101//148 127//147
f 212//233 231//294 230//234
f 140//213 28//326 299//215
f 301//67 89//327 28//326
f 160//328 303//329 216//242
f 160//328 216//242 234//244
f 311//330 302//331 307//332
f 301//67 300//42 89//327
f 317//154 253//203 313//43
f 35//41 89//327 300//42
f 106//37 123//34 121//190
f 160//328 87//68 301//67
f 305//49 137//210 153//47
f 157//44 303//329 301//67
f 160//328 301//67 303//329
f 497//184 436//195 108//182
f 301//67 27//325 157//44
f 153//47 142//60 154//62
f 108//182 436//195 107//194
f 308//38 310//65 309//48
f 107//194 106//37 121//190
f 163//69 97//187 93//71
f 309//48 163//69 124//39
f 310//65 158//66 312//45
f 81//118 306//46 158//66
f 158//66 306//46 312//45
f 28//326 27//325 301//67
f 303//329 306//46 50//96
f 317//154 131//205 316//55
f 96//197 94//200 95//155
f 147//212 312//45 146//333
f 99//140 110//149 77//137
f 146//333 312//45 27//325
f 82//94 48//99 92//117
f 302//331 311//330 304//334
f 305//49 309//48 310//65
f 312//45 305//49 310//65
f 307//332 304//334 311//330
f 309//48 154//62 162//70
f 124//39 308//38 309//48
f 146//333 27//325 147//212
f 150//52 152//321 143//207
f 313//43 224//307 215//302
f 35//41 313//43 257//157
f 257//157 161//50 150//52
f 35//41 257//157 150//52
f 313//43 274//260 260//129
f 260//129 257//157 313//43
f 160//328 224//307 87//68
f 313//43 87//68 224//307
f 142//60 153//47 137//210
f 27//325 312//45 157//44
f 93//71 97//187 91//103
f 93//71 158//66 122//40
f 96//197 163//69 94//200
f 154//62 309//48 153//47
f 314//199 162//70 295//125
f 314//199 298//126 95//155
f 133//156 95//155 298//126
f 136//53 132//202 298//126
f 298//126 314//199 295//125
f 145//56 315//59 139//63
f 295//125 162//70 154//62
f 42//116 72//97 40//93
f 315//59 295//125 138//61
f 46//98 42//116 92//117
f 131//205 134//211 136//53
f 136//53 316//55 131//205
f 145//56 136//53 298//126
f 296//51 161//50 256//54
f 307//332 302//331 42//116
f 156//64 151//208 152//321
f 255//84 253//203 316//55
f 40//93 82//94 42//116
f 160//328 234//244 224//307
f 215//302 97//187 317//154
f 317//154 313//43 215//302
f 300//42 87//68 313//43
f 307//332 82//94 304//334
f 48//99 82//94 43//80
f 42//116 304//334 92//117
f 304//334 42//116 302//331
f 111//186 126//191 317//154
f 79//131 92//117 48//99
f 317//154 126//191 95//155
f 131//205 317//154 133//156
f 92//117 304//334 82//94
f 82//94 307//332 42//116
f 136//53 134//211 132//202
f 303//329 157//44 306//46
f 138//61 295//125 154//62
f 162//70 94//200 163//69
f 97//187 96//197 103//192
f 216//242 303//329 215//302
f 50//96 97//187 303//329
f 303//329 97//187 215//302
f 253//203 274//260 313//43
f 96//197 95//155 102//196
f 337//335 322//336 319//337
f 319//337 331//338 325//339
f 320//340 319//337 325//339
f 331//338 319//337 130//341
f 337//335 319//337 320//340
f 319//337 321//342 130//341
f 328//343 119//344 130//341
f 330//345 324//346 119//344
f 130//341 321//342 328//343
f 119//344 324//346 130//341
f 328//343 327//347 119//344
f 324//346 323//348 130//341
f 324//346 320//340 323//348
f 320//340 324//346 337//335
f 327//347 446//349 330//345
f 446//349 337//335 324//346
f 119//344 327//347 330//345
f 446//349 324//346 330//345
f 318//350 130//341 323//348
f 325//339 323//348 320//340
f 332//351 323//348 325//339
f 332//351 331//338 323//348
f 331//338 334//352 323//348
f 332//351 325//339 333//353
f 334//352 318//350 323//348
f 331//338 329//354 334//352
f 318//350 334//352 335//355
f 896//356 334//352 329//354
f 336//357 335//355 334//352
f 336//357 334//352 896//356
f 335//355 336//357 329//354
f 329//354 331//338 335//355
f 335//355 331//338 318//350
f 331//338 130//341 318//350
f 332//351 326//358 331//338
f 331//338 326//358 325//339
f 325//339 326//358 333//353
f 333//353 326//358 332//351
f 896//356 329//354 336//357
f 339//359 341//360 340//361
f 341//360 344//362 340//361
f 342//363 344//362 341//360
f 346//364 343//365 342//363
f 343//365 338//366 340//361
f 344//362 343//365 340//361
f 351//367 350//368 345//369
f 338//366 343//365 346//364
f 342//363 343//365 344//362
f 338//366 339//359 340//361
f 52//370 83//371 348//372
f 345//369 352//373 351//367
f 367//374 355//375 354//376
f 348//372 347//377 52//370
f 348//372 83//371 54//378
f 352//373 345//369 348//372
f 69//379 351//367 353//380
f 349//381 345//369 350//368
f 355//375 349//381 350//368
f 345//369 349//381 367//374
f 69//379 54//378 52//370
f 367//374 349//381 373//382
f 354//376 69//379 52//370
f 52//370 54//378 83//371
f 348//372 345//369 347//377
f 354//376 52//370 347//377
f 367//374 347//377 345//369
f 367//374 354//376 347//377
f 367//374 373//382 368//383
f 360//384 357//385 361//386
f 364//387 360//384 374//388
f 369//389 361//386 368//383
f 362//390 339//359 338//366
f 373//382 362//390 363//391
f 351//367 69//379 355//375
f 339//359 369//389 370//392
f 361//386 375//393 1006//394
f 351//367 355//375 350//368
f 366//395 54//378 69//379
f 69//379 353//380 366//395
f 353//380 358//396 366//395
f 355//375 69//379 354//376
f 355//375 367//374 368//383
f 355//375 368//383 349//381
f 373//382 369//389 368//383
f 362//390 369//389 339//359
f 362//390 361//386 369//389
f 346//364 341//360 339//359
f 373//382 370//392 369//389
f 371//397 356//398 370//392
f 363//391 338//366 356//398
f 338//366 370//392 356//398
f 373//382 349//381 372//399
f 357//385 372//399 349//381
f 357//385 349//381 361//386
f 362//390 372//399 375//393
f 375//393 372//399 357//385
f 370//392 346//364 339//359
f 375//393 361//386 362//390
f 346//364 342//363 341//360
f 1008//400 1007//401 360//384
f 370//392 338//366 346//364
f 356//398 371//397 979//402
f 359//403 356//398 979//402
f 359//403 979//402 371//397
f 371//397 370//392 363//391
f 371//397 363//391 359//403
f 359//403 363//391 356//398
f 363//391 362//390 338//366
f 373//382 363//391 370//392
f 368//383 361//386 349//381
f 1007//401 374//388 360//384
f 365//404 360//384 364//387
f 360//384 365//404 375//393
f 1007//401 361//386 374//388
f 374//388 361//386 364//387
f 1008//400 360//384 361//386
f 1008//400 361//386 1007//401
f 375//393 357//385 360//384
f 362//390 373//382 372//399
f 365//404 364//387 375//393
f 1006//394 375//393 364//387
f 361//386 1006//394 364//387
f 386//405 387//406 389//407
f 389//407 388//408 386//405
f 385//409 384//410 397//411
f 407//412 380//413 410//414
f 405//415 376//416 378//417
f 414//418 386//405 416//419
f 379//420 376//416 1118//421
f 402//422 407//412 400//423
f 394//424 392//425 390//426
f 394//424 383//427 392//425
f 394//424 381//428 383//427
f 411//429 382//430 383//427
f 411//429 383//427 381//428
f 390//426 403//431 383//427
f 381//428 382//430 411//429
f 378//417 1103//432 377//433
f 380//413 406//434 410//414
f 405//415 378//417 377//433
f 377//433 406//434 380//413
f 380//413 407//412 1103//432
f 392//425 404//435 422//436
f 404//435 392//425 403//431
f 405//415 379//420 1118//421
f 1118//421 376//416 405//415
f 409//437 422//436 401//438
f 422//436 390//426 392//425
f 410//414 401//438 404//435
f 376//416 379//420 378//417
f 379//420 1103//432 378//417
f 401//438 408//439 409//437
f 398//440 384//410 421//441
f 384//410 396//442 421//441
f 421//441 396//442 420//443
f 414//418 420//443 396//442
f 388//408 393//444 395//445
f 419//446 393//444 418//447
f 49//448 417//449 418//447
f 388//408 49//448 393//444
f 417//449 49//448 395//445
f 49//448 415//450 395//445
f 415//450 49//448 416//419
f 49//448 418//447 393//444
f 388//408 416//419 49//448
f 413//451 416//419 389//407
f 389//407 385//409 413//451
f 416//419 413//451 414//418
f 397//411 414//418 413//451
f 420//443 414//418 397//411
f 397//411 412//452 420//443
f 391//453 421//441 420//443
f 398//440 399//454 408//439
f 397//411 398//440 412//452
f 391//453 420//443 412//452
f 412//452 408//439 391//453
f 412//452 398//440 408//439
f 398//440 400//423 399//454
f 409//437 407//412 410//414
f 382//430 390//426 383//427
f 382//430 381//428 390//426
f 390//426 381//428 394//424
f 422//436 403//431 390//426
f 403//431 422//436 409//437
f 408//439 399//454 409//437
f 403//431 409//437 410//414
f 407//412 409//437 399//454
f 406//434 377//433 407//412
f 406//434 407//412 402//422
f 405//415 377//433 380//413
f 379//420 405//415 380//413
f 377//433 1103//432 407//412
f 380//413 1103//432 379//420
f 392//425 383//427 403//431
f 410//414 404//435 403//431
f 401//438 410//414 402//422
f 401//438 422//436 404//435
f 402//422 410//414 406//434
f 407//412 399//454 400//423
f 402//422 400//423 401//438
f 408//439 401//438 391//453
f 400//423 391//453 401//438
f 391//453 400//423 421//441
f 400//423 398//440 421//441
f 384//410 398//440 397//411
f 385//409 396//442 384//410
f 414//418 396//442 386//405
f 413//451 385//409 397//411
f 386//405 396//442 385//409
f 389//407 416//419 388//408
f 388//408 415//450 386//405
f 415//450 416//419 386//405
f 388//408 395//445 415//450
f 386//405 385//409 387//406
f 385//409 389//407 387//406
f 462//455 424//456 499//457
f 428//458 463//459 472//460
f 430//461 472//460 471//462
f 427//463 428//458 426//464
f 472//465 471//466 470//467
f 463//459 430//461 471//462
f 430//461 428//458 472//460
f 472//460 463//459 471//462
f 486//468 428//458 467//469
f 430//461 426//464 428//458
f 486//468 1209//470 428//458
f 1209//470 467//469 463//459
f 428//458 427//463 467//469
f 486//468 467//469 1209//470
f 469//471 485//472 1214//473
f 1214//473 468//474 429//475
f 469//471 429//475 487//476
f 469//471 1214//473 429//475
f 427//463 429//475 467//469
f 467//469 429//475 426//464
f 442//477 443//478 441//479
f 1178//480 443//478 442//477
f 500//481 438//482 458//483
f 440//484 438//482 435//485
f 440//484 476//486 500//481
f 435//485 476//486 440//484
f 476//486 433//487 431//488
f 1209//470 463//459 428//458
f 467//469 426//464 463//459
f 437//489 454//490 466//491
f 445//492 424//456 466//491
f 500//481 423//493 438//482
f 466//491 436//494 445//492
f 437//489 466//491 424//456
f 446//495 497//496 464//497
f 473//498 446//495 495//499
f 495//499 496//500 452//501
f 464//497 436//494 466//491
f 499//457 424//456 498//502
f 456//503 437//489 462//455
f 462//455 455//504 457//505
f 433//487 476//486 435//485
f 477//506 493//507 489//508
f 501//509 425//510 482//511
f 501//509 482//511 480//512
f 480//512 482//511 479//513
f 453//514 480//512 479//513
f 491//515 481//516 490//517
f 453//514 481//516 478//518
f 479//513 490//517 481//516
f 448//519 484//520 483//521
f 459//522 465//523 448//519
f 459//522 484//520 465//523
f 429//475 468//474 426//464
f 426//464 430//461 463//459
f 468//474 487//476 427//463
f 487//476 429//475 427//463
f 485//472 469//471 487//476
f 461//524 449//525 487//476
f 461//524 468//474 444//526
f 468//474 494//527 444//526
f 483//521 461//524 444//526
f 448//519 461//524 488//528
f 449//525 461//524 448//519
f 488//528 461//524 483//521
f 444//526 449//525 483//521
f 484//520 488//528 483//521
f 465//523 484//520 448//519
f 444//526 425//510 449//525
f 450//529 477//506 444//526
f 432//530 460//531 493//507
f 490//517 444//526 477//506
f 492//532 490//517 501//509
f 454//490 445//492 491//515
f 453//514 479//513 481//516
f 454//490 453//514 474//533
f 492//532 453//514 454//490
f 445//492 454//490 451//534
f 480//512 453//514 492//532
f 501//509 450//529 425//510
f 450//529 494//527 425//510
f 444//526 494//527 450//529
f 493//507 450//529 489//508
f 493//507 460//531 450//529
f 489//508 450//529 501//509
f 441//479 432//530 1178//480
f 441//479 493//507 477//506
f 441//479 477//506 460//531
f 443//478 493//507 441//479
f 443//478 432//530 493//507
f 432//530 441//479 460//531
f 443//478 1178//480 432//530
f 468//474 461//524 487//476
f 426//464 468//474 427//463
f 488//528 484//520 459//522
f 448//519 488//528 459//522
f 483//521 449//525 448//519
f 487//476 449//525 485//472
f 485//472 449//525 494//527
f 482//511 425//510 444//526
f 482//511 444//526 490//517
f 490//517 479//513 482//511
f 441//479 1178//480 442//477
f 451//534 456//503 457//505
f 423//493 435//485 438//482
f 498//502 424//456 445//492
f 494//527 468//474 485//472
f 446//495 473//498 447//535
f 495//499 452//501 502//536
f 468//474 1214//473 485//472
f 466//491 474//533 464//497
f 452//501 496//500 474//533
f 495//499 464//497 496//500
f 474//533 496//500 464//497
f 474//533 466//491 454//490
f 446//495 464//497 495//499
f 451//534 498//502 445//492
f 481//516 445//492 436//494
f 449//525 425//510 494//527
f 460//531 477//506 450//529
f 498//502 451//534 499//457
f 456//503 451//534 437//489
f 499//457 451//534 457//505
f 462//455 437//489 424//456
f 455//504 458//483 457//505
f 455//504 500//481 458//483
f 455//504 440//484 500//481
f 454//490 437//489 451//534
f 489//508 490//517 477//506
f 462//455 457//505 456//503
f 497//496 446//495 452//501
f 500//481 476//486 431//488
f 431//488 433//487 500//481
f 423//493 500//481 433//487
f 435//485 423//493 433//487
f 438//482 440//484 439//537
f 439//537 458//483 438//482
f 439//537 440//484 455//504
f 455//504 475//538 439//537
f 458//483 475//538 457//505
f 439//537 475//538 458//483
f 462//455 475//538 455//504
f 457//505 475//538 499//457
f 499//457 475//538 462//455
f 490//517 489//508 501//509
f 492//532 501//509 480//512
f 492//532 491//515 490//517
f 491//515 492//532 454//490
f 481//516 491//515 445//492
f 453//514 478//518 474//533
f 478//518 481//516 436//494
f 478//518 436//494 452//501
f 464//497 497//496 452//501
f 464//497 452//501 436//494
f 452//501 474//533 478//518
f 452//501 446//495 502//536
f 446//495 434//539 502//536
f 473//498 495//499 121//540
f 502//536 121//540 495//499
f 509//541 511//542 505//543
f 506//544 510//545 507//546
f 510//545 506//544 505//543
f 509//541 507//546 508//547
f 506//544 507//546 509//541
f 508//547 511//542 509//541
f 510//545 505//543 508//547
f 511//542 508//547 505//543
f 508//547 507//546 510//545
f 506//544 509//541 515//548
f 505//543 534//549 535//550
f 505//543 506//544 534//549
f 517//551 524//552 525//553
f 503//554 237//555 524//552
f 529//556 514//557 503//554
f 513//558 514//557 523//559
f 523//559 17//560 513//558
f 521//561 249//562 243//563
f 513//558 521//561 243//563
f 513//558 243//563 514//557
f 249//562 242//564 522//565
f 249//562 250//566 519//567
f 519//567 250//566 520//568
f 519//567 520//568 503//554
f 512//569 518//570 519//567
f 518//570 514//557 519//567
f 516//571 517//551 512//569
f 1316//572 516//571 512//569
f 528//573 532//574 517//551
f 529//556 523//559 514//557
f 517//551 516//571 528//573
f 237//555 525//553 524//552
f 237//555 503//554 514//557
f 249//562 521//561 242//564
f 249//562 520//568 250//566
f 529//556 503//554 520//568
f 524//552 533//575 1316//572
f 514//557 518//570 525//553
f 525//553 518//570 517//551
f 249//562 519//567 514//557
f 517//551 518//570 512//569
f 243//563 249//562 514//557
f 525//553 237//555 514//557
f 517//551 532//574 524//552
f 1288//576 538//577 537//578
f 535//550 534//549 530//579
f 527//580 536//581 538//577
f 527//580 538//577 1288//576
f 516//571 533//575 540//582
f 512//569 503//554 524//552
f 532//574 541//583 530//579
f 520//568 249//562 529//556
f 541//583 534//549 504//584
f 519//567 503//554 512//569
f 249//562 522//565 526//585
f 249//562 526//585 529//556
f 524//552 1316//572 512//569
f 516//571 1316//572 533//575
f 524//552 532//574 533//575
f 532//574 530//579 533//575
f 534//549 541//583 533//575
f 534//549 533//575 530//579
f 515//548 505//543 535//550
f 530//579 536//581 535//550
f 530//579 537//578 536//581
f 540//582 539//586 528//573
f 528//573 516//571 540//582
f 528//573 539//586 532//574
f 504//584 515//548 535//550
f 539//586 543//587 541//583
f 543//587 539//586 531//588
f 505//543 515//548 509//541
f 538//577 536//581 537//578
f 527//580 1288//576 537//578
f 537//578 504//584 535//550
f 504//584 534//549 506//544
f 535//550 536//581 527//580
f 527//580 537//578 535//550
f 506//544 515//548 504//584
f 537//578 541//583 504//584
f 540//582 541//583 543//587
f 540//582 533//575 541//583
f 540//582 543//587 542//589
f 542//589 543//587 531//588
f 539//586 540//582 542//589
f 541//583 532//574 539//586
f 537//578 530//579 541//583
f 542//589 531//588 539//586
f 578//590 591//591 577//592
f 548//593 581//594 587//595
f 548//593 583//596 549//597
f 550//598 587//595 586//599
f 587//600 586//601 585//602
f 581//594 550//598 586//599
f 550//598 548//593 587//595
f 587//595 581//594 586//599
f 550//598 547//603 548//593
f 584//604 601//605 582//606
f 584//604 549//597 583//596
f 584//604 582//606 549//597
f 581//594 549//597 582//606
f 548//593 549//597 581//594
f 581//594 582//606 547//603
f 560//607 552//608 606//609
f 544//610 559//611 573//612
f 615//613 544//610 614//614
f 557//615 559//611 556//616
f 555//617 557//615 556//616
f 555//617 554//618 557//615
f 554//618 555//617 551//619
f 566//620 569//621 545//622
f 545//622 613//623 591//591
f 545//622 558//624 561//625
f 578//590 545//622 591//591
f 285//626 562//627 567//628
f 275//629 608//630 589//631
f 275//629 609//632 608//630
f 567//628 558//624 545//622
f 577//592 591//591 613//623
f 570//633 545//622 578//590
f 578//590 593//634 572//635
f 266//636 617//637 611//638
f 616//639 546//640 599//641
f 616//639 599//641 598//642
f 598//642 599//641 597//643
f 568//644 598//642 597//643
f 604//645 558//624 596//646
f 568//644 558//624 595//647
f 597//643 596//646 558//624
f 600//648 564//649 579//650
f 584//604 579//650 1387//651
f 602//652 580//653 563//654
f 601//605 584//604 565//655
f 582//606 583//596 547//603
f 547//603 550//598 581//594
f 548//593 547//603 583//596
f 576//656 579//650 583//596
f 601//605 565//655 603//657
f 576//656 583//596 603//657
f 583//596 601//605 603//657
f 576//656 602//652 563//654
f 600//648 602//652 576//656
f 579//650 576//656 563//654
f 603//657 564//649 600//648
f 602//652 600//648 571//658
f 571//658 600//648 580//653
f 553//659 575//660 574//661
f 596//646 603//657 594//662
f 605//663 596//646 616//639
f 569//621 561//625 604//645
f 568//644 597//643 558//624
f 569//621 568//644 590//664
f 605//663 568//644 569//621
f 561//625 569//621 566//620
f 598//642 568//644 605//663
f 616//639 565//655 546//640
f 599//641 564//649 596//646
f 574//661 565//655 594//662
f 574//661 575//660 565//655
f 594//662 565//655 616//639
f 606//609 553//659 607//665
f 606//609 574//661 594//662
f 553//659 594//662 575//660
f 574//661 606//609 552//608
f 594//662 603//657 575//660
f 553//659 606//609 594//662
f 560//607 607//665 553//659
f 600//648 563//654 580//653
f 600//648 579//650 563//654
f 583//596 579//650 584//604
f 564//649 1387//651 579//650
f 584//604 1387//651 565//655
f 599//641 546//640 564//649
f 546//640 1387//651 564//649
f 596//646 597//643 599//641
f 602//652 571//658 580//653
f 606//609 607//665 560//607
f 577//592 570//633 572//635
f 544//610 556//616 559//611
f 588//666 293//667 612//668
f 285//626 275//629 589//631
f 613//623 545//622 561//625
f 583//596 582//606 601//605
f 545//622 590//664 567//628
f 608//630 609//632 590//664
f 275//629 567//628 609//632
f 590//664 609//632 567//628
f 590//664 545//622 569//621
f 611//638 268//669 567//628
f 567//628 562//627 611//638
f 566//620 613//623 561//625
f 275//629 285//626 567//628
f 1387//651 546//640 565//655
f 575//660 603//657 565//655
f 600//648 576//656 603//657
f 613//623 566//620 577//592
f 570//633 577//592 566//620
f 573//612 572//635 614//614
f 593//634 614//614 572//635
f 614//614 557//615 615//613
f 596//646 564//649 603//657
f 570//633 566//620 545//622
f 578//590 572//635 570//633
f 567//628 268//669 618//670
f 553//659 552//608 560//607
f 552//608 553//659 574//661
f 615//613 554//618 551//619
f 615//613 557//615 554//618
f 551//619 555//617 615//613
f 556//616 615//613 555//617
f 556//616 544//610 615//613
f 559//611 557//615 614//614
f 573//612 614//614 544//610
f 573//612 559//611 593//634
f 593//634 559//611 614//614
f 593//634 592//671 573//612
f 573//612 592//671 572//635
f 578//590 592//671 593//634
f 572//635 592//671 577//592
f 577//592 592//671 578//590
f 596//646 594//662 616//639
f 605//663 616//639 598//642
f 605//663 604//645 596//646
f 604//645 605//663 569//621
f 558//624 604//645 561//625
f 568//644 595//647 590//664
f 595//647 558//624 567//628
f 608//630 595//647 618//670
f 608//630 590//664 595//647
f 595//647 567//628 618//670
f 268//669 617//637 618//670
f 617//637 268//669 611//638
f 610//672 608//630 618//670
f 266//636 612//668 617//637
f 610//672 612//668 265//673
f 610//672 617//637 612//668
f 612//668 266//636 611//638
f 267//674 610//672 618//670
f 610//672 267//674 617//637
f 588//666 612//668 611//638
f 617//637 267//674 618//670
f 608//630 610//672 589//631
f 637//675 636//676 664//677
f 638//678 636//676 637//675
f 629//679 640//680 671//681
f 652//682 653//683 651//684
f 641//685 651//684 653//683
f 626//686 627//687 653//683
f 625//688 622//689 634//690
f 652//682 629//679 626//686
f 627//687 626//686 658//691
f 643//692 630//693 665//694
f 637//675 623//695 649//696
f 638//678 678//697 634//690
f 639//698 623//695 637//675
f 636//676 638//678 648//699
f 644//700 654//701 669//702
f 638//678 651//684 650//703
f 652//682 654//701 640//680
f 652//682 638//678 654//701
f 650//703 655//704 637//675
f 694//705 638//678 696//706
f 637//675 696//706 638//678
f 639//698 665//694 623//695
f 639//698 634//690 622//689
f 633//707 675//708 693//709
f 675//708 634//690 678//697
f 663//710 664//677 683//711
f 681//712 664//677 663//710
f 663//710 685//713 684//714
f 663//710 687//715 685//713
f 686//716 635//717 687//715
f 686//716 663//710 683//711
f 686//716 687//715 663//710
f 681//712 663//710 684//714
f 683//711 664//677 648//699
f 681//712 682//718 664//677
f 648//699 684//714 683//711
f 681//712 648//699 682//718
f 637//675 664//677 682//718
f 682//718 639//698 637//675
f 684//714 648//699 681//712
f 621//719 680//720 679//721
f 676//722 679//721 680//720
f 649//696 677//723 650//703
f 649//696 675//708 677//723
f 675//708 649//696 634//690
f 675//708 679//721 676//722
f 675//708 633//707 679//721
f 658//691 670//724 674//725
f 629//679 659//726 658//691
f 659//726 670//724 658//691
f 658//691 626//686 629//679
f 670//724 673//727 660//728
f 659//726 673//727 670//724
f 660//728 672//729 674//725
f 660//728 673//727 672//729
f 674//725 672//729 627//687
f 674//725 627//687 658//691
f 659//726 653//683 672//729
f 653//683 627//687 672//729
f 653//683 652//682 626//686
f 639//698 682//718 648//699
f 648//699 638//678 639//698
f 654//701 655//704 645//730
f 654//701 637//675 655//704
f 673//727 659//726 672//729
f 694//731 695//732 696//733
f 639//698 638//678 634//690
f 638//678 694//705 654//701
f 652//682 651//684 638//678
f 651//684 655//704 650//703
f 645//730 655//704 651//684
f 645//730 669//702 654//701
f 645//730 651//684 641//685
f 641//685 628//734 645//730
f 643//692 666//735 630//693
f 649//696 623//695 625//688
f 625//688 634//690 649//696
f 632//736 630//693 666//735
f 661//737 668//738 662//739
f 631//740 661//737 620//741
f 667//742 631//740 668//738
f 647//743 632//736 619//744
f 631//740 666//735 662//739
f 638//678 650//703 677//723
f 619//744 624//745 623//695
f 647//743 630//693 632//736
f 620//741 632//736 631//740
f 631//740 662//739 668//738
f 661//737 662//739 620//741
f 631//740 667//742 661//737
f 668//738 661//737 667//742
f 632//736 666//735 631//740
f 620//741 666//735 643//692
f 622//689 665//694 639//698
f 630//693 623//695 665//694
f 620//741 662//739 666//735
f 696//706 637//675 654//701
f 654//701 694//705 696//706
f 674//725 670//724 660//728
f 653//683 659//726 629//679
f 266//746 657//747 644//700
f 657//747 266//746 656//748
f 656//748 266//746 644//700
f 656//748 644//700 669//702
f 623//695 630//693 647//743
f 637//675 649//696 650//703
f 286//749 646//750 641//685
f 641//685 671//681 642//751
f 619//744 622//689 624//745
f 693//709 675//708 678//697
f 648//699 664//677 636//676
f 671//681 640//680 642//751
f 671//681 653//683 629//679
f 693//709 677//723 676//722
f 676//722 680//720 693//709
f 680//720 633//707 693//709
f 688//752 689//753 683//711
f 685//713 691//754 686//716
f 684//714 685//713 686//716
f 689//755 688//756 690//757
f 689//753 686//716 683//711
f 688//752 684//714 686//716
f 684//714 688//752 683//711
f 692//758 691//754 687//715
f 635//717 691//754 692//758
f 692//758 687//715 635//717
f 688//752 686//716 689//753
f 691//754 685//713 687//715
f 677//723 693//709 678//697
f 675//708 676//722 677//723
f 621//719 633//707 680//720
f 679//721 633//707 621//719
f 657//747 646//750 644//700
f 640//680 644//700 641//685
f 286//749 641//685 644//700
f 644//700 646//750 286//749
f 628//734 641//685 646//750
f 635//717 686//716 691//754
f 640//680 654//701 644//700
f 620//741 619//744 632//736
f 619//744 643//692 665//694
f 622//689 619//744 665//694
f 619//744 620//741 643//692
f 619//744 623//695 647//743
f 641//685 653//683 671//681
f 642//751 640//680 641//685
f 640//680 629//679 652//682
f 625//688 624//745 622//689
f 624//745 625//688 623//695
f 677//723 678//697 638//678
f 715//759 702//760 699//761
f 699//761 709//762 704//763
f 700//764 699//761 704//763
f 709//762 699//761 697//765
f 715//759 699//761 700//764
f 699//761 701//766 697//765
f 697//765 701//766 706//767
f 706//767 708//768 697//765
f 697//765 700//764 703//769
f 700//764 708//768 715//759
f 698//770 697//765 703//769
f 704//763 703//769 700//764
f 710//771 703//769 704//763
f 710//771 709//762 703//769
f 709//762 712//772 703//769
f 710//771 704//763 711//773
f 712//772 698//770 703//769
f 709//762 707//774 712//772
f 698//770 712//772 713//775
f 1506//776 712//772 707//774
f 714//777 713//775 712//772
f 714//777 712//772 1506//776
f 713//775 714//777 707//774
f 707//774 709//762 713//775
f 713//775 709//762 698//770
f 709//762 697//765 698//770
f 710//771 705//778 709//762
f 709//762 705//778 704//763
f 704//763 705//778 711//773
f 711//773 705//778 710//771
f 1506//776 707//774 714//777
f 697//765 708//768 700//764
f 735//779 734//780 759//781
f 736//782 734//780 735//779
f 740//783 738//784 739//785
f 733//786 170//787 738//784
f 726//788 738//784 766//789
f 748//790 750//791 742//792
f 170//787 742//792 750//791
f 723//793 724//794 750//791
f 722//795 719//796 731//797
f 748//790 726//788 723//793
f 724//794 723//793 753//798
f 741//799 727//800 760//801
f 735//779 720//802 746//803
f 736//782 773//804 731//797
f 737//805 720//802 735//779
f 734//780 736//782 745//806
f 736//782 748//790 747//807
f 748//790 169//808 738//784
f 748//790 736//782 169//808
f 747//807 751//809 735//779
f 789//810 736//782 791//811
f 735//779 791//811 736//782
f 737//805 760//801 720//802
f 737//805 731//797 719//796
f 730//812 770//813 788//814
f 770//813 731//797 773//804
f 758//815 759//781 778//816
f 776//817 759//781 758//815
f 758//815 780//818 779//819
f 758//815 782//820 780//818
f 781//821 732//822 782//820
f 781//821 758//815 778//816
f 781//821 782//820 758//815
f 776//817 758//815 779//819
f 778//816 759//781 745//806
f 776//817 777//823 759//781
f 745//806 779//819 778//816
f 776//817 745//806 777//823
f 735//779 759//781 777//823
f 777//823 737//805 735//779
f 779//819 745//806 776//817
f 718//824 775//825 774//826
f 771//827 774//826 775//825
f 746//803 772//828 747//807
f 746//803 770//813 772//828
f 770//813 746//803 731//797
f 770//813 774//826 771//827
f 770//813 730//812 774//826
f 753//798 765//829 769//830
f 726//788 754//831 753//798
f 754//831 765//829 753//798
f 753//798 723//793 726//788
f 765//829 768//832 755//833
f 754//831 768//832 765//829
f 755//833 767//834 769//830
f 755//833 768//832 767//834
f 769//830 767//834 724//794
f 769//830 724//794 753//798
f 754//831 750//791 767//834
f 750//791 724//794 767//834
f 750//791 748//790 723//793
f 737//805 777//823 745//806
f 745//806 736//782 737//805
f 169//808 751//809 749//835
f 169//808 735//779 751//809
f 768//832 754//831 767//834
f 789//836 790//837 791//838
f 737//805 736//782 731//797
f 736//782 789//810 169//808
f 742//792 751//809 747//807
f 749//835 764//839 169//808
f 751//809 742//792 749//835
f 742//792 166//840 749//835
f 741//799 761//841 727//800
f 746//803 720//802 722//795
f 722//795 731//797 746//803
f 729//842 727//800 761//841
f 756//843 763//844 757//845
f 728//846 756//843 717//847
f 762//848 728//846 763//844
f 744//849 729//842 716//850
f 728//846 761//841 757//845
f 736//782 747//807 772//828
f 716//850 721//851 720//802
f 744//849 727//800 729//842
f 717//847 729//842 728//846
f 728//846 757//845 763//844
f 756//843 757//845 717//847
f 728//846 762//848 756//843
f 763//844 756//843 762//848
f 729//842 761//841 728//846
f 717//847 761//841 741//799
f 719//796 760//801 737//805
f 727//800 720//802 760//801
f 717//847 757//845 761//841
f 791//811 735//779 169//808
f 169//808 789//810 791//811
f 769//830 765//829 755//833
f 750//791 754//831 726//788
f 720//802 727//800 744//849
f 735//779 746//803 747//807
f 742//792 747//807 748//790
f 739//785 766//789 740//783
f 716//850 719//796 721//851
f 788//814 770//813 773//804
f 745//806 759//781 734//780
f 766//789 750//791 726//788
f 740//783 766//789 738//784
f 788//814 772//828 771//827
f 771//827 775//825 788//814
f 775//825 730//812 788//814
f 783//852 784//853 778//816
f 784//854 785//855 783//856
f 780//818 786//857 781//821
f 779//819 780//818 781//821
f 784//853 781//821 778//816
f 783//852 779//819 781//821
f 779//819 783//852 778//816
f 787//858 786//857 782//820
f 732//822 786//857 787//858
f 787//858 782//820 732//822
f 783//852 781//821 784//853
f 786//857 780//818 782//820
f 772//828 788//814 773//804
f 770//813 771//827 772//828
f 718//824 730//812 775//825
f 774//826 730//812 718//824
f 166//840 725//859 749//835
f 764//839 733//786 738//784
f 170//787 739//785 738//784
f 733//786 743//860 170//787
f 738//784 169//808 764//839
f 742//792 170//787 166//840
f 166//840 170//787 743//860
f 752//861 733//786 764//839
f 732//822 781//821 786//857
f 717//847 716//850 729//842
f 716//850 741//799 760//801
f 719//796 716//850 760//801
f 716//850 717//847 741//799
f 716//850 720//802 744//849
f 739//785 750//791 766//789
f 738//784 726//788 748//790
f 722//795 721//851 719//796
f 721//851 722//795 720//802
f 750//791 739//785 170//787
f 772//828 773//804 736//782
f 794//862 796//863 797//864
f 798//865 797//864 796//863
f 802//866 1640//867 798//865
f 797//864 799//868 1640//867
f 1640//867 795//869 797//864
f 800//870 799//868 797//864
f 798//865 800//870 797//864
f 795//869 1640//867 802//866
f 798//865 1640//867 799//868
f 793//871 794//862 795//869
f 797//864 795//869 794//862
f 801//872 807//873 806//874
f 822//875 811//876 792//877
f 172//878 810//879 792//877
f 803//880 810//879 809//881
f 807//873 801//872 803//880
f 172//878 805//882 801//872
f 804//883 801//872 805//882
f 811//876 804//883 805//882
f 801//872 804//883 822//875
f 172//878 809//881 810//879
f 822//875 804//883 817//884
f 810//879 833//885 832//886
f 810//879 803//880 833//885
f 803//880 801//872 833//885
f 822//875 833//885 801//872
f 822//875 792//877 833//885
f 792//877 810//879 832//886
f 832//886 833//885 792//877
f 822//875 817//884 823//887
f 795//869 802//866 793//871
f 1701//888 829//889 828//890
f 817//884 815//891 794//862
f 820//892 1701//888 828//890
f 824//893 815//891 823//887
f 806//874 172//878 801//872
f 817//884 794//862 793//871
f 794//862 824//893 825//894
f 815//891 827//895 830//896
f 172//878 811//876 805//882
f 818//897 809//881 172//878
f 172//878 808//898 813//899
f 172//878 806//874 808//898
f 172//878 813//899 818//897
f 811//876 172//878 792//877
f 811//876 822//875 823//887
f 811//876 823//887 804//883
f 817//884 824//893 823//887
f 815//891 824//893 794//862
f 802//866 796//863 794//862
f 817//884 825//894 824//893
f 826//900 812//901 825//894
f 819//902 793//871 812//901
f 793//871 825//894 812//901
f 817//884 804//883 816//903
f 829//889 816//903 804//883
f 816//903 827//895 817//884
f 829//889 804//883 815//891
f 829//889 1701//888 827//895
f 827//895 816//903 829//889
f 825//894 802//866 794//862
f 802//866 798//865 796//863
f 1703//904 831//905 829//889
f 827//895 815//891 817//884
f 825//894 793//871 802//866
f 812//901 826//900 1674//906
f 814//907 812//901 1674//906
f 814//907 1674//906 826//900
f 826//900 825//894 819//902
f 826//900 819//902 814//907
f 814//907 819//902 812//901
f 819//902 817//884 793//871
f 817//884 819//902 825//894
f 823//887 815//891 804//883
f 831//905 828//890 829//889
f 821//908 1701//888 820//892
f 1701//888 821//908 827//895
f 831//905 815//891 828//890
f 828//890 815//891 820//892
f 1703//904 829//889 815//891
f 1703//904 815//891 831//905
f 821//908 820//892 827//895
f 830//896 827//895 820//892
f 815//891 830//896 820//892
f 799//868 800//870 798//865
f 841//909 176//910 835//911
f 845//912 840//913 850//914
f 847//915 176//910 841//909
f 847//915 844//916 176//910
f 201//917 851//918 838//919
f 201//917 835//911 851//918
f 845//912 852//920 840//913
f 843//921 840//913 852//920
f 848//922 854//923 849//924
f 842//925 848//922 834//926
f 839//927 842//925 854//923
f 835//911 191//928 851//918
f 841//909 835//911 838//919
f 838//919 835//911 201//917
f 846//929 843//921 191//928
f 842//925 852//920 849//924
f 191//928 837//930 836//931
f 846//929 840//913 843//921
f 853//932 848//922 839//927
f 834//926 843//921 842//925
f 842//925 849//924 854//923
f 848//922 849//924 834//926
f 842//925 839//927 848//922
f 854//923 848//922 853//932
f 839//927 854//923 853//932
f 843//921 852//920 842//925
f 834//926 852//920 845//912
f 844//916 850//914 176//910
f 844//916 851//918 191//928
f 176//910 850//914 836//931
f 850//914 844//916 191//928
f 840//913 836//931 850//914
f 834//926 849//924 852//920
f 836//931 840//913 846//929
f 191//928 835//911 837//930
f 834//926 191//928 843//921
f 191//928 845//912 850//914
f 191//928 834//926 845//912
f 191//928 836//931 846//929
f 837//930 176//910 836//931
f 837//930 835//911 176//910
f 859//933 858//934 860//935
f 858//934 861//936 860//935
f 860//935 861//936 859//933
f 856//937 858//934 857//938
f 861//936 858//934 856//937
f 857//938 855//939 856//937
f 857//938 858//934 855//939
f 855//939 858//934 859//933
f 855//939 861//936 856//937
f 855//939 859//933 861//936
f 864//940 871//941 868//942
f 871//941 862//943 868//942
f 868//942 862//943 863//944
f 863//944 862//943 865//945
f 865//945 864//940 868//942
f 864//940 865//945 862//943
f 868//942 867//946 865//945
f 863//944 867//946 868//942
f 867//946 863//944 866//947
f 866//947 865//945 867//946
f 866//947 863//944 865//945
f 864//940 862//943 869//948
f 869//948 871//941 864//940
f 862//943 871//941 869//948
f 871//949 870//949 872//949
f 871//949 872//949 870//949
f 873//950 853//951 876//952
f 853//951 874//953 876//952
f 876//952 875//954 877//955
f 873//950 876//952 877//955
f 873//950 877//955 874//953
f 874//953 875//954 876//952
f 874//953 853//951 873//950
f 874//953 877//955 875//954
f 880//956 885//957 882//958
f 883//959 880//956 882//958
f 879//960 878//961 880//956
f 883//959 884//962 881//963
f 883//959 881//963 880//956
f 879//960 885//957 878//961
f 885//957 880//956 878//961
f 881//963 882//958 879//960
f 884//962 882//958 881//963
f 879//960 882//958 885//957
f 883//959 882//958 884//962
f 880//956 881//963 879//960
f 888//949 886//949 887//949
f 888//949 887//949 886//949
f 890//964 889//965 891//966
f 891//966 889//965 890//964
f 893//967 894//968 892//969
f 896//970 894//968 897//971
f 895//972 894//968 896//970
f 896//970 893//967 895//972
f 895//972 892//969 894//968
f 897//971 893//967 896//970
f 894//968 893//967 897//971
f 893//967 892//969 895//972
f 899//973 903//974 904//975
f 901//976 899//973 904//975
f 901//976 902//977 900//978
f 903//974 899//973 336//979
f 900//978 904//975 898//980
f 898//980 899//973 900//978
f 902//977 901//976 904//975
f 336//979 898//980 903//974
f 898//980 904//975 903//974
f 902//977 904//975 900//978
f 901//976 900//978 899//973
f 899//973 898//980 336//979
f 921//981 916//982 911//983
f 915//984 911//983 905//985
f 911//983 916//982 913//986
f 909//987 912//988 914//989
f 920//990 916//982 921//981
f 905//985 911//983 914//989
f 916//982 915//984 907//991
f 905//985 916//982 910//992
f 912//988 905//985 914//989
f 912//988 913//986 905//985
f 906//993 907//991 915//984
f 912//988 908//994 913//986
f 911//983 913//986 914//989
f 916//982 920//990 915//984
f 921//981 911//983 920//990
f 916//982 906//993 910//992
f 907//991 906//993 916//982
f 915//984 910//992 906//993
f 915//984 905//985 910//992
f 916//982 905//985 913//986
f 915//984 920//990 911//983
f 914//989 908//994 909//987
f 909//987 908//994 912//988
f 914//989 913//986 908//994
f 927//995 919//996 924//997
f 917//998 922//999 919//996
f 917//998 919//996 920//1000
f 921//1001 920//1000 919//996
f 917//998 920//1000 921//1001
f 925//1002 927//995 924//997
f 923//1003 924//997 922//999
f 924//997 926//1004 925//1002
f 923//1003 926//1004 924//997
f 925//1002 923//1003 922//999
f 925//1002 922//999 927//995
f 922//999 924//997 919//996
f 917//998 927//995 922//999
f 918//1005 917//998 921//1001
f 927//995 917//998 918//1005
f 919//996 927//995 918//1005
f 918//1005 921//1001 919//996
f 925//1002 926//1004 923//1003
f 931//1006 934//1007 935//1008
f 930//1009 933//1010 936//1011
f 933//1010 937//1012 931//1006
f 928//1013 934//1007 929//1014
f 938//1015 930//1009 936//1011
f 932//1016 934//1007 933//1010
f 932//1016 933//1010 930//1009
f 931//1006 935//1008 936//1011
f 931//1006 936//1011 933//1010
f 928//1013 929//1014 937//1012
f 938//1015 936//1011 935//1008
f 934//1007 932//1016 935//1008
f 932//1016 930//1009 938//1015
f 935//1008 932//1016 938//1015
f 931//1006 929//1014 934//1007
f 934//1007 928//1013 937//1012
f 931//1006 937//1012 929//1014
f 937//1012 933//1010 934//1007
f 931//1017 939//1018 940//1019
f 941//1020 931//1017 940//1019
f 940//1019 939//1018 941//1020
f 941//1020 939//1018 931//1017
f 1032//1021 944//1022 942//1023
f 1032//1021 942//1023 1033//1024
f 946//1025 945//1026 947//1027
f 947//1027 945//1026 946//1025
f 950//949 948//949 949//949
f 950//949 949//949 948//949
f 951//1028 343//1029 956//1030
f 955//1031 952//1032 956//1030
f 343//1029 951//1028 955//1031
f 952//1032 953//1033 951//1028
f 953//1033 955//1031 954//1034
f 955//1031 951//1028 954//1034
f 954//1034 951//1028 953//1033
f 955//1031 953//1033 952//1032
f 343//1029 955//1031 956//1030
f 952//1032 951//1028 956//1030
f 958//1035 957//1036 960//1037
f 958//1035 960//1037 959//1038
f 957//1036 959//1038 960//1037
f 957//1036 958//1035 959//1038
f 963//1039 962//1040 958//1041
f 961//1042 964//1043 963//1039
f 964//1043 965//1044 963//1039
f 965//1044 964//1043 961//1042
f 963//1039 958//1041 961//1042
f 965//1044 962//1040 963//1039
f 961//1042 962//1040 965//1044
f 958//1041 962//1040 961//1042
f 973//1045 977//1046 967//1047
f 975//1048 968//1049 977//1046
f 966//1050 976//1051 977//1046
f 973//1045 976//1051 966//1050
f 977//1046 976//1051 975//1048
f 973//1045 966//1050 977//1046
f 967//1047 977//1046 968//1049
f 968//1049 969//1052 967//1047
f 970//1053 968//1049 964//1054
f 971//1055 964//1054 968//1049
f 969//1052 971//1055 975//1048
f 971//1055 968//1049 975//1048
f 970//1053 964//1054 974//1056
f 967//1047 975//1048 976//1051
f 969//1052 968//1049 970//1053
f 972//1057 974//1056 971//1055
f 967//1047 976//1051 973//1045
f 975//1048 967//1047 969//1052
f 969//1052 972//1057 971//1055
f 971//1055 974//1056 964//1054
f 970//1053 972//1057 969//1052
f 970//1053 974//1056 972//1057
f 979//1058 978//1059 980//1060
f 979//1058 980//1060 982//1061
f 979//1058 982//1061 978//1059
f 981//1062 986//1063 984//1064
f 982//1061 984//1064 983//1065
f 981//1062 984//1064 982//1061
f 986//1063 981//1062 985//1066
f 984//1064 986//1063 985//1066
f 983//1065 984//1064 985//1066
f 985//1066 981//1062 983//1065
f 981//1062 980//1060 983//1065
f 982//1061 980//1060 981//1062
f 978//1059 982//1061 983//1065
f 983//1065 980//1060 978//1059
f 983//1067 989//1068 988//1069
f 987//1070 983//1067 988//1069
f 989//1068 983//1067 987//1070
f 987//1070 988//1069 989//1068
f 997//1071 991//1072 990//1073
f 997//1071 994//1074 992//1075
f 995//1076 994//1074 990//1073
f 992//1075 991//1072 993//1077
f 997//1071 992//1075 993//1077
f 996//1078 995//1076 990//1073
f 996//1078 990//1073 991//1072
f 998//1079 996//1078 991//1072
f 998//1079 991//1072 994//1074
f 994//1074 997//1071 990//1073
f 996//1078 998//1079 994//1074
f 997//1071 993//1077 991//1072
f 991//1072 992//1075 994//1074
f 994//1074 995//1076 996//1078
f 999//1080 990//1081 998//1082
f 998//1082 990//1081 999//1080
f 1006//1083 1005//1084 1004//1085
f 1004//1085 966//1086 360//1087
f 966//1086 1008//1088 1006//1083
f 966//1086 1006//1083 360//1087
f 1006//1083 1008//1088 1007//1089
f 1006//1083 365//1090 374//1091
f 1003//1092 1010//1093 374//1091
f 1002//1094 365//1090 1016//1095
f 1016//1095 1000//1096 1002//1094
f 1002//1094 1003//1092 365//1090
f 1018//1097 360//1087 1010//1093
f 1010//1093 1006//1083 374//1091
f 1010//1093 360//1087 1006//1083
f 1009//1098 1011//1099 1000//1096
f 1003//1092 1009//1098 1000//1096
f 966//1086 1005//1084 1008//1088
f 1006//1083 1018//1097 365//1090
f 1009//1098 1003//1092 1002//1094
f 1003//1092 1000//1096 1016//1095
f 365//1090 1003//1092 374//1091
f 1009//1098 1002//1094 1011//1099
f 1000//1096 1001//1100 1002//1094
f 360//1087 1018//1097 1004//1085
f 1006//1083 1004//1085 1018//1097
f 365//1090 1010//1093 1016//1095
f 1005//1084 1006//1083 1007//1089
f 1008//1088 1005//1084 1007//1089
f 1001//1100 1000//1096 1011//1099
f 1016//1095 1010//1093 1003//1092
f 365//1090 1018//1097 1010//1093
f 1002//1094 1001//1100 1011//1099
f 1012//1101 1016//1102 1019//1103
f 1015//1104 1017//1105 1019//1103
f 1019//1103 1018//1106 1015//1104
f 1014//1107 1019//1103 1017//1105
f 1014//1107 1013//1108 1019//1103
f 1015//1104 1012//1101 1017//1105
f 1012//1101 1014//1107 1017//1105
f 1016//1102 1015//1104 1018//1106
f 1012//1101 1015//1104 1016//1102
f 1018//1106 1019//1103 1016//1102
f 1013//1108 1012//1101 1019//1103
f 1013//1108 1014//1107 1012//1101
f 1024//1109 1020//1110 1021//1111
f 1021//1111 1023//1112 1025//1113
f 1021//1111 1022//1114 1024//1109
f 1023//1112 1024//1109 1022//1114
f 1023//1112 1021//1111 1020//1110
f 1024//1109 1023//1112 1020//1110
f 1025//1113 1023//1112 1022//1114
f 1025//1113 1022//1114 1021//1111
f 1031//1115 1027//1116 1030//1117
f 1026//1118 1030//1117 1027//1116
f 1028//1119 1029//1120 1027//1116
f 1026//1118 1031//1115 1030//1117
f 1028//1119 1027//1116 1031//1115
f 1028//1119 1026//1118 1029//1120
f 1028//1119 1031//1115 1026//1118
f 1027//1116 1029//1120 1026//1118
f 1034//1121 943//1122 1032//1021
f 1033//1024 943//1122 1034//1121
f 942//1023 944//1022 343//1123
f 945//1124 343//1123 944//1022
f 945//1124 944//1022 943//1122
f 942//1023 343//1123 945//1124
f 942//1023 945//1124 943//1122
f 1032//1021 943//1122 944//1022
f 943//1122 1033//1024 942//1023
f 1034//1121 1032//1021 1033//1024
f 1036//1125 1035//1126 1037//1127
f 1037//1127 1035//1126 1036//1125
f 1039//1128 1038//1129 1041//1130
f 1041//1130 1038//1129 1040//1131
f 1041//1130 1040//1131 1039//1128
f 1039//1128 1040//1131 1038//1129
f 1049//1132 1047//1133 1051//1134
f 1046//1135 1044//1136 1052//1137
f 1052//1137 1044//1136 1054//1138
f 1049//1132 1044//1136 1055//1139
f 1051//1134 1055//1139 1053//1140
f 1054//1138 1045//1141 1052//1137
f 1045//1141 1043//1142 1052//1137
f 1042//1143 1043//1142 1045//1141
f 1044//1136 1049//1132 1053//1140
f 1042//1143 1045//1141 1054//1138
f 1046//1135 1053//1140 1055//1139
f 1044//1136 1046//1135 1055//1139
f 1052//1137 1048//1144 1046//1135
f 1054//1138 1043//1142 1042//1143
f 1048//1144 1043//1142 1054//1138
f 1044//1136 1053//1140 1048//1144
f 1048//1144 1053//1140 1046//1135
f 1044//1136 1048//1144 1054//1138
f 1047//1133 1049//1132 1055//1139
f 1051//1134 1050//1145 1055//1139
f 1051//1134 1056//1146 1050//1145
f 1050//1145 1047//1133 1055//1139
f 1048//1144 1052//1137 1043//1142
f 1051//1134 1047//1133 1056//1146
f 1056//1146 1047//1133 1050//1145
f 1053//1140 1049//1132 1051//1134
f 1043//1147 1058//1148 1057//1149
f 1057//1149 1059//1150 1043//1147
f 1058//1148 1059//1150 1048//1151
f 1058//1148 1043//1147 1059//1150
f 1057//1149 1058//1148 1048//1151
f 1057//1149 1048//1151 1059//1150
f 1061//1152 1060//1153 1071//1154
f 1063//1155 1060//1153 1062//1156
f 1064//1157 1063//1155 1062//1156
f 1065//1158 1063//1155 1066//1159
f 1064//1157 1062//1156 1070//1160
f 1062//1156 1065//1158 1070//1160
f 1063//1155 1064//1157 1066//1159
f 1066//1159 1064//1157 1068//1161
f 1070//1160 1066//1159 1067//1162
f 1067//1162 1068//1161 1069//1163
f 1068//1161 1070//1160 1069//1163
f 1068//1161 1064//1157 1070//1160
f 1066//1159 1068//1161 1067//1162
f 1069//1163 1070//1160 1067//1162
f 1065//1158 1066//1159 1070//1160
f 1065//1158 1062//1156 1071//1154
f 1071//1154 1060//1153 1063//1155
f 1071//1154 1063//1155 1065//1158
f 1061//1152 1071//1154 1062//1156
f 1061//1152 1062//1156 1060//1153
f 1076//1164 1075//1165 1077//1166
f 1075//1165 1078//1167 1077//1166
f 1077//1166 1078//1167 1076//1164
f 1073//1168 1075//1165 1074//1169
f 1078//1167 1075//1165 1073//1168
f 1074//1169 1072//1170 1073//1168
f 1074//1169 1075//1165 1072//1170
f 1072//1170 1075//1165 1076//1164
f 1072//1170 1078//1167 1073//1168
f 1072//1170 1076//1164 1078//1167
f 1080//1171 1079//1172 1082//1173
f 1080//1171 1081//1174 1079//1172
f 1086//1175 1083//1176 1080//1171
f 1087//1177 1085//1178 1084//1179
f 1084//1179 1085//1178 1083//1176
f 1086//1175 1080//1171 1082//1173
f 1087//1177 1084//1179 1086//1175
f 1085//1178 1086//1175 1082//1173
f 1083//1176 1086//1175 1084//1179
f 1082//1173 1081//1174 1085//1178
f 1081//1174 1083//1176 1085//1178
f 1080//1171 1083//1176 1081//1174
f 1082//1173 1079//1172 1081//1174
f 1085//1178 1087//1177 1086//1175
f 1089//1180 1090//1181 1088//1182
f 1088//1182 1090//1181 1089//1180
f 1092//1183 1091//1183 1093//1183
f 1091//1183 1092//1183 1093//1183
f 1095//1184 1098//1185 1096//1186
f 1097//1187 1039//1188 1095//1184
f 1039//1188 1097//1187 1099//1189
f 1100//1190 1098//1185 1039//1188
f 1099//1189 1100//1190 1039//1188
f 1095//1184 1096//1186 1100//1190
f 1095//1184 1039//1188 1098//1185
f 1098//1185 1100//1190 1096//1186
f 1100//1190 1099//1189 1095//1184
f 1099//1189 1097//1187 1094//1191
f 1094//1191 1097//1187 1095//1184
f 1094//1191 1095//1184 1099//1189
f 1109//1192 1107//1193 1108//1194
f 1101//1195 1102//1196 1104//1197
f 1108//1194 1110//1198 1109//1192
f 1107//1193 1104//1197 1108//1194
f 1110//1198 1108//1194 1106//1199
f 1106//1199 1105//1200 1101//1195
f 1101//1195 1104//1197 1106//1199
f 1104//1197 1110//1198 1106//1199
f 1107//1193 1111//1201 1110//1198
f 1103//1202 1105//1200 1102//1196
f 1111//1201 1112//1203 1110//1198
f 1111//1201 1109//1192 1112//1203
f 1105//1200 1103//1202 1101//1195
f 1106//1199 1108//1194 1102//1196
f 1103//1202 1102//1196 1101//1195
f 1105//1200 1106//1199 1102//1196
f 1110//1198 1104//1197 1107//1193
f 1110//1198 1112//1203 1109//1192
f 1107//1193 1109//1192 1111//1201
f 1102//1196 1108//1194 1104//1197
f 1117//1204 1113//1205 1114//1206
f 1114//1206 1115//1207 1116//1208
f 1116//1208 1115//1207 1117//1204
f 1116//1208 1117//1204 1114//1206
f 1115//1207 1113//1205 1117//1204
f 1113//1205 1115//1207 1114//1206
f 1118//1209 1120//1210 1119//1211
f 1120//1210 1118//1209 1119//1211
f 1121//1212 1123//1213 1122//1214
f 1123//1213 1124//1215 1125//1216
f 1125//1216 1121//1212 1122//1214
f 1121//1212 1125//1216 1124//1215
f 1127//1217 1125//1216 1122//1214
f 1122//1214 1126//1218 1127//1217
f 1127//1217 1126//1218 1128//1219
f 1127//1217 1128//1219 1125//1216
f 1125//1216 1128//1219 1126//1218
f 1125//1216 1126//1218 1123//1213
f 1123//1213 1126//1218 1122//1214
f 1121//1212 1129//1220 1123//1213
f 1114//1221 1129//1220 1121//1212
f 1124//1215 1129//1220 1114//1221
f 1124//1215 1114//1221 1121//1212
f 1124//1215 1123//1213 1129//1220
f 1130//949 1131//1222 1132//949
f 1130//949 1132//949 1131//1222
f 1133//1223 1126//1224 1134//1225
f 1134//1225 1126//1224 1133//1223
f 1136//949 1127//1226 1135//1227
f 1135//1227 1127//1226 1136//949
f 1140//1228 1142//1229 1139//1230
f 1142//1229 1137//1231 1138//1232
f 1142//1229 1138//1232 1139//1230
f 1139//1230 1141//1233 1140//1228
f 1139//1230 1138//1232 1141//1233
f 1140//1228 1137//1231 1142//1229
f 1140//1228 1138//1232 1137//1231
f 1138//1232 1140//1228 1141//1233
f 1145//949 1144//949 1143//949
f 1145//949 1143//949 1144//949
f 1146//1234 1150//1235 1149//1236
f 1148//1237 1150//1235 1146//1234
f 1148//1237 1149//1236 1147//1238
f 1147//1238 1149//1236 1150//1235
f 1149//1236 1148//1237 1146//1234
f 1148//1237 1147//1238 1150//1235
f 1153//949 1152//949 1151//949
f 1153//949 1151//949 1152//949
f 431//949 1154//949 1155//949
f 431//949 1155//949 1154//949
f 1156//1239 1157//1240 1158//1241
f 1157//1240 1156//1239 1158//1241
f 1163//1242 1161//1243 1164//1244
f 1162//1245 1161//1243 1160//1246
f 1161//1243 1163//1242 1159//1247
f 1163//1242 1162//1245 1160//1246
f 1163//1242 1160//1246 1159//1247
f 1161//1243 1159//1247 1160//1246
f 1161//1243 1162//1245 1164//1244
f 1162//1245 1163//1242 1164//1244
f 1166//1248 1170//1249 440//1250
f 1166//1248 1169//1251 1167//1252
f 1167//1252 1165//1253 1168//1254
f 1165//1253 1170//1249 1168//1254
f 1166//1248 440//1250 1169//1251
f 1170//1249 1169//1251 440//1250
f 1170//1249 1165//1253 1169//1251
f 1167//1252 1168//1254 1170//1249
f 1166//1248 1167//1252 1170//1249
f 1169//1251 1165//1253 1167//1252
f 1173//1255 1172//1256 1171//1257
f 1171//1257 1172//1256 1173//1255
f 1175//1258 1176//1259 1174//1260
f 1176//1259 1175//1258 1174//1260
f 1180//1261 1178//1262 1179//1263
f 1181//1264 1179//1263 1177//1265
f 1178//1262 1180//1261 1177//1265
f 1180//1261 1179//1263 1181//1264
f 1181//1264 1177//1265 1180//1261
f 1177//1265 1179//1263 1178//1262
f 1182//949 1184//949 1183//949
f 1182//949 1183//949 1184//949
f 1188//1266 1185//1267 1187//1268
f 1189//1269 1186//1270 1188//1266
f 1189//1269 1188//1266 1187//1268
f 1189//1269 1187//1268 1186//1270
f 1185//1267 1186//1270 1187//1268
f 1185//1267 1188//1266 1186//1270
f 1191//1271 1190//1272 1192//1273
f 1190//1272 1191//1271 1192//1273
f 1195//1274 1201//1275 1196//1276
f 1198//1277 1196//1276 1199//1278
f 1204//1279 1198//1277 1197//1280
f 1204//1279 1202//1281 1196//1276
f 1193//1282 1195//1274 1202//1281
f 1193//1282 1202//1281 1203//1283
f 1198//1277 1194//1284 1201//1275
f 1197//1280 1201//1275 1204//1279
f 1199//1278 1194//1284 1198//1277
f 1200//1285 1203//1283 1204//1279
f 1202//1281 1204//1279 1203//1283
f 1195//1274 1204//1279 1201//1275
f 1202//1281 1195//1274 1196//1276
f 1205//1286 1203//1283 1200//1285
f 1205//1286 1193//1282 1203//1283
f 1193//1282 1200//1285 1195//1274
f 1197//1280 1198//1277 1201//1275
f 1198//1277 1204//1279 1196//1276
f 1194//1284 1196//1276 1201//1275
f 1204//1279 1195//1274 1200//1285
f 1199//1278 1196//1276 1194//1284
f 1205//1286 1200//1285 1193//1282
f 1207//1287 1197//1288 1202//1289
f 1197//1288 1207//1287 1208//1290
f 1202//1289 1208//1290 1206//1291
f 1197//1288 1208//1290 1202//1289
f 1207//1287 1202//1289 1206//1291
f 1077//1292 1206//1291 1208//1290
f 486//1293 1211//1294 1209//1295
f 1211//1294 486//1293 1210//1296
f 1210//1296 1209//1295 1211//1294
f 1209//1295 1210//1296 486//1293
f 1214//1297 1212//1298 1213//1299
f 1213//1299 1212//1298 1214//1297
f 1217//949 1215//949 1216//949
f 1217//949 1216//949 1215//949
f 463//1300 1218//1301 1219//1302
f 1221//1303 463//1300 1219//1302
f 1220//1304 1219//1302 1218//1301
f 1221//1303 1220//1304 1218//1301
f 1219//1302 1220//1304 1221//1303
f 1221//1303 1218//1301 463//1300
f 1222//1305 465//1306 1226//1307
f 1224//1308 465//1306 1222//1305
f 465//1306 1224//1308 1223//1309
f 1223//1309 1224//1308 1225//1310
f 1223//1309 1225//1310 1222//1305
f 1223//1309 1226//1307 465//1306
f 1226//1307 1223//1309 1222//1305
f 1222//1305 1225//1310 1224//1308
f 1228//1311 1229//1312 1227//1313
f 1227//1313 1229//1312 1226//1314
f 1228//1311 1226//1314 1229//1312
f 1226//1314 1228//1311 1227//1313
f 1232//1315 1231//1316 1230//1317
f 1233//1318 1232//1315 1230//1317
f 1232//1315 1233//1318 1231//1316
f 1230//1317 1231//1316 1233//1318
f 1236//949 1234//949 1235//949
f 1236//949 1235//949 1234//949
f 1237//1319 1239//1320 1244//1321
f 1240//1322 1239//1320 1242//1323
f 1239//1320 1240//1322 1238//1324
f 1240//1322 1243//1325 1238//1324
f 1237//1319 1238//1324 1243//1325
f 1237//1319 1243//1325 1242//1323
f 1237//1319 1242//1323 1239//1320
f 1242//1323 1241//1326 1240//1322
f 1242//1323 1243//1325 1241//1326
f 1241//1326 1243//1325 1240//1322
f 1237//1319 1244//1321 1238//1324
f 507//1327 510//1328 1238//1324
f 507//1327 1244//1321 510//1328
f 507//1327 1238//1324 1244//1321
f 1239//1320 1238//1324 510//1328
f 510//1328 1244//1321 1239//1320
f 1246//1329 1247//1330 1249//1331
f 1247//1330 1245//1332 1249//1331
f 1245//1332 1247//1330 1246//1329
f 1246//1329 1249//1331 1248//1333
f 1245//1332 1248//1333 1249//1331
f 1245//1332 1246//1329 1248//1333
f 1251//1334 1252//1335 1250//1336
f 1253//1337 1252//1335 1251//1334
f 1247//1338 1252//1335 1253//1337
f 1253//1337 1255//1339 1247//1338
f 1255//1339 1253//1337 1254//1340
f 1251//1334 1254//1340 1253//1337
f 1254//1340 1247//1338 1255//1339
f 1251//1334 1247//1338 1254//1340
f 1251//1334 1250//1336 1247//1338
f 1252//1335 1247//1338 1250//1336
f 1268//1341 1265//1342 1267//1343
f 1259//1344 1266//1345 1261//1346
f 1256//1347 1264//1348 1265//1342
f 1268//1341 1264//1348 1256//1347
f 1267//1343 1265//1342 1257//1349
f 1268//1341 1256//1347 1265//1342
f 1263//1350 1261//1346 1266//1345
f 1263//1350 1266//1345 1258//1351
f 1263//1350 1262//1352 1261//1346
f 1261//1346 1262//1352 1260//1353
f 1262//1352 1263//1350 1260//1353
f 1259//1344 1257//1349 1266//1345
f 1267//1343 1258//1351 1266//1345
f 1259//1344 1261//1346 1258//1351
f 1258//1351 1261//1346 1260//1353
f 1267//1343 1266//1345 1268//1341
f 1266//1345 1257//1349 1268//1341
f 1263//1350 1258//1351 1260//1353
f 1257//1349 1265//1342 1264//1348
f 1267//1343 1257//1349 1259//1344
f 1259//1344 1258//1351 1267//1343
f 1264//1348 1268//1341 1257//1349
f 538//1354 1272//1355 1269//1356
f 538//1354 1269//1356 1270//1357
f 1272//1355 538//1354 1270//1357
f 1271//1358 1274//1359 1276//1360
f 1273//1361 1269//1356 1272//1355
f 1274//1359 1272//1355 1276//1360
f 1272//1355 1274//1359 1273//1361
f 1271//1358 1276//1360 1275//1362
f 1272//1355 1275//1362 1276//1360
f 1274//1359 1271//1358 1275//1362
f 1274//1359 1275//1362 1273//1361
f 1275//1362 1270//1357 1273//1361
f 1270//1357 1275//1362 1272//1355
f 1273//1361 1270//1357 1269//1356
f 1280//1363 1277//1364 1278//1365
f 1279//1366 1273//1367 1277//1364
f 1279//1366 1277//1364 1274//1368
f 1279//1366 1278//1365 1273//1367
f 1278//1365 1277//1364 1273//1367
f 1274//1368 1277//1364 1280//1363
f 1278//1365 1274//1368 1280//1363
f 1279//1366 1274//1368 1278//1365
f 1283//1369 1282//1370 1287//1371
f 1283//1369 1285//1372 1281//1373
f 1282//1370 1288//1374 1285//1372
f 1285//1372 1288//1374 1281//1373
f 1282//1370 1270//1375 1288//1374
f 1281//1373 1270//1375 1282//1370
f 1270//1375 1281//1373 1288//1374
f 1284//1376 1287//1371 1286//1377
f 1281//1373 1282//1370 1283//1369
f 1284//1376 1283//1369 1287//1371
f 1285//1372 1287//1371 1282//1370
f 1283//1369 1286//1377 1285//1372
f 1287//1371 1285//1372 1286//1377
f 1283//1369 1284//1376 1286//1377
f 1285//1378 1290//1379 1289//1380
f 1289//1380 1290//1379 1285//1378
f 1297//1381 1299//1382 1300//1383
f 1295//1384 543//1385 1302//1386
f 1296//1387 1298//1388 1295//1384
f 1293//1389 543//1385 1301//1390
f 1298//1388 1301//1390 1295//1384
f 1294//1391 1301//1390 1296//1387
f 1292//1392 1298//1388 1291//1393
f 1294//1391 1293//1389 1301//1390
f 1300//1383 1291//1393 1297//1381
f 1302//1386 1294//1391 1295//1384
f 1294//1391 1302//1386 1293//1389
f 1296//1387 1301//1390 1292//1392
f 1296//1387 1292//1392 1299//1382
f 1300//1383 1292//1392 1291//1393
f 1300//1383 1299//1382 1292//1392
f 1291//1393 1298//1388 1299//1382
f 1299//1382 1298//1388 1296//1387
f 1295//1384 1310//1394 1296//1387
f 1295//1384 1294//1391 1310//1394
f 1296//1387 1310//1394 1294//1391
f 1298//1388 1292//1392 1301//1390
f 1301//1390 543//1385 1295//1384
f 1291//1393 1299//1382 1297//1381
f 1305//1395 1307//1396 1309//1397
f 1303//1398 1309//1397 1306//1399
f 1305//1395 1310//1400 1306//1399
f 1303//1398 1306//1399 1310//1400
f 1305//1395 1309//1397 1303//1398
f 1305//1395 1304//1401 1296//1402
f 1310//1400 1308//1403 1303//1398
f 1308//1403 1305//1395 1296//1402
f 1304//1401 1305//1395 1303//1398
f 1308//1403 1310//1400 1305//1395
f 1307//1396 1306//1399 1309//1397
f 1304//1401 1308//1403 1296//1402
f 1304//1401 1295//1404 1308//1403
f 1295//1404 1304//1401 1303//1398
f 1306//1399 1307//1396 1305//1395
f 1308//1403 1295//1404 1303//1398
f 1315//1405 1314//1406 1313//1407
f 1314//1406 1315//1405 1312//1408
f 1312//1408 1315//1405 1311//1409
f 1314//1406 1312//1408 1311//1409
f 1311//1409 1315//1405 1313//1407
f 1316//1410 1311//1409 1313//1407
f 1316//1410 1313//1407 1314//1406
f 1314//1406 1311//1409 1316//1410
f 518//1411 1320//1412 1318//1413
f 518//1411 1321//1414 1317//1415
f 1318//1413 1320//1412 1319//1416
f 1318//1413 1319//1416 1317//1415
f 1317//1415 1321//1414 1318//1413
f 1320//1412 518//1411 1317//1415
f 1317//1415 1319//1416 1320//1412
f 518//1411 1318//1413 1321//1414
f 1323//1417 1322//1418 1324//1419
f 1324//1419 1322//1418 1323//1417
f 1328//1420 1326//1421 1325//1422
f 1327//1423 1329//1424 1330//1425
f 1329//1424 1328//1420 1330//1425
f 1330//1425 1325//1422 1327//1423
f 1327//1423 1326//1421 1328//1420
f 1328//1420 1329//1424 1327//1423
f 1326//1421 1327//1423 1325//1422
f 1325//1422 1330//1425 1328//1420
f 1335//1426 1332//1427 1333//1428
f 1335//1426 591//1429 1332//1427
f 1333//1428 1332//1427 591//1429
f 1334//1430 1331//1431 1333//1428
f 591//1429 1335//1426 1334//1430
f 1333//1428 591//1429 1334//1430
f 1334//1430 1335//1426 1331//1431
f 1333//1428 1331//1431 1335//1426
f 1337//1432 1338//1433 1336//1434
f 1338//1433 1337//1432 1336//1434
f 1339//1435 1343//1436 1342//1437
f 1341//1438 1343//1436 1339//1435
f 1341//1438 1342//1437 1340//1439
f 1340//1439 1342//1437 1343//1436
f 1342//1437 1341//1438 1339//1435
f 1341//1438 1340//1439 1343//1436
f 1346//949 1344//949 1345//949
f 1346//949 1345//949 1344//949
f 551//949 1347//949 1348//949
f 551//949 1348//949 1347//949
f 1349//1440 1350//1441 1351//1442
f 1350//1441 1349//1440 1351//1442
f 1355//1443 1353//1444 1357//1445
f 1353//1444 1355//1443 1354//1446
f 1352//1447 1358//1448 556//1449
f 1356//1450 1357//1445 1358//1448
f 1358//1448 1353//1444 1356//1450
f 1358//1448 1352//1447 1353//1444
f 556//1449 1357//1445 1352//1447
f 1354//1446 1355//1443 1356//1450
f 1356//1450 1353//1444 1354//1446
f 556//1449 1358//1448 1357//1445
f 1353//1444 1352//1447 1357//1445
f 1357//1445 1356//1450 1355//1443
f 1360//1451 1363//1452 1361//1453
f 1360//1451 1361//1453 1364//1454
f 1361//1453 1359//1455 1362//1456
f 1359//1455 1364//1454 1362//1456
f 1360//1451 559//1457 1363//1452
f 1364//1454 1363//1452 559//1457
f 1364//1454 559//1457 1360//1451
f 1364//1454 1359//1455 1363//1452
f 1361//1453 1362//1456 1364//1454
f 1363//1452 1359//1455 1361//1453
f 1365//1458 1367//1459 1366//1460
f 1367//1459 1365//1458 1366//1460
f 1368//1461 1370//1462 1369//1463
f 1369//1463 1370//1462 1368//1461
f 1371//1464 1372//1465 1373//1466
f 1372//1465 1371//1464 1373//1466
f 1374//949 1376//949 1375//949
f 1374//949 1375//949 1376//949
f 1380//1467 1377//1468 1379//1469
f 1378//1470 553//1471 1379//1469
f 553//1471 1378//1470 1380//1467
f 553//1471 1380//1467 1379//1469
f 1378//1470 1379//1469 1377//1468
f 1377//1468 1380//1467 1378//1470
f 1383//1472 1381//1473 602//1474
f 1382//1475 1384//1476 1381//1473
f 1383//1472 1384//1476 1382//1475
f 1382//1475 1381//1473 1383//1472
f 1384//1476 1383//1472 602//1474
f 602//1474 1381//1473 1384//1476
f 1386//1477 1388//1478 1385//1479
f 1387//1480 1385//1479 1388//1478
f 1388//1478 1386//1477 1389//1481
f 1389//1481 1386//1477 1385//1479
f 1387//1480 1389//1481 1385//1479
f 1389//1481 1387//1480 1388//1478
f 1390//1482 1391//1483 1392//1484
f 1392//1484 1391//1483 1390//1482
f 1394//1485 582//1486 1395//1487
f 582//1486 1393//1488 1395//1487
f 1395//1487 1393//1488 1394//1485
f 1394//1485 1393//1488 582//1486
f 1398//949 1396//949 1397//949
f 1398//949 1397//949 1396//949
f 1401//1489 1400//1490 1399//1491
f 1400//1490 1401//1489 1399//1491
f 1404//1492 1403//1493 1402//1494
f 1403//1493 1404//1492 1405//1495
f 1402//1494 1403//1493 1405//1495
f 1405//1495 1404//1492 1402//1494
f 1409//1496 1410//1497 1407//1498
f 1406//1499 1409//1496 1407//1498
f 1408//1500 1407//1498 1410//1497
f 1408//1500 1406//1499 1407//1498
f 1408//1500 1410//1497 1409//1496
f 1409//1496 1406//1499 1408//1500
f 1413//1501 1411//949 1412//949
f 1413//1501 1412//949 1411//949
f 1415//1502 1414//1503 552//1504
f 1414//1503 1415//1502 552//1504
f 1419//1505 1416//1506 1417//1507
f 1417//1507 1416//1506 1418//1508
f 1418//1508 1416//1506 1419//1505
f 1417//1507 1418//1508 1419//1505
f 1423//1509 1425//1510 1422//1511
f 1425//1510 1424//1512 1422//1511
f 1424//1512 1425//1510 1426//1513
f 1426//1513 1425//1510 1428//1514
f 1426//1513 1428//1514 1427//1515
f 1426//1513 1421//1516 1424//1512
f 1428//1514 1421//1516 1427//1515
f 1426//1513 1427//1515 1421//1516
f 1421//1516 1428//1514 1425//1510
f 1421//1516 1425//1510 1420//1517
f 1422//1511 1424//1512 1421//1516
f 1423//1509 1422//1511 1420//1517
f 1425//1510 1423//1509 1420//1517
f 1422//1511 1421//1516 1420//1517
f 1432//1518 1431//1519 1429//1520
f 1431//1519 1432//1518 1430//1521
f 1430//1521 1432//1518 1429//1520
f 1430//1521 1429//1520 1431//1519
f 1437//1522 1436//1523 1438//1524
f 1436//1523 1439//1525 1438//1524
f 1438//1524 1439//1525 1437//1522
f 1434//1526 1436//1523 1435//1527
f 1439//1525 1436//1523 1434//1526
f 1435//1527 1433//1528 1434//1526
f 1435//1527 1436//1523 1433//1528
f 1433//1528 1436//1523 1437//1522
f 1433//1528 1439//1525 1434//1526
f 1433//1528 1437//1522 1439//1525
f 1442//1529 1446//1530 1445//1531
f 1446//1530 1440//1532 1445//1531
f 1445//1531 1440//1532 1441//1533
f 1443//1534 1442//1529 1445//1531
f 1441//1533 1444//1535 1443//1534
f 1441//1533 1442//1529 1444//1535
f 1443//1534 1444//1535 1442//1529
f 1441//1533 1443//1534 1445//1531
f 1442//1529 1440//1532 1446//1530
f 1442//1529 1441//1533 1440//1532
f 1447//949 1448//949 1449//949
f 1447//949 1449//949 1448//949
f 1450//1536 1454//1537 1451//1538
f 1450//1536 1451//1538 1453//1539
f 1450//1536 1453//1539 1454//1537
f 1452//1540 1454//1537 1453//1539
f 1451//1538 1452//1540 1453//1539
f 1452//1540 1451//1538 1454//1537
f 1457//1541 1456//1542 1459//1543
f 1459//1543 1456//1542 1455//1544
f 1456//1542 1458//1545 1455//1544
f 1458//1545 1460//1546 1457//1541
f 1456//1542 1457//1541 1460//1546
f 1458//1545 1456//1542 1460//1546
f 1459//1543 1455//1544 1457//1541
f 1458//1545 1457//1541 1455//1544
f 1466//1547 1467//1548 1472//1549
f 1461//1550 1464//1551 1463//1552
f 1461//1550 1463//1552 1462//1553
f 1464//1551 1472//1549 1463//1552
f 1462//1553 1464//1551 1461//1550
f 1468//1554 1466//1547 1465//1555
f 1472//1549 1467//1548 1468//1554
f 1464//1551 1462//1553 1465//1555
f 1466//1547 1464//1551 1465//1555
f 1465//1555 1472//1549 1468//1554
f 1464//1551 1466//1547 1472//1549
f 1466//1547 1468//1554 1467//1548
f 1465//1555 1462//1553 1463//1552
f 1465//1555 1463//1552 1472//1549
f 1470//1556 1469//1557 1471//1558
f 1471//1558 1469//1557 1470//1556
f 1473//1183 1474//1183 1472//1183
f 1474//1183 1473//1183 1472//1183
f 1477//1559 1475//1560 1482//1561
f 1477//1559 1476//1562 1478//1563
f 1477//1559 1480//1564 1475//1560
f 1480//1564 1477//1559 1479//1565
f 1480//1564 1479//1565 1478//1563
f 1479//1565 1477//1559 1478//1563
f 1482//1561 1476//1562 1477//1559
f 1475//1560 1478//1563 1476//1562
f 1478//1563 1475//1560 1480//1564
f 1476//1562 1482//1561 1475//1560
f 1484//1566 1483//1567 1486//1568
f 1487//1569 1484//1566 1486//1568
f 1487//1569 1488//1570 1485//1571
f 1487//1569 1485//1571 1484//1566
f 1489//1572 1483//1567 1482//1573
f 1483//1567 1484//1566 1481//1574
f 1485//1571 1486//1568 1489//1572
f 1488//1570 1486//1568 1485//1571
f 1489//1572 1486//1568 1483//1567
f 1487//1569 1486//1568 1488//1570
f 1484//1566 1485//1571 1489//1572
f 1482//1573 1481//1574 1489//1572
f 1484//1566 1489//1572 1481//1574
f 1482//1573 1483//1567 1481//1574
f 1491//949 1490//949 1477//949
f 1491//949 1477//949 1490//949
f 1492//1575 1498//1576 635//1577
f 1492//1575 1493//1578 1495//1579
f 1493//1578 1498//1576 1495//1579
f 1494//1580 1492//1575 1495//1579
f 1496//1581 1497//1582 1495//1579
f 1494//1580 1495//1579 1497//1582
f 1496//1581 1494//1580 1497//1582
f 1496//1581 1498//1576 1494//1580
f 1494//1580 1498//1576 1492//1575
f 1496//1581 1495//1579 1498//1576
f 1493//1578 635//1577 1498//1576
f 1492//1575 635//1577 1493//1578
f 1500//949 1499//949 1501//949
f 1501//949 1499//949 1500//949
f 1503//1583 1504//1584 1502//1585
f 1506//1586 1504//1584 1507//1587
f 1505//1588 1504//1584 1506//1586
f 1506//1586 1503//1583 1505//1588
f 1505//1588 1502//1585 1504//1584
f 1507//1587 1503//1583 1506//1586
f 1504//1584 1503//1583 1507//1587
f 1503//1583 1502//1585 1505//1588
f 1509//1589 1513//1590 1514//1591
f 1511//1592 1509//1589 1514//1591
f 1511//1592 1512//1593 1510//1594
f 1513//1590 1509//1589 714//1595
f 1510//1594 1514//1591 1508//1596
f 1508//1596 1509//1589 1510//1594
f 1512//1593 1511//1592 1514//1591
f 714//1595 1508//1596 1513//1590
f 1508//1596 1514//1591 1513//1590
f 1512//1593 1514//1591 1510//1594
f 1511//1592 1510//1594 1509//1589
f 1509//1589 1508//1596 714//1595
f 1517//1597 1518//1598 1519//1599
f 1524//1600 1515//1601 1523//1602
f 1528//1603 1523//1602 1516//1604
f 1523//1602 1515//1601 1526//1605
f 1521//1606 1525//1607 1527//1608
f 1529//1609 1518//1598 1524//1600
f 1516//1604 1519//1599 1528//1603
f 1516//1604 1523//1602 1527//1608
f 1516//1604 1515//1601 1522//1610
f 1525//1607 1516//1604 1527//1608
f 1525//1607 1526//1605 1516//1604
f 1518//1598 1528//1603 1519//1599
f 1525//1607 1520//1611 1526//1605
f 1523//1602 1526//1605 1527//1608
f 1518//1598 1529//1609 1528//1603
f 1524//1600 1523//1602 1529//1609
f 1518//1598 1517//1597 1522//1610
f 1524//1600 1518//1598 1515//1601
f 1519//1599 1522//1610 1517//1597
f 1519//1599 1516//1604 1522//1610
f 1522//1610 1515//1601 1518//1598
f 1515//1601 1516//1604 1526//1605
f 1528//1603 1529//1609 1523//1602
f 1527//1608 1520//1611 1521//1606
f 1521//1606 1520//1611 1525//1607
f 1527//1608 1526//1605 1520//1611
f 1537//1612 1533//1613 1536//1614
f 1531//1615 1533//1613 1529//1616
f 1524//1617 1529//1616 1533//1613
f 1531//1615 1529//1616 1524//1617
f 1530//1618 1537//1612 1534//1619
f 1534//1619 1533//1613 1531//1615
f 1533//1613 1537//1612 1530//1618
f 1535//1620 1536//1614 1534//1619
f 1536//1614 1538//1621 1537//1612
f 1535//1620 1538//1621 1536//1614
f 1536//1614 1533//1613 1534//1619
f 1537//1612 1535//1620 1534//1619
f 1531//1615 1530//1618 1534//1619
f 1532//1622 1531//1615 1524//1617
f 1530//1618 1531//1615 1532//1622
f 1533//1613 1530//1618 1532//1622
f 1532//1622 1524//1617 1533//1613
f 1537//1612 1538//1621 1535//1620
f 1539//1623 1549//1624 1545//1625
f 1541//1626 1545//1625 1547//1627
f 1540//1628 1543//1629 1548//1630
f 1542//1631 1546//1632 1541//1626
f 1545//1625 1542//1631 1544//1633
f 1543//1629 1544//1633 1542//1631
f 1549//1624 1546//1632 1542//1631
f 1547//1627 1545//1625 1544//1633
f 1543//1629 1547//1627 1544//1633
f 1542//1631 1541//1626 1543//1629
f 1550//1634 1540//1628 1548//1630
f 1541//1626 1547//1627 1548//1630
f 1541//1626 1548//1630 1543//1629
f 1549//1624 1539//1623 1546//1632
f 1545//1625 1546//1632 1539//1623
f 1550//1634 1548//1630 1547//1627
f 1543//1629 1540//1628 1550//1634
f 1547//1627 1543//1629 1550//1634
f 1546//1632 1545//1625 1541//1626
f 1542//1631 1545//1625 1549//1624
f 1541//1635 1551//1636 1552//1637
f 1553//1638 1541//1635 1552//1637
f 1552//1637 1551//1636 1553//1638
f 1553//1638 1551//1636 1541//1635
f 1557//1639 1554//1640 1555//1641
f 1555//1641 1554//1640 1556//1642
f 1554//1640 1557//1639 1556//1642
f 1555//1641 1556//1642 1557//1639
f 1561//1643 1563//1644 1560//1645
f 1563//1644 1562//1646 1560//1645
f 1562//1646 1563//1644 1564//1647
f 1564//1647 1563//1644 1566//1648
f 1564//1647 1566//1648 1565//1649
f 1564//1647 1559//1650 1562//1646
f 1566//1648 1559//1650 1565//1649
f 1564//1647 1565//1649 1559//1650
f 1559//1650 1566//1648 1563//1644
f 1559//1650 1563//1644 1558//1651
f 1560//1645 1562//1646 1559//1650
f 1561//1643 1560//1645 1558//1651
f 1563//1644 1561//1643 1558//1651
f 1560//1645 1559//1650 1558//1651
f 1570//1652 1569//1653 1567//1654
f 1569//1653 1570//1652 1568//1655
f 1568//1655 1570//1652 1567//1654
f 1568//1655 1567//1654 1569//1653
f 1575//1656 1574//1657 1576//1658
f 1574//1657 1577//1659 1576//1658
f 1576//1658 1577//1659 1575//1656
f 1572//1660 1574//1657 1573//1661
f 1577//1659 1574//1657 1572//1660
f 1573//1661 1571//1662 1572//1660
f 1573//1661 1574//1657 1571//1662
f 1571//1662 1574//1657 1575//1656
f 1571//1662 1577//1659 1572//1660
f 1571//1662 1575//1656 1577//1659
f 1580//1663 1584//1664 1583//1665
f 1584//1664 1578//1666 1583//1665
f 1583//1665 1578//1666 1579//1667
f 1581//1668 1580//1663 1583//1665
f 1579//1667 1582//1669 1581//1668
f 1579//1667 1580//1663 1582//1669
f 1581//1668 1582//1669 1580//1663
f 1579//1667 1581//1668 1583//1665
f 1580//1663 1578//1666 1584//1664
f 1580//1663 1579//1667 1578//1666
f 1585//949 1586//949 1587//949
f 1585//949 1587//949 1586//949
f 1588//1670 1592//1671 1589//1672
f 1588//1670 1589//1672 1591//1673
f 1588//1670 1591//1673 1592//1671
f 1591//1673 1589//1672 1590//1674
f 1590//1674 1589//1672 1592//1671
f 1591//1673 1590//1674 1592//1671
f 1595//1675 1594//1676 1597//1677
f 1597//1677 1594//1676 1593//1678
f 1594//1676 1596//1679 1593//1678
f 1596//1679 1598//1680 1595//1675
f 1594//1676 1595//1675 1598//1680
f 1596//1679 1594//1676 1598//1680
f 1597//1677 1593//1678 1595//1675
f 1596//1679 1595//1675 1593//1678
f 1599//1681 1602//1682 1601//1683
f 1599//1681 1601//1683 1600//1684
f 1602//1682 1603//1685 1601//1683
f 1600//1684 1602//1682 1599//1681
f 1604//1686 1606//1687 1603//1685
f 1607//1688 1604//1686 1605//1689
f 1603//1685 1606//1687 1607//1688
f 1602//1682 1600//1684 1605//1689
f 1604//1686 1602//1682 1605//1689
f 1605//1689 1603//1685 1607//1688
f 1602//1682 1604//1686 1603//1685
f 1604//1686 1607//1688 1606//1687
f 1605//1689 1600//1684 1601//1683
f 1605//1689 1601//1683 1603//1685
f 1609//1690 1608//1691 1610//1692
f 1610//1692 1608//1691 1609//1690
f 1611//949 1612//949 1613//949
f 1611//949 1613//949 1612//949
f 1616//1693 1614//1694 1622//1695
f 1616//1693 1615//1696 1617//1697
f 1620//1698 1616//1693 1617//1697
f 1616//1693 1619//1699 1614//1694
f 1620//1698 1619//1699 1616//1693
f 1618//1700 1619//1699 1620//1698
f 1617//1697 1618//1700 1620//1698
f 1622//1695 1615//1696 1616//1693
f 1614//1694 1617//1697 1615//1696
f 1617//1697 1614//1694 1619//1699
f 1618//1700 1617//1697 1619//1699
f 1615//1696 1622//1695 1614//1694
f 1624//1701 1623//1702 1626//1703
f 1627//1704 1624//1701 1626//1703
f 1627//1704 1628//1705 1625//1706
f 1627//1704 1625//1706 1624//1701
f 1629//1707 1623//1702 1622//1708
f 1623//1702 1624//1701 1621//1709
f 1625//1706 1626//1703 1629//1707
f 1628//1705 1626//1703 1625//1706
f 1629//1707 1626//1703 1623//1702
f 1627//1704 1626//1703 1628//1705
f 1624//1701 1625//1706 1629//1707
f 1622//1708 1621//1709 1629//1707
f 1624//1701 1629//1707 1621//1709
f 1622//1708 1623//1702 1621//1709
f 1631//949 1630//949 1620//949
f 1631//949 1620//949 1630//949
f 1632//1710 1638//1711 732//1712
f 1632//1710 1633//1713 1635//1714
f 1633//1713 1638//1711 1635//1714
f 1635//1714 1637//1715 1636//1716
f 1636//1716 1632//1710 1635//1714
f 1634//1717 1638//1711 1636//1716
f 1636//1716 1638//1711 1632//1710
f 1634//1717 1635//1714 1638//1711
f 1637//1715 1635//1714 1634//1717
f 1636//1716 1637//1715 1634//1717
f 1633//1713 732//1712 1638//1711
f 1632//1710 732//1712 1633//1713
f 1720//1718 800//1719 1719//1720
f 1643//1721 1641//1722 1642//1723
f 1642//1723 1641//1722 1643//1721
f 1647//949 1645//949 1644//949
f 1647//949 1644//949 1645//949
f 1648//1724 1651//1725 1646//1726
f 1640//1727 1648//1724 1647//1728
f 1649//1729 1646//1726 1647//1728
f 1649//1729 1648//1724 1646//1726
f 1649//1729 1650//1730 1648//1724
f 1650//1730 1647//1728 1648//1724
f 1650//1730 1649//1729 1647//1728
f 1640//1727 1651//1725 1648//1724
f 1640//1727 1647//1728 1646//1726
f 1640//1727 1646//1726 1651//1725
f 1653//1731 1659//1732 1655//1733
f 1659//1732 1652//1734 1655//1733
f 1653//1731 1655//1733 1654//1735
f 1652//1734 1653//1731 1654//1735
f 1652//1734 1654//1735 1655//1733
f 1659//1732 1653//1731 1652//1734
f 1657//1736 1653//1737 1656//1738
f 1661//1739 1656//1738 1660//1740
f 1658//1741 1653//1737 1657//1736
f 1657//1736 1659//1742 1658//1741
f 1658//1741 1659//1742 1660//1740
f 1659//1742 1661//1739 1665//1743
f 1661//1739 1660//1740 1665//1743
f 1665//1743 1660//1740 1659//1742
f 1656//1738 1661//1739 1659//1742
f 1660//1740 1656//1738 1658//1741
f 1656//1738 1659//1742 1657//1736
f 1658//1741 1656//1738 1653//1737
f 1669//1744 1664//1745 1663//1746
f 1662//1747 1673//1748 1664//1745
f 1669//1744 1673//1748 1662//1747
f 1664//1745 1673//1748 1672//1749
f 1669//1744 1662//1747 1664//1745
f 1665//1750 1666//1751 1663//1746
f 1671//1752 1666//1751 1670//1753
f 1668//1754 1670//1753 1666//1751
f 1667//1755 1668//1754 1665//1750
f 1666//1751 1667//1755 1672//1749
f 1667//1755 1664//1745 1672//1749
f 1665//1750 1663//1746 1664//1745
f 1663//1746 1672//1749 1673//1748
f 1671//1752 1668//1754 1667//1755
f 1663//1746 1673//1748 1669//1744
f 1672//1749 1663//1746 1666//1751
f 1666//1751 1671//1752 1667//1755
f 1668//1754 1666//1751 1665//1750
f 1667//1755 1665//1750 1664//1745
f 1670//1753 1668//1754 1671//1752
f 1675//1756 1674//1757 1677//1758
f 1680//1759 1677//1758 1676//1760
f 1678//1761 1677//1758 1680//1759
f 1679//1762 1678//1761 1680//1759
f 1676//1760 1679//1762 1680//1759
f 1676//1760 1678//1761 1679//1762
f 1674//1757 1676//1760 1677//1758
f 1676//1760 1674//1757 1678//1761
f 1678//1761 1675//1756 1677//1758
f 1674//1757 1675//1756 1678//1761
f 1683//1763 1678//1764 1681//1765
f 1683//1763 1682//1766 1678//1764
f 1682//1766 1681//1765 1678//1764
f 1683//1763 1684//1767 1679//1768
f 1682//1766 1679//1768 1684//1767
f 1682//1766 1684//1767 1681//1765
f 1679//1768 1682//1766 1683//1763
f 1683//1763 1681//1765 1684//1767
f 1692//1769 1686//1770 1685//1771
f 1692//1769 1689//1772 1687//1773
f 1690//1774 1689//1772 1685//1771
f 1687//1773 1686//1770 1688//1775
f 1692//1769 1687//1773 1688//1775
f 1691//1776 1690//1774 1685//1771
f 1691//1776 1685//1771 1686//1770
f 1693//1777 1691//1776 1686//1770
f 1693//1777 1686//1770 1689//1772
f 1689//1772 1692//1769 1685//1771
f 1691//1776 1693//1777 1689//1772
f 1692//1769 1688//1775 1686//1770
f 1686//1770 1687//1773 1689//1772
f 1689//1772 1690//1774 1691//1776
f 1694//1778 1685//1779 1693//1780
f 1693//1780 1685//1779 1694//1778
f 830//1781 1700//1782 1699//1783
f 830//1781 1662//1784 1700//1782
f 830//1781 1701//1785 1705//1786
f 1699//1783 1662//1784 1701//1785
f 1702//1787 1701//1785 831//1788
f 1704//1789 821//1790 1705//1786
f 1662//1784 1703//1791 1701//1785
f 1701//1785 1703//1791 831//1788
f 821//1790 1702//1787 830//1781
f 1702//1787 821//1790 828//1792
f 1698//1793 1705//1786 828//1792
f 1704//1789 1697//1794 821//1790
f 821//1790 1697//1794 1696//1795
f 1698//1793 821//1790 1696//1795
f 1697//1794 1695//1796 1706//1797
f 1662//1784 830//1781 1703//1791
f 821//1790 1698//1793 828//1792
f 1701//1785 1702//1787 1705//1786
f 1698//1793 1696//1795 1695//1796
f 1706//1797 1695//1796 1696//1795
f 830//1781 1699//1783 1701//1785
f 830//1781 1702//1787 831//1788
f 1703//1791 830//1781 831//1788
f 1702//1787 828//1792 1705//1786
f 1704//1789 1705//1786 1698//1793
f 821//1790 830//1781 1705//1786
f 1697//1794 1704//1789 1698//1793
f 1698//1793 1695//1796 1697//1794
f 1696//1795 1697//1794 1706//1797
f 1707//1798 1172//1799 1711//1800
f 1711//1800 1708//1801 1710//1802
f 1713//1803 1709//1804 1712//1805
f 1710//1802 1704//1806 1713//1803
f 1710//1802 1712//1805 1711//1800
f 1708//1801 1711//1800 1713//1803
f 1710//1802 1713//1803 1712//1805
f 1709//1804 1172//1799 1707//1798
f 1173//1807 1707//1798 1711//1800
f 1709//1804 1713//1803 1711//1800
f 1711//1800 1712//1805 1173//1807
f 1704//1806 1710//1802 1708//1801
f 1173//1807 1709//1804 1707//1798
f 830//1808 1713//1803 1704//1806
f 830//1808 1704//1806 1708//1801
f 830//1808 1708//1801 1713//1803
f 1709//1804 1173//1807 1712//1805
f 1172//1799 1709//1804 1711//1800
f 1716//1809 1718//1810 1714//1811
f 1716//1809 1717//1812 1715//1813
f 1714//1811 1718//1810 1717//1812
f 1716//1809 1714//1811 1717//1812
f 1718//1810 1715//1813 1717//1812
f 1715//1813 1718//1810 1716//1809
f 1719//1720 800//1719 1640//1814
f 1640//1814 1639//1815 1719//1720
f 1720//1718 1639//1815 800//1719
f 1639//1815 1640//1814 800//1719
f 1719//1720 1639//1815 1721//1816
f 1721//1816 1639//1815 1720//1718
f 1720//1718 1719//1720 1721//1816
f 1723//1817 1722//1818 1724//1819
f 1724//1819 1722//1818 1723//1817
f 1207//1287 1206//1291 1077//1292
f 1077//1292 1208//1290 1207//1287
