# Blender 5.2.2 LTS
# www.blender.org
o Coral_Staghorn_B_tmp
v -0.374752 -0.137152 0.136368
v -0.360568 -0.143769 0.188526
v -0.226891 -0.411536 0.182196
v -0.250145 -0.354385 0.110083
v -0.182593 -0.387464 0.185923
v -0.189522 -0.357980 0.089431
v -0.166760 -0.416113 0.179546
v -0.331084 -0.268749 0.109100
v -0.348881 -0.276966 0.142854
v -0.318100 -0.276254 0.136072
v -0.304422 -0.231290 0.101232
v -0.289467 -0.224053 0.119640
v -0.288860 -0.195724 0.115439
v -0.283458 -0.201322 0.173619
v -0.245091 -0.341766 0.150643
v -0.263424 -0.269553 0.066239
v -0.248761 -0.296849 0.162482
v -0.278162 -0.284032 0.109902
v -0.280017 -0.233500 0.059085
v -0.244130 -0.223085 0.137397
v -0.248788 -0.224484 0.014074
v -0.252205 -0.210313 0.158957
v -0.227913 -0.338783 0.075608
v -0.233524 -0.254906 0.187639
v -0.257980 -0.174659 0.087956
v -0.181486 -0.317580 0.044638
v -0.221409 -0.287996 0.012688
v -0.202481 -0.278558 0.152878
v -0.172731 -0.314330 0.165012
v -0.178478 -0.192928 0.194708
v -0.297854 -0.232248 0.275891
v -0.286834 -0.213595 0.256890
v -0.274146 -0.232744 0.275741
v -0.252993 -0.205664 0.258507
v -0.273665 -0.182297 0.204666
v -0.241884 -0.251663 0.249117
v -0.223676 -0.209446 0.234230
v -0.182148 -0.272006 0.207862
v -0.326360 -0.075235 0.170322
v -0.325974 -0.154781 0.114581
v -0.318271 -0.166826 0.159229
v -0.320530 -0.073136 0.121491
v -0.319188 -0.010326 0.151490
v -0.330544 -0.009526 0.129994
v -0.322688 -0.111842 0.101031
v -0.281504 -0.067316 0.077189
v -0.317346 -0.010174 0.081282
v -0.287755 -0.158745 0.164010
v -0.249490 -0.135192 0.147028
v -0.258124 -0.091393 0.024484
v -0.222992 -0.184568 0.037557
v -0.213552 -0.147467 0.171028
v -0.243447 -0.134717 0.041134
v -0.219917 -0.119806 0.175746
v -0.243476 -0.070528 0.036043
v -0.231835 0.002504 0.072973
v -0.224245 -0.116123 0.039828
v -0.225035 -0.044062 0.036364
v -0.208126 -0.006468 0.065017
v -0.169339 -0.130035 0.069712
v -0.160332 -0.062895 0.076915
v -0.187651 -0.035925 0.097177
v -0.312688 -0.078197 0.191452
v -0.328968 -0.021970 0.254606
v -0.319197 -0.003729 0.190071
v -0.299488 -0.044009 0.224526
v -0.274584 -0.092931 0.202315
v -0.277849 -0.095452 0.253767
v -0.283158 -0.028719 0.254664
v -0.253218 -0.055127 0.251127
v -0.253443 -0.023799 0.274415
v -0.246216 -0.001949 0.252865
v -0.236118 -0.098596 0.223392
v -0.180757 -0.043392 0.229004
v -0.206507 -0.027193 0.281649
v -0.187312 -0.095234 0.209276
v -0.182634 -0.065986 0.205416
v -0.166487 -0.422868 0.162842
v -0.129406 -0.434911 0.136268
v -0.155060 -0.410964 0.108717
v -0.115251 -0.412887 0.091016
v -0.118016 -0.415527 0.182470
v -0.112134 -0.387934 0.183088
v -0.097539 -0.332642 0.173319
v -0.084399 -0.386973 0.075120
v -0.065796 -0.363470 0.034234
v -0.021991 -0.417551 0.156694
v -0.067052 -0.412854 0.176324
v -0.052517 -0.388932 0.103025
v -0.112740 -0.432550 0.206542
v -0.089584 -0.417605 0.208542
v -0.053585 -0.385217 0.193466
v 0.000594 -0.372179 0.207887
v -0.175542 -0.273836 0.178937
v -0.175727 -0.197969 0.042005
v -0.155508 -0.202685 0.177139
v -0.136069 -0.340572 0.021969
v -0.161654 -0.296285 0.023634
v -0.139087 -0.301545 0.178433
v -0.079160 -0.239090 0.053402
v -0.092272 -0.272657 0.181450
v -0.115345 -0.175655 0.072825
v -0.117970 -0.210114 0.175128
v -0.075105 -0.344204 0.012724
v -0.113108 -0.320596 0.022780
v -0.066423 -0.190277 0.073209
v -0.060907 -0.302171 0.153874
v -0.068375 -0.264105 0.165799
v -0.068943 -0.225459 0.135329
v -0.033536 -0.205087 0.175500
v -0.052933 -0.208923 0.117324
v -0.026198 -0.350676 0.086533
v -0.013593 -0.319200 0.149518
v -0.024066 -0.288228 0.032209
v -0.009174 -0.292699 0.091413
v -0.004853 -0.329947 0.057661
v 0.003810 -0.334690 0.199870
v 0.000906 -0.307836 0.060510
v -0.007265 -0.176544 0.151590
v -0.178539 -0.243070 0.232288
v -0.131459 -0.268654 0.203773
v -0.152999 -0.174406 0.213534
v -0.118204 -0.176660 0.200966
v -0.089660 -0.253152 0.229651
v -0.102773 -0.208134 0.190412
v -0.068049 -0.271646 0.250623
v -0.067773 -0.243305 0.245014
v -0.064551 -0.170939 0.211828
v -0.024300 -0.362368 0.211276
v -0.031701 -0.183832 0.204968
v -0.168391 -0.138527 0.180820
v -0.158075 -0.022646 0.120205
v -0.173114 0.021314 0.077278
v -0.130921 -0.127719 0.064571
v -0.152782 -0.108407 0.077059
v -0.136298 -0.093035 0.094043
v -0.133661 0.004312 0.090530
v -0.126862 -0.039187 0.091009
v -0.054295 -0.073541 0.100711
v -0.068334 -0.149883 0.070216
v -0.068045 -0.046433 0.137812
v -0.071483 -0.024103 0.116700
v -0.041738 -0.161710 0.064740
v -0.032446 -0.114677 0.096275
v -0.039990 -0.047288 0.136214
v -0.042936 -0.020528 0.138909
v -0.000178 -0.155841 0.125812
v -0.161466 -0.116093 0.297275
v -0.163152 -0.081134 0.221208
v -0.151934 0.004650 0.308745
v -0.138545 -0.163951 0.256475
v -0.144184 -0.132711 0.278375
v -0.143627 -0.064519 0.234030
v -0.104570 -0.097935 0.261032
v -0.091670 -0.150576 0.210630
v -0.095382 -0.121070 0.250041
v -0.080552 -0.052543 0.248549
v -0.093027 -0.013566 0.260689
v -0.073184 -0.083530 0.308426
v -0.052711 -0.098969 0.285390
v -0.048393 -0.039305 0.296697
v -0.029513 -0.128961 0.241944
v -0.009780 0.005724 0.274538
v -0.005775 -0.170627 0.219274
v -0.006588 -0.142430 0.248975
v -0.003154 -0.089582 0.223586
v -0.010243 -0.039196 0.286586
v 0.008615 -0.020992 0.305814
v -0.401140 0.018337 0.087131
v -0.413738 0.021995 0.116374
v -0.411968 0.045849 0.070179
v -0.416440 0.048927 0.097476
v -0.411615 0.183527 0.116338
v -0.384267 0.021976 0.107963
v -0.392199 0.152064 0.089937
v -0.386899 0.159394 0.135051
v -0.390277 0.182962 0.091492
v -0.358746 0.033280 0.063673
v -0.341735 0.047061 0.088166
v -0.371652 0.177872 0.119529
v -0.337548 0.040631 0.128432
v -0.353002 0.111798 0.075659
v -0.347242 0.137126 0.060655
v -0.323284 0.156337 0.125134
v -0.325902 0.181359 0.092897
v -0.336401 0.019991 0.051989
v -0.319055 0.024995 0.175873
v -0.329190 0.109597 0.109922
v -0.293738 0.028244 0.017866
v -0.306596 0.051493 0.017304
v -0.315354 0.069649 0.079472
v -0.304239 0.096162 0.021087
v -0.307998 0.081064 0.106989
v -0.297780 0.143340 0.092952
v -0.292311 0.176017 0.053218
v -0.295040 0.181267 0.098815
v -0.271001 0.002126 0.039911
v -0.276091 0.071734 0.157146
v -0.277467 0.117546 0.018381
v -0.269417 0.090793 0.091230
v -0.274994 0.114868 0.065516
v -0.263333 0.137303 0.028644
v -0.246753 0.144203 0.095366
v -0.251413 0.160070 0.023804
v -0.264551 0.163298 0.098932
v -0.269505 0.179804 0.072013
v -0.228597 0.050133 0.042832
v -0.229274 0.124739 0.048899
v -0.243014 0.103199 0.091784
v -0.243872 0.097175 0.179273
v -0.241529 0.151135 0.172703
v -0.222956 0.186749 0.131249
v -0.206520 0.183503 0.183285
v -0.184229 0.115578 0.067334
v -0.186688 0.163498 0.069101
v -0.197087 0.186702 0.042724
v -0.317235 0.023159 0.215382
v -0.315899 0.005893 0.242305
v -0.259026 0.022561 0.247026
v -0.273024 0.067725 0.202915
v -0.224588 0.055246 0.215995
v -0.227453 0.113294 0.248517
v -0.209397 0.120270 0.235811
v -0.191917 0.035478 0.297457
v -0.194044 0.076551 0.232942
v -0.169133 0.162371 0.215297
v -0.300930 0.254126 0.130808
v -0.303816 0.256359 0.166289
v -0.272597 0.228642 0.113140
v -0.285725 0.232588 0.159020
v -0.253489 0.200752 0.103394
v -0.261692 0.251303 0.134240
v -0.224866 0.195942 0.045346
v -0.231932 0.231954 0.094186
v -0.241908 0.229282 0.172776
v -0.221971 0.254505 0.155005
v -0.177115 0.219279 0.130834
v -0.225874 0.264613 0.204269
v -0.218120 0.355635 0.112677
v -0.211663 0.367948 0.089563
v -0.182170 0.245854 0.158005
v -0.175711 0.309753 0.083554
v -0.179640 0.339165 0.078366
v -0.181068 0.366518 0.146912
v -0.225786 0.245982 0.203087
v -0.227373 0.386347 0.132787
v -0.227743 0.387704 0.137428
v -0.228113 0.389061 0.132787
v -0.141308 0.145005 0.070041
v -0.140010 0.185493 0.185896
v -0.114511 0.122703 0.090840
v -0.102728 0.213041 0.063112
v -0.094814 0.042954 0.112364
v -0.095025 0.178393 0.103654
v -0.074659 0.045321 0.147682
v -0.066202 0.091725 0.114258
v -0.059100 0.134297 0.132884
v -0.068061 0.159262 0.114073
v -0.090237 0.200291 0.183403
v -0.036849 0.021620 0.109337
v -0.033585 0.135009 0.206117
v -0.014697 0.064626 0.136496
v -0.024708 0.118026 0.132578
v -0.002295 0.158042 0.221274
v 0.002724 0.179331 0.112336
v -0.179306 0.063228 0.259910
v -0.185444 0.151524 0.209674
v -0.137652 0.089164 0.261602
v -0.127620 0.120522 0.239588
v -0.130436 0.162077 0.252346
v -0.121691 0.024138 0.281381
v -0.136378 0.052057 0.266625
v -0.113183 0.109624 0.327147
v -0.088570 0.045296 0.249562
v -0.071154 0.133428 0.280567
v -0.097533 0.150892 0.230420
v -0.082457 0.189648 0.218893
v -0.082445 0.063515 0.264560
v -0.075887 0.089551 0.301094
v -0.088720 0.116103 0.329157
v -0.081494 0.134245 0.250286
v -0.078481 0.167500 0.221650
v -0.052222 0.022765 0.269077
v -0.045328 0.049872 0.306476
v -0.042961 0.095635 0.264363
v -0.065193 0.121140 0.292757
v -0.052342 0.154031 0.244331
v -0.046639 0.163891 0.309806
v -0.016362 0.058032 0.275546
v -0.015328 0.115769 0.271706
v -0.004772 0.175876 0.249691
v -0.012704 0.017856 0.270183
v 0.024318 0.162969 0.272439
v -0.003184 0.182257 0.217371
v -0.172883 0.203692 0.061404
v -0.162874 0.202693 0.179162
v -0.156738 0.230585 0.087742
v -0.131580 0.270248 0.117036
v -0.158176 0.243776 0.184723
v -0.163107 0.276022 0.162701
v -0.158098 0.297498 0.039319
v -0.156539 0.310184 0.114971
v -0.131572 0.217611 0.176451
v -0.136924 0.271751 0.024236
v -0.131739 0.268087 0.076062
v -0.137944 0.281190 0.020666
v -0.135904 0.281190 0.027806
v -0.132193 0.278055 0.087585
v -0.134967 0.293540 0.132078
v -0.140451 0.313108 0.153949
v -0.149466 0.332116 0.130281
v -0.114163 0.207599 0.137296
v -0.115087 0.226002 0.163946
v -0.113826 0.251154 0.093027
v -0.126497 0.303139 0.182381
v -0.107428 0.351549 0.134312
v -0.100178 0.369165 0.086032
v -0.095483 0.212493 0.086771
v -0.096837 0.279103 0.041996
v -0.113246 0.268645 0.181481
v -0.086869 0.321101 0.028894
v -0.057612 0.261183 0.087258
v -0.073271 0.248121 0.059779
v -0.067402 0.323857 0.083672
v -0.090085 0.321475 0.150928
v -0.070479 0.346159 0.077758
v -0.091092 0.370412 0.113047
v -0.038852 0.315924 0.046016
v -0.039552 0.338022 0.059735
v -0.020611 0.209835 0.111914
v -0.027719 0.194737 0.136932
v -0.045003 0.228768 0.192603
v -0.030533 0.333670 0.085770
v -0.023031 0.375293 0.094842
v -0.015445 0.367377 0.149247
v -0.003438 0.267697 0.110610
v -0.029248 0.254074 0.206525
v -0.003234 0.292197 0.175116
v -0.000315 0.322326 0.045508
v -0.002843 0.356359 0.050302
v -0.158928 0.297936 0.189319
v -0.132321 0.197934 0.257006
v -0.132093 0.269918 0.214210
v -0.121788 0.207402 0.191020
v -0.131897 0.228368 0.220934
v -0.115236 0.260520 0.257147
v -0.097823 0.230480 0.188733
v -0.097207 0.225220 0.269246
v -0.091574 0.246109 0.236703
v -0.069127 0.227343 0.211853
v -0.066860 0.230141 0.278624
v -0.042483 0.203043 0.208179
v -0.044779 0.206519 0.252173
v -0.015207 0.236357 0.230481
v 0.004185 0.303431 0.209667
v -0.158847 0.392602 0.140258
v -0.024388 0.389366 0.137649
v -0.001519 0.423550 0.159332
v 0.033775 -0.375422 0.131593
v 0.072778 -0.390156 0.138937
v 0.062409 -0.357541 0.164611
v 0.091445 -0.433454 0.183796
v 0.107307 -0.392663 0.135416
v 0.112707 -0.391467 0.172575
v 0.093481 -0.392679 0.185808
v 0.147832 -0.355274 0.160123
v 0.017936 -0.372610 0.098355
v 0.023917 -0.356521 0.188196
v 0.015622 -0.318209 0.035624
v 0.020437 -0.292580 0.020294
v 0.011697 -0.292192 0.090686
v 0.022997 -0.182544 0.176123
v 0.038407 -0.313120 0.036708
v 0.046694 -0.265940 0.155276
v 0.047060 -0.247232 0.046808
v 0.086651 -0.287635 0.088208
v 0.068140 -0.221537 0.072865
v 0.048434 -0.211728 0.119734
v 0.068797 -0.183402 0.159173
v 0.095699 -0.343060 0.116694
v 0.084646 -0.253857 0.054714
v 0.089273 -0.199389 0.069119
v 0.118970 -0.329652 0.180486
v 0.113179 -0.206435 0.079994
v 0.114736 -0.209566 0.117518
v 0.117455 -0.205342 0.141107
v 0.133294 -0.348334 0.113821
v 0.133763 -0.308710 0.074387
v 0.139714 -0.273090 0.041123
v 0.134141 -0.240066 0.047178
v 0.128926 -0.193992 0.134108
v 0.168205 -0.288263 0.158498
v 0.208102 -0.232828 0.155248
v 0.184525 -0.203782 0.068047
v 0.147890 -0.194618 0.123272
v 0.147707 -0.174883 0.140356
v 0.168900 -0.290310 0.089481
v 0.008023 -0.186457 0.241261
v 0.033370 -0.320180 0.202869
v 0.043618 -0.235857 0.204006
v 0.046074 -0.228067 0.251779
v 0.062957 -0.205025 0.284490
v 0.045795 -0.181281 0.272763
v 0.056089 -0.320294 0.209362
v 0.074593 -0.306280 0.237204
v 0.067500 -0.254839 0.205181
v 0.072788 -0.321082 0.230858
v 0.092139 -0.234289 0.195356
v 0.110838 -0.301613 0.212474
v 0.161069 -0.246902 0.186395
v 0.157020 -0.263890 0.190235
v 0.200302 -0.253651 0.255194
v 0.195928 -0.219389 0.252174
v 0.188609 -0.188535 0.237601
v 0.029965 -0.117722 0.099276
v 0.027964 -0.060493 0.108901
v 0.022896 -0.034497 0.112469
v 0.039831 -0.149756 0.095352
v 0.051712 -0.025575 0.110701
v 0.057833 -0.152769 0.128319
v 0.071118 -0.156134 0.088064
v 0.063592 -0.122664 0.193511
v 0.073460 -0.104495 0.123522
v 0.073820 -0.061602 0.134128
v 0.080590 0.003528 0.156897
v 0.081041 -0.108886 0.180116
v 0.089830 -0.073000 0.114048
v 0.106235 -0.115661 0.185014
v 0.100559 -0.101636 0.117333
v 0.115604 -0.044999 0.139184
v 0.111989 -0.000537 0.160584
v 0.135832 -0.153535 0.106165
v 0.131702 -0.164394 0.155585
v 0.135747 -0.001315 0.091813
v 0.144554 -0.028654 0.106222
v 0.172085 -0.148907 0.105813
v 0.021489 -0.135950 0.323004
v 0.025808 -0.101641 0.242309
v 0.003446 -0.070134 0.241715
v 0.046993 -0.153157 0.309608
v 0.043300 -0.136505 0.349030
v 0.038777 -0.105743 0.293043
v 0.031533 -0.059886 0.293261
v 0.072072 -0.175529 0.247279
v 0.064541 -0.115720 0.262510
v 0.057099 -0.110061 0.290357
v 0.062903 -0.047716 0.280996
v 0.089428 -0.089851 0.229828
v 0.090454 -0.081281 0.273847
v 0.090470 -0.021218 0.247060
v 0.109811 -0.047266 0.299702
v 0.108041 0.000083 0.226859
v 0.117143 -0.153204 0.230495
v 0.138173 -0.121797 0.296410
v 0.123205 -0.120452 0.279040
v 0.134739 -0.094869 0.300170
v 0.137459 -0.021962 0.225499
v 0.159036 -0.159283 0.230033
v 0.154590 -0.035118 0.255358
v 0.184105 -0.120101 0.242693
v 0.161032 -0.089674 0.275832
v 0.186836 0.038585 0.233573
v 0.204936 -0.276643 0.102198
v 0.195664 -0.250420 0.070062
v 0.202714 -0.207510 0.103548
v 0.226643 -0.300296 0.141102
v 0.225838 -0.276377 0.173475
v 0.229791 -0.233919 0.059742
v 0.226596 -0.231939 0.089303
v 0.212217 -0.196583 0.120264
v 0.218771 -0.217494 0.137262
v 0.230104 -0.192369 0.107875
v 0.246532 -0.324944 0.118599
v 0.242484 -0.279727 0.048216
v 0.247255 -0.287763 0.164512
v 0.252022 -0.251947 0.021205
v 0.241567 -0.228656 0.040815
v 0.230002 -0.199805 0.157644
v 0.291264 -0.315145 0.149639
v 0.276422 -0.295523 0.089675
v 0.275369 -0.275739 0.137892
v 0.275016 -0.237837 0.043187
v 0.274187 -0.248743 0.080525
v 0.276791 -0.183896 0.159195
v 0.297218 -0.273339 0.179824
v 0.296450 -0.202774 0.044647
v 0.281888 -0.186882 0.206098
v 0.298986 -0.321928 0.208015
v 0.306525 -0.227712 0.081882
v 0.326254 -0.197757 0.042571
v 0.340005 -0.250460 0.090892
v 0.360782 -0.256002 0.139596
v 0.349640 -0.230833 0.072404
v 0.342298 -0.223120 0.120481
v 0.343564 -0.203317 0.096888
v 0.207557 -0.165017 0.209364
v 0.204202 -0.271037 0.221137
v 0.219294 -0.222099 0.175202
v 0.208597 -0.205501 0.294938
v 0.241054 -0.223498 0.248631
v 0.228430 -0.194851 0.273288
v 0.275453 -0.299665 0.194506
v 0.202261 -0.158678 0.167047
v 0.196996 -0.139884 0.092579
v 0.209581 -0.088327 0.097753
v 0.226874 -0.168298 0.084485
v 0.214051 -0.124541 0.094132
v 0.223623 0.015292 0.085007
v 0.256786 -0.147925 0.089379
v 0.230929 -0.120264 0.128106
v 0.242934 -0.136440 0.177851
v 0.237467 -0.097604 0.213336
v 0.251828 -0.058435 0.209604
v 0.248063 -0.046870 0.071512
v 0.251809 -0.046497 0.158722
v 0.252353 -0.049904 0.165992
v 0.251265 -0.043090 0.165992
v 0.253390 0.006907 0.095671
v 0.247651 0.007564 0.184990
v 0.276251 -0.155581 0.143309
v 0.274886 -0.127259 0.087690
v 0.260901 -0.050078 0.172689
v 0.265104 -0.065808 0.104218
v 0.278058 -0.024518 0.157046
v 0.282989 0.000063 0.062684
v 0.291335 -0.136283 0.069050
v 0.308094 -0.116033 0.131451
v 0.300598 -0.045145 0.150743
v 0.311947 -0.152579 0.137613
v 0.311163 -0.068655 0.050912
v 0.312674 -0.067039 0.132891
v 0.325651 -0.050375 0.038589
v 0.309621 0.000307 0.067401
v 0.314167 -0.004878 0.150008
v 0.343461 -0.137963 0.091500
v 0.322029 -0.112906 0.068087
v 0.344615 -0.069500 0.098744
v 0.344270 -0.072778 0.169843
v 0.363774 -0.055324 0.087683
v 0.327911 -0.042787 0.154763
v 0.344225 -0.027568 0.068419
v 0.368391 -0.044733 0.191163
v 0.363102 -0.136340 0.161486
v 0.347186 -0.101934 0.159293
v 0.370826 -0.066024 0.162054
v 0.345505 -0.023171 0.104242
v 0.373690 -0.024057 0.140760
v 0.182481 -0.000557 0.263462
v 0.222316 -0.170157 0.244177
v 0.216718 -0.135709 0.236372
v 0.205068 -0.081591 0.286290
v 0.205494 -0.015196 0.269418
v 0.218774 0.019183 0.214566
v 0.256729 -0.136730 0.206731
v 0.297659 -0.136583 0.202670
v 0.329202 -0.145153 0.228137
v 0.319585 -0.137583 0.251282
v 0.308043 -0.124491 0.208606
v 0.329931 -0.117052 0.220511
v 0.398338 -0.254823 0.126961
v 0.373448 -0.227205 0.093095
v 0.406223 -0.248747 0.159790
v 0.417489 -0.219790 0.137498
v 0.434313 -0.249100 0.162322
v 0.372847 -0.022802 0.106418
v 0.003641 0.045826 0.138821
v 0.011924 0.156569 0.127750
v 0.050594 0.020154 0.124402
v 0.030023 0.089261 0.135969
v 0.045701 0.064505 0.165079
v 0.033567 0.164584 0.129279
v 0.051480 0.164214 0.160162
v 0.077298 0.058874 0.133730
v 0.098197 0.034147 0.134443
v 0.086307 0.162560 0.150770
v 0.140659 0.021836 0.115483
v 0.094137 0.054788 0.194708
v 0.110333 0.088779 0.114868
v 0.113120 0.089791 0.155112
v 0.112176 0.132951 0.096619
v 0.114150 0.137815 0.181211
v 0.110774 0.195663 0.103687
v 0.120427 0.049662 0.144367
v 0.135043 0.096700 0.093150
v 0.155981 0.061501 0.086941
v 0.161534 0.112843 0.130793
v 0.158070 0.133224 0.103894
v 0.159652 0.144755 0.125436
v 0.152391 0.155322 0.068027
v 0.152074 0.163719 0.164187
v 0.187226 0.042028 0.102024
v 0.179849 0.087916 0.098355
v 0.185536 0.160971 0.067745
v 0.019293 0.067548 0.276020
v 0.002915 0.134054 0.319657
v 0.047029 0.117764 0.325253
v 0.048852 0.013771 0.270493
v 0.044043 0.145029 0.266102
v 0.041119 0.185795 0.233825
v 0.073176 0.063343 0.253637
v 0.053669 0.091538 0.268002
v 0.090359 0.036569 0.260349
v 0.101924 0.082693 0.250214
v 0.108418 0.144839 0.227347
v 0.114843 0.105523 0.278897
v 0.152649 0.050833 0.225124
v 0.120213 0.086564 0.205004
v 0.136703 0.160403 0.277443
v 0.145246 0.106728 0.281036
v 0.153672 0.152218 0.226682
v 0.149235 0.181341 0.220453
v 0.185619 0.111210 0.188644
v 0.017231 0.205197 0.128868
v 0.013422 0.245174 0.093426
v 0.034968 0.246524 0.125155
v 0.018183 0.249345 0.205860
v 0.024824 0.345133 0.095262
v 0.013875 0.341213 0.178253
v 0.070989 0.249753 0.086331
v 0.050032 0.292586 0.119551
v 0.043417 0.320395 0.047142
v 0.024725 0.343200 0.048274
v 0.073041 0.236905 0.112696
v 0.092370 0.251447 0.136800
v 0.079786 0.273387 0.221747
v 0.056019 0.320438 0.097829
v 0.054575 0.321604 0.161139
v 0.058608 0.335892 0.160206
v 0.069995 0.370640 0.163675
v 0.091767 0.217467 0.085692
v 0.098242 0.288832 0.044138
v 0.086864 0.300995 0.085888
v 0.077763 0.313454 0.044746
v 0.073751 0.318662 0.172636
v 0.066682 0.345034 0.042270
v 0.090300 0.343004 0.136064
v 0.121016 0.210240 0.156181
v 0.110333 0.264591 0.068273
v 0.138662 0.308478 0.175852
v 0.112399 0.350539 0.083746
v 0.111012 0.172520 0.238093
v 0.132350 0.249329 0.085648
v 0.130107 0.256465 0.170058
v 0.137979 0.284821 0.102903
v 0.135846 0.307714 0.136396
v 0.124462 0.334060 0.139677
v 0.171976 0.183904 0.062337
v 0.162161 0.224924 0.067896
v 0.175087 0.257875 0.188574
v 0.159711 0.277782 0.018885
v 0.143291 0.298019 0.037661
v 0.160493 0.296543 0.076041
v 0.156483 0.345097 0.129755
v 0.159984 0.369862 0.118726
v 0.192764 0.229115 0.037358
v 0.172103 0.249266 0.119059
v 0.180293 0.279189 0.164091
v 0.203299 0.283998 0.045590
v 0.208555 0.342829 0.065793
v 0.203711 0.370403 0.110374
v 0.002859 0.201550 0.214404
v 0.018770 0.286772 0.236851
v 0.023518 0.367644 0.210054
v 0.027122 0.318425 0.208339
v 0.043785 0.361307 0.193345
v 0.048383 0.275608 0.229087
v 0.089326 0.309179 0.231777
v 0.111098 0.273430 0.239612
v 0.113935 0.296506 0.276544
v 0.109078 0.327671 0.223325
v 0.138629 0.328375 0.221096
v 0.170589 0.229520 0.208710
v 0.146264 0.277982 0.201616
v 0.022200 0.397065 0.183564
v 0.023243 0.428180 0.176771
v 0.020636 0.436468 0.176771
v 0.068238 0.397474 0.140191
v 0.026621 0.425143 0.148646
v 0.117250 0.392823 0.132307
v 0.118742 0.382501 0.158939
v 0.092420 0.413108 0.165460
v 0.021939 0.432324 0.187347
v 0.217886 0.071100 0.147282
v 0.206662 0.086275 0.133485
v 0.192321 0.157914 0.110411
v 0.245252 0.024713 0.145358
v 0.226604 0.048733 0.178443
v 0.219971 0.109947 0.184741
v 0.247867 0.137288 0.171907
v 0.230541 0.159403 0.034624
v 0.222608 0.180309 0.080171
v 0.208184 0.182443 0.163024
v 0.246396 0.077670 0.038721
v 0.248484 0.085487 0.098275
v 0.241112 0.102772 0.127234
v 0.245728 0.119976 0.065798
v 0.223593 0.090909 0.183228
v 0.258524 0.134109 0.125896
v 0.227414 0.161356 0.061484
v 0.236725 0.189402 0.056129
v 0.276684 0.042740 0.047607
v 0.267742 0.039410 0.169095
v 0.274155 0.092284 0.024237
v 0.277021 0.091679 0.123930
v 0.263185 0.110325 0.179017
v 0.264128 0.130094 0.042359
v 0.269093 0.127842 0.165421
v 0.271137 0.197897 0.132345
v 0.273098 0.173023 0.057968
v 0.301036 0.020246 0.036341
v 0.286922 0.046980 0.041106
v 0.281287 0.033904 0.095624
v 0.316168 0.063580 0.147944
v 0.294005 0.077705 0.095282
v 0.300446 0.110653 0.123134
v 0.293319 0.140208 0.135053
v 0.299192 0.184455 0.113474
v 0.302191 0.014595 0.187646
v 0.335449 0.036551 0.094652
v 0.321287 0.053771 0.164119
v 0.306101 0.059591 0.104396
v 0.364643 0.059971 0.127013
v 0.355024 0.050997 0.148631
v 0.338710 0.065251 0.110529
v 0.364582 0.094739 0.137554
v 0.182752 0.073071 0.273636
v 0.251758 0.139091 0.212216
v 0.297312 0.048132 0.204080
v 0.212937 0.252560 0.086303
v 0.204541 0.296975 0.020440
v 0.212051 0.325176 0.104308
v 0.197707 0.366874 0.143531
v 0.235696 0.204774 0.130542
v 0.226644 0.232344 0.158323
v 0.229507 0.276602 0.151215
v 0.227529 0.279355 0.192208
v 0.229237 0.340524 0.091394
v 0.259516 0.246194 0.106383
v 0.300673 0.233883 0.135824
v 0.180986 0.225168 0.224657
v 0.387798 0.091667 0.158019
v 0.385945 0.092920 0.180239
vn -0.2577 -0.9308 -0.2591
vn -0.4600 -0.7621 -0.4556
vn -0.3063 -0.4952 -0.8130
vn -0.0540 -0.9260 0.3737
vn 0.0277 -0.2026 0.9789
vn -0.8057 0.5104 -0.3006
vn 0.1637 0.5726 0.8033
vn -0.7466 0.5343 0.3964
vn -0.2513 -0.8902 -0.3800
vn -0.7918 0.1062 0.6015
vn -0.7032 -0.7110 -0.0031
vn -0.8511 -0.3400 -0.4000
vn -0.1606 -0.8744 0.4578
vn -0.9691 -0.1738 0.1748
vn -0.7875 -0.3757 -0.4885
vn -0.7725 -0.4453 -0.4527
vn -0.7506 -0.3109 -0.5830
vn -0.9400 0.1612 0.3006
vn -0.4421 -0.6751 -0.5906
vn 0.3775 -0.5733 0.7272
vn 0.1932 0.1046 -0.9756
vn -0.1196 -0.7265 -0.6767
vn 0.0515 0.3590 0.9319
vn 0.1484 0.2021 -0.9681
vn -0.8389 0.5423 0.0459
vn -0.6569 -0.6911 -0.3014
vn -0.2235 0.8599 0.4590
vn 0.6376 -0.0033 0.7704
vn -0.3932 -0.8846 0.2508
vn -0.4022 -0.8990 -0.1731
vn -0.9870 0.1147 -0.1129
vn -0.9904 0.0761 -0.1150
vn -0.7393 -0.6713 -0.0536
vn -0.7245 0.3532 -0.5918
vn -0.8335 -0.5071 -0.2191
vn -0.2023 0.1961 0.9595
vn -0.4883 -0.3353 -0.8057
vn -0.2941 0.8253 0.4820
vn -0.7476 0.4129 -0.5202
vn -0.6095 -0.4997 -0.6155
vn -0.6167 -0.4556 -0.6419
vn -0.5229 0.6635 -0.5351
vn -0.6912 -0.3900 -0.6084
vn -0.0382 0.0387 -0.9985
vn -0.0979 0.0312 -0.9947
vn -0.5966 -0.2664 0.7571
vn -0.0317 0.6149 -0.7880
vn 0.1034 0.0349 -0.9940
vn 0.5128 0.2824 -0.8107
vn 0.5005 0.1402 -0.8543
vn 0.4064 -0.3347 0.8502
vn 0.5501 -0.2846 0.7851
vn -0.3976 -0.5492 0.7350
vn -0.2986 -0.9055 0.3016
vn 0.2776 -0.4368 0.8557
vn 0.2641 -0.8780 0.3993
vn 0.1909 -0.8710 0.4527
vn 0.5460 0.0232 0.8375
vn 0.3100 -0.6988 0.6447
vn -0.4739 -0.8337 -0.2834
vn -0.2567 -0.8350 -0.4867
vn -0.0188 -0.9203 0.3908
vn -0.1735 0.2156 0.9609
vn -0.9729 0.0236 0.2300
vn -0.4081 -0.0723 -0.9101
vn 0.3908 -0.7724 -0.5007
vn 0.4381 -0.8766 -0.1992
vn 0.2786 -0.8819 -0.3802
vn 0.0363 -0.4166 -0.9084
vn -0.9227 0.1891 0.3360
vn -0.3546 0.4388 0.8256
vn -0.1694 0.5644 0.8079
vn 0.5124 -0.8255 0.2366
vn -0.6388 -0.2895 0.7128
vn 0.0017 0.0386 -0.9993
vn 0.2014 0.2077 -0.9572
vn -0.0399 -0.7716 -0.6349
vn -0.1357 0.1954 -0.9713
vn 0.2823 0.4244 -0.8603
vn -0.1710 -0.8186 -0.5484
vn 0.9768 0.1412 0.1609
vn 0.7810 -0.3795 -0.4959
vn 0.6859 -0.6294 -0.3653
vn 0.6676 -0.3874 -0.6358
vn -0.0171 0.3798 -0.9249
vn 0.8022 0.5050 0.3185
vn 0.4772 -0.2870 -0.8306
vn 0.7124 -0.0960 -0.6952
vn 0.3419 0.8449 0.4113
vn 0.6550 0.4526 0.6050
vn 0.1037 -0.6220 0.7761
vn 0.6302 0.4771 0.6125
vn 0.1298 0.4115 0.9021
vn -0.1801 0.2170 0.9594
vn -0.6141 0.1590 0.7730
vn -0.6845 0.3288 0.6506
vn 0.2853 -0.9546 -0.0860
vn 0.8636 -0.5019 -0.0479
vn 0.6163 0.1471 0.7736
vn -0.5483 0.7271 0.4132
vn 0.7433 0.6566 0.1282
vn 0.6683 -0.3900 -0.6335
vn -0.1452 0.4161 -0.8977
vn -0.2327 0.7183 -0.6557
vn 0.4561 -0.0050 -0.8899
vn 0.4618 -0.1304 -0.8774
vn 0.0067 0.5483 -0.8362
vn -0.1423 0.7987 -0.5847
vn 0.2005 0.3314 -0.9219
vn 0.5083 0.4199 -0.7519
vn -0.2362 -0.0829 -0.9682
vn 0.3617 0.2877 -0.8868
vn -0.0092 0.8058 -0.5921
vn -0.0538 0.0942 -0.9941
vn 0.6803 -0.6115 -0.4042
vn -0.5916 0.0758 0.8026
vn 0.1991 -0.8103 0.5512
vn 0.1799 0.7369 0.6516
vn 0.2141 -0.6113 0.7619
vn 0.5284 -0.4213 0.7371
vn -0.2761 0.3879 0.8794
vn -0.1498 -0.3374 0.9293
vn -0.7797 0.5118 0.3608
vn -0.0760 -0.8016 0.5930
vn 0.7741 -0.2462 0.5833
vn -0.8863 -0.3477 0.3058
vn -0.5388 -0.6183 0.5722
vn -0.0212 0.4341 0.9006
vn 0.2517 -0.1978 0.9474
vn 0.2475 0.2486 0.9365
vn -0.9714 -0.1938 -0.1373
vn -0.7553 0.0797 -0.6505
vn -0.7559 -0.6264 0.1906
vn -0.2317 -0.5748 -0.7848
vn 0.0111 0.9938 -0.1102
vn 0.0271 0.6297 0.7763
vn 0.1324 0.9870 0.0912
vn -0.5346 -0.7817 0.3213
vn -0.5890 -0.3085 -0.7469
vn 0.0209 0.9861 0.1651
vn 0.1539 0.5580 0.8155
vn -0.4670 -0.8768 -0.1149
vn -0.7585 -0.1958 -0.6216
vn -0.3134 -0.7560 -0.5747
vn -0.9853 0.0654 -0.1579
vn -0.7056 -0.5677 0.4241
vn -0.3950 0.3892 -0.8322
vn 0.6838 -0.3025 0.6640
vn -0.5339 0.6509 -0.5396
vn 0.7430 -0.1543 0.6512
vn -0.3121 -0.7566 -0.5746
vn -0.5447 0.6911 0.4751
vn 0.6316 -0.2130 0.7455
vn 0.6433 -0.0824 -0.7612
vn -0.6386 0.7681 0.0466
vn -0.8241 0.3132 0.4720
vn -0.0218 -0.7027 0.7112
vn -0.0424 -0.2214 0.9743
vn -0.4409 0.3742 -0.8159
vn 0.4644 0.7905 0.3993
vn 0.3683 -0.3738 -0.8512
vn 0.3912 0.0781 -0.9170
vn 0.5008 -0.5424 -0.6746
vn 0.5681 -0.2093 -0.7959
vn 0.0550 0.3815 0.9227
vn -0.7215 0.6894 0.0653
vn -0.5589 0.6851 0.4671
vn -0.6903 0.7153 0.1089
vn -0.1296 0.1652 0.9777
vn -0.5829 -0.1130 0.8046
vn -0.5141 0.7632 0.3914
vn -0.4976 0.3330 0.8009
vn 0.0246 0.9933 -0.1129
vn -0.9203 0.2345 0.3131
vn 0.1125 0.6476 -0.7536
vn 0.0766 0.9955 -0.0564
vn 0.0545 -0.1340 0.9895
vn -0.7976 0.4246 -0.4285
vn -0.5325 -0.8299 0.1664
vn -0.7959 -0.5656 0.2161
vn -0.2539 -0.7313 0.6331
vn 0.0743 0.4724 -0.8782
vn 0.0608 0.8075 -0.5867
vn 0.3380 0.9225 -0.1865
vn 0.2062 0.7184 -0.6643
vn -0.6995 -0.2137 -0.6819
vn -0.6722 -0.5589 -0.4855
vn -0.6973 -0.4029 0.5928
vn 0.9648 0.2629 -0.0000
vn 0.0365 0.0387 -0.9986
vn 0.4191 -0.0462 -0.9068
vn 0.3708 0.1455 -0.9172
vn 0.3304 -0.1690 -0.9286
vn 0.3292 -0.4015 -0.8547
vn 0.3425 -0.1650 -0.9249
vn 0.1031 0.4088 -0.9068
vn 0.3235 0.9137 -0.2459
vn 0.6014 -0.5362 -0.5923
vn -0.1511 -0.1005 -0.9834
vn 0.1677 0.3715 -0.9132
vn 0.4213 0.8935 -0.1555
vn 0.4291 0.3138 -0.8470
vn -0.4916 0.8336 -0.2518
vn 0.2622 0.7319 0.6290
vn -0.4472 0.6804 0.5805
vn -0.1204 0.1291 0.9843
vn -0.4644 0.6036 0.6481
vn -0.5548 -0.2783 0.7840
vn -0.5749 0.5510 0.6049
vn 0.6436 0.0711 0.7620
vn 0.3460 0.5742 0.7420
vn -0.3356 0.9264 0.1706
vn 0.5609 0.0279 0.8274
vn -0.7248 -0.4929 0.4814
vn -0.0292 -0.8115 0.5836
vn 0.1247 -0.6916 0.7114
vn 0.8399 -0.1464 0.5226
vn 0.9184 0.3921 0.0539
vn 0.2868 0.1689 0.9430
vn -0.2292 0.6470 0.7272
vn -0.3646 0.1995 0.9095
vn -0.6076 -0.3729 0.7012
vn 0.5306 0.8254 -0.1929
vn -0.5218 0.8292 0.2006
vn 0.5478 0.8246 -0.1416
vn -0.7642 0.6442 -0.0304
vn 0.0161 0.3413 0.9398
vn -0.1154 -0.7941 0.5968
vn 0.7328 -0.0240 0.6800
vn 0.5249 0.5615 0.6397
vn -0.4057 0.9084 -0.1014
vn -0.2119 -0.0649 0.9751
vn -0.3121 0.7805 -0.5417
vn -0.5220 -0.7118 0.4700
vn -0.9973 -0.0460 -0.0581
vn -0.3056 0.7943 -0.5251
vn 0.7152 -0.3603 -0.5989
vn -0.6826 0.4550 -0.5720
vn -0.7571 0.6238 -0.1944
vn -0.6763 0.5101 -0.5314
vn -0.9616 -0.0000 0.2746
vn -0.7803 0.2552 -0.5710
vn -0.5711 -0.7384 0.3586
vn -0.6924 -0.6937 0.1983
vn -0.9247 0.0335 0.3792
vn 0.0407 -0.1240 -0.9914
vn -0.0583 0.2957 0.9535
vn 0.3275 -0.4730 -0.8179
vn 0.9616 -0.0000 -0.2746
vn -0.7807 0.3556 -0.5139
vn 0.0828 -0.3710 0.9249
vn 0.9150 0.1888 0.3566
vn -0.5619 0.4033 -0.7222
vn 0.8808 -0.3748 0.2893
vn -0.2618 -0.8071 -0.5292
vn 0.3320 0.5956 0.7315
vn -0.3227 0.6859 -0.6522
vn 0.8556 -0.0793 0.5115
vn 0.1280 0.7734 -0.6208
vn 0.9007 0.2231 0.3728
vn 0.2994 0.5879 0.7515
vn 0.2857 -0.3278 -0.9005
vn 0.9329 0.1641 0.3205
vn 0.3378 0.5041 -0.7948
vn 0.7067 -0.3569 0.6110
vn 0.2623 -0.9329 -0.2468
vn -0.6794 -0.5267 -0.5109
vn -0.3786 -0.9252 -0.0235
vn -0.2991 0.1113 -0.9477
vn -0.2274 0.6692 0.7074
vn 0.0431 0.9983 0.0389
vn 0.2540 -0.1582 0.9542
vn -0.7279 0.6538 -0.2069
vn -0.7860 0.0951 0.6109
vn -0.9836 -0.0288 0.1781
vn -0.9441 0.2573 0.2060
vn -0.9251 0.0564 0.3756
vn 0.8299 0.3067 0.4660
vn 0.0449 0.6872 0.7251
vn -0.0719 0.9297 0.3613
vn -0.1476 0.3400 -0.9288
vn 0.6700 -0.4996 0.5492
vn -0.2292 -0.1373 0.9636
vn 0.9173 0.3277 -0.2263
vn 0.2557 0.9605 0.1099
vn 0.9738 0.1540 -0.1673
vn 0.6201 0.2849 -0.7310
vn 0.3384 -0.9365 0.0917
vn -0.2258 -0.1011 -0.9689
vn -0.0699 -0.7723 0.6314
vn 0.0587 0.8214 -0.5673
vn -0.5311 -0.4763 -0.7008
vn -0.5041 0.6356 -0.5847
vn -0.3433 0.6477 0.6802
vn 0.6833 -0.1592 0.7126
vn -0.4686 -0.8834 0.0059
vn -0.4752 -0.8787 0.0446
vn 0.6150 -0.0719 0.7852
vn -0.8278 0.5610 -0.0047
vn -0.5923 0.7680 0.2436
vn -0.6141 0.6407 0.4609
vn -0.2352 0.7734 -0.5887
vn 0.2603 0.9565 -0.1317
vn 0.5570 0.7997 -0.2243
vn -0.7325 0.0598 0.6782
vn 0.4851 -0.8212 -0.3006
vn 0.6583 -0.6835 0.3153
vn -0.9372 -0.3438 0.0582
vn 0.5686 -0.0688 0.8197
vn -0.7730 0.2750 -0.5717
vn -0.7257 0.6816 -0.0938
vn -0.0373 0.8926 -0.4494
vn -0.6641 0.7455 0.0568
vn -0.6234 0.6604 0.4186
vn 0.1578 -0.5286 -0.8341
vn 0.3963 -0.8796 -0.2633
vn 0.7050 -0.6127 -0.3572
vn 0.7537 -0.4397 -0.4885
vn 0.6873 0.0210 -0.7261
vn -0.9994 0.0337 0.0024
vn -0.1209 -0.3752 -0.9190
vn 0.3474 -0.3832 -0.8559
vn 0.2244 0.1188 -0.9672
vn 0.2642 0.5713 -0.7771
vn 0.3751 0.6990 0.6089
vn -0.2221 -0.1016 0.9697
vn -0.2173 0.2668 -0.9389
vn 0.4435 0.7521 -0.4875
vn 0.3970 0.9168 -0.0442
vn -0.1229 -0.3755 -0.9186
vn -0.3824 -0.5957 -0.7063
vn -0.1886 0.1462 -0.9711
vn -0.7795 0.6207 0.0841
vn -0.7156 0.6972 -0.0424
vn 0.7405 -0.5905 -0.3210
vn -0.1499 0.6411 -0.7527
vn -0.0824 0.9762 -0.2005
vn 0.5590 -0.5397 0.6294
vn 0.7412 -0.5895 -0.3211
vn 0.9567 -0.2904 0.0182
vn 0.5603 -0.6134 -0.5566
vn 0.3548 0.0444 -0.9339
vn 0.3874 0.3313 0.8603
vn 0.7028 -0.6289 0.3324
vn 0.2048 0.1878 0.9606
vn -0.7481 -0.6477 0.1441
vn -0.8842 -0.4333 -0.1746
vn -0.5752 -0.3376 0.7451
vn -0.2634 -0.3015 0.9164
vn -0.1540 -0.8377 0.5240
vn -0.7821 -0.1625 0.6016
vn -0.6192 -0.7693 0.1573
vn 0.1116 -0.8386 0.5331
vn 0.5536 -0.3843 0.7388
vn 0.1964 0.4566 0.8678
vn 0.5703 -0.1375 0.8099
vn 0.6621 -0.4633 0.5891
vn -0.8852 0.0097 0.4651
vn 0.2901 -0.7835 -0.5495
vn 0.0111 -0.5772 -0.8165
vn -0.1680 -0.9007 -0.4006
vn -0.9092 -0.2556 -0.3288
vn 0.8212 -0.3132 -0.4770
vn 0.9515 -0.3025 0.0556
vn 0.4419 0.1638 -0.8820
vn 0.4593 -0.2687 -0.8467
vn -0.0968 0.1168 -0.9884
vn 0.4761 0.5128 -0.7144
vn -0.7202 0.1722 -0.6720
vn -0.2227 -0.9581 -0.1799
vn -0.2272 0.7580 -0.6114
vn -0.0176 0.3316 -0.9433
vn -0.9898 0.1318 -0.0538
vn -0.7842 0.2162 -0.5816
vn -0.6924 -0.3329 -0.6401
vn 0.1003 -0.8279 -0.5518
vn 0.7436 -0.6682 0.0223
vn -0.2632 -0.9606 0.0898
vn -0.8653 -0.3500 0.3588
vn -0.6095 -0.4199 0.6724
vn -0.3753 -0.7309 0.5701
vn -0.4069 -0.8545 0.3228
vn -0.7345 0.6411 0.2225
vn -0.7156 -0.4987 0.4891
vn 0.9927 0.1116 -0.0469
vn 0.9556 -0.2484 0.1586
vn 0.2668 0.8536 0.4474
vn 0.9747 -0.1580 0.1580
vn 0.9243 0.3757 -0.0679
vn 0.6836 -0.7126 0.1575
vn 0.7047 -0.6347 0.3173
vn 0.3672 0.1046 0.9242
vn -0.3087 -0.8697 0.3851
vn -0.3278 -0.4464 0.8327
vn -0.7446 -0.6599 0.1008
vn -0.7516 -0.1843 0.6334
vn 0.0979 0.9302 0.3537
vn 0.3775 0.4540 0.8071
vn -0.3921 -0.8967 0.2055
vn -0.1227 -0.8802 0.4585
vn 0.6136 0.3399 0.7127
vn 0.6808 -0.0154 0.7323
vn -0.6646 0.4639 0.5857
vn 0.4595 -0.6186 -0.6373
vn 0.0114 -0.8041 0.5944
vn -0.2435 -0.0998 -0.9648
vn 0.6786 0.7265 -0.1081
vn 0.4851 -0.7482 -0.4526
vn -0.4199 0.8503 -0.3171
vn -0.8984 0.0708 0.4335
vn -0.8519 -0.4615 -0.2475
vn -0.1783 -0.7935 0.5818
vn 0.7750 0.5904 0.2253
vn -0.9139 -0.0742 -0.3991
vn -0.8334 -0.0939 -0.5447
vn -0.3470 0.1373 -0.9278
vn 0.8764 -0.4765 -0.0694
vn 0.7143 -0.5983 -0.3631
vn 0.5586 -0.5121 -0.6524
vn 0.1775 0.8129 0.5547
vn 0.3283 0.9442 -0.0278
vn 0.3697 0.8436 0.3894
vn 0.3229 -0.9361 -0.1392
vn 0.9977 0.0551 0.0382
vn 0.9988 0.0481 0.0021
vn -0.2846 0.3809 0.8797
vn 0.8620 0.2102 -0.4612
vn 0.5378 -0.8124 -0.2254
vn -0.5837 -0.7964 0.1584
vn 0.3595 -0.4719 -0.8050
vn 0.3203 -0.7281 -0.6061
vn 0.6113 0.7830 -0.1147
vn -0.4189 0.8767 -0.2364
vn 0.1539 -0.9718 0.1788
vn -0.8933 0.0809 -0.4421
vn -0.8661 0.1133 -0.4868
vn -0.1448 0.9339 0.3268
vn 0.7806 -0.1729 0.6006
vn -0.3874 0.6722 0.6309
vn 0.2078 -0.9449 -0.2532
vn 0.1117 -0.9063 -0.4076
vn -0.1211 0.0089 -0.9926
vn -0.5496 0.5881 -0.5934
vn -0.7542 -0.5794 0.3089
vn -0.6675 -0.5631 -0.4873
vn 0.0010 0.0996 -0.9950
vn 0.8771 0.1538 -0.4551
vn -0.2883 -0.3066 -0.9071
vn 0.8584 -0.5083 0.0693
vn 0.4009 0.3421 -0.8499
vn 0.1638 -0.6761 -0.7184
vn 0.5120 -0.7909 -0.3352
vn -0.4828 0.7963 -0.3644
vn -0.9875 -0.1576 -0.0000
vn -0.6550 0.3627 -0.6629
vn -0.6934 0.6351 0.3404
vn -0.5610 0.4338 -0.7051
vn 0.2449 -0.9415 0.2313
vn -0.3838 0.1132 -0.9165
vn 0.1403 0.1790 0.9738
vn -0.4573 0.5724 -0.6806
vn -0.0382 -0.9991 0.0204
vn 0.1440 0.5231 -0.8400
vn 0.3354 -0.4739 -0.8142
vn -0.3996 0.9113 0.0996
vn 0.5627 -0.7199 -0.4063
vn 0.3924 -0.8336 -0.3887
vn -0.6684 0.0094 0.7438
vn 0.4591 0.5443 -0.7021
vn 0.6270 0.7789 0.0144
vn -0.1511 0.0689 0.9861
vn 0.3319 -0.9406 -0.0713
vn 0.8833 0.3922 -0.2570
vn -0.0127 -0.9981 0.0601
vn -0.2990 0.9201 0.2531
vn -0.2643 0.9017 0.3421
vn -0.1689 -0.9776 -0.1253
vn -0.5007 0.8001 0.3304
vn -0.9222 -0.0634 0.3816
vn -0.1614 -0.6410 0.7504
vn 0.8559 -0.2719 0.4398
vn 0.8466 0.3340 0.4143
vn 0.8033 0.4594 -0.3791
vn 0.7027 0.6307 -0.3293
vn 0.8914 0.4480 -0.0683
vn -0.7732 0.6304 0.0686
vn -0.6014 0.1294 0.7884
vn -0.4739 0.7977 0.3729
vn 0.9293 0.0741 0.3619
vn 0.2929 -0.9559 0.0226
vn 0.0852 -0.9832 0.1615
vn -0.0294 -0.9816 0.1887
vn 0.7040 -0.1781 -0.6875
vn -0.0624 0.6240 0.7790
vn -0.0037 0.9926 -0.1217
vn 0.9951 -0.0187 0.0969
vn -0.0164 0.9992 0.0369
vn -0.7270 0.6758 -0.1212
vn -0.0330 -0.0907 -0.9953
vn -0.1379 0.2812 -0.9497
vn 0.0640 -0.1040 -0.9925
vn 0.0730 0.1857 -0.9799
vn 0.1719 0.1171 -0.9781
vn 0.0168 -0.5975 -0.8017
vn 0.2755 0.2058 -0.9390
vn -0.7126 0.6590 0.2409
vn -0.9974 -0.0164 0.0695
vn -0.9195 -0.1167 -0.3754
vn -0.9371 -0.1316 0.3232
vn -0.1356 0.6644 -0.7350
vn 0.0729 -0.5884 -0.8053
vn -0.5772 -0.2911 -0.7629
vn -0.6495 -0.5575 -0.5171
vn 0.0895 -0.8416 -0.5327
vn 0.1526 0.1891 -0.9700
vn 0.8218 -0.3982 -0.4075
vn -0.6054 0.0758 -0.7923
vn 0.0223 -0.5896 -0.8074
vn 0.1622 0.2642 -0.9507
vn 0.4335 -0.0024 -0.9011
vn 0.2221 0.8297 -0.5121
vn 0.9945 0.0425 -0.0958
vn 0.2167 0.7857 0.5794
vn -0.9870 -0.0603 -0.1491
vn 0.0179 0.3416 0.9397
vn -0.0559 0.7427 0.6673
vn 0.9105 0.3772 -0.1696
vn 0.9598 -0.2801 0.0166
vn 0.3606 -0.2132 0.9080
vn 0.5862 -0.7087 0.3926
vn 0.9835 0.1781 0.0325
vn 0.9846 0.1463 0.0956
vn 0.6431 0.5032 0.5773
vn 0.3395 -0.2102 0.9168
vn 0.2309 0.9712 -0.0589
vn 0.8117 -0.1294 0.5696
vn -0.9882 0.0345 0.1495
vn -0.6804 -0.7324 0.0270
vn -0.9616 -0.0162 0.2739
vn 0.0433 -0.0039 0.9991
vn 0.5171 -0.4292 0.7406
vn -0.7876 0.5975 0.1506
vn -0.7480 0.3135 0.5849
vn -0.0567 -0.2742 0.9600
vn -0.0641 0.9412 0.3317
vn 0.6113 0.5577 0.5615
vn 0.6406 0.7274 -0.2462
vn 0.8885 -0.2541 -0.3821
vn -0.5932 0.1583 -0.7894
vn 0.1300 -0.9246 0.3581
vn -0.5949 -0.7954 -0.1161
vn 0.8198 0.3250 -0.4716
vn -0.1156 0.5464 -0.8295
vn -0.3521 0.8754 -0.3314
vn 0.0409 0.0829 -0.9957
vn -0.0065 0.1390 -0.9903
vn -0.1451 0.5611 -0.8150
vn -0.4883 0.7398 -0.4629
vn -0.1386 -0.0645 -0.9882
vn -0.6210 -0.7683 0.1550
vn -0.9813 0.1908 -0.0259
vn -0.6207 -0.7841 0.0003
vn -0.8268 -0.5283 -0.1931
vn -0.6854 0.2063 -0.6984
vn -0.5506 -0.4365 -0.7115
vn -0.0912 -0.1096 -0.9898
vn 0.6208 -0.2767 0.7335
vn -0.8081 0.5890 -0.0059
vn -0.0647 -0.8306 0.5530
vn -0.0810 -0.9679 0.2380
vn -0.4545 0.1332 -0.8807
vn 0.1740 0.8590 0.4814
vn -0.8126 -0.2921 0.5043
vn 0.3463 -0.4423 -0.8273
vn -0.1258 -0.0802 -0.9888
vn -0.3676 -0.2004 0.9082
vn 0.7525 -0.5204 0.4036
vn 0.5638 0.8240 -0.0562
vn 0.8277 -0.3842 0.4091
vn 0.2935 0.0078 0.9559
vn -0.2355 -0.9695 0.0683
vn -0.1320 0.7552 -0.6421
vn 0.9492 -0.2779 0.1476
vn 0.6058 -0.0523 0.7939
vn -0.6708 0.4153 0.6144
vn -0.9416 0.3224 0.0974
vn 0.7006 0.6981 0.1475
vn -0.0383 -0.6369 0.7700
vn 0.4001 0.5529 0.7309
vn -0.4013 0.6692 0.6254
vn -0.6271 0.4628 0.6266
vn 0.2329 -0.7814 0.5789
vn 0.1077 -0.7252 0.6800
vn 0.4054 0.7417 0.5343
vn 0.7592 -0.3061 0.5744
vn 0.0966 0.9864 0.1327
vn -0.8063 0.5685 0.1633
vn -0.1159 -0.9718 0.2054
vn -0.0521 0.9141 -0.4021
vn 0.9026 -0.3929 0.1762
vn 0.4111 0.0398 0.9107
vn -0.7206 0.4738 0.5062
vn 0.6254 0.5178 0.5838
vn 0.4111 0.8910 -0.1924
vn -0.6909 0.0417 0.7218
vn -0.2461 0.8136 -0.5267
vn 0.2212 -0.6031 0.7664
vn 0.1216 -0.1057 0.9869
vn -0.1956 -0.3822 0.9031
vn 0.7147 0.1977 0.6709
vn 0.3760 -0.3037 0.8754
vn -0.7957 -0.3248 0.5113
vn -0.7696 0.4079 0.4913
vn 0.9539 0.3000 -0.0000
vn -0.1434 0.3851 -0.9117
vn 0.5066 0.8416 -0.1872
vn 0.5968 -0.7880 -0.1514
vn 0.5051 -0.7321 0.4571
vn 0.1142 -0.6827 0.7217
vn 0.8573 0.5008 0.1196
vn -0.9983 -0.0417 0.0405
vn -0.9088 -0.4101 -0.0760
vn -0.9481 0.2896 -0.1314
vn 0.3483 0.8991 -0.2652
vn 0.0582 0.8232 -0.5648
vn -0.7646 -0.6350 0.1101
vn -0.2239 -0.8609 0.4568
vn -0.4296 -0.6561 -0.6205
vn 0.4148 0.9093 0.0333
vn -0.7512 -0.2696 0.6025
vn 0.2758 0.5218 -0.8072
vn -0.9900 -0.1206 0.0727
vn -0.4370 0.8216 -0.3660
vn -0.3178 -0.4831 -0.8158
vn -0.9503 0.2770 0.1421
vn -0.0942 -0.7862 0.6108
vn -0.1329 -0.9196 0.3698
vn 0.5146 -0.6100 0.6026
vn 0.5575 -0.6675 0.4936
vn 0.4459 -0.8460 0.2924
vn 0.8752 0.3772 -0.3027
vn 0.8854 0.3410 -0.3160
vn -0.2222 0.9520 0.2104
vn -0.2315 -0.5068 0.8304
vn 0.8572 -0.2918 -0.4243
vn 0.6990 0.4657 -0.5427
vn -0.4548 0.1389 0.8797
vn -0.1684 0.8183 0.5495
vn 0.7913 -0.0548 0.6090
vn 0.0823 0.4753 -0.8760
vn 0.5519 0.3548 -0.7547
vn -0.3577 0.7440 0.5644
vn -0.5478 0.7781 0.3073
vn 0.1679 0.5864 0.7924
vn 0.8913 -0.2947 0.3445
vn 0.4782 0.7951 0.3729
vn 0.7205 0.4520 0.5259
vn -0.6914 0.7216 0.0345
vn 0.0438 -0.6322 0.7735
vn 0.0128 -0.4385 0.8986
vn 0.3708 -0.8327 -0.4113
vn 0.1525 -0.8197 0.5521
vn -0.2715 0.6887 -0.6723
vn -0.3172 0.7907 -0.5236
vn -0.0450 -0.4672 -0.8830
vn 0.7040 -0.7009 0.1145
vn 0.8171 -0.2535 0.5178
vn -0.2883 0.9196 -0.2670
vn 0.1813 -0.5773 0.7962
vn 0.9959 -0.0899 0.0028
vn 0.7509 -0.5881 0.3005
vn 0.6234 0.3627 -0.6926
vn 0.3301 0.7911 -0.5150
vn 0.2900 0.8710 -0.3966
vn 0.5633 0.7287 -0.3895
vn 0.2817 -0.3187 0.9050
vn 0.2856 0.1339 0.9489
vn 0.2933 0.5648 -0.7713
vn 0.3774 -0.3909 0.8395
vn 0.8101 -0.2497 0.5305
vn 0.6027 0.3963 0.6927
vn -0.3442 0.7432 0.5738
vn 0.0082 0.9942 0.1073
vn 0.2523 -0.6943 0.6740
vn 0.5551 0.2422 -0.7957
vn 0.6614 0.2187 -0.7175
vn 0.1671 0.9851 -0.0416
vn -0.0334 -0.9669 -0.2530
vn -0.7642 0.4461 -0.4659
vn -0.2731 -0.9527 -0.1336
vn -0.4975 -0.3834 -0.7782
vn 0.5432 -0.0338 0.8389
vn -0.7363 0.5030 -0.4527
vn -0.8252 0.2276 0.5169
vn -0.3523 -0.2143 0.9110
vn -0.5518 0.6580 -0.5124
vn -0.7407 0.1141 0.6621
vn -0.3033 -0.9508 -0.0633
vn -0.8992 -0.4297 -0.0823
vn -0.3253 -0.9456 0.0056
vn -0.2256 -0.8247 -0.5187
vn -0.2610 0.3404 0.9033
vn -0.0679 -0.7729 -0.6309
vn 0.3450 0.3002 -0.8893
vn -0.0920 -0.2608 0.9610
vn -0.9053 0.4239 0.0258
vn -0.1828 0.6255 0.7585
vn 0.1530 -0.9855 0.0728
vn -0.4738 -0.6082 -0.6369
vn 0.6350 -0.0044 0.7725
vn 0.3352 0.9045 0.2638
vn 0.4350 0.0693 -0.8978
vn 0.4334 0.5401 0.7214
vn 0.2189 0.2392 0.9460
vn 0.1484 0.8406 0.5210
vn -0.6049 0.6904 -0.3968
vn -0.4701 -0.8825 0.0159
vn -0.4657 -0.2337 -0.8535
vn -0.8698 -0.1974 0.4522
vn -0.2764 -0.2699 -0.9224
vn -0.7482 -0.0292 -0.6629
vn 0.3143 -0.3418 0.8857
vn -0.2262 -0.7424 0.6307
vn -0.8108 -0.2965 -0.5046
vn -0.1742 0.7463 0.6425
vn 0.2139 -0.2865 -0.9339
vn 0.4886 0.1345 -0.8621
vn 0.5260 0.5718 -0.6296
vn 0.4105 -0.0045 -0.9118
vn -0.8248 0.4877 0.2862
vn 0.5683 0.3216 -0.7574
vn -0.0113 -0.9270 0.3748
vn -0.8375 -0.1769 0.5171
vn -0.9943 0.1046 -0.0181
vn -0.8862 -0.0387 0.4617
vn -0.7429 -0.6063 -0.2838
vn -0.9489 -0.0248 0.3145
vn -0.4177 -0.5433 0.7283
vn -0.9023 -0.4239 -0.0780
vn -0.8603 -0.0752 0.5043
vn -0.1266 -0.8552 0.5025
vn -0.3885 -0.9130 0.1243
vn -0.1154 -0.9917 -0.0559
vn 0.1136 -0.0043 0.9935
vn -0.4754 0.6925 0.5427
vn -0.1762 0.8240 0.5384
vn 0.1472 0.5439 0.8262
vn -0.1645 -0.5892 0.7910
vn -0.0567 0.7105 0.7014
vn 0.2667 -0.5985 0.7554
vn 0.3900 -0.8701 -0.3015
vn 0.3643 -0.9296 -0.0552
vn -0.2445 -0.9065 -0.3443
vn 0.1573 -0.8315 -0.5329
vn 0.6997 -0.5905 0.4023
vn 0.4961 0.2867 0.8195
vn -0.0956 -0.5329 0.8408
vn -0.2937 0.2992 0.9079
vn -0.5789 -0.5511 -0.6009
vn -0.5593 -0.5795 -0.5927
vn 0.5881 0.1480 0.7951
vn 0.0287 -0.7153 -0.6982
vn -0.5388 -0.2814 -0.7940
vn -0.2386 -0.3306 0.9131
vn -0.0759 0.1366 0.9877
vn -0.1985 -0.4115 0.8896
vn 0.1333 0.2994 -0.9448
vn 0.1115 0.3485 -0.9306
vn -0.1406 -0.7670 -0.6261
vn -0.0289 0.3520 -0.9355
vn 0.2928 0.2389 0.9259
vn 0.2558 -0.5008 0.8269
vn -0.0337 0.3638 -0.9309
vn 0.5769 -0.1390 0.8049
vn 0.3417 -0.8236 -0.4526
vn 0.7317 0.2316 0.6411
vn 0.8715 0.4543 -0.1849
vn 0.5998 -0.6547 -0.4601
vn 0.5301 -0.8241 -0.1998
vn 0.6943 0.7095 -0.1210
vn 0.6370 -0.7596 -0.1312
vn 0.6402 -0.7453 -0.1863
vn 0.0927 -0.9921 0.0840
vn -0.6036 -0.7925 -0.0877
vn 0.1037 -0.6491 0.7536
vn 0.1268 -0.7875 0.6031
vn 0.3385 -0.6223 0.7058
vn 0.1652 -0.7843 0.5980
vn -0.0784 -0.6097 0.7887
vn -0.9765 -0.1762 0.1242
vn -0.8690 -0.4737 0.1429
vn -0.6401 0.3903 0.6617
vn -0.1318 0.6410 0.7562
vn -0.7655 -0.5809 0.2766
vn -0.4802 -0.0663 0.8747
vn 0.3227 0.7486 0.5792
vn 0.9387 -0.3047 0.1613
vn 0.3300 0.3813 0.8635
vn -0.2565 0.2834 0.9241
vn -0.1689 -0.2033 0.9644
vn 0.2039 0.7116 -0.6723
vn -0.1452 0.3853 -0.9113
vn 0.6630 0.1076 -0.7409
vn -0.7111 -0.1188 -0.6930
vn 0.0326 -0.1593 -0.9867
vn 0.0981 -0.0731 -0.9925
vn 0.1374 0.0106 -0.9905
vn -0.0145 -0.0746 -0.9971
vn 0.9482 0.2828 0.1448
vn 0.5642 -0.5197 -0.6416
vn 0.0708 0.5458 -0.8349
vn 0.6966 -0.6407 -0.3230
vn 0.7965 0.2202 -0.5632
vn -0.3623 0.0538 -0.9305
vn -0.4127 -0.4825 -0.7726
vn -0.6974 0.2959 0.6527
vn -0.2945 -0.6114 0.7345
vn -0.9365 -0.0936 0.3380
vn -0.5228 0.1932 0.8303
vn 0.5758 -0.7254 0.3771
vn -0.5659 -0.8027 0.1883
vn -0.7249 0.6197 0.3009
vn -0.4443 -0.6291 0.6379
vn -0.4968 -0.8675 0.0239
vn 0.0201 -0.9730 0.2301
vn 0.5774 -0.2742 0.7691
vn -0.3139 -0.3664 0.8759
vn 0.5261 -0.1854 0.8300
vn -0.0220 -0.3276 0.9446
vn -0.2495 -0.2777 0.9277
vn -0.7041 -0.4067 0.5821
vn -0.3729 -0.5148 0.7720
vn -0.2097 -0.8882 0.4089
vn -0.7665 0.5270 0.3671
vn 0.4219 -0.9039 0.0697
vn -0.0000 -0.8230 0.5681
vn 0.6699 -0.1848 0.7191
vn -0.2645 0.5988 0.7559
vn 0.2250 0.5747 0.7868
vn -0.1745 -0.5455 0.8198
vn 0.6539 -0.6226 0.4298
vn 0.6776 -0.4924 0.5462
vn -0.7792 0.1699 0.6034
vn -0.8165 -0.4996 -0.2893
vn 0.0396 -0.9892 0.1408
vn 0.1272 0.8241 -0.5520
vn -0.2444 -0.5550 -0.7951
vn -0.2536 0.6467 -0.7193
vn -0.2747 -0.8846 0.3770
vn -0.4335 0.8818 0.1859
vn -0.6673 -0.7188 0.1952
vn -0.5441 0.7816 -0.3049
vn -0.3924 -0.0262 0.9194
vn -0.9377 -0.1208 0.3257
vn -0.6886 -0.5751 0.4416
vn 0.1307 -0.3217 0.9378
vn -0.8484 -0.2986 0.4371
vn -0.5520 -0.3238 -0.7684
vn -0.5749 -0.2960 -0.7628
vn -0.6688 0.7328 -0.1252
vn -0.1156 0.7801 0.6149
vn -0.5898 0.6701 0.4507
vn -0.6611 -0.6277 -0.4109
vn -0.3923 0.3953 -0.8306
vn 0.0407 -0.0017 -0.9992
vn -0.6236 -0.1960 -0.7568
vn 0.3603 -0.0083 -0.9328
vn -0.3790 0.8254 -0.4184
vn -0.2371 0.9168 0.3214
vn 0.4038 0.7099 0.5771
vn 0.3394 0.1567 0.9275
vn 0.6887 -0.1214 -0.7148
vn 0.8439 -0.4889 -0.2211
vn 0.1222 0.9338 -0.3364
vn -0.0897 -0.1458 0.9852
vn 0.4512 -0.4989 -0.7399
vn -0.9981 0.0163 0.0600
vn 0.0192 -0.0853 0.9962
vn -0.9991 0.0425 -0.0069
vn -0.9924 -0.0971 0.0757
vn -0.8785 0.4774 0.0165
vn -0.4341 -0.4605 -0.7743
vn -0.6967 0.6680 0.2617
vn 0.5668 -0.3952 -0.7229
vn 0.5904 -0.1004 -0.8009
vn 0.3683 -0.0545 -0.9281
vn 0.3876 0.0538 -0.9203
vn -0.6612 0.7422 0.1093
vn -1.0000 0.0044 -0.0010
vn -0.9985 0.0283 0.0473
vn -0.1203 0.2309 0.9655
vn -0.2472 0.6367 0.7304
vn -0.0144 0.6964 0.7175
vn -0.1366 -0.4893 0.8613
vn -0.9742 0.0685 0.2151
vn -0.4384 0.8172 0.3741
vn -0.3700 0.7463 0.5534
vn -0.5250 0.3085 0.7932
vn -0.7995 -0.6001 -0.0273
vn -0.6096 -0.0575 0.7906
vn -0.6557 0.4703 0.5907
vn 0.5354 0.1333 0.8340
vn -0.0672 0.9907 -0.1181
vn -0.3694 0.7124 0.5967
vn -0.8395 -0.5065 -0.1967
vn -0.3393 0.7233 -0.6015
vn 0.6067 0.2289 0.7613
vn -0.5386 0.6894 -0.4843
vn -0.4795 0.8230 -0.3046
vn -0.7069 -0.1813 0.6837
vn -0.4240 0.0258 -0.9053
vn -0.7649 0.6420 0.0531
vn 0.3408 0.9204 -0.1914
vn 0.2588 0.7485 -0.6105
vn 0.1398 0.6356 -0.7592
vn 0.2218 0.9585 -0.1791
vn 0.0094 0.1344 0.9909
vn 0.7180 -0.0407 0.6948
vn -0.9648 -0.2629 -0.0000
vn -0.0699 -0.7091 -0.7017
vn 0.4033 -0.3162 -0.8587
vn 0.9008 -0.2305 -0.3681
vn 0.7895 -0.4469 -0.4206
vn 0.5497 0.2562 -0.7951
vn 0.6141 -0.3224 -0.7204
vn 0.4020 0.0694 -0.9130
vn 0.1516 0.6290 0.7625
vn 0.2361 -0.3263 -0.9153
vn 0.5617 -0.5280 -0.6370
vn -0.3322 0.6200 -0.7108
vn -0.3708 -0.1450 0.9173
vn 0.6192 0.1671 0.7673
vn 0.2689 0.6190 0.7380
vn -0.2980 0.3139 0.9015
vn -0.0194 0.4592 0.8881
vn -0.8845 0.4222 0.1984
vn -0.3911 -0.6662 0.6350
vn -0.4028 -0.8201 0.4064
vn -0.3106 0.9414 0.1315
vn -0.2669 0.9342 0.2366
vn 0.4857 -0.2263 0.8443
vn 0.6590 0.0912 0.7466
vn 0.5432 0.7093 0.4493
vn -0.3423 0.5656 0.7503
vn -0.7270 -0.4853 0.4858
vn 0.7488 -0.0798 0.6580
vn -0.2886 0.6396 0.7124
vn -0.1506 -0.0587 0.9869
vn 0.5843 0.5330 0.6120
vn 0.2495 -0.6152 0.7479
vn 0.3274 0.7408 0.5866
vn -0.0869 -0.6525 0.7527
vn -0.0755 0.2348 0.9691
vn 0.3237 0.7345 0.5965
vn 0.1743 0.9353 0.3079
vn -0.7498 0.6344 -0.1881
vn -0.9300 -0.1807 -0.3202
vn -0.5638 -0.7460 0.3543
vn -0.8666 -0.3938 0.3065
vn -0.0495 -0.1714 -0.9840
vn 0.1560 -0.1500 0.9763
vn -0.1773 0.5752 -0.7986
vn -0.8518 0.4621 -0.2468
vn -0.1638 0.6282 -0.7607
vn -0.9986 -0.0532 0.0067
vn -0.0387 0.2912 0.9559
vn -0.9908 -0.1344 -0.0150
vn -0.7294 -0.5904 0.3454
vn -0.3886 0.7218 0.5728
vn -0.8480 0.2059 0.4884
vn 0.9469 -0.1324 -0.2930
vn 0.7911 0.5158 -0.3287
vn 0.8199 0.5375 -0.1968
vn 0.9514 -0.1513 0.2682
vn 0.7851 0.2063 -0.5841
vn -0.2282 -0.8334 -0.5033
vn -0.0446 -0.2879 -0.9566
vn 0.5799 0.2022 0.7892
vn 0.7803 -0.6054 -0.1569
vn -0.9584 -0.0208 -0.2848
vn -0.4926 -0.6837 -0.5384
vn 0.7000 -0.5490 0.4568
vn 0.2387 -0.3404 -0.9095
vn 0.5363 0.4314 0.7255
vn 0.9111 0.2638 0.3166
vn 0.8413 -0.4782 -0.2521
vn 0.8026 0.1583 0.5752
vn -0.4850 0.7039 -0.5190
vn -0.1185 0.2392 0.9637
vn -0.0123 -0.8227 -0.5683
vn -0.9379 0.2735 -0.2135
vn -0.8736 0.4558 -0.1703
vn 0.1957 -0.2409 0.9506
vn -0.6881 0.3345 0.6439
vn 0.2515 0.6240 0.7399
vn -0.6909 0.7229 -0.0066
vn -0.6863 -0.1291 0.7158
vn -0.7162 -0.0689 0.6945
vn -0.9620 -0.2031 -0.1827
vn -0.7047 -0.7091 -0.0236
vn -0.7077 -0.6683 0.2292
vn -0.9774 0.1420 0.1569
vn -0.2075 0.1193 -0.9709
vn -0.4006 0.1073 0.9100
vn 0.5803 0.8080 0.1020
vn 0.7167 0.5238 0.4603
vn 0.8793 -0.3675 -0.3030
vn 0.3620 0.8714 -0.3311
vn -0.2836 0.8286 0.4828
vn -0.1158 -0.8269 0.5503
vn 0.1439 0.9500 0.2770
vn -0.6925 0.6272 -0.3565
vn 0.6180 -0.0418 0.7850
vn 0.3468 0.6492 -0.6770
vn 0.4566 0.4618 0.7604
vn 0.1859 0.0912 0.9783
vn 0.5608 -0.4667 -0.6839
vn -0.7334 0.6386 -0.2332
vn -0.4347 -0.4668 -0.7701
vn 0.7016 -0.7081 -0.0792
vn -0.5726 -0.0119 0.8197
vn -0.1852 -0.7283 -0.6598
vn -0.0077 0.9100 0.4145
vn -0.8754 -0.1162 -0.4692
vn 0.2218 -0.9310 -0.2899
vn -0.0661 -0.7070 -0.7042
vn -0.8292 0.5488 -0.1060
vn -0.7232 0.6810 0.1150
vn 0.0075 -0.4300 -0.9028
vn -0.3695 -0.6444 0.6694
vn 0.1839 -0.9223 0.3400
vn -0.4957 0.7845 -0.3726
vn -0.4304 0.2648 -0.8629
vn -0.4653 -0.6370 -0.6146
vn 0.9608 -0.2700 -0.0624
vn 0.5040 0.6420 0.5778
vn -0.8631 -0.4518 -0.2256
vn 0.4712 -0.1588 0.8676
vn 0.5591 -0.5882 -0.5844
vn 0.4927 -0.1289 0.8606
vn -0.7096 0.7043 -0.0210
vn 0.3729 0.2278 -0.8995
vn 0.5423 -0.6329 -0.5526
vn 0.2046 0.8873 0.4132
vn -0.0713 0.9753 -0.2091
vn 0.2245 0.9744 -0.0127
vn 0.5924 0.1196 0.7967
vn 0.1013 -0.3950 0.9131
vn -0.3891 0.6597 0.6429
vn -0.8595 0.4397 0.2605
vn -0.7672 -0.2663 0.5835
vn 0.3650 -0.6896 0.6255
vn -0.9982 -0.0066 -0.0589
vn 0.1853 -0.7423 0.6440
vn 0.6742 -0.6074 0.4201
vn 0.9546 0.0702 0.2895
vn 0.4598 0.6376 0.6181
vn 0.1500 0.7962 0.5862
vn 0.3240 -0.9022 -0.2848
vn -0.0919 0.5171 0.8510
vn 0.6593 -0.4743 0.5834
vn 0.3431 0.1286 0.9305
vn -0.8139 0.3057 0.4941
vn 0.0555 0.1675 -0.9843
vn -0.5953 -0.0855 -0.7990
vn -0.0722 0.8156 -0.5740
vn -0.3938 0.2250 -0.8912
vn -0.9252 -0.2431 -0.2915
vn 0.9696 0.1780 -0.1679
vn 0.4174 0.2360 -0.8775
vn 0.4754 0.2074 -0.8550
vn 0.8067 0.1185 -0.5790
vn 0.7617 0.5963 0.2535
vn 0.9580 0.1927 -0.2124
vn 0.1958 0.9805 -0.0173
vn 0.5468 -0.8259 -0.1373
vn 0.0846 -0.9925 -0.0883
vn -0.2001 -0.1854 -0.9621
vn 0.1606 0.4386 -0.8842
vn -0.8307 -0.5548 -0.0453
vn -0.9112 -0.3798 -0.1596
vn -0.6346 0.7503 -0.1852
vn 0.1494 0.0189 0.9886
vn 0.3351 -0.5737 0.7474
vn -0.1503 0.0109 -0.9886
vn -0.3613 0.4228 0.8311
vn -0.4568 -0.7914 0.4063
vn -0.3625 -0.4728 0.8032
vn -0.2585 -0.8022 0.5382
vn -0.5123 0.7345 0.4450
vn -0.7407 0.6275 0.2401
vn -0.9604 -0.1528 0.2331
vn 0.3864 -0.0691 0.9197
vn 0.9909 0.1316 -0.0269
vn 0.7035 -0.0909 0.7049
vn 0.9559 -0.1009 0.2759
vn 0.1883 0.9060 0.3791
vn 0.5033 0.2560 0.8253
vn 0.7537 -0.6549 0.0555
vn 0.7784 -0.6194 0.1024
vn 0.6342 0.2687 0.7250
vn -0.8893 0.0863 0.4491
vn -0.9073 -0.4041 -0.1160
vn -0.6229 -0.6102 0.4895
vn -0.9820 -0.0752 0.1734
vn -0.7687 -0.6242 0.1395
vn -0.5559 -0.3658 0.7464
vn -0.5526 -0.2817 0.7844
vn -0.1413 -0.9827 0.1193
vn 0.6070 0.3250 0.7252
vn 0.6318 -0.5729 0.5221
vn 0.7559 -0.1264 0.6424
vn -0.5341 0.2410 0.8103
vn -0.7255 0.4669 0.5057
vn 0.3448 -0.9382 0.0313
vn -0.2923 -0.8808 -0.3725
vn -0.6121 -0.6899 -0.3864
vn 0.7240 0.6891 0.0321
vn 0.5221 0.8337 -0.1799
vn 0.9073 -0.3382 0.2499
vn -0.3794 0.7180 0.5835
vn -0.4519 -0.8516 -0.2657
vn 0.5473 0.5029 0.6690
vn 0.2753 -0.8015 -0.5308
vn 0.4395 -0.8159 -0.3757
vn 0.2370 0.6858 -0.6881
vn 0.9326 0.3406 -0.1194
vn -0.3054 0.9464 0.1050
vn 0.0703 -0.0015 -0.9975
vn -0.0122 -0.9649 0.2624
vn 0.9898 -0.0429 -0.1359
vn -0.0848 0.0931 -0.9920
vn -0.6092 0.6232 0.4904
vn -0.1540 0.9768 0.1491
vn 0.9103 0.0969 0.4024
vn -0.7324 -0.0160 0.6807
vn 0.6604 -0.1887 -0.7268
vn -0.4178 -0.7857 0.4562
vn -0.3800 -0.8408 0.3857
vn -0.4110 0.7031 -0.5803
vn -0.9484 -0.0800 0.3069
vn -0.4650 -0.7716 0.4341
vn -0.9459 -0.0934 0.3106
vn 0.5823 -0.6952 0.4215
vn 0.8301 -0.4957 -0.2554
vn 0.5345 -0.5909 0.6043
vn 0.2511 -0.6705 -0.6982
vn 0.7685 -0.1878 0.6116
vn 0.9494 0.1607 0.2697
vn -0.7370 -0.0472 0.6742
vn 0.5127 -0.8420 -0.1680
vn 0.5939 -0.7962 -0.1152
vn 0.3098 -0.9389 -0.1501
vn -0.0225 0.5011 0.8651
vn -0.1256 -0.9875 -0.0957
vn -0.2473 0.1563 -0.9562
vn -0.5611 -0.5201 -0.6439
vn -0.8325 -0.5483 -0.0795
vn -0.0830 0.1913 -0.9780
vn -0.1080 0.1702 -0.9795
vn 0.0109 0.2183 -0.9758
vn 0.4274 0.8460 -0.3188
vn 0.1521 -0.6256 -0.7652
vn 0.9533 0.2655 -0.1437
vn 0.5183 -0.5948 -0.6145
vn 0.9338 -0.3290 0.1407
vn 0.9875 0.1576 -0.0000
vn 0.6351 0.7629 -0.1209
vn 0.7642 0.3266 0.5562
vn 0.5849 0.8022 0.1197
vn 0.9178 -0.3710 0.1416
vn 0.6754 -0.0021 0.7374
vn 0.5007 -0.7962 -0.3398
vn -0.6769 0.6491 0.3471
vn -0.3967 -0.8688 -0.2964
vn -0.3852 -0.2861 -0.8773
vn 0.4494 0.2271 0.8640
vn 0.0973 0.4884 0.8672
vn -0.9744 -0.1333 -0.1812
vn -0.2982 0.9543 -0.0185
vn -0.3812 -0.7014 0.6023
vn 0.0777 -0.9644 -0.2526
vn -0.3237 0.9458 -0.0245
vn -0.0548 -0.9983 0.0207
vn -0.7638 -0.0957 0.6383
vn -0.0556 -0.6492 0.7586
vn 0.3560 0.9259 -0.1264
vn 0.8314 0.3551 0.4274
vn 0.8438 0.4533 -0.2873
vn 0.1579 -0.9463 -0.2820
vn 0.7888 0.1403 -0.5984
vn 0.3008 -0.4620 0.8343
vn -0.0220 -0.7440 0.6678
vn -0.2602 0.1939 0.9459
vn -0.8268 -0.5621 0.0193
vn -0.4635 0.6253 0.6278
vn 0.8747 -0.2132 0.4353
vn -0.1933 -0.6874 0.7001
vn 0.8278 0.1332 0.5450
vn -0.0934 0.2458 0.9648
vn 0.5778 0.2685 0.7707
vn 0.5905 0.1571 0.7916
vn -0.0083 0.9876 -0.1567
vn 0.7125 0.3497 0.6083
vn -0.0298 0.7591 0.6502
vn -0.6781 -0.7338 -0.0417
vn -0.3670 -0.9188 0.1453
vn -0.3775 0.9182 0.1203
vn -0.9055 -0.3600 0.2248
vn 0.8811 0.1024 0.4617
vn 0.8451 0.4126 0.3401
vn -0.0060 -0.9939 -0.1105
vn 0.6543 -0.2745 -0.7047
vn 0.9860 -0.1238 -0.1113
vn -0.4266 0.2632 0.8653
vn 0.7129 -0.1864 -0.6760
vn -0.1958 0.6449 0.7388
vn 0.5210 -0.8365 -0.1698
vn 0.7839 0.1309 -0.6069
vn 0.0225 -0.1011 -0.9946
vn 0.3556 -0.7399 0.5710
vn 0.2849 0.5112 -0.8109
vn 0.1285 -0.1969 0.9720
vn -0.6683 -0.5830 -0.4620
vn -0.2484 0.0875 -0.9647
vn 0.1043 -0.0929 -0.9902
vn 0.8614 -0.0850 -0.5007
vn 0.7689 0.2007 -0.6071
vn 0.5131 0.7703 0.3788
vn 0.3369 -0.6750 -0.6564
vn -0.6623 0.7487 0.0270
vn -0.8106 -0.4477 0.3775
vn -0.8954 0.0300 -0.4442
vn -0.8504 0.0308 -0.5253
vn -0.4598 -0.6438 -0.6116
vn -0.8433 -0.0587 -0.5342
vn -0.6022 -0.2230 -0.7665
vn 0.9849 0.0835 0.1517
vn -0.4599 0.6806 -0.5703
vn 0.1375 -0.8334 -0.5352
vn 0.0281 -0.2137 -0.9765
vn 0.0216 -0.1304 0.9912
vn -0.7377 -0.4879 0.4667
vn -0.6791 -0.7280 0.0942
vn -0.1462 0.9719 0.1847
vn 0.9698 0.1683 -0.1766
vn -0.0120 0.8630 0.5050
vn 0.6938 0.6667 0.2723
vn 0.0202 0.3755 0.9266
vn -0.5560 0.7713 -0.3098
vn 0.7449 0.6289 -0.2228
vn -0.3081 -0.5738 0.7588
vn 0.1886 0.9820 0.0137
vn -0.0338 0.2226 0.9743
vn 0.9426 0.1693 0.2878
vn -0.9249 -0.0424 -0.3778
vn -0.9431 0.1971 0.2679
vn 0.4783 0.0724 0.8752
vn -0.9891 -0.0533 0.1372
vn -0.9821 -0.1614 -0.0974
vn -0.2495 -0.8123 0.5272
vn -0.2764 -0.6874 0.6716
vn 0.9840 0.1780 0.0076
vn -0.0723 0.0552 0.9959
vn 0.9885 0.1512 0.0025
vn 0.0752 -0.9959 0.0504
vn -0.2222 0.0514 0.9736
vn 0.8600 0.4541 0.2328
vn 0.8043 -0.0742 -0.5896
vn -0.2756 -0.2237 -0.9349
vn 0.7734 -0.3777 -0.5091
vn 0.9065 -0.3710 0.2015
vn 0.1074 -0.8884 0.4462
vn 0.0646 0.0159 -0.9978
vn -0.0560 -0.8966 0.4393
vn -0.3119 0.1687 -0.9350
vn 0.0173 -0.8983 -0.4391
vn -0.1889 -0.9673 0.1694
vn -0.0368 -0.8423 0.5377
vn -0.5627 -0.0226 -0.8264
vn -0.4666 -0.8785 -0.1030
vn -0.1946 -0.9797 0.0492
vn -0.5628 -0.8174 -0.1230
vn -0.3441 -0.2033 -0.9167
vn -0.7689 -0.6389 -0.0234
vn -0.8556 -0.5107 -0.0844
vn 0.6508 0.1704 -0.7399
vn 0.2316 0.6947 0.6809
vn -0.9777 0.1473 0.1498
vn -0.3554 -0.7764 0.5204
vn 0.6943 0.2226 -0.6844
vn 0.1564 0.9872 -0.0303
vn 0.0829 0.6844 -0.7244
vn 0.5159 0.1173 0.8486
vn -0.5235 0.1935 -0.8298
vn 0.0386 -0.6953 -0.7177
vn -0.2641 0.3352 -0.9044
vn 0.6214 0.2606 -0.7389
vn 0.0901 0.8253 0.5575
vn 0.5277 -0.8463 0.0731
vn 0.7509 0.5665 -0.3394
vn 0.6663 0.5595 -0.4930
vn 0.2056 0.7110 -0.6725
vn -0.6997 -0.0711 -0.7109
vn 0.3849 0.8022 -0.4565
vn -0.2565 -0.7610 0.5959
vn -0.1017 0.6310 -0.7691
vn -0.3546 0.2496 0.9011
vn 0.1952 -0.3126 0.9296
vn -0.3845 0.6465 0.6590
vn 0.4550 0.8698 -0.1908
vn 0.8516 -0.1559 0.5005
vn 0.5319 0.6258 0.5705
vn 0.1623 0.9458 -0.2812
vn -0.5908 0.7577 0.2771
vn -0.4924 -0.1107 0.8633
vn -0.8353 -0.4351 0.3360
vn 0.7348 -0.1448 0.6627
vn -0.2588 0.8828 0.3921
vn 0.0617 0.3597 0.9310
vn -0.5892 0.7589 0.2775
vn 0.4603 -0.8253 0.3271
vn 0.9808 0.1787 -0.0779
vn -0.2347 -0.7430 0.6268
vn 0.5799 0.6053 0.5453
vn -0.0941 0.7721 -0.6285
vn 0.3579 0.7200 -0.5946
vn 0.1965 0.7518 0.6294
vn -0.1053 0.8773 -0.4682
vn 0.5560 0.5142 0.6530
vn 0.3100 0.8361 -0.4527
vn -0.0336 0.7554 -0.6544
vn -0.7739 0.3876 0.5008
vn -0.0034 0.8519 -0.5238
vn 0.1849 0.7319 -0.6558
vn 0.7638 0.6151 0.1956
vn 0.5222 0.8046 0.2826
vn -0.4773 0.4129 0.7757
vn -0.9539 -0.3000 -0.0000
vn 0.8070 0.0630 -0.5872
vn -0.4553 0.8474 -0.2731
vn 0.4923 0.8020 -0.3383
vn 0.4912 -0.7824 0.3827
vn 0.4706 0.8304 -0.2983
vn 0.6224 0.3952 -0.6755
vn -0.9779 0.0966 0.1855
vn -0.7333 0.5872 -0.3428
vn 0.4944 -0.8578 -0.1401
vn 0.3054 -0.8950 0.3252
vn 0.1469 -0.6037 -0.7835
vn 0.8406 -0.5196 0.1529
vn -0.4996 -0.1106 -0.8591
vn -0.8548 0.4651 -0.2301
vn 0.2735 0.2859 0.9184
vn -0.5852 0.4306 -0.6871
vn -0.3067 -0.9071 -0.2881
vn -0.7996 0.0736 -0.5960
vn -0.9705 0.1752 0.1655
vn 0.4084 0.2353 -0.8819
vn 0.9558 0.1840 -0.2293
vn -0.5506 0.5679 -0.6118
vn -0.6943 0.7175 0.0559
vn -0.4761 0.8747 -0.0905
vn -0.2502 -0.3990 -0.8821
vn 0.8873 -0.2919 -0.3570
vn 0.8223 0.1489 0.5492
vn -0.2461 -0.0492 0.9680
vn 0.8392 -0.5379 -0.0799
vn 0.1064 -0.8231 -0.5578
vn 0.8620 -0.2828 0.4206
vn 0.6278 0.6390 -0.4445
vn -0.7332 0.6714 0.1080
vn 0.6425 0.6406 0.4204
vn 0.8979 -0.2030 0.3907
vn 0.8032 -0.5845 0.1147
vn -0.5609 0.7703 -0.3035
vn 0.8763 0.4700 -0.1056
vn 0.6475 0.5653 0.5111
vn -0.3982 -0.7149 0.5748
vn 0.6473 0.5152 0.5618
vn 0.9742 0.0929 -0.2059
vn 0.8117 -0.0083 0.5840
vn 0.1106 -0.0578 0.9922
vn 0.1316 -0.0537 0.9899
vn 0.0952 -0.7359 0.6704
vn 0.0425 -0.7396 0.6717
vn -0.6666 0.6240 0.4078
vn 0.8587 -0.1193 0.4984
vn -0.2607 0.9652 -0.0203
vn -0.3852 0.8841 -0.2647
vn -0.3483 0.8709 -0.3467
vn -0.0969 0.8370 -0.5385
vn -0.1452 -0.1389 -0.9796
vn 0.3077 -0.9035 0.2985
vn 0.6875 -0.7072 0.1648
vn 0.0353 0.9972 -0.0653
vn 0.7762 0.1416 -0.6143
vn 0.9694 0.1530 0.1918
vn 0.9971 -0.0562 0.0519
vn 0.5990 0.0031 0.8008
vn -0.3956 -0.6937 0.6018
vn -0.1912 -0.8625 0.4686
vn -0.1748 -0.7267 0.6643
vn 0.4505 0.8495 -0.2746
vn 0.8763 0.1765 -0.4483
vn 0.5948 0.5175 -0.6152
vn -0.6898 0.4449 0.5712
vn 0.1198 0.9749 0.1879
vn 0.7675 -0.6364 0.0773
vn 0.7634 -0.6382 0.0997
vn -0.7657 0.4722 -0.4367
vn -0.7389 0.5124 -0.4375
vn -0.0136 -0.8228 0.5682
vn 0.0193 0.7079 0.7061
vn -0.4577 -0.5395 0.7067
vn 0.4430 -0.2984 -0.8454
vn -0.7001 0.4879 0.5214
vn -0.0598 -0.0096 0.9982
vn 0.0040 -0.7492 0.6623
vn -0.6799 -0.2083 0.7031
vn -0.5808 -0.5001 0.6423
vn -0.5946 0.7255 0.3466
vn -0.9091 -0.3363 0.2456
vn 0.6486 -0.5787 0.4943
vn -0.0454 -0.5570 0.8293
vn 0.8143 -0.4936 0.3054
vn 0.1202 0.4814 0.8682
vn -0.6063 -0.7170 -0.3440
vn 0.0230 0.0488 -0.9985
vn -0.6465 0.7627 0.0199
vn -0.7463 0.6408 0.1799
vn 0.2762 0.7700 0.5752
vn -0.1727 0.0922 -0.9806
vn 0.5296 0.0735 -0.8450
vn -0.9085 0.4175 -0.0195
vn -0.0383 0.6483 0.7604
vn -0.9425 -0.1975 0.2695
vn -0.0277 0.8923 0.4505
vn -0.7099 -0.6895 -0.1438
vn -0.1040 0.8396 0.5332
vn -0.9969 0.0003 -0.0790
vn 0.1682 -0.6596 0.7326
vn -0.3636 -0.4515 0.8148
vn -0.5881 -0.8087 -0.0101
vn -0.0794 0.7214 -0.6879
vn -0.8355 0.5489 -0.0257
vn 0.1744 0.6958 0.6967
vn 0.6673 0.7070 -0.2342
vn 0.7323 -0.6376 -0.2390
vn -0.9636 -0.2011 -0.1762
vn -0.2002 0.7173 -0.6673
vn -0.2432 -0.1645 0.9559
vn 0.6410 -0.6974 -0.3205
vn -0.9375 -0.3383 0.0815
vn -0.0681 -0.9968 0.0420
vn -0.1513 -0.6964 -0.7015
vn -0.5994 -0.7788 -0.1846
vn -0.6675 0.3250 0.6699
vn -0.5822 -0.7077 0.4002
vn 0.2039 -0.7099 0.6741
vn 0.2189 0.8148 0.5369
vn -0.8695 -0.0679 0.4892
vn 0.0750 0.1462 -0.9864
vn -0.3628 0.0569 -0.9301
vn -0.1760 0.2304 -0.9570
vn 0.8214 0.5230 0.2274
vn -0.4536 -0.4528 -0.7676
vn 0.3243 0.1109 0.9394
vn -0.2049 0.8452 0.4935
vn -0.4157 0.7990 0.4346
vn -0.1329 0.9731 0.1879
vn -0.2117 -0.6130 -0.7612
vn -0.6032 0.5775 0.5500
vn 0.8377 0.1180 -0.5333
vn -0.7364 -0.5059 0.4491
vn 0.7397 0.2757 0.6139
vn 0.5634 0.6177 0.5487
vn -0.8760 -0.1886 0.4439
vn 0.9674 -0.2509 -0.0329
vn -0.0454 -0.0816 -0.9956
vn 0.3731 0.4437 0.8148
vn -0.7137 0.6609 -0.2321
vn 0.9380 0.2030 0.2808
vn 0.2858 -0.9167 0.2791
vn -0.1087 -0.6874 -0.7181
vn 0.5465 -0.7909 -0.2754
vn -0.0527 -0.6364 0.7696
vn -0.2990 0.2918 0.9086
vn 0.5632 0.5648 0.6032
vn 0.6308 0.5346 0.5624
vn 0.7942 0.0795 -0.6025
vn -0.0139 0.9091 -0.4163
vn -0.7884 0.4188 -0.4506
vn -0.6345 -0.3391 -0.6945
vn 0.9643 0.0334 -0.2626
vn 0.9525 -0.0937 -0.2897
vn 0.6237 0.2742 0.7320
vn 0.7379 -0.6449 -0.1990
vn 0.3852 -0.2598 0.8855
vn -0.1611 0.9855 -0.0530
vn 0.4389 0.4538 0.7755
vn 0.1021 -0.6627 0.7419
vn -0.0694 -0.2677 -0.9610
vn 0.6090 -0.5002 0.6155
s 0
f 78//1 3//1 80//1
f 80//2 3//2 4//2
f 6//3 80//3 4//3
f 7//4 3//4 78//4
f 3//5 7//5 5//5
f 11//6 8//6 9//6
f 10//7 11//7 9//7
f 11//8 10//8 12//8
f 8//9 16//9 18//9
f 13//10 11//10 12//10
f 41//11 13//11 14//11
f 16//12 4//12 18//12
f 12//13 20//13 22//13
f 15//14 4//14 3//14
f 4//15 16//15 27//15
f 16//16 19//16 27//16
f 19//17 21//17 27//17
f 24//18 20//18 17//18
f 23//19 4//19 27//19
f 24//20 17//20 28//20
f 21//21 98//21 27//21
f 23//22 26//22 6//22
f 29//23 28//23 17//23
f 95//24 98//24 51//24
f 32//25 14//25 31//25
f 31//26 14//26 24//26
f 34//27 35//27 32//27
f 34//28 36//28 37//28
f 24//29 28//29 38//29
f 41//30 1//30 40//30
f 42//31 45//31 39//31
f 43//32 42//32 39//32
f 41//33 40//33 13//33
f 46//34 45//34 42//34
f 44//35 47//35 46//35
f 48//36 41//36 14//36
f 25//37 13//37 45//37
f 49//38 41//38 48//38
f 50//39 45//39 46//39
f 53//40 25//40 45//40
f 45//41 50//41 53//41
f 55//42 50//42 46//42
f 47//43 55//43 46//43
f 58//44 55//44 197//44
f 57//45 51//45 53//45
f 49//46 52//46 54//46
f 59//47 58//47 56//47
f 57//48 95//48 51//48
f 60//49 95//49 57//49
f 60//50 57//50 55//50
f 63//51 2//51 41//51
f 70//52 68//52 73//52
f 71//53 69//53 70//53
f 67//54 54//54 73//54
f 70//55 73//55 76//55
f 75//56 70//56 74//56
f 73//57 54//57 76//57
f 70//58 76//58 77//58
f 74//59 70//59 77//59
f 78//60 80//60 79//60
f 79//61 80//61 81//61
f 78//62 79//62 82//62
f 84//63 7//63 83//63
f 82//64 79//64 90//64
f 85//65 81//65 80//65
f 81//66 85//66 89//66
f 88//67 79//67 89//67
f 85//68 86//68 89//68
f 367//69 89//69 112//69
f 90//70 83//70 82//70
f 91//71 83//71 90//71
f 91//72 92//72 83//72
f 91//73 90//73 88//73
f 28//74 29//74 94//74
f 105//75 97//75 98//75
f 100//76 98//76 95//76
f 80//77 97//77 85//77
f 105//78 104//78 97//78
f 100//79 95//79 102//79
f 85//80 97//80 86//80
f 108//81 107//81 109//81
f 110//82 108//82 109//82
f 89//83 86//83 112//83
f 114//84 86//84 104//84
f 114//85 100//85 106//85
f 109//86 115//86 106//86
f 114//87 116//87 86//87
f 118//88 116//88 114//88
f 113//89 115//89 107//89
f 30//90 120//90 96//90
f 121//91 38//91 99//91
f 121//92 96//92 120//92
f 103//93 96//93 121//93
f 84//94 83//94 92//94
f 127//95 124//95 126//95
f 128//96 125//96 127//96
f 101//97 108//97 126//97
f 110//98 126//98 108//98
f 127//99 126//99 130//99
f 129//100 117//100 113//100
f 62//101 61//101 59//101
f 62//102 133//102 132//102
f 134//103 60//103 135//103
f 138//104 61//104 132//104
f 134//105 102//105 95//105
f 61//106 138//106 136//106
f 139//107 134//107 135//107
f 136//108 139//108 135//108
f 139//109 140//109 134//109
f 137//110 142//110 139//110
f 106//111 140//111 143//111
f 139//112 144//112 140//112
f 145//113 139//113 141//113
f 146//114 145//114 141//114
f 111//115 143//115 147//115
f 77//116 149//116 153//116
f 150//117 75//117 158//117
f 154//118 153//118 148//118
f 75//119 153//119 158//119
f 152//120 151//120 156//120
f 154//121 157//121 153//121
f 153//122 157//122 158//122
f 159//123 157//123 154//123
f 156//124 155//124 160//124
f 160//125 162//125 166//125
f 164//126 398//126 165//126
f 162//127 164//127 165//127
f 162//128 165//128 166//128
f 161//129 160//129 167//129
f 161//130 167//130 163//130
f 172//131 171//131 170//131
f 177//132 175//132 173//132
f 173//133 175//133 176//133
f 178//134 169//134 171//134
f 172//135 179//135 171//135
f 176//136 180//136 173//136
f 180//137 177//137 173//137
f 182//138 188//138 176//138
f 183//139 182//139 175//139
f 180//140 185//140 177//140
f 180//141 176//141 184//141
f 174//142 47//142 44//142
f 183//143 192//143 182//143
f 47//144 186//144 189//144
f 192//145 190//145 191//145
f 188//146 191//146 193//146
f 199//147 192//147 183//147
f 184//148 188//148 194//148
f 195//149 183//149 185//149
f 196//150 184//150 194//150
f 47//151 189//151 197//151
f 187//152 198//152 193//152
f 194//153 188//153 201//153
f 56//154 197//154 189//154
f 210//155 209//155 198//155
f 203//156 201//156 200//156
f 194//157 201//157 203//157
f 194//158 203//158 205//158
f 204//159 199//159 195//159
f 205//160 206//160 196//160
f 202//161 204//161 208//161
f 214//162 207//162 208//162
f 204//163 216//163 215//163
f 204//164 215//164 208//164
f 218//165 64//165 69//165
f 217//166 198//166 187//166
f 217//167 218//167 220//167
f 220//168 198//168 217//168
f 219//169 218//169 72//169
f 219//170 72//170 224//170
f 224//171 266//171 221//171
f 213//172 267//172 226//172
f 196//173 195//173 185//173
f 206//174 205//174 231//174
f 232//175 229//175 227//175
f 232//176 227//176 228//176
f 231//177 205//177 203//177
f 233//178 231//178 234//178
f 230//179 231//179 212//179
f 212//180 213//180 235//180
f 230//181 212//181 235//181
f 233//182 216//182 204//182
f 295//183 233//183 234//183
f 237//184 295//184 234//184
f 236//185 241//185 237//185
f 239//186 243//186 242//186
f 239//187 240//187 243//187
f 235//188 213//188 245//188
f 247//189 246//189 248//189
f 249//190 214//190 215//190
f 253//191 133//191 214//191
f 137//192 133//192 253//192
f 214//193 251//193 253//193
f 251//194 214//194 249//194
f 251//195 256//195 253//195
f 260//196 137//196 253//196
f 255//197 260//197 253//197
f 255//198 256//198 263//198
f 263//199 262//199 255//199
f 263//200 256//200 257//200
f 261//201 263//201 257//201
f 262//202 566//202 260//202
f 264//203 263//203 261//203
f 271//204 266//204 224//204
f 266//205 268//205 225//205
f 266//206 272//206 268//206
f 225//207 268//207 269//207
f 270//208 267//208 269//208
f 226//209 267//209 270//209
f 271//210 150//210 158//210
f 274//211 272//211 271//211
f 273//212 275//212 269//212
f 270//213 276//213 277//213
f 278//214 284//214 279//214
f 273//215 278//215 279//215
f 280//216 273//216 279//216
f 286//217 280//217 279//217
f 259//218 282//218 257//218
f 277//219 276//219 282//219
f 282//220 276//220 281//220
f 274//221 158//221 283//221
f 278//222 274//222 283//222
f 282//223 261//223 257//223
f 275//224 287//224 281//224
f 282//225 287//225 261//225
f 287//226 275//226 288//226
f 283//227 163//227 292//227
f 284//228 283//228 292//228
f 289//229 284//229 292//229
f 285//230 284//230 289//230
f 291//231 287//231 288//231
f 290//232 285//232 594//232
f 264//233 261//233 287//233
f 288//234 290//234 595//234
f 294//235 264//235 291//235
f 291//236 264//236 287//236
f 295//237 215//237 216//237
f 298//238 237//238 241//238
f 297//239 237//239 298//239
f 300//240 298//240 241//240
f 306//241 304//241 307//241
f 309//242 298//242 300//242
f 302//243 242//243 308//243
f 302//244 308//244 309//244
f 311//245 302//245 310//245
f 295//246 252//246 249//246
f 303//247 296//247 250//247
f 305//248 314//248 297//248
f 307//249 304//249 306//249
f 309//250 300//250 310//250
f 244//251 311//251 316//251
f 312//252 254//252 318//252
f 323//253 252//253 314//253
f 313//254 312//254 318//254
f 305//255 319//255 314//255
f 325//256 316//256 315//256
f 317//257 321//257 301//257
f 325//258 320//258 322//258
f 329//259 321//259 317//259
f 327//260 324//260 326//260
f 327//261 316//261 325//261
f 321//262 328//262 323//262
f 325//263 322//263 324//263
f 329//264 328//264 321//264
f 324//265 328//265 329//265
f 333//266 324//266 329//266
f 331//267 330//267 265//267
f 333//268 329//268 339//268
f 340//269 339//269 329//269
f 213//270 226//270 296//270
f 299//271 241//271 245//271
f 245//272 296//272 299//272
f 344//273 250//273 226//273
f 299//274 345//274 343//274
f 300//275 299//275 341//275
f 346//276 345//276 342//276
f 343//277 345//277 346//277
f 343//278 320//278 315//278
f 343//279 315//279 341//279
f 315//280 310//280 341//280
f 259//281 250//281 344//281
f 348//282 270//282 277//282
f 342//283 270//283 348//283
f 320//284 349//284 347//284
f 346//285 320//285 343//285
f 277//286 282//286 259//286
f 347//287 350//287 259//287
f 277//288 352//288 353//288
f 350//289 352//289 277//289
f 351//290 348//290 353//290
f 354//291 350//291 349//291
f 332//292 352//292 350//292
f 337//293 332//293 350//293
f 354//294 337//294 350//294
f 351//295 353//295 354//295
f 294//296 352//296 331//296
f 353//297 352//297 294//297
f 661//298 353//298 294//298
f 338//299 337//299 355//299
f 239//300 356//300 240//300
f 244//301 356//301 239//301
f 317//302 243//302 356//302
f 327//303 317//303 356//303
f 317//304 327//304 326//304
f 357//305 335//305 358//305
f 87//306 367//306 359//306
f 93//307 87//307 359//307
f 361//308 360//308 362//308
f 365//309 362//309 364//309
f 118//310 369//310 116//310
f 370//311 118//311 371//311
f 371//312 118//312 115//312
f 374//313 371//313 113//313
f 374//314 113//314 117//314
f 369//315 370//315 373//315
f 359//316 367//316 380//316
f 367//317 373//317 376//317
f 376//318 373//318 381//318
f 375//319 373//319 370//319
f 378//320 375//320 374//320
f 380//321 363//321 360//321
f 376//322 380//322 367//322
f 375//323 381//323 373//323
f 377//324 381//324 375//324
f 364//325 361//325 365//325
f 361//326 364//326 383//326
f 382//327 390//327 381//327
f 382//328 384//328 390//328
f 379//329 386//329 384//329
f 380//330 387//330 363//330
f 389//331 388//331 381//331
f 390//332 389//332 381//332
f 384//333 385//333 391//333
f 391//334 385//334 386//334
f 387//335 366//335 363//335
f 394//336 390//336 384//336
f 395//337 384//337 391//337
f 396//338 386//338 395//338
f 397//339 366//339 387//339
f 392//340 366//340 397//340
f 389//341 397//341 388//341
f 394//342 464//342 390//342
f 395//343 386//343 465//343
f 368//344 93//344 359//344
f 129//345 93//345 117//345
f 401//346 398//346 400//346
f 372//347 378//347 400//347
f 398//348 401//348 403//348
f 399//349 368//349 404//349
f 399//350 404//350 405//350
f 405//351 404//351 407//351
f 401//352 400//352 406//352
f 401//353 406//353 402//353
f 405//354 407//354 409//354
f 410//355 408//355 405//355
f 405//356 409//356 410//356
f 409//357 392//357 411//357
f 410//358 413//358 414//358
f 119//359 147//359 372//359
f 147//360 144//360 415//360
f 372//361 147//361 418//361
f 418//362 377//362 378//362
f 423//363 420//363 418//363
f 422//364 420//364 423//364
f 423//365 415//365 416//365
f 416//366 419//366 424//366
f 417//367 419//367 416//367
f 421//368 384//368 382//368
f 427//369 423//369 424//369
f 426//370 429//370 428//370
f 430//371 427//371 424//371
f 430//372 424//372 425//372
f 432//373 391//373 433//373
f 435//374 430//374 431//374
f 432//375 429//375 427//375
f 396//376 432//376 436//376
f 458//377 396//377 436//377
f 164//378 119//378 372//378
f 165//379 398//379 437//379
f 439//380 166//380 438//380
f 398//381 403//381 440//381
f 437//382 440//382 441//382
f 437//383 442//383 165//383
f 439//384 438//384 443//384
f 422//385 444//385 379//385
f 445//386 440//386 403//386
f 446//387 442//387 441//387
f 441//388 440//388 446//388
f 379//389 444//389 408//389
f 448//390 422//390 426//390
f 449//391 446//391 445//391
f 447//392 446//392 449//392
f 448//393 426//393 428//393
f 447//394 449//394 451//394
f 448//395 428//395 455//395
f 455//396 454//396 456//396
f 459//397 457//397 451//397
f 457//398 452//398 450//398
f 433//399 396//399 458//399
f 453//400 458//400 454//400
f 459//401 451//401 461//401
f 456//402 454//402 461//402
f 459//403 462//403 457//403
f 397//404 464//404 463//404
f 392//405 466//405 467//405
f 468//406 464//406 394//406
f 471//407 469//407 465//407
f 471//408 465//408 472//408
f 470//409 472//409 465//409
f 478//410 470//410 471//410
f 466//411 474//411 473//411
f 467//412 466//412 475//412
f 475//413 469//413 393//413
f 476//414 474//414 477//414
f 477//415 474//415 468//415
f 468//416 474//416 464//416
f 478//417 471//417 472//417
f 482//418 474//418 476//418
f 480//419 474//419 482//419
f 481//420 469//420 475//420
f 469//421 483//421 468//421
f 483//422 469//422 481//422
f 478//423 472//423 484//423
f 480//424 482//424 483//424
f 481//425 480//425 483//425
f 468//426 483//426 489//426
f 485//427 479//427 481//427
f 483//428 482//428 489//428
f 489//429 491//429 492//429
f 482//430 490//430 493//430
f 560//431 491//431 493//431
f 495//432 561//432 490//432
f 498//433 393//433 410//433
f 497//434 392//434 467//434
f 478//435 498//435 496//435
f 496//436 498//436 414//436
f 499//437 501//437 414//437
f 501//438 500//438 487//438
f 502//439 485//439 475//439
f 436//440 504//440 503//440
f 432//441 504//441 436//441
f 505//442 432//442 435//442
f 503//443 472//443 470//443
f 503//444 470//444 478//444
f 504//445 506//445 472//445
f 505//446 507//446 504//446
f 510//447 507//447 505//447
f 514//448 505//448 434//448
f 523//449 512//449 510//449
f 518//450 514//450 508//450
f 472//451 506//451 526//451
f 484//452 472//452 526//452
f 526//453 506//453 509//453
f 515//454 516//454 517//454
f 525//455 514//455 518//455
f 520//456 521//456 509//456
f 521//457 526//457 509//457
f 522//458 523//458 528//458
f 525//459 532//459 514//459
f 520//460 529//460 527//460
f 536//461 526//461 521//461
f 531//462 523//462 530//462
f 533//463 532//463 525//463
f 536//464 535//464 526//464
f 544//465 527//465 558//465
f 532//466 537//466 530//466
f 539//467 537//467 532//467
f 542//468 540//468 538//468
f 541//469 532//469 533//469
f 541//470 533//470 534//470
f 534//471 528//471 540//471
f 543//472 529//472 535//472
f 544//473 543//473 535//473
f 531//474 537//474 545//474
f 547//475 546//475 540//475
f 542//476 547//476 540//476
f 458//477 503//477 496//477
f 549//478 496//478 414//478
f 496//479 549//479 550//479
f 460//480 496//480 550//480
f 513//481 551//481 512//481
f 552//482 513//482 553//482
f 512//483 554//483 511//483
f 511//484 554//484 484//484
f 487//485 484//485 554//485
f 527//486 555//486 558//486
f 555//487 556//487 558//487
f 559//488 558//488 557//488
f 557//489 556//489 559//489
f 556//490 529//490 543//490
f 492//491 560//491 562//491
f 562//492 560//492 564//492
f 564//493 560//493 563//493
f 563//494 562//494 564//494
f 546//495 565//495 541//495
f 542//496 545//496 547//496
f 547//497 565//497 546//497
f 264//498 567//498 263//498
f 419//499 417//499 260//499
f 568//500 419//500 566//500
f 569//501 566//501 567//501
f 573//502 568//502 569//502
f 573//503 574//503 568//503
f 425//504 574//504 431//504
f 583//505 574//505 573//505
f 573//506 577//506 579//506
f 578//507 579//507 581//507
f 580//508 578//508 575//508
f 434//509 435//509 576//509
f 583//510 576//510 574//510
f 583//511 573//511 578//511
f 584//512 578//512 580//512
f 583//513 578//513 585//513
f 580//514 589//514 587//514
f 587//515 584//515 580//515
f 587//516 586//516 584//516
f 582//517 589//517 580//517
f 591//518 576//518 585//518
f 592//519 585//519 584//519
f 592//520 591//520 585//520
f 586//521 592//521 584//521
f 586//522 587//522 588//522
f 596//523 293//523 595//523
f 567//524 264//524 294//524
f 597//525 292//525 163//525
f 597//526 163//526 168//526
f 569//527 601//527 570//527
f 572//528 598//528 569//528
f 594//529 600//529 601//529
f 594//530 601//530 596//530
f 598//531 596//531 601//531
f 598//532 572//532 599//532
f 598//533 599//533 293//533
f 602//534 597//534 450//534
f 600//535 577//535 570//535
f 602//536 450//536 452//536
f 641//537 604//537 605//537
f 575//538 581//538 604//538
f 575//539 604//539 641//539
f 452//540 457//540 606//540
f 602//541 452//541 606//541
f 607//542 579//542 577//542
f 641//543 605//543 608//543
f 609//544 605//544 726//544
f 608//545 611//545 641//545
f 610//546 609//546 726//546
f 612//547 586//547 610//547
f 613//548 265//548 614//548
f 336//549 614//549 330//549
f 333//550 339//550 617//550
f 335//551 617//551 618//551
f 613//552 572//552 571//552
f 620//553 614//553 336//553
f 338//554 620//554 336//554
f 339//555 622//555 621//555
f 622//556 339//556 340//556
f 619//557 614//557 620//557
f 627//558 620//558 338//558
f 635//559 621//559 622//559
f 617//560 621//560 626//560
f 626//561 620//561 627//561
f 627//562 617//562 626//562
f 619//563 630//563 623//563
f 632//564 619//564 620//564
f 632//565 620//565 626//565
f 633//566 621//566 635//566
f 629//567 628//567 636//567
f 582//568 575//568 637//568
f 624//569 623//569 630//569
f 625//570 624//570 643//570
f 632//571 638//571 619//571
f 646//572 636//572 628//572
f 630//573 582//573 643//573
f 638//574 642//574 630//574
f 651//575 631//575 633//575
f 643//576 637//576 649//576
f 644//577 652//577 645//577
f 639//578 657//578 645//578
f 653//579 645//579 652//579
f 646//580 645//580 653//580
f 652//581 651//581 658//581
f 660//582 651//582 654//582
f 616//583 661//583 613//583
f 354//584 661//584 616//584
f 355//585 337//585 662//585
f 618//586 338//586 355//586
f 661//587 572//587 613//587
f 662//588 616//588 666//588
f 662//589 666//589 664//589
f 662//590 664//590 355//590
f 665//591 618//591 664//591
f 663//592 618//592 665//592
f 616//593 625//593 666//593
f 634//594 628//594 664//594
f 665//595 628//595 629//595
f 667//596 634//596 664//596
f 637//597 575//597 641//597
f 625//598 643//598 668//598
f 671//599 639//599 670//599
f 669//600 668//600 671//600
f 641//601 611//601 672//601
f 649//602 637//602 672//602
f 673//603 649//603 657//603
f 622//604 340//604 334//604
f 358//605 335//605 674//605
f 358//606 678//606 334//606
f 629//607 636//607 680//607
f 629//608 680//608 681//608
f 680//609 636//609 646//609
f 680//610 653//610 654//610
f 680//611 646//611 653//611
f 335//612 618//612 663//612
f 674//613 335//613 663//613
f 682//614 675//614 676//614
f 591//615 508//615 434//615
f 612//616 684//616 586//616
f 587//617 593//617 685//617
f 590//618 588//618 685//618
f 691//619 593//619 699//619
f 687//620 686//620 683//620
f 693//621 694//621 696//621
f 699//622 690//622 696//622
f 700//623 690//623 699//623
f 686//624 518//624 508//624
f 702//625 686//625 687//625
f 693//626 701//626 694//626
f 695//627 694//627 704//627
f 696//628 690//628 706//628
f 689//629 707//629 698//629
f 699//630 696//630 708//630
f 700//631 709//631 690//631
f 701//632 525//632 712//632
f 713//633 518//633 686//633
f 711//634 701//634 693//634
f 701//635 712//635 714//635
f 694//636 701//636 714//636
f 704//637 694//637 714//637
f 715//638 704//638 714//638
f 697//639 704//639 715//639
f 705//640 697//640 715//640
f 715//641 703//641 706//641
f 716//642 715//642 706//642
f 707//643 716//643 698//643
f 524//644 528//644 718//644
f 719//645 533//645 710//645
f 711//646 719//646 710//646
f 714//647 712//647 721//647
f 720//648 713//648 702//648
f 707//649 715//649 716//649
f 721//650 724//650 719//650
f 724//651 722//651 719//651
f 720//652 725//652 713//652
f 742//653 725//653 720//653
f 548//654 552//654 462//654
f 726//655 462//655 697//655
f 726//656 697//656 612//656
f 553//657 519//657 687//657
f 689//658 688//658 727//658
f 718//659 519//659 524//659
f 519//660 718//660 728//660
f 658//661 650//661 730//661
f 652//662 658//662 731//662
f 659//663 730//663 650//663
f 660//664 659//664 651//664
f 647//665 655//665 700//665
f 733//666 692//666 685//666
f 734//667 692//667 733//667
f 735//668 729//668 656//668
f 649//669 734//669 736//669
f 659//670 658//670 730//670
f 737//671 731//671 658//671
f 738//672 700//672 655//672
f 729//673 738//673 655//673
f 735//674 738//674 729//674
f 737//675 659//675 660//675
f 739//676 734//676 708//676
f 735//677 734//677 739//677
f 709//678 700//678 738//678
f 739//679 708//679 717//679
f 734//680 740//680 692//680
f 649//681 672//681 734//681
f 736//682 657//682 649//682
f 732//683 660//683 654//683
f 720//684 723//684 742//684
f 725//685 722//685 724//685
f 725//686 741//686 722//686
f 742//687 741//687 725//687
f 10//688 9//688 8//688
f 11//689 19//689 8//689
f 18//690 10//690 8//690
f 19//691 16//691 8//691
f 12//692 10//692 18//692
f 13//693 19//693 11//693
f 17//694 20//694 18//694
f 12//695 18//695 20//695
f 21//696 25//696 51//696
f 22//697 13//697 12//697
f 22//698 14//698 13//698
f 22//699 20//699 24//699
f 36//700 31//700 24//700
f 6//701 4//701 23//701
f 15//702 3//702 5//702
f 23//703 27//703 26//703
f 21//704 51//704 98//704
f 29//705 17//705 15//705
f 32//706 35//706 14//706
f 32//707 33//707 34//707
f 24//708 120//708 36//708
f 22//709 24//709 14//709
f 34//710 33//710 36//710
f 34//711 37//711 35//711
f 55//712 61//712 135//712
f 120//713 30//713 37//713
f 120//714 37//714 36//714
f 30//715 35//715 37//715
f 39//716 45//716 1//716
f 2//717 1//717 41//717
f 45//718 40//718 1//718
f 43//719 44//719 42//719
f 45//720 13//720 40//720
f 44//721 46//721 42//721
f 63//722 41//722 49//722
f 54//723 63//723 49//723
f 53//724 51//724 25//724
f 48//725 52//725 49//725
f 57//726 53//726 50//726
f 50//727 55//727 57//727
f 197//728 56//728 58//728
f 55//729 135//729 60//729
f 2//730 39//730 1//730
f 59//731 61//731 58//731
f 82//732 7//732 78//732
f 39//733 63//733 66//733
f 65//734 43//734 39//734
f 65//735 39//735 66//735
f 65//736 66//736 64//736
f 35//737 48//737 14//737
f 66//738 63//738 67//738
f 66//739 67//739 68//739
f 69//740 66//740 68//740
f 64//741 66//741 69//741
f 67//742 63//742 54//742
f 73//743 68//743 67//743
f 69//744 68//744 70//744
f 69//745 71//745 72//745
f 35//746 52//746 48//746
f 35//747 30//747 52//747
f 75//748 71//748 70//748
f 71//749 75//749 72//749
f 87//750 92//750 88//750
f 81//751 89//751 79//751
f 88//752 90//752 79//752
f 87//753 88//753 89//753
f 87//754 89//754 367//754
f 88//755 92//755 91//755
f 101//756 103//756 121//756
f 129//757 92//757 93//757
f 29//758 15//758 5//758
f 6//759 26//759 97//759
f 97//760 80//760 6//760
f 29//761 5//761 7//761
f 26//762 27//762 98//762
f 26//763 98//763 97//763
f 99//764 94//764 29//764
f 84//765 29//765 7//765
f 99//766 29//766 84//766
f 98//767 100//767 105//767
f 106//768 100//768 102//768
f 86//769 97//769 104//769
f 114//770 104//770 105//770
f 107//771 99//771 84//771
f 101//772 99//772 107//772
f 100//773 114//773 105//773
f 108//774 101//774 107//774
f 111//775 109//775 106//775
f 115//776 109//776 107//776
f 114//777 106//777 115//777
f 111//778 106//778 143//778
f 112//779 86//779 116//779
f 114//780 115//780 118//780
f 109//781 111//781 119//781
f 110//782 109//782 119//782
f 38//783 28//783 94//783
f 38//784 94//784 99//784
f 121//785 120//785 38//785
f 122//786 30//786 96//786
f 101//787 121//787 99//787
f 123//788 122//788 96//788
f 103//789 123//789 96//789
f 125//790 101//790 124//790
f 148//791 76//791 131//791
f 124//792 127//792 125//792
f 84//793 129//793 107//793
f 124//794 101//794 126//794
f 129//795 84//795 92//795
f 129//796 113//796 107//796
f 110//797 130//797 126//797
f 128//798 127//798 130//798
f 131//799 52//799 30//799
f 131//800 54//800 52//800
f 132//801 61//801 62//801
f 60//802 134//802 95//802
f 61//803 136//803 135//803
f 132//804 137//804 138//804
f 134//805 140//805 102//805
f 138//806 139//806 136//806
f 137//807 139//807 138//807
f 102//808 140//808 106//808
f 139//809 142//809 141//809
f 146//810 141//810 142//810
f 140//811 144//811 143//811
f 111//812 147//812 119//812
f 144//813 147//813 143//813
f 146//814 417//814 145//814
f 417//815 146//815 260//815
f 122//816 131//816 30//816
f 76//817 54//817 131//817
f 151//818 131//818 122//818
f 76//819 149//819 77//819
f 155//820 151//820 123//820
f 152//821 148//821 131//821
f 148//822 153//822 149//822
f 153//823 74//823 77//823
f 75//824 74//824 153//824
f 151//825 122//825 123//825
f 154//826 148//826 152//826
f 128//827 162//827 155//827
f 154//828 152//828 156//828
f 155//829 123//829 125//829
f 155//830 125//830 128//830
f 161//831 158//831 157//831
f 154//832 156//832 160//832
f 159//833 154//833 160//833
f 159//834 161//834 157//834
f 130//835 119//835 164//835
f 162//836 160//836 155//836
f 161//837 159//837 160//837
f 161//838 163//838 158//838
f 174//839 172//839 170//839
f 164//840 162//840 130//840
f 439//841 160//841 166//841
f 439//842 167//842 160//842
f 168//843 163//843 167//843
f 170//844 171//844 169//844
f 174//845 170//845 169//845
f 171//846 179//846 178//846
f 178//847 47//847 169//847
f 175//848 185//848 183//848
f 47//849 174//849 169//849
f 174//850 181//850 179//850
f 176//851 175//851 182//851
f 178//852 191//852 190//852
f 181//853 174//853 44//853
f 187//854 181//854 44//854
f 182//855 191//855 188//855
f 184//856 176//856 188//856
f 187//857 44//857 43//857
f 186//858 190//858 189//858
f 178//859 190//859 186//859
f 179//860 193//860 191//860
f 185//861 184//861 196//861
f 187//862 193//862 181//862
f 192//863 191//863 182//863
f 183//864 195//864 199//864
f 190//865 199//865 189//865
f 47//866 197//866 55//866
f 202//867 207//867 189//867
f 193//868 209//868 200//868
f 193//869 198//869 209//869
f 200//870 201//870 188//870
f 200//871 188//871 193//871
f 202//872 189//872 199//872
f 204//873 202//873 199//873
f 206//874 204//874 195//874
f 205//875 196//875 194//875
f 56//876 189//876 207//876
f 65//877 218//877 217//877
f 203//878 200//878 209//878
f 211//879 209//879 210//879
f 203//880 209//880 211//880
f 211//881 212//881 203//881
f 56//882 207//882 59//882
f 211//883 213//883 212//883
f 59//884 133//884 62//884
f 207//885 214//885 59//885
f 214//886 133//886 59//886
f 208//887 215//887 214//887
f 220//888 210//888 198//888
f 187//889 43//889 65//889
f 187//890 65//890 217//890
f 218//891 69//891 72//891
f 220//892 218//892 219//892
f 221//893 220//893 219//893
f 222//894 221//894 225//894
f 211//895 210//895 222//895
f 219//896 224//896 221//896
f 211//897 223//897 267//897
f 211//898 267//898 213//898
f 227//899 230//899 228//899
f 224//900 72//900 75//900
f 225//901 221//901 266//901
f 223//902 222//902 225//902
f 195//903 196//903 206//903
f 232//904 235//904 236//904
f 231//905 230//905 229//905
f 232//906 234//906 229//906
f 230//907 232//907 228//907
f 233//908 204//908 206//908
f 231//909 233//909 206//909
f 231//910 203//910 212//910
f 229//911 234//911 231//911
f 245//912 236//912 235//912
f 232//913 237//913 234//913
f 236//914 237//914 232//914
f 295//915 216//915 233//915
f 236//916 238//916 241//916
f 272//917 278//917 268//917
f 238//918 245//918 241//918
f 248//919 246//919 247//919
f 137//920 132//920 133//920
f 252//921 251//921 249//921
f 252//922 254//922 251//922
f 255//923 253//923 256//923
f 251//924 257//924 256//924
f 258//925 257//925 251//925
f 254//926 258//926 251//926
f 254//927 257//927 258//927
f 137//928 260//928 142//928
f 260//929 146//929 142//929
f 262//930 260//930 255//930
f 150//931 224//931 75//931
f 267//932 223//932 225//932
f 271//933 224//933 150//933
f 267//934 225//934 269//934
f 271//935 272//935 266//935
f 269//936 268//936 273//936
f 239//937 311//937 244//937
f 273//938 268//938 278//938
f 269//939 275//939 281//939
f 273//940 280//940 275//940
f 276//941 270//941 269//941
f 274//942 271//942 158//942
f 280//943 286//943 275//943
f 276//944 269//944 281//944
f 278//945 283//945 284//945
f 285//946 286//946 279//946
f 282//947 281//947 287//947
f 163//948 283//948 158//948
f 284//949 285//949 279//949
f 290//950 286//950 285//950
f 275//951 286//951 290//951
f 288//952 275//952 290//952
f 594//953 285//953 289//953
f 288//954 595//954 293//954
f 288//955 293//955 291//955
f 295//956 237//956 297//956
f 243//957 301//957 242//957
f 239//958 242//958 302//958
f 308//959 301//959 305//959
f 295//960 249//960 215//960
f 299//961 296//961 303//961
f 252//962 297//962 314//962
f 341//963 310//963 300//963
f 243//964 317//964 301//964
f 305//965 298//965 308//965
f 259//966 303//966 250//966
f 298//967 309//967 308//967
f 309//968 310//968 302//968
f 311//969 315//969 316//969
f 311//970 310//970 315//970
f 252//971 318//971 254//971
f 312//972 313//972 259//972
f 254//973 259//973 257//973
f 318//974 320//974 313//974
f 320//975 347//975 313//975
f 319//976 305//976 301//976
f 321//977 319//977 301//977
f 325//978 315//978 320//978
f 318//979 323//979 322//979
f 331//980 332//980 330//980
f 323//981 314//981 319//981
f 322//982 320//982 318//982
f 321//983 323//983 319//983
f 317//984 326//984 329//984
f 327//985 325//985 324//985
f 328//986 322//986 323//986
f 324//987 322//987 328//987
f 329//988 334//988 340//988
f 333//989 326//989 324//989
f 313//990 344//990 303//990
f 337//991 336//991 330//991
f 338//992 336//992 337//992
f 296//993 245//993 213//993
f 299//994 300//994 241//994
f 296//995 226//995 250//995
f 342//996 344//996 226//996
f 342//997 226//997 270//997
f 343//998 341//998 299//998
f 345//999 344//999 342//999
f 344//1000 299//1000 303//1000
f 345//1001 299//1001 344//1001
f 335//1002 334//1002 333//1002
f 344//1003 347//1003 259//1003
f 346//1004 342//1004 348//1004
f 320//1005 346//1005 349//1005
f 346//1006 348//1006 349//1006
f 259//1007 350//1007 277//1007
f 349//1008 350//1008 347//1008
f 348//1009 351//1009 349//1009
f 348//1010 277//1010 353//1010
f 349//1011 351//1011 354//1011
f 337//1012 330//1012 332//1012
f 354//1013 353//1013 661//1013
f 356//1014 243//1014 240//1014
f 356//1015 316//1015 327//1015
f 316//1016 356//1016 244//1016
f 360//1017 364//1017 362//1017
f 358//1018 334//1018 357//1018
f 388//1019 380//1019 376//1019
f 364//1020 363//1020 366//1020
f 365//1021 361//1021 362//1021
f 367//1022 112//1022 116//1022
f 113//1023 371//1023 115//1023
f 370//1024 369//1024 118//1024
f 373//1025 116//1025 369//1025
f 116//1026 373//1026 367//1026
f 375//1027 370//1027 371//1027
f 374//1028 375//1028 371//1028
f 359//1029 380//1029 360//1029
f 359//1030 360//1030 361//1030
f 361//1031 368//1031 359//1031
f 378//1032 377//1032 375//1032
f 377//1033 382//1033 381//1033
f 376//1034 381//1034 388//1034
f 384//1035 386//1035 385//1035
f 386//1036 379//1036 408//1036
f 398//1037 372//1037 400//1037
f 383//1038 364//1038 366//1038
f 397//1039 387//1039 388//1039
f 392//1040 383//1040 366//1040
f 396//1041 391//1041 386//1041
f 390//1042 464//1042 389//1042
f 464//1043 397//1043 389//1043
f 393//1044 465//1044 386//1044
f 395//1045 394//1045 384//1045
f 395//1046 465//1046 394//1046
f 368//1047 117//1047 93//1047
f 399//1048 117//1048 368//1048
f 399//1049 374//1049 117//1049
f 399//1050 406//1050 374//1050
f 403//1051 401//1051 402//1051
f 361//1052 404//1052 368//1052
f 374//1053 400//1053 378//1053
f 383//1054 404//1054 361//1054
f 408//1055 402//1055 406//1055
f 444//1056 402//1056 408//1056
f 402//1057 444//1057 403//1057
f 386//1058 410//1058 393//1058
f 407//1059 404//1059 409//1059
f 405//1060 408//1060 406//1060
f 392//1061 409//1061 383//1061
f 411//1062 410//1062 409//1062
f 412//1063 410//1063 411//1063
f 144//1064 416//1064 415//1064
f 147//1065 415//1065 418//1065
f 145//1066 416//1066 139//1066
f 377//1067 421//1067 382//1067
f 372//1068 418//1068 378//1068
f 420//1069 422//1069 379//1069
f 415//1070 423//1070 418//1070
f 416//1071 424//1071 423//1071
f 419//1072 425//1072 424//1072
f 421//1073 379//1073 384//1073
f 395//1074 432//1074 396//1074
f 420//1075 421//1075 418//1075
f 426//1076 422//1076 423//1076
f 426//1077 423//1077 429//1077
f 427//1078 429//1078 423//1078
f 431//1079 430//1079 425//1079
f 428//1080 429//1080 432//1080
f 428//1081 432//1081 433//1081
f 435//1082 427//1082 430//1082
f 446//1083 443//1083 442//1083
f 433//1084 391//1084 396//1084
f 435//1085 432//1085 427//1085
f 166//1086 165//1086 438//1086
f 443//1087 167//1087 439//1087
f 168//1088 167//1088 443//1088
f 440//1089 437//1089 398//1089
f 437//1090 441//1090 442//1090
f 438//1091 165//1091 442//1091
f 443//1092 438//1092 442//1092
f 168//1093 443//1093 447//1093
f 422//1094 445//1094 444//1094
f 445//1095 403//1095 444//1095
f 446//1096 440//1096 445//1096
f 450//1097 451//1097 457//1097
f 597//1098 168//1098 447//1098
f 448//1099 445//1099 422//1099
f 449//1100 445//1100 448//1100
f 450//1101 597//1101 447//1101
f 465//1102 471//1102 470//1102
f 428//1103 433//1103 453//1103
f 455//1104 453//1104 454//1104
f 455//1105 428//1105 453//1105
f 449//1106 448//1106 455//1106
f 456//1107 449//1107 455//1107
f 451//1108 449//1108 456//1108
f 458//1109 453//1109 433//1109
f 461//1110 451//1110 456//1110
f 460//1111 454//1111 458//1111
f 460//1112 461//1112 454//1112
f 548//1113 459//1113 461//1113
f 548//1114 462//1114 459//1114
f 463//1115 392//1115 397//1115
f 392//1116 463//1116 466//1116
f 463//1117 464//1117 474//1117
f 468//1118 465//1118 469//1118
f 465//1119 468//1119 394//1119
f 471//1120 393//1120 469//1120
f 477//1121 489//1121 486//1121
f 466//1122 463//1122 474//1122
f 467//1123 475//1123 393//1123
f 473//1124 474//1124 480//1124
f 480//1125 479//1125 473//1125
f 477//1126 482//1126 476//1126
f 480//1127 481//1127 479//1127
f 475//1128 485//1128 481//1128
f 477//1129 486//1129 482//1129
f 493//1130 489//1130 482//1130
f 485//1131 488//1131 479//1131
f 486//1132 490//1132 482//1132
f 495//1133 489//1133 494//1133
f 486//1134 495//1134 490//1134
f 467//1135 498//1135 497//1135
f 494//1136 489//1136 492//1136
f 490//1137 561//1137 493//1137
f 497//1138 411//1138 392//1138
f 412//1139 411//1139 497//1139
f 410//1140 414//1140 498//1140
f 499//1141 414//1141 413//1141
f 473//1142 502//1142 466//1142
f 499//1143 413//1143 412//1143
f 500//1144 412//1144 497//1144
f 500//1145 497//1145 498//1145
f 499//1146 412//1146 500//1146
f 484//1147 498//1147 478//1147
f 501//1148 499//1148 500//1148
f 519//1149 513//1149 522//1149
f 502//1150 475//1150 466//1150
f 500//1151 498//1151 484//1151
f 487//1152 500//1152 484//1152
f 488//1153 473//1153 479//1153
f 485//1154 502//1154 488//1154
f 503//1155 458//1155 436//1155
f 432//1156 505//1156 504//1156
f 435//1157 434//1157 505//1157
f 504//1158 472//1158 503//1158
f 507//1159 506//1159 504//1159
f 434//1160 508//1160 514//1160
f 507//1161 509//1161 506//1161
f 507//1162 510//1162 509//1162
f 510//1163 505//1163 514//1163
f 512//1164 511//1164 510//1164
f 523//1165 510//1165 514//1165
f 523//1166 513//1166 512//1166
f 517//1167 516//1167 515//1167
f 510//1168 520//1168 509//1168
f 511//1169 484//1169 520//1169
f 511//1170 520//1170 510//1170
f 513//1171 523//1171 522//1171
f 524//1172 519//1172 522//1172
f 529//1173 484//1173 526//1173
f 520//1174 527//1174 521//1174
f 523//1175 514//1175 530//1175
f 514//1176 532//1176 530//1176
f 528//1177 524//1177 522//1177
f 520//1178 484//1178 529//1178
f 527//1179 529//1179 555//1179
f 536//1180 521//1180 527//1180
f 531//1181 528//1181 523//1181
f 529//1182 526//1182 535//1182
f 544//1183 536//1183 527//1183
f 531//1184 530//1184 537//1184
f 540//1185 531//1185 538//1185
f 528//1186 531//1186 540//1186
f 546//1187 541//1187 534//1187
f 534//1188 540//1188 546//1188
f 544//1189 535//1189 536//1189
f 538//1190 531//1190 545//1190
f 541//1191 539//1191 532//1191
f 460//1192 458//1192 496//1192
f 551//1193 461//1193 460//1193
f 548//1194 461//1194 551//1194
f 503//1195 478//1195 496//1195
f 414//1196 501//1196 549//1196
f 512//1197 551//1197 550//1197
f 551//1198 460//1198 550//1198
f 552//1199 551//1199 513//1199
f 552//1200 548//1200 551//1200
f 550//1201 549//1201 554//1201
f 512//1202 550//1202 554//1202
f 561//1203 494//1203 563//1203
f 554//1204 501//1204 487//1204
f 554//1205 549//1205 501//1205
f 557//1206 558//1206 556//1206
f 556//1207 555//1207 529//1207
f 558//1208 559//1208 544//1208
f 15//1209 18//1209 4//1209
f 543//1210 559//1210 556//1210
f 544//1211 559//1211 543//1211
f 492//1212 491//1212 560//1212
f 560//1213 493//1213 561//1213
f 539//1214 547//1214 545//1214
f 494//1215 492//1215 562//1215
f 563//1216 560//1216 561//1216
f 563//1217 494//1217 562//1217
f 545//1218 537//1218 539//1218
f 541//1219 565//1219 539//1219
f 262//1220 567//1220 566//1220
f 542//1221 538//1221 545//1221
f 566//1222 419//1222 260//1222
f 602//1223 594//1223 292//1223
f 567//1224 331//1224 265//1224
f 569//1225 568//1225 566//1225
f 567//1226 571//1226 569//1226
f 571//1227 572//1227 569//1227
f 568//1228 425//1228 419//1228
f 569//1229 570//1229 573//1229
f 425//1230 568//1230 574//1230
f 573//1231 579//1231 578//1231
f 575//1232 578//1232 581//1232
f 582//1233 580//1233 575//1233
f 431//1234 576//1234 435//1234
f 431//1235 574//1235 576//1235
f 583//1236 585//1236 576//1236
f 578//1237 584//1237 585//1237
f 588//1238 590//1238 586//1238
f 576//1239 591//1239 434//1239
f 587//1240 589//1240 593//1240
f 647//1241 593//1241 589//1241
f 594//1242 289//1242 292//1242
f 595//1243 290//1243 594//1243
f 294//1244 331//1244 567//1244
f 291//1245 599//1245 294//1245
f 598//1246 601//1246 569//1246
f 291//1247 293//1247 599//1247
f 293//1248 596//1248 598//1248
f 602//1249 292//1249 597//1249
f 603//1250 577//1250 600//1250
f 570//1251 601//1251 600//1251
f 596//1252 595//1252 594//1252
f 570//1253 577//1253 573//1253
f 603//1254 600//1254 602//1254
f 610//1255 608//1255 609//1255
f 604//1256 607//1256 603//1256
f 605//1257 604//1257 603//1257
f 606//1258 603//1258 602//1258
f 581//1259 579//1259 607//1259
f 604//1260 581//1260 607//1260
f 726//1261 603//1261 606//1261
f 605//1262 603//1262 726//1262
f 590//1263 610//1263 586//1263
f 608//1264 605//1264 609//1264
f 590//1265 611//1265 610//1265
f 624//1266 616//1266 615//1266
f 606//1267 457//1267 462//1267
f 610//1268 726//1268 612//1268
f 613//1269 567//1269 265//1269
f 330//1270 614//1270 265//1270
f 615//1271 613//1271 614//1271
f 615//1272 616//1272 613//1272
f 617//1273 335//1273 333//1273
f 613//1274 571//1274 567//1274
f 617//1275 339//1275 621//1275
f 618//1276 627//1276 338//1276
f 623//1277 614//1277 619//1277
f 615//1278 614//1278 623//1278
f 615//1279 623//1279 624//1279
f 582//1280 648//1280 647//1280
f 627//1281 618//1281 617//1281
f 633//1282 626//1282 621//1282
f 633//1283 632//1283 626//1283
f 619//1284 638//1284 630//1284
f 632//1285 633//1285 631//1285
f 632//1286 631//1286 638//1286
f 635//1287 640//1287 633//1287
f 646//1288 628//1288 634//1288
f 643//1289 582//1289 637//1289
f 624//1290 630//1290 643//1290
f 644//1291 642//1291 638//1291
f 639//1292 645//1292 634//1292
f 640//1293 651//1293 633//1293
f 646//1294 634//1294 645//1294
f 647//1295 589//1295 582//1295
f 651//1296 638//1296 631//1296
f 642//1297 648//1297 630//1297
f 644//1298 656//1298 642//1298
f 616//1299 337//1299 354//1299
f 644//1300 638//1300 652//1300
f 645//1301 656//1301 644//1301
f 645//1302 657//1302 656//1302
f 654//1303 651//1303 640//1303
f 648//1304 655//1304 647//1304
f 642//1305 656//1305 648//1305
f 658//1306 651//1306 650//1306
f 659//1307 650//1307 651//1307
f 599//1308 661//1308 294//1308
f 667//1309 666//1309 625//1309
f 664//1310 618//1310 355//1310
f 661//1311 599//1311 572//1311
f 628//1312 665//1312 664//1312
f 674//1313 677//1313 678//1313
f 670//1314 639//1314 634//1314
f 667//1315 670//1315 634//1315
f 667//1316 625//1316 668//1316
f 667//1317 668//1317 669//1317
f 673//1318 671//1318 668//1318
f 669//1319 671//1319 667//1319
f 670//1320 667//1320 671//1320
f 641//1321 672//1321 637//1321
f 673//1322 668//1322 643//1322
f 671//1323 673//1323 639//1323
f 673//1324 643//1324 649//1324
f 673//1325 657//1325 639//1325
f 678//1326 622//1326 334//1326
f 678//1327 677//1327 622//1327
f 678//1328 358//1328 674//1328
f 677//1329 635//1329 622//1329
f 674//1330 665//1330 629//1330
f 677//1331 640//1331 635//1331
f 679//1332 640//1332 677//1332
f 681//1333 677//1333 629//1333
f 677//1334 681//1334 679//1334
f 679//1335 654//1335 640//1335
f 680//1336 679//1336 681//1336
f 680//1337 654//1337 679//1337
f 654//1338 653//1338 732//1338
f 676//1339 675//1339 682//1339
f 591//1340 684//1340 683//1340
f 684//1341 688//1341 695//1341
f 586//1342 684//1342 592//1342
f 685//1343 588//1343 587//1343
f 591//1344 686//1344 508//1344
f 683//1345 686//1345 591//1345
f 694//1346 698//1346 696//1346
f 689//1347 695//1347 688//1347
f 685//1348 593//1348 691//1348
f 692//1349 590//1349 685//1349
f 683//1350 684//1350 695//1350
f 697//1351 683//1351 695//1351
f 710//1352 701//1352 711//1352
f 689//1353 698//1353 695//1353
f 702//1354 687//1354 519//1354
f 696//1355 703//1355 693//1355
f 697//1356 695//1356 704//1356
f 706//1357 703//1357 696//1357
f 698//1358 708//1358 696//1358
f 709//1359 706//1359 690//1359
f 703//1360 714//1360 711//1360
f 518//1361 712//1361 525//1361
f 713//1362 712//1362 518//1362
f 702//1363 713//1363 686//1363
f 703//1364 711//1364 693//1364
f 716//1365 709//1365 717//1365
f 707//1366 705//1366 715//1366
f 716//1367 708//1367 698//1367
f 719//1368 534//1368 533//1368
f 533//1369 525//1369 710//1369
f 534//1370 718//1370 528//1370
f 714//1371 719//1371 711//1371
f 713//1372 721//1372 712//1372
f 714//1373 721//1373 719//1373
f 534//1374 720//1374 718//1374
f 722//1375 723//1375 534//1375
f 724//1376 713//1376 725//1376
f 705//1377 689//1377 727//1377
f 462//1378 552//1378 553//1378
f 726//1379 606//1379 462//1379
f 462//1380 553//1380 687//1380
f 683//1381 697//1381 687//1381
f 697//1382 462//1382 687//1382
f 688//1383 612//1383 697//1383
f 688//1384 697//1384 705//1384
f 727//1385 688//1385 705//1385
f 731//1386 653//1386 652//1386
f 519//1387 728//1387 702//1387
f 720//1388 728//1388 718//1388
f 728//1389 720//1389 702//1389
f 648//1390 729//1390 655//1390
f 656//1391 729//1391 648//1391
f 657//1392 735//1392 656//1392
f 593//1393 700//1393 699//1393
f 692//1394 611//1394 590//1394
f 691//1395 733//1395 685//1395
f 657//1396 736//1396 735//1396
f 659//1397 737//1397 658//1397
f 660//1398 732//1398 731//1398
f 735//1399 736//1399 734//1399
f 737//1400 660//1400 731//1400
f 708//1401 691//1401 699//1401
f 733//1402 691//1402 708//1402
f 708//1403 734//1403 733//1403
f 735//1404 739//1404 738//1404
f 709//1405 739//1405 717//1405
f 738//1406 739//1406 709//1406
f 672//1407 611//1407 740//1407
f 734//1408 672//1408 740//1408
f 722//1409 741//1409 723//1409
f 741//1410 742//1410 723//1410
f 13//1411 21//1411 19//1411
f 21//1412 13//1412 25//1412
f 36//1413 33//1413 31//1413
f 32//1414 31//1414 33//1414
f 24//1415 38//1415 120//1415
f 55//1416 58//1416 61//1416
f 2//1417 63//1417 39//1417
f 82//1418 83//1418 7//1418
f 87//1419 93//1419 92//1419
f 101//1420 125//1420 103//1420
f 103//1421 125//1421 123//1421
f 148//1422 149//1422 76//1422
f 151//1423 152//1423 131//1423
f 155//1424 156//1424 151//1424
f 128//1425 130//1425 162//1425
f 130//1426 110//1426 119//1426
f 174//1427 179//1427 172//1427
f 178//1428 186//1428 47//1428
f 175//1429 177//1429 185//1429
f 178//1430 179//1430 191//1430
f 179//1431 181//1431 193//1431
f 185//1432 180//1432 184//1432
f 190//1433 192//1433 199//1433
f 202//1434 208//1434 207//1434
f 65//1435 64//1435 218//1435
f 220//1436 221//1436 210//1436
f 222//1437 210//1437 221//1437
f 211//1438 222//1438 223//1438
f 227//1439 229//1439 230//1439
f 232//1440 230//1440 235//1440
f 245//1441 238//1441 236//1441
f 272//1442 274//1442 278//1442
f 239//1443 302//1443 311//1443
f 308//1444 242//1444 301//1444
f 252//1445 295//1445 297//1445
f 305//1446 297//1446 298//1446
f 259//1447 313//1447 303//1447
f 254//1448 312//1448 259//1448
f 318//1449 252//1449 323//1449
f 331//1450 352//1450 332//1450
f 329//1451 326//1451 334//1451
f 333//1452 334//1452 326//1452
f 313//1453 347//1453 344//1453
f 335//1454 357//1454 334//1454
f 360//1455 363//1455 364//1455
f 388//1456 387//1456 380//1456
f 398//1457 164//1457 372//1457
f 399//1458 405//1458 406//1458
f 374//1459 406//1459 400//1459
f 383//1460 409//1460 404//1460
f 386//1461 408//1461 410//1461
f 412//1462 413//1462 410//1462
f 144//1463 139//1463 416//1463
f 145//1464 417//1464 416//1464
f 377//1465 418//1465 421//1465
f 421//1466 420//1466 379//1466
f 395//1467 391//1467 432//1467
f 446//1468 447//1468 443//1468
f 450//1469 447//1469 451//1469
f 465//1470 393//1470 471//1470
f 477//1471 468//1471 489//1471
f 493//1472 491//1472 489//1472
f 495//1473 486//1473 489//1473
f 467//1474 393//1474 498//1474
f 473//1475 488//1475 502//1475
f 519//1476 553//1476 513//1476
f 561//1477 495//1477 494//1477
f 15//1478 17//1478 18//1478
f 539//1479 565//1479 547//1479
f 262//1480 263//1480 567//1480
f 602//1481 600//1481 594//1481
f 603//1482 607//1482 577//1482
f 610//1483 611//1483 608//1483
f 624//1484 625//1484 616//1484
f 582//1485 630//1485 648//1485
f 651//1486 652//1486 638//1486
f 616//1487 662//1487 337//1487
f 667//1488 664//1488 666//1488
f 674//1489 629//1489 677//1489
f 674//1490 663//1490 665//1490
f 591//1491 592//1491 684//1491
f 684//1492 612//1492 688//1492
f 694//1493 695//1493 698//1493
f 710//1494 525//1494 701//1494
f 703//1495 715//1495 714//1495
f 716//1496 706//1496 709//1496
f 716//1497 717//1497 708//1497
f 719//1498 722//1498 534//1498
f 534//1499 723//1499 720//1499
f 724//1500 721//1500 713//1500
f 705//1501 707//1501 689//1501
f 731//1502 732//1502 653//1502
f 593//1503 647//1503 700//1503
f 692//1504 740//1504 611//1504
