# Blender 5.2.0 LTS
# www.blender.org
o Coral_Bush_C_tmp
v 0.343650 0.346900 0.632120
v 0.332535 0.378373 0.763412
v 0.328756 0.332650 0.803972
v 0.276501 0.126052 0.829304
v 0.411131 0.149227 0.770452
v 0.386175 0.215328 0.831796
v 0.239460 0.099420 0.788549
v 0.400102 0.213085 0.670592
v 0.447588 0.232500 0.776974
v 0.351525 0.272109 0.758845
v 0.345563 0.149882 0.762021
v 0.321995 0.048708 0.798467
v 0.253969 0.308344 0.789752
v 0.255281 0.332696 0.719829
v 0.331762 0.077380 0.615716
v 0.311104 0.209259 0.691650
v 0.352313 0.094722 0.396924
v 0.427325 0.214058 0.396801
v 0.388532 0.297704 0.745185
v 0.311456 0.209132 0.396914
v 0.265292 0.292114 0.396985
v 0.362013 0.333846 0.396925
v 0.257380 0.136806 0.396982
v 0.337509 0.085115 0.826413
v -0.295859 -0.401430 0.645448
v -0.393547 -0.364670 0.619887
v -0.419006 -0.426892 0.756027
v -0.388528 -0.401065 0.807253
v -0.208045 -0.278646 0.872574
v -0.327403 -0.193747 0.813887
v -0.357720 -0.274511 0.862983
v -0.156272 -0.275296 0.833590
v -0.352862 -0.232825 0.696531
v -0.414122 -0.235715 0.805785
v -0.361692 -0.329238 0.773780
v -0.274033 -0.237520 0.801477
v -0.189463 -0.180721 0.858576
v -0.320632 -0.429757 0.798984
v -0.333167 -0.455367 0.738086
v -0.200725 -0.161855 0.655956
v -0.280160 -0.294649 0.714442
v -0.273670 -0.335631 0.388686
v -0.207231 -0.119993 0.433644
v -0.350753 -0.163358 0.413052
v -0.407803 -0.321536 0.756379
v -0.253663 -0.238744 0.407965
v -0.379808 -0.303873 0.385266
v -0.161887 -0.219473 0.419505
v -0.229305 -0.204090 0.881108
v 0.203951 -0.435836 0.766655
v 0.240470 -0.336876 0.510889
v 0.050888 -0.264817 0.439559
v 0.243662 -0.304006 0.690323
v 0.084081 -0.349308 0.775381
v 0.227716 -0.272959 0.545290
v 0.063647 -0.362841 0.585909
v 0.226804 -0.408637 0.657609
v 0.198871 -0.412916 0.829202
v 0.244456 -0.362596 0.694856
v 0.334249 -0.386016 0.692289
v 0.340380 -0.287602 0.649339
v 0.349403 -0.339755 0.717739
v 0.363223 -0.326667 0.638965
v 0.219602 -0.355004 0.817929
v 0.066012 -0.390600 0.755085
v 0.097842 -0.244060 0.401449
v 0.165185 -0.252214 0.403826
v 0.101069 -0.345271 0.370685
v 0.020458 -0.294914 0.412701
v 0.037235 -0.333492 0.406155
v 0.157047 -0.284966 0.372335
v 0.238568 -0.388920 0.806172
v -0.089898 -0.232595 0.837771
v 0.012532 -0.132625 0.599253
v -0.146153 -0.133667 0.452469
v -0.066705 -0.096323 0.760664
v -0.224670 -0.193440 0.788029
v -0.032472 -0.076200 0.616033
v -0.162490 -0.217894 0.607937
v -0.035171 -0.201497 0.741157
v -0.126512 -0.211351 0.889925
v -0.049295 -0.151053 0.774567
v 0.036983 -0.141345 0.808826
v 0.028309 -0.047612 0.755605
v 0.025331 -0.091857 0.830403
v 0.064609 -0.076517 0.760682
v -0.122359 -0.149798 0.877791
v -0.219174 -0.239164 0.769339
v -0.096803 -0.098414 0.431152
v -0.036790 -0.082176 0.459301
v -0.049711 -0.193209 0.420245
v -0.152296 -0.173392 0.421401
v -0.122934 -0.203897 0.427711
v -0.020918 -0.116618 0.432543
v -0.090495 -0.175265 0.879344
v 0.585713 -0.671600 0.133806
v 0.514750 -0.569106 -0.027798
v 0.758486 -0.664271 0.124128
v 0.818547 -0.502843 0.083460
v 0.626343 -0.688857 0.079529
v 0.637901 -0.507856 0.068068
v 0.711019 -0.602759 0.195191
v 0.853484 -0.546821 0.214488
v 0.754066 -0.634523 0.171122
v 0.755309 -0.693869 0.236261
v 0.730312 -0.754942 0.158352
v 0.787170 -0.725516 0.209753
v 0.716622 -0.754691 0.200246
v 0.874895 -0.607327 0.178015
v 0.792009 -0.470652 0.104945
v 0.485960 -0.622302 -0.022753
v 0.492312 -0.670946 0.019027
v 0.442418 -0.578083 0.056258
v 0.482766 -0.533810 -0.022130
v 0.472241 -0.528456 0.016525
v 0.457373 -0.652573 0.038053
v 0.709298 -0.463431 0.534237
v 0.575675 -0.463933 0.286888
v 0.544309 -0.256362 0.226383
v 0.737711 -0.468116 0.376879
v 0.757753 -0.325225 0.499626
v 0.641885 -0.438055 0.263331
v 0.598207 -0.299000 0.392163
v 0.643607 -0.474344 0.438595
v 0.772378 -0.456093 0.558234
v 0.704089 -0.482821 0.423996
v 0.697237 -0.576862 0.421131
v 0.726823 -0.557814 0.317659
v 0.748325 -0.582247 0.399294
v 0.696396 -0.589009 0.335739
v 0.802690 -0.462478 0.502749
v 0.713541 -0.316048 0.521634
v 0.532872 -0.296032 0.176218
v 0.537096 -0.364570 0.169711
v 0.444724 -0.321396 0.232361
v 0.500687 -0.232040 0.238296
v 0.472891 -0.257315 0.259752
v 0.490643 -0.362662 0.175952
v 0.774017 -0.488572 0.516858
v -0.269558 0.735932 0.721532
v -0.367027 0.865699 0.494195
v -0.356723 0.726766 0.327744
v -0.405018 0.764862 0.643591
v -0.302952 0.607036 0.653517
v -0.422550 0.817028 0.503401
v -0.275774 0.692953 0.482972
v -0.300060 0.801954 0.631434
v -0.291003 0.692102 0.768098
v -0.351070 0.782050 0.661338
v -0.364642 0.863202 0.706223
v -0.456977 0.858612 0.649266
v -0.414462 0.847317 0.724693
v -0.429345 0.894961 0.659865
v -0.352576 0.695942 0.754671
v -0.256774 0.616307 0.637014
v -0.393200 0.777574 0.311783
v -0.412269 0.833177 0.347012
v -0.299408 0.828724 0.309867
v -0.315841 0.725872 0.297242
v -0.286401 0.755202 0.308225
v -0.377547 0.853476 0.323467
v -0.328149 0.728226 0.761087
v 0.444893 0.135570 0.668075
v 0.393750 0.223308 0.665187
v 0.457842 0.232855 0.793669
v 0.538817 0.183428 0.795373
v 0.698582 0.184001 0.686098
v 0.630448 0.308621 0.639286
v 0.621795 0.294573 0.731899
v 0.696046 0.140363 0.642832
v 0.518121 0.282740 0.607081
v 0.567598 0.347070 0.693758
v 0.534435 0.249418 0.718447
v 0.630540 0.242207 0.641906
v 0.733646 0.223119 0.606476
v 0.475060 0.150169 0.771257
v 0.587403 0.203291 0.481859
v 0.542845 0.197690 0.632067
v 0.437608 0.189218 0.328997
v 0.338056 0.266254 0.397739
v 0.502625 0.284355 0.720015
v 0.352567 0.151186 0.409722
v 0.293627 0.107325 0.469514
v 0.251660 0.202715 0.485407
v 0.411893 0.096823 0.370434
v 0.722413 0.243496 0.649266
v 0.442418 0.799860 0.554583
v 0.347933 0.553140 0.464364
v 0.383766 0.541392 0.250718
v 0.488236 0.648994 0.535221
v 0.531045 0.801853 0.434278
v 0.420704 0.540652 0.455474
v 0.401469 0.694477 0.340220
v 0.389660 0.701078 0.525403
v 0.500950 0.828642 0.571621
v 0.446319 0.688829 0.548380
v 0.414090 0.663672 0.632662
v 0.460665 0.570321 0.602746
v 0.463668 0.644586 0.648484
v 0.420928 0.578540 0.626159
v 0.534962 0.775613 0.575253
v 0.488994 0.822420 0.417049
v 0.368406 0.483091 0.273690
v 0.354192 0.461082 0.336972
v 0.270858 0.525712 0.282203
v 0.347780 0.555812 0.217599
v 0.311737 0.568829 0.237022
v 0.310042 0.464624 0.322561
v 0.498810 0.781308 0.593665
v -0.846905 0.346993 0.628129
v -0.961619 0.432001 0.482541
v -0.843514 0.459657 0.759430
v -1.002405 0.528358 0.795460
v -0.829801 0.414735 0.625969
v -1.009861 0.430790 0.642942
v -0.904285 0.374437 0.769974
v -0.949812 0.445689 0.898838
v -0.871075 0.419695 0.786827
v -0.808648 0.368808 0.822412
v -0.753340 0.415423 0.750480
v -0.776399 0.409201 0.828956
v -0.752383 0.373880 0.765052
v -0.889999 0.487643 0.888727
v -1.035102 0.495182 0.790125
v -0.910259 0.410522 0.458495
v -0.859324 0.381263 0.484844
v -0.953161 0.321388 0.475541
v -0.998552 0.408059 0.463577
v -1.002634 0.371006 0.479105
v -0.878932 0.344937 0.470252
v -0.554519 0.779449 0.590772
v -0.463516 0.798537 0.541484
v -0.426409 0.828360 0.682665
v -0.428639 0.780470 0.724678
v -0.520283 0.581435 0.768171
v -0.402166 0.577669 0.668124
v -0.392305 0.646766 0.736064
v -0.574683 0.565297 0.739268
v -0.427838 0.650830 0.571457
v -0.345284 0.653393 0.662525
v -0.434426 0.716555 0.673479
v -0.468036 0.593801 0.679817
v -0.503726 0.494451 0.724412
v -0.500251 0.776469 0.737054
v -0.516147 0.818608 0.688830
v -0.544055 0.533780 0.532512
v -0.508583 0.666025 0.619712
v -0.620979 0.779794 0.339433
v -0.516850 0.795684 0.308946
v -0.585455 0.556568 0.315525
v -0.483607 0.661765 0.290738
v -0.396672 0.734863 0.648271
v -0.596932 0.683216 0.326402
v -0.665672 0.623450 0.343695
v -0.471721 0.526173 0.747058
v -0.450190 -0.125625 0.730615
v -0.537613 -0.093958 0.689581
v -0.583352 -0.145097 0.816126
v -0.515206 -0.139706 0.881976
v -0.405489 0.004630 0.949954
v -0.507627 0.080030 0.870822
v -0.543750 0.006144 0.916556
v -0.350812 0.006131 0.921785
v -0.512298 0.035812 0.759659
v -0.587234 0.038782 0.851775
v -0.532886 -0.050953 0.836057
v -0.455677 0.038534 0.870525
v -0.386053 0.096682 0.934007
v -0.500205 -0.172048 0.815001
v -0.363747 0.102425 0.742167
v -0.447171 -0.020735 0.791843
v -0.333849 0.128820 0.531343
v -0.464486 0.084816 0.491547
v -0.573150 -0.045259 0.811913
v -0.372821 0.014380 0.507054
v -0.387657 -0.077979 0.491934
v -0.486843 -0.050125 0.469418
v -0.289006 0.034419 0.531494
v -0.426878 0.075415 0.949977
v -0.656252 0.099422 0.657986
v -0.655012 0.200608 0.648686
v -0.718082 0.185427 0.777101
v -0.690605 0.105156 0.819536
v -0.518306 0.030136 0.865754
v -0.480619 0.170148 0.829266
v -0.562145 0.164999 0.875880
v -0.499047 -0.009383 0.822761
v -0.524072 0.195955 0.720801
v -0.545640 0.234661 0.830939
v -0.612635 0.163146 0.790468
v -0.502818 0.110854 0.809084
v -0.427489 0.046945 0.851974
v -0.716343 0.102986 0.748240
v -0.556127 0.109860 0.725883
v -0.593461 0.135029 0.417553
v -0.593468 0.240155 0.430221
v -0.379256 0.139056 0.460179
v -0.462543 0.253638 0.457411
v -0.620461 0.208636 0.780297
v -0.499066 0.144781 0.437275
v -0.450817 0.066742 0.437427
v -0.458451 0.071257 0.879486
v -0.475566 -0.557268 0.596313
v -0.392741 -0.615697 0.701257
v -0.469151 -0.618221 0.738411
v -0.603736 -0.728341 0.702482
v -0.501215 -0.787444 0.633078
v -0.476172 -0.754836 0.708954
v -0.640616 -0.704545 0.667028
v -0.454155 -0.713146 0.567349
v -0.422190 -0.769161 0.655136
v -0.450751 -0.677173 0.668791
v -0.539369 -0.740181 0.638390
v -0.624228 -0.788572 0.645575
v -0.455059 -0.564089 0.697026
v -0.512278 -0.662080 0.601134
v -0.452972 -0.490180 0.380508
v -0.539126 -0.656094 0.308323
v -0.411305 -0.642160 0.327511
v -0.409480 -0.683855 0.657260
v -0.484364 -0.566791 0.348081
v -0.367524 -0.533518 0.373503
v -0.567008 -0.569430 0.338070
v -0.595180 -0.790609 0.677025
v -0.298390 -0.819719 0.569399
v -0.211053 -0.780751 0.534832
v -0.170848 -0.832961 0.662512
v -0.225235 -0.906139 0.688265
v -0.272135 -1.074012 0.604757
v -0.160696 -1.027584 0.516876
v -0.146235 -1.008435 0.607691
v -0.325944 -1.069921 0.575443
v -0.183671 -0.916576 0.479048
v -0.102157 -0.965504 0.549892
v -0.184505 -0.917734 0.596248
v -0.223042 -1.018756 0.537842
v -0.261580 -1.121224 0.522708
v -0.257617 -0.841261 0.666410
v -0.302391 -0.986353 0.391013
v -0.259622 -0.927464 0.529612
v -0.368174 -0.684768 0.368712
v -0.345609 -0.851416 0.230421
v -0.242663 -0.756854 0.261560
v -0.147742 -0.890801 0.583943
v -0.349920 -0.754993 0.306801
v -0.269056 -0.655108 0.351455
v -0.418813 -0.810084 0.292188
v -0.228663 -1.108756 0.556270
v 0.216897 -0.842147 0.521372
v 0.127196 -0.782619 0.568125
v 0.181446 -0.869198 0.698753
v 0.247011 -0.855796 0.722332
v 0.470093 -0.766277 0.658706
v 0.351807 -0.646026 0.694071
v 0.339839 -0.735962 0.753419
v 0.488225 -0.764084 0.590220
v 0.243399 -0.662494 0.610396
v 0.264080 -0.675264 0.745065
v 0.264308 -0.777620 0.678290
v 0.377670 -0.699055 0.645221
v 0.499642 -0.662457 0.637874
v 0.291336 -0.895850 0.667614
v 0.234376 -0.910183 0.623520
v 0.365426 -0.605950 0.480218
v 0.301209 -0.743312 0.573320
v 0.080753 -0.729599 0.290729
v 0.215613 -0.518979 0.292516
v 0.073653 -0.538001 0.370988
v 0.216128 -0.758846 0.695455
v 0.133318 -0.633084 0.297128
v -0.002502 -0.678003 0.361879
v 0.223457 -0.628871 0.244161
v 0.475781 -0.684952 0.683433
v 0.369789 -0.654912 0.467139
v 0.448944 -0.713078 0.555555
v 0.496174 -0.698755 0.528529
v 0.589265 -0.809339 0.377501
v 0.585717 -0.672159 0.383232
v 0.591000 -0.709076 0.461167
v 0.558396 -0.828247 0.334140
v 0.481178 -0.638580 0.388397
v 0.566300 -0.635610 0.456505
v 0.500361 -0.705934 0.470362
v 0.555406 -0.724213 0.373345
v 0.615993 -0.766256 0.308710
v 0.470656 -0.795796 0.503385
v 0.406857 -0.765215 0.483366
v 0.465525 -0.721597 0.385796
v 0.320133 -0.590386 0.165941
v 0.293812 -0.515373 0.268993
v 0.253774 -0.613458 0.253390
v 0.200328 -0.644007 0.314188
v 0.215503 -0.558899 0.359308
v 0.266575 -0.666170 0.190060
v 0.627876 -0.760967 0.349601
v 0.362488 -0.944547 0.238680
v 0.335228 -0.893559 0.315157
v 0.427469 -0.976672 0.369322
v 0.488299 -1.001292 0.308725
v 0.599727 -0.909760 0.197330
v 0.554471 -0.806795 0.282002
v 0.568319 -0.883134 0.324704
v 0.576652 -0.904348 0.144506
v 0.441822 -0.806940 0.284094
v 0.522019 -0.828226 0.358996
v 0.478371 -0.906520 0.315059
v 0.540912 -0.848078 0.236981
v 0.615013 -0.827288 0.170954
v 0.418810 -1.008138 0.293812
v 0.451761 -0.873739 0.229832
v 0.170184 -0.827785 0.163187
v 0.276794 -0.666162 0.098005
v 0.224963 -0.677610 0.220394
v 0.458415 -0.889273 0.350906
v 0.216028 -0.753498 0.141596
v 0.158612 -0.785389 0.251775
v 0.247009 -0.752045 0.060966
v 0.623744 -0.845940 0.211214
v -0.109114 0.109771 0.817523
v -0.069097 0.294987 0.608493
v -0.201857 0.240283 0.442811
v -0.160401 0.252521 0.764943
v -0.245002 0.082434 0.757566
v -0.138446 0.315985 0.628445
v -0.174309 0.129722 0.582285
v -0.076475 0.183743 0.733016
v -0.153192 0.098363 0.868201
v -0.116408 0.212504 0.772376
v -0.048096 0.258983 0.818586
v -0.104574 0.344359 0.779204
v -0.085122 0.290561 0.846331
v -0.057951 0.337814 0.784214
v -0.182314 0.155064 0.866245
v -0.215357 0.050262 0.732522
v -0.177769 0.300102 0.433182
v -0.135431 0.339612 0.471098
v -0.086203 0.246532 0.413342
v -0.185167 0.209563 0.404956
v -0.143690 0.197799 0.410088
v -0.102714 0.324003 0.441065
v -0.141273 0.149811 0.867739
v 0.075265 0.314365 0.590231
v 0.116943 0.242581 0.393228
v 0.224136 0.282265 0.688806
v 0.380582 0.327672 0.600357
v 0.111120 0.250930 0.597993
v 0.232564 0.340521 0.481985
v 0.205390 0.386204 0.657052
v 0.351803 0.411431 0.720573
v 0.227336 0.340538 0.691815
v 0.177141 0.363768 0.765716
v 0.138147 0.265769 0.748041
v 0.190530 0.317844 0.792082
v 0.117126 0.304567 0.761606
v 0.343848 0.333404 0.736731
v 0.373087 0.368673 0.574305
v 0.059961 0.221794 0.412272
v 0.025954 0.229870 0.470009
v 0.032131 0.322327 0.398412
v 0.110584 0.272436 0.353320
v 0.096013 0.310765 0.363842
v 0.003793 0.262342 0.446316
v 0.323752 0.367080 0.746311
v -0.293612 0.130036 0.912576
v -0.386042 0.263577 0.682533
v -0.400478 0.117365 0.520365
v -0.429202 0.172828 0.838693
v -0.345860 0.002802 0.850913
v -0.447022 0.222079 0.696183
v -0.316322 0.079199 0.674548
v -0.320349 0.196553 0.820451
v -0.318171 0.090534 0.962175
v -0.372344 0.184012 0.853543
v -0.373938 0.268454 0.895914
v -0.469494 0.273176 0.842711
v -0.424800 0.259372 0.917282
v -0.436956 0.306503 0.850689
v -0.379893 0.101472 0.951122
v -0.299351 0.005788 0.831956
v -0.431529 0.172086 0.503737
v -0.442174 0.231306 0.537688
v -0.331649 0.211613 0.495691
v -0.361159 0.110333 0.487967
v -0.327648 0.136434 0.496546
v -0.406114 0.246477 0.511670
v -0.351250 0.130978 0.955194
v -0.510614 0.904079 0.571320
v -0.560393 0.825583 0.574404
v -0.548070 0.852826 0.702688
v -0.539064 0.938188 0.715942
v -0.634536 1.080250 0.670160
v -0.721212 0.978676 0.640018
v -0.676182 0.964238 0.711983
v -0.614548 1.103876 0.623131
v -0.671053 0.906228 0.574921
v -0.709556 0.904077 0.676543
v -0.614029 0.917170 0.665331
v -0.669273 1.007557 0.626993
v -0.702495 1.099364 0.622509
v -0.498266 0.906099 0.669835
v -0.606278 0.959406 0.583421
v -0.662864 0.923727 0.297693
v -0.662776 0.802574 0.344049
v -0.628757 0.876480 0.665566
v -0.575536 0.862832 0.331826
v -0.500200 0.826713 0.355028
v -0.552921 0.749299 0.378249
v -0.568923 0.940472 0.302932
v -0.701370 1.078377 0.659755
v -0.420894 0.533138 0.716003
v -0.415109 0.640827 0.672056
v -0.427077 0.673027 0.833305
v -0.374716 0.651045 0.875151
v -0.190457 0.487724 0.897169
v -0.154739 0.622818 0.798015
v -0.221002 0.646788 0.879574
v -0.192171 0.428592 0.858881
v -0.245734 0.629415 0.695640
v -0.217272 0.706950 0.803747
v -0.311717 0.631055 0.812822
v -0.191984 0.556882 0.806045
v -0.095553 0.483352 0.843139
v -0.392415 0.572743 0.881657
v -0.444759 0.574515 0.830781
v -0.157997 0.475298 0.639260
v -0.284642 0.543278 0.742377
v -0.456305 0.491907 0.433501
v -0.441937 0.610310 0.411178
v -0.211073 0.464829 0.391163
v -0.290626 0.606123 0.382764
v -0.320587 0.679488 0.790251
v -0.347158 0.488954 0.413126
v -0.303516 0.394814 0.420492
v -0.117768 0.524364 0.873782
v -0.722118 0.649047 0.645012
v -0.669190 0.574969 0.625077
v -0.650816 0.584966 0.755412
v -0.719492 0.621844 0.794140
v -0.893288 0.585586 0.796922
v -0.842882 0.471802 0.739199
v -0.792608 0.502808 0.802113
v -0.921160 0.616515 0.758849
v -0.780054 0.499243 0.653443
v -0.761597 0.453742 0.750677
v -0.742568 0.548694 0.741446
v -0.853930 0.531563 0.734291
v -0.949638 0.533514 0.758787
v -0.690192 0.652876 0.739191
v -0.801707 0.577600 0.676201
v -0.875210 0.536708 0.394400
v -0.753765 0.490841 0.401195
v -0.711595 0.520782 0.729513
v -0.779875 0.594462 0.405780
v -0.714075 0.650507 0.414711
v -0.657161 0.572325 0.414382
v -0.856037 0.630115 0.401904
v -0.918508 0.523242 0.788236
v -0.760936 0.787672 0.662135
v -0.777470 0.727566 0.729199
v -0.800833 0.798718 0.731728
v -0.935201 0.854430 0.674336
v -0.953595 0.735279 0.666543
v -0.916214 0.755495 0.729548
v -0.928631 0.874114 0.629191
v -0.879995 0.694522 0.618893
v -0.912724 0.690461 0.708972
v -0.840682 0.726252 0.710385
v -0.926736 0.778324 0.648966
v -0.999524 0.830299 0.649320
v -0.855355 0.764602 0.615918
v -0.704017 0.680094 0.433695
v -0.864175 0.672953 0.376062
v -0.816577 0.587234 0.433398
v -0.777201 0.669688 0.410516
v -0.711904 0.602263 0.466522
v -0.805221 0.725571 0.374110
v -0.666655 0.713751 0.535097
v -0.696484 0.751157 0.346647
v -0.614336 0.854861 0.602717
v -0.703600 0.988825 0.552640
v -0.616249 0.752422 0.514960
v -0.748957 0.849591 0.460948
v -0.708959 0.826976 0.620879
v -0.717010 0.959204 0.684493
v -0.659984 0.852363 0.629823
v -0.642377 0.807442 0.698526
v -0.567562 0.780810 0.642370
v -0.595881 0.824818 0.700494
v -0.590762 0.758633 0.669438
v -0.646753 0.957625 0.681855
v -0.746619 0.977252 0.548914
v -0.666127 0.702294 0.352485
v -0.644838 0.672857 0.401964
v -0.749572 0.667157 0.383502
v -0.736545 0.741167 0.327066
v -0.761298 0.724755 0.351568
v -0.678575 0.648917 0.396349
v 0.482890 0.626800 0.479373
v 0.483958 0.712864 0.422985
v 0.525449 0.776950 0.541422
v 0.580749 0.759167 0.567559
v 0.729834 0.593583 0.581218
v 0.740674 0.679776 0.453185
v 0.711680 0.730647 0.530933
v 0.711772 0.534282 0.566856
v 0.632870 0.676670 0.392341
v 0.696490 0.763632 0.451354
v 0.613217 0.716776 0.505277
v 0.706245 0.631549 0.488078
v 0.793100 0.561125 0.512775
v 0.561356 0.696706 0.599375
v 0.501637 0.695076 0.571475
v 0.675588 0.516460 0.363490
v 0.607260 0.620553 0.464871
v 0.364033 0.532051 0.273176
v 0.555154 0.458393 0.180256
v 0.496944 0.590682 0.155612
v 0.602767 0.754387 0.475803
v 0.448858 0.507143 0.228147
v 0.375622 0.626166 0.220136
v 0.480882 0.420105 0.248488
v 0.787100 0.607161 0.532378
v 0.419554 0.507005 0.454750
v 0.350910 0.334142 0.355876
v 0.425671 0.466354 0.628712
v 0.499436 0.302413 0.660997
v 0.366845 0.479227 0.495542
v 0.474137 0.326497 0.477098
v 0.519914 0.470928 0.574800
v 0.578942 0.415305 0.711805
v 0.482436 0.473570 0.622276
v 0.497090 0.562080 0.637236
v 0.393726 0.564797 0.616939
v 0.457119 0.564925 0.673162
v 0.426983 0.593669 0.605562
v 0.503041 0.422004 0.732298
v 0.535984 0.295041 0.630086
v 0.319373 0.384312 0.335565
v 0.322292 0.448548 0.352536
v 0.409168 0.407027 0.288956
v 0.376385 0.315095 0.317940
v 0.410465 0.337322 0.308752
v 0.347556 0.451949 0.315177
v 0.531405 0.446858 0.719648
v 0.168163 1.210621 0.370357
v 0.007081 0.997832 0.278425
v 0.113349 0.897897 0.114606
v 0.137550 1.055400 0.398067
v 0.286377 1.136783 0.312014
v 0.061946 0.957109 0.309814
v 0.167801 1.056930 0.179508
v 0.089143 1.133379 0.331867
v 0.221971 1.220380 0.411045
v 0.118900 1.110189 0.382383
v 0.047971 1.130270 0.441856
v 0.050471 1.021123 0.452913
v 0.071559 1.101150 0.483530
v 0.013926 1.051230 0.451547
v 0.221281 1.163005 0.438947
v 0.270024 1.163934 0.272782
v 0.063438 0.860937 0.134562
v 0.016538 0.869638 0.184769
v 0.003991 0.936861 0.085971
v 0.104986 0.911775 0.065664
v 0.075296 0.943280 0.062093
v -0.010983 0.883728 0.149242
v 0.188286 1.187806 0.435464
v -0.310854 0.949554 0.472940
v -0.320584 0.803943 0.316453
v -0.295168 0.856718 0.628205
v -0.172627 0.717822 0.617394
v -0.353645 0.895176 0.497275
v -0.201399 0.793147 0.445194
v -0.204711 0.906422 0.589051
v -0.132565 0.827662 0.710496
v -0.242560 0.882135 0.631005
v -0.256718 0.962446 0.674433
v -0.356967 0.941237 0.643479
v -0.296831 0.941428 0.705062
v -0.333817 0.981179 0.645420
v -0.208297 0.804698 0.723214
v -0.134474 0.732039 0.589777
v -0.366548 0.847255 0.308678
v -0.384378 0.901253 0.345150
v -0.286263 0.909833 0.281608
v -0.289292 0.806543 0.277171
v -0.263282 0.839930 0.279262
v -0.360409 0.924130 0.313324
v -0.188572 0.839946 0.722111
v -0.266992 1.052962 0.509841
v -0.267680 0.966741 0.557847
v -0.230434 1.038634 0.666055
v -0.259054 1.128070 0.659218
v -0.430002 1.211373 0.632240
v -0.469931 1.071353 0.660887
v -0.397828 1.100059 0.712761
v -0.438984 1.224671 0.573358
v -0.411055 0.997991 0.588387
v -0.411016 1.017615 0.704568
v -0.334119 1.061937 0.648045
v -0.440963 1.113729 0.619475
v -0.520183 1.189560 0.613495
v -0.221847 1.096406 0.601969
v -0.503676 1.062049 0.471341
v -0.374928 1.075985 0.557554
v -0.289566 0.907791 0.312918
v -0.505935 0.920435 0.312487
v -0.430799 0.820271 0.380134
v -0.327783 1.017719 0.662372
v -0.384580 0.906070 0.317778
v -0.294891 0.822898 0.373113
v -0.424777 0.971528 0.273112
v -0.493442 1.180823 0.652795
v -0.059399 0.974690 0.645634
v 0.007164 0.879399 0.388921
v -0.178382 0.855684 0.275044
v -0.017903 1.026508 0.499670
v -0.187430 1.026765 0.585214
v -0.015223 0.948344 0.369405
v -0.179645 0.884567 0.452595
v -0.022619 0.924034 0.547004
v -0.075187 1.033541 0.675931
v -0.013552 0.986235 0.543749
v 0.078809 0.980651 0.563228
v 0.084109 1.025348 0.463350
v 0.087051 1.034604 0.550905
v 0.111387 0.992737 0.484057
v -0.056868 1.071964 0.628545
v -0.199706 0.979571 0.597752
v -0.127146 0.852207 0.234993
v -0.059173 0.857934 0.246268
v -0.112185 0.756630 0.282552
v -0.202946 0.810463 0.274226
v -0.182355 0.779905 0.297093
v -0.060459 0.810946 0.245127
v -0.033659 1.041645 0.644429
v 0.208585 0.755756 0.584379
v 0.023137 0.880829 0.413969
v -0.074183 0.725983 0.294371
v 0.056490 0.805262 0.579997
v 0.127476 0.629956 0.568475
v -0.025454 0.846013 0.459113
v 0.071842 0.691119 0.392768
v 0.143891 0.817866 0.509914
v 0.209214 0.722124 0.643366
v 0.113824 0.812307 0.564777
v 0.136661 0.899126 0.593833
v 0.027773 0.908698 0.592361
v 0.102097 0.896099 0.637576
v 0.061555 0.939414 0.580437
v 0.150463 0.737721 0.661940
v 0.159121 0.627485 0.529527
v -0.106837 0.781913 0.289016
v -0.097106 0.843938 0.317616
v -0.021650 0.811693 0.230472
v -0.055747 0.713296 0.248145
v -0.021153 0.736795 0.237024
v -0.077437 0.854009 0.276228
v 0.178788 0.764727 0.648852
v -0.168582 1.019016 0.485901
v -0.268651 1.021769 0.505590
v -0.214296 1.067400 0.631467
v -0.130060 1.110189 0.619131
v -0.069049 1.258106 0.508767
v -0.218082 1.270457 0.495005
v -0.190974 1.245757 0.582066
v -0.043952 1.237775 0.456123
v -0.263782 1.164884 0.460207
v -0.271378 1.231273 0.558965
v -0.203414 1.149301 0.560246
v -0.162857 1.235491 0.481499
v -0.099842 1.316980 0.439760
v -0.142004 1.041176 0.589204
v -0.188757 1.195706 0.317236
v -0.175213 1.138691 0.463364
v -0.290450 1.077475 0.168676
v -0.391957 1.025744 0.256796
v -0.248779 1.140374 0.571023
v -0.286992 0.976560 0.240283
v -0.269367 0.897043 0.289423
v -0.366736 0.909578 0.329032
v -0.219185 1.002781 0.187362
v -0.113271 1.313481 0.486662
v 0.111876 0.639723 0.537263
v 0.031988 0.533264 0.390111
v 0.108959 0.541352 0.673888
v 0.159969 0.380231 0.641659
v 0.058612 0.606661 0.563648
v 0.143449 0.469904 0.490749
v 0.198984 0.554658 0.627021
v 0.244937 0.451013 0.725192
v 0.162995 0.543852 0.669923
v 0.185624 0.613379 0.714581
v 0.089693 0.634046 0.699656
v 0.147615 0.607170 0.747548
v 0.124131 0.659540 0.699593
v 0.183657 0.465803 0.759493
v 0.194172 0.381090 0.611482
v 0.008252 0.587279 0.391052
v 0.017299 0.636360 0.428913
v 0.095834 0.614107 0.357150
v 0.054780 0.527741 0.349805
v 0.089235 0.546620 0.349238
v 0.042238 0.650046 0.397199
v 0.093632 0.803568 0.718342
v -0.043529 0.796372 0.471922
v -0.072914 0.586287 0.416555
v -0.054909 0.803685 0.657469
v 0.041466 0.664050 0.743213
v -0.098560 0.769901 0.515720
v 0.037240 0.634118 0.550754
v 0.047908 0.811498 0.610996
v 0.080078 0.797095 0.784791
v 0.002737 0.819736 0.654151
v 0.001800 0.913961 0.645090
v -0.101235 0.891871 0.614692
v -0.044355 0.918857 0.676450
v -0.070262 0.923611 0.598123
v 0.016646 0.801940 0.780415
v 0.084144 0.655375 0.717834
v -0.110110 0.624559 0.379106
v -0.119501 0.693126 0.377922
v -0.015669 0.651419 0.334320
v -0.038736 0.562123 0.386507
v -0.006188 0.588033 0.374093
v -0.089123 0.691268 0.342013
v 0.043432 0.828452 0.763281
v -0.091012 0.744650 0.745229
v -0.119774 0.823762 0.478680
v -0.208665 0.658893 0.368677
v -0.192771 0.818564 0.647864
v -0.199294 0.644587 0.719734
v -0.191875 0.821992 0.497194
v -0.145880 0.637839 0.534367
v -0.087430 0.782323 0.635709
v -0.128688 0.739209 0.800967
v -0.137173 0.806374 0.664780
v -0.096911 0.889881 0.679021
v -0.180627 0.920726 0.616986
v -0.144587 0.912535 0.696166
v -0.136185 0.935695 0.618083
v -0.177963 0.773002 0.780426
v -0.158168 0.619690 0.706203
v -0.210853 0.712800 0.333150
v -0.190740 0.777081 0.346057
v -0.105446 0.696883 0.324825
v -0.179154 0.624805 0.344731
v -0.137228 0.633584 0.348673
v -0.153343 0.764743 0.321067
v -0.138901 0.785383 0.778570
v 0.693132 -0.311123 0.412331
v 0.759227 -0.388930 0.524771
v 0.821476 -0.405974 0.517236
v 0.984940 -0.446078 0.363862
v 0.958844 -0.293333 0.393841
v 0.944581 -0.351408 0.473096
v 0.968239 -0.460581 0.302836
v 0.838066 -0.265829 0.369113
v 0.908248 -0.269912 0.472856
v 0.842171 -0.357804 0.452008
v 0.936713 -0.352378 0.363105
v 1.033892 -0.380824 0.304859
v 0.812268 -0.468690 0.460918
v 0.749047 -0.454058 0.460275
v 0.699071 -0.385864 0.355996
v 0.882089 -0.289736 0.203781
v 0.834144 -0.360010 0.345702
v 0.728929 -0.177832 0.080240
v 0.654346 -0.117556 0.197369
v 0.821991 -0.318917 0.475884
v 0.630299 -0.227980 0.148673
v 0.556595 -0.280284 0.190118
v 0.545770 -0.193075 0.259652
v 0.671901 -0.272117 0.076195
v 1.029040 -0.382202 0.356018
v 0.223622 0.042091 0.576647
v 0.296417 -0.023554 0.393649
v 0.303772 -0.055251 0.699674
v 0.480318 -0.074272 0.670127
v 0.227508 -0.028868 0.580362
v 0.400230 0.007343 0.525364
v 0.337068 0.045739 0.686930
v 0.447917 0.002101 0.789051
v 0.327070 -0.005874 0.715152
v 0.269518 0.029924 0.773815
v 0.206393 -0.038180 0.727316
v 0.255029 -0.017732 0.792049
v 0.198770 0.003495 0.741972
v 0.402841 -0.056438 0.802446
v 0.497803 -0.033400 0.652749
v 0.234858 -0.019374 0.391545
v 0.190509 -0.002380 0.436714
v 0.253430 0.081113 0.391984
v 0.315259 0.008121 0.361679
v 0.313851 0.046922 0.375189
v 0.191807 0.036978 0.415830
v 0.564501 0.053919 0.421091
v 0.355526 0.023658 0.403048
v 0.602414 0.041875 0.596481
v 0.518555 -0.099655 0.678370
v 0.533305 0.089946 0.475922
v 0.454504 -0.079456 0.502429
v 0.629515 -0.042864 0.532932
v 0.666017 -0.111433 0.673019
v 0.632414 -0.005080 0.580622
v 0.715919 0.025795 0.559464
v 0.661538 0.116558 0.552786
v 0.713322 0.065013 0.596709
v 0.695874 0.100361 0.527230
v 0.643591 -0.039887 0.699103
v 0.517865 -0.137668 0.647893
v 0.372918 0.074082 0.369476
v 0.432261 0.103732 0.360754
v 0.415271 0.002546 0.306454
v 0.337556 -0.010760 0.371850
v 0.367815 -0.030720 0.350701
v 0.432370 0.080362 0.321714
v 0.671915 -0.053810 0.674495
v 0.433486 -0.199360 0.615566
v 0.423980 -0.086111 0.635492
v 0.473839 -0.138316 0.782457
v 0.537392 -0.167460 0.786873
v 0.712980 -0.282985 0.660002
v 0.710397 -0.114029 0.639915
v 0.680347 -0.144965 0.737886
v 0.696289 -0.315184 0.600150
v 0.588428 -0.076015 0.592741
v 0.656127 -0.056762 0.708076
v 0.571701 -0.142969 0.707100
v 0.678308 -0.180763 0.624529
v 0.779942 -0.243342 0.584329
v 0.522546 -0.240382 0.757547
v 0.455362 -0.224078 0.735662
v 0.644266 -0.162546 0.438942
v 0.569059 -0.178795 0.597893
v 0.294778 -0.105987 0.385216
v 0.301121 0.008202 0.423916
v 0.504038 -0.063429 0.257988
v 0.429557 0.046072 0.349987
v 0.555708 -0.092604 0.717170
v 0.387443 -0.078464 0.332114
v 0.429846 -0.154533 0.274500
v 0.771528 -0.227270 0.636699
v -0.101538 -0.014719 0.702896
v -0.047073 0.067830 0.709021
v -0.083443 0.049515 0.843261
v -0.098186 -0.039854 0.862024
v 0.005143 -0.196444 0.841791
v 0.104954 -0.092906 0.817885
v 0.045563 -0.070800 0.884176
v -0.008420 -0.224885 0.790782
v 0.066219 -0.020147 0.735308
v 0.088906 -0.010506 0.848409
v -0.009879 -0.023243 0.820717
v 0.051704 -0.123494 0.797222
v 0.083798 -0.223212 0.804542
v -0.131824 -0.008618 0.804061
v -0.005127 -0.074519 0.736756
v -0.073278 0.052136 0.469125
v -0.013931 0.132118 0.496337
v 0.105606 -0.060898 0.444819
v 0.101596 0.071471 0.484159
v 0.006955 0.019661 0.820487
v 0.010051 0.008401 0.460458
v 0.005783 -0.077139 0.434607
v 0.077200 -0.196740 0.842605
v 0.095350 0.041644 0.707574
v 0.174975 0.091798 0.671594
v 0.201230 0.095553 0.811801
v 0.162786 0.021687 0.855603
v 0.175313 -0.168349 0.831735
v 0.285972 -0.120709 0.745273
v 0.277614 -0.071606 0.824146
v 0.129139 -0.189381 0.797897
v 0.244511 -0.039214 0.669609
v 0.319808 -0.037702 0.760124
v 0.221620 -0.004809 0.778429
v 0.220983 -0.124676 0.755505
v 0.212432 -0.232665 0.773141
v 0.120620 0.063836 0.809755
v 0.166264 -0.163542 0.600577
v 0.165827 -0.055873 0.712724
v 0.123330 -0.103865 0.401004
v 0.191529 0.020787 0.407248
v 0.252113 0.026427 0.761335
v 0.081216 0.004777 0.437947
v 0.035119 0.080498 0.468999
v 0.124701 0.131849 0.452692
v 0.032393 -0.069382 0.436702
v 0.234052 -0.201587 0.803134
v 0.223739 -1.080758 0.311049
v 0.284031 -1.125839 0.431323
v 0.254236 -1.167426 0.464005
v 0.062493 -1.249937 0.505097
v 0.125222 -1.298953 0.380973
v 0.186814 -1.280203 0.447752
v 0.012935 -1.217313 0.492548
v 0.148303 -1.207507 0.310031
v 0.213640 -1.284764 0.368952
v 0.200715 -1.190251 0.411779
v 0.095011 -1.249863 0.412161
v 0.008355 -1.304057 0.450437
v 0.197249 -1.121767 0.494727
v 0.219906 -1.076635 0.461172
v 0.160125 -1.042713 0.358064
v -0.011977 -1.197677 0.293760
v 0.111885 -1.160056 0.378270
v -0.047200 -1.094069 0.112784
v 0.088513 -1.084030 0.074280
v 0.234974 -1.195270 0.380566
v 0.033921 -1.008121 0.141182
v 0.084198 -0.935017 0.171645
v 0.162840 -0.978148 0.118096
v -0.049866 -1.007806 0.169037
v 0.053467 -1.310527 0.465596
v -0.181261 -0.966863 0.490875
v -0.095225 -0.928060 0.478850
v -0.058994 -1.001666 0.580074
v -0.111296 -1.075475 0.587584
v -0.155343 -1.213730 0.472537
v -0.047780 -1.151372 0.401755
v -0.034789 -1.153396 0.490787
v -0.206621 -1.203420 0.445589
v -0.069505 -1.039513 0.390537
v 0.007955 -1.100775 0.446673
v -0.071404 -1.066228 0.499596
v -0.107713 -1.147627 0.422663
v -0.144901 -1.236811 0.386848
v -0.142155 -1.010127 0.581088
v -0.142738 -1.060612 0.434615
v -0.245393 -0.798672 0.336911
v -0.221250 -0.923042 0.171985
v -0.124076 -0.842861 0.222066
v -0.036083 -1.038470 0.494351
v -0.227263 -0.850858 0.263673
v -0.150156 -0.768301 0.326856
v -0.294266 -0.900420 0.236074
v -0.113216 -1.235601 0.420114
v 0.007280 -0.399990 0.790159
v -0.171538 -0.367788 0.575932
v -0.064480 -0.412576 0.391049
v -0.101619 -0.480491 0.705255
v 0.087349 -0.490186 0.700367
v -0.164169 -0.442182 0.572739
v 0.021663 -0.391417 0.546886
v -0.070633 -0.372262 0.708184
v 0.033466 -0.450019 0.827740
v -0.082477 -0.429793 0.730239
v -0.153158 -0.401342 0.785725
v -0.207936 -0.469572 0.720390
v -0.168368 -0.453766 0.797171
v -0.220373 -0.428014 0.738839
v -0.006931 -0.495495 0.809528
v 0.105914 -0.444829 0.689547
v -0.128351 -0.410334 0.379658
v -0.182227 -0.399466 0.421236
v -0.114636 -0.304709 0.393854
v -0.041781 -0.375101 0.364358
v -0.047430 -0.336176 0.382289
v -0.179868 -0.355913 0.404084
v -0.018255 -0.458196 0.822934
v 0.277940 -0.174873 0.762008
v 0.224947 -0.303087 0.495529
v 0.258056 -0.142022 0.329804
v 0.347793 -0.244174 0.633694
v 0.367158 -0.066536 0.683496
v 0.304054 -0.293462 0.488176
v 0.248820 -0.094925 0.515478
v 0.241182 -0.233994 0.658744
v 0.334531 -0.157068 0.803758
v 0.304281 -0.251284 0.673656
v 0.364628 -0.312178 0.661153
v 0.278124 -0.339762 0.714266
v 0.345188 -0.377920 0.626596
v 0.334883 -0.357773 0.717742
v 0.302327 -0.396376 0.645673
v 0.381295 -0.193311 0.770430
v 0.318005 -0.045111 0.680992
v 0.254372 -0.205126 0.301090
v 0.245911 -0.272212 0.330427
v 0.142989 -0.196353 0.327998
v 0.216022 -0.111944 0.311391
v 0.175962 -0.123194 0.331542
v 0.198071 -0.265841 0.316894
v 0.342566 -0.209200 0.784256
v 0.734247 -0.789251 0.223826
v 0.483751 -0.667795 0.253992
v 0.392228 -0.652057 0.057202
v 0.581663 -0.824356 0.253382
v 0.682644 -0.847373 0.095664
v 0.460388 -0.736204 0.235599
v 0.564461 -0.695426 0.077336
v 0.638193 -0.727706 0.245280
v 0.760196 -0.851247 0.216414
v 0.628342 -0.787922 0.259027
v 0.638883 -0.775515 0.351565
v 0.535909 -0.810775 0.349820
v 0.620951 -0.826917 0.362845
v 0.556603 -0.777832 0.376177
v 0.708186 -0.883492 0.232576
v 0.700561 -0.803021 0.080997
v 0.348047 -0.640568 0.103069
v 0.351884 -0.640881 0.171661
v 0.402212 -0.548921 0.114935
v 0.398036 -0.609674 0.029176
v 0.421329 -0.579552 0.049349
v 0.355230 -0.594581 0.166367
v 0.724323 -0.852784 0.254601
v 0.257572 0.768323 0.382544
v 0.144665 0.668292 0.269270
v 0.248927 0.699590 0.526864
v 0.257373 0.536364 0.520387
v 0.204429 0.754475 0.416685
v 0.244675 0.599589 0.365652
v 0.329293 0.683913 0.474263
v 0.360114 0.593376 0.580013
v 0.298686 0.688744 0.518757
v 0.339508 0.753352 0.546938
v 0.254141 0.792219 0.536585
v 0.306927 0.761373 0.581536
v 0.291294 0.807424 0.529662
v 0.310833 0.626104 0.614008
v 0.285615 0.524767 0.489578
v 0.134632 0.723099 0.262731
v 0.157795 0.771247 0.289042
v 0.217126 0.722205 0.220107
v 0.159906 0.652041 0.230939
v 0.195589 0.661149 0.224667
v 0.180121 0.773249 0.255308
v 0.201949 0.980510 0.555206
v 0.286599 0.812074 0.345637
v 0.122630 0.795493 0.201339
v 0.278551 0.984608 0.414346
v 0.101864 1.038626 0.458397
v 0.284711 0.876717 0.307479
v 0.098222 0.868426 0.364009
v 0.241891 0.900362 0.480141
v 0.195583 1.047043 0.568083
v 0.265777 0.956829 0.465831
v 0.349588 0.939093 0.505921
v 0.382073 0.955016 0.402484
v 0.372274 0.985579 0.484548
v 0.397003 0.924222 0.435139
v 0.230180 1.067951 0.518836
v 0.076873 0.999366 0.477651
v 0.177629 0.772319 0.175228
v 0.242144 0.767821 0.199727
v 0.161391 0.690966 0.244108
v 0.088598 0.757015 0.204749
v 0.097244 0.729980 0.237551
v 0.230033 0.723197 0.208334
v 0.242572 1.038869 0.545514
v -0.729899 0.199556 0.855488
v -0.743857 0.382756 0.605055
v -0.934213 0.314825 0.473107
v -0.803113 0.335172 0.790711
v -0.892218 0.170879 0.833728
v -0.811193 0.410794 0.644115
v -0.867006 0.204286 0.623364
v -0.718089 0.271843 0.749594
v -0.762232 0.193503 0.922893
v -0.748377 0.308665 0.799989
v -0.765339 0.392030 0.828022
v -0.661349 0.360358 0.824807
v -0.730766 0.453270 0.791215
v -0.691861 0.399133 0.861807
v -0.679968 0.444309 0.783733
v -0.792399 0.256892 0.923782
v -0.868771 0.132038 0.801768
v -0.910052 0.378443 0.450273
v -0.853168 0.423017 0.474451
v -0.819852 0.313643 0.408058
v -0.928208 0.277090 0.431178
v -0.882958 0.262659 0.425803
v -0.821471 0.421303 0.433184
v -0.748518 0.249310 0.914061
v -0.794708 0.387093 0.428718
v -0.637552 -0.238133 0.782686
v -0.502937 -0.130437 0.539306
v -0.663154 -0.105237 0.373736
v -0.606832 -0.104376 0.699412
v -0.773652 -0.178208 0.724601
v -0.545538 -0.066104 0.558246
v -0.699344 -0.201538 0.533929
v -0.569986 -0.206037 0.684247
v -0.677294 -0.214158 0.837759
v -0.581383 -0.152538 0.722272
v -0.552855 -0.073550 0.740844
v -0.490503 -0.154012 0.764157
v -0.486033 -0.050312 0.712490
v -0.498664 -0.101169 0.789605
v -0.450930 -0.085542 0.718122
v -0.665246 -0.148443 0.828755
v -0.771798 -0.226495 0.702134
v -0.605380 -0.072223 0.355758
v -0.541365 -0.063387 0.390086
v -0.565211 -0.177966 0.340877
v -0.672273 -0.145119 0.337771
v -0.644811 -0.181321 0.344249
v -0.526714 -0.100418 0.360242
v -0.634269 -0.179309 0.830589
v 0.380980 -1.111642 0.312937
v 0.219773 -0.883054 0.309756
v 0.099640 -0.887776 0.128648
v 0.239711 -1.058423 0.363401
v 0.281088 -1.174635 0.220878
v 0.166294 -0.933766 0.320761
v 0.236989 -0.999279 0.152904
v 0.327782 -1.008626 0.315024
v 0.375953 -1.177203 0.328407
v 0.297178 -1.049046 0.351539
v 0.333526 -1.015067 0.431128
v 0.228200 -0.995401 0.449716
v 0.298957 -1.045171 0.462492
v 0.266366 -0.970037 0.459899
v 0.320741 -1.173803 0.359034
v 0.311887 -1.151366 0.189128
v 0.076651 -0.842975 0.169190
v 0.096126 -0.823693 0.232110
v 0.165286 -0.789933 0.141248
v 0.115849 -0.864504 0.086152
v 0.153642 -0.844621 0.091575
v 0.117205 -0.788950 0.209156
v 0.352955 -1.149446 0.366389
v 0.317704 -0.936023 0.521340
v 0.124892 -0.755639 0.425148
v 0.061505 -0.823300 0.227431
v 0.160203 -0.908531 0.523733
v 0.259374 -1.037556 0.426919
v 0.080080 -0.814638 0.435858
v 0.205066 -0.893119 0.309255
v 0.248315 -0.849483 0.485764
v 0.320315 -0.996997 0.551008
v 0.216378 -0.888336 0.523314
v 0.222949 -0.831918 0.598580
v 0.114317 -0.834251 0.587278
v 0.186833 -0.862818 0.627802
v 0.143253 -0.799035 0.599377
v 0.258848 -1.000811 0.566557
v 0.293229 -1.014161 0.398155
v 0.020556 -0.777989 0.249514
v 0.018304 -0.742820 0.308772
v 0.103001 -0.711763 0.230218
v 0.084464 -0.805401 0.185163
v 0.115331 -0.776438 0.194021
v 0.038472 -0.709026 0.283285
v 0.283089 -0.968502 0.574868
v -0.384412 -0.764846 0.584319
v -0.328148 -0.838816 0.572163
v -0.327679 -0.827848 0.704460
v -0.401779 -0.791373 0.733458
v -0.574922 -0.829882 0.712853
v -0.515591 -0.944011 0.662974
v -0.474401 -0.911900 0.732283
v -0.597855 -0.799314 0.670913
v -0.441632 -0.916130 0.585879
v -0.435964 -0.961145 0.685583
v -0.416797 -0.865488 0.678319
v -0.526590 -0.884074 0.656168
v -0.625305 -0.883117 0.667552
v -0.365455 -0.760112 0.682474
v -0.467166 -0.837470 0.605070
v -0.501620 -0.880967 0.314570
v -0.381032 -0.925612 0.338168
v -0.384005 -0.893251 0.670833
v -0.408818 -0.821699 0.338471
v -0.345089 -0.764512 0.355929
v -0.287474 -0.842456 0.363878
v -0.484568 -0.786771 0.324009
v -0.598180 -0.892920 0.701198
v -0.158123 -0.807061 0.463861
v -0.220876 -0.740166 0.458679
v -0.238296 -0.782945 0.579985
v -0.166177 -0.816439 0.611645
v -0.003231 -0.756672 0.630668
v -0.069568 -0.643449 0.599416
v -0.114037 -0.695031 0.650035
v 0.029034 -0.772697 0.588479
v -0.125459 -0.658685 0.508314
v -0.151409 -0.641380 0.610782
v -0.154836 -0.731618 0.579233
v -0.049385 -0.696980 0.581482
v 0.043597 -0.690121 0.608840
v -0.189233 -0.837231 0.550679
v -0.092298 -0.734642 0.513006
v -0.164301 -0.755560 0.242465
v -0.024891 -0.618875 0.256723
v -0.150054 -0.595551 0.268166
v -0.189188 -0.707174 0.572833
v -0.108420 -0.690391 0.249894
v -0.231090 -0.690057 0.257542
v -0.028847 -0.711605 0.241500
v 0.011501 -0.692042 0.637889
v -0.081575 -0.869097 0.472331
v -0.022638 -0.793576 0.464580
v 0.010029 -0.838031 0.589316
v -0.004476 -0.926441 0.597164
v 0.051790 -1.073338 0.502745
v 0.136403 -0.972403 0.450356
v 0.122009 -0.963807 0.537931
v 0.012087 -1.089415 0.463204
v 0.073259 -0.885235 0.414526
v 0.148357 -0.900137 0.497021
v 0.051053 -0.904151 0.521895
v 0.078146 -0.995898 0.455140
v 0.096624 -1.091935 0.429109
v -0.056686 -0.883937 0.571951
v 0.007671 -0.935487 0.442481
v -0.163193 -0.758119 0.279360
v -0.090287 -0.689080 0.285108
v -0.040371 -0.864436 0.150971
v -0.007758 -0.746844 0.207093
v 0.070407 -0.863764 0.520390
v -0.103494 -0.799648 0.223221
v -0.130473 -0.874572 0.190604
v 0.112124 -1.075482 0.467187
v -0.004628 0.499874 0.910336
v -0.044151 0.633058 0.609486
v -0.129849 0.448882 0.451226
v -0.123919 0.570040 0.797828
v -0.121247 0.375540 0.861299
v -0.129279 0.620279 0.629027
v -0.055339 0.403753 0.643988
v -0.003253 0.562278 0.787967
v -0.049147 0.480358 0.973897
v -0.064925 0.580337 0.824692
v -0.134524 0.645553 0.830591
v -0.026663 0.679922 0.856033
v -0.128135 0.717265 0.786003
v -0.085608 0.698527 0.878583
v -0.077320 0.739315 0.790893
v -0.110760 0.518000 0.953968
v -0.069833 0.353025 0.842455
v -0.137901 0.517510 0.418211
v -0.121313 0.592693 0.444333
v -0.011647 0.511479 0.408633
v -0.091023 0.416095 0.418355
v -0.042536 0.430172 0.425516
v -0.080817 0.607027 0.409119
v -0.065980 0.536935 0.954829
v -0.037384 0.592698 0.417963
v -0.015917 0.418767 0.695291
v 0.065328 0.453676 0.655948
v 0.095878 0.463402 0.789502
v 0.051280 0.401195 0.837912
v 0.037848 0.217172 0.828500
v 0.146365 0.242033 0.739165
v 0.147568 0.295234 0.811488
v -0.010095 0.200915 0.798779
v 0.114638 0.319806 0.661737
v 0.189858 0.317556 0.746485
v 0.101168 0.362985 0.764244
v 0.084274 0.247494 0.750982
v 0.061900 0.150054 0.774978
v 0.014876 0.443678 0.791969
v 0.039036 0.317244 0.706387
v -0.076739 0.449649 0.466480
v 0.016906 0.480283 0.443052
v -0.017974 0.257208 0.411804
v 0.062445 0.365864 0.407048
v 0.133648 0.387521 0.744770
v -0.043667 0.367222 0.440573
v -0.100642 0.300906 0.445886
v 0.088522 0.175890 0.801927
v -0.510535 -0.332295 0.463944
v -0.389107 -0.213397 0.354698
v -0.430689 -0.358492 0.613377
v -0.361475 -0.212198 0.680420
v -0.445913 -0.355043 0.474077
v -0.421873 -0.181339 0.514197
v -0.511016 -0.292085 0.612613
v -0.467240 -0.266253 0.756606
v -0.473304 -0.330430 0.634508
v -0.534353 -0.390514 0.651014
v -0.477528 -0.442147 0.585292
v -0.499025 -0.426485 0.662086
v -0.520817 -0.440708 0.590519
v -0.428660 -0.327827 0.748858
v -0.390077 -0.176563 0.672069
v -0.408083 -0.259560 0.321253
v -0.445489 -0.309444 0.334701
v -0.494812 -0.210968 0.323898
v -0.405556 -0.173134 0.335649
v -0.444380 -0.167247 0.343307
v -0.476008 -0.285485 0.315303
v -0.544815 -0.196948 0.623597
v -0.492808 -0.275177 0.598157
v -0.457127 -0.261576 0.730542
v -0.523181 -0.221603 0.778428
v -0.703032 -0.258074 0.804371
v -0.658655 -0.378640 0.741140
v -0.598424 -0.345066 0.799094
v -0.736624 -0.226558 0.767678
v -0.604373 -0.352650 0.643617
v -0.573061 -0.397799 0.743154
v -0.554114 -0.299097 0.728698
v -0.670468 -0.316325 0.735903
v -0.765400 -0.313854 0.773770
v -0.499694 -0.190833 0.716981
v -0.623569 -0.270149 0.667897
v -0.563485 -0.200801 0.383934
v -0.509646 -0.286560 0.378449
v -0.735790 -0.319417 0.386461
v -0.609307 -0.368009 0.379241
v -0.523667 -0.328755 0.713125
v -0.635328 -0.259574 0.384609
v -0.713577 -0.221995 0.389358
v -0.730534 -0.323159 0.800208
v 0.305291 0.955803 0.311583
v 0.376195 1.071040 0.343335
v 0.390793 1.025746 0.408746
v 0.495902 0.893984 0.418013
v 0.527697 0.944071 0.301870
v 0.511413 1.001485 0.358166
v 0.469490 0.847687 0.412033
v 0.441507 0.954603 0.243948
v 0.509025 1.020316 0.286920
v 0.429210 1.006259 0.331471
v 0.488232 0.916657 0.334286
v 0.540938 0.847062 0.368974
v 0.330993 1.019794 0.381111
v 0.406099 0.924191 0.309236
v 0.196996 0.874704 0.143305
v 0.341516 0.764754 0.088838
v 0.322313 0.879808 0.048001
v 0.429633 1.034707 0.301632
v 0.262897 0.831679 0.115031
v 0.228023 0.941244 0.088559
v 0.270244 0.757785 0.144877
v 0.547412 0.886988 0.379885
v -0.030266 1.135010 0.316341
v 0.055971 1.093412 0.293490
v 0.110459 1.186645 0.374181
v 0.049127 1.215625 0.439127
v -0.055218 1.126004 0.572482
v 0.037109 1.018226 0.530430
v 0.077989 1.101806 0.534026
v -0.111633 1.114932 0.552472
v 0.032476 1.006253 0.412669
v 0.114504 1.041324 0.489180
v 0.061001 1.115925 0.438301
v -0.013428 1.057383 0.514928
v -0.077282 1.039091 0.602042
v 0.028876 1.214405 0.366852
v -0.116526 0.948138 0.438523
v -0.027894 1.074103 0.419630
v -0.111817 0.992134 0.134714
v -0.165281 0.830875 0.268412
v -0.039424 0.844122 0.204090
v 0.098418 1.097722 0.416898
v -0.127207 0.918059 0.192023
v -0.017558 0.950163 0.122176
v -0.207923 0.916250 0.228588
v -0.035286 1.062730 0.603342
v -0.606042 0.366581 0.522571
v -0.514915 0.221631 0.399073
v -0.686938 0.276582 0.654665
v -0.582644 0.143394 0.724604
v -0.652929 0.311783 0.516613
v -0.501161 0.215601 0.571830
v -0.594001 0.328168 0.678388
v -0.610807 0.253592 0.818446
v -0.648452 0.303315 0.688347
v -0.687606 0.382359 0.711331
v -0.745837 0.358088 0.626639
v -0.736951 0.360581 0.711057
v -0.729922 0.398214 0.641298
v -0.676731 0.228658 0.782589
v -0.536519 0.158424 0.726182
v -0.546622 0.262847 0.363898
v -0.583824 0.315779 0.379904
v -0.469207 0.326887 0.390442
v -0.466729 0.224912 0.387714
v -0.448557 0.258663 0.404397
v -0.546283 0.338876 0.369341
v -0.661509 0.264026 0.792915
v -0.333226 0.411033 0.724286
v -0.267368 0.480253 0.827307
v -0.290426 0.412408 0.866721
v -0.219978 0.257676 0.851866
v -0.131924 0.332494 0.788353
v -0.163449 0.369522 0.855544
v -0.247639 0.226851 0.816862
v -0.181262 0.389663 0.714643
v -0.130723 0.411818 0.803613
v -0.224138 0.409440 0.806741
v -0.185785 0.309427 0.789386
v -0.163861 0.219374 0.805885
v -0.332252 0.435872 0.820115
v -0.246752 0.351220 0.743225
v -0.365967 0.431657 0.509441
v -0.228412 0.305858 0.464832
v -0.210345 0.429009 0.475707
v -0.206157 0.445075 0.794728
v -0.300653 0.381841 0.489423
v -0.303861 0.500145 0.504382
v -0.318444 0.303988 0.483900
v -0.157815 0.248098 0.834787
v -0.535364 0.396253 0.486522
v -0.644184 0.464977 0.351495
v -0.551488 0.493384 0.610478
v -0.705333 0.534550 0.638768
v -0.528262 0.459792 0.487657
v -0.693953 0.451447 0.495787
v -0.596266 0.408294 0.614465
v -0.651407 0.461993 0.732599
v -0.572511 0.452691 0.632890
v -0.511016 0.412867 0.666362
v -0.463967 0.464807 0.604742
v -0.487121 0.453156 0.675162
v -0.458476 0.426717 0.616644
v -0.602103 0.507767 0.727462
v -0.730582 0.500692 0.631301
v -0.594063 0.452830 0.331054
v -0.545315 0.431549 0.356339
v -0.622426 0.366138 0.341629
v -0.673890 0.439510 0.331720
v -0.673559 0.404825 0.344429
v -0.557957 0.396827 0.340888
v -0.002123 0.180137 0.718561
v 0.011551 0.276482 0.684962
v 0.027307 0.293102 0.828607
v 0.059351 0.212498 0.869537
v 0.214516 0.097322 0.838851
v 0.250300 0.218281 0.755546
v 0.207455 0.240881 0.837375
v 0.199856 0.049164 0.802369
v 0.159055 0.243543 0.680227
v 0.208644 0.298797 0.774542
v 0.118207 0.243843 0.791632
v 0.210344 0.164938 0.764027
v 0.288396 0.085996 0.777931
v -0.001648 0.209830 0.823170
v 0.202742 0.103687 0.603358
v 0.120125 0.169750 0.721368
v -0.074999 0.170293 0.474589
v 0.126305 0.118809 0.401038
v 0.075144 0.253872 0.413694
v 0.114112 0.288877 0.776173
v 0.014616 0.156594 0.441342
v -0.054739 0.273773 0.462057
v 0.039603 0.069750 0.436098
v 0.278956 0.121989 0.810172
v 0.389983 -0.419774 0.526117
v 0.514775 -0.365843 0.578969
v 0.524727 -0.448387 0.596541
v 0.561643 -0.579808 0.483058
v 0.584387 -0.469440 0.404880
v 0.610408 -0.458906 0.486459
v 0.514660 -0.606395 0.466712
v 0.496217 -0.404119 0.407587
v 0.598940 -0.395871 0.442790
v 0.531098 -0.419881 0.508207
v 0.543990 -0.504277 0.434378
v 0.570531 -0.594992 0.397362
v 0.460586 -0.421851 0.601052
v 0.466437 -0.464215 0.458819
v 0.211126 -0.346689 0.406860
v 0.275029 -0.427205 0.241886
v 0.303591 -0.305884 0.274906
v 0.537113 -0.377712 0.500118
v 0.244207 -0.375920 0.329705
v 0.256543 -0.265148 0.384235
v 0.224313 -0.453401 0.311123
v 0.595611 -0.570579 0.425119
v 0.478120 -0.235686 0.709004
v 0.320012 -0.243038 0.474387
v 0.454531 -0.228687 0.300992
v 0.412488 -0.339403 0.604752
v 0.593850 -0.283620 0.623805
v 0.353370 -0.310255 0.467125
v 0.512626 -0.196314 0.468963
v 0.403299 -0.227221 0.619037
v 0.516570 -0.277966 0.746479
v 0.410199 -0.287840 0.635581
v 0.328351 -0.291144 0.683624
v 0.307307 -0.366986 0.606750
v 0.331343 -0.346948 0.689500
v 0.279215 -0.334080 0.626337
v 0.496395 -0.332587 0.719990
v 0.596428 -0.233397 0.618506
v 0.394883 -0.247101 0.281481
v 0.336363 -0.259734 0.316654
v 0.369276 -0.144479 0.304574
v 0.465327 -0.182758 0.279879
v 0.444585 -0.149964 0.299656
v 0.324981 -0.216043 0.302816
v 0.471340 -0.302769 0.734408
v -0.554307 0.370387 0.639622
v -0.582168 0.471564 0.725206
v -0.568774 0.411189 0.776406
v -0.419151 0.345006 0.818395
v -0.382570 0.452959 0.754849
v -0.449253 0.464180 0.801395
v -0.408405 0.301300 0.789158
v -0.428732 0.455341 0.661194
v -0.435428 0.512486 0.747371
v -0.500849 0.448501 0.733617
v -0.406702 0.400284 0.752198
v -0.340835 0.349786 0.796328
v -0.597658 0.396392 0.718723
v -0.460498 0.385994 0.686312
v -0.518266 0.345373 0.424067
v -0.329835 0.342660 0.442770
v -0.396338 0.444871 0.422217
v -0.506206 0.485374 0.715905
v -0.435439 0.351376 0.431288
v -0.516458 0.436211 0.411884
v -0.397646 0.282014 0.444464
v -0.363913 0.378273 0.816656
v -0.719413 0.186455 0.693892
v -0.672611 0.118669 0.731019
v -0.713008 0.164253 0.771717
v -0.863336 0.151704 0.803260
v -0.840354 0.044953 0.755791
v -0.784812 0.070243 0.799215
v -0.890166 0.178821 0.772557
v -0.798179 0.056438 0.671116
v -0.771264 0.021546 0.754758
v -0.729426 0.087530 0.741230
v -0.844952 0.097155 0.748422
v -0.921201 0.109708 0.783858
v -0.805637 0.127493 0.687375
v -0.765478 0.164347 0.445645
v -0.916668 0.082315 0.462020
v -0.816843 0.030465 0.453205
v -0.828633 0.122547 0.452619
v -0.725241 0.091064 0.443220
v -0.889719 0.160840 0.457878
v -0.891903 0.100267 0.804744
v 0.530023 -0.622396 0.383907
v 0.556972 -0.528693 0.396644
v 0.641315 -0.594329 0.485414
v 0.657989 -0.680127 0.457973
v 0.724053 -0.754992 0.300003
v 0.753026 -0.615049 0.279425
v 0.765806 -0.641680 0.365314
v 0.679836 -0.772637 0.264512
v 0.656641 -0.553259 0.295051
v 0.756816 -0.561985 0.350109
v 0.677259 -0.613537 0.388781
v 0.708624 -0.661098 0.284505
v 0.748490 -0.731246 0.214439
v 0.588885 -0.656312 0.462457
v 0.607736 -0.621189 0.161000
v 0.621384 -0.633185 0.311275
v 0.357612 -0.496087 0.267465
v 0.460280 -0.498062 0.083681
v 0.472031 -0.398721 0.179439
v 0.681951 -0.569778 0.400888
v 0.406155 -0.489469 0.189326
v 0.401771 -0.408375 0.292818
v 0.393893 -0.554851 0.134104
v 0.768245 -0.720589 0.255763
v -0.201687 -0.101851 0.651603
v -0.338598 -0.018534 0.514704
v -0.265966 -0.066678 0.814777
v -0.445580 -0.097447 0.828784
v -0.221622 -0.037796 0.678437
v -0.391401 -0.112613 0.650123
v -0.276347 -0.168277 0.777434
v -0.362436 -0.187756 0.910065
v -0.271469 -0.123918 0.818410
v -0.191698 -0.153578 0.850667
v -0.162050 -0.058639 0.815656
v -0.184467 -0.109033 0.880056
v -0.140500 -0.098720 0.814687
v -0.340954 -0.112384 0.919636
v -0.457052 -0.136824 0.802965
v -0.280108 -0.002461 0.498901
v -0.221236 -0.015428 0.527088
v -0.272963 -0.102185 0.471161
v -0.357760 -0.046163 0.478323
v -0.343100 -0.085245 0.478448
v -0.218805 -0.047408 0.495160
v -0.321953 -0.147168 0.915981
v -0.667138 -0.063952 0.629957
v -0.701738 -0.001927 0.693806
v -0.665227 -0.066602 0.715706
v -0.504688 -0.086786 0.734575
v -0.512776 0.038302 0.723284
v -0.572387 0.007090 0.765000
v -0.483365 -0.107574 0.692239
v -0.563778 0.061046 0.639457
v -0.580639 0.072120 0.737331
v -0.636547 0.017229 0.707568
v -0.517575 -0.011804 0.698886
v -0.438288 -0.047241 0.721962
v -0.567477 -0.015999 0.632470
v -0.630288 0.033010 0.382955
v -0.457601 0.086717 0.408483
v -0.552939 0.155905 0.427135
v -0.556825 0.062886 0.396135
v -0.659477 0.112561 0.408162
v -0.499645 0.014072 0.382509
v -0.465865 -0.040408 0.749143
v -0.574563 0.287797 0.585419
v -0.416758 0.183959 0.489723
v -0.607361 0.199836 0.738654
v -0.454263 0.153794 0.828970
v -0.587857 0.216956 0.594033
v -0.411024 0.222580 0.659236
v -0.553348 0.294564 0.745311
v -0.538451 0.253091 0.899184
v -0.588933 0.248703 0.763621
v -0.663447 0.301069 0.771757
v -0.697556 0.233608 0.697544
v -0.695567 0.258152 0.779091
v -0.704396 0.278557 0.702429
v -0.581533 0.191691 0.873371
v -0.421665 0.189688 0.824534
v -0.462919 0.195596 0.448496
v -0.522411 0.225355 0.455211
v -0.428744 0.293771 0.456221
v -0.375849 0.208172 0.474988
v -0.377672 0.249281 0.483068
v -0.500636 0.261227 0.437706
v -0.586385 0.231349 0.875065
v -0.675744 -0.039745 0.632216
v -0.718707 -0.070572 0.749962
v -0.745810 -0.115112 0.732591
v -0.938388 -0.119172 0.664887
v -0.839229 -0.196411 0.618038
v -0.833014 -0.181397 0.700839
v -0.954290 -0.082674 0.626698
v -0.758359 -0.134186 0.584682
v -0.771251 -0.204663 0.663488
v -0.778744 -0.112471 0.685671
v -0.863496 -0.142060 0.621422
v -0.956417 -0.164339 0.594488
v -0.810441 -0.037876 0.740582
v -0.764381 -0.005080 0.696321
v -0.808550 -0.073519 0.609467
v -0.737432 -0.024074 0.337677
v -0.626860 -0.055486 0.389544
v -0.680293 0.033451 0.402700
v -0.646148 0.091294 0.453971
v -0.575432 0.028511 0.465283
v -0.750514 0.056079 0.370945
v -0.937795 -0.176749 0.632011
v -0.496187 -0.457682 0.505346
v -0.606725 -0.419223 0.376188
v -0.547046 -0.388331 0.625684
v -0.696536 -0.402301 0.642994
v -0.512211 -0.417351 0.386651
v -0.653315 -0.459145 0.505550
v -0.554565 -0.460880 0.641014
v -0.630973 -0.457495 0.729459
v -0.439765 -0.403016 0.630624
v -0.477968 -0.436638 0.691848
v -0.601819 -0.401634 0.731456
v -0.707688 -0.439161 0.631904
v -0.557866 -0.412578 0.360205
v -0.556015 -0.498334 0.362147
v -0.623824 -0.449022 0.353879
v -0.613245 -0.480461 0.363420
v -0.509011 -0.451398 0.368384
v -0.274792 -0.519031 0.433069
v -0.387814 -0.507105 0.284319
v -0.369188 -0.536544 0.559632
v -0.488637 -0.643692 0.535168
v -0.324437 -0.482270 0.450445
v -0.408046 -0.614368 0.392626
v -0.322115 -0.614649 0.527848
v -0.401056 -0.680722 0.624917
v -0.347097 -0.582574 0.563090
v -0.281070 -0.571071 0.608274
v -0.297215 -0.482711 0.581790
v -0.302221 -0.536743 0.634001
v -0.262525 -0.502934 0.586459
v -0.412532 -0.618472 0.648956
v -0.473679 -0.676388 0.511507
v -0.349615 -0.466651 0.282429
v -0.305895 -0.451820 0.319328
v -0.292443 -0.536124 0.262526
v -0.381970 -0.533546 0.249644
v -0.352989 -0.556286 0.253800
v -0.283086 -0.471997 0.293096
v -0.253250 -0.551041 0.723754
v -0.316785 -0.554205 0.414040
v -0.103697 -0.541423 0.292389
v -0.261607 -0.650140 0.585661
v -0.098652 -0.607547 0.684380
v -0.280903 -0.630183 0.419854
v -0.114440 -0.507353 0.491034
v -0.291991 -0.539258 0.599098
v -0.230546 -0.599433 0.778269
v -0.293402 -0.607197 0.618324
v -0.329834 -0.688331 0.598225
v -0.398453 -0.608749 0.633064
v -0.389313 -0.692654 0.543709
v -0.399240 -0.671173 0.639673
v -0.425851 -0.655180 0.552418
v -0.241442 -0.659802 0.741602
v -0.092498 -0.551514 0.680669
v -0.157433 -0.560278 0.246608
v -0.233146 -0.572861 0.257862
v -0.191184 -0.445019 0.260912
v -0.082431 -0.490368 0.275784
v -0.111462 -0.453222 0.287814
v -0.253924 -0.533081 0.229671
v -0.272719 -0.625844 0.746224
v -0.256351 -0.492769 0.248234
v 0.024996 -0.667680 0.628753
v -0.016201 -0.618983 0.701978
v 0.055981 -0.651815 0.707264
v 0.199755 -0.580992 0.664612
v 0.119912 -0.480889 0.659784
v 0.103937 -0.530997 0.720866
v 0.214407 -0.595407 0.616089
v 0.039865 -0.504084 0.600026
v 0.052170 -0.485173 0.699235
v 0.029132 -0.566894 0.690730
v 0.136183 -0.530639 0.637348
v 0.226681 -0.515221 0.627815
v 0.077685 -0.572922 0.593048
v -0.080269 -0.611281 0.381559
v 0.034183 -0.469684 0.342243
v -0.073433 -0.457453 0.397132
v -0.034640 -0.544492 0.367131
v -0.138582 -0.553081 0.417736
v 0.033977 -0.558355 0.331323
v 0.209163 -0.518357 0.664930
v 0.291605 -0.641243 0.526975
v 0.264688 -0.704920 0.648032
v 0.341889 -0.682673 0.659380
v 0.397650 -0.526207 0.692268
v 0.268574 -0.511280 0.707484
v 0.296178 -0.583397 0.735937
v 0.414400 -0.501722 0.647383
v 0.219252 -0.546383 0.622060
v 0.223999 -0.576434 0.721380
v 0.277164 -0.621968 0.660503
v 0.313016 -0.521022 0.671278
v 0.368752 -0.450193 0.695802
v 0.324686 -0.700637 0.597869
v 0.294297 -0.562264 0.597624
v 0.183886 -0.580024 0.349313
v 0.169343 -0.399281 0.406638
v 0.084803 -0.486935 0.429841
v 0.237993 -0.634513 0.664818
v 0.171101 -0.502100 0.377626
v 0.103239 -0.598363 0.389308
v 0.228656 -0.450407 0.359637
v 0.361768 -0.481112 0.721604
vn 0.8099 0.5264 0.2587
vn 0.4022 0.9062 -0.1309
vn 0.1899 0.9377 0.2911
vn 0.9821 -0.0124 -0.1877
vn 0.9488 0.2059 0.2398
vn -0.9754 -0.2100 -0.0674
vn 0.2963 -0.9480 -0.1158
vn -0.9296 -0.2209 0.2950
vn 0.3767 0.9263 0.0012
vn -0.9526 0.2958 -0.0708
vn -0.8281 0.5597 -0.0304
vn 0.0860 -0.9405 0.3288
vn 0.2165 0.1588 0.9633
vn -0.7235 -0.0728 0.6864
vn -0.3382 0.3447 0.8757
vn -0.9540 0.0525 0.2953
vn -0.2444 -0.1541 0.9573
vn 0.7739 -0.5230 0.3572
vn 0.3858 -0.2046 0.8996
vn -0.1931 0.4910 0.8495
vn -0.0904 0.0369 0.9952
vn -0.9982 0.0592 0.0070
vn -0.9764 0.0847 0.1986
vn -0.8631 -0.4063 -0.2999
vn -0.8080 -0.5754 0.1270
vn -0.7248 0.6761 -0.1325
vn -0.8761 0.4161 0.2437
vn 0.6091 -0.7614 -0.2219
vn 0.6623 -0.7118 0.2339
vn 0.4945 -0.4568 0.7395
vn 0.8769 -0.4753 -0.0717
vn 0.3926 0.9158 0.0850
vn 0.8258 -0.4874 0.2837
vn -0.8772 -0.4565 -0.1485
vn 0.2305 -0.9714 -0.0569
vn 0.5093 0.6965 0.5054
vn -0.3711 -0.1257 0.9200
vn -0.0378 -0.6299 0.7757
vn 0.2025 -0.2097 0.9566
vn -0.2856 0.8235 0.4903
vn -0.2399 0.2410 0.9404
vn -0.2400 -0.6405 0.7295
vn -0.0397 -0.2625 0.9641
vn 0.7207 -0.6908 -0.0590
vn 0.2412 -0.9671 0.0803
vn -0.8471 -0.4479 0.2861
vn -0.7943 -0.6073 -0.0172
vn 0.2291 -0.9652 -0.1257
vn 0.8916 -0.1602 0.4235
vn 0.3670 0.9219 -0.1243
vn -0.5920 0.5226 0.6135
vn 0.3661 0.5913 0.7186
vn -0.5328 0.7680 0.3554
vn -0.9699 0.0043 0.2435
vn -0.6152 -0.7874 -0.0382
vn 0.1730 -0.9181 -0.3566
vn 0.0587 -0.5062 0.8604
vn -0.1201 0.8313 0.5427
vn 0.5222 0.8520 0.0377
vn 0.6379 -0.3246 0.6984
vn 0.4668 -0.8205 0.3300
vn 0.5690 0.0782 0.8186
vn 0.9422 -0.0256 -0.3341
vn 0.7528 -0.3341 -0.5671
vn 0.6328 0.7433 -0.2170
vn 0.4804 -0.8180 0.3163
vn -0.7031 -0.7107 0.0260
vn -0.4870 -0.8484 -0.2077
vn 0.5511 -0.8254 0.1226
vn 0.6511 0.1741 0.7388
vn 0.0758 0.9889 -0.1280
vn -0.9184 0.2949 0.2638
vn -0.1556 0.6991 0.6979
vn -0.8421 0.5393 0.0092
vn -0.9343 -0.3319 -0.1302
vn -0.2675 -0.9543 -0.1328
vn 0.5796 -0.8064 -0.1172
vn -0.1316 -0.4327 0.8919
vn -0.5804 0.7483 0.3212
vn 0.1672 0.9820 0.0883
vn 0.3749 -0.0626 0.9249
vn 0.5296 -0.5955 0.6041
vn 0.1411 0.2929 0.9457
vn 0.9531 0.3000 0.0405
vn 0.9793 -0.0608 -0.1929
vn 0.3978 0.9132 -0.0878
vn 0.5015 0.3529 0.7899
vn 0.1384 0.9893 -0.0467
vn -0.1715 0.9825 0.0723
vn -0.2184 0.3389 0.9151
vn 0.8466 -0.5119 0.1458
vn 0.0565 -0.8165 -0.5746
vn 0.6616 0.2998 -0.6873
vn 0.4256 0.0879 -0.9006
vn 0.1593 0.8416 -0.5161
vn -0.2124 0.9258 0.3127
vn -0.4803 0.2910 0.8274
vn 0.6407 -0.0701 -0.7646
vn 0.2143 -0.8831 -0.4175
vn 0.6588 -0.1982 0.7257
vn 0.2352 0.1016 0.9666
vn 0.8654 -0.3872 0.3180
vn -0.2540 -0.8213 0.5109
vn -0.5476 -0.5354 0.6430
vn -0.0441 -0.9566 -0.2882
vn -0.5168 -0.4609 0.7215
vn -0.1528 0.7066 0.6909
vn -0.4810 0.6331 0.6065
vn -0.6760 -0.4388 0.5920
vn 0.3250 -0.9238 0.2027
vn 0.5215 -0.1387 -0.8419
vn 0.7355 0.6664 0.1223
vn 0.9652 -0.2541 -0.0612
vn 0.6964 0.6776 -0.2364
vn 0.0838 0.9321 0.3525
vn -0.5902 0.4185 0.6903
vn -0.8309 -0.3624 0.4222
vn 0.3539 -0.2147 0.9103
vn 0.9261 0.2820 -0.2506
vn 0.6200 -0.3133 -0.7194
vn 0.4064 -0.7281 0.5520
vn -0.2073 -0.6583 0.7236
vn 0.7437 -0.5742 0.3424
vn -0.1701 -0.9057 -0.3882
vn -0.5640 -0.7815 -0.2667
vn 0.3675 -0.4336 -0.8228
vn 0.7927 0.4601 0.3999
vn 0.7331 -0.6788 -0.0425
vn 0.8695 -0.4304 -0.2423
vn 0.8028 0.5554 0.2171
vn -0.2154 0.5450 0.8103
vn -0.9872 0.0618 -0.1473
vn -0.2705 -0.9532 0.1351
vn -0.7115 -0.2652 0.6507
vn -0.5106 -0.8521 -0.1149
vn 0.3665 -0.8993 -0.2385
vn 0.9660 -0.2194 -0.1369
vn 0.7892 0.6139 -0.0175
vn 0.4133 -0.2322 0.8805
vn -0.7364 -0.6393 0.2214
vn -0.9890 0.1248 0.0790
vn 0.0255 0.2544 0.9668
vn 0.5611 0.4651 0.6847
vn -0.3222 0.0092 0.9466
vn -0.3330 0.9304 0.1529
vn 0.0327 0.9974 -0.0641
vn -0.9235 0.3781 -0.0639
vn -0.2994 0.8174 0.4921
vn -0.8249 0.3655 0.4312
vn -0.4371 0.3686 0.8204
vn -0.2011 0.9396 -0.2768
vn -0.0895 0.9776 0.1903
vn -0.1422 -0.9723 0.1857
vn 0.2247 -0.8906 0.3955
vn 0.6638 -0.2658 0.6991
vn 0.1991 -0.9789 -0.0451
vn 0.6223 0.2598 -0.7384
vn 0.4424 -0.8747 0.1978
vn -0.7361 0.3748 0.5637
vn -0.2246 -0.8269 0.5155
vn 0.9187 0.1232 -0.3752
vn 0.3312 -0.1904 0.9242
vn 0.7030 -0.0536 0.7092
vn 0.5572 0.8127 -0.1703
vn 0.6982 0.5202 0.4918
vn 0.1898 -0.0492 0.9806
vn 0.6195 0.0687 0.7820
vn 0.0476 -0.9839 0.1723
vn -0.7141 0.5587 0.4217
vn -0.0374 0.8267 -0.5614
vn -0.3591 0.7068 -0.6095
vn -0.8426 0.4283 0.3264
vn 0.0244 -0.0002 0.9997
vn 0.5666 -0.8162 0.1129
vn 0.8702 0.3218 -0.3730
vn 0.8551 -0.0582 0.5153
vn 0.8827 -0.0259 -0.4693
vn 0.2947 0.5664 -0.7696
vn -0.5339 0.7307 -0.4254
vn -0.9466 0.2718 0.1736
vn 0.1584 0.8547 0.4943
vn 0.9924 -0.1182 -0.0346
vn 0.5955 -0.7323 0.3304
vn 0.1112 0.3898 0.9142
vn -0.4753 0.5339 0.6993
vn 0.5024 0.2439 0.8295
vn -0.3648 -0.6003 0.7117
vn -0.7205 -0.4782 0.5022
vn 0.3351 -0.8768 0.3449
vn -0.2798 -0.3221 0.9044
vn -0.9793 0.1210 0.1620
vn -0.9867 -0.1620 -0.0115
vn -0.3062 -0.8593 0.4097
vn 0.5723 0.3993 0.7163
vn 0.7887 0.4907 -0.3704
vn -0.2903 0.9479 0.1313
vn -0.1051 0.9737 -0.2021
vn -0.8543 0.5063 -0.1180
vn -0.9208 -0.3776 0.0972
vn -0.2798 -0.9490 0.1454
vn 0.0731 0.9966 0.0377
vn 0.8731 0.4620 -0.1557
vn 0.2764 -0.1752 0.9449
vn -0.0377 -0.6242 0.7803
vn 0.4578 0.2741 0.8457
vn 0.8276 -0.5597 0.0416
vn 0.5303 -0.8433 -0.0872
vn 0.9361 0.2022 -0.2878
vn 0.9477 0.3190 0.0076
vn 0.5171 0.8147 -0.2624
vn 0.5281 0.8256 0.1988
vn 0.8564 -0.2177 -0.4681
vn 0.9984 -0.0212 -0.0522
vn -0.8887 0.4316 0.1551
vn -0.7857 0.2503 0.5656
vn -0.3963 -0.0195 0.9179
vn -0.9723 0.0281 0.2322
vn 0.0274 -0.9824 -0.1848
vn -0.8299 -0.0282 0.5571
vn -0.5888 0.7407 0.3235
vn -0.0379 -0.9537 0.2983
vn 0.5427 0.0432 0.8388
vn 0.0165 0.3603 0.9327
vn 0.0168 -0.1535 0.9880
vn 0.7049 -0.6990 0.1207
vn 0.5726 -0.3349 0.7483
vn 0.1770 0.4724 0.8634
vn 0.2119 -0.0007 0.9773
vn -0.9129 0.2823 0.2948
vn 0.5790 0.8062 -0.1218
vn -0.8214 0.5312 0.2077
vn -0.9977 0.0288 0.0608
vn -0.7977 -0.4358 -0.4169
vn -0.8452 -0.5198 0.1241
vn -0.6928 0.6572 -0.2970
vn -0.9057 0.4191 0.0637
vn 0.6378 -0.7693 -0.0371
vn 0.6054 -0.6961 0.3858
vn 0.1198 -0.3279 0.9371
vn 0.8772 -0.4675 0.1093
vn 0.3704 0.9243 0.0923
vn 0.7661 -0.4580 0.4508
vn -0.8361 -0.4788 -0.2678
vn 0.3342 -0.9383 0.0889
vn 0.4139 0.7332 0.5395
vn -0.1687 -0.5808 0.7964
vn -0.0406 -0.1900 0.9809
vn -0.3669 0.8487 0.3810
vn -0.3977 0.2960 0.8684
vn -0.3600 -0.5968 0.7171
vn -0.2035 -0.2025 0.9579
vn 0.7224 -0.6827 0.1101
vn -0.2992 0.8832 0.3611
vn -0.6746 0.7109 -0.1989
vn -0.7676 0.5561 0.3188
vn 0.4353 0.8998 0.0292
vn 0.0997 0.9211 0.3763
vn -0.5182 -0.7989 -0.3054
vn -0.4590 -0.8813 0.1120
vn -0.2693 -0.5073 0.8186
vn -0.7773 -0.6189 -0.1127
vn 0.8535 -0.2800 0.4395
vn -0.5951 -0.2870 0.7507
vn -0.1853 -0.9681 0.1688
vn -0.1914 -0.3348 0.9226
vn 0.8029 0.3880 0.4525
vn 0.1838 0.1593 0.9700
vn -0.6807 -0.0912 0.7268
vn -0.2565 -0.1855 0.9486
vn -0.4081 -0.8935 -0.1871
vn -0.1350 -0.9648 -0.2256
vn 0.9880 -0.0163 0.1536
vn -0.7013 0.7112 -0.0474
vn -0.6202 -0.7324 -0.2808
vn 0.6256 -0.6942 -0.3560
vn 0.9715 -0.1569 0.1776
vn 0.7484 -0.6569 0.0917
vn -0.4934 0.8396 0.2272
vn -0.5955 0.6319 0.4961
vn -0.3815 -0.0330 0.9238
vn -0.7814 0.6207 0.0649
vn -0.6571 -0.7528 -0.0382
vn -0.8027 0.4329 0.4102
vn 0.8427 0.0983 0.5294
vn -0.0601 0.1330 0.9893
vn -0.2929 -0.2343 0.9270
vn -0.0443 -0.9917 -0.1205
vn -0.0239 -0.7316 0.6814
vn 0.1564 0.1298 0.9791
vn -0.1329 -0.2624 0.9558
vn -0.6038 0.7650 0.2241
vn -0.1203 0.9095 0.3980
vn 0.9499 0.2590 0.1750
vn 0.9506 0.2354 0.2023
vn 0.5551 0.8067 0.2027
vn 0.6328 0.4611 0.6221
vn 0.8331 0.0493 -0.5509
vn 0.9945 -0.0214 -0.1026
vn -0.8571 0.2849 0.4292
vn -0.7542 -0.0680 0.6531
vn -0.1138 -0.5539 0.8248
vn -0.9641 -0.0728 0.2552
vn -0.0290 -0.7182 -0.6952
vn -0.8180 -0.3035 0.4887
vn 0.5958 0.7291 0.3367
vn -0.6137 0.3793 0.6925
vn -0.0822 -0.9584 -0.2734
vn 0.0558 -0.2141 0.9752
vn 0.0869 -0.6194 0.7803
vn 0.6691 -0.6723 -0.3168
vn 0.5699 -0.7103 0.4131
vn 0.2205 -0.0877 0.9714
vn 0.2326 -0.5460 0.8048
vn -0.8904 0.0999 0.4442
vn -0.6067 0.1945 0.7708
vn -0.9301 -0.2193 0.2947
vn -0.6655 -0.4624 0.5858
vn -0.4845 0.7898 0.3763
vn -0.4304 0.4954 0.7545
vn 0.1644 -0.7963 -0.5822
vn 0.4927 -0.8306 -0.2595
vn 0.7272 -0.6401 0.2479
vn 0.5293 -0.5679 -0.6304
vn 0.5490 0.8223 -0.1497
vn 0.6969 -0.6443 -0.3148
vn -0.8599 -0.2911 0.4194
vn -0.0704 -0.9721 -0.2236
vn 0.8482 0.5206 0.0980
vn 0.2479 -0.2187 0.9438
vn 0.3049 -0.7361 0.6043
vn 0.6899 -0.3916 0.6088
vn 0.2587 0.7659 0.5886
vn 0.4405 0.1162 0.8902
vn 0.1200 -0.7089 0.6950
vn 0.4980 -0.4085 0.7650
vn 0.3653 -0.7691 -0.5244
vn 0.5590 0.2682 0.7846
vn -0.3151 0.5290 0.7880
vn -0.1238 0.1085 0.9864
vn 0.2979 0.9545 0.0147
vn 0.4395 0.8333 0.3354
vn -0.3475 -0.8807 -0.3218
vn 0.7427 -0.1007 -0.6620
vn -0.0130 -0.9894 -0.1448
vn -0.3146 0.4485 0.8366
vn -0.6291 -0.7043 0.3288
vn 0.3095 -0.9184 0.2464
vn 0.3891 -0.6218 0.6797
vn -0.1731 -0.9813 0.0847
vn 0.4978 -0.8663 0.0417
vn 0.7894 0.4915 -0.3678
vn 0.9626 -0.0338 0.2688
vn 0.3461 -0.4601 0.8176
vn 0.7748 -0.4881 0.4017
vn -0.4172 -0.9071 -0.0556
vn -0.5779 -0.8114 0.0878
vn 0.0464 0.1113 0.9927
vn -0.5633 -0.1668 0.8092
vn -0.0926 -0.4358 0.8953
vn -0.0005 0.8079 0.5893
vn 0.1941 0.4618 0.8655
vn -0.3031 -0.7670 -0.5656
vn 0.1165 -0.8490 -0.5155
vn 0.7540 -0.6560 -0.0339
vn -0.4399 -0.2546 0.8612
vn -0.2544 -0.9369 -0.2397
vn 0.7601 0.4817 -0.4361
vn 0.5322 -0.8049 0.2624
vn 0.2827 -0.6749 -0.6816
vn 0.8420 -0.5271 0.1151
vn 0.6200 0.7696 0.1525
vn 0.9190 0.0240 0.3934
vn 0.4408 -0.7740 0.4546
vn 0.8126 -0.5128 0.2768
vn -0.1338 -0.7472 -0.6510
vn -0.0603 -0.5458 -0.8358
vn 0.4938 0.7879 -0.3679
vn 0.8328 -0.4976 0.2427
vn -0.2221 -0.9602 -0.1692
vn 0.0393 -0.9186 -0.3932
vn 0.9010 -0.4296 0.0601
vn 0.4443 0.3366 0.8302
vn -0.4551 0.8897 0.0357
vn -0.9412 -0.2775 0.1926
vn -0.5168 0.3679 0.7730
vn -0.9998 0.0154 -0.0102
vn -0.6150 -0.7325 -0.2921
vn 0.2798 -0.9088 -0.3095
vn 0.9205 -0.3525 -0.1686
vn 0.0970 -0.6027 0.7921
vn -0.8950 0.2638 0.3596
vn -0.3786 0.8889 0.2579
vn 0.3307 -0.0394 0.9429
vn 0.7506 -0.3424 0.5651
vn -0.0559 0.1331 0.9895
vn 0.6497 0.7330 0.2015
vn 0.8678 0.4906 -0.0797
vn -0.1426 0.9844 0.1026
vn 0.4658 0.7664 0.4424
vn 0.6892 0.4692 -0.5522
vn 0.4150 0.6120 -0.6732
vn -0.1945 0.9742 0.1148
vn -0.0818 0.1392 0.9869
vn -0.2992 -0.9225 0.2440
vn 0.8501 -0.5051 -0.1487
vn 0.4777 -0.5355 0.6965
vn 0.5883 -0.7666 -0.2574
vn 0.7265 -0.0030 -0.6872
vn 0.2959 0.7876 -0.5404
vn -0.3965 0.9168 -0.0468
vn 0.5248 -0.8294 0.1914
vn -0.2461 -0.8522 0.4618
vn 0.2453 0.3265 0.9128
vn 0.0250 0.8213 0.5699
vn 0.3850 -0.0758 0.9198
vn -0.7880 0.0240 0.6152
vn -0.8838 0.3319 0.3298
vn -0.5207 -0.7444 0.4181
vn 0.8602 0.3738 0.3467
vn 0.6432 -0.7644 -0.0454
vn 0.7990 -0.5418 -0.2608
vn 0.8731 0.4606 0.1599
vn -0.1099 0.5959 0.7955
vn -0.9783 0.1766 -0.1080
vn -0.3767 -0.9075 0.1856
vn -0.7070 -0.1527 0.6905
vn -0.6143 -0.7869 -0.0580
vn 0.2440 -0.9453 -0.2164
vn 0.9251 -0.3405 -0.1683
vn 0.8557 0.5118 -0.0762
vn 0.4231 -0.2493 0.8711
vn -0.7969 -0.5362 0.2785
vn -0.9620 0.2474 0.1154
vn 0.1013 0.2839 0.9535
vn 0.6446 0.4174 0.6406
vn -0.2741 0.0825 0.9582
vn -0.2110 0.9690 0.1282
vn 0.1496 0.9830 -0.1066
vn -0.8732 0.4856 -0.0405
vn -0.3872 -0.7307 0.5623
vn 0.1801 -0.9567 0.2288
vn 0.1653 -0.6872 0.7075
vn -0.8423 -0.5342 -0.0726
vn -0.7162 -0.5776 0.3916
vn 0.9420 0.3142 -0.1182
vn 0.8037 0.5571 0.2092
vn 0.2145 0.5861 0.7813
vn 0.7213 0.6483 -0.2437
vn -0.6436 0.7635 -0.0528
vn 0.6212 0.7751 0.1154
vn 0.1854 -0.9061 0.3803
vn 0.9736 0.1197 0.1946
vn 0.3602 0.2372 0.9022
vn 0.0242 0.5163 0.8560
vn -0.9774 0.2023 0.0616
vn -0.5480 0.2998 0.7809
vn 0.3248 0.0277 0.9454
vn -0.0185 0.3738 0.9273
vn 0.8701 0.4870 -0.0757
vn -0.0343 0.9930 0.1132
vn -0.6453 0.7484 -0.1532
vn -0.6293 0.7141 0.3067
vn 0.4315 0.8043 -0.4086
vn 0.3027 0.9526 0.0315
vn -0.6589 -0.7438 0.1119
vn -0.4354 -0.7388 0.5144
vn -0.0482 -0.4790 0.8765
vn -0.2795 -0.9497 0.1414
vn 0.9380 -0.2284 -0.2606
vn -0.1818 -0.8575 0.4812
vn -0.8607 -0.3888 0.3288
vn 0.9169 -0.3335 0.2194
vn 0.1559 0.4430 0.8828
vn -0.2930 0.0195 0.9559
vn 0.2016 -0.1294 0.9709
vn 0.8766 0.4650 0.1240
vn 0.5218 0.3753 0.7660
vn -0.3580 0.2113 0.9095
vn 0.1106 0.1006 0.9888
vn -0.5142 -0.8245 0.2361
vn -0.6123 0.7905 -0.0089
vn -0.7325 -0.6572 0.1777
vn 0.6772 -0.6625 0.3202
vn 0.9799 -0.1820 -0.0818
vn 0.8779 -0.1436 0.4568
vn 0.1519 -0.9656 -0.2110
vn 0.3740 -0.9024 0.2139
vn 0.0209 0.9989 -0.0411
vn -0.1463 0.9257 0.3488
vn -0.2112 0.3363 0.9177
vn 0.9819 -0.1725 0.0777
vn 0.2974 0.9345 0.1956
vn -0.9232 -0.3261 0.2034
vn 0.1879 0.3419 0.9208
vn -0.4261 0.8408 0.3339
vn -0.1948 0.1281 0.9724
vn -0.5076 -0.8488 0.1478
vn -0.2270 -0.4805 0.8471
vn 0.3716 0.2324 0.8988
vn -0.0625 0.0327 0.9975
vn -0.1466 0.9877 0.0538
vn -0.3963 0.9164 -0.0553
vn -0.8333 -0.5350 -0.1395
vn -0.2947 -0.9410 0.1661
vn -0.1812 -0.3664 0.9127
vn -0.2820 -0.8205 0.4972
vn 0.6527 0.7576 -0.0038
vn 0.3837 0.9179 0.1012
vn -0.0292 0.7268 0.6863
vn 0.2895 0.8814 -0.3732
vn -0.9123 -0.0046 -0.4095
vn 0.1243 0.9885 -0.0865
vn 0.5951 -0.6346 0.4931
vn 0.7046 0.6934 -0.1507
vn 0.4466 -0.4049 0.7979
vn -0.9211 0.2596 0.2902
vn 0.1218 0.4725 0.8729
vn -0.9077 -0.3143 0.2779
vn 0.1209 0.3593 0.9253
vn -0.2452 0.4866 0.8385
vn 0.5050 0.8424 -0.1881
vn -0.4969 0.3556 0.7916
vn -0.7443 0.6146 -0.2613
vn -0.8958 0.3225 -0.3057
vn -0.7792 -0.2780 0.5618
vn 0.6277 0.3997 0.6680
vn 0.9581 -0.1891 -0.2153
vn 0.2929 0.8901 -0.3491
vn 0.4899 0.6541 -0.5763
vn -0.3959 0.6953 -0.5998
vn -0.9756 0.1911 -0.1081
vn -0.7841 -0.4910 0.3795
vn 0.6258 0.7132 -0.3159
vn 0.9904 -0.1381 0.0092
vn 0.0367 0.2318 0.9721
vn -0.4607 -0.0379 0.8868
vn 0.4507 0.4266 0.7842
vn 0.3508 -0.7615 0.5450
vn -0.0416 -0.8998 0.4343
vn 0.9056 -0.4238 0.0169
vn 0.0937 0.9761 -0.1963
vn -0.6066 0.7756 -0.1745
vn -0.4168 0.8749 0.2466
vn 0.3341 0.5774 -0.7450
vn 0.3807 0.8540 -0.3547
vn -0.6350 -0.5592 0.5329
vn -0.2997 -0.4843 0.8219
vn 0.2088 -0.2169 0.9536
vn -0.5202 0.8520 -0.0584
vn -0.6719 -0.4576 0.5823
vn -0.7270 -0.1264 0.6749
vn -0.0844 -0.6531 0.7526
vn 0.7713 -0.4543 -0.4458
vn 0.9023 -0.4302 0.0272
vn 0.4865 0.6206 0.6150
vn 0.0526 0.3224 0.9452
vn 0.5071 0.0929 0.8569
vn 0.9050 0.3097 -0.2917
vn 0.7831 0.4577 0.4211
vn -0.0066 0.5040 0.8637
vn 0.4488 0.3324 0.8295
vn -0.4731 -0.6260 0.6199
vn -0.2932 -0.8144 0.5008
vn 0.8342 -0.3765 -0.4029
vn 0.8699 0.0755 0.4875
vn 0.5845 -0.8111 -0.0226
vn 0.6574 -0.6823 -0.3197
vn 0.9111 0.3429 -0.2289
vn 0.1624 0.7605 0.6287
vn -0.9537 0.2625 0.1466
vn -0.3105 -0.7707 0.5565
vn -0.3841 0.0757 0.9202
vn -0.6281 -0.6942 0.3516
vn 0.1267 -0.9919 -0.0068
vn 0.8082 -0.4832 -0.3367
vn 0.8031 0.3665 -0.4698
vn -0.6830 -0.3459 0.6434
vn -0.8636 0.3851 0.3256
vn 0.4140 0.5014 0.7598
vn 0.8315 0.4833 0.2737
vn 0.0533 0.3555 0.9332
vn -0.1232 0.9883 -0.0901
vn 0.1425 0.8978 -0.4167
vn -0.8214 0.5632 0.0902
vn -0.4494 0.8898 -0.0798
vn 0.5918 0.5272 -0.6098
vn 0.3002 0.5234 -0.7975
vn -0.5766 0.7901 -0.2081
vn -0.3685 0.3453 0.8631
vn 0.0011 -0.8688 0.4951
vn 0.9822 -0.1700 0.0798
vn 0.4406 -0.1772 0.8800
vn 0.8596 -0.5084 0.0519
vn 0.8052 0.1088 -0.5830
vn 0.1039 0.6725 -0.7328
vn -0.6750 0.6387 -0.3695
vn 0.3494 0.8547 0.3840
vn 0.7319 -0.4736 0.4900
vn -0.0197 -0.7298 0.6834
vn -0.0772 0.6198 0.7810
vn -0.3823 0.8803 0.2810
vn 0.1904 0.3224 0.9273
vn -0.8541 -0.1331 0.5028
vn -0.9915 0.0268 0.1274
vn -0.2994 -0.7550 0.5834
vn 0.7943 0.1613 0.5857
vn 0.8086 -0.5536 -0.1993
vn 0.8429 -0.3200 -0.4326
vn 0.7626 0.6469 -0.0055
vn -0.0939 0.5272 0.8446
vn -0.9904 -0.0874 0.1066
vn -0.0644 -0.9646 0.2556
vn -0.4046 -0.3423 0.8480
vn -0.3864 -0.9211 0.0480
vn 0.4298 -0.8541 -0.2929
vn 0.9243 -0.0915 -0.3705
vn 0.6568 0.7152 -0.2387
vn -0.5522 -0.7183 0.4232
vn -0.9461 -0.0092 0.3237
vn 0.2237 0.3242 0.9192
vn 0.6345 0.5869 0.5030
vn -0.0765 0.0320 0.9966
vn -0.4236 0.8834 0.2006
vn -0.1373 0.9850 -0.1045
vn -0.9575 0.2399 0.1602
vn 0.1753 -0.5955 0.7840
vn 0.6616 -0.6991 0.2711
vn 0.6621 -0.3136 0.6806
vn -0.4450 -0.8178 0.3650
vn -0.2229 -0.6272 0.7462
vn 0.6058 0.5750 -0.5499
vn 0.4918 0.8362 -0.2427
vn 0.1605 0.8460 0.5084
vn 0.2515 0.7485 -0.6136
vn -0.9853 0.0756 -0.1533
vn 0.2179 0.9274 -0.3039
vn 0.6656 -0.6206 0.4146
vn 0.6903 0.5340 -0.4881
vn 0.8216 0.5098 -0.2551
vn -0.8724 0.4790 0.0975
vn 0.4858 0.6218 0.6143
vn 0.0548 0.7429 0.6671
vn -0.7968 -0.1588 0.5830
vn -0.3241 0.3158 0.8918
vn 0.5528 0.4466 0.7035
vn 0.1045 0.6262 0.7726
vn 0.4937 0.7025 -0.5126
vn 0.2950 -0.6152 0.7311
vn -0.8454 -0.2604 0.4664
vn -0.7390 -0.5716 0.3566
vn 0.3121 -0.7534 0.5788
vn 0.8316 0.2986 0.4683
vn 0.3150 0.6429 -0.6982
vn -0.7084 0.7034 0.0584
vn 0.2179 0.9656 0.1421
vn -0.6306 0.7183 -0.2938
vn -0.9925 0.0224 0.1204
vn -0.5465 -0.6903 0.4742
vn 0.2862 -0.8817 0.3751
vn -0.0283 0.2153 0.9761
vn -0.2541 0.9508 -0.1771
vn 0.4502 0.7233 -0.5237
vn 0.5537 0.3251 0.7666
vn 0.4720 -0.3079 0.8261
vn 0.4402 0.6887 0.5761
vn 0.9795 -0.1026 -0.1734
vn 0.8473 -0.5113 -0.1440
vn 0.6031 0.4901 -0.6293
vn 0.9368 0.3184 -0.1450
vn 0.5062 -0.8200 -0.2673
vn 0.5487 -0.6274 -0.5525
vn 0.8619 0.3907 -0.3232
vn 0.3144 0.6562 0.6859
vn -0.9000 0.2554 0.3532
vn -0.2814 -0.8555 0.4346
vn -0.2926 -0.0416 0.9553
vn -0.6012 -0.7311 0.3225
vn 0.0662 -0.9759 -0.2080
vn 0.7127 -0.4323 -0.5524
vn 0.7352 0.4271 -0.5263
vn 0.7789 -0.2260 0.5851
vn -0.5873 -0.4427 0.6776
vn -0.7748 0.3395 0.5333
vn 0.5612 0.3381 0.7555
vn 0.8917 0.4009 0.2099
vn 0.2259 0.1717 0.9589
vn -0.0787 0.9905 0.1129
vn 0.1241 0.9562 -0.2652
vn -0.7615 0.5576 0.3304
vn -0.7217 0.1197 0.6818
vn -0.6443 -0.5542 0.5271
vn -0.3561 -0.2660 0.8958
vn -0.9363 0.3492 -0.0373
vn -0.8067 0.4134 0.4223
vn 0.7607 -0.6471 -0.0503
vn 0.9344 -0.3164 0.1636
vn 0.7221 0.3484 0.5976
vn 0.8976 -0.3368 -0.2845
vn -0.0421 0.7416 -0.6695
vn 0.9943 -0.1026 -0.0298
vn -0.5758 -0.4884 0.6557
vn 0.6695 -0.6766 0.3067
vn 0.3061 0.8823 -0.3575
vn 0.5324 0.0819 0.8425
vn 0.5714 0.4911 0.6575
vn -0.4062 0.9136 0.0164
vn 0.0520 0.8094 0.5849
vn 0.3538 0.0297 0.9348
vn 0.4428 0.4763 0.7597
vn 0.8683 -0.4910 -0.0709
vn 0.8598 -0.1567 0.4861
vn 0.4909 -0.8014 -0.3416
vn 0.5856 -0.5781 -0.5682
vn 0.9528 0.2919 -0.0833
vn -0.1446 -0.0161 0.9894
vn -0.9219 0.2907 0.2560
vn -0.4153 -0.8789 0.2347
vn -0.7107 -0.7000 0.0706
vn 0.0156 -0.9215 -0.3880
vn 0.7580 -0.4060 -0.5105
vn 0.8512 0.4248 -0.3083
vn -0.6787 -0.6389 0.3622
vn -0.8237 0.3265 0.4637
vn 0.5117 0.1243 0.8501
vn 0.8726 0.2447 0.4227
vn 0.0677 -0.0365 0.9970
vn -0.0098 0.9548 0.2970
vn 0.2527 0.9665 -0.0440
vn -0.7557 0.5750 0.3136
vn 0.8752 0.4805 -0.0566
vn 0.6811 -0.6863 0.2552
vn 0.7846 -0.6162 -0.0682
vn 0.8521 0.4542 -0.2600
vn -0.0255 0.9302 0.3661
vn -0.9932 0.1152 -0.0150
vn -0.2767 -0.6604 0.6981
vn -0.5764 0.2549 0.7764
vn -0.5578 -0.6824 0.4725
vn 0.2739 -0.9210 0.2770
vn 0.9089 -0.3996 -0.1192
vn 0.7940 0.3724 -0.4804
vn 0.5721 0.2425 0.7835
vn -0.7024 -0.2868 0.6515
vn -0.9470 0.2936 0.1306
vn 0.2298 0.7452 0.6260
vn 0.7060 0.6788 0.2019
vn -0.1246 0.5861 0.8006
vn -0.2570 0.8934 -0.3685
vn 0.0600 0.7717 -0.6331
vn -0.9012 0.4101 -0.1400
vn 0.9500 0.0224 0.3114
vn 0.2019 -0.9441 0.2607
vn 0.4342 -0.9008 0.0068
vn 0.9936 0.0286 0.1097
vn 0.2229 0.7979 0.5600
vn -0.7822 0.5638 -0.2654
vn -0.7521 -0.5173 0.4083
vn -0.6616 0.4210 0.6205
vn -0.9155 -0.3856 0.1146
vn -0.2430 -0.9639 0.1089
vn 0.6447 -0.7630 0.0475
vn 0.9914 0.0036 -0.1311
vn 0.2954 -0.1235 0.9474
vn -0.9415 0.0137 0.3366
vn -0.7237 0.6862 -0.0736
vn 0.2684 0.4927 0.8278
vn 0.7948 0.2520 0.5521
vn -0.1568 0.5010 0.8511
vn 0.2790 0.9401 -0.1958
vn 0.5917 0.7100 -0.3818
vn -0.5403 0.7924 -0.2833
vn -0.0244 0.5683 0.8224
vn -0.6620 0.3315 0.6722
vn -0.4119 0.0026 0.9112
vn 0.1094 0.9662 0.2336
vn 0.2229 0.7347 0.6407
vn -0.1207 -0.8384 -0.5315
vn 0.6794 0.4057 -0.6115
vn 0.1408 -0.9410 -0.3077
vn -0.5877 0.2371 0.7735
vn -0.7509 -0.6445 0.1441
vn -0.5597 -0.8068 0.1892
vn 0.9139 0.0305 -0.4049
vn 0.5628 -0.2257 0.7952
vn 0.4123 -0.9064 0.0914
vn 0.2453 -0.7071 0.6633
vn -0.0619 -0.9898 -0.1287
vn 0.6805 -0.6086 0.4080
vn 0.7874 0.5971 0.1529
vn 0.8224 -0.0110 0.5688
vn 0.1553 -0.5793 0.8001
vn 0.6021 -0.5041 0.6191
vn -0.2644 -0.9095 -0.3207
vn -0.4616 -0.8651 -0.1961
vn 0.4901 0.4749 0.7309
vn 0.9585 0.1682 -0.2300
vn 0.8181 0.4236 -0.3890
vn 0.1727 0.9467 0.2719
vn -0.1211 -0.4671 0.8759
vn -0.6904 -0.7220 -0.0443
vn 0.5804 -0.8143 -0.0042
vn 0.3003 -0.9230 -0.2407
vn 0.8559 -0.2625 -0.4456
vn 0.7378 0.6228 -0.2603
vn 0.0248 0.9989 0.0395
vn 0.2394 -0.9697 0.0489
vn -0.6931 -0.6963 0.1867
vn 0.0578 0.1863 0.9808
vn 0.1428 0.6854 0.7141
vn -0.0083 -0.3030 0.9529
vn -0.8765 0.3133 0.3655
vn -0.7450 0.6531 0.1360
vn -0.8734 -0.4781 0.0928
vn 0.6552 -0.6887 0.3104
vn -0.3799 -0.9015 0.2074
vn -0.3581 -0.9255 -0.1230
vn 0.6107 -0.6495 -0.4530
vn 0.9232 0.2687 0.2747
vn -0.1811 0.9708 0.1574
vn -0.5433 -0.0565 0.8377
vn 0.2355 0.4402 0.8665
vn -0.7101 0.2428 0.6609
vn -0.7319 -0.5866 0.3469
vn -0.1358 -0.9632 -0.2318
vn 0.4860 -0.5616 -0.6697
vn -0.3463 0.4792 0.8065
vn 0.0276 0.9638 0.2650
vn 0.8856 -0.0658 0.4599
vn 0.8791 -0.4756 -0.0331
vn 0.6677 0.1926 0.7191
vn 0.6933 0.5745 -0.4351
vn 0.6197 0.2747 -0.7352
vn 0.0981 0.9949 -0.0230
vn 0.0238 0.7887 0.6143
vn -0.6461 0.5948 0.4782
vn -0.4576 0.3465 0.8188
vn 0.2546 0.9658 -0.0481
vn 0.3046 0.8559 0.4179
vn -0.5772 -0.8128 -0.0788
vn -0.2187 -0.9613 0.1677
vn 0.2799 -0.8424 0.4604
vn -0.6777 -0.6513 0.3415
vn 0.0023 -1.0000 -0.0037
vn 0.7696 0.1080 -0.6294
vn 0.9273 -0.2220 -0.3013
vn 0.4834 -0.0186 0.8752
vn 0.0898 -0.4993 0.8618
vn 0.5515 -0.5425 0.6337
vn 0.8646 0.4999 0.0508
vn 0.7772 0.0476 0.6274
vn 0.0146 -0.3248 0.9457
vn 0.4769 -0.3712 0.7967
vn -0.3962 -0.9153 -0.0721
vn -0.2110 -0.9329 -0.2918
vn 0.8300 0.1317 -0.5420
vn -0.5602 0.5674 0.6035
vn -0.6183 -0.7848 0.0414
vn 0.3130 0.7631 0.5654
vn -0.1852 0.9744 0.1279
vn -0.2570 0.7419 0.6193
vn 0.8604 0.5086 0.0311
vn 0.6604 0.5909 0.4632
vn -0.9194 -0.3038 -0.2499
vn -0.8448 -0.5233 0.1116
vn -0.3591 -0.5207 0.7745
vn -0.9957 -0.0846 0.0379
vn 0.6127 -0.7828 0.1090
vn -0.5124 -0.1588 0.8440
vn -0.6612 -0.7471 0.0680
vn -0.1816 -0.4495 0.8746
vn 0.9467 -0.2165 0.2384
vn 0.4068 -0.2472 0.8795
vn -0.4767 0.0506 0.8776
vn -0.1465 -0.3028 0.9417
vn -0.8624 -0.4706 -0.1868
vn -0.6872 -0.6534 -0.3175
vn 0.8192 -0.5505 -0.1607
vn -0.1804 0.9433 0.2785
vn -0.9608 -0.2059 -0.1854
vn 0.8068 0.5557 0.2007
vn 0.2901 0.9563 -0.0374
vn 0.3687 0.7948 0.4820
vn 0.8855 0.1217 -0.4483
vn 0.9700 0.2429 0.0102
vn -0.9668 0.1365 0.2160
vn -0.8257 -0.0837 0.5579
vn -0.1314 -0.2820 0.9504
vn -0.9474 -0.2723 0.1679
vn 0.2821 -0.8716 -0.4008
vn -0.7970 -0.3663 0.4803
vn 0.3196 0.9401 0.1189
vn -0.8099 0.3735 0.4524
vn 0.2092 -0.9753 0.0707
vn -0.0821 0.1218 0.9892
vn 0.0842 -0.2955 0.9516
vn 0.8614 -0.5079 0.0050
vn 0.6361 -0.3478 0.6888
vn 0.0442 0.2837 0.9579
vn 0.2000 -0.1786 0.9634
vn -0.9557 -0.0381 0.2917
vn 0.8761 -0.4212 -0.2347
vn 0.9123 0.2695 -0.3085
vn 0.9783 0.1460 0.1472
vn 0.3699 -0.5793 -0.7263
vn 0.6572 -0.6677 -0.3497
vn -0.6134 0.6005 0.5130
vn -0.7144 -0.6284 -0.3079
vn -0.5194 0.3687 0.7709
vn 0.9607 0.2215 -0.1673
vn 0.2593 0.9045 0.3386
vn 0.2062 0.8006 0.5626
vn -0.6815 -0.7112 0.1722
vn 0.4885 -0.5685 0.6619
vn -0.2408 0.0266 0.9702
vn 0.3810 -0.0488 0.9233
vn -0.2949 0.5247 0.7986
vn 0.0161 -0.4107 0.9116
vn -0.0130 -0.9827 -0.1849
vn 0.2340 -0.8370 0.4947
vn 0.5632 -0.0594 0.8242
vn 0.2576 -0.4379 0.8613
vn -0.3836 0.7090 0.5917
vn -0.1861 0.8321 0.5225
vn 0.9481 0.1857 0.2580
vn 0.5322 0.7510 0.3909
vn 0.6278 0.3028 0.7171
vn 0.8366 0.1212 -0.5342
vn 0.9955 0.0010 -0.0951
vn -0.8652 0.1669 0.4729
vn -0.7601 -0.2137 0.6136
vn -0.1226 -0.7273 0.6753
vn 0.5986 0.6362 0.4868
vn -0.8044 0.2169 0.5531
vn -0.6248 0.2080 0.7526
vn -0.0567 -0.8503 -0.5232
vn 0.0447 -0.4400 0.8969
vn -0.8110 -0.4179 0.4094
vn 0.0796 -0.7813 0.6191
vn 0.5545 -0.5844 -0.5925
vn 0.5539 -0.8038 0.2170
vn 0.2111 -0.3075 0.9279
vn 0.2251 -0.7157 0.6611
vn -0.8965 -0.0038 0.4430
vn -0.9726 -0.1225 0.1978
vn 0.0651 -0.5820 -0.8106
vn 0.1220 0.8372 0.5332
vn 0.9748 0.2089 -0.0787
vn 0.8404 0.4925 -0.2261
vn 0.0382 0.9289 0.3684
vn -0.5092 0.0087 0.8606
vn -0.6394 -0.7357 -0.2234
vn 0.6197 -0.7841 -0.0341
vn -0.1580 -0.8282 0.5378
vn 0.3798 -0.8796 -0.2864
vn 0.9239 -0.1809 -0.3373
vn 0.7342 0.6740 -0.0820
vn -0.0334 0.9889 0.1449
vn 0.4916 0.0593 0.8688
vn 0.0991 -0.9935 0.0567
vn -0.6755 -0.7373 0.0087
vn -0.1225 0.0116 0.9924
vn 0.0020 0.6082 0.7938
vn -0.1302 -0.4052 0.9049
vn -0.9353 0.2394 0.2607
vn -0.7899 0.6067 0.0895
vn -0.8514 -0.5170 -0.0882
vn -0.7929 -0.0275 0.6087
vn -0.2092 0.9603 0.1845
vn -0.5041 0.8631 0.0301
vn -0.8975 -0.0686 0.4356
vn 0.0550 -0.7087 0.7034
vn 0.7127 -0.5519 -0.4329
vn 0.7824 0.6196 0.0631
vn 0.8681 -0.2843 0.4070
vn 0.8569 0.4520 -0.2479
vn 0.1592 0.9814 -0.1074
vn -0.6745 0.7216 0.1563
vn -0.9749 -0.0828 0.2066
vn 0.0104 0.2573 0.9663
vn 0.9649 0.1165 0.2353
vn 0.6918 -0.6802 -0.2425
vn 0.1986 -0.3472 0.9165
vn -0.5452 -0.2056 0.8127
vn 0.4267 -0.3562 0.8313
vn -0.2234 -0.9741 0.0351
vn 0.8868 0.4480 -0.1136
vn -0.6021 -0.7957 -0.0658
vn 0.5042 -0.7947 -0.3380
vn 0.7521 0.5765 0.3194
vn 0.5706 0.1408 -0.8091
vn 0.4801 0.4686 -0.7416
vn 0.6123 0.7280 0.3084
vn 0.3532 -0.2582 0.8992
vn -0.7829 -0.5501 0.2907
vn 0.0631 -0.7685 -0.6367
vn 0.0293 -0.9497 0.3119
vn -0.2950 -0.7466 -0.5963
vn 0.2161 -0.1244 -0.9684
vn 0.5884 0.5944 -0.5481
vn 0.4250 0.8700 0.2501
vn 0.9498 -0.2980 0.0950
vn -0.2385 -0.9521 -0.1913
vn -0.6309 -0.6319 0.4501
vn 0.6740 -0.3353 0.6582
vn 0.8000 0.2801 0.5307
vn 0.4627 -0.6907 0.5557
vn -0.2599 0.2073 0.9431
vn -0.1796 0.5980 0.7811
vn -0.7291 -0.3776 0.5708
vn 0.8527 -0.2845 0.4381
vn 0.2521 -0.9399 -0.2301
vn 0.3678 -0.7843 -0.4996
vn 0.9776 0.0340 -0.2077
vn -0.0270 0.1731 0.9845
vn -0.7949 0.5429 0.2707
vn -0.5736 -0.7037 0.4193
vn -0.8378 -0.4857 0.2493
vn -0.2401 -0.9461 -0.2173
vn 0.5803 -0.6527 -0.4870
vn 0.8831 0.1512 -0.4442
vn -0.7587 -0.3899 0.5219
vn -0.6674 0.5854 0.4604
vn 0.6230 0.1258 0.7720
vn 0.9489 0.0868 0.3033
vn 0.1745 0.1030 0.9792
vn 0.2426 0.9625 0.1217
vn 0.4588 0.8568 -0.2353
vn -0.5628 0.7834 0.2636
vn 0.0139 -0.4525 0.8916
vn -0.9492 0.0313 0.3131
vn -0.9022 -0.3119 0.2980
vn 0.0235 -0.6257 0.7797
vn 0.7871 0.2459 0.5657
vn 0.5709 0.3722 -0.7318
vn -0.5221 0.8155 -0.2498
vn 0.4120 0.9109 -0.0217
vn -0.3847 0.7251 -0.5712
vn -0.9649 0.2389 -0.1088
vn -0.7657 -0.4308 0.4775
vn 0.0028 -0.7945 0.6073
vn -0.1413 0.4585 0.8774
vn 0.0107 0.9045 -0.4264
vn 0.6897 0.4676 -0.5529
vn 0.4770 0.3995 0.7829
vn 0.2396 -0.1703 0.9558
vn 0.4862 0.7172 0.4992
vn 0.9426 -0.3261 0.0725
vn 0.7148 -0.6812 0.1581
vn 0.7990 0.1907 -0.5703
vn 0.8566 -0.5126 0.0589
vn -0.2790 -0.9600 -0.0213
vn -0.0853 -0.9474 -0.3086
vn 0.8757 -0.4621 -0.1403
vn 0.6547 0.3809 0.6529
vn -0.4112 0.9085 0.0750
vn -0.8626 -0.2207 0.4551
vn -0.2875 0.4603 0.8399
vn -0.9665 0.0577 0.2501
vn -0.6856 -0.7258 -0.0566
vn 0.1690 -0.9414 -0.2918
vn 0.7830 -0.5479 -0.2946
vn 0.8350 0.4442 -0.3248
vn 0.9464 0.1798 -0.2685
vn 0.5394 0.8402 -0.0551
vn 0.2899 -0.5425 0.7884
vn -0.6478 0.2207 0.7292
vn -0.2422 0.9431 0.2279
vn 0.4549 0.0626 0.8883
vn 0.8658 -0.3293 0.3768
vn 0.2579 0.1937 0.9466
vn 0.6952 0.7177 -0.0396
vn -0.9254 0.0275 0.3779
vn -0.2077 0.9633 0.1700
vn 0.3737 -0.8800 0.2932
vn -0.7738 -0.6315 -0.0499
vn -0.5605 -0.7794 -0.2798
vn 0.4541 -0.8850 0.1032
vn 0.6232 0.0652 0.7793
vn 0.1854 0.9802 -0.0689
vn -0.8959 0.3780 0.2334
vn -0.1139 0.6837 0.7209
vn -0.7803 0.6254 -0.0027
vn -0.9551 -0.2225 -0.1958
vn -0.3579 -0.9121 -0.2001
vn 0.4978 -0.8570 -0.1334
vn -0.2260 -0.4610 0.8581
vn -0.5190 0.6677 0.5337
vn 0.3122 0.9424 0.1199
vn 0.2375 -0.0416 0.9705
vn 0.4297 -0.6790 0.5953
vn 0.1462 0.1844 0.9719
vn 0.9754 0.1935 0.1055
vn -0.7881 0.6011 0.1326
vn 0.9769 -0.1557 -0.1464
vn 0.4954 0.8685 -0.0157
vn 0.9766 0.2138 0.0230
vn 0.3671 -0.4093 -0.8353
vn 0.4414 -0.0758 -0.8941
vn 0.9151 0.4016 -0.0367
vn 0.4144 -0.1004 0.9045
vn -0.8478 0.0129 0.5302
vn -0.4182 -0.8599 -0.2927
vn -0.2989 -0.6967 0.6522
vn -0.7132 -0.6582 -0.2411
vn -0.0925 -0.5075 -0.8567
vn 0.6350 0.0362 -0.7717
vn 0.7967 0.5895 -0.1334
vn 0.7297 -0.6689 0.1419
vn -0.6538 -0.7277 0.2073
vn -0.7112 -0.0772 0.6987
vn 0.6060 -0.3921 0.6921
vn 0.9443 0.0134 0.3288
vn 0.2474 -0.6150 0.7487
vn 0.0829 0.5885 0.8042
vn 0.2788 0.8205 0.4990
vn -0.6619 0.2162 0.7177
vn 0.8791 0.4366 0.1911
vn 0.6483 -0.4645 -0.6032
vn 0.6757 -0.1405 -0.7236
vn 0.8041 0.5897 0.0748
vn 0.1616 0.1748 0.9712
vn -0.9490 -0.0843 0.3038
vn -0.1631 -0.9736 -0.1598
vn -0.3381 -0.6088 0.7177
vn -0.4917 -0.8405 -0.2277
vn 0.2370 -0.6697 -0.7038
vn 0.8053 0.0349 -0.5918
vn 0.6855 0.7226 -0.0893
vn 0.7692 -0.4397 0.4638
vn -0.5462 -0.8067 0.2254
vn -0.8502 -0.1059 0.5158
vn 0.4525 -0.0992 0.8862
vn 0.8002 0.2968 0.5212
vn 0.1375 -0.3847 0.9128
vn -0.2461 0.7347 0.6322
vn -0.0182 0.9430 0.3322
vn -0.8606 0.1890 0.4728
vn 0.6349 -0.6527 0.4134
vn 0.9839 -0.1709 0.0526
vn 0.8096 -0.1308 0.5722
vn 0.1896 -0.9649 -0.1819
vn 0.3515 -0.8968 0.2687
vn 0.0153 0.9989 -0.0447
vn -0.2022 0.9258 0.3194
vn -0.3371 0.3387 0.8784
vn 0.9642 -0.1605 0.2109
vn 0.2579 0.9390 0.2276
vn -0.9386 -0.3359 0.0790
vn 0.0579 0.3489 0.9354
vn -0.4765 0.8375 0.2674
vn -0.3259 0.1309 0.9363
vn -0.5136 -0.8540 0.0836
vn -0.3341 -0.4787 0.8119
vn 0.2441 0.2415 0.9392
vn -0.1972 0.0373 0.9797
vn -0.1633 0.9862 0.0267
vn -0.3952 0.9114 -0.1146
vn -0.8008 -0.5455 -0.2472
vn -0.7775 0.4549 0.4343
vn -0.9956 0.0443 -0.0820
vn -0.8937 -0.1061 0.4360
vn -0.3027 0.9530 0.0140
vn -0.5157 0.7569 0.4015
vn 0.1400 -0.9513 -0.2747
vn 0.2898 -0.9484 0.1289
vn 0.2539 -0.5089 0.8226
vn -0.9974 -0.0009 0.0715
vn -0.1466 -0.9883 -0.0424
vn 0.8571 0.4058 0.3172
vn -0.1391 -0.5763 0.8053
vn 0.5523 -0.8205 0.1474
vn 0.2039 -0.3249 0.9235
vn 0.3637 0.8566 0.3660
vn 0.1393 0.2935 0.9457
vn -0.3377 -0.4943 0.8010
vn 0.0579 -0.2598 0.9639
vn 0.3008 -0.9378 -0.1731
vn 0.5385 -0.8048 -0.2496
vn 0.7380 0.6742 0.0288
vn 0.6504 0.6168 0.4434
vn 0.0321 0.9287 0.3694
vn 0.1866 0.5983 0.7792
vn 0.8185 0.4699 -0.3305
vn 0.8743 0.4620 0.1488
vn -0.9516 -0.2211 0.2134
vn -0.7359 -0.5143 0.4404
vn 0.0115 -0.6656 0.7462
vn -0.8343 -0.5511 -0.0170
vn 0.4824 -0.7984 -0.3603
vn -0.6277 -0.7318 0.2652
vn -0.8449 -0.0675 0.5307
vn -0.0366 -0.3253 0.9449
vn 0.2232 -0.6216 0.7509
vn 0.9011 -0.2856 -0.3264
vn 0.7517 -0.4431 0.4885
vn 0.0373 -0.1268 0.9912
vn 0.3059 -0.4937 0.8141
vn -0.8929 -0.3987 0.2092
vn 0.1080 0.8660 0.4883
vn -0.9420 -0.1400 0.3051
vn 0.9409 0.0643 0.3326
vn 0.2854 -0.9491 0.1333
vn 0.5151 -0.8505 -0.1070
vn 0.9856 0.1021 0.1347
vn 0.1431 0.7295 0.6689
vn -0.8281 0.5221 -0.2040
vn -0.7053 -0.6342 0.3167
vn -0.7083 0.2781 0.6488
vn -0.8773 -0.4783 0.0403
vn -0.1543 -0.9876 -0.0296
vn 0.7116 -0.7012 -0.0431
vn 0.9994 -0.0319 -0.0123
vn 0.5292 0.8121 -0.2457
vn 0.7416 0.6612 -0.1131
vn 0.0082 0.9914 -0.1303
vn 0.2963 -0.2264 0.9279
vn -0.8411 -0.1300 0.5251
vn -0.7534 0.6568 -0.0326
vn 0.0835 0.3720 0.9245
vn 0.7629 0.2434 0.5990
vn -0.1600 0.3732 0.9138
vn 0.1933 0.9794 -0.0589
vn -0.8643 -0.4707 0.1771
vn -0.7200 0.6887 -0.0857
vn 0.8809 0.4534 0.1360
vn 0.4129 0.9033 -0.1162
vn 0.4896 0.7694 0.4103
vn 0.8823 -0.0867 -0.4627
vn 0.9935 0.1084 -0.0347
vn -0.9309 0.2815 0.2328
vn -0.8080 0.0698 0.5851
vn -0.1326 -0.1931 0.9722
vn -0.7356 0.5110 0.4447
vn 0.1038 -0.9898 0.0973
vn -0.0282 0.1921 0.9810
vn -0.8092 -0.2204 0.5447
vn 0.0793 -0.2358 0.9686
vn 0.6871 -0.7205 -0.0934
vn 0.6024 -0.4138 0.6826
vn 0.1176 0.3424 0.9322
vn 0.2101 -0.1352 0.9683
vn -0.9417 0.1137 0.3166
vn -0.9716 -0.1395 0.1909
vn 0.2335 -0.9286 -0.2884
vn 0.4758 0.8793 0.0227
vn -0.8807 0.3854 0.2753
vn -0.4928 0.2191 0.8421
vn 0.1494 0.9437 0.2950
vn -0.0873 0.9939 0.0678
vn -0.9052 0.3426 0.2516
vn 0.1921 -0.6733 0.7140
vn 0.5047 -0.7907 -0.3465
vn 0.9136 0.1880 0.3606
vn 0.9992 0.0344 0.0212
vn 0.5773 0.8116 0.0901
vn -0.3256 0.9378 0.1202
vn -0.9363 0.3503 -0.0269
vn 0.9566 -0.1676 0.2384
vn 0.4238 -0.8926 -0.1538
vn -0.3969 -0.3496 0.8487
vn -0.7762 0.0190 0.6302
vn 0.0496 -0.5609 0.8264
vn -0.6107 -0.7728 -0.1725
vn -0.8380 -0.4397 -0.3232
vn 0.1957 -0.9184 -0.3440
vn 0.7085 -0.6593 0.2517
vn 0.9622 -0.1900 -0.1949
vn 0.9265 -0.1387 0.3498
vn 0.1215 -0.9716 -0.2029
vn 0.3936 -0.8996 0.1892
vn 0.0194 0.9975 -0.0673
vn -0.0989 0.9349 0.3408
vn -0.0962 0.3600 0.9280
vn -0.3905 0.9202 -0.0265
vn -0.8908 -0.3213 0.3212
vn -0.3850 0.8495 0.3607
vn 0.3231 0.9367 0.1346
vn 0.2982 0.3625 0.8830
vn -0.0741 0.1530 0.9854
vn -0.4899 -0.8411 0.2293
vn -0.1249 -0.4527 0.8829
vn 0.4795 0.2515 0.8407
vn 0.0599 0.0574 0.9966
vn -0.1295 0.9906 0.0447
vn 0.9761 -0.2128 -0.0433
vn 0.1396 0.9895 -0.0367
vn 0.5445 0.3410 -0.7664
vn 0.1095 0.9257 -0.3620
vn 0.5948 0.6721 -0.4411
vn -0.7309 -0.2767 0.6239
vn -0.4543 -0.2498 0.8551
vn 0.2645 0.1265 0.9560
vn -0.2980 0.9214 -0.2495
vn -0.7959 -0.2022 0.5706
vn -0.0378 0.9980 0.0505
vn 0.7756 -0.6200 0.1183
vn 0.0919 0.4427 0.8920
vn -0.2655 -0.4738 0.8396
vn 0.4565 0.1949 0.8681
vn 0.9411 -0.1327 -0.3109
vn 0.8649 0.2914 0.4087
vn 0.0760 0.6240 0.7777
vn 0.4765 0.3471 0.8077
vn -0.6411 -0.3890 0.6616
vn -0.5197 -0.6301 0.5769
vn -0.7877 0.1334 0.6014
vn 0.7263 -0.6231 -0.2903
vn 0.9984 -0.0557 -0.0097
vn 0.7487 0.1591 -0.6435
vn 0.8622 0.4701 -0.1888
vn 0.6539 -0.7565 -0.0109
vn 0.9008 -0.3933 0.1842
vn -0.6324 0.7013 -0.3289
vn -0.5561 0.8287 0.0630
vn -0.0299 0.7279 0.6850
vn -0.8560 0.5140 -0.0557
vn -0.3755 -0.7562 0.5358
vn -0.7146 0.6562 0.2424
vn 0.8208 0.2377 -0.5194
vn -0.5420 0.7557 -0.3677
vn -0.3136 0.8912 -0.3278
vn -0.3753 -0.3790 0.8459
vn 0.2495 0.8711 0.4230
vn 0.1322 0.6166 0.7761
vn 0.3860 -0.5981 0.7023
vn 0.4698 0.1139 0.8754
vn 0.4331 0.8381 0.3316
vn 0.2926 0.6079 0.7382
vn -0.6976 0.6965 -0.1678
vn 0.2568 0.1905 0.9475
vn 0.7693 -0.5289 0.3583
vn 0.9360 -0.2960 0.1905
vn 0.5883 0.6708 0.4517
vn -0.6080 0.5297 0.5914
vn -0.8413 -0.1181 -0.5275
vn -0.1889 -0.9644 0.1849
vn -0.8359 -0.3491 0.4236
vn -0.3138 -0.9326 -0.1785
vn 0.5364 -0.8420 0.0577
vn 0.9567 -0.0646 0.2839
vn 0.6485 0.7341 0.2015
vn -0.6806 -0.7326 0.0082
vn -0.9427 -0.0371 -0.3317
vn -0.4009 0.3374 0.8517
vn 0.1738 0.6102 0.7729
vn -0.6783 0.0364 0.7339
vn -0.4749 0.8708 -0.1271
vn -0.0634 0.9794 -0.1917
vn -0.8554 0.2104 -0.4733
vn 0.8716 0.3921 -0.2943
vn 0.3919 0.9077 0.1499
vn 0.8192 0.5564 0.1389
vn -0.9638 -0.2264 0.1411
vn -0.8186 -0.3698 0.4396
vn -0.1742 -0.2999 0.9379
vn -0.8105 -0.5853 0.0223
vn 0.5488 -0.8313 0.0876
vn -0.6742 -0.6277 0.3892
vn -0.0189 0.9948 0.1005
vn -0.9867 -0.1216 0.1078
vn 0.0884 0.8770 0.4723
vn -0.2515 0.0542 0.9663
vn 0.0445 -0.2703 0.9617
vn 0.9506 -0.3102 0.0077
vn 0.6194 -0.1601 0.7686
vn -0.1894 0.2609 0.9466
vn 0.1111 -0.1214 0.9864
vn -0.9178 -0.3658 0.1542
vn -0.9447 0.1619 0.2853
vn -0.2714 -0.3965 0.8770
vn -0.9927 -0.0194 0.1191
vn -0.9540 -0.2928 -0.0651
vn -0.2031 -0.9100 0.3615
vn 0.4814 0.4407 0.7577
vn 0.7293 0.6084 -0.3131
vn -0.4225 0.8934 0.1531
vn -0.2285 0.9586 -0.1697
vn -0.9096 0.3912 -0.1397
vn -0.8639 -0.5022 0.0383
vn -0.1534 -0.9835 0.0955
vn -0.0655 0.9947 0.0790
vn 0.8076 0.5819 -0.0958
vn 0.2573 -0.1780 0.9498
vn 0.0147 -0.6575 0.7533
vn 0.3797 0.2956 0.8766
vn 0.8938 -0.4444 0.0601
vn 0.6438 -0.7595 -0.0935
vn 0.9111 0.3390 -0.2345
vn 0.1049 0.9647 0.2417
vn -0.5368 0.8437 0.0041
vn -0.3592 0.7755 0.5191
vn 0.4801 0.7703 -0.4197
vn 0.4470 0.8934 0.0450
vn -0.7308 -0.6543 0.1944
vn -0.4687 -0.7051 0.5321
vn 0.1369 -0.3237 0.9362
vn -0.4084 -0.9031 0.1325
vn 0.8418 -0.3352 -0.4230
vn -0.2364 -0.8635 0.4455
vn -0.5017 0.8501 0.1602
vn -0.8069 -0.3903 0.4433
vn 0.8772 -0.4783 0.0425
vn -0.1373 -0.0258 0.9902
vn 0.2874 -0.1693 0.9427
vn 0.9463 0.3232 0.0107
vn 0.6840 0.2269 0.6933
vn -0.1783 0.1766 0.9680
vn 0.2742 -0.0059 0.9617
vn -0.5920 -0.7615 0.2637
vn 0.4041 0.7427 -0.5340
vn 0.4153 0.8968 0.1523
vn 0.7044 0.6613 -0.2577
vn -0.6014 -0.4679 0.6476
vn -0.2973 -0.6400 0.7085
vn 0.5158 -0.5718 0.6380
vn -0.5767 -0.7379 0.3506
vn 0.2506 -0.4471 -0.8587
vn -0.2522 -0.8317 0.4946
vn 0.4399 -0.7221 -0.5339
vn 0.4090 0.7147 0.5674
vn 0.4852 -0.2508 0.8377
vn 0.6895 -0.5009 0.5232
vn 0.8154 -0.0059 -0.5788
vn 0.9777 -0.1960 0.0755
vn 0.5276 -0.0477 0.8481
vn 0.7594 -0.3532 0.5464
vn -0.5666 -0.5788 0.5864
vn -0.4794 -0.1359 0.8670
vn 0.0898 0.9068 0.4120
vn -0.2302 0.7665 0.5996
vn 0.8436 0.5334 0.0620
vn 0.6339 0.7690 -0.0820
vn -0.3242 0.8417 0.4319
vn -0.5620 -0.2567 0.7863
vn -0.3178 -0.8800 -0.3530
vn 0.8542 -0.5198 -0.0065
vn 0.0887 -0.8856 0.4559
vn 0.6886 -0.6631 -0.2935
vn 0.9573 0.1796 -0.2266
vn 0.4575 0.8872 0.0590
vn -0.3899 0.8976 0.2056
vn 0.3525 0.1281 0.9270
vn 0.4330 -0.9014 0.0021
vn -0.3736 -0.9187 -0.1282
vn -0.2154 -0.1375 0.9668
vn -0.2878 0.4838 0.8265
vn -0.0688 -0.5204 0.8512
vn -0.9808 -0.1206 0.1532
vn -0.9565 0.2904 0.0274
vn -0.6049 -0.7618 -0.2319
vn 0.4723 0.8525 -0.2238
vn -0.3398 0.9395 -0.0430
vn 0.1927 0.9728 0.1290
vn -0.6131 -0.7899 -0.0109
vn -0.4961 -0.7884 0.3638
vn -0.2423 -0.2581 0.9352
vn -0.6434 0.7361 0.2102
vn -0.6819 0.7125 -0.1655
vn 0.8765 -0.2369 0.4192
vn -0.5298 -0.0497 0.8467
vn -0.2238 -0.8813 0.4163
vn -0.1139 -0.0885 0.9895
vn 0.8672 0.4169 0.2724
vn 0.2927 0.3699 0.8817
vn -0.6057 0.1411 0.7831
vn -0.1670 0.0677 0.9836
vn -0.4756 -0.8764 0.0753
vn -0.2146 -0.9762 0.0303
vn -0.8676 -0.4950 0.0479
vn 0.9959 -0.0608 0.0669
vn 0.0533 -0.9929 -0.1060
vn 0.5132 -0.5531 0.6562
vn 0.3526 -0.9184 0.1792
vn 0.2116 0.9766 0.0386
vn 0.0244 0.9519 0.3054
vn 0.1111 0.4833 0.8684
vn -0.2931 0.9536 -0.0687
vn -0.8985 -0.2022 0.3895
vn -0.2716 0.9071 0.3216
vn 0.9282 -0.2310 0.2915
vn 0.9473 -0.3016 -0.1077
vn 0.3871 0.3826 0.8389
vn -0.5604 -0.7671 0.3122
vn -0.1181 -0.3804 0.9172
vn 0.5729 0.2471 0.7815
vn 0.1162 0.1419 0.9830
vn -0.0224 0.9997 -0.0124
vn 0.5382 0.6518 0.5344
vn -0.1335 0.6947 0.7068
vn 0.2354 0.3424 0.9096
vn 0.4491 0.8672 -0.2149
vn 0.6917 0.7026 0.1674
vn -0.7191 -0.6407 0.2690
vn -0.3626 -0.8782 0.3120
vn 0.4522 -0.8025 0.3892
vn -0.5777 -0.8125 -0.0777
vn 0.3515 -0.0409 -0.9353
vn -0.2739 -0.9607 0.0439
vn -0.0273 0.6102 0.7917
vn -0.5668 -0.5659 0.5987
vn 0.5564 -0.4250 -0.7140
vn 0.3628 -0.5865 0.7242
vn 0.6298 -0.6811 0.3735
vn 0.8759 0.2498 -0.4127
vn 0.9643 -0.2173 0.1511
vn 0.3898 -0.4074 0.8259
vn 0.6854 -0.5578 0.4681
vn -0.6116 -0.7697 0.1830
vn -0.1978 -0.7595 0.6196
vn -0.9147 -0.3971 -0.0747
vn -0.7675 -0.5495 -0.3302
vn 0.1474 -0.9888 -0.0243
vn 0.6083 -0.1960 0.7692
vn 0.4565 0.8887 0.0434
vn -0.7447 0.5623 0.3596
vn 0.0377 0.5254 0.8500
vn -0.5687 0.8130 0.1253
vn -0.9835 0.0829 -0.1605
vn -0.6088 -0.7387 -0.2891
vn 0.2283 -0.9351 -0.2709
vn -0.2602 0.8480 0.4616
vn 0.5289 0.8102 0.2527
vn 0.2820 -0.3592 0.8896
vn 0.2329 -0.8474 0.4771
vn 0.2026 0.0498 0.9780
vn 0.9924 -0.1038 0.0662
vn 0.8874 -0.4012 -0.2269
vn 0.7225 0.6887 0.0612
vn 0.1060 0.9736 0.2020
vn -0.3763 0.3871 0.8418
vn -0.1848 0.8566 0.4817
vn -0.3679 -0.9002 -0.2332
vn -0.1642 -0.9864 0.0076
vn -0.1399 -0.7094 0.6908
vn 0.1266 -0.9158 -0.3812
vn 0.9403 -0.0573 0.3354
vn 0.1355 -0.9908 0.0052
vn -0.8590 0.2562 0.4432
vn -0.8889 0.4497 0.0877
vn -0.3967 -0.5669 0.7220
vn 0.6966 0.5451 0.4665
vn 0.2316 0.0550 0.9713
vn -0.5604 -0.3956 0.7276
vn -0.0819 -0.4236 0.9021
vn -0.1443 -0.9387 -0.3131
vn 0.0781 0.4892 0.8687
vn 0.9099 0.0102 0.4146
vn 0.9482 0.2532 0.1918
vn 0.1545 0.9522 0.2635
vn -0.8209 0.2724 0.5020
vn -0.6433 -0.6274 -0.4388
vn 0.3032 -0.8670 0.3954
vn -0.5750 -0.6169 0.5375
vn 0.1986 -0.9792 0.0417
vn 0.8787 -0.4327 0.2016
vn 0.8467 0.4784 0.2328
vn 0.1887 0.9820 0.0024
vn -0.2285 -0.9520 0.2037
vn -0.7818 -0.5674 -0.2588
vn -0.5600 0.2679 0.7840
vn -0.1922 0.7649 0.6148
vn -0.6455 -0.1479 0.7493
vn -0.8359 0.4726 -0.2790
vn -0.5292 0.7536 -0.3899
vn -0.8209 -0.3458 -0.4544
vn 0.2421 -0.6325 0.7358
vn 0.9023 -0.0866 0.4224
vn 0.5911 0.0044 0.8066
vn 0.6332 -0.7499 -0.1917
vn 0.5029 -0.8595 0.0910
vn -0.5906 0.8063 -0.0331
vn -0.5073 -0.5425 -0.6696
vn -0.7487 0.6181 0.2397
vn 0.8672 -0.0405 0.4963
vn -0.0077 0.9145 0.4045
vn -0.8098 -0.4923 -0.3191
vn -0.7056 0.2914 0.6459
vn -0.3319 0.0423 0.9424
vn -0.5616 0.7211 0.4058
vn -0.8638 0.1156 0.4905
vn -0.1914 -0.9745 -0.1168
vn -0.3988 -0.7580 0.5162
vn -0.1424 -0.0286 0.9894
vn -0.5834 -0.3432 0.7361
vn -0.4390 0.8773 0.1939
vn -0.2204 0.9446 0.2433
vn -0.1844 -0.5600 0.8077
vn -0.9330 -0.3581 0.0364
vn -0.7725 -0.6177 -0.1472
vn 0.2193 -0.8669 0.4476
vn 0.2490 0.5283 0.8117
vn 0.6335 0.7684 -0.0908
vn -0.6932 0.6989 0.1760
vn -0.4850 0.8699 -0.0895
vn -0.9795 0.0792 -0.1852
vn -0.6450 -0.7612 -0.0677
vn 0.1808 -0.9830 0.0319
vn -0.1557 0.9583 0.2395
vn 0.9133 0.3463 0.2143
vn 0.3276 -0.1990 0.9236
vn 0.1580 -0.7837 0.6006
vn -0.5270 -0.8040 -0.2753
vn -0.2710 -0.8316 -0.4847
vn 0.6417 -0.7651 0.0532
vn -0.1314 0.2504 0.9592
vn -0.1042 0.9865 0.1264
vn -0.9837 0.0646 0.1678
vn -0.9230 0.3831 -0.0347
vn -0.8183 -0.4235 -0.3886
vn -0.0495 -0.9142 -0.4021
vn 0.7386 -0.6488 -0.1828
vn -0.8724 0.4147 0.2588
vn -0.0461 0.9371 0.3460
vn 0.2598 -0.3107 0.9143
vn 0.5363 -0.6465 0.5426
vn -0.0687 0.0499 0.9964
vn 0.8568 0.4198 0.2996
vn 0.9899 0.1420 -0.0012
vn 0.2181 0.9533 0.2088
vn -0.4244 0.7705 0.4756
vn 0.7678 0.5121 0.3850
vn 0.6341 0.7532 0.1747
vn -0.4457 0.8484 0.2857
vn -0.8248 -0.2447 0.5098
vn -0.1778 -0.8706 -0.4588
vn 0.7806 -0.5409 0.3133
vn -0.1160 -0.8935 0.4339
vn 0.7337 -0.6793 -0.0168
vn 0.9751 0.1563 0.1573
vn 0.4199 0.8754 0.2393
vn -0.3041 0.9362 0.1762
vn -0.8974 0.3084 -0.3156
vn -0.8477 0.5174 -0.1172
vn -0.9062 -0.2540 -0.3381
vn -0.0247 0.1170 0.9928
vn 0.3264 -0.8657 0.3795
vn -0.3534 -0.8826 -0.3099
vn -0.5096 -0.2558 0.8215
vn -0.5704 0.4887 0.6602
vn -0.4275 -0.4787 0.7669
vn -0.9676 -0.0966 -0.2334
vn 0.7023 -0.7025 0.1151
vn -0.3865 -0.8484 -0.3617
vn -0.3848 0.9073 0.1694
vn -0.2236 0.2890 0.9309
vn -0.4590 0.7094 0.5348
vn 0.1253 -0.9878 -0.0921
vn 0.4151 -0.9087 0.0451
vn 0.5022 -0.5351 0.6793
vn -0.9067 -0.0586 0.4178
vn 0.0549 -0.9682 -0.2440
vn -0.6620 -0.1343 0.7374
vn 0.8689 0.4937 -0.0364
vn 0.2319 -0.5467 0.8046
vn 0.6453 -0.7613 -0.0635
vn 0.3882 0.9016 0.1907
vn 0.4553 0.3498 0.8187
vn 0.0154 -0.4864 0.8736
vn 0.4564 -0.2303 0.8594
vn 0.3039 -0.9167 -0.2594
vn 0.4816 -0.7660 -0.4258
vn 0.6241 0.7364 -0.2611
vn -0.8827 0.2654 0.3878
vn -0.7310 -0.5532 0.3995
vn -0.7357 -0.0725 0.6735
vn 0.7429 -0.3691 -0.5584
vn 0.9156 -0.3191 -0.2448
vn 0.7833 -0.2688 0.5605
vn 0.8345 0.0284 -0.5502
vn 0.2979 0.8589 0.4166
vn 0.9813 -0.0317 -0.1899
vn -0.5927 -0.8008 0.0860
vn 0.6688 -0.4447 -0.5958
vn -0.3780 -0.8208 0.4282
vn 0.6065 -0.5857 0.5376
vn 0.6584 -0.1930 0.7275
vn -0.3042 0.7012 0.6448
vn 0.1744 0.0932 0.9803
vn 0.4264 -0.7017 0.5708
vn 0.5372 -0.2826 0.7947
vn 0.8169 -0.2471 -0.5212
vn 0.5523 -0.7142 -0.4301
vn 0.3502 -0.9365 -0.0199
vn 0.9947 -0.0288 0.0988
vn 0.3506 0.9186 0.1825
vn -0.7485 0.6453 0.1526
vn 0.5357 -0.8279 -0.1659
vn -0.0618 0.9663 0.2499
vn 0.7779 -0.2675 -0.5686
vn -0.4565 0.8882 0.0521
vn 0.9806 0.0103 -0.1958
vn 0.3922 -0.4258 -0.8154
vn -0.5365 -0.5921 0.6014
vn 0.7910 0.2705 -0.5488
vn -0.5207 -0.7905 -0.3225
vn -0.8734 -0.4859 -0.0337
vn -0.0383 0.9969 -0.0690
vn 0.6774 0.3138 -0.6654
vn -0.0056 0.9973 -0.0738
vn -0.1775 -0.9464 0.2699
vn 0.8993 -0.4188 -0.1261
vn -0.6746 -0.5317 0.5121
vn 0.4090 0.8859 -0.2188
vn 0.5854 -0.8035 -0.1083
vn 0.0933 -0.9904 -0.1019
vn 0.9464 -0.2553 -0.1980
vn 0.3123 0.9326 0.1808
vn -0.7649 0.6439 -0.0187
vn 0.5641 -0.8255 -0.0170
vn 0.3615 0.8896 0.2793
vn -0.4669 -0.7934 -0.3905
vn 0.6164 -0.7782 -0.1202
vn -0.3802 0.9025 0.2025
vn 0.0382 -0.7727 -0.6336
vn 0.9280 -0.1319 -0.3486
vn -0.8002 0.3304 0.5005
vn 0.5650 0.8241 -0.0402
vn -0.3380 0.7153 0.6116
vn 0.1279 -0.8595 -0.4949
vn 0.5668 0.2383 -0.7887
vn 0.4848 0.8647 0.1314
vn 0.2029 0.6850 0.6998
vn -0.3103 -0.8209 -0.4794
vn -0.8577 0.4968 0.1323
vn 0.8313 0.5512 -0.0714
vn 0.2469 -0.9654 0.0834
vn -0.8983 0.2652 0.3503
vn -0.9261 -0.3765 0.0232
vn 0.0788 0.9910 -0.1084
vn -0.7887 0.5157 -0.3346
vn -0.8632 -0.4715 0.1807
vn 0.9652 0.2576 -0.0457
vn 0.9706 -0.1611 -0.1791
vn 0.5049 0.8524 -0.1359
vn 0.1650 -0.9850 0.0500
vn 0.1008 0.9949 0.0098
vn -0.5268 -0.8013 0.2834
vn 0.8603 0.3488 -0.3717
vn 0.0281 -0.9065 0.4212
vn 0.5011 0.6804 -0.5348
vn -0.8819 -0.2414 0.4049
vn 0.0753 0.9137 -0.3993
vn 0.5479 -0.7314 0.4060
vn -0.9855 -0.0325 0.1665
vn -0.7696 -0.6043 0.2062
vn -0.2064 0.9742 -0.0911
vn -0.9935 0.1021 -0.0508
vn -0.4581 -0.6543 0.6018
vn -0.1646 0.8620 -0.4795
vn 0.8676 -0.4600 -0.1890
vn -0.8162 -0.2899 0.4998
vn 0.0617 0.9703 -0.2340
vn -0.0411 0.8085 -0.5871
vn -0.8355 0.5230 0.1687
vn 0.7390 -0.6726 0.0384
vn -0.9138 -0.2763 0.2977
vn 0.1873 0.9821 -0.0207
vn -0.8815 -0.2844 0.3771
vn -0.0105 0.7792 -0.6267
vn -0.9918 0.1240 0.0322
vn 0.5332 0.7487 -0.3939
vn 0.7480 0.3985 -0.5308
vn 0.3112 0.8583 0.4081
vn -0.1844 -0.9812 -0.0565
vn -0.7898 0.5978 0.1372
vn -0.4484 0.6857 0.5734
vn 0.6076 0.3424 -0.7167
vn 0.4273 0.8885 0.1672
vn 0.8383 0.4634 0.2871
vn 0.3474 -0.8822 -0.3178
vn 0.9812 0.0478 -0.1872
vn -0.9396 0.2087 0.2712
vn -0.6657 -0.7031 -0.2502
vn 0.4382 -0.7458 -0.5018
vn 0.9315 -0.0502 -0.3603
vn -0.1228 -0.9753 -0.1837
vn -0.8315 0.5500 0.0783
vn 0.9576 -0.0589 -0.2821
vn -0.5466 -0.8324 -0.0913
vn -0.5387 -0.8303 -0.1425
vn -0.2310 0.5528 0.8007
vn -0.9111 0.0046 0.4121
vn 0.4018 0.8913 -0.2101
vn 0.1266 0.7262 -0.6757
vn 0.7539 -0.6479 0.1088
vn -0.7817 0.5422 0.3082
vn -0.3633 0.9283 0.0793
vn 0.9857 -0.0851 -0.1452
vn -0.8542 -0.4690 0.2243
vn 0.2194 0.8140 0.5378
vn -0.7861 -0.6038 0.1323
vn -0.0839 0.9304 0.3568
vn 0.1676 -0.9827 0.0786
vn 0.0876 0.9960 0.0165
vn -0.3212 0.9073 0.2714
vn 0.0521 -0.9724 -0.2276
vn 0.5453 -0.5277 -0.6513
vn 0.9218 0.3708 -0.1126
vn -0.9992 0.0289 0.0268
vn 0.9705 -0.1036 -0.2176
vn 0.8821 -0.4655 -0.0725
vn -0.7984 -0.4959 -0.3416
vn -0.8494 -0.5273 -0.0219
vn 0.1625 -0.9852 0.0542
vn 0.6774 0.4484 -0.5832
vn -0.3099 -0.7262 0.6137
vn 0.7498 -0.6222 0.2252
vn -0.7191 -0.6270 -0.2996
vn -0.1257 0.9665 -0.2238
vn 0.6772 -0.6864 -0.2651
vn 0.9232 0.3811 -0.0496
vn 0.2931 0.9417 -0.1650
vn 0.6938 -0.7116 -0.1104
vn 0.8931 -0.2961 -0.3387
vn 0.6007 0.7836 -0.1587
vn -0.7720 -0.5827 0.2541
vn 0.6453 0.5520 -0.5282
vn -0.6432 -0.3477 0.6822
vn 0.2434 -0.9336 -0.2632
vn -0.9744 0.2246 0.0071
vn 0.4376 0.8989 0.0199
vn -0.6698 -0.7421 -0.0259
vn -0.8996 -0.4326 0.0596
vn 0.0650 -0.9915 0.1126
vn 0.1963 0.9728 -0.1231
vn 0.4473 -0.0576 -0.8926
vn 0.6773 0.7276 -0.1089
vn -0.6980 -0.6158 0.3655
vn -0.0805 0.9727 0.2177
vn 0.9162 -0.3367 -0.2174
vn 0.9608 0.2620 0.0913
vn 0.1067 0.9058 0.4101
vn -0.3614 -0.8483 -0.3869
vn -0.2977 -0.9475 -0.1165
vn -0.5751 0.7052 -0.4147
vn 0.3903 -0.9146 -0.1058
vn -0.0475 0.9655 0.2562
vn 0.6906 -0.7211 -0.0557
vn 0.9099 -0.4016 -0.1036
vn -0.6255 0.7626 0.1646
vn 0.9775 0.2107 0.0129
vn 0.3047 -0.9386 -0.1616
vn -0.2838 0.8877 0.3625
vn -0.0518 0.9670 0.2494
vn -0.7751 0.1928 0.6018
s 1
f 19//1 1//2 2//3
f 8//4 19//1 9//5
f 23//6 15//7 7//8
f 22//9 21//10 1//2
f 1//2 14//11 2//3
f 7//8 15//7 12//12
f 3//13 19//1 2//3
f 3//13 2//3 13//14
f 12//12 4//15 7//8
f 13//14 16//16 10//17
f 15//7 5//18 12//12
f 12//12 5//18 24//19
f 11//20 5//18 6//21
f 20//22 23//6 7//8
f 10//17 19//1 3//13
f 4//15 24//19 11//20
f 13//14 2//3 14//11
f 1//2 21//10 14//11
f 10//17 11//20 6//21
f 10//17 16//16 11//20
f 1//2 8//4 22//9
f 14//11 21//10 13//14
f 45//23 26//24 27//25
f 33//26 45//23 34//27
f 25//28 41//29 38//30
f 48//31 40//32 32//33
f 26//24 47//34 25//28
f 26//24 39//35 27//25
f 32//33 40//32 37//36
f 28//37 45//23 27//25
f 28//37 27//25 38//30
f 37//36 29//38 32//33
f 38//30 41//29 35//39
f 40//32 30//40 37//36
f 37//36 30//40 49//41
f 36//42 30//40 31//43
f 46//44 48//31 32//33
f 35//39 45//23 28//37
f 29//38 49//41 36//42
f 38//30 27//25 39//35
f 35//39 36//42 31//43
f 35//39 41//29 36//42
f 26//24 33//26 47//34
f 50//45 65//46 56//47
f 57//48 72//49 50//45
f 55//50 54//51 64//52
f 56//47 52//53 69//54
f 70//55 68//56 56//47
f 56//47 65//46 54//51
f 54//51 52//53 56//47
f 64//52 54//51 58//57
f 53//58 61//59 55//50
f 50//45 72//49 58//57
f 54//51 55//50 52//53
f 59//60 60//61 62//62
f 62//62 63//63 61//59
f 61//59 53//58 62//62
f 53//58 59//60 62//62
f 59//60 64//52 72//49
f 63//63 55//50 61//59
f 51//64 67//65 55//50
f 73//66 88//67 79//68
f 80//69 95//70 73//66
f 78//71 77//72 87//73
f 79//68 75//74 92//75
f 93//76 91//77 79//68
f 79//68 88//67 77//72
f 77//72 75//74 79//68
f 87//73 77//72 81//78
f 76//79 84//80 78//71
f 73//66 95//70 81//78
f 77//72 78//71 75//74
f 82//81 83//82 85//83
f 85//83 86//84 84//80
f 84//80 76//79 85//83
f 76//79 82//81 85//83
f 82//81 87//73 95//70
f 86//84 78//71 84//80
f 74//85 90//86 78//71
f 103//87 110//88 101//89
f 102//90 109//91 103//87
f 100//92 99//93 109//91
f 101//89 97//94 114//95
f 115//96 113//97 101//89
f 101//89 110//88 99//93
f 99//93 97//94 101//89
f 109//91 99//93 103//87
f 98//98 106//99 100//92
f 99//93 100//92 97//94
f 104//100 105//101 107//102
f 107//102 108//103 106//99
f 106//99 98//98 107//102
f 98//98 104//100 107//102
f 108//103 100//92 106//99
f 96//104 112//105 100//92
f 117//106 132//107 123//108
f 124//109 139//110 117//106
f 122//111 121//112 131//113
f 123//108 119//114 136//115
f 137//116 135//117 123//108
f 123//108 132//107 121//112
f 121//112 119//114 123//108
f 131//113 121//112 125//118
f 120//119 128//120 122//111
f 117//106 139//110 125//118
f 121//112 122//111 119//114
f 126//121 127//122 129//123
f 129//123 130//124 128//120
f 128//120 120//119 129//123
f 120//119 126//121 129//123
f 126//121 131//113 139//110
f 130//124 122//111 128//120
f 118//125 134//126 122//111
f 140//127 155//128 146//129
f 147//130 162//131 140//127
f 145//132 144//133 154//134
f 146//129 142//135 159//136
f 160//137 158//138 146//129
f 146//129 155//128 144//133
f 144//133 142//135 146//129
f 154//134 144//133 148//139
f 143//140 151//141 145//132
f 140//127 162//131 148//139
f 144//133 145//132 142//135
f 149//142 150//143 152//144
f 152//144 153//145 151//141
f 151//141 143//140 152//144
f 143//140 149//142 152//144
f 149//142 154//134 162//131
f 153//145 145//132 151//141
f 141//146 157//147 145//132
f 181//148 164//149 165//150
f 171//151 181//148 172//152
f 163//153 178//154 166//155
f 185//156 177//157 170//158
f 164//149 184//159 163//153
f 164//149 176//160 165//150
f 170//158 177//157 175//161
f 166//155 181//148 165//150
f 175//161 167//162 170//158
f 166//155 178//154 173//163
f 177//157 168//164 175//161
f 175//161 168//164 186//165
f 174//166 168//164 169//167
f 182//168 185//156 170//158
f 173//163 181//148 166//155
f 167//162 186//165 174//166
f 166//155 165//150 176//160
f 173//163 174//166 169//167
f 173//163 178//154 174//166
f 164//149 171//151 184//159
f 187//169 202//170 193//171
f 194//172 209//173 187//169
f 192//174 191//175 201//176
f 193//171 189//177 206//178
f 207//179 205//180 193//171
f 193//171 202//170 191//175
f 191//175 189//177 193//171
f 201//176 191//175 195//181
f 190//182 198//183 192//174
f 187//169 209//173 195//181
f 191//175 192//174 189//177
f 196//184 197//185 199//186
f 199//186 200//187 198//183
f 198//183 190//182 199//186
f 190//182 196//184 199//186
f 196//184 201//176 209//173
f 200//187 192//174 198//183
f 188//188 204//189 192//174
f 217//190 224//191 215//192
f 216//193 223//194 217//190
f 214//195 213//196 223//194
f 215//192 211//197 228//198
f 229//199 227//200 215//192
f 215//192 224//191 213//196
f 213//196 211//197 215//192
f 223//194 213//196 217//190
f 212//201 220//202 214//195
f 213//196 214//195 211//197
f 218//203 219//204 221//205
f 221//205 222//206 220//202
f 220//202 212//201 221//205
f 212//201 218//203 221//205
f 222//206 214//195 220//202
f 210//207 226//208 214//195
f 252//209 232//210 233//211
f 239//212 252//209 240//213
f 231//214 247//215 244//216
f 254//217 246//218 238//219
f 232//210 245//220 233//211
f 238//219 246//218 243//221
f 234//222 252//209 233//211
f 234//222 233//211 244//216
f 243//221 235//223 238//219
f 244//216 247//215 241//224
f 246//218 236//225 243//221
f 243//221 236//225 255//226
f 242//227 236//225 237//228
f 253//229 254//217 238//219
f 241//224 252//209 234//222
f 235//223 255//226 242//227
f 244//216 233//211 245//220
f 241//224 242//227 237//228
f 241//224 247//215 242//227
f 232//210 239//212 249//230
f 232//210 248//231 231//214
f 274//232 257//233 258//234
f 264//235 274//232 265//236
f 256//237 271//238 259//239
f 278//240 270//241 263//242
f 257//233 277//243 256//237
f 257//233 269//244 258//234
f 263//242 270//241 268//245
f 259//239 274//232 258//234
f 268//245 260//246 263//242
f 259//239 271//238 266//247
f 270//241 261//248 268//245
f 268//245 261//248 279//249
f 267//250 261//248 262//251
f 275//252 278//240 263//242
f 266//247 274//232 259//239
f 260//246 279//249 267//250
f 259//239 258//234 269//244
f 266//247 267//250 262//251
f 266//247 271//238 267//250
f 257//233 264//235 277//243
f 299//253 281//254 282//255
f 288//256 299//253 289//257
f 280//258 294//259 283//260
f 281//254 293//261 282//255
f 283//260 299//253 282//255
f 292//262 284//263 287//264
f 283//260 294//259 290//265
f 292//262 285//266 302//267
f 291//268 285//266 286//269
f 300//270 301//271 287//264
f 290//265 299//253 283//260
f 284//263 302//267 291//268
f 283//260 282//255 293//261
f 290//265 291//268 286//269
f 290//265 294//259 291//268
f 292//262 301//271 297//272
f 281//254 288//256 296//273
f 281//254 295//274 280//258
f 310//275 320//276 311//277
f 303//278 316//279 305//280
f 323//281 314//282 309//283
f 305//280 320//276 304//284
f 314//282 306//285 309//283
f 305//280 316//279 312//286
f 314//282 307//287 324//288
f 313//289 307//287 308//290
f 321//291 323//281 309//283
f 312//286 320//276 305//280
f 306//285 324//288 313//289
f 305//280 304//284 315//292
f 312//286 313//289 308//290
f 312//286 316//279 313//289
f 304//284 310//275 322//293
f 344//294 326//295 327//296
f 333//297 344//294 334//298
f 325//299 340//300 328//301
f 347//302 339//303 332//304
f 326//295 346//305 325//299
f 326//295 338//306 327//296
f 332//304 339//303 337//307
f 328//301 344//294 327//296
f 337//307 329//308 332//304
f 328//301 340//300 335//309
f 339//303 330//310 337//307
f 337//307 330//310 348//311
f 336//312 330//310 331//313
f 345//314 347//302 332//304
f 335//309 344//294 328//301
f 329//308 348//311 336//312
f 328//301 327//296 338//306
f 335//309 336//312 331//313
f 335//309 340//300 336//312
f 326//295 333//297 346//305
f 369//315 350//316 351//317
f 357//318 369//315 358//319
f 349//320 365//321 362//322
f 372//323 364//324 356//325
f 350//316 371//326 349//320
f 350//316 363//327 351//317
f 356//325 364//324 361//328
f 352//329 369//315 351//317
f 352//329 351//317 362//322
f 361//328 353//330 356//325
f 362//322 365//321 359//331
f 364//324 354//332 361//328
f 361//328 354//332 373//333
f 360//334 354//332 355//335
f 370//336 372//323 356//325
f 359//331 369//315 352//329
f 353//330 373//333 360//334
f 362//322 351//317 363//327
f 359//331 360//334 355//335
f 359//331 365//321 360//334
f 350//316 357//318 371//326
f 376//337 374//338 375//339
f 381//340 376//337 382//341
f 394//342 385//343 380//344
f 374//338 393//345 387//346
f 374//338 387//346 375//339
f 376//337 375//339 386//347
f 385//343 377//348 380//344
f 386//347 388//349 383//350
f 385//343 378//351 395//352
f 384//353 378//351 379//354
f 391//355 394//342 380//344
f 377//348 395//352 384//353
f 386//347 375//339 387//346
f 383//350 384//353 379//354
f 383//350 388//349 384//353
f 374//338 381//340 393//345
f 387//346 392//356 386//347
f 414//357 397//358 398//359
f 404//360 414//357 405//361
f 396//362 410//363 399//364
f 397//358 416//365 396//362
f 397//358 409//366 398//359
f 399//364 414//357 398//359
f 408//367 400//368 403//369
f 399//364 410//363 406//370
f 408//367 401//371 418//372
f 407//373 401//371 402//374
f 415//375 417//376 403//369
f 406//370 414//357 399//364
f 400//368 418//372 407//373
f 399//364 398//359 409//366
f 406//370 407//373 402//374
f 406//370 410//363 407//373
f 408//367 417//376 412//377
f 397//358 404//360 416//365
f 419//378 434//379 425//380
f 426//381 441//382 419//378
f 424//383 423//384 433//385
f 425//380 421//386 438//387
f 439//388 437//389 425//380
f 425//380 434//379 423//384
f 423//384 421//386 425//380
f 433//385 423//384 427//390
f 422//391 430//392 424//383
f 419//378 441//382 427//390
f 423//384 424//383 421//386
f 428//393 429//394 431//395
f 431//395 432//396 430//392
f 430//392 422//391 431//395
f 422//391 428//393 431//395
f 428//393 433//385 441//382
f 432//396 424//383 430//392
f 420//397 436//398 424//383
f 449//399 456//400 447//401
f 448//402 463//403 449//399
f 446//404 445//405 455//406
f 447//401 443//407 460//408
f 461//409 459//410 447//401
f 447//401 456//400 445//405
f 445//405 443//407 447//401
f 455//406 445//405 449//399
f 444//411 452//412 446//404
f 445//405 446//404 443//407
f 450//413 451//414 453//415
f 453//415 454//416 452//412
f 452//412 444//411 453//415
f 444//411 450//413 453//415
f 450//413 455//406 463//403
f 454//416 446//404 452//412
f 442//417 458//418 446//404
f 464//419 479//420 470//421
f 471//422 486//423 464//419
f 469//424 468//425 478//426
f 470//421 466//427 483//428
f 484//429 482//430 470//421
f 470//421 479//420 468//425
f 468//425 466//427 470//421
f 478//426 468//425 472//431
f 467//432 475//433 469//424
f 464//419 486//423 472//431
f 468//425 469//424 466//427
f 473//434 474//435 476//436
f 476//436 477//437 475//433
f 475//433 467//432 476//436
f 467//432 473//434 476//436
f 473//434 478//426 486//423
f 477//437 469//424 475//433
f 465//438 481//439 469//424
f 504//440 488//441 489//442
f 495//443 504//440 496//444
f 487//445 501//446 490//447
f 508//448 499//449 494//450
f 488//441 507//451 487//445
f 488//441 500//452 489//442
f 490//447 504//440 489//442
f 499//449 491//453 494//450
f 490//447 501//446 497//454
f 499//449 492//455 509//456
f 498//457 492//455 493//458
f 505//459 508//448 494//450
f 497//454 504//440 490//447
f 491//453 509//456 498//457
f 490//447 489//442 500//452
f 497//454 498//457 493//458
f 497//454 501//446 498//457
f 488//441 495//443 507//451
f 531//460 511//461 512//462
f 518//463 531//460 519//464
f 510//465 526//466 523//467
f 533//468 525//469 517//470
f 511//461 524//471 512//462
f 517//470 525//469 522//472
f 513//473 531//460 512//462
f 513//473 512//462 523//467
f 522//472 514//474 517//470
f 523//467 526//466 520//475
f 525//469 515//476 522//472
f 522//472 515//476 534//477
f 521//478 515//476 516//479
f 532//480 533//468 517//470
f 520//475 531//460 513//473
f 514//474 534//477 521//478
f 523//467 512//462 524//471
f 520//475 521//478 516//479
f 520//475 526//466 521//478
f 511//461 518//463 528//481
f 511//461 527//482 510//465
f 552//483 536//484 537//485
f 543//486 552//483 544//487
f 535//488 549//489 538//490
f 536//484 555//491 535//488
f 536//484 548//492 537//485
f 538//490 552//483 537//485
f 547//493 539//494 542//495
f 538//490 549//489 545//496
f 547//493 540//497 557//498
f 546//499 540//497 541//500
f 553//501 556//502 542//495
f 545//496 552//483 538//490
f 539//494 557//498 546//499
f 538//490 537//485 548//492
f 545//496 546//499 541//500
f 545//496 549//489 546//499
f 547//493 556//502 550//503
f 536//484 543//486 555//491
f 565//504 567//505 566//506
f 558//507 570//508 560//509
f 576//510 572//511 564//512
f 575//513 571//514 559//515
f 564//512 572//511 569//516
f 560//509 567//505 559//515
f 569//516 561//517 564//512
f 560//509 570//508 567//505
f 572//511 562//518 569//516
f 568//519 562//518 563//520
f 574//521 576//510 564//512
f 561//517 569//516 568//519
f 560//509 559//515 558//507
f 559//515 571//514 558//507
f 567//505 568//519 563//520
f 567//505 570//508 568//519
f 559//515 565//504 575//513
f 584//522 591//523 582//524
f 583//525 590//526 584//522
f 581//527 580//528 590//526
f 582//524 578//529 595//530
f 596//531 594//532 582//524
f 582//524 591//523 580//528
f 580//528 578//529 582//524
f 590//526 580//528 584//522
f 579//533 587//534 581//527
f 580//528 581//527 578//529
f 585//535 586//536 588//537
f 588//537 589//538 587//534
f 587//534 579//533 588//537
f 579//533 585//535 588//537
f 589//538 581//527 587//534
f 577//539 593//540 581//527
f 618//541 599//542 600//543
f 606//544 618//541 607//545
f 598//546 614//547 611//548
f 620//549 615//550 599//542
f 599//542 612//551 600//543
f 605//552 613//553 610//554
f 601//555 618//541 600//543
f 601//555 600//543 611//548
f 610//554 602//556 605//552
f 611//548 614//547 608//557
f 613//553 603//558 610//554
f 610//554 603//558 622//559
f 609//560 603//558 604//561
f 619//562 621//563 605//552
f 608//557 618//541 601//555
f 602//556 622//559 609//560
f 611//548 600//543 612//551
f 599//542 615//550 598//546
f 608//557 609//560 604//561
f 608//557 614//547 609//560
f 613//553 621//563 616//564
f 599//542 606//544 620//549
f 630//565 637//566 628//567
f 629//568 644//569 630//565
f 627//570 626//571 636//572
f 628//567 624//573 641//574
f 642//575 640//576 628//567
f 628//567 637//566 626//571
f 626//571 624//573 628//567
f 636//572 626//571 630//565
f 625//577 633//578 627//570
f 626//571 627//570 624//573
f 631//579 632//580 634//581
f 634//581 635//582 633//578
f 633//578 625//577 634//581
f 625//577 631//579 634//581
f 631//579 636//572 644//569
f 635//582 627//570 633//578
f 623//583 639//584 627//570
f 645//585 660//586 651//587
f 652//588 667//589 645//585
f 650//590 649//591 659//592
f 651//587 647//593 664//594
f 665//595 663//596 651//587
f 651//587 660//586 649//591
f 649//591 647//593 651//587
f 659//592 649//591 653//597
f 648//598 656//599 650//590
f 645//585 667//589 653//597
f 649//591 650//590 647//593
f 654//600 655//601 657//602
f 657//602 658//603 656//599
f 656//599 648//598 657//602
f 648//598 654//600 657//602
f 654//600 659//592 667//589
f 658//603 650//590 656//599
f 646//604 662//605 650//590
f 675//606 682//607 673//608
f 674//609 689//610 675//606
f 672//611 671//612 681//613
f 673//608 669//614 686//615
f 687//616 685//617 673//608
f 673//608 682//607 671//612
f 671//612 669//614 673//608
f 681//613 671//612 675//606
f 670//618 678//619 672//611
f 671//612 672//611 669//614
f 676//620 677//621 679//622
f 679//622 680//623 678//619
f 678//619 670//618 679//622
f 670//618 676//620 679//622
f 676//620 681//613 689//610
f 680//623 672//611 678//619
f 668//624 684//625 672//611
f 709//626 691//627 692//628
f 698//629 709//626 699//630
f 690//631 705//632 693//633
f 712//634 704//635 697//636
f 711//637 706//638 691//627
f 691//627 703//639 692//628
f 697//636 704//635 702//640
f 693//633 709//626 692//628
f 702//640 694//641 697//636
f 693//633 705//632 700//642
f 704//635 695//643 702//640
f 702//640 695//643 713//644
f 701//645 695//643 696//646
f 710//647 712//634 697//636
f 700//642 709//626 693//633
f 694//641 713//644 701//645
f 693//633 692//628 703//639
f 691//627 706//638 690//631
f 700//642 701//645 696//646
f 700//642 705//632 701//645
f 691//627 698//629 711//637
f 714//648 729//649 720//650
f 721//651 736//652 714//648
f 719//653 718//654 728//655
f 720//650 716//656 733//657
f 734//658 732//659 720//650
f 720//650 729//649 718//654
f 718//654 716//656 720//650
f 728//655 718//654 722//660
f 717//661 725//662 719//653
f 714//648 736//652 722//660
f 718//654 719//653 716//656
f 723//663 724//664 726//665
f 726//665 727//666 725//662
f 725//662 717//661 726//665
f 717//661 723//663 726//665
f 723//663 728//655 736//652
f 727//666 719//653 725//662
f 715//667 731//668 719//653
f 737//669 752//670 743//671
f 744//672 759//673 737//669
f 742//674 741//675 751//676
f 743//671 739//677 756//678
f 757//679 755//680 743//671
f 743//671 752//670 741//675
f 741//675 739//677 743//671
f 751//676 741//675 745//681
f 740//682 748//683 742//674
f 737//669 759//673 745//681
f 741//675 742//674 739//677
f 746//684 747//685 749//686
f 749//686 750//687 748//683
f 748//683 740//682 749//686
f 740//682 746//684 749//686
f 746//684 751//676 759//673
f 750//687 742//674 748//683
f 738//688 754//689 742//674
f 778//690 761//691 762//692
f 768//693 778//690 769//694
f 760//695 775//696 763//697
f 782//698 774//699 767//700
f 761//691 781//701 760//695
f 761//691 773//702 762//692
f 767//700 774//699 772//703
f 763//697 778//690 762//692
f 772//703 764//704 767//700
f 763//697 775//696 770//705
f 774//699 765//706 772//703
f 772//703 765//706 783//707
f 771//708 765//706 766//709
f 779//710 782//698 767//700
f 770//705 778//690 763//697
f 764//704 783//707 771//708
f 763//697 762//692 773//702
f 770//705 771//708 766//709
f 770//705 775//696 771//708
f 761//691 768//693 781//701
f 791//711 798//712 789//713
f 790//714 797//715 791//711
f 788//716 787//717 797//715
f 789//713 785//718 802//719
f 803//720 801//721 789//713
f 789//713 798//712 787//717
f 787//717 785//718 789//713
f 797//715 787//717 791//711
f 786//722 794//723 788//716
f 787//717 788//716 785//718
f 792//724 793//725 795//726
f 795//726 796//727 794//723
f 794//723 786//722 795//726
f 786//722 792//724 795//726
f 796//727 788//716 794//723
f 784//728 800//729 788//716
f 805//730 820//731 811//732
f 812//733 827//734 805//730
f 810//735 809//736 819//737
f 811//732 807//738 824//739
f 825//740 823//741 811//732
f 811//732 820//731 809//736
f 809//736 807//738 811//732
f 819//737 809//736 813//742
f 808//743 816//744 810//735
f 805//730 827//734 813//742
f 809//736 810//735 807//738
f 814//745 815//746 817//747
f 817//747 818//748 816//744
f 816//744 808//743 817//747
f 808//743 814//745 817//747
f 814//745 819//737 827//734
f 818//748 810//735 816//744
f 806//749 822//750 810//735
f 828//751 843//752 834//753
f 835//754 850//755 828//751
f 833//756 832//757 842//758
f 834//753 830//759 847//760
f 848//761 846//762 834//753
f 834//753 843//752 832//757
f 832//757 830//759 834//753
f 842//758 832//757 836//763
f 831//764 839//765 833//756
f 828//751 850//755 836//763
f 832//757 833//756 830//759
f 837//766 838//767 840//768
f 840//768 841//769 839//765
f 839//765 831//764 840//768
f 831//764 837//766 840//768
f 837//766 842//758 850//755
f 841//769 833//756 839//765
f 829//770 845//771 833//756
f 870//772 851//773 852//774
f 858//775 870//772 859//776
f 874//777 866//778 857//779
f 851//773 873//780 865//781
f 851//773 864//782 852//774
f 857//779 866//778 862//783
f 853//784 870//772 852//774
f 853//784 852//774 863//785
f 862//783 854//786 857//779
f 863//785 867//787 860//788
f 866//778 855//789 862//783
f 862//783 855//789 875//790
f 861//791 855//789 856//792
f 871//793 874//777 857//779
f 860//788 870//772 853//784
f 854//786 875//790 861//791
f 863//785 852//774 864//782
f 860//788 861//791 856//792
f 860//788 867//787 861//791
f 851//773 858//775 873//780
f 865//781 872//794 863//785
f 883//795 890//796 881//797
f 882//798 889//799 883//795
f 880//800 879//801 889//799
f 881//797 877//802 894//803
f 895//804 893//805 881//797
f 881//797 890//796 879//801
f 879//801 877//802 881//797
f 889//799 879//801 883//795
f 878//806 886//807 880//800
f 879//801 880//800 877//802
f 884//808 885//809 887//810
f 887//810 888//811 886//807
f 886//807 878//806 887//810
f 878//806 884//808 887//810
f 888//811 880//800 886//807
f 876//812 892//813 880//800
f 904//814 911//815 902//816
f 903//817 918//818 904//814
f 901//819 900//820 910//821
f 902//816 898//822 915//823
f 916//824 914//825 902//816
f 902//816 911//815 900//820
f 900//820 898//822 902//816
f 910//821 900//820 904//814
f 899//826 907//827 901//819
f 900//820 901//819 898//822
f 905//828 906//829 908//830
f 908//830 909//831 907//827
f 907//827 899//826 908//830
f 899//826 905//828 908//830
f 905//828 910//821 918//818
f 909//831 901//819 907//827
f 897//832 913//833 901//819
f 940//834 920//835 921//836
f 927//837 940//834 928//838
f 919//839 935//840 932//841
f 920//835 933//842 921//836
f 926//843 934//844 931//845
f 922//846 940//834 921//836
f 922//846 921//836 932//841
f 931//845 923//847 926//843
f 932//841 935//840 929//848
f 934//844 924//849 931//845
f 931//845 924//849 943//850
f 930//851 924//849 925//852
f 941//853 942//854 926//843
f 929//848 940//834 922//846
f 923//847 943//850 930//851
f 932//841 921//836 933//842
f 929//848 930//851 925//852
f 929//848 935//840 930//851
f 934//844 942//854 938//855
f 920//835 927//837 937//856
f 920//835 936//857 919//839
f 963//858 945//859 946//860
f 952//861 963//858 953//862
f 944//863 958//864 947//865
f 945//859 957//866 946//860
f 947//865 963//858 946//860
f 956//867 948//868 951//869
f 947//865 958//864 954//870
f 956//867 949//871 966//872
f 955//873 949//871 950//874
f 964//875 965//876 951//869
f 954//870 963//858 947//865
f 948//868 966//872 955//873
f 947//865 946//860 957//866
f 954//870 955//873 950//874
f 954//870 958//864 955//873
f 956//867 965//876 961//877
f 945//859 952//861 960//878
f 945//859 959//879 944//863
f 985//880 968//881 969//882
f 975//883 985//880 976//884
f 967//885 982//886 970//887
f 989//888 981//889 974//890
f 968//881 988//891 967//885
f 968//881 980//892 969//882
f 974//890 981//889 979//893
f 970//887 985//880 969//882
f 979//893 971//894 974//890
f 970//887 982//886 977//895
f 981//889 972//896 979//893
f 979//893 972//896 990//897
f 978//898 972//896 973//899
f 986//900 989//888 974//890
f 977//895 985//880 970//887
f 971//894 990//897 978//898
f 970//887 969//882 980//892
f 977//895 978//898 973//899
f 977//895 982//886 978//898
f 968//881 975//883 988//891
f 1010//901 991//902 992//903
f 998//904 1010//901 999//905
f 1014//906 1006//907 997//908
f 991//902 1013//909 1005//910
f 991//902 1004//911 992//903
f 997//908 1006//907 1002//912
f 993//913 1010//901 992//903
f 993//913 992//903 1003//914
f 1002//912 994//915 997//908
f 1003//914 1007//916 1000//917
f 1006//907 995//918 1002//912
f 1002//912 995//918 1015//919
f 1001//920 995//918 996//921
f 1011//922 1014//906 997//908
f 1000//917 1010//901 993//913
f 994//915 1015//919 1001//920
f 1003//914 992//903 1004//911
f 1000//917 1001//920 996//921
f 1000//917 1007//916 1001//920
f 991//902 998//904 1013//909
f 1005//910 1012//923 1003//914
f 1034//924 1017//925 1018//926
f 1024//927 1034//924 1025//928
f 1016//929 1030//930 1019//931
f 1036//932 1031//933 1017//925
f 1017//925 1029//934 1018//926
f 1019//931 1034//924 1018//926
f 1028//935 1020//936 1023//937
f 1019//931 1030//930 1026//938
f 1028//935 1021//939 1038//940
f 1027//941 1021//939 1022//942
f 1035//943 1037//944 1023//937
f 1026//938 1034//924 1019//931
f 1020//936 1038//940 1027//941
f 1019//931 1018//926 1029//934
f 1017//925 1031//933 1016//929
f 1026//938 1027//941 1022//942
f 1026//938 1030//930 1027//941
f 1028//935 1037//944 1032//945
f 1017//925 1024//927 1036//932
f 1039//946 1054//947 1045//948
f 1046//949 1061//950 1039//946
f 1044//951 1043//952 1053//953
f 1045//948 1041//954 1058//955
f 1059//956 1057//957 1045//948
f 1045//948 1054//947 1043//952
f 1043//952 1041//954 1045//948
f 1053//953 1043//952 1047//958
f 1042//959 1050//960 1044//951
f 1039//946 1061//950 1047//958
f 1043//952 1044//951 1041//954
f 1048//961 1049//962 1051//963
f 1051//963 1052//964 1050//960
f 1050//960 1042//959 1051//963
f 1042//959 1048//961 1051//963
f 1048//961 1053//953 1061//950
f 1052//964 1044//951 1050//960
f 1040//965 1056//966 1044//951
f 1062//967 1078//968 1068//969
f 1069//970 1085//971 1062//967
f 1067//972 1066//973 1077//974
f 1068//969 1064//975 1082//976
f 1083//977 1081//978 1068//969
f 1068//969 1078//968 1066//973
f 1066//973 1064//975 1068//969
f 1077//974 1066//973 1070//979
f 1072//980 1074//981 1067//972
f 1062//967 1085//971 1070//979
f 1066//973 1067//972 1064//975
f 1071//982 1073//983 1075//984
f 1075//984 1076//985 1074//981
f 1074//981 1072//980 1075//984
f 1072//980 1071//982 1075//984
f 1071//982 1072//980 1065//986
f 1071//982 1077//974 1085//971
f 1076//985 1067//972 1074//981
f 1063//987 1080//988 1067//972
f 1086//989 1101//990 1092//991
f 1093//992 1108//993 1086//989
f 1091//994 1090//995 1100//996
f 1092//991 1088//997 1105//998
f 1106//999 1104//1000 1092//991
f 1092//991 1101//990 1090//995
f 1090//995 1088//997 1092//991
f 1100//996 1090//995 1094//1001
f 1089//1002 1097//1003 1091//994
f 1086//989 1108//993 1094//1001
f 1090//995 1091//994 1088//997
f 1095//1004 1096//1005 1098//1006
f 1098//1006 1099//1007 1097//1003
f 1097//1003 1089//1002 1098//1006
f 1089//1002 1095//1004 1098//1006
f 1095//1004 1100//996 1108//993
f 1099//1007 1091//994 1097//1003
f 1087//1008 1103//1009 1091//994
f 1116//1010 1123//1011 1114//1012
f 1115//1013 1122//1014 1116//1010
f 1113//1015 1112//1016 1122//1014
f 1114//1012 1110//1017 1127//1018
f 1128//1019 1126//1020 1114//1012
f 1114//1012 1123//1011 1112//1016
f 1112//1016 1110//1017 1114//1012
f 1122//1014 1112//1016 1116//1010
f 1111//1021 1119//1022 1113//1015
f 1112//1016 1113//1015 1110//1017
f 1117//1023 1118//1024 1120//1025
f 1120//1025 1121//1026 1119//1022
f 1119//1022 1111//1021 1120//1025
f 1111//1021 1117//1023 1120//1025
f 1121//1026 1113//1015 1119//1022
f 1109//1027 1125//1028 1113//1015
f 1130//1029 1145//1030 1136//1031
f 1137//1032 1152//1033 1130//1029
f 1135//1034 1134//1035 1144//1036
f 1136//1031 1132//1037 1149//1038
f 1150//1039 1148//1040 1136//1031
f 1136//1031 1145//1030 1134//1035
f 1134//1035 1132//1037 1136//1031
f 1144//1036 1134//1035 1138//1041
f 1133//1042 1141//1043 1135//1034
f 1130//1029 1152//1033 1138//1041
f 1134//1035 1135//1034 1132//1037
f 1139//1044 1140//1045 1142//1046
f 1142//1046 1143//1047 1141//1043
f 1141//1043 1133//1042 1142//1046
f 1133//1042 1139//1044 1142//1046
f 1139//1044 1144//1036 1152//1033
f 1143//1047 1135//1034 1141//1043
f 1131//1048 1147//1049 1135//1034
f 1153//1050 1169//1051 1159//1052
f 1160//1053 1176//1054 1153//1050
f 1158//1055 1157//1056 1168//1057
f 1159//1052 1155//1058 1173//1059
f 1174//1060 1172//1061 1159//1052
f 1154//1062 1177//1063 1175//1064
f 1159//1052 1169//1051 1157//1056
f 1157//1056 1155//1058 1159//1052
f 1168//1057 1157//1056 1161//1065
f 1163//1066 1165//1067 1158//1055
f 1153//1050 1176//1054 1161//1065
f 1157//1056 1158//1055 1155//1058
f 1162//1068 1164//1069 1166//1070
f 1166//1070 1167//1071 1165//1067
f 1165//1067 1163//1066 1166//1070
f 1163//1066 1162//1068 1166//1070
f 1162//1068 1163//1066 1156//1072
f 1162//1068 1168//1057 1176//1054
f 1167//1071 1158//1055 1165//1067
f 1154//1062 1171//1073 1158//1055
f 1178//1074 1194//1075 1184//1076
f 1185//1077 1201//1078 1178//1074
f 1183//1079 1182//1080 1193//1081
f 1184//1076 1180//1082 1198//1083
f 1199//1084 1197//1085 1184//1076
f 1184//1076 1194//1075 1182//1080
f 1182//1080 1180//1082 1184//1076
f 1193//1081 1182//1080 1186//1086
f 1188//1087 1190//1088 1183//1079
f 1178//1074 1201//1078 1186//1086
f 1182//1080 1183//1079 1180//1082
f 1187//1089 1189//1090 1191//1091
f 1191//1091 1192//1092 1190//1088
f 1190//1088 1188//1087 1191//1091
f 1188//1087 1187//1089 1191//1091
f 1187//1089 1188//1087 1181//1093
f 1187//1089 1193//1081 1201//1078
f 1192//1092 1183//1079 1190//1088
f 1179//1094 1196//1095 1183//1079
f 1202//1096 1217//1097 1208//1098
f 1209//1099 1224//1100 1202//1096
f 1207//1101 1206//1102 1216//1103
f 1208//1098 1204//1104 1221//1105
f 1222//1106 1220//1107 1208//1098
f 1208//1098 1217//1097 1206//1102
f 1206//1102 1204//1104 1208//1098
f 1216//1103 1206//1102 1210//1108
f 1205//1109 1213//1110 1207//1101
f 1202//1096 1224//1100 1210//1108
f 1206//1102 1207//1101 1204//1104
f 1211//1111 1212//1112 1214//1113
f 1214//1113 1215//1114 1213//1110
f 1213//1110 1205//1109 1214//1113
f 1205//1109 1211//1111 1214//1113
f 1211//1111 1216//1103 1224//1100
f 1215//1114 1207//1101 1213//1110
f 1203//1115 1219//1116 1207//1101
f 1225//1117 1240//1118 1231//1119
f 1232//1120 1247//1121 1225//1117
f 1230//1122 1229//1123 1239//1124
f 1231//1119 1227//1125 1244//1126
f 1245//1127 1243//1128 1231//1119
f 1231//1119 1240//1118 1229//1123
f 1229//1123 1227//1125 1231//1119
f 1239//1124 1229//1123 1233//1129
f 1228//1130 1236//1131 1230//1122
f 1225//1117 1247//1121 1233//1129
f 1229//1123 1230//1122 1227//1125
f 1234//1132 1235//1133 1237//1134
f 1237//1134 1238//1135 1236//1131
f 1236//1131 1228//1130 1237//1134
f 1228//1130 1234//1132 1237//1134
f 1234//1132 1239//1124 1247//1121
f 1238//1135 1230//1122 1236//1131
f 1226//1136 1242//1137 1230//1122
f 1265//1138 1249//1139 1250//1140
f 1256//1141 1265//1138 1257//1142
f 1248//1143 1262//1144 1251//1145
f 1249//1139 1268//1146 1248//1143
f 1249//1139 1261//1147 1250//1140
f 1251//1145 1265//1138 1250//1140
f 1260//1148 1252//1149 1255//1150
f 1251//1145 1262//1144 1258//1151
f 1260//1148 1253//1152 1270//1153
f 1259//1154 1253//1152 1254//1155
f 1266//1156 1269//1157 1255//1150
f 1258//1151 1265//1138 1251//1145
f 1252//1149 1270//1153 1259//1154
f 1251//1145 1250//1140 1261//1147
f 1258//1151 1259//1154 1254//1155
f 1258//1151 1262//1144 1259//1154
f 1260//1148 1269//1157 1263//1158
f 1249//1139 1256//1141 1268//1146
f 1289//1159 1272//1160 1273//1161
f 1279//1162 1289//1159 1280//1163
f 1271//1164 1285//1165 1274//1166
f 1272//1160 1291//1167 1271//1164
f 1272//1160 1284//1168 1273//1161
f 1274//1166 1289//1159 1273//1161
f 1283//1169 1275//1170 1278//1171
f 1274//1166 1285//1165 1281//1172
f 1283//1169 1276//1173 1293//1174
f 1282//1175 1276//1173 1277//1176
f 1290//1177 1292//1178 1278//1171
f 1281//1172 1289//1159 1274//1166
f 1275//1170 1293//1174 1282//1175
f 1274//1166 1273//1161 1284//1168
f 1281//1172 1282//1175 1277//1176
f 1281//1172 1285//1165 1282//1175
f 1283//1169 1292//1178 1287//1179
f 1272//1160 1279//1162 1291//1167
f 1313//1180 1295//1181 1296//1182
f 1302//1183 1313//1180 1303//1184
f 1294//1185 1308//1186 1297//1187
f 1315//1188 1306//1189 1301//1190
f 1295//1181 1307//1191 1296//1182
f 1297//1187 1313//1180 1296//1182
f 1306//1189 1298//1192 1301//1190
f 1297//1187 1308//1186 1304//1193
f 1306//1189 1299//1194 1316//1195
f 1305//1196 1299//1194 1300//1197
f 1314//1198 1315//1188 1301//1190
f 1304//1193 1313//1180 1297//1187
f 1298//1192 1316//1195 1305//1196
f 1297//1187 1296//1182 1307//1191
f 1304//1193 1305//1196 1300//1197
f 1304//1193 1308//1186 1305//1196
f 1295//1181 1302//1183 1310//1199
f 1295//1181 1309//1200 1294//1185
f 1317//1201 1333//1202 1323//1203
f 1324//1204 1340//1205 1317//1201
f 1322//1206 1321//1207 1332//1208
f 1323//1203 1319//1209 1337//1210
f 1338//1211 1336//1212 1323//1203
f 1318//1213 1341//1214 1339//1215
f 1323//1203 1333//1202 1321//1207
f 1321//1207 1319//1209 1323//1203
f 1332//1208 1321//1207 1325//1216
f 1327//1217 1329//1218 1322//1206
f 1317//1201 1340//1205 1325//1216
f 1321//1207 1322//1206 1319//1209
f 1326//1219 1328//1220 1330//1221
f 1330//1221 1331//1222 1329//1218
f 1329//1218 1327//1217 1330//1221
f 1327//1217 1326//1219 1330//1221
f 1326//1219 1327//1217 1320//1223
f 1326//1219 1332//1208 1340//1205
f 1331//1222 1322//1206 1329//1218
f 1318//1213 1335//1224 1322//1206
f 1361//1225 1343//1226 1344//1227
f 1350//1228 1361//1225 1351//1229
f 1342//1230 1356//1231 1345//1232
f 1343//1226 1355//1233 1344//1227
f 1345//1232 1361//1225 1344//1227
f 1354//1234 1346//1235 1349//1236
f 1345//1232 1356//1231 1352//1237
f 1354//1234 1347//1238 1364//1239
f 1353//1240 1347//1238 1348//1241
f 1362//1242 1363//1243 1349//1236
f 1352//1237 1361//1225 1345//1232
f 1346//1235 1364//1239 1353//1240
f 1345//1232 1344//1227 1355//1233
f 1352//1237 1353//1240 1348//1241
f 1352//1237 1356//1231 1353//1240
f 1354//1234 1363//1243 1359//1244
f 1343//1226 1350//1228 1358//1245
f 1343//1226 1357//1246 1342//1230
f 1372//1247 1379//1248 1370//1249
f 1371//1250 1378//1251 1372//1247
f 1369//1252 1368//1253 1378//1251
f 1370//1249 1366//1254 1383//1255
f 1384//1256 1382//1257 1370//1249
f 1370//1249 1379//1248 1368//1253
f 1368//1253 1366//1254 1370//1249
f 1378//1251 1368//1253 1372//1247
f 1367//1258 1375//1259 1369//1252
f 1368//1253 1369//1252 1366//1254
f 1373//1260 1374//1261 1376//1262
f 1376//1262 1377//1263 1375//1259
f 1375//1259 1367//1258 1376//1262
f 1367//1258 1373//1260 1376//1262
f 1377//1263 1369//1252 1375//1259
f 1365//1264 1381//1265 1369//1252
f 1405//1266 1387//1267 1388//1268
f 1394//1269 1405//1266 1395//1270
f 1386//1271 1400//1272 1389//1273
f 1407//1274 1398//1275 1393//1276
f 1387//1267 1399//1277 1388//1268
f 1389//1273 1405//1266 1388//1268
f 1398//1275 1390//1278 1393//1276
f 1389//1273 1400//1272 1396//1279
f 1398//1275 1391//1280 1408//1281
f 1397//1282 1391//1280 1392//1283
f 1406//1284 1407//1274 1393//1276
f 1396//1279 1405//1266 1389//1273
f 1390//1278 1408//1281 1397//1282
f 1389//1273 1388//1268 1399//1277
f 1396//1279 1397//1282 1392//1283
f 1396//1279 1400//1272 1397//1282
f 1387//1267 1394//1269 1402//1285
f 1387//1267 1401//1286 1386//1271
f 1416//1287 1426//1288 1417//1289
f 1409//1290 1422//1291 1411//1292
f 1428//1293 1423//1294 1410//1295
f 1411//1292 1426//1288 1410//1295
f 1420//1296 1412//1297 1415//1298
f 1411//1292 1422//1291 1418//1299
f 1420//1296 1413//1300 1430//1301
f 1419//1302 1413//1300 1414//1303
f 1427//1304 1429//1305 1415//1298
f 1418//1299 1426//1288 1411//1292
f 1412//1297 1430//1301 1419//1302
f 1411//1292 1410//1295 1421//1306
f 1410//1295 1423//1294 1409//1290
f 1418//1299 1419//1302 1414//1303
f 1418//1299 1422//1291 1419//1302
f 1420//1296 1429//1305 1424//1307
f 1410//1295 1416//1287 1428//1293
f 1450//1308 1432//1309 1433//1310
f 1439//1311 1450//1308 1440//1312
f 1431//1313 1446//1314 1434//1315
f 1453//1316 1445//1317 1438//1318
f 1452//1319 1447//1320 1432//1309
f 1432//1309 1444//1321 1433//1310
f 1438//1318 1445//1317 1443//1322
f 1434//1315 1450//1308 1433//1310
f 1443//1322 1435//1323 1438//1318
f 1434//1315 1446//1314 1441//1324
f 1445//1317 1436//1325 1443//1322
f 1443//1322 1436//1325 1454//1326
f 1442//1327 1436//1325 1437//1328
f 1451//1329 1453//1316 1438//1318
f 1441//1324 1450//1308 1434//1315
f 1435//1323 1454//1326 1442//1327
f 1434//1315 1433//1310 1444//1321
f 1432//1309 1447//1320 1431//1313
f 1441//1324 1442//1327 1437//1328
f 1441//1324 1446//1314 1442//1327
f 1432//1309 1439//1311 1452//1319
f 1462//1330 1469//1331 1460//1332
f 1461//1333 1476//1334 1462//1330
f 1459//1335 1458//1336 1468//1337
f 1460//1332 1456//1338 1473//1339
f 1474//1340 1472//1341 1460//1332
f 1460//1332 1469//1331 1458//1336
f 1458//1336 1456//1338 1460//1332
f 1468//1337 1458//1336 1462//1330
f 1457//1342 1465//1343 1459//1335
f 1458//1336 1459//1335 1456//1338
f 1463//1344 1464//1345 1466//1346
f 1466//1346 1467//1347 1465//1343
f 1465//1343 1457//1342 1466//1346
f 1457//1342 1463//1344 1466//1346
f 1463//1344 1468//1337 1476//1334
f 1467//1347 1459//1335 1465//1343
f 1455//1348 1471//1349 1459//1335
f 1484//1350 1494//1351 1485//1352
f 1477//1353 1490//1354 1479//1355
f 1497//1356 1488//1357 1483//1358
f 1496//1359 1491//1360 1478//1361
f 1479//1355 1494//1351 1478//1361
f 1488//1357 1480//1362 1483//1358
f 1479//1355 1490//1354 1486//1363
f 1488//1357 1481//1364 1498//1365
f 1487//1366 1481//1364 1482//1367
f 1495//1368 1497//1356 1483//1358
f 1486//1363 1494//1351 1479//1355
f 1480//1362 1498//1365 1487//1366
f 1479//1355 1478//1361 1489//1369
f 1478//1361 1491//1360 1477//1353
f 1486//1363 1487//1366 1482//1367
f 1486//1363 1490//1354 1487//1366
f 1478//1361 1484//1350 1496//1359
f 1506//1370 1513//1371 1504//1372
f 1505//1373 1512//1374 1506//1370
f 1503//1375 1502//1376 1512//1374
f 1504//1372 1500//1377 1517//1378
f 1518//1379 1516//1380 1504//1372
f 1504//1372 1513//1371 1502//1376
f 1502//1376 1500//1377 1504//1372
f 1512//1374 1502//1376 1506//1370
f 1501//1381 1509//1382 1503//1375
f 1502//1376 1503//1375 1500//1377
f 1507//1383 1508//1384 1510//1385
f 1510//1385 1511//1386 1509//1382
f 1509//1382 1501//1381 1510//1385
f 1501//1381 1507//1383 1510//1385
f 1511//1386 1503//1375 1509//1382
f 1499//1387 1515//1388 1503//1375
f 1539//1389 1521//1390 1522//1391
f 1528//1392 1539//1389 1529//1393
f 1520//1394 1535//1395 1523//1396
f 1542//1397 1534//1398 1527//1399
f 1521//1390 1541//1400 1520//1394
f 1521//1390 1533//1401 1522//1391
f 1527//1399 1534//1398 1532//1402
f 1523//1396 1539//1389 1522//1391
f 1532//1402 1524//1403 1527//1399
f 1523//1396 1535//1395 1530//1404
f 1534//1398 1525//1405 1532//1402
f 1532//1402 1525//1405 1543//1406
f 1531//1407 1525//1405 1526//1408
f 1540//1409 1542//1397 1527//1399
f 1530//1404 1539//1389 1523//1396
f 1524//1403 1543//1406 1531//1407
f 1523//1396 1522//1391 1533//1401
f 1530//1404 1531//1407 1526//1408
f 1530//1404 1535//1395 1531//1407
f 1521//1390 1528//1392 1541//1400
f 1551//1410 1561//1411 1552//1412
f 1544//1413 1557//1414 1546//1415
f 1564//1416 1559//1417 1550//1418
f 1550//1418 1559//1417 1555//1419
f 1546//1415 1561//1411 1545//1420
f 1555//1419 1547//1421 1550//1418
f 1546//1415 1557//1414 1553//1422
f 1559//1417 1548//1423 1555//1419
f 1555//1419 1548//1423 1565//1424
f 1554//1425 1548//1423 1549//1426
f 1562//1427 1564//1416 1550//1418
f 1553//1422 1561//1411 1546//1415
f 1547//1421 1565//1424 1554//1425
f 1546//1415 1545//1420 1556//1428
f 1553//1422 1554//1425 1549//1426
f 1553//1422 1557//1414 1554//1425
f 1545//1420 1551//1410 1563//1429
f 1566//1430 1581//1431 1572//1432
f 1573//1433 1588//1434 1566//1430
f 1571//1435 1570//1436 1580//1437
f 1572//1432 1568//1438 1585//1439
f 1586//1440 1584//1441 1572//1432
f 1572//1432 1581//1431 1570//1436
f 1570//1436 1568//1438 1572//1432
f 1580//1437 1570//1436 1574//1442
f 1569//1443 1577//1444 1571//1435
f 1566//1430 1588//1434 1574//1442
f 1570//1436 1571//1435 1568//1438
f 1575//1445 1576//1446 1578//1447
f 1578//1447 1579//1448 1577//1444
f 1577//1444 1569//1443 1578//1447
f 1569//1443 1575//1445 1578//1447
f 1575//1445 1580//1437 1588//1434
f 1579//1448 1571//1435 1577//1444
f 1567//1449 1583//1450 1571//1435
f 1596//1451 1606//1452 1597//1453
f 1589//1454 1602//1455 1591//1456
f 1590//1457 1608//1458 1589//1454
f 1591//1456 1606//1452 1590//1457
f 1600//1459 1592//1460 1595//1461
f 1591//1456 1602//1455 1598//1462
f 1600//1459 1593//1463 1610//1464
f 1599//1465 1593//1463 1594//1466
f 1607//1467 1609//1468 1595//1461
f 1598//1462 1606//1452 1591//1456
f 1592//1460 1610//1464 1599//1465
f 1591//1456 1590//1457 1601//1469
f 1598//1462 1599//1465 1594//1466
f 1598//1462 1602//1455 1599//1465
f 1600//1459 1609//1468 1604//1470
f 1590//1457 1596//1451 1608//1458
f 1618//1471 1620//1472 1619//1473
f 1611//1474 1623//1475 1613//1476
f 1629//1477 1622//1478 1617//1479
f 1612//1480 1628//1481 1611//1474
f 1613//1476 1620//1472 1612//1480
f 1622//1478 1614//1482 1617//1479
f 1613//1476 1623//1475 1620//1472
f 1622//1478 1615//1483 1630//1484
f 1621//1485 1615//1483 1616//1486
f 1627//1487 1629//1477 1617//1479
f 1614//1482 1630//1484 1621//1485
f 1613//1476 1612//1480 1611//1474
f 1620//1472 1621//1485 1616//1486
f 1620//1472 1623//1475 1621//1485
f 1612//1480 1618//1471 1628//1481
f 1650//1488 1632//1489 1633//1490
f 1639//1491 1650//1488 1640//1492
f 1631//1493 1646//1494 1634//1495
f 1653//1496 1645//1497 1638//1498
f 1632//1489 1652//1499 1631//1493
f 1632//1489 1644//1500 1633//1490
f 1638//1498 1645//1497 1643//1501
f 1634//1495 1650//1488 1633//1490
f 1643//1501 1635//1502 1638//1498
f 1634//1495 1646//1494 1641//1503
f 1645//1497 1636//1504 1643//1501
f 1643//1501 1636//1504 1654//1505
f 1642//1506 1636//1504 1637//1507
f 1651//1508 1653//1496 1638//1498
f 1641//1503 1650//1488 1634//1495
f 1635//1502 1654//1505 1642//1506
f 1634//1495 1633//1490 1644//1500
f 1641//1503 1642//1506 1637//1507
f 1641//1503 1646//1494 1642//1506
f 1632//1489 1639//1491 1652//1499
f 1662//1509 1669//1510 1660//1511
f 1661//1512 1676//1513 1662//1509
f 1659//1514 1658//1515 1668//1516
f 1660//1511 1656//1517 1673//1518
f 1674//1519 1672//1520 1660//1511
f 1660//1511 1669//1510 1658//1515
f 1658//1515 1656//1517 1660//1511
f 1668//1516 1658//1515 1662//1509
f 1657//1521 1665//1522 1659//1514
f 1658//1515 1659//1514 1656//1517
f 1663//1523 1664//1524 1666//1525
f 1666//1525 1667//1526 1665//1522
f 1665//1522 1657//1521 1666//1525
f 1657//1521 1663//1523 1666//1525
f 1663//1523 1668//1516 1676//1513
f 1667//1526 1659//1514 1665//1522
f 1655//1527 1671//1528 1659//1514
f 1684//1529 1686//1530 1685//1531
f 1677//1532 1689//1533 1679//1534
f 1695//1535 1688//1536 1683//1537
f 1678//1538 1694//1539 1677//1532
f 1679//1534 1686//1530 1678//1538
f 1688//1536 1680//1540 1683//1537
f 1679//1534 1689//1533 1686//1530
f 1688//1536 1681//1541 1696//1542
f 1687//1543 1681//1541 1682//1544
f 1693//1545 1695//1535 1683//1537
f 1680//1540 1696//1542 1687//1543
f 1679//1534 1678//1538 1677//1532
f 1686//1530 1687//1543 1682//1544
f 1686//1530 1689//1533 1687//1543
f 1678//1538 1684//1529 1694//1539
f 1704//1546 1711//1547 1702//1548
f 1703//1549 1718//1550 1704//1546
f 1701//1551 1700//1552 1710//1553
f 1702//1548 1698//1554 1715//1555
f 1716//1556 1714//1557 1702//1548
f 1702//1548 1711//1547 1700//1552
f 1700//1552 1698//1554 1702//1548
f 1710//1553 1700//1552 1704//1546
f 1699//1558 1707//1559 1701//1551
f 1700//1552 1701//1551 1698//1554
f 1705//1560 1706//1561 1708//1562
f 1708//1562 1709//1563 1707//1559
f 1707//1559 1699//1558 1708//1562
f 1699//1558 1705//1560 1708//1562
f 1705//1560 1710//1553 1718//1550
f 1709//1563 1701//1551 1707//1559
f 1697//1564 1713//1565 1701//1551
f 1721//1566 1719//1567 1720//1568
f 1726//1569 1721//1566 1727//1570
f 1739//1571 1734//1572 1725//1573
f 1719//1567 1738//1574 1732//1575
f 1719//1567 1732//1575 1720//1568
f 1725//1573 1734//1572 1730//1576
f 1721//1566 1720//1568 1731//1577
f 1730//1576 1722//1578 1725//1573
f 1731//1577 1733//1579 1728//1580
f 1734//1572 1723//1581 1730//1576
f 1730//1576 1723//1581 1740//1582
f 1729//1583 1723//1581 1724//1584
f 1736//1585 1739//1571 1725//1573
f 1722//1578 1740//1582 1729//1583
f 1731//1577 1720//1568 1732//1575
f 1728//1580 1729//1583 1724//1584
f 1728//1580 1733//1579 1729//1583
f 1719//1567 1726//1569 1738//1574
f 1732//1575 1737//1586 1731//1577
f 1748//1587 1752//1588 1746//1589
f 1747//1590 1751//1591 1748//1587
f 1745//1592 1744//1593 1751//1591
f 1746//1589 1742//1594 1755//1595
f 1756//1596 1754//1597 1746//1589
f 1746//1589 1752//1588 1744//1593
f 1744//1593 1742//1594 1746//1589
f 1751//1591 1744//1593 1748//1587
f 1743//1598 1749//1599 1745//1592
f 1744//1593 1745//1592 1742//1594
f 1749//1599 1743//1598 1750//1600
f 1743//1598 1747//1590 1750//1600
f 1765//1601 1772//1602 1763//1603
f 1764//1604 1771//1605 1765//1601
f 1762//1606 1761//1607 1771//1605
f 1763//1603 1759//1608 1776//1609
f 1777//1610 1775//1611 1763//1603
f 1763//1603 1772//1602 1761//1607
f 1761//1607 1759//1608 1763//1603
f 1771//1605 1761//1607 1765//1601
f 1760//1612 1768//1613 1762//1606
f 1761//1607 1762//1606 1759//1608
f 1766//1614 1767//1615 1769//1616
f 1769//1616 1770//1617 1768//1613
f 1768//1613 1760//1612 1769//1616
f 1760//1612 1766//1614 1769//1616
f 1770//1617 1762//1606 1768//1613
f 1758//1618 1774//1619 1762//1606
f 1779//1620 1795//1621 1785//1622
f 1786//1623 1802//1624 1779//1620
f 1784//1625 1783//1626 1794//1627
f 1785//1622 1781//1628 1799//1629
f 1800//1630 1798//1631 1785//1622
f 1780//1632 1803//1633 1801//1634
f 1785//1622 1795//1621 1783//1626
f 1783//1626 1781//1628 1785//1622
f 1794//1627 1783//1626 1787//1635
f 1789//1636 1791//1637 1784//1625
f 1779//1620 1802//1624 1787//1635
f 1783//1626 1784//1625 1781//1628
f 1788//1638 1790//1639 1792//1640
f 1792//1640 1793//1641 1791//1637
f 1791//1637 1789//1636 1792//1640
f 1789//1636 1788//1638 1792//1640
f 1788//1638 1789//1636 1782//1642
f 1788//1638 1794//1627 1802//1624
f 1793//1641 1784//1625 1791//1637
f 1780//1632 1797//1643 1784//1625
f 1811//1644 1813//1645 1812//1646
f 1804//1647 1816//1648 1806//1649
f 1821//1650 1817//1651 1805//1652
f 1806//1649 1813//1645 1805//1652
f 1815//1653 1807//1654 1810//1655
f 1806//1649 1816//1648 1813//1645
f 1815//1653 1808//1656 1823//1657
f 1814//1658 1808//1656 1809//1659
f 1820//1660 1822//1661 1810//1655
f 1807//1654 1823//1657 1814//1658
f 1806//1649 1805//1652 1804//1647
f 1805//1652 1817//1651 1804//1647
f 1813//1645 1814//1658 1809//1659
f 1813//1645 1816//1648 1814//1658
f 1815//1653 1822//1661 1818//1662
f 1805//1652 1811//1644 1821//1650
f 1831//1663 1841//1664 1832//1665
f 1824//1666 1837//1667 1826//1668
f 1844//1669 1835//1670 1830//1671
f 1843//1672 1838//1673 1825//1674
f 1826//1668 1841//1664 1825//1674
f 1835//1670 1827//1675 1830//1671
f 1826//1668 1837//1667 1833//1676
f 1835//1670 1828//1677 1845//1678
f 1834//1679 1828//1677 1829//1680
f 1842//1681 1844//1669 1830//1671
f 1833//1676 1841//1664 1826//1668
f 1827//1675 1845//1678 1834//1679
f 1826//1668 1825//1674 1836//1682
f 1825//1674 1838//1673 1824//1666
f 1833//1676 1834//1679 1829//1680
f 1833//1676 1837//1667 1834//1679
f 1825//1674 1831//1663 1843//1672
f 19//1 8//4 1//2
f 17//1683 18//1684 8//4
f 21//10 20//22 13//14
f 20//22 7//8 16//16
f 12//12 24//19 4//15
f 4//15 11//20 16//16
f 5//18 9//5 6//21
f 6//21 19//1 10//17
f 13//14 10//17 3//13
f 15//7 8//4 5//18
f 8//4 9//5 5//18
f 16//16 13//14 20//22
f 7//8 4//15 16//16
f 8//4 18//1684 22//9
f 9//5 19//1 6//21
f 24//19 5//18 11//20
f 17//1683 15//7 23//6
f 15//7 17//1683 8//4
f 45//23 33//26 26//24
f 25//28 38//30 39//35
f 48//31 43//1685 40//32
f 43//1685 44//1686 33//26
f 42//1687 46//44 25//28
f 46//44 32//33 41//29
f 26//24 25//28 39//35
f 37//36 49//41 29//38
f 29//38 36//42 41//29
f 30//40 34//27 31//43
f 31//43 45//23 35//39
f 38//30 35//39 28//37
f 40//32 33//26 30//40
f 33//26 34//27 30//40
f 41//29 25//28 46//44
f 32//33 29//38 41//29
f 33//26 44//1686 47//34
f 34//27 45//23 31//43
f 49//41 30//40 36//42
f 25//28 47//34 42//1687
f 40//32 43//1685 33//26
f 56//47 57//48 50//45
f 68//56 57//48 56//47
f 66//1688 55//50 67//65
f 52//53 55//50 66//1688
f 51//64 68//56 71//1689
f 51//64 57//48 68//56
f 53//58 55//50 64//52
f 72//49 57//48 59//60
f 59//60 57//48 60//61
f 60//61 57//48 51//64
f 60//61 51//64 63//63
f 60//61 63//63 62//62
f 59//60 53//58 64//52
f 63//63 51//64 55//50
f 64//52 58//57 72//49
f 58//57 65//46 50//45
f 65//46 58//57 54//51
f 51//64 71//1689 67//65
f 56//47 69//54 70//55
f 79//68 80//69 73//66
f 91//77 80//69 79//68
f 89//1690 78//71 90//86
f 75//74 78//71 89//1690
f 74//85 91//77 94//1691
f 74//85 80//69 91//77
f 76//79 78//71 87//73
f 95//70 80//69 82//81
f 82//81 80//69 83//82
f 83//82 80//69 74//85
f 83//82 74//85 86//84
f 83//82 86//84 85//83
f 82//81 76//79 87//73
f 86//84 74//85 78//71
f 87//73 81//78 95//70
f 81//78 88//67 73//66
f 88//67 81//78 77//72
f 74//85 94//1691 90//86
f 79//68 92//75 93//76
f 101//89 102//90 103//87
f 113//97 102//90 101//89
f 111//1692 100//92 112//105
f 97//94 100//92 111//1692
f 96//104 113//97 116//1693
f 96//104 102//90 113//97
f 98//98 100//92 109//91
f 109//91 102//90 104//100
f 104//100 102//90 105//101
f 105//101 102//90 96//104
f 105//101 96//104 108//103
f 105//101 108//103 107//102
f 104//100 98//98 109//91
f 108//103 96//104 100//92
f 110//88 103//87 99//93
f 96//104 116//1693 112//105
f 101//89 114//95 115//96
f 123//108 124//109 117//106
f 135//117 124//109 123//108
f 133//1694 122//111 134//126
f 119//114 122//111 133//1694
f 118//125 135//117 138//1695
f 118//125 124//109 135//117
f 120//119 122//111 131//113
f 139//110 124//109 126//121
f 126//121 124//109 127//122
f 127//122 124//109 118//125
f 127//122 118//125 130//124
f 127//122 130//124 129//123
f 126//121 120//119 131//113
f 130//124 118//125 122//111
f 131//113 125//118 139//110
f 125//118 132//107 117//106
f 132//107 125//118 121//112
f 118//125 138//1695 134//126
f 123//108 136//115 137//116
f 146//129 147//130 140//127
f 158//138 147//130 146//129
f 156//1696 145//132 157//147
f 142//135 145//132 156//1696
f 141//146 158//138 161//1697
f 141//146 147//130 158//138
f 143//140 145//132 154//134
f 162//131 147//130 149//142
f 149//142 147//130 150//143
f 150//143 147//130 141//146
f 150//143 141//146 153//145
f 150//143 153//145 152//144
f 149//142 143//140 154//134
f 153//145 141//146 145//132
f 154//134 148//139 162//131
f 148//139 155//128 140//127
f 155//128 148//139 144//133
f 141//146 161//1697 157//147
f 146//129 159//136 160//137
f 181//148 171//151 164//149
f 163//153 166//155 176//160
f 185//156 179//1698 177//157
f 179//1698 180//1699 171//151
f 183//1700 182//168 163//153
f 182//168 170//158 178//154
f 164//149 163//153 176//160
f 175//161 186//165 167//162
f 167//162 174//166 178//154
f 168//164 172//152 169//167
f 169//167 181//148 173//163
f 177//157 171//151 168//164
f 171//151 172//152 168//164
f 178//154 163//153 182//168
f 170//158 167//162 178//154
f 171//151 180//1699 184//159
f 172//152 181//148 169//167
f 186//165 168//164 174//166
f 163//153 184//159 183//1700
f 177//157 179//1698 171//151
f 193//171 194//172 187//169
f 205//180 194//172 193//171
f 203//1701 192//174 204//189
f 189//177 192//174 203//1701
f 188//188 205//180 208//1702
f 188//188 194//172 205//180
f 190//182 192//174 201//176
f 209//173 194//172 196//184
f 196//184 194//172 197//185
f 197//185 194//172 188//188
f 197//185 188//188 200//187
f 197//185 200//187 199//186
f 196//184 190//182 201//176
f 200//187 188//188 192//174
f 201//176 195//181 209//173
f 195//181 202//170 187//169
f 202//170 195//181 191//175
f 188//188 208//1702 204//189
f 193//171 206//178 207//179
f 215//192 216//193 217//190
f 227//200 216//193 215//192
f 225//1703 214//195 226//208
f 211//197 214//195 225//1703
f 210//207 227//200 230//1704
f 210//207 216//193 227//200
f 212//201 214//195 223//194
f 223//194 216//193 218//203
f 218//203 216//193 219//204
f 219//204 216//193 210//207
f 219//204 210//207 222//206
f 219//204 222//206 221//205
f 218//203 212//201 223//194
f 222//206 210//207 214//195
f 224//191 217//190 213//196
f 210//207 230//1704 226//208
f 215//192 228//198 229//199
f 252//209 239//212 232//210
f 231//214 244//216 245//220
f 254//217 250//1705 246//218
f 250//1705 251//1706 239//212
f 232//210 249//230 248//231
f 248//231 253//229 231//214
f 253//229 238//219 247//215
f 232//210 231//214 245//220
f 243//221 255//226 235//223
f 235//223 242//227 247//215
f 236//225 240//213 237//228
f 237//228 252//209 241//224
f 244//216 241//224 234//222
f 246//218 239//212 236//225
f 239//212 240//213 236//225
f 247//215 231//214 253//229
f 238//219 235//223 247//215
f 239//212 251//1706 249//230
f 240//213 252//209 237//228
f 255//226 236//225 242//227
f 246//218 250//1705 239//212
f 274//232 264//235 257//233
f 256//237 259//239 269//244
f 278//240 272//1707 270//241
f 272//1707 273//1708 264//235
f 276//1709 275//252 256//237
f 275//252 263//242 271//238
f 257//233 256//237 269//244
f 268//245 279//249 260//246
f 260//246 267//250 271//238
f 261//248 265//236 262//251
f 262//251 274//232 266//247
f 270//241 264//235 261//248
f 264//235 265//236 261//248
f 271//238 256//237 275//252
f 263//242 260//246 271//238
f 264//235 273//1708 277//243
f 265//236 274//232 262//251
f 279//249 261//248 267//250
f 256//237 277//243 276//1709
f 270//241 272//1707 264//235
f 299//253 288//256 281//254
f 280//258 283//260 293//261
f 297//272 298//1710 288//256
f 281//254 296//273 295//274
f 295//274 300//270 280//258
f 300//270 287//264 294//259
f 281//254 280//258 293//261
f 292//262 302//267 284//263
f 284//263 291//268 294//259
f 285//266 289//257 286//269
f 286//269 299//253 290//265
f 292//262 288//256 285//266
f 288//256 289//257 285//266
f 294//259 280//258 300//270
f 287//264 284//263 294//259
f 288//256 298//1710 296//273
f 289//257 299//253 286//269
f 302//267 285//266 291//268
f 292//262 297//272 288//256
f 287//264 301//271 292//262
f 320//276 310//275 304//284
f 303//278 305//280 315//292
f 318//1711 319//1712 310//275
f 317//1713 321//291 303//278
f 321//291 309//283 316//279
f 304//284 303//278 315//292
f 314//282 324//288 306//285
f 306//285 313//289 316//279
f 307//287 311//277 308//290
f 308//290 320//276 312//286
f 314//282 310//275 307//287
f 310//275 311//277 307//287
f 316//279 303//278 321//291
f 309//283 306//285 316//279
f 310//275 319//1712 322//293
f 311//277 320//276 308//290
f 324//288 307//287 313//289
f 318//1711 314//282 323//281
f 304//284 317//1713 303//278
f 304//284 322//293 317//1713
f 314//282 318//1711 310//275
f 344//294 333//297 326//295
f 325//299 328//301 338//306
f 347//302 342//1714 339//303
f 342//1714 343//1715 333//297
f 341//1716 345//314 325//299
f 345//314 332//304 340//300
f 326//295 325//299 338//306
f 337//307 348//311 329//308
f 329//308 336//312 340//300
f 330//310 334//298 331//313
f 331//313 344//294 335//309
f 339//303 333//297 330//310
f 333//297 334//298 330//310
f 340//300 325//299 345//314
f 332//304 329//308 340//300
f 333//297 343//1715 346//305
f 334//298 344//294 331//313
f 348//311 330//310 336//312
f 325//299 346//305 341//1716
f 339//303 342//1714 333//297
f 369//315 357//318 350//316
f 349//320 362//322 363//327
f 367//1717 368//1718 357//318
f 366//1719 370//336 349//320
f 370//336 356//325 365//321
f 350//316 349//320 363//327
f 361//328 373//333 353//330
f 353//330 360//334 365//321
f 354//332 358//319 355//335
f 355//335 369//315 359//331
f 362//322 359//331 352//329
f 364//324 357//318 354//332
f 357//318 358//319 354//332
f 365//321 349//320 370//336
f 356//325 353//330 365//321
f 357//318 368//1718 371//326
f 358//319 369//315 355//335
f 373//333 354//332 360//334
f 349//320 371//326 366//1719
f 367//1717 364//324 372//323
f 364//324 367//1717 357//318
f 376//337 381//340 374//338
f 389//1720 390//1721 381//340
f 392//356 391//355 386//347
f 391//355 380//344 388//349
f 385//343 395//352 377//348
f 377//348 384//353 388//349
f 378//351 382//341 379//354
f 379//354 376//337 383//350
f 386//347 383//350 376//337
f 385//343 381//340 378//351
f 381//340 382//341 378//351
f 388//349 386//347 391//355
f 380//344 377//348 388//349
f 381//340 390//1721 393//345
f 382//341 376//337 379//354
f 395//352 378//351 384//353
f 387//346 393//345 392//356
f 389//1720 385//343 394//342
f 385//343 389//1720 381//340
f 414//357 404//360 397//358
f 396//362 399//364 409//366
f 412//377 413//1722 404//360
f 411//1723 415//375 396//362
f 415//375 403//369 410//363
f 397//358 396//362 409//366
f 408//367 418//372 400//368
f 400//368 407//373 410//363
f 401//371 405//361 402//374
f 402//374 414//357 406//370
f 408//367 404//360 401//371
f 404//360 405//361 401//371
f 410//363 396//362 415//375
f 403//369 400//368 410//363
f 404//360 413//1722 416//365
f 405//361 414//357 402//374
f 418//372 401//371 407//373
f 396//362 416//365 411//1723
f 408//367 412//377 404//360
f 403//369 417//376 408//367
f 425//380 426//381 419//378
f 437//389 426//381 425//380
f 435//1724 424//383 436//398
f 421//386 424//383 435//1724
f 420//397 437//389 440//1725
f 420//397 426//381 437//389
f 422//391 424//383 433//385
f 441//382 426//381 428//393
f 428//393 426//381 429//394
f 429//394 426//381 420//397
f 429//394 420//397 432//396
f 429//394 432//396 431//395
f 428//393 422//391 433//385
f 432//396 420//397 424//383
f 433//385 427//390 441//382
f 427//390 434//379 419//378
f 434//379 427//390 423//384
f 420//397 440//1725 436//398
f 425//380 438//387 439//388
f 447//401 448//402 449//399
f 459//410 448//402 447//401
f 457//1726 446//404 458//418
f 443//407 446//404 457//1726
f 442//417 459//410 462//1727
f 442//417 448//402 459//410
f 444//411 446//404 455//406
f 463//403 448//402 450//413
f 450//413 448//402 451//414
f 451//414 448//402 442//417
f 451//414 442//417 454//416
f 451//414 454//416 453//415
f 450//413 444//411 455//406
f 454//416 442//417 446//404
f 455//406 449//399 463//403
f 456//400 449//399 445//405
f 442//417 462//1727 458//418
f 447//401 460//408 461//409
f 470//421 471//422 464//419
f 482//430 471//422 470//421
f 480//1728 469//424 481//439
f 466//427 469//424 480//1728
f 465//438 482//430 485//1729
f 465//438 471//422 482//430
f 467//432 469//424 478//426
f 486//423 471//422 473//434
f 473//434 471//422 474//435
f 474//435 471//422 465//438
f 474//435 465//438 477//437
f 474//435 477//437 476//436
f 473//434 467//432 478//426
f 477//437 465//438 469//424
f 478//426 472//431 486//423
f 472//431 479//420 464//419
f 479//420 472//431 468//425
f 465//438 485//1729 481//439
f 470//421 483//428 484//429
f 504//440 495//443 488//441
f 487//445 490//447 500//452
f 502//1730 503//1731 495//443
f 506//1732 505//459 487//445
f 505//459 494//450 501//446
f 488//441 487//445 500//452
f 499//449 509//456 491//453
f 491//453 498//457 501//446
f 492//455 496//444 493//458
f 493//458 504//440 497//454
f 499//449 495//443 492//455
f 495//443 496//444 492//455
f 501//446 487//445 505//459
f 494//450 491//453 501//446
f 495//443 503//1731 507//451
f 496//444 504//440 493//458
f 509//456 492//455 498//457
f 487//445 507//451 506//1732
f 502//1730 499//449 508//448
f 499//449 502//1730 495//443
f 531//460 518//463 511//461
f 510//465 523//467 524//471
f 529//1733 530//1734 518//463
f 511//461 528//481 527//482
f 527//482 532//480 510//465
f 532//480 517//470 526//466
f 511//461 510//465 524//471
f 522//472 534//477 514//474
f 514//474 521//478 526//466
f 515//476 519//464 516//479
f 516//479 531//460 520//475
f 523//467 520//475 513//473
f 525//469 518//463 515//476
f 518//463 519//464 515//476
f 526//466 510//465 532//480
f 517//470 514//474 526//466
f 518//463 530//1734 528//481
f 519//464 531//460 516//479
f 534//477 515//476 521//478
f 529//1733 525//469 533//468
f 525//469 529//1733 518//463
f 552//483 543//486 536//484
f 535//488 538//490 548//492
f 550//503 551//1735 543//486
f 554//1736 553//501 535//488
f 553//501 542//495 549//489
f 536//484 535//488 548//492
f 547//493 557//498 539//494
f 539//494 546//499 549//489
f 540//497 544//487 541//500
f 541//500 552//483 545//496
f 547//493 543//486 540//497
f 543//486 544//487 540//497
f 549//489 535//488 553//501
f 542//495 539//494 549//489
f 543//486 551//1735 555//491
f 544//487 552//483 541//500
f 557//498 540//497 546//499
f 535//488 555//491 554//1736
f 547//493 550//503 543//486
f 542//495 556//502 547//493
f 567//505 565//504 559//515
f 572//511 573//1737 565//504
f 571//514 574//521 558//507
f 574//521 564//512 570//508
f 561//517 568//519 570//508
f 562//518 566//506 563//520
f 572//511 565//504 562//518
f 565//504 566//506 562//518
f 570//508 558//507 574//521
f 564//512 561//517 570//508
f 565//504 573//1737 575//513
f 566//506 567//505 563//520
f 569//516 562//518 568//519
f 582//524 583//525 584//522
f 594//532 583//525 582//524
f 592//1738 581//527 593//540
f 578//529 581//527 592//1738
f 577//539 594//532 597//1739
f 577//539 583//525 594//532
f 579//533 581//527 590//526
f 590//526 583//525 585//535
f 585//535 583//525 586//536
f 586//536 583//525 577//539
f 586//536 577//539 589//538
f 586//536 589//538 588//537
f 585//535 579//533 590//526
f 589//538 577//539 581//527
f 591//523 584//522 580//528
f 577//539 597//1739 593//540
f 582//524 595//530 596//531
f 618//541 606//544 599//542
f 598//546 611//548 612//551
f 616//564 617//1740 606//544
f 615//550 619//562 598//546
f 619//562 605//552 614//547
f 599//542 598//546 612//551
f 610//554 622//559 602//556
f 602//556 609//560 614//547
f 603//558 607//545 604//561
f 604//561 618//541 608//557
f 611//548 608//557 601//555
f 613//553 606//544 603//558
f 606//544 607//545 603//558
f 614//547 598//546 619//562
f 605//552 602//556 614//547
f 606//544 617//1740 620//549
f 607//545 618//541 604//561
f 622//559 603//558 609//560
f 613//553 616//564 606//544
f 605//552 621//563 613//553
f 628//567 629//568 630//565
f 640//576 629//568 628//567
f 638//1741 627//570 639//584
f 624//573 627//570 638//1741
f 623//583 640//576 643//1742
f 623//583 629//568 640//576
f 625//577 627//570 636//572
f 644//569 629//568 631//579
f 631//579 629//568 632//580
f 632//580 629//568 623//583
f 632//580 623//583 635//582
f 632//580 635//582 634//581
f 631//579 625//577 636//572
f 635//582 623//583 627//570
f 636//572 630//565 644//569
f 637//566 630//565 626//571
f 623//583 643//1742 639//584
f 628//567 641//574 642//575
f 651//587 652//588 645//585
f 663//596 652//588 651//587
f 661//1743 650//590 662//605
f 647//593 650//590 661//1743
f 646//604 663//596 666//1744
f 646//604 652//588 663//596
f 648//598 650//590 659//592
f 667//589 652//588 654//600
f 654//600 652//588 655//601
f 655//601 652//588 646//604
f 655//601 646//604 658//603
f 655//601 658//603 657//602
f 654//600 648//598 659//592
f 658//603 646//604 650//590
f 659//592 653//597 667//589
f 653//597 660//586 645//585
f 660//586 653//597 649//591
f 646//604 666//1744 662//605
f 651//587 664//594 665//595
f 673//608 674//609 675//606
f 685//617 674//609 673//608
f 683//1745 672//611 684//625
f 669//614 672//611 683//1745
f 668//624 685//617 688//1746
f 668//624 674//609 685//617
f 670//618 672//611 681//613
f 689//610 674//609 676//620
f 676//620 674//609 677//621
f 677//621 674//609 668//624
f 677//621 668//624 680//623
f 677//621 680//623 679//622
f 676//620 670//618 681//613
f 680//623 668//624 672//611
f 681//613 675//606 689//610
f 682//607 675//606 671//612
f 668//624 688//1746 684//625
f 673//608 686//615 687//616
f 709//626 698//629 691//627
f 690//631 693//633 703//639
f 712//634 707//1747 704//635
f 707//1747 708//1748 698//629
f 706//638 710//647 690//631
f 710//647 697//636 705//632
f 691//627 690//631 703//639
f 702//640 713//644 694//641
f 694//641 701//645 705//632
f 695//643 699//630 696//646
f 696//646 709//626 700//642
f 704//635 698//629 695//643
f 698//629 699//630 695//643
f 705//632 690//631 710//647
f 697//636 694//641 705//632
f 698//629 708//1748 711//637
f 699//630 709//626 696//646
f 713//644 695//643 701//645
f 704//635 707//1747 698//629
f 720//650 721//651 714//648
f 732//659 721//651 720//650
f 730//1749 719//653 731//668
f 716//656 719//653 730//1749
f 715//667 732//659 735//1750
f 715//667 721//651 732//659
f 717//661 719//653 728//655
f 736//652 721//651 723//663
f 723//663 721//651 724//664
f 724//664 721//651 715//667
f 724//664 715//667 727//666
f 724//664 727//666 726//665
f 723//663 717//661 728//655
f 727//666 715//667 719//653
f 728//655 722//660 736//652
f 722//660 729//649 714//648
f 729//649 722//660 718//654
f 715//667 735//1750 731//668
f 720//650 733//657 734//658
f 743//671 744//672 737//669
f 755//680 744//672 743//671
f 753//1751 742//674 754//689
f 739//677 742//674 753//1751
f 738//688 755//680 758//1752
f 738//688 744//672 755//680
f 740//682 742//674 751//676
f 759//673 744//672 746//684
f 746//684 744//672 747//685
f 747//685 744//672 738//688
f 747//685 738//688 750//687
f 747//685 750//687 749//686
f 746//684 740//682 751//676
f 750//687 738//688 742//674
f 751//676 745//681 759//673
f 745//681 752//670 737//669
f 752//670 745//681 741//675
f 738//688 758//1752 754//689
f 743//671 756//678 757//679
f 778//690 768//693 761//691
f 760//695 763//697 773//702
f 782//698 776//1753 774//699
f 776//1753 777//1754 768//693
f 780//1755 779//710 760//695
f 779//710 767//700 775//696
f 761//691 760//695 773//702
f 772//703 783//707 764//704
f 764//704 771//708 775//696
f 765//706 769//694 766//709
f 766//709 778//690 770//705
f 774//699 768//693 765//706
f 768//693 769//694 765//706
f 775//696 760//695 779//710
f 767//700 764//704 775//696
f 768//693 777//1754 781//701
f 769//694 778//690 766//709
f 783//707 765//706 771//708
f 760//695 781//701 780//1755
f 774//699 776//1753 768//693
f 789//713 790//714 791//711
f 801//721 790//714 789//713
f 799//1756 788//716 800//729
f 785//718 788//716 799//1756
f 784//728 801//721 804//1757
f 784//728 790//714 801//721
f 786//722 788//716 797//715
f 797//715 790//714 792//724
f 792//724 790//714 793//725
f 793//725 790//714 784//728
f 793//725 784//728 796//727
f 793//725 796//727 795//726
f 792//724 786//722 797//715
f 796//727 784//728 788//716
f 798//712 791//711 787//717
f 784//728 804//1757 800//729
f 789//713 802//719 803//720
f 811//732 812//733 805//730
f 823//741 812//733 811//732
f 821//1758 810//735 822//750
f 807//738 810//735 821//1758
f 806//749 823//741 826//1759
f 806//749 812//733 823//741
f 808//743 810//735 819//737
f 827//734 812//733 814//745
f 814//745 812//733 815//746
f 815//746 812//733 806//749
f 815//746 806//749 818//748
f 815//746 818//748 817//747
f 814//745 808//743 819//737
f 818//748 806//749 810//735
f 819//737 813//742 827//734
f 813//742 820//731 805//730
f 820//731 813//742 809//736
f 806//749 826//1759 822//750
f 811//732 824//739 825//740
f 834//753 835//754 828//751
f 846//762 835//754 834//753
f 844//1760 833//756 845//771
f 830//759 833//756 844//1760
f 829//770 846//762 849//1761
f 829//770 835//754 846//762
f 831//764 833//756 842//758
f 850//755 835//754 837//766
f 837//766 835//754 838//767
f 838//767 835//754 829//770
f 838//767 829//770 841//769
f 838//767 841//769 840//768
f 837//766 831//764 842//758
f 841//769 829//770 833//756
f 842//758 836//763 850//755
f 836//763 843//752 828//751
f 843//752 836//763 832//757
f 829//770 849//1761 845//771
f 834//753 847//760 848//761
f 870//772 858//775 851//773
f 864//782 865//781 863//785
f 874//777 868//1762 866//778
f 868//1762 869//1763 858//775
f 872//794 871//793 863//785
f 871//793 857//779 867//787
f 851//773 865//781 864//782
f 862//783 875//790 854//786
f 854//786 861//791 867//787
f 855//789 859//776 856//792
f 856//792 870//772 860//788
f 863//785 860//788 853//784
f 866//778 858//775 855//789
f 858//775 859//776 855//789
f 867//787 863//785 871//793
f 857//779 854//786 867//787
f 858//775 869//1763 873//780
f 859//776 870//772 856//792
f 875//790 855//789 861//791
f 865//781 873//780 872//794
f 866//778 868//1762 858//775
f 881//797 882//798 883//795
f 893//805 882//798 881//797
f 891//1764 880//800 892//813
f 877//802 880//800 891//1764
f 876//812 893//805 896//1765
f 876//812 882//798 893//805
f 878//806 880//800 889//799
f 889//799 882//798 884//808
f 884//808 882//798 885//809
f 885//809 882//798 876//812
f 885//809 876//812 888//811
f 885//809 888//811 887//810
f 884//808 878//806 889//799
f 888//811 876//812 880//800
f 890//796 883//795 879//801
f 876//812 896//1765 892//813
f 881//797 894//803 895//804
f 902//816 903//817 904//814
f 914//825 903//817 902//816
f 912//1766 901//819 913//833
f 898//822 901//819 912//1766
f 897//832 914//825 917//1767
f 897//832 903//817 914//825
f 899//826 901//819 910//821
f 918//818 903//817 905//828
f 905//828 903//817 906//829
f 906//829 903//817 897//832
f 906//829 897//832 909//831
f 906//829 909//831 908//830
f 905//828 899//826 910//821
f 909//831 897//832 901//819
f 910//821 904//814 918//818
f 911//815 904//814 900//820
f 897//832 917//1767 913//833
f 902//816 915//823 916//824
f 940//834 927//837 920//835
f 919//839 932//841 933//842
f 938//855 939//1768 927//837
f 920//835 937//856 936//857
f 936//857 941//853 919//839
f 941//853 926//843 935//840
f 920//835 919//839 933//842
f 931//845 943//850 923//847
f 923//847 930//851 935//840
f 924//849 928//838 925//852
f 925//852 940//834 929//848
f 932//841 929//848 922//846
f 934//844 927//837 924//849
f 927//837 928//838 924//849
f 935//840 919//839 941//853
f 926//843 923//847 935//840
f 927//837 939//1768 937//856
f 928//838 940//834 925//852
f 943//850 924//849 930//851
f 934//844 938//855 927//837
f 926//843 942//854 934//844
f 963//858 952//861 945//859
f 944//863 947//865 957//866
f 961//877 962//1769 952//861
f 945//859 960//878 959//879
f 959//879 964//875 944//863
f 964//875 951//869 958//864
f 945//859 944//863 957//866
f 956//867 966//872 948//868
f 948//868 955//873 958//864
f 949//871 953//862 950//874
f 950//874 963//858 954//870
f 956//867 952//861 949//871
f 952//861 953//862 949//871
f 958//864 944//863 964//875
f 951//869 948//868 958//864
f 952//861 962//1769 960//878
f 953//862 963//858 950//874
f 966//872 949//871 955//873
f 956//867 961//877 952//861
f 951//869 965//876 956//867
f 985//880 975//883 968//881
f 967//885 970//887 980//892
f 989//888 983//1770 981//889
f 983//1770 984//1771 975//883
f 987//1772 986//900 967//885
f 986//900 974//890 982//886
f 968//881 967//885 980//892
f 979//893 990//897 971//894
f 971//894 978//898 982//886
f 972//896 976//884 973//899
f 973//899 985//880 977//895
f 981//889 975//883 972//896
f 975//883 976//884 972//896
f 982//886 967//885 986//900
f 974//890 971//894 982//886
f 975//883 984//1771 988//891
f 976//884 985//880 973//899
f 990//897 972//896 978//898
f 967//885 988//891 987//1772
f 981//889 983//1770 975//883
f 1010//901 998//904 991//902
f 1004//911 1005//910 1003//914
f 1014//906 1008//1773 1006//907
f 1008//1773 1009//1774 998//904
f 1012//923 1011//922 1003//914
f 1011//922 997//908 1007//916
f 991//902 1005//910 1004//911
f 1002//912 1015//919 994//915
f 994//915 1001//920 1007//916
f 995//918 999//905 996//921
f 996//921 1010//901 1000//917
f 1003//914 1000//917 993//913
f 1006//907 998//904 995//918
f 998//904 999//905 995//918
f 1007//916 1003//914 1011//922
f 997//908 994//915 1007//916
f 998//904 1009//1774 1013//909
f 999//905 1010//901 996//921
f 1015//919 995//918 1001//920
f 1005//910 1013//909 1012//923
f 1006//907 1008//1773 998//904
f 1034//924 1024//927 1017//925
f 1016//929 1019//931 1029//934
f 1032//945 1033//1775 1024//927
f 1031//933 1035//943 1016//929
f 1035//943 1023//937 1030//930
f 1017//925 1016//929 1029//934
f 1028//935 1038//940 1020//936
f 1020//936 1027//941 1030//930
f 1021//939 1025//928 1022//942
f 1022//942 1034//924 1026//938
f 1028//935 1024//927 1021//939
f 1024//927 1025//928 1021//939
f 1030//930 1016//929 1035//943
f 1023//937 1020//936 1030//930
f 1024//927 1033//1775 1036//932
f 1025//928 1034//924 1022//942
f 1038//940 1021//939 1027//941
f 1028//935 1032//945 1024//927
f 1023//937 1037//944 1028//935
f 1045//948 1046//949 1039//946
f 1057//957 1046//949 1045//948
f 1055//1776 1044//951 1056//966
f 1041//954 1044//951 1055//1776
f 1040//965 1057//957 1060//1777
f 1040//965 1046//949 1057//957
f 1042//959 1044//951 1053//953
f 1061//950 1046//949 1048//961
f 1048//961 1046//949 1049//962
f 1049//962 1046//949 1040//965
f 1049//962 1040//965 1052//964
f 1049//962 1052//964 1051//963
f 1048//961 1042//959 1053//953
f 1052//964 1040//965 1044//951
f 1053//953 1047//958 1061//950
f 1047//958 1054//947 1039//946
f 1054//947 1047//958 1043//952
f 1040//965 1060//1777 1056//966
f 1045//948 1058//955 1059//956
f 1068//969 1069//970 1062//967
f 1081//978 1069//970 1068//969
f 1079//1778 1067//972 1080//988
f 1064//975 1067//972 1079//1778
f 1063//987 1081//978 1084//1779
f 1063//987 1069//970 1081//978
f 1065//986 1072//980 1067//972
f 1065//986 1067//972 1077//974
f 1085//971 1069//970 1071//982
f 1071//982 1069//970 1073//983
f 1073//983 1069//970 1063//987
f 1073//983 1063//987 1076//985
f 1073//983 1076//985 1075//984
f 1071//982 1065//986 1077//974
f 1076//985 1063//987 1067//972
f 1077//974 1070//979 1085//971
f 1070//979 1078//968 1062//967
f 1078//968 1070//979 1066//973
f 1063//987 1084//1779 1080//988
f 1068//969 1082//976 1083//977
f 1092//991 1093//992 1086//989
f 1104//1000 1093//992 1092//991
f 1102//1780 1091//994 1103//1009
f 1088//997 1091//994 1102//1780
f 1087//1008 1104//1000 1107//1781
f 1087//1008 1093//992 1104//1000
f 1089//1002 1091//994 1100//996
f 1108//993 1093//992 1095//1004
f 1095//1004 1093//992 1096//1005
f 1096//1005 1093//992 1087//1008
f 1096//1005 1087//1008 1099//1007
f 1096//1005 1099//1007 1098//1006
f 1095//1004 1089//1002 1100//996
f 1099//1007 1087//1008 1091//994
f 1100//996 1094//1001 1108//993
f 1094//1001 1101//990 1086//989
f 1101//990 1094//1001 1090//995
f 1087//1008 1107//1781 1103//1009
f 1092//991 1105//998 1106//999
f 1114//1012 1115//1013 1116//1010
f 1126//1020 1115//1013 1114//1012
f 1124//1782 1113//1015 1125//1028
f 1110//1017 1113//1015 1124//1782
f 1109//1027 1126//1020 1129//1783
f 1109//1027 1115//1013 1126//1020
f 1111//1021 1113//1015 1122//1014
f 1122//1014 1115//1013 1117//1023
f 1117//1023 1115//1013 1118//1024
f 1118//1024 1115//1013 1109//1027
f 1118//1024 1109//1027 1121//1026
f 1118//1024 1121//1026 1120//1025
f 1117//1023 1111//1021 1122//1014
f 1121//1026 1109//1027 1113//1015
f 1123//1011 1116//1010 1112//1016
f 1109//1027 1129//1783 1125//1028
f 1114//1012 1127//1018 1128//1019
f 1136//1031 1137//1032 1130//1029
f 1148//1040 1137//1032 1136//1031
f 1146//1784 1135//1034 1147//1049
f 1132//1037 1135//1034 1146//1784
f 1131//1048 1148//1040 1151//1785
f 1131//1048 1137//1032 1148//1040
f 1133//1042 1135//1034 1144//1036
f 1152//1033 1137//1032 1139//1044
f 1139//1044 1137//1032 1140//1045
f 1140//1045 1137//1032 1131//1048
f 1140//1045 1131//1048 1143//1047
f 1140//1045 1143//1047 1142//1046
f 1139//1044 1133//1042 1144//1036
f 1143//1047 1131//1048 1135//1034
f 1144//1036 1138//1041 1152//1033
f 1138//1041 1145//1030 1130//1029
f 1145//1030 1138//1041 1134//1035
f 1131//1048 1151//1785 1147//1049
f 1136//1031 1149//1038 1150//1039
f 1159//1052 1160//1053 1153//1050
f 1172//1061 1160//1053 1159//1052
f 1170//1786 1158//1055 1171//1073
f 1155//1058 1158//1055 1170//1786
f 1154//1062 1172//1061 1177//1063
f 1154//1062 1160//1053 1172//1061
f 1156//1072 1163//1066 1158//1055
f 1156//1072 1158//1055 1168//1057
f 1176//1054 1160//1053 1162//1068
f 1162//1068 1160//1053 1164//1069
f 1164//1069 1160//1053 1154//1062
f 1164//1069 1154//1062 1167//1071
f 1164//1069 1167//1071 1166//1070
f 1162//1068 1156//1072 1168//1057
f 1167//1071 1154//1062 1158//1055
f 1168//1057 1161//1065 1176//1054
f 1161//1065 1169//1051 1153//1050
f 1169//1051 1161//1065 1157//1056
f 1154//1062 1175//1064 1171//1073
f 1159//1052 1173//1059 1174//1060
f 1184//1076 1185//1077 1178//1074
f 1197//1085 1185//1077 1184//1076
f 1195//1787 1183//1079 1196//1095
f 1180//1082 1183//1079 1195//1787
f 1179//1094 1197//1085 1200//1788
f 1179//1094 1185//1077 1197//1085
f 1181//1093 1188//1087 1183//1079
f 1181//1093 1183//1079 1193//1081
f 1201//1078 1185//1077 1187//1089
f 1187//1089 1185//1077 1189//1090
f 1189//1090 1185//1077 1179//1094
f 1189//1090 1179//1094 1192//1092
f 1189//1090 1192//1092 1191//1091
f 1187//1089 1181//1093 1193//1081
f 1192//1092 1179//1094 1183//1079
f 1193//1081 1186//1086 1201//1078
f 1186//1086 1194//1075 1178//1074
f 1194//1075 1186//1086 1182//1080
f 1179//1094 1200//1788 1196//1095
f 1184//1076 1198//1083 1199//1084
f 1208//1098 1209//1099 1202//1096
f 1220//1107 1209//1099 1208//1098
f 1218//1789 1207//1101 1219//1116
f 1204//1104 1207//1101 1218//1789
f 1203//1115 1220//1107 1223//1790
f 1203//1115 1209//1099 1220//1107
f 1205//1109 1207//1101 1216//1103
f 1224//1100 1209//1099 1211//1111
f 1211//1111 1209//1099 1212//1112
f 1212//1112 1209//1099 1203//1115
f 1212//1112 1203//1115 1215//1114
f 1212//1112 1215//1114 1214//1113
f 1211//1111 1205//1109 1216//1103
f 1215//1114 1203//1115 1207//1101
f 1216//1103 1210//1108 1224//1100
f 1210//1108 1217//1097 1202//1096
f 1217//1097 1210//1108 1206//1102
f 1203//1115 1223//1790 1219//1116
f 1208//1098 1221//1105 1222//1106
f 1231//1119 1232//1120 1225//1117
f 1243//1128 1232//1120 1231//1119
f 1241//1791 1230//1122 1242//1137
f 1227//1125 1230//1122 1241//1791
f 1226//1136 1243//1128 1246//1792
f 1226//1136 1232//1120 1243//1128
f 1228//1130 1230//1122 1239//1124
f 1247//1121 1232//1120 1234//1132
f 1234//1132 1232//1120 1235//1133
f 1235//1133 1232//1120 1226//1136
f 1235//1133 1226//1136 1238//1135
f 1235//1133 1238//1135 1237//1134
f 1234//1132 1228//1130 1239//1124
f 1238//1135 1226//1136 1230//1122
f 1239//1124 1233//1129 1247//1121
f 1233//1129 1240//1118 1225//1117
f 1240//1118 1233//1129 1229//1123
f 1226//1136 1246//1792 1242//1137
f 1231//1119 1244//1126 1245//1127
f 1265//1138 1256//1141 1249//1139
f 1248//1143 1251//1145 1261//1147
f 1263//1158 1264//1793 1256//1141
f 1267//1794 1266//1156 1248//1143
f 1266//1156 1255//1150 1262//1144
f 1249//1139 1248//1143 1261//1147
f 1260//1148 1270//1153 1252//1149
f 1252//1149 1259//1154 1262//1144
f 1253//1152 1257//1142 1254//1155
f 1254//1155 1265//1138 1258//1151
f 1260//1148 1256//1141 1253//1152
f 1256//1141 1257//1142 1253//1152
f 1262//1144 1248//1143 1266//1156
f 1255//1150 1252//1149 1262//1144
f 1256//1141 1264//1793 1268//1146
f 1257//1142 1265//1138 1254//1155
f 1270//1153 1253//1152 1259//1154
f 1248//1143 1268//1146 1267//1794
f 1260//1148 1263//1158 1256//1141
f 1255//1150 1269//1157 1260//1148
f 1289//1159 1279//1162 1272//1160
f 1271//1164 1274//1166 1284//1168
f 1287//1179 1288//1795 1279//1162
f 1286//1796 1290//1177 1271//1164
f 1290//1177 1278//1171 1285//1165
f 1272//1160 1271//1164 1284//1168
f 1283//1169 1293//1174 1275//1170
f 1275//1170 1282//1175 1285//1165
f 1276//1173 1280//1163 1277//1176
f 1277//1176 1289//1159 1281//1172
f 1283//1169 1279//1162 1276//1173
f 1279//1162 1280//1163 1276//1173
f 1285//1165 1271//1164 1290//1177
f 1278//1171 1275//1170 1285//1165
f 1279//1162 1288//1795 1291//1167
f 1280//1163 1289//1159 1277//1176
f 1293//1174 1276//1173 1282//1175
f 1271//1164 1291//1167 1286//1796
f 1283//1169 1287//1179 1279//1162
f 1278//1171 1292//1178 1283//1169
f 1313//1180 1302//1183 1295//1181
f 1294//1185 1297//1187 1307//1191
f 1311//1797 1312//1798 1302//1183
f 1295//1181 1310//1199 1309//1200
f 1309//1200 1314//1198 1294//1185
f 1314//1198 1301//1190 1308//1186
f 1295//1181 1294//1185 1307//1191
f 1306//1189 1316//1195 1298//1192
f 1298//1192 1305//1196 1308//1186
f 1299//1194 1303//1184 1300//1197
f 1300//1197 1313//1180 1304//1193
f 1306//1189 1302//1183 1299//1194
f 1302//1183 1303//1184 1299//1194
f 1308//1186 1294//1185 1314//1198
f 1301//1190 1298//1192 1308//1186
f 1302//1183 1312//1798 1310//1199
f 1303//1184 1313//1180 1300//1197
f 1316//1195 1299//1194 1305//1196
f 1311//1797 1306//1189 1315//1188
f 1306//1189 1311//1797 1302//1183
f 1323//1203 1324//1204 1317//1201
f 1336//1212 1324//1204 1323//1203
f 1334//1799 1322//1206 1335//1224
f 1319//1209 1322//1206 1334//1799
f 1318//1213 1336//1212 1341//1214
f 1318//1213 1324//1204 1336//1212
f 1320//1223 1327//1217 1322//1206
f 1320//1223 1322//1206 1332//1208
f 1340//1205 1324//1204 1326//1219
f 1326//1219 1324//1204 1328//1220
f 1328//1220 1324//1204 1318//1213
f 1328//1220 1318//1213 1331//1222
f 1328//1220 1331//1222 1330//1221
f 1326//1219 1320//1223 1332//1208
f 1331//1222 1318//1213 1322//1206
f 1332//1208 1325//1216 1340//1205
f 1325//1216 1333//1202 1317//1201
f 1333//1202 1325//1216 1321//1207
f 1318//1213 1339//1215 1335//1224
f 1323//1203 1337//1210 1338//1211
f 1361//1225 1350//1228 1343//1226
f 1342//1230 1345//1232 1355//1233
f 1359//1244 1360//1800 1350//1228
f 1343//1226 1358//1245 1357//1246
f 1357//1246 1362//1242 1342//1230
f 1362//1242 1349//1236 1356//1231
f 1343//1226 1342//1230 1355//1233
f 1354//1234 1364//1239 1346//1235
f 1346//1235 1353//1240 1356//1231
f 1347//1238 1351//1229 1348//1241
f 1348//1241 1361//1225 1352//1237
f 1354//1234 1350//1228 1347//1238
f 1350//1228 1351//1229 1347//1238
f 1356//1231 1342//1230 1362//1242
f 1349//1236 1346//1235 1356//1231
f 1350//1228 1360//1800 1358//1245
f 1351//1229 1361//1225 1348//1241
f 1364//1239 1347//1238 1353//1240
f 1354//1234 1359//1244 1350//1228
f 1349//1236 1363//1243 1354//1234
f 1370//1249 1371//1250 1372//1247
f 1382//1257 1371//1250 1370//1249
f 1380//1801 1369//1252 1381//1265
f 1366//1254 1369//1252 1380//1801
f 1365//1264 1382//1257 1385//1802
f 1365//1264 1371//1250 1382//1257
f 1367//1258 1369//1252 1378//1251
f 1378//1251 1371//1250 1373//1260
f 1373//1260 1371//1250 1374//1261
f 1374//1261 1371//1250 1365//1264
f 1374//1261 1365//1264 1377//1263
f 1374//1261 1377//1263 1376//1262
f 1373//1260 1367//1258 1378//1251
f 1377//1263 1365//1264 1369//1252
f 1379//1248 1372//1247 1368//1253
f 1365//1264 1385//1802 1381//1265
f 1370//1249 1383//1255 1384//1256
f 1405//1266 1394//1269 1387//1267
f 1386//1271 1389//1273 1399//1277
f 1403//1803 1404//1804 1394//1269
f 1387//1267 1402//1285 1401//1286
f 1401//1286 1406//1284 1386//1271
f 1406//1284 1393//1276 1400//1272
f 1387//1267 1386//1271 1399//1277
f 1398//1275 1408//1281 1390//1278
f 1390//1278 1397//1282 1400//1272
f 1391//1280 1395//1270 1392//1283
f 1392//1283 1405//1266 1396//1279
f 1398//1275 1394//1269 1391//1280
f 1394//1269 1395//1270 1391//1280
f 1400//1272 1386//1271 1406//1284
f 1393//1276 1390//1278 1400//1272
f 1394//1269 1404//1804 1402//1285
f 1395//1270 1405//1266 1392//1283
f 1408//1281 1391//1280 1397//1282
f 1403//1803 1398//1275 1407//1274
f 1398//1275 1403//1803 1394//1269
f 1426//1288 1416//1287 1410//1295
f 1409//1290 1411//1292 1421//1306
f 1424//1307 1425//1805 1416//1287
f 1423//1294 1427//1304 1409//1290
f 1427//1304 1415//1298 1422//1291
f 1410//1295 1409//1290 1421//1306
f 1420//1296 1430//1301 1412//1297
f 1412//1297 1419//1302 1422//1291
f 1413//1300 1417//1289 1414//1303
f 1414//1303 1426//1288 1418//1299
f 1420//1296 1416//1287 1413//1300
f 1416//1287 1417//1289 1413//1300
f 1422//1291 1409//1290 1427//1304
f 1415//1298 1412//1297 1422//1291
f 1416//1287 1425//1805 1428//1293
f 1417//1289 1426//1288 1414//1303
f 1430//1301 1413//1300 1419//1302
f 1420//1296 1424//1307 1416//1287
f 1415//1298 1429//1305 1420//1296
f 1450//1308 1439//1311 1432//1309
f 1431//1313 1434//1315 1444//1321
f 1453//1316 1448//1806 1445//1317
f 1448//1806 1449//1807 1439//1311
f 1447//1320 1451//1329 1431//1313
f 1451//1329 1438//1318 1446//1314
f 1432//1309 1431//1313 1444//1321
f 1443//1322 1454//1326 1435//1323
f 1435//1323 1442//1327 1446//1314
f 1436//1325 1440//1312 1437//1328
f 1437//1328 1450//1308 1441//1324
f 1445//1317 1439//1311 1436//1325
f 1439//1311 1440//1312 1436//1325
f 1446//1314 1431//1313 1451//1329
f 1438//1318 1435//1323 1446//1314
f 1439//1311 1449//1807 1452//1319
f 1440//1312 1450//1308 1437//1328
f 1454//1326 1436//1325 1442//1327
f 1445//1317 1448//1806 1439//1311
f 1460//1332 1461//1333 1462//1330
f 1472//1341 1461//1333 1460//1332
f 1470//1808 1459//1335 1471//1349
f 1456//1338 1459//1335 1470//1808
f 1455//1348 1472//1341 1475//1809
f 1455//1348 1461//1333 1472//1341
f 1457//1342 1459//1335 1468//1337
f 1476//1334 1461//1333 1463//1344
f 1463//1344 1461//1333 1464//1345
f 1464//1345 1461//1333 1455//1348
f 1464//1345 1455//1348 1467//1347
f 1464//1345 1467//1347 1466//1346
f 1463//1344 1457//1342 1468//1337
f 1467//1347 1455//1348 1459//1335
f 1468//1337 1462//1330 1476//1334
f 1469//1331 1462//1330 1458//1336
f 1455//1348 1475//1809 1471//1349
f 1460//1332 1473//1339 1474//1340
f 1494//1351 1484//1350 1478//1361
f 1477//1353 1479//1355 1489//1369
f 1492//1810 1493//1811 1484//1350
f 1491//1360 1495//1368 1477//1353
f 1495//1368 1483//1358 1490//1354
f 1478//1361 1477//1353 1489//1369
f 1488//1357 1498//1365 1480//1362
f 1480//1362 1487//1366 1490//1354
f 1481//1364 1485//1352 1482//1367
f 1482//1367 1494//1351 1486//1363
f 1488//1357 1484//1350 1481//1364
f 1484//1350 1485//1352 1481//1364
f 1490//1354 1477//1353 1495//1368
f 1483//1358 1480//1362 1490//1354
f 1484//1350 1493//1811 1496//1359
f 1485//1352 1494//1351 1482//1367
f 1498//1365 1481//1364 1487//1366
f 1492//1810 1488//1357 1497//1356
f 1488//1357 1492//1810 1484//1350
f 1504//1372 1505//1373 1506//1370
f 1516//1380 1505//1373 1504//1372
f 1514//1812 1503//1375 1515//1388
f 1500//1377 1503//1375 1514//1812
f 1499//1387 1516//1380 1519//1813
f 1499//1387 1505//1373 1516//1380
f 1501//1381 1503//1375 1512//1374
f 1512//1374 1505//1373 1507//1383
f 1507//1383 1505//1373 1508//1384
f 1508//1384 1505//1373 1499//1387
f 1508//1384 1499//1387 1511//1386
f 1508//1384 1511//1386 1510//1385
f 1507//1383 1501//1381 1512//1374
f 1511//1386 1499//1387 1503//1375
f 1513//1371 1506//1370 1502//1376
f 1499//1387 1519//1813 1515//1388
f 1504//1372 1517//1378 1518//1379
f 1539//1389 1528//1392 1521//1390
f 1520//1394 1523//1396 1533//1401
f 1542//1397 1537//1814 1534//1398
f 1537//1814 1538//1815 1528//1392
f 1536//1816 1540//1409 1520//1394
f 1540//1409 1527//1399 1535//1395
f 1521//1390 1520//1394 1533//1401
f 1532//1402 1543//1406 1524//1403
f 1524//1403 1531//1407 1535//1395
f 1525//1405 1529//1393 1526//1408
f 1526//1408 1539//1389 1530//1404
f 1534//1398 1528//1392 1525//1405
f 1528//1392 1529//1393 1525//1405
f 1535//1395 1520//1394 1540//1409
f 1527//1399 1524//1403 1535//1395
f 1528//1392 1538//1815 1541//1400
f 1529//1393 1539//1389 1526//1408
f 1543//1406 1525//1405 1531//1407
f 1520//1394 1541//1400 1536//1816
f 1534//1398 1537//1814 1528//1392
f 1561//1411 1551//1410 1545//1420
f 1544//1413 1546//1415 1556//1428
f 1559//1417 1560//1817 1551//1410
f 1558//1818 1562//1427 1544//1413
f 1562//1427 1550//1418 1557//1414
f 1545//1420 1544//1413 1556//1428
f 1555//1419 1565//1424 1547//1421
f 1547//1421 1554//1425 1557//1414
f 1548//1423 1552//1412 1549//1426
f 1549//1426 1561//1411 1553//1422
f 1559//1417 1551//1410 1548//1423
f 1551//1410 1552//1412 1548//1423
f 1557//1414 1544//1413 1562//1427
f 1550//1418 1547//1421 1557//1414
f 1551//1410 1560//1817 1563//1429
f 1552//1412 1561//1411 1549//1426
f 1565//1424 1548//1423 1554//1425
f 1545//1420 1558//1818 1544//1413
f 1545//1420 1563//1429 1558//1818
f 1572//1432 1573//1433 1566//1430
f 1584//1441 1573//1433 1572//1432
f 1582//1819 1571//1435 1583//1450
f 1568//1438 1571//1435 1582//1819
f 1567//1449 1584//1441 1587//1820
f 1567//1449 1573//1433 1584//1441
f 1569//1443 1571//1435 1580//1437
f 1588//1434 1573//1433 1575//1445
f 1575//1445 1573//1433 1576//1446
f 1576//1446 1573//1433 1567//1449
f 1576//1446 1567//1449 1579//1448
f 1576//1446 1579//1448 1578//1447
f 1575//1445 1569//1443 1580//1437
f 1579//1448 1567//1449 1571//1435
f 1580//1437 1574//1442 1588//1434
f 1574//1442 1581//1431 1566//1430
f 1581//1431 1574//1442 1570//1436
f 1567//1449 1587//1820 1583//1450
f 1572//1432 1585//1439 1586//1440
f 1606//1452 1596//1451 1590//1457
f 1589//1454 1591//1456 1601//1469
f 1604//1470 1605//1821 1596//1451
f 1603//1822 1607//1467 1589//1454
f 1607//1467 1595//1461 1602//1455
f 1590//1457 1589//1454 1601//1469
f 1600//1459 1610//1464 1592//1460
f 1592//1460 1599//1465 1602//1455
f 1593//1463 1597//1453 1594//1466
f 1594//1466 1606//1452 1598//1462
f 1600//1459 1596//1451 1593//1463
f 1596//1451 1597//1453 1593//1463
f 1602//1455 1589//1454 1607//1467
f 1595//1461 1592//1460 1602//1455
f 1596//1451 1605//1821 1608//1458
f 1597//1453 1606//1452 1594//1466
f 1610//1464 1593//1463 1599//1465
f 1589//1454 1608//1458 1603//1822
f 1600//1459 1604//1470 1596//1451
f 1595//1461 1609//1468 1600//1459
f 1620//1472 1618//1471 1612//1480
f 1625//1823 1626//1824 1618//1471
f 1624//1825 1627//1487 1611//1474
f 1627//1487 1617//1479 1623//1475
f 1622//1478 1630//1484 1614//1482
f 1614//1482 1621//1485 1623//1475
f 1615//1483 1619//1473 1616//1486
f 1622//1478 1618//1471 1615//1483
f 1618//1471 1619//1473 1615//1483
f 1623//1475 1611//1474 1627//1487
f 1617//1479 1614//1482 1623//1475
f 1618//1471 1626//1824 1628//1481
f 1619//1473 1620//1472 1616//1486
f 1630//1484 1615//1483 1621//1485
f 1611//1474 1628//1481 1624//1825
f 1625//1823 1622//1478 1629//1477
f 1622//1478 1625//1823 1618//1471
f 1650//1488 1639//1491 1632//1489
f 1631//1493 1634//1495 1644//1500
f 1653//1496 1648//1826 1645//1497
f 1648//1826 1649//1827 1639//1491
f 1647//1828 1651//1508 1631//1493
f 1651//1508 1638//1498 1646//1494
f 1632//1489 1631//1493 1644//1500
f 1643//1501 1654//1505 1635//1502
f 1635//1502 1642//1506 1646//1494
f 1636//1504 1640//1492 1637//1507
f 1637//1507 1650//1488 1641//1503
f 1645//1497 1639//1491 1636//1504
f 1639//1491 1640//1492 1636//1504
f 1646//1494 1631//1493 1651//1508
f 1638//1498 1635//1502 1646//1494
f 1639//1491 1649//1827 1652//1499
f 1640//1492 1650//1488 1637//1507
f 1654//1505 1636//1504 1642//1506
f 1631//1493 1652//1499 1647//1828
f 1645//1497 1648//1826 1639//1491
f 1660//1511 1661//1512 1662//1509
f 1672//1520 1661//1512 1660//1511
f 1670//1829 1659//1514 1671//1528
f 1656//1517 1659//1514 1670//1829
f 1655//1527 1672//1520 1675//1830
f 1655//1527 1661//1512 1672//1520
f 1657//1521 1659//1514 1668//1516
f 1676//1513 1661//1512 1663//1523
f 1663//1523 1661//1512 1664//1524
f 1664//1524 1661//1512 1655//1527
f 1664//1524 1655//1527 1667//1526
f 1664//1524 1667//1526 1666//1525
f 1663//1523 1657//1521 1668//1516
f 1667//1526 1655//1527 1659//1514
f 1668//1516 1662//1509 1676//1513
f 1669//1510 1662//1509 1658//1515
f 1655//1527 1675//1830 1671//1528
f 1660//1511 1673//1518 1674//1519
f 1686//1530 1684//1529 1678//1538
f 1691//1831 1692//1832 1684//1529
f 1690//1833 1693//1545 1677//1532
f 1693//1545 1683//1537 1689//1533
f 1688//1536 1696//1542 1680//1540
f 1680//1540 1687//1543 1689//1533
f 1681//1541 1685//1531 1682//1544
f 1688//1536 1684//1529 1681//1541
f 1684//1529 1685//1531 1681//1541
f 1689//1533 1677//1532 1693//1545
f 1683//1537 1680//1540 1689//1533
f 1684//1529 1692//1832 1694//1539
f 1685//1531 1686//1530 1682//1544
f 1696//1542 1681//1541 1687//1543
f 1677//1532 1694//1539 1690//1833
f 1691//1831 1688//1536 1695//1535
f 1688//1536 1691//1831 1684//1529
f 1702//1548 1703//1549 1704//1546
f 1714//1557 1703//1549 1702//1548
f 1712//1834 1701//1551 1713//1565
f 1698//1554 1701//1551 1712//1834
f 1697//1564 1714//1557 1717//1835
f 1697//1564 1703//1549 1714//1557
f 1699//1558 1701//1551 1710//1553
f 1718//1550 1703//1549 1705//1560
f 1705//1560 1703//1549 1706//1561
f 1706//1561 1703//1549 1697//1564
f 1706//1561 1697//1564 1709//1563
f 1706//1561 1709//1563 1708//1562
f 1705//1560 1699//1558 1710//1553
f 1709//1563 1697//1564 1701//1551
f 1710//1553 1704//1546 1718//1550
f 1711//1547 1704//1546 1700//1552
f 1697//1564 1717//1835 1713//1565
f 1702//1548 1715//1555 1716//1556
f 1721//1566 1726//1569 1719//1567
f 1734//1572 1735//1836 1726//1569
f 1737//1586 1736//1585 1731//1577
f 1736//1585 1725//1573 1733//1579
f 1730//1576 1740//1582 1722//1578
f 1722//1578 1729//1583 1733//1579
f 1723//1581 1727//1570 1724//1584
f 1724//1584 1721//1566 1728//1580
f 1731//1577 1728//1580 1721//1566
f 1734//1572 1726//1569 1723//1581
f 1726//1569 1727//1570 1723//1581
f 1733//1579 1731//1577 1736//1585
f 1725//1573 1722//1578 1733//1579
f 1726//1569 1735//1836 1738//1574
f 1727//1570 1721//1566 1724//1584
f 1740//1582 1723//1581 1729//1583
f 1732//1575 1738//1574 1737//1586
f 1746//1589 1747//1590 1748//1587
f 1754//1597 1747//1590 1746//1589
f 1742//1594 1745//1592 1753//1837
f 1741//1838 1754//1597 1757//1839
f 1741//1838 1747//1590 1754//1597
f 1743//1598 1745//1592 1751//1591
f 1750//1600 1747//1590 1741//1838
f 1750//1600 1741//1838 1749//1599
f 1747//1590 1743//1598 1751//1591
f 1749//1599 1741//1838 1745//1592
f 1752//1588 1748//1587 1744//1593
f 1741//1838 1757//1839 1745//1592
f 1746//1589 1755//1595 1756//1596
f 1763//1603 1764//1604 1765//1601
f 1775//1611 1764//1604 1763//1603
f 1773//1840 1762//1606 1774//1619
f 1759//1608 1762//1606 1773//1840
f 1758//1618 1775//1611 1778//1841
f 1758//1618 1764//1604 1775//1611
f 1760//1612 1762//1606 1771//1605
f 1771//1605 1764//1604 1766//1614
f 1766//1614 1764//1604 1767//1615
f 1767//1615 1764//1604 1758//1618
f 1767//1615 1758//1618 1770//1617
f 1767//1615 1770//1617 1769//1616
f 1766//1614 1760//1612 1771//1605
f 1770//1617 1758//1618 1762//1606
f 1772//1602 1765//1601 1761//1607
f 1758//1618 1778//1841 1774//1619
f 1763//1603 1776//1609 1777//1610
f 1785//1622 1786//1623 1779//1620
f 1798//1631 1786//1623 1785//1622
f 1796//1842 1784//1625 1797//1643
f 1781//1628 1784//1625 1796//1842
f 1780//1632 1798//1631 1803//1633
f 1780//1632 1786//1623 1798//1631
f 1782//1642 1789//1636 1784//1625
f 1782//1642 1784//1625 1794//1627
f 1802//1624 1786//1623 1788//1638
f 1788//1638 1786//1623 1790//1639
f 1790//1639 1786//1623 1780//1632
f 1790//1639 1780//1632 1793//1641
f 1790//1639 1793//1641 1792//1640
f 1788//1638 1782//1642 1794//1627
f 1793//1641 1780//1632 1784//1625
f 1794//1627 1787//1635 1802//1624
f 1787//1635 1795//1621 1779//1620
f 1795//1621 1787//1635 1783//1626
f 1780//1632 1801//1634 1797//1643
f 1785//1622 1799//1629 1800//1630
f 1813//1645 1811//1644 1805//1652
f 1818//1662 1819//1843 1811//1644
f 1817//1651 1820//1660 1804//1647
f 1820//1660 1810//1655 1816//1648
f 1815//1653 1823//1657 1807//1654
f 1807//1654 1814//1658 1816//1648
f 1808//1656 1812//1646 1809//1659
f 1815//1653 1811//1644 1808//1656
f 1811//1644 1812//1646 1808//1656
f 1816//1648 1804//1647 1820//1660
f 1810//1655 1807//1654 1816//1648
f 1811//1644 1819//1843 1821//1650
f 1812//1646 1813//1645 1809//1659
f 1823//1657 1808//1656 1814//1658
f 1815//1653 1818//1662 1811//1644
f 1810//1655 1822//1661 1815//1653
f 1841//1664 1831//1663 1825//1674
f 1824//1666 1826//1668 1836//1682
f 1839//1844 1840//1845 1831//1663
f 1838//1673 1842//1681 1824//1666
f 1842//1681 1830//1671 1837//1667
f 1825//1674 1824//1666 1836//1682
f 1835//1670 1845//1678 1827//1675
f 1827//1675 1834//1679 1837//1667
f 1828//1677 1832//1665 1829//1680
f 1829//1680 1841//1664 1833//1676
f 1835//1670 1831//1663 1828//1677
f 1831//1663 1832//1665 1828//1677
f 1837//1667 1824//1666 1842//1681
f 1830//1671 1827//1675 1837//1667
f 1831//1663 1840//1845 1843//1672
f 1832//1665 1841//1664 1829//1680
f 1845//1678 1828//1677 1834//1679
f 1839//1844 1835//1670 1844//1669
f 1835//1670 1839//1844 1831//1663
