# Blender 5.2.0 LTS
# www.blender.org
o Coral_Plate_E_tmp
v -0.939973 0.005431 0.404281
v -0.874999 -0.001955 0.344894
v -0.927606 -0.002189 0.412399
v -0.914986 -0.032714 0.406030
v -0.882841 -0.054019 0.411552
v -0.864133 -0.070501 0.394714
v -0.844540 -0.091059 0.382045
v -0.829053 -0.109416 0.374148
v -0.807252 -0.138439 0.375922
v -0.825988 -0.096706 0.384996
v -0.791876 -0.151621 0.379379
v -0.781683 -0.056453 0.328702
v -0.766491 0.018838 0.286877
v -0.850653 -0.018228 0.393158
v -0.839927 -0.041757 0.351904
v -0.822182 0.031495 0.290247
v -0.792435 -0.042597 0.348436
v -0.791975 0.006354 0.362078
v -0.849598 -0.070619 0.397725
v -0.781473 -0.170423 0.364639
v -0.766499 -0.184254 0.369261
v -0.735655 -0.206118 0.368672
v -0.753080 -0.186410 0.357282
v -0.748574 -0.139832 0.365910
v -0.695156 -0.160861 0.362315
v -0.758451 -0.124751 0.346895
v -0.762240 -0.092839 0.367635
v -0.680633 -0.033001 0.293228
v -0.708097 -0.112564 0.331605
v -0.713002 -0.102550 0.346114
v -0.710005 0.046091 0.259289
v -0.756123 -0.054965 0.341829
v -0.711998 0.006405 0.317591
v -0.640133 -0.253823 0.377224
v -0.642568 -0.248072 0.360890
v -0.685117 -0.210678 0.375512
v -0.685487 -0.216226 0.361912
v -0.662455 -0.244607 0.367874
v -0.662393 -0.135159 0.357897
v -0.634392 -0.084432 0.324881
v -0.632861 -0.152495 0.355458
v -0.702029 -0.027564 0.328927
v -0.598236 -0.089025 0.350975
v -0.672590 0.047116 0.287961
v -0.641855 -0.063997 0.350956
v -0.656011 0.011184 0.384508
v -0.645700 -0.031744 0.402700
v -0.644335 -0.007810 0.404004
v -0.630320 -0.040538 0.418183
v -0.602242 -0.265353 0.362483
v -0.611381 -0.268851 0.376973
v -0.615959 -0.231699 0.378184
v -0.543325 -0.269810 0.354853
v -0.563328 -0.268265 0.369819
v -0.527096 -0.248314 0.345208
v -0.589203 -0.170875 0.364698
v -0.570214 -0.208895 0.366343
v -0.541274 -0.172998 0.355677
v -0.552642 -0.065496 0.334629
v -0.618913 -0.078201 0.417454
v -0.623345 -0.056407 0.393520
v -0.583984 -0.118440 0.422813
v -0.607940 -0.083556 0.429185
v -0.562043 -0.140452 0.443229
v -0.586164 -0.105558 0.438015
v -0.548114 -0.160187 0.430449
v -0.594949 -0.045602 0.302969
v -0.562431 0.034493 0.302397
v -0.601377 -0.041171 0.370645
v -0.611070 -0.045910 0.343614
v -0.594853 -0.015777 0.378479
v -0.571311 -0.005788 0.345136
v -0.553186 -0.031550 0.365004
v -0.601938 -0.060941 0.404961
v -0.518267 -0.207230 0.335423
v -0.522375 -0.216956 0.346523
v -0.516267 -0.171947 0.328475
v -0.506869 -0.139415 0.334657
v -0.529393 -0.159632 0.447474
v -0.492217 -0.177711 0.428235
v -0.499340 -0.178300 0.447276
v -0.505079 -0.152479 0.429406
v -0.500071 -0.085778 0.305798
v -0.525413 -0.132326 0.347328
v -0.509250 -0.131220 0.321148
v -0.493639 -0.080799 0.314843
v -0.511407 -0.142768 0.403358
v -0.501776 -0.095832 0.397209
v -0.529832 0.000724 0.273360
v -0.497912 -0.014430 0.281302
v -0.494425 -0.012370 0.260543
v -0.494513 -0.044891 0.280918
v -0.487967 -0.029322 0.278571
v -0.484614 -0.005329 0.261342
v -0.535279 0.011580 0.343732
v -0.527759 -0.049493 0.352381
v -0.508226 -0.039056 0.362906
v -0.475726 -0.053111 0.379036
v -0.380699 -0.163664 0.400063
v -0.454081 -0.175086 0.447854
v -0.455169 -0.157821 0.426313
v -0.425009 -0.182911 0.425946
v -0.427041 -0.159987 0.398202
v -0.403573 -0.169332 0.431259
v -0.378683 -0.090930 0.340165
v -0.409723 -0.110869 0.391363
v -0.354620 -0.114448 0.380173
v -0.449007 0.018986 0.313211
v -0.469109 -0.019380 0.350381
v -0.437365 -0.041301 0.359198
v -0.438555 0.024345 0.333954
v -0.448325 -0.063986 0.349888
v -0.402024 -0.068772 0.352610
v -0.396163 -0.017235 0.342742
v -0.317196 -0.438124 0.446781
v -0.325996 -0.414903 0.415623
v -0.330888 -0.402377 0.444865
v -0.333893 -0.317617 0.389568
v -0.335971 -0.347000 0.419770
v -0.326088 -0.351135 0.430718
v -0.318829 -0.368998 0.435091
v -0.338624 -0.273774 0.389755
v -0.334249 -0.275177 0.407920
v -0.335231 -0.302383 0.414217
v -0.318253 -0.235225 0.392313
v -0.323549 -0.198483 0.394532
v -0.324538 -0.194248 0.373025
v -0.310035 -0.156910 0.387531
v -0.360647 -0.157162 0.412304
v -0.348477 -0.105866 0.351411
v -0.356006 -0.053224 0.342427
v -0.330915 -0.119467 0.373187
v -0.325701 -0.080449 0.372723
v -0.360628 -0.144043 0.414129
v -0.332731 -0.116807 0.392915
v -0.358821 0.003666 0.322133
v -0.364716 -0.004360 0.309088
v -0.311343 -0.014160 0.317598
v -0.312730 -0.056641 0.345740
v -0.330448 0.013295 0.315538
v -0.332408 -0.052665 0.357071
v -0.313335 -0.000999 0.329839
v -0.287807 -0.474738 0.441687
v -0.265652 -0.502682 0.441533
v -0.232102 -0.510983 0.408231
v -0.239159 -0.515946 0.439399
v -0.239025 -0.498699 0.438643
v -0.276128 -0.421969 0.392742
v -0.317062 -0.411554 0.448324
v -0.296951 -0.453534 0.458065
v -0.303612 -0.402807 0.425233
v -0.270773 -0.411122 0.413879
v -0.265354 -0.476236 0.456462
v -0.299008 -0.340547 0.376296
v -0.299283 -0.383186 0.383297
v -0.258593 -0.351728 0.320328
v -0.258994 -0.299448 0.356224
v -0.242210 -0.296193 0.313915
v -0.245024 -0.384008 0.319855
v -0.240263 -0.326379 0.349994
v -0.285901 -0.312252 0.386951
v -0.252238 -0.373883 0.369472
v -0.215255 -0.232181 0.281998
v -0.338224 -0.237979 0.382395
v -0.294937 -0.269927 0.391651
v -0.223017 -0.258521 0.317614
v -0.259191 -0.250415 0.434061
v -0.244383 -0.282815 0.426739
v -0.244373 -0.246785 0.436615
v -0.238305 -0.187669 0.311494
v -0.289751 -0.213701 0.333662
v -0.295687 -0.165308 0.384919
v -0.284588 -0.165532 0.341830
v -0.308800 -0.149304 0.365678
v -0.278114 -0.161113 0.395539
v -0.260567 -0.228321 0.399399
v -0.289907 -0.195056 0.433965
v -0.254527 -0.170019 0.370466
v -0.244798 -0.201416 0.345180
v -0.254286 -0.176620 0.356217
v -0.248273 -0.144833 0.395580
v -0.299958 -0.155146 0.428613
v -0.284978 -0.158542 0.438087
v -0.275166 -0.224511 0.437071
v -0.267696 -0.203857 0.440063
v -0.286567 -0.112087 0.372993
v -0.250657 -0.087531 0.323534
v -0.278664 -0.117576 0.393274
v -0.247975 -0.117789 0.306954
v -0.259777 -0.108665 0.369507
v -0.239683 -0.094514 0.378952
v -0.231751 -0.092240 0.348432
v -0.247090 -0.081780 0.341496
v -0.289353 -0.141493 0.402845
v -0.284726 -0.108405 0.423509
v -0.262537 -0.096922 0.416546
v -0.254600 0.008414 0.302596
v -0.313654 -0.065793 0.361511
v -0.293519 -0.036834 0.332040
v -0.285856 -0.046187 0.366023
v -0.256664 -0.049428 0.364222
v -0.235555 -0.017187 0.332697
v -0.231877 -0.043299 0.339396
v -0.256039 -0.038026 0.368052
v -0.197929 -0.528917 0.394373
v -0.181376 -0.477817 0.349569
v -0.142747 -0.484387 0.370003
v -0.210758 -0.522152 0.441625
v -0.186718 -0.485502 0.394832
v -0.214109 -0.435236 0.394584
v -0.185465 -0.527026 0.425713
v -0.128612 -0.552258 0.388165
v -0.173925 -0.408855 0.312105
v -0.215488 -0.421800 0.348039
v -0.213570 -0.388921 0.363354
v -0.174623 -0.394504 0.333724
v -0.210499 -0.355134 0.292011
v -0.202826 -0.316169 0.275421
v -0.193118 -0.326807 0.299774
v -0.112462 -0.326899 0.246099
v -0.227301 -0.352950 0.331678
v -0.192869 -0.311230 0.387162
v -0.174192 -0.346152 0.386583
v -0.151086 -0.338066 0.368885
v -0.223512 -0.303978 0.425087
v -0.187439 -0.336449 0.427021
v -0.194557 -0.346083 0.415115
v -0.178023 -0.365899 0.424365
v -0.151057 -0.381173 0.425894
v -0.224286 -0.229665 0.318141
v -0.200301 -0.288565 0.311083
v -0.175829 -0.224783 0.290713
v -0.150920 -0.192799 0.238140
v -0.156817 -0.261064 0.272078
v -0.181489 -0.263498 0.258396
v -0.234051 -0.267667 0.377730
v -0.193720 -0.258918 0.379451
v -0.195291 -0.245947 0.336357
v -0.142911 -0.281557 0.323310
v -0.150511 -0.243696 0.352160
v -0.225877 -0.273616 0.427551
v -0.196236 -0.290104 0.424675
v -0.147738 -0.286605 0.383505
v -0.199192 -0.168724 0.284820
v -0.188683 -0.202057 0.310692
v -0.180652 -0.177364 0.305050
v -0.166394 -0.195276 0.259358
v -0.159109 -0.181602 0.278238
v -0.177970 -0.133155 0.289119
v -0.235616 -0.195787 0.356604
v -0.202566 -0.198776 0.326558
v -0.214782 -0.209822 0.345966
v -0.191575 -0.161317 0.353497
v -0.217507 -0.215115 0.391745
v -0.176623 -0.202307 0.325754
v -0.208274 -0.066640 0.320112
v -0.195825 -0.107313 0.291441
v -0.165908 -0.082099 0.326138
v -0.229935 -0.101570 0.391748
v -0.192260 -0.125014 0.360355
v -0.214150 -0.086654 0.365923
v -0.144406 -0.078128 0.337353
v -0.221836 -0.048224 0.378034
v -0.207622 -0.075510 0.340498
v -0.178715 0.000117 0.328629
v -0.174930 -0.016434 0.321188
v -0.163069 -0.044512 0.369441
v -0.144064 -0.030887 0.341702
v -0.127837 -0.526412 0.354193
v -0.136535 -0.551836 0.406842
v -0.130154 -0.539800 0.410077
v -0.101944 -0.502165 0.364104
v -0.109767 -0.399801 0.295309
v -0.143319 -0.415776 0.333621
v -0.108876 -0.391520 0.322605
v -0.076551 -0.488337 0.352122
v -0.117188 -0.411118 0.408132
v -0.072589 -0.414036 0.317137
v -0.078651 -0.436102 0.405684
v -0.117560 -0.407522 0.418639
v -0.121130 -0.366304 0.270697
v -0.112547 -0.340576 0.274017
v -0.082779 -0.310353 0.267141
v -0.030962 -0.319911 0.224698
v -0.142497 -0.342090 0.287575
v -0.129651 -0.321676 0.383809
v -0.094883 -0.319674 0.298477
v -0.078463 -0.381742 0.338793
v -0.094139 -0.321431 0.359436
v -0.111594 -0.382047 0.375670
v -0.095925 -0.348305 0.384591
v -0.088913 -0.326095 0.389640
v -0.146936 -0.367116 0.429901
v -0.065468 -0.304658 0.217883
v -0.146190 -0.194842 0.256997
v -0.097300 -0.279576 0.262704
v -0.065750 -0.269509 0.276939
v -0.060046 -0.248552 0.233566
v -0.141562 -0.271846 0.368471
v -0.136097 -0.275331 0.390373
v -0.140225 -0.250261 0.397399
v -0.133440 -0.284168 0.369279
v -0.124589 -0.257409 0.351938
v -0.137437 -0.258511 0.385788
v -0.123416 -0.274780 0.383471
v -0.109879 -0.209702 0.372782
v -0.099109 -0.301533 0.342182
v -0.099483 -0.245656 0.341186
v -0.115125 -0.294466 0.404871
v -0.111832 -0.250451 0.368723
v -0.073786 -0.276109 0.321174
v -0.080770 -0.227114 0.329322
v -0.086901 -0.245786 0.353349
v -0.119622 -0.275694 0.409112
v -0.134755 -0.173205 0.233215
v -0.111045 -0.198153 0.216080
v -0.115290 -0.168602 0.240069
v -0.067809 -0.195453 0.225204
v -0.088079 -0.179151 0.217283
v -0.156490 -0.172564 0.295585
v -0.160153 -0.175855 0.310383
v -0.096291 -0.203799 0.278538
v -0.145813 -0.137095 0.342666
v -0.149551 -0.220847 0.353691
v -0.140692 -0.214297 0.387586
v -0.140237 -0.205673 0.368217
v -0.138995 -0.192718 0.351422
v -0.134799 -0.145339 0.360520
v -0.132442 -0.230976 0.364425
v -0.133649 -0.160237 0.378078
v -0.150371 -0.123992 0.310460
v -0.129521 -0.076032 0.317571
v -0.106228 -0.090189 0.295613
v -0.123151 -0.106510 0.335586
v -0.117200 -0.123736 0.353149
v -0.127903 -0.008999 0.290666
v -0.090060 -0.039891 0.288332
v -0.101462 -0.069910 0.322701
v -0.106674 -0.027994 0.321121
v -0.104226 0.000158 0.298658
v -0.078034 -0.019235 0.296459
v -0.090657 -0.029204 0.310816
v -0.142327 -0.026907 0.362946
v -0.111895 -0.019366 0.343776
v -0.080477 -0.543369 0.393159
v -0.073634 -0.531250 0.395571
v -0.064072 -0.502610 0.327356
v -0.038410 -0.472208 0.312355
v -0.041394 -0.536133 0.355423
v -0.046493 -0.501757 0.345328
v -0.042485 -0.534522 0.382879
v -0.029161 -0.465705 0.326925
v -0.020889 -0.513405 0.367280
v 0.000099 -0.475238 0.311520
v 0.003119 -0.477434 0.348449
v -0.004514 -0.505055 0.350630
v -0.023015 -0.423671 0.280115
v -0.033465 -0.428848 0.313521
v -0.018654 -0.391418 0.309791
v -0.045424 -0.455110 0.397224
v -0.046011 -0.442228 0.355371
v -0.062910 -0.401933 0.401379
v -0.007153 -0.474167 0.389217
v -0.021356 -0.432990 0.329485
v -0.011752 -0.463496 0.345317
v -0.011198 -0.457125 0.394038
v -0.016003 -0.436281 0.359686
v -0.084633 -0.407288 0.412739
v -0.052034 -0.434602 0.407258
v -0.031705 -0.345348 0.296330
v -0.024695 -0.392925 0.291601
v -0.041389 -0.320965 0.257407
v -0.024273 -0.369280 0.276637
v -0.020670 -0.367691 0.292655
v 0.019975 -0.348585 0.265512
v 0.004145 -0.290243 0.297792
v -0.075115 -0.364720 0.376702
v -0.068862 -0.335973 0.361873
v -0.069541 -0.317647 0.366910
v -0.069433 -0.317647 0.367285
v -0.062817 -0.354769 0.391447
v -0.057708 -0.326033 0.367480
v -0.047627 -0.312983 0.334089
v -0.008720 -0.349396 0.317741
v -0.011913 -0.304791 0.341035
v -0.015434 -0.331134 0.315394
v -0.024632 -0.373359 0.397398
v -0.083962 -0.320718 0.407761
v -0.052046 -0.362638 0.410649
v -0.012816 -0.378886 0.416530
v -0.020652 -0.323682 0.401297
v 0.031617 -0.353541 0.407529
v -0.054185 -0.237806 0.205696
v -0.018361 -0.279273 0.214430
v -0.018908 -0.238015 0.219775
v -0.055708 -0.257586 0.315434
v 0.005836 -0.305784 0.255898
v 0.007529 -0.300416 0.271622
v -0.015809 -0.255473 0.309001
v -0.025280 -0.224242 0.289138
v -0.023623 -0.280596 0.319288
v -0.018463 -0.239495 0.253883
v -0.009843 -0.249217 0.317396
v -0.080050 -0.309663 0.370419
v -0.069487 -0.317200 0.367097
v -0.058065 -0.312062 0.344907
v -0.061402 -0.233193 0.335349
v -0.062413 -0.224458 0.373240
v -0.054218 -0.287071 0.326346
v -0.075468 -0.275873 0.391160
v -0.037292 -0.293679 0.340453
v -0.046319 -0.280641 0.338804
v -0.039096 -0.254686 0.331040
v -0.020922 -0.278601 0.373981
v 0.007622 -0.221998 0.358629
v -0.063386 -0.191997 0.216996
v -0.026917 -0.222695 0.231430
v -0.068792 -0.228652 0.317809
v -0.055789 -0.197489 0.314668
v -0.075227 -0.137536 0.284394
v -0.019654 -0.195673 0.302924
v -0.031433 -0.201089 0.318938
v 0.011943 -0.192848 0.287734
v -0.054557 -0.163454 0.349638
v -0.055380 -0.215254 0.331802
v -0.048985 -0.064241 0.296093
v -0.040548 -0.111701 0.276902
v -0.022178 -0.088800 0.290428
v -0.019545 -0.110963 0.267563
v -0.041678 -0.123168 0.331822
v -0.095514 -0.087665 0.340892
v -0.080180 -0.058832 0.324330
v -0.034064 -0.082129 0.318962
v -0.078977 -0.059816 0.306079
v -0.038386 -0.038281 0.314165
v -0.026511 -0.016195 0.258274
v 0.022670 -0.004500 0.283529
v -0.499977 0.302162 -0.004492
v -0.490118 0.286376 -0.011569
v -0.967806 0.081686 0.406335
v -0.950960 0.034101 0.403779
v -0.984991 0.155407 0.397542
v -0.979561 0.127029 0.412964
v -0.979999 0.233178 0.381051
v -0.923715 0.262575 0.336671
v -0.981256 0.168666 0.405643
v -0.983913 0.215582 0.407635
v -0.971730 0.273926 0.391663
v -0.961307 0.284848 0.400309
v -0.950101 0.299501 0.392643
v -0.978991 0.252161 0.401092
v -0.963595 0.320625 0.386836
v -0.965210 0.346547 0.371802
v -0.955184 0.395513 0.357679
v -0.948178 0.394605 0.368822
v -0.911458 0.100863 0.382528
v -0.950098 0.064390 0.411172
v -0.909235 0.044763 0.390321
v -0.887824 0.019933 0.398182
v -0.929256 0.160476 0.365097
v -0.859631 0.234685 0.281968
v -0.937567 0.243994 0.367774
v -0.888337 0.166751 0.294334
v -0.923772 0.197098 0.366233
v -0.846743 0.229676 0.311531
v -0.918782 0.340755 0.316286
v -0.841659 0.266685 0.293968
v -0.960648 0.295633 0.377873
v -0.920881 0.274100 0.361243
v -0.891594 0.255969 0.346460
v -0.910350 0.288360 0.344599
v -0.937540 0.424778 0.343531
v -0.867674 0.374131 0.325496
v -0.954385 0.337563 0.374442
v -0.908499 0.365542 0.333158
v -0.925448 0.434277 0.359337
v -0.872065 0.433854 0.325149
v -0.834055 0.442663 0.284393
v -0.937110 0.429725 0.358008
v -0.910882 0.472068 0.346634
v -0.881823 0.508761 0.334134
v -0.864743 0.478875 0.346362
v -0.887617 0.504206 0.348246
v -0.793760 0.052612 0.262703
v -0.872519 0.096816 0.359362
v -0.814720 0.074285 0.355427
v -0.827415 0.025035 0.383377
v -0.842313 0.144188 0.264927
v -0.775722 0.156736 0.280106
v -0.858280 0.196150 0.323654
v -0.845275 0.122602 0.327683
v -0.816610 0.181459 0.292778
v -0.783420 0.236966 0.248923
v -0.830945 0.295677 0.240207
v -0.823996 0.337497 0.237466
v -0.873812 0.327956 0.309696
v -0.759220 0.352451 0.211784
v -0.836603 0.427737 0.307820
v -0.837562 0.360282 0.302977
v -0.801924 0.364064 0.281669
v -0.736372 0.516783 0.254671
v -0.780528 0.493211 0.302846
v -0.781969 0.443250 0.285768
v -0.819402 0.502055 0.328780
v -0.867732 0.534891 0.339813
v -0.855090 0.543215 0.328930
v -0.825833 0.557287 0.312621
v -0.832635 0.558102 0.326387
v -0.741134 0.039585 0.335091
v -0.780216 0.204496 0.225498
v -0.734840 0.123943 0.209522
v -0.737387 0.127820 0.296576
v -0.737999 0.093096 0.308896
v -0.709280 0.092897 0.309220
v -0.731312 0.206658 0.196810
v -0.744137 0.222738 0.234379
v -0.769970 0.193465 0.249665
v -0.745203 0.169871 0.282314
v -0.737881 0.201044 0.263742
v -0.721151 0.234058 0.246499
v -0.748157 0.262645 0.191841
v -0.739666 0.307020 0.225042
v -0.729852 0.260104 0.229098
v -0.700346 0.373000 0.184155
v -0.710035 0.267154 0.236442
v -0.798534 0.304656 0.282504
v -0.766537 0.326206 0.247314
v -0.733879 0.398948 0.249173
v -0.722381 0.356355 0.221471
v -0.765382 0.414947 0.274367
v -0.710541 0.468625 0.222548
v -0.728898 0.511525 0.265019
v -0.722879 0.498009 0.238581
v -0.789107 0.557117 0.293901
v -0.763113 0.544298 0.289432
v -0.752643 0.542684 0.269544
v -0.692357 0.084672 0.307750
v -0.663353 0.067394 0.244357
v -0.697233 0.056147 0.296990
v -0.685459 0.059312 0.288010
v -0.684052 0.059509 0.287356
v -0.684052 0.059115 0.288663
v -0.665606 0.060027 0.294617
v -0.668830 0.062798 0.309578
v -0.639248 0.062214 0.311725
v -0.643664 0.041507 0.382770
v -0.647389 0.058225 0.359884
v -0.632187 0.087249 0.356587
v -0.673561 0.195036 0.177621
v -0.639443 0.141552 0.195681
v -0.695618 0.115870 0.275930
v -0.672537 0.171403 0.244801
v -0.663401 0.234869 0.154827
v -0.664669 0.207892 0.225298
v -0.586813 0.216829 0.164918
v -0.607060 0.235219 0.201008
v -0.630460 0.197350 0.210941
v -0.706652 0.185377 0.265129
v -0.655747 0.228828 0.400343
v -0.664011 0.257454 0.371082
v -0.638257 0.205992 0.397363
v -0.637745 0.308612 0.132404
v -0.661184 0.324102 0.148159
v -0.630212 0.291216 0.160325
v -0.638395 0.312464 0.147514
v -0.684300 0.317413 0.201057
v -0.686241 0.272277 0.220955
v -0.644545 0.313224 0.172168
v -0.628402 0.300979 0.173969
v -0.631348 0.351447 0.183943
v -0.686708 0.285608 0.404519
v -0.696982 0.329296 0.382850
v -0.670784 0.257780 0.398809
v -0.657874 0.268329 0.392451
v -0.695219 0.316293 0.406142
v -0.670403 0.299376 0.406940
v -0.673955 0.344545 0.157302
v -0.696147 0.429443 0.216381
v -0.684182 0.341854 0.198579
v -0.672527 0.401455 0.191582
v -0.677693 0.394665 0.178014
v -0.658161 0.383264 0.189117
v -0.659655 0.329499 0.167049
v -0.617295 0.400135 0.182142
v -0.699852 0.376553 0.382282
v -0.685734 0.338401 0.401431
v -0.677795 0.411732 0.335824
v -0.668998 0.353199 0.343435
v -0.658608 0.390913 0.351762
v -0.695138 0.386674 0.391286
v -0.698882 0.430950 0.201501
v -0.707266 0.474024 0.235730
v -0.682390 0.414865 0.190813
v -0.663405 0.443544 0.223750
v -0.665730 0.447439 0.243483
v -0.641121 0.448091 0.214532
v -0.681619 0.459524 0.265803
v -0.626791 0.421801 0.288873
v -0.688068 0.418498 0.373333
v -0.671431 0.416859 0.372879
v -0.672427 0.448943 0.358022
v -0.642968 0.430023 0.340510
v -0.632776 0.465020 0.301216
v -0.648006 0.466426 0.352732
v -0.625076 0.483162 0.337813
v -0.704673 0.515487 0.308149
v -0.707227 0.562167 0.314960
v -0.691960 0.485210 0.271796
v -0.691726 0.485523 0.289334
v -0.701851 0.514450 0.294861
v -0.690522 0.552452 0.313087
v -0.684334 0.513670 0.306424
v -0.652586 0.547895 0.282370
v -0.644731 0.487825 0.332135
v -0.705909 0.596414 0.314706
v -0.660135 0.616492 0.306287
v -0.645397 0.600072 0.307852
v -0.665008 0.660940 0.326751
v -0.631835 0.592745 0.273664
v -0.694143 0.603593 0.327755
v -0.692901 0.628951 0.325146
v -0.685216 0.635078 0.336999
v -0.661900 0.653053 0.339262
v -0.640215 0.030832 0.306909
v -0.609211 0.059222 0.303638
v -0.550441 0.071943 0.241239
v -0.563998 0.060569 0.305759
v -0.570816 0.073220 0.298871
v -0.609228 0.088963 0.341227
v -0.598070 0.094470 0.352396
v -0.562999 0.062040 0.319641
v -0.531020 0.053811 0.323841
v -0.563120 0.093133 0.322789
v -0.592087 0.128966 0.219017
v -0.563331 0.196881 0.166045
v -0.552089 0.158388 0.223669
v -0.540371 0.171087 0.184565
v -0.623269 0.108424 0.254393
v -0.613537 0.150010 0.227689
v -0.567764 0.107154 0.262767
v -0.532280 0.119175 0.287607
v -0.564222 0.078978 0.309090
v -0.564470 0.126190 0.254613
v -0.598914 0.107554 0.334592
v -0.588455 0.110611 0.345919
v -0.562719 0.120693 0.322719
v -0.568753 0.148045 0.418624
v -0.622021 0.244361 0.140905
v -0.571148 0.183240 0.209203
v -0.570064 0.228711 0.184522
v -0.615220 0.208023 0.363311
v -0.596440 0.164002 0.416209
v -0.574139 0.157987 0.375913
v -0.595912 0.185264 0.414969
v -0.561958 0.215750 0.309022
v -0.595287 0.209539 0.375140
v -0.572186 0.233565 0.335068
v -0.553941 0.170045 0.389416
v -0.617867 0.186465 0.408800
v -0.634567 0.220662 0.401435
v -0.599546 0.266771 0.159022
v -0.591269 0.307551 0.115335
v -0.579895 0.298634 0.095589
v -0.565551 0.258870 0.148899
v -0.575827 0.262481 0.115064
v -0.550900 0.282257 0.110240
v -0.618511 0.284545 0.192144
v -0.603721 0.280829 0.169439
v -0.578330 0.333726 0.177943
v -0.560769 0.276019 0.179796
v -0.557798 0.268452 0.159583
v -0.625726 0.320315 0.299819
v -0.562127 0.304376 0.253680
v -0.562453 0.314384 0.278180
v -0.529831 0.233870 0.270785
v -0.592614 0.264358 0.343717
v -0.650198 0.318625 0.362391
v -0.591803 0.307899 0.304716
v -0.559521 0.284423 0.301009
v -0.611408 0.395384 0.200252
v -0.578700 0.394938 0.240371
v -0.551738 0.447687 0.184722
v -0.625442 0.380375 0.326943
v -0.587967 0.343774 0.259741
v -0.584955 0.378109 0.281955
v -0.545345 0.352725 0.243193
v -0.642237 0.355702 0.358773
v -0.623327 0.427304 0.227273
v -0.639053 0.506361 0.246881
v -0.631220 0.482801 0.256668
v -0.577858 0.438160 0.200543
v -0.580036 0.520229 0.226946
v -0.600410 0.503432 0.253864
v -0.548228 0.448351 0.235149
v -0.518222 0.524687 0.213785
v -0.609684 0.455135 0.309612
v -0.571794 0.434031 0.275469
v -0.591957 0.495765 0.320872
v -0.582159 0.489215 0.269747
v -0.615705 0.422936 0.320572
v -0.618378 0.557360 0.273747
v -0.601722 0.523198 0.305723
v -0.581871 0.576741 0.264640
v -0.617746 0.505203 0.328512
v -0.582499 0.528701 0.320296
v -0.633977 0.650625 0.325892
v -0.597504 0.628318 0.284797
v -0.614717 0.618055 0.271810
v -0.543166 0.600420 0.250172
v -0.582169 0.649639 0.282101
v -0.648177 0.676069 0.328785
v -0.624255 0.686962 0.325694
v -0.571311 0.691857 0.315821
v -0.632244 0.673497 0.336798
v -0.539533 0.065624 0.281827
v -0.520279 0.045962 0.277059
v -0.533995 0.067808 0.304277
v -0.520204 0.120471 0.224924
v -0.481369 0.106575 0.273117
v -0.477641 0.023640 0.259119
v -0.464948 0.072158 0.229118
v -0.471254 0.049449 0.266697
v -0.496813 0.059005 0.312120
v -0.525578 0.148008 0.217950
v -0.504140 0.145894 0.215431
v -0.512990 0.161494 0.214940
v -0.478823 0.125111 0.214312
v -0.490859 0.119399 0.201201
v -0.479244 0.174016 0.170831
v -0.447832 0.119557 0.206693
v -0.536499 0.094717 0.275819
v -0.547844 0.095242 0.286594
v -0.538927 0.126462 0.242433
v -0.486265 0.100019 0.291729
v -0.508108 0.130288 0.277532
v -0.521919 0.125248 0.304088
v -0.507498 0.150331 0.277624
v -0.488732 0.167594 0.241777
v -0.478811 0.087007 0.251075
v -0.489048 0.134728 0.295340
v -0.470554 0.145244 0.282769
v -0.482896 0.168886 0.278614
v -0.541382 0.120661 0.415732
v -0.545123 0.127963 0.371252
v -0.529106 0.142664 0.379339
v -0.554172 0.154299 0.417473
v -0.526712 0.128871 0.408597
v -0.488976 0.110870 0.402549
v -0.501776 0.271072 0.069818
v -0.535368 0.239582 0.136827
v -0.511473 0.214963 0.139131
v -0.508194 0.220148 0.159561
v -0.497235 0.208494 0.167677
v -0.526244 0.261272 0.167212
v -0.512113 0.175598 0.231871
v -0.476679 0.214443 0.207140
v -0.476678 0.196525 0.194636
v -0.486056 0.240058 0.194727
v -0.486033 0.187774 0.255890
v -0.476787 0.185299 0.187370
v -0.472267 0.213446 0.227279
v -0.493028 0.226321 0.171034
v -0.485306 0.252216 0.208026
v -0.496915 0.178462 0.295756
v -0.492199 0.206526 0.253347
v -0.477935 0.236068 0.248347
v -0.541327 0.218991 0.316631
v -0.486411 0.197393 0.308138
v -0.536668 0.297814 0.048231
v -0.516866 0.294046 0.023893
v -0.515130 0.301190 0.047635
v -0.482431 0.265285 0.028672
v -0.495587 0.286769 0.073078
v -0.534996 0.257781 0.146547
v -0.516901 0.248560 0.146865
v -0.451007 0.244485 0.157557
v -0.537117 0.290724 0.229750
v -0.563135 0.355758 0.219493
v -0.514110 0.312998 0.206667
v -0.546442 0.350987 0.214960
v -0.514631 0.320283 0.165961
v -0.510358 0.263595 0.152708
v -0.491469 0.266588 0.165134
v -0.469994 0.300682 0.192138
v -0.495141 0.319579 0.224021
v -0.438285 0.340714 0.164758
v -0.512704 0.262579 0.269830
v -0.510015 0.292172 0.234609
v -0.538744 0.322834 0.254922
v -0.478225 0.239812 0.306845
v -0.473908 0.294903 0.303624
v -0.473316 0.325588 0.319499
v -0.490983 0.251661 0.341366
v -0.492885 0.323009 0.326847
v -0.485018 0.307811 0.338197
v -0.614750 0.358726 0.171026
v -0.565197 0.378764 0.185093
v -0.515441 0.352799 0.182160
v -0.527321 0.385036 0.195457
v -0.535153 0.411106 0.219477
v -0.480539 0.395029 0.219598
v -0.476600 0.413641 0.185923
v -0.420538 0.340469 0.194994
v -0.541812 0.387410 0.250289
v -0.509089 0.380224 0.244935
v -0.452587 0.324021 0.273933
v -0.479708 0.416131 0.261672
v -0.526333 0.430998 0.198172
v -0.481439 0.468996 0.209263
v -0.486224 0.529152 0.211798
v -0.423561 0.425048 0.180457
v -0.456689 0.473955 0.238564
v -0.552033 0.447627 0.259624
v -0.530285 0.416081 0.244660
v -0.510654 0.471799 0.264746
v -0.520930 0.526115 0.231408
v -0.534139 0.463407 0.212882
v -0.548160 0.516650 0.302860
v -0.545329 0.535671 0.290549
v -0.558086 0.537434 0.306417
v -0.522021 0.578967 0.259007
v -0.500535 0.520798 0.298864
v -0.485775 0.494550 0.266394
v -0.482607 0.506615 0.249462
v -0.505130 0.536577 0.294261
v -0.474966 0.528522 0.287087
v -0.493283 0.566395 0.246792
v -0.536694 0.614223 0.271109
v -0.514491 0.654701 0.296835
v -0.464608 0.636019 0.285403
v -0.521948 0.649522 0.273999
v -0.576337 0.682170 0.327205
v -0.525459 0.703023 0.313067
v -0.530182 0.694865 0.321304
v -0.467495 0.706522 0.319112
v -0.445598 0.078074 0.232248
v -0.427201 0.068760 0.303524
v -0.460382 0.050270 0.253753
v -0.406897 0.088113 0.274178
v -0.454933 0.149627 0.161010
v -0.436864 0.120720 0.151783
v -0.429019 0.144545 0.130769
v -0.433847 0.143703 0.116240
v -0.428896 0.161178 0.090069
v -0.441028 0.084082 0.204525
v -0.437772 0.147325 0.176004
v -0.435012 0.092273 0.206334
v -0.438125 0.106347 0.177311
v -0.434047 0.118542 0.270360
v -0.462352 0.145050 0.292964
v -0.447166 0.160147 0.285804
v -0.410578 0.111661 0.288715
v -0.443225 0.149110 0.299685
v -0.415117 0.147659 0.318247
v -0.410170 0.166237 0.287722
v -0.397551 0.151755 0.268919
v -0.463375 0.117671 0.371590
v -0.472043 0.126244 0.392938
v -0.440587 0.127056 0.334566
v -0.452298 0.137317 0.356342
v -0.425476 0.154628 0.332770
v -0.459442 0.224197 0.080563
v -0.458840 0.236645 0.018447
v -0.436427 0.215113 0.018889
v -0.448604 0.236185 0.041544
v -0.427804 0.183147 0.054383
v -0.416674 0.169207 0.086815
v -0.417933 0.182456 0.067597
v -0.421133 0.209851 0.032752
v -0.477712 0.220032 0.084255
v -0.488078 0.235828 0.120376
v -0.463817 0.193949 0.117825
v -0.450720 0.193381 0.132264
v -0.460594 0.185452 0.175279
v -0.436957 0.204690 0.227804
v -0.443844 0.216352 0.257441
v -0.418089 0.239406 0.189748
v -0.403802 0.246480 0.234772
v -0.460591 0.186494 0.260658
v -0.471939 0.165568 0.299618
v -0.448162 0.189151 0.290238
v -0.415676 0.182320 0.256715
v -0.434452 0.228485 0.268317
v -0.454564 0.254796 0.302954
v -0.424211 0.207122 0.299623
v -0.432635 0.194427 0.295248
v -0.415784 0.210881 0.248783
v -0.424876 0.255138 0.266575
v -0.402476 0.183386 0.275076
v -0.406676 0.171742 0.307596
v -0.467005 0.239184 0.324954
v -0.453422 0.210890 0.324222
v -0.436502 0.213924 0.325340
v -0.478549 0.280277 0.029750
v -0.454773 0.247531 0.019159
v -0.463393 0.305593 0.143323
v -0.433992 0.281811 0.148973
v -0.425029 0.324436 0.145552
v -0.470913 0.243136 0.223116
v -0.465892 0.258065 0.207553
v -0.459570 0.298715 0.166292
v -0.473791 0.287189 0.208387
v -0.470645 0.246893 0.187504
v -0.440385 0.268163 0.173889
v -0.421384 0.300433 0.169737
v -0.442023 0.236415 0.207625
v -0.433346 0.322745 0.230094
v -0.419774 0.309268 0.177899
v -0.443170 0.303918 0.200282
v -0.417230 0.317789 0.206241
v -0.386955 0.261245 0.205185
v -0.388864 0.261175 0.188654
v -0.388047 0.304933 0.199273
v -0.453094 0.288441 0.258119
v -0.493588 0.302405 0.299405
v -0.475112 0.259800 0.314760
v -0.451363 0.323017 0.295604
v -0.442627 0.297169 0.273817
v -0.419589 0.299524 0.246855
v -0.424385 0.328591 0.255148
v -0.408845 0.272792 0.249764
v -0.439486 0.374839 0.162901
v -0.437003 0.368858 0.196585
v -0.452897 0.386252 0.236038
v -0.447209 0.329462 0.220337
v -0.444992 0.391202 0.187356
v -0.440063 0.399907 0.202908
v -0.433241 0.338502 0.234185
v -0.440789 0.357369 0.222665
v -0.387469 0.408653 0.230478
v -0.420528 0.350372 0.176187
v -0.414481 0.323701 0.183470
v -0.392197 0.328447 0.220104
v -0.410500 0.349265 0.212635
v -0.400039 0.367628 0.193286
v -0.427658 0.347029 0.252360
v -0.403797 0.346836 0.241330
v -0.420611 0.435727 0.195573
v -0.407085 0.425587 0.212575
v -0.420173 0.415162 0.202388
v -0.413260 0.452455 0.206651
v -0.407370 0.468639 0.230327
v -0.406117 0.461238 0.219851
v -0.462912 0.462325 0.269396
v -0.419583 0.466555 0.255882
v -0.372172 0.462997 0.257160
v -0.433539 0.595771 0.247996
v -0.438270 0.543806 0.242950
v -0.396017 0.498340 0.213152
v -0.416112 0.521733 0.249033
v -0.410448 0.491549 0.226466
v -0.385256 0.552873 0.237269
v -0.453110 0.502781 0.287705
v -0.470668 0.528062 0.271050
v -0.412058 0.514515 0.276300
v -0.429988 0.525431 0.280820
v -0.416936 0.521993 0.260206
v -0.420716 0.500942 0.247299
v -0.417185 0.615700 0.280170
v -0.443789 0.692987 0.329135
v -0.409734 0.684682 0.321810
v -0.425842 0.705098 0.316528
v -0.384585 0.690211 0.313595
v -0.456972 0.705416 0.328775
v -0.349751 0.056899 0.287929
v -0.350279 0.058871 0.267524
v -0.314097 0.090831 0.246236
v -0.316819 0.056933 0.292481
v -0.363137 0.098516 0.272130
v -0.391820 0.166751 0.247932
v -0.350841 0.166923 0.250607
v -0.398082 0.232158 0.232078
v -0.320837 0.261176 0.228240
v -0.381039 0.201238 0.248959
v -0.369636 0.213647 0.228664
v -0.374841 0.242162 0.243587
v -0.386893 0.281266 0.209422
v -0.381820 0.274848 0.199853
v -0.355544 0.305306 0.185533
v -0.381711 0.261227 0.213378
v -0.360984 0.313895 0.204703
v -0.367618 0.341697 0.176370
v -0.381825 0.343866 0.212301
v -0.360471 0.345960 0.197413
v -0.383864 0.395820 0.199358
v -0.324794 0.390227 0.190376
v -0.295793 0.354477 0.201771
v -0.354854 0.414360 0.214061
v -0.354280 0.432195 0.237151
v -0.318262 0.435069 0.231087
v -0.306271 0.430182 0.208207
v -0.341867 0.483685 0.273935
v -0.325767 0.460250 0.267779
v -0.327040 0.491077 0.236485
v -0.366221 0.512520 0.267889
v -0.371716 0.531738 0.254246
v -0.338357 0.528176 0.259029
v -0.325992 0.496596 0.258098
v -0.382094 0.632721 0.289719
v -0.403938 0.625510 0.264752
v -0.349939 0.604271 0.289570
v -0.324871 0.654714 0.306177
v -0.310192 0.568492 0.276381
v -0.348613 0.664788 0.319826
v -0.339562 0.668695 0.308696
v -0.312516 0.645142 0.319587
v -0.282417 0.049341 0.268824
v -0.248878 0.034215 0.309287
v -0.238278 0.049765 0.295284
v -0.246358 0.140132 0.221461
v -0.297363 0.141270 0.253163
v -0.262096 0.102416 0.255076
v -0.316263 0.293864 0.187702
v -0.240872 0.173466 0.218938
v -0.211438 0.197173 0.194658
v -0.243866 0.255183 0.199435
v -0.303090 0.201855 0.234547
v -0.302264 0.311414 0.202708
v -0.299791 0.330719 0.179769
v -0.288996 0.302975 0.206788
v -0.214126 0.262728 0.174250
v -0.224374 0.315670 0.233300
v -0.247724 0.307767 0.193089
v -0.293998 0.351508 0.209490
v -0.277507 0.343821 0.248150
v -0.293319 0.354957 0.220016
v -0.245776 0.397696 0.213687
v -0.260459 0.324920 0.211874
v -0.244508 0.348687 0.175219
v -0.252713 0.334489 0.194848
v -0.286193 0.359048 0.241226
v -0.260607 0.353107 0.261142
v -0.225776 0.340510 0.263164
v -0.233698 0.356135 0.267611
v -0.289499 0.459833 0.232113
v -0.259459 0.426324 0.233726
v -0.270497 0.422981 0.205417
v -0.262177 0.447425 0.198991
v -0.273964 0.483801 0.229393
v -0.248602 0.434509 0.204931
v -0.227298 0.414175 0.170357
v -0.268932 0.474909 0.239742
v -0.216471 0.483028 0.214344
v -0.305528 0.464607 0.254430
v -0.276292 0.477852 0.272081
v -0.278444 0.455610 0.254139
v -0.253488 0.514763 0.243849
v -0.291154 0.477788 0.248236
v -0.246359 0.527745 0.274339
v -0.280496 0.483934 0.248398
v -0.274078 0.501654 0.258822
v -0.249163 0.548105 0.291720
v -0.280216 0.565977 0.271262
v -0.261076 0.494699 0.249039
v -0.261759 0.495966 0.281602
v -0.250831 0.514937 0.260142
v -0.287425 0.628010 0.307116
v -0.261545 0.594562 0.294834
v -0.286918 0.613209 0.312378
v -0.258457 0.595752 0.311387
v -0.247736 0.574280 0.297100
v -0.185230 0.029244 0.294462
v -0.193473 0.074701 0.285778
v -0.160776 0.047840 0.304287
v -0.203914 0.180178 0.211618
v -0.149140 0.168440 0.229829
v -0.201438 0.089134 0.243934
v -0.199248 0.118112 0.243235
v -0.201042 0.241169 0.193210
v -0.165743 0.228146 0.180386
v -0.167948 0.189377 0.222328
v -0.219670 0.291675 0.199557
v -0.229252 0.271451 0.212858
v -0.166570 0.320400 0.180694
v -0.181279 0.284551 0.203753
v -0.172975 0.279679 0.188371
v -0.188604 0.278622 0.213882
v -0.153281 0.334122 0.166317
v -0.158994 0.293771 0.216460
v -0.148513 0.321461 0.231577
v -0.168598 0.326441 0.258033
v -0.234838 0.356187 0.257224
v -0.202420 0.371037 0.189671
v -0.237698 0.393578 0.185545
v -0.181154 0.318154 0.225713
v -0.190942 0.394980 0.166257
v -0.160770 0.381738 0.178391
v -0.197814 0.351280 0.267969
v -0.169973 0.350563 0.257805
v -0.207934 0.405931 0.185292
v -0.235462 0.513822 0.257038
v -0.216214 0.445653 0.208347
v -0.197239 0.508993 0.256159
v -0.177255 0.435984 0.195268
v -0.143251 0.460990 0.246076
v -0.123985 0.430616 0.203714
v -0.207722 0.527182 0.255638
v -0.168401 0.500560 0.247951
v -0.178039 0.510732 0.260644
v -0.169944 0.551824 0.292294
v -0.153795 0.510047 0.276201
v -0.161596 0.538955 0.294567
v -0.161351 0.572087 0.307347
v -0.138194 0.044799 0.265913
v -0.117823 0.059217 0.270027
v -0.123897 0.028761 0.311034
v -0.084308 0.048635 0.243831
v -0.084428 0.038903 0.275124
v -0.042887 0.074047 0.273423
v -0.129081 0.005875 0.327020
v -0.174225 0.191002 0.196345
v -0.144907 0.110043 0.227210
v -0.117841 0.171120 0.222363
v -0.076419 0.117038 0.236899
v -0.057183 0.154277 0.251114
v -0.124623 0.100479 0.253474
v -0.094952 0.137796 0.265699
v -0.152630 0.217250 0.203500
v -0.117472 0.255097 0.186147
v -0.095075 0.170381 0.258462
v -0.132397 0.330269 0.182972
v -0.151414 0.302211 0.231007
v -0.115765 0.333769 0.178092
v -0.143878 0.380477 0.170148
v -0.102894 0.416067 0.232488
v -0.091659 0.357908 0.209447
v -0.150782 0.330074 0.246813
v -0.133498 0.426946 0.218407
v -0.144698 0.471588 0.240006
v -0.093714 0.438110 0.228803
v -0.052578 0.419349 0.257172
v -0.157976 0.476188 0.248652
v -0.120419 0.460632 0.263560
v -0.082812 0.477356 0.281584
v -0.072966 0.485425 0.272684
v -0.145664 0.499307 0.261576
v -0.123840 0.551993 0.301296
v -0.118755 0.564546 0.289456
v -0.151838 0.526408 0.269410
v -0.144782 0.588330 0.324458
v -0.144409 0.592785 0.309024
v -0.114350 0.612226 0.333930
v -0.121017 0.599291 0.340705
v -0.069924 0.614583 0.369670
v -0.071150 0.623929 0.366078
v -0.073722 0.620046 0.351691
v -0.020975 0.058456 0.236061
v -0.016379 0.075367 0.276525
v -0.065550 0.161300 0.269701
v -0.022643 0.097132 0.289912
v -0.046517 0.150460 0.284839
v -0.019176 0.159789 0.264400
v -0.012375 0.112803 0.305031
v 0.004390 0.164327 0.308341
v -0.084369 0.283941 0.209620
v -0.067028 0.186927 0.281108
v -0.079195 0.232143 0.230960
v -0.071376 0.221514 0.319162
v -0.071407 0.252356 0.325565
v -0.061290 0.181742 0.260599
v -0.054043 0.179966 0.292481
v -0.031555 0.190294 0.248639
v -0.030321 0.184674 0.262133
v -0.032060 0.201174 0.281882
v -0.029433 0.239769 0.257028
v -0.011876 0.218856 0.256750
v 0.007838 0.201582 0.281734
v 0.027713 0.262625 0.300353
v 0.004644 0.248490 0.273534
v -0.062008 0.297289 0.204076
v 0.013496 0.346424 0.265581
v -0.047933 0.319024 0.239835
v 0.008804 0.257505 0.265463
v -0.059662 0.270867 0.347755
v -0.036430 0.303968 0.352498
v 0.016234 0.304248 0.328789
v -0.038589 0.294412 0.359632
v -0.016204 0.308291 0.361112
v -0.010973 0.328329 0.360803
v -0.047909 0.422104 0.242001
v -0.017906 0.413532 0.265515
v -0.008912 0.332232 0.261474
v -0.041456 0.476519 0.310856
v -0.035316 0.473268 0.288337
v -0.042832 0.440600 0.280777
v 0.019587 0.469361 0.331481
v -0.069212 0.577133 0.334760
v -0.031396 0.572221 0.331498
v -0.026821 0.564536 0.352235
v -0.006361 0.552103 0.371052
v -0.006954 0.564681 0.351887
v -0.022920 0.612734 0.383704
v -0.028996 0.611541 0.401006
v -0.004205 0.604569 0.405225
v 0.025445 -0.473263 0.314088
v 0.031629 -0.476744 0.348646
v 0.035298 -0.488499 0.379034
v 0.052330 -0.480930 0.382532
v 0.134216 -0.493860 0.333560
v 0.040475 -0.409948 0.272046
v 0.044390 -0.467856 0.331812
v 0.057963 -0.425228 0.302880
v 0.031049 -0.379284 0.318503
v 0.027846 -0.437084 0.351531
v 0.061606 -0.457667 0.349995
v 0.052946 -0.404858 0.317050
v 0.094224 -0.414342 0.322491
v 0.020970 -0.359580 0.287700
v 0.014131 -0.350353 0.238332
v 0.030135 -0.365870 0.275721
v 0.036326 -0.330860 0.259950
v 0.042223 -0.324494 0.271530
v 0.038118 -0.319045 0.265073
v 0.035814 -0.319432 0.242462
v 0.074251 -0.312498 0.298649
v 0.049998 -0.371850 0.258366
v 0.063334 -0.356118 0.271403
v 0.066621 -0.361794 0.280252
v 0.040862 -0.348722 0.371909
v 0.087479 -0.385992 0.390329
v 0.010563 -0.377313 0.425754
v 0.028211 -0.292442 0.382055
v 0.055288 -0.373351 0.420614
v 0.064090 -0.387843 0.418519
v 0.002253 -0.258596 0.234822
v 0.011430 -0.272117 0.225174
v 0.097037 -0.245056 0.224861
v 0.016222 -0.218379 0.285276
v 0.022488 -0.293212 0.245785
v 0.031236 -0.288653 0.260033
v 0.036284 -0.260427 0.256153
v 0.042160 -0.246697 0.277524
v 0.051327 -0.258421 0.323321
v 0.040303 -0.257697 0.368563
v 0.102006 -0.198654 0.324235
v 0.106635 -0.263913 0.342243
v 0.056352 -0.164245 0.230674
v 0.061810 -0.216560 0.239087
v 0.091662 -0.149886 0.226731
v 0.019197 -0.194733 0.302301
v 0.015239 -0.201131 0.249538
v 0.040017 -0.217019 0.277576
v 0.036708 -0.156323 0.272865
v 0.046556 -0.162645 0.254460
v 0.025410 -0.175500 0.296228
v 0.048260 -0.155593 0.280522
v 0.070046 -0.193217 0.252558
v 0.078631 -0.232637 0.248153
v 0.060874 -0.135475 0.318952
v 0.067410 -0.160458 0.320612
v 0.087541 -0.049569 0.222272
v 0.039770 -0.043866 0.310034
v 0.072207 -0.110012 0.314419
v 0.067369 -0.069968 0.306013
v 0.047134 -0.128230 0.267603
v 0.060616 -0.104866 0.254642
v 0.089790 -0.077228 0.236137
v 0.072375 -0.104819 0.270585
v 0.006413 -0.063503 0.272919
v 0.047922 -0.042928 0.245667
v 0.072629 -0.021290 0.282469
v 0.066640 -0.030277 0.236600
v 0.094019 -0.037550 0.291521
v 0.147794 -0.718223 0.310289
v 0.137191 -0.674579 0.291344
v 0.132240 -0.597098 0.282248
v 0.148483 -0.689576 0.314753
v 0.165399 -0.654237 0.269905
v 0.130144 -0.621544 0.277689
v 0.131616 -0.600474 0.262228
v 0.129307 -0.580084 0.268234
v 0.165879 -0.596920 0.273561
v 0.141436 -0.477963 0.306855
v 0.142424 -0.550240 0.278693
v 0.154251 -0.533909 0.245230
v 0.158912 -0.521688 0.263855
v 0.158252 -0.480822 0.250166
v 0.088222 -0.482597 0.369316
v 0.094888 -0.495798 0.356009
v 0.096610 -0.461440 0.312527
v 0.120306 -0.489377 0.359921
v 0.145086 -0.485418 0.347033
v 0.163788 -0.436244 0.277823
v 0.091640 -0.453373 0.343227
v 0.154989 -0.449172 0.324050
v 0.093517 -0.352666 0.304970
v 0.117611 -0.284558 0.237125
v 0.131035 -0.337772 0.273397
v 0.155421 -0.331372 0.262856
v 0.125039 -0.346366 0.338346
v 0.142461 -0.390064 0.394751
v 0.148798 -0.390179 0.377188
v 0.144320 -0.332023 0.366314
v 0.143669 -0.305189 0.320685
v 0.095892 -0.383644 0.405988
v 0.157395 -0.245257 0.221073
v 0.150961 -0.262003 0.186603
v 0.149760 -0.222690 0.184216
v 0.151226 -0.262680 0.200827
v 0.154379 -0.217710 0.172180
v 0.123246 -0.277630 0.254132
v 0.109051 -0.249837 0.300694
v 0.169900 -0.261906 0.247495
v 0.152412 -0.252119 0.303211
v 0.153712 -0.233321 0.320572
v 0.087419 -0.174400 0.237539
v 0.092071 -0.227257 0.238534
v 0.171512 -0.237589 0.238126
v 0.159586 -0.178039 0.175047
v 0.090445 -0.166934 0.282370
v 0.136154 -0.208999 0.290948
v 0.175007 -0.168489 0.306452
v 0.149206 -0.146190 0.154501
v 0.146771 -0.106888 0.153335
v 0.147873 -0.097516 0.136716
v 0.149154 -0.068727 0.150147
v 0.120100 -0.066610 0.214186
v 0.099121 -0.137359 0.238525
v 0.114489 -0.111922 0.227998
v 0.122175 -0.091663 0.238787
v 0.167317 -0.139564 0.170711
v 0.109622 -0.076710 0.251532
v 0.136317 -0.063782 0.274468
v 0.116104 -0.128254 0.267776
v 0.126608 -0.149101 0.302214
v 0.153157 -0.106030 0.249484
v 0.152479 -0.113123 0.292464
v 0.130978 -0.091768 0.250816
v 0.177113 -0.131009 0.300871
v 0.088757 -0.025854 0.238784
v 0.125007 -0.050690 0.239683
v 0.129044 -0.005105 0.264939
v 0.132415 -0.021292 0.233917
v 0.192336 -0.048098 0.245402
v 0.186841 -0.741492 0.314391
v 0.183818 -0.714315 0.294976
v 0.248776 -0.715622 0.301377
v 0.267998 -0.737775 0.288238
v 0.248757 -0.760602 0.327031
v 0.166505 -0.718961 0.326543
v 0.196454 -0.735968 0.327196
v 0.239976 -0.752553 0.332311
v 0.140967 -0.652931 0.297979
v 0.229593 -0.650639 0.278930
v 0.256399 -0.654998 0.251452
v 0.197407 -0.592815 0.237261
v 0.254896 -0.534560 0.207488
v 0.170668 -0.622649 0.286184
v 0.223153 -0.608727 0.257352
v 0.217999 -0.576870 0.255027
v 0.167074 -0.461881 0.233858
v 0.195936 -0.502469 0.225011
v 0.289788 -0.540087 0.221424
v 0.177549 -0.443661 0.248629
v 0.219208 -0.493217 0.237187
v 0.243000 -0.521513 0.228280
v 0.182635 -0.483951 0.337295
v 0.169257 -0.427676 0.238582
v 0.176680 -0.412443 0.228504
v 0.197700 -0.382852 0.226148
v 0.238634 -0.401796 0.205213
v 0.227345 -0.393146 0.235054
v 0.248895 -0.418647 0.222697
v 0.187284 -0.404450 0.261551
v 0.191132 -0.407621 0.248808
v 0.228727 -0.472801 0.313670
v 0.190254 -0.461225 0.287233
v 0.233397 -0.410475 0.287985
v 0.221847 -0.396018 0.248287
v 0.239026 -0.456090 0.284574
v 0.252683 -0.399156 0.274481
v 0.177801 -0.440503 0.307350
v 0.217411 -0.464912 0.324550
v 0.191718 -0.323147 0.206464
v 0.215492 -0.311851 0.214826
v 0.227236 -0.348081 0.215754
v 0.229133 -0.343677 0.230131
v 0.221034 -0.299551 0.228290
v 0.236756 -0.361963 0.222696
v 0.249985 -0.329664 0.175580
v 0.187449 -0.321709 0.233695
v 0.195099 -0.320914 0.265567
v 0.169940 -0.389801 0.383915
v 0.218160 -0.332699 0.345807
v 0.195239 -0.370818 0.377084
v 0.188278 -0.368895 0.390746
v 0.206966 -0.352613 0.357975
v 0.203777 -0.343805 0.363914
v 0.221545 -0.285601 0.323742
v 0.166008 -0.277015 0.228927
v 0.166626 -0.217074 0.189745
v 0.175585 -0.296190 0.204225
v 0.176774 -0.278882 0.208277
v 0.226073 -0.280309 0.185840
v 0.223560 -0.205955 0.170841
v 0.197992 -0.270336 0.170352
v 0.196249 -0.297393 0.219858
v 0.201487 -0.228680 0.221392
v 0.194050 -0.278835 0.247306
v 0.169384 -0.221346 0.272911
v 0.205882 -0.267849 0.307038
v 0.186650 -0.265196 0.281105
v 0.207256 -0.263109 0.290819
v 0.206944 -0.224653 0.307272
v 0.283668 -0.297199 0.258350
v 0.227534 -0.279853 0.283970
v 0.232842 -0.245357 0.269767
v 0.217545 -0.249779 0.318522
v 0.218691 -0.289331 0.335562
v 0.158367 -0.190494 0.164840
v 0.159046 -0.183040 0.319660
v 0.158474 -0.176440 0.289213
v 0.206345 -0.195288 0.275725
v 0.207199 -0.198240 0.297879
v 0.221931 -0.237805 0.284995
v 0.220567 -0.144559 0.291020
v 0.163930 -0.086300 0.135780
v 0.219820 -0.130720 0.130641
v 0.260372 -0.089110 0.133704
v 0.275901 -0.088958 0.160277
v 0.192054 -0.111238 0.157600
v 0.186648 -0.150847 0.276361
v 0.178718 -0.084918 0.274517
v 0.226721 -0.072473 0.268691
v 0.219389 -0.086367 0.251176
v 0.180421 -0.061321 0.161343
v 0.164468 -0.026117 0.147502
v 0.164630 -0.024725 0.130068
v 0.191663 -0.068553 0.140356
v 0.196864 -0.000244 0.147883
v 0.208787 -0.033397 0.134126
v 0.181896 0.012130 0.222147
v 0.216373 -0.004194 0.225728
v 0.256161 -0.026203 0.163163
v 0.202980 -0.044950 0.271878
v 0.178313 0.001725 0.264050
v 0.274308 -0.733625 0.317217
v 0.316250 -0.739272 0.299674
v 0.305911 -0.698736 0.269329
v 0.313556 -0.728071 0.316170
v 0.284610 -0.759316 0.341889
v 0.290126 -0.775476 0.335802
v 0.325310 -0.752234 0.350152
v 0.280294 -0.659820 0.283574
v 0.293832 -0.692585 0.308735
v 0.342384 -0.628195 0.266618
v 0.309006 -0.617348 0.225582
v 0.350520 -0.589759 0.247812
v 0.301089 -0.607712 0.239596
v 0.291177 -0.483515 0.220416
v 0.277030 -0.447596 0.223496
v 0.292678 -0.462624 0.199309
v 0.309875 -0.391374 0.195410
v 0.337115 -0.430681 0.203918
v 0.305206 -0.433945 0.287273
v 0.277051 -0.451814 0.304733
v 0.289979 -0.422701 0.301623
v 0.273086 -0.405467 0.249438
v 0.326598 -0.412569 0.278096
v 0.260535 -0.451353 0.320475
v 0.337812 -0.300004 0.141310
v 0.248749 -0.359999 0.233896
v 0.344058 -0.367943 0.169516
v 0.307764 -0.354088 0.159894
v 0.291622 -0.315387 0.173541
v 0.303212 -0.300109 0.238257
v 0.331948 -0.323113 0.166518
v 0.320659 -0.401439 0.287495
v 0.260214 -0.363705 0.267823
v 0.321681 -0.343738 0.265461
v 0.288949 -0.269426 0.139646
v 0.313020 -0.213684 0.121159
v 0.244945 -0.227960 0.227091
v 0.279548 -0.267633 0.230597
v 0.277225 -0.240155 0.242849
v 0.284034 -0.272499 0.171257
v 0.248056 -0.267507 0.299453
v 0.253611 -0.244886 0.251069
v 0.266218 -0.247903 0.297108
v 0.288559 -0.266690 0.244805
v 0.312757 -0.304616 0.255863
v 0.264673 -0.203175 0.144968
v 0.252480 -0.151705 0.139789
v 0.257738 -0.193317 0.124762
v 0.314773 -0.211211 0.140903
v 0.290700 -0.145306 0.146289
v 0.275500 -0.156686 0.121002
v 0.326065 -0.149010 0.118174
v 0.310719 -0.165717 0.194947
v 0.314463 -0.171764 0.183524
v 0.269416 -0.195220 0.280872
v 0.255646 -0.160612 0.268490
v 0.247404 -0.225941 0.241543
v 0.266168 -0.167825 0.297324
v 0.278777 -0.219431 0.295621
v 0.288117 -0.195274 0.301169
v 0.313070 -0.186192 0.288925
v 0.293732 -0.162966 0.285226
v 0.302503 -0.111887 0.239849
v 0.332641 -0.208231 0.314300
v 0.312899 -0.190384 0.310811
v 0.299645 -0.112084 0.148963
v 0.316310 -0.101826 0.123070
v 0.329275 -0.108020 0.150823
v 0.255344 -0.039920 0.217637
v 0.297773 -0.127538 0.175728
v 0.296518 -0.098964 0.172544
v 0.314328 -0.092277 0.172216
v 0.272042 -0.098624 0.262404
v 0.295925 -0.069492 0.216587
v 0.300908 -0.119878 0.263459
v 0.252837 0.013223 0.141288
v 0.311828 0.000195 0.145931
v 0.311250 0.005159 0.127532
v 0.279508 -0.009547 0.211279
v 0.312712 -0.007709 0.219591
v 0.323195 0.011351 0.241211
v 0.240229 0.010513 0.254107
v 0.266060 -0.037347 0.233607
v 0.299734 -0.050101 0.237017
v 0.366821 -0.696780 0.272883
v 0.362116 -0.715005 0.304973
v 0.459096 -0.686256 0.282763
v 0.324155 -0.764086 0.339194
v 0.367564 -0.749425 0.347000
v 0.396127 -0.754815 0.333058
v 0.410325 -0.721180 0.325941
v 0.340793 -0.684528 0.285302
v 0.416284 -0.633238 0.270390
v 0.357215 -0.609903 0.231284
v 0.405534 -0.554908 0.224124
v 0.372806 -0.580992 0.245001
v 0.353962 -0.524026 0.199508
v 0.356084 -0.524523 0.224989
v 0.344534 -0.468137 0.210193
v 0.390373 -0.496410 0.205544
v 0.356362 -0.446213 0.179975
v 0.372386 -0.382323 0.154178
v 0.384980 -0.422463 0.183412
v 0.380077 -0.380272 0.168572
v 0.338086 -0.394332 0.281060
v 0.426537 -0.344719 0.179834
v 0.323477 -0.340141 0.250124
v 0.340200 -0.367562 0.259071
v 0.359201 -0.314727 0.249083
v 0.373519 -0.335578 0.267921
v 0.396566 -0.373745 0.268909
v 0.381459 -0.338345 0.243316
v 0.364203 -0.272198 0.154471
v 0.366856 -0.224702 0.149725
v 0.341443 -0.252016 0.220478
v 0.349582 -0.275899 0.244211
v 0.351217 -0.246402 0.235585
v 0.416375 -0.283126 0.159865
v 0.369058 -0.304233 0.257075
v 0.366486 -0.251429 0.358597
v 0.364919 -0.227433 0.344851
v 0.377679 -0.281251 0.355641
v 0.377317 -0.277085 0.368018
v 0.401366 -0.306685 0.372414
v 0.422570 -0.257862 0.350506
v 0.353453 -0.181536 0.133820
v 0.323132 -0.125873 0.131603
v 0.361053 -0.183737 0.123234
v 0.375672 -0.146275 0.143929
v 0.400330 -0.191081 0.149880
v 0.391772 -0.177500 0.154804
v 0.380863 -0.168924 0.160115
v 0.330176 -0.213750 0.201418
v 0.330694 -0.206725 0.210984
v 0.320223 -0.133343 0.186727
v 0.382590 -0.162055 0.185614
v 0.400124 -0.193577 0.168961
v 0.335678 -0.133492 0.262942
v 0.356485 -0.217077 0.310461
v 0.386870 -0.219013 0.307784
v 0.398926 -0.170798 0.305719
v 0.409003 -0.167112 0.289465
v 0.382428 -0.226319 0.324828
v 0.397794 -0.189995 0.316624
v 0.376471 -0.207137 0.340482
v 0.405010 -0.177473 0.336540
v 0.364787 -0.040476 0.122570
v 0.351750 -0.086733 0.163731
v 0.351121 -0.077792 0.264476
v 0.404145 -0.067312 0.256516
v 0.415803 -0.130769 0.303338
v 0.317689 -0.043104 0.143325
v 0.390283 0.020723 0.144399
v 0.388228 -0.040204 0.146136
v 0.387999 0.039059 0.120526
v 0.328475 -0.053141 0.231994
v 0.280842 0.005866 0.229755
v 0.340974 -0.007192 0.247743
v 0.375355 -0.038320 0.257735
v 0.499414 -0.710882 0.304026
v 0.430351 -0.753407 0.357489
v 0.403194 -0.749726 0.358376
v 0.439913 -0.761824 0.345211
v 0.460379 -0.710314 0.327246
v 0.484465 -0.754667 0.346077
v 0.458837 -0.754298 0.359853
v 0.518177 -0.719533 0.351305
v 0.406673 -0.680601 0.289033
v 0.457783 -0.638071 0.292973
v 0.462997 -0.586878 0.242422
v 0.459359 -0.598563 0.271758
v 0.416212 -0.551377 0.249817
v 0.414070 -0.521435 0.232910
v 0.439697 -0.451323 0.190568
v 0.422274 -0.481185 0.183686
v 0.496492 -0.482495 0.230511
v 0.448964 -0.500833 0.221130
v 0.406474 -0.452736 0.197912
v 0.419385 -0.381729 0.179799
v 0.464171 -0.356473 0.148704
v 0.475256 -0.376952 0.184015
v 0.423683 -0.402400 0.285119
v 0.430817 -0.415199 0.308355
v 0.452894 -0.413119 0.325132
v 0.455214 -0.426946 0.312870
v 0.479970 -0.383379 0.267411
v 0.484763 -0.416742 0.318860
v 0.457854 -0.432556 0.331030
v 0.478067 -0.431269 0.342621
v 0.466495 -0.298788 0.134897
v 0.419445 -0.283261 0.210453
v 0.459902 -0.297328 0.159835
v 0.410285 -0.389843 0.302881
v 0.404321 -0.361312 0.249106
v 0.398415 -0.365622 0.279218
v 0.410137 -0.348663 0.258995
v 0.428685 -0.307746 0.243264
v 0.448188 -0.368760 0.281993
v 0.479786 -0.376996 0.290406
v 0.466778 -0.306277 0.260851
v 0.456649 -0.271603 0.211700
v 0.411571 -0.231212 0.158855
v 0.460984 -0.241114 0.134843
v 0.463226 -0.238276 0.155613
v 0.417797 -0.227118 0.212450
v 0.547366 -0.250152 0.208022
v 0.460389 -0.233454 0.229027
v 0.405124 -0.299638 0.374452
v 0.425499 -0.281480 0.346217
v 0.431917 -0.310602 0.367125
v 0.416539 -0.311324 0.389488
v 0.451313 -0.290303 0.389477
v 0.454464 -0.300668 0.389580
v 0.466280 -0.293136 0.357183
v 0.489939 -0.218445 0.328761
v 0.421747 -0.150897 0.158141
v 0.441191 -0.129760 0.122842
v 0.484696 -0.173892 0.150421
v 0.439526 -0.156874 0.142354
v 0.407501 -0.173348 0.190436
v 0.427060 -0.143426 0.187205
v 0.441933 -0.159212 0.173100
v 0.465877 -0.216619 0.193290
v 0.409923 -0.144361 0.312121
v 0.418289 -0.167871 0.318208
v 0.440346 -0.205028 0.321045
v 0.453343 -0.169969 0.314737
v 0.462012 -0.130259 0.294698
v 0.403355 -0.160795 0.349565
v 0.417848 -0.198071 0.335912
v 0.455103 -0.197017 0.359960
v 0.423110 -0.186821 0.361265
v 0.437253 -0.164308 0.333052
v 0.474735 -0.193136 0.347030
v 0.500067 0.016480 0.134739
v 0.416647 -0.070222 0.158632
v 0.437854 -0.110134 0.167976
v 0.457036 -0.146342 0.160221
v 0.405532 -0.100350 0.280190
v 0.425807 -0.118165 0.318367
v 0.425300 -0.056369 0.277542
v 0.445699 -0.109559 0.304388
v 0.454967 -0.072446 0.303078
v 0.482046 -0.096783 0.325512
v 0.405385 -0.129690 0.331971
v 0.422779 0.019732 0.175777
v 0.451950 0.020140 0.199921
v 0.484765 -0.066442 0.180829
v 0.475774 -0.022884 0.191595
v 0.489616 -0.018127 0.165680
v 0.395891 -0.029095 0.243571
v 0.415926 -0.031169 0.270041
v 0.427474 0.026136 0.247595
v 0.428152 0.025152 0.265370
v 0.463333 -0.020393 0.268216
v 0.468099 -0.028955 0.257457
v 0.486981 -0.744621 0.357015
v 0.521170 -0.738444 0.345063
v 0.566577 -0.722922 0.350065
v 0.510546 -0.691129 0.308372
v 0.567161 -0.662579 0.282623
v 0.535723 -0.691634 0.315213
v 0.458583 -0.530796 0.217954
v 0.512015 -0.611830 0.285728
v 0.556166 -0.548088 0.263075
v 0.501656 -0.438375 0.185455
v 0.500873 -0.409368 0.201371
v 0.491412 -0.440287 0.318477
v 0.521382 -0.403551 0.314145
v 0.533311 -0.348401 0.250807
v 0.489664 -0.447423 0.341750
v 0.509695 -0.453617 0.358929
v 0.562676 -0.457985 0.369011
v 0.548868 -0.447228 0.332303
v 0.561236 -0.444768 0.367064
v 0.586092 -0.456637 0.356311
v 0.516763 -0.292206 0.142684
v 0.494195 -0.285474 0.216863
v 0.554917 -0.329712 0.160170
v 0.573482 -0.307641 0.183757
v 0.502417 -0.336479 0.266021
v 0.579291 -0.345184 0.278615
v 0.557963 -0.302336 0.252658
v 0.514303 -0.315694 0.362626
v 0.527317 -0.326492 0.364793
v 0.520818 -0.326077 0.376390
v 0.559875 -0.326512 0.387438
v 0.555863 -0.322943 0.396587
v 0.544862 -0.238400 0.155868
v 0.588290 -0.250523 0.165290
v 0.543094 -0.261461 0.173746
v 0.547053 -0.231486 0.193373
v 0.491891 -0.280607 0.241312
v 0.515219 -0.257885 0.238109
v 0.492700 -0.272534 0.357030
v 0.476738 -0.274197 0.374979
v 0.468431 -0.219180 0.346690
v 0.504628 -0.300352 0.370428
v 0.523065 -0.258029 0.351838
v 0.496483 -0.262739 0.367374
v 0.532408 -0.222693 0.362809
v 0.487773 -0.160866 0.160227
v 0.498895 -0.191156 0.141539
v 0.512286 -0.123969 0.135221
v 0.548365 -0.157560 0.167741
v 0.510994 -0.213878 0.172779
v 0.480930 -0.158672 0.192282
v 0.495471 -0.193745 0.180185
v 0.530859 -0.229323 0.228058
v 0.519011 -0.216972 0.191186
v 0.558603 -0.205864 0.168133
v 0.542840 -0.206480 0.234332
v 0.496883 -0.141560 0.333318
v 0.503061 -0.188618 0.340875
v 0.562740 -0.167989 0.355825
v 0.523933 -0.159426 0.319134
v 0.515293 -0.032732 0.138036
v 0.545218 -0.071120 0.146053
v 0.547069 -0.119363 0.156930
v 0.538032 -0.061845 0.158691
v 0.545331 -0.117027 0.142807
v 0.506681 -0.112612 0.192997
v 0.534359 -0.105118 0.171717
v 0.560864 -0.079507 0.221269
v 0.569489 -0.102631 0.193484
v 0.520251 -0.059270 0.289045
v 0.536422 -0.124826 0.304814
v 0.539560 -0.076280 0.339096
v 0.582114 -0.141462 0.353308
v 0.582127 -0.101594 0.354171
v 0.527413 0.016047 0.143186
v 0.530259 -0.021253 0.153025
v 0.498122 0.009440 0.219664
v 0.518021 -0.021922 0.180472
v 0.521100 -0.060342 0.172363
v 0.523691 -0.041144 0.199728
v 0.518613 -0.003325 0.156961
v 0.528984 0.010106 0.215749
v 0.560318 -0.012437 0.236887
v 0.582332 -0.006159 0.231278
v 0.483129 -0.046751 0.288849
v 0.513789 -0.029009 0.309784
v 0.533550 -0.009756 0.289807
v 0.535846 -0.016932 0.316406
v 0.534631 0.004163 0.305013
v 0.567410 -0.031403 0.303912
v 0.570517 0.011905 0.321981
v 0.515298 -0.002083 0.327424
v 0.543126 -0.049879 0.318106
v 0.575273 -0.726590 0.336221
v 0.583556 -0.655299 0.298346
v 0.641093 -0.683727 0.316125
v 0.623497 -0.663013 0.318358
v 0.626966 -0.592019 0.307773
v 0.572837 -0.708503 0.335864
v 0.595042 -0.712785 0.337947
v 0.604526 -0.694652 0.347925
v 0.638993 -0.690445 0.346776
v 0.574678 -0.536973 0.242328
v 0.579911 -0.597410 0.284232
v 0.616597 -0.449120 0.214265
v 0.565100 -0.491987 0.254209
v 0.605776 -0.534969 0.277728
v 0.642108 -0.489188 0.254789
v 0.584062 -0.454811 0.233237
v 0.588578 -0.397759 0.185317
v 0.574410 -0.395422 0.198960
v 0.612678 -0.404261 0.216296
v 0.669012 -0.378100 0.202765
v 0.638777 -0.384359 0.293003
v 0.540573 -0.356037 0.284092
v 0.584000 -0.416361 0.334132
v 0.605085 -0.445643 0.370039
v 0.598717 -0.441886 0.333325
v 0.639932 -0.406479 0.337561
v 0.609197 -0.341852 0.206370
v 0.653203 -0.280501 0.178013
v 0.563639 -0.332521 0.242171
v 0.607858 -0.321547 0.292906
v 0.620034 -0.321346 0.264923
v 0.596030 -0.317352 0.399641
v 0.587521 -0.240393 0.216932
v 0.640385 -0.279762 0.193558
v 0.617623 -0.226376 0.195223
v 0.662183 -0.255016 0.195874
v 0.652560 -0.230720 0.239488
v 0.572777 -0.252516 0.247981
v 0.655512 -0.282936 0.254096
v 0.583535 -0.309467 0.380137
v 0.568976 -0.284278 0.382617
v 0.577393 -0.217041 0.385889
v 0.605722 -0.246561 0.374509
v 0.602134 -0.234181 0.391113
v 0.615675 -0.295764 0.400640
v 0.622562 -0.268726 0.390837
v 0.636230 -0.246286 0.405410
v 0.561851 -0.196823 0.196324
v 0.575734 -0.211630 0.209572
v 0.582540 -0.211396 0.239895
v 0.557010 -0.158860 0.172992
v 0.581688 -0.165962 0.231383
v 0.585282 -0.181709 0.196055
v 0.585081 -0.158154 0.201625
v 0.593892 -0.209803 0.199684
v 0.594947 -0.189721 0.211798
v 0.578038 -0.145477 0.163580
v 0.604426 -0.122265 0.165901
v 0.630232 -0.183855 0.238844
v 0.597696 -0.167202 0.187521
v 0.621598 -0.163401 0.380548
v 0.616186 -0.169832 0.355455
v 0.662821 -0.211706 0.381193
v 0.552673 -0.142623 0.190926
v 0.586929 -0.112959 0.201557
v 0.590719 -0.100856 0.175827
v 0.593473 -0.139427 0.185447
v 0.592906 -0.138665 0.210260
v 0.595451 -0.098063 0.190373
v 0.600563 -0.088619 0.212664
v 0.597697 -0.106953 0.230249
v 0.627888 -0.065303 0.201627
v 0.612175 -0.071784 0.183925
v 0.595124 -0.047765 0.312333
v 0.667407 -0.055028 0.264291
v 0.601875 -0.093809 0.333813
v 0.604418 -0.121241 0.377954
v 0.600083 -0.081289 0.361985
v 0.629931 -0.128646 0.379733
v 0.631345 -0.063013 0.353913
v 0.659619 -0.053302 0.388634
v 0.577505 -0.027615 0.216076
v 0.663910 -0.051941 0.245271
v 0.567669 -0.014429 0.283726
v 0.612006 -0.038517 0.300312
v 0.604493 -0.010226 0.288123
v 0.600550 -0.001784 0.320142
v 0.601128 -0.023186 0.250122
v 0.613025 -0.027871 0.303853
v 0.626966 -0.024328 0.248565
v 0.643081 -0.061894 0.314958
v 0.642780 0.025632 0.316548
v 0.580986 -0.015409 0.338068
v 0.587747 -0.054612 0.326479
v 0.610724 -0.032271 0.355258
v 0.616515 0.007959 0.326649
v 0.631884 -0.011899 0.348832
v 0.638155 -0.033984 0.371874
v 0.659880 -0.659262 0.306979
v 0.694560 -0.599849 0.296527
v 0.652739 -0.694018 0.336579
v 0.681843 -0.678810 0.348725
v 0.649989 -0.633742 0.324239
v 0.688420 -0.663169 0.360358
v 0.683274 -0.621363 0.321976
v 0.725504 -0.639061 0.347723
v 0.734572 -0.629838 0.361190
v 0.642011 -0.559589 0.264766
v 0.655950 -0.583291 0.303646
v 0.650522 -0.531887 0.286322
v 0.687447 -0.569435 0.317136
v 0.738495 -0.563846 0.317471
v 0.711644 -0.495987 0.282615
v 0.725977 -0.438614 0.271873
v 0.717880 -0.395682 0.232228
v 0.672234 -0.419591 0.236987
v 0.639220 -0.446956 0.366876
v 0.662864 -0.415150 0.375034
v 0.650586 -0.425872 0.339614
v 0.691229 -0.403745 0.360814
v 0.676411 -0.338227 0.222523
v 0.602606 -0.252983 0.251132
v 0.659183 -0.359220 0.296137
v 0.718232 -0.326556 0.304122
v 0.646444 -0.371980 0.324700
v 0.720530 -0.360136 0.368525
v 0.683779 -0.330958 0.314080
v 0.710836 -0.383528 0.368218
v 0.750444 -0.328358 0.327393
v 0.737170 -0.316029 0.338554
v 0.649777 -0.275280 0.272999
v 0.687610 -0.249771 0.283894
v 0.699647 -0.285297 0.302704
v 0.718377 -0.229415 0.264607
v 0.648499 -0.240756 0.394079
v 0.673248 -0.187764 0.192463
v 0.622844 -0.114782 0.190430
v 0.657618 -0.181109 0.222315
v 0.687889 -0.217090 0.174831
v 0.701290 -0.202294 0.192110
v 0.705481 -0.156300 0.208284
v 0.695809 -0.178969 0.176470
v 0.687287 -0.217020 0.264128
v 0.728545 -0.160394 0.284696
v 0.665734 -0.211976 0.400183
v 0.659176 -0.152244 0.383843
v 0.656506 -0.159151 0.405556
v 0.669392 -0.044889 0.208178
v 0.671782 -0.124563 0.225952
v 0.684599 -0.062190 0.185488
v 0.730096 -0.081471 0.214812
v 0.717141 -0.099928 0.186765
v 0.687700 -0.097535 0.254117
v 0.671533 -0.146745 0.250974
v 0.712306 -0.137046 0.267136
v 0.719537 -0.077804 0.269906
v 0.707884 -0.078623 0.246247
v 0.726798 -0.093159 0.278713
v 0.676663 -0.074674 0.382566
v 0.675791 -0.087080 0.403915
v 0.681403 -0.083864 0.341190
v 0.714986 -0.078337 0.330068
v 0.662099 -0.141655 0.407940
v 0.677673 -0.123562 0.407445
v 0.676632 -0.043231 0.189179
v 0.697668 -0.014570 0.201119
v 0.747171 -0.043816 0.221407
v 0.711802 -0.001517 0.194405
v 0.644196 -0.039651 0.259550
v 0.666075 0.006250 0.278893
v 0.663196 -0.079670 0.324600
v 0.651609 -0.041370 0.277694
v 0.689281 -0.068399 0.300601
v 0.701217 -0.061547 0.256975
v 0.694243 0.012698 0.288691
v 0.650205 -0.006902 0.314681
v 0.689455 -0.060794 0.351249
v 0.712263 -0.020399 0.356111
v 0.704455 0.010210 0.347966
v 0.695931 -0.069062 0.323989
v 0.709832 -0.042024 0.347609
v 0.752162 -0.591754 0.330805
v 0.723296 -0.592908 0.343913
v 0.729123 -0.613502 0.361089
v 0.758618 -0.583230 0.358117
v 0.784028 -0.566693 0.338973
v 0.740394 -0.427176 0.231229
v 0.782586 -0.504756 0.308502
v 0.747604 -0.541864 0.303746
v 0.787140 -0.447406 0.281682
v 0.789391 -0.406586 0.234058
v 0.785977 -0.376719 0.250236
v 0.754793 -0.257878 0.195675
v 0.771923 -0.328435 0.235955
v 0.737949 -0.359625 0.363254
v 0.757127 -0.320476 0.369555
v 0.756020 -0.340623 0.365632
v 0.783261 -0.283021 0.371312
v 0.775925 -0.221638 0.221168
v 0.727001 -0.245406 0.208709
v 0.773526 -0.287166 0.224236
v 0.787868 -0.250378 0.233973
v 0.764518 -0.247804 0.299017
v 0.746504 -0.235946 0.302749
v 0.749486 -0.267275 0.333289
v 0.775040 -0.260300 0.362785
v 0.780671 -0.300679 0.347716
v 0.793012 -0.244308 0.351076
v 0.721511 -0.180676 0.169853
v 0.767926 -0.205632 0.195811
v 0.780341 -0.132279 0.193297
v 0.796083 -0.187838 0.182908
v 0.727772 -0.142138 0.253000
v 0.733394 -0.209273 0.294761
v 0.768520 -0.147364 0.318659
v 0.763502 -0.193298 0.286921
v 0.794661 -0.167738 0.319970
v 0.804176 -0.217978 0.337110
v 0.799902 -0.191736 0.340157
v 0.736805 -0.105478 0.180889
v 0.781893 -0.134731 0.226196
v 0.763298 -0.083268 0.196649
v 0.785705 -0.065898 0.239094
v 0.753579 -0.118503 0.293526
v 0.761080 -0.126369 0.283035
v 0.779874 -0.140324 0.312598
v 0.754867 -0.027229 0.203700
v 0.740650 -0.042419 0.180232
v 0.718876 -0.002392 0.211034
v 0.767744 -0.012636 0.193993
v 0.781999 -0.004236 0.223491
v 0.808721 -0.049713 0.226648
v 0.816729 -0.049967 0.219782
v 0.733404 -0.072553 0.330146
v 0.716450 -0.028264 0.302734
v 0.724786 -0.011294 0.287797
v 0.739833 -0.019520 0.318842
v 0.761350 -0.013488 0.299435
v 0.798816 0.005081 0.286295
v 0.723185 -0.049889 0.338925
v 0.745460 -0.059998 0.354095
v 0.727750 -0.019151 0.331234
v 0.739189 0.020378 0.332674
v 0.756180 -0.058234 0.348156
v 0.768047 -0.044559 0.377922
v 0.786067 0.018436 0.364793
v 0.785062 -0.029327 0.375481
v 0.778190 0.023108 0.374993
v 0.822129 -0.541083 0.338239
v 0.800161 -0.546421 0.314647
v 0.799579 -0.509918 0.293566
v 0.848490 -0.469818 0.317128
v 0.824462 -0.469524 0.279162
v 0.845450 -0.498423 0.327955
v 0.863787 -0.472558 0.299293
v 0.862607 -0.478693 0.316452
v 0.794733 -0.546106 0.341202
v 0.830562 -0.509839 0.343346
v 0.791421 -0.412575 0.256725
v 0.836428 -0.399916 0.255398
v 0.848439 -0.401098 0.289630
v 0.868303 -0.404091 0.291599
v 0.862125 -0.434807 0.292585
v 0.859143 -0.432474 0.307929
v 0.841161 -0.288312 0.228047
v 0.858128 -0.357485 0.270757
v 0.840374 -0.315780 0.260099
v 0.880710 -0.383661 0.312939
v 0.861691 -0.243088 0.251989
v 0.805786 -0.153219 0.193902
v 0.830053 -0.193674 0.221034
v 0.823804 -0.186533 0.198376
v 0.875112 -0.172957 0.207725
v 0.863555 -0.175592 0.238343
v 0.874412 -0.164407 0.230063
v 0.858470 -0.208656 0.259470
v 0.833693 -0.146468 0.252434
v 0.793378 -0.223040 0.346745
v 0.827851 -0.082288 0.241095
v 0.917374 -0.130610 0.228985
v 0.843885 -0.098722 0.241797
v 0.872017 -0.130769 0.261332
v 0.880281 -0.039889 0.242463
v 0.839112 -0.013858 0.242833
v 0.831047 -0.026925 0.227705
v 0.880276 -0.050434 0.229445
v 0.851883 -0.049903 0.235935
v 0.852494 -0.008097 0.233551
v 0.814304 -0.002774 0.299755
v 0.830545 -0.001670 0.320010
v 0.869028 -0.008188 0.248264
v 0.905324 -0.350062 0.299493
v 0.909891 -0.369734 0.296699
v 0.890640 -0.333510 0.257270
v 0.930502 -0.339390 0.296537
v 0.923285 -0.331088 0.308212
v 0.888033 -0.264487 0.251853
v 0.880766 -0.292474 0.270004
v 0.924153 -0.289899 0.300778
v 0.929652 -0.233164 0.293594
v 0.928165 -0.267998 0.309751
v 0.937101 -0.296235 0.285526
v 0.935670 -0.252142 0.309750
v 0.903899 -0.167446 0.224361
v 0.919758 -0.155685 0.245087
v 0.932973 -0.157944 0.238367
v 0.899590 -0.183620 0.291255
v 0.903952 -0.165517 0.274145
v 0.907033 -0.205580 0.301778
v 0.964755 -0.095744 0.238363
v 0.959589 -0.136316 0.248642
v 0.891955 -0.129615 0.244519
v 0.878932 -0.107268 0.239472
v 0.890438 -0.145321 0.251389
v 0.891078 -0.145443 0.277659
v 0.942210 -0.061426 0.251170
v 0.895368 -0.041232 0.238447
v 0.904733 -0.040081 0.227707
v 0.930338 -0.045070 0.236321
v 0.881281 0.000310 0.316873
v 0.900716 -0.016167 0.331950
v 0.924366 -0.019443 0.324508
v 0.932188 -0.022012 0.341195
v 0.952588 -0.020221 0.341973
v 0.959844 -0.007910 0.359503
v 0.965644 -0.086051 0.252439
v 0.067320 0.078280 0.216765
v 0.050055 0.049395 0.258378
v 0.048447 0.084771 0.257698
v 0.079248 0.016282 0.272057
v 0.091468 0.073247 0.260874
v -0.009611 0.115976 0.236762
v 0.072304 0.118490 0.223643
v 0.101922 0.156604 0.252801
v 0.018622 0.165746 0.271534
v 0.018787 0.131267 0.299686
v 0.085849 0.182310 0.308065
v 0.088520 0.130748 0.280096
v 0.045666 0.213165 0.313372
v -0.021501 0.255920 0.330304
v 0.104092 0.249208 0.279892
v 0.019604 0.304706 0.281334
v 0.013668 0.307598 0.289159
v 0.032675 0.337520 0.299630
v 0.062384 0.331306 0.329914
v 0.051782 0.341284 0.382109
v 0.044312 0.247335 0.330386
v 0.048802 0.301562 0.344652
v 0.104353 0.281385 0.329129
v 0.023456 0.388985 0.309417
v 0.026829 0.401265 0.294710
v 0.042815 0.355769 0.319032
v 0.059973 0.365657 0.330073
v 0.009532 0.336018 0.378124
v 0.033097 0.352047 0.368892
v 0.040607 0.359520 0.384827
v 0.061005 0.383464 0.354612
v 0.075461 0.396046 0.365624
v 0.080071 0.376152 0.371256
v 0.069251 0.390851 0.383568
v 0.104722 0.373727 0.395309
v -0.000073 0.448496 0.339156
v 0.037623 0.412867 0.344097
v 0.057311 0.416412 0.389436
v 0.079585 0.414440 0.395532
v 0.039231 0.483421 0.420167
v 0.079592 0.446965 0.430590
v 0.078194 0.421243 0.415551
v 0.080718 0.494289 0.444215
v 0.007884 0.542267 0.412235
v -0.001795 0.593166 0.420713
v 0.019893 0.586901 0.429462
v 0.036779 0.510623 0.390434
v 0.045884 0.542185 0.451781
v 0.044200 0.557650 0.442811
v 0.068243 0.515143 0.456532
v 0.064286 0.526329 0.438463
v 0.016268 0.578957 0.445464
v 0.122752 0.110653 0.227122
v 0.141485 0.037363 0.234535
v 0.137177 0.032546 0.273965
v 0.149858 0.090902 0.262857
v 0.182331 0.044799 0.275611
v 0.145095 0.102176 0.227068
v 0.162764 0.155981 0.297403
v 0.118014 0.249102 0.321219
v 0.193782 0.245615 0.267532
v 0.063336 0.296441 0.301769
v 0.118305 0.321693 0.308688
v 0.145835 0.353656 0.366691
v 0.141793 0.304561 0.331789
v 0.190476 0.296830 0.330971
v 0.090510 0.391956 0.392703
v 0.144702 0.393543 0.368903
v 0.135389 0.396607 0.400589
v 0.156086 0.408918 0.396912
v 0.141557 0.473866 0.397695
v 0.089090 0.446783 0.426600
v 0.121597 0.513835 0.397781
v 0.152225 0.534631 0.367728
v 0.154413 0.564766 0.384681
v 0.146917 0.495130 0.402925
v 0.121730 0.527479 0.408415
v 0.129348 0.624056 0.399356
v 0.121737 0.611410 0.391621
v 0.160262 0.606047 0.384832
v 0.144442 0.647532 0.387134
v 0.111208 0.565594 0.408206
v 0.121361 0.587406 0.407412
v 0.148773 0.657992 0.402038
v 0.167124 0.013595 0.136596
v 0.181469 0.036525 0.125829
v 0.194917 0.046095 0.135133
v 0.223530 0.051775 0.127313
v 0.221036 0.063967 0.145244
v 0.244643 0.037326 0.161137
v 0.198630 0.046296 0.235594
v 0.244262 0.099188 0.208133
v 0.289046 0.062117 0.194471
v 0.198388 0.084487 0.257167
v 0.168643 0.152169 0.244069
v 0.197315 0.120516 0.219930
v 0.179646 0.109743 0.279804
v 0.223058 0.139907 0.285651
v 0.171117 0.214945 0.299730
v 0.217124 0.260364 0.310062
v 0.193723 0.340332 0.362236
v 0.208047 0.399495 0.372109
v 0.265172 0.384357 0.359165
v 0.193551 0.385433 0.396121
v 0.174438 0.440497 0.391685
v 0.181205 0.433156 0.375579
v 0.173875 0.457867 0.396578
v 0.202063 0.457386 0.351933
v 0.201660 0.418719 0.383863
v 0.193005 0.477013 0.372346
v 0.238392 0.394795 0.369795
v 0.243563 0.469637 0.348316
v 0.247812 0.505862 0.331421
v 0.231942 0.409427 0.403272
v 0.178035 0.510874 0.372304
v 0.209640 0.568053 0.341673
v 0.200900 0.580283 0.360087
v 0.191630 0.665783 0.399419
v 0.179758 0.680119 0.398042
v 0.204721 0.693463 0.385019
v 0.222156 0.697502 0.394308
v 0.254552 0.069293 0.129555
v 0.302356 0.061982 0.141130
v 0.296508 0.093031 0.116180
v 0.288360 0.019397 0.196751
v 0.310698 0.089298 0.224399
v 0.325070 0.046838 0.214614
v 0.254809 0.087536 0.248943
v 0.275879 0.035116 0.241538
v 0.292507 0.046824 0.251300
v 0.307685 0.082559 0.254937
v 0.270254 0.079131 0.141616
v 0.322912 0.104702 0.128741
v 0.237373 0.134970 0.234636
v 0.318431 0.103055 0.231262
v 0.260375 0.142322 0.288102
v 0.269101 0.090153 0.258755
v 0.269644 0.099641 0.289563
v 0.280707 0.120660 0.279471
v 0.291147 0.095599 0.302773
v 0.289173 0.110676 0.285924
v 0.282103 0.187859 0.288909
v 0.302634 0.110298 0.310297
v 0.335192 0.105227 0.291233
v 0.300314 0.265787 0.280668
v 0.250616 0.283426 0.322480
v 0.299276 0.213823 0.302122
v 0.353524 0.276170 0.312957
v 0.246931 0.321847 0.299918
v 0.318509 0.300247 0.292824
v 0.297101 0.299165 0.320681
v 0.288304 0.364491 0.329612
v 0.354016 0.342346 0.327923
v 0.249627 0.356324 0.365465
v 0.267249 0.388787 0.397979
v 0.285557 0.398140 0.338377
v 0.287865 0.395014 0.369582
v 0.313040 0.345083 0.349829
v 0.289675 0.377743 0.342134
v 0.306634 0.395073 0.395328
v 0.341022 0.387562 0.365658
v 0.246727 0.407862 0.384017
v 0.254743 0.441265 0.358282
v 0.248181 0.441784 0.342061
v 0.294566 0.404361 0.352005
v 0.279285 0.405825 0.396322
v 0.299214 0.444845 0.337802
v 0.304396 0.449662 0.326166
v 0.300697 0.538537 0.307629
v 0.328569 0.533161 0.302428
v 0.260566 0.519151 0.338502
v 0.316452 0.517688 0.336292
v 0.315600 0.565028 0.332690
v 0.319765 0.611823 0.231761
v 0.260623 0.637088 0.262014
v 0.280485 0.629154 0.247285
v 0.310097 0.611334 0.247495
v 0.252623 0.605889 0.354890
v 0.221355 0.606631 0.345695
v 0.255809 0.692361 0.365777
v 0.309547 0.632780 0.336602
v 0.331659 0.676646 0.370094
v 0.249347 0.669383 0.274439
v 0.259165 0.708446 0.288250
v 0.253785 0.668383 0.282335
v 0.276319 0.720086 0.297046
v 0.325125 0.688754 0.293758
v 0.276851 0.723690 0.285081
v 0.305123 0.669657 0.264911
v 0.295002 0.733818 0.294140
v 0.281557 0.696575 0.389807
v 0.264655 0.716394 0.387477
v 0.298158 0.699971 0.373926
v 0.318966 0.699476 0.362166
v 0.316467 0.743087 0.301485
v 0.380913 0.078259 0.136851
v 0.356743 0.043707 0.231904
v 0.414558 0.024127 0.225602
v 0.447157 0.103021 0.212909
v 0.387646 0.005076 0.240686
v 0.455689 0.047058 0.215366
v 0.334212 0.087102 0.267312
v 0.362195 0.040305 0.260378
v 0.401433 0.024412 0.256171
v 0.399801 0.063119 0.278980
v 0.350508 0.116404 0.115915
v 0.381393 0.121175 0.111180
v 0.373146 0.121569 0.126603
v 0.352715 0.161159 0.232840
v 0.412864 0.129340 0.225382
v 0.345527 0.127331 0.276875
v 0.345575 0.170003 0.251996
v 0.341130 0.167686 0.286112
v 0.363636 0.118471 0.272329
v 0.398628 0.165291 0.283299
v 0.369118 0.188620 0.237333
v 0.363972 0.214685 0.264549
v 0.355027 0.267870 0.279372
v 0.361940 0.235061 0.303698
v 0.397441 0.238259 0.270551
v 0.366550 0.320311 0.182972
v 0.395132 0.294369 0.189202
v 0.377856 0.303816 0.198869
v 0.362894 0.309089 0.300417
v 0.353664 0.325893 0.351687
v 0.386189 0.300999 0.331657
v 0.355644 0.347203 0.190745
v 0.359207 0.402582 0.186348
v 0.359139 0.382550 0.196582
v 0.381686 0.371894 0.389946
v 0.350487 0.399272 0.399947
v 0.365539 0.364358 0.345651
v 0.367601 0.401820 0.324834
v 0.374870 0.376593 0.362974
v 0.351152 0.400162 0.385787
v 0.419762 0.424837 0.320977
v 0.392472 0.381658 0.387605
v 0.345232 0.425313 0.198953
v 0.348116 0.418584 0.207481
v 0.344161 0.459464 0.218708
v 0.445319 0.499869 0.214708
v 0.365074 0.498982 0.308022
v 0.402438 0.482720 0.311045
v 0.373977 0.481049 0.326665
v 0.378428 0.396176 0.347924
v 0.388510 0.431428 0.345197
v 0.339447 0.511684 0.217798
v 0.335249 0.557972 0.216435
v 0.374516 0.537776 0.216674
v 0.398778 0.551609 0.242595
v 0.358948 0.548753 0.305768
v 0.357502 0.517697 0.288476
v 0.365913 0.514813 0.299716
v 0.361105 0.555366 0.293049
v 0.364393 0.530879 0.320903
v 0.393133 0.514324 0.271393
v 0.405252 0.522649 0.288593
v 0.406266 0.562892 0.283177
v 0.396824 0.579074 0.306432
v 0.342038 0.521465 0.327087
v 0.392402 0.539102 0.341945
v 0.397343 0.546410 0.332720
v 0.332437 0.555590 0.228178
v 0.319636 0.582140 0.235817
v 0.388532 0.627535 0.244133
v 0.338671 0.593492 0.308231
v 0.349269 0.570866 0.315395
v 0.365230 0.619168 0.252298
v 0.308896 0.617851 0.344777
v 0.366046 0.643131 0.353413
v 0.362505 0.674335 0.281026
v 0.343709 0.752858 0.306525
v 0.344937 0.707357 0.279093
v 0.406117 0.706502 0.305260
v 0.374040 0.659434 0.345151
v 0.346748 0.716967 0.367381
v 0.368444 0.690919 0.383458
v 0.362989 0.716012 0.377681
v 0.430292 0.664199 0.373419
v 0.350782 0.746213 0.291266
v 0.383563 0.760466 0.311878
v 0.375711 0.754305 0.316563
v 0.412975 0.763594 0.338091
v 0.429100 0.023556 0.164182
v 0.443074 0.079505 0.150887
v 0.450752 0.000350 0.156282
v 0.427310 0.036683 0.146483
v 0.454026 0.089398 0.128798
v 0.496217 0.071899 0.136398
v 0.451285 0.042489 0.232419
v 0.486026 0.023001 0.207204
v 0.407626 0.077892 0.253070
v 0.417848 0.051755 0.244831
v 0.450501 0.060893 0.285034
v 0.481548 0.017767 0.267219
v 0.480069 0.030781 0.293397
v 0.462659 0.053261 0.274172
v 0.460298 0.073266 0.281221
v 0.425520 0.116691 0.121822
v 0.433032 0.108859 0.140538
v 0.466580 0.093726 0.146221
v 0.415869 0.089490 0.232336
v 0.451612 0.099993 0.226063
v 0.463081 0.143785 0.241305
v 0.462467 0.191102 0.245341
v 0.403678 0.128451 0.245258
v 0.404959 0.116943 0.256026
v 0.446185 0.148944 0.291264
v 0.417903 0.118467 0.272364
v 0.434904 0.138478 0.248137
v 0.474083 0.089698 0.297747
v 0.458255 0.135764 0.261882
v 0.464785 0.161743 0.262102
v 0.483614 0.159753 0.254291
v 0.436087 0.278549 0.338325
v 0.459874 0.249348 0.332538
v 0.486231 0.203645 0.316301
v 0.405061 0.278010 0.196285
v 0.447283 0.279061 0.215005
v 0.422511 0.267206 0.209840
v 0.473396 0.341227 0.190745
v 0.485620 0.323586 0.207652
v 0.471315 0.267052 0.207093
v 0.481965 0.292922 0.197188
v 0.412133 0.276373 0.286411
v 0.457569 0.287573 0.294374
v 0.456349 0.313608 0.323833
v 0.482794 0.318307 0.311912
v 0.421013 0.362128 0.200092
v 0.436991 0.358337 0.184937
v 0.464886 0.411752 0.196164
v 0.419760 0.355230 0.359994
v 0.421228 0.380161 0.356422
v 0.427511 0.377064 0.345851
v 0.482196 0.324321 0.387859
v 0.441278 0.358965 0.388704
v 0.453748 0.393288 0.360238
v 0.468075 0.406101 0.344266
v 0.461406 0.354694 0.376593
v 0.435497 0.505320 0.229024
v 0.456877 0.406906 0.207475
v 0.474827 0.463492 0.231646
v 0.465110 0.507042 0.241239
v 0.434103 0.470917 0.345491
v 0.450131 0.425107 0.349435
v 0.474398 0.463139 0.336557
v 0.494451 0.435176 0.351689
v 0.484376 0.422372 0.362952
v 0.451617 0.553360 0.235538
v 0.475595 0.512648 0.229210
v 0.484293 0.542545 0.257005
v 0.444096 0.509946 0.279312
v 0.446677 0.528470 0.331245
v 0.452594 0.550263 0.249787
v 0.460047 0.525806 0.276272
v 0.430542 0.572435 0.307172
v 0.442850 0.509591 0.289604
v 0.490760 0.506289 0.297023
v 0.466017 0.544103 0.268913
v 0.434037 0.516074 0.341895
v 0.426680 0.558799 0.347043
v 0.455763 0.555295 0.358324
v 0.475329 0.554551 0.322303
v 0.477724 0.548388 0.344523
v 0.412425 0.626268 0.263761
v 0.459678 0.641885 0.333064
v 0.459191 0.659697 0.263213
v 0.476649 0.590702 0.317922
v 0.479158 0.572822 0.265385
v 0.494298 0.687775 0.299719
v 0.423238 0.642376 0.363593
v 0.471724 0.567502 0.340770
v 0.412174 0.719374 0.292676
v 0.454093 0.676207 0.282011
v 0.418368 0.677907 0.347074
v 0.480811 0.689732 0.372913
v 0.444259 0.716636 0.344389
v 0.425838 0.765169 0.326596
v 0.475972 0.759395 0.337135
v 0.536446 0.754048 0.327492
v 0.415111 0.717399 0.366141
v 0.471002 0.772277 0.339191
v 0.505529 0.053383 0.158118
v 0.514791 0.052222 0.148845
v 0.498762 0.112296 0.217116
v 0.512383 0.052826 0.227627
v 0.498580 0.079876 0.234025
v 0.525221 0.063199 0.217692
v 0.532154 0.004083 0.228728
v 0.548209 0.045206 0.234571
v 0.504841 0.040889 0.300023
v 0.501437 0.015645 0.317226
v 0.525427 0.025023 0.287830
v 0.523847 0.057863 0.301833
v 0.555781 0.062711 0.302922
v 0.563044 0.071642 0.317385
v 0.556020 0.032773 0.283505
v 0.548456 0.103446 0.265700
v 0.506612 0.120690 0.241219
v 0.541814 0.167098 0.239476
v 0.504543 0.116000 0.284815
v 0.509412 0.126546 0.301508
v 0.494996 0.159312 0.274826
v 0.518212 0.168373 0.276023
v 0.526189 0.176952 0.291381
v 0.518301 0.168353 0.310149
v 0.536233 0.126916 0.304192
v 0.539536 0.130055 0.260177
v 0.551100 0.143885 0.324470
v 0.540923 0.167057 0.273653
v 0.565200 0.147053 0.312908
v 0.542515 0.280799 0.291307
v 0.536288 0.226704 0.308806
v 0.536205 0.212105 0.291409
v 0.546252 0.247708 0.309983
v 0.506852 0.237617 0.330656
v 0.564935 0.235598 0.360144
v 0.517627 0.285565 0.201642
v 0.541333 0.266843 0.212643
v 0.536098 0.304485 0.206790
v 0.538530 0.270089 0.200698
v 0.542510 0.329216 0.320857
v 0.481662 0.305045 0.327335
v 0.518609 0.301952 0.376381
v 0.511904 0.298254 0.338992
v 0.528223 0.308235 0.324769
v 0.528338 0.306688 0.367487
v 0.536236 0.275776 0.329452
v 0.551469 0.282404 0.366382
v 0.555451 0.278164 0.347052
v 0.562995 0.255727 0.343889
v 0.547735 0.288540 0.324556
v 0.544415 0.335725 0.336623
v 0.522255 0.346137 0.183532
v 0.534399 0.356910 0.201632
v 0.502760 0.411987 0.212057
v 0.545174 0.378262 0.189267
v 0.523912 0.449184 0.204719
v 0.512664 0.327638 0.325480
v 0.497554 0.328539 0.377841
v 0.529595 0.447607 0.217753
v 0.485429 0.497973 0.363587
v 0.495019 0.456641 0.367736
v 0.505453 0.448218 0.348502
v 0.510543 0.459639 0.317877
v 0.518548 0.426838 0.348405
v 0.529581 0.410440 0.337253
v 0.567951 0.400675 0.324932
v 0.567053 0.402434 0.334405
v 0.516617 0.503694 0.243614
v 0.520541 0.516441 0.231467
v 0.515568 0.513846 0.290169
v 0.491109 0.511889 0.312839
v 0.471118 0.529426 0.261070
v 0.477498 0.544118 0.296105
v 0.499366 0.537869 0.285201
v 0.500089 0.531545 0.309520
v 0.504790 0.550174 0.280776
v 0.485937 0.559896 0.311569
v 0.515596 0.564588 0.281725
v 0.514572 0.556147 0.296149
v 0.545531 0.512359 0.303655
v 0.549024 0.545786 0.309086
v 0.556162 0.529693 0.316817
v 0.478615 0.540911 0.358079
v 0.518272 0.491274 0.305772
v 0.490736 0.512824 0.337879
v 0.494935 0.500515 0.359653
v 0.513554 0.584757 0.347422
v 0.520457 0.503805 0.319556
v 0.492764 0.603588 0.314233
v 0.481495 0.569853 0.288394
v 0.510047 0.601242 0.267614
v 0.505895 0.598026 0.285713
v 0.513375 0.620175 0.289466
v 0.517443 0.581798 0.273935
v 0.555577 0.570748 0.290822
v 0.535943 0.632473 0.310673
v 0.486707 0.581381 0.332454
v 0.510489 0.631420 0.330270
v 0.503891 0.610227 0.335930
v 0.542804 0.598249 0.341343
v 0.560537 0.701146 0.318487
v 0.564948 0.724384 0.315825
v 0.566545 0.659915 0.325087
v 0.510557 0.664685 0.363327
v 0.487726 0.701386 0.350852
v 0.487286 0.712422 0.360603
v 0.519913 0.694988 0.356335
v 0.551638 0.648582 0.332453
v 0.558655 0.678120 0.343979
v 0.523751 0.759144 0.338556
v 0.549925 0.734272 0.330585
v 0.559738 0.047781 0.229396
v 0.580790 0.062080 0.323382
v 0.589269 0.048847 0.300130
v 0.587565 0.051264 0.256298
v 0.588048 0.059140 0.273489
v 0.619622 0.062729 0.283304
v 0.634205 0.051461 0.290227
v 0.623899 0.031130 0.322763
v 0.623335 0.065498 0.274318
v 0.599094 0.028812 0.326853
v 0.604358 0.059837 0.324789
v 0.619211 0.044805 0.343674
v 0.554178 0.109023 0.237797
v 0.600365 0.143187 0.277290
v 0.609238 0.109815 0.287708
v 0.615153 0.167564 0.261379
v 0.643888 0.146444 0.285196
v 0.572760 0.197954 0.331674
v 0.558775 0.227529 0.258330
v 0.575020 0.217552 0.291732
v 0.585369 0.226244 0.266682
v 0.597200 0.190420 0.298306
v 0.611119 0.241536 0.327586
v 0.622014 0.237899 0.272140
v 0.685403 0.199173 0.345377
v 0.662331 0.205113 0.282494
v 0.570650 0.190191 0.340671
v 0.579314 0.306591 0.218488
v 0.569876 0.312930 0.189269
v 0.574942 0.261224 0.230222
v 0.597600 0.263882 0.225073
v 0.612517 0.316044 0.205612
v 0.639345 0.267577 0.238328
v 0.576688 0.267236 0.328584
v 0.596792 0.318866 0.344362
v 0.577362 0.264573 0.287260
v 0.639268 0.293104 0.302970
v 0.637020 0.246960 0.312835
v 0.634918 0.270110 0.307144
v 0.634197 0.287040 0.329043
v 0.574301 0.290861 0.341819
v 0.630947 0.326644 0.340690
v 0.624627 0.267292 0.321678
v 0.634755 0.311772 0.346816
v 0.583826 0.412009 0.219629
v 0.613856 0.343340 0.221018
v 0.605821 0.388943 0.204600
v 0.657878 0.378802 0.223773
v 0.571436 0.331278 0.343981
v 0.588478 0.386168 0.342092
v 0.602591 0.380801 0.329128
v 0.624857 0.369984 0.335251
v 0.624605 0.444118 0.315368
v 0.641021 0.483577 0.245113
v 0.646521 0.437559 0.231246
v 0.602784 0.483688 0.299659
v 0.647928 0.485453 0.303606
v 0.566139 0.473681 0.322441
v 0.621828 0.423100 0.306158
v 0.614593 0.474108 0.312466
v 0.564955 0.510695 0.239454
v 0.619340 0.514450 0.233604
v 0.595053 0.583582 0.259555
v 0.566847 0.573891 0.277698
v 0.579096 0.581473 0.308764
v 0.623180 0.532975 0.253950
v 0.588513 0.550487 0.320472
v 0.550493 0.623650 0.295684
v 0.574147 0.617347 0.311412
v 0.581709 0.660447 0.309568
v 0.612068 0.595548 0.272898
v 0.646769 0.625149 0.281967
v 0.642745 0.673904 0.293356
v 0.561473 0.576453 0.322041
v 0.547886 0.625569 0.363432
v 0.555067 0.663736 0.371695
v 0.575162 0.628670 0.332524
v 0.605437 0.647423 0.339427
v 0.609110 0.595354 0.350717
v 0.616347 0.626258 0.353748
v 0.574501 0.682988 0.318079
v 0.610354 0.674494 0.309647
v 0.580543 0.654871 0.324401
v 0.562870 0.679322 0.356102
v 0.601518 0.656060 0.349186
v 0.622528 0.047843 0.306894
v 0.650412 0.071474 0.297907
v 0.694249 0.071181 0.287900
v 0.655470 0.075201 0.295502
v 0.673977 0.068287 0.309733
v 0.684450 0.038870 0.317194
v 0.693660 0.064311 0.306003
v 0.726454 0.020870 0.284889
v 0.631787 0.010718 0.356426
v 0.634417 0.034520 0.342816
v 0.664036 0.068150 0.325975
v 0.698616 0.046656 0.350959
v 0.688772 0.069059 0.337759
v 0.713546 0.032670 0.347084
v 0.724466 0.009057 0.341118
v 0.709546 0.038290 0.317337
v 0.681406 0.116338 0.325799
v 0.663274 0.156229 0.298166
v 0.667106 0.158411 0.278395
v 0.683939 0.119051 0.310757
v 0.671518 0.181202 0.310061
v 0.669534 0.092972 0.300684
v 0.693155 0.137139 0.331053
v 0.697926 0.188445 0.334358
v 0.643119 0.169750 0.266093
v 0.648091 0.218291 0.307276
v 0.668929 0.201669 0.314779
v 0.693014 0.174310 0.284369
v 0.700329 0.193874 0.304896
v 0.708631 0.181503 0.288568
v 0.689691 0.222946 0.305511
v 0.764612 0.213095 0.311350
v 0.659726 0.241389 0.355052
v 0.654809 0.236948 0.329091
v 0.678522 0.232504 0.347928
v 0.697700 0.168485 0.337296
v 0.667126 0.269057 0.226726
v 0.691859 0.324028 0.214978
v 0.655874 0.330019 0.227327
v 0.721645 0.277845 0.225459
v 0.664198 0.243369 0.311817
v 0.717791 0.322581 0.332896
v 0.732838 0.251475 0.335533
v 0.727608 0.261676 0.316946
v 0.631525 0.290984 0.351249
v 0.678943 0.339292 0.347213
v 0.653014 0.273579 0.348036
v 0.681342 0.296599 0.324394
v 0.736901 0.340633 0.377510
v 0.651429 0.409817 0.210996
v 0.726148 0.411913 0.229809
v 0.714787 0.419227 0.244930
v 0.663029 0.333343 0.354980
v 0.637899 0.367538 0.322214
v 0.684272 0.366805 0.344840
v 0.654866 0.381024 0.342116
v 0.681587 0.341208 0.363966
v 0.696998 0.361726 0.381046
v 0.704542 0.358548 0.345120
v 0.718043 0.377965 0.375071
v 0.709836 0.396017 0.405536
v 0.704931 0.366901 0.398281
v 0.719942 0.383107 0.337902
v 0.730867 0.393388 0.332842
v 0.715457 0.462439 0.237183
v 0.651425 0.498200 0.312997
v 0.699890 0.390532 0.320780
v 0.719382 0.448043 0.321610
v 0.666331 0.433959 0.329473
v 0.712184 0.503163 0.338361
v 0.734372 0.417405 0.347899
v 0.643350 0.544552 0.307284
v 0.668375 0.572776 0.270626
v 0.719492 0.500197 0.323565
v 0.715423 0.582080 0.278351
v 0.666262 0.562161 0.337828
v 0.687661 0.591444 0.333514
v 0.710176 0.557581 0.340650
v 0.637342 0.624135 0.269410
v 0.718919 0.675653 0.316805
v 0.683546 0.648027 0.314582
v 0.723548 0.641779 0.317097
v 0.665371 0.608677 0.338390
v 0.643166 0.630141 0.335263
v 0.672200 0.674914 0.317481
v 0.683279 0.678578 0.311596
v 0.715318 0.677197 0.328861
v 0.739063 0.016902 0.217698
v 0.745498 0.016679 0.230405
v 0.787914 0.004607 0.211208
v 0.766222 0.035397 0.234585
v 0.760439 0.052104 0.241200
v 0.765206 0.068791 0.234700
v 0.783457 0.087084 0.246214
v 0.715739 0.078494 0.308321
v 0.766556 0.075698 0.296345
v 0.752937 0.030597 0.320943
v 0.768649 0.024096 0.308282
v 0.763227 0.058560 0.313874
v 0.781621 0.039485 0.295496
v 0.775432 0.070990 0.321975
v 0.804436 0.089081 0.264260
v 0.742818 0.070692 0.333946
v 0.762072 0.057419 0.352125
v 0.761306 0.062751 0.333112
v 0.776785 0.049020 0.354323
v 0.785930 0.085340 0.325424
v 0.750060 0.092351 0.317651
v 0.772105 0.101822 0.306345
v 0.764065 0.109094 0.328369
v 0.773562 0.131457 0.338219
v 0.798356 0.128728 0.365718
v 0.781345 0.207293 0.231891
v 0.776975 0.241916 0.223461
v 0.781528 0.234759 0.235271
v 0.793554 0.194133 0.243650
v 0.733894 0.202941 0.300547
v 0.747942 0.200627 0.314259
v 0.787574 0.245785 0.344182
v 0.783936 0.193682 0.344705
v 0.801674 0.225407 0.374177
v 0.811462 0.199240 0.324757
v 0.716215 0.280056 0.237337
v 0.755888 0.255266 0.230062
v 0.787100 0.290777 0.228679
v 0.743604 0.310072 0.358235
v 0.767417 0.260799 0.354375
v 0.776878 0.278988 0.346918
v 0.755511 0.321485 0.351998
v 0.797523 0.284900 0.390600
v 0.795111 0.326346 0.380140
v 0.755824 0.384802 0.237314
v 0.773025 0.407029 0.225898
v 0.822625 0.402885 0.257240
v 0.785235 0.418262 0.244105
v 0.766683 0.355707 0.352898
v 0.716025 0.374271 0.354505
v 0.758725 0.397382 0.403885
v 0.744788 0.403569 0.382722
v 0.740406 0.401455 0.355197
v 0.773290 0.366022 0.403902
v 0.789529 0.337354 0.394053
v 0.786641 0.343952 0.360991
v 0.792330 0.404551 0.370218
v 0.740389 0.412016 0.237026
v 0.786212 0.427715 0.235996
v 0.732891 0.442652 0.242888
v 0.739536 0.511114 0.265830
v 0.751832 0.478596 0.252571
v 0.734334 0.474597 0.342969
v 0.731234 0.402599 0.363456
v 0.746291 0.435680 0.337764
v 0.740624 0.414910 0.359377
v 0.773563 0.410435 0.385694
v 0.758366 0.432839 0.382314
v 0.769864 0.435113 0.376054
v 0.783645 0.445385 0.398660
v 0.802579 0.424863 0.409002
v 0.731031 0.562831 0.261686
v 0.756060 0.501907 0.249676
v 0.767833 0.543908 0.288348
v 0.772699 0.507002 0.263792
v 0.779189 0.573936 0.285701
v 0.787816 0.515009 0.257424
v 0.724184 0.527177 0.338138
v 0.777098 0.593457 0.319993
v 0.772794 0.659670 0.349980
v 0.745806 0.676224 0.331192
v 0.785590 0.665878 0.348781
v 0.813270 0.072153 0.238839
v 0.849092 0.057653 0.241069
v 0.813567 0.052173 0.327470
v 0.828040 0.049834 0.316882
v 0.841875 0.015094 0.316739
v 0.843673 0.064433 0.259118
v 0.845301 0.073219 0.311258
v 0.862009 0.087958 0.278451
v 0.880621 0.016127 0.259502
v 0.860489 0.090467 0.264228
v 0.887007 0.037832 0.253953
v 0.879309 0.057810 0.272078
v 0.839730 0.017428 0.329458
v 0.860091 0.048215 0.356975
v 0.852124 0.077601 0.368121
v 0.866749 0.021698 0.329343
v 0.861695 0.054366 0.321747
v 0.871875 0.081616 0.348311
v 0.825878 0.143781 0.237626
v 0.833305 0.187327 0.220355
v 0.853608 0.127816 0.237501
v 0.886324 0.128724 0.234697
v 0.833431 0.098922 0.267265
v 0.841010 0.147923 0.243470
v 0.845972 0.101750 0.370479
v 0.819930 0.138204 0.333730
v 0.841206 0.124000 0.363343
v 0.853374 0.143356 0.345173
v 0.846508 0.145208 0.358903
v 0.858210 0.120630 0.330594
v 0.851795 0.131426 0.358238
v 0.801953 0.167569 0.240206
v 0.821097 0.214428 0.230680
v 0.838539 0.267390 0.211410
v 0.851783 0.227167 0.232043
v 0.867238 0.178093 0.235931
v 0.816678 0.202202 0.350668
v 0.815068 0.253785 0.382842
v 0.835936 0.239097 0.368982
v 0.841065 0.188938 0.340091
v 0.847411 0.199981 0.330584
v 0.872408 0.183759 0.337889
v 0.889493 0.187575 0.367349
v 0.880188 0.227756 0.400072
v 0.804682 0.320451 0.225043
v 0.850490 0.304903 0.234592
v 0.884721 0.270698 0.243074
v 0.858459 0.307489 0.217904
v 0.804573 0.312393 0.388106
v 0.815131 0.266635 0.375926
v 0.854971 0.253537 0.370398
v 0.847345 0.261390 0.401664
v 0.867485 0.248321 0.410138
v 0.856340 0.369823 0.238428
v 0.902961 0.365276 0.251725
v 0.864214 0.353233 0.250402
v 0.809396 0.365095 0.386095
v 0.802052 0.377619 0.400082
v 0.808642 0.443340 0.252385
v 0.830042 0.455472 0.280124
v 0.839106 0.453753 0.272757
v 0.851311 0.450570 0.303020
v 0.857213 0.470498 0.306269
v 0.870214 0.469029 0.324505
v 0.807224 0.422952 0.394779
v 0.809904 0.517956 0.271181
v 0.816276 0.535557 0.274915
v 0.820504 0.544811 0.298042
v 0.834746 0.560696 0.298264
v 0.841724 0.606316 0.324229
v 0.835771 0.585359 0.328264
v 0.832128 0.630779 0.341832
v 0.814288 0.656063 0.338911
v 0.883163 0.020680 0.321159
v 0.883435 0.053011 0.352342
v 0.889489 0.099986 0.358210
v 0.905278 0.069167 0.341708
v 0.931935 0.096352 0.386861
v 0.959999 0.029919 0.354108
v 0.953377 0.045916 0.374190
v 0.959867 0.015994 0.366706
v 0.953469 0.072111 0.374035
v 0.897137 0.130611 0.250006
v 0.909568 0.133800 0.247986
v 0.930212 0.160410 0.255454
v 0.930301 0.152426 0.269629
v 0.886267 0.140223 0.379211
v 0.896700 0.137162 0.367084
v 0.913417 0.119072 0.385893
v 0.933974 0.103657 0.375637
v 0.895602 0.234239 0.229131
v 0.912048 0.200687 0.260615
v 0.916235 0.165392 0.269507
v 0.907017 0.273269 0.255588
v 0.894416 0.201042 0.358730
v 0.888340 0.236427 0.388810
v 0.894828 0.210222 0.388743
v 0.923379 0.274513 0.246140
v 0.978132 0.246743 0.292583
v 0.981528 0.280029 0.285187
v 0.932320 0.328129 0.280726
v 0.893462 0.390265 0.294123
v 0.889475 0.416124 0.282172
v 0.913104 0.363403 0.278099
v 0.940849 0.339151 0.270997
v 0.925544 0.462479 0.335501
v 0.921080 0.445986 0.337290
v 0.941295 0.430984 0.330276
v 0.943496 0.419324 0.342487
v 0.900657 0.465728 0.338151
v 0.957143 0.174349 0.264205
v 0.966641 0.193273 0.279429
v 0.982150 0.229632 0.278121
v 0.981081 0.259613 0.278298
v 0.983460 0.293479 0.272701
v 0.978575 0.332249 0.303974
v 0.981175 0.331802 0.294146
v 0.970270 0.373928 0.320034
v 0.970543 0.384852 0.309791
v 0.962358 0.407498 0.329893
vn -0.6318 -0.4430 -0.6361
vn -0.5474 -0.5471 -0.6333
vn -0.3702 -0.3340 0.8668
vn -0.5644 -0.8089 0.1647
vn 0.2805 0.2270 0.9326
vn -0.4027 -0.3541 -0.8441
vn 0.2667 -0.0889 0.9597
vn -0.1732 -0.5541 0.8143
vn -0.4370 -0.5149 -0.7375
vn 0.5989 0.1590 0.7849
vn -0.4211 -0.3436 -0.8394
vn 0.2948 0.4027 0.8666
vn -0.4231 -0.3733 -0.8256
vn 0.4194 0.0872 0.9036
vn -0.5234 -0.7193 -0.4569
vn -0.5211 -0.7229 -0.4537
vn -0.6497 -0.6580 0.3808
vn -0.0365 0.2135 0.9763
vn -0.3428 -0.1850 -0.9210
vn -0.2447 -0.3264 -0.9130
vn -0.1853 -0.3743 -0.9086
vn -0.2128 -0.4413 -0.8717
vn -0.2016 -0.4485 -0.8707
vn 0.2413 0.2014 0.9493
vn 0.0570 0.3311 0.9419
vn -0.2610 -0.9221 -0.2857
vn -0.1338 -0.9163 0.3774
vn -0.7762 -0.5761 0.2561
vn 0.1522 0.1971 0.9685
vn -0.0648 0.2487 0.9664
vn -0.0754 0.2332 0.9695
vn 0.0945 -0.4588 -0.8835
vn 0.0474 0.0834 0.9954
vn -0.2494 0.1650 0.9542
vn -0.7089 0.0020 0.7053
vn -0.3719 -0.8916 -0.2585
vn -0.0089 -0.0337 0.9994
vn -0.1104 -0.9480 -0.2985
vn -0.3528 0.3478 0.8687
vn 0.1850 0.1345 0.9735
vn -0.7150 -0.5660 0.4104
vn -0.7293 -0.5700 0.3784
vn -0.6194 -0.6203 -0.4812
vn -0.5399 -0.3622 -0.7598
vn 0.1144 0.2002 0.9731
vn 0.4737 0.3428 0.8112
vn 0.4710 0.3901 0.7912
vn 0.2477 0.3191 0.9148
vn -0.2630 -0.4071 -0.8747
vn 0.3880 0.2730 0.8803
vn -0.7535 -0.2401 0.6121
vn -0.7613 -0.2422 0.6015
vn 0.6381 0.5195 0.5683
vn 0.3641 0.6341 0.6822
vn 0.5902 -0.1079 0.8000
vn -0.1784 -0.1915 -0.9651
vn 0.3783 -0.0300 0.9252
vn -0.1869 -0.1796 -0.9658
vn -0.3012 -0.9429 -0.1419
vn 0.2030 0.2620 0.9435
vn -0.1116 -0.2212 -0.9688
vn 0.1889 0.1262 0.9738
vn 0.9318 -0.2134 -0.2936
vn 0.5935 0.1343 0.7935
vn 0.8947 -0.2943 -0.3362
vn -0.4760 -0.6895 0.5459
vn 0.2654 0.5931 0.7601
vn 0.3056 0.6700 0.6766
vn 0.4994 0.3097 0.8091
vn 0.8426 -0.3589 -0.4016
vn 0.7984 -0.4031 -0.4472
vn 0.6940 -0.3836 -0.6093
vn 0.6974 0.3512 0.6248
vn -0.3511 -0.4957 -0.7944
vn -0.2320 -0.3796 -0.8956
vn 0.1096 0.4027 0.9087
vn 0.0934 0.3958 0.9136
vn -0.2094 0.4881 0.8473
vn -0.0892 0.6550 0.7504
vn 0.0596 -0.9124 0.4050
vn 0.1215 0.7775 0.6170
vn 0.1143 0.7780 0.6178
vn -0.0296 0.4065 0.9132
vn 0.0475 0.5664 0.8227
vn 0.2082 0.6092 0.7652
vn 0.2758 0.4915 0.8260
vn -0.1551 -0.4005 -0.9031
vn 0.0784 0.4677 0.8804
vn -0.9338 -0.3578 -0.0029
vn -0.6676 0.2556 0.6992
vn -0.7359 -0.0669 -0.6738
vn -0.0429 0.2950 0.9545
vn -0.7202 0.0974 0.6869
vn -0.9826 0.0389 0.1818
vn -0.9666 0.0904 0.2398
vn -0.9401 0.3236 0.1069
vn 0.4875 -0.8491 0.2032
vn 0.2699 -0.7037 -0.6572
vn 0.8451 -0.5139 0.1471
vn 0.5254 -0.4637 -0.7134
vn 0.7352 -0.0903 0.6718
vn 0.4884 -0.7836 -0.3839
vn 0.6643 -0.1039 0.7402
vn 0.5389 -0.8319 0.1327
vn 0.9340 -0.3301 -0.1368
vn 0.5450 -0.4753 -0.6907
vn -0.3138 0.4570 0.8323
vn -0.5191 -0.4157 0.7468
vn -0.6624 -0.5222 -0.5371
vn -0.4501 -0.8604 -0.2389
vn 0.1015 0.0428 0.9939
vn -0.7753 -0.5914 -0.2218
vn -0.5135 -0.0472 0.8568
vn -0.4247 -0.4455 -0.7881
vn -0.4079 -0.5708 -0.7127
vn 0.4715 0.5689 0.6738
vn -0.8159 -0.0886 -0.5714
vn 0.6967 0.1839 0.6934
vn -0.7276 -0.2968 -0.6184
vn 0.6994 0.1863 0.6901
vn -0.6512 -0.5228 -0.5502
vn 0.8294 0.0198 0.5582
vn 0.8102 0.2045 0.5494
vn 0.7017 0.1106 0.7038
vn -0.3763 -0.0366 -0.9258
vn -0.6474 -0.2039 -0.7344
vn 0.6234 0.4061 0.6681
vn 0.7145 0.0313 0.6989
vn 0.5054 0.3602 0.7841
vn -0.8589 -0.4094 -0.3076
vn -0.6820 -0.6458 -0.3434
vn -0.1009 -0.2630 0.9595
vn -0.7266 0.0812 -0.6823
vn 0.3353 -0.0086 0.9421
vn -0.6862 0.1925 -0.7015
vn 0.0144 -0.9379 0.3467
vn -0.5882 -0.1487 -0.7949
vn 0.1614 -0.6187 0.7688
vn -0.5253 0.1967 -0.8279
vn 0.0439 -0.9062 0.4206
vn -0.7376 -0.3775 -0.5598
vn -0.7318 -0.1242 -0.6701
vn -0.5334 -0.5059 0.6780
vn -0.6873 -0.6635 0.2957
vn -0.8245 -0.2740 -0.4951
vn -0.8457 -0.4530 -0.2819
vn -0.8325 -0.4815 -0.2739
vn -0.0706 -0.1180 0.9905
vn 0.6928 0.3247 0.6439
vn -0.8624 0.4912 0.1223
vn -0.2628 -0.6662 0.6980
vn -0.2725 -0.4689 0.8401
vn -0.7887 0.5318 -0.3086
vn -0.8097 0.2252 -0.5419
vn -0.0839 0.9531 0.2906
vn -0.6581 0.7451 -0.1079
vn -0.0022 0.7220 0.6919
vn -0.9141 0.2989 -0.2739
vn -0.5143 0.7866 -0.3417
vn -0.5644 0.7715 -0.2936
vn 0.5801 -0.1754 0.7955
vn 0.3241 0.9109 0.2554
vn -0.0260 -0.5515 -0.8338
vn 0.2987 -0.7217 -0.6245
vn 0.1104 0.6613 0.7420
vn 0.0230 -0.3195 0.9473
vn -0.2686 0.8898 0.3688
vn -0.0642 -0.9521 -0.2991
vn 0.3983 0.5551 0.7302
vn -0.4645 -0.8856 0.0007
vn -0.1221 -0.9866 0.1081
vn -0.4051 -0.7285 -0.5523
vn 0.3285 0.5254 0.7849
vn -0.5206 -0.4089 -0.7495
vn 0.6542 0.3598 0.6653
vn 0.4265 0.4645 0.7761
vn 0.3071 0.4478 0.8397
vn 0.3395 0.4957 0.7994
vn 0.6711 0.2266 0.7059
vn -0.5042 -0.2524 -0.8259
vn -0.4351 -0.5600 -0.7050
vn 0.3670 0.6897 0.6242
vn 0.1438 0.6844 0.7148
vn -0.5252 -0.2675 -0.8079
vn -0.5907 -0.6889 -0.4200
vn -0.1794 -0.2207 0.9587
vn -0.6370 -0.1120 -0.7627
vn 0.6935 -0.0814 0.7158
vn 0.7272 -0.0655 0.6833
vn 0.5827 0.2246 0.7810
vn -0.4777 -0.5921 -0.6490
vn -0.5032 -0.4759 -0.7213
vn 0.0887 -0.2633 0.9606
vn -0.0034 -0.0811 0.9967
vn -0.0097 0.0487 0.9988
vn 0.4525 0.7222 0.5232
vn 0.4006 0.7437 0.5351
vn 0.4599 -0.5196 0.7201
vn 0.7216 -0.1796 0.6686
vn -0.5671 0.0092 -0.8236
vn 0.7226 -0.3686 -0.5847
vn -0.6630 0.6260 -0.4105
vn 0.3942 -0.2290 0.8900
vn -0.6725 -0.1713 -0.7200
vn -0.2059 -0.7891 -0.5787
vn 0.4809 0.3421 0.8073
vn -0.1316 -0.9873 0.0890
vn 0.4898 0.0214 0.8715
vn 0.5521 -0.0789 0.8301
vn 0.7517 0.2353 0.6161
vn -0.5164 -0.1265 -0.8470
vn -0.3357 0.4296 -0.8383
vn 0.3252 0.6093 -0.7232
vn 0.5627 -0.1432 0.8142
vn -0.2970 0.9549 -0.0061
vn 0.7159 0.3183 0.6214
vn 0.3699 0.0767 0.9259
vn -0.4463 0.8742 -0.1913
vn 0.0934 -0.9843 -0.1497
vn -0.1340 0.9071 0.3990
vn 0.1288 0.2061 0.9700
vn -0.1952 0.7808 0.5936
vn 0.0582 0.9087 0.4133
vn 0.2697 0.8861 0.3769
vn 0.0202 0.9296 -0.3679
vn 0.1195 -0.7180 -0.6857
vn -0.4098 -0.5227 -0.7475
vn 0.3429 0.6004 0.7225
vn -0.3141 -0.4268 -0.8481
vn -0.2223 -0.4047 -0.8870
vn 0.1713 -0.9807 0.0948
vn 0.0528 0.7566 0.6518
vn 0.1811 -0.3437 0.9214
vn 0.2732 -0.3822 0.8828
vn 0.2816 -0.3377 0.8981
vn 0.3156 0.4466 0.8372
vn 0.1976 0.4090 0.8909
vn -0.1528 -0.3305 -0.9313
vn 0.0805 0.3152 0.9456
vn -0.6448 -0.5108 -0.5686
vn -0.5648 -0.7867 0.2492
vn 0.0650 -0.9434 0.3252
vn -0.1057 -0.2571 0.9606
vn -0.3266 -0.3151 -0.8911
vn -0.0393 0.2583 0.9653
vn -0.4650 -0.6182 -0.6338
vn -0.6554 -0.4145 -0.6314
vn -0.5513 -0.5866 -0.5933
vn -0.9461 0.2526 0.2027
vn -0.6409 -0.5028 -0.5800
vn -0.0060 -0.2725 0.9621
vn 0.4104 0.5413 0.7339
vn 0.4584 0.5100 0.7278
vn -0.4005 -0.2660 -0.8768
vn -0.3801 -0.1780 -0.9077
vn -0.3224 -0.1704 -0.9312
vn 0.2239 0.2418 0.9441
vn 0.1300 0.0964 0.9868
vn -0.5858 -0.4557 -0.6701
vn 0.3054 0.6138 0.7280
vn 0.3002 0.5479 0.7809
vn -0.9368 0.3471 -0.0441
vn 0.2964 0.5476 0.7825
vn -0.6130 0.1620 0.7733
vn 0.4723 0.3640 0.8028
vn 0.6270 0.3682 -0.6865
vn 0.6816 0.3232 0.6565
vn 0.6724 0.2329 0.7026
vn 0.3762 -0.6047 -0.7020
vn -0.4681 -0.2843 -0.8367
vn 0.4376 -0.8983 0.0398
vn -0.3452 -0.5354 -0.7708
vn 0.1582 0.6691 0.7261
vn 0.4586 -0.1843 0.8693
vn 0.2333 0.3710 0.8989
vn -0.7222 0.6538 0.2259
vn 0.5726 -0.0544 0.8180
vn 0.0867 0.3082 0.9474
vn 0.5282 0.2794 0.8019
vn -0.8045 -0.5581 0.2033
vn -0.9567 -0.2591 0.1323
vn -0.3207 -0.2812 0.9045
vn 0.3644 0.2618 0.8937
vn -0.4611 0.1611 -0.8726
vn -0.2579 0.3683 -0.8932
vn 0.5367 0.7990 0.2711
vn 0.1176 0.8733 -0.4728
vn -0.7328 0.4844 -0.4779
vn -0.3041 -0.1001 -0.9474
vn -0.5009 -0.1800 -0.8466
vn -0.3663 0.7692 0.5237
vn 0.4200 0.3000 0.8565
vn 0.3725 0.1519 0.9155
vn 0.3698 0.1970 0.9080
vn -0.4982 -0.2111 -0.8410
vn 0.1405 0.1707 0.9753
vn -0.9960 -0.0711 -0.0550
vn -0.9798 -0.0644 -0.1895
vn -0.9665 0.1611 0.2000
vn -0.0263 -0.0658 0.9975
vn -0.6519 -0.4735 0.5923
vn -0.8665 -0.1983 -0.4582
vn -0.9960 0.0892 -0.0049
vn 0.3894 0.2472 0.8873
vn 0.4180 0.1043 0.9024
vn 0.4500 -0.7571 -0.4736
vn 0.9632 -0.1820 0.1979
vn -0.2752 0.6483 -0.7099
vn 0.3466 -0.0399 0.9372
vn -0.5328 0.6277 0.5675
vn -0.6066 0.6839 -0.4053
vn -0.1354 -0.8943 -0.4264
vn 0.2865 -0.8715 0.3979
vn -0.2042 0.9777 -0.0501
vn 0.1800 -0.9047 0.3860
vn -0.3678 0.6025 0.7083
vn -0.0643 -0.6658 -0.7433
vn 0.4326 0.6558 0.6187
vn -0.2325 0.7204 0.6534
vn 0.6481 -0.7583 0.0702
vn -0.3417 0.6047 0.7194
vn -0.3172 0.5477 0.7742
vn -0.2761 -0.4695 -0.8387
vn 0.2523 0.4584 0.8522
vn -0.0606 -0.5389 -0.8402
vn -0.5276 -0.8140 -0.2431
vn -0.5432 -0.4802 -0.6888
vn -0.4731 -0.8438 -0.2531
vn -0.7721 0.1356 0.6208
vn -0.7281 0.1209 0.6747
vn 0.5380 0.7519 0.3810
vn -0.5518 -0.8218 -0.1420
vn -0.5990 -0.4983 0.6268
vn -0.0277 -0.4465 0.8944
vn 0.0747 -0.2550 0.9641
vn 0.1778 0.5683 0.8034
vn -0.1815 -0.4917 -0.8516
vn -0.2594 -0.5734 -0.7771
vn -0.1402 -0.6506 -0.7463
vn 0.3140 0.4659 0.8272
vn -0.8490 -0.3549 -0.3915
vn -0.9433 0.1378 0.3019
vn -0.0539 -0.4736 -0.8791
vn 0.0516 0.3850 0.9215
vn -0.1970 0.9790 -0.0528
vn -0.2737 -0.6758 0.6843
vn 0.4551 0.5910 0.6661
vn -0.4537 -0.3573 -0.8164
vn 0.6046 0.3220 0.7285
vn -0.7365 -0.6613 0.1422
vn -0.7519 -0.5471 0.3678
vn 0.1074 0.1495 0.9829
vn -0.3781 -0.9251 -0.0337
vn 0.0270 -0.1837 -0.9826
vn 0.3214 0.0789 -0.9437
vn 0.7616 0.5944 -0.2580
vn 0.2850 0.2672 0.9205
vn -0.1581 -0.3106 -0.9373
vn 0.1035 0.5559 0.8247
vn 0.6203 0.0402 0.7833
vn 0.1225 0.6675 0.7345
vn 0.0941 0.5768 0.8114
vn 0.6914 -0.0216 0.7222
vn -0.5231 -0.2720 -0.8077
vn -0.4892 -0.2170 -0.8448
vn -0.8560 0.3866 0.3432
vn -0.5005 -0.5981 0.6260
vn -0.5499 -0.1146 0.8273
vn 0.4770 0.6200 -0.6230
vn 0.8694 -0.4890 0.0714
vn -0.2182 -0.5409 -0.8123
vn 0.2830 0.4983 0.8195
vn 0.8691 -0.3613 0.3380
vn -0.3427 0.8535 -0.3925
vn 0.0054 0.5182 0.8552
vn -0.2648 -0.1295 -0.9556
vn 0.1247 0.2612 -0.9572
vn 0.3561 0.2906 -0.8881
vn -0.3583 -0.1441 -0.9224
vn 0.5299 0.1714 0.8306
vn 0.2950 -0.4618 0.8365
vn -0.0727 -0.9273 -0.3671
vn -0.3177 0.0665 -0.9459
vn 0.3381 -0.8203 0.4613
vn 0.2124 -0.2577 -0.9426
vn 0.8717 0.4155 -0.2597
vn -0.2771 -0.0960 -0.9560
vn -0.3951 -0.1482 -0.9066
vn -0.2546 0.0619 -0.9651
vn -0.1498 0.3476 -0.9256
vn 0.1715 0.3954 -0.9024
vn -0.3244 0.6603 -0.6773
vn 0.2551 0.3217 0.9118
vn 0.2670 0.1623 0.9499
vn 0.3084 0.2319 0.9226
vn 0.2848 0.3590 0.8888
vn 0.4504 0.4975 0.7414
vn -0.0841 -0.6884 -0.7204
vn 0.0232 0.5653 0.8246
vn -0.3757 -0.2015 -0.9046
vn 0.1764 0.1242 0.9764
vn -0.4717 -0.2461 0.8467
vn 0.4563 0.1721 0.8730
vn -0.9249 0.0290 0.3790
vn 0.5664 -0.0029 0.8241
vn -0.6833 0.3107 -0.6607
vn -0.6732 0.6740 0.3042
vn -0.7360 -0.3038 0.6050
vn -0.9904 0.1216 -0.0653
vn -0.7923 0.3132 0.5237
vn -0.5731 -0.1789 0.7997
vn 0.5171 0.1901 0.8345
vn -0.6092 -0.2715 -0.7451
vn 0.5021 0.1385 0.8537
vn -0.6146 0.1177 -0.7800
vn -0.7208 -0.0992 -0.6860
vn 0.5427 0.1142 0.8322
vn -0.6781 -0.1451 -0.7205
vn 0.3241 0.4376 0.8388
vn 0.7604 0.3479 0.5485
vn 0.2821 0.0515 0.9580
vn 0.4697 0.0395 0.8820
vn 0.5946 0.3849 0.7059
vn 0.6135 0.1217 0.7803
vn -0.6335 0.1070 -0.7663
vn -0.7665 -0.1433 -0.6261
vn -0.7682 -0.0272 -0.6396
vn -0.1461 0.1127 0.9828
vn 0.1806 0.0190 0.9834
vn 0.2424 -0.3428 0.9076
vn -0.7618 0.3976 0.5114
vn -0.6971 0.0756 -0.7130
vn 0.5290 -0.1850 0.8282
vn 0.4828 -0.4363 0.7593
vn -0.7988 0.5852 -0.1391
vn -0.8470 0.4975 -0.1872
vn -0.3193 -0.5638 -0.7617
vn 0.1763 0.4511 0.8749
vn 0.2113 0.3852 0.8983
vn 0.4884 -0.0656 0.8702
vn -0.5785 -0.2882 -0.7631
vn 0.3845 0.2630 0.8849
vn 0.2871 0.6070 0.7410
vn 0.1997 0.5798 0.7899
vn -0.5559 0.0844 -0.8269
vn -0.5376 0.0023 -0.8432
vn 0.6422 0.0554 0.7645
vn 0.6729 0.2201 0.7062
vn 0.6225 0.1521 0.7677
vn 0.4830 -0.3002 0.8225
vn 0.6795 0.2363 0.6946
vn 0.4570 -0.3417 0.8212
vn 0.4062 -0.1490 0.9015
vn 0.4294 -0.3032 0.8507
vn -0.4650 0.2754 -0.8414
vn 0.5097 -0.4332 0.7434
vn -0.5530 0.8332 -0.0051
vn 0.2805 0.1262 0.9515
vn 0.3084 0.1131 0.9445
vn -0.5488 0.7736 -0.3169
vn -0.1331 -0.6457 -0.7519
vn -0.0802 -0.6221 -0.7788
vn 0.5678 -0.2259 0.7915
vn 0.4146 -0.1122 0.9030
vn 0.4054 0.3699 0.8359
vn 0.4446 0.5121 0.7349
vn -0.4800 -0.2339 -0.8455
vn 0.1797 0.6558 0.7332
vn -0.0083 0.3345 0.9424
vn -0.0124 -0.2006 0.9796
vn 0.5166 0.4970 0.6973
vn 0.3867 0.1351 0.9123
vn -0.4342 0.6142 0.6590
vn -0.2893 0.5392 0.7910
vn -0.4225 0.6836 0.5951
vn -0.5844 0.5881 0.5591
vn 0.1962 0.4675 0.8620
vn 0.1571 0.3935 0.9058
vn -0.5473 -0.1723 -0.8190
vn 0.3722 0.0827 0.9245
vn 0.0918 0.1048 0.9902
vn -0.4392 0.3930 0.8079
vn 0.7729 -0.1350 0.6200
vn -0.3945 0.1526 -0.9061
vn 0.5188 -0.2555 0.8159
vn 0.5216 -0.2550 0.8142
vn -0.4844 0.2683 -0.8327
vn -0.4133 0.3378 -0.8456
vn -0.4767 0.2964 -0.8276
vn 0.4585 -0.0876 0.8844
vn 0.4403 0.6946 0.5689
vn 0.5590 0.0270 0.8287
vn -0.4914 0.1920 -0.8495
vn 0.4593 0.8717 0.1710
vn -0.4927 0.1795 -0.8515
vn 0.7561 0.6104 -0.2359
vn 0.7664 0.5317 0.3603
vn 0.7118 -0.1287 0.6905
vn -0.7195 0.0747 -0.6905
vn 0.6195 0.1363 0.7731
vn 0.4108 0.2421 0.8790
vn -0.0000 -0.9574 -0.2888
vn -0.5485 -0.1292 0.8261
vn -0.7461 -0.6648 -0.0376
vn -0.0745 -0.1490 0.9860
vn -0.6551 0.3063 0.6907
vn -0.0689 -0.3583 -0.9310
vn 0.4941 0.3602 0.7912
vn 0.2961 0.4661 0.8337
vn 0.3802 0.3709 0.8473
vn 0.4593 0.4377 0.7730
vn 0.3323 0.1961 0.9225
vn -0.7207 0.6638 -0.2002
vn -0.4562 0.6565 0.6007
vn 0.5321 0.0775 0.8431
vn 0.4248 0.2018 0.8825
vn 0.3141 0.1683 0.9343
vn 0.3051 0.3731 0.8762
vn 0.5481 0.6441 -0.5336
vn 0.8669 0.4557 0.2022
vn 0.2099 0.1585 0.9648
vn -0.8669 -0.4537 -0.2064
vn -0.8640 -0.4596 -0.2056
vn -0.7490 -0.2428 -0.6165
vn -0.5628 -0.4461 -0.6959
vn 0.0858 0.1723 0.9813
vn 0.4098 0.0476 0.9109
vn 0.2946 0.2025 0.9339
vn 0.5141 0.0002 0.8577
vn 0.7344 0.3053 -0.6061
vn 0.3898 0.8767 -0.2820
vn 0.0509 0.1794 -0.9825
vn 0.3647 0.2590 0.8944
vn 0.7148 -0.0858 0.6941
vn 0.6623 0.1467 0.7348
vn 0.9045 0.4257 0.0261
vn -0.7578 -0.1571 -0.6333
vn -0.9961 0.0193 0.0862
vn -0.5938 0.2445 -0.7666
vn -0.3152 0.2794 -0.9069
vn 0.6802 0.7313 -0.0509
vn 0.7997 0.5933 0.0920
vn 0.7052 0.4891 -0.5133
vn -0.9095 -0.1094 0.4010
vn -0.3930 0.6869 -0.6113
vn -0.0161 -0.6474 0.7620
vn 0.0057 0.5616 -0.8274
vn 0.4140 -0.6439 0.6434
vn -0.9414 0.2981 0.1578
vn -0.9351 0.2004 -0.2923
vn 0.0710 0.4781 0.8754
vn -0.9010 0.3106 -0.3028
vn -0.1016 0.4154 0.9039
vn -0.6849 0.1108 -0.7202
vn 0.7677 -0.1059 0.6320
vn -0.8042 0.3857 -0.4522
vn 0.6218 -0.1706 0.7644
vn 0.7444 0.5324 -0.4030
vn -0.9783 -0.0235 -0.2059
vn -0.9391 -0.2950 -0.1764
vn 0.0694 -0.1582 0.9850
vn 0.3771 -0.5510 0.7444
vn -0.3347 0.4066 -0.8501
vn -0.3806 0.5587 -0.7369
vn 0.3092 -0.4514 0.8371
vn 0.3334 -0.4504 0.8282
vn -0.0547 -0.2789 0.9588
vn -0.7662 0.1028 0.6343
vn 0.3198 -0.4075 0.8554
vn 0.3710 -0.3853 0.8449
vn -0.6023 0.5992 0.5274
vn 0.3610 -0.4235 0.8309
vn 0.2489 0.7059 0.6632
vn 0.0313 0.4409 0.8970
vn -0.1570 0.6759 0.7201
vn -0.0552 0.4543 0.8891
vn -0.0548 -0.4479 -0.8924
vn -0.8038 -0.1154 0.5836
vn -0.0640 0.4107 0.9095
vn -0.5116 -0.3230 -0.7962
vn -0.5551 0.1990 -0.8076
vn -0.5230 -0.2430 -0.8170
vn 0.4898 0.2142 0.8451
vn -0.9969 -0.0256 0.0745
vn 0.1884 -0.6524 -0.7341
vn -0.0375 -0.6047 -0.7956
vn 0.2523 0.7196 0.6470
vn -0.1724 0.5605 0.8100
vn -0.3348 0.7006 0.6301
vn -0.2289 0.9442 -0.2369
vn -0.7105 0.5506 0.4383
vn -0.6691 0.5833 0.4604
vn 0.6712 -0.0079 0.7412
vn -0.4264 0.8090 -0.4046
vn -0.7227 -0.6877 -0.0689
vn 0.3876 0.0023 0.9218
vn -0.0110 0.4967 0.8678
vn -0.6605 -0.5763 -0.4812
vn -0.5327 -0.5901 -0.6066
vn 0.4106 0.6580 0.6312
vn -0.2668 0.0627 0.9617
vn 0.5137 0.7290 0.4524
vn 0.4905 0.5807 0.6498
vn -0.4101 -0.2176 -0.8857
vn 0.4981 0.5848 0.6402
vn -0.5339 -0.4468 -0.7179
vn -0.0723 -0.7513 -0.6560
vn 0.3441 0.7399 0.5780
vn -0.6784 -0.4061 -0.6122
vn 0.2220 0.0987 0.9700
vn 0.3666 0.0665 0.9280
vn -0.0131 0.5928 -0.8052
vn -0.5875 -0.4192 -0.6922
vn 0.4843 0.5598 0.6724
vn 0.5842 0.4169 0.6963
vn 0.5663 0.3889 0.7267
vn 0.6540 0.4980 0.5695
vn -0.6124 -0.4317 -0.6622
vn 0.7294 0.3131 0.6082
vn 0.5954 0.3394 0.7282
vn -0.1523 -0.2824 0.9471
vn -0.1425 0.2484 -0.9581
vn 0.0539 -0.1719 0.9836
vn -0.1824 -0.0070 -0.9832
vn -0.7197 -0.0268 -0.6938
vn -0.7204 -0.1023 -0.6860
vn 0.7306 0.2197 0.6465
vn -0.7371 -0.1184 -0.6653
vn -0.8433 -0.0498 -0.5351
vn 0.7599 0.3759 0.5303
vn 0.6076 -0.2181 0.7637
vn 0.6253 0.4215 0.6567
vn 0.6796 -0.1042 0.7262
vn 0.1240 -0.4506 0.8841
vn -0.3189 0.4166 -0.8513
vn 0.5322 -0.4224 0.7337
vn 0.4003 -0.4928 0.7726
vn 0.2414 -0.1958 0.9505
vn 0.1247 -0.6015 0.7891
vn 0.7398 -0.0691 0.6693
vn 0.6985 0.1101 0.7071
vn -0.6726 0.1156 -0.7309
vn 0.4674 -0.4196 0.7781
vn -0.5889 0.2207 -0.7775
vn -0.5438 0.2314 -0.8067
vn 0.7057 -0.2555 0.6608
vn 0.5880 -0.0134 0.8088
vn 0.2689 -0.2761 0.9228
vn 0.2993 -0.2407 0.9233
vn 0.3450 -0.2213 0.9121
vn -0.3289 0.5907 -0.7368
vn 0.5187 -0.4746 0.7111
vn 0.4724 0.0753 0.8782
vn 0.5752 -0.3871 0.7206
vn 0.5465 -0.2835 0.7880
vn -0.5769 0.3356 -0.7447
vn -0.2675 0.3795 -0.8857
vn -0.2633 0.1079 -0.9587
vn 0.1354 -0.3248 0.9360
vn -0.1560 0.4476 -0.8805
vn -0.5656 0.3883 -0.7275
vn -0.3110 0.5686 -0.7616
vn 0.0304 -0.6258 0.7794
vn 0.5751 -0.3872 0.7206
vn 0.0540 0.7486 0.6608
vn 0.2254 -0.6559 0.7204
vn -0.1380 0.7835 0.6058
vn 0.9636 -0.1466 -0.2235
vn 0.4550 0.2290 0.8606
vn -0.0994 -0.4329 -0.8960
vn -0.1251 -0.4378 -0.8903
vn 0.8540 -0.1678 0.4925
vn -0.3165 0.3093 0.8967
vn -0.3042 0.1043 -0.9469
vn -0.4060 -0.2775 -0.8707
vn 0.3331 0.3741 0.8655
vn 0.1335 0.4724 0.8712
vn 0.7010 0.3006 0.6467
vn 0.1261 0.1026 0.9867
vn -0.1752 -0.4497 -0.8758
vn -0.1157 -0.5516 -0.8260
vn 0.1752 0.7316 0.6589
vn 0.2445 0.0352 0.9690
vn 0.3449 0.3738 0.8610
vn 0.9677 -0.1437 -0.2070
vn -0.4862 0.4138 0.7697
vn 0.3348 0.2972 0.8942
vn 0.6702 -0.5089 -0.5402
vn 0.6928 0.3871 0.6084
vn 0.3749 -0.0031 0.9270
vn 0.6727 -0.5112 -0.5350
vn -0.2073 0.9530 -0.2209
vn -0.4210 0.7075 0.5677
vn 0.6189 0.4499 0.6439
vn 0.4010 0.1219 0.9079
vn -0.7284 0.6494 0.2186
vn 0.5527 -0.7278 -0.4060
vn 0.2772 -0.0774 0.9577
vn 0.8891 -0.0292 0.4568
vn -0.3859 0.9032 0.1878
vn -0.0376 -0.0035 0.9993
vn 0.0438 0.2304 -0.9721
vn -0.1177 -0.9451 -0.3050
vn 0.2516 0.6886 0.6801
vn -0.7091 -0.7029 -0.0557
vn 0.0866 -0.0186 0.9961
vn 0.7570 0.5672 0.3245
vn -0.2159 -0.9663 -0.1405
vn 0.2839 0.2877 0.9147
vn 0.1606 0.8978 0.4101
vn 0.4167 0.7498 0.5140
vn -0.0074 0.4772 0.8788
vn -0.3103 0.2892 0.9056
vn -0.1594 0.5374 0.8281
vn -0.1321 -0.6697 -0.7308
vn -0.1982 0.6486 0.7348
vn 0.4552 0.2848 0.8436
vn 0.5547 -0.7649 -0.3276
vn 0.8176 0.3072 -0.4870
vn -0.9413 -0.2210 0.2551
vn -0.6678 0.6210 0.4103
vn -0.6511 -0.5977 -0.4679
vn -0.4998 0.6310 0.5934
vn -0.9344 -0.3266 -0.1425
vn -0.7103 -0.3187 -0.6277
vn 0.7350 0.4968 0.4615
vn -0.1563 0.9489 -0.2741
vn -0.6154 -0.7670 -0.1815
vn -0.7979 -0.2530 -0.5471
vn -0.5914 -0.7551 -0.2828
vn 0.8255 0.5066 0.2487
vn 0.8095 0.5695 -0.1426
vn -0.0238 0.7528 -0.6578
vn 0.5041 0.7036 0.5008
vn -0.0165 0.7593 -0.6505
vn 0.2440 0.8503 0.4664
vn -0.5647 -0.6010 -0.5656
vn 0.7026 0.4585 0.5442
vn 0.5854 0.5963 0.5493
vn 0.7683 0.4927 0.4087
vn 0.3255 -0.0440 0.9445
vn 0.0582 0.0097 0.9983
vn -0.3543 -0.1884 -0.9160
vn -0.0145 -0.0216 0.9997
vn -0.5403 0.6360 -0.5510
vn 0.9659 -0.0630 0.2511
vn 0.0069 0.0330 0.9994
vn 0.6289 0.5092 0.5875
vn 0.3411 0.5747 0.7439
vn -0.6238 -0.5009 -0.5999
vn 0.6994 0.5200 0.4903
vn -0.9990 -0.0186 0.0396
vn -0.7369 0.1159 0.6660
vn -0.3507 -0.9179 0.1854
vn 0.6495 0.5266 0.5485
vn 0.9565 0.0579 0.2858
vn 0.9058 -0.2083 0.3689
vn -0.7392 -0.3831 -0.5540
vn -0.1205 0.4291 -0.8952
vn 0.1413 -0.1953 0.9705
vn -0.1790 -0.4423 0.8788
vn -0.1002 0.2204 -0.9703
vn -0.2664 -0.0164 -0.9637
vn 0.4216 0.1185 0.8990
vn 0.7674 0.3739 0.5209
vn 0.1127 -0.2101 0.9711
vn -0.4717 0.6590 -0.5858
vn 0.0376 -0.0597 0.9975
vn -0.0161 -0.4164 0.9090
vn 0.1042 -0.3901 0.9148
vn -0.0086 0.2748 -0.9615
vn 0.0941 -0.3798 0.9203
vn 0.1262 0.4221 -0.8977
vn 0.6310 -0.0132 0.7757
vn -0.3135 -0.1782 0.9327
vn -0.0104 -0.0609 0.9981
vn 0.3430 -0.3319 0.8788
vn -0.1115 0.3930 -0.9127
vn 0.0970 -0.3007 0.9488
vn 0.2063 -0.5277 0.8240
vn -0.2582 0.5579 -0.7887
vn -0.0113 0.9928 -0.1194
vn 0.2224 -0.0603 0.9731
vn 0.1182 -0.5837 0.8033
vn 0.0544 0.2942 0.9542
vn 0.0094 0.9432 -0.3320
vn 0.4800 -0.5627 0.6730
vn 0.2675 0.9625 0.0441
vn -0.2190 0.3630 -0.9057
vn 0.1003 -0.2854 0.9531
vn -0.1123 0.4001 -0.9096
vn 0.1735 -0.4531 0.8744
vn 0.0006 0.4363 -0.8998
vn -0.1073 0.5817 -0.8063
vn 0.0483 0.5911 -0.8051
vn -0.1653 0.9432 0.2880
vn 0.3114 -0.9381 -0.1520
vn 0.3150 -0.6798 -0.6624
vn 0.7274 -0.3528 0.5886
vn 0.6254 -0.5222 -0.5799
vn 0.5310 0.3235 0.7832
vn 0.6923 0.3915 0.6063
vn 0.0236 0.5609 0.8275
vn -0.8421 -0.4174 -0.3414
vn -0.5944 -0.2906 -0.7498
vn -0.4454 -0.6238 -0.6423
vn -0.4583 -0.4636 -0.7583
vn 0.2887 0.6609 0.6927
vn -0.8505 -0.4393 -0.2893
vn 0.9818 -0.0024 0.1901
vn 0.7527 0.3463 0.5600
vn -0.3247 0.9039 0.2784
vn -0.5234 0.7327 0.4350
vn -0.2128 -0.4409 0.8719
vn -0.5704 0.1217 -0.8123
vn 0.2664 -0.8419 -0.4693
vn 0.3674 0.1731 0.9138
vn 0.7219 -0.4891 0.4895
vn -0.3069 -0.7644 -0.5670
vn 0.8879 -0.1684 0.4281
vn 0.7364 -0.3665 0.5687
vn 0.6847 -0.3330 0.6483
vn 0.8703 0.4924 0.0098
vn 0.7123 0.5905 0.3793
vn 0.6419 -0.5730 -0.5095
vn -0.7221 -0.5516 -0.4176
vn 0.4737 0.8403 0.2636
vn -0.7737 -0.5287 -0.3492
vn -0.7749 -0.4481 -0.4458
vn 0.7239 0.6394 0.2590
vn 0.8290 0.3551 0.4321
vn 0.9051 0.3976 0.1507
vn 0.3772 0.7698 0.5150
vn 0.5438 0.3275 0.7727
vn 0.5586 0.3487 0.7526
vn 0.4532 -0.6843 -0.5713
vn 0.5104 -0.7461 -0.4276
vn 0.5596 -0.7314 -0.3897
vn -0.4472 0.8352 0.3200
vn 0.5858 -0.8079 -0.0645
vn 0.3972 -0.8517 -0.3418
vn 0.4098 0.7383 0.5357
vn 0.2513 0.7285 0.6373
vn -0.1268 -0.7179 -0.6845
vn 0.1469 -0.9367 0.3179
vn 0.8228 0.5057 0.2595
vn 0.7053 0.4085 0.5794
vn -0.4219 0.5806 0.6963
vn -0.6636 0.7140 -0.2234
vn 0.7199 0.4002 0.5670
vn 0.2782 0.6849 0.6734
vn 0.7625 0.0299 0.6463
vn 0.5182 0.7818 0.3468
vn -0.7885 -0.3908 0.4749
vn -0.0564 -0.0529 0.9970
vn 0.3842 0.8064 0.4496
vn 0.8086 -0.0234 0.5880
vn -0.2340 0.1502 -0.9606
vn 0.7152 0.5871 0.3791
vn -0.2452 0.1326 -0.9604
vn 0.0044 -0.2260 -0.9741
vn -0.2713 0.8667 -0.4186
vn 0.9493 -0.3122 -0.0374
vn -0.0160 0.7430 0.6690
vn 0.3543 -0.2067 0.9120
vn -0.1184 0.7354 0.6672
vn -0.0965 0.1827 0.9784
vn 0.1446 -0.9859 -0.0845
vn -0.2888 0.7042 0.6487
vn 0.5972 -0.4282 -0.6782
vn -0.5933 -0.2762 -0.7561
vn 0.5422 -0.7472 -0.3842
vn -0.5841 -0.2732 -0.7644
vn 0.5269 0.2405 0.8152
vn 0.6466 0.3001 0.7013
vn 0.6616 -0.3398 0.6685
vn 0.6974 0.3484 0.6263
vn 0.7615 -0.0585 0.6455
vn 0.4299 0.5304 0.7307
vn -0.0923 0.3003 -0.9494
vn 0.1965 -0.1263 0.9723
vn -0.2163 0.4166 -0.8830
vn -0.2114 0.3288 -0.9205
vn 0.1445 -0.3882 0.9102
vn 0.1956 -0.3433 0.9186
vn 0.1820 -0.5893 0.7872
vn -0.3223 0.1972 0.9259
vn -0.6254 -0.1922 0.7563
vn -0.7356 0.1135 0.6678
vn -0.9090 -0.1673 0.3817
vn -0.3138 0.4398 -0.8415
vn -0.5739 0.0921 0.8138
vn -0.9579 -0.2538 -0.1341
vn 0.3917 0.5886 0.7073
vn -0.5676 0.7986 -0.2002
vn 0.3915 0.5524 0.7359
vn -0.1708 0.9790 -0.1114
vn 0.1558 0.9871 0.0369
vn -0.8771 0.1262 -0.4635
vn -0.7204 0.6862 -0.1006
vn 0.7345 -0.0714 0.6749
vn 0.4119 0.2073 0.8874
vn 0.7013 -0.3026 0.6454
vn -0.0054 -0.3889 0.9213
vn -0.5041 -0.6757 0.5379
vn -0.3839 0.4735 -0.7927
vn -0.2685 0.3803 0.8850
vn -0.2748 0.2972 0.9144
vn -0.2393 0.3688 -0.8982
vn -0.9335 -0.1420 0.3293
vn -0.7958 -0.0499 0.6034
vn 0.0509 0.8185 -0.5722
vn 0.3920 -0.3707 0.8420
vn -0.0430 -0.2228 0.9739
vn 0.2364 -0.4810 0.8442
vn 0.0039 -0.3591 0.9333
vn -0.1129 -0.3531 0.9288
vn 0.1442 0.3820 -0.9129
vn -0.7791 -0.2379 0.5800
vn 0.3735 0.5465 -0.7495
vn -0.4451 -0.3583 0.8207
vn 0.0671 0.9977 -0.0106
vn -0.1503 0.4801 -0.8643
vn -0.1090 0.5337 -0.8386
vn -0.1037 0.4287 -0.8975
vn 0.1115 0.9137 0.3908
vn 0.1304 -0.5214 0.8433
vn -0.0410 -0.5989 0.7997
vn 0.0560 0.5862 -0.8082
vn -0.0636 -0.3854 0.9206
vn 0.1472 0.5675 -0.8101
vn 0.0386 0.9967 0.0721
vn 0.2911 0.4484 0.8451
vn 0.2437 0.4945 0.8343
vn -0.1825 -0.5106 -0.8402
vn -0.1196 0.4928 0.8619
vn -0.1812 -0.2799 -0.9428
vn 0.3883 0.3035 0.8701
vn -0.2661 -0.3073 -0.9136
vn 0.1703 0.1687 0.9708
vn -0.2212 -0.2793 -0.9344
vn 0.1784 0.1566 0.9714
vn 0.7739 -0.0028 0.6333
vn -0.3827 -0.1904 -0.9040
vn 0.2428 0.0900 0.9659
vn 0.1765 0.2016 0.9634
vn 0.6502 -0.6348 -0.4175
vn -0.3372 0.4512 0.8263
vn -0.6165 -0.3355 -0.7123
vn -0.6492 -0.1199 0.7511
vn -0.5238 -0.5246 0.6711
vn -0.9147 -0.1961 -0.3534
vn 0.5099 0.2929 0.8088
vn -0.3414 -0.3649 -0.8662
vn 0.0884 0.4614 0.8828
vn -0.0951 -0.4907 -0.8661
vn -0.0194 -0.2502 -0.9680
vn 0.1365 0.6807 0.7198
vn 0.3409 0.3919 -0.8545
vn 0.5216 0.2581 0.8132
vn 0.3396 0.7325 0.5901
vn 0.5026 0.1840 0.8447
vn 0.5695 0.0326 0.8214
vn -0.1656 -0.1159 0.9794
vn 0.1507 0.1491 -0.9773
vn -0.3409 -0.1958 0.9195
vn 0.0347 0.0165 0.9993
vn 0.0826 0.2084 -0.9746
vn -0.0347 -0.2337 0.9717
vn 0.3463 -0.8525 0.3917
vn 0.2093 0.3317 -0.9199
vn 0.4055 -0.7283 0.5525
vn 0.1944 0.3232 -0.9261
vn 0.1596 -0.4709 0.8676
vn 0.3336 0.3255 -0.8848
vn -0.0163 0.5757 0.8175
vn -0.0648 -0.5695 0.8194
vn 0.1838 0.3480 0.9193
vn 0.4059 0.6034 0.6864
vn -0.1661 -0.2897 0.9426
vn -0.0759 -0.4181 0.9052
vn 0.2690 0.4668 -0.8425
vn -0.1628 -0.5797 0.7984
vn -0.0452 0.1309 -0.9904
vn -0.2290 -0.4313 0.8727
vn 0.4710 0.8631 0.1822
vn 0.1801 0.4670 0.8657
vn 0.0266 -0.6254 -0.7798
vn 0.0280 0.6147 0.7883
vn 0.1563 0.1896 0.9693
vn 0.1197 0.5408 0.8326
vn -0.0252 -0.4928 -0.8698
vn -0.0249 -0.4214 -0.9065
vn 0.3603 0.3050 0.8816
vn -0.2177 -0.3027 -0.9279
vn 0.3344 0.2304 0.9139
vn 0.3570 0.1967 0.9131
vn -0.2800 -0.3987 0.8733
vn 0.5255 0.7749 -0.3514
vn 0.0139 -0.2163 -0.9762
vn -0.9490 0.1486 0.2779
vn -0.2019 -0.3840 0.9010
vn -0.8740 -0.0136 0.4858
vn -0.8719 -0.3348 0.3575
vn -0.1215 0.1245 -0.9848
vn 0.6082 0.7419 -0.2823
vn 0.4777 0.6551 0.5854
vn 0.4398 0.8677 0.2315
vn -0.0769 -0.0159 -0.9969
vn 0.1942 -0.4632 0.8647
vn 0.5876 0.7347 -0.3391
vn -0.6128 0.0097 0.7902
vn -0.1663 -0.6870 0.7073
vn 0.2398 0.7306 -0.6392
vn -0.0579 0.9338 0.3530
vn -0.1160 0.9931 0.0177
vn 0.3085 0.4852 -0.8182
vn -0.1257 -0.6085 0.7835
vn 0.0601 0.6057 -0.7934
vn -0.0665 0.4322 -0.8993
vn -0.7529 0.0847 -0.6527
vn 0.8498 -0.0261 0.5265
vn -0.6289 0.0097 -0.7774
vn 0.9073 0.1620 0.3881
vn 0.5081 -0.6581 0.5556
vn -0.1271 -0.6213 0.7732
vn -0.1926 -0.6047 0.7728
vn 0.8497 0.3935 -0.3510
vn -0.3704 -0.3362 0.8659
vn -0.3207 -0.1531 0.9347
vn 0.2954 0.2898 -0.9103
vn 0.3581 0.1524 -0.9212
vn -0.8188 0.4984 -0.2849
vn -0.3406 -0.1608 0.9264
vn -0.6494 -0.7564 -0.0789
vn 0.4804 -0.8252 -0.2972
vn 0.7931 0.5958 0.1263
vn -0.2788 -0.1176 0.9531
vn -0.8569 0.1029 0.5051
vn -0.6721 -0.3116 -0.6717
vn 0.8026 -0.5863 -0.1096
vn -0.3924 0.7410 -0.5449
vn 0.9042 -0.4172 0.0916
vn 0.8289 -0.2927 0.4767
vn 0.0489 -0.4405 0.8964
vn 0.1313 -0.5271 0.8396
vn -0.2173 -0.5409 0.8125
vn 0.3736 0.4964 -0.7836
vn 0.5777 0.2909 0.7627
vn 0.2634 0.5055 -0.8216
vn -0.2831 -0.5077 0.8137
vn 0.7433 0.6430 -0.1849
vn 0.2358 0.3327 0.9131
vn -0.3497 -0.4149 0.8400
vn 0.6339 0.3549 -0.6872
vn 0.9529 -0.1101 0.2827
vn 0.0731 -0.6315 -0.7719
vn 0.0938 0.6302 0.7708
vn -0.2158 -0.6631 -0.7168
vn -0.0895 0.4791 0.8732
vn -0.0886 0.4898 0.8673
vn -0.0568 0.4016 0.9141
vn 0.0595 0.4384 0.8968
vn 0.0921 0.4575 0.8844
vn -0.0882 -0.4657 -0.8805
vn -0.0642 -0.3919 -0.9178
vn -0.0391 0.6968 0.7162
vn 0.2802 0.6907 0.6667
vn 0.2784 0.7512 0.5985
vn -0.0936 -0.2994 -0.9495
vn -0.0230 -0.3902 -0.9204
vn -0.3012 0.0702 0.9510
vn -0.3648 0.6505 0.6662
vn 0.1238 0.1650 0.9785
vn 0.1893 0.5367 -0.8223
vn -0.0679 -0.5138 0.8552
vn 0.4171 -0.8635 0.2837
vn 0.2439 0.5299 -0.8122
vn 0.1315 -0.0407 0.9905
vn 0.1600 -0.0614 0.9852
vn -0.3748 0.2614 -0.8895
vn 0.2586 0.0118 0.9659
vn -0.0746 -0.0471 -0.9961
vn 0.0002 0.8705 -0.4921
vn 0.1011 0.0616 -0.9930
vn -0.1809 -0.3530 0.9180
vn 0.1342 0.9909 -0.0097
vn 0.1807 -0.7520 0.6340
vn -0.2321 -0.5841 0.7778
vn 0.5269 0.0380 0.8490
vn -0.1515 0.5490 -0.8220
vn 0.2423 -0.5604 0.7919
vn 0.5625 0.1899 0.8047
vn 0.0764 -0.4886 0.8692
vn 0.1978 0.5054 -0.8399
vn -0.2008 -0.6102 0.7664
vn 0.1842 0.5263 -0.8301
vn 0.4150 0.5403 -0.7320
vn 0.0680 0.9975 -0.0217
vn -0.3465 0.7748 0.5288
vn 0.0287 0.0452 0.9986
vn 0.2810 0.6253 -0.7281
vn -0.1719 -0.4107 0.8954
vn 0.8579 0.3770 0.3492
vn -0.9372 -0.0322 -0.3474
vn -0.8339 -0.5497 -0.0493
vn -0.6254 -0.2768 0.7296
vn -0.3520 -0.4460 -0.8229
vn -0.2359 -0.6804 -0.6938
vn 0.8244 0.3891 0.4111
vn -0.3121 -0.4457 -0.8390
vn 0.0933 0.3839 0.9186
vn -0.0407 0.5783 0.8148
vn 0.1531 -0.1454 -0.9774
vn 0.4498 0.1062 -0.8868
vn -0.0571 0.3096 0.9491
vn 0.2490 -0.4298 -0.8679
vn 0.3452 -0.3729 -0.8613
vn -0.4648 0.1903 0.8647
vn -0.4567 0.4396 0.7734
vn -0.1170 0.1977 0.9732
vn 0.9077 -0.1249 -0.4005
vn -0.3880 0.3177 0.8652
vn -0.0794 0.0449 0.9958
vn 0.2996 0.0181 -0.9539
vn -0.4967 -0.4009 0.7698
vn -0.5205 -0.0493 0.8524
vn 0.5430 -0.4236 0.7251
vn 0.1800 0.7017 -0.6894
vn 0.3335 0.7139 -0.6157
vn -0.3817 -0.4032 0.8317
vn 0.5909 0.4602 0.6627
vn -0.5227 -0.5249 0.6718
vn -0.4983 -0.6283 0.5975
vn -0.4828 -0.6206 0.6178
vn -0.1143 -0.5980 0.7933
vn -0.3510 -0.5127 0.7836
vn -0.8865 -0.3031 0.3497
vn -0.2377 -0.3681 0.8989
vn 0.2013 0.3132 -0.9281
vn 0.3705 0.3929 -0.8417
vn -0.3332 -0.4077 0.8502
vn -0.1880 0.5798 -0.7928
vn -0.6890 0.5972 -0.4107
vn -0.5246 -0.3030 0.7956
vn 0.0297 -0.5250 0.8506
vn 0.1745 0.6630 -0.7280
vn -0.5300 0.8181 0.2233
vn -0.2321 -0.6144 0.7540
vn -0.1793 -0.6234 0.7611
vn -0.2044 -0.6695 0.7141
vn 0.1906 0.6601 -0.7266
vn -0.0781 0.9659 -0.2467
vn 0.0707 0.3505 0.9339
vn -0.2547 -0.4211 -0.8705
vn 0.0687 0.3503 0.9341
vn -0.0396 0.0949 0.9947
vn 0.1255 0.1329 -0.9832
vn -0.2427 0.1401 0.9599
vn -0.6845 -0.2410 0.6880
vn -0.6735 -0.2349 0.7009
vn 0.2968 0.2029 -0.9331
vn -0.0716 -0.5374 0.8403
vn 0.0068 0.5346 -0.8451
vn -0.4365 0.0845 0.8957
vn -0.9900 0.0277 -0.1383
vn 0.3385 -0.3021 -0.8912
vn -0.7154 -0.3182 0.6221
vn -0.6964 -0.3412 0.6313
vn 0.7657 -0.5658 -0.3057
vn -0.0779 0.9612 -0.2648
vn 0.3219 0.0581 -0.9450
vn 0.5756 -0.1694 -0.8000
vn 0.8944 0.3789 -0.2378
vn -0.3261 -0.3141 0.8916
vn 0.1053 0.4146 -0.9039
vn 0.0819 -0.5141 0.8538
vn -0.2617 0.5023 -0.8242
vn 0.6007 -0.1442 -0.7864
vn -0.6334 -0.1059 0.7665
vn -0.8365 -0.1122 0.5363
vn -0.8139 0.5787 -0.0520
vn 0.1573 -0.5534 0.8179
vn 0.2613 -0.5089 0.8202
vn 0.5343 0.1899 -0.8237
vn -0.6544 -0.1581 0.7394
vn 0.5444 0.1870 -0.8177
vn 0.6401 0.2988 -0.7078
vn -0.4107 0.1211 0.9037
vn 0.4089 0.6126 -0.6764
vn -0.4840 -0.5415 0.6874
vn 0.6123 0.5276 -0.5889
vn -0.5491 -0.3335 0.7663
vn 0.6027 0.2989 -0.7399
vn -0.4409 -0.3208 0.8383
vn -0.6511 -0.2315 0.7228
vn 0.6627 0.3286 -0.6729
vn 0.3081 0.5883 -0.7476
vn 0.3183 0.8994 -0.2997
vn -0.2599 0.3165 0.9123
vn -0.7296 -0.5084 0.4574
vn 0.7503 0.5198 -0.4085
vn 0.7747 0.2762 -0.5689
vn 0.1294 0.8080 0.5748
vn -0.2378 -0.9152 -0.3253
vn 0.2072 -0.6407 0.7393
vn -0.2347 -0.8431 -0.4839
vn 0.1252 -0.4745 -0.8713
vn 0.6460 -0.5587 -0.5201
vn -0.0118 0.2073 0.9782
vn 0.1687 0.4820 0.8598
vn -0.2721 -0.9412 -0.2003
vn 0.0414 -0.4944 0.8683
vn 0.3670 0.6649 0.6506
vn 0.3612 0.5355 0.7634
vn 0.2592 0.7492 0.6095
vn -0.0085 0.4696 0.8828
vn -0.0168 0.5011 0.8652
vn 0.1400 0.1978 0.9702
vn -0.2112 -0.3007 -0.9300
vn 0.2642 -0.3838 -0.8848
vn 0.4046 -0.1635 -0.8998
vn 0.8144 -0.3654 -0.4507
vn 0.7113 -0.0207 -0.7026
vn 0.3497 -0.0502 -0.9355
vn -0.8960 0.0234 0.4434
vn 0.9505 0.2366 -0.2014
vn -0.0668 -0.6262 -0.7768
vn 0.1124 0.3877 0.9149
vn 0.1924 -0.9047 -0.3802
vn 0.0413 0.5846 0.8103
vn 0.1200 -0.0703 0.9903
vn 0.3774 0.7803 0.4986
vn 0.2026 0.3864 0.8998
vn 0.3560 0.0817 0.9309
vn 0.3900 -0.3374 -0.8568
vn 0.7488 0.6375 -0.1811
vn 0.1875 -0.1566 -0.9697
vn 0.3756 -0.1411 -0.9160
vn -0.0142 0.1427 0.9897
vn 0.6189 0.0327 0.7848
vn -0.6280 -0.7133 0.3111
vn -0.5667 0.8195 0.0857
vn 0.2256 0.4115 0.8830
vn -0.2541 -0.3688 -0.8941
vn 0.3801 0.0963 0.9199
vn 0.8907 0.4543 -0.0129
vn 0.1005 0.3524 0.9304
vn 0.0989 0.3476 0.9324
vn 0.7022 0.4289 -0.5683
vn 0.8814 0.1240 -0.4558
vn -0.1466 -0.3826 -0.9122
vn -0.0733 0.2954 0.9526
vn 0.1088 -0.4808 -0.8701
vn -0.3263 -0.4183 -0.8477
vn 0.3775 0.2181 0.8999
vn 0.0217 -0.9901 -0.1389
vn -0.0014 -0.1114 -0.9938
vn 0.7864 -0.3175 0.5298
vn 0.8073 -0.5834 -0.0885
vn 0.7987 -0.4000 -0.4495
vn -0.2781 -0.2034 -0.9388
vn 0.0165 -0.3059 -0.9519
vn -0.4370 -0.0937 -0.8945
vn 0.4587 0.3004 0.8363
vn -0.1076 -0.5367 -0.8369
vn 0.6167 0.2188 -0.7562
vn 0.8104 -0.4799 0.3361
vn -0.1510 -0.3494 -0.9247
vn 0.1081 0.0802 -0.9909
vn 0.4025 0.1651 0.9004
vn 0.3670 -0.7982 -0.4777
vn 0.5339 -0.3429 -0.7729
vn 0.8398 -0.2059 0.5023
vn 0.6313 -0.6216 -0.4638
vn 0.2548 0.0778 0.9639
vn 0.5045 -0.7802 -0.3698
vn 0.0791 0.1405 0.9869
vn 0.0685 0.0994 0.9927
vn -0.4109 0.0450 -0.9106
vn -0.4745 0.1942 -0.8586
vn 0.1934 0.6044 0.7729
vn 0.3000 0.1727 0.9382
vn -0.8717 0.0018 0.4900
vn -0.8955 0.0199 0.4447
vn -0.4459 -0.2783 -0.8507
vn -0.9828 -0.0597 -0.1750
vn 0.2194 0.4623 0.8591
vn -0.8960 0.4311 -0.1063
vn -0.9765 0.0542 0.2088
vn -0.3496 -0.7605 -0.5472
vn -0.1814 -0.6746 -0.7156
vn 0.3389 0.6042 0.7212
vn 0.2980 0.5865 0.7531
vn -0.3019 -0.3051 -0.9032
vn 0.1316 0.2723 0.9532
vn -0.2723 -0.3258 -0.9054
vn 0.4578 0.4599 0.7609
vn 0.2785 0.4318 0.8579
vn -0.0723 -0.9972 -0.0196
vn 0.2671 0.4171 0.8687
vn 0.2608 -0.5574 -0.7882
vn -0.0880 -0.9771 0.1938
vn -0.1200 -0.2689 -0.9557
vn 0.4122 0.5091 0.7556
vn 0.5007 0.3222 0.8034
vn 0.0467 0.3217 0.9457
vn 0.3017 0.3261 0.8959
vn 0.0973 0.1279 0.9870
vn -0.6000 -0.4199 -0.6809
vn 0.3769 0.2711 0.8857
vn 0.1530 0.4035 0.9021
vn 0.6233 -0.4032 -0.6700
vn 0.0767 0.6207 -0.7802
vn -0.0217 0.9184 -0.3950
vn -0.9251 -0.0511 -0.3762
vn -0.9423 0.1455 -0.3015
vn -0.3159 -0.2718 -0.9090
vn 0.7774 -0.2608 0.5724
vn 0.0842 -0.1105 -0.9903
vn -0.9977 0.0596 -0.0326
vn -0.2434 -0.0049 -0.9699
vn -0.0687 0.0289 0.9972
vn 0.8729 -0.4416 0.2073
vn 0.9365 -0.2031 -0.2858
vn -0.4428 0.1878 0.8767
vn -0.0077 -0.1885 -0.9820
vn 0.9174 -0.2824 -0.2804
vn 0.2575 0.0571 0.9646
vn 0.1463 0.5593 0.8160
vn 0.2657 0.0695 0.9615
vn 0.2945 0.3759 0.8786
vn 0.0405 -0.3762 -0.9257
vn -0.0262 -0.4254 -0.9046
vn -0.0270 0.1487 0.9885
vn -0.3361 0.4104 -0.8477
vn 0.2777 0.7899 -0.5467
vn 0.4099 0.0696 0.9095
vn 0.8061 -0.0428 -0.5903
vn -0.0917 -0.1693 -0.9813
vn 0.2607 0.3339 0.9059
vn -0.1406 -0.8212 -0.5530
vn -0.3518 -0.7506 0.5593
vn 0.1235 0.4338 0.8925
vn 0.1768 0.4476 0.8766
vn 0.1736 0.4717 0.8645
vn 0.2426 0.4600 0.8541
vn -0.1832 -0.4259 -0.8860
vn -0.1883 -0.4208 -0.8874
vn 0.5088 -0.1703 0.8439
vn 0.4488 0.1370 0.8831
vn -0.1797 -0.3870 -0.9044
vn -0.3487 -0.1342 -0.9276
vn -0.3489 -0.1300 -0.9281
vn -0.5038 0.1176 -0.8558
vn -0.4623 0.2749 0.8430
vn 0.3893 0.0376 0.9203
vn 0.2611 0.3218 0.9101
vn 0.2120 -0.8639 -0.4569
vn 0.0793 -0.9523 -0.2947
vn -0.8773 0.1201 -0.4646
vn -0.3428 -0.0392 -0.9386
vn 0.3242 0.0545 0.9444
vn 0.3835 -0.1491 0.9114
vn -0.3742 0.1936 -0.9069
vn -0.8850 0.4620 0.0578
vn -0.1699 -0.4999 -0.8492
vn -0.0682 -0.4141 -0.9077
vn -0.8090 0.3024 0.5040
vn 0.0903 -0.8573 -0.5068
vn -0.0063 -0.4124 -0.9110
vn -0.1099 -0.6839 -0.7212
vn 0.4931 -0.3752 0.7849
vn 0.9309 0.2963 -0.2136
vn -0.4743 -0.2696 -0.8380
vn 0.2321 0.4948 0.8374
vn -0.2197 -0.3109 -0.9247
vn -0.9579 -0.0086 -0.2871
vn -0.0820 0.0531 0.9952
vn 0.1359 -0.4418 -0.8868
vn 0.3149 -0.5329 0.7854
vn 0.6158 -0.6737 0.4086
vn -0.1757 -0.4395 -0.8809
vn 0.8633 -0.0272 0.5039
vn 0.8864 -0.0561 0.4595
vn 0.8079 -0.0992 0.5809
vn -0.8082 -0.5888 -0.0130
vn -0.4795 0.5586 0.6768
vn 0.3998 0.3229 0.8579
vn -0.3525 -0.6167 -0.7039
vn -0.6024 -0.1425 0.7853
vn 0.3065 0.7153 0.6280
vn 0.2821 0.7072 -0.6483
vn 0.0884 -0.2165 -0.9723
vn 0.8648 0.1386 -0.4826
vn 0.2966 0.6411 -0.7078
vn 0.5351 0.4673 0.7038
vn -0.0229 -0.3093 -0.9507
vn -0.0316 0.3972 0.9172
vn -0.2773 -0.6318 0.7238
vn -0.0680 -0.3709 -0.9262
vn -0.2274 -0.5918 0.7734
vn 0.1785 -0.5862 -0.7903
vn 0.9675 0.0469 0.2484
vn -0.3657 -0.2826 -0.8868
vn -0.3102 -0.2178 -0.9254
vn 0.6013 -0.2890 -0.7449
vn -0.5572 0.2027 0.8052
vn 0.2665 0.2276 0.9366
vn 0.2136 0.2001 0.9562
vn -0.1444 0.3065 -0.9409
vn 0.1455 0.4548 0.8786
vn 0.1783 0.3281 0.9276
vn 0.9997 -0.0016 0.0227
vn 0.2979 0.0476 0.9534
vn 0.0018 0.9903 -0.1387
vn -0.0056 0.1153 -0.9933
vn 0.1789 -0.3333 -0.9257
vn -0.2667 -0.2272 -0.9366
vn 0.0496 0.1761 -0.9831
vn -0.3004 -0.0928 -0.9493
vn 0.3539 0.1202 0.9275
vn -0.0767 -0.5543 -0.8288
vn 0.2571 0.1282 0.9578
vn 0.2900 0.2605 0.9209
vn -0.3563 0.0999 0.9290
vn 0.2195 -0.0926 -0.9712
vn -0.1383 0.2485 0.9587
vn -0.0073 0.1616 0.9868
vn -0.0732 -0.0207 -0.9971
vn 0.0243 0.0511 0.9984
vn 0.1228 -0.0090 0.9924
vn 0.1315 -0.7462 -0.6526
vn 0.1744 -0.5612 -0.8091
vn 0.0707 0.7088 0.7019
vn -0.3325 -0.4297 0.8395
vn -0.1719 -0.8094 -0.5616
vn -0.1188 -0.3853 0.9151
vn -0.0759 0.6747 0.7342
vn -0.0027 0.2036 0.9790
vn -0.2357 0.2153 0.9477
vn 0.2196 0.1063 0.9698
vn 0.2784 0.2924 0.9149
vn 0.2389 -0.1031 0.9656
vn 0.2262 0.0056 0.9741
vn -0.2560 -0.1345 -0.9573
vn -0.0422 -0.3433 -0.9383
vn 0.2497 -0.6599 -0.7087
vn 0.0080 0.7607 0.6490
vn 0.6696 -0.2216 0.7089
vn 0.5494 -0.2666 0.7919
vn 0.2664 -0.6272 0.7319
vn 0.4235 -0.7762 0.4670
vn 0.6500 -0.4413 -0.6187
vn 0.6714 0.0927 -0.7353
vn 0.6435 0.7040 -0.3005
vn 0.3793 0.6086 0.6969
vn 0.3857 0.1483 0.9106
vn 0.3989 0.3532 0.8462
vn -0.1192 0.6631 0.7390
vn 0.2557 -0.1873 -0.9484
vn 0.2493 -0.1571 -0.9556
vn 0.2334 -0.1700 -0.9574
vn 0.1824 -0.0075 -0.9832
vn -0.3993 -0.4217 -0.8141
vn 0.0592 -0.0365 -0.9976
vn 0.4225 0.5324 0.7335
vn 0.1181 -0.1456 -0.9823
vn 0.2312 0.0925 0.9685
vn 0.1868 0.0852 0.9787
vn 0.5665 -0.3868 -0.7276
vn -0.1064 0.0768 0.9913
vn 0.3617 0.3292 0.8722
vn 0.2880 0.1922 0.9381
vn 0.8343 0.4327 -0.3415
vn -0.3622 -0.3198 -0.8755
vn 0.0720 -0.0551 0.9959
vn -0.0869 -0.0599 -0.9944
vn -0.0504 -0.0359 -0.9981
vn 0.0777 -0.3083 -0.9481
vn 0.4289 0.8818 -0.1962
vn -0.1907 0.2889 0.9382
vn 0.5781 -0.2497 -0.7768
vn -0.1759 -0.0028 0.9844
vn 0.9042 -0.3897 0.1747
vn 0.2492 -0.4317 -0.8669
vn 0.3164 0.3750 0.8714
vn -0.0347 -0.7676 -0.6400
vn -0.1774 -0.0150 -0.9840
vn -0.1517 0.1497 -0.9770
vn 0.0596 -0.7408 0.6691
vn -0.1989 0.5687 0.7982
vn -0.9237 -0.3676 -0.1081
vn -0.9934 -0.0549 -0.1012
vn -0.1022 0.3183 0.9425
vn 0.2795 0.2622 0.9237
vn 0.1019 0.4413 0.8916
vn -0.3065 -0.3898 -0.8684
vn -0.3173 -0.3596 -0.8775
vn 0.0776 0.0794 -0.9938
vn -0.2216 0.0558 -0.9735
vn 0.3028 -0.0164 0.9529
vn -0.2159 0.5056 0.8354
vn -0.4351 -0.2809 -0.8554
vn -0.1114 -0.1179 -0.9868
vn -0.0593 0.1087 0.9923
vn 0.4141 0.0329 -0.9097
vn 0.2714 0.1236 0.9545
vn 0.0717 0.4300 0.9000
vn 0.0659 -0.5871 -0.8068
vn 0.1538 -0.6515 -0.7429
vn 0.1670 -0.6783 -0.7155
vn 0.3140 -0.7745 -0.5491
vn 0.0621 -0.8396 -0.5396
vn 0.0994 -0.6807 0.7258
vn -0.0107 0.8132 0.5819
vn 0.1522 -0.7762 0.6118
vn -0.0599 0.7684 0.6371
vn -0.0776 -0.9730 0.2172
vn -0.1811 0.7492 0.6371
vn -0.1928 0.7572 0.6241
vn 0.1750 -0.4713 -0.8644
vn 0.3897 0.2800 0.8773
vn 0.0663 -0.4249 -0.9028
vn -0.0269 0.3154 0.9486
vn -0.2350 0.6424 0.7295
vn -0.0748 0.3783 0.9226
vn -0.3082 0.4699 0.8272
vn -0.0156 0.4421 0.8968
vn -0.0447 0.4063 0.9126
vn -0.1293 0.3373 0.9325
vn -0.0582 0.0192 0.9981
vn 0.1047 0.2724 0.9565
vn 0.2756 0.2964 0.9144
vn -0.1438 0.4788 0.8661
vn -0.1354 0.6700 0.7299
vn 0.1319 0.1891 0.9730
vn 0.2742 0.2940 0.9156
vn 0.4596 -0.4169 0.7842
vn -0.1836 -0.2266 -0.9565
vn -0.2202 -0.3172 -0.9224
vn 0.3203 0.4525 0.8323
vn 0.0538 0.0811 0.9953
vn 0.7976 0.5597 0.2247
vn 0.7896 -0.4255 -0.4421
vn -0.7376 -0.6550 -0.1644
vn -0.8550 0.1887 0.4831
vn -0.2584 -0.3572 -0.8975
vn 0.9504 0.2590 0.1720
vn -0.7085 0.1386 0.6919
vn -0.2037 0.2852 0.9366
vn -0.9291 -0.3579 0.0934
vn -0.8699 -0.2867 -0.4013
vn -0.7763 -0.6039 0.1806
vn 0.1772 0.4327 0.8840
vn 0.1723 0.3393 0.9247
vn 0.0819 -0.0624 -0.9947
vn 0.1065 0.0974 0.9895
vn 0.1554 -0.1820 -0.9709
vn -0.2652 0.2598 0.9285
vn -0.3698 -0.5137 0.7742
vn -0.8898 -0.4535 -0.0515
vn -0.9633 -0.1886 0.1908
vn -0.1657 0.2881 0.9431
vn -0.2771 -0.4626 -0.8421
vn -0.2759 -0.4638 -0.8419
vn -0.1618 -0.4429 -0.8819
vn -0.6779 -0.6517 -0.3401
vn 0.2468 -0.5051 -0.8270
vn 0.0992 -0.4739 -0.8750
vn -0.1075 -0.6659 -0.7383
vn 0.0452 0.0607 0.9971
vn -0.0941 -0.9059 -0.4128
vn -0.7300 0.2815 -0.6227
vn -0.3568 0.3469 0.8674
vn -0.7107 -0.2964 -0.6380
vn 0.3799 0.0634 0.9228
vn -0.2663 -0.1069 0.9580
vn -0.5557 -0.5639 -0.6109
vn -0.6693 -0.5274 -0.5233
vn -0.2927 -0.3817 -0.8767
vn 0.1577 0.3490 0.9237
vn 0.1727 0.3394 0.9247
vn 0.0698 0.3045 0.9499
vn -0.4057 0.4651 0.7868
vn -0.1565 0.3321 0.9302
vn 0.0246 0.6106 0.7915
vn -0.0526 0.3891 0.9197
vn -0.0410 0.0299 0.9987
vn 0.2290 -0.1816 -0.9563
vn 0.4083 -0.2960 -0.8635
vn 0.2714 -0.3246 -0.9061
vn 0.1821 -0.2799 -0.9426
vn -0.1901 0.1034 0.9763
vn -0.2206 -0.9425 0.2510
vn -0.0993 -0.8551 0.5089
vn 0.0899 -0.6876 -0.7205
vn 0.1211 0.7318 0.6707
vn -0.0702 -0.8474 0.5263
vn -0.1583 0.6387 0.7530
vn 0.1459 -0.9438 0.2966
vn -0.4003 0.4048 0.8221
vn 0.1776 -0.3761 -0.9094
vn -0.2372 0.2578 0.9366
vn -0.2492 0.2116 0.9451
vn 0.1127 -0.4974 -0.8602
vn 0.1271 -0.4991 -0.8572
vn -0.1894 0.4898 0.8510
vn 0.2469 -0.4219 -0.8724
vn 0.0580 0.4641 0.8839
vn -0.1297 -0.3431 -0.9303
vn -0.2338 0.2800 0.9311
vn 0.2112 0.0922 0.9731
vn 0.2027 0.2073 0.9570
vn 0.1961 -0.3253 -0.9250
vn -0.3364 0.4483 0.8282
vn -0.5621 -0.2878 0.7754
vn -0.4994 0.1324 0.8562
vn -0.3026 -0.9222 -0.2409
vn -0.2725 0.0517 0.9608
vn -0.0855 0.1279 0.9881
vn 0.1244 0.3102 0.9425
vn -0.9392 -0.1670 0.3001
vn -0.7133 -0.6996 -0.0435
vn -0.0285 0.7289 0.6840
vn -0.0119 -0.6623 -0.7492
vn 0.0818 -0.4550 -0.8867
vn -0.3971 0.3980 0.8270
vn -0.1007 0.0100 0.9949
vn -0.0497 -0.0057 -0.9987
vn 0.0716 0.0671 0.9952
vn 0.2061 0.3735 0.9044
vn -0.3060 0.3035 0.9023
vn -0.1517 -0.6387 -0.7543
vn -0.1488 -0.9798 -0.1339
vn -0.3552 0.5880 0.7267
vn 0.2670 -0.9515 0.1529
vn 0.0555 -0.5742 -0.8168
vn -0.1535 0.5389 0.8283
vn -0.1910 0.3180 0.9287
vn -0.3076 0.8572 0.4129
vn 0.4234 0.1376 0.8954
vn 0.1338 -0.3892 -0.9114
vn 0.6146 -0.7878 0.0410
vn 0.0238 -0.1582 -0.9871
vn 0.3083 -0.1465 0.9399
vn 0.0937 0.2422 0.9657
vn -0.0640 0.2838 0.9567
vn 0.1769 -0.0743 -0.9814
vn -0.0080 0.3776 0.9260
vn 0.4700 -0.4331 -0.7691
vn 0.4233 -0.4182 -0.8037
vn -0.3043 0.3104 0.9006
vn -0.3135 0.3021 0.9002
vn 0.3110 -0.9002 -0.3048
vn -0.5444 0.0234 0.8385
vn 0.3222 -0.4343 -0.8412
vn -0.1728 -0.4705 -0.8653
vn 0.1025 0.0336 0.9942
vn 0.0543 0.2408 0.9691
vn -0.1113 0.2273 0.9674
vn 0.0581 -0.3212 -0.9452
vn -0.4241 -0.7919 0.4394
vn -0.1496 -0.5726 0.8061
vn 0.5642 -0.1472 0.8124
vn 0.0946 -0.2101 -0.9731
vn 0.0895 -0.8939 0.4392
vn -0.1741 0.3365 0.9255
vn -0.1091 0.1769 0.9782
vn 0.3441 0.3835 0.8571
vn -0.9217 0.3876 -0.0173
vn -0.5461 0.7843 -0.2943
vn -0.5381 0.1636 0.8269
vn -0.9226 0.1779 -0.3424
vn -0.5953 0.7651 -0.2454
vn 0.3657 0.3634 0.8568
vn -0.2802 0.3572 0.8910
vn 0.1313 0.0278 -0.9910
vn -0.3376 0.0868 0.9373
vn -0.3125 0.1624 0.9359
vn -0.5864 0.1744 0.7910
vn 0.1888 -0.0365 -0.9813
vn 0.2766 -0.2996 -0.9131
vn -0.0974 0.5671 0.8179
vn 0.2710 -0.4307 -0.8608
vn 0.3132 -0.7342 0.6023
vn 0.0388 0.1757 0.9837
vn 0.2972 -0.7122 -0.6359
vn 0.0812 -0.8069 -0.5850
vn -0.1367 0.8148 0.5634
vn -0.0044 0.2747 0.9615
vn 0.1703 -0.3828 -0.9080
vn 0.0264 0.3185 0.9476
vn -0.0810 0.3831 0.9201
vn -0.2960 0.1949 0.9351
vn -0.3962 0.3603 0.8445
vn 0.2107 -0.3183 -0.9243
vn -0.3192 -0.8991 -0.2997
vn -0.4457 -0.3641 0.8178
vn -0.6484 -0.4966 0.5770
vn -0.0441 -0.9542 -0.2959
vn -0.2064 0.3691 0.9062
vn -0.0652 0.7628 0.6433
vn -0.3442 0.5972 0.7244
vn -0.1162 0.1683 0.9789
vn 0.2201 0.5859 0.7799
vn -0.0450 -0.4531 -0.8903
vn -0.1130 0.5579 0.8222
vn 0.0267 -0.4617 -0.8867
vn -0.0214 0.5102 0.8598
vn -0.5797 -0.7585 -0.2977
vn -0.1017 -0.9411 0.3224
vn 0.2402 0.1109 -0.9644
vn 0.1228 -0.4110 -0.9033
vn -0.1983 0.0812 0.9768
vn 0.2380 0.4300 0.8709
vn -0.2301 0.3635 0.9027
vn 0.0154 0.3244 0.9458
vn -0.8706 -0.4588 -0.1775
vn 0.1588 -0.3947 -0.9050
vn -0.0864 -0.1705 -0.9816
vn -0.3425 0.0021 0.9395
vn 0.0099 -0.1853 -0.9826
vn 0.3726 -0.1602 -0.9141
vn -0.3349 -0.5149 0.7891
vn 0.2445 -0.0558 -0.9681
vn -0.1190 -0.3732 -0.9201
vn 0.0380 -0.3230 -0.9456
vn -0.0137 0.4440 0.8959
vn -0.9448 -0.0228 0.3268
vn -0.0379 -0.4778 -0.8777
vn -0.0382 -0.4591 -0.8876
vn -0.2618 -0.1573 0.9522
vn -0.7348 -0.6444 0.2117
vn -0.2514 -0.6001 -0.7594
vn -0.5923 -0.3852 0.7077
vn 0.8430 -0.3233 -0.4299
vn 0.5162 0.1025 -0.8503
vn 0.2324 -0.2855 -0.9298
vn -0.2790 0.1165 0.9532
vn 0.2713 -0.3052 -0.9128
vn 0.9927 0.0109 -0.1203
vn 0.9021 0.2667 -0.3394
vn 0.8249 0.1797 0.5359
vn 0.8030 0.1082 0.5860
vn -0.2569 0.0827 0.9629
vn -0.2213 0.2511 0.9423
vn -0.2283 -0.0210 0.9734
vn 0.9087 0.2233 0.3528
vn 0.8997 0.1286 0.4172
vn -0.2642 -0.2825 0.9222
vn -0.3224 -0.4837 0.8137
vn -0.2493 0.0527 0.9670
vn -0.4678 0.0109 0.8838
vn -0.4621 0.0495 0.8855
vn 0.6016 0.2223 0.7673
vn -0.6266 -0.1816 0.7579
vn 0.3876 0.6194 -0.6828
vn 0.5166 0.2163 -0.8285
vn -0.6141 0.1460 0.7756
vn -0.4337 -0.2663 0.8608
vn -0.2812 -0.0126 0.9596
vn 0.3409 -0.0772 -0.9369
vn -0.4609 0.4010 0.7917
vn -0.7867 -0.3069 0.5357
vn -0.3192 0.6158 0.7203
vn 0.2578 -0.8816 0.3955
vn 0.4700 -0.7343 0.4897
vn -0.1705 0.5906 0.7888
vn 0.1815 -0.5999 -0.7792
vn 0.2373 -0.4947 -0.8360
vn 0.0703 0.7724 0.6312
vn 0.1859 -0.6365 -0.7486
vn 0.5640 -0.8199 0.0983
vn -0.1631 -0.4088 0.8979
vn -0.4972 0.7326 0.4649
vn 0.2478 -0.8015 -0.5443
vn 0.2581 -0.7489 0.6103
vn -0.4098 0.1916 0.8918
vn 0.2052 -0.3101 -0.9283
vn -0.4561 0.1530 0.8767
vn 0.1685 -0.3959 -0.9027
vn -0.1999 0.3179 0.9268
vn -0.0275 0.5903 0.8067
vn -0.0666 0.5003 0.8633
vn 0.1869 -0.4030 -0.8959
vn -0.1190 0.3754 0.9192
vn 0.2797 -0.3511 -0.8936
vn 0.1017 -0.6175 -0.7800
vn -0.0643 0.1386 0.9883
vn 0.2515 -0.8949 0.3687
vn 0.1319 -0.2855 -0.9492
vn -0.3856 0.1239 0.9143
vn 0.2579 -0.2201 -0.9408
vn -0.0757 0.6512 0.7551
vn -0.4126 0.3855 0.8253
vn -0.5261 0.1275 0.8408
vn 0.2787 -0.3203 -0.9054
vn -0.1820 0.0925 0.9789
vn -0.2204 -0.1241 0.9675
vn -0.2671 0.3216 0.9084
vn 0.2402 0.1108 -0.9644
vn 0.2055 -0.4367 -0.8758
vn -0.3357 0.1865 0.9233
vn 0.4090 -0.3382 -0.8476
vn 0.3124 -0.1934 -0.9300
vn -0.2198 -0.0200 0.9753
vn 0.3738 -0.7517 -0.5434
vn -0.3443 0.0691 0.9363
vn 0.6056 -0.5233 -0.5995
vn 0.4302 -0.3003 -0.8513
vn -0.0794 0.0262 0.9965
vn 0.8880 -0.3389 -0.3109
vn 0.8193 -0.3859 0.4241
vn 0.4639 -0.3082 -0.8306
vn -0.1145 0.1809 0.9768
vn 0.2690 0.2382 -0.9332
vn -0.1357 -0.2914 0.9469
vn -0.3391 -0.6647 0.6657
vn 0.8773 0.2133 -0.4300
vn 0.8721 0.1196 -0.4745
vn -0.0835 0.1820 0.9797
vn 0.1932 -0.2457 -0.9499
vn 0.0471 -0.0525 -0.9975
vn -0.1911 0.3657 0.9109
vn 0.2910 -0.3035 -0.9073
vn -0.0888 0.1709 0.9813
vn -0.3849 0.3617 0.8492
vn 0.2710 -0.2666 -0.9249
vn -0.6758 0.3264 -0.6609
vn 0.7852 0.1640 0.5971
vn 0.7762 -0.0327 -0.6296
vn -0.1866 0.9743 -0.1264
vn -0.1906 0.3098 -0.9315
vn 0.7061 -0.0742 -0.7042
vn -0.1280 -0.2065 0.9700
vn 0.3407 0.2631 -0.9026
vn -0.2016 0.0424 0.9785
vn 0.2822 -0.4521 -0.8462
vn 0.4626 -0.1611 -0.8718
vn 0.5026 -0.3039 -0.8094
vn -0.7355 -0.0144 0.6774
vn -0.6020 0.2392 0.7618
vn -0.5076 0.1416 0.8499
vn -0.5877 0.1595 0.7932
vn -0.4327 0.0643 0.8992
vn 0.5289 0.1924 -0.8266
vn 0.3984 0.4689 -0.7883
vn -0.1714 -0.7530 -0.6354
vn -0.0318 0.7256 0.6873
vn -0.3702 -0.2001 0.9071
vn 0.0721 0.7748 0.6281
vn 0.4862 0.7111 -0.5079
vn 0.0744 0.6349 0.7690
vn -0.3490 -0.7848 -0.5121
vn 0.0863 0.6128 0.7855
vn -0.1052 0.5143 0.8512
vn -0.2070 -0.3100 0.9279
vn -0.4144 0.1788 0.8923
vn -0.4949 0.2227 0.8400
vn 0.6823 0.0434 -0.7298
vn -0.5917 0.3942 0.7032
vn 0.5100 -0.6160 -0.6003
vn 0.1354 -0.6273 0.7669
vn 0.5555 -0.6240 -0.5497
vn 0.6729 -0.7378 0.0522
vn 0.2916 -0.3283 -0.8985
vn 0.0187 0.3759 0.9265
vn -0.0806 0.3848 0.9195
vn -0.4344 0.1181 0.8929
vn -0.6563 0.4649 0.5943
vn -0.5482 0.4387 0.7121
vn -0.0915 0.5544 0.8272
vn -0.1694 0.4933 0.8532
vn 0.1795 -0.2850 -0.9416
vn -0.2315 0.3339 0.9137
vn -0.3378 0.2541 0.9063
vn 0.0765 -0.3007 0.9506
vn 0.4425 -0.2519 -0.8607
vn -0.0263 0.5187 0.8546
vn -0.2424 0.4440 0.8626
vn 0.5962 -0.6666 -0.4473
vn 0.5399 -0.4844 0.6884
vn -0.4647 0.6109 0.6410
vn -0.2380 0.3095 0.9207
vn 0.2035 -0.1598 -0.9659
vn -0.1348 0.5337 0.8349
vn -0.4438 0.2972 0.8454
vn 0.3542 -0.4382 -0.8261
vn -0.4247 0.3551 0.8328
vn 0.4299 -0.3408 -0.8361
vn 0.3433 -0.1443 -0.9281
vn -0.0710 -0.0213 0.9972
vn 0.0211 0.0556 0.9982
vn 0.0284 0.0305 0.9991
vn -0.1517 -0.3156 0.9367
vn -0.1681 0.5081 0.8447
vn -0.3573 0.0939 0.9293
vn 0.3414 -0.3384 -0.8769
vn -0.2520 0.3539 0.9007
vn 0.5295 0.0702 -0.8454
vn 0.8623 -0.4869 -0.1392
vn 0.6939 -0.5210 0.4971
vn 0.9864 0.0672 -0.1503
vn 0.9738 0.1530 0.1684
vn -0.0247 0.3395 -0.9403
vn -0.0478 -0.2158 0.9753
vn 0.1909 0.0153 -0.9815
vn 0.1654 0.0834 -0.9827
vn -0.2177 -0.0135 0.9759
vn -0.1897 -0.1078 0.9759
vn -0.3813 0.0664 0.9221
vn -0.4156 0.3441 0.8419
vn -0.5279 -0.0493 0.8479
vn 0.5749 -0.0933 -0.8129
vn -0.5773 0.1726 0.7981
vn -0.9195 0.2529 0.3011
vn -0.4067 0.9132 0.0267
vn -0.7193 0.6403 -0.2695
vn -0.1388 0.1327 -0.9814
vn 0.6003 0.7849 0.1533
vn -0.3008 -0.6948 -0.6533
vn 0.3761 0.5937 -0.7114
vn 0.2126 0.9699 0.1183
vn 0.2734 0.7684 0.5787
vn 0.3439 -0.0809 -0.9355
vn 0.5104 -0.3028 -0.8049
vn -0.4792 0.2074 0.8528
vn 0.9539 -0.0396 -0.2976
vn 0.5636 0.3350 -0.7551
vn -0.6637 -0.4125 0.6240
vn -0.6093 -0.1285 0.7825
vn 0.7373 0.6450 -0.2008
vn -0.6154 0.0837 0.7838
vn -0.5160 0.1908 0.8351
vn -0.5404 0.0849 0.8371
vn 0.3044 -0.9458 -0.1134
vn 0.4805 -0.3671 0.7965
vn 0.3711 -0.4600 -0.8067
vn 0.4437 -0.6785 -0.5854
vn -0.4375 0.4997 0.7476
vn 0.8246 -0.5327 -0.1904
vn 0.0701 0.0296 0.9971
vn 0.8850 -0.4609 -0.0654
vn 0.5976 -0.7947 0.1067
vn 0.6368 -0.7450 -0.1986
vn -0.4543 0.6956 0.5566
vn 0.2322 -0.3974 -0.8878
vn -0.1506 0.7518 0.6419
vn -0.2998 0.4817 0.8235
vn -0.2510 -0.0177 0.9678
vn -0.1591 0.2371 0.9584
vn 0.6511 -0.6697 -0.3571
vn 0.2906 -0.1328 0.9476
vn -0.6438 0.5811 0.4978
vn 0.7085 -0.6354 -0.3071
vn 0.1871 -0.1977 0.9622
vn 0.7460 -0.5947 -0.2996
vn 0.2197 -0.1981 0.9552
vn -0.1935 0.3372 0.9213
vn -0.2167 0.1189 0.9690
vn -0.1615 0.2754 0.9477
vn -0.3881 -0.0914 0.9171
vn -0.3529 0.2545 0.9004
vn 0.7187 -0.3393 -0.6068
vn -0.7945 0.2600 0.5488
vn 0.8709 -0.4345 0.2296
vn 0.8701 -0.1628 -0.4653
vn 0.9747 -0.2167 0.0552
vn 0.2131 0.4099 0.8869
vn 0.0689 -0.6548 -0.7527
vn 0.2192 0.2390 -0.9460
vn -0.5434 -0.0157 0.8393
vn -0.6480 0.5470 0.5299
vn 0.4244 0.1737 0.8887
vn 0.7369 -0.1333 -0.6627
vn -0.2332 0.1872 -0.9542
vn -0.2253 -0.0109 0.9742
vn 0.4986 0.5966 0.6289
vn -0.5870 0.1846 0.7883
vn -0.6730 0.2559 0.6939
vn 0.6744 -0.0185 -0.7382
vn 0.7325 -0.0130 -0.6806
vn -0.0035 0.6557 0.7550
vn 0.8548 0.3607 -0.3731
vn 0.2461 0.3733 0.8945
vn -0.1422 -0.4642 0.8742
vn -0.0624 -0.0874 -0.9942
vn 0.1224 0.6972 0.7063
vn 0.0112 0.7273 0.6862
vn -0.0080 0.6166 0.7872
vn 0.4605 -0.0089 -0.8876
vn -0.4035 -0.4848 -0.7760
vn 0.1788 -0.6981 -0.6933
vn 0.5877 0.1132 0.8011
vn -0.5862 -0.0820 0.8060
vn 0.6095 -0.2353 -0.7571
vn 0.5993 -0.2017 0.7747
vn 0.6885 -0.2301 -0.6878
vn -0.7416 0.0528 0.6688
vn -0.6958 0.1760 0.6963
vn 0.7599 -0.1649 -0.6288
vn -0.7327 0.1387 0.6663
vn 0.7670 -0.1555 -0.6226
vn 0.5261 -0.7916 -0.3108
vn 0.5997 -0.4819 -0.6389
vn 0.6755 -0.7078 -0.2066
vn -0.5420 0.4175 0.7293
vn -0.4949 0.4449 0.7464
vn 0.1410 -0.1966 0.9703
vn 0.7872 -0.3005 0.5386
vn 0.5840 -0.3504 -0.7323
vn 0.4429 -0.1379 -0.8859
vn -0.0103 0.5012 0.8653
vn 0.9942 0.0597 0.0897
vn 0.1663 0.1909 0.9674
vn 0.3549 -0.2017 -0.9129
vn -0.3519 0.4365 0.8280
vn -0.3462 0.0912 0.9337
vn -0.3935 0.3593 0.8462
vn 0.4285 -0.3261 -0.8426
vn -0.6694 0.4153 0.6160
vn -0.1719 -0.6598 0.7315
vn -0.3683 0.2588 0.8930
vn -0.4384 0.2075 0.8745
vn 0.3800 -0.0239 -0.9247
vn 0.3040 -0.8257 -0.4752
vn 0.1870 -0.0307 -0.9819
vn 0.7800 -0.5759 0.2449
vn 0.4577 -0.0122 -0.8890
vn -0.3689 0.4348 0.8215
vn 0.9843 0.1670 -0.0571
vn 0.6603 0.0204 0.7508
vn 0.2677 0.2988 -0.9160
vn 0.2426 0.2310 -0.9422
vn -0.4554 -0.0202 0.8901
vn -0.3832 0.2780 0.8808
vn 0.0551 -0.0454 0.9974
vn 0.1340 0.2920 0.9470
vn 0.3011 0.1689 -0.9385
vn 0.6907 -0.6872 0.2253
vn 0.3986 0.0668 -0.9147
vn 0.0673 0.1081 0.9919
vn 0.0113 0.9994 -0.0322
vn 0.2250 -0.9394 -0.2587
vn -0.4811 0.6060 0.6336
vn 0.5650 -0.5998 -0.5666
vn -0.4916 0.0664 0.8683
vn 0.5708 -0.4466 -0.6890
vn -0.2551 -0.1938 0.9473
vn -0.5799 0.0720 0.8115
vn -0.4155 0.3663 0.8326
vn 0.5453 -0.0451 -0.8371
vn -0.5776 0.1568 0.8012
vn -0.3284 -0.1224 0.9366
vn 0.9703 0.1398 -0.1972
vn -0.6522 0.1211 0.7483
vn 0.6527 0.0650 -0.7548
vn 0.6729 -0.3077 -0.6727
vn 0.6871 0.0527 -0.7246
vn -0.6785 -0.1376 0.7216
vn 0.6572 0.4280 0.6204
vn 0.7476 0.4755 0.4636
vn -0.6924 0.3277 0.6428
vn 0.6299 0.3045 0.7145
vn 0.5101 -0.0791 -0.8565
vn 0.4470 -0.0514 -0.8931
vn 0.7355 -0.6755 0.0519
vn 0.9940 -0.1068 -0.0247
vn 0.3023 0.8570 0.4173
vn -0.2372 0.0804 0.9681
vn -0.0659 -0.0486 0.9966
vn -0.1283 0.7707 -0.6242
vn -0.0979 0.7733 -0.6264
vn -0.3926 0.8858 -0.2474
vn -0.0613 -0.0227 -0.9979
vn 0.2529 -0.0479 0.9663
vn 0.1192 0.9708 0.2080
vn 0.8273 0.5601 -0.0445
vn -0.1604 -0.9841 -0.0763
vn -0.2666 -0.2689 -0.9255
vn -0.1723 -0.1760 -0.9692
vn 0.0352 0.4079 0.9124
vn 0.1040 0.2485 0.9630
vn -0.2252 0.0564 -0.9727
vn 0.3088 -0.4323 0.8472
vn -0.1517 0.5034 -0.8506
vn 0.2643 -0.5480 0.7936
vn -0.0572 0.6343 -0.7710
vn -0.0299 0.8395 -0.5426
vn -0.0460 -0.4294 0.9019
vn -0.1918 0.2149 -0.9576
vn -0.1570 0.2807 -0.9469
vn 0.9444 -0.2761 0.1785
vn 0.7127 -0.2790 0.6437
vn -0.3894 0.4440 -0.8070
vn -0.2074 0.2580 -0.9436
vn 0.1606 -0.5125 0.8436
vn 0.1110 -0.6862 0.7189
vn -0.0340 -0.2516 0.9672
vn 0.1213 -0.4386 0.8905
vn 0.1257 -0.1856 0.9746
vn -0.7968 -0.0540 0.6018
vn 0.5770 0.2693 -0.7711
vn 0.8623 -0.0634 -0.5023
vn 0.8256 -0.5567 0.0921
vn 0.8207 -0.2308 -0.5227
vn -0.6739 0.1869 0.7148
vn -0.0173 -0.5111 0.8593
vn -0.6044 0.6813 0.4130
vn -0.3771 0.6698 -0.6397
vn -0.7568 -0.2686 0.5960
vn 0.0908 -0.8078 0.5824
vn 0.8122 0.2188 -0.5409
vn -0.4389 0.8752 -0.2036
vn -0.1115 -0.2130 0.9707
vn 0.2583 -0.7870 0.5602
vn -0.3818 -0.1677 0.9089
vn 0.6413 -0.0678 -0.7643
vn -0.5859 -0.5356 0.6082
vn -0.6688 -0.6601 0.3420
vn 0.7820 0.3585 -0.5099
vn -0.7855 -0.4890 0.3793
vn -0.8154 -0.4612 0.3499
vn 0.8120 0.4405 -0.3829
vn -0.5499 -0.3991 0.7337
vn 0.7336 0.3461 -0.5848
vn -0.8433 -0.2042 0.4972
vn -0.8760 -0.4399 0.1979
vn 0.8197 0.3287 -0.4691
vn 0.8310 0.3880 -0.3987
vn -0.6550 -0.4195 0.6285
vn -0.5355 -0.3768 0.7559
vn 0.7375 0.3971 0.5462
vn 0.7792 0.3182 -0.5400
vn -0.8446 -0.2403 0.4784
vn 0.0720 0.8868 0.4565
vn 0.5642 0.6815 0.4661
vn 0.7688 0.4179 -0.4841
vn 0.4421 0.4856 0.7542
vn -0.1136 0.0280 -0.9931
vn -0.0449 -0.1119 -0.9927
vn -0.1889 0.2280 0.9552
vn 0.2307 0.2219 0.9474
vn 0.0922 0.1568 -0.9833
vn -0.1548 -0.3204 0.9346
vn -0.0501 -0.4605 0.8862
vn -0.0856 0.4562 -0.8858
vn -0.0420 -0.4781 0.8773
vn -0.1856 0.6141 -0.7671
vn -0.1199 0.2813 -0.9521
vn -0.0575 0.3783 -0.9239
vn -0.1108 0.3856 -0.9160
vn 0.0652 -0.4894 0.8696
vn 0.8764 0.0681 -0.4768
vn -0.1446 0.7009 -0.6984
vn -0.3652 -0.2888 0.8850
vn -0.7101 -0.7037 0.0224
vn 0.3297 -0.4898 0.8071
vn -0.1991 0.5723 0.7955
vn -0.7042 -0.3503 -0.6176
vn -0.9100 -0.2494 0.3313
vn -0.7940 -0.0372 -0.6068
vn 0.5282 -0.0779 0.8456
vn -0.7525 0.3701 0.5447
vn -0.8720 0.2785 0.4026
vn 0.4671 -0.1860 0.8644
vn -0.9978 0.0656 -0.0041
vn -0.7426 0.1591 -0.6505
vn -0.6957 0.6119 0.3762
vn 0.0667 -0.0871 -0.9940
vn -0.4768 0.2145 0.8524
vn -0.2635 0.0509 -0.9633
vn -0.0429 0.3840 -0.9223
vn 0.0366 -0.1164 -0.9925
vn 0.2213 0.2614 -0.9395
vn 0.1558 0.3638 0.9184
vn 0.0539 -0.2635 0.9631
vn 0.4512 0.2194 0.8650
vn -0.1817 0.1385 -0.9735
vn 0.0742 0.6027 -0.7945
vn -0.0010 -0.6679 0.7443
vn 0.2599 -0.5304 0.8069
vn 0.0325 -0.2529 0.9669
vn 0.1444 -0.3563 0.9232
vn -0.0620 0.4266 -0.9023
vn -0.0781 -0.5780 0.8123
vn -0.0924 -0.5983 0.7959
vn 0.1211 -0.5852 0.8018
vn 0.1246 -0.5957 0.7935
vn -0.0174 0.6111 -0.7914
vn 0.0196 0.8368 -0.5472
vn 0.0797 0.8042 -0.5890
vn 0.0084 -0.5078 0.8614
vn -0.6163 -0.5496 0.5640
vn -0.6020 -0.7912 0.1076
vn 0.6616 0.2387 0.7109
vn 0.2327 0.9674 0.1001
vn -0.3256 -0.4294 -0.8424
vn -0.2580 -0.1597 -0.9529
vn -0.1020 -0.2728 0.9567
vn 0.0142 -0.3064 0.9518
vn 0.6076 0.3154 0.7289
vn 0.6036 0.2678 0.7510
vn -0.0754 -0.2202 0.9725
vn -0.4563 0.0941 -0.8848
vn 0.4672 0.0017 0.8842
vn 0.2994 -0.3718 0.8787
vn -0.5763 0.7404 -0.3460
vn -0.2953 0.3466 -0.8903
vn 0.0361 0.1251 0.9915
vn -0.3779 0.7403 -0.5560
vn 0.1861 -0.2067 -0.9605
vn 0.1852 0.3203 0.9290
vn 0.2803 0.1170 0.9528
vn -0.2161 -0.1607 -0.9631
vn -0.3856 0.0446 -0.9216
vn -0.2369 -0.3770 -0.8954
vn 0.4696 -0.0546 -0.8812
vn 0.5038 -0.0958 0.8585
vn -0.2401 -0.3975 0.8856
vn 0.1309 0.2175 0.9672
vn 0.2731 0.6060 -0.7471
vn 0.1157 0.3905 -0.9133
vn -0.0345 -0.3977 0.9169
vn -0.2776 -0.9469 0.1621
vn -0.4390 0.8613 0.2559
vn -0.5265 -0.0235 0.8498
vn 0.0665 0.2705 -0.9604
vn -0.0975 -0.3583 0.9285
vn 0.0730 0.5212 -0.8503
vn 0.1632 0.5469 -0.8211
vn -0.0548 0.6059 -0.7937
vn 0.1218 -0.5029 0.8557
vn 0.0147 -0.7115 0.7025
vn 0.0437 -0.7187 0.6939
vn -0.2911 0.6728 -0.6802
vn 0.2257 -0.5767 0.7851
vn -0.5208 -0.3815 -0.7637
vn -0.4648 -0.3762 -0.8015
vn 0.5217 0.4385 0.7318
vn 0.3549 0.9136 0.1982
vn 0.4183 0.7262 0.5456
vn 0.3855 0.2657 0.8836
vn -0.2520 -0.1350 -0.9583
vn -0.2477 -0.1601 -0.9555
vn 0.0190 0.9290 -0.3695
vn -0.0121 -0.2678 0.9634
vn 0.0842 -0.1100 0.9904
vn 0.1615 0.3247 0.9319
vn 0.4327 0.0300 0.9011
vn -0.3704 -0.0747 -0.9259
vn 0.0414 0.0765 0.9962
vn 0.1764 -0.0214 0.9841
vn -0.1595 0.1210 -0.9798
vn -0.8491 -0.0679 -0.5238
vn -0.4861 -0.8116 -0.3239
vn 0.1799 -0.1667 0.9695
vn 0.2512 -0.4632 0.8499
vn 0.2130 -0.1922 0.9580
vn -0.4239 0.3023 -0.8538
vn -0.5600 0.1198 -0.8197
vn -0.4121 -0.0787 0.9077
vn 0.2250 -0.6983 0.6795
vn -0.2782 -0.4523 0.8473
vn -0.1509 0.4702 -0.8696
vn -0.0872 -0.2373 0.9675
vn -0.1400 0.4655 -0.8739
vn 0.2357 -0.4138 0.8794
vn 0.0771 0.1810 0.9804
vn 0.1907 -0.4051 0.8942
vn -0.1227 0.9585 -0.2575
vn -0.5560 0.8024 0.2169
vn -0.0264 -0.1449 0.9891
vn -0.0008 0.0774 0.9970
vn 0.0261 0.1342 0.9906
vn 0.4755 0.3472 -0.8083
vn 0.4571 -0.1830 -0.8704
vn 0.2734 -0.0153 -0.9618
vn 0.2713 -0.0018 -0.9625
vn -0.1579 -0.1522 -0.9756
vn -0.2788 -0.2400 0.9299
vn -0.3496 -0.3385 0.8736
vn -0.4018 -0.0635 0.9135
vn -0.2718 -0.2981 0.9150
vn -0.1142 -0.5079 0.8538
vn -0.0532 -0.0851 -0.9949
vn 0.0051 0.2311 0.9729
vn -0.1689 0.9789 -0.1153
vn -0.1460 -0.7856 0.6013
vn 0.3229 -0.6189 0.7161
vn -0.0206 0.5304 0.8475
vn 0.0540 -0.1400 0.9887
vn -0.0312 -0.2262 0.9736
vn 0.5171 0.2830 0.8078
vn -0.7461 0.4535 -0.4875
vn 0.3910 0.3658 0.8446
vn 0.1422 -0.2061 0.9681
vn -0.1733 0.0051 0.9848
vn 0.0367 -0.2539 0.9665
vn -0.0007 -0.2277 0.9737
vn -0.0280 0.1777 -0.9837
vn -0.0940 -0.4014 0.9111
vn 0.0342 -0.2998 0.9534
vn -0.6999 0.4451 -0.5586
vn -0.5904 -0.7321 -0.3398
vn -0.6148 -0.5965 -0.5159
vn 0.0467 -0.2104 0.9765
vn -0.0355 0.3491 -0.9364
vn -0.0329 0.2632 -0.9642
vn -0.0942 -0.5169 0.8508
vn -0.8870 -0.4170 0.1982
vn -0.1570 -0.6757 0.7203
vn -0.0580 -0.4002 0.9146
vn 0.4047 0.9113 0.0763
vn 0.1510 -0.4865 -0.8605
vn 0.0664 0.6004 0.7970
vn -0.9665 -0.1506 0.2080
vn -0.9202 -0.1757 -0.3499
vn -0.8698 -0.4854 -0.0889
vn -0.1487 0.3425 0.9277
vn -0.1527 -0.1747 -0.9727
vn -0.1510 -0.1724 -0.9734
vn 0.0261 0.2442 0.9694
vn -0.9636 -0.0947 -0.2500
vn -0.9606 -0.0913 -0.2625
vn 0.9304 0.0782 0.3580
vn -0.0095 -0.0303 -0.9995
vn -0.2163 -0.4288 0.8771
vn -0.0857 -0.2494 -0.9646
vn -0.4160 0.1487 -0.8971
vn -0.1568 -0.9785 -0.1338
vn 0.1547 -0.3366 0.9288
vn -0.2504 0.2917 -0.9231
vn 0.2224 -0.2635 0.9387
vn -0.5000 0.7889 0.3572
vn -0.8930 -0.3487 -0.2846
vn -0.8197 -0.0741 -0.5680
vn 0.1672 0.3141 -0.9346
vn -0.3669 0.1498 -0.9181
vn -0.1676 -0.2212 0.9607
vn -0.2444 0.2312 -0.9417
vn -0.1961 -0.2341 0.9522
vn 0.4734 -0.1692 0.8645
vn 0.2328 -0.3639 0.9019
vn -0.1069 0.5288 -0.8420
vn 0.1182 -0.5497 0.8269
vn -0.0596 0.4060 -0.9119
vn -0.0116 -0.4623 0.8867
vn 0.0399 0.5045 -0.8625
vn 0.4347 0.5015 0.7480
vn -0.0256 0.3609 -0.9322
vn -0.3768 0.1099 0.9198
vn -0.4473 0.4867 0.7504
vn -0.1563 -0.5201 0.8397
vn 0.2672 0.2710 0.9248
vn -0.0259 -0.4035 0.9146
vn -0.2152 0.8620 -0.4590
vn -0.2617 -0.3766 0.8886
vn -0.3690 -0.4296 0.8242
vn -0.0045 0.9950 0.0993
vn -0.2198 -0.0194 0.9753
vn 0.1750 -0.0682 -0.9822
vn 0.7414 0.5727 0.3498
vn 0.0121 0.2936 0.9559
vn 0.1943 0.0428 -0.9800
vn -0.1622 -0.0680 -0.9844
vn 0.4667 0.7323 0.4959
vn 0.4047 0.3065 0.8615
vn 0.4613 -0.8795 -0.1165
vn 0.4624 0.6496 -0.6035
vn -0.4371 -0.3981 0.8065
vn -0.3256 0.1481 0.9338
vn 0.9344 0.3547 0.0338
vn -0.4323 -0.2804 0.8571
vn 0.6595 0.7134 0.2369
vn -0.2177 0.2574 0.9414
vn 0.0950 0.9952 0.0254
vn 0.3676 0.9012 0.2296
vn 0.1543 -0.3606 0.9199
vn 0.1410 0.1080 0.9841
vn -0.0668 0.3550 -0.9325
vn 0.0867 -0.0305 -0.9958
vn 0.0149 0.3432 -0.9391
vn 0.9966 0.0713 -0.0425
vn -0.0006 0.1189 0.9929
vn -0.1105 0.1535 0.9819
vn 0.0807 0.0807 -0.9935
vn 0.2557 -0.8986 0.3565
vn 0.3019 -0.6332 -0.7127
vn -0.4305 -0.0454 0.9014
vn -0.4591 -0.1198 0.8803
vn 0.0930 -0.9349 -0.3426
vn 0.4387 -0.2525 -0.8624
vn 0.0583 0.5320 -0.8447
vn -0.2666 -0.3351 0.9037
vn 0.0761 0.2507 -0.9651
vn -0.3755 0.4261 0.8231
vn -0.0360 -0.8035 -0.5942
vn 0.0477 -0.4811 0.8753
vn 0.2758 -0.0792 0.9580
vn -0.3830 -0.1886 -0.9043
vn -0.1632 0.1002 0.9815
vn 0.0055 0.0415 -0.9991
vn -0.1852 0.1166 0.9758
vn -0.0120 0.1730 0.9848
vn 0.2021 0.0992 -0.9743
vn -0.1440 -0.0476 0.9884
vn -0.3665 -0.6047 0.7071
vn 0.2992 0.4986 -0.8136
vn -0.0950 0.9863 -0.1349
vn 0.7354 0.0535 0.6756
vn 0.3934 0.8266 -0.4024
vn 0.2952 -0.8552 0.4260
vn 0.0902 0.9767 -0.1946
vn 0.2526 0.7515 -0.6094
vn 0.0769 0.1665 -0.9830
vn 0.0712 0.2205 -0.9728
vn -0.1241 0.1360 0.9829
vn 0.0693 0.1096 0.9916
vn 0.3170 -0.0674 -0.9460
vn 0.2610 -0.4122 -0.8729
vn -0.3350 0.2685 0.9031
vn 0.7483 -0.6586 -0.0793
vn 0.6867 -0.7262 0.0333
vn -0.3674 -0.0027 0.9301
vn 0.0848 0.2089 -0.9742
vn -0.3528 -0.2757 0.8942
vn 0.5895 0.4513 -0.6699
vn -0.1525 -0.8432 0.5156
vn -0.1320 -0.3739 0.9180
vn 0.0319 0.2275 -0.9733
vn -0.0622 -0.9972 -0.0420
vn -0.3523 -0.2787 0.8934
vn -0.1550 -0.0304 0.9874
vn -0.2446 0.2755 0.9296
vn -0.2863 0.0756 0.9551
vn 0.1165 0.3952 -0.9112
vn -0.5051 0.7874 0.3533
vn -0.1657 -0.3015 0.9389
vn -0.4261 -0.1384 0.8940
vn -0.4509 -0.2607 -0.8536
vn 0.1001 0.1422 0.9848
vn 0.1790 0.2621 -0.9483
vn -0.0766 -0.2823 0.9563
vn -0.1281 -0.2444 0.9612
vn -0.0427 -0.4244 0.9045
vn -0.3407 -0.2292 0.9118
vn -0.6897 0.3905 0.6098
vn 0.1852 0.5578 -0.8090
vn -0.1442 -0.6294 0.7636
vn -0.0087 0.5381 -0.8428
vn 0.0647 -0.6224 0.7800
vn -0.6597 0.5487 -0.5136
vn -0.0944 0.8555 0.5091
vn 0.0296 0.4611 -0.8868
vn -0.0926 0.3204 -0.9428
vn 0.1286 -0.4414 0.8880
vn 0.0993 -0.1348 -0.9859
vn 0.1868 0.6437 -0.7422
vn 0.2492 0.5273 -0.8123
vn 0.0469 -0.5603 0.8270
vn -0.2265 -0.4959 0.8383
vn 0.0735 0.9953 0.0636
vn 0.0046 -0.1559 0.9878
vn -0.1474 0.9886 -0.0295
vn 0.0046 0.2632 0.9647
vn 0.0174 0.4820 0.8760
vn 0.6026 0.0657 -0.7954
vn 0.5132 0.7492 0.4187
vn 0.2896 0.2458 -0.9250
vn 0.7459 -0.1161 -0.6559
vn 0.6252 0.2433 0.7416
vn 0.0736 0.7095 0.7008
vn 0.7093 0.1394 0.6910
vn -0.0427 -0.6630 -0.7474
vn 0.3802 0.1595 -0.9111
vn 0.5597 0.4359 -0.7047
vn -0.3874 0.4073 0.8271
vn -0.1307 -0.0369 -0.9907
vn -0.2482 0.5257 -0.8136
vn -0.1157 0.8701 -0.4792
vn 0.4081 0.7728 -0.4860
vn -0.2186 -0.1275 0.9674
vn 0.3531 0.1021 -0.9300
vn 0.3532 0.1796 -0.9181
vn 0.6812 -0.7175 0.1452
vn 0.3806 -0.0879 -0.9205
vn -0.0927 -0.9952 0.0300
vn -0.5191 -0.0482 0.8533
vn 0.5049 -0.0868 -0.8588
vn -0.3204 -0.4455 0.8360
vn -0.5014 0.0115 0.8651
vn 0.5446 -0.1038 -0.8322
vn 0.4645 -0.8165 0.3428
vn 0.0374 0.3522 -0.9352
vn -0.2111 -0.1546 0.9652
vn -0.0764 0.5079 -0.8580
vn 0.3294 -0.8868 0.3243
vn 0.0763 -0.3587 0.9303
vn 0.9381 -0.2675 0.2200
vn 0.6074 0.1500 -0.7802
vn -0.0529 -0.3613 0.9310
vn -0.3126 -0.4073 0.8581
vn -0.4658 -0.1105 0.8780
vn 0.9019 -0.2318 0.3643
vn -0.1479 -0.1227 0.9814
vn -0.2361 -0.2618 -0.9358
vn -0.5955 -0.7996 -0.0775
vn -0.3563 0.0950 0.9295
vn 0.0040 0.4533 -0.8914
vn 0.1612 0.7424 0.6502
vn -0.1077 -0.5628 0.8196
vn -0.2857 -0.4049 0.8686
vn -0.0265 0.8323 0.5537
vn 0.4393 0.7603 -0.4784
vn 0.4296 0.7047 -0.5647
vn -0.0876 -0.5664 0.8195
vn 0.4867 0.4290 0.7609
vn 0.8592 -0.3890 -0.3323
vn -0.4458 -0.2431 0.8615
vn -0.5405 0.6780 0.4981
vn 0.7240 0.6898 -0.0021
vn -0.1514 0.0575 -0.9868
vn 0.0056 0.2145 -0.9767
vn 0.5062 0.5824 0.6360
vn -0.4673 0.6870 0.5564
vn -0.1087 0.9146 -0.3896
vn 0.4028 0.7881 -0.4656
vn 0.4561 0.3155 0.8321
vn -0.2645 -0.2463 0.9324
vn -0.1059 0.9236 -0.3685
vn 0.0218 -0.1738 0.9845
vn -0.4045 -0.0020 0.9145
vn 0.7544 -0.6529 -0.0674
vn 0.3373 0.1712 0.9257
vn 0.1677 0.0983 0.9809
vn -0.4405 -0.4714 -0.7641
vn 0.0165 -0.3608 -0.9325
vn 0.3186 0.1909 0.9285
vn -0.0651 -0.5907 0.8042
vn -0.0211 0.6840 -0.7292
vn 0.2338 -0.0432 -0.9713
vn -0.6160 -0.3582 0.7016
vn -0.5282 -0.7967 0.2937
vn -0.0618 -0.6328 0.7718
vn -0.0519 -0.5721 -0.8186
vn 0.5286 -0.4439 0.7235
vn 0.8133 -0.4779 -0.3319
vn 0.3321 -0.5091 -0.7941
vn 0.3843 0.1381 -0.9128
vn 0.1596 -0.5146 0.8424
vn 0.9396 0.3221 0.1159
vn 0.3370 0.1722 0.9256
vn 0.2641 -0.2661 0.9271
vn 0.2478 -0.3171 0.9155
vn 0.0035 0.1005 0.9949
vn -0.3301 -0.2274 0.9162
vn -0.3350 -0.2330 0.9129
vn -0.7387 0.6549 0.1596
vn 0.3279 0.2160 -0.9197
vn -0.6580 0.0957 0.7469
vn 0.5239 -0.0765 -0.8484
vn 0.7778 -0.5649 -0.2754
vn -0.8217 0.3533 -0.4472
vn 0.1712 -0.9813 -0.0879
vn 0.2390 -0.8454 -0.4778
vn 0.1135 -0.6059 -0.7874
vn 0.5849 -0.0409 -0.8101
vn 0.0495 0.4748 -0.8787
vn -0.7296 0.4899 -0.4771
vn -0.3932 0.7463 0.5370
vn -0.6711 0.3191 0.6692
vn -0.4817 0.6472 -0.5909
vn 0.3121 -0.2655 0.9122
vn -0.2829 -0.5707 0.7709
vn -0.2274 -0.2085 0.9512
vn 0.1405 0.4763 -0.8680
vn -0.4763 0.0709 0.8764
vn 0.1229 -0.2240 0.9668
vn 0.0058 0.2839 -0.9588
vn 0.3776 0.0959 0.9210
vn 0.2512 0.6465 -0.7203
vn -0.0004 0.2821 -0.9594
vn 0.2454 0.8727 -0.4220
vn 0.2328 0.6271 0.7433
vn -0.6350 0.7649 -0.1082
vn -0.1116 0.3841 -0.9165
vn 0.3342 0.9194 -0.2073
vn 0.0650 0.5813 -0.8111
vn -0.1781 -0.3874 0.9045
vn 0.7378 0.5614 0.3748
vn 0.1662 0.9093 0.3814
vn 0.0649 0.5287 0.8463
vn -0.4379 0.0646 0.8967
vn 0.1539 0.5385 -0.8284
vn 0.1884 -0.9797 -0.0680
vn -0.0909 -0.9044 0.4169
vn 0.3241 0.2679 -0.9073
vn 0.1779 -0.9587 -0.2219
vn 0.1210 0.8770 -0.4649
vn -0.2208 0.1393 -0.9653
vn -0.1783 0.1192 -0.9767
vn -0.0000 0.5313 0.8472
vn -0.4200 0.4898 0.7640
vn 0.7167 0.5206 -0.4639
vn 0.5449 -0.4010 -0.7364
vn -0.6586 0.0382 0.7515
vn 0.5564 0.8056 0.2036
vn -0.2895 0.1005 0.9519
vn -0.3260 -0.1266 0.9369
vn -0.2779 -0.1500 0.9488
vn 0.4565 -0.0210 -0.8895
vn 0.4671 0.0002 -0.8842
vn -0.3827 -0.1693 0.9082
vn 0.0431 -0.3624 0.9310
vn 0.3023 0.2056 -0.9308
vn -0.3719 -0.0800 0.9248
vn -0.5744 -0.2835 0.7679
vn -0.4018 -0.3946 0.8263
vn 0.2525 0.2134 -0.9438
vn 0.1757 -0.0934 -0.9800
vn 0.1277 0.3593 -0.9244
vn 0.6400 -0.3477 0.6852
vn -0.0276 -0.9663 -0.2561
vn 0.3011 -0.4453 -0.8432
vn -0.1897 0.2630 0.9460
vn 0.0490 -0.3614 -0.9311
vn 0.4246 0.4717 -0.7728
vn -0.1106 -0.5897 0.8000
vn 0.2719 0.5652 -0.7789
vn -0.0180 0.4700 -0.8825
vn 0.9308 0.2798 0.2354
vn -0.5129 -0.2464 0.8223
vn 0.9859 0.1518 0.0703
vn 0.5774 -0.8111 -0.0933
vn 0.4812 -0.3909 0.7846
vn -0.3880 0.7791 0.4924
vn -0.1626 0.0410 0.9858
vn -0.2287 -0.3418 0.9115
vn 0.0120 0.3834 0.9235
vn 0.7766 0.2160 0.5918
vn 0.7422 -0.5182 0.4250
vn 0.2455 -0.0021 -0.9694
vn 0.1916 0.1062 -0.9757
vn 0.3565 0.0198 -0.9341
vn -0.1311 0.0551 0.9898
vn -0.0582 -0.0053 0.9983
vn 0.2529 0.8831 -0.3951
vn -0.2729 -0.0707 0.9594
vn -0.0426 -0.0564 0.9975
vn -0.5305 -0.8127 -0.2411
vn -0.1523 -0.1808 0.9717
vn 0.1234 0.2464 -0.9613
vn -0.0833 -0.1321 -0.9877
vn -0.1975 -0.3053 -0.9315
vn -0.2246 0.1586 0.9615
vn -0.0727 -0.0062 -0.9973
vn -0.2226 0.1790 -0.9583
vn -0.0151 -0.5174 0.8556
vn -0.0371 -0.1167 0.9925
vn 0.0274 0.3597 -0.9327
vn -0.1525 -0.2272 0.9618
vn -0.0263 0.0864 -0.9959
vn 0.1987 0.1329 0.9710
vn -0.1593 -0.3250 0.9322
vn -0.1661 0.5318 -0.8305
vn 0.3587 -0.9295 0.0855
vn 0.6500 -0.5524 -0.5218
vn -0.2575 0.4733 -0.8424
vn 0.0570 -0.6341 0.7712
vn -0.0441 -0.1060 0.9934
vn 0.9816 0.1446 -0.1247
vn 0.1976 -0.1414 0.9700
vn -0.3452 -0.4105 0.8440
vn 0.2402 0.4524 -0.8589
vn 0.1455 -0.1303 0.9807
vn 0.0319 0.2994 -0.9536
vn 0.5601 0.0844 -0.8241
vn -0.0002 0.3532 -0.9356
vn 0.5580 -0.3548 0.7502
vn -0.4220 0.8590 0.2897
vn 0.5848 -0.3319 0.7402
vn 0.0895 -0.2268 0.9698
vn 0.2759 0.1910 0.9420
vn 0.1410 0.0862 0.9863
vn 0.2388 0.7472 -0.6202
vn 0.4546 0.3515 0.8184
vn 0.1353 0.2449 0.9601
vn 0.4670 0.8492 -0.2465
vn 0.2909 0.7715 -0.5659
vn 0.6843 -0.0465 0.7277
vn 0.4183 -0.8199 -0.3910
vn -0.4216 0.0097 0.9067
vn -0.0963 0.1776 -0.9794
vn -0.1918 0.4831 -0.8543
vn 0.0995 0.9926 0.0693
vn -0.2137 -0.3082 -0.9270
vn 0.2381 0.3176 0.9179
vn 0.1117 -0.3272 0.9383
vn 0.9797 0.0675 -0.1886
vn -0.4172 0.3182 0.8513
vn -0.4780 -0.1477 0.8659
vn 0.6627 0.5744 0.4805
vn 0.5005 -0.0107 -0.8657
vn -0.4074 0.2488 0.8787
vn -0.4694 0.0423 0.8820
vn 0.4558 -0.8900 -0.0099
vn 0.6716 0.1260 -0.7301
vn 0.8648 -0.4991 0.0556
vn 0.1773 -0.6204 -0.7640
vn 0.3119 0.2550 -0.9152
vn -0.4973 -0.2537 0.8297
vn -0.0065 0.4046 0.9145
vn 0.1679 -0.7428 0.6481
vn 0.1976 0.1377 -0.9706
vn 0.2444 0.2374 -0.9402
vn 0.2444 -0.0056 -0.9696
vn -0.3928 -0.4257 0.8152
vn 0.7998 -0.5551 0.2284
vn 0.5904 0.5145 -0.6219
vn 0.3551 0.0018 0.9348
vn 0.1141 -0.2100 0.9710
vn 0.6536 0.1223 -0.7469
vn 0.7026 0.0958 0.7051
vn 0.0730 -0.9962 0.0478
vn 0.1394 -0.2665 -0.9537
vn 0.1581 -0.9534 0.2569
vn -0.2208 -0.5286 0.8196
vn 0.3184 0.2879 -0.9032
vn 0.4722 -0.5314 0.7033
vn 0.6977 0.5973 -0.3956
vn 0.9825 -0.1228 0.1400
vn 0.3518 0.2688 0.8967
vn 0.6865 -0.0625 -0.7245
vn 0.6224 0.7801 -0.0637
vn 0.5880 0.3670 -0.7208
vn 0.4528 0.2790 0.8468
vn -0.4168 -0.2608 0.8708
vn -0.3013 -0.5551 0.7753
vn 0.1393 -0.0009 -0.9902
vn 0.1164 0.0087 -0.9932
vn -0.4367 0.2447 0.8657
vn -0.0715 -0.9909 0.1144
vn -0.1655 -0.1557 0.9738
vn 0.1421 -0.6573 0.7401
vn -0.1868 -0.6513 0.7354
vn -0.6657 0.4902 0.5626
vn 0.8303 -0.5489 -0.0963
vn 0.4484 -0.4991 -0.7415
vn -0.9131 0.0530 0.4044
vn 0.1755 0.2591 -0.9498
vn -0.2368 -0.1675 0.9570
vn 0.1427 -0.1000 -0.9847
vn -0.1542 -0.1795 0.9716
vn -0.1527 0.2121 0.9652
vn 0.0352 0.1011 -0.9943
vn -0.1542 -0.2277 0.9614
vn 0.2525 0.0796 -0.9643
vn -0.1372 -0.2333 0.9627
vn 0.1508 0.2123 -0.9655
vn -0.3527 -0.2664 0.8970
vn -0.0687 -0.0445 0.9966
vn 0.6765 0.3089 -0.6686
vn -0.0840 -0.3024 0.9495
vn -0.1350 -0.5264 0.8394
vn 0.4221 0.5424 0.7264
vn -0.0619 0.8954 0.4408
vn -0.5186 -0.3050 0.7988
vn 0.2620 0.3952 -0.8805
vn -0.2398 -0.2035 0.9493
vn -0.1113 -0.3365 0.9351
vn 0.0956 0.9906 -0.0982
vn -0.7066 0.6241 0.3334
vn -0.7032 0.6091 0.3668
vn -0.2066 -0.5402 0.8158
vn -0.1504 -0.5370 0.8301
vn 0.0363 -0.2559 0.9660
vn 0.0550 0.6280 -0.7762
vn -0.7461 -0.0204 -0.6655
vn -0.1983 0.3373 -0.9203
vn 0.5248 -0.2903 0.8002
vn 0.1590 0.0892 -0.9832
vn 0.0420 -0.2366 0.9707
vn -0.1478 -0.3476 0.9259
vn -0.3206 0.1664 0.9325
vn -0.0292 0.6218 0.7826
vn -0.4955 0.0138 0.8685
vn -0.7348 0.1018 0.6706
vn -0.6752 0.0301 0.7370
vn 0.2921 0.5107 0.8086
vn 0.2790 0.5682 0.7742
vn 0.8109 0.0103 -0.5851
vn 0.6175 -0.7535 0.2258
vn 0.8056 0.3955 0.4410
vn 0.2377 0.6136 0.7530
vn -0.5482 0.3980 -0.7356
vn -0.4301 0.6302 0.6464
vn -0.2242 -0.0696 0.9721
vn -0.2636 -0.3539 0.8973
vn -0.7415 0.5080 -0.4384
vn -0.9395 -0.0357 0.3406
vn -0.5727 -0.7801 -0.2520
vn -0.1804 -0.0867 0.9798
vn 0.6254 -0.3464 -0.6992
vn 0.4309 -0.7070 -0.5608
vn 0.3962 -0.6750 -0.6224
vn 0.3730 0.5139 -0.7725
vn 0.0743 0.2814 0.9567
vn -0.0997 0.1261 0.9870
vn 0.4198 0.2927 -0.8591
vn 0.4355 0.3196 -0.8416
vn 0.4654 0.4428 -0.7664
vn -0.4830 0.0223 0.8753
vn 0.4507 0.2166 -0.8660
vn -0.5565 -0.1387 0.8192
vn 0.6355 0.2645 -0.7254
vn 0.0126 -0.2016 0.9794
vn -0.0620 0.1896 -0.9799
vn -0.0417 -0.1051 0.9936
vn 0.0191 0.1120 -0.9935
vn 0.2257 -0.0144 0.9741
vn 0.1320 0.3622 -0.9227
vn 0.3220 -0.6709 -0.6680
vn -0.8812 0.4727 0.0016
vn -0.6813 0.5772 0.4502
vn 0.1761 -0.4698 0.8651
vn 0.3318 -0.0836 -0.9396
vn -0.2927 -0.4548 0.8411
vn 0.5460 -0.4823 -0.6850
vn -0.4464 0.0048 0.8948
vn 0.0866 0.9790 -0.1848
vn -0.1457 -0.0722 0.9867
vn -0.8593 0.3813 0.3410
vn 0.2621 -0.1191 0.9577
vn 0.5024 -0.3182 0.8040
vn 0.3406 0.2029 0.9180
vn 0.1428 -0.3269 0.9342
vn -0.9850 0.1680 -0.0387
vn 0.9117 -0.2998 -0.2808
vn -0.6179 0.6280 0.4731
vn 0.4872 -0.0764 -0.8700
vn 0.8069 0.0204 -0.5903
vn -0.3723 0.8488 -0.3754
vn 0.2615 0.1977 -0.9447
vn -0.5746 -0.1457 0.8054
vn -0.3746 -0.2830 0.8829
vn 0.0805 0.2245 -0.9711
vn 0.1336 0.2442 -0.9605
vn 0.0952 -0.0383 0.9947
vn -0.1181 0.0682 0.9907
vn 0.1125 0.2916 -0.9499
vn 0.4177 0.4346 -0.7979
vn 0.3054 0.4684 -0.8291
vn -0.3796 -0.3699 0.8480
vn -0.1615 0.4975 0.8523
vn 0.2913 0.9515 -0.0992
vn 0.0550 0.3603 -0.9312
vn -0.2788 -0.1964 0.9401
vn -0.1350 -0.4037 0.9049
vn -0.2673 -0.2144 0.9395
vn 0.3128 0.3882 -0.8669
vn 0.1643 -0.3436 -0.9246
vn 0.6665 -0.5489 -0.5045
vn 0.5951 -0.1720 -0.7851
vn 0.1803 -0.3538 -0.9178
vn 0.3770 0.1244 -0.9178
vn -0.3779 -0.3940 0.8378
vn -0.3736 -0.2787 0.8848
vn -0.2844 -0.3116 0.9066
vn -0.3956 -0.2473 0.8845
vn 0.8261 -0.5128 0.2335
vn 0.4100 0.1670 -0.8967
vn 0.6265 0.3512 0.6958
vn 0.2427 -0.2858 0.9270
vn -0.1956 -0.3325 -0.9226
vn -0.3344 0.8968 0.2895
vn 0.1513 0.6638 -0.7324
vn 0.1292 0.6745 -0.7269
vn -0.2165 0.3610 0.9071
vn -0.2301 -0.4066 0.8841
vn 0.3092 0.9416 0.1331
vn -0.1886 -0.0969 0.9773
vn -0.1214 0.9710 0.2058
vn -0.4939 -0.3628 0.7903
vn 0.1434 0.4679 -0.8721
vn 0.0877 0.3212 0.9429
vn -0.5108 -0.4225 0.7487
vn -0.6288 -0.2326 0.7419
vn -0.2714 0.7772 0.5678
vn -0.6223 -0.2741 0.7332
vn 0.1902 0.5585 -0.8074
vn 0.7066 0.1469 0.6922
vn 0.2053 0.3385 0.9183
vn 0.6393 0.1347 -0.7571
vn -0.3038 -0.2614 -0.9162
vn 0.2442 0.2647 0.9329
vn -0.3782 -0.2848 -0.8808
vn -0.3304 -0.3545 -0.8747
vn -0.0681 0.0575 0.9960
vn 0.2286 -0.1228 -0.9658
vn 0.2518 0.2549 0.9336
vn 0.0482 0.2025 0.9781
vn 0.2407 -0.9686 0.0623
vn -0.4068 -0.8948 0.1842
vn 0.3367 -0.5538 0.7615
vn 0.2925 -0.4029 0.8673
vn 0.1104 -0.4876 0.8661
vn -0.1451 -0.9670 0.2094
vn -0.5577 -0.5980 0.5757
vn 0.1648 0.0991 0.9813
vn -0.0853 -0.0341 0.9958
vn -0.2742 -0.0361 0.9610
vn 0.7430 0.2041 0.6375
vn -0.1605 -0.7884 0.5938
vn 0.1602 0.7555 -0.6353
vn 0.5944 0.4240 -0.6833
vn -0.6005 -0.5473 0.5830
vn -0.1898 -0.3211 0.9278
vn -0.2213 -0.3126 0.9237
vn 0.8063 -0.2124 -0.5520
vn 0.5672 -0.0832 -0.8194
vn 0.7248 0.0367 -0.6879
vn -0.3320 -0.0016 0.9433
vn -0.7397 -0.1781 0.6490
vn -0.0955 0.9370 -0.3361
vn 0.3510 0.3894 -0.8516
vn -0.4748 -0.4440 0.7599
vn 0.2028 0.9790 0.0212
vn -0.9003 0.2039 0.3846
vn 0.4574 0.4155 -0.7862
vn 0.9501 -0.0111 0.3118
vn 0.3268 -0.8836 -0.3353
vn 0.2107 0.4478 -0.8689
vn -0.1219 -0.6775 0.7254
vn 0.9422 -0.3328 -0.0391
vn -0.1884 -0.5033 0.8433
vn 0.6555 -0.5942 0.4661
vn 0.9567 -0.2400 0.1646
vn 0.7982 -0.1128 0.5918
vn -0.0081 -0.2868 0.9580
vn 0.4157 0.3883 0.8224
vn 0.7957 0.5270 -0.2986
vn 0.6552 -0.1648 -0.7373
vn 0.9152 -0.3288 -0.2329
vn 0.8719 0.4676 -0.1451
vn -0.7302 -0.6383 0.2438
vn 0.2744 -0.6599 0.6994
vn -0.4579 -0.3547 0.8152
vn -0.3117 -0.3347 0.8893
vn -0.3046 -0.0793 0.9492
vn 0.3731 0.1579 -0.9143
vn -0.5337 -0.4124 0.7383
vn 0.3049 0.3182 -0.8977
vn -0.3880 -0.3019 0.8708
vn -0.4378 -0.2590 0.8609
vn 0.4835 0.4339 -0.7603
vn 0.0359 -0.9946 0.0972
vn 0.2405 -0.9694 -0.0503
vn -0.3111 -0.3291 0.8916
vn 0.7923 -0.5295 -0.3032
vn -0.2323 -0.2793 0.9317
vn 0.1731 0.9800 -0.0984
vn -0.4818 -0.4693 0.7400
vn -0.4617 -0.3328 0.8222
vn 0.4383 0.5496 -0.7113
vn -0.5352 -0.4046 0.7415
vn 0.6663 0.5638 0.4880
vn 0.6408 0.7521 0.1539
vn 0.7746 0.4565 0.4378
vn -0.5831 -0.1295 0.8020
vn -0.4159 0.0341 0.9088
vn 0.4772 -0.0881 -0.8744
vn 0.3750 -0.1503 -0.9147
vn 0.5211 -0.7423 -0.4214
vn -0.3185 0.0563 0.9463
vn -0.3203 0.0433 0.9463
vn 0.4720 0.3661 -0.8020
vn -0.2050 -0.6462 0.7351
vn 0.7268 0.1783 0.6633
vn -0.4537 -0.2413 0.8579
vn -0.4901 -0.1075 0.8650
vn -0.3772 0.2374 0.8952
vn 0.7463 0.1428 0.6501
vn -0.4625 -0.1543 0.8731
vn 0.5382 0.1718 -0.8251
vn -0.4448 -0.1769 0.8780
vn 0.5505 0.5889 -0.5917
vn 0.3815 0.5542 -0.7398
vn 0.5592 0.4001 -0.7260
vn -0.3058 -0.6427 0.7025
vn -0.0770 0.1280 0.9888
vn -0.4062 -0.5863 0.7009
vn 0.9493 -0.0015 0.3142
vn 0.9156 -0.3935 -0.0820
vn 0.4935 0.0268 -0.8693
vn -0.3360 -0.2598 0.9053
vn 0.9724 0.0333 0.2308
vn 0.9939 -0.0540 0.0956
vn 0.9907 -0.0167 0.1354
vn -0.3835 -0.3976 0.8336
vn 0.5796 0.2747 -0.7672
vn 0.9736 0.1426 0.1780
vn 0.4281 0.5794 -0.6936
vn 0.6742 0.6114 -0.4143
vn 0.6699 0.5935 0.4460
vn -0.6630 -0.4054 0.6294
vn -0.3146 -0.6970 0.6444
vn -0.2968 -0.5775 0.7605
vn -0.6147 -0.4210 0.6670
vn 0.1925 0.5311 0.8251
vn -0.5026 -0.5590 -0.6595
vn -0.7236 -0.3094 -0.6169
vn -0.7039 -0.3214 -0.6334
vn 0.6281 0.0801 0.7740
vn 0.5295 -0.2324 0.8159
vn -0.1335 -0.7783 0.6136
vn 0.0833 0.0415 0.9957
vn 0.0722 0.0751 0.9946
vn -0.6936 -0.6412 0.3284
vn -0.4905 -0.0895 -0.8668
vn -0.4030 -0.3611 -0.8409
vn 0.3098 -0.0534 0.9493
vn 0.2848 0.0477 0.9574
vn 0.4133 0.0869 0.9064
vn -0.2452 -0.1818 -0.9523
vn 0.4302 0.4598 0.7768
vn -0.2270 -0.6300 -0.7427
vn -0.1097 0.2338 0.9661
vn -0.0610 0.2441 0.9678
vn -0.5015 -0.4947 0.7097
vn -0.3644 -0.4652 -0.8067
vn -0.1738 -0.2033 -0.9636
vn 0.1807 0.1715 0.9685
vn -0.0638 -0.2928 -0.9540
vn 0.1869 0.3157 0.9303
vn 0.0181 -0.2769 -0.9607
vn 0.1283 0.2037 0.9706
vn 0.2763 0.3762 0.8844
vn -0.0528 0.4514 0.8908
vn -0.8492 0.0197 0.5277
vn -0.6977 -0.4150 -0.5839
vn -0.4161 -0.7885 -0.4528
vn 0.1474 -0.0141 0.9890
vn 0.0340 -0.9885 0.1475
vn -0.1452 -0.3117 -0.9390
vn -0.1141 0.2165 0.9696
vn 0.2115 0.0816 0.9740
vn 0.1891 0.1365 0.9724
vn 0.0935 0.0193 0.9954
vn -0.0523 -0.2121 -0.9758
vn -0.1447 0.1481 0.9783
vn -0.3913 -0.5470 -0.7401
vn -0.1607 -0.3562 -0.9205
vn 0.1557 0.1800 0.9713
vn -0.6461 -0.6201 -0.4450
vn -0.8021 -0.5074 0.3150
vn -0.7635 -0.6302 0.1410
vn 0.0488 -0.4913 -0.8696
vn 0.2222 0.2280 0.9480
vn 0.4175 0.4100 0.8109
vn -0.7539 -0.5492 -0.3605
vn 0.6304 0.4833 0.6074
vn 0.6252 -0.1264 0.7702
vn 0.3951 0.0993 0.9133
vn 0.9629 -0.1543 0.2212
vn 0.8198 0.2446 0.5178
vn 0.8480 -0.1483 -0.5088
vn 0.5808 -0.0885 0.8092
vn -0.4490 -0.7284 0.5175
vn 0.1656 0.8202 0.5475
vn -0.0108 -0.0279 0.9996
vn -0.0989 -0.3005 -0.9487
vn -0.2370 -0.1323 -0.9625
vn 0.5520 -0.0443 0.8327
vn 0.3745 0.3181 0.8709
vn 0.8454 -0.3322 -0.4183
vn 0.7200 0.5591 0.4111
vn 0.2436 0.5171 0.8205
vn -0.2311 -0.6453 -0.7281
vn 0.2998 0.4581 0.8368
vn -0.1753 -0.6331 -0.7540
vn -0.1375 -0.3889 -0.9110
vn -0.4493 -0.4734 -0.7576
vn -0.3932 -0.4384 -0.8082
vn 0.3857 0.4358 0.8132
vn 0.7027 0.3564 0.6157
vn 0.4580 -0.5598 -0.6905
vn -0.2604 -0.5240 -0.8109
vn 0.1267 0.5235 0.8426
vn -0.0791 -0.9950 -0.0604
vn -0.0812 -0.7713 -0.6313
vn 0.2914 -0.7106 0.6405
vn -0.0357 -0.7717 -0.6350
vn -0.1532 -0.4945 -0.8556
vn -0.1127 -0.4665 -0.8773
vn 0.2194 0.4369 0.8723
vn -0.3011 -0.4811 -0.8233
vn 0.1058 0.4867 0.8671
vn 0.1992 0.5666 0.7996
vn -0.1021 -0.4029 -0.9095
vn 0.5293 0.5202 0.6702
vn -0.2424 -0.2929 -0.9249
vn -0.9848 -0.1382 -0.1055
vn 0.0602 0.2604 0.9636
vn -0.5892 -0.5585 -0.5839
vn -0.9694 0.0598 0.2381
vn -0.9799 -0.1050 -0.1696
vn -0.4432 0.4745 0.7605
vn -0.9423 0.3176 0.1059
vn -0.4289 -0.1159 0.8959
vn 0.2877 -0.9570 0.0371
vn -0.0194 -0.6353 -0.7721
vn -0.0266 -0.6350 -0.7720
vn 0.1920 0.6454 0.7393
vn 0.0110 0.5250 0.8511
vn -0.3936 0.5033 0.7693
vn -0.3627 0.4831 0.7969
vn 0.9855 -0.1304 0.1083
vn -0.1962 0.7561 0.6243
vn 0.4302 -0.1250 0.8940
vn -0.2713 0.7488 0.6047
vn 0.3246 0.1957 0.9254
vn 0.0928 0.3386 0.9363
vn 0.1438 -0.3931 -0.9082
vn 0.0848 -0.3487 -0.9334
vn -0.5036 0.3286 0.7990
vn 0.1024 0.3387 0.9353
vn -0.4527 0.5408 0.7089
vn 0.1658 -0.4862 0.8580
vn -0.6858 -0.6065 0.4023
vn -0.2761 -0.0543 0.9596
vn 0.6812 0.4587 0.5706
vn -0.4433 -0.6598 0.6068
vn 0.3938 0.5258 0.7539
vn 0.4192 0.5315 0.7361
vn -0.6540 -0.4316 -0.6213
vn 0.4640 0.5116 0.7232
vn -0.7843 0.1622 -0.5988
vn 0.5498 0.1945 0.8123
vn -0.7503 -0.1024 -0.6531
vn 0.4809 0.3879 0.7863
vn 0.3921 0.6177 0.6817
vn -0.5513 -0.1621 -0.8184
vn 0.4847 0.0063 0.8746
vn -0.6451 -0.1949 -0.7388
vn 0.7328 0.0814 0.6756
vn 0.6191 0.0129 0.7852
vn 0.3519 0.1990 0.9146
vn 0.3484 0.2167 0.9119
vn -0.9075 -0.3697 -0.1996
vn -0.9384 0.3392 0.0651
vn 0.2286 0.0890 0.9695
vn -0.6594 0.1093 -0.7438
vn 0.6195 -0.1179 0.7761
vn 0.5306 -0.1669 0.8311
vn -0.8126 -0.1254 -0.5691
vn -0.3820 0.3648 -0.8491
vn -0.7866 -0.2818 -0.5494
vn -0.6182 -0.4089 -0.6713
vn -0.5380 -0.0225 0.8426
vn -0.2894 -0.0687 0.9547
vn -0.2787 -0.0382 0.9596
vn -0.1218 -0.1884 0.9745
vn 0.6963 0.2941 0.6547
vn 0.6865 0.2635 0.6777
vn -0.7234 0.5244 0.4491
vn -0.6583 0.1118 -0.7444
vn -0.7485 0.5060 0.4286
vn -0.5871 -0.1331 -0.7985
vn -0.5363 0.8365 -0.1125
vn -0.5484 0.8324 -0.0805
vn 0.1403 0.6818 0.7179
vn -0.8221 -0.2881 -0.4910
vn -0.9312 0.2777 -0.2361
vn -0.4771 0.2476 0.8432
vn 0.7643 -0.0537 0.6426
vn 0.1554 0.2751 0.9488
vn 0.1599 0.5135 0.8430
vn -0.2305 0.5189 0.8231
vn 0.5727 -0.7232 -0.3861
vn -0.1956 0.0519 0.9793
vn -0.0623 -0.8511 0.5213
vn -0.0070 -0.5411 -0.8409
vn 0.0385 -0.5681 -0.8221
vn -0.3453 -0.2818 0.8952
vn -0.5294 -0.4558 -0.7155
vn -0.1945 -0.9609 -0.1971
vn -0.0684 0.0442 0.9967
vn 0.4221 0.5956 0.6834
vn 0.5631 0.3106 0.7658
vn 0.5248 0.5181 0.6754
vn -0.3786 -0.9026 0.2050
vn -0.3263 -0.9380 -0.1172
vn -0.5438 -0.3976 -0.7391
vn -0.6181 -0.3227 -0.7169
vn 0.5805 0.4506 0.6782
vn -0.5075 -0.2011 -0.8378
vn -0.0847 -0.6374 -0.7659
vn -0.2524 -0.4850 -0.8373
vn 0.3418 0.4942 0.7993
vn 0.7237 -0.1159 0.6803
vn 0.5719 0.4872 0.6599
vn -0.7493 -0.3919 -0.5339
vn -0.4944 -0.5072 0.7060
vn -0.7042 -0.2839 0.6507
vn -0.1790 -0.1450 0.9731
vn -0.6653 0.1110 -0.7383
vn -0.6869 0.0438 -0.7255
vn 0.5497 0.2418 0.7996
vn 0.4921 0.0057 0.8705
vn 0.4227 0.1245 0.8977
vn 0.6759 -0.0241 0.7366
vn -0.6300 -0.6777 -0.3794
vn 0.7430 0.3121 0.5921
vn -0.7512 -0.3905 -0.5322
vn 0.0540 -0.0766 0.9956
vn 0.6323 0.1584 0.7583
vn -0.5525 0.2423 -0.7975
vn -0.5818 0.0592 -0.8112
vn 0.7745 -0.1096 0.6230
vn 0.1472 0.7733 -0.6168
vn 0.2430 -0.5960 -0.7653
vn 0.7342 0.0366 0.6779
vn 0.8481 0.4065 -0.3399
vn 0.3786 -0.4816 0.7904
vn -0.2346 -0.7839 0.5748
vn 0.6223 0.2316 0.7477
vn -0.4656 -0.0158 -0.8849
vn -0.1293 -0.8246 -0.5507
vn -0.3049 0.1186 -0.9450
vn 0.0239 0.1059 -0.9941
vn -0.1029 0.1796 -0.9783
vn 0.5126 0.4214 -0.7481
vn 0.5650 0.1757 -0.8061
vn 0.4458 0.4540 -0.7714
vn 0.5668 -0.1688 0.8063
vn -0.0165 0.8702 0.4925
vn -0.4998 0.8331 0.2369
vn 0.3116 -0.1707 0.9348
vn -0.3050 0.4846 -0.8198
vn 0.0900 0.8343 0.5439
vn -0.0564 0.4930 0.8682
vn 0.0108 -0.5766 -0.8170
vn -0.0735 0.7441 0.6640
vn 0.0424 -0.9896 -0.1372
vn 0.1399 -0.9233 -0.3577
vn -0.3060 -0.7543 -0.5809
vn 0.3640 0.5987 0.7135
vn -0.0805 -0.7924 -0.6047
vn -0.1811 -0.3909 -0.9024
vn -0.5378 -0.8049 -0.2508
vn -0.2870 -0.4610 -0.8397
vn -0.1178 -0.6136 -0.7808
vn 0.2763 0.6737 0.6855
vn 0.4798 0.6234 0.6174
vn -0.4150 -0.4908 -0.7661
vn -0.1022 0.5280 0.8431
vn -0.6266 -0.5343 -0.5674
vn -0.4643 -0.7771 0.4249
vn -0.6116 -0.6740 -0.4143
vn 0.4004 0.5943 0.6975
vn 0.1755 -0.1439 0.9739
vn 0.4011 0.2451 0.8826
vn 0.2929 0.2293 0.9282
vn 0.3904 0.2390 0.8891
vn -0.5816 -0.2233 -0.7822
vn -0.4571 -0.1133 -0.8822
vn 0.6357 0.3339 0.6961
vn 0.4207 -0.8646 0.2748
vn 0.3533 -0.7250 0.5912
vn 0.5737 0.5772 -0.5811
vn -0.5901 -0.4814 0.6481
vn 0.4676 0.6110 0.6388
vn -0.7240 -0.4046 -0.5586
vn 0.5491 0.1347 0.8248
vn 0.1087 -0.9864 -0.1230
vn -0.7311 -0.3141 -0.6057
vn -0.4669 -0.2747 -0.8405
vn -0.7445 0.1198 0.6568
vn 0.0223 -0.9990 -0.0389
vn 0.3058 0.5914 0.7462
vn -0.6176 -0.6919 0.3740
vn -0.4877 -0.0390 -0.8721
vn -0.0458 0.8846 -0.4641
vn -0.0740 0.1519 -0.9856
vn 0.8355 -0.3490 0.4245
vn -0.0835 0.8221 -0.5632
vn 0.1204 -0.9749 -0.1870
vn 0.0649 0.7224 0.6884
vn 0.2088 0.1852 0.9603
vn 0.0713 0.0536 0.9960
vn -0.9099 0.3583 0.2091
vn -0.9956 0.0920 0.0176
vn -0.6283 -0.3011 0.7174
vn 0.3400 0.0629 0.9383
vn -0.4166 0.0799 -0.9056
vn -0.2782 0.2445 -0.9289
vn -0.2940 0.1765 -0.9394
vn -0.4635 -0.0947 -0.8810
vn -0.8557 -0.0235 0.5170
vn 0.2943 0.1617 0.9419
vn -0.5650 0.5591 0.6067
vn -0.4124 0.5766 0.7053
vn 0.2913 0.1594 0.9433
vn 0.3208 0.4314 0.8432
vn -0.4960 0.5348 0.6841
vn -0.4942 0.5310 0.6883
vn -0.6334 -0.7728 -0.0405
vn -0.0676 0.8044 -0.5903
vn 0.2065 -0.8816 0.4245
vn -0.4556 0.8868 -0.0779
vn -0.8621 -0.5059 -0.0295
vn -0.9518 -0.2861 0.1107
vn 0.4393 0.5094 0.7400
vn -0.1698 0.9852 -0.0234
vn 0.6602 -0.7462 0.0858
vn -0.0655 0.7490 0.6593
vn -0.1701 -0.8850 -0.4334
vn 0.3249 -0.9340 0.1484
vn 0.2793 0.6558 0.7014
vn 0.7086 0.6556 0.2609
vn 0.6897 0.5252 0.4985
vn -0.0539 0.7086 0.7035
vn 0.1816 -0.9834 -0.0004
vn 0.3204 -0.3556 0.8780
vn 0.3223 0.7301 0.6026
vn 0.2433 -0.9677 0.0664
vn 0.7495 -0.3527 0.5602
vn 0.0674 -0.6133 -0.7870
vn -0.0517 -0.4064 -0.9122
vn 0.5309 -0.7030 -0.4733
vn 0.7419 -0.1535 0.6526
vn -0.2988 -0.6288 -0.7179
vn -0.8877 0.3775 0.2635
vn 0.3622 0.3804 0.8510
vn 0.3647 0.3815 0.8494
vn 0.2191 0.3570 0.9080
vn 0.2229 0.3561 0.9075
vn 0.7524 0.3508 0.5575
vn -0.5203 -0.5167 -0.6800
vn -0.7044 0.3408 0.6227
vn -0.0434 -0.2461 0.9683
vn 0.3875 0.2867 0.8762
vn 0.0592 -0.4232 0.9041
vn -0.4533 -0.3659 -0.8128
vn -0.1945 -0.4737 -0.8590
vn 0.4724 0.4653 0.7486
vn -0.9682 0.1459 0.2033
vn -0.1359 0.0951 -0.9861
vn -0.2280 -0.1468 0.9625
vn 0.6406 0.5591 0.5263
vn 0.6862 -0.4458 -0.5748
vn 0.8108 -0.4531 -0.3705
vn 0.6231 0.2472 0.7420
vn 0.7376 0.2424 0.6302
vn 0.5894 0.3124 0.7450
vn -0.1604 -0.6152 -0.7719
vn -0.1740 -0.6059 -0.7763
vn -0.4167 -0.8990 -0.1347
vn -0.2923 0.7313 0.6162
vn -0.0015 0.3370 0.9415
vn 0.0119 0.2243 0.9744
vn 0.3655 0.1806 -0.9131
vn 0.0726 -0.2654 -0.9614
vn 0.3579 0.3739 0.8556
vn -0.2052 -0.3279 -0.9222
vn -0.0650 0.2969 0.9527
vn 0.0478 0.4104 0.9107
vn -0.2165 -0.3570 -0.9087
vn -0.2335 -0.3040 -0.9236
vn 0.9607 -0.0000 -0.2777
vn -0.3792 0.8320 -0.4050
vn -0.9607 -0.0000 0.2777
vn 0.1126 0.5812 0.8059
vn 0.6845 -0.7249 -0.0767
vn -0.7419 0.1504 -0.6534
vn 0.3024 0.2443 0.9213
vn 0.8291 -0.5154 0.2169
vn -0.0702 0.9915 -0.1095
vn 0.5089 0.0161 0.8607
vn 0.8615 -0.3974 -0.3161
vn 0.1111 0.3264 0.9387
vn 0.3964 0.7501 0.5293
vn -0.0518 0.1480 0.9876
vn 0.6797 0.6348 -0.3673
vn 0.4114 0.7394 0.5329
vn -0.0057 0.0895 0.9960
vn 0.5546 -0.1489 0.8187
vn -0.2314 0.1584 -0.9599
vn -0.2738 0.1326 -0.9526
vn 0.0026 0.5372 0.8434
vn 0.4177 -0.4603 0.7833
vn -0.4495 -0.6921 -0.5647
vn -0.0522 -0.7820 -0.6210
vn -0.9025 0.1242 0.4124
vn 0.8221 -0.3853 -0.4191
vn 0.0992 0.3479 0.9323
vn 0.0237 -0.6937 -0.7198
vn -0.3990 -0.1473 -0.9050
vn 0.1812 0.3345 0.9248
vn 0.1960 0.1634 0.9669
vn 0.1920 0.3450 0.9188
vn -0.3982 0.2813 -0.8731
vn -0.2117 0.4828 -0.8498
vn -0.0859 0.5766 0.8125
vn -0.3402 -0.4782 -0.8097
vn 0.0606 0.1144 0.9916
vn -0.3326 -0.4823 -0.8104
vn 0.0884 0.7707 0.6310
vn -0.7216 0.4537 -0.5229
vn -0.3091 -0.4709 -0.8263
vn -0.9669 -0.2368 -0.0952
vn 0.5996 -0.1144 0.7921
vn -0.8572 -0.0702 0.5102
vn -0.9919 0.0380 -0.1209
vn -0.9539 0.2404 -0.1797
vn -0.7910 0.5602 0.2460
vn -0.9936 -0.0961 -0.0589
vn 0.5653 -0.2873 0.7732
vn -0.7999 0.4425 0.4054
vn 0.2104 0.5003 0.8399
vn -0.6665 -0.2676 -0.6959
vn -0.4364 -0.2016 0.8769
vn -0.6286 -0.2279 0.7436
vn 0.1122 0.3866 0.9154
vn 0.2666 0.1340 0.9544
vn 0.6045 0.3845 0.6976
vn -0.7114 -0.2159 -0.6688
vn -0.6946 -0.2427 -0.6772
vn -0.6659 -0.2620 -0.6985
vn 0.5021 0.3774 0.7781
vn 0.5170 0.1378 0.8448
vn 0.4610 0.1920 0.8664
vn -0.6466 0.0956 -0.7568
vn 0.5912 0.1479 0.7928
vn 0.6322 0.0532 0.7730
vn 0.5934 -0.0546 0.8031
vn -0.6915 -0.1575 -0.7050
vn -0.7560 -0.0295 -0.6540
vn 0.6707 -0.1310 0.7301
vn 0.6520 -0.2029 0.7305
vn 0.7786 0.1392 0.6119
vn -0.7825 -0.1104 -0.6128
vn 0.6223 0.3990 0.6734
vn -0.6373 0.0555 -0.7686
vn 0.6687 0.0005 0.7435
vn 0.5962 -0.1532 0.7881
vn 0.6304 0.0971 0.7701
vn 0.6305 0.1015 0.7695
vn -0.8759 0.4640 -0.1326
vn -0.2412 0.3542 0.9035
vn -0.8581 0.4931 -0.1431
vn -0.2547 0.3949 0.8827
vn -0.7724 0.4639 -0.4339
vn -0.5126 0.2481 -0.8220
vn -0.6696 0.4553 0.5868
vn 0.1589 0.0702 0.9848
vn -0.7716 0.3264 -0.5460
vn 0.1871 0.4395 0.8786
vn 0.2293 0.0958 0.9686
vn 0.6805 0.1595 0.7151
vn 0.6299 0.2236 0.7438
vn 0.4391 0.2904 0.8502
vn 0.5409 -0.1069 0.8343
vn -0.4966 0.0256 -0.8676
vn -0.6199 -0.2235 -0.7522
vn 0.6679 0.2422 0.7037
vn 0.3179 -0.0758 0.9451
vn 0.5777 -0.0666 0.8135
vn 0.2983 -0.1383 0.9444
vn 0.5173 -0.0686 0.8530
vn 0.5095 0.0412 0.8595
vn -0.5116 0.3088 -0.8018
vn 0.3864 -0.2638 0.8838
vn 0.4440 0.0378 0.8952
vn -0.4983 0.2618 -0.8265
vn -0.4527 -0.0872 -0.8874
vn 0.4484 -0.3891 0.8047
vn -0.7306 0.4960 -0.4693
vn 0.2179 0.1248 0.9679
vn -0.0340 0.9965 -0.0758
vn 0.4943 -0.0516 0.8677
vn -0.4697 -0.0905 -0.8782
vn -0.0769 -0.5543 -0.8287
vn -0.1900 0.2835 0.9400
vn 0.4423 0.2930 0.8477
vn 0.4617 0.2337 0.8557
vn -0.4992 -0.1108 -0.8594
vn -0.4861 -0.2213 -0.8454
vn 0.5928 -0.0977 0.7994
vn -0.4599 0.1381 -0.8772
vn -0.5608 0.3222 0.7627
vn 0.5701 -0.1411 0.8094
vn 0.7349 -0.2191 0.6418
vn 0.7232 0.0509 0.6888
vn 0.6259 -0.2994 0.7201
vn -0.4763 0.2834 -0.8323
vn 0.3824 -0.1436 0.9128
vn 0.5745 -0.1390 0.8066
vn 0.4873 0.1518 0.8600
vn 0.6294 -0.2675 0.7296
vn 0.5882 0.0118 0.8086
vn 0.8294 0.5509 -0.0928
vn 0.7198 0.6707 -0.1790
vn -0.0404 -0.3466 0.9371
vn -0.0957 -0.4223 -0.9014
vn -0.3326 -0.2825 0.8998
vn -0.0000 0.9574 0.2888
vn 0.1345 -0.9687 0.2085
vn 0.1262 -0.5077 0.8523
vn -0.0723 0.0056 0.9974
vn -0.0073 -0.4367 -0.8996
vn -0.8393 0.3648 0.4031
vn -0.7662 0.4531 0.4557
vn -0.0215 -0.5433 -0.8392
vn -0.0200 -0.5441 -0.8388
vn 0.4838 0.6149 0.6228
vn 0.3842 0.6786 0.6260
vn 0.3717 0.3316 0.8671
vn 0.2687 0.7014 0.6602
vn -0.3360 -0.1291 -0.9330
vn -0.3602 -0.3924 -0.8463
vn 0.5743 0.2862 0.7670
vn -0.0497 -0.3478 -0.9362
vn -0.0025 -0.4962 -0.8682
vn -0.0741 -0.7076 -0.7027
vn 0.5631 0.2134 0.7983
vn -0.7719 -0.5495 -0.3196
vn -0.1392 -0.2322 0.9627
vn -0.5782 -0.0465 -0.8145
vn -0.2732 -0.1916 -0.9427
vn -0.4486 -0.2120 -0.8682
vn 0.3678 0.1562 0.9167
vn 0.4860 0.4349 0.7581
vn 0.4599 0.3416 0.8196
vn -0.4153 -0.0575 -0.9079
vn -0.8847 -0.3569 -0.3000
vn 0.8776 0.1401 0.4585
vn -0.9620 -0.2629 -0.0740
vn -0.0836 -0.0757 0.9936
vn 0.1681 -0.3604 0.9175
vn 0.0255 0.1972 0.9800
vn -0.5382 0.1758 -0.8243
vn 0.3813 0.0914 0.9199
vn 0.6134 -0.1664 0.7720
vn -0.5042 0.2974 -0.8107
vn 0.4813 -0.1057 0.8701
vn -0.8176 -0.2877 -0.4987
vn 0.2481 0.0650 0.9665
vn 0.7756 0.5876 -0.2306
vn 0.2494 0.0965 0.9636
vn 0.7251 0.6872 0.0443
vn 0.1780 -0.1410 -0.9739
vn 0.2565 0.0593 0.9647
vn -0.7979 -0.0557 -0.6003
vn -0.8216 -0.1932 -0.5364
vn 0.7721 0.3757 0.5125
vn -0.8626 -0.0463 0.5038
vn 0.0045 0.2065 0.9784
vn 0.7068 -0.1259 0.6962
vn 0.9233 0.3602 -0.1332
vn 0.8542 0.3711 -0.3642
vn -0.5451 0.3546 -0.7597
vn -0.4675 -0.4706 0.7483
vn -0.9934 -0.0216 -0.1128
vn -0.8473 -0.2293 -0.4790
vn -0.8147 -0.5796 0.0184
vn -0.4182 0.4522 -0.7878
vn 0.0662 0.4210 0.9047
vn -0.6436 -0.1930 -0.7406
vn 0.7700 -0.1281 0.6250
vn -0.8256 0.2519 -0.5050
vn -0.9426 -0.3334 0.0185
vn 0.0278 -0.1428 0.9894
vn -0.9259 -0.3772 0.0191
vn 0.0254 -0.5237 0.8515
vn -0.5856 0.1632 -0.7940
vn -0.5225 0.4656 -0.7143
vn 0.3831 -0.5335 0.7541
vn -0.5181 0.4148 -0.7480
vn 0.6265 -0.0338 0.7787
vn 0.6559 -0.0810 0.7505
vn -0.3446 0.6778 0.6494
vn -0.9425 0.0338 -0.3324
vn 0.6060 -0.1794 0.7750
vn -0.3601 0.3573 -0.8618
vn -0.4512 0.2985 -0.8410
vn -0.7514 0.0338 0.6589
vn -0.8569 0.0941 0.5069
vn 0.1547 -0.3184 0.9352
vn -0.2379 0.3846 -0.8919
vn -0.7487 0.6452 0.1519
vn -0.5463 0.6407 0.5396
vn -0.3070 0.5398 0.7838
vn -0.2115 0.5328 0.8194
vn 0.2425 -0.1545 0.9578
vn 0.0553 0.0545 0.9970
vn -0.0108 -0.3699 -0.9290
vn -0.0426 -0.1303 0.9906
vn -0.2735 -0.2278 -0.9345
vn -0.4658 -0.2218 -0.8566
vn 0.3449 0.2256 0.9111
vn -0.5813 -0.4600 -0.6712
vn 0.2283 -0.5846 -0.7785
vn -0.1270 0.4090 0.9037
vn -0.0857 0.7296 0.6785
vn -0.0492 0.7019 0.7106
vn -0.5789 0.0245 -0.8150
vn 0.0016 0.4965 0.8680
vn -0.5767 0.0285 -0.8165
vn 0.6427 -0.0770 0.7622
vn -0.3271 0.9438 0.0473
vn 0.5753 0.4872 0.6571
vn -0.4853 -0.8631 -0.1397
vn -0.0721 -0.7064 -0.7042
vn -0.1780 -0.2631 -0.9482
vn -0.0890 0.3038 0.9486
vn 0.1907 0.2801 0.9408
vn 0.4299 0.4228 0.7978
vn -0.5121 -0.7643 -0.3920
vn -0.6806 -0.6459 -0.3457
vn -0.6556 -0.7101 -0.2568
vn -0.6340 -0.5245 -0.5683
vn -0.5522 -0.0912 0.8287
vn -0.2658 0.0772 0.9609
vn 0.5104 0.7307 0.4534
vn -0.0527 0.0595 0.9968
vn 0.0278 0.1178 0.9926
vn 0.5510 0.7258 0.4118
vn -0.0695 0.9659 -0.2492
vn -0.1566 0.8632 -0.4800
vn 0.4604 0.6037 0.6508
vn -0.4489 0.6886 -0.5695
vn 0.3422 0.2426 0.9078
vn 0.4622 0.6910 -0.5558
vn 0.4611 0.6126 -0.6420
vn -0.2237 -0.0553 -0.9731
vn 0.3991 -0.0504 0.9155
vn -0.0214 0.7520 -0.6588
vn 0.2354 0.2246 0.9456
vn -0.1835 0.0363 -0.9824
vn -0.5974 -0.4368 -0.6726
vn 0.5733 0.3541 0.7389
vn 0.4933 0.5753 0.6525
vn 0.6940 0.2733 0.6661
vn -0.0799 0.2538 -0.9639
vn 0.1607 0.1504 0.9755
vn 0.0616 -0.0653 -0.9960
vn 0.1509 -0.4035 0.9025
vn -0.6086 -0.2853 -0.7404
vn 0.6531 0.1871 0.7338
vn -0.7272 -0.3901 -0.5648
vn 0.7499 0.2692 0.6043
vn 0.6931 -0.0789 0.7165
vn -0.0130 -0.6489 0.7608
vn -0.3793 0.4594 -0.8032
vn -0.2611 0.4075 -0.8751
vn 0.5357 -0.3345 0.7753
vn -0.2177 0.4262 -0.8781
vn 0.7247 -0.0913 0.6830
vn 0.5977 -0.0478 0.8003
vn 0.5974 -0.0082 0.8019
vn 0.6088 0.1512 0.7788
vn 0.7476 -0.2199 0.6266
vn -0.6126 0.3807 -0.6927
vn -0.3105 0.9492 0.0511
vn -0.2879 0.8985 -0.3313
vn 0.3223 -0.2169 0.9215
vn 0.4207 -0.1051 0.9011
vn 0.1002 -0.4589 0.8828
vn -0.1558 0.4276 0.8904
vn -0.0419 0.6962 0.7166
vn -0.4772 0.6089 -0.6336
vn -0.8520 0.4723 -0.2261
vn 0.5357 -0.4344 0.7241
vn 0.3602 0.2585 0.8964
vn -0.4744 0.8219 0.3154
vn 0.2637 -0.0589 0.9628
vn -0.3681 0.3033 -0.8789
vn 0.3551 -0.2450 0.9022
vn -0.3404 0.5263 -0.7792
vn -0.1975 0.6423 -0.7406
vn -0.2294 0.6967 0.6797
vn 0.0376 0.6224 0.7818
vn 0.7036 -0.0491 0.7089
vn 0.2361 -0.9711 0.0362
vn 0.2377 -0.9676 0.0854
vn 0.4530 0.2351 0.8600
vn 0.4796 0.2370 0.8449
vn 0.1313 0.5683 0.8123
vn 0.1617 -0.1142 -0.9802
vn 0.2176 -0.3242 0.9206
vn -0.0013 -0.5257 -0.8507
vn -0.2488 -0.3788 -0.8914
vn 0.2441 0.3929 0.8866
vn -0.0675 -0.4358 -0.8975
vn -0.1959 -0.4769 -0.8568
vn -0.1959 -0.4655 -0.8631
vn 0.6838 -0.6908 -0.2351
vn 0.1385 0.2684 0.9533
vn 0.2197 0.2164 0.9513
vn -0.6833 0.7295 0.0299
vn -0.8167 0.5397 -0.2044
vn -0.5780 0.6271 0.5222
vn -0.6137 0.3695 0.6978
vn -0.4972 0.7373 0.4573
vn 0.2479 0.3794 0.8914
vn -0.3595 -0.2374 -0.9025
vn -0.2659 0.9630 0.0445
vn 0.6073 -0.6910 -0.3919
vn 0.8333 -0.5411 -0.1130
vn -0.1174 -0.9430 -0.3113
vn 0.1744 0.9125 0.3702
vn -0.2304 -0.7344 -0.6384
vn 0.3891 0.1006 0.9157
vn 0.7000 0.6663 0.2568
vn 0.2771 0.2711 0.9218
vn -0.2972 -0.3989 -0.8675
vn -0.3150 -0.3868 -0.8667
vn -0.7261 -0.4812 -0.4911
vn -0.1506 -0.6615 -0.7346
vn 0.7063 -0.3895 0.5912
vn -0.6095 0.7389 0.2873
vn 0.6010 0.0086 -0.7992
vn 0.6543 -0.7076 -0.2669
vn -0.7560 0.6244 0.1965
vn 0.7790 -0.0664 -0.6235
vn -0.4681 -0.5790 -0.6676
vn -0.7956 -0.4607 -0.3933
vn 0.7004 0.5499 0.4550
vn -0.4691 -0.8768 0.1062
vn 0.5980 0.6133 0.5161
vn -0.4648 -0.5696 -0.6778
vn 0.3539 0.6269 0.6941
vn -0.1571 0.9745 -0.1603
vn -0.7688 -0.2561 -0.5859
vn -0.1426 -0.9032 -0.4049
vn -0.6497 0.7397 -0.1751
vn 0.5519 0.8152 0.1756
vn 0.5235 0.8484 0.0787
vn 0.9305 -0.2199 -0.2930
vn -0.2075 -0.8412 -0.4993
vn 0.0713 0.8413 0.5359
vn -0.1487 -0.0544 -0.9874
vn 0.1793 0.9086 0.3772
vn 0.1662 0.2935 -0.9414
vn 0.4522 0.8896 0.0644
vn -0.4943 -0.3249 -0.8063
vn 0.7461 -0.0673 -0.6624
vn 0.6242 -0.0913 -0.7759
vn -0.4547 0.2481 0.8554
vn -0.0723 0.7360 0.6731
vn -0.5372 -0.2724 -0.7983
vn 0.7011 0.5203 0.4875
vn -0.0792 -0.4693 -0.8795
vn -0.7323 -0.4578 -0.5042
vn 0.6591 0.5503 0.5127
vn 0.6261 0.3415 0.7010
vn -0.6365 -0.5033 -0.5844
vn -0.7320 -0.2548 -0.6318
vn -0.9315 -0.2590 -0.2554
vn 0.8655 -0.0639 0.4968
vn 0.2030 0.0931 0.9747
vn -0.1716 -0.4290 0.8868
vn 0.0230 0.0706 -0.9972
vn -0.1488 0.0883 -0.9849
vn 0.3176 -0.2592 0.9121
vn 0.6673 0.1407 0.7314
vn -0.6207 0.6346 -0.4605
vn 0.1911 0.6489 0.7365
vn -0.4733 0.1540 -0.8673
vn -0.4814 0.1910 -0.8555
vn -0.2082 -0.2876 0.9349
vn 0.2182 -0.0622 0.9739
vn 0.0255 0.3227 -0.9461
vn 0.0212 0.2999 -0.9537
vn 0.5231 -0.0432 0.8512
vn 0.1853 0.1170 0.9757
vn 0.1010 -0.3687 0.9240
vn -0.3105 -0.2236 0.9239
vn -0.0317 0.2426 -0.9696
vn -0.2556 0.4923 -0.8321
vn -0.1009 0.7331 -0.6726
vn -0.0439 0.2847 -0.9576
vn 0.4739 -0.5670 0.6738
vn 0.3038 0.3473 0.8872
vn 0.0027 0.4758 -0.8796
vn -0.0783 -0.3527 0.9325
vn -0.2008 0.6424 -0.7396
vn 0.1345 -0.5830 0.8012
vn -0.1165 0.4739 -0.8728
vn 0.2316 -0.4385 0.8684
vn -0.0062 -0.5340 0.8455
vn -0.0875 -0.5430 0.8352
vn -0.1416 0.7427 0.6545
vn -0.1139 0.7377 0.6654
vn -0.0970 0.4087 0.9075
vn 0.0910 0.2939 0.9515
vn 0.2528 0.5020 0.8271
vn 0.8335 -0.4935 -0.2484
vn 0.6973 -0.6907 -0.1917
vn 0.5279 0.4659 0.7101
vn -0.2803 -0.7281 -0.6256
vn 0.8055 -0.5926 0.0043
vn 0.7786 0.3590 0.5148
vn 0.7937 -0.5096 -0.3323
vn 0.8466 -0.4805 -0.2287
vn 0.9936 -0.0121 -0.1125
vn 0.0502 0.4342 0.8994
vn 0.1238 -0.0928 0.9879
vn -0.0973 -0.4437 -0.8909
vn -0.1246 0.2729 -0.9539
vn -0.0214 -0.1433 -0.9895
vn 0.0478 -0.0528 0.9975
vn -0.0838 0.3234 -0.9425
vn -0.2287 -0.3954 0.8896
vn -0.4420 -0.7729 -0.4553
vn -0.0133 0.3309 0.9436
vn 0.5349 0.2279 0.8136
vn 0.5083 -0.4829 0.7131
vn 0.8582 -0.0920 0.5049
vn 0.3058 -0.7941 -0.5252
vn -0.6438 -0.6775 -0.3557
vn -0.6866 -0.6153 -0.3873
vn 0.0606 0.0426 -0.9973
vn 0.6974 0.5932 0.4023
vn 0.5809 0.7277 -0.3646
vn 0.3921 -0.7887 -0.4735
vn 0.3858 -0.6370 -0.6674
vn 0.5988 -0.6405 -0.4808
vn -0.4473 -0.7865 -0.4259
vn -0.5423 -0.7379 -0.4018
vn 0.5828 0.6496 0.4882
vn -0.6701 -0.6944 -0.2622
vn 0.6770 0.6768 0.2892
vn -0.8176 -0.4775 -0.3219
vn 0.8213 0.4969 0.2801
vn 0.7905 0.5273 0.3117
vn 0.4012 -0.7950 -0.4550
vn -0.6146 -0.5069 -0.6045
vn -0.9546 -0.2227 0.1981
vn 0.3750 -0.8986 -0.2279
vn 0.5658 -0.7462 -0.3508
vn -0.4756 0.0623 -0.8774
vn -0.4492 -0.7259 -0.5208
vn -0.6424 -0.4961 -0.5841
vn 0.3979 0.8487 0.3485
vn -0.1250 -0.8271 -0.5480
vn -0.4220 0.7243 0.5452
vn -0.7157 -0.6875 -0.1228
vn -0.8599 0.2876 0.4217
vn 0.4918 -0.5569 0.6693
vn 0.8388 0.0247 0.5439
vn 0.9323 -0.3557 -0.0654
vn -0.5069 -0.3267 -0.7977
vn 0.7184 -0.1836 -0.6709
vn 0.3460 -0.5026 0.7923
vn -0.4686 -0.2380 -0.8508
vn 0.9008 -0.4326 -0.0386
vn 0.1879 0.6774 0.7112
vn -0.7800 -0.5161 -0.3540
vn -0.8196 -0.4764 -0.3183
vn 0.8174 0.5725 0.0649
vn 0.0070 -0.2255 -0.9742
vn 0.1075 -0.1020 -0.9890
vn 0.4570 -0.1662 -0.8738
vn 0.0138 -0.6162 -0.7875
vn -0.0305 0.0204 -0.9993
vn 0.5931 0.1382 0.7932
vn 0.5859 -0.0049 0.8104
vn -0.1714 0.1350 0.9759
vn 0.2683 -0.7710 -0.5775
vn 0.5841 0.6423 -0.4963
vn 0.6388 0.7053 0.3074
vn -0.1452 0.6716 0.7265
vn -0.2051 0.7177 0.6655
vn -0.0362 -0.6746 0.7373
vn -0.3926 0.8925 0.2218
vn 0.4842 -0.5053 -0.7143
vn 0.4182 -0.8796 0.2269
vn 0.0346 -0.0965 -0.9947
vn -0.3240 -0.8976 0.2990
vn -0.4205 -0.9021 -0.0966
vn -0.6711 -0.3222 -0.6677
vn -0.6171 0.3269 -0.7158
vn 0.6704 -0.3511 0.6537
vn 0.5083 0.5755 0.6407
vn -0.6112 -0.3136 -0.7267
vn 0.7712 -0.1019 0.6284
vn 0.6813 0.2746 0.6785
vn 0.8308 -0.1668 0.5310
vn 0.1396 -0.3288 0.9340
vn -0.1595 -0.0373 -0.9865
vn 0.1316 -0.4394 0.8886
vn -0.3188 0.4559 -0.8310
vn 0.1384 -0.5980 0.7895
vn -0.3170 -0.4222 0.8493
vn -0.8523 -0.4286 -0.3000
vn -0.3920 -0.9170 -0.0743
vn -0.8435 -0.4752 -0.2506
vn 0.5458 -0.6484 0.5307
vn -0.6427 -0.0591 0.7639
vn 0.0425 0.9963 0.0744
vn 0.7952 -0.5225 0.3076
vn 0.2443 -0.4958 0.8334
vn -0.9087 0.1803 -0.3766
vn -0.1253 0.9907 0.0530
vn 0.5166 0.2169 0.8283
vn -0.0613 -0.0226 0.9979
vn -0.1304 0.2687 -0.9543
vn -0.3921 0.1463 -0.9082
vn -0.3869 0.8455 -0.3681
vn -0.0938 -0.5207 0.8486
vn 0.2828 0.2354 -0.9298
vn -0.6996 0.2113 0.6826
vn -0.2351 -0.0765 0.9690
vn 0.3106 -0.2656 0.9127
vn -0.0742 -0.4466 0.8916
vn -0.0861 -0.3673 0.9261
vn 0.1369 0.3602 -0.9228
vn -0.6665 -0.5226 0.5317
vn -0.9904 -0.1368 -0.0219
vn -0.4800 -0.2625 0.8371
vn 0.1464 0.1478 0.9781
vn 0.3055 -0.4530 0.8375
vn 0.3514 -0.4129 0.8403
vn 0.2602 0.0278 0.9652
vn 0.0900 0.9901 -0.1081
vn -0.8294 0.2262 -0.5108
vn -0.9721 0.2217 -0.0768
vn -0.9120 -0.1843 -0.3664
vn 0.5466 0.8104 0.2109
vn -0.2154 0.9758 -0.0385
vn -0.1437 0.1262 0.9815
vn 0.1331 0.3788 -0.9159
vn 0.0266 0.4705 -0.8820
vn -0.1141 -0.4302 0.8955
vn -0.0959 -0.4522 0.8867
vn -0.2230 -0.3958 0.8908
vn 0.0202 -0.6134 0.7895
vn -0.0338 0.5384 -0.8420
vn -0.0655 -0.5493 0.8330
vn -0.0915 -0.0683 0.9935
vn 0.3411 0.3866 0.8569
vn 0.2059 0.3942 0.8957
vn -0.2798 -0.3371 -0.8989
vn 0.2400 0.4111 0.8794
vn 0.0128 0.5390 0.8422
vn -0.0596 -0.5388 -0.8403
vn 0.2404 0.4291 0.8707
vn -0.2717 -0.2574 -0.9273
vn -0.1303 0.3150 0.9401
vn 0.1849 0.4715 0.8623
vn -0.3503 -0.3805 -0.8559
vn 0.4283 0.0535 0.9020
vn 0.2696 0.2815 0.9209
vn 0.0990 0.3008 0.9485
vn 0.8943 -0.4359 -0.1014
vn -0.3691 0.8984 0.2381
vn -0.4356 0.3625 0.8239
vn -0.5546 -0.2969 -0.7773
vn 0.9163 -0.3867 -0.1042
vn -0.9121 -0.2926 -0.2873
vn 0.7871 -0.5792 0.2122
vn 0.4640 0.3512 0.8132
vn 0.3928 -0.6464 -0.6541
vn -0.1895 -0.3436 -0.9198
vn 0.0490 0.4381 0.8976
vn 0.4646 0.3519 0.8126
vn 0.4857 -0.0584 -0.8721
vn 0.7687 -0.2117 0.6035
vn 0.1853 0.9819 0.0398
vn -0.0947 0.2221 0.9704
vn 0.1636 -0.7827 0.6005
vn -0.2273 -0.3905 0.8921
vn -0.2102 -0.6155 0.7595
vn 0.1614 -0.7980 0.5807
vn 0.3254 0.4873 -0.8103
vn -0.1318 -0.3707 0.9193
vn 0.3841 0.4887 0.7834
vn -0.1506 -0.0880 0.9847
vn 0.6000 0.2094 0.7721
vn -0.0908 -0.3383 0.9366
vn -0.2998 -0.3435 0.8900
vn 0.1352 0.3809 -0.9147
vn 0.2375 0.3966 -0.8867
vn 0.2229 0.5440 -0.8089
vn -0.3597 -0.4109 0.8377
vn 0.5813 0.4944 0.6463
vn 0.4025 0.7108 0.5768
vn -0.0551 -0.5096 -0.8587
vn -0.2562 0.5129 0.8193
vn 0.0207 -0.5889 -0.8079
vn -0.0272 0.5406 0.8408
vn 0.0330 0.6563 0.7538
vn 0.0863 -0.5985 -0.7964
vn 0.0554 0.4257 0.9032
vn -0.2098 -0.1934 -0.9584
vn 0.3339 0.3462 0.8767
vn 0.1477 0.2347 0.9608
vn -0.2390 -0.3107 -0.9200
vn 0.0114 0.4497 0.8931
vn 0.3570 0.2037 0.9116
vn -0.1695 -0.1344 -0.9763
vn -0.2135 -0.2984 -0.9303
vn -0.3917 -0.3501 0.8509
vn -0.9793 0.2024 -0.0031
vn -0.5359 -0.5216 0.6639
vn -0.0628 0.2328 -0.9705
vn -0.1601 -0.6798 0.7158
vn 0.8723 0.1318 0.4709
vn -0.3024 -0.7397 0.6011
vn 0.0595 0.6037 -0.7950
vn 0.0578 -0.3270 0.9433
vn -0.6549 0.3483 -0.6707
vn 0.8694 0.2797 0.4073
vn -0.6414 -0.2184 -0.7354
vn -0.1970 0.5904 -0.7827
vn -0.1780 -0.5618 0.8079
vn 0.4420 0.6215 -0.6468
vn -0.6314 0.6390 0.4394
vn 0.5021 0.2255 0.8349
vn 0.3537 0.1712 -0.9196
vn 0.2833 0.1750 -0.9429
vn -0.3131 0.5632 -0.7647
vn -0.3527 -0.1978 0.9146
vn 0.1364 -0.5891 0.7965
vn 0.8018 0.3262 -0.5006
vn 0.9967 -0.0677 0.0449
vn -0.8328 0.4719 -0.2895
vn -0.8507 0.4076 0.3320
vn -0.5952 0.0173 -0.8034
vn 0.8371 -0.5189 0.1734
vn -0.4979 0.8642 0.0720
vn -0.2596 -0.4059 0.8763
vn 0.4740 0.3549 -0.8058
vn 0.6272 -0.1895 0.7555
vn 0.8211 0.5376 -0.1918
vn 0.5792 0.8138 0.0473
vn 0.0474 -0.4965 -0.8668
vn -0.1995 0.4328 0.8791
vn -0.1388 0.5606 0.8163
vn 0.2250 0.2718 0.9357
vn -0.0177 -0.3618 -0.9321
vn -0.0592 0.2910 0.9549
vn -0.0773 -0.5923 0.8020
vn 0.0520 -0.4238 0.9043
vn 0.0662 -0.4989 0.8641
vn 0.3277 0.7836 0.5278
vn 0.7512 -0.4922 0.4398
vn 0.1996 0.9600 -0.1963
vn 0.1895 0.5370 -0.8220
vn 0.8432 -0.1714 0.5095
vn 0.0292 -0.1349 -0.9904
vn 0.4604 -0.8700 -0.1763
vn -0.1233 0.2025 0.9715
vn -0.1239 -0.7767 0.6176
vn 0.1739 0.7621 -0.6237
vn 0.1367 -0.0480 0.9894
vn -0.1343 -0.0363 -0.9903
vn 0.2208 0.1557 0.9628
vn -0.0496 -0.2966 0.9537
vn 0.0663 0.6904 -0.7203
vn 0.0838 0.9835 0.1603
vn 0.2583 0.6333 -0.7295
vn 0.3434 0.0284 0.9388
vn 0.5507 0.2329 0.8015
vn 0.1052 -0.5582 0.8230
vn -0.3297 -0.4468 -0.8317
vn -0.0561 -0.5908 0.8049
vn -0.3013 -0.5249 0.7961
vn -0.3066 -0.5132 0.8016
vn 0.2513 0.0800 0.9646
vn 0.2186 0.4815 -0.8488
vn 0.1846 0.5252 -0.8307
vn -0.2091 0.5238 -0.8257
vn 0.3193 0.5724 -0.7553
vn 0.0029 0.6828 -0.7306
vn -0.2180 -0.0978 0.9710
vn 0.5011 0.8200 -0.2767
vn 0.5896 0.2741 0.7598
vn -0.4019 -0.5282 -0.7479
vn 0.0609 0.4353 0.8982
vn 0.2788 0.7507 0.5989
vn 0.7522 0.2543 0.6079
vn -0.3755 -0.3967 -0.8376
vn -0.1585 0.2338 0.9593
vn -0.1314 -0.3778 -0.9165
vn -0.0661 -0.3210 -0.9448
vn -0.0410 0.3662 0.9296
vn -0.5011 0.1175 0.8574
vn 0.1882 0.4767 0.8587
vn 0.3421 -0.2240 -0.9126
vn -0.4398 0.4018 0.8032
vn -0.3914 0.4564 0.7991
vn -0.1333 0.2144 0.9676
vn -0.1077 0.2009 0.9737
vn 0.1150 0.4421 -0.8896
vn 0.2004 -0.1521 -0.9678
vn 0.2970 -0.1036 -0.9493
vn 0.3145 -0.3771 -0.8712
vn -0.3003 0.2222 0.9276
vn 0.3757 -0.1025 -0.9211
vn -0.4865 -0.3959 0.7788
vn -0.4524 -0.1715 0.8752
vn 0.5204 0.1709 -0.8366
vn 0.9616 -0.1517 0.2289
vn -0.0623 -0.6402 0.7657
vn 0.2302 0.6055 -0.7618
vn -0.8942 -0.0762 -0.4411
vn -0.9929 -0.0927 0.0747
vn -0.7959 0.1833 -0.5770
vn 0.0319 -0.5298 0.8475
vn -0.2487 -0.3943 0.8847
vn 0.2847 0.4816 -0.8288
vn -0.7702 0.6175 0.1596
vn -0.1623 0.4581 -0.8739
vn -0.7090 0.5774 0.4049
vn -0.5782 0.5920 0.5614
vn -0.5323 0.2420 0.8112
vn 0.4151 0.4725 0.7775
vn -0.0741 -0.2794 -0.9573
vn -0.0018 0.0126 -0.9999
vn -0.3260 -0.3433 0.8808
vn -0.3374 -0.0399 0.9405
vn -0.2037 0.4415 0.8738
vn -0.6923 -0.5716 0.4405
vn -0.9556 0.0720 -0.2856
vn -0.2024 0.5411 -0.8163
vn -0.0888 0.4813 0.8721
vn -0.2811 0.7241 -0.6298
vn -0.4728 0.0888 0.8767
vn 0.8259 -0.4897 -0.2795
vn 0.1224 0.0896 0.9884
vn -0.0065 0.2937 -0.9559
vn 0.1896 -0.5016 0.8441
vn 0.4532 -0.2297 -0.8613
vn -0.4785 0.2932 0.8277
vn -0.6465 0.0146 0.7627
vn 0.6440 -0.0330 -0.7643
vn -0.4522 0.0870 0.8876
vn -0.5425 0.3572 0.7603
vn 0.8856 -0.4608 -0.0581
vn -0.3505 -0.3060 0.8852
vn -0.7722 0.4828 0.4130
vn -0.2620 0.4941 -0.8290
vn -0.3302 0.6028 -0.7263
vn -0.4183 0.6022 0.6800
vn -0.3322 0.5963 -0.7308
vn -0.6038 -0.0576 0.7950
vn -0.4322 -0.1730 0.8850
vn -0.6164 -0.2725 0.7387
vn 0.4507 0.3662 -0.8141
vn 0.3997 0.5230 -0.7529
vn 0.4615 0.4308 -0.7755
vn -0.4905 -0.5484 0.6773
vn -0.6912 -0.4482 0.5669
vn -0.6214 -0.4372 0.6502
vn 0.5758 0.4328 -0.6936
vn 0.4527 0.3414 -0.8237
vn -0.7322 -0.2406 0.6372
vn -0.4499 -0.6135 0.6490
vn 0.4659 0.6608 -0.5884
vn 0.0169 0.9971 0.0747
vn -0.4988 -0.6351 0.5898
vn 0.6244 0.5648 -0.5396
vn -0.7031 -0.5149 0.4904
vn 0.2436 0.9580 0.1516
vn 0.1221 -0.7962 -0.5926
vn 0.8337 -0.1895 0.5187
vn 0.0248 -0.9942 -0.1046
vn -0.3685 -0.8811 -0.2963
vn -0.1780 -0.8080 -0.5616
vn 0.2000 -0.7445 0.6370
vn 0.0144 -0.5555 -0.8314
vn 0.5893 -0.5393 -0.6015
vn -0.2489 -0.4884 -0.8364
vn 0.1095 0.8565 0.5044
vn 0.0795 -0.2538 0.9640
vn 0.4093 -0.8976 -0.1637
vn 0.4353 0.6690 0.6024
vn 0.5196 0.4020 0.7539
vn 0.1111 0.5391 0.8349
vn -0.0625 0.8631 -0.5011
vn 0.0062 0.2942 0.9557
vn -0.0038 -0.4937 -0.8696
vn 0.1049 0.1646 0.9808
vn -0.7334 0.5954 0.3279
vn -0.7557 -0.5997 -0.2633
vn -0.7348 0.6783 0.0013
vn 0.4905 0.7360 0.4666
vn 0.9893 -0.1071 -0.0989
vn 0.7529 -0.3099 -0.5806
vn 0.2271 0.1396 0.9638
vn 0.8216 -0.2896 -0.4910
vn 0.0579 0.1822 0.9816
vn 0.2822 0.3978 0.8730
vn -0.1150 -0.8891 0.4431
vn -0.2348 -0.6506 -0.7222
vn -0.1103 -0.9816 -0.1560
vn 0.3722 0.2502 0.8938
vn -0.5193 0.8243 -0.2255
vn 0.8498 0.5214 0.0777
vn -0.0420 -0.3921 0.9190
vn -0.5420 -0.7798 -0.3134
vn -0.0103 -0.1344 -0.9909
vn 0.9737 0.2034 -0.1027
vn 0.3470 -0.1883 -0.9188
vn 0.0301 -0.3922 -0.9194
vn 0.0817 0.3359 0.9383
vn 0.2097 0.6318 -0.7463
vn -0.0437 -0.1631 -0.9856
vn -0.0076 -0.3168 -0.9484
vn 0.1033 -0.0782 0.9916
vn -0.4283 0.0154 -0.9035
vn 0.6732 0.0418 0.7382
vn 0.3067 0.0205 0.9516
vn -0.2719 -0.1804 -0.9453
vn 0.2704 0.3490 0.8973
vn 0.6165 0.0431 0.7862
vn 0.6173 0.0467 0.7853
vn 0.2457 0.6583 0.7115
vn 0.2108 0.4364 0.8747
vn 0.2545 0.3171 0.9136
vn 0.3523 0.2328 0.9065
vn 0.8298 -0.2112 0.5165
vn 0.4389 -0.3688 -0.8194
vn 0.2346 0.1202 0.9646
vn 0.6301 -0.1557 0.7608
vn 0.1565 0.3305 0.9307
vn 0.1517 0.2698 0.9509
vn -0.6343 0.4202 -0.6489
vn -0.4919 0.1087 -0.8638
vn 0.2496 0.7006 0.6685
vn -0.8972 -0.0055 0.4417
vn -0.9102 -0.0423 0.4119
vn -0.9682 0.0369 0.2473
vn -0.8647 0.2221 0.4506
vn 0.0905 0.2832 0.9548
vn -0.5744 -0.4578 -0.6786
vn -0.8813 0.4650 -0.0845
vn 0.0642 -0.6922 0.7188
vn 0.1976 -0.9438 0.2648
vn 0.3072 -0.8980 0.3149
vn -0.3100 -0.3761 -0.8732
vn -0.2726 -0.4469 -0.8521
vn 0.0743 0.6593 0.7482
vn 0.2325 0.4443 0.8652
vn 0.2255 0.4770 0.8495
vn -0.0707 -0.3266 -0.9425
vn -0.0641 0.2720 0.9602
vn 0.5094 0.3668 0.7784
vn 0.4227 0.4273 0.7992
vn -0.2119 -0.3129 -0.9258
vn -0.2592 -0.6686 -0.6970
vn -0.1939 -0.7076 -0.6795
vn 0.2409 0.4392 0.8655
vn 0.0142 -0.9998 0.0116
vn 0.1555 -0.9857 0.0643
vn -0.3248 -0.4306 -0.8421
vn -0.0603 -0.3245 -0.9440
vn -0.9994 -0.0295 0.0172
vn 0.4021 0.4518 0.7964
vn 0.3763 0.4785 0.7934
vn 0.0382 -0.3182 -0.9473
vn 0.0119 0.3588 0.9333
vn 0.0973 0.2160 0.9715
vn -0.2855 -0.3889 -0.8759
vn -0.0582 -0.3711 -0.9268
vn 0.1409 0.4052 0.9033
vn -0.3933 0.3403 0.8541
vn -0.9901 0.1331 -0.0442
vn -0.0194 -0.2199 -0.9753
vn 0.0424 -0.2585 -0.9651
vn 0.1554 0.5651 0.8103
vn 0.0430 0.1329 0.9902
vn 0.2495 0.2740 0.9288
vn 0.0773 0.0099 0.9970
vn -0.9927 -0.0645 -0.1022
vn -0.0579 -0.1293 -0.9899
vn 0.8569 -0.5154 0.0055
vn 0.5505 -0.3050 -0.7771
vn -0.9521 -0.1326 0.2755
vn -0.9181 -0.0452 0.3938
vn -0.1875 -0.2355 -0.9536
vn 0.3754 -0.8067 -0.4564
vn 0.2706 0.1341 0.9533
vn -0.2299 -0.3187 -0.9196
vn -0.2582 -0.3198 -0.9116
vn -0.3830 -0.7641 0.5191
vn -0.5251 -0.7627 0.3776
vn -0.0896 0.3200 0.9432
vn -0.7289 -0.0550 -0.6824
vn -0.9405 0.3392 0.0183
vn -0.0335 0.5723 -0.8194
vn 0.3734 0.5171 -0.7702
vn 0.3871 0.2340 0.8919
vn 0.0894 0.5717 0.8156
vn 0.9867 -0.0649 -0.1493
vn 0.1801 -0.2328 -0.9557
vn 0.2205 0.4444 0.8682
vn 0.0810 -0.2340 -0.9689
vn 0.4696 0.1979 0.8604
vn -0.2249 -0.5828 -0.7808
vn -0.4775 -0.7101 0.5174
vn -0.4045 -0.6893 0.6010
vn -0.3461 -0.7387 0.5784
vn -0.3102 -0.4410 -0.8422
vn -0.3150 -0.4461 -0.8377
vn -0.2646 -0.5799 -0.7705
vn 0.2561 0.3823 0.8879
vn -0.1880 -0.3641 -0.9122
vn -0.6547 -0.1010 0.7491
vn 0.2499 0.0191 0.9681
vn -0.7678 0.0995 -0.6329
vn -0.3396 -0.1227 -0.9325
vn -0.3036 -0.3190 -0.8978
vn 0.1369 0.4567 0.8790
vn -0.2688 0.0317 -0.9627
vn -0.6437 -0.3047 -0.7020
vn 0.4975 0.1562 0.8533
vn 0.3655 0.0934 0.9261
vn 0.3848 0.1531 0.9102
vn 0.1879 0.3572 0.9149
vn 0.1479 -0.8874 0.4367
vn -0.3465 -0.0342 -0.9374
vn 0.3916 -0.1117 0.9134
vn -0.7958 -0.0327 0.6047
vn 0.0276 0.5422 0.8398
vn 0.3393 -0.8837 0.3224
vn -0.0142 0.5604 0.8281
vn 0.3520 -0.9343 -0.0565
vn 0.0660 -0.8752 -0.4793
vn -0.1264 -0.5068 -0.8527
vn 0.4423 0.3910 0.8072
vn 0.1850 0.5716 0.7994
vn -0.0084 0.5668 0.8238
vn -0.9785 -0.1461 -0.1457
vn -0.5430 -0.3115 -0.7798
vn 0.1259 0.3625 0.9234
vn -0.7351 0.5533 0.3918
vn -0.9322 -0.1139 -0.3437
vn 0.2645 0.5190 0.8128
vn 0.0766 0.1683 0.9828
vn 0.8216 -0.5225 0.2279
vn 0.1539 -0.6351 -0.7570
vn -0.1254 0.4397 0.8893
vn 0.4536 -0.7676 -0.4529
vn 0.1624 0.6722 0.7223
vn -0.1386 -0.1706 -0.9755
vn -0.1084 0.2691 0.9570
vn -0.3818 -0.1857 0.9054
vn -0.8494 -0.5171 -0.1059
vn -0.4580 -0.3086 -0.8337
vn -0.3546 -0.2384 -0.9041
vn -0.5860 -0.4088 -0.6996
vn 0.2736 0.1991 0.9410
vn -0.0575 -0.1124 -0.9920
vn -0.4546 -0.4653 -0.7595
vn -0.1645 0.3892 0.9063
vn -0.2880 -0.9506 0.1163
vn 0.2165 -0.9419 -0.2569
vn -0.1134 0.3637 0.9246
vn 0.9967 -0.0249 0.0772
vn -0.0313 -0.0557 0.9980
vn -0.1360 -0.2335 -0.9628
vn 0.7180 -0.0212 -0.6957
vn -0.1646 0.3109 0.9361
vn 0.1312 0.3954 0.9091
vn 0.1427 -0.4283 -0.8923
vn 0.1217 0.4318 0.8937
vn 0.7276 0.1493 0.6695
vn 0.9501 0.1462 0.2756
vn 0.4690 0.3988 0.7881
vn -0.3790 0.2654 0.8865
vn -0.3481 0.9285 -0.1293
vn -0.1577 0.9606 0.2289
vn -0.5445 -0.3563 -0.7593
vn -0.3986 0.2259 -0.8889
vn 0.4647 0.2589 0.8468
vn 0.4051 -0.0264 0.9139
vn -0.3147 -0.1260 -0.9408
vn 0.7123 -0.0137 -0.7018
vn 0.5019 -0.0932 0.8599
vn -0.1049 0.4191 0.9019
vn 0.1422 -0.2582 0.9556
vn -0.1186 -0.0384 -0.9922
vn -0.0573 0.1287 -0.9900
vn 0.3581 0.1771 0.9167
vn -0.0113 -0.0774 0.9969
vn -0.0409 0.4489 0.8926
vn 0.0318 0.4607 0.8870
vn 0.1488 -0.4244 -0.8931
vn -0.0472 0.5671 0.8223
vn -0.1492 -0.2931 -0.9444
vn -0.3705 0.1896 0.9093
vn -0.1027 -0.0981 0.9899
vn 0.0510 -0.1983 -0.9788
vn -0.2242 0.2669 0.9373
vn -0.2282 0.2720 0.9348
vn -0.1289 -0.1118 -0.9853
vn -0.0354 -0.2849 -0.9579
vn -0.0065 -0.4060 -0.9139
vn -0.0043 0.1598 0.9871
vn 0.0577 -0.1089 -0.9924
vn -0.2202 -0.2959 -0.9295
vn 0.1229 0.2270 0.9661
vn -0.2486 -0.3773 0.8921
vn -0.2492 -0.7064 0.6625
vn 0.0561 0.7032 0.7088
vn -0.2548 0.7443 0.6174
vn -0.2472 0.4184 0.8740
vn -0.0291 0.3187 0.9474
vn -0.4907 0.3941 0.7772
vn -0.0328 -0.4097 -0.9116
vn -0.0967 -0.4684 -0.8782
vn -0.0786 0.5865 0.8061
vn -0.1667 -0.3133 -0.9349
vn 0.1900 0.4723 0.8607
vn 0.0441 0.6340 0.7721
vn -0.1431 0.6711 0.7274
vn 0.1504 0.0139 0.9885
vn -0.0721 -0.0752 -0.9946
vn -0.2173 -0.0988 -0.9711
vn 0.1195 0.1433 0.9824
vn 0.2773 0.2948 0.9144
vn 0.2035 0.3398 0.9182
vn 0.3003 0.0365 0.9532
vn 0.3049 -0.8685 -0.3909
vn -0.1268 0.6329 0.7638
vn -0.0737 0.5709 0.8177
vn 0.3061 -0.8669 -0.3935
vn 0.5994 -0.1829 0.7793
vn 0.3061 -0.6174 -0.7246
vn 0.4435 0.2113 0.8710
vn 0.4332 -0.0694 0.8986
vn 0.4528 0.3904 0.8016
vn -0.3121 -0.3186 -0.8950
vn 0.1921 0.1170 0.9744
vn -0.3907 -0.3880 -0.8347
vn -0.1765 0.2178 0.9599
vn 0.0613 0.1454 0.9875
vn -0.0374 0.2301 0.9725
vn -0.0802 0.3568 0.9307
vn -0.3040 -0.2850 -0.9090
vn -0.1286 -0.2576 -0.9577
vn 0.1308 -0.0603 -0.9896
vn 0.1201 -0.0369 -0.9921
vn 0.5182 0.3845 -0.7640
vn 0.7502 0.4277 -0.5042
vn 0.6640 -0.6577 -0.3557
vn 0.0832 -0.0076 0.9965
vn 0.7961 0.3013 -0.5249
vn 0.1737 0.3762 0.9101
vn 0.1357 0.3842 0.9132
vn -0.1767 0.0570 0.9826
vn -0.1545 -0.2503 -0.9558
vn 0.4616 0.4243 0.7790
vn 0.0801 0.1595 -0.9839
vn 0.1969 0.4912 0.8485
vn 0.5908 -0.2997 -0.7491
vn -0.2644 -0.0028 0.9644
vn 0.5149 -0.3760 0.7704
vn -0.3993 0.4606 0.7927
vn -0.3259 -0.1790 0.9283
vn 0.0574 -0.3292 0.9425
vn -0.0937 0.1636 -0.9821
vn -0.1177 -0.2683 0.9561
vn 0.2971 -0.1558 0.9420
vn -0.5670 -0.7494 0.3418
vn 0.5022 -0.2029 0.8406
vn -0.0691 0.0888 -0.9937
vn -0.3469 0.3252 0.8797
vn -0.4582 -0.3191 -0.8296
vn -0.4213 0.0822 0.9032
vn 0.1486 -0.8609 -0.4867
vn -0.0640 0.1422 0.9878
vn -0.1539 -0.3866 -0.9093
vn 0.3056 0.4082 0.8602
vn -0.0306 -0.4845 -0.8743
vn 0.2624 0.3999 0.8782
vn 0.2235 0.3487 0.9102
vn -0.1795 0.0325 -0.9832
vn 0.3206 0.0574 0.9455
vn -0.0024 -0.0467 0.9989
vn -0.2250 -0.0249 -0.9740
vn 0.5365 -0.3404 -0.7722
vn 0.2482 -0.1741 -0.9529
vn 0.3606 0.4253 0.8301
vn 0.6518 0.0271 0.7579
vn 0.1556 -0.6787 0.7177
vn 0.3603 0.3789 0.8524
vn 0.0396 0.5613 0.8267
vn -0.0787 0.5012 0.8618
vn 0.1435 -0.4145 -0.8987
vn 0.1618 -0.3371 -0.9275
vn 0.2391 -0.3290 -0.9136
vn -0.0519 -0.2455 -0.9680
vn -0.0112 0.3310 0.9435
vn -0.2727 0.2486 0.9294
vn -0.0732 -0.2407 -0.9678
vn -0.2278 -0.2304 -0.9460
vn 0.3029 0.3974 0.8662
vn 0.3515 0.2220 0.9095
vn 0.1418 0.3431 0.9286
vn 0.6103 -0.2952 0.7351
vn -0.0474 -0.1737 -0.9837
vn -0.1612 -0.1004 0.9818
vn 0.1973 0.3467 0.9170
vn 0.3729 -0.4546 -0.8089
vn 0.7182 0.4069 0.5644
vn -0.8342 -0.5092 -0.2119
vn -0.7544 -0.4430 0.4844
vn 0.3834 0.5861 0.7138
vn -0.1306 -0.2608 -0.9565
vn 0.2039 0.0861 0.9752
vn -0.1838 0.1079 0.9770
vn 0.2035 0.1015 0.9738
vn -0.0459 0.2574 0.9652
vn -0.6463 -0.4605 -0.6084
vn 0.8642 0.3231 -0.3858
vn -0.9684 -0.2269 0.1038
vn -0.5979 -0.0477 0.8001
vn 0.3381 0.3504 0.8735
vn 0.0930 0.3776 0.9213
vn -0.0323 0.4566 0.8891
vn -0.0758 0.3239 0.9430
vn -0.4840 0.0546 0.8734
vn -0.1736 0.1684 0.9703
vn -0.9389 -0.2511 0.2353
vn -0.8236 -0.0777 0.5618
vn 0.1689 0.3310 0.9284
vn -0.0265 0.5168 0.8557
vn -0.3029 -0.4949 -0.8145
vn 0.1723 0.4538 0.8743
vn 0.2573 -0.5139 -0.8184
vn -0.3742 -0.8234 -0.4266
vn 0.3173 0.5075 0.8011
vn -0.4218 0.4665 0.7775
vn -0.4449 0.4231 0.7893
vn -0.7993 0.2110 -0.5627
vn -0.7218 0.6730 -0.1616
vn 0.2937 0.1585 -0.9427
vn -0.3970 -0.6057 0.6896
vn -0.0031 -0.0057 -1.0000
vn -0.0026 -0.0034 -1.0000
vn -0.0880 0.3107 0.9464
vn -0.1007 0.6403 0.7615
vn 0.2008 -0.2983 -0.9331
vn -0.3712 0.2103 0.9044
vn -0.0594 0.0388 -0.9975
vn 0.1213 0.4967 0.8594
vn 0.0340 -0.0555 0.9979
vn -0.2979 0.3339 0.8943
vn -0.4930 -0.0537 0.8684
vn -0.2698 0.0793 0.9596
vn -0.1599 0.2608 0.9521
vn -0.2890 -0.0119 0.9573
vn 0.0400 -0.6147 -0.7878
vn 0.1274 -0.7093 -0.6933
vn -0.0479 0.5959 0.8016
vn -0.2305 0.5847 0.7778
vn -0.3845 0.3844 0.8393
vn -0.1616 0.6560 0.7372
vn 0.1573 -0.2622 -0.9521
vn -0.3864 0.4483 0.8061
vn -0.1448 0.6645 0.7331
vn 0.0725 -0.3940 -0.9162
vn 0.0035 0.4919 0.8707
vn -0.2622 0.2591 0.9296
vn -0.2523 0.2948 0.9216
vn 0.0205 -0.2764 -0.9608
vn -0.3232 0.2353 0.9166
vn -0.3470 -0.8624 -0.3685
vn 0.0015 0.6924 0.7215
vn 0.0321 -0.7303 -0.6824
vn -0.6079 0.0844 0.7895
vn -0.3899 -0.8943 -0.2196
vn 0.2006 0.8097 0.5515
vn 0.0076 -0.2331 -0.9724
vn -0.1829 -0.4076 -0.8946
vn -0.0764 0.0138 0.9970
vn -0.4910 -0.6382 -0.5930
vn -0.7588 -0.6403 -0.1197
vn 0.1238 0.7238 0.6788
vn -0.3887 -0.7041 -0.5943
vn -0.2749 0.4511 0.8491
vn -0.0039 0.7073 0.7069
vn 0.1596 -0.4135 -0.8964
vn -0.1523 0.3571 0.9216
vn 0.0072 0.0201 0.9998
vn -0.0660 0.2979 0.9523
vn 0.2291 0.4004 0.8873
vn 0.1058 0.3224 0.9407
vn 0.2324 0.2554 0.9385
vn -0.4054 0.3360 0.8501
vn -0.3075 -0.1094 0.9452
vn -0.2105 -0.6003 -0.7715
vn -0.7100 0.1818 0.6803
vn -0.0048 0.0085 1.0000
vn 0.4417 -0.8959 -0.0472
vn -0.2977 0.8282 0.4748
vn 0.7317 -0.2706 0.6256
vn 0.4291 -0.5713 0.6996
vn 0.0601 -0.0964 -0.9935
vn -0.0244 0.0884 0.9958
vn 0.1520 -0.3879 -0.9091
vn 0.2710 -0.2168 -0.9378
vn 0.2181 -0.3426 -0.9138
vn 0.0375 0.4324 0.9009
vn -0.2370 -0.5340 -0.8116
vn 0.0770 -0.3609 -0.9294
vn 0.4539 -0.3180 -0.8324
vn -0.1973 -0.4070 -0.8919
vn -0.5325 0.4416 0.7221
vn -0.7176 0.6766 -0.1654
vn -0.7249 -0.4672 0.5061
vn -0.8127 -0.4511 0.3688
vn 0.2484 0.6926 0.6772
vn 0.0584 -0.3266 -0.9434
vn 0.2927 0.6977 0.6539
vn 0.1706 0.0115 -0.9853
vn 0.1364 -0.7762 -0.6156
vn 0.0553 0.4859 0.8723
vn -0.3690 0.4807 0.7954
vn -0.4551 0.2559 0.8529
vn 0.2899 -0.2873 -0.9129
vn 0.4107 -0.4807 -0.7748
vn -0.9768 -0.0128 -0.2138
vn -0.9926 -0.0038 -0.1213
vn -0.6318 -0.3972 -0.6657
vn 0.4319 0.4225 0.7968
vn 0.3973 0.6098 0.6858
vn 0.4225 0.3684 0.8281
vn 0.0236 0.4608 0.8872
vn -0.3675 0.0389 0.9292
vn -0.0197 -0.0199 -0.9996
vn -0.6933 -0.0890 0.7152
vn -0.2979 -0.1591 0.9413
vn -0.3121 0.0562 0.9484
vn -0.4880 -0.3030 0.8185
vn -0.2145 0.1545 0.9644
vn -0.2512 0.3108 0.9167
vn -0.3114 0.1528 0.9379
vn 0.1898 -0.0371 -0.9811
vn 0.1818 -0.2800 -0.9426
vn 0.0206 0.0782 0.9967
vn -0.2483 0.6632 0.7061
vn -0.2202 0.2022 0.9543
vn 0.3392 -0.7304 0.5928
vn 0.3588 -0.2409 0.9018
vn 0.0024 -0.3131 0.9497
vn 0.1706 0.4273 0.8878
vn 0.1158 -0.5337 -0.8377
vn 0.0815 -0.3776 -0.9224
vn -0.2474 0.2703 0.9305
vn -0.1027 0.8211 0.5615
vn -0.1124 0.4736 0.8735
vn -0.1490 0.3731 0.9158
vn -0.3256 0.4074 0.8532
vn -0.2569 0.3710 0.8924
vn -0.1374 -0.6767 -0.7233
vn 0.1017 -0.6530 -0.7505
vn 0.1609 -0.6127 -0.7737
vn -0.2500 0.8558 0.4528
vn -0.0437 -0.9550 -0.2934
vn -0.0479 -0.9530 -0.2992
vn -0.0452 -0.9812 -0.1875
vn -0.1755 0.1247 0.9765
vn 0.1927 -0.2467 -0.9497
vn -0.0537 0.4381 0.8973
vn 0.2193 0.4103 0.8852
vn -0.1007 0.5708 0.8149
vn -0.1017 0.5608 0.8217
vn -0.0183 -0.9995 0.0255
vn 0.1513 0.0135 -0.9884
vn 0.1789 -0.2358 -0.9552
vn 0.2382 0.1120 -0.9647
vn 0.0278 -0.2819 -0.9591
vn -0.0688 0.2082 0.9757
vn -0.1983 0.0810 0.9768
vn -0.0563 -0.3918 -0.9183
vn -0.1771 0.2545 0.9507
vn 0.2659 0.4055 0.8746
vn -0.2467 0.3527 0.9026
vn 0.1753 0.4544 0.8734
vn 0.5715 -0.6899 0.4443
vn 0.3545 -0.4485 0.8205
vn -0.8734 -0.1515 0.4629
vn -0.8462 -0.5329 -0.0014
vn -0.1859 0.0681 0.9802
vn -0.1342 0.2303 0.9638
vn -0.4781 0.4373 0.7617
vn -0.4578 0.0141 0.8889
vn -0.4248 0.2126 0.8800
vn 0.4023 0.1159 -0.9082
vn -0.2572 -0.5447 -0.7982
vn -0.0067 0.3352 0.9421
vn -0.8053 -0.5847 -0.0985
vn -0.5350 0.0490 0.8434
vn -0.4622 -0.8852 0.0525
vn 0.5277 0.1050 -0.8429
vn 0.1815 0.1791 0.9669
vn 0.2220 -0.0664 0.9728
vn -0.2032 0.4002 0.8936
vn -0.2174 0.3009 0.9285
vn -0.3271 0.2960 0.8974
vn -0.3096 -0.6549 0.6894
vn 0.2494 -0.1398 -0.9583
vn 0.2829 0.0203 -0.9589
vn 0.2093 0.0695 -0.9754
vn 0.6203 -0.3768 -0.6880
vn -0.3312 0.1707 0.9280
vn -0.4238 0.2233 0.8778
vn -0.2510 0.3075 0.9178
vn 0.4376 0.7167 -0.5430
vn 0.9925 -0.0009 -0.1223
vn -0.3824 0.1214 0.9160
vn 0.5278 -0.1687 -0.8325
vn -0.3621 -0.1872 0.9132
vn 0.1523 -0.4244 -0.8926
vn 0.1462 -0.1971 -0.9694
vn -0.4987 -0.0142 0.8667
vn -0.2797 0.0983 0.9550
vn 0.2748 0.0206 -0.9613
vn 0.2954 0.0274 -0.9550
vn 0.5648 0.2781 -0.7769
vn 0.9951 0.0638 0.0755
vn -0.2113 0.7692 0.6031
vn -0.3902 -0.5016 0.7721
vn 0.6279 0.1750 0.7584
vn 0.6237 0.2291 0.7473
vn 0.5112 0.1635 -0.8437
vn -0.6438 -0.1579 0.7487
vn 0.4665 -0.1118 -0.8774
vn 0.3144 -0.1480 -0.9377
vn 0.2957 0.0092 -0.9552
vn -0.1330 0.5877 0.7981
vn -0.3732 0.5536 0.7445
vn 0.0503 -0.5493 0.8341
vn 0.0547 0.3603 0.9312
vn -0.2673 0.5907 0.7613
vn -0.0633 0.7141 0.6972
vn 0.0643 0.6859 0.7248
vn 0.0914 -0.5164 0.8515
vn 0.1377 -0.3100 -0.9407
vn -0.3969 0.1937 0.8972
vn 0.1913 -0.3803 -0.9049
vn 0.1772 -0.3752 -0.9099
vn -0.3316 0.2326 0.9143
vn -0.3254 0.1979 0.9246
vn -0.4551 0.2767 0.8464
vn -0.0129 0.4622 0.8867
vn -0.0168 0.4978 0.8672
vn -0.2824 0.4447 0.8500
vn -0.0247 0.5007 0.8653
vn 0.0827 -0.6223 -0.7784
vn 0.1526 0.6937 0.7039
vn 0.1025 -0.8618 -0.4968
vn -0.0282 0.7665 0.6416
vn 0.2435 -0.8715 -0.4256
vn 0.0252 -0.7971 0.6034
vn -0.1678 0.7135 0.6803
vn -0.4220 0.1504 0.8940
vn 0.2691 -0.1956 -0.9430
vn 0.1053 -0.6228 -0.7753
vn 0.4057 -0.2686 -0.8736
vn -0.1496 0.5652 0.8112
vn 0.0967 -0.9122 0.3982
vn 0.2475 -0.1437 -0.9582
vn 0.2609 -0.1770 -0.9490
vn 0.2989 0.2572 -0.9190
vn -0.0476 -0.0514 0.9975
vn 0.3495 -0.2341 -0.9072
vn -0.5522 0.2392 0.7987
vn -0.5667 0.2019 0.7988
vn -0.0822 0.5139 0.8539
vn 0.2818 -0.1615 -0.9458
vn 0.3755 -0.7528 -0.5406
vn -0.2422 0.4013 0.8833
vn 0.6081 -0.4029 -0.6840
vn 0.4873 -0.2468 -0.8376
vn -0.3669 0.0629 0.9281
vn 0.6525 -0.6502 0.3892
vn -0.2473 -0.7645 -0.5953
vn 0.4569 -0.4769 0.7509
vn 0.6811 -0.1630 0.7138
vn 0.2083 -0.1400 -0.9680
vn 0.2652 -0.1356 -0.9546
vn 0.3256 0.2186 0.9199
vn 0.2008 -0.3387 -0.9192
vn 0.3485 0.2354 0.9072
vn -0.4372 -0.0177 0.8992
vn -0.1091 0.2167 0.9701
vn -0.0993 0.2146 0.9716
vn -0.4613 0.3594 0.8112
vn -0.3815 0.3975 0.8345
vn 0.3263 -0.2695 -0.9060
vn -0.2063 0.1997 0.9579
vn -0.6012 0.5147 -0.6113
vn -0.4477 0.0769 -0.8909
vn -0.6129 0.3663 -0.7001
vn 0.9037 -0.0363 0.4267
vn 0.8707 -0.4917 0.0086
vn -0.2025 0.9175 -0.3423
vn 0.8520 -0.1019 0.5135
vn -0.8150 0.5575 0.1581
vn -0.0720 -0.1145 0.9908
vn -0.1247 0.3506 -0.9282
vn 0.1941 0.0174 -0.9808
vn -0.2288 0.0807 0.9701
vn -0.7152 0.4164 0.5614
vn -0.2358 -0.6358 0.7350
vn 0.0442 0.3749 0.9260
vn 0.6302 -0.1005 -0.7699
vn 0.4408 0.2153 -0.8714
vn 0.4944 0.4257 -0.7579
vn -0.7115 0.5577 0.4274
vn 0.3090 0.2756 -0.9103
vn 0.3614 0.1877 -0.9133
vn -0.2145 -0.7462 -0.6302
vn -0.3521 -0.2150 0.9109
vn 0.1508 -0.3571 -0.9218
vn -0.1642 -0.6569 -0.7359
vn 0.6561 -0.2941 0.6950
vn 0.5937 -0.2023 0.7788
vn -0.2993 -0.2086 0.9311
vn -0.4668 -0.4516 -0.7604
vn -0.2321 -0.0509 0.9714
vn -0.1676 0.0756 -0.9830
vn -0.4308 -0.0487 0.9011
vn -0.4165 0.3375 0.8442
vn 0.6950 -0.2178 -0.6853
vn -0.8418 0.2485 0.4792
vn -0.6036 -0.3200 0.7303
vn 0.7383 -0.0744 -0.6704
vn -0.4953 0.2199 0.8404
vn 0.9776 0.0708 -0.1982
vn -0.0619 0.7010 0.7104
vn 0.1957 -0.8128 0.5487
vn -0.4910 0.5556 0.6710
vn -0.0793 0.3814 0.9210
vn 0.5459 -0.6054 -0.5792
vn 0.5668 -0.4520 -0.6888
vn 0.4559 -0.6466 0.6116
vn 0.2503 -0.3392 -0.9068
vn -0.4688 0.2373 0.8509
vn -0.3739 0.1546 0.9145
vn -0.5419 0.1211 0.8317
vn -0.1998 0.2939 0.9347
vn -0.2674 0.5378 0.7996
vn -0.0700 0.5908 0.8038
vn -0.1345 0.3256 0.9359
vn 0.1904 -0.3716 -0.9087
vn -0.4021 0.3864 0.8301
vn 0.3104 -0.8102 -0.4972
vn 0.2909 -0.6767 -0.6764
vn -0.4466 0.7722 0.4520
vn 0.5400 -0.5621 0.6264
vn 0.5791 -0.7438 -0.3338
vn -0.2385 0.1396 0.9611
vn -0.1539 0.0555 0.9865
vn 0.6644 -0.4666 -0.5839
vn -0.7618 0.3476 0.5466
vn 0.3976 -0.5367 -0.7442
vn -0.4810 0.5818 0.6559
vn -0.4762 0.5999 0.6429
vn 0.4639 -0.5610 -0.6856
vn -0.5249 0.2067 0.8257
vn -0.2063 0.0906 0.9743
vn -0.3984 0.0552 0.9156
vn 0.2370 -0.4601 -0.8556
vn 0.3507 -0.2339 -0.9068
vn -0.4703 0.3637 0.8041
vn -0.0328 0.1181 0.9925
vn 0.0451 -0.0747 -0.9962
vn 0.1251 0.0166 -0.9920
vn -0.2220 0.2323 0.9470
vn -0.3469 0.1171 0.9306
vn -0.4996 0.0499 0.8648
vn -0.3676 0.4779 0.7978
vn -0.5629 0.1128 0.8188
vn 0.4224 -0.0476 -0.9052
vn 0.4110 -0.5313 -0.7408
vn -0.5583 -0.1799 0.8099
vn 0.1608 0.1054 -0.9813
vn -0.2910 -0.1748 0.9406
vn -0.2111 -0.3217 0.9230
vn -0.2585 0.0233 0.9657
vn 0.4459 0.0446 -0.8940
vn -0.5372 0.2139 0.8159
vn 0.5062 -0.1282 -0.8528
vn -0.5435 0.1159 0.8314
vn 0.8756 -0.2046 -0.4376
vn 0.9516 -0.3068 0.0194
vn 0.7467 -0.6376 0.1896
vn -0.0756 0.0922 0.9929
vn 0.9955 0.0586 0.0747
vn 0.1856 0.2714 -0.9444
vn -0.0039 0.1895 -0.9819
vn -0.4289 0.8993 -0.0849
vn -0.1825 -0.1260 0.9751
vn -0.7381 0.6358 -0.2257
vn -0.1656 -0.0968 0.9814
vn -0.1374 0.2364 -0.9619
vn -0.5740 0.7678 0.2846
vn -0.1037 -0.3050 0.9467
vn -0.2223 -0.1063 0.9692
vn -0.2736 -0.8147 -0.5113
vn 0.5469 0.8364 0.0352
vn -0.2442 -0.3344 0.9102
vn 0.3894 -0.2160 -0.8954
vn 0.3774 -0.1106 -0.9194
vn 0.7497 0.5363 -0.3878
vn -0.3913 0.0553 0.9186
vn 0.2595 -0.8295 -0.4946
vn 0.7803 0.5264 0.3377
vn 0.8366 -0.4364 0.3311
vn 0.6666 -0.6545 0.3569
vn -0.0181 0.0002 0.9998
vn -0.0806 0.6935 0.7159
vn 0.4886 -0.5246 -0.6971
vn -0.4194 0.7211 0.5515
vn 0.7048 -0.4277 0.5660
vn -0.3175 0.1800 0.9310
vn 0.3261 -0.4089 -0.8523
vn -0.2890 0.3226 0.9013
vn -0.4642 0.5995 0.6520
vn 0.1760 -0.2896 -0.9408
vn -0.1702 0.4947 0.8522
vn -0.1249 0.2127 0.9691
vn -0.0456 0.5855 0.8094
vn 0.2537 -0.4597 -0.8511
vn 0.2465 -0.4700 -0.8475
vn 0.2018 -0.2005 -0.9587
vn -0.2868 0.1283 0.9494
vn 0.6686 -0.7185 0.1916
vn 0.2785 -0.3754 0.8840
vn 0.2123 -0.2078 -0.9549
vn 0.4752 -0.3321 -0.8148
vn 0.5324 -0.3625 -0.7650
vn -0.3669 0.6312 0.6833
vn -0.5705 0.2250 0.7899
vn -0.5670 0.2287 0.7913
vn -0.7561 0.2910 0.5862
vn -0.7269 0.4427 0.5251
vn -0.3619 0.2099 0.9083
vn 0.2551 -0.0114 -0.9669
vn 0.2615 -0.0632 -0.9631
vn -0.1830 -0.8515 -0.4913
vn -0.3194 0.1686 0.9325
vn 0.1893 0.2320 -0.9541
vn 0.3252 -0.0793 -0.9423
vn 0.4711 -0.1659 -0.8663
vn -0.5508 -0.0209 0.8344
vn 0.5455 -0.1679 -0.8211
vn 0.5361 -0.1733 -0.8261
vn -0.6614 0.0878 0.7448
vn -0.6898 0.0416 0.7228
vn 0.7610 -0.5249 -0.3813
vn 0.7551 -0.0790 -0.6508
vn -0.2774 0.2529 0.9269
vn -0.2323 0.1873 -0.9544
vn -0.1303 -0.3183 0.9390
vn 0.3156 0.0747 -0.9460
vn -0.0575 0.6225 -0.7805
vn -0.3593 -0.1526 0.9207
vn -0.3690 -0.0284 0.9290
vn 0.3770 0.1931 -0.9059
vn 0.7496 0.5364 -0.3878
vn 0.6339 0.1172 -0.7645
vn -0.5211 -0.0527 0.8519
vn 0.6977 0.7154 -0.0375
vn 0.6689 0.7395 -0.0762
vn -0.1611 0.3638 0.9174
vn 0.2797 -0.2205 -0.9344
vn 0.0663 0.3681 -0.9274
vn -0.4057 0.0239 0.9137
vn 0.4503 -0.1066 -0.8865
vn -0.4555 -0.2076 0.8657
vn 0.5549 0.1649 -0.8154
vn 0.3158 -0.9472 0.0558
vn 0.2962 -0.1012 -0.9497
vn -0.0829 -0.4588 -0.8847
vn 0.1581 -0.7627 -0.6271
vn -0.0924 -0.9957 -0.0019
vn 0.1180 -0.3633 -0.9242
vn -0.3756 -0.1751 0.9101
vn 0.0762 -0.6779 0.7312
vn 0.8196 -0.2871 0.4958
vn 0.8478 -0.0847 0.5235
vn 0.2815 -0.9008 0.3306
vn 0.3187 -0.8960 0.3093
vn -0.4508 0.2791 0.8479
vn 0.3105 -0.9047 0.2918
vn 0.7489 -0.1690 -0.6408
vn 0.6710 -0.7380 0.0715
vn 0.1200 0.0250 0.9925
vn 0.4887 -0.7799 -0.3911
vn 0.3627 -0.5032 -0.7844
vn 0.1379 -0.1772 0.9745
vn 0.7262 -0.3351 -0.6003
vn -0.4163 0.6213 0.6638
vn 0.6135 0.2217 0.7579
vn 0.4274 -0.3570 -0.8306
vn -0.5917 0.0557 0.8042
vn -0.2348 0.5851 0.7763
vn -0.5019 0.3392 0.7956
vn 0.7301 -0.1681 -0.6623
vn 0.9588 -0.1860 0.2146
vn 0.9790 0.1055 0.1742
vn 0.2452 0.3203 0.9150
vn 0.2909 -0.1751 -0.9406
vn -0.3140 0.1841 0.9314
vn -0.3641 0.2675 0.8921
vn -0.2178 -0.1695 0.9612
vn -0.3780 0.1849 0.9072
vn 0.3162 -0.8763 -0.3634
vn 0.4773 0.1417 -0.8673
vn 0.2995 -0.8832 -0.3610
vn 0.4375 -0.8949 0.0881
vn -0.2098 -0.2263 0.9512
vn -0.4122 -0.0614 0.9090
vn -0.4009 -0.0563 0.9144
vn 0.6195 0.1464 0.7713
vn 0.4584 0.6286 0.6283
vn -0.1152 -0.1768 0.9775
vn 0.2448 0.1972 -0.9493
vn -0.1724 -0.1264 0.9769
vn -0.3216 0.2708 0.9073
vn 0.4271 0.7135 0.5555
vn 0.1412 0.4695 0.8716
vn 0.5327 -0.5517 0.6418
vn 0.3149 -0.0647 -0.9469
vn -0.1996 0.2969 0.9338
vn 0.0110 0.9996 -0.0241
vn 0.1504 0.0753 -0.9858
vn 0.5635 -0.7497 0.3471
vn -0.2740 0.1588 0.9485
vn 0.5616 -0.7360 0.3780
vn -0.5197 -0.0029 0.8543
vn 0.4899 -0.0100 0.8717
vn 0.6065 -0.4156 -0.6779
vn 0.6135 -0.4131 0.6730
vn 0.6526 -0.2795 -0.7043
vn 0.4728 -0.0512 -0.8797
vn 0.6304 0.1713 -0.7571
vn -0.6816 -0.1670 0.7124
vn 0.8700 0.0698 0.4882
vn 0.9704 -0.0913 0.2236
vn 0.7613 -0.3603 0.5390
vn -0.0273 -0.9339 0.3566
vn 0.0051 -0.8714 0.4906
vn 0.4622 -0.0075 -0.8867
vn -0.6558 0.1338 0.7430
vn -0.6327 -0.2205 0.7423
vn 0.0755 -0.8909 0.4478
vn 0.4124 -0.0762 -0.9078
vn 0.3757 -0.2723 -0.8858
vn -0.0977 -0.7040 0.7035
vn 0.8402 0.5420 -0.0179
vn 0.7305 0.3678 0.5754
vn 0.3146 0.3547 0.8805
vn 0.2527 -0.6510 0.7157
vn -0.0652 -0.0488 0.9967
vn 0.3243 0.0319 -0.9454
vn 0.1497 0.0619 -0.9868
vn -0.2321 0.0728 0.9700
vn 0.1203 0.7137 0.6900
vn -0.2765 -0.8056 -0.5240
vn 0.0932 -0.9766 -0.1940
vn -0.1175 -0.0607 0.9912
vn 0.9924 -0.1211 0.0207
vn 0.6565 0.6013 -0.4555
vn 0.0513 -0.8271 0.5597
vn 0.1320 -0.1790 -0.9750
vn -0.2510 -0.2589 -0.9327
vn -0.0545 -0.6619 0.7476
vn 0.2319 0.3121 0.9213
vn 0.2746 0.0310 0.9611
vn -0.0694 0.0160 0.9975
vn -0.1609 0.1858 -0.9693
vn 0.2488 -0.1425 0.9580
vn 0.5145 -0.7457 0.4235
vn 0.2175 -0.5741 0.7894
vn 0.2379 -0.4536 0.8589
vn -0.0063 0.2720 -0.9623
vn -0.2357 0.0996 0.9667
vn 0.0542 -0.2307 0.9715
vn 0.0318 -0.1290 0.9911
vn -0.1867 0.3417 -0.9211
vn -0.0594 -0.4468 0.8926
vn -0.3268 0.5882 -0.7397
vn 0.1695 -0.2638 0.9496
vn 0.8842 -0.0460 -0.4647
vn 0.5446 -0.5634 0.6213
vn -0.6033 -0.1236 0.7879
vn 0.7855 0.1304 -0.6050
vn -0.0313 -0.7198 0.6934
vn -0.2326 0.6720 -0.7031
vn -0.4340 0.8769 -0.2066
vn -0.0689 -0.1883 0.9797
vn -0.4369 0.3665 -0.8215
vn 0.2401 -0.6755 0.6972
vn -0.3313 0.7068 -0.6250
vn -0.5874 -0.7282 0.3531
vn -0.2058 0.2264 0.9520
vn 0.5726 0.4358 -0.6943
vn -0.6486 -0.5296 0.5467
vn -0.7182 -0.4407 0.5385
vn -0.7333 -0.3819 0.5626
vn -0.6568 -0.4463 0.6078
vn -0.6529 -0.4542 0.6062
vn -0.9365 -0.2232 0.2706
vn 0.8139 0.3371 -0.4733
vn -0.6926 -0.2793 0.6650
vn 0.6679 0.5043 -0.5474
vn 0.7811 0.3025 -0.5463
vn -0.5689 -0.3387 0.7494
vn 0.7273 0.6433 0.2390
vn 0.4226 -0.2600 0.8682
vn 0.8784 0.4679 0.0973
vn -0.0070 0.8047 0.5936
vn 0.2641 -0.1472 -0.9532
vn 0.0310 -0.0927 -0.9952
vn -0.0912 0.2106 0.9733
vn 0.0355 -0.2402 0.9701
vn -0.0954 0.2061 0.9739
vn -0.0912 0.2053 0.9744
vn 0.1401 0.5307 -0.8359
vn -0.0708 -0.1803 -0.9811
vn 0.0626 -0.3135 0.9475
vn -0.1492 0.5106 -0.8468
vn 0.1085 -0.0296 0.9937
vn 0.1044 -0.4082 0.9069
vn -0.1074 0.2692 -0.9571
vn 0.2980 -0.5693 0.7663
vn 0.0623 -0.2126 0.9752
vn -0.0124 -0.1821 0.9832
vn 0.1871 -0.6574 0.7299
vn -0.2424 0.8336 -0.4963
vn -0.2067 0.6720 -0.7112
vn 0.2772 -0.5528 0.7859
vn -0.1736 0.0055 0.9848
vn 0.8107 0.4422 -0.3838
vn -0.2044 0.8908 -0.4059
vn 0.8462 -0.4839 0.2232
vn 0.8607 -0.4608 0.2164
vn 0.3691 -0.2652 0.8907
vn -0.6839 -0.0450 -0.7282
vn -0.5975 -0.2301 -0.7681
vn 0.6642 0.1217 0.7376
vn 0.4304 0.1851 0.8835
vn 0.4758 0.1361 0.8690
vn -0.5222 -0.5211 0.6751
vn -0.3049 -0.1543 0.9398
vn -0.8480 0.5292 -0.0308
vn 0.4667 0.0917 0.8797
vn 0.2939 -0.2413 0.9249
vn -0.8600 0.5002 -0.1012
vn -0.2407 0.2481 0.9384
vn 0.0732 -0.0921 -0.9931
vn -0.2905 0.8449 -0.4492
vn -0.3064 0.7668 -0.5640
vn -0.3957 0.1859 0.8994
vn 0.2874 -0.1257 -0.9495
vn -0.2559 -0.0156 0.9666
vn -0.3904 -0.1360 -0.9106
vn 0.0295 -0.2390 0.9706
vn 0.1900 -0.2710 0.9436
vn -0.1870 -0.3208 -0.9285
vn 0.0534 0.6356 -0.7701
vn -0.2339 -0.4193 0.8772
vn 0.0975 -0.3228 0.9415
vn 0.1512 -0.5043 0.8502
vn 0.1183 -0.0559 0.9914
vn 0.1746 -0.0635 0.9826
vn 0.0615 -0.1428 0.9878
vn 0.0260 0.2369 -0.9712
vn 0.1478 -0.4085 0.9007
vn 0.0139 -0.4897 0.8718
vn -0.0609 -0.6274 0.7763
vn -0.0835 -0.5728 0.8154
vn -0.0728 0.6562 -0.7511
vn -0.0598 0.8851 -0.4616
vn -0.3314 0.4096 -0.8499
vn -0.5150 -0.3291 -0.7915
vn 0.0612 -0.2688 0.9613
vn -0.1235 -0.3379 -0.9330
vn 0.4450 0.2367 0.8637
vn -0.0791 0.4050 0.9109
vn -0.0469 0.8705 0.4900
vn -0.6002 -0.2307 -0.7658
vn -0.3838 -0.0592 -0.9215
vn 0.3753 0.0394 0.9261
vn 0.3603 0.1604 0.9189
vn -0.3525 -0.0624 -0.9337
vn -0.4277 0.1582 -0.8900
vn 0.4851 -0.0719 0.8715
vn -0.3758 0.2083 -0.9030
vn 0.2755 -0.3769 0.8843
vn 0.1109 -0.2903 0.9505
vn -0.5735 0.7395 -0.3523
vn -0.3254 0.3377 -0.8832
vn 0.0376 0.1263 0.9913
vn -0.3468 0.9015 0.2590
vn -0.0765 0.4599 0.8846
vn -0.2998 0.8923 -0.3375
vn 0.2609 0.0780 0.9622
vn -0.2499 -0.1910 -0.9492
vn -0.4075 -0.0421 -0.9122
vn 0.2369 -0.4927 -0.8373
vn 0.5672 0.3624 -0.7395
vn 0.5445 -0.1977 -0.8152
vn 0.1420 0.0394 0.9891
vn 0.3323 0.0003 0.9432
vn 0.4749 -0.2583 0.8413
vn -0.3426 -0.2650 0.9013
vn -0.1871 -0.4151 0.8904
vn -0.1172 -0.0511 0.9918
vn -0.5035 0.8627 -0.0482
vn -0.4253 0.9034 0.0547
vn 0.2732 0.6055 -0.7475
vn -0.1234 -0.6187 0.7759
vn -0.0274 -0.9552 0.2947
vn -0.8421 0.5169 0.1535
vn -0.1566 -0.9431 0.2932
vn -0.1057 0.4751 0.8736
vn 0.2571 -0.1397 0.9562
vn -0.1329 -0.8922 0.4315
vn 0.2854 -0.8950 0.3427
vn -0.0664 0.0140 0.9977
vn 0.0480 0.3544 -0.9339
vn -0.0285 0.3906 -0.9201
vn -0.1459 -0.3703 0.9174
vn 0.0776 0.2399 -0.9677
vn 0.0460 0.3633 -0.9305
vn 0.0060 0.3299 -0.9440
vn 0.0734 -0.2324 0.9699
vn 0.0823 -0.1300 0.9881
vn 0.1542 -0.6542 0.7405
vn 0.0141 -0.1784 -0.9839
vn 0.1379 0.5835 0.8003
vn 0.2504 0.4072 0.8784
vn 0.0163 0.9288 -0.3703
vn -0.5975 -0.2603 -0.7585
vn 0.3489 0.4300 0.8327
vn 0.1622 0.3266 0.9311
vn 0.1562 0.8461 0.5095
vn 0.0750 0.8278 -0.5559
vn -0.2181 -0.2080 -0.9535
vn -0.2922 -0.2069 -0.9337
vn 0.0436 0.1798 0.9827
vn -0.2906 0.1861 -0.9386
vn -0.1866 0.3047 -0.9340
vn -0.1838 0.2936 -0.9381
vn 0.2344 -0.1597 0.9589
vn -0.8073 -0.4352 0.3986
vn -0.8686 0.0437 0.4937
vn -0.4823 0.3973 -0.7808
vn 0.0200 -0.5414 0.8405
vn -0.1635 0.2688 -0.9492
vn 0.1980 0.4321 -0.8798
vn 0.0766 0.0863 0.9933
vn -0.3534 0.8943 0.2746
vn -0.2393 0.6977 -0.6752
vn 0.0241 0.6651 -0.7464
vn 0.5279 0.5284 0.6649
vn 0.4880 0.5961 0.6376
vn -0.6186 0.7595 0.2012
vn -0.4798 0.7494 0.4563
vn -0.0914 0.0011 -0.9958
vn -0.1042 0.1127 0.9882
vn -0.2281 -0.3857 -0.8940
vn 0.1384 -0.1583 0.9776
vn -0.0004 -0.2569 0.9664
vn -0.3972 0.9175 -0.0176
vn 0.0472 -0.1202 -0.9916
vn -0.0621 0.3054 0.9502
vn -0.3047 0.9323 0.1949
vn -0.1319 -0.1226 -0.9837
vn 0.3780 0.2343 -0.8957
vn -0.0830 0.0760 -0.9936
vn -0.0501 -0.0432 -0.9978
vn -0.2567 0.9537 0.1566
vn 0.6081 -0.6445 0.4635
vn -0.7073 0.5036 -0.4961
vn 0.0606 -0.2506 0.9662
vn -0.3340 0.6484 -0.6841
vn 0.0644 0.4440 -0.8937
vn -0.0146 0.2662 -0.9638
vn 0.0434 0.4477 -0.8931
vn 0.0605 0.3635 -0.9296
vn -0.0754 -0.6831 0.7264
vn -0.3159 -0.2696 0.9097
vn -0.9874 0.0746 0.1395
vn -0.6169 -0.0228 -0.7867
vn 0.0046 0.6380 -0.7700
vn -0.2536 -0.4541 0.8541
vn 0.2042 0.6611 -0.7220
vn -0.2776 -0.5087 0.8150
vn 0.1390 0.5760 -0.8055
vn -0.1223 -0.4769 -0.8704
vn 0.2057 0.7796 -0.5915
vn 0.2599 -0.0560 0.9640
vn -0.0109 -0.6355 0.7721
vn 0.3830 0.8119 -0.4406
vn 0.1540 0.6538 -0.7408
vn 0.1278 -0.2511 0.9595
vn -0.4006 0.2435 -0.8833
vn 0.0056 -0.1704 -0.9854
vn -0.1012 0.9932 0.0577
vn 0.2448 0.5626 0.7896
vn 0.2449 0.5624 0.7898
vn -0.4466 0.1953 0.8731
vn -0.9913 -0.0878 0.0980
vn -0.1784 0.1983 -0.9638
vn -0.1026 -0.1940 0.9756
vn -0.5786 -0.6894 -0.4359
vn -0.3650 0.1465 -0.9194
vn 0.9718 0.2163 -0.0943
vn 0.7000 -0.3605 -0.6164
vn 0.9967 -0.0110 0.0798
vn 0.2906 -0.1098 0.9505
vn 0.2601 -0.9282 0.2660
vn 0.1550 -0.0162 0.9878
vn 0.3274 0.0775 0.9417
vn 0.2998 0.2273 0.9265
vn 0.5769 0.2501 0.7776
vn -0.0546 0.6355 0.7701
vn -0.2187 -0.1829 0.9585
vn -0.3584 0.9265 0.1150
vn 0.1525 0.3729 -0.9153
vn -0.2186 -0.3657 0.9047
vn 0.1090 0.2752 -0.9552
vn -0.0268 -0.3788 0.9251
vn 0.4715 -0.1394 0.8708
vn -0.0802 0.5194 -0.8508
vn 0.0868 -0.5234 0.8477
vn 0.2234 -0.2523 0.9415
vn -0.0356 0.3846 -0.9224
vn -0.1429 -0.4627 0.8749
vn -0.2429 -0.3517 0.9040
vn -0.1439 -0.4635 0.8743
vn -0.0943 0.3679 -0.9251
vn 0.0433 -0.4092 0.9114
vn -0.0401 0.3435 -0.9383
vn -0.1028 -0.5257 0.8444
vn -0.3728 0.1305 0.9187
vn -0.2284 0.0854 -0.9698
vn -0.1181 0.3130 -0.9424
vn -0.2186 0.8535 -0.4730
vn -0.1241 -0.1591 0.9794
vn -0.1111 0.8913 -0.4396
vn -0.2268 0.7560 0.6140
vn 0.1426 0.2763 -0.9504
vn -0.1136 0.9935 0.0090
vn -0.4227 0.8246 0.3759
vn -0.3792 0.8251 0.4188
vn 0.1255 -0.0016 -0.9921
vn -0.1361 -0.0516 0.9893
vn 0.4852 -0.8495 -0.2073
vn -0.1896 0.9585 0.2128
vn 0.4674 -0.8621 -0.1957
vn 0.3962 0.2444 0.8850
vn -0.5665 -0.4476 0.6919
vn 0.4533 0.6357 -0.6249
vn -0.1183 0.9785 0.1692
vn -0.3022 -0.3075 0.9023
vn -0.1241 -0.5076 0.8526
vn 0.3670 0.3631 -0.8564
vn 0.3801 0.3470 -0.8574
vn 0.4722 0.2698 -0.8392
vn 0.3524 0.0932 -0.9312
vn -0.4488 -0.1987 0.8713
vn 0.5743 -0.2109 0.7910
vn 0.2246 -0.0923 -0.9701
vn -0.1828 0.1952 0.9636
vn 0.1181 0.9320 0.3426
vn 0.6320 0.5113 -0.5824
vn -0.0116 0.3289 0.9443
vn -0.2690 0.1034 -0.9576
vn 0.2355 -0.2388 0.9421
vn -0.1203 0.1097 0.9867
vn 0.8686 0.1962 0.4551
vn 0.8921 0.1362 0.4308
vn -0.2626 -0.3206 0.9101
vn 0.2890 -0.7183 -0.6328
vn 0.9612 -0.2427 0.1309
vn 0.7795 -0.6258 -0.0280
vn 0.3330 -0.2688 -0.9038
vn -0.2045 -0.3722 0.9053
vn -0.0725 -0.3707 0.9259
vn 0.1835 -0.7514 0.6338
vn -0.3519 -0.4530 0.8191
vn 0.0949 -0.3465 -0.9332
vn 0.1488 -0.2168 -0.9648
vn 0.1689 0.5917 -0.7883
vn -0.0613 0.4035 -0.9129
vn 0.0439 0.4544 -0.8897
vn -0.0679 0.7462 -0.6623
vn -0.3986 0.6790 -0.6165
vn -0.2561 -0.2960 0.9202
vn -0.2269 -0.3639 0.9034
vn -0.1059 -0.1518 0.9827
vn 0.0975 -0.1296 -0.9868
vn 0.0968 -0.1291 -0.9869
vn 0.1787 0.7301 -0.6596
vn 0.1468 -0.4837 -0.8628
vn -0.2576 -0.5782 0.7741
vn -0.2095 -0.4781 -0.8529
vn 0.0578 0.1719 0.9834
vn 0.8622 0.0218 0.5061
vn 0.0209 0.0003 0.9998
vn 0.5733 -0.8083 -0.1341
vn 0.3297 0.7293 -0.5995
vn -0.1165 -0.1854 0.9757
vn 0.0520 -0.2028 0.9778
vn -0.3493 -0.2722 0.8966
vn -0.1504 0.1189 0.9814
vn 0.0015 -0.1687 -0.9857
vn -0.2262 0.2900 0.9299
vn 0.3757 -0.1649 -0.9120
vn 0.4340 -0.1678 -0.8851
vn -0.3184 -0.0298 0.9475
vn 0.1575 0.3422 -0.9263
vn 0.3241 0.2632 -0.9087
vn 0.2982 0.3157 -0.9008
vn -0.1353 -0.3170 0.9387
vn -0.3255 -0.9428 -0.0720
vn 0.1209 -0.3028 -0.9454
vn -0.7333 -0.3299 0.5946
vn 0.1594 -0.3380 -0.9275
vn -0.8114 0.0300 -0.5838
vn -0.7825 -0.4824 0.3938
vn -0.1190 -0.2172 0.9688
vn 0.1831 0.2435 -0.9525
vn -0.3113 0.3092 0.8986
vn 0.3508 0.0730 -0.9336
vn -0.3658 0.0733 0.9278
vn -0.3579 0.0741 -0.9308
vn 0.3681 0.5724 0.7327
vn -0.1344 -0.2475 0.9595
vn 0.1503 0.2390 -0.9593
vn 0.0099 0.5292 -0.8485
vn 0.0445 0.2449 -0.9685
vn -0.9002 0.3796 0.2135
vn 0.0734 -0.2551 0.9641
vn -0.1409 -0.6305 0.7633
vn 0.1725 0.5421 -0.8224
vn -0.1951 0.3489 -0.9166
vn -0.0118 -0.6690 0.7432
vn 0.1003 0.4446 -0.8901
vn 0.1468 -0.4453 0.8833
vn -0.0768 0.2837 -0.9558
vn 0.0311 -0.0418 0.9986
vn 0.1615 0.5791 0.7991
vn -0.0528 0.3088 -0.9497
vn 0.0992 0.4525 0.8862
vn 0.1002 0.5028 -0.8585
vn -0.0071 0.9990 -0.0446
vn -0.0199 -0.4966 0.8677
vn 0.6283 0.7041 0.3309
vn -0.2186 0.5473 0.8079
vn 0.1458 -0.9644 -0.2207
vn 0.4130 0.6647 -0.6226
vn 0.0321 0.0056 -0.9995
vn 0.2040 -0.7970 -0.5685
vn 0.1067 -0.1770 0.9784
vn 0.3307 0.6453 -0.6886
vn 0.7214 0.1527 0.6755
vn -0.2483 -0.3411 0.9066
vn 0.0329 0.9096 0.4141
vn -0.0670 -0.8256 -0.5602
vn 0.4266 0.0657 -0.9021
vn -0.7972 -0.3071 0.5198
vn -0.4178 0.5494 0.7236
vn 0.4184 0.0462 -0.9071
vn -0.6620 0.7473 -0.0567
vn 0.4409 0.4460 0.7789
vn 0.3402 0.3827 -0.8590
vn 0.4427 0.4634 0.7676
vn -0.1878 -0.0994 -0.9772
vn -0.0280 0.3910 -0.9200
vn -0.4597 0.4320 0.7759
vn -0.2701 -0.0888 0.9587
vn -0.3028 0.0354 0.9524
vn 0.6593 0.6888 0.3013
vn -0.1516 -0.2893 0.9452
vn -0.1462 0.0393 0.9885
vn -0.2239 -0.4253 0.8769
vn 0.3984 -0.1219 -0.9091
vn 0.6903 -0.6855 0.2317
vn -0.3752 -0.4852 0.7898
vn -0.0427 -0.8390 0.5425
vn -0.3169 -0.5077 0.8012
vn -0.0563 -0.7450 0.6647
vn 0.3827 -0.1563 -0.9106
vn 0.0777 -0.3437 0.9358
vn -0.4526 -0.0872 0.8875
vn -0.1618 -0.3103 0.9368
vn 0.3644 -0.9045 -0.2214
vn 0.0180 0.2932 -0.9559
vn 0.9087 -0.2587 -0.3275
vn 0.8398 -0.4178 0.3466
vn 0.5872 0.2018 -0.7839
vn -0.4532 -0.0992 0.8859
vn -0.3130 -0.4319 0.8459
vn -0.1014 -0.3104 0.9452
vn 0.0595 -0.2901 -0.9551
vn -0.0422 -0.2286 -0.9726
vn 0.0077 0.4908 -0.8712
vn 0.0327 0.5207 -0.8531
vn -0.1612 -0.6455 0.7465
vn 0.5448 0.2500 0.8005
vn 0.2005 0.1882 0.9614
vn -0.1292 -0.1536 -0.9797
vn 0.0982 0.0360 0.9945
vn 0.0546 0.0995 0.9935
vn -0.0087 0.1817 -0.9833
vn -0.0721 -0.2253 0.9716
vn 0.3566 0.5296 0.7697
vn 0.3834 0.7246 -0.5727
vn 0.5516 0.7443 -0.3765
vn 0.0545 0.0072 0.9985
vn 0.5217 0.3709 0.7683
vn -0.2486 -0.2564 0.9341
vn -0.0503 -0.3788 0.9241
vn 0.1613 -0.2732 0.9483
vn -0.6319 -0.6669 -0.3950
vn 0.7689 -0.3164 0.5556
vn 0.8908 0.0840 0.4465
vn -0.1019 -0.6054 0.7894
vn -0.3692 -0.3817 -0.8473
vn 0.2115 0.4059 0.8891
vn -0.1945 -0.9676 0.1611
vn -0.0637 0.3167 -0.9464
vn -0.0596 -0.2274 0.9720
vn 0.0154 0.3702 -0.9288
vn 0.1172 -0.3933 0.9119
vn 0.1228 -0.8570 -0.5005
vn -0.5750 -0.1822 0.7976
vn -0.9105 0.3957 -0.1200
vn 0.4642 -0.8762 0.1294
vn 0.3257 -0.4438 -0.8348
vn -0.6207 -0.2563 -0.7410
vn -0.0771 -0.6495 0.7565
vn 0.4674 0.1345 -0.8737
vn 0.1480 -0.5229 0.8395
vn 0.4125 0.1039 -0.9050
vn -0.4269 0.0425 -0.9033
vn 0.9751 0.2108 -0.0688
vn -0.4300 -0.2715 -0.8610
vn 0.9262 0.3755 0.0337
vn -0.4647 -0.2151 -0.8589
vn 0.5325 0.0369 0.8456
vn 0.5625 0.2573 0.7857
vn -0.8927 0.4264 0.1457
vn -0.6398 -0.3355 0.6915
vn 0.5289 -0.0793 -0.8450
vn -0.7013 0.5661 -0.4333
vn -0.2022 0.5269 -0.8256
vn -0.5474 0.8307 0.1008
vn 0.9414 0.3178 0.1134
vn -0.7238 0.4905 -0.4853
vn -0.8613 -0.3379 0.3794
vn -0.2062 0.1258 0.9704
vn -0.4962 0.1936 0.8463
vn -0.0002 0.4112 0.9115
vn -0.3943 -0.3740 0.8394
vn 0.6159 -0.1562 0.7722
vn 0.3265 0.2148 -0.9205
vn -0.7245 0.1839 0.6643
vn 0.5330 0.0917 -0.8412
vn 0.3265 0.6331 -0.7018
vn 0.1137 -0.4576 0.8819
vn 0.3171 0.3808 0.8686
vn -0.3365 0.8566 -0.3911
vn -0.1855 -0.1745 0.9670
vn -0.1722 0.2716 0.9469
vn 0.0781 0.7218 -0.6876
vn -0.0287 -0.4686 0.8829
vn 0.2362 0.9568 -0.1696
vn -0.0302 -0.1689 0.9852
vn -0.1363 -0.4296 0.8927
vn 0.6667 0.5355 0.5184
vn 0.2631 0.7562 -0.5991
vn -0.5727 -0.3845 0.7240
vn 0.6757 0.1601 -0.7196
vn 0.1158 0.0239 -0.9930
vn 0.3193 0.7775 -0.5419
vn 0.1526 -0.9001 0.4081
vn -0.0120 0.9789 0.2041
vn 0.3235 -0.3850 0.8644
vn -0.1726 0.0078 0.9850
vn -0.4609 0.3125 0.8306
vn -0.5273 -0.2041 0.8248
vn 0.7553 0.4828 0.4432
vn 0.0398 0.7968 0.6029
vn 0.5394 -0.8395 -0.0664
vn 0.6218 -0.3181 -0.7156
vn 0.3264 0.0542 0.9437
vn -0.3518 0.1924 0.9161
vn -0.1890 -0.3298 0.9249
vn 0.5248 -0.2148 -0.8237
vn 0.0593 -0.4748 0.8781
vn 0.2845 0.0882 -0.9546
vn -0.2184 -0.4089 0.8861
vn 0.2775 0.2253 -0.9339
vn 0.9285 -0.3596 -0.0925
vn 0.9699 0.0179 0.2429
vn -0.4117 0.2652 0.8719
vn -0.2647 0.1121 0.9578
vn 0.0362 -0.9440 -0.3280
vn 0.3520 -0.4139 -0.8395
vn 0.1046 -0.9931 -0.0524
vn -0.1423 0.2082 0.9677
vn 0.2275 0.6659 -0.7105
vn 0.1279 0.4897 -0.8624
vn -0.3829 -0.5420 0.7481
vn -0.0037 0.4885 -0.8726
vn 0.6520 0.2607 -0.7120
vn 0.9563 0.2564 0.1408
vn 0.6880 0.1307 0.7138
vn -0.1403 -0.4947 0.8577
vn -0.2365 0.7431 -0.6260
vn -0.1603 0.7198 -0.6754
vn -0.0235 0.2120 0.9770
vn -0.2642 0.0860 0.9606
vn -0.2133 0.1338 0.9678
vn -0.2506 -0.0901 0.9639
vn 0.3769 0.7535 -0.5387
vn -0.5047 -0.8561 0.1111
vn -0.4177 -0.9051 -0.0800
vn -0.3797 -0.9008 -0.2108
vn 0.2875 -0.3556 -0.8893
vn -0.1696 -0.2075 0.9634
vn -0.0569 -0.2943 0.9540
vn 0.1231 0.2455 -0.9615
vn -0.1214 -0.1483 0.9815
vn 0.0899 -0.0782 -0.9929
vn 0.3471 0.1596 0.9242
vn -0.1352 -0.4247 -0.8952
vn 0.1977 0.1596 0.9672
vn -0.3034 -0.3445 -0.8884
vn 0.2849 0.2492 0.9256
vn 0.2502 0.2725 0.9291
vn 0.1348 -0.3890 0.9113
vn 0.0276 0.3706 -0.9284
vn -0.1573 -0.2413 0.9576
vn 0.0441 -0.0893 0.9950
vn -0.1640 0.5537 -0.8164
vn 0.9058 0.1541 -0.3948
vn 0.2185 -0.2471 0.9440
vn 0.3660 -0.6080 0.7045
vn -0.2621 0.4414 -0.8582
vn -0.1756 -0.6623 0.7283
vn -0.1110 -0.5200 0.8469
vn -0.3259 0.5630 -0.7595
vn -0.3251 0.6668 -0.6706
vn 0.1201 -0.4168 0.9010
vn -0.6343 0.4071 -0.6572
vn 0.9813 -0.1853 0.0522
vn 0.9557 0.2428 0.1664
vn 0.4413 0.5146 0.7352
vn 0.4069 -0.3457 -0.8455
vn 0.4960 0.7395 -0.4552
vn 0.4548 0.7840 -0.4225
vn 0.4917 0.3657 0.7903
vn 0.4017 0.6477 0.6474
vn -0.6702 0.6674 -0.3247
vn 0.3657 -0.9212 -0.1327
vn -0.5368 0.7671 0.3514
vn 0.3311 -0.0128 -0.9435
vn 0.1509 0.9520 0.2663
vn -0.2394 0.9664 -0.0942
vn 0.0041 0.4014 0.9159
vn -0.1139 -0.0134 -0.9934
vn 0.8598 -0.3218 -0.3966
vn 0.3428 0.4375 0.8313
vn -0.4794 -0.1589 0.8631
vn -0.5466 0.0886 0.8327
vn -0.0316 0.9994 -0.0108
vn 0.8659 0.1910 -0.4623
vn 0.0217 0.9829 0.1828
vn 0.7107 0.3238 -0.6246
vn 0.2098 -0.0466 0.9766
vn 0.9030 0.4278 -0.0406
vn 0.5834 -0.2350 -0.7774
vn -0.4365 -0.2379 0.8677
vn -0.4897 0.1385 0.8608
vn 0.5498 -0.1985 -0.8114
vn 0.6986 -0.6577 0.2817
vn 0.5478 0.0205 -0.8364
vn 0.5484 0.0217 -0.8360
vn 0.0982 -0.6289 -0.7712
vn 0.8634 -0.5015 0.0549
vn 0.9286 -0.0628 -0.3657
vn 0.9311 -0.0635 -0.3593
vn 0.3532 -0.2353 -0.9055
vn 0.0658 -0.2185 0.9736
vn 0.5219 -0.8530 0.0070
vn 0.5952 -0.4972 0.6313
vn 0.4176 -0.7274 0.5445
vn 0.2524 -0.1869 0.9494
vn 0.3207 0.0974 0.9421
vn 0.2856 0.1441 -0.9475
vn -0.2966 -0.4422 0.8465
vn 0.6112 0.4835 -0.6266
vn 0.6311 0.4684 -0.6183
vn 0.6176 0.2500 -0.7457
vn 0.7004 0.0904 0.7080
vn -0.0162 0.1776 0.9840
vn 0.1597 -0.9548 0.2508
vn 0.0685 0.2440 0.9673
vn 0.1713 0.4390 -0.8820
vn 0.3035 0.3339 -0.8924
vn -0.1014 0.7322 -0.6735
vn 0.1346 0.9027 0.4087
vn -0.5360 -0.2428 0.8086
vn 0.6071 0.4427 -0.6598
vn 0.2153 -0.7692 0.6017
vn 0.1950 -0.5753 0.7944
vn -0.2760 -0.1359 0.9515
vn -0.3112 -0.1225 0.9424
vn -0.1241 0.0772 0.9893
vn -0.3985 0.0829 0.9134
vn 0.2418 0.0690 -0.9679
vn -0.2724 0.9475 0.1675
vn 0.0232 0.6811 -0.7318
vn -0.3701 0.9278 -0.0477
vn -0.5337 0.4223 0.7326
vn -0.3073 -0.7337 0.6060
vn 0.0525 0.2916 0.9551
vn -0.9712 0.1994 0.1305
vn -0.0197 -0.0821 -0.9964
vn -0.2487 0.2283 -0.9413
vn -0.6349 0.7168 -0.2882
vn 0.1952 -0.5758 -0.7939
vn -0.8643 0.4239 0.2706
vn -0.3207 0.8655 0.3849
vn -0.1806 0.9710 -0.1567
vn 0.2348 0.1888 -0.9535
vn 0.0731 -0.2573 -0.9636
vn 0.2149 -0.0588 -0.9749
vn -0.2657 -0.3071 0.9138
vn -0.3013 0.2460 0.9212
vn -0.2470 0.2754 0.9291
vn -0.3238 -0.0166 0.9460
vn 0.0560 0.2205 0.9738
vn -0.3912 0.1424 0.9092
vn -0.2927 -0.1521 0.9441
vn 0.3695 -0.1119 -0.9225
vn -0.1975 0.0050 0.9803
vn 0.0842 0.0684 -0.9941
vn 0.2617 0.0356 -0.9645
vn -0.1176 -0.2111 0.9704
vn -0.0895 0.3223 -0.9424
vn -0.0550 -0.2330 0.9709
vn -0.4772 -0.3695 0.7973
vn 0.2211 0.4472 -0.8667
vn -0.0439 -0.4973 0.8665
vn 0.2970 -0.0058 0.9548
vn 0.0315 0.3106 -0.9500
vn 0.2272 0.3030 -0.9255
vn 0.6172 0.6928 0.3730
vn 0.2079 -0.0078 0.9781
vn 0.3212 0.2127 -0.9228
vn -0.0447 0.1775 0.9831
vn -0.0517 0.9890 -0.1386
vn -0.1019 -0.5428 0.8336
vn 0.1468 0.8295 -0.5388
vn -0.1357 0.9353 0.3267
vn 0.1331 0.6957 -0.7059
vn 0.0681 0.6638 -0.7448
vn -0.6660 0.6594 0.3488
vn -0.7790 -0.0215 -0.6266
vn -0.0956 -0.0847 -0.9918
vn 0.5563 0.3997 -0.7286
vn 0.6866 -0.2087 0.6964
vn 0.6197 -0.0298 0.7843
vn 0.0831 0.2960 -0.9516
vn 0.3785 0.1788 -0.9082
vn -0.8234 -0.4311 0.3690
vn 0.6517 0.1118 0.7502
vn -0.3680 0.1733 0.9136
vn -0.4534 0.5978 0.6611
vn 0.9388 -0.3050 0.1601
vn 0.3926 0.8895 0.2337
vn 0.8025 0.0398 -0.5953
vn 0.4580 0.8606 0.2229
vn 0.8106 0.1116 0.5749
vn -0.1164 0.7368 -0.6660
vn -0.7454 0.4158 0.5210
vn -0.6356 0.3174 0.7038
vn -0.5343 0.7251 -0.4345
vn -0.7416 0.0196 0.6706
vn -0.4728 -0.5231 0.7091
vn -0.0052 -0.7983 0.6022
vn -0.7340 -0.0781 0.6746
vn -0.6253 -0.4519 0.6362
vn -0.5578 -0.3757 0.7401
vn -0.1376 -0.8886 -0.4375
vn 0.0118 -0.2141 -0.9768
vn -0.5396 -0.8370 -0.0909
vn -0.1405 -0.3044 -0.9421
vn 0.1325 -0.0780 0.9881
vn -0.5452 -0.8369 -0.0491
vn -0.1310 -0.1472 -0.9804
vn -0.4055 -0.2645 0.8750
vn -0.5962 -0.3449 0.7250
vn 0.5132 0.3516 -0.7829
vn -0.5034 -0.4654 0.7280
vn 0.6355 0.2643 -0.7255
vn -0.1697 -0.7300 0.6620
vn 0.1314 0.4356 -0.8905
vn -0.6348 0.7346 -0.2394
vn -0.5193 0.6169 -0.5914
vn 0.4456 -0.1222 -0.8869
vn -0.4691 -0.2174 0.8560
vn -0.0168 0.0405 -0.9990
vn -0.2807 -0.5553 0.7828
vn 0.4228 0.0975 -0.9010
vn 0.0396 -0.2479 0.9680
vn 0.6278 0.2920 0.7216
vn 0.7737 0.2363 0.5879
vn 0.5294 0.2312 -0.8163
vn -0.0404 0.8623 -0.5049
vn 0.4336 0.2706 -0.8595
vn 0.3676 0.0563 -0.9283
vn -0.2416 0.0832 0.9668
vn 0.6891 -0.4545 0.5645
vn 0.1372 -0.9490 0.2839
vn -0.5425 0.5037 -0.6723
vn 0.0842 0.4407 0.8937
vn 0.8824 0.1265 -0.4532
vn 0.5857 0.2816 -0.7601
vn -0.6472 0.6339 0.4234
vn -0.8495 0.3989 0.3453
vn 0.5815 0.0703 0.8105
vn 0.3254 0.2757 -0.9045
vn 0.2410 0.3500 -0.9052
vn -0.1187 0.0689 0.9905
vn -0.3084 0.9227 -0.2312
vn -0.4667 -0.1861 0.8646
vn 0.5835 0.5441 -0.6029
vn -0.0169 0.9566 0.2908
vn -0.2514 0.8718 0.4205
vn -0.5806 -0.1307 0.8036
vn 0.0106 -0.3741 0.9273
vn 0.4530 -0.1903 -0.8710
vn 0.6691 -0.2099 -0.7129
vn -0.0178 -0.5555 0.8313
vn 0.3142 0.4477 -0.8372
vn 0.4093 -0.8986 -0.1582
vn 0.5543 0.3189 -0.7688
vn 0.8586 0.1199 -0.4985
vn -0.4543 -0.4176 0.7869
vn 0.2314 0.4574 -0.8586
vn -0.4434 -0.4447 0.7782
vn 0.0405 0.9925 -0.1150
vn -0.0134 0.8484 0.5292
vn -0.4208 -0.3968 0.8158
vn 0.0391 0.5041 -0.8628
vn -0.3381 -0.1340 0.9315
vn 0.3588 0.2349 -0.9034
vn 0.1094 0.1185 -0.9869
vn -0.4159 -0.8268 0.3786
vn -0.3419 -0.1722 0.9238
vn 0.5301 0.2145 -0.8203
vn -0.0950 -0.3799 0.9201
vn -0.2495 -0.1833 0.9509
vn 0.4732 0.3924 -0.7888
vn -0.5229 -0.3492 0.7776
vn 0.1537 -0.9670 0.2034
vn 0.1664 -0.1988 -0.9658
vn -0.4432 -0.2675 -0.8556
vn 0.1141 -0.7029 0.7021
vn -0.0732 -0.2991 -0.9514
vn 0.1861 0.3165 -0.9301
vn -0.2146 -0.5148 0.8300
vn 0.2531 0.4976 -0.8296
vn 0.8669 0.4985 -0.0047
vn -0.2282 -0.4057 0.8851
vn -0.3919 -0.5633 0.7274
vn -0.1701 0.7255 -0.6668
vn 0.1896 0.3261 -0.9261
vn 0.1220 0.9262 0.3567
vn -0.0903 0.9800 -0.1773
vn 0.6932 0.1070 0.7128
vn -0.8132 -0.3201 0.4860
vn -0.1511 -0.1000 -0.9834
vn -0.1714 -0.1798 0.9687
vn -0.2521 -0.3513 0.9017
vn -0.0299 0.2667 0.9633
vn 0.0501 -0.6946 0.7176
vn 0.1349 0.4398 -0.8879
vn 0.1298 -0.6887 -0.7133
vn -0.1535 -0.5926 -0.7907
vn -0.4401 -0.4815 0.7579
vn -0.0466 0.0054 0.9989
vn -0.1349 0.1988 0.9707
vn 0.2996 0.0057 -0.9541
vn -0.5148 -0.0187 0.8571
vn 0.4483 -0.1941 -0.8725
vn 0.3576 -0.0070 0.9339
vn 0.7741 0.2971 0.5590
vn -0.5300 0.4039 0.7457
vn 0.2450 0.5559 -0.7943
vn 0.2870 0.9433 -0.1669
vn 0.4956 0.8632 -0.0960
vn -0.5524 -0.6161 0.5615
vn 0.5300 0.8467 0.0461
vn 0.2645 0.2817 -0.9223
vn 0.2750 0.3091 -0.9104
vn 0.0596 0.1306 -0.9896
vn 0.2886 0.3083 -0.9065
vn -0.3034 0.0739 0.9500
vn -0.2724 -0.2284 0.9347
vn -0.4692 -0.4938 0.7321
vn 0.3699 0.0016 0.9291
vn 0.6962 -0.3132 0.6460
vn -0.7103 0.4991 0.4963
vn -0.7400 -0.1779 0.6487
vn 0.4029 0.4161 -0.8152
vn -0.8005 0.1422 0.5822
vn 0.8079 0.1170 -0.5776
vn 0.4332 0.5754 -0.6938
vn 0.8356 -0.1109 0.5380
vn 0.6946 0.7072 0.1318
vn -0.0021 -0.5541 0.8324
vn 0.5298 -0.0119 -0.8481
vn 0.7373 -0.6629 0.1305
vn 0.3043 0.5186 -0.7990
vn 0.2963 0.4378 -0.8488
vn -0.1411 -0.5569 0.8185
vn -0.1830 -0.4154 0.8910
vn 0.3075 0.4214 -0.8532
vn 0.1146 -0.0445 0.9924
vn 0.8567 -0.1241 0.5006
vn -0.4237 0.2238 -0.8777
vn 0.3389 0.2319 -0.9118
vn -0.4457 -0.0542 0.8936
vn -0.3227 -0.3409 0.8830
vn 0.3622 0.2188 -0.9060
vn 0.5245 0.1262 -0.8420
vn 0.5144 0.0033 0.8575
vn 0.5164 -0.1648 -0.8403
vn 0.2898 -0.8449 0.4496
vn -0.0578 -0.0702 0.9959
vn 0.1660 0.9849 -0.0498
vn 0.3719 0.1420 -0.9173
vn 0.5487 0.7904 0.2725
vn 0.5361 0.3217 -0.7805
vn 0.5327 0.4026 -0.7444
vn 0.5063 0.3528 -0.7869
vn 0.1894 -0.0683 -0.9795
vn -0.4530 -0.0723 0.8886
vn -0.5330 0.1467 0.8333
vn 0.2349 0.2636 0.9356
vn 0.3862 0.6350 -0.6690
vn 0.7659 -0.5211 -0.3767
vn 0.9514 -0.2979 0.0781
vn 0.9670 0.2396 -0.0866
vn 0.4600 0.1573 -0.8739
vn 0.4320 0.0814 -0.8982
vn -0.4971 0.1600 0.8528
vn -0.4375 -0.1999 0.8767
vn 0.3191 0.2638 -0.9103
vn 0.2785 0.5467 -0.7896
vn -0.2773 -0.6336 0.7222
vn -0.4230 -0.4145 0.8057
vn -0.4120 -0.4797 0.7747
vn -0.5567 -0.3185 0.7673
vn 0.4839 0.5405 -0.6883
vn -0.4050 -0.4536 0.7938
vn 0.1268 0.9916 -0.0245
vn 0.1056 0.9944 0.0048
vn 0.1154 0.0762 0.9904
vn 0.8856 0.4052 0.2273
vn 0.9354 -0.0537 -0.3495
vn 1.0000 -0.0031 0.0071
vn 0.9683 0.1625 0.1898
vn 0.6221 -0.6560 0.4274
vn 0.4925 -0.0037 -0.8703
vn 0.7618 -0.3044 0.5718
vn 0.4911 0.0226 -0.8708
vn 0.4440 -0.1764 -0.8785
vn 0.9875 -0.0693 0.1414
vn -0.5458 -0.2375 0.8036
vn -0.4002 -0.3302 0.8549
vn 0.5056 0.4441 -0.7397
vn 0.5142 0.3358 -0.7892
vn 0.9634 0.0954 0.2505
vn 0.9656 -0.0379 0.2572
vn 0.9645 0.1674 0.2042
vn 0.4888 -0.1378 0.8615
s 0
f 2//1 4//1 1//1
f 6//2 4//2 2//2
f 3//3 4//3 5//3
f 5//4 4//4 6//4
f 14//5 3//5 5//5
f 26//6 9//6 8//6
f 27//7 10//7 9//7
f 19//8 6//8 10//8
f 16//9 15//9 2//9
f 19//10 10//10 17//10
f 12//11 8//11 15//11
f 17//12 10//12 32//12
f 13//13 12//13 15//13
f 14//14 5//14 19//14
f 23//15 21//15 20//15
f 22//16 21//16 23//16
f 9//17 20//17 11//17
f 27//18 9//18 11//18
f 26//19 23//19 20//19
f 28//20 26//20 12//20
f 28//21 29//21 26//21
f 31//22 12//22 13//22
f 28//23 12//23 31//23
f 17//24 32//24 33//24
f 33//25 32//25 42//25
f 38//26 35//26 34//26
f 36//27 22//27 37//27
f 37//28 38//28 36//28
f 36//29 34//29 41//29
f 30//30 25//30 39//30
f 42//31 30//31 39//31
f 40//32 29//32 28//32
f 45//33 39//33 43//33
f 42//34 39//34 45//34
f 48//35 47//35 49//35
f 35//36 50//36 34//36
f 52//37 34//37 51//37
f 51//38 50//38 53//38
f 56//39 34//39 52//39
f 56//40 52//40 57//40
f 63//41 60//41 62//41
f 63//42 62//42 65//42
f 66//43 62//43 61//43
f 69//44 61//44 46//44
f 45//45 43//45 70//45
f 546//46 48//46 71//46
f 71//47 48//47 74//47
f 70//48 59//48 68//48
f 96//49 69//49 72//49
f 71//50 73//50 95//50
f 47//51 60//51 49//51
f 49//52 60//52 63//52
f 74//53 48//53 49//53
f 74//54 63//54 65//54
f 54//55 53//55 76//55
f 75//56 55//56 50//56
f 58//57 57//57 76//57
f 50//58 77//58 75//58
f 81//59 66//59 80//59
f 59//60 43//60 84//60
f 85//61 50//61 40//61
f 56//62 58//62 84//62
f 85//63 78//63 77//63
f 86//64 84//64 78//64
f 78//65 85//65 83//65
f 64//66 66//66 79//66
f 73//67 74//67 88//67
f 82//68 64//68 79//68
f 68//69 59//69 90//69
f 83//70 92//70 86//70
f 86//71 92//71 93//71
f 93//72 92//72 91//72
f 90//73 93//73 94//73
f 87//74 66//74 96//74
f 717//75 96//75 72//75
f 95//76 73//76 97//76
f 109//77 95//77 97//77
f 97//78 88//78 98//78
f 97//79 98//79 109//79
f 81//80 102//80 100//80
f 100//81 101//81 82//81
f 104//82 101//82 100//82
f 88//83 101//83 98//83
f 106//84 101//84 104//84
f 109//85 98//85 110//85
f 110//86 98//86 106//86
f 137//87 112//87 108//87
f 109//88 110//88 114//88
f 117//89 116//89 115//89
f 120//90 119//90 117//90
f 155//91 116//91 119//91
f 121//92 117//92 149//92
f 124//93 119//93 120//93
f 122//94 119//94 124//94
f 122//95 124//95 123//95
f 128//96 127//96 126//96
f 102//97 99//97 104//97
f 132//98 99//98 130//98
f 129//99 132//99 135//99
f 139//100 132//100 130//100
f 133//101 132//101 198//101
f 99//102 132//102 129//102
f 134//103 129//103 135//103
f 114//104 110//104 136//104
f 139//105 198//105 132//105
f 138//106 139//106 130//106
f 140//107 131//107 142//107
f 143//108 144//108 153//108
f 143//109 145//109 144//109
f 146//110 144//110 145//110
f 147//111 144//111 146//111
f 115//112 116//112 143//112
f 149//113 115//113 150//113
f 148//114 116//114 155//114
f 148//115 143//115 116//115
f 152//116 210//116 162//116
f 154//117 156//117 155//117
f 121//118 162//118 161//118
f 156//119 159//119 155//119
f 161//120 162//120 157//120
f 159//121 148//121 155//121
f 160//122 162//122 221//122
f 121//123 149//123 151//123
f 121//124 151//124 162//124
f 154//125 118//125 122//125
f 158//126 154//126 164//126
f 165//127 166//127 125//127
f 165//128 157//128 166//128
f 124//129 120//129 161//129
f 176//130 236//130 168//130
f 168//131 236//131 225//131
f 167//132 168//132 169//132
f 171//133 164//133 127//133
f 126//134 125//134 172//134
f 173//135 171//135 127//135
f 175//136 172//136 178//136
f 163//137 158//137 171//137
f 172//138 230//138 179//138
f 173//139 163//139 171//139
f 172//140 180//140 178//140
f 175//141 178//141 177//141
f 252//142 236//142 176//142
f 180//143 179//143 250//143
f 180//144 250//144 178//144
f 175//145 177//145 182//145
f 177//146 176//146 184//146
f 176//147 167//147 184//147
f 185//148 184//148 169//148
f 185//149 169//149 254//149
f 186//150 174//150 128//150
f 128//151 172//151 175//151
f 128//152 175//152 194//152
f 187//153 174//153 186//153
f 189//154 173//154 187//154
f 190//155 186//155 188//155
f 186//156 193//156 187//156
f 193//157 186//157 190//157
f 188//158 194//158 195//158
f 196//159 188//159 195//159
f 196//160 191//160 188//160
f 259//161 196//161 181//161
f 259//162 191//162 196//162
f 138//163 199//163 139//163
f 139//164 199//164 201//164
f 200//165 202//165 142//165
f 200//166 201//166 204//166
f 204//167 202//167 200//167
f 201//168 199//168 203//168
f 207//169 209//169 211//169
f 208//170 145//170 205//170
f 208//171 205//171 211//171
f 214//172 148//172 159//172
f 162//173 210//173 215//173
f 213//174 145//174 214//174
f 209//175 216//175 210//175
f 216//176 209//176 207//176
f 274//177 216//177 207//177
f 285//178 216//178 274//178
f 153//179 147//179 210//179
f 217//180 156//180 218//180
f 217//181 213//181 214//181
f 215//182 221//182 162//182
f 219//183 221//183 215//183
f 224//184 223//184 222//184
f 227//185 223//185 228//185
f 293//186 228//186 229//186
f 235//187 158//187 163//187
f 231//188 219//188 234//188
f 231//189 160//189 219//189
f 166//190 157//190 160//190
f 239//191 222//191 236//191
f 239//192 236//192 238//192
f 169//193 168//193 241//193
f 241//194 168//194 225//194
f 225//195 226//195 242//195
f 237//196 241//196 242//196
f 242//197 243//197 237//197
f 230//198 232//198 251//198
f 251//199 232//199 245//199
f 163//200 233//200 235//200
f 246//201 255//201 245//201
f 247//202 233//202 163//202
f 246//203 232//203 320//203
f 252//204 238//204 236//204
f 252//205 179//205 251//205
f 253//206 254//206 324//206
f 251//207 245//207 255//207
f 324//208 254//208 237//208
f 237//209 240//209 324//209
f 254//210 169//210 237//210
f 189//211 244//211 170//211
f 257//212 189//212 187//212
f 258//213 257//213 256//213
f 181//214 253//214 260//214
f 191//215 261//215 192//215
f 261//216 259//216 260//216
f 261//217 260//217 262//217
f 256//218 187//218 193//218
f 263//219 201//219 203//219
f 264//220 256//220 193//220
f 263//221 267//221 343//221
f 263//222 265//222 202//222
f 264//223 261//223 262//223
f 264//224 258//224 256//224
f 262//225 258//225 264//225
f 268//226 203//226 266//226
f 269//227 205//227 206//227
f 207//228 211//228 271//228
f 213//229 269//229 206//229
f 347//230 269//230 213//230
f 270//231 212//231 345//231
f 346//232 272//232 271//232
f 211//233 270//233 271//233
f 271//234 270//234 345//234
f 271//235 345//235 346//235
f 274//236 207//236 272//236
f 274//237 272//237 276//237
f 348//238 347//238 213//238
f 274//239 276//239 275//239
f 277//240 290//240 361//240
f 229//241 277//241 280//241
f 368//242 280//242 277//242
f 368//243 277//243 279//243
f 218//244 220//244 217//244
f 283//245 282//245 371//245
f 277//246 223//246 290//246
f 239//247 287//247 224//247
f 287//248 290//248 224//248
f 289//249 291//249 292//249
f 288//250 361//250 290//250
f 293//251 229//251 280//251
f 291//252 286//252 226//252
f 293//253 362//253 291//253
f 235//254 294//254 220//254
f 316//255 294//255 235//255
f 235//256 220//256 218//256
f 296//257 234//257 283//257
f 234//258 282//258 283//258
f 239//259 224//259 222//259
f 299//260 237//260 243//260
f 240//261 237//261 299//261
f 299//262 243//262 304//262
f 240//263 299//263 303//263
f 300//264 304//264 243//264
f 303//265 299//265 302//265
f 299//266 305//266 302//266
f 307//267 302//267 286//267
f 303//268 302//268 307//268
f 305//269 310//269 309//269
f 310//270 305//270 304//270
f 308//271 310//271 303//271
f 310//272 304//272 329//272
f 307//273 291//273 289//273
f 308//274 303//274 311//274
f 306//275 301//275 410//275
f 289//276 292//276 404//276
f 308//277 311//277 312//277
f 306//278 410//278 408//278
f 243//279 226//279 286//279
f 304//280 314//280 301//280
f 314//281 305//281 309//281
f 314//282 309//282 388//282
f 314//283 388//283 410//283
f 315//284 316//284 233//284
f 315//285 319//285 316//285
f 317//286 318//286 319//286
f 248//287 320//287 295//287
f 315//288 233//288 247//288
f 255//289 239//289 238//289
f 322//290 255//290 321//290
f 317//291 315//291 295//291
f 295//292 296//292 298//292
f 295//293 318//293 317//293
f 318//294 295//294 298//294
f 322//295 297//295 255//295
f 323//296 253//296 327//296
f 325//297 326//297 304//297
f 325//298 304//298 301//298
f 328//299 325//299 330//299
f 324//300 240//300 303//300
f 324//301 303//301 329//301
f 304//302 326//302 329//302
f 328//303 327//303 326//303
f 325//304 301//304 306//304
f 330//305 325//305 306//305
f 308//306 312//306 313//306
f 331//307 321//307 320//307
f 332//308 333//308 258//308
f 260//309 323//309 334//309
f 328//310 330//310 335//310
f 434//311 333//311 338//311
f 268//312 266//312 336//312
f 268//313 339//313 344//313
f 338//314 332//314 262//314
f 342//315 344//315 339//315
f 338//316 431//316 432//316
f 347//317 349//317 269//317
f 350//318 276//318 346//318
f 353//319 350//319 351//319
f 351//320 349//320 356//320
f 350//321 353//321 355//321
f 352//322 350//322 355//322
f 357//323 348//323 273//323
f 371//324 278//324 358//324
f 357//325 354//325 348//325
f 279//326 361//326 360//326
f 364//327 361//327 288//327
f 360//328 361//328 363//328
f 364//329 358//329 352//329
f 364//330 352//330 365//330
f 366//331 367//331 369//331
f 363//332 361//332 365//332
f 352//333 355//333 365//333
f 279//334 360//334 369//334
f 366//335 360//335 363//335
f 371//336 282//336 278//336
f 284//337 281//337 220//337
f 370//338 288//338 287//338
f 220//339 294//339 284//339
f 283//340 371//340 372//340
f 370//341 374//341 359//341
f 374//342 371//342 359//342
f 1209//343 357//343 284//343
f 375//344 372//344 373//344
f 1208//345 373//345 374//345
f 291//346 377//346 381//346
f 384//347 377//347 362//347
f 359//348 364//348 288//348
f 383//349 378//349 386//349
f 292//350 381//350 389//350
f 388//351 292//351 389//351
f 391//352 388//352 389//352
f 389//353 387//353 390//353
f 394//354 294//354 393//354
f 393//355 1226//355 394//355
f 417//356 1225//356 395//356
f 296//357 283//357 372//357
f 297//358 370//358 287//358
f 396//359 399//359 400//359
f 401//360 386//360 376//360
f 406//361 307//361 289//361
f 311//362 307//362 406//362
f 312//363 311//363 418//363
f 412//364 404//364 313//364
f 407//365 412//365 313//365
f 412//366 409//366 406//366
f 311//367 409//367 412//367
f 407//368 311//368 412//368
f 407//369 413//369 396//369
f 382//370 383//370 411//370
f 385//371 382//371 411//371
f 410//372 391//372 414//372
f 411//373 401//373 403//373
f 403//374 399//374 413//374
f 414//375 391//375 1222//375
f 316//376 393//376 294//376
f 319//377 416//377 393//377
f 416//378 395//378 393//378
f 322//379 402//379 297//379
f 418//380 396//380 400//380
f 419//381 400//381 421//381
f 419//382 421//382 422//382
f 1241//383 420//383 429//383
f 312//384 418//384 425//384
f 407//385 312//385 425//385
f 407//386 396//386 418//386
f 425//387 413//387 407//387
f 422//388 403//388 413//388
f 427//389 420//389 333//389
f 426//390 427//390 333//390
f 428//391 427//391 426//391
f 428//392 429//392 427//392
f 335//393 424//393 430//393
f 431//394 335//394 430//394
f 431//395 430//395 433//395
f 432//396 431//396 433//396
f 341//397 342//397 432//397
f 436//398 434//398 337//398
f 437//399 341//399 1252//399
f 1259//400 428//400 426//400
f 432//401 433//401 435//401
f 443//402 440//402 457//402
f 446//403 443//403 456//403
f 446//404 442//404 443//404
f 447//405 446//405 464//405
f 448//406 445//406 444//406
f 450//407 468//407 449//407
f 452//408 468//408 450//408
f 444//409 447//409 451//409
f 454//410 453//410 455//410
f 457//411 441//411 3//411
f 457//412 3//412 458//412
f 488//413 2//413 463//413
f 456//414 457//414 458//414
f 461//415 463//415 445//415
f 444//416 463//416 442//416
f 464//417 490//417 465//417
f 461//418 445//418 466//418
f 450//419 474//419 452//419
f 450//420 471//420 474//420
f 462//421 464//421 469//421
f 469//422 464//422 470//422
f 471//423 469//423 470//423
f 496//424 471//424 467//424
f 472//425 495//425 466//425
f 453//426 466//426 468//426
f 466//427 453//427 454//427
f 455//428 453//428 474//428
f 477//429 475//429 473//429
f 475//430 496//430 473//430
f 479//431 454//431 455//431
f 472//432 466//432 454//432
f 476//433 475//433 477//433
f 476//434 477//434 482//434
f 481//435 480//435 483//435
f 505//436 481//436 483//436
f 484//437 15//437 16//437
f 459//438 487//438 486//438
f 485//439 458//439 486//439
f 14//440 18//440 487//440
f 484//441 2//441 488//441
f 490//442 460//442 485//442
f 491//443 485//443 486//443
f 491//444 486//444 512//444
f 510//445 463//445 461//445
f 510//446 488//446 463//446
f 465//447 490//447 517//447
f 493//448 465//448 517//448
f 490//449 491//449 492//449
f 467//450 493//450 526//450
f 467//451 470//451 465//451
f 473//452 496//452 499//452
f 498//453 500//453 503//453
f 502//454 498//454 503//454
f 506//455 501//455 478//455
f 482//456 477//456 504//456
f 506//457 505//457 508//457
f 505//458 482//458 508//458
f 482//459 504//459 508//459
f 508//460 507//460 506//460
f 13//461 15//461 484//461
f 484//462 31//462 13//462
f 18//463 17//463 509//463
f 17//464 33//464 509//464
f 486//465 487//465 509//465
f 486//466 509//466 539//466
f 511//467 484//467 488//467
f 512//468 489//468 491//468
f 513//469 514//469 512//469
f 513//470 537//470 514//470
f 492//471 489//471 517//471
f 493//472 517//472 516//472
f 489//473 519//473 517//473
f 489//474 518//474 519//474
f 517//475 519//475 516//475
f 516//476 519//476 520//476
f 519//477 518//477 558//477
f 519//478 558//478 520//478
f 521//479 510//479 494//479
f 493//480 516//480 522//480
f 522//481 516//481 523//481
f 523//482 520//482 525//482
f 526//483 493//483 527//483
f 497//484 521//484 495//484
f 530//485 500//485 527//485
f 530//486 527//486 528//486
f 478//487 524//487 497//487
f 478//488 497//488 495//488
f 501//489 531//489 478//489
f 532//490 503//490 530//490
f 534//491 508//491 535//491
f 535//492 504//492 502//492
f 536//493 506//493 534//493
f 535//494 536//494 534//494
f 536//495 501//495 506//495
f 536//496 532//496 501//496
f 536//497 535//497 532//497
f 532//498 528//498 592//498
f 501//499 533//499 531//499
f 539//500 509//500 33//500
f 539//501 33//501 44//501
f 540//502 541//502 542//502
f 543//503 44//503 624//503
f 544//504 543//504 624//504
f 545//505 544//505 624//505
f 46//506 48//506 546//506
f 550//507 511//507 549//507
f 518//508 512//508 551//508
f 639//509 551//509 638//509
f 554//510 552//510 639//510
f 557//511 554//511 639//511
f 518//512 551//512 558//512
f 568//513 565//513 562//513
f 523//514 525//514 566//514
f 525//515 520//515 567//515
f 567//516 520//516 554//516
f 567//517 554//517 556//517
f 566//518 567//518 667//518
f 568//519 569//519 564//519
f 568//520 564//520 565//520
f 566//521 667//521 570//521
f 560//522 573//522 571//522
f 573//523 560//523 559//523
f 572//524 672//524 560//524
f 651//525 560//525 672//525
f 586//526 575//526 576//526
f 571//527 573//527 574//527
f 574//528 573//528 559//528
f 529//529 579//529 580//529
f 581//530 583//530 577//530
f 583//531 562//531 563//531
f 584//532 583//532 581//532
f 600//533 590//533 586//533
f 687//534 586//534 677//534
f 586//535 687//535 600//535
f 600//536 687//536 589//536
f 588//537 672//537 572//537
f 590//538 572//538 575//538
f 531//539 591//539 524//539
f 591//540 593//540 524//540
f 591//541 578//541 593//541
f 578//542 580//542 593//542
f 580//543 581//543 593//543
f 581//544 580//544 594//544
f 596//545 581//545 594//545
f 688//546 595//546 582//546
f 584//547 581//547 596//547
f 597//548 595//548 690//548
f 599//549 585//549 590//549
f 587//550 585//550 599//550
f 599//551 590//551 600//551
f 587//552 599//552 601//552
f 601//553 600//553 604//553
f 587//554 603//554 598//554
f 604//555 600//555 602//555
f 601//556 603//556 587//556
f 604//557 602//557 605//557
f 592//558 531//558 533//558
f 610//559 606//559 607//559
f 610//560 609//560 606//560
f 606//561 612//561 611//561
f 612//562 609//562 690//562
f 621//563 616//563 615//563
f 616//564 619//564 615//564
f 620//565 613//565 617//565
f 613//566 701//566 617//566
f 620//567 607//567 611//567
f 615//568 620//568 621//568
f 620//569 617//569 623//569
f 623//570 617//570 706//570
f 711//571 618//571 623//571
f 623//572 706//572 714//572
f 625//573 537//573 545//573
f 624//574 70//574 68//574
f 625//575 628//575 638//575
f 628//576 625//576 627//576
f 67//577 40//577 626//577
f 628//578 627//578 642//578
f 42//579 70//579 624//579
f 547//580 69//580 46//580
f 548//581 629//581 547//581
f 72//582 629//582 631//582
f 632//583 630//583 71//583
f 642//584 627//584 631//584
f 634//585 550//585 635//585
f 637//586 634//586 635//586
f 625//587 638//587 537//587
f 639//588 638//588 643//588
f 628//589 732//589 640//589
f 630//590 629//590 548//590
f 644//591 629//591 630//591
f 644//592 630//592 645//592
f 646//593 645//593 633//593
f 646//594 641//594 644//594
f 653//595 744//595 647//595
f 556//596 554//596 557//596
f 639//597 636//597 649//597
f 561//598 560//598 651//598
f 655//599 653//599 651//599
f 658//600 657//600 656//600
f 654//601 659//601 652//601
f 746//602 656//602 654//602
f 565//603 564//603 661//603
f 665//604 648//604 562//604
f 661//605 662//605 565//605
f 663//606 665//606 562//606
f 665//607 750//607 648//607
f 664//608 666//608 661//608
f 769//609 665//609 663//609
f 667//610 670//610 669//610
f 670//611 556//611 754//611
f 671//612 661//612 668//612
f 675//613 655//613 672//613
f 674//614 678//614 679//614
f 574//615 660//615 656//615
f 676//616 574//616 656//616
f 676//617 678//617 677//617
f 655//618 651//618 672//618
f 656//619 657//619 676//619
f 679//620 657//620 767//620
f 680//621 582//621 570//621
f 682//622 796//622 584//622
f 797//623 570//623 669//623
f 896//624 569//624 796//624
f 588//625 684//625 672//625
f 598//626 684//626 588//626
f 683//627 674//627 685//627
f 598//628 681//628 684//628
f 778//629 684//629 681//629
f 685//630 789//630 686//630
f 685//631 686//631 804//631
f 683//632 589//632 687//632
f 687//633 678//633 674//633
f 595//634 688//634 690//634
f 692//635 584//635 596//635
f 688//636 680//636 691//636
f 690//637 691//637 693//637
f 680//638 797//638 691//638
f 693//639 691//639 817//639
f 700//640 683//640 685//640
f 696//641 700//641 697//641
f 603//642 681//642 598//642
f 696//643 697//643 698//643
f 699//644 681//644 603//644
f 699//645 694//645 681//645
f 698//646 697//646 813//646
f 602//647 683//647 700//647
f 613//648 690//648 693//648
f 701//649 613//649 693//649
f 701//650 693//650 703//650
f 819//651 699//651 702//651
f 698//652 813//652 818//652
f 820//653 705//653 818//653
f 706//654 617//654 707//654
f 617//655 701//655 707//655
f 708//656 619//656 616//656
f 709//657 692//657 619//657
f 709//658 619//658 708//658
f 707//659 703//659 828//659
f 710//660 709//660 708//660
f 711//661 708//661 616//661
f 711//662 710//662 708//662
f 832//663 707//663 828//663
f 706//664 707//664 714//664
f 832//665 713//665 712//665
f 832//666 714//666 707//666
f 713//667 832//667 834//667
f 717//668 715//668 731//668
f 716//669 68//669 90//669
f 89//670 67//670 626//670
f 721//671 89//671 626//671
f 720//672 90//672 94//672
f 718//673 722//673 739//673
f 720//674 91//674 89//674
f 717//675 72//675 631//675
f 632//676 71//676 95//676
f 723//677 95//677 109//677
f 733//678 718//678 724//678
f 724//679 725//679 726//679
f 729//680 728//680 637//680
f 721//681 626//681 728//681
f 739//682 730//682 718//682
f 727//683 718//683 730//683
f 760//684 725//684 727//684
f 731//685 715//685 733//685
f 643//686 640//686 737//686
f 734//687 633//687 632//687
f 717//688 731//688 735//688
f 733//689 715//689 718//689
f 646//690 633//690 734//690
f 735//691 731//691 733//691
f 646//692 736//692 641//692
f 643//693 755//693 636//693
f 715//694 716//694 718//694
f 646//695 734//695 736//695
f 736//696 737//696 641//696
f 733//697 726//697 735//697
f 736//698 734//698 740//698
f 736//699 735//699 737//699
f 741//700 735//700 740//700
f 737//701 735//701 742//701
f 741//702 719//702 735//702
f 748//703 744//703 857//703
f 860//704 768//704 745//704
f 647//705 744//705 743//705
f 746//706 647//706 743//706
f 746//707 745//707 658//707
f 743//708 744//708 748//708
f 747//709 743//709 748//709
f 858//710 745//710 747//710
f 753//711 871//711 752//711
f 650//712 649//712 754//712
f 649//713 636//713 755//713
f 754//714 649//714 756//714
f 637//715 751//715 729//715
f 755//716 756//716 649//716
f 760//717 726//717 725//717
f 738//718 726//718 757//718
f 757//719 760//719 753//719
f 758//720 756//720 763//720
f 737//721 759//721 755//721
f 764//722 675//722 765//722
f 759//723 737//723 742//723
f 759//724 742//724 765//724
f 765//725 761//725 759//725
f 745//726 767//726 658//726
f 771//727 770//727 769//727
f 770//728 772//728 749//728
f 770//729 438//729 439//729
f 772//730 770//730 439//730
f 773//731 862//731 894//731
f 894//732 439//732 438//732
f 774//733 664//733 671//733
f 666//734 771//734 662//734
f 782//735 774//735 671//735
f 774//736 773//736 666//736
f 750//737 749//737 751//737
f 775//738 752//738 871//738
f 871//739 773//739 774//739
f 871//740 862//740 773//740
f 781//741 670//741 754//741
f 754//742 783//742 781//742
f 784//743 763//743 779//743
f 783//744 901//744 781//744
f 903//745 758//745 763//745
f 766//746 899//746 900//746
f 786//747 781//747 901//747
f 679//748 787//748 674//748
f 787//749 767//749 768//749
f 777//750 763//750 765//750
f 787//751 766//751 788//751
f 794//752 915//752 793//752
f 794//753 793//753 795//753
f 790//754 891//754 793//754
f 916//755 793//755 891//755
f 795//756 916//756 791//756
f 792//757 795//757 791//757
f 673//758 778//758 777//758
f 681//759 780//759 778//759
f 797//760 669//760 781//760
f 797//761 781//761 798//761
f 682//762 896//762 796//762
f 780//763 779//763 778//763
f 686//764 788//764 785//764
f 686//765 789//765 788//765
f 804//766 686//766 805//766
f 807//767 805//767 686//767
f 691//768 799//768 808//768
f 817//769 691//769 808//769
f 817//770 808//770 809//770
f 922//771 896//771 682//771
f 808//772 802//772 809//772
f 694//773 801//773 800//773
f 697//774 804//774 813//774
f 814//775 805//775 807//775
f 823//776 815//776 807//776
f 816//777 693//777 817//777
f 810//778 682//778 695//778
f 816//779 817//779 809//779
f 818//780 813//780 815//780
f 819//781 824//781 699//781
f 825//782 819//782 820//782
f 820//783 818//783 825//783
f 818//784 815//784 822//784
f 825//785 818//785 822//785
f 825//786 954//786 819//786
f 822//787 823//787 826//787
f 826//788 954//788 825//788
f 709//789 695//789 692//789
f 828//790 703//790 821//790
f 709//791 810//791 695//791
f 821//792 816//792 827//792
f 831//793 947//793 709//793
f 831//794 710//794 833//794
f 835//795 831//795 833//795
f 835//796 834//796 964//796
f 721//797 845//797 836//797
f 721//798 836//798 838//798
f 722//799 720//799 838//799
f 721//800 838//800 720//800
f 739//801 838//801 836//801
f 739//802 722//802 838//802
f 837//803 723//803 111//803
f 840//804 843//804 841//804
f 729//805 840//805 728//805
f 848//806 721//806 728//806
f 848//807 728//807 840//807
f 846//808 727//808 730//808
f 848//809 840//809 841//809
f 846//810 848//810 842//810
f 846//811 730//811 847//811
f 740//812 850//812 741//812
f 851//813 741//813 850//813
f 853//814 850//814 852//814
f 970//815 849//815 851//815
f 853//816 855//816 854//816
f 852//817 837//817 969//817
f 858//818 748//818 857//818
f 880//819 859//819 764//819
f 858//820 857//820 860//820
f 861//821 860//821 859//821
f 861//822 859//822 854//822
f 865//823 864//823 895//823
f 868//824 865//824 862//824
f 868//825 866//825 869//825
f 729//826 872//826 840//826
f 873//827 753//827 874//827
f 872//828 866//828 844//828
f 872//829 844//829 843//829
f 873//830 868//830 862//830
f 873//831 842//831 867//831
f 846//832 842//832 873//832
f 874//833 753//833 760//833
f 760//834 727//834 846//834
f 760//835 846//835 874//835
f 877//836 757//836 776//836
f 875//837 757//837 877//837
f 875//838 877//838 972//838
f 878//839 906//839 876//839
f 742//840 738//840 879//840
f 880//841 742//841 879//841
f 881//842 766//842 768//842
f 766//843 881//843 876//843
f 851//844 879//844 882//844
f 893//845 892//845 885//845
f 893//846 885//846 884//846
f 884//847 885//847 888//847
f 861//848 886//848 881//848
f 883//849 878//849 876//849
f 885//850 974//850 888//850
f 890//851 886//851 861//851
f 885//852 889//852 974//852
f 890//853 889//853 886//853
f 891//854 790//854 892//854
f 891//855 892//855 893//855
f 768//856 861//856 881//856
f 890//857 861//857 854//857
f 895//858 863//858 772//858
f 862//859 865//859 894//859
f 894//860 895//860 772//860
f 896//861 897//861 776//861
f 900//862 903//862 763//862
f 902//863 763//863 784//863
f 783//864 758//864 903//864
f 785//865 902//865 909//865
f 876//866 900//866 899//866
f 905//867 901//867 904//867
f 784//868 908//868 909//868
f 906//869 911//869 904//869
f 897//870 877//870 776//870
f 907//871 878//871 914//871
f 877//872 912//872 972//872
f 977//873 878//873 907//873
f 791//874 916//874 884//874
f 918//875 791//875 884//875
f 791//876 918//876 917//876
f 918//877 921//877 919//877
f 920//878 918//878 919//878
f 891//879 893//879 916//879
f 922//880 898//880 896//880
f 929//881 686//881 925//881
f 801//882 923//882 780//882
f 803//883 784//883 779//883
f 798//884 786//884 926//884
f 686//885 929//885 924//885
f 785//886 909//886 925//886
f 786//887 901//887 908//887
f 928//888 925//888 907//888
f 929//889 925//889 928//889
f 926//890 923//890 927//890
f 932//891 908//891 784//891
f 786//892 932//892 931//892
f 931//893 932//893 803//893
f 928//894 934//894 929//894
f 936//895 934//895 928//895
f 929//896 934//896 935//896
f 792//897 806//897 794//897
f 917//898 806//898 792//898
f 907//899 914//899 928//899
f 936//900 928//900 806//900
f 920//901 919//901 933//901
f 936//902 920//902 937//902
f 937//903 920//903 933//903
f 809//904 802//904 938//904
f 802//905 926//905 927//905
f 801//906 940//906 927//906
f 802//907 927//907 940//907
f 938//908 802//908 940//908
f 942//909 939//909 801//909
f 941//910 939//910 942//910
f 941//911 938//911 939//911
f 943//912 941//912 942//912
f 807//913 924//913 945//913
f 945//914 924//914 946//914
f 924//915 930//915 946//915
f 816//916 809//916 827//916
f 948//917 809//917 951//917
f 949//918 810//918 947//918
f 941//919 943//919 951//919
f 954//920 812//920 824//920
f 826//921 823//921 953//921
f 826//922 956//922 954//922
f 958//923 812//923 954//923
f 954//924 957//924 958//924
f 958//925 942//925 812//925
f 995//926 957//926 955//926
f 821//927 827//927 830//927
f 829//928 830//928 960//928
f 835//929 1000//929 831//929
f 999//930 830//930 959//930
f 963//931 1000//931 962//931
f 962//932 835//932 964//932
f 960//933 961//933 962//933
f 965//934 837//934 136//934
f 966//935 137//935 108//935
f 968//936 965//936 140//936
f 970//937 839//937 849//937
f 852//938 969//938 856//938
f 967//939 966//939 839//939
f 856//940 969//940 1011//940
f 975//941 1010//941 970//941
f 974//942 1017//942 973//942
f 889//943 856//943 974//943
f 975//944 970//944 887//944
f 976//945 974//945 973//945
f 974//946 971//946 1017//946
f 980//947 972//947 911//947
f 905//948 911//948 978//948
f 913//949 977//949 907//949
f 905//950 978//950 913//950
f 908//951 905//951 913//951
f 913//952 978//952 977//952
f 919//953 921//953 981//953
f 980//954 975//954 972//954
f 981//955 976//955 973//955
f 1013//956 980//956 979//956
f 982//957 1013//957 979//957
f 983//958 935//958 934//958
f 982//959 898//959 922//959
f 933//960 919//960 981//960
f 983//961 984//961 935//961
f 933//962 981//962 984//962
f 983//963 933//963 984//963
f 985//964 935//964 984//964
f 986//965 982//965 811//965
f 988//966 985//966 984//966
f 987//967 981//967 1018//967
f 986//968 1019//968 982//968
f 988//969 984//969 987//969
f 930//970 985//970 988//970
f 986//971 811//971 949//971
f 989//972 930//972 988//972
f 949//973 991//973 986//973
f 946//974 930//974 989//974
f 994//975 949//975 952//975
f 996//976 957//976 995//976
f 992//977 945//977 946//977
f 955//978 992//978 995//978
f 995//979 998//979 996//979
f 1003//980 996//980 997//980
f 1001//981 996//981 1003//981
f 1002//982 1053//982 1000//982
f 1004//983 961//983 999//983
f 963//984 1005//984 1002//984
f 1004//985 1001//985 1006//985
f 1002//986 1004//986 1006//986
f 963//987 961//987 1004//987
f 1007//988 197//988 137//988
f 968//989 1009//989 1012//989
f 969//990 1012//990 1011//990
f 968//991 1012//991 969//991
f 1067//992 1007//992 967//992
f 967//993 1010//993 1067//993
f 1017//994 1011//994 1014//994
f 1013//995 1015//995 1010//995
f 1017//996 1014//996 1016//996
f 973//997 1016//997 1020//997
f 1022//998 1020//998 1016//998
f 1028//999 1072//999 1023//999
f 982//1000 1019//1000 1013//1000
f 987//1001 1018//1001 1024//1001
f 990//1002 988//1002 987//1002
f 1026//1003 1018//1003 1025//1003
f 1026//1004 1025//1004 1031//1004
f 1029//1005 1019//1005 986//1005
f 1026//1006 1028//1006 1024//1006
f 1030//1007 1024//1007 1028//1007
f 987//1008 1024//1008 1030//1008
f 1029//1009 1021//1009 1019//1009
f 1027//1010 987//1010 1083//1010
f 1031//1011 1028//1011 1026//1011
f 1031//1012 1025//1012 1032//1012
f 1032//1013 1025//1013 1022//1013
f 1082//1014 1028//1014 1031//1014
f 1032//1015 1082//1015 1031//1015
f 1082//1016 1032//1016 1034//1016
f 1035//1017 991//1017 994//1017
f 990//1018 1027//1018 1036//1018
f 1035//1019 1037//1019 991//1019
f 991//1020 1084//1020 986//1020
f 1038//1021 1037//1021 1035//1021
f 1042//1022 1046//1022 1040//1022
f 1038//1023 1041//1023 1037//1023
f 1036//1024 1027//1024 1040//1024
f 993//1025 990//1025 1044//1025
f 990//1026 1036//1026 1046//1026
f 1045//1027 1044//1027 1046//1027
f 1046//1028 1035//1028 1048//1028
f 998//1029 1044//1029 1045//1029
f 998//1030 1045//1030 997//1030
f 952//1031 1049//1031 994//1031
f 1051//1032 1048//1032 994//1032
f 1039//1033 1035//1033 1050//1033
f 1003//1034 997//1034 1055//1034
f 1045//1035 1050//1035 1042//1035
f 1045//1036 1048//1036 1050//1036
f 1039//1037 1045//1037 1042//1037
f 1052//1038 1003//1038 1055//1038
f 1039//1039 1042//1039 1054//1039
f 1045//1040 1051//1040 1054//1040
f 1055//1041 1045//1041 1056//1041
f 1056//1042 1051//1042 1049//1042
f 1049//1043 1055//1043 1056//1043
f 1052//1044 1055//1044 1049//1044
f 1054//1045 1042//1045 1091//1045
f 1054//1046 1091//1046 1056//1046
f 1059//1047 1001//1047 1003//1047
f 1057//1048 1053//1048 1002//1048
f 1006//1049 1059//1049 1057//1049
f 1058//1050 1053//1050 1057//1050
f 1060//1051 1059//1051 1003//1051
f 1057//1052 1060//1052 1058//1052
f 1057//1053 1059//1053 1060//1053
f 1060//1054 1003//1054 1052//1054
f 1058//1055 1061//1055 1049//1055
f 1061//1056 1052//1056 1049//1056
f 1067//1057 1062//1057 1007//1057
f 1009//1058 1008//1058 265//1058
f 1104//1059 1062//1059 1067//1059
f 1009//1060 265//1060 1064//1060
f 1063//1061 1009//1061 1064//1061
f 1008//1062 202//1062 265//1062
f 1012//1063 1068//1063 1014//1063
f 1014//1064 1068//1064 1065//1064
f 1112//1065 1067//1065 1010//1065
f 1015//1066 1112//1066 1010//1066
f 1012//1067 1063//1067 1068//1067
f 1063//1068 1105//1068 1068//1068
f 1105//1069 1063//1069 1064//1069
f 1021//1070 1070//1070 1015//1070
f 1015//1071 1070//1071 1111//1071
f 1071//1072 1065//1072 1066//1072
f 1065//1073 1071//1073 1118//1073
f 1023//1074 1076//1074 1074//1074
f 1028//1075 1085//1075 1075//1075
f 1022//1076 1077//1076 1122//1076
f 1077//1077 1079//1077 1122//1077
f 1085//1078 1079//1078 1075//1078
f 1083//1079 1030//1079 1023//1079
f 1083//1080 1023//1080 1074//1080
f 1086//1081 1029//1081 1084//1081
f 1083//1082 1074//1082 1087//1082
f 1086//1083 1078//1083 1021//1083
f 1080//1084 1085//1084 1127//1084
f 1124//1085 1078//1085 1086//1085
f 1034//1086 1032//1086 1033//1086
f 1034//1087 1088//1087 1082//1087
f 1033//1088 1022//1088 1088//1088
f 1088//1089 1022//1089 1081//1089
f 1089//1090 1081//1090 1127//1090
f 1043//1091 1041//1091 1038//1091
f 1042//1092 1040//1092 1091//1092
f 1027//1093 1083//1093 1090//1093
f 1040//1094 1090//1094 1092//1094
f 1094//1095 1041//1095 1043//1095
f 1095//1096 1090//1096 1087//1096
f 1096//1097 1086//1097 1041//1097
f 1129//1098 1094//1098 1098//1098
f 1091//1099 1047//1099 1056//1099
f 1097//1100 1047//1100 1091//1100
f 1091//1101 1093//1101 1097//1101
f 1097//1102 1098//1102 1043//1102
f 1099//1103 1093//1103 1132//1103
f 1099//1104 1132//1104 1098//1104
f 1139//1105 1101//1105 1102//1105
f 1139//1106 1102//1106 1100//1106
f 1100//1107 1102//1107 1103//1107
f 1104//1108 336//1108 1062//1108
f 1107//1109 1104//1109 1067//1109
f 1106//1110 340//1110 1105//1110
f 1107//1111 336//1111 1104//1111
f 1116//1112 1105//1112 1108//1112
f 265//1113 1110//1113 1106//1113
f 1113//1114 1114//1114 1112//1114
f 1115//1115 1114//1115 1113//1115
f 1068//1116 1116//1116 1066//1116
f 1070//1117 1113//1117 1111//1117
f 1119//1118 1162//1118 1113//1118
f 1066//1119 1117//1119 1120//1119
f 1160//1120 1117//1120 1149//1120
f 1121//1121 1076//1121 1118//1121
f 1080//1122 1122//1122 1079//1122
f 1157//1123 1155//1123 1118//1123
f 1074//1124 1121//1124 1087//1124
f 1123//1125 1078//1125 1124//1125
f 1125//1126 1128//1126 1126//1126
f 1126//1127 1121//1127 1155//1127
f 1081//1128 1122//1128 1127//1128
f 1096//1129 1094//1129 1129//1129
f 1129//1130 1130//1130 1096//1130
f 1131//1131 1125//1131 1126//1131
f 1132//1132 1095//1132 1129//1132
f 1095//1133 1133//1133 1101//1133
f 1095//1134 1128//1134 1125//1134
f 1133//1135 1095//1135 1125//1135
f 1133//1136 1125//1136 1134//1136
f 1134//1137 1125//1137 1131//1137
f 1139//1138 1129//1138 1136//1138
f 1137//1139 1101//1139 1134//1139
f 1135//1140 1139//1140 1138//1140
f 1188//1141 1135//1141 1138//1141
f 1187//1142 1137//1142 1134//1142
f 1100//1143 1138//1143 1139//1143
f 1141//1144 1100//1144 1103//1144
f 1103//1145 1102//1145 1140//1145
f 1140//1146 1102//1146 1137//1146
f 1142//1147 1138//1147 1141//1147
f 1143//1148 1141//1148 1140//1148
f 1140//1149 1137//1149 1143//1149
f 1143//1150 1137//1150 1187//1150
f 1144//1151 1143//1151 1187//1151
f 1146//1152 1138//1152 1142//1152
f 1145//1153 1146//1153 1142//1153
f 1105//1154 341//1154 1108//1154
f 436//1155 337//1155 1107//1155
f 341//1156 437//1156 1108//1156
f 1108//1157 437//1157 1109//1157
f 1114//1158 1147//1158 1112//1158
f 1149//1159 1117//1159 1150//1159
f 1149//1160 1150//1160 1151//1160
f 1150//1161 1153//1161 1151//1161
f 1152//1162 1114//1162 1115//1162
f 1150//1163 1109//1163 1148//1163
f 2117//1164 1114//1164 1152//1164
f 1154//1165 1151//1165 1153//1165
f 1156//1166 1158//1166 1159//1166
f 1162//1167 1115//1167 1113//1167
f 1156//1168 1149//1168 1161//1168
f 1149//1169 1151//1169 1161//1169
f 1163//1170 1115//1170 1162//1170
f 1163//1171 1160//1171 1156//1171
f 1163//1172 1152//1172 1115//1172
f 1170//1173 1166//1173 1162//1173
f 1164//1174 1152//1174 1163//1174
f 1161//1175 1151//1175 1154//1175
f 2120//1176 1152//1176 1164//1176
f 1174//1177 1158//1177 1161//1177
f 1159//1178 1168//1178 1164//1178
f 1173//1179 1166//1179 1170//1179
f 1172//1180 1169//1180 2128//1180
f 1159//1181 1158//1181 1174//1181
f 1175//1182 1159//1182 1174//1182
f 1174//1183 2125//1183 1177//1183
f 1177//1184 2125//1184 1178//1184
f 1180//1185 1170//1185 1124//1185
f 1131//1186 1126//1186 1172//1186
f 1171//1187 1170//1187 1180//1187
f 1181//1188 1171//1188 1180//1188
f 1175//1189 1178//1189 1179//1189
f 1180//1190 1096//1190 1130//1190
f 1185//1191 1134//1191 1131//1191
f 1181//1192 1180//1192 1135//1192
f 1187//1193 1134//1193 1183//1193
f 1186//1194 1184//1194 1188//1194
f 1187//1195 1183//1195 1189//1195
f 1183//1196 2147//1196 1189//1196
f 1188//1197 1191//1197 1186//1197
f 1188//1198 1138//1198 1146//1198
f 1145//1199 1192//1199 1146//1199
f 1144//1200 1192//1200 1145//1200
f 1189//1201 1190//1201 1193//1201
f 1192//1202 2157//1202 1191//1202
f 1192//1203 1194//1203 2157//1203
f 1194//1204 1193//1204 2156//1204
f 1279//1205 1197//1205 1196//1205
f 1278//1206 1197//1206 1279//1206
f 1279//1207 1201//1207 1199//1207
f 1195//1208 354//1208 357//1208
f 1202//1209 1201//1209 1195//1209
f 1196//1210 365//1210 355//1210
f 1203//1211 367//1211 1204//1211
f 363//1212 365//1212 1196//1212
f 1198//1213 363//1213 1197//1213
f 366//1214 1198//1214 1204//1214
f 1206//1215 1204//1215 1205//1215
f 1278//1216 1205//1216 1198//1216
f 1206//1217 1284//1217 1207//1217
f 1210//1218 375//1218 373//1218
f 386//1219 1203//1219 1215//1219
f 1212//1220 1208//1220 398//1220
f 1216//1221 1200//1221 1209//1221
f 1214//1222 1216//1222 1209//1222
f 1218//1223 1200//1223 1216//1223
f 1217//1224 1216//1224 1214//1224
f 1231//1225 1217//1225 1211//1225
f 1231//1226 1211//1226 1212//1226
f 1218//1227 1217//1227 1231//1227
f 1219//1228 387//1228 385//1228
f 391//1229 392//1229 1222//1229
f 390//1230 387//1230 1219//1230
f 392//1231 1221//1231 1223//1231
f 1221//1232 1224//1232 1223//1232
f 1295//1233 392//1233 1223//1233
f 1222//1234 392//1234 1295//1234
f 1295//1235 1223//1235 1224//1235
f 1226//1236 284//1236 394//1236
f 1225//1237 1226//1237 395//1237
f 1226//1238 1209//1238 284//1238
f 1226//1239 1214//1239 1209//1239
f 397//1240 372//1240 1211//1240
f 1228//1241 401//1241 376//1241
f 397//1242 1211//1242 398//1242
f 1229//1243 397//1243 1230//1243
f 1225//1244 397//1244 1229//1244
f 402//1245 1230//1245 398//1245
f 1228//1246 376//1246 1232//1246
f 1226//1247 1229//1247 1214//1247
f 376//1248 386//1248 1215//1248
f 376//1249 1215//1249 1232//1249
f 1230//1250 1214//1250 1229//1250
f 1230//1251 1212//1251 1213//1251
f 403//1252 385//1252 411//1252
f 415//1253 414//1253 1222//1253
f 1233//1254 1219//1254 385//1254
f 1290//1255 1219//1255 1233//1255
f 1234//1256 1222//1256 1236//1256
f 1240//1257 421//1257 423//1257
f 1241//1258 1231//1258 402//1258
f 1243//1259 423//1259 1244//1259
f 1245//1260 423//1260 1243//1260
f 1245//1261 1240//1261 423//1261
f 1238//1262 1231//1262 1241//1262
f 1245//1263 1233//1263 1240//1263
f 1238//1264 1227//1264 1231//1264
f 1244//1265 1242//1265 1247//1265
f 1310//1266 1245//1266 1246//1266
f 1247//1267 1248//1267 1238//1267
f 1247//1268 1238//1268 1306//1268
f 1310//1269 1233//1269 1245//1269
f 1233//1270 403//1270 422//1270
f 1249//1271 415//1271 1250//1271
f 1243//1272 1246//1272 1245//1272
f 1255//1273 1246//1273 1243//1273
f 1256//1274 1255//1274 1244//1274
f 1256//1275 1258//1275 1255//1275
f 1244//1276 1318//1276 1257//1276
f 1258//1277 1256//1277 1257//1277
f 433//1278 1249//1278 1253//1278
f 1252//1279 433//1279 1253//1279
f 429//1280 1251//1280 1237//1280
f 1260//1281 1251//1281 429//1281
f 1263//1282 437//1282 1252//1282
f 1252//1283 1254//1283 1263//1283
f 1266//1284 1265//1284 1343//1284
f 1343//1285 1265//1285 1267//1285
f 1269//1286 1268//1286 1265//1286
f 1271//1287 1270//1287 1269//1287
f 1266//1288 1348//1288 1272//1288
f 1275//1289 1271//1289 1274//1289
f 1277//1290 1275//1290 1276//1290
f 1199//1291 1280//1291 1273//1291
f 1280//1292 1199//1292 1201//1292
f 1284//1293 1278//1293 1281//1293
f 1284//1294 1281//1294 1282//1294
f 1231//1295 1287//1295 1218//1295
f 1286//1296 1207//1296 1285//1296
f 1287//1297 1283//1297 1218//1297
f 1286//1298 1372//1298 1288//1298
f 1236//1299 1222//1299 1295//1299
f 1291//1300 1220//1300 1292//1300
f 1293//1301 1295//1301 1291//1301
f 1383//1302 1292//1302 1290//1302
f 1295//1303 1220//1303 1291//1303
f 1390//1304 1287//1304 1296//1304
f 1301//1305 1248//1305 1232//1305
f 1301//1306 1215//1306 1288//1306
f 1307//1307 1301//1307 1308//1307
f 1288//1308 1289//1308 1301//1308
f 1303//1309 1301//1309 1399//1309
f 1311//1310 1402//1310 1304//1310
f 1234//1311 1236//1311 1235//1311
f 1305//1312 1236//1312 1293//1312
f 1306//1313 1238//1313 1239//1313
f 1308//1314 1227//1314 1307//1314
f 1308//1315 1296//1315 1227//1315
f 1300//1316 1297//1316 1298//1316
f 1309//1317 1300//1317 1298//1317
f 1310//1318 1302//1318 1233//1318
f 1318//1319 1247//1319 1306//1319
f 1412//1320 1311//1320 1310//1320
f 1315//1321 1314//1321 1316//1321
f 1317//1322 1237//1322 1251//1322
f 1320//1323 1257//1323 1318//1323
f 1320//1324 1318//1324 1319//1324
f 1320//1325 1319//1325 1317//1325
f 1314//1326 1309//1326 1321//1326
f 1258//1327 1310//1327 1246//1327
f 1318//1328 1306//1328 1239//1328
f 1253//1329 1249//1329 1325//1329
f 1325//1330 1250//1330 1411//1330
f 1253//1331 1325//1331 1327//1331
f 1328//1332 1326//1332 1322//1332
f 1324//1333 1412//1333 1310//1333
f 1422//1334 1412//1334 1324//1334
f 1325//1335 1312//1335 1329//1335
f 1316//1336 1417//1336 1315//1336
f 1331//1337 1317//1337 1251//1337
f 1263//1338 1254//1338 1323//1338
f 1331//1339 1328//1339 1320//1339
f 1333//1340 1331//1340 1330//1340
f 1423//1341 1253//1341 1327//1341
f 1338//1342 1339//1342 1335//1342
f 1341//1343 1339//1343 1342//1343
f 1267//1344 1340//1344 1343//1344
f 1344//1345 1343//1345 1340//1345
f 1343//1346 1344//1346 1349//1346
f 1340//1347 1341//1347 1337//1347
f 1268//1348 1345//1348 1336//1348
f 1345//1349 1338//1349 1336//1349
f 1348//1350 1343//1350 1349//1350
f 1350//1351 1348//1351 1349//1351
f 1346//1352 1447//1352 1268//1352
f 1352//1353 1347//1353 1275//1353
f 1275//1354 1347//1354 1346//1354
f 1277//1355 1352//1355 1275//1355
f 1354//1356 1277//1356 1276//1356
f 1355//1357 1276//1357 1356//1357
f 1356//1358 1350//1358 1353//1358
f 1199//1359 1273//1359 1357//1359
f 1357//1360 1273//1360 1366//1360
f 1359//1361 1351//1361 1358//1361
f 1361//1362 1352//1362 1351//1362
f 1354//1363 1355//1363 1363//1363
f 1365//1364 1354//1364 1363//1364
f 1361//1365 1359//1365 1360//1365
f 1351//1366 1277//1366 1354//1366
f 1367//1367 1273//1367 1283//1367
f 1364//1368 1367//1368 1283//1368
f 1359//1369 1354//1369 1365//1369
f 1273//1370 1367//1370 1366//1370
f 1364//1371 1370//1371 1367//1371
f 1369//1372 1458//1372 1364//1372
f 1373//1373 1357//1373 1366//1373
f 1377//1374 1376//1374 1375//1374
f 1380//1375 1361//1375 1374//1375
f 1289//1376 1288//1376 1368//1376
f 1381//1377 1364//1377 1283//1377
f 1360//1378 1365//1378 1364//1378
f 1382//1379 1289//1379 1371//1379
f 1294//1380 1384//1380 1290//1380
f 1291//1381 1383//1381 1386//1381
f 1383//1382 1385//1382 1386//1382
f 1384//1383 1387//1383 1383//1383
f 1388//1384 1385//1384 1387//1384
f 1386//1385 1385//1385 1388//1385
f 1388//1386 1387//1386 1384//1386
f 1297//1387 1392//1387 1299//1387
f 1397//1388 1392//1388 1381//1388
f 1391//1389 1393//1389 1394//1389
f 1396//1390 1392//1390 1297//1390
f 1393//1391 1392//1391 1397//1391
f 1394//1392 1393//1392 1397//1392
f 1390//1393 1378//1393 1397//1393
f 1398//1394 1390//1394 1296//1394
f 1375//1395 1378//1395 1377//1395
f 1378//1396 1375//1396 1397//1396
f 1394//1397 1397//1397 1375//1397
f 1304//1398 1401//1398 1294//1398
f 1399//1399 1382//1399 1405//1399
f 1403//1400 1402//1400 1406//1400
f 1407//1401 1406//1401 1402//1401
f 1403//1402 1406//1402 1477//1402
f 1294//1403 1401//1403 1389//1403
f 1409//1404 1384//1404 1389//1404
f 1313//1405 1484//1405 1410//1405
f 1410//1406 1471//1406 1396//1406
f 1300//1407 1410//1407 1297//1407
f 1309//1408 1391//1408 1321//1408
f 1391//1409 1395//1409 1321//1409
f 1395//1410 1394//1410 1476//1410
f 1412//1411 1413//1411 1400//1411
f 1305//1412 1408//1412 1404//1412
f 1305//1413 1404//1413 1414//1413
f 1414//1414 1404//1414 1403//1414
f 1416//1415 1312//1415 1414//1415
f 1493//1416 1473//1416 1398//1416
f 1413//1417 1407//1417 1400//1417
f 1417//1418 1313//1418 1315//1418
f 1417//1419 1418//1419 1313//1419
f 1429//1420 1418//1420 1417//1420
f 1418//1421 1484//1421 1313//1421
f 1321//1422 1483//1422 1421//1422
f 1326//1423 1422//1423 1324//1423
f 1329//1424 1312//1424 1416//1424
f 1329//1425 1416//1425 1424//1425
f 1316//1426 1314//1426 1426//1426
f 1429//1427 1417//1427 1428//1427
f 1430//1428 1426//1428 1434//1428
f 1323//1429 1435//1429 1436//1429
f 1334//1430 1326//1430 1328//1430
f 1323//1431 1423//1431 1435//1431
f 1435//1432 1423//1432 1424//1432
f 1438//1433 1442//1433 1338//1433
f 1438//1434 1338//1434 1439//1434
f 1441//1435 1337//1435 1341//1435
f 1441//1436 1339//1436 1442//1436
f 1338//1437 1442//1437 1339//1437
f 1441//1438 1442//1438 1443//1438
f 1437//1439 1441//1439 1440//1439
f 1445//1440 1437//1440 1440//1440
f 1353//1441 1449//1441 1448//1441
f 1449//1442 1350//1442 1349//1442
f 1353//1443 1350//1443 1449//1443
f 1355//1444 1356//1444 1450//1444
f 1451//1445 1355//1445 1450//1445
f 1537//1446 1452//1446 1361//1446
f 1462//1447 1458//1447 1369//1447
f 1458//1448 1455//1448 1370//1448
f 1368//1449 1457//1449 1371//1449
f 1457//1450 1460//1450 1456//1450
f 1468//1451 1457//1451 1455//1451
f 1373//1452 1366//1452 1460//1452
f 1460//1453 1366//1453 1456//1453
f 1379//1454 1462//1454 1362//1454
f 1462//1455 1379//1455 1376//1455
f 1377//1456 1462//1456 1376//1456
f 1376//1457 1379//1457 1463//1457
f 1376//1458 1463//1458 1375//1458
f 1463//1459 1362//1459 1453//1459
f 1371//1460 1457//1460 1468//1460
f 1543//1461 1458//1461 1462//1461
f 1466//1462 1543//1462 1462//1462
f 1543//1463 1544//1463 1458//1463
f 1378//1464 1462//1464 1377//1464
f 1464//1465 1380//1465 1396//1465
f 1473//1466 1474//1466 1378//1466
f 1394//1467 1375//1467 1465//1467
f 1466//1468 1378//1468 1474//1468
f 1394//1469 1465//1469 1476//1469
f 1476//1470 1465//1470 1467//1470
f 1479//1471 1406//1471 1407//1471
f 1478//1472 1399//1472 1405//1472
f 1478//1473 1405//1473 1480//1473
f 1475//1474 1478//1474 1480//1474
f 1481//1475 1466//1475 1480//1475
f 1484//1476 1471//1476 1410//1476
f 1486//1477 1482//1477 1485//1477
f 1487//1478 1472//1478 1484//1478
f 1487//1479 1488//1479 1472//1479
f 1492//1480 1491//1480 1413//1480
f 1493//1481 1475//1481 1473//1481
f 1415//1482 1477//1482 1479//1482
f 1495//1483 1407//1483 1491//1483
f 1494//1484 1479//1484 1496//1484
f 1496//1485 1479//1485 1495//1485
f 1491//1486 1497//1486 1495//1486
f 1494//1487 1496//1487 1498//1487
f 1496//1488 1497//1488 1500//1488
f 1487//1489 1484//1489 1418//1489
f 1419//1490 1503//1490 1487//1490
f 1502//1491 1563//1491 1504//1491
f 1508//1492 1420//1492 1507//1492
f 1506//1493 1490//1493 1489//1493
f 1502//1494 1506//1494 1507//1494
f 1508//1495 1507//1495 1571//1495
f 1424//1496 1416//1496 1509//1496
f 1416//1497 1494//1497 1509//1497
f 1510//1498 1425//1498 1505//1498
f 1510//1499 1492//1499 1425//1499
f 1512//1500 1419//1500 1431//1500
f 1514//1501 1419//1501 1512//1501
f 1513//1502 1434//1502 1588//1502
f 1588//1503 1420//1503 1508//1503
f 1505//1504 1425//1504 1433//1504
f 1515//1505 1510//1505 1505//1505
f 1519//1506 1520//1506 1593//1506
f 1592//1507 1510//1507 1515//1507
f 1435//1508 1424//1508 1518//1508
f 1519//1509 1509//1509 1520//1509
f 1521//1510 1438//1510 1439//1510
f 1521//1511 1523//1511 1438//1511
f 1526//1512 1438//1512 1523//1512
f 1442//1513 1438//1513 1524//1513
f 1524//1514 1438//1514 1526//1514
f 1443//1515 1524//1515 1525//1515
f 1443//1516 1525//1516 1440//1516
f 1524//1517 1526//1517 1525//1517
f 1525//1518 1522//1518 1440//1518
f 1525//1519 1526//1519 1598//1519
f 1527//1520 1522//1520 1525//1520
f 1598//1521 1527//1521 1525//1521
f 1447//1522 1530//1522 1439//1522
f 1446//1523 1445//1523 1528//1523
f 1530//1524 1521//1524 1439//1524
f 1446//1525 1528//1525 1529//1525
f 1522//1526 1527//1526 1604//1526
f 1528//1527 1604//1527 1529//1527
f 1449//1528 1446//1528 1448//1528
f 1448//1529 1446//1529 1529//1529
f 1448//1530 1529//1530 1532//1530
f 1448//1531 1534//1531 1353//1531
f 1450//1532 1353//1532 1534//1532
f 1535//1533 1450//1533 1534//1533
f 1535//1534 1534//1534 1536//1534
f 1534//1535 1608//1535 1609//1535
f 1536//1536 1534//1536 1609//1536
f 1454//1537 1450//1537 1535//1537
f 1539//1538 1535//1538 1536//1538
f 1468//1539 1459//1539 1541//1539
f 1461//1540 1538//1540 1464//1540
f 1464//1541 1538//1541 1537//1541
f 1463//1542 1453//1542 1539//1542
f 1467//1543 1463//1543 1540//1543
f 1470//1544 1544//1544 1543//1544
f 1459//1545 1544//1545 1541//1545
f 1545//1546 1548//1546 1546//1546
f 1553//1547 1551//1547 1552//1547
f 1627//1548 1548//1548 1551//1548
f 1481//1549 1470//1549 1543//1549
f 1555//1550 1545//1550 1546//1550
f 1552//1551 1555//1551 1553//1551
f 1556//1552 1558//1552 1559//1552
f 1557//1553 1558//1553 1556//1553
f 1558//1554 1560//1554 1559//1554
f 1556//1555 1644//1555 1561//1555
f 1556//1556 1561//1556 1581//1556
f 1488//1557 1564//1557 1472//1557
f 1485//1558 1562//1558 1563//1558
f 1564//1559 1461//1559 1472//1559
f 1562//1560 1550//1560 1566//1560
f 1567//1561 1562//1561 1566//1561
f 1490//1562 1570//1562 1489//1562
f 1570//1563 1569//1563 1551//1563
f 1489//1564 1570//1564 1571//1564
f 1568//1565 1569//1565 1490//1565
f 1568//1566 1627//1566 1569//1566
f 1573//1567 1627//1567 1568//1567
f 1567//1568 1573//1568 1568//1568
f 1574//1569 1491//1569 1499//1569
f 1578//1570 1497//1570 1574//1570
f 1497//1571 1576//1571 1575//1571
f 1501//1572 1575//1572 1577//1572
f 1575//1573 1576//1573 1579//1573
f 1581//1574 1579//1574 1557//1574
f 1575//1575 1579//1575 1580//1575
f 1579//1576 1558//1576 1557//1576
f 1563//1577 1486//1577 1485//1577
f 1565//1578 1563//1578 1562//1578
f 1565//1579 1568//1579 1504//1579
f 1565//1580 1567//1580 1568//1580
f 1568//1581 1490//1581 1504//1581
f 1584//1582 1508//1582 1571//1582
f 1571//1583 1572//1583 1584//1583
f 1584//1584 1572//1584 1590//1584
f 1511//1585 1498//1585 1585//1585
f 1577//1586 1585//1586 1498//1586
f 1675//1587 1585//1587 1587//1587
f 1588//1588 1584//1588 1590//1588
f 1588//1589 1590//1589 1589//1589
f 1687//1590 1592//1590 1516//1590
f 1592//1591 1574//1591 1499//1591
f 1687//1592 1574//1592 1592//1592
f 1586//1593 1574//1593 1687//1593
f 1594//1594 1595//1594 2315//1594
f 1598//1595 1526//1595 1599//1595
f 1598//1596 1599//1596 1597//1596
f 1599//1597 1526//1597 1596//1597
f 1597//1598 1527//1598 1598//1598
f 1597//1599 1599//1599 1602//1599
f 1600//1600 1527//1600 1597//1600
f 1599//1601 1601//1601 1602//1601
f 1529//1602 1604//1602 1605//1602
f 1606//1603 1523//1603 1530//1603
f 1607//1604 1532//1604 1529//1604
f 1532//1605 1607//1605 1608//1605
f 1611//1606 1531//1606 1533//1606
f 1531//1607 1611//1607 1699//1607
f 1610//1608 1536//1608 1613//1608
f 1611//1609 1702//1609 1699//1609
f 1613//1610 1608//1610 1607//1610
f 1538//1611 1611//1611 1537//1611
f 1615//1612 1539//1612 1614//1612
f 1614//1613 1536//1613 1610//1613
f 1615//1614 1614//1614 1610//1614
f 1702//1615 1611//1615 1616//1615
f 1613//1616 1612//1616 1610//1616
f 1629//1617 1619//1617 1620//1617
f 1620//1618 1624//1618 1625//1618
f 1704//1619 1624//1619 1621//1619
f 1542//1620 1540//1620 1615//1620
f 1617//1621 1615//1621 1610//1621
f 1628//1622 1542//1622 1617//1622
f 1631//1623 1547//1623 1629//1623
f 1629//1624 1547//1624 1618//1624
f 1634//1625 1632//1625 1629//1625
f 1618//1626 1630//1626 1622//1626
f 1627//1627 1622//1627 1630//1627
f 1633//1628 1634//1628 1636//1628
f 1638//1629 1549//1629 1554//1629
f 1639//1630 1626//1630 1461//1630
f 1640//1631 1638//1631 1628//1631
f 1641//1632 1553//1632 1633//1632
f 1641//1633 1633//1633 1643//1633
f 1645//1634 1560//1634 1558//1634
f 1560//1635 1646//1635 1647//1635
f 1647//1636 1648//1636 1644//1636
f 1647//1637 1646//1637 1649//1637
f 1650//1638 1646//1638 1645//1638
f 1561//1639 1644//1639 1736//1639
f 1561//1640 1736//1640 1733//1640
f 1648//1641 1732//1641 1644//1641
f 1648//1642 1649//1642 1732//1642
f 1651//1643 1650//1643 1645//1643
f 1731//1644 1649//1644 1650//1644
f 1639//1645 1461//1645 1564//1645
f 1567//1646 1566//1646 1655//1646
f 1638//1647 1640//1647 1566//1647
f 1566//1648 1654//1648 1655//1648
f 1740//1649 1639//1649 1653//1649
f 1656//1650 1572//1650 1641//1650
f 1652//1651 1573//1651 1567//1651
f 1652//1652 1658//1652 1573//1652
f 1656//1653 1641//1653 1643//1653
f 1657//1654 1656//1654 1643//1654
f 1579//1655 1576//1655 1662//1655
f 1660//1656 1577//1656 1661//1656
f 1578//1657 1662//1657 1576//1657
f 1579//1658 1645//1658 1558//1658
f 1582//1659 1581//1659 1666//1659
f 1581//1660 1561//1660 1666//1660
f 1666//1661 1561//1661 1733//1661
f 1651//1662 1645//1662 1579//1662
f 1668//1663 1666//1663 1733//1663
f 1667//1664 1668//1664 1733//1664
f 1670//1665 1667//1665 1733//1665
f 1651//1666 1662//1666 1663//1666
f 1674//1667 1652//1667 1655//1667
f 1672//1668 1572//1668 1657//1668
f 1572//1669 1656//1669 1657//1669
f 1672//1670 1657//1670 1673//1670
f 1577//1671 1660//1671 1587//1671
f 1676//1672 1678//1672 1587//1672
f 1679//1673 1678//1673 1680//1673
f 1681//1674 1587//1674 1660//1674
f 1676//1675 1587//1675 1681//1675
f 1676//1676 1681//1676 1669//1676
f 1678//1677 1670//1677 1749//1677
f 1591//1678 1671//1678 1653//1678
f 1673//1679 1758//1679 1684//1679
f 1595//1680 1677//1680 1688//1680
f 1677//1681 1678//1681 1679//1681
f 1689//1682 1692//1682 1687//1682
f 1762//1683 1664//1683 1586//1683
f 1691//1684 1688//1684 1777//1684
f 1692//1685 1762//1685 1586//1685
f 1602//1686 1601//1686 1693//1686
f 1603//1687 1602//1687 1693//1687
f 1596//1688 1694//1688 1601//1688
f 1786//1689 1694//1689 1596//1689
f 1698//1690 1696//1690 1603//1690
f 1700//1691 1605//1691 1696//1691
f 1699//1692 1795//1692 1606//1692
f 1701//1693 1700//1693 1787//1693
f 1612//1694 1700//1694 1701//1694
f 1612//1695 1701//1695 1798//1695
f 1610//1696 1612//1696 1703//1696
f 1715//1697 1702//1697 1616//1697
f 1707//1698 1624//1698 1704//1698
f 1625//1699 1624//1699 1707//1699
f 1707//1700 1708//1700 1625//1700
f 1707//1701 1704//1701 1710//1701
f 1711//1702 1625//1702 1708//1702
f 1625//1703 1711//1703 1705//1703
f 1705//1704 1711//1704 1807//1704
f 1803//1705 1716//1705 1617//1705
f 1635//1706 1620//1706 1623//1706
f 1622//1707 1637//1707 1714//1707
f 1717//1708 1635//1708 1705//1708
f 1714//1709 1706//1709 1622//1709
f 1719//1710 1807//1710 1718//1710
f 1720//1711 1721//1711 1722//1711
f 1722//1712 1723//1712 1724//1712
f 1725//1713 1726//1713 1713//1713
f 1642//1714 1706//1714 1714//1714
f 1727//1715 1628//1715 1716//1715
f 1717//1716 1729//1716 1636//1716
f 1729//1717 1807//1717 1730//1717
f 1730//1718 1719//1718 1745//1718
f 1731//1719 1720//1719 1734//1719
f 1651//1720 1735//1720 1650//1720
f 1735//1721 1720//1721 1731//1721
f 1736//1722 1734//1722 1722//1722
f 1721//1723 1720//1723 1735//1723
f 1739//1724 1639//1724 1740//1724
f 1655//1725 1654//1725 1738//1725
f 1725//1726 1639//1726 1739//1726
f 1744//1727 1659//1727 1658//1727
f 1659//1728 1642//1728 1637//1728
f 1743//1729 1643//1729 1745//1729
f 1738//1730 1654//1730 1744//1730
f 1746//1731 1642//1731 1659//1731
f 1746//1732 1659//1732 1744//1732
f 1742//1733 1640//1733 1727//1733
f 1744//1734 1742//1734 1746//1734
f 1728//1735 1642//1735 1746//1735
f 1742//1736 1727//1736 1728//1736
f 1833//1737 1642//1737 1728//1737
f 1747//1738 1725//1738 1741//1738
f 1752//1739 1651//1739 1664//1739
f 1749//1740 1750//1740 1751//1740
f 1752//1741 1735//1741 1651//1741
f 1754//1742 1755//1742 1757//1742
f 1759//1743 1849//1743 1741//1743
f 1759//1744 1741//1744 1755//1744
f 1759//1745 1755//1745 1756//1745
f 1680//1746 1749//1746 1764//1746
f 1765//1747 1749//1747 1751//1747
f 1749//1748 1765//1748 1766//1748
f 1768//1749 1756//1749 1754//1749
f 1756//1750 1755//1750 1754//1750
f 1685//1751 1684//1751 1772//1751
f 1769//1752 1685//1752 1772//1752
f 1769//1753 1775//1753 2500//1753
f 1684//1754 1758//1754 1760//1754
f 1772//1755 1684//1755 1760//1755
f 1768//1756 1773//1756 1756//1756
f 1772//1757 1760//1757 1775//1757
f 1776//1758 1770//1758 1774//1758
f 1867//1759 1771//1759 1770//1759
f 1691//1760 1777//1760 1778//1760
f 1777//1761 1785//1761 1778//1761
f 1780//1762 1778//1762 1785//1762
f 1779//1763 1782//1763 1762//1763
f 1781//1764 1780//1764 1783//1764
f 2503//1765 1778//1765 1784//1765
f 1777//1766 1764//1766 1785//1766
f 1695//1767 1694//1767 1786//1767
f 1695//1768 1786//1768 1792//1768
f 1698//1769 1791//1769 1787//1769
f 1596//1770 1697//1770 1788//1770
f 1697//1771 1884//1771 1788//1771
f 1695//1772 1698//1772 1603//1772
f 1788//1773 1786//1773 1596//1773
f 1792//1774 1786//1774 1788//1774
f 1791//1775 1792//1775 1793//1775
f 1789//1776 1791//1776 1793//1776
f 1792//1777 1788//1777 1886//1777
f 1794//1778 1792//1778 1886//1778
f 1796//1779 1787//1779 1789//1779
f 1795//1780 1893//1780 1697//1780
f 1796//1781 1789//1781 1790//1781
f 1702//1782 1795//1782 1699//1782
f 1895//1783 1798//1783 1799//1783
f 1800//1784 1798//1784 1895//1784
f 1703//1785 1798//1785 1803//1785
f 1797//1786 1702//1786 1802//1786
f 1804//1787 1801//1787 1800//1787
f 1805//1788 1797//1788 1802//1788
f 1814//1789 1806//1789 1810//1789
f 1711//1790 1709//1790 1809//1790
f 1809//1791 1709//1791 1712//1791
f 1715//1792 1802//1792 1702//1792
f 1803//1793 1804//1793 1812//1793
f 1715//1794 1805//1794 1802//1794
f 1718//1795 1807//1795 1811//1795
f 1718//1796 1811//1796 1910//1796
f 1718//1797 1910//1797 1815//1797
f 1642//1798 1818//1798 1814//1798
f 1819//1799 1727//1799 1716//1799
f 1727//1800 1819//1800 1820//1800
f 1819//1801 1716//1801 1812//1801
f 1813//1802 1713//1802 1726//1802
f 1824//1803 1816//1803 1818//1803
f 1745//1804 1719//1804 1823//1804
f 1818//1805 1816//1805 1814//1805
f 1828//1806 1825//1806 1721//1806
f 1829//1807 1827//1807 1826//1807
f 1825//1808 1817//1808 1723//1808
f 1826//1809 1830//1809 1829//1809
f 1825//1810 1830//1810 1817//1810
f 1828//1811 1920//1811 1831//1811
f 1724//1812 1817//1812 1830//1812
f 1832//1813 1830//1813 1831//1813
f 1728//1814 1727//1814 1833//1814
f 1833//1815 1834//1815 1642//1815
f 1748//1816 1835//1816 1837//1816
f 1747//1817 1726//1817 1725//1817
f 1833//1818 1727//1818 1820//1818
f 1833//1819 1820//1819 1840//1819
f 1841//1820 1840//1820 1838//1820
f 1839//1821 1841//1821 1838//1821
f 1837//1822 1835//1822 1844//1822
f 1839//1823 1923//1823 1841//1823
f 1924//1824 1747//1824 1843//1824
f 1844//1825 1835//1825 1928//1825
f 1828//1826 1735//1826 1752//1826
f 1827//1827 1829//1827 1846//1827
f 1751//1828 1846//1828 1765//1828
f 1848//1829 1828//1829 1847//1829
f 1761//1830 1842//1830 1849//1830
f 1852//1831 1839//1831 1845//1831
f 1850//1832 1853//1832 1839//1832
f 1854//1833 1851//1833 1761//1833
f 1851//1834 1843//1834 1842//1834
f 1850//1835 1855//1835 1853//1835
f 1854//1836 1922//1836 1857//1836
f 1853//1837 1923//1837 1839//1837
f 1852//1838 1845//1838 1922//1838
f 1763//1839 1847//1839 1752//1839
f 1763//1840 1861//1840 1847//1840
f 1859//1841 1861//1841 1763//1841
f 1766//1842 1765//1842 1862//1842
f 1863//1843 1766//1843 1862//1843
f 1765//1844 1846//1844 1864//1844
f 1864//1845 1846//1845 1932//1845
f 1863//1846 1864//1846 1866//1846
f 1771//1847 1867//1847 1761//1847
f 1868//1848 1867//1848 1776//1848
f 1782//1849 1869//1849 1870//1849
f 1775//1850 1873//1850 1776//1850
f 1873//1851 1760//1851 1856//1851
f 1873//1852 1875//1852 1776//1852
f 1875//1853 1868//1853 1776//1853
f 1875//1854 1873//1854 1954//1854
f 1876//1855 1870//1855 1957//1855
f 1764//1856 1766//1856 1785//1856
f 1785//1857 1766//1857 1879//1857
f 1878//1858 1785//1858 1879//1858
f 1878//1859 1880//1859 2698//1859
f 1880//1860 1863//1860 1883//1860
f 1882//1861 1859//1861 1872//1861
f 1789//1862 1794//1862 1888//1862
f 1886//1863 1788//1863 1884//1863
f 1794//1864 1887//1864 1889//1864
f 1886//1865 1891//1865 1887//1865
f 1892//1866 1887//1866 1891//1866
f 1885//1867 1884//1867 1893//1867
f 1790//1868 1888//1868 1894//1868
f 1894//1869 1888//1869 1890//1869
f 1894//1870 1890//1870 1896//1870
f 1968//1871 1890//1871 1889//1871
f 1968//1872 1889//1872 1969//1872
f 1895//1873 1897//1873 1974//1873
f 1900//1874 1804//1874 1901//1874
f 1805//1875 1972//1875 1797//1875
f 1901//1876 1804//1876 1800//1876
f 1899//1877 1800//1877 1898//1877
f 1809//1878 1902//1878 1903//1878
f 1908//1879 1806//1879 1816//1879
f 1815//1880 1910//1880 1907//1880
f 1907//1881 1910//1881 1912//1881
f 1914//1882 1905//1882 1904//1882
f 1903//1883 1905//1883 1911//1883
f 1915//1884 1912//1884 1911//1884
f 1812//1885 1906//1885 1819//1885
f 1978//1886 1813//1886 1924//1886
f 1916//1887 1907//1887 1912//1887
f 1917//1888 1916//1888 1918//1888
f 1824//1889 1909//1889 1908//1889
f 1916//1890 1912//1890 1918//1890
f 1919//1891 1909//1891 1824//1891
f 1822//1892 1818//1892 1841//1892
f 1922//1893 1845//1893 1921//1893
f 1820//1894 1821//1894 1925//1894
f 1921//1895 1820//1895 1925//1895
f 1926//1896 1921//1896 1925//1896
f 1835//1897 1917//1897 1928//1897
f 1844//1898 1928//1898 1939//1898
f 1923//1899 1919//1899 1822//1899
f 1829//1900 1832//1900 1930//1900
f 1931//1901 1848//1901 1847//1901
f 1848//1902 1930//1902 1920//1902
f 1832//1903 1920//1903 1930//1903
f 1931//1904 1930//1904 1848//1904
f 1931//1905 1932//1905 1930//1905
f 1935//1906 1843//1906 1858//1906
f 1857//1907 1922//1907 1933//1907
f 1855//1908 1934//1908 1923//1908
f 1937//1909 1927//1909 1843//1909
f 1922//1910 1926//1910 1936//1910
f 1837//1911 1844//1911 1939//1911
f 1938//1912 1939//1912 1940//1912
f 1940//1913 1939//1913 1929//1913
f 1943//1914 1938//1914 1940//1914
f 1865//1915 1931//1915 1847//1915
f 1945//1916 1864//1916 1932//1916
f 1945//1917 1932//1917 1948//1917
f 1950//1918 1858//1918 1857//1918
f 1953//1919 1950//1919 1951//1919
f 2013//1920 1935//1920 1950//1920
f 1875//1921 1954//1921 1868//1921
f 1956//1922 1876//1922 1958//1922
f 1868//1923 1959//1923 1942//1923
f 1860//1924 1959//1924 1868//1924
f 1860//1925 1941//1925 1959//1925
f 1960//1926 1957//1926 1955//1926
f 2019//1927 1958//1927 2020//1927
f 1863//1928 1866//1928 1883//1928
f 1882//1929 1883//1929 1865//1929
f 1883//1930 1944//1930 1865//1930
f 1876//1931 1956//1931 1946//1931
f 1876//1932 1946//1932 1962//1932
f 1866//1933 1944//1933 1883//1933
f 1961//1934 1876//1934 1962//1934
f 1961//1935 1962//1935 1963//1935
f 1961//1936 1963//1936 1964//1936
f 1956//1937 1958//1937 1965//1937
f 1962//1938 1966//1938 1963//1938
f 2036//1939 2035//1939 1885//1939
f 1967//1940 1885//1940 2035//1940
f 1968//1941 1969//1941 1970//1941
f 1892//1942 1891//1942 1967//1942
f 1969//1943 1892//1943 1970//1943
f 1970//1944 1892//1944 1967//1944
f 1967//1945 1971//1945 1970//1945
f 1971//1946 1967//1946 2035//1946
f 1970//1947 2042//1947 1897//1947
f 1972//1948 1885//1948 1893//1948
f 1901//1949 1899//1949 2044//1949
f 1898//1950 2037//1950 1975//1950
f 1906//1951 1900//1951 1977//1951
f 1906//1952 1977//1952 1979//1952
f 1905//1953 1914//1953 1980//1953
f 1911//1954 1913//1954 1980//1954
f 1911//1955 1981//1955 1915//1955
f 1982//1956 1980//1956 1914//1956
f 1981//1957 1911//1957 1982//1957
f 1992//1958 1982//1958 1914//1958
f 1981//1959 1982//1959 1983//1959
f 1906//1960 1986//1960 1819//1960
f 1985//1961 1819//1961 1986//1961
f 1986//1962 1906//1962 1979//1962
f 1985//1963 1986//1963 1987//1963
f 1985//1964 1987//1964 1984//1964
f 1988//1965 1992//1965 1914//1965
f 1990//1966 1915//1966 1981//1966
f 1992//1967 1983//1967 1982//1967
f 1993//1968 1992//1968 1988//1968
f 1983//1969 1992//1969 1993//1969
f 1991//1970 1983//1970 1993//1970
f 1995//1971 1994//1971 1997//1971
f 1996//1972 2055//1972 1997//1972
f 1999//1973 1989//1973 2000//1973
f 1989//1974 1991//1974 2063//1974
f 1991//1975 1993//1975 2063//1975
f 2003//1976 1988//1976 2001//1976
f 1937//1977 1994//1977 1927//1977
f 1936//1978 1926//1978 2006//1978
f 1941//1979 1943//1979 2010//1979
f 1940//1980 1929//1980 2009//1980
f 2009//1981 1929//1981 2000//1981
f 1998//1982 2010//1982 2001//1982
f 2010//1983 2002//1983 2001//1983
f 2009//1984 2000//1984 2011//1984
f 2011//1985 2002//1985 2010//1985
f 2011//1986 2000//1986 2002//1986
f 1951//1987 2012//1987 2014//1987
f 2013//1988 1937//1988 1935//1988
f 1951//1989 1952//1989 2012//1989
f 1952//1990 2017//1990 2012//1990
f 2008//1991 2017//1991 1952//1991
f 2015//1992 2018//1992 2013//1992
f 2021//1993 2020//1993 1960//1993
f 2021//1994 2023//1994 2020//1994
f 2027//1995 1966//1995 2025//1995
f 2025//1996 1947//1996 2026//1996
f 2020//1997 2022//1997 2019//1997
f 2704//1998 2027//1998 2028//1998
f 2022//1999 2029//1999 2019//1999
f 2027//2000 2026//2000 2030//2000
f 2028//2001 2027//2001 2030//2001
f 2032//2002 2029//2002 2786//2002
f 2028//2003 2030//2003 2033//2003
f 2031//2004 2032//2004 2786//2004
f 1971//2005 2035//2005 2034//2005
f 2034//2006 2036//2006 2039//2006
f 2039//2007 2040//2007 2041//2007
f 1973//2008 1974//2008 2042//2008
f 1973//2009 2042//2009 2043//2009
f 2042//2010 2034//2010 2043//2010
f 2043//2011 2034//2011 2039//2011
f 2045//2012 2048//2012 2038//2012
f 2048//2013 2040//2013 2038//2013
f 2046//2014 2049//2014 2047//2014
f 2048//2015 2041//2015 2040//2015
f 2037//2016 2041//2016 2049//2016
f 2050//2017 2079//2017 1976//2017
f 2046//2018 2051//2018 1977//2018
f 1979//2019 2051//2019 2052//2019
f 1977//2020 2049//2020 2046//2020
f 2079//2021 2045//2021 1976//2021
f 2051//2022 2046//2022 2053//2022
f 2046//2023 2047//2023 2053//2023
f 1986//2024 2052//2024 2083//2024
f 1984//2025 1987//2025 2061//2025
f 1995//2026 2056//2026 2050//2026
f 1995//2027 1997//2027 2057//2027
f 2055//2028 2058//2028 2057//2028
f 2059//2029 2058//2029 2060//2029
f 2082//2030 2050//2030 2056//2030
f 2062//2031 2100//2031 2067//2031
f 2004//2032 2003//2032 2002//2032
f 2063//2033 2003//2033 2004//2033
f 2058//2034 2055//2034 1996//2034
f 1996//2035 2065//2035 2058//2035
f 2006//2036 1984//2036 2062//2036
f 2066//2037 2006//2037 2062//2037
f 2068//2038 2066//2038 2098//2038
f 2098//2039 2066//2039 2097//2039
f 2018//2040 1996//2040 2007//2040
f 2017//2041 2070//2041 2069//2041
f 2779//2042 2070//2042 2018//2042
f 2072//2043 2064//2043 2066//2043
f 2072//2044 2071//2044 2017//2044
f 2069//2045 2073//2045 2076//2045
f 2053//2046 2077//2046 2051//2046
f 2047//2047 2045//2047 2078//2047
f 2081//2048 2052//2048 2077//2048
f 2045//2049 2079//2049 2078//2049
f 2077//2050 2078//2050 2081//2050
f 2054//2051 2083//2051 2084//2051
f 2052//2052 2081//2052 2083//2052
f 2082//2053 2087//2053 2079//2053
f 2083//2054 2081//2054 2084//2054
f 2084//2055 2080//2055 2088//2055
f 2085//2056 2088//2056 2087//2056
f 2100//2057 2061//2057 2092//2057
f 2093//2058 2082//2058 2059//2058
f 2099//2059 2093//2059 2059//2059
f 2093//2060 2085//2060 2082//2060
f 2094//2061 2054//2061 2086//2061
f 2093//2062 2092//2062 2085//2062
f 2094//2063 2085//2063 2092//2063
f 2085//2064 2086//2064 2088//2064
f 2094//2065 2086//2065 2085//2065
f 2065//2066 2089//2066 2058//2066
f 2065//2067 2091//2067 2089//2067
f 2099//2068 2059//2068 2060//2068
f 2100//2069 2099//2069 2097//2069
f 2100//2070 2097//2070 2067//2070
f 2098//2071 2097//2071 2101//2071
f 2101//2072 2097//2072 2090//2072
f 2068//2073 2071//2073 2072//2073
f 2102//2074 2071//2074 2068//2074
f 2103//2075 2071//2075 2102//2075
f 2103//2076 2065//2076 2071//2076
f 2068//2077 2098//2077 2102//2077
f 2102//2078 2104//2078 2103//2078
f 2104//2079 2101//2079 2095//2079
f 2106//2080 2107//2080 2108//2080
f 1262//2081 1260//2081 1147//2081
f 2112//2082 1262//2082 1147//2082
f 2113//2083 437//2083 2115//2083
f 2115//2084 437//2084 1261//2084
f 2117//2085 2112//2085 1147//2085
f 1150//2086 1148//2086 2114//2086
f 2118//2087 2117//2087 1152//2087
f 1150//2088 2114//2088 2121//2088
f 2119//2089 2118//2089 1152//2089
f 2119//2090 1152//2090 2120//2090
f 2125//2091 1161//2091 2124//2091
f 2119//2092 2120//2092 1167//2092
f 2126//2093 2119//2093 1167//2093
f 2127//2094 1169//2094 1173//2094
f 2128//2095 1169//2095 2127//2095
f 2173//2096 1168//2096 1176//2096
f 2173//2097 2126//2097 1168//2097
f 1178//2098 2125//2098 2133//2098
f 1178//2099 2133//2099 2131//2099
f 2125//2100 2132//2100 2133//2100
f 2132//2101 2124//2101 2171//2101
f 2134//2102 2132//2102 2171//2102
f 2135//2103 1182//2103 2128//2103
f 2136//2104 1171//2104 1181//2104
f 1171//2105 2129//2105 2127//2105
f 2137//2106 2128//2106 2129//2106
f 2138//2107 2129//2107 1171//2107
f 1179//2108 1178//2108 2139//2108
f 2139//2109 1178//2109 2131//2109
f 2141//2110 1179//2110 2139//2110
f 2140//2111 2130//2111 1176//2111
f 2135//2112 2137//2112 2142//2112
f 2137//2113 2138//2113 2142//2113
f 2136//2114 2143//2114 2138//2114
f 2144//2115 2140//2115 2141//2115
f 2141//2116 2131//2116 2146//2116
f 2143//2117 2142//2117 2138//2117
f 2145//2118 2146//2118 2178//2118
f 2143//2119 2144//2119 2142//2119
f 2147//2120 2135//2120 2148//2120
f 2147//2121 2148//2121 2149//2121
f 1186//2122 2143//2122 2136//2122
f 2148//2123 2142//2123 2149//2123
f 2149//2124 2142//2124 2145//2124
f 1186//2125 2150//2125 2143//2125
f 2151//2126 2153//2126 2152//2126
f 2154//2127 2183//2127 2150//2127
f 1190//2128 2147//2128 2151//2128
f 1190//2129 2151//2129 2155//2129
f 1191//2130 2158//2130 1186//2130
f 2157//2131 2158//2131 1191//2131
f 2163//2132 2155//2132 2159//2132
f 2151//2133 2152//2133 2161//2133
f 2159//2134 2162//2134 2160//2134
f 2158//2135 2154//2135 2150//2135
f 2156//2136 2155//2136 2163//2136
f 2163//2137 2157//2137 2156//2137
f 2157//2138 2163//2138 2160//2138
f 2157//2139 2160//2139 2158//2139
f 2163//2140 2159//2140 2160//2140
f 2165//2141 1333//2141 1330//2141
f 2169//2142 2165//2142 2164//2142
f 2113//2143 2115//2143 2116//2143
f 2115//2144 1261//2144 1332//2144
f 2118//2145 2164//2145 2112//2145
f 2114//2146 2116//2146 2123//2146
f 2123//2147 2167//2147 2170//2147
f 2206//2148 2164//2148 2119//2148
f 2122//2149 2123//2149 2170//2149
f 2130//2150 2174//2150 2173//2150
f 2172//2151 2119//2151 2126//2151
f 2174//2152 2126//2152 2173//2152
f 2174//2153 2172//2153 2126//2153
f 2133//2154 2134//2154 2175//2154
f 2178//2155 2144//2155 2143//2155
f 2144//2156 2174//2156 2130//2156
f 2150//2157 2145//2157 2178//2157
f 2182//2158 2217//2158 2216//2158
f 2183//2159 2152//2159 2153//2159
f 2181//2160 2178//2160 2180//2160
f 2217//2161 2182//2161 2184//2161
f 2193//2162 2184//2162 2188//2162
f 2190//2163 2184//2163 2193//2163
f 2194//2164 2186//2164 2191//2164
f 2190//2165 2193//2165 2194//2165
f 2190//2166 2194//2166 2189//2166
f 2194//2167 2193//2167 2186//2167
f 2196//2168 1428//2168 1427//2168
f 2197//2169 1428//2169 2196//2169
f 2196//2170 2198//2170 2197//2170
f 2199//2171 1428//2171 2197//2171
f 2200//2172 2198//2172 1430//2172
f 2165//2173 1432//2173 1333//2173
f 2202//2174 1432//2174 2165//2174
f 2169//2175 2202//2175 2165//2175
f 2202//2176 1433//2176 1432//2176
f 2167//2177 2168//2177 2205//2177
f 1332//2178 1436//2178 2168//2178
f 2205//2179 2168//2179 1518//2179
f 2207//2180 2203//2180 2169//2180
f 2245//2181 2203//2181 2207//2181
f 2208//2182 2167//2182 2205//2182
f 2208//2183 2205//2183 2209//2183
f 2211//2184 2210//2184 2253//2184
f 2171//2185 2210//2185 2211//2185
f 2260//2186 2172//2186 2174//2186
f 2212//2187 2176//2187 2177//2187
f 2215//2188 2175//2188 2212//2188
f 2212//2189 2177//2189 2265//2189
f 2212//2190 2265//2190 2215//2190
f 2213//2191 2214//2191 2179//2191
f 2214//2192 2263//2192 2179//2192
f 2222//2193 2214//2193 2213//2193
f 2265//2194 2177//2194 2257//2194
f 2220//2195 2217//2195 2213//2195
f 2216//2196 2217//2196 2220//2196
f 2220//2197 2221//2197 2218//2197
f 2225//2198 2273//2198 2220//2198
f 2219//2199 2275//2199 2222//2199
f 2224//2200 2275//2200 2219//2200
f 2218//2201 2182//2201 2216//2201
f 2225//2202 2180//2202 2215//2202
f 2187//2203 2218//2203 2221//2203
f 2226//2204 2187//2204 2221//2204
f 2187//2205 2182//2205 2218//2205
f 2190//2206 2227//2206 2185//2206
f 2186//2207 2226//2207 2228//2207
f 2191//2208 2228//2208 2229//2208
f 2231//2209 2192//2209 2230//2209
f 2290//2210 2192//2210 2231//2210
f 2230//2211 2229//2211 2232//2211
f 2233//2212 2199//2212 2200//2212
f 2233//2213 1512//2213 2199//2213
f 2243//2214 2201//2214 2234//2214
f 2201//2215 1513//2215 2234//2215
f 2235//2216 1514//2216 2233//2216
f 2202//2217 2236//2217 1433//2217
f 2236//2218 1515//2218 1433//2218
f 2204//2219 2238//2219 2236//2219
f 1518//2220 1519//2220 1593//2220
f 2241//2221 2240//2221 1593//2221
f 2244//2222 2243//2222 2234//2222
f 2245//2223 2237//2223 2203//2223
f 2246//2224 2237//2224 2245//2224
f 2247//2225 2209//2225 2250//2225
f 2251//2226 2249//2226 2242//2226
f 2254//2227 2252//2227 2249//2227
f 2249//2228 2251//2228 2254//2228
f 2245//2229 2323//2229 2246//2229
f 2211//2230 2253//2230 2257//2230
f 2263//2231 2261//2231 2260//2231
f 2264//2232 2261//2232 2263//2232
f 2263//2233 2260//2233 2174//2233
f 2265//2234 2257//2234 2269//2234
f 2215//2235 2265//2235 2266//2235
f 2266//2236 2265//2236 2269//2236
f 2270//2237 2263//2237 2214//2237
f 2257//2238 2262//2238 2269//2238
f 2275//2239 2267//2239 2214//2239
f 2275//2240 2214//2240 2222//2240
f 2274//2241 2273//2241 2276//2241
f 2225//2242 2268//2242 2273//2242
f 2268//2243 2276//2243 2273//2243
f 2278//2244 2274//2244 2276//2244
f 2275//2245 2279//2245 2267//2245
f 2224//2246 2279//2246 2275//2246
f 2277//2247 2346//2247 2268//2247
f 2225//2248 2215//2248 2266//2248
f 2225//2249 2266//2249 2271//2249
f 2225//2250 2271//2250 2277//2250
f 2282//2251 2221//2251 2223//2251
f 2280//2252 2224//2252 2227//2252
f 2283//2253 2284//2253 2282//2253
f 2283//2254 2223//2254 2278//2254
f 2377//2255 2281//2255 2280//2255
f 2285//2256 2375//2256 2288//2256
f 2287//2257 2285//2257 2288//2257
f 2228//2258 2282//2258 2289//2258
f 2289//2259 2380//2259 2293//2259
f 2380//2260 2289//2260 2284//2260
f 2377//2261 2280//2261 2292//2261
f 2287//2262 2286//2262 2294//2262
f 2295//2263 2296//2263 2297//2263
f 2298//2264 2286//2264 2287//2264
f 2298//2265 2287//2265 2288//2265
f 2294//2266 2300//2266 2287//2266
f 2297//2267 2296//2267 2298//2267
f 2300//2268 2285//2268 2287//2268
f 2229//2269 2289//2269 2302//2269
f 2303//2270 2232//2270 2302//2270
f 2302//2271 2289//2271 2293//2271
f 2305//2272 2291//2272 2304//2272
f 2297//2273 2301//2273 2299//2273
f 2306//2274 2297//2274 2298//2274
f 2234//2275 1513//2275 1589//2275
f 2234//2276 1589//2276 2307//2276
f 2237//2277 2308//2277 2238//2277
f 2238//2278 2308//2278 1516//2278
f 2311//2279 1687//2279 1516//2279
f 2308//2280 2311//2280 1516//2280
f 2312//2281 2309//2281 2308//2281
f 2242//2282 1517//2282 2314//2282
f 2313//2283 2242//2283 2314//2283
f 1517//2284 1594//2284 2314//2284
f 2314//2285 2316//2285 2313//2285
f 2316//2286 2314//2286 2315//2286
f 2317//2287 1591//2287 1514//2287
f 2319//2288 2234//2288 2307//2288
f 2319//2289 2318//2289 2317//2289
f 2255//2290 2242//2290 2313//2290
f 2254//2291 2251//2291 2255//2291
f 2252//2292 2322//2292 2250//2292
f 2253//2293 2250//2293 2322//2293
f 2253//2294 2322//2294 2324//2294
f 2255//2295 2322//2295 2254//2295
f 2323//2296 2320//2296 2246//2296
f 2322//2297 2255//2297 2325//2297
f 2324//2298 2322//2298 2325//2298
f 2325//2299 2313//2299 2316//2299
f 2324//2300 2325//2300 2326//2300
f 2326//2301 2325//2301 2420//2301
f 2327//2302 2321//2302 2320//2302
f 2258//2303 2253//2303 2324//2303
f 2258//2304 2324//2304 2326//2304
f 2327//2305 2323//2305 2328//2305
f 2334//2306 2332//2306 2333//2306
f 2334//2307 2333//2307 2429//2307
f 2259//2308 2258//2308 2330//2308
f 2329//2309 2256//2309 2261//2309
f 2329//2310 2328//2310 2256//2310
f 2337//2311 2262//2311 2259//2311
f 2338//2312 2332//2312 2334//2312
f 2341//2313 2271//2313 2269//2313
f 2342//2314 2271//2314 2341//2314
f 2348//2315 2346//2315 2342//2315
f 2344//2316 2347//2316 2343//2316
f 2356//2317 2345//2317 2444//2317
f 2349//2318 2350//2318 2351//2318
f 2339//2319 2340//2319 2350//2319
f 2350//2320 2349//2320 2339//2320
f 2276//2321 2272//2321 2278//2321
f 2344//2322 2267//2322 2279//2322
f 2344//2323 2279//2323 2353//2323
f 2355//2324 2278//2324 2356//2324
f 2374//2325 2359//2325 2358//2325
f 2358//2326 2351//2326 2374//2326
f 2374//2327 2351//2327 2340//2327
f 2360//2328 2358//2328 2359//2328
f 2361//2329 2374//2329 2451//2329
f 2281//2330 2353//2330 2279//2330
f 2365//2331 2367//2331 2363//2331
f 2364//2332 2363//2332 2367//2332
f 2378//2333 2362//2333 2368//2333
f 2369//2334 2367//2334 2365//2334
f 2378//2335 2368//2335 2370//2335
f 2372//2336 2373//2336 2366//2336
f 2359//2337 2374//2337 2375//2337
f 2285//2338 2359//2338 2375//2338
f 2285//2339 2360//2339 2359//2339
f 2377//2340 2365//2340 2281//2340
f 2375//2341 2361//2341 2379//2341
f 2369//2342 2365//2342 2377//2342
f 2476//2343 2379//2343 2361//2343
f 2284//2344 2362//2344 2378//2344
f 2370//2345 2380//2345 2378//2345
f 2386//2346 2377//2346 2292//2346
f 2380//2347 2370//2347 2381//2347
f 2301//2348 2384//2348 2300//2348
f 2382//2349 2288//2349 2379//2349
f 2300//2350 2376//2350 2285//2350
f 2304//2351 2293//2351 2305//2351
f 2305//2352 2386//2352 2292//2352
f 2305//2353 2293//2353 2388//2353
f 2387//2354 2305//2354 2389//2354
f 2381//2355 2482//2355 2388//2355
f 2388//2356 2390//2356 2389//2356
f 2388//2357 2482//2357 2390//2357
f 2306//2358 2391//2358 2301//2358
f 2393//2359 2383//2359 2385//2359
f 2394//2360 2393//2360 2385//2360
f 2492//2361 2387//2361 2389//2361
f 2396//2362 2307//2362 2398//2362
f 2399//2363 1591//2363 2410//2363
f 2398//2364 2395//2364 2397//2364
f 2412//2365 2396//2365 2494//2365
f 2400//2366 1671//2366 2399//2366
f 2312//2367 2308//2367 2310//2367
f 1682//2368 2395//2368 2398//2368
f 2413//2369 2404//2369 2401//2369
f 2312//2370 2401//2370 2309//2370
f 2402//2371 1686//2371 2395//2371
f 1769//2372 1683//2372 1685//2372
f 2315//2373 1688//2373 1690//2373
f 1689//2374 2404//2374 2403//2374
f 2407//2375 1690//2375 1691//2375
f 2408//2376 2405//2376 2407//2376
f 2307//2377 2396//2377 2411//2377
f 2319//2378 2410//2378 2318//2378
f 2412//2379 2410//2379 2411//2379
f 2417//2380 2414//2380 2415//2380
f 2413//2381 2401//2381 2414//2381
f 2416//2382 2310//2382 2321//2382
f 2496//2383 2312//2383 2310//2383
f 2416//2384 2496//2384 2310//2384
f 2418//2385 2403//2385 2417//2385
f 2325//2386 2316//2386 2420//2386
f 2316//2387 2405//2387 2420//2387
f 2423//2388 2403//2388 2418//2388
f 2417//2389 2415//2389 2421//2389
f 2417//2390 2423//2390 2418//2390
f 2420//2391 2405//2391 2422//2391
f 2419//2392 2420//2392 2422//2392
f 2421//2393 2415//2393 2423//2393
f 2423//2394 2409//2394 2403//2394
f 2416//2395 2327//2395 2331//2395
f 2326//2396 2419//2396 2427//2396
f 2416//2397 2321//2397 2327//2397
f 2430//2398 2429//2398 2431//2398
f 2434//2399 2431//2399 2429//2399
f 2430//2400 2431//2400 2434//2400
f 2430//2401 2434//2401 2433//2401
f 2432//2402 2435//2402 2434//2402
f 2338//2403 2334//2403 2440//2403
f 2339//2404 2441//2404 2332//2404
f 2440//2405 2334//2405 2430//2405
f 2440//2406 2430//2406 2433//2406
f 2442//2407 2432//2407 2441//2407
f 2440//2408 2433//2408 2452//2408
f 2341//2409 2337//2409 2426//2409
f 2343//2410 2443//2410 2264//2410
f 2348//2411 2444//2411 2345//2411
f 2444//2412 2348//2412 2443//2412
f 2348//2413 2447//2413 2443//2413
f 2444//2414 2445//2414 2448//2414
f 2447//2415 2450//2415 2443//2415
f 2443//2416 2450//2416 2438//2416
f 2339//2417 2442//2417 2441//2417
f 2352//2418 2442//2418 2339//2418
f 2357//2419 2444//2419 2455//2419
f 2444//2420 2456//2420 2455//2420
f 2354//2421 2457//2421 2347//2421
f 2449//2422 2445//2422 2347//2422
f 2459//2423 2456//2423 2448//2423
f 2459//2424 2449//2424 2458//2424
f 2448//2425 2449//2425 2459//2425
f 2553//2426 2456//2426 2459//2426
f 2352//2427 2339//2427 2360//2427
f 2454//2428 2451//2428 2453//2428
f 2461//2429 2460//2429 2462//2429
f 2368//2430 2367//2430 2463//2430
f 2465//2431 2361//2431 2451//2431
f 2466//2432 2367//2432 2369//2432
f 2468//2433 2463//2433 2469//2433
f 2465//2434 2451//2434 2454//2434
f 2468//2435 2469//2435 2566//2435
f 2455//2436 2355//2436 2357//2436
f 2355//2437 2455//2437 2471//2437
f 2464//2438 2353//2438 2373//2438
f 2372//2439 2472//2439 2373//2439
f 2473//2440 2372//2440 2471//2440
f 2473//2441 2471//2441 2553//2441
f 2564//2442 2457//2442 2464//2442
f 2576//2443 2473//2443 2553//2443
f 2460//2444 2360//2444 2376//2444
f 2467//2445 2370//2445 2468//2445
f 2476//2446 2465//2446 2485//2446
f 2467//2447 2566//2447 2479//2447
f 2480//2448 2485//2448 2465//2448
f 2465//2449 2470//2449 2480//2449
f 2582//2450 2583//2450 2477//2450
f 2482//2451 2381//2451 2370//2451
f 2386//2452 2477//2452 2369//2452
f 2482//2453 2467//2453 2479//2453
f 2483//2454 2474//2454 2464//2454
f 2473//2455 2483//2455 2472//2455
f 2484//2456 2478//2456 2376//2456
f 2387//2457 2486//2457 2386//2457
f 2482//2458 2592//2458 2390//2458
f 2486//2459 2488//2459 2598//2459
f 2489//2460 2391//2460 2392//2460
f 2484//2461 2391//2461 2489//2461
f 2385//2462 2485//2462 2490//2462
f 2485//2463 2481//2463 2490//2463
f 2599//2464 2488//2464 2492//2464
f 2394//2465 2490//2465 2493//2465
f 2493//2466 2489//2466 2394//2466
f 2398//2467 2397//2467 1773//2467
f 1773//2468 2397//2468 1686//2468
f 2400//2469 2495//2469 1671//2469
f 2495//2470 2400//2470 2494//2470
f 2495//2471 1767//2471 1671//2471
f 1768//2472 1753//2472 1767//2472
f 1767//2473 1773//2473 1768//2473
f 1769//2474 1774//2474 2402//2474
f 2494//2475 1767//2475 2495//2475
f 2605//2476 2497//2476 2499//2476
f 2605//2477 2499//2477 2617//2477
f 2408//2478 2502//2478 2406//2478
f 2407//2479 2502//2479 2408//2479
f 2508//2480 1869//2480 2504//2480
f 2506//2481 2508//2481 2504//2481
f 2507//2482 2506//2482 2505//2482
f 2400//2483 2399//2483 2412//2483
f 2414//2484 2498//2484 2510//2484
f 2617//2485 2496//2485 2511//2485
f 2617//2486 2499//2486 2496//2486
f 2512//2487 2422//2487 2409//2487
f 2514//2488 2423//2488 2424//2488
f 2514//2489 2424//2489 2425//2489
f 2510//2490 2498//2490 2509//2490
f 2516//2491 2512//2491 2514//2491
f 2509//2492 2498//2492 2501//2492
f 2510//2493 2509//2493 2519//2493
f 2516//2494 2518//2494 2512//2494
f 2520//2495 2518//2495 2522//2495
f 2416//2496 2511//2496 2496//2496
f 2419//2497 2513//2497 2517//2497
f 2523//2498 2623//2498 2416//2498
f 2514//2499 2515//2499 2516//2499
f 2515//2500 2521//2500 2525//2500
f 2524//2501 2516//2501 2525//2501
f 2622//2502 2516//2502 2524//2502
f 2427//2503 2428//2503 2527//2503
f 2528//2504 2428//2504 2631//2504
f 2631//2505 2517//2505 2520//2505
f 2433//2506 2434//2506 2435//2506
f 2531//2507 2435//2507 2529//2507
f 2545//2508 2532//2508 2529//2508
f 2532//2509 2530//2509 2529//2509
f 2529//2510 2530//2510 2531//2510
f 2523//2511 2416//2511 2437//2511
f 2534//2512 2439//2512 2438//2512
f 2535//2513 2427//2513 2527//2513
f 2535//2514 2426//2514 2427//2514
f 2536//2515 2537//2515 2534//2515
f 2536//2516 2538//2516 2541//2516
f 2541//2517 2539//2517 2536//2517
f 2535//2518 2527//2518 2540//2518
f 2538//2519 2535//2519 2540//2519
f 2542//2520 2524//2520 2526//2520
f 2540//2521 2527//2521 2528//2521
f 2539//2522 2541//2522 2543//2522
f 2540//2523 2541//2523 2538//2523
f 2442//2524 2545//2524 2432//2524
f 2548//2525 2442//2525 2549//2525
f 2446//2526 2450//2526 2447//2526
f 2439//2527 2534//2527 2550//2527
f 2550//2528 2533//2528 2439//2528
f 2538//2529 2536//2529 2551//2529
f 2551//2530 2446//2530 2535//2530
f 2544//2531 2550//2531 2537//2531
f 2544//2532 2533//2532 2550//2532
f 2552//2533 2547//2533 2546//2533
f 2553//2534 2459//2534 2554//2534
f 2555//2535 2459//2535 2458//2535
f 2553//2536 2554//2536 2579//2536
f 2555//2537 2458//2537 2557//2537
f 2558//2538 2457//2538 2556//2538
f 2577//2539 2558//2539 2556//2539
f 2662//2540 2555//2540 2557//2540
f 2557//2541 2558//2541 2560//2541
f 2562//2542 2461//2542 2462//2542
f 2567//2543 2563//2543 2466//2543
f 2570//2544 2566//2544 2568//2544
f 2564//2545 2469//2545 2577//2545
f 2565//2546 2561//2546 2569//2546
f 2577//2547 2469//2547 2563//2547
f 2569//2548 2561//2548 2571//2548
f 2572//2549 2567//2549 2569//2549
f 2563//2550 2573//2550 2577//2550
f 2574//2551 2563//2551 2572//2551
f 2571//2552 2665//2552 2668//2552
f 2475//2553 2576//2553 2578//2553
f 2576//2554 2553//2554 2579//2554
f 2475//2555 2581//2555 2575//2555
f 2580//2556 2475//2556 2575//2556
f 2575//2557 2581//2557 2662//2557
f 2485//2558 2480//2558 2586//2558
f 2481//2559 2485//2559 2586//2559
f 2480//2560 2583//2560 2585//2560
f 2584//2561 2460//2561 2478//2561
f 2586//2562 2480//2562 2585//2562
f 2587//2563 2462//2563 2584//2563
f 2569//2564 2571//2564 2572//2564
f 2582//2565 2586//2565 2585//2565
f 2588//2566 2571//2566 2668//2566
f 2588//2567 2572//2567 2571//2567
f 2572//2568 2588//2568 2574//2568
f 2672//2569 2587//2569 2584//2569
f 2591//2570 2582//2570 2477//2570
f 2590//2571 2570//2571 2474//2571
f 2483//2572 2580//2572 2590//2572
f 2479//2573 2590//2573 2592//2573
f 2589//2574 2582//2574 2591//2574
f 2593//2575 2580//2575 2575//2575
f 2679//2576 2592//2576 2593//2576
f 2594//2577 2481//2577 2586//2577
f 2491//2578 2595//2578 2478//2578
f 2594//2579 2589//2579 2596//2579
f 2390//2580 2597//2580 2487//2580
f 2598//2581 2591//2581 2477//2581
f 2487//2582 2597//2582 2600//2582
f 2599//2583 2600//2583 2598//2583
f 2602//2584 2591//2584 2598//2584
f 2600//2585 2602//2585 2598//2585
f 2600//2586 2680//2586 2688//2586
f 2596//2587 2589//2587 2601//2587
f 2602//2588 2601//2588 2591//2588
f 2688//2589 2602//2589 2600//2589
f 2491//2590 2484//2590 2489//2590
f 2481//2591 2594//2591 2604//2591
f 2604//2592 2595//2592 2491//2592
f 1776//2593 1774//2593 2500//2593
f 1776//2594 2500//2594 1775//2594
f 1781//2595 1783//2595 2606//2595
f 2607//2596 2508//2596 2506//2596
f 2501//2597 2605//2597 2608//2597
f 2609//2598 2501//2598 2608//2598
f 2607//2599 1871//2599 2508//2599
f 2609//2600 2613//2600 2610//2600
f 2690//2601 2607//2601 2615//2601
f 2611//2602 1871//2602 2607//2602
f 1955//2603 1871//2603 2611//2603
f 2606//2604 2615//2604 2507//2604
f 1783//2605 2698//2605 2614//2605
f 2615//2606 2699//2606 2612//2606
f 1882//2607 1872//2607 1881//2607
f 2614//2608 2698//2608 2616//2608
f 2616//2609 2699//2609 2615//2609
f 2519//2610 2509//2610 2618//2610
f 2509//2611 2609//2611 2619//2611
f 2619//2612 2609//2612 2610//2612
f 2617//2613 2613//2613 2608//2613
f 2621//2614 2613//2614 2617//2614
f 2619//2615 2610//2615 2691//2615
f 2525//2616 2521//2616 2624//2616
f 2623//2617 2625//2617 2511//2617
f 2624//2618 2521//2618 2626//2618
f 2624//2619 2626//2619 2627//2619
f 2626//2620 2618//2620 2629//2620
f 2630//2621 2620//2621 2625//2621
f 2628//2622 2630//2622 2625//2622
f 2630//2623 2714//2623 2620//2623
f 2622//2624 2520//2624 2522//2624
f 2530//2625 2532//2625 2634//2625
f 2633//2626 2635//2626 2532//2626
f 2632//2627 2634//2627 2728//2627
f 2636//2628 2726//2628 2635//2628
f 2639//2629 2523//2629 2533//2629
f 2638//2630 2526//2630 2624//2630
f 2625//2631 2623//2631 2523//2631
f 2628//2632 2625//2632 2640//2632
f 2541//2633 2528//2633 2542//2633
f 2544//2634 2543//2634 2645//2634
f 2542//2635 2528//2635 2622//2635
f 2542//2636 2526//2636 2638//2636
f 2645//2637 2541//2637 2638//2637
f 2541//2638 2645//2638 2543//2638
f 2639//2639 2645//2639 2734//2639
f 2734//2640 2638//2640 2627//2640
f 2639//2641 2648//2641 2646//2641
f 2647//2642 2642//2642 2643//2642
f 2644//2643 2647//2643 2643//2643
f 2651//2644 2545//2644 2548//2644
f 2651//2645 2633//2645 2545//2645
f 2651//2646 2636//2646 2633//2646
f 2650//2647 2632//2647 2728//2647
f 2652//2648 2649//2648 2650//2648
f 2653//2649 2533//2649 2544//2649
f 2544//2650 2645//2650 2653//2650
f 2653//2651 2645//2651 2639//2651
f 2655//2652 2654//2652 2560//2652
f 2552//2653 2546//2653 2649//2653
f 2549//2654 2739//2654 2548//2654
f 2660//2655 2663//2655 2577//2655
f 2663//2656 2559//2656 2577//2656
f 2662//2657 2560//2657 2654//2657
f 2573//2658 2660//2658 2577//2658
f 2669//2659 2573//2659 2574//2659
f 2668//2660 2665//2660 2670//2660
f 2575//2661 2664//2661 2671//2661
f 2667//2662 2666//2662 2562//2662
f 2670//2663 2665//2663 2658//2663
f 2669//2664 2660//2664 2573//2664
f 2575//2665 2662//2665 2664//2665
f 2765//2666 2671//2666 2755//2666
f 2667//2667 2562//2667 2587//2667
f 2668//2668 2669//2668 2588//2668
f 2669//2669 2574//2669 2588//2669
f 2672//2670 2768//2670 2667//2670
f 2679//2671 2593//2671 2678//2671
f 2678//2672 2575//2672 2671//2672
f 2681//2673 2669//2673 2673//2673
f 2680//2674 2683//2674 2684//2674
f 2683//2675 2678//2675 2671//2675
f 2681//2676 2761//2676 2669//2676
f 2684//2677 2683//2677 2765//2677
f 2773//2678 2681//2678 2682//2678
f 2685//2679 2672//2679 2595//2679
f 2685//2680 2674//2680 2672//2680
f 2673//2681 2675//2681 2687//2681
f 2674//2682 2687//2682 2686//2682
f 2687//2683 2675//2683 2686//2683
f 2679//2684 2683//2684 2680//2684
f 2594//2685 2596//2685 2685//2685
f 2595//2686 2594//2686 2685//2686
f 2602//2687 2687//2687 2596//2687
f 2680//2688 2684//2688 2689//2688
f 2685//2689 2596//2689 2687//2689
f 2689//2690 2602//2690 2688//2690
f 2773//2691 2682//2691 2689//2691
f 2595//2692 2604//2692 2594//2692
f 2610//2693 2693//2693 2691//2693
f 2690//2694 1877//2694 2700//2694
f 2692//2695 1955//2695 2611//2695
f 2691//2696 2692//2696 2611//2696
f 2700//2697 2694//2697 2691//2697
f 2693//2698 2692//2698 2691//2698
f 2694//2699 2695//2699 2696//2699
f 2784//2700 2694//2700 2696//2700
f 2612//2701 2698//2701 1882//2701
f 2702//2702 2700//2702 2701//2702
f 1877//2703 1964//2703 2701//2703
f 2702//2704 2701//2704 2703//2704
f 2621//2705 2711//2705 2613//2705
f 2711//2706 2691//2706 2694//2706
f 2712//2707 2619//2707 2706//2707
f 2621//2708 2708//2708 2707//2708
f 2709//2709 2707//2709 2710//2709
f 2709//2710 2706//2710 2711//2710
f 2620//2711 2714//2711 2621//2711
f 2630//2712 2717//2712 2714//2712
f 2629//2713 2618//2713 2712//2713
f 2720//2714 2715//2714 2716//2714
f 2718//2715 2717//2715 2719//2715
f 2630//2716 2719//2716 2717//2716
f 2806//2717 2719//2717 2630//2717
f 2628//2718 2806//2718 2630//2718
f 2722//2719 2626//2719 2629//2719
f 2723//2720 2715//2720 2730//2720
f 2724//2721 2715//2721 2723//2721
f 2724//2722 2722//2722 2629//2722
f 2629//2723 2712//2723 2725//2723
f 2713//2724 2709//2724 2710//2724
f 2713//2725 2629//2725 2725//2725
f 2637//2726 2635//2726 2726//2726
f 2727//2727 2726//2727 2636//2727
f 2637//2728 2726//2728 2812//2728
f 2730//2729 2720//2729 2732//2729
f 2731//2730 2733//2730 2628//2730
f 2627//2731 2626//2731 2734//2731
f 2723//2732 2642//2732 2647//2732
f 2734//2733 2644//2733 2648//2733
f 2736//2734 2734//2734 2722//2734
f 2736//2735 2647//2735 2644//2735
f 2734//2736 2736//2736 2644//2736
f 2736//2737 2724//2737 2647//2737
f 2722//2738 2724//2738 2736//2738
f 2737//2739 2732//2739 2815//2739
f 2738//2740 2737//2740 2815//2740
f 2739//2741 2636//2741 2651//2741
f 2739//2742 2727//2742 2636//2742
f 2646//2743 2648//2743 2742//2743
f 2656//2744 2743//2744 2744//2744
f 2745//2745 2656//2745 2744//2745
f 2648//2746 2737//2746 2746//2746
f 2746//2747 2737//2747 2738//2747
f 2749//2748 2744//2748 2746//2748
f 2826//2749 2748//2749 2752//2749
f 2756//2750 2752//2750 2748//2750
f 2750//2751 2747//2751 2751//2751
f 2666//2752 2754//2752 2739//2752
f 2659//2753 2652//2753 2741//2753
f 2661//2754 2756//2754 2663//2754
f 2837//2755 2658//2755 2741//2755
f 2664//2756 2758//2756 2755//2756
f 2669//2757 2761//2757 2660//2757
f 2762//2758 2670//2758 2658//2758
f 2761//2759 2763//2759 2661//2759
f 2658//2760 2837//2760 2762//2760
f 2848//2761 2754//2761 2666//2761
f 2765//2762 2755//2762 2759//2762
f 2765//2763 2759//2763 2767//2763
f 2767//2764 2763//2764 2766//2764
f 2762//2765 2675//2765 2670//2765
f 2771//2766 2770//2766 2764//2766
f 2684//2767 2772//2767 2773//2767
f 2775//2768 2686//2768 2774//2768
f 2774//2769 2676//2769 2770//2769
f 2677//2770 2769//2770 2768//2770
f 2774//2771 2770//2771 2776//2771
f 2776//2772 2770//2772 2771//2772
f 2776//2773 2769//2773 2775//2773
f 2014//2774 2777//2774 1953//2774
f 2777//2775 2014//2775 2778//2775
f 2778//2776 2014//2776 2012//2776
f 2778//2777 2012//2777 2016//2777
f 2780//2778 2778//2778 2016//2778
f 2779//2779 2777//2779 2780//2779
f 2779//2780 2780//2780 2782//2780
f 2784//2781 2785//2781 2697//2781
f 2786//2782 2023//2782 2787//2782
f 2785//2783 2789//2783 2697//2783
f 2023//2784 2074//2784 2787//2784
f 2781//2785 2016//2785 2864//2785
f 2703//2786 1964//2786 1963//2786
f 2705//2787 2704//2787 2028//2787
f 2792//2788 2696//2788 2028//2788
f 2028//2789 2033//2789 2793//2789
f 2792//2790 2028//2790 2793//2790
f 2790//2791 2797//2791 2792//2791
f 2790//2792 2792//2792 2794//2792
f 2795//2793 2786//2793 2794//2793
f 2794//2794 2788//2794 2790//2794
f 2033//2795 2031//2795 2795//2795
f 2033//2796 2795//2796 2793//2796
f 2798//2797 2785//2797 2797//2797
f 2784//2798 2792//2798 2797//2798
f 2796//2799 2797//2799 2790//2799
f 2799//2800 2797//2800 2796//2800
f 2800//2801 2798//2801 2799//2801
f 2804//2802 2803//2802 2802//2802
f 2813//2803 2803//2803 2804//2803
f 2720//2804 2718//2804 2807//2804
f 2719//2805 2806//2805 2807//2805
f 2721//2806 2807//2806 2806//2806
f 2809//2807 2807//2807 2721//2807
f 2811//2808 2721//2808 2808//2808
f 2728//2809 2812//2809 2814//2809
f 2814//2810 2813//2810 2804//2810
f 2817//2811 2733//2811 2731//2811
f 2818//2812 2817//2812 2731//2812
f 2808//2813 2721//2813 2733//2813
f 2816//2814 2732//2814 2810//2814
f 2817//2815 2808//2815 2733//2815
f 2815//2816 2819//2816 2831//2816
f 2908//2817 2808//2817 2817//2817
f 2741//2818 2728//2818 2821//2818
f 2822//2819 2727//2819 2740//2819
f 2728//2820 2814//2820 2821//2820
f 2727//2821 2822//2821 2892//2821
f 2821//2822 2814//2822 2903//2822
f 2825//2823 2731//2823 2748//2823
f 2753//2824 2752//2824 2756//2824
f 2826//2825 2749//2825 2840//2825
f 2840//2826 2749//2826 2828//2826
f 2751//2827 2738//2827 2827//2827
f 2825//2828 2832//2828 2818//2828
f 2830//2829 2738//2829 2831//2829
f 2832//2830 2820//2830 2818//2830
f 2916//2831 2843//2831 2831//2831
f 2834//2832 2822//2832 2740//2832
f 2834//2833 2821//2833 2824//2833
f 2822//2834 2824//2834 2835//2834
f 2836//2835 2741//2835 2834//2835
f 2741//2836 2836//2836 2837//2836
f 2834//2837 2741//2837 2821//2837
f 2837//2838 2836//2838 2838//2838
f 2760//2839 2753//2839 2840//2839
f 2829//2840 2753//2840 2841//2840
f 2760//2841 2840//2841 2842//2841
f 2841//2842 2753//2842 2757//2842
f 2839//2843 2757//2843 2763//2843
f 2844//2844 2845//2844 2842//2844
f 2829//2845 2833//2845 2825//2845
f 2847//2846 2843//2846 2916//2846
f 2764//2847 2837//2847 2850//2847
f 2848//2848 2849//2848 2754//2848
f 2853//2849 2849//2849 2848//2849
f 2767//2850 2759//2850 2854//2850
f 2854//2851 2759//2851 2839//2851
f 2848//2852 2666//2852 2768//2852
f 2857//2853 2848//2853 2769//2853
f 2852//2854 2848//2854 2857//2854
f 2776//2855 2771//2855 2855//2855
f 2858//2856 2776//2856 2856//2856
f 2858//2857 2931//2857 2857//2857
f 2782//2858 2859//2858 2779//2858
f 2788//2859 2787//2859 2861//2859
f 2791//2860 2781//2860 2864//2860
f 2861//2861 2787//2861 2075//2861
f 2024//2862 2789//2862 2862//2862
f 2785//2863 2865//2863 2862//2863
f 2863//2864 2075//2864 2074//2864
f 2863//2865 2074//2865 2024//2865
f 2865//2866 2875//2866 2862//2866
f 2869//2867 2073//2867 2860//2867
f 2864//2868 2870//2868 2866//2868
f 2870//2869 2864//2869 2867//2869
f 2790//2870 2788//2870 2861//2870
f 2861//2871 2075//2871 2871//2871
f 2871//2872 2075//2872 2863//2872
f 2862//2873 2874//2873 2863//2873
f 2873//2874 2933//2874 2876//2874
f 2873//2875 2872//2875 2933//2875
f 2878//2876 2879//2876 2877//2876
f 2791//2877 2881//2877 2783//2877
f 2881//2878 2859//2878 2783//2878
f 2868//2879 2859//2879 2881//2879
f 2881//2880 2791//2880 2866//2880
f 2882//2881 2877//2881 2879//2881
f 2866//2882 2868//2882 2881//2882
f 2796//2883 2790//2883 2861//2883
f 2801//2884 2884//2884 2800//2884
f 2796//2885 2861//2885 2883//2885
f 2884//2886 2888//2886 2798//2886
f 2885//2887 2801//2887 2883//2887
f 2861//2888 2872//2888 2873//2888
f 2883//2889 2861//2889 2873//2889
f 2885//2890 2889//2890 2884//2890
f 2884//2891 2889//2891 2887//2891
f 2888//2892 2884//2892 2886//2892
f 2883//2893 2876//2893 2889//2893
f 2885//2894 2883//2894 2889//2894
f 2888//2895 2875//2895 2865//2895
f 2803//2896 2878//2896 2802//2896
f 2891//2897 2804//2897 2805//2897
f 2878//2898 2877//2898 2890//2898
f 2878//2899 2890//2899 2802//2899
f 2891//2900 2894//2900 2893//2900
f 2892//2901 2949//2901 2878//2901
f 2805//2902 2882//2902 2891//2902
f 2891//2903 2882//2903 2894//2903
f 2809//2904 2811//2904 2895//2904
f 2895//2905 2811//2905 2898//2905
f 2810//2906 2895//2906 2897//2906
f 2896//2907 2810//2907 2897//2907
f 2895//2908 2898//2908 2897//2908
f 2898//2909 2900//2909 2901//2909
f 2902//2910 2897//2910 2901//2910
f 2804//2911 2891//2911 2814//2911
f 2814//2912 2893//2912 2904//2912
f 2904//2913 2893//2913 2905//2913
f 2820//2914 2819//2914 2908//2914
f 2910//2915 2896//2915 2897//2915
f 2908//2916 2909//2916 2808//2916
f 2954//2917 2899//2917 2909//2917
f 2910//2918 2897//2918 2911//2918
f 2823//2919 2821//2919 2903//2919
f 2903//2920 2914//2920 2823//2920
f 2915//2921 2820//2921 2832//2921
f 2915//2922 2907//2922 2820//2922
f 2833//2923 2915//2923 2832//2923
f 2917//2924 2824//2924 2823//2924
f 2918//2925 2823//2925 2920//2925
f 2918//2926 2919//2926 2917//2926
f 2912//2927 2835//2927 2917//2927
f 2920//2928 2823//2928 2960//2928
f 2918//2929 2920//2929 2919//2929
f 2919//2930 2920//2930 2921//2930
f 2961//2931 2912//2931 2919//2931
f 2923//2932 2847//2932 2915//2932
f 2851//2933 2853//2933 2924//2933
f 2925//2934 2853//2934 2852//2934
f 2850//2935 2924//2935 2926//2935
f 2925//2936 2926//2936 2924//2936
f 2855//2937 2850//2937 2929//2937
f 2929//2938 2926//2938 2927//2938
f 2928//2939 2929//2939 2927//2939
f 2930//2940 2929//2940 2928//2940
f 2856//2941 2929//2941 2930//2941
f 2931//2942 2858//2942 2930//2942
f 2931//2943 2930//2943 2928//2943
f 2869//2944 2076//2944 2073//2944
f 2867//2945 2076//2945 2869//2945
f 2870//2946 2869//2946 2868//2946
f 2874//2947 2105//2947 2106//2947
f 2872//2948 2874//2948 2933//2948
f 2933//2949 2874//2949 2106//2949
f 2933//2950 2108//2950 2938//2950
f 2934//2951 2933//2951 2938//2951
f 2937//2952 2105//2952 2932//2952
f 2936//2953 2934//2953 2938//2953
f 2937//2954 2107//2954 2105//2954
f 2938//2955 2108//2955 2939//2955
f 2108//2956 2110//2956 2939//2956
f 2940//2957 2937//2957 2935//2957
f 2879//2958 2880//2958 2941//2958
f 2941//2959 2880//2959 2942//2959
f 2951//2960 2941//2960 2944//2960
f 2943//2961 2944//2961 2942//2961
f 2889//2962 2876//2962 2934//2962
f 2945//2963 2946//2963 2887//2963
f 2887//2964 2934//2964 2947//2964
f 2945//2965 2887//2965 2947//2965
f 2946//2966 2888//2966 2886//2966
f 2934//2967 2936//2967 2947//2967
f 2948//2968 2947//2968 2936//2968
f 2947//2969 2948//2969 2946//2969
f 2948//2970 2936//2970 2940//2970
f 2951//2971 2894//2971 2941//2971
f 2893//2972 2950//2972 2952//2972
f 2949//2973 2943//2973 2880//2973
f 2949//2974 2969//2974 2943//2974
f 2944//2975 2943//2975 2969//2975
f 2950//2976 2944//2976 2970//2976
f 2952//2977 2950//2977 2970//2977
f 2953//2978 2900//2978 2899//2978
f 2901//2979 2955//2979 2902//2979
f 2954//2980 2902//2980 2955//2980
f 2904//2981 2905//2981 2952//2981
f 2957//2982 2952//2982 2970//2982
f 2958//2983 2952//2983 2957//2983
f 2954//2984 2911//2984 2902//2984
f 2962//2985 2914//2985 2904//2985
f 2963//2986 2956//2986 2913//2986
f 2962//2987 2904//2987 2959//2987
f 2961//2988 2919//2988 2921//2988
f 2964//2989 2961//2989 2921//2989
f 2964//2990 2966//2990 2961//2990
f 2967//2991 2960//2991 2962//2991
f 2964//2992 2965//2992 2967//2992
f 2967//2993 2962//2993 2976//2993
f 2940//2994 2938//2994 2937//2994
f 2971//2995 2970//2995 2969//2995
f 2956//2996 2971//2996 2949//2996
f 2959//2997 2952//2997 2958//2997
f 2957//2998 2971//2998 2972//2998
f 2973//2999 2958//2999 2972//2999
f 2973//3000 2975//3000 2958//3000
f 2976//3001 2959//3001 2974//3001
f 2977//3002 2963//3002 2913//3002
f 2977//3003 2976//3003 2975//3003
f 2977//3004 2913//3004 2966//3004
f 2966//3005 2978//3005 2977//3005
f 2967//3006 2978//3006 2966//3006
f 3//3007 1//3007 4//3007
f 10//3008 6//3008 7//3008
f 10//3009 7//3009 8//3009
f 10//3010 8//3010 9//3010
f 32//3011 10//3011 27//3011
f 2//3012 15//3012 6//3012
f 7//3013 6//3013 15//3013
f 15//3014 8//3014 7//3014
f 17//3015 14//3015 19//3015
f 18//3016 14//3016 17//3016
f 5//3017 6//3017 19//3017
f 25//3018 24//3018 21//3018
f 21//3019 22//3019 25//3019
f 21//3020 11//3020 20//3020
f 26//3021 20//3021 9//3021
f 12//3022 26//3022 8//3022
f 24//3023 11//3023 21//3023
f 27//3024 11//3024 24//3024
f 27//3025 24//3025 30//3025
f 26//3026 29//3026 23//3026
f 30//3027 32//3027 27//3027
f 23//3028 37//3028 22//3028
f 36//3029 25//3029 22//3029
f 25//3030 36//3030 39//3030
f 34//3031 36//3031 38//3031
f 37//3032 35//3032 38//3032
f 37//3033 40//3033 35//3033
f 39//3034 36//3034 41//3034
f 23//3035 29//3035 37//3035
f 30//3036 24//3036 25//3036
f 37//3037 29//3037 40//3037
f 32//3038 30//3038 42//3038
f 42//3039 44//3039 33//3039
f 42//3040 45//3040 70//3040
f 48//3041 46//3041 47//3041
f 47//3042 46//3042 61//3042
f 51//3043 34//3043 50//3043
f 54//3044 52//3044 51//3044
f 54//3045 51//3045 53//3045
f 50//3046 55//3046 53//3046
f 41//3047 34//3047 56//3047
f 52//3048 54//3048 57//3048
f 56//3049 57//3049 58//3049
f 43//3050 39//3050 41//3050
f 40//3051 50//3051 35//3051
f 43//3052 41//3052 56//3052
f 69//3053 66//3053 61//3053
f 67//3054 85//3054 40//3054
f 43//3055 56//3055 84//3055
f 62//3056 60//3056 61//3056
f 64//3057 65//3057 62//3057
f 64//3058 62//3058 66//3058
f 28//3059 626//3059 40//3059
f 59//3060 70//3060 43//3060
f 73//3061 71//3061 74//3061
f 47//3062 61//3062 60//3062
f 49//3063 63//3063 74//3063
f 76//3064 53//3064 55//3064
f 76//3065 57//3065 54//3065
f 75//3066 76//3066 55//3066
f 75//3067 58//3067 76//3067
f 78//3068 75//3068 77//3068
f 78//3069 58//3069 75//3069
f 79//3070 66//3070 81//3070
f 79//3071 100//3071 82//3071
f 79//3072 81//3072 100//3072
f 67//3073 83//3073 85//3073
f 50//3074 85//3074 77//3074
f 84//3075 58//3075 78//3075
f 86//3076 59//3076 84//3076
f 86//3077 78//3077 83//3077
f 74//3078 65//3078 64//3078
f 64//3079 88//3079 74//3079
f 87//3080 80//3080 66//3080
f 82//3081 88//3081 64//3081
f 103//3082 80//3082 87//3082
f 89//3083 83//3083 67//3083
f 89//3084 91//3084 92//3084
f 89//3085 92//3085 83//3085
f 86//3086 90//3086 59//3086
f 86//3087 93//3087 90//3087
f 94//3088 93//3088 91//3088
f 96//3089 66//3089 69//3089
f 97//3090 73//3090 88//3090
f 81//3091 80//3091 102//3091
f 103//3092 102//3092 80//3092
f 104//3093 100//3093 102//3093
f 102//3094 103//3094 99//3094
f 96//3095 103//3095 87//3095
f 96//3096 112//3096 103//3096
f 106//3097 98//3097 101//3097
f 105//3098 103//3098 112//3098
f 88//3099 82//3099 101//3099
f 106//3100 104//3100 107//3100
f 96//3101 108//3101 112//3101
f 113//3102 110//3102 106//3102
f 112//3103 137//3103 105//3103
f 119//3104 116//3104 117//3104
f 121//3105 120//3105 117//3105
f 118//3106 154//3106 119//3106
f 164//3107 122//3107 123//3107
f 122//3108 118//3108 119//3108
f 125//3109 164//3109 123//3109
f 126//3110 127//3110 164//3110
f 126//3111 164//3111 125//3111
f 104//3112 99//3112 129//3112
f 105//3113 99//3113 103//3113
f 105//3114 130//3114 99//3114
f 107//3115 113//3115 106//3115
f 107//3116 131//3116 113//3116
f 107//3117 135//3117 133//3117
f 131//3118 107//3118 133//3118
f 133//3119 135//3119 132//3119
f 104//3120 134//3120 107//3120
f 134//3121 104//3121 129//3121
f 135//3122 107//3122 134//3122
f 136//3123 110//3123 113//3123
f 136//3124 113//3124 131//3124
f 138//3125 130//3125 105//3125
f 137//3126 138//3126 105//3126
f 141//3127 131//3127 133//3127
f 140//3128 136//3128 131//3128
f 131//3129 141//3129 142//3129
f 153//3130 144//3130 147//3130
f 115//3131 143//3131 150//3131
f 149//3132 117//3132 115//3132
f 150//3133 151//3133 149//3133
f 150//3134 143//3134 153//3134
f 153//3135 152//3135 151//3135
f 153//3136 151//3136 150//3136
f 148//3137 145//3137 143//3137
f 210//3138 152//3138 153//3138
f 158//3139 156//3139 154//3139
f 160//3140 157//3140 162//3140
f 119//3141 154//3141 155//3141
f 161//3142 120//3142 121//3142
f 162//3143 151//3143 152//3143
f 164//3144 154//3144 122//3144
f 165//3145 124//3145 161//3145
f 171//3146 158//3146 164//3146
f 165//3147 161//3147 157//3147
f 230//3148 125//3148 166//3148
f 165//3149 123//3149 124//3149
f 125//3150 123//3150 165//3150
f 167//3151 176//3151 168//3151
f 174//3152 127//3152 128//3152
f 128//3153 126//3153 172//3153
f 174//3154 173//3154 127//3154
f 172//3155 125//3155 230//3155
f 179//3156 180//3156 172//3156
f 177//3157 250//3157 176//3157
f 173//3158 170//3158 163//3158
f 177//3159 178//3159 250//3159
f 176//3160 250//3160 252//3160
f 183//3161 182//3161 177//3161
f 185//3162 183//3162 177//3162
f 185//3163 177//3163 184//3163
f 169//3164 184//3164 167//3164
f 254//3165 183//3165 185//3165
f 181//3166 183//3166 254//3166
f 128//3167 194//3167 186//3167
f 187//3168 173//3168 174//3168
f 186//3169 194//3169 188//3169
f 173//3170 189//3170 170//3170
f 188//3171 191//3171 190//3171
f 190//3172 191//3172 192//3172
f 193//3173 190//3173 192//3173
f 194//3174 175//3174 182//3174
f 195//3175 194//3175 182//3175
f 195//3176 182//3176 183//3176
f 196//3177 183//3177 181//3177
f 196//3178 195//3178 183//3178
f 141//3179 133//3179 198//3179
f 142//3180 141//3180 200//3180
f 200//3181 198//3181 139//3181
f 141//3182 198//3182 200//3182
f 200//3183 139//3183 201//3183
f 199//3184 138//3184 197//3184
f 197//3185 203//3185 199//3185
f 204//3186 201//3186 263//3186
f 206//3187 205//3187 145//3187
f 208//3188 146//3188 145//3188
f 208//3189 147//3189 146//3189
f 208//3190 209//3190 147//3190
f 209//3191 210//3191 147//3191
f 211//3192 209//3192 208//3192
f 211//3193 205//3193 270//3193
f 270//3194 205//3194 212//3194
f 148//3195 214//3195 145//3195
f 213//3196 206//3196 145//3196
f 210//3197 216//3197 215//3197
f 156//3198 217//3198 159//3198
f 217//3199 214//3199 159//3199
f 220//3200 213//3200 217//3200
f 285//3201 219//3201 216//3201
f 219//3202 160//3202 221//3202
f 219//3203 215//3203 216//3203
f 222//3204 223//3204 227//3204
f 225//3205 227//3205 226//3205
f 226//3206 227//3206 228//3206
f 293//3207 226//3207 228//3207
f 158//3208 218//3208 156//3208
f 158//3209 235//3209 218//3209
f 231//3210 166//3210 160//3210
f 232//3211 230//3211 166//3211
f 232//3212 166//3212 231//3212
f 234//3213 232//3213 231//3213
f 222//3214 225//3214 236//3214
f 237//3215 169//3215 241//3215
f 222//3216 227//3216 225//3216
f 242//3217 241//3217 225//3217
f 243//3218 242//3218 226//3218
f 170//3219 247//3219 163//3219
f 244//3220 247//3220 170//3220
f 246//3221 245//3221 232//3221
f 244//3222 248//3222 247//3222
f 246//3223 321//3223 255//3223
f 295//3224 232//3224 234//3224
f 249//3225 320//3225 248//3225
f 179//3226 230//3226 251//3226
f 252//3227 250//3227 179//3227
f 253//3228 181//3228 254//3228
f 252//3229 255//3229 238//3229
f 251//3230 255//3230 252//3230
f 189//3231 257//3231 244//3231
f 257//3232 249//3232 244//3232
f 249//3233 248//3233 244//3233
f 257//3234 258//3234 249//3234
f 331//3235 320//3235 249//3235
f 258//3236 331//3236 249//3236
f 259//3237 181//3237 260//3237
f 259//3238 261//3238 191//3238
f 261//3239 264//3239 192//3239
f 260//3240 253//3240 323//3240
f 187//3241 256//3241 257//3241
f 263//3242 202//3242 204//3242
f 264//3243 193//3243 192//3243
f 197//3244 266//3244 203//3244
f 263//3245 343//3245 265//3245
f 263//3246 203//3246 267//3246
f 267//3247 203//3247 268//3247
f 269//3248 212//3248 205//3248
f 272//3249 207//3249 271//3249
f 349//3250 212//3250 269//3250
f 273//3251 348//3251 213//3251
f 279//3252 277//3252 361//3252
f 220//3253 281//3253 213//3253
f 281//3254 273//3254 213//3254
f 275//3255 282//3255 285//3255
f 282//3256 275//3256 278//3256
f 290//3257 223//3257 224//3257
f 285//3258 274//3258 275//3258
f 290//3259 287//3259 288//3259
f 229//3260 228//3260 277//3260
f 277//3261 228//3261 223//3261
f 293//3262 291//3262 226//3262
f 368//3263 293//3263 280//3263
f 362//3264 293//3264 368//3264
f 234//3265 219//3265 285//3265
f 282//3266 234//3266 285//3266
f 255//3267 287//3267 239//3267
f 255//3268 297//3268 287//3268
f 302//3269 243//3269 286//3269
f 305//3270 243//3270 302//3270
f 300//3271 243//3271 305//3271
f 299//3272 304//3272 305//3272
f 310//3273 329//3273 303//3273
f 307//3274 286//3274 291//3274
f 309//3275 310//3275 404//3275
f 303//3276 307//3276 311//3276
f 313//3277 310//3277 308//3277
f 309//3278 404//3278 292//3278
f 404//3279 310//3279 313//3279
f 304//3280 300//3280 314//3280
f 314//3281 300//3281 305//3281
f 410//3282 301//3282 314//3282
f 309//3283 292//3283 388//3283
f 233//3284 316//3284 235//3284
f 317//3285 319//3285 315//3285
f 319//3286 393//3286 316//3286
f 320//3287 232//3287 295//3287
f 247//3288 248//3288 295//3288
f 321//3289 246//3289 320//3289
f 295//3290 315//3290 247//3290
f 295//3291 234//3291 296//3291
f 327//3292 253//3292 324//3292
f 327//3293 324//3293 326//3293
f 328//3294 326//3294 325//3294
f 326//3295 324//3295 329//3295
f 424//3296 330//3296 306//3296
f 331//3297 322//3297 321//3297
f 331//3298 258//3298 420//3298
f 331//3299 420//3299 322//3299
f 258//3300 333//3300 420//3300
f 328//3301 323//3301 327//3301
f 334//3302 262//3302 260//3302
f 334//3303 323//3303 328//3303
f 335//3304 334//3304 328//3304
f 338//3305 262//3305 334//3305
f 424//3306 335//3306 330//3306
f 338//3307 334//3307 431//3307
f 334//3308 335//3308 431//3308
f 339//3309 336//3309 337//3309
f 338//3310 333//3310 332//3310
f 342//3311 339//3311 337//3311
f 338//3312 432//3312 434//3312
f 432//3313 337//3313 434//3313
f 342//3314 337//3314 432//3314
f 341//3315 340//3315 342//3315
f 262//3316 332//3316 258//3316
f 343//3317 267//3317 268//3317
f 265//3318 343//3318 1110//3318
f 339//3319 268//3319 336//3319
f 344//3320 343//3320 268//3320
f 344//3321 1110//3321 343//3321
f 344//3322 342//3322 1110//3322
f 1110//3323 342//3323 340//3323
f 276//3324 272//3324 346//3324
f 345//3325 212//3325 349//3325
f 351//3326 346//3326 345//3326
f 351//3327 350//3327 346//3327
f 351//3328 345//3328 349//3328
f 356//3329 353//3329 351//3329
f 347//3330 354//3330 349//3330
f 348//3331 354//3331 347//3331
f 349//3332 354//3332 356//3332
f 355//3333 353//3333 356//3333
f 281//3334 357//3334 273//3334
f 359//3335 371//3335 358//3335
f 350//3336 275//3336 276//3336
f 278//3337 275//3337 350//3337
f 358//3338 278//3338 350//3338
f 358//3339 350//3339 352//3339
f 362//3340 369//3340 367//3340
f 364//3341 365//3341 361//3341
f 364//3342 359//3342 358//3342
f 369//3343 368//3343 279//3343
f 369//3344 362//3344 368//3344
f 366//3345 369//3345 360//3345
f 370//3346 359//3346 288//3346
f 284//3347 357//3347 281//3347
f 372//3348 371//3348 373//3348
f 374//3349 373//3349 371//3349
f 370//3350 1208//3350 374//3350
f 292//3351 291//3351 381//3351
f 377//3352 291//3352 362//3352
f 378//3353 382//3353 377//3353
f 382//3354 381//3354 377//3354
f 386//3355 378//3355 377//3355
f 384//3356 362//3356 367//3356
f 384//3357 386//3357 377//3357
f 385//3358 381//3358 382//3358
f 385//3359 387//3359 381//3359
f 389//3360 381//3360 387//3360
f 1221//3361 392//3361 390//3361
f 392//3362 389//3362 390//3362
f 391//3363 389//3363 392//3363
f 393//3364 395//3364 1226//3364
f 294//3365 394//3365 284//3365
f 298//3366 296//3366 372//3366
f 297//3367 398//3367 370//3367
f 298//3368 372//3368 397//3368
f 1225//3369 298//3369 397//3369
f 297//3370 402//3370 398//3370
f 370//3371 398//3371 1208//3371
f 405//3372 380//3372 379//3372
f 404//3373 406//3373 289//3373
f 405//3374 379//3374 380//3374
f 409//3375 311//3375 406//3375
f 383//3376 382//3376 378//3376
f 412//3377 406//3377 404//3377
f 408//3378 410//3378 414//3378
f 401//3379 411//3379 383//3379
f 396//3380 413//3380 399//3380
f 386//3381 401//3381 383//3381
f 399//3382 403//3382 401//3382
f 410//3383 388//3383 391//3383
f 416//3384 319//3384 318//3384
f 417//3385 318//3385 298//3385
f 416//3386 417//3386 395//3386
f 318//3387 417//3387 416//3387
f 417//3388 298//3388 1225//3388
f 400//3389 419//3389 418//3389
f 420//3390 402//3390 322//3390
f 420//3391 1241//3391 402//3391
f 1228//3392 400//3392 399//3392
f 423//3393 421//3393 400//3393
f 421//3394 1233//3394 422//3394
f 312//3395 407//3395 313//3395
f 407//3396 418//3396 311//3396
f 419//3397 425//3397 418//3397
f 306//3398 408//3398 424//3398
f 419//3399 422//3399 425//3399
f 425//3400 422//3400 413//3400
f 415//3401 424//3401 408//3401
f 408//3402 414//3402 415//3402
f 430//3403 424//3403 415//3403
f 427//3404 429//3404 420//3404
f 434//3405 426//3405 333//3405
f 435//3406 341//3406 432//3406
f 436//3407 426//3407 434//3407
f 1252//3408 435//3408 433//3408
f 436//3409 1259//3409 426//3409
f 435//3410 1252//3410 341//3410
f 1259//3411 429//3411 428//3411
f 1260//3412 1259//3412 436//3412
f 443//3413 442//3413 440//3413
f 464//3414 446//3414 460//3414
f 447//3415 442//3415 446//3415
f 447//3416 444//3416 442//3416
f 448//3417 444//3417 451//3417
f 449//3418 468//3418 448//3418
f 452//3419 453//3419 468//3419
f 449//3420 451//3420 462//3420
f 448//3421 451//3421 449//3421
f 474//3422 453//3422 452//3422
f 441//3423 2//3423 1//3423
f 457//3424 440//3424 441//3424
f 441//3425 1//3425 3//3425
f 458//3426 3//3426 459//3426
f 459//3427 3//3427 14//3427
f 460//3428 446//3428 456//3428
f 440//3429 463//3429 441//3429
f 440//3430 442//3430 463//3430
f 463//3431 2//3431 441//3431
f 485//3432 460//3432 456//3432
f 456//3433 458//3433 485//3433
f 456//3434 443//3434 457//3434
f 444//3435 445//3435 463//3435
f 462//3436 447//3436 464//3436
f 462//3437 451//3437 447//3437
f 465//3438 470//3438 464//3438
f 461//3439 466//3439 494//3439
f 468//3440 445//3440 448//3440
f 450//3441 449//3441 469//3441
f 469//3442 449//3442 462//3442
f 471//3443 450//3443 469//3443
f 468//3444 466//3444 445//3444
f 470//3445 467//3445 471//3445
f 495//3446 494//3446 466//3446
f 475//3447 455//3447 474//3447
f 476//3448 455//3448 475//3448
f 496//3449 474//3449 471//3449
f 496//3450 475//3450 474//3450
f 479//3451 472//3451 454//3451
f 479//3452 455//3452 476//3452
f 480//3453 472//3453 479//3453
f 479//3454 476//3454 480//3454
f 480//3455 481//3455 472//3455
f 481//3456 478//3456 472//3456
f 483//3457 480//3457 476//3457
f 482//3458 483//3458 476//3458
f 484//3459 16//3459 2//3459
f 486//3460 458//3460 459//3460
f 487//3461 459//3461 14//3461
f 491//3462 490//3462 485//3462
f 517//3463 490//3463 492//3463
f 489//3464 492//3464 491//3464
f 490//3465 464//3465 460//3465
f 494//3466 495//3466 521//3466
f 494//3467 510//3467 461//3467
f 467//3468 465//3468 493//3468
f 526//3469 496//3469 467//3469
f 498//3470 473//3470 499//3470
f 499//3471 496//3471 526//3471
f 498//3472 499//3472 500//3472
f 500//3473 499//3473 526//3473
f 472//3474 478//3474 495//3474
f 502//3475 477//3475 498//3475
f 477//3476 473//3476 498//3476
f 481//3477 506//3477 478//3477
f 507//3478 534//3478 506//3478
f 504//3479 477//3479 502//3479
f 505//3480 506//3480 481//3480
f 505//3481 483//3481 482//3481
f 508//3482 534//3482 507//3482
f 487//3483 18//3483 509//3483
f 510//3484 511//3484 488//3484
f 511//3485 31//3485 484//3485
f 518//3486 489//3486 512//3486
f 512//3487 486//3487 513//3487
f 513//3488 486//3488 539//3488
f 515//3489 511//3489 510//3489
f 521//3490 515//3490 510//3490
f 522//3491 527//3491 493//3491
f 524//3492 521//3492 497//3492
f 520//3493 523//3493 516//3493
f 529//3494 527//3494 522//3494
f 578//3495 528//3495 529//3495
f 527//3496 500//3496 526//3496
f 528//3497 527//3497 529//3497
f 531//3498 524//3498 478//3498
f 503//3499 500//3499 530//3499
f 528//3500 532//3500 530//3500
f 508//3501 504//3501 535//3501
f 502//3502 503//3502 532//3502
f 535//3503 502//3503 532//3503
f 533//3504 532//3504 592//3504
f 532//3505 533//3505 501//3505
f 537//3506 513//3506 539//3506
f 31//3507 538//3507 28//3507
f 537//3508 539//3508 544//3508
f 542//3509 541//3509 540//3509
f 544//3510 539//3510 543//3510
f 543//3511 539//3511 44//3511
f 544//3512 545//3512 537//3512
f 538//3513 626//3513 28//3513
f 546//3514 547//3514 46//3514
f 546//3515 548//3515 547//3515
f 31//3516 511//3516 550//3516
f 550//3517 538//3517 31//3517
f 514//3518 551//3518 512//3518
f 551//3519 514//3519 537//3519
f 639//3520 552//3520 551//3520
f 537//3521 638//3521 551//3521
f 515//3522 549//3522 511//3522
f 553//3523 549//3523 515//3523
f 554//3524 558//3524 552//3524
f 555//3525 550//3525 549//3525
f 553//3526 555//3526 549//3526
f 553//3527 648//3527 555//3527
f 552//3528 558//3528 551//3528
f 559//3529 560//3529 561//3529
f 660//3530 559//3530 561//3530
f 563//3531 562//3531 553//3531
f 553//3532 562//3532 648//3532
f 521//3533 553//3533 515//3533
f 566//3534 522//3534 523//3534
f 554//3535 520//3535 558//3535
f 567//3536 566//3536 525//3536
f 521//3537 563//3537 553//3537
f 571//3538 572//3538 560//3538
f 576//3539 574//3539 677//3539
f 572//3540 571//3540 575//3540
f 576//3541 575//3541 571//3541
f 576//3542 571//3542 574//3542
f 660//3543 574//3543 559//3543
f 524//3544 563//3544 521//3544
f 579//3545 522//3545 566//3545
f 580//3546 578//3546 529//3546
f 581//3547 577//3547 524//3547
f 529//3548 522//3548 579//3548
f 524//3549 577//3549 563//3549
f 580//3550 579//3550 582//3550
f 563//3551 577//3551 583//3551
f 579//3552 566//3552 570//3552
f 562//3553 583//3553 568//3553
f 583//3554 796//3554 568//3554
f 570//3555 582//3555 579//3555
f 585//3556 588//3556 572//3556
f 585//3557 587//3557 588//3557
f 677//3558 586//3558 576//3558
f 590//3559 585//3559 572//3559
f 586//3560 590//3560 575//3560
f 592//3561 528//3561 578//3561
f 531//3562 578//3562 591//3562
f 531//3563 592//3563 578//3563
f 524//3564 593//3564 581//3564
f 582//3565 594//3565 580//3565
f 595//3566 594//3566 582//3566
f 608//3567 595//3567 597//3567
f 594//3568 595//3568 608//3568
f 689//3569 596//3569 594//3569
f 601//3570 599//3570 600//3570
f 587//3571 598//3571 588//3571
f 602//3572 600//3572 589//3572
f 614//3573 603//3573 601//3573
f 610//3574 608//3574 609//3574
f 611//3575 607//3575 606//3575
f 608//3576 597//3576 609//3576
f 612//3577 606//3577 609//3577
f 610//3578 615//3578 689//3578
f 608//3579 689//3579 594//3579
f 609//3580 597//3580 690//3580
f 610//3581 689//3581 608//3581
f 611//3582 612//3582 613//3582
f 613//3583 612//3583 690//3583
f 604//3584 614//3584 601//3584
f 615//3585 610//3585 607//3585
f 620//3586 611//3586 613//3586
f 621//3587 618//3587 616//3587
f 615//3588 619//3588 689//3588
f 620//3589 615//3589 607//3589
f 621//3590 620//3590 622//3590
f 623//3591 622//3591 620//3591
f 618//3592 711//3592 616//3592
f 622//3593 618//3593 621//3593
f 622//3594 623//3594 618//3594
f 711//3595 623//3595 714//3595
f 624//3596 44//3596 42//3596
f 625//3597 545//3597 624//3597
f 68//3598 625//3598 624//3598
f 538//3599 634//3599 626//3599
f 627//3600 625//3600 68//3600
f 629//3601 69//3601 547//3601
f 629//3602 72//3602 69//3602
f 630//3603 546//3603 71//3603
f 642//3604 631//3604 629//3604
f 634//3605 538//3605 550//3605
f 638//3606 640//3606 643//3606
f 638//3607 628//3607 640//3607
f 639//3608 643//3608 636//3608
f 641//3609 642//3609 644//3609
f 630//3610 548//3610 546//3610
f 644//3611 642//3611 629//3611
f 645//3612 630//3612 633//3612
f 646//3613 644//3613 645//3613
f 633//3614 630//3614 632//3614
f 647//3615 652//3615 653//3615
f 750//3616 555//3616 648//3616
f 555//3617 635//3617 550//3617
f 556//3618 557//3618 639//3618
f 649//3619 556//3619 639//3619
f 650//3620 556//3620 649//3620
f 651//3621 659//3621 561//3621
f 659//3622 651//3622 653//3622
f 659//3623 653//3623 652//3623
f 655//3624 744//3624 653//3624
f 660//3625 561//3625 659//3625
f 654//3626 660//3626 659//3626
f 654//3627 656//3627 660//3627
f 654//3628 652//3628 647//3628
f 746//3629 654//3629 647//3629
f 746//3630 658//3630 656//3630
f 565//3631 662//3631 562//3631
f 562//3632 662//3632 663//3632
f 662//3633 661//3633 666//3633
f 662//3634 771//3634 663//3634
f 667//3635 567//3635 556//3635
f 564//3636 569//3636 668//3636
f 668//3637 661//3637 564//3637
f 668//3638 569//3638 671//3638
f 754//3639 556//3639 650//3639
f 671//3640 664//3640 661//3640
f 667//3641 556//3641 670//3641
f 896//3642 671//3642 569//3642
f 672//3643 673//3643 675//3643
f 677//3644 574//3644 676//3644
f 679//3645 678//3645 676//3645
f 676//3646 657//3646 679//3646
f 583//3647 584//3647 796//3647
f 669//3648 570//3648 667//3648
f 568//3649 796//3649 569//3649
f 797//3650 680//3650 570//3650
f 684//3651 673//3651 672//3651
f 685//3652 674//3652 789//3652
f 684//3653 778//3653 673//3653
f 683//3654 687//3654 674//3654
f 687//3655 677//3655 678//3655
f 688//3656 582//3656 680//3656
f 689//3657 692//3657 596//3657
f 584//3658 692//3658 682//3658
f 690//3659 688//3659 691//3659
f 692//3660 695//3660 682//3660
f 697//3661 700//3661 685//3661
f 697//3662 685//3662 804//3662
f 602//3663 589//3663 683//3663
f 700//3664 696//3664 602//3664
f 696//3665 605//3665 602//3665
f 702//3666 699//3666 603//3666
f 705//3667 820//3667 702//3667
f 820//3668 819//3668 702//3668
f 816//3669 703//3669 693//3669
f 705//3670 698//3670 818//3670
f 821//3671 703//3671 816//3671
f 605//3672 704//3672 614//3672
f 614//3673 604//3673 605//3673
f 704//3674 603//3674 614//3674
f 702//3675 603//3675 704//3675
f 698//3676 605//3676 696//3676
f 704//3677 605//3677 698//3677
f 704//3678 705//3678 702//3678
f 705//3679 704//3679 698//3679
f 689//3680 619//3680 692//3680
f 707//3681 701//3681 703//3681
f 711//3682 712//3682 710//3682
f 712//3683 713//3683 710//3683
f 714//3684 712//3684 711//3684
f 832//3685 712//3685 714//3685
f 715//3686 627//3686 68//3686
f 717//3687 627//3687 715//3687
f 717//3688 631//3688 627//3688
f 716//3689 715//3689 68//3689
f 716//3690 90//3690 720//3690
f 718//3691 716//3691 722//3691
f 91//3692 720//3692 94//3692
f 716//3693 720//3693 722//3693
f 721//3694 720//3694 89//3694
f 719//3695 96//3695 717//3695
f 632//3696 95//3696 723//3696
f 719//3697 108//3697 96//3697
f 634//3698 728//3698 626//3698
f 637//3699 728//3699 634//3699
f 726//3700 733//3700 724//3700
f 725//3701 724//3701 718//3701
f 725//3702 718//3702 727//3702
f 642//3703 732//3703 628//3703
f 641//3704 732//3704 642//3704
f 640//3705 641//3705 737//3705
f 640//3706 732//3706 641//3706
f 643//3707 737//3707 755//3707
f 723//3708 734//3708 632//3708
f 735//3709 719//3709 717//3709
f 736//3710 740//3710 735//3710
f 735//3711 726//3711 738//3711
f 742//3712 735//3712 738//3712
f 857//3713 744//3713 859//3713
f 858//3714 860//3714 745//3714
f 859//3715 744//3715 764//3715
f 743//3716 747//3716 746//3716
f 746//3717 747//3717 745//3717
f 747//3718 748//3718 858//3718
f 750//3719 635//3719 555//3719
f 750//3720 751//3720 635//3720
f 749//3721 870//3721 751//3721
f 751//3722 637//3722 635//3722
f 757//3723 726//3723 760//3723
f 755//3724 759//3724 756//3724
f 762//3725 753//3725 752//3725
f 738//3726 757//3726 879//3726
f 759//3727 761//3727 756//3727
f 753//3728 762//3728 757//3728
f 764//3729 655//3729 675//3729
f 764//3730 765//3730 742//3730
f 787//3731 768//3731 766//3731
f 880//3732 764//3732 742//3732
f 767//3733 657//3733 658//3733
f 764//3734 744//3734 655//3734
f 768//3735 767//3735 745//3735
f 771//3736 769//3736 663//3736
f 770//3737 665//3737 769//3737
f 770//3738 749//3738 665//3738
f 771//3739 438//3739 770//3739
f 894//3740 438//3740 771//3740
f 773//3741 894//3741 771//3741
f 894//3742 772//3742 439//3742
f 665//3743 749//3743 750//3743
f 664//3744 774//3744 666//3744
f 896//3745 782//3745 671//3745
f 666//3746 773//3746 771//3746
f 782//3747 775//3747 774//3747
f 775//3748 871//3748 774//3748
f 779//3749 777//3749 778//3749
f 782//3750 752//3750 775//3750
f 782//3751 762//3751 752//3751
f 754//3752 756//3752 758//3752
f 754//3753 758//3753 783//3753
f 763//3754 777//3754 779//3754
f 788//3755 766//3755 900//3755
f 782//3756 776//3756 762//3756
f 675//3757 673//3757 777//3757
f 787//3758 788//3758 674//3758
f 787//3759 679//3759 767//3759
f 675//3760 777//3760 765//3760
f 915//3761 914//3761 790//3761
f 793//3762 915//3762 790//3762
f 795//3763 793//3763 916//3763
f 669//3764 670//3764 781//3764
f 799//3765 797//3765 798//3765
f 800//3766 801//3766 780//3766
f 780//3767 803//3767 779//3767
f 802//3768 799//3768 798//3768
f 789//3769 674//3769 788//3769
f 794//3770 806//3770 915//3770
f 794//3771 795//3771 792//3771
f 681//3772 800//3772 780//3772
f 694//3773 800//3773 681//3773
f 691//3774 797//3774 799//3774
f 808//3775 799//3775 802//3775
f 682//3776 811//3776 922//3776
f 810//3777 811//3777 682//3777
f 813//3778 804//3778 814//3778
f 814//3779 804//3779 805//3779
f 813//3780 814//3780 815//3780
f 807//3781 815//3781 814//3781
f 694//3782 812//3782 801//3782
f 699//3783 824//3783 694//3783
f 954//3784 824//3784 819//3784
f 824//3785 812//3785 694//3785
f 823//3786 822//3786 815//3786
f 825//3787 822//3787 826//3787
f 709//3788 947//3788 810//3788
f 830//3789 828//3789 821//3789
f 713//3790 833//3790 710//3790
f 832//3791 828//3791 829//3791
f 710//3792 831//3792 709//3792
f 834//3793 832//3793 829//3793
f 829//3794 828//3794 830//3794
f 960//3795 834//3795 829//3795
f 834//3796 833//3796 713//3796
f 835//3797 833//3797 834//3797
f 111//3798 723//3798 109//3798
f 114//3799 111//3799 109//3799
f 136//3800 837//3800 111//3800
f 842//3801 841//3801 843//3801
f 867//3802 842//3802 843//3802
f 836//3803 730//3803 739//3803
f 848//3804 845//3804 721//3804
f 847//3805 836//3805 845//3805
f 847//3806 730//3806 836//3806
f 847//3807 845//3807 848//3807
f 842//3808 848//3808 841//3808
f 846//3809 847//3809 848//3809
f 734//3810 723//3810 837//3810
f 850//3811 740//3811 734//3811
f 839//3812 108//3812 719//3812
f 741//3813 849//3813 719//3813
f 849//3814 839//3814 719//3814
f 852//3815 850//3815 734//3815
f 741//3816 851//3816 849//3816
f 853//3817 880//3817 850//3817
f 880//3818 853//3818 859//3818
f 852//3819 734//3819 837//3819
f 856//3820 853//3820 852//3820
f 856//3821 855//3821 853//3821
f 860//3822 857//3822 859//3822
f 859//3823 853//3823 854//3823
f 870//3824 863//3824 864//3824
f 864//3825 866//3825 870//3825
f 895//3826 864//3826 863//3826
f 865//3827 868//3827 869//3827
f 865//3828 869//3828 864//3828
f 866//3829 867//3829 844//3829
f 866//3830 864//3830 869//3830
f 866//3831 868//3831 867//3831
f 729//3832 870//3832 872//3832
f 729//3833 751//3833 870//3833
f 753//3834 873//3834 871//3834
f 872//3835 870//3835 866//3835
f 871//3836 873//3836 862//3836
f 840//3837 872//3837 843//3837
f 874//3838 846//3838 873//3838
f 873//3839 867//3839 868//3839
f 867//3840 843//3840 844//3840
f 761//3841 765//3841 763//3841
f 761//3842 763//3842 756//3842
f 879//3843 757//3843 875//3843
f 972//3844 887//3844 875//3844
f 880//3845 851//3845 850//3845
f 851//3846 880//3846 879//3846
f 790//3847 883//3847 886//3847
f 766//3848 876//3848 899//3848
f 882//3849 879//3849 875//3849
f 886//3850 876//3850 881//3850
f 892//3851 790//3851 886//3851
f 883//3852 876//3852 886//3852
f 892//3853 886//3853 885//3853
f 889//3854 855//3854 856//3854
f 890//3855 854//3855 855//3855
f 882//3856 970//3856 851//3856
f 882//3857 875//3857 887//3857
f 889//3858 885//3858 886//3858
f 887//3859 970//3859 882//3859
f 890//3860 855//3860 889//3860
f 861//3861 768//3861 860//3861
f 772//3862 863//3862 870//3862
f 749//3863 772//3863 870//3863
f 895//3864 894//3864 865//3864
f 896//3865 776//3865 782//3865
f 896//3866 898//3866 897//3866
f 898//3867 979//3867 897//3867
f 776//3868 757//3868 762//3868
f 902//3869 900//3869 763//3869
f 902//3870 788//3870 900//3870
f 785//3871 788//3871 902//3871
f 901//3872 783//3872 904//3872
f 909//3873 902//3873 784//3873
f 900//3874 906//3874 903//3874
f 876//3875 906//3875 900//3875
f 783//3876 903//3876 904//3876
f 903//3877 906//3877 904//3877
f 908//3878 901//3878 905//3878
f 906//3879 878//3879 911//3879
f 897//3880 979//3880 877//3880
f 910//3881 909//3881 908//3881
f 979//3882 912//3882 877//3882
f 913//3883 910//3883 908//3883
f 913//3884 907//3884 910//3884
f 914//3885 883//3885 790//3885
f 915//3886 806//3886 914//3886
f 917//3887 792//3887 791//3887
f 916//3888 893//3888 884//3888
f 914//3889 878//3889 883//3889
f 884//3890 888//3890 921//3890
f 918//3891 884//3891 921//3891
f 920//3892 917//3892 918//3892
f 686//3893 785//3893 925//3893
f 923//3894 803//3894 780//3894
f 798//3895 781//3895 786//3895
f 803//3896 932//3896 784//3896
f 925//3897 909//3897 910//3897
f 931//3898 926//3898 786//3898
f 926//3899 931//3899 923//3899
f 907//3900 925//3900 910//3900
f 923//3901 931//3901 803//3901
f 935//3902 930//3902 929//3902
f 924//885 929//885 930//885
f 786//3903 908//3903 932//3903
f 936//3904 937//3904 934//3904
f 985//3905 930//3905 935//3905
f 807//3906 686//3906 924//3906
f 806//3907 928//3907 914//3907
f 920//3908 806//3908 917//3908
f 936//3909 806//3909 920//3909
f 802//3910 798//3910 926//3910
f 812//3911 942//3911 801//3911
f 801//3912 927//3912 923//3912
f 801//3913 939//3913 940//3913
f 941//3914 809//3914 938//3914
f 811//3915 982//3915 922//3915
f 938//3916 940//3916 939//3916
f 944//3917 823//3917 807//3917
f 944//3918 807//3918 945//3918
f 951//3919 809//3919 941//3919
f 948//3920 827//3920 809//3920
f 949//3921 811//3921 810//3921
f 948//3922 951//3922 950//3922
f 951//3923 943//3923 942//3923
f 953//3924 823//3924 944//3924
f 956//3925 826//3925 953//3925
f 953//3926 944//3926 945//3926
f 955//3927 953//3927 945//3927
f 956//3928 953//3928 955//3928
f 956//3929 957//3929 954//3929
f 950//3930 951//3930 958//3930
f 957//3931 950//3931 958//3931
f 958//3932 951//3932 942//3932
f 956//3933 955//3933 957//3933
f 996//3934 950//3934 957//3934
f 948//3935 950//3935 996//3935
f 947//3936 952//3936 949//3936
f 1000//3937 947//3937 831//3937
f 959//3938 827//3938 948//3938
f 959//3939 830//3939 827//3939
f 996//3940 959//3940 948//3940
f 960//3941 830//3941 961//3941
f 835//3942 962//3942 1000//3942
f 961//3943 830//3943 999//3943
f 960//3944 964//3944 834//3944
f 962//3945 964//3945 960//3945
f 963//3946 962//3946 961//3946
f 966//3947 108//3947 839//3947
f 969//3948 837//3948 965//3948
f 136//3949 140//3949 965//3949
f 966//3950 1007//3950 137//3950
f 136//3951 111//3951 114//3951
f 970//3952 967//3952 839//3952
f 969//3953 965//3953 968//3953
f 971//3954 856//3954 1011//3954
f 972//3955 975//3955 887//3955
f 976//3956 888//3956 974//3956
f 971//3957 974//3957 856//3957
f 1017//3958 971//3958 1011//3958
f 911//3959 972//3959 912//3959
f 878//3960 980//3960 911//3960
f 905//3961 904//3961 911//3961
f 977//3962 980//3962 878//3962
f 978//3963 911//3963 912//3963
f 980//3964 977//3964 978//3964
f 912//3965 979//3965 978//3965
f 981//3966 921//3966 976//3966
f 978//3967 979//3967 980//3967
f 1013//3968 975//3968 980//3968
f 1018//3969 981//3969 973//3969
f 921//3970 888//3970 976//3970
f 898//3971 982//3971 979//3971
f 983//3972 937//3972 933//3972
f 937//3973 983//3973 934//3973
f 987//3974 984//3974 981//3974
f 990//3975 989//3975 988//3975
f 993//3976 992//3976 946//3976
f 993//3977 946//3977 989//3977
f 993//3978 989//3978 990//3978
f 994//3979 991//3979 949//3979
f 955//3980 945//3980 992//3980
f 995//3981 992//3981 998//3981
f 997//3982 996//3982 998//3982
f 993//3983 998//3983 992//3983
f 999//3984 959//3984 996//3984
f 999//3985 996//3985 1001//3985
f 1000//3986 952//3986 947//3986
f 1000//3987 1053//3987 952//3987
f 963//3988 1002//3988 1000//3988
f 1004//3989 999//3989 1001//3989
f 1002//3990 1005//3990 1004//3990
f 963//3991 1004//3991 1005//3991
f 967//3992 1007//3992 966//3992
f 968//3993 140//3993 142//3993
f 138//3994 137//3994 197//3994
f 1008//3995 968//3995 142//3995
f 968//3996 1008//3996 1009//3996
f 197//3997 1007//3997 1062//3997
f 1008//3998 142//3998 202//3998
f 1010//3999 967//3999 970//3999
f 1014//4000 1011//4000 1012//4000
f 1065//4001 1016//4001 1014//4001
f 975//4002 1013//4002 1010//4002
f 1018//4003 973//4003 1020//4003
f 973//4004 1017//4004 1016//4004
f 1019//4005 1021//4005 1013//4005
f 1021//4006 1015//4006 1013//4006
f 1073//4007 1022//4007 1016//4007
f 1026//4008 1024//4008 1018//4008
f 1025//4009 1018//4009 1020//4009
f 986//4010 1084//4010 1029//4010
f 1022//4011 1025//4011 1020//4011
f 1030//4012 1028//4012 1023//4012
f 1032//4013 1022//4013 1033//4013
f 991//4014 1037//4014 1084//4014
f 1027//4015 990//4015 987//4015
f 1038//4016 1035//4016 1039//4016
f 1040//4017 1046//4017 1036//4017
f 1037//4018 1041//4018 1084//4018
f 1039//4019 1043//4019 1038//4019
f 1046//4020 1044//4020 990//4020
f 994//4021 1048//4021 1035//4021
f 1046//4022 1042//4022 1035//4022
f 998//4023 993//4023 1044//4023
f 994//4024 1049//4024 1051//4024
f 952//4025 1053//4025 1049//4025
f 1051//4026 1050//4026 1048//4026
f 997//4027 1045//4027 1055//4027
f 1050//4028 1035//4028 1042//4028
f 1045//4029 1046//4029 1048//4029
f 1039//4030 1051//4030 1045//4030
f 1051//4031 1039//4031 1050//4031
f 1047//4032 1039//4032 1054//4032
f 1051//4033 1047//4033 1054//4033
f 1054//4034 1056//4034 1045//4034
f 1056//4035 1047//4035 1051//4035
f 1006//4036 1001//4036 1059//4036
f 1058//4037 1049//4037 1053//4037
f 1061//4038 1060//4038 1052//4038
f 1058//4039 1060//4039 1061//4039
f 1006//4040 1057//4040 1002//4040
f 197//4041 1062//4041 266//4041
f 1066//4042 1065//4042 1068//4042
f 1012//4043 1009//4043 1063//4043
f 1016//4044 1065//4044 1069//4044
f 1015//4045 1111//4045 1112//4045
f 1118//4046 1069//4046 1065//4046
f 1073//4047 1016//4047 1069//4047
f 1022//4048 1073//4048 1077//4048
f 1077//4049 1073//4049 1069//4049
f 1023//4050 1072//4050 1076//4050
f 1076//4051 1077//4051 1069//4051
f 1075//4052 1076//4052 1072//4052
f 1028//4053 1075//4053 1072//4053
f 1076//4054 1075//4054 1077//4054
f 1078//4055 1070//4055 1021//4055
f 1077//4056 1075//4056 1079//4056
f 1074//4057 1076//4057 1121//4057
f 1081//4058 1022//4058 1122//4058
f 1082//4059 1085//4059 1028//4059
f 1083//4060 987//4060 1030//4060
f 1086//4061 1021//4061 1029//4061
f 1087//4062 1090//4062 1083//4062
f 1088//4063 1034//4063 1033//4063
f 1089//4064 1085//4064 1082//4064
f 1088//4065 1089//4065 1082//4065
f 1089//4066 1127//4066 1085//4066
f 1089//4067 1088//4067 1081//4067
f 1040//4068 1027//4068 1090//4068
f 1091//4069 1040//4069 1092//4069
f 1086//4070 1084//4070 1041//4070
f 1093//4071 1091//4071 1092//4071
f 1095//4072 1092//4072 1090//4072
f 1095//4073 1093//4073 1092//4073
f 1132//4074 1093//4074 1095//4074
f 1086//4075 1096//4075 1124//4075
f 1094//4076 1096//4076 1041//4076
f 1047//4077 1043//4077 1039//4077
f 1098//4078 1094//4078 1043//4078
f 1097//4079 1043//4079 1047//4079
f 1099//4080 1097//4080 1093//4080
f 1097//4081 1099//4081 1098//4081
f 1098//4082 1132//4082 1129//4082
f 1062//4083 336//4083 266//4083
f 1106//4084 1064//4084 265//4084
f 1106//4085 1105//4085 1064//4085
f 1106//4086 1110//4086 340//4086
f 1107//4087 337//4087 336//4087
f 1116//4088 1108//4088 1109//4088
f 1112//4089 1107//4089 1067//4089
f 1112//4090 1147//4090 1107//4090
f 1116//4091 1068//4091 1105//4091
f 1117//4092 1066//4092 1116//4092
f 1118//4093 1071//4093 1066//4093
f 1111//4094 1113//4094 1112//4094
f 1118//4095 1066//4095 1120//4095
f 1157//4096 1118//4096 1120//4096
f 1160//4097 1120//4097 1117//4097
f 1076//4098 1069//4098 1118//4098
f 1080//4099 1079//4099 1085//4099
f 1078//4100 1119//4100 1070//4100
f 1078//4101 1123//4101 1119//4101
f 1070//4102 1119//4102 1113//4102
f 1121//4103 1118//4103 1155//4103
f 1123//4104 1170//4104 1119//4104
f 1126//4105 1128//4105 1087//4105
f 1126//4106 1087//4106 1121//4106
f 1124//4107 1170//4107 1123//4107
f 1080//4108 1127//4108 1122//4108
f 1095//4109 1087//4109 1128//4109
f 1129//4110 1135//4110 1130//4110
f 1139//4111 1136//4111 1101//4111
f 1136//4112 1129//4112 1095//4112
f 1136//4113 1095//4113 1101//4113
f 1102//4114 1101//4114 1137//4114
f 1134//4115 1101//4115 1133//4115
f 1139//4116 1135//4116 1129//4116
f 1141//4117 1103//4117 1140//4117
f 1100//4118 1141//4118 1138//4118
f 1143//4119 1142//4119 1141//4119
f 1145//4120 1142//4120 1143//4120
f 1145//4121 1143//4121 1144//4121
f 1105//4122 340//4122 341//4122
f 1147//4123 436//4123 1107//4123
f 1114//4124 2117//4124 1147//4124
f 1150//4125 1116//4125 1109//4125
f 1117//4126 1116//4126 1150//4126
f 1160//4127 1157//4127 1120//4127
f 1158//4128 1156//4128 1161//4128
f 1156//4129 1160//4129 1149//4129
f 1159//4130 1164//4130 1156//4130
f 1163//4131 1157//4131 1160//4131
f 1164//4132 1163//4132 1156//4132
f 1165//4133 1157//4133 1163//4133
f 1163//4134 1162//4134 1166//4134
f 1165//4135 1163//4135 1166//4135
f 1164//4136 1168//4136 1167//4136
f 1174//4137 1161//4137 2125//4137
f 1119//4138 1170//4138 1162//4138
f 1165//4139 1155//4139 1157//4139
f 1172//4140 1155//4140 1165//4140
f 1171//4141 1173//4141 1170//4141
f 1172//4142 1165//4142 1169//4142
f 2128//4143 1182//4143 1172//4143
f 1166//4144 1173//4144 1169//4144
f 1165//4145 1166//4145 1169//4145
f 1175//4146 1174//4146 1177//4146
f 1159//4147 1176//4147 1168//4147
f 1175//4148 1176//4148 1159//4148
f 1175//4149 1177//4149 1178//4149
f 1175//4150 1179//4150 1176//4150
f 1172//4151 1126//4151 1155//4151
f 1182//4152 1131//4152 1172//4152
f 2135//4153 1131//4153 1182//4153
f 1096//4154 1180//4154 1124//4154
f 1135//4155 1180//4155 1130//4155
f 1184//4156 1181//4156 1135//4156
f 1183//4157 1134//4157 1185//4157
f 2147//4158 1183//4158 1185//4158
f 1185//4159 1131//4159 2135//4159
f 1184//4160 1186//4160 1181//4160
f 1188//4161 1184//4161 1135//4161
f 1189//4162 2147//4162 1190//4162
f 1189//4163 1144//4163 1187//4163
f 1146//4164 1192//4164 1188//4164
f 1144//4165 1193//4165 1192//4165
f 1144//4166 1189//4166 1193//4166
f 1188//4167 1192//4167 1191//4167
f 1193//4168 1190//4168 2156//4168
f 1193//4169 1194//4169 1192//4169
f 1195//4170 356//4170 354//4170
f 1195//4171 355//4171 356//4171
f 1196//4172 355//4172 1195//4172
f 1197//4173 363//4173 1196//4173
f 1279//4174 1196//4174 1201//4174
f 1278//4175 1198//4175 1197//4175
f 1200//4176 1195//4176 357//4176
f 1200//4177 1202//4177 1195//4177
f 1202//4178 1280//4178 1201//4178
f 366//4179 1204//4179 367//4179
f 1198//4180 366//4180 363//4180
f 1196//4181 1195//4181 1201//4181
f 1198//4182 1205//4182 1204//4182
f 1206//4183 1203//4183 1204//4183
f 1206//4184 1205//4184 1284//4184
f 373//4185 1208//4185 1210//4185
f 1211//4186 372//4186 375//4186
f 1209//4187 1200//4187 357//4187
f 386//4188 384//4188 1203//4188
f 1212//4189 375//4189 1208//4189
f 1210//4190 1208//4190 375//4190
f 1212//4191 1211//4191 375//4191
f 1214//4192 1211//4192 1217//4192
f 1214//4193 1213//4193 1211//4193
f 1218//4194 1202//4194 1200//4194
f 1215//4195 1203//4195 1206//4195
f 1218//4196 1216//4196 1217//4196
f 1215//4197 1206//4197 1286//4197
f 1203//4198 384//4198 367//4198
f 1224//4199 1221//4199 390//4199
f 1220//4200 390//4200 1219//4200
f 1224//4201 390//4201 1220//4201
f 1228//4202 399//4202 401//4202
f 398//4203 1230//4203 397//4203
f 1225//4204 1229//4204 1226//4204
f 398//4205 1211//4205 1213//4205
f 1213//4206 1212//4206 398//4206
f 402//4207 1231//4207 1230//4207
f 1230//4208 1213//4208 1214//4208
f 1231//4209 1212//4209 1230//4209
f 403//4210 1233//4210 385//4210
f 1234//4211 415//4211 1222//4211
f 1238//4212 1307//4212 1227//4212
f 1239//4213 1238//4213 1237//4213
f 421//4214 1240//4214 1233//4214
f 423//4215 400//4215 1228//4215
f 429//4216 1237//4216 1241//4216
f 1244//4217 423//4217 1228//4217
f 1242//4218 1228//4218 1232//4218
f 1237//4219 1238//4219 1241//4219
f 1244//4220 1228//4220 1242//4220
f 1248//4221 1242//4221 1232//4221
f 1247//4222 1242//4222 1248//4222
f 1238//4223 1248//4223 1307//4223
f 1235//4224 415//4224 1234//4224
f 1250//4225 415//4225 1235//4225
f 1254//4226 1252//4226 1253//4226
f 1244//4227 1255//4227 1243//4227
f 1255//4228 1258//4228 1246//4228
f 1318//4229 1244//4229 1247//4229
f 1257//4230 1256//4230 1244//4230
f 1249//4231 430//4231 415//4231
f 433//4232 430//4232 1249//4232
f 1260//4233 429//4233 1259//4233
f 1262//4234 1251//4234 1260//4234
f 1263//4235 1261//4235 437//4235
f 1266//4236 1269//4236 1265//4236
f 1267//4237 1265//4237 1264//4237
f 1266//4238 1271//4238 1269//4238
f 1266//4239 1274//4239 1271//4239
f 1348//4240 1266//4240 1343//4240
f 1270//4241 1268//4241 1269//4241
f 1274//4242 1276//4242 1275//4242
f 1278//4243 1279//4243 1281//4243
f 1281//4244 1279//4244 1199//4244
f 1282//4245 1281//4245 1199//4245
f 1218//4246 1283//4246 1280//4246
f 1283//4247 1273//4247 1280//4247
f 1284//4248 1205//4248 1278//4248
f 1285//4249 1207//4249 1284//4249
f 1285//4250 1284//4250 1282//4250
f 1218//4251 1280//4251 1202//4251
f 1286//4252 1206//4252 1207//4252
f 1215//4253 1286//4253 1288//4253
f 1372//4254 1286//4254 1285//4254
f 1287//4255 1381//4255 1283//4255
f 1290//4256 1220//4256 1219//4256
f 1290//4257 1292//4257 1220//4257
f 1293//4258 1236//4258 1295//4258
f 1383//4259 1291//4259 1292//4259
f 1295//4260 1224//4260 1220//4260
f 1227//4261 1287//4261 1231//4261
f 1227//4262 1296//4262 1287//4262
f 1299//4263 1298//4263 1297//4263
f 1301//4264 1232//4264 1215//4264
f 1307//4265 1248//4265 1301//4265
f 1302//4266 1304//4266 1294//4266
f 1308//4267 1301//4267 1303//4267
f 1399//4268 1301//4268 1289//4268
f 1233//4269 1302//4269 1290//4269
f 1302//4270 1294//4270 1290//4270
f 1409//4271 1305//4271 1293//4271
f 1391//4272 1298//4272 1299//4272
f 1309//4273 1410//4273 1300//4273
f 1310//4274 1311//4274 1302//4274
f 1311//4275 1304//4275 1302//4275
f 1312//4276 1325//4276 1411//4276
f 1411//4277 1250//4277 1235//4277
f 1305//4278 1235//4278 1236//4278
f 1411//4279 1235//4279 1305//4279
f 1315//4280 1313//4280 1314//4280
f 1237//4281 1317//4281 1239//4281
f 1319//4282 1318//4282 1239//4282
f 1317//4283 1319//4283 1239//4283
f 1309//4284 1313//4284 1410//4284
f 1314//4285 1313//4285 1309//4285
f 1258//4286 1324//4286 1310//4286
f 1258//4287 1257//4287 1322//4287
f 1325//4288 1249//4288 1250//4288
f 1258//4289 1322//4289 1324//4289
f 1322//4290 1326//4290 1324//4290
f 1322//4291 1257//4291 1320//4291
f 1328//4292 1322//4292 1320//4292
f 1325//4293 1329//4293 1327//4293
f 1316//4294 1428//4294 1417//4294
f 1427//4295 1428//4295 1316//4295
f 1262//4296 1330//4296 1251//4296
f 1330//4297 1331//4297 1251//4297
f 1323//4298 1254//4298 1253//4298
f 1263//4299 1332//4299 1261//4299
f 1317//4300 1331//4300 1320//4300
f 1333//4301 1328//4301 1331//4301
f 1423//4302 1323//4302 1253//4302
f 1333//4303 1334//4303 1328//4303
f 1332//4304 1263//4304 1323//4304
f 1338//4305 1335//4305 1336//4305
f 1340//4306 1264//4306 1335//4306
f 1340//4307 1335//4307 1341//4307
f 1341//4308 1335//4308 1339//4308
f 1265//4309 1336//4309 1264//4309
f 1268//4310 1336//4310 1265//4310
f 1336//4311 1335//4311 1264//4311
f 1344//4312 1340//4312 1337//4312
f 1268//4313 1447//4313 1345//4313
f 1340//4314 1267//4314 1264//4314
f 1272//4315 1274//4315 1266//4315
f 1271//4316 1275//4316 1270//4316
f 1275//4317 1346//4317 1270//4317
f 1346//4318 1268//4318 1270//4318
f 1350//4319 1272//4319 1348//4319
f 1352//4320 1452//4320 1347//4320
f 1277//4321 1351//4321 1352//4321
f 1276//4322 1274//4322 1272//4322
f 1354//4323 1276//4323 1355//4323
f 1276//4324 1272//4324 1356//4324
f 1356//4325 1272//4325 1350//4325
f 1357//4326 1282//4326 1199//4326
f 1359//4327 1361//4327 1351//4327
f 1363//4328 1362//4328 1365//4328
f 1354//4329 1358//4329 1351//4329
f 1359//4330 1358//4330 1354//4330
f 1364//4331 1365//4331 1369//4331
f 1368//4332 1372//4332 1373//4332
f 1369//4333 1365//4333 1362//4333
f 1366//4334 1367//4334 1370//4334
f 1458//4335 1370//4335 1364//4335
f 1372//4336 1285//4336 1282//4336
f 1372//4337 1282//4337 1357//4337
f 1373//4338 1372//4338 1357//4338
f 1381//4339 1374//4339 1360//4339
f 1374//4340 1361//4340 1360//4340
f 1368//4341 1288//4341 1372//4341
f 1360//4342 1359//4342 1365//4342
f 1381//4343 1360//4343 1364//4343
f 1371//4344 1289//4344 1368//4344
f 1469//4345 1382//4345 1371//4345
f 1362//4346 1462//4346 1369//4346
f 1290//4347 1384//4347 1383//4347
f 1293//4348 1291//4348 1386//4348
f 1383//4349 1387//4349 1385//4349
f 1388//4350 1293//4350 1386//4350
f 1390//4351 1381//4351 1287//4351
f 1391//4352 1299//4352 1393//4352
f 1393//4353 1299//4353 1392//4353
f 1392//4354 1374//4354 1381//4354
f 1397//4355 1381//4355 1390//4355
f 1410//4356 1396//4356 1297//4356
f 1396//4357 1374//4357 1392//4357
f 1395//4358 1391//4358 1394//4358
f 1390//4359 1398//4359 1378//4359
f 1396//4360 1380//4360 1374//4360
f 1382//4361 1399//4361 1289//4361
f 1401//4362 1304//4362 1402//4362
f 1401//4363 1402//4363 1403//4363
f 1308//4364 1303//4364 1478//4364
f 1404//4365 1401//4365 1403//4365
f 1478//4366 1303//4366 1399//4366
f 1400//4367 1407//4367 1402//4367
f 1408//4368 1389//4368 1401//4368
f 1415//4369 1403//4369 1477//4369
f 1305//4370 1409//4370 1408//4370
f 1389//4371 1384//4371 1294//4371
f 1409//4372 1293//4372 1388//4372
f 1409//4373 1388//4373 1384//4373
f 1408//4374 1409//4374 1389//4374
f 1482//4375 1321//4375 1395//4375
f 1309//4376 1298//4376 1391//4376
f 1308//4377 1398//4377 1296//4377
f 1398//4378 1308//4378 1493//4378
f 1400//4379 1402//4379 1311//4379
f 1412//4380 1400//4380 1311//4380
f 1312//4381 1411//4381 1414//4381
f 1414//4382 1411//4382 1305//4382
f 1412//4383 1422//4383 1413//4383
f 1404//4384 1408//4384 1401//4384
f 1414//4385 1403//4385 1415//4385
f 1493//4386 1308//4386 1478//4386
f 1494//4387 1414//4387 1415//4387
f 1422//4388 1492//4388 1413//4388
f 1429//4389 1419//4389 1418//4389
f 1483//4390 1321//4390 1482//4390
f 1420//4391 1426//4391 1421//4391
f 1314//4392 1321//4392 1421//4392
f 1424//4393 1327//4393 1329//4393
f 1326//4394 1425//4394 1422//4394
f 1423//4395 1327//4395 1424//4395
f 1422//4396 1425//4396 1492//4396
f 1427//4397 1316//4397 1426//4397
f 1421//4398 1426//4398 1314//4398
f 1431//4399 1429//4399 1428//4399
f 1430//4400 1427//4400 1426//4400
f 2196//4401 1427//4401 1430//4401
f 1429//4402 1431//4402 1419//4402
f 1333//4403 1432//4403 1433//4403
f 1433//4404 1334//4404 1333//4404
f 1332//4405 1323//4405 1436//4405
f 1334//4406 1425//4406 1326//4406
f 1334//4407 1433//4407 1425//4407
f 1518//4408 1436//4408 1435//4408
f 1341//4409 1342//4409 1441//4409
f 1441//4410 1342//4410 1339//4410
f 1441//4411 1437//4411 1337//4411
f 1441//4412 1443//4412 1440//4412
f 1337//4413 1437//4413 1444//4413
f 1344//4414 1337//4414 1444//4414
f 1444//4415 1437//4415 1445//4415
f 1345//4416 1439//4416 1338//4416
f 1345//4417 1447//4417 1439//4417
f 1446//4418 1444//4418 1445//4418
f 1346//4419 1347//4419 1447//4419
f 1449//4420 1349//4420 1344//4420
f 1449//4421 1344//4421 1444//4421
f 1449//4422 1444//4422 1446//4422
f 1353//4423 1450//4423 1356//4423
f 1347//4424 1452//4424 1533//4424
f 1361//4425 1452//4425 1352//4425
f 1451//4426 1363//4426 1355//4426
f 1453//4427 1363//4427 1451//4427
f 1453//4428 1451//4428 1454//4428
f 1454//4429 1451//4429 1450//4429
f 1366//4430 1370//4430 1456//4430
f 1460//4431 1457//4431 1373//4431
f 1457//4432 1368//4432 1373//4432
f 1370//4433 1455//4433 1456//4433
f 1455//4434 1457//4434 1456//4434
f 1455//4435 1458//4435 1459//4435
f 1463//4436 1379//4436 1362//4436
f 1453//4437 1362//4437 1363//4437
f 1465//4438 1375//4438 1463//4438
f 1380//4439 1537//4439 1361//4439
f 1467//4440 1465//4440 1463//4440
f 1537//4441 1380//4441 1464//4441
f 1469//4442 1371//4442 1468//4442
f 1481//4443 1382//4443 1469//4443
f 1481//4444 1469//4444 1470//4444
f 1470//4445 1469//4445 1468//4445
f 1396//4446 1471//4446 1464//4446
f 1471//4447 1461//4447 1464//4447
f 1398//4448 1473//4448 1378//4448
f 1378//4449 1466//4449 1462//4449
f 1473//4450 1475//4450 1474//4450
f 1480//4451 1466//4451 1474//4451
f 1479//4452 1477//4452 1406//4452
f 1405//4453 1382//4453 1481//4453
f 1475//4454 1480//4454 1474//4454
f 1481//4455 1480//4455 1405//4455
f 1485//4456 1482//4456 1476//4456
f 1486//4457 1483//4457 1482//4457
f 1472//4458 1471//4458 1484//4458
f 1482//4459 1395//4459 1476//4459
f 1413//4460 1491//4460 1407//4460
f 1475//4461 1493//4461 1478//4461
f 1407//4462 1495//4462 1479//4462
f 1494//4463 1415//4463 1479//4463
f 1496//4464 1495//4464 1497//4464
f 1498//4465 1496//4465 1501//4465
f 1501//4466 1496//4466 1500//4466
f 1420//4467 1421//4467 1483//4467
f 1419//4468 1487//4468 1418//4468
f 1420//4469 1483//4469 1486//4469
f 1502//4470 1420//4470 1486//4470
f 1507//4471 1420//4471 1502//4471
f 1563//4472 1502//4472 1486//4472
f 1503//4473 1488//4473 1487//4473
f 1571//4474 1506//4474 1489//4474
f 1504//4475 1490//4475 1506//4475
f 1571//4476 1507//4476 1506//4476
f 1506//4477 1502//4477 1504//4477
f 1416//4478 1414//4478 1494//4478
f 1499//4479 1491//4479 1492//4479
f 1498//4480 1509//4480 1494//4480
f 1510//4481 1499//4481 1492//4481
f 1511//4482 1509//4482 1498//4482
f 1520//4483 1509//4483 1511//4483
f 1514//4484 1503//4484 1419//4484
f 1434//4485 1420//4485 1588//4485
f 1434//4486 1426//4486 1420//4486
f 1433//4487 1515//4487 1505//4487
f 1592//4488 1499//4488 1510//4488
f 1515//4489 1516//4489 1592//4489
f 1509//4490 1519//4490 1424//4490
f 1518//4491 1424//4491 1519//4491
f 1443//4492 1442//4492 1524//4492
f 1528//4493 1445//4493 1440//4493
f 1528//4494 1440//4494 1522//4494
f 1522//4495 1604//4495 1528//4495
f 1530//4496 1523//4496 1521//4496
f 1447//4497 1533//4497 1530//4497
f 1533//4498 1531//4498 1530//4498
f 1347//4499 1533//4499 1447//4499
f 1534//4500 1448//4500 1532//4500
f 1534//4501 1532//4501 1608//4501
f 1537//4502 1611//4502 1533//4502
f 1537//4503 1533//4503 1452//4503
f 1539//4504 1453//4504 1454//4504
f 1454//4505 1535//4505 1539//4505
f 1540//4506 1463//4506 1539//4506
f 1468//4507 1455//4507 1459//4507
f 1626//4508 1538//4508 1461//4508
f 1542//4509 1467//4509 1540//4509
f 1470//4510 1468//4510 1541//4510
f 1458//4511 1544//4511 1459//4511
f 1544//4512 1470//4512 1541//4512
f 1548//4513 1547//4513 1546//4513
f 1631//4514 1546//4514 1547//4514
f 1631//4515 1632//4515 1546//4515
f 1472//4516 1461//4516 1471//4516
f 1476//4517 1549//4517 1550//4517
f 1638//4518 1550//4518 1549//4518
f 1476//4519 1467//4519 1549//4519
f 1549//4520 1467//4520 1554//4520
f 1551//4521 1548//4521 1545//4521
f 1481//4522 1543//4522 1466//4522
f 1552//4523 1551//4523 1545//4523
f 1555//4524 1552//4524 1545//4524
f 1555//4525 1546//4525 1632//4525
f 1556//4526 1559//4526 1644//4526
f 1550//4527 1485//4527 1476//4527
f 1562//4528 1485//4528 1550//4528
f 1567//4529 1565//4529 1562//4529
f 1566//4530 1550//4530 1638//4530
f 1570//4531 1490//4531 1569//4531
f 1570//4532 1551//4532 1553//4532
f 1572//4533 1571//4533 1570//4533
f 1572//4534 1570//4534 1553//4534
f 1569//4535 1627//4535 1551//4535
f 1641//4536 1572//4536 1553//4536
f 1574//4537 1497//4537 1491//4537
f 1497//4538 1575//4538 1500//4538
f 1501//4539 1500//4539 1575//4539
f 1577//4540 1575//4540 1580//4540
f 1581//4541 1557//4541 1556//4541
f 1581//4542 1580//4542 1579//4542
f 1582//4543 1580//4543 1581//4543
f 1503//4544 1564//4544 1488//4544
f 1504//4545 1563//4545 1565//4545
f 1503//4546 1583//4546 1653//4546
f 1653//4547 1564//4547 1503//4547
f 1672//4548 1590//4548 1572//4548
f 1577//4549 1498//4549 1501//4549
f 1574//4550 1586//4550 1578//4550
f 1585//4551 1577//4551 1587//4551
f 1514//4552 1583//4552 1503//4552
f 1588//4553 1508//4553 1584//4553
f 1513//4554 1588//4554 1589//4554
f 1520//4555 1511//4555 1585//4555
f 1585//4556 1593//4556 1520//4556
f 1517//4557 1593//4557 1594//4557
f 1595//4558 1593//4558 1585//4558
f 1594//4559 1593//4559 1595//4559
f 1523//4560 1596//4560 1526//4560
f 1599//4561 1596//4561 1601//4561
f 1600//4562 1597//4562 1602//4562
f 1600//4563 1602//4563 1603//4563
f 1605//4564 1604//4564 1600//4564
f 1604//4565 1527//4565 1600//4565
f 1531//4566 1606//4566 1530//4566
f 1607//4567 1529//4567 1605//4567
f 1536//4568 1609//4568 1613//4568
f 1531//4569 1699//4569 1606//4569
f 1613//4570 1609//4570 1608//4570
f 1539//4571 1536//4571 1614//4571
f 1615//4572 1540//4572 1539//4572
f 1538//4573 1616//4573 1611//4573
f 1617//4574 1610//4574 1703//4574
f 1619//4575 1618//4575 1621//4575
f 1629//4576 1620//4576 1635//4576
f 1621//4577 1618//4577 1622//4577
f 1620//4578 1619//4578 1624//4578
f 1624//4579 1619//4579 1621//4579
f 1625//4580 1623//4580 1620//4580
f 1626//4581 1616//4581 1538//4581
f 1548//4582 1627//4582 1630//4582
f 1617//4583 1542//4583 1615//4583
f 1630//4584 1547//4584 1548//4584
f 1629//4585 1618//4585 1619//4585
f 1631//4586 1629//4586 1632//4586
f 1618//4587 1547//4587 1630//4587
f 1633//4588 1632//4588 1634//4588
f 1634//4589 1629//4589 1635//4589
f 1627//4590 1637//4590 1622//4590
f 1636//4591 1634//4591 1635//4591
f 1638//4592 1554//4592 1628//4592
f 1554//4593 1467//4593 1542//4593
f 1633//4594 1553//4594 1555//4594
f 1628//4595 1554//4595 1542//4595
f 1555//4596 1632//4596 1633//4596
f 1643//4597 1633//4597 1636//4597
f 1644//4598 1559//4598 1560//4598
f 1560//4599 1645//4599 1646//4599
f 1647//4600 1644//4600 1560//4600
f 1647//4601 1649//4601 1648//4601
f 1650//4602 1649//4602 1646//4602
f 1736//4603 1644//4603 1732//4603
f 1731//4604 1732//4604 1649//4604
f 1652//4605 1567//4605 1655//4605
f 1564//4606 1653//4606 1639//4606
f 1654//4607 1566//4607 1640//4607
f 1573//4608 1637//4608 1627//4608
f 1573//4609 1658//4609 1659//4609
f 1573//4610 1659//4610 1637//4610
f 1743//4611 1657//4611 1643//4611
f 1674//4612 1744//4612 1658//4612
f 1497//4613 1578//4613 1576//4613
f 1578//4614 1663//4614 1662//4614
f 1663//4615 1664//4615 1651//4615
f 1661//4616 1577//4616 1580//4616
f 1582//4617 1661//4617 1580//4617
f 1665//4618 1582//4618 1666//4618
f 1668//4619 1665//4619 1666//4619
f 1669//4620 1668//4620 1667//4620
f 1662//4621 1651//4621 1579//4621
f 1669//4622 1667//4622 1670//4622
f 1671//4623 1740//4623 1653//4623
f 1652//4624 1674//4624 1658//4624
f 1673//4625 1657//4625 1743//4625
f 1675//4626 1587//4626 1678//4626
f 1677//4627 1675//4627 1678//4627
f 1664//4628 1578//4628 1586//4628
f 1578//4629 1664//4629 1663//4629
f 1681//4630 1660//4630 1582//4630
f 1665//4631 1681//4631 1582//4631
f 1582//4632 1660//4632 1661//4632
f 1681//4633 1665//4633 1669//4633
f 1665//4634 1668//4634 1669//4634
f 1678//4635 1676//4635 1669//4635
f 1678//4636 1669//4636 1670//4636
f 1672//4637 1589//4637 1590//4637
f 1583//4638 1591//4638 1653//4638
f 1682//4639 1589//4639 1672//4639
f 1684//4640 1682//4640 1672//4640
f 1684//4641 1672//4641 1673//4641
f 1685//4642 1682//4642 1684//4642
f 1677//4643 1585//4643 1675//4643
f 1595//4644 1585//4644 1677//4644
f 2315//4645 1595//4645 1688//4645
f 2311//4646 1689//4646 1687//4646
f 1687//4647 1692//4647 1586//4647
f 1691//4648 1690//4648 1688//4648
f 1777//4649 1677//4649 1679//4649
f 1777//4650 1688//4650 1677//4650
f 1694//4651 1693//4651 1601//4651
f 1603//4652 1693//4652 1694//4652
f 1603//4653 1694//4653 1695//4653
f 1696//4654 1605//4654 1600//4654
f 1523//4655 1697//4655 1596//4655
f 1606//4656 1697//4656 1523//4656
f 1700//4657 1696//4657 1698//4657
f 1600//4658 1603//4658 1696//4658
f 1607//4659 1605//4659 1700//4659
f 1700//4660 1612//4660 1607//4660
f 1613//4661 1607//4661 1612//4661
f 1703//4662 1612//4662 1798//4662
f 1704//4663 1621//4663 1622//4663
f 1704//4664 1622//4664 1710//4664
f 1622//4665 1706//4665 1710//4665
f 1625//4666 1705//4666 1623//4666
f 1710//4667 1708//4667 1707//4667
f 1712//4668 1708//4668 1710//4668
f 1709//4669 1708//4669 1712//4669
f 1711//4670 1708//4670 1709//4670
f 1616//4671 1713//4671 1715//4671
f 1803//4672 1617//4672 1703//4672
f 1717//4673 1636//4673 1635//4673
f 1635//4674 1623//4674 1705//4674
f 1717//4675 1705//4675 1807//4675
f 1722//4676 1721//4676 1723//4676
f 1639//4677 1713//4677 1626//4677
f 1626//4678 1713//4678 1616//4678
f 1639//4679 1725//4679 1713//4679
f 1637//4680 1642//4680 1714//4680
f 1730//4681 1643//4681 1729//4681
f 1727//4682 1640//4682 1628//4682
f 1642//4683 1814//4683 1706//4683
f 1628//4684 1617//4684 1716//4684
f 1729//4685 1643//4685 1636//4685
f 1807//4686 1729//4686 1717//4686
f 1719//4687 1730//4687 1807//4687
f 1736//4688 1732//4688 1731//4688
f 1735//4689 1731//4689 1650//4689
f 1736//4690 1731//4690 1734//4690
f 1722//4691 1734//4691 1720//4691
f 1736//4692 1722//4692 1826//4692
f 1826//4693 1737//4693 1736//4693
f 1826//4694 1722//4694 1724//4694
f 1827//4695 1737//4695 1826//4695
f 1654//4696 1640//4696 1742//4696
f 1739//4697 1741//4697 1725//4697
f 1674//4698 1738//4698 1744//4698
f 1745//4699 1643//4699 1730//4699
f 1744//4700 1654//4700 1742//4700
f 1748//4701 1743//4701 1745//4701
f 1746//4702 1742//4702 1728//4702
f 1836//4703 1747//4703 1741//4703
f 1750//4704 1749//4704 1670//4704
f 1670//4705 1733//4705 1750//4705
f 1737//4706 1750//4706 1733//4706
f 1737//4707 1733//4707 1736//4707
f 1737//4708 1751//4708 1750//4708
f 1738//4709 1674//4709 1655//4709
f 1757//4710 1739//4710 1740//4710
f 1753//4711 1754//4711 1740//4711
f 1754//4712 1757//4712 1740//4712
f 1739//4713 1757//4713 1741//4713
f 1758//4714 1673//4714 1743//4714
f 1758//4715 1743//4715 1748//4715
f 1758//4716 1748//4716 1837//4716
f 1849//4717 1836//4717 1741//4717
f 1755//4718 1741//4718 1757//4718
f 1856//4719 1758//4719 1837//4719
f 1759//4720 1761//4720 1849//4720
f 1760//4721 1758//4721 1856//4721
f 1664//4722 1763//4722 1752//4722
f 1762//4723 1763//4723 1664//4723
f 1680//4724 1678//4724 1749//4724
f 1766//4725 1764//4725 1749//4725
f 1671//4726 1753//4726 1740//4726
f 1671//4727 1767//4727 1753//4727
f 1768//4728 1754//4728 1753//4728
f 1773//4729 1770//4729 1771//4729
f 1770//4730 1773//4730 1686//4730
f 1775//4731 1769//4731 1772//4731
f 1756//4732 1771//4732 1759//4732
f 1756//4733 1773//4733 1771//4733
f 1771//4734 1761//4734 1759//4734
f 1778//4735 2407//4735 1691//4735
f 1779//4736 1762//4736 1692//4736
f 1762//4737 1859//4737 1763//4737
f 1762//4738 1782//4738 1859//4738
f 1680//4739 1777//4739 1679//4739
f 1680//4740 1764//4740 1777//4740
f 1780//4741 1784//4741 1778//4741
f 1787//4742 1700//4742 1698//4742
f 1787//4743 1791//4743 1789//4743
f 1695//4744 1791//4744 1698//4744
f 1791//4745 1695//4745 1792//4745
f 1793//4746 1792//4746 1794//4746
f 1606//4747 1795//4747 1697//4747
f 1701//4748 1787//4748 1796//4748
f 1702//4749 1797//4749 1795//4749
f 1797//4750 1893//4750 1795//4750
f 1799//4751 1701//4751 1796//4751
f 1798//4752 1701//4752 1799//4752
f 1799//4753 1796//4753 1790//4753
f 1799//4754 1790//4754 1894//4754
f 1803//4755 1798//4755 1801//4755
f 1803//4756 1801//4756 1804//4756
f 1801//4757 1798//4757 1800//4757
f 1710//4758 1814//4758 1810//4758
f 1808//4759 1807//4759 1711//4759
f 1712//4760 1710//4760 1810//4760
f 1711//4761 1809//4761 1808//4761
f 1902//4762 1712//4762 1810//4762
f 1809//4763 1712//4763 1902//4763
f 1808//4764 1809//4764 1811//4764
f 1812//4765 1716//4765 1803//4765
f 1715//4766 1813//4766 1805//4766
f 1814//4767 1710//4767 1706//4767
f 1816//4768 1806//4768 1814//4768
f 1811//4769 1807//4769 1808//4769
f 1817//4770 1724//4770 1723//4770
f 1834//4771 1818//4771 1642//4771
f 1713//4772 1813//4772 1715//4772
f 1747//4773 1813//4773 1726//4773
f 1820//4774 1819//4774 1821//4774
f 1822//4775 1824//4775 1818//4775
f 1815//4776 1823//4776 1719//4776
f 1815//4777 1719//4777 1718//4777
f 1823//4778 1815//4778 1907//4778
f 1735//4779 1828//4779 1721//4779
f 1721//4780 1825//4780 1723//4780
f 1826//4781 1724//4781 1830//4781
f 1825//4782 1831//4782 1830//4782
f 1828//4783 1831//4783 1825//4783
f 1832//4784 1829//4784 1830//4784
f 1920//4785 1832//4785 1831//4785
f 1840//4786 1834//4786 1833//4786
f 1841//4787 1834//4787 1840//4787
f 1839//4788 1838//4788 1845//4788
f 1842//4789 1843//4789 1747//4789
f 1834//4790 1841//4790 1818//4790
f 1838//4791 1840//4791 1820//4791
f 1841//4792 1923//4792 1822//4792
f 1845//4793 1838//4793 1820//4793
f 1823//4794 1748//4794 1745//4794
f 1835//4795 1748//4795 1823//4795
f 1907//4796 1835//4796 1823//4796
f 1751//4797 1737//4797 1827//4797
f 1751//4798 1827//4798 1846//4798
f 1752//4799 1847//4799 1828//4799
f 1846//4800 1829//4800 1930//4800
f 1842//4801 1836//4801 1849//4801
f 1836//4802 1842//4802 1747//4802
f 1851//4803 1842//4803 1761//4803
f 1850//4804 1839//4804 1852//4804
f 1854//4805 1855//4805 1850//4805
f 1855//4806 1854//4806 1761//4806
f 1854//4807 1850//4807 1852//4807
f 1854//4808 1858//4808 1851//4808
f 1854//4809 1852//4809 1922//4809
f 1851//4810 1858//4810 1843//4810
f 1853//4811 1855//4811 1923//4811
f 1939//4812 1856//4812 1837//4812
f 1766//4813 1863//4813 1879//4813
f 1864//4814 1862//4814 1765//4814
f 1864//4815 1863//4815 1862//4815
f 1861//4816 1865//4816 1847//4816
f 1867//4817 1855//4817 1761//4817
f 1776//4818 1867//4818 1770//4818
f 1857//4819 1858//4819 1854//4819
f 1855//4820 1868//4820 1934//4820
f 1867//4821 1868//4821 1855//4821
f 1869//4822 1782//4822 1779//4822
f 1873//4823 1775//4823 1760//4823
f 1869//4824 1871//4824 1870//4824
f 1859//4825 1782//4825 1870//4825
f 1874//4826 1859//4826 1870//4826
f 1872//4827 1859//4827 1874//4827
f 1873//4828 1856//4828 1860//4828
f 1871//4829 1957//4829 1870//4829
f 1954//4830 1873//4830 1860//4830
f 1871//4831 1955//4831 1957//4831
f 1780//4832 1785//4832 1878//4832
f 1783//4833 1780//4833 1878//4833
f 1865//4834 1861//4834 1859//4834
f 1880//4835 1879//4835 1863//4835
f 1880//4836 1878//4836 1879//4836
f 1859//4837 1882//4837 1865//4837
f 2698//4838 1880//4838 1883//4838
f 1882//4839 2698//4839 1883//4839
f 1793//4840 1794//4840 1789//4840
f 1794//4841 1886//4841 1887//4841
f 1794//4842 1889//4842 1890//4842
f 1888//4843 1794//4843 1890//4843
f 1886//4844 1884//4844 1891//4844
f 1885//4845 1891//4845 1884//4845
f 1892//4846 1889//4846 1887//4846
f 1893//4847 1884//4847 1697//4847
f 1895//4848 1894//4848 1896//4848
f 1790//4849 1789//4849 1888//4849
f 1896//4850 1890//4850 1968//4850
f 1895//4851 1799//4851 1894//4851
f 1800//4852 1895//4852 1898//4852
f 1895//4853 1896//4853 1897//4853
f 1898//4854 1895//4854 1974//4854
f 1797//4855 1972//4855 1893//4855
f 1901//4856 1800//4856 1899//4856
f 1902//4857 1810//4857 1904//4857
f 1810//4858 1806//4858 1904//4858
f 1809//4859 1903//4859 1811//4859
f 1902//4860 1905//4860 1903//4860
f 1902//4861 1904//4861 1905//4861
f 1812//4862 1804//4862 1906//4862
f 1906//4863 1804//4863 1900//4863
f 1806//4864 1908//4864 1904//4864
f 1903//4865 1910//4865 1811//4865
f 1908//4866 1909//4866 1904//4866
f 1910//4867 1903//4867 1911//4867
f 1912//4868 1910//4868 1911//4868
f 1909//4869 1914//4869 1904//4869
f 1913//4870 1911//4870 1905//4870
f 1821//4871 1819//4871 1985//4871
f 1916//4872 1835//4872 1907//4872
f 1816//4873 1824//4873 1908//4873
f 1822//4874 1919//4874 1824//4874
f 1915//4875 1918//4875 1912//4875
f 1845//4876 1820//4876 1921//4876
f 1924//4877 1813//4877 1747//4877
f 1843//4878 1927//4878 1924//4878
f 1925//4879 1821//4879 1985//4879
f 1835//4880 1916//4880 1917//4880
f 1939//4881 1928//4881 1929//4881
f 1928//4882 1917//4882 1989//4882
f 1929//4883 1928//4883 1999//4883
f 1934//4884 1998//4884 1923//4884
f 1828//4885 1848//4885 1920//4885
f 1932//4886 1846//4886 1930//4886
f 1935//4887 1937//4887 1843//4887
f 1922//4888 1921//4888 1926//4888
f 1860//4889 1856//4889 1938//4889
f 1938//4890 1856//4890 1939//4890
f 1942//4891 1998//4891 1934//4891
f 1941//4892 1938//4892 1943//4892
f 1865//4893 1944//4893 1931//4893
f 1866//4894 1864//4894 1945//4894
f 1944//4895 1949//4895 1931//4895
f 1948//4896 1932//4896 1931//4896
f 1949//4897 1948//4897 1931//4897
f 1945//4898 1948//4898 1949//4898
f 1945//4899 1949//4899 1944//4899
f 1868//4900 1942//4900 1934//4900
f 1858//4901 1950//4901 1935//4901
f 1857//4902 1933//4902 1950//4902
f 1933//4903 1922//4903 1936//4903
f 1933//4904 1951//4904 1950//4904
f 1933//4905 1936//4905 1952//4905
f 1950//4906 1953//4906 2013//4906
f 1951//4907 2014//4907 1953//4907
f 1961//4908 1874//4908 1870//4908
f 1877//4909 1874//4909 1961//4909
f 1958//4910 1876//4910 1957//4910
f 1954//4911 1860//4911 1868//4911
f 1860//4912 1938//4912 1941//4912
f 1957//4913 2020//4913 1958//4913
f 1960//4914 2020//4914 1957//4914
f 1959//4915 1941//4915 1942//4915
f 1961//4916 1870//4916 1876//4916
f 1965//4917 1946//4917 1956//4917
f 1944//4918 1866//4918 1945//4918
f 1965//4919 1962//4919 1946//4919
f 1965//4920 1966//4920 1962//4920
f 1969//4921 1889//4921 1892//4921
f 1896//4922 1968//4922 1897//4922
f 1885//4923 1967//4923 1891//4923
f 1968//4924 1970//4924 1897//4924
f 1971//4925 2042//4925 1970//4925
f 1973//4926 1898//4926 1974//4926
f 1885//4927 1972//4927 2036//4927
f 1898//4928 1973//4928 2037//4928
f 1897//4929 2042//4929 1974//4929
f 1805//4930 1976//4930 1972//4930
f 1900//4931 1901//4931 2044//4931
f 1975//4932 1899//4932 1898//4932
f 1899//4933 1975//4933 2044//4933
f 1972//4934 2038//4934 2036//4934
f 1972//4935 1976//4935 2038//4935
f 1978//4936 1976//4936 1805//4936
f 1977//4937 1900//4937 2044//4937
f 1913//4938 1905//4938 1980//4938
f 1911//4939 1980//4939 1982//4939
f 1813//4940 1978//4940 1805//4940
f 1919//4941 1988//4941 1909//4941
f 1988//4942 1914//4942 1909//4942
f 1917//4943 1990//4943 1989//4943
f 1917//4944 1918//4944 1915//4944
f 1990//4945 1917//4945 1915//4945
f 1991//4946 1990//4946 1981//4946
f 1991//4947 1989//4947 1990//4947
f 1991//4948 1981//4948 1983//4948
f 1927//4949 1995//4949 1924//4949
f 1995//4950 1978//4950 1924//4950
f 1994//4951 1995//4951 1927//4951
f 1984//4952 1925//4952 1985//4952
f 1996//4953 1997//4953 1994//4953
f 1995//4954 2050//4954 1978//4954
f 1923//4955 1998//4955 1919//4955
f 1999//4956 1928//4956 1989//4956
f 1998//4957 1988//4957 1919//4957
f 2001//4958 1988//4958 1998//4958
f 1929//4959 1999//4959 2000//4959
f 2063//4960 2000//4960 1989//4960
f 2003//4961 1993//4961 1988//4961
f 2002//4962 2003//4962 2001//4962
f 2000//4963 2063//4963 2004//4963
f 1937//4964 2005//4964 1994//4964
f 2006//4965 1926//4965 1925//4965
f 2005//4966 1996//4966 1994//4966
f 2007//4967 2005//4967 1937//4967
f 2008//4968 1936//4968 2006//4968
f 1984//4969 2006//4969 1925//4969
f 2007//4970 1996//4970 2005//4970
f 1941//4971 2010//4971 1942//4971
f 1942//4972 2010//4972 1998//4972
f 1943//4973 1940//4973 2009//4973
f 1943//4974 2009//4974 2010//4974
f 2009//4975 2011//4975 2010//4975
f 1951//4976 1933//4976 1952//4976
f 2013//4977 2007//4977 1937//4977
f 2015//4978 2013//4978 1953//4978
f 1952//4979 1936//4979 2008//4979
f 2018//4980 2007//4980 2013//4980
f 2017//4981 2016//4981 2012//4981
f 2779//4982 2018//4982 2015//4982
f 2023//4983 2022//4983 2020//4983
f 2697//4984 2023//4984 2021//4984
f 2697//4985 2024//4985 2023//4985
f 2074//4986 2023//4986 2024//4986
f 1965//4987 1958//4987 2019//4987
f 1965//4988 2019//4988 1947//4988
f 2025//4989 1965//4989 1947//4989
f 2025//4990 1966//4990 1965//4990
f 1963//4991 1966//4991 2027//4991
f 2027//4992 2704//4992 1963//4992
f 2026//4993 1947//4993 2019//4993
f 2026//4994 2019//4994 2029//4994
f 2027//4995 2025//4995 2026//4995
f 2029//4996 2030//4996 2026//4996
f 2022//4997 2786//4997 2029//4997
f 2029//4998 2032//4998 2030//4998
f 2032//4999 2033//4999 2030//4999
f 2039//5000 2036//5000 2040//5000
f 2036//5001 2038//5001 2040//5001
f 2042//5002 1971//5002 2034//5002
f 2036//5003 2034//5003 2035//5003
f 1973//5004 2043//5004 2037//5004
f 2039//5005 2037//5005 2043//5005
f 1976//5006 2045//5006 2038//5006
f 1977//5007 2044//5007 2049//5007
f 2044//5008 1975//5008 2037//5008
f 2049//5009 2044//5009 2037//5009
f 2045//5010 2047//5010 2048//5010
f 2047//5011 2049//5011 2048//5011
f 2048//5012 2049//5012 2041//5012
f 2037//5013 2039//5013 2041//5013
f 1978//5014 2050//5014 1976//5014
f 2051//5015 1979//5015 1977//5015
f 1986//5016 1979//5016 2052//5016
f 1987//5017 1986//5017 2054//5017
f 2054//5018 1986//5018 2083//5018
f 1995//5019 2057//5019 2056//5019
f 2055//5020 2057//5020 1997//5020
f 2056//5021 2057//5021 2058//5021
f 2059//5022 2056//5022 2058//5022
f 2061//5023 1987//5023 2054//5023
f 2062//5024 1984//5024 2061//5024
f 2062//5025 2061//5025 2100//5025
f 2063//5026 1993//5026 2003//5026
f 2002//5027 2000//5027 2004//5027
f 2008//5028 2006//5028 2064//5028
f 2018//5029 2065//5029 1996//5029
f 2064//5030 2006//5030 2066//5030
f 2067//5031 2066//5031 2062//5031
f 2067//5032 2097//5032 2066//5032
f 2017//5033 2008//5033 2064//5033
f 2018//5034 2070//5034 2017//5034
f 2779//5035 2073//5035 2070//5035
f 2072//5036 2017//5036 2064//5036
f 2017//5037 2071//5037 2018//5037
f 2018//5038 2071//5038 2065//5038
f 2069//5039 2070//5039 2073//5039
f 2072//5040 2066//5040 2068//5040
f 2053//5041 2047//5041 2078//5041
f 2077//5042 2052//5042 2051//5042
f 2077//5043 2053//5043 2078//5043
f 2079//5044 2080//5044 2078//5044
f 2080//5045 2081//5045 2078//5045
f 2079//5046 2087//5046 2080//5046
f 2082//5047 2079//5047 2050//5047
f 2085//5048 2087//5048 2082//5048
f 2086//5049 2054//5049 2084//5049
f 2084//5050 2081//5050 2080//5050
f 2087//5051 2088//5051 2080//5051
f 2088//5052 2086//5052 2084//5052
f 2060//5053 2058//5053 2089//5053
f 2090//5054 2060//5054 2089//5054
f 2059//5055 2082//5055 2056//5055
f 2092//5056 2061//5056 2094//5056
f 2094//5057 2061//5057 2054//5057
f 2090//5058 2089//5058 2091//5058
f 2065//5059 2096//5059 2091//5059
f 2095//5060 2096//5060 2065//5060
f 2099//5061 2060//5061 2090//5061
f 2100//5062 2093//5062 2099//5062
f 2093//5063 2100//5063 2092//5063
f 2097//5064 2099//5064 2090//5064
f 2096//5065 2090//5065 2091//5065
f 2101//5066 2090//5066 2096//5066
f 2103//5067 2104//5067 2065//5067
f 2065//5068 2104//5068 2095//5068
f 2101//5069 2102//5069 2098//5069
f 2104//5070 2102//5070 2101//5070
f 2105//5071 2107//5071 2106//5071
f 2108//5072 2107//5072 2109//5072
f 2101//5073 2096//5073 2111//5073
f 2095//5074 2111//5074 2096//5074
f 2101//5075 2111//5075 2095//5075
f 2110//5076 2108//5076 2109//5076
f 2112//5077 1330//5077 1262//5077
f 436//5078 1147//5078 1260//5078
f 2113//5079 1148//5079 1109//5079
f 1109//5080 437//5080 2113//5080
f 2114//5081 1148//5081 2113//5081
f 2116//5082 2114//5082 2113//5082
f 2118//5083 2112//5083 2117//5083
f 1154//5084 1153//5084 2121//5084
f 2121//5085 1153//5085 1150//5085
f 2123//5086 2121//5086 2114//5086
f 2122//5087 2121//5087 2123//5087
f 1164//5088 1167//5088 2120//5088
f 1161//5089 1154//5089 2124//5089
f 1154//5090 2121//5090 2122//5090
f 2124//5091 1154//5091 2122//5091
f 1168//5092 2126//5092 1167//5092
f 2132//5093 2125//5093 2124//5093
f 2130//5094 2173//5094 1176//5094
f 2134//5095 2133//5095 2132//5095
f 1171//5096 2127//5096 1173//5096
f 2129//5097 2128//5097 2127//5097
f 2137//5098 2135//5098 2128//5098
f 1171//5099 2136//5099 2138//5099
f 2138//5100 2137//5100 2129//5100
f 1179//5101 2140//5101 1176//5101
f 2141//5102 2140//5102 1179//5102
f 2131//5103 2141//5103 2139//5103
f 2145//5104 2144//5104 2141//5104
f 2146//5105 2131//5105 2133//5105
f 2144//5106 2130//5106 2140//5106
f 2144//5107 2145//5107 2142//5107
f 2145//5108 2141//5108 2146//5108
f 1186//5109 2136//5109 1181//5109
f 2147//5110 1185//5110 2135//5110
f 2151//5111 2147//5111 2149//5111
f 2148//5112 2135//5112 2142//5112
f 2153//5113 2149//5113 2145//5113
f 2151//5114 2149//5114 2153//5114
f 2156//5115 1190//5115 2155//5115
f 1186//5116 2158//5116 2150//5116
f 2159//5117 2155//5117 2151//5117
f 2160//5118 2162//5118 2158//5118
f 2158//5119 2162//5119 2154//5119
f 2161//5120 2159//5120 2151//5120
f 2159//5121 2161//5121 2162//5121
f 2154//5122 2161//5122 2152//5122
f 2162//5123 2161//5123 2154//5123
f 1194//5124 2156//5124 2157//5124
f 2112//5125 2164//5125 1330//5125
f 2164//5126 2165//5126 1330//5126
f 2116//5127 2115//5127 2166//5127
f 2166//5128 2115//5128 1332//5128
f 2167//5129 2116//5129 2166//5129
f 2167//5130 2166//5130 2168//5130
f 2119//5131 2164//5131 2118//5131
f 2207//5132 2169//5132 2164//5132
f 2167//5133 2123//5133 2116//5133
f 2206//5134 2207//5134 2164//5134
f 2210//5135 2124//5135 2122//5135
f 2171//5136 2124//5136 2210//5136
f 2172//5137 2206//5137 2119//5137
f 2175//5138 2134//5138 2176//5138
f 2176//5139 2134//5139 2171//5139
f 2177//5140 2176//5140 2171//5140
f 2146//5141 2133//5141 2175//5141
f 2178//5142 2179//5142 2144//5142
f 2144//5143 2179//5143 2174//5143
f 2180//5144 2146//5144 2175//5144
f 2180//5145 2178//5145 2146//5145
f 2143//5146 2150//5146 2178//5146
f 2178//5147 2181//5147 2179//5147
f 2153//5148 2145//5148 2150//5148
f 2150//5149 2183//5149 2153//5149
f 2154//5150 2152//5150 2183//5150
f 2190//5151 2185//5151 2184//5151
f 2185//5152 2217//5152 2184//5152
f 2186//5153 2187//5153 2226//5153
f 2186//5154 2188//5154 2187//5154
f 2186//5155 2193//5155 2188//5155
f 2187//5156 2188//5156 2184//5156
f 2187//5157 2184//5157 2182//5157
f 2189//5158 2192//5158 2190//5158
f 2191//5159 2189//5159 2194//5159
f 2195//5160 2189//5160 2191//5160
f 2195//5161 2192//5161 2189//5161
f 1430//5162 2198//5162 2196//5162
f 2199//5163 1431//5163 1428//5163
f 2197//5164 2198//5164 2199//5164
f 2198//5165 2200//5165 2199//5165
f 2200//5166 1430//5166 2201//5166
f 2199//5167 1512//5167 1431//5167
f 2201//5168 1430//5168 1434//5168
f 2203//5169 2204//5169 2202//5169
f 2168//5170 2166//5170 1332//5170
f 1518//5171 2168//5171 1436//5171
f 2169//5172 2203//5172 2202//5172
f 2206//5173 2245//5173 2207//5173
f 2170//5174 2167//5174 2208//5174
f 2209//5175 2170//5175 2208//5175
f 2239//5176 2209//5176 2205//5176
f 2210//5177 2122//5177 2170//5177
f 2210//5178 2170//5178 2209//5178
f 2253//5179 2210//5179 2209//5179
f 2172//5180 2328//5180 2206//5180
f 2177//5181 2171//5181 2211//5181
f 2257//5182 2177//5182 2211//5182
f 2215//5183 2180//5183 2175//5183
f 2212//5184 2175//5184 2176//5184
f 2179//5185 2263//5185 2174//5185
f 2179//5186 2181//5186 2213//5186
f 2181//5187 2220//5187 2213//5187
f 2217//5188 2219//5188 2213//5188
f 2220//5189 2218//5189 2216//5189
f 2213//5190 2219//5190 2222//5190
f 2223//5191 2221//5191 2220//5191
f 2225//5192 2181//5192 2180//5192
f 2181//5193 2225//5193 2220//5193
f 2185//5194 2219//5194 2217//5194
f 2227//5195 2219//5195 2185//5195
f 2282//5196 2228//5196 2226//5196
f 2282//5197 2226//5197 2221//5197
f 2227//5198 2224//5198 2219//5198
f 2192//5199 2227//5199 2190//5199
f 2191//5200 2186//5200 2228//5200
f 2192//5201 2290//5201 2227//5201
f 2229//5202 2228//5202 2289//5202
f 2229//5203 2195//5203 2191//5203
f 2195//5204 2230//5204 2192//5204
f 2231//5205 2291//5205 2290//5205
f 2229//5206 2230//5206 2195//5206
f 2232//5207 2231//5207 2230//5207
f 2243//5208 2200//5208 2201//5208
f 2243//5209 2233//5209 2200//5209
f 1513//5210 2201//5210 1434//5210
f 2233//5211 1514//5211 1512//5211
f 2204//5212 2236//5212 2202//5212
f 2236//5213 1516//5213 1515//5213
f 2237//5214 2238//5214 2204//5214
f 2236//5215 2238//5215 1516//5215
f 2205//5216 1518//5216 2239//5216
f 2239//5217 1518//5217 2240//5217
f 2240//5218 1518//5218 1593//5218
f 2239//5219 2240//5219 2241//5219
f 2241//5220 1593//5220 1517//5220
f 2242//5221 2239//5221 2241//5221
f 2243//5222 2235//5222 2233//5222
f 2235//5223 2243//5223 2244//5223
f 2203//5224 2237//5224 2204//5224
f 2250//5225 2209//5225 2239//5225
f 2239//5226 2248//5226 2249//5226
f 2250//5227 2239//5227 2249//5227
f 2242//5228 2249//5228 2248//5228
f 2250//5229 2249//5229 2252//5229
f 2250//5230 2253//5230 2247//5230
f 2242//5231 2248//5231 2239//5231
f 2255//5232 2251//5232 2242//5232
f 2253//5233 2209//5233 2247//5233
f 2172//5234 2256//5234 2328//5234
f 2206//5235 2328//5235 2245//5235
f 2257//5236 2253//5236 2258//5236
f 2328//5237 2323//5237 2245//5237
f 2172//5238 2260//5238 2256//5238
f 2260//5239 2261//5239 2256//5239
f 2257//5240 2258//5240 2259//5240
f 2262//5241 2257//5241 2259//5241
f 2271//5242 2266//5242 2269//5242
f 2267//5243 2343//5243 2270//5243
f 2220//5244 2273//5244 2274//5244
f 2274//5245 2223//5245 2220//5245
f 2225//5246 2277//5246 2268//5246
f 2267//5247 2270//5247 2214//5247
f 2223//5248 2274//5248 2278//5248
f 2277//5249 2271//5249 2346//5249
f 2276//5250 2268//5250 2272//5250
f 2346//5251 2272//5251 2268//5251
f 2280//5252 2281//5252 2279//5252
f 2224//5253 2280//5253 2279//5253
f 2283//5254 2282//5254 2223//5254
f 2290//5255 2280//5255 2227//5255
f 2290//5256 2292//5256 2280//5256
f 2291//5257 2292//5257 2290//5257
f 2289//5258 2282//5258 2284//5258
f 2294//5259 2286//5259 2296//5259
f 2295//5260 2294//5260 2296//5260
f 2295//5261 2299//5261 2294//5261
f 2296//5262 2286//5262 2298//5262
f 2299//5263 2300//5263 2294//5263
f 2301//5264 2300//5264 2299//5264
f 2302//5265 2232//5265 2229//5265
f 2232//5266 2303//5266 2231//5266
f 2231//5267 2303//5267 2291//5267
f 2303//5268 2304//5268 2291//5268
f 2302//5269 2304//5269 2303//5269
f 2304//5270 2302//5270 2293//5270
f 2295//5271 2297//5271 2299//5271
f 2301//5272 2297//5272 2306//5272
f 1514//5273 1591//5273 1583//5273
f 2307//5274 1589//5274 2398//5274
f 2308//5275 2309//5275 2311//5275
f 2242//5276 2241//5276 1517//5276
f 2315//5277 2314//5277 1594//5277
f 2244//5278 2317//5278 2235//5278
f 2317//5279 1514//5279 2235//5279
f 2319//5280 2244//5280 2234//5280
f 2319//5281 2317//5281 2244//5281
f 2317//5282 2318//5282 1591//5282
f 2237//5283 2246//5283 2308//5283
f 2321//5284 2246//5284 2320//5284
f 2321//5285 2308//5285 2246//5285
f 2254//5286 2322//5286 2252//5286
f 2255//5287 2313//5287 2325//5287
f 2327//5288 2320//5288 2323//5288
f 2330//5289 2258//5289 2326//5289
f 2328//5290 2331//5290 2327//5290
f 2261//5291 2335//5291 2329//5291
f 2331//5292 2328//5292 2329//5292
f 2335//5293 2436//5293 2329//5293
f 2329//5294 2436//5294 2331//5294
f 2337//5295 2336//5295 2262//5295
f 2337//5296 2259//5296 2330//5296
f 2340//5297 2339//5297 2338//5297
f 2339//5298 2332//5298 2338//5298
f 2264//5299 2335//5299 2261//5299
f 2336//5300 2269//5300 2262//5300
f 2270//5301 2264//5301 2263//5301
f 2341//5302 2269//5302 2336//5302
f 2343//5303 2264//5303 2270//5303
f 2343//5304 2267//5304 2344//5304
f 2346//5305 2345//5305 2272//5305
f 2348//5306 2342//5306 2341//5306
f 2341//5307 2336//5307 2337//5307
f 2346//5308 2348//5308 2345//5308
f 2264//5309 2438//5309 2335//5309
f 2340//5310 2351//5310 2350//5310
f 2360//5311 2339//5311 2349//5311
f 2353//5312 2354//5312 2344//5312
f 2271//5313 2342//5313 2346//5313
f 2278//5314 2272//5314 2356//5314
f 2356//5315 2272//5315 2345//5315
f 2357//5316 2355//5316 2356//5316
f 2358//5317 2349//5317 2351//5317
f 2358//5318 2360//5318 2349//5318
f 2374//5319 2340//5319 2451//5319
f 2281//5320 2363//5320 2353//5320
f 2365//5321 2363//5321 2281//5321
f 2362//5322 2366//5322 2364//5322
f 2363//5323 2364//5323 2353//5323
f 2366//5324 2353//5324 2364//5324
f 2362//5325 2364//5325 2368//5325
f 2368//5326 2364//5326 2367//5326
f 2355//5327 2283//5327 2278//5327
f 2371//5328 2284//5328 2283//5328
f 2283//5329 2355//5329 2371//5329
f 2362//5330 2284//5330 2371//5330
f 2366//5331 2362//5331 2371//5331
f 2372//5332 2371//5332 2355//5332
f 2366//5333 2371//5333 2372//5333
f 2366//5334 2373//5334 2353//5334
f 2361//5335 2375//5335 2374//5335
f 2285//5336 2376//5336 2360//5336
f 2288//5337 2375//5337 2379//5337
f 2380//5338 2284//5338 2378//5338
f 2386//5339 2369//5339 2377//5339
f 2382//5340 2298//5340 2288//5340
f 2383//5341 2298//5341 2382//5341
f 2384//5342 2376//5342 2300//5342
f 2476//5343 2382//5343 2379//5343
f 2385//5344 2383//5344 2382//5344
f 2385//5345 2382//5345 2476//5345
f 2291//5346 2305//5346 2292//5346
f 2293//5347 2380//5347 2381//5347
f 2387//5348 2386//5348 2305//5348
f 2388//5349 2293//5349 2381//5349
f 2389//5350 2305//5350 2388//5350
f 2387//5351 2488//5351 2486//5351
f 2391//5352 2384//5352 2301//5352
f 2306//5353 2383//5353 2391//5353
f 2306//5354 2298//5354 2383//5354
f 2383//5355 2392//5355 2391//5355
f 2383//5356 2393//5356 2392//5356
f 2384//5357 2391//5357 2484//5357
f 2392//5358 2394//5358 2489//5358
f 2392//5359 2393//5359 2394//5359
f 1682//5360 2398//5360 1589//5360
f 1591//5361 2399//5361 1671//5361
f 2396//5362 2398//5362 2494//5362
f 1689//5363 2311//5363 2309//5363
f 1682//5364 1683//5364 2395//5364
f 2401//5365 1689//5365 2309//5365
f 2404//5366 1689//5366 2401//5366
f 1683//5367 1682//5367 1685//5367
f 2397//5368 2395//5368 1686//5368
f 1683//5369 2402//5369 2395//5369
f 2405//5370 2315//5370 1690//5370
f 2316//5371 2315//5371 2405//5371
f 2408//5372 2406//5372 1689//5372
f 2409//5373 2408//5373 1689//5373
f 2403//5374 2409//5374 1689//5374
f 2406//5375 1692//5375 1689//5375
f 2405//5376 1690//5376 2407//5376
f 2409//5377 2405//5377 2408//5377
f 1591//5378 2318//5378 2410//5378
f 2319//5379 2307//5379 2411//5379
f 2410//5380 2319//5380 2411//5380
f 2410//5381 2412//5381 2399//5381
f 2412//5382 2411//5382 2396//5382
f 2321//5383 2310//5383 2308//5383
f 2414//5384 2417//5384 2413//5384
f 2498//5385 2414//5385 2401//5385
f 2413//5386 2403//5386 2404//5386
f 2417//5387 2403//5387 2413//5387
f 2419//5388 2326//5388 2420//5388
f 2417//5389 2421//5389 2423//5389
f 2424//5390 2423//5390 2415//5390
f 2422//5391 2405//5391 2409//5391
f 2423//5392 2512//5392 2409//5392
f 2426//5393 2330//5393 2326//5393
f 2427//5394 2419//5394 2428//5394
f 2424//5395 2415//5395 2425//5395
f 2334//5396 2429//5396 2430//5396
f 2434//5397 2429//5397 2333//5397
f 2432//5398 2434//5398 2333//5398
f 2438//5399 2436//5399 2335//5399
f 2331//5400 2436//5400 2416//5400
f 2436//5401 2437//5401 2416//5401
f 2436//5402 2438//5402 2437//5402
f 2439//5403 2437//5403 2438//5403
f 2337//5404 2330//5404 2426//5404
f 2426//5405 2326//5405 2427//5405
f 2340//5406 2338//5406 2440//5406
f 2441//5407 2333//5407 2332//5407
f 2333//5408 2441//5408 2432//5408
f 2264//5409 2443//5409 2438//5409
f 2443//5410 2343//5410 2347//5410
f 2341//5411 2426//5411 2446//5411
f 2443//5412 2347//5412 2445//5412
f 2447//5413 2348//5413 2341//5413
f 2444//5414 2443//5414 2445//5414
f 2341//5415 2446//5415 2447//5415
f 2445//5416 2449//5416 2448//5416
f 2438//5417 2450//5417 2534//5417
f 2451//5418 2340//5418 2440//5418
f 2452//5419 2451//5419 2440//5419
f 2453//5420 2451//5420 2452//5420
f 2357//5421 2356//5421 2444//5421
f 2347//5422 2344//5422 2354//5422
f 2456//5423 2444//5423 2448//5423
f 2347//5424 2457//5424 2449//5424
f 2457//5425 2458//5425 2449//5425
f 2455//5426 2456//5426 2553//5426
f 2360//5427 2460//5427 2352//5427
f 2352//5428 2461//5428 2442//5428
f 2460//5429 2461//5429 2352//5429
f 2468//5430 2370//5430 2368//5430
f 2368//5431 2463//5431 2468//5431
f 2466//5432 2463//5432 2367//5432
f 2465//5433 2454//5433 2565//5433
f 2466//5434 2563//5434 2463//5434
f 2466//5435 2470//5435 2565//5435
f 2470//5436 2465//5436 2565//5436
f 2372//5437 2355//5437 2471//5437
f 2464//5438 2354//5438 2353//5438
f 2473//5439 2472//5439 2372//5439
f 2464//5440 2457//5440 2354//5440
f 2471//5441 2455//5441 2553//5441
f 2464//5442 2474//5442 2564//5442
f 2576//5443 2483//5443 2473//5443
f 2476//5444 2361//5444 2465//5444
f 2376//5445 2478//5445 2460//5445
f 2477//5446 2583//5446 2369//5446
f 2369//5447 2583//5447 2466//5447
f 2583//5448 2470//5448 2466//5448
f 2467//5449 2468//5449 2566//5449
f 2482//5450 2370//5450 2467//5450
f 2472//5451 2464//5451 2373//5451
f 2472//5452 2483//5452 2464//5452
f 2482//5453 2479//5453 2592//5453
f 2484//5454 2376//5454 2384//5454
f 2385//5455 2476//5455 2485//5455
f 2386//5456 2486//5456 2477//5456
f 2389//5457 2390//5457 2487//5457
f 2492//5458 2389//5458 2487//5458
f 2486//5459 2598//5459 2477//5459
f 2599//5460 2492//5460 2487//5460
f 2491//5461 2478//5461 2484//5461
f 2387//5462 2492//5462 2488//5462
f 2394//5463 2385//5463 2490//5463
f 2494//5362 2398//5362 1773//5362
f 2494//5464 2400//5464 2412//5464
f 2402//5465 1683//5465 1769//5465
f 2497//5466 2401//5466 2312//5466
f 1770//5467 1686//5467 2402//5467
f 2496//5468 2499//5468 2312//5468
f 2312//5469 2499//5469 2497//5469
f 2498//5470 2401//5470 2497//5470
f 2402//5471 1774//5471 1770//5471
f 1767//5472 2494//5472 1773//5472
f 2501//5473 2498//5473 2497//5473
f 1774//5474 1769//5474 2500//5474
f 2501//5475 2497//5475 2605//5475
f 2406//5476 1779//5476 1692//5476
f 2407//5477 1778//5477 2503//5477
f 2503//5478 2502//5478 2407//5478
f 2406//5479 2504//5479 1779//5479
f 2505//5480 2406//5480 2502//5480
f 2503//5481 1780//5481 1781//5481
f 2505//5482 2504//5482 2406//5482
f 2502//5483 2503//5483 1781//5483
f 2504//5484 1869//5484 1779//5484
f 2506//5485 2504//5485 2505//5485
f 2507//5486 2505//5486 2502//5486
f 2606//5487 2502//5487 1781//5487
f 2507//5488 2502//5488 2606//5488
f 1784//5489 1780//5489 2503//5489
f 2415//5490 2414//5490 2510//5490
f 2422//5491 2513//5491 2419//5491
f 2425//5492 2415//5492 2510//5492
f 2514//5493 2512//5493 2423//5493
f 2513//5494 2422//5494 2512//5494
f 2515//5495 2425//5495 2510//5495
f 2513//5496 2512//5496 2518//5496
f 2519//5497 2515//5497 2510//5497
f 2520//5498 2513//5498 2518//5498
f 2516//5499 2522//5499 2518//5499
f 2521//5500 2515//5500 2519//5500
f 2520//5501 2517//5501 2513//5501
f 2428//5502 2419//5502 2517//5502
f 2514//5503 2425//5503 2515//5503
f 2416//5504 2623//5504 2511//5504
f 2525//5505 2516//5505 2515//5505
f 2526//5506 2524//5506 2525//5506
f 2622//5507 2522//5507 2516//5507
f 2528//5508 2527//5508 2428//5508
f 2631//5509 2428//5509 2517//5509
f 2531//5510 2433//5510 2435//5510
f 2435//5511 2545//5511 2529//5511
f 2545//5512 2633//5512 2532//5512
f 2439//5513 2523//5513 2437//5513
f 2533//5514 2523//5514 2439//5514
f 2535//5515 2446//5515 2426//5515
f 2537//5516 2536//5516 2539//5516
f 2543//5517 2537//5517 2539//5517
f 2432//5518 2545//5518 2435//5518
f 2546//5519 2452//5519 2433//5519
f 2546//5520 2433//5520 2531//5520
f 2442//5521 2548//5521 2545//5521
f 2547//5522 2452//5522 2546//5522
f 2446//5523 2551//5523 2450//5523
f 2534//5524 2450//5524 2536//5524
f 2450//5525 2551//5525 2536//5525
f 2550//5526 2534//5526 2537//5526
f 2551//5527 2535//5527 2538//5527
f 2544//5528 2537//5528 2543//5528
f 2547//5529 2453//5529 2452//5529
f 2453//5530 2547//5530 2552//5530
f 2458//5531 2457//5531 2558//5531
f 2554//5532 2459//5532 2555//5532
f 2579//5533 2554//5533 2555//5533
f 2557//5534 2458//5534 2558//5534
f 2558//5535 2577//5535 2559//5535
f 2662//5536 2581//5536 2555//5536
f 2559//5537 2560//5537 2558//5537
f 2461//5538 2549//5538 2442//5538
f 2561//5539 2454//5539 2453//5539
f 2461//5540 2562//5540 2549//5540
f 2561//5541 2453//5541 2552//5541
f 2469//5542 2463//5542 2563//5542
f 2568//5543 2566//5543 2469//5543
f 2568//5544 2469//5544 2564//5544
f 2569//5545 2466//5545 2565//5545
f 2567//5546 2466//5546 2569//5546
f 2570//5547 2568//5547 2474//5547
f 2561//5548 2565//5548 2454//5548
f 2567//5549 2572//5549 2563//5549
f 2665//5550 2571//5550 2561//5550
f 2563//5551 2574//5551 2573//5551
f 2474//5552 2568//5552 2564//5552
f 2578//5553 2579//5553 2555//5553
f 2564//5554 2577//5554 2457//5554
f 2576//5555 2579//5555 2578//5555
f 2577//5556 2556//5556 2457//5556
f 2581//5557 2475//5557 2578//5557
f 2581//5558 2578//5558 2555//5558
f 2583//5559 2480//5559 2470//5559
f 2570//5560 2479//5560 2566//5560
f 2460//5561 2584//5561 2462//5561
f 2582//5562 2585//5562 2583//5562
f 2587//5563 2562//5563 2462//5563
f 2589//5564 2586//5564 2582//5564
f 2483//5565 2576//5565 2475//5565
f 2483//5566 2590//5566 2474//5566
f 2479//5567 2570//5567 2590//5567
f 2580//5568 2483//5568 2475//5568
f 2592//5569 2590//5569 2580//5569
f 2593//5570 2592//5570 2580//5570
f 2679//5571 2597//5571 2592//5571
f 2678//5572 2593//5572 2575//5572
f 2478//5573 2595//5573 2584//5573
f 2594//5574 2586//5574 2589//5574
f 2595//5575 2672//5575 2584//5575
f 2488//5576 2599//5576 2598//5576
f 2390//5577 2592//5577 2597//5577
f 2599//5578 2487//5578 2600//5578
f 2601//5579 2589//5579 2591//5579
f 2680//5580 2597//5580 2679//5580
f 2600//5581 2597//5581 2680//5581
f 2493//5582 2491//5582 2489//5582
f 2603//5583 2490//5583 2481//5583
f 2493//5584 2603//5584 2491//5584
f 2493//5585 2490//5585 2603//5585
f 2604//5586 2603//5586 2481//5586
f 2604//5587 2491//5587 2603//5587
f 2506//5588 2507//5588 2607//5588
f 2509//5589 2501//5589 2609//5589
f 2617//5590 2608//5590 2605//5590
f 2508//5591 1871//5591 1869//5591
f 2507//5592 2615//5592 2607//5592
f 2609//5593 2608//5593 2613//5593
f 2607//5594 2690//5594 2611//5594
f 1872//5595 1874//5595 1877//5595
f 2614//5596 2606//5596 1783//5596
f 2698//5597 1783//5597 1878//5597
f 2616//5598 2606//5598 2614//5598
f 2690//5599 2615//5599 2612//5599
f 2615//5600 2606//5600 2616//5600
f 1877//5601 1881//5601 1872//5601
f 1882//5602 1881//5602 2612//5602
f 2612//5603 1881//5603 1877//5603
f 2618//5604 2509//5604 2619//5604
f 2521//5605 2519//5605 2618//5605
f 2620//5606 2621//5606 2617//5606
f 2624//5607 2526//5607 2525//5607
f 2511//5608 2620//5608 2617//5608
f 2618//5609 2626//5609 2521//5609
f 2625//5610 2620//5610 2511//5610
f 2622//5611 2631//5611 2520//5611
f 2622//5612 2528//5612 2631//5612
f 2530//5613 2634//5613 2632//5613
f 2632//5614 2531//5614 2530//5614
f 2634//5615 2532//5615 2635//5615
f 2633//5616 2636//5616 2635//5616
f 2634//5617 2635//5617 2637//5617
f 2728//5618 2634//5618 2637//5618
f 2639//5619 2640//5619 2523//5619
f 2640//5620 2625//5620 2523//5620
f 2627//5621 2638//5621 2624//5621
f 2641//5622 2628//5622 2640//5622
f 2542//5623 2622//5623 2524//5623
f 2541//5624 2540//5624 2528//5624
f 2638//5625 2541//5625 2542//5625
f 2645//5626 2638//5626 2734//5626
f 2639//5627 2646//5627 2640//5627
f 2646//5628 2641//5628 2640//5628
f 2648//5629 2639//5629 2734//5629
f 2546//5630 2531//5630 2632//5630
f 2650//5631 2546//5631 2632//5631
f 2546//5632 2650//5632 2649//5632
f 2653//5633 2639//5633 2533//5633
f 2655//5634 2560//5634 2559//5634
f 2656//5635 2654//5635 2655//5635
f 2743//5636 2656//5636 2655//5636
f 2739//5637 2651//5637 2548//5637
f 2658//5638 2552//5638 2649//5638
f 2658//5639 2649//5639 2659//5639
f 2666//5640 2739//5640 2549//5640
f 2659//5641 2649//5641 2652//5641
f 2660//5642 2661//5642 2663//5642
f 2662//5643 2557//5643 2560//5643
f 2663//5644 2655//5644 2559//5644
f 2664//5645 2662//5645 2657//5645
f 2663//5646 2743//5646 2655//5646
f 2657//5647 2654//5647 2656//5647
f 2662//5648 2654//5648 2657//5648
f 2561//5649 2552//5649 2665//5649
f 2562//5650 2666//5650 2549//5650
f 2665//5651 2552//5651 2658//5651
f 2671//5652 2664//5652 2755//5652
f 2672//5653 2667//5653 2587//5653
f 2668//5654 2673//5654 2669//5654
f 2675//5655 2668//5655 2670//5655
f 2675//5656 2673//5656 2668//5656
f 2672//5657 2677//5657 2768//5657
f 2683//5658 2679//5658 2678//5658
f 2765//5659 2683//5659 2671//5659
f 2674//5660 2677//5660 2672//5660
f 2674//5661 2686//5661 2677//5661
f 2686//5662 2675//5662 2676//5662
f 2602//5663 2596//5663 2601//5663
f 2687//5664 2681//5664 2673//5664
f 2685//5665 2687//5665 2674//5665
f 2689//5666 2688//5666 2680//5666
f 2687//5667 2682//5667 2681//5667
f 2687//5668 2689//5668 2682//5668
f 2602//5669 2689//5669 2687//5669
f 2773//5670 2689//5670 2684//5670
f 1877//5671 2690//5671 2612//5671
f 2691//5672 2611//5672 2690//5672
f 2610//5673 2613//5673 2693//5673
f 2700//5674 2691//5674 2690//5674
f 2692//5675 1960//5675 1955//5675
f 2694//5676 2692//5676 2693//5676
f 2694//5677 2784//5677 2692//5677
f 2696//5678 2695//5678 2705//5678
f 2692//5679 2697//5679 1960//5679
f 2612//5680 2699//5680 2698//5680
f 2699//5681 2616//5681 2698//5681
f 1964//5682 1877//5682 1961//5682
f 2701//5683 2700//5683 1877//5683
f 2700//5684 2702//5684 2694//5684
f 2694//5685 2702//5685 2695//5685
f 2695//5686 2703//5686 2705//5686
f 2702//5687 2703//5687 2695//5687
f 2703//5688 2701//5688 1964//5688
f 2703//5689 2704//5689 2705//5689
f 2613//5690 2711//5690 2693//5690
f 2706//5691 2619//5691 2691//5691
f 2712//5692 2618//5692 2619//5692
f 2711//5693 2694//5693 2693//5693
f 2706//5694 2691//5694 2711//5694
f 2709//5695 2711//5695 2621//5695
f 2707//5696 2709//5696 2621//5696
f 2621//5697 2714//5697 2708//5697
f 2712//5698 2706//5698 2709//5698
f 2709//5699 2713//5699 2712//5699
f 2713//5700 2725//5700 2712//5700
f 2714//5701 2717//5701 2708//5701
f 2730//5702 2715//5702 2720//5702
f 2717//5703 2707//5703 2708//5703
f 2710//5704 2707//5704 2717//5704
f 2718//5705 2710//5705 2717//5705
f 2716//5706 2710//5706 2718//5706
f 2720//5707 2716//5707 2718//5707
f 2721//5708 2806//5708 2628//5708
f 2807//5709 2732//5709 2720//5709
f 2724//5710 2716//5710 2715//5710
f 2724//5711 2713//5711 2716//5711
f 2716//5712 2713//5712 2710//5712
f 2724//5713 2629//5713 2713//5713
f 2812//5714 2728//5714 2637//5714
f 2812//5715 2726//5715 2729//5715
f 2730//5716 2643//5716 2642//5716
f 2731//5717 2628//5717 2641//5717
f 2628//5718 2733//5718 2721//5718
f 2646//5719 2735//5719 2641//5719
f 2642//5720 2723//5720 2730//5720
f 2722//5721 2734//5721 2626//5721
f 2647//5722 2724//5722 2723//5722
f 2737//5723 2644//5723 2643//5723
f 2648//5724 2644//5724 2737//5724
f 2737//5725 2643//5725 2730//5725
f 2737//5726 2730//5726 2732//5726
f 2728//5727 2652//5727 2650//5727
f 2741//5728 2652//5728 2728//5728
f 2739//5729 2740//5729 2727//5729
f 2646//5730 2742//5730 2735//5730
f 2735//5731 2731//5731 2641//5731
f 2746//5732 2735//5732 2742//5732
f 2742//5733 2648//5733 2746//5733
f 2744//5734 2743//5734 2748//5734
f 2752//5735 2745//5735 2744//5735
f 2735//5736 2746//5736 2744//5736
f 2748//5737 2735//5737 2744//5737
f 2748//5738 2731//5738 2735//5738
f 2747//5739 2749//5739 2746//5739
f 2748//5740 2743//5740 2756//5740
f 2751//5741 2747//5741 2746//5741
f 2826//5742 2752//5742 2744//5742
f 2749//5743 2826//5743 2744//5743
f 2754//5744 2740//5744 2739//5744
f 2663//5745 2756//5745 2743//5745
f 2757//5746 2756//5746 2661//5746
f 2658//5747 2659//5747 2741//5747
f 2745//5748 2657//5748 2656//5748
f 2657//5749 2745//5749 2758//5749
f 2758//5750 2664//5750 2657//5750
f 2758//5751 2745//5751 2752//5751
f 2759//5752 2755//5752 2758//5752
f 2758//5753 2752//5753 2760//5753
f 2756//5754 2757//5754 2753//5754
f 2759//5755 2758//5755 2839//5755
f 2660//5756 2761//5756 2661//5756
f 2763//5757 2757//5757 2661//5757
f 2764//5758 2762//5758 2837//5758
f 2667//5759 2768//5759 2666//5759
f 2676//5760 2675//5760 2762//5760
f 2770//5761 2676//5761 2762//5761
f 2769//5762 2848//5762 2768//5762
f 2764//5763 2770//5763 2762//5763
f 2684//5764 2765//5764 2772//5764
f 2681//5765 2773//5765 2761//5765
f 2773//5766 2766//5766 2761//5766
f 2772//5767 2766//5767 2773//5767
f 2772//5768 2765//5768 2766//5768
f 2761//5769 2766//5769 2763//5769
f 2766//5770 2765//5770 2767//5770
f 2775//5771 2677//5771 2686//5771
f 2686//5772 2676//5772 2774//5772
f 2677//5773 2775//5773 2769//5773
f 2774//5774 2776//5774 2775//5774
f 2777//5775 2015//5775 1953//5775
f 2777//5776 2779//5776 2015//5776
f 2778//5777 2780//5777 2777//5777
f 2781//5778 2782//5778 2780//5778
f 2697//5779 2021//5779 1960//5779
f 2784//5780 2697//5780 2692//5780
f 2023//5781 2786//5781 2022//5781
f 2788//5782 2786//5782 2787//5782
f 2789//5783 2024//5783 2697//5783
f 2785//5784 2862//5784 2789//5784
f 2781//5785 2780//5785 2016//5785
f 2703//5786 1963//5786 2704//5786
f 2028//5787 2696//5787 2705//5787
f 2784//5788 2696//5788 2792//5788
f 2788//5789 2794//5789 2786//5789
f 2792//5790 2793//5790 2794//5790
f 2795//5791 2031//5791 2786//5791
f 2793//5792 2795//5792 2794//5792
f 2031//5793 2033//5793 2032//5793
f 2784//5794 2797//5794 2785//5794
f 2783//5795 2782//5795 2781//5795
f 2783//5796 2781//5796 2791//5796
f 2799//5797 2798//5797 2797//5797
f 2801//5798 2800//5798 2799//5798
f 2801//5799 2799//5799 2796//5799
f 2718//5800 2719//5800 2807//5800
f 2805//5801 2804//5801 2802//5801
f 2732//5802 2807//5802 2809//5802
f 2810//5803 2732//5803 2809//5803
f 2809//5804 2721//5804 2811//5804
f 2727//5805 2729//5805 2726//5805
f 2813//5806 2812//5806 2729//5806
f 2727//5807 2892//5807 2729//5807
f 2814//5808 2812//5808 2813//5808
f 2729//5809 2803//5809 2813//5809
f 2892//5810 2803//5810 2729//5810
f 2816//5811 2815//5811 2732//5811
f 2819//5812 2815//5812 2816//5812
f 2818//5813 2820//5813 2817//5813
f 2819//5814 2816//5814 2896//5814
f 2817//5815 2820//5815 2908//5815
f 2738//5816 2751//5816 2746//5816
f 2826//5817 2825//5817 2748//5817
f 2828//5818 2749//5818 2747//5818
f 2750//5819 2828//5819 2747//5819
f 2825//5820 2818//5820 2731//5820
f 2830//5821 2827//5821 2738//5821
f 2829//5822 2825//5822 2826//5822
f 2831//5823 2738//5823 2815//5823
f 2825//5824 2833//5824 2832//5824
f 2750//5825 2751//5825 2827//5825
f 2827//5826 2830//5826 2843//5826
f 2830//5827 2831//5827 2843//5827
f 2754//5828 2836//5828 2740//5828
f 2834//5829 2824//5829 2822//5829
f 2740//5830 2836//5830 2834//5830
f 2754//5831 2838//5831 2836//5831
f 2839//5832 2758//5832 2760//5832
f 2760//5833 2752//5833 2753//5833
f 2840//5834 2753//5834 2829//5834
f 2840//5835 2829//5835 2826//5835
f 2841//5836 2760//5836 2829//5836
f 2760//5837 2842//5837 2829//5837
f 2839//5838 2841//5838 2757//5838
f 2842//5839 2840//5839 2828//5839
f 2844//5840 2842//5840 2828//5840
f 2839//5841 2760//5841 2841//5841
f 2842//5842 2845//5842 2829//5842
f 2845//5843 2833//5843 2829//5843
f 2844//5844 2828//5844 2843//5844
f 2844//5845 2846//5845 2845//5845
f 2846//5846 2844//5846 2843//5846
f 2846//5847 2833//5847 2845//5847
f 2827//5848 2828//5848 2750//5848
f 2827//5849 2843//5849 2828//5849
f 2847//5850 2846//5850 2843//5850
f 2851//5851 2837//5851 2838//5851
f 2754//5852 2849//5852 2838//5852
f 2849//5853 2851//5853 2838//5853
f 2850//5854 2837//5854 2851//5854
f 2852//5855 2853//5855 2848//5855
f 2849//5856 2853//5856 2851//5856
f 2767//5857 2854//5857 2763//5857
f 2763//5858 2854//5858 2839//5858
f 2855//5859 2764//5859 2850//5859
f 2931//5860 2852//5860 2857//5860
f 2771//5861 2764//5861 2855//5861
f 2776//5862 2857//5862 2769//5862
f 2858//5863 2857//5863 2776//5863
f 2856//5864 2776//5864 2855//5864
f 2783//5865 2859//5865 2782//5865
f 2016//5866 2017//5866 2069//5866
f 2779//5867 2859//5867 2073//5867
f 2859//5868 2860//5868 2073//5868
f 2075//5869 2787//5869 2074//5869
f 2069//5870 2864//5870 2016//5870
f 2862//5871 2863//5871 2024//5871
f 2867//5872 2069//5872 2076//5872
f 2867//5873 2864//5873 2069//5873
f 2868//5874 2869//5874 2860//5874
f 2872//5875 2861//5875 2871//5875
f 2871//5876 2863//5876 2874//5876
f 2862//5877 2875//5877 2874//5877
f 2875//5878 2932//5878 2874//5878
f 2872//5879 2871//5879 2874//5879
f 2879//5880 2878//5880 2880//5880
f 2798//5881 2865//5881 2785//5881
f 2866//5882 2791//5882 2864//5882
f 2868//5883 2860//5883 2859//5883
f 2868//5884 2866//5884 2870//5884
f 2882//5885 2879//5885 2941//5885
f 2801//5886 2796//5886 2883//5886
f 2800//5887 2884//5887 2798//5887
f 2888//5888 2865//5888 2798//5888
f 2801//5889 2885//5889 2884//5889
f 2884//5890 2887//5890 2886//5890
f 2876//5891 2883//5891 2873//5891
f 2802//5892 2890//5892 2805//5892
f 2892//5893 2878//5893 2803//5893
f 2805//5894 2890//5894 2882//5894
f 2882//5895 2890//5895 2877//5895
f 2941//5896 2894//5896 2882//5896
f 2810//5897 2809//5897 2895//5897
f 2808//5898 2899//5898 2811//5898
f 2898//5899 2811//5899 2899//5899
f 2899//5900 2900//5900 2898//5900
f 2901//5901 2897//5901 2898//5901
f 2893//5902 2814//5902 2891//5902
f 2904//5903 2903//5903 2814//5903
f 2906//5904 2949//5904 2892//5904
f 2816//5905 2810//5905 2896//5905
f 2820//5906 2907//5906 2819//5906
f 2907//5907 2831//5907 2819//5907
f 2908//5908 2819//5908 2896//5908
f 2896//5909 2910//5909 2908//5909
f 2909//5910 2899//5910 2808//5910
f 2910//5911 2909//5911 2908//5911
f 2910//5912 2954//5912 2909//5912
f 2911//5913 2897//5913 2902//5913
f 2911//5914 2954//5914 2910//5914
f 2822//5915 2835//5915 2912//5915
f 2822//5916 2912//5916 2906//5916
f 2906//5917 2892//5917 2822//5917
f 2912//5918 2913//5918 2906//5918
f 2824//5919 2821//5919 2823//5919
f 2914//5920 2903//5920 2904//5920
f 2960//5921 2823//5921 2914//5921
f 2915//5922 2831//5922 2907//5922
f 2916//5923 2831//5923 2915//5923
f 2917//5924 2835//5924 2824//5924
f 2918//5925 2917//5925 2823//5925
f 2919//5926 2912//5926 2917//5926
f 2921//5927 2920//5927 2922//5927
f 2833//5928 2923//5928 2915//5928
f 2846//5929 2923//5929 2833//5929
f 2915//5930 2847//5930 2916//5930
f 2847//5931 2923//5931 2846//5931
f 2850//5932 2851//5932 2924//5932
f 2853//5933 2925//5933 2924//5933
f 2926//5934 2925//5934 2927//5934
f 2852//5935 2927//5935 2925//5935
f 2852//5936 2928//5936 2927//5936
f 2929//5937 2850//5937 2926//5937
f 2929//5938 2856//5938 2855//5938
f 2931//5939 2928//5939 2852//5939
f 2858//5940 2856//5940 2930//5940
f 2869//5941 2870//5941 2867//5941
f 2874//5942 2932//5942 2105//5942
f 2875//5943 2935//5943 2932//5943
f 2934//5944 2876//5944 2933//5944
f 2933//5945 2106//5945 2108//5945
f 2935//5946 2937//5946 2932//5946
f 2937//5947 2109//5947 2107//5947
f 2940//5948 2936//5948 2938//5948
f 2880//5949 2943//5949 2942//5949
f 2942//5950 2944//5950 2941//5950
f 2934//5951 2887//5951 2889//5951
f 2887//5952 2946//5952 2886//5952
f 2875//5953 2888//5953 2935//5953
f 2945//5954 2947//5954 2946//5954
f 2888//5955 2948//5955 2935//5955
f 2946//5956 2948//5956 2888//5956
f 2948//5957 2940//5957 2935//5957
f 2878//5958 2949//5958 2880//5958
f 2893//5959 2894//5959 2950//5959
f 2950//5960 2894//5960 2951//5960
f 2950//5961 2951//5961 2944//5961
f 2954//5962 2953//5962 2899//5962
f 2953//5963 2901//5963 2900//5963
f 2953//5964 2955//5964 2901//5964
f 2954//5965 2955//5965 2953//5965
f 2913//5966 2956//5966 2906//5966
f 2956//5967 2949//5967 2906//5967
f 2905//5968 2893//5968 2952//5968
f 2959//5969 2904//5969 2952//5969
f 2956//5970 2963//5970 2973//5970
f 2961//5971 2913//5971 2912//5971
f 2962//5972 2960//5972 2914//5972
f 2920//5973 2960//5973 2965//5973
f 2965//5974 2922//5974 2920//5974
f 2967//5975 2965//5975 2960//5975
f 2961//5976 2966//5976 2913//5976
f 2968//5977 2922//5977 2965//5977
f 2921//5978 2968//5978 2964//5978
f 2922//5979 2968//5979 2921//5979
f 2964//5980 2968//5980 2965//5980
f 2966//5981 2964//5981 2967//5981
f 2937//5982 2110//5982 2109//5982
f 2937//5983 2939//5983 2110//5983
f 2937//5984 2938//5984 2939//5984
f 2970//5985 2944//5985 2969//5985
f 2949//5986 2971//5986 2969//5986
f 2957//5987 2970//5987 2971//5987
f 2956//5988 2972//5988 2971//5988
f 2973//5989 2972//5989 2956//5989
f 2972//5990 2958//5990 2957//5990
f 2976//5991 2962//5991 2959//5991
f 2974//5992 2959//5992 2958//5992
f 2975//5993 2973//5993 2963//5993
f 2977//5994 2975//5994 2963//5994
f 2975//5995 2976//5995 2974//5995
f 2975//5996 2974//5996 2958//5996
f 2977//5997 2978//5997 2976//5997
f 2967//5998 2976//5998 2978//5998
