# Blender 5.2.2 LTS
# www.blender.org
o Coral_Staghorn_A_tmp
v -0.466726 0.007481 -0.005556
v -0.245899 -0.101913 0.003528
v -0.579264 -0.393905 0.249969
v -0.581086 -0.035639 0.213218
v -0.574037 -0.187153 0.351073
v -0.594350 -0.083000 0.352535
v -0.557236 0.010429 0.394463
v -0.292123 -0.569135 0.160675
v -0.509861 -0.394375 0.238731
v -0.503981 -0.349920 0.253998
v -0.505404 -0.323764 0.171617
v -0.467093 -0.410954 0.251210
v -0.428709 -0.471000 0.286425
v -0.424086 -0.395429 0.238170
v -0.392986 -0.281051 0.188473
v -0.385673 -0.463505 0.180583
v -0.403605 -0.353193 0.163516
v -0.374094 -0.408791 0.309475
v -0.387550 -0.465212 0.270171
v -0.343861 -0.386188 0.246484
v -0.316464 -0.471687 0.171288
v -0.327967 -0.407978 0.307235
v -0.331224 -0.332864 0.221127
v -0.315964 -0.327338 0.318978
v -0.287906 -0.549292 0.222435
v -0.302836 -0.370893 0.119849
v -0.277956 -0.394453 0.177459
v -0.462875 -0.535986 0.318282
v -0.463986 -0.535986 0.322217
v -0.463430 -0.527691 0.320249
v -0.444673 -0.303457 0.391208
v -0.379950 -0.322914 0.558253
v -0.389375 -0.292213 0.356547
v -0.349973 -0.352426 0.533646
v -0.357528 -0.305750 0.418336
v -0.266683 -0.458232 0.375881
v -0.286804 -0.291360 0.588213
v -0.494019 -0.108599 0.214163
v -0.549125 -0.067928 0.258539
v -0.501054 -0.167358 0.142691
v -0.503574 -0.041528 0.191195
v -0.466522 -0.018429 0.332478
v -0.454000 0.018684 0.282296
v -0.467174 -0.211480 0.031819
v -0.436643 -0.140816 0.139690
v -0.466139 -0.178234 0.092481
v -0.493206 -0.212506 0.307250
v -0.460016 -0.107729 0.126777
v -0.386737 -0.105828 0.195346
v -0.407871 -0.203628 0.043730
v -0.366241 -0.108632 0.058932
v -0.375707 -0.081501 0.114219
v -0.331350 -0.225972 0.127211
v -0.340632 -0.181294 0.205385
v -0.358515 -0.117513 0.288467
v -0.288492 -0.136015 0.039916
v -0.348441 -0.098548 0.104944
v -0.341226 0.019202 0.154082
v -0.280841 -0.209571 0.217166
v -0.277406 -0.138879 0.141901
v -0.254632 -0.029391 0.039560
v -0.303639 0.004729 0.090265
v -0.571388 -0.102989 0.389594
v -0.533031 -0.071651 0.431052
v -0.571839 -0.106187 0.563535
v -0.543816 -0.036476 0.389803
v -0.497605 -0.182342 0.570582
v -0.524015 -0.133611 0.579378
v -0.491666 -0.032838 0.493458
v -0.439430 -0.106250 0.336408
v -0.463691 -0.109803 0.569186
v -0.496493 -0.026839 0.396907
v -0.462307 -0.105612 0.569186
v -0.472399 -0.083949 0.450053
v -0.352772 -0.078985 0.561155
v -0.421339 -0.269837 0.384176
v -0.391062 -0.250925 0.533059
v -0.372685 -0.195371 0.453251
v -0.420367 -0.184731 0.317434
v -0.398431 -0.029139 0.505608
v -0.364877 -0.211431 0.512897
v -0.358535 -0.214758 0.316515
v -0.303402 -0.123915 0.368961
v -0.318808 0.031524 0.549494
v -0.360977 0.005605 0.587967
v -0.308452 -0.240588 0.555888
v -0.312361 -0.155832 0.292189
v -0.335966 -0.143798 0.524309
v -0.324845 -0.040215 0.431091
v -0.283326 -0.129977 0.563340
v -0.292387 -0.040293 0.358177
v -0.279977 0.004823 0.298077
v -0.292444 0.006702 0.445145
v -0.505918 -0.036535 0.607190
v -0.462999 -0.107707 0.576620
v -0.461049 -0.058632 0.646300
v -0.356229 -0.072463 0.808073
v -0.364226 -0.074589 0.829444
v -0.379908 0.015026 0.638803
v -0.359643 0.017429 0.757183
v -0.324083 -0.220882 0.625201
v -0.314885 -0.152096 0.682483
v -0.326145 -0.072942 0.774493
v -0.348232 -0.070337 0.829444
v -0.315289 -0.253918 0.703689
v -0.287786 -0.105682 0.713780
v -0.312741 -0.040994 0.612644
v -0.269880 -0.029127 0.693079
v 0.021050 -0.530976 0.294712
v -0.114984 -0.648703 0.357728
v -0.077743 -0.613953 0.284929
v -0.103203 -0.583825 0.364090
v -0.022217 -0.595267 0.323930
v -0.005718 -0.606528 0.481018
v 0.011858 -0.577660 0.423185
v -0.256341 -0.429944 0.121716
v -0.181476 -0.524058 0.196675
v -0.222212 -0.501952 0.246636
v -0.225105 -0.431354 0.187888
v -0.216451 -0.461704 0.181438
v -0.205619 -0.397150 0.267727
v -0.189626 -0.460979 0.271494
v -0.139490 -0.504815 0.221515
v -0.133289 -0.539585 0.286825
v -0.116213 -0.434782 0.244264
v -0.162468 -0.325431 0.258824
v -0.115520 -0.526810 0.140147
v -0.091106 -0.464450 0.079792
v -0.159730 -0.353490 0.148583
v -0.110269 -0.311702 0.289102
v -0.104131 -0.529040 0.185891
v -0.067800 -0.501629 0.069992
v -0.092764 -0.500200 0.259853
v -0.072259 -0.446095 0.168328
v -0.069713 -0.365047 0.250814
v -0.057908 -0.481383 0.110117
v -0.042460 -0.390853 0.141999
v -0.051443 -0.327307 0.030250
v -0.022107 -0.492534 0.204850
v 0.021212 -0.227326 0.031596
v 0.025135 -0.352372 0.115806
v -0.240808 -0.482126 0.447202
v -0.220769 -0.423752 0.343045
v -0.260340 -0.380039 0.367187
v -0.252301 -0.298222 0.338267
v -0.181764 -0.431695 0.467600
v -0.187023 -0.540267 0.342190
v -0.133574 -0.488927 0.464993
v -0.178887 -0.501952 0.501926
v -0.177610 -0.466751 0.356383
v -0.190517 -0.444321 0.402626
v -0.202687 -0.375012 0.329180
v -0.176525 -0.370539 0.505494
v -0.196118 -0.362321 0.601767
v -0.225162 -0.280732 0.530648
v -0.142785 -0.490626 0.321525
v -0.147338 -0.375823 0.425160
v -0.092748 -0.508296 0.304108
v -0.109353 -0.423263 0.532723
v -0.120637 -0.426595 0.430645
v -0.083482 -0.560407 0.348233
v -0.056057 -0.413040 0.409061
v -0.073835 -0.470972 0.604995
v -0.056893 -0.359783 0.306015
v -0.048277 -0.380558 0.501698
v -0.033534 -0.490083 0.397268
v -0.004296 -0.535633 0.467461
v 0.009643 -0.511002 0.459579
v -0.014441 -0.378962 0.551901
v -0.140662 -0.428901 0.621513
v -0.146567 -0.283731 0.639561
v -0.133847 -0.284611 0.800101
v -0.087707 -0.447308 0.668707
v -0.025889 -0.408618 0.639857
v -0.063878 -0.281000 0.582488
v -0.253050 -0.147266 0.061140
v -0.187848 -0.146157 0.052736
v -0.206835 -0.059658 0.107366
v -0.217792 0.011014 0.155968
v -0.200547 -0.247190 0.034483
v -0.196332 -0.248086 0.281473
v -0.174854 -0.073411 0.188028
v -0.134548 -0.075890 0.272821
v -0.138754 -0.213581 0.307742
v -0.143367 -0.189506 0.019550
v -0.080754 -0.215860 0.052351
v -0.085071 -0.237972 0.037461
v -0.053940 -0.051534 0.346044
v -0.050176 -0.218808 0.124511
v -0.018692 -0.181886 0.172769
v 0.007105 -0.121050 0.268855
v -0.255382 -0.235166 0.458611
v -0.219004 -0.231769 0.348958
v -0.236429 0.013896 0.358677
v -0.187093 -0.064594 0.566030
v -0.156787 -0.252988 0.378716
v -0.058793 -0.176069 0.538443
v -0.074641 0.017788 0.494516
v -0.046785 -0.140021 0.451990
v -0.011430 -0.290456 0.485484
v -0.001913 -0.159849 0.412617
v -0.008249 -0.072751 0.495458
v -0.009064 -0.096710 0.571134
v 0.002881 0.014217 0.488249
v -0.216386 -0.210190 0.613277
v -0.255227 -0.179486 0.690435
v -0.226910 -0.244194 0.705391
v -0.168030 -0.243747 0.591055
v -0.151219 -0.154018 0.636493
v -0.188434 -0.000110 0.640552
v -0.167083 -0.259015 0.758463
v -0.132403 -0.193400 0.797620
v -0.174131 -0.159807 0.718577
v -0.156845 -0.151294 0.809684
v -0.117579 -0.251926 0.669368
v -0.148677 -0.182936 0.876610
v -0.067619 -0.074505 0.570901
v -0.101142 -0.104610 0.686342
v -0.101206 -0.016180 0.571393
v -0.114753 -0.007276 0.661606
v -0.065201 -0.170766 0.700936
v -0.067262 -0.202174 0.784196
v -0.005887 -0.142454 0.624417
v -0.029026 -0.141457 0.701584
v 0.022591 -0.142306 0.819638
v -0.176918 -0.186763 0.925941
v -0.179007 -0.172412 0.919171
v -0.174830 -0.172412 0.932711
v -0.335532 0.033388 0.000768
v -0.261801 0.039828 -0.014956
v -0.052363 0.186228 -0.003207
v -0.590430 0.099580 0.076822
v -0.569827 0.070292 0.459853
v -0.570754 0.067011 0.472927
v -0.568900 0.073572 0.472927
v -0.547430 0.084950 0.033264
v -0.534972 0.143205 0.075634
v -0.504232 0.068095 0.281402
v -0.501758 0.149498 0.281661
v -0.463757 0.054318 0.066938
v -0.463298 0.091124 0.037492
v -0.459178 0.251573 0.107842
v -0.389829 0.108424 0.106023
v -0.414068 0.073380 0.238973
v -0.409617 0.111170 0.282211
v -0.429285 0.179137 0.103811
v -0.376686 0.111114 0.071485
v -0.358184 0.048433 0.045096
v -0.357115 0.108930 0.278132
v -0.334378 0.160515 0.083818
v -0.354761 0.137304 0.290118
v -0.364654 0.248660 0.312760
v -0.287800 0.059910 0.212186
v -0.331450 0.153585 0.110047
v -0.313715 0.197641 0.234534
v -0.290152 0.078227 0.080514
v -0.287181 0.102514 0.152409
v -0.290970 0.204946 0.110735
v -0.301258 0.241594 0.170438
v -0.309003 0.270100 0.287125
v -0.287992 0.307394 0.148333
v -0.540855 0.044073 0.463866
v -0.533138 0.106109 0.357774
v -0.468021 0.039332 0.432248
v -0.435532 0.207655 0.458520
v -0.431721 0.216107 0.550211
v -0.433898 0.053985 0.325091
v -0.389910 0.001870 0.415240
v -0.377893 0.174352 0.565425
v -0.392676 0.227503 0.368258
v -0.363261 0.252416 0.495978
v -0.363016 0.278172 0.382070
v -0.332624 0.224907 0.541761
v -0.298271 0.081217 0.520926
v -0.282452 0.094263 0.442568
v -0.264334 0.245422 0.433560
v -0.294190 0.275191 0.350267
v -0.250383 0.279694 0.483165
v -0.426131 0.033384 0.883293
v -0.378705 0.043183 0.795544
v -0.410663 0.071679 0.662193
v -0.376335 0.058817 0.835333
v -0.373700 0.071455 0.717675
v -0.373963 0.160904 0.698554
v -0.300403 0.048016 0.831306
v -0.311678 0.095157 0.763164
v -0.321488 0.140598 0.600595
v -0.306449 0.157296 0.662108
v -0.286509 0.252276 0.677657
v -0.355805 0.349915 0.176344
v -0.366399 0.396062 0.270642
v -0.395248 0.351937 0.336405
v -0.314520 0.329470 0.250311
v -0.320277 0.374939 0.144935
v -0.358176 0.424478 0.217755
v -0.281588 0.333843 0.264407
v -0.252687 0.360159 0.207039
v -0.389416 0.355493 0.391456
v -0.409429 0.433452 0.339017
v -0.346432 0.426236 0.353792
v -0.296080 0.391990 0.336765
v -0.287623 0.435763 0.393342
v -0.270994 0.464995 0.505761
v -0.284193 0.489026 0.536147
v -0.286233 0.509605 0.528986
v -0.282153 0.509605 0.543309
v -0.285259 0.532779 0.560709
v -0.286781 0.527634 0.573804
v -0.283738 0.537925 0.573804
v -0.238826 0.091334 0.242881
v -0.244577 0.173779 0.181221
v -0.187569 0.086030 0.102531
v -0.180421 0.165903 0.017449
v -0.207488 0.087841 0.018996
v -0.221486 0.309527 0.179279
v -0.083104 0.088777 0.271307
v -0.108200 0.144527 0.074935
v -0.096772 0.144350 0.143911
v -0.136759 0.209040 0.064642
v -0.119033 0.342595 0.143607
v -0.034225 0.176402 0.069859
v -0.037028 0.287285 0.031615
v -0.318007 0.164449 0.370890
v -0.255620 0.183057 0.575380
v -0.232963 0.238877 0.395660
v -0.193312 0.237046 0.558417
v -0.163521 0.288912 0.493327
v -0.099156 0.291841 0.581636
v -0.037615 0.072130 0.496952
v -0.073606 0.024328 0.362319
v -0.021815 0.257744 0.523947
v -0.222681 0.039824 0.766310
v -0.258230 0.175978 0.646326
v -0.245716 0.220149 0.700715
v -0.249076 0.285805 0.844148
v -0.222404 0.104247 0.605550
v -0.241750 0.103482 0.773625
v -0.215631 0.244356 0.605226
v -0.185171 0.268457 0.720802
v -0.215357 0.276658 0.784850
v -0.106371 0.106992 0.590457
v -0.210055 0.244524 0.752932
v -0.165596 0.054925 0.699098
v -0.132339 0.196700 0.674122
v -0.121056 0.245390 0.687636
v -0.116909 0.065156 0.602881
v -0.095872 0.154930 0.766804
v -0.108337 0.177341 0.858705
v -0.086975 0.242250 0.636653
v -0.051760 0.290833 0.709498
v -0.058900 0.139006 0.659274
v -0.003714 0.129182 0.830465
v -0.039735 0.190582 0.787574
v -0.011121 0.152361 0.743333
v -0.031918 0.201452 0.596926
v 0.029818 0.158883 0.720557
v -0.251288 0.278826 0.866820
v -0.186308 0.480628 0.311958
v -0.180943 0.565149 0.230311
v -0.169936 0.459888 0.227453
v -0.128603 0.487582 0.256176
v -0.042428 0.384410 0.068378
v -0.070540 0.458020 0.279924
v -0.020385 0.351543 0.186062
v -0.040483 0.387826 0.118887
v -0.038438 0.496918 0.093668
v -0.016066 0.388705 0.103846
v 0.006652 0.450795 0.087624
v -0.232101 0.328711 0.385509
v -0.259054 0.410966 0.448206
v -0.225279 0.369747 0.311642
v -0.227826 0.497304 0.368038
v -0.226987 0.356524 0.500679
v -0.214447 0.374963 0.573694
v -0.229988 0.428405 0.468964
v -0.221697 0.469657 0.438880
v -0.173750 0.366270 0.546428
v -0.117882 0.424444 0.443451
v -0.087670 0.432539 0.611203
v -0.158032 0.529617 0.430560
v -0.133841 0.536156 0.377914
v -0.108896 0.331832 0.600230
v -0.109082 0.472897 0.314355
v -0.103851 0.496907 0.388329
v -0.028513 0.337001 0.542945
v 0.010533 0.367829 0.408949
v -0.053692 0.430336 0.322400
v -0.019064 0.419737 0.521158
v -0.065858 0.460576 0.495307
v -0.003022 0.629646 0.351740
v 0.020237 0.456911 0.504054
v -0.219097 0.286066 0.785955
v -0.211618 0.286066 0.783746
v -0.189160 0.392140 0.605872
v -0.174400 0.391803 0.604675
v -0.174400 0.392476 0.607069
v -0.034564 0.314848 0.743552
v -0.036594 0.314848 0.755333
v -0.035579 0.331825 0.749442
v -0.030190 0.401726 0.601665
v -0.246864 0.292783 0.866820
v 0.096917 -0.575961 0.179718
v 0.144109 -0.578235 0.249476
v 0.147142 -0.639913 0.215559
v 0.020402 -0.594935 0.374398
v 0.033217 -0.570401 0.533175
v 0.033217 -0.570913 0.535108
v 0.075246 -0.678084 0.464947
v 0.042481 -0.604231 0.497663
v 0.077681 -0.588317 0.393909
v 0.028688 -0.538497 0.429017
v 0.036148 -0.570657 0.534142
v 0.279367 -0.566086 0.375215
v 0.044003 -0.392906 0.225116
v 0.050478 -0.495029 0.192571
v 0.065773 -0.512023 0.206460
v 0.063673 -0.495416 0.218912
v 0.117063 -0.441143 0.145630
v 0.081898 -0.404023 0.172398
v 0.120167 -0.342569 0.273801
v 0.165579 -0.491046 0.221341
v 0.176928 -0.416696 0.173037
v 0.170809 -0.343688 0.258911
v 0.173158 -0.364473 0.101859
v 0.151328 -0.347643 0.202413
v 0.190775 -0.498672 0.270671
v 0.254838 -0.449638 0.130492
v 0.212719 -0.463007 0.217575
v 0.227769 -0.386418 0.282437
v 0.222472 -0.278609 0.272442
v 0.288428 -0.547093 0.130515
v 0.310520 -0.497933 0.282185
v 0.251738 -0.342411 0.082501
v 0.316690 -0.258279 0.114444
v 0.035488 -0.541062 0.483425
v 0.031103 -0.485788 0.466090
v 0.028462 -0.487706 0.474507
v 0.002286 -0.464776 0.534187
v 0.019614 -0.324405 0.607170
v 0.050666 -0.386352 0.531078
v 0.101267 -0.437786 0.412699
v 0.070672 -0.356751 0.462870
v 0.096134 -0.346611 0.502114
v 0.070672 -0.356329 0.464290
v 0.037329 -0.280946 0.473744
v 0.134104 -0.356794 0.463848
v 0.072424 -0.356540 0.463580
v 0.084035 -0.406172 0.347058
v 0.184490 -0.427647 0.417832
v 0.182008 -0.392131 0.532968
v 0.153324 -0.273814 0.330206
v 0.178155 -0.281288 0.689176
v 0.215135 -0.496583 0.333502
v 0.180305 -0.426699 0.464216
v 0.218561 -0.371187 0.438387
v 0.178340 -0.268324 0.472598
v 0.221176 -0.357886 0.504845
v 0.250351 -0.242470 0.325702
v 0.276450 -0.290096 0.458966
v 0.281535 -0.510784 0.345986
v 0.283444 -0.330505 0.297740
v 0.276222 -0.390951 0.458497
v 0.046044 -0.392087 0.653253
v 0.057261 -0.349885 0.678860
v 0.145827 -0.359158 0.778358
v 0.177902 -0.344741 0.608254
v 0.106497 -0.292220 0.721477
v 0.188876 -0.363787 0.649464
v 0.174052 -0.349999 0.740850
v 0.151104 -0.261388 0.730136
v 0.222859 -0.390218 0.694084
v 0.123128 -0.138725 0.029185
v 0.117480 -0.199984 -0.005893
v 0.176292 -0.080556 0.102496
v 0.155937 -0.082549 0.022131
v 0.101834 -0.073388 0.228826
v 0.143157 -0.043775 0.156099
v 0.106252 0.027037 0.280687
v 0.175762 -0.168812 0.215248
v 0.214007 -0.257947 0.162356
v 0.170819 -0.233433 0.174019
v 0.260266 -0.106010 0.035803
v 0.218465 -0.128942 0.193040
v 0.174141 -0.010533 0.030122
v 0.297061 -0.247460 0.189236
v 0.273670 -0.175806 0.107088
v 0.326554 -0.170056 0.253791
v 0.279207 -0.026427 0.074914
v 0.274433 -0.022318 0.131759
v 0.291314 -0.053505 0.175035
v 0.053180 -0.053642 0.336145
v 0.004509 0.003124 0.396895
v 0.045662 -0.023937 0.457446
v 0.048217 -0.139615 0.456319
v 0.084900 -0.241677 0.565875
v 0.107445 -0.094925 0.498286
v 0.218975 -0.235496 0.463878
v 0.216101 -0.225693 0.547678
v 0.256456 -0.176549 0.358158
v 0.248989 -0.071019 0.322804
v 0.323250 -0.130686 0.505025
v 0.046589 -0.186760 0.801214
v 0.026598 -0.118919 0.710722
v 0.098955 -0.198151 0.600638
v 0.171530 -0.203112 0.612182
v 0.168963 -0.054925 0.633786
v 0.195402 -0.136291 0.605561
v 0.242645 -0.114377 0.752843
v 0.255950 -0.202543 0.608070
v 0.250356 -0.140752 0.604212
v 0.276887 -0.155629 0.688291
v 0.235233 0.019199 0.656553
v 0.358579 -0.596456 0.178055
v 0.311810 -0.605165 0.391022
v 0.311810 -0.606252 0.394354
v 0.321627 -0.605708 0.392688
v 0.313823 -0.491621 0.227333
v 0.318357 -0.448028 0.133164
v 0.336140 -0.380946 0.181547
v 0.352697 -0.322604 0.177387
v 0.395510 -0.353176 0.316678
v 0.368471 -0.501451 0.180023
v 0.405036 -0.375144 0.256596
v 0.415810 -0.286436 0.128157
v 0.416817 -0.303643 0.160700
v 0.495521 -0.318598 0.143903
v 0.537139 -0.276455 0.281273
v 0.311346 -0.411869 0.310991
v 0.308000 -0.346663 0.353450
v 0.324129 -0.291007 0.509057
v 0.348031 -0.302174 0.573386
v 0.347602 -0.379706 0.372024
v 0.360935 -0.383325 0.464717
v 0.327934 -0.398898 0.504226
v 0.330038 -0.325522 0.365702
v 0.336065 -0.280362 0.463484
v 0.391675 -0.433452 0.498691
v 0.440709 -0.404817 0.312054
v 0.385166 -0.418581 0.500568
v 0.398184 -0.418581 0.496813
v 0.456505 -0.424101 0.323781
v 0.472341 -0.431345 0.325935
v 0.472341 -0.416857 0.321626
v 0.566117 -0.320103 0.317117
v 0.569157 -0.320911 0.324913
v 0.398126 -0.306629 0.661626
v 0.421523 -0.316664 0.702949
v 0.423086 -0.322220 0.751449
v 0.462215 -0.321907 0.749623
v 0.307645 -0.181809 0.189105
v 0.291785 -0.080721 0.264699
v 0.346797 -0.031836 0.103213
v 0.296097 0.006305 0.200383
v 0.364706 -0.206768 0.132053
v 0.355316 -0.131548 0.145591
v 0.353928 -0.108082 0.183130
v 0.390482 -0.098770 0.137828
v 0.361559 -0.015770 0.255582
v 0.367738 -0.006425 0.126916
v 0.388342 -0.170917 0.065278
v 0.418845 -0.156508 0.180403
v 0.406225 -0.068679 0.302493
v 0.397801 -0.045200 0.146313
v 0.442376 -0.235215 0.285894
v 0.423403 -0.152089 0.158162
v 0.445777 -0.252412 0.144406
v 0.435465 -0.160556 0.113873
v 0.464326 -0.069522 0.105747
v 0.468644 0.000429 0.138453
v 0.476782 -0.180857 0.267441
v 0.464236 -0.121310 0.200514
v 0.539339 -0.035596 0.143684
v 0.332894 -0.106622 0.539706
v 0.323425 -0.057369 0.460820
v 0.381235 -0.210138 0.511239
v 0.308491 -0.066251 0.395516
v 0.347583 -0.164129 0.506097
v 0.390500 -0.178249 0.569603
v 0.374706 -0.021328 0.384475
v 0.416209 -0.219137 0.565106
v 0.404936 -0.206383 0.316122
v 0.423304 -0.139469 0.322857
v 0.458736 -0.064001 0.428171
v 0.407900 -0.032493 0.505951
v 0.416420 -0.002509 0.425981
v 0.487310 -0.135856 0.386822
v 0.509861 -0.013918 0.318549
v 0.469301 0.000322 0.576222
v 0.518323 -0.109247 0.374699
v 0.524241 -0.081790 0.356754
v 0.518194 -0.081841 0.492561
v 0.486897 -0.004818 0.426366
v 0.496758 -0.255910 0.325131
v 0.506127 -0.202758 0.378523
v 0.535676 -0.217390 0.433360
v 0.541126 -0.177750 0.334629
v 0.539722 -0.062312 0.562914
v 0.514744 0.028787 0.338957
v 0.553871 0.031574 0.522724
v 0.324651 -0.129966 0.785316
v 0.306907 -0.082547 0.669956
v 0.316777 0.037467 0.766144
v 0.317960 0.029488 0.703319
v 0.330332 -0.253587 0.651127
v 0.350389 -0.087418 0.634038
v 0.402093 -0.080036 0.653293
v 0.403102 -0.108559 0.608529
v 0.509320 0.000578 0.660722
v 0.495729 0.035670 0.684976
v 0.531980 0.001623 0.710074
v 0.534584 0.001039 0.717595
v 0.537188 0.000454 0.710074
v 0.560113 -0.001221 0.747454
v 0.572198 -0.321718 0.317117
v 0.613158 -0.180986 0.401511
v 0.601055 -0.140979 0.454180
v 0.610016 -0.128049 0.391947
v 0.609284 -0.069753 0.355289
v 0.574560 -0.002424 0.744239
v 0.148132 0.032792 -0.003983
v 0.254904 0.066434 0.007160
v 0.005613 0.099774 0.309660
v -0.000245 0.149768 0.165017
v 0.032712 0.173632 0.028054
v 0.080116 0.277038 0.083709
v 0.028378 0.340162 0.102534
v 0.088374 0.138674 0.011980
v 0.129816 0.102468 0.036259
v 0.106298 0.066054 0.205411
v 0.157903 0.269823 0.046659
v 0.149504 0.065158 0.029260
v 0.198673 0.217052 0.096034
v 0.207940 0.162327 0.220053
v 0.242197 0.096436 0.305251
v 0.311280 0.138068 0.156886
v 0.272417 0.175345 0.348644
v 0.250708 0.229525 0.220841
v 0.219430 0.264078 0.284789
v 0.287078 0.068608 0.256707
v 0.285199 0.107982 0.092790
v 0.277657 0.157850 0.212618
v 0.270741 0.308069 0.158696
v 0.311293 0.259070 0.183611
v 0.028633 0.184049 0.572068
v 0.089596 0.283982 0.368963
v 0.100872 0.041478 0.584181
v 0.176146 0.219771 0.312563
v 0.197923 0.286202 0.410732
v 0.223307 0.208054 0.384402
v 0.194852 0.212214 0.529273
v 0.246308 0.216391 0.536486
v 0.317499 0.228808 0.390113
v 0.032591 0.040736 0.676710
v 0.038820 0.081815 0.777959
v 0.044099 0.134501 0.636480
v 0.039803 0.182089 0.853588
v 0.104281 0.031404 0.784556
v 0.068457 0.137567 0.802366
v 0.081005 0.201463 0.675662
v 0.080907 0.173256 0.612065
v 0.101630 0.067534 0.726310
v 0.086492 0.332996 0.631862
v 0.093052 0.284389 0.700381
v 0.166749 0.055960 0.648311
v 0.119629 0.272681 0.780584
v 0.142454 0.288494 0.747765
v 0.171012 0.188093 0.689873
v 0.199866 0.087980 0.661665
v 0.212075 0.107490 0.603203
v 0.259693 0.167101 0.772273
v 0.222687 0.195538 0.599948
v 0.148695 0.258658 0.693112
v 0.226683 0.074582 0.565482
v 0.316111 0.015612 0.642292
v 0.291553 0.147941 0.604299
v 0.302866 0.147771 0.755544
v 0.345375 0.212659 0.684932
v 0.292338 0.263868 0.588124
v 0.060092 0.311376 0.215998
v -0.005506 0.574065 0.268338
v 0.098812 0.430588 0.103083
v 0.044377 0.393743 0.251814
v 0.087314 0.389770 0.173981
v 0.112830 0.421223 0.196014
v 0.079032 0.432602 0.288210
v 0.182461 0.350104 0.067576
v 0.126261 0.390401 0.123946
v 0.144726 0.390695 0.280746
v 0.195728 0.383927 0.258597
v 0.216321 0.400536 0.181127
v 0.240810 0.335630 0.221789
v 0.261907 0.376741 0.096410
v 0.255396 0.455667 0.219425
v 0.293158 0.465788 0.245828
v 0.039153 0.320485 0.357513
v 0.026299 0.420253 0.342953
v -0.019767 0.589756 0.376576
v 0.085373 0.327678 0.429509
v 0.072916 0.489309 0.477977
v 0.069862 0.543425 0.358269
v 0.100899 0.418840 0.332197
v 0.094011 0.423851 0.542603
v 0.092682 0.470125 0.390177
v 0.108519 0.495144 0.527776
v 0.106689 0.495144 0.536761
v 0.107604 0.504610 0.532268
v 0.151139 0.322225 0.358644
v 0.173524 0.312029 0.489254
v 0.174056 0.340181 0.550255
v 0.172673 0.453805 0.423329
v 0.127383 0.469955 0.362662
v 0.258529 0.378164 0.333807
v 0.207081 0.334123 0.543364
v 0.212656 0.487792 0.497089
v 0.216070 0.502333 0.498055
v 0.249537 0.396662 0.555982
v 0.212793 0.461121 0.462634
v 0.219483 0.487792 0.499020
v 0.256335 0.462230 0.370126
v 0.032554 0.415689 0.706073
v -0.002086 0.437655 0.664517
v 0.108888 0.426107 0.642592
v 0.144917 0.315534 0.619287
v 0.178867 0.395403 0.625258
v 0.326141 0.330321 0.623098
v 0.358516 0.057120 0.176386
v 0.350115 0.065893 0.111897
v 0.423767 0.127655 0.028345
v 0.424648 0.285862 0.180535
v 0.367793 0.010755 0.077963
v 0.394130 0.073722 0.065297
v 0.465897 0.136825 0.281322
v 0.352441 0.182915 0.246233
v 0.380893 0.289089 0.179107
v 0.437726 0.032360 0.031585
v 0.390167 0.170740 0.076913
v 0.431180 0.216073 0.226095
v 0.463468 0.025903 0.105669
v 0.455673 0.041806 0.108237
v 0.486595 0.065373 0.260948
v 0.473466 0.072808 0.037860
v 0.471263 0.041806 0.103101
v 0.502062 0.227683 0.277773
v 0.527536 0.067914 0.070097
v 0.527536 0.074075 0.071678
v 0.540049 0.070994 0.070888
v 0.315978 0.035114 0.531407
v 0.282694 0.082039 0.348185
v 0.320278 0.064976 0.490059
v 0.314664 0.082842 0.571806
v 0.324385 0.183061 0.501798
v 0.336234 0.295638 0.379563
v 0.272334 0.338846 0.525743
v 0.325500 0.281023 0.567976
v 0.383074 0.067560 0.337427
v 0.357198 0.104153 0.391238
v 0.376459 0.177950 0.555444
v 0.377392 0.239813 0.399909
v 0.361603 0.252419 0.429051
v 0.409330 0.037716 0.589493
v 0.429834 0.107055 0.499582
v 0.427580 0.149782 0.448022
v 0.362518 0.142583 0.497634
v 0.389772 0.251150 0.510886
v 0.406696 0.061608 0.498385
v 0.405642 0.260481 0.351523
v 0.439731 0.255920 0.508100
v 0.529869 0.015211 0.389787
v 0.510346 0.100123 0.302637
v 0.508069 0.187568 0.531356
v 0.563722 0.074884 0.389119
v 0.376583 0.036399 0.609657
v 0.363816 0.194596 0.626486
v 0.326677 0.187495 0.785805
v 0.334174 0.326493 0.281846
v 0.307042 0.403785 0.120134
v 0.338905 0.395328 0.302468
v 0.341036 0.382677 0.352414
v 0.400133 0.315316 0.353214
v 0.395310 0.381765 0.432030
v 0.428055 0.397456 0.453093
v 0.454739 0.428061 0.459063
v 0.461109 0.426125 0.475142
v 0.467480 0.424190 0.459063
v 0.323928 0.350790 0.635863
v 0.318400 0.354184 0.679103
v 0.362243 0.352318 0.708268
v 0.331551 0.357018 0.678352
v 0.352260 0.353657 0.718308
v 0.355242 0.395490 0.707658
v 0.601444 0.100286 0.426423
v 0.601444 0.109359 0.428233
v 0.612879 0.104823 0.427328
v 0.570561 0.036046 0.748947
vn -0.0198 -0.0576 0.9981
vn -0.3775 0.8807 0.2861
vn -0.0128 -0.6221 -0.7828
vn 0.4019 0.2021 0.8931
vn -0.9051 -0.1881 -0.3813
vn -0.0030 -0.6468 0.7626
vn 0.1495 0.3596 0.9211
vn 0.7766 -0.2570 0.5751
vn -0.4393 0.7756 0.4533
vn -0.8393 -0.1528 -0.5218
vn -0.9558 -0.2548 0.1471
vn -0.1699 -0.4296 -0.8869
vn -0.4022 -0.0327 -0.9150
vn -0.7653 -0.6125 -0.1978
vn 0.0506 -0.1513 0.9872
vn -0.7413 0.0126 0.6710
vn -0.0221 -0.6534 0.7567
vn -0.2806 -0.3465 -0.8951
vn -0.6541 0.2606 -0.7101
vn -0.9935 0.1064 -0.0414
vn 0.3610 -0.8274 0.4303
vn 0.1214 -0.8134 0.5689
vn -0.4572 0.6174 -0.6401
vn -0.1126 -0.6635 -0.7396
vn 0.6629 -0.7372 -0.1309
vn -0.7938 0.2999 -0.5291
vn -0.3255 0.8256 -0.4609
vn -0.2628 0.4316 -0.8629
vn -0.7958 0.4802 -0.3689
vn -0.4975 -0.4059 -0.7667
vn -0.3449 0.1706 0.9230
vn -0.7507 0.5312 -0.3927
vn -0.5056 -0.8622 0.0307
vn -0.1050 0.3486 -0.9314
vn -0.7305 -0.6182 -0.2901
vn -0.8782 -0.1650 -0.4490
vn -0.7297 0.3005 0.6142
vn -0.3275 -0.8309 -0.4498
vn -0.4593 0.8847 -0.0791
vn -0.3413 -0.6799 0.6491
vn -0.8712 0.2371 0.4300
vn -0.8534 -0.4993 -0.1496
vn -0.2962 -0.9313 -0.2120
vn -0.7363 0.6230 0.2641
vn 0.3077 -0.3504 0.8846
vn -0.1314 -0.9913 0.0111
vn -0.1614 -0.9762 0.1447
vn -0.5249 -0.2165 -0.8232
vn -0.6888 -0.0970 -0.7184
vn -0.4708 -0.4433 -0.7628
vn -0.7452 -0.2949 -0.5981
vn -0.6077 0.0849 0.7896
vn -0.6123 -0.7022 0.3634
vn -0.4116 -0.5287 0.7423
vn -0.5449 0.5626 -0.6217
vn -0.4018 -0.1822 0.8974
vn 0.9496 -0.3134 -0.0000
vn 0.1377 -0.1032 0.9851
vn 0.3042 -0.7637 0.5694
vn -0.5724 0.8157 -0.0838
vn 0.5838 -0.1933 0.7886
vn -0.9919 0.0297 0.1236
vn 0.2569 -0.9664 -0.0000
vn -0.2569 0.9664 -0.0000
vn -0.9176 -0.3686 -0.1488
vn -0.8978 -0.4333 -0.0793
vn 0.4177 -0.6629 0.6214
vn -0.4209 -0.5421 0.7273
vn -0.9953 -0.0372 -0.0898
vn 0.8332 -0.0458 0.5511
vn -0.6431 -0.5092 -0.5720
vn -0.5244 0.3256 0.7868
vn 0.4139 -0.3425 -0.8434
vn 0.8484 0.3878 -0.3604
vn -0.9243 -0.2129 0.3168
vn 0.5705 -0.4891 -0.6598
vn -0.1673 -0.8768 -0.4509
vn -0.5805 -0.4854 -0.6537
vn 0.2435 -0.0261 0.9696
vn -0.2284 -0.6763 0.7003
vn 0.3296 -0.8957 0.2986
vn 0.2286 -0.7218 -0.6533
vn 0.3462 -0.3198 -0.8820
vn -0.5584 -0.1342 -0.8187
vn 0.8753 -0.2865 0.3895
vn 0.2439 -0.1780 -0.9533
vn -0.1525 -0.9330 -0.3259
vn 0.3461 -0.2393 -0.9072
vn 0.5087 -0.3619 0.7812
vn 0.1049 -0.7555 -0.6467
vn -0.4115 0.3394 0.8458
vn -0.5961 0.4215 0.6833
vn -0.0038 -0.9416 -0.3368
vn -0.8119 0.3735 0.4487
vn 0.0101 -0.8986 0.4387
vn -0.5566 0.3462 0.7552
vn 0.7193 0.6574 -0.2246
vn 0.7405 -0.4232 -0.5221
vn 0.8561 -0.4979 0.1385
vn -0.8865 -0.4401 -0.1429
vn -0.2683 -0.9242 -0.2718
vn -0.0281 0.4054 0.9137
vn 0.7197 0.6820 -0.1300
vn -0.8475 0.5306 0.0111
vn -0.8934 0.2895 -0.3436
vn -0.9261 -0.1936 -0.3237
vn 0.4285 -0.5027 -0.7508
vn -0.5493 -0.4932 0.6746
vn -0.9917 -0.1271 0.0176
vn -0.3988 0.7202 0.5677
vn -0.9780 -0.2054 -0.0372
vn -0.6327 0.3573 0.6871
vn 0.7674 -0.5752 0.2832
vn -0.6917 -0.4267 -0.5826
vn -0.9531 0.2275 0.1996
vn -0.8444 0.1975 0.4981
vn 0.4518 -0.8478 -0.2776
vn -0.6905 -0.6871 0.2259
vn -0.3394 -0.3638 0.8674
vn -0.2304 0.7909 0.5670
vn -0.2077 0.3490 0.9138
vn 0.6123 -0.6883 0.3890
vn 0.8129 -0.5757 -0.0883
vn -0.3061 -0.9520 0.0065
vn -0.5755 -0.0854 -0.8133
vn -0.5582 -0.4748 0.6804
vn 0.6678 0.0502 -0.7426
vn -0.4424 0.2130 -0.8712
vn 0.8821 0.3742 -0.2859
vn 0.2486 -0.4662 -0.8490
vn 0.6588 0.6929 -0.2929
vn 0.5114 0.7877 -0.3434
vn 0.5347 0.8227 -0.1930
vn 0.1217 0.7484 -0.6520
vn -0.1020 0.5693 -0.8158
vn 0.5725 -0.4019 0.7146
vn 0.5223 -0.8399 0.1473
vn 0.6738 0.0799 0.7346
vn 0.3680 -0.8680 0.3335
vn -0.0583 -0.8664 -0.4959
vn -0.4233 -0.2862 0.8596
vn -0.9171 -0.2008 -0.3445
vn 0.8757 0.1502 0.4588
vn 0.9308 0.2729 0.2431
vn 0.7070 0.5234 0.4756
vn 0.6395 0.7309 0.2383
vn 0.5748 -0.6515 0.4952
vn 0.0478 -0.9187 -0.3920
vn 0.7932 0.1645 0.5863
vn -0.3014 -0.4059 0.8628
vn 0.1095 -0.9365 -0.3332
vn 0.2146 0.6562 0.7235
vn -0.3478 -0.9281 0.1329
vn -0.6336 -0.7108 -0.3055
vn -0.8197 -0.5347 0.2055
vn -0.8731 -0.4732 -0.1172
vn 0.5794 -0.7723 0.2605
vn -0.3542 -0.8959 -0.2681
vn -0.7723 0.0295 0.6346
vn 0.0199 0.6237 0.7814
vn -0.1191 -0.9897 0.0798
vn 0.7370 -0.6382 -0.2225
vn 0.7415 0.3288 0.5848
vn -0.1818 0.0505 0.9820
vn 0.6154 -0.7639 0.1944
vn -0.9556 -0.0000 0.2948
vn 0.9556 -0.0000 -0.2948
vn -0.9623 0.2720 -0.0000
vn -0.1128 0.4584 -0.8816
vn -0.7507 0.0251 -0.6602
vn -0.5962 0.7855 -0.1657
vn -0.1930 -0.5389 0.8200
vn -0.5806 0.3620 -0.7293
vn 0.3776 -0.5542 0.7418
vn -0.8247 0.0414 -0.5640
vn -0.5212 0.2055 0.8283
vn -0.8189 -0.5326 0.2137
vn -0.3993 -0.7987 0.4501
vn -0.8906 -0.2897 0.3506
vn -0.8269 -0.3639 0.4288
vn -0.9299 0.0294 -0.3666
vn -0.5805 -0.0857 -0.8097
vn -0.0676 0.8630 -0.5007
vn 0.3667 0.5290 0.7653
vn -0.3638 -0.8815 0.3010
vn -0.1224 0.6650 0.7368
vn -0.5235 -0.5200 0.6749
vn -0.9055 0.4163 0.0819
vn 0.4677 0.3945 0.7910
vn 0.2941 0.8291 -0.4756
vn -0.5035 0.8620 -0.0585
vn 0.0878 0.5735 0.8145
vn -0.5108 -0.7563 -0.4088
vn 0.5826 0.5877 0.5614
vn 0.4867 -0.3739 0.7895
vn -0.5747 -0.6603 0.4834
vn 0.2040 0.9548 0.2163
vn -0.0301 0.8478 0.5295
vn 0.1691 0.9458 0.2774
vn -0.6225 0.7403 -0.2538
vn -0.8810 0.0490 -0.4707
vn -0.8894 -0.3748 -0.2618
vn -0.6890 -0.5626 0.4568
vn 0.7077 -0.5506 0.4428
vn -0.8265 0.1154 0.5511
vn -0.3946 -0.7323 0.5550
vn -0.7242 0.1976 -0.6607
vn -0.6644 0.7082 -0.2387
vn -0.1828 0.5463 0.8174
vn -0.7319 -0.6409 0.2314
vn 0.5468 0.6992 0.4607
vn -0.4753 -0.1926 -0.8585
vn 0.4704 0.8240 -0.3158
vn -0.9945 0.0063 0.1049
vn -0.9781 -0.1738 0.1148
vn -0.8605 -0.1430 -0.4890
vn 0.1919 0.9069 -0.3752
vn -0.7152 -0.4151 -0.5623
vn -0.4407 0.0743 -0.8946
vn 0.5648 0.0933 0.8199
vn 0.4208 0.1109 0.9003
vn 0.2762 0.8803 -0.3858
vn -0.9617 -0.0000 0.2740
vn -0.9589 0.2836 -0.0000
vn -0.9838 0.1780 -0.0195
vn -0.6424 0.0757 0.7626
vn -0.7636 -0.6006 0.2371
vn 0.8908 -0.3970 -0.2210
vn -0.6643 0.6002 0.4455
vn -0.3055 0.6936 -0.6523
vn 0.0674 0.7046 -0.7064
vn 0.8681 0.2880 -0.4042
vn 0.5524 -0.8201 -0.1495
vn 0.6763 -0.6458 -0.3543
vn 0.5686 -0.8169 -0.0963
vn 0.6177 -0.6059 -0.5013
vn -0.6388 -0.3887 -0.6639
vn -0.4583 0.4966 -0.7371
vn 0.1399 -0.9020 -0.4085
vn 0.3741 -0.9023 -0.2142
vn 0.3909 -0.9180 -0.0671
vn -0.6489 0.6667 0.3665
vn 0.4015 0.8985 0.1772
vn -0.6648 0.6889 -0.2890
vn -0.6940 0.5918 0.4101
vn -0.8541 -0.4403 -0.2768
vn 0.1330 -0.9910 -0.0161
vn -0.1525 0.8058 0.5723
vn -0.5339 0.7633 0.3638
vn 0.4528 0.2977 -0.8404
vn 0.0758 -0.0961 0.9925
vn 0.3383 -0.7510 -0.5671
vn 0.3985 -0.2947 0.8685
vn -0.5627 0.8222 -0.0856
vn 0.3812 -0.2268 0.8963
vn 0.5195 -0.7634 0.3839
vn 0.6444 0.1060 0.7573
vn -0.7477 0.6126 -0.2563
vn -0.6770 0.2551 -0.6904
vn 0.5768 0.8148 0.0585
vn -0.0782 0.9799 -0.1837
vn -0.2669 -0.6481 0.7133
vn 0.3407 0.9011 0.2682
vn 0.1188 0.2550 0.9596
vn -0.0465 -0.6885 0.7238
vn 0.8052 0.3877 0.4487
vn -0.0024 0.9980 -0.0631
vn 0.5586 -0.3395 0.7568
vn -0.9100 0.0991 0.4027
vn -0.4986 0.5861 0.6387
vn 0.8006 -0.0755 0.5944
vn 0.8011 -0.0242 0.5981
vn -0.6272 -0.7723 -0.1013
vn -0.4436 0.8550 -0.2687
vn -0.5306 0.4697 0.7055
vn 0.7115 0.5930 0.3770
vn -0.4369 0.8314 -0.3433
vn 0.0596 -0.9202 0.3869
vn -0.3733 -0.9117 0.1717
vn 0.7117 0.4828 0.5103
vn 0.5328 0.0786 -0.8426
vn 0.5350 0.5692 0.6244
vn -0.6768 0.3295 -0.6583
vn 0.3677 0.6411 -0.6736
vn 0.4596 0.2093 -0.8631
vn -0.5077 0.8606 -0.0387
vn 0.2269 0.7020 -0.6751
vn 0.5904 0.7707 0.2397
vn 0.7551 -0.4099 -0.5116
vn -0.8984 -0.2721 0.3448
vn -0.7406 0.5805 -0.3384
vn 0.9617 -0.0000 -0.2740
vn -0.8801 0.0696 -0.4697
vn -0.6633 0.2787 0.6945
vn -0.7372 0.2609 -0.6233
vn -0.0450 -0.7330 0.6788
vn 0.0385 0.9672 -0.2509
vn 0.7291 0.3015 0.6144
vn 0.4169 -0.4763 0.7742
vn -0.3986 0.8741 0.2776
vn -0.6450 0.7601 0.0795
vn 0.1651 0.4669 0.8688
vn -0.3762 0.9247 -0.0580
vn -0.7235 -0.4280 0.5416
vn 0.0907 0.9724 0.2150
vn 0.6975 0.3434 0.6289
vn 0.0111 0.1258 0.9920
vn 0.8014 0.5499 -0.2352
vn 0.5455 0.7717 0.3268
vn 0.6791 0.6222 0.3894
vn 0.5474 -0.1510 0.8231
vn 0.4492 0.8486 0.2795
vn 0.4242 0.9016 0.0852
vn 0.5571 0.7793 0.2869
vn -0.9143 0.0584 0.4007
vn -0.8504 0.4492 -0.2740
vn -0.2833 -0.0000 -0.9590
vn 0.2833 -0.0000 0.9590
vn -0.0000 -0.9627 0.2706
vn -0.6231 0.0463 0.7807
vn 0.5750 -0.2256 0.7864
vn -0.9533 0.3021 -0.0000
vn -0.6692 -0.7032 -0.2404
vn -0.2644 -0.4863 0.8328
vn 0.7792 0.5234 0.3447
vn 0.9050 0.2486 0.3452
vn -0.7068 -0.5369 0.4606
vn -0.8255 0.3779 0.4191
vn -0.5891 0.0244 -0.8077
vn 0.9393 -0.1287 0.3180
vn 0.9914 -0.1244 0.0415
vn 0.5165 -0.6771 -0.5242
vn -0.4454 0.0735 0.8923
vn -0.9431 -0.0503 0.3287
vn -0.0014 -0.9975 0.0703
vn 0.4558 -0.8146 -0.3587
vn -0.8926 -0.0814 0.4434
vn 0.5146 -0.8492 0.1185
vn -0.5627 -0.3883 -0.7298
vn -0.3327 0.0740 0.9401
vn -0.3323 0.0682 0.9407
vn -0.8671 -0.2988 0.3986
vn -0.2397 -0.9355 -0.2596
vn 0.0571 -0.8395 -0.5403
vn 0.6211 0.7776 0.0982
vn -0.3635 -0.6206 0.6948
vn -0.9240 -0.1884 -0.3329
vn -0.6772 0.5368 -0.5033
vn -0.9271 -0.1065 -0.3594
vn 0.4233 0.8948 0.1417
vn -0.0000 0.9666 0.2563
vn 0.4826 -0.6103 -0.6283
vn -0.5108 0.2201 0.8311
vn 0.8993 0.0457 -0.4349
vn -0.1143 0.9490 0.2939
vn 0.8091 -0.1727 -0.5617
vn -0.0000 0.9586 -0.2848
vn 0.6497 -0.7028 -0.2897
vn -0.4862 -0.3171 0.8143
vn 0.5840 -0.3960 -0.7086
vn 0.1190 -0.9924 0.0310
vn 0.3151 0.2131 0.9248
vn 0.8980 0.4392 0.0271
vn -0.0782 0.4266 0.9010
vn 0.7817 -0.6235 0.0139
vn 0.2158 0.4205 0.8813
vn 0.0605 -0.8148 -0.5766
vn -0.0655 0.4683 0.8811
vn -0.5314 -0.4799 -0.6981
vn -0.2648 0.4699 0.8421
vn 0.6542 -0.7563 -0.0108
vn -0.6514 -0.7587 0.0088
vn -0.4625 -0.7160 -0.5229
vn 0.7379 0.2661 0.6202
vn -0.2377 -0.9043 -0.3546
vn 0.7757 -0.4978 0.3879
vn 0.8925 0.3536 -0.2801
vn 0.7818 0.3443 0.5199
vn -0.6084 0.6891 -0.3938
vn -0.5186 0.8119 -0.2681
vn -0.5287 0.7709 -0.3553
vn -0.5341 0.7717 -0.3452
vn -0.0472 -0.5585 -0.8282
vn -0.9483 0.2136 0.2349
vn 0.9026 0.1804 -0.3909
vn 0.6964 -0.4231 0.5796
vn 0.1967 -0.6818 -0.7046
vn 0.5144 0.8492 0.1198
vn 0.4716 0.0677 -0.8792
vn 0.4121 0.3210 -0.8527
vn 0.1166 0.4774 0.8709
vn -0.0495 0.7224 -0.6897
vn 0.3288 -0.6382 0.6961
vn 0.7468 -0.4290 0.5082
vn -0.9391 0.0299 0.3423
vn -0.7191 0.5182 0.4630
vn -0.6743 0.3074 0.6714
vn 0.6388 -0.7613 0.1110
vn 0.1625 -0.8909 0.4241
vn 0.1530 0.0724 0.9856
vn 0.8535 0.0963 -0.5121
vn 0.8636 -0.1042 -0.4933
vn 0.7134 -0.6868 0.1388
vn 0.4682 0.0238 -0.8833
vn 0.8637 0.1560 -0.4793
vn 0.2597 -0.9031 0.3420
vn -0.4016 -0.9093 -0.1087
vn 0.9251 -0.2591 -0.2776
vn -0.3946 0.9013 0.1790
vn -0.7522 0.6494 0.1116
vn -0.5276 0.6743 0.5167
vn 0.8938 0.4306 0.1253
vn -0.4418 0.4159 0.7949
vn -0.0441 0.7870 0.6154
vn -0.8236 -0.0898 0.5601
vn 0.9959 0.0906 0.0063
vn 0.8384 0.4169 0.3512
vn -0.0641 0.7053 0.7060
vn -0.7752 -0.4166 0.4749
vn -0.8565 -0.3940 0.3334
vn 0.0231 -0.9385 0.3445
vn -0.4351 -0.8658 0.2470
vn 0.7957 0.1092 0.5958
vn 0.8369 -0.4291 -0.3400
vn -0.0000 0.9507 0.3102
vn -0.6987 -0.5261 0.4847
vn 0.0417 0.0141 -0.9990
vn 0.0487 -0.4069 -0.9122
vn 0.7830 0.2137 -0.5841
vn 0.6866 -0.2744 -0.6732
vn 0.1099 0.8984 0.4251
vn 0.5416 -0.0390 -0.8397
vn 0.5819 -0.1545 -0.7984
vn 0.4776 0.7883 0.3879
vn 0.5528 -0.6992 -0.4534
vn -0.2526 0.0027 -0.9676
vn -0.2580 -0.8574 -0.4454
vn 0.8770 0.1972 0.4381
vn -0.3097 0.0485 0.9496
vn -0.9093 -0.2588 0.3258
vn -0.3474 -0.9078 0.2351
vn -0.1579 -0.8919 -0.4238
vn -0.0115 -0.0451 0.9989
vn 0.1067 -0.9522 -0.2862
vn 0.9480 0.2927 -0.1249
vn 0.9591 0.2297 -0.1652
vn 0.9276 0.2276 0.2961
vn 0.0513 -0.8665 -0.4966
vn 0.5676 0.4342 0.6995
vn -0.2771 -0.0000 -0.9608
vn 0.2771 -0.0000 0.9608
vn -0.0000 0.2851 0.9585
vn 0.0026 -0.9935 -0.1139
vn -0.0026 0.9935 0.1139
vn 0.3868 0.3309 -0.8607
vn -0.3223 -0.2496 -0.9131
vn 0.6789 -0.1080 0.7262
vn 0.6972 -0.0418 0.7156
vn 0.8109 -0.4822 0.3314
vn 0.1600 -0.7406 0.6526
vn -0.1126 -0.7264 -0.6780
vn -0.0153 -0.4808 -0.8767
vn 0.2286 -0.9674 0.1089
vn -0.0696 -0.0371 -0.9969
vn 0.8519 0.3586 -0.3817
vn 0.8357 0.2946 -0.4634
vn -0.6604 -0.1433 0.7371
vn -0.2404 -0.9415 -0.2363
vn 0.8270 0.5346 0.1741
vn -0.2668 0.4836 0.8336
vn -0.3060 -0.9496 0.0676
vn 0.2705 0.2104 -0.9394
vn 0.0352 0.3188 0.9472
vn -0.0906 -0.9731 -0.2119
vn 0.5092 0.3385 -0.7912
vn 0.2365 0.1705 0.9565
vn 0.2662 0.3947 -0.8794
vn -0.5627 -0.6394 0.5240
vn 0.6510 0.2859 -0.7032
vn 0.8736 0.4190 -0.2474
vn 0.5778 0.4424 0.6859
vn 0.7697 -0.1532 -0.6198
vn -0.0646 -0.9909 0.1179
vn 0.7673 -0.0594 -0.6385
vn 0.7679 0.5896 0.2504
vn -0.4929 -0.2919 0.8197
vn 0.7826 0.5769 0.2340
vn 0.5635 -0.8259 0.0194
vn 0.5596 -0.8286 -0.0153
vn 0.7621 -0.5280 -0.3748
vn 0.6387 -0.5754 -0.5108
vn -0.5310 -0.5532 0.6419
vn 0.3669 -0.9119 -0.1841
vn -0.4798 -0.8502 0.2166
vn -0.3254 -0.4523 0.8304
vn -0.5738 -0.5517 0.6053
vn 0.3569 -0.4327 -0.8279
vn 0.5834 0.5528 -0.5950
vn -0.3945 -0.9121 0.1116
vn -0.3955 -0.9162 0.0650
vn 0.8219 -0.2962 0.4866
vn 0.5931 0.5444 -0.5932
vn 0.2067 -0.9118 -0.3547
vn -0.7854 -0.5893 0.1895
vn -0.3173 -0.8665 0.3854
vn 0.5332 -0.8065 0.2554
vn -0.3518 0.0901 0.9317
vn -0.6149 -0.7240 0.3125
vn 0.0477 -0.9805 0.1907
vn -0.3977 0.8013 0.4469
vn -0.2598 -0.9357 0.2387
vn -0.3692 0.2541 0.8939
vn 0.4786 -0.7158 -0.5084
vn 0.5091 -0.7206 0.4706
vn 0.7492 -0.5603 -0.3531
vn 0.1555 0.9625 0.2224
vn 0.0530 -0.4813 -0.8750
vn 0.4851 0.3313 -0.8093
vn 0.2645 -0.1402 0.9541
vn 0.9833 0.0872 0.1597
vn -0.3491 -0.9273 -0.1349
vn -0.8800 -0.4243 -0.2137
vn 0.4873 -0.0275 -0.8728
vn -0.3142 0.5576 -0.7683
vn -0.9162 -0.3012 -0.2642
vn -0.9021 -0.2900 0.3196
vn 0.3121 0.3317 -0.8903
vn 0.7520 -0.4122 0.5144
vn -0.0963 0.9085 -0.4067
vn 0.6606 0.5396 -0.5221
vn 0.6867 -0.4438 0.5757
vn 0.1136 0.8075 0.5788
vn 0.5443 0.1386 -0.8274
vn 0.1009 -0.0759 0.9920
vn 0.7918 0.4098 -0.4530
vn 0.4628 0.8716 -0.1617
vn -0.1301 -0.1010 0.9864
vn 0.7388 0.0847 -0.6685
vn 0.4202 0.7652 0.4878
vn 0.4368 0.6820 0.5866
vn -0.3101 -0.7830 0.5392
vn -0.5961 -0.7305 0.3331
vn 0.3607 -0.5282 0.7687
vn -0.7762 0.5768 -0.2546
vn -0.6162 -0.0811 0.7834
vn 0.5225 0.7350 0.4322
vn 0.7749 0.5959 -0.2107
vn 0.4531 -0.5485 0.7027
vn 0.7276 0.6645 -0.1705
vn 0.0409 -0.9828 0.1800
vn 0.5607 0.1784 0.8085
vn -0.2094 -0.7715 0.6008
vn 0.9235 0.2801 0.2620
vn 0.9585 0.1418 0.2475
vn -0.6773 -0.3738 0.6337
vn 0.8796 0.4386 0.1841
vn -0.1156 0.9556 0.2710
vn 0.3207 -0.6487 0.6901
vn -0.1395 0.9902 0.0018
vn 0.6192 0.6423 -0.4517
vn -0.8738 0.0439 -0.4843
vn 0.4940 0.4243 -0.7589
vn 0.5703 0.2300 -0.7886
vn -0.8133 0.4678 0.3460
vn -0.1779 0.1445 -0.9734
vn -0.6169 0.7212 -0.3152
vn -0.2588 0.1519 -0.9539
vn -0.5433 0.7305 -0.4137
vn 0.5431 0.8342 0.0961
vn -0.3785 0.3401 -0.8609
vn 0.1308 0.9201 -0.3691
vn 0.2335 0.9395 0.2506
vn 0.2252 0.9387 0.2611
vn 0.2899 0.1573 -0.9440
vn -0.3035 0.8622 -0.4055
vn 0.5864 -0.0871 -0.8053
vn -0.0688 0.4761 0.8767
vn 0.9193 0.1702 0.3548
vn -0.1742 0.5576 0.8116
vn 0.7255 0.5427 -0.4231
vn 0.5890 0.6742 -0.4455
vn -0.0270 0.2650 0.9639
vn 0.3957 0.2916 -0.8708
vn 0.9739 0.1307 -0.1855
vn 0.0821 -0.7407 0.6668
vn -0.0675 0.6899 0.7208
vn 0.4025 0.4678 0.7868
vn -0.7305 -0.2012 0.6526
vn 0.4082 0.8275 -0.3855
vn -0.3866 -0.7173 0.5797
vn -0.2852 0.6492 0.7051
vn 0.6577 0.5859 -0.4735
vn 0.7623 -0.4578 0.4576
vn 0.3633 -0.3070 0.8796
vn 0.1795 -0.1307 0.9750
vn -0.6556 -0.2440 0.7146
vn -0.2149 0.6787 -0.7022
vn 0.4762 -0.6526 0.5893
vn 0.8942 -0.1577 0.4190
vn -0.5254 0.7006 0.4828
vn -0.4975 0.4793 -0.7230
vn 0.0453 0.9732 0.2253
vn 0.5669 0.5461 -0.6168
vn -0.7263 -0.4721 0.4996
vn -0.8050 -0.2827 0.5216
vn -0.6115 -0.0762 0.7875
vn -0.0749 0.9753 0.2078
vn 0.3346 0.8427 -0.4218
vn 0.1669 -0.1439 0.9754
vn 0.3843 0.9199 -0.0779
vn -0.5535 -0.1497 0.8193
vn 0.3678 0.3753 0.8508
vn -0.3337 -0.2303 0.9141
vn 0.1424 -0.5951 0.7909
vn 0.3141 -0.6925 -0.6494
vn -0.0588 0.3361 0.9400
vn 0.1468 0.0455 -0.9881
vn -0.0874 -0.8460 -0.5259
vn 0.9632 0.2534 0.0900
vn 0.9714 0.2166 -0.0971
vn -0.1577 0.6820 -0.7141
vn 0.8676 0.4952 -0.0457
vn -0.3761 0.8025 -0.4632
vn 0.4477 -0.6493 -0.6148
vn 0.8058 -0.0379 0.5910
vn -0.4482 -0.5964 0.6659
vn 0.6352 -0.3796 -0.6726
vn 0.1806 -0.0070 -0.9835
vn 0.3008 0.4210 0.8557
vn 0.2960 -0.3964 0.8691
vn -0.3129 -0.0000 -0.9498
vn 0.3129 -0.0000 0.9498
vn 0.6345 0.3763 -0.6751
vn -0.0000 0.2484 -0.9686
vn 0.4348 0.8938 -0.1104
vn -0.1007 0.6614 -0.7432
vn -0.1079 -0.8958 0.4312
vn 0.1269 0.9823 -0.1381
vn 0.0035 -0.0990 0.9951
vn 0.0199 0.6023 -0.7980
vn -0.2350 -0.8458 0.4789
vn 0.5970 0.7523 0.2785
vn 0.4125 0.5951 -0.6897
vn 0.8794 0.4088 -0.2439
vn -0.0950 0.0222 0.9952
vn 0.7695 0.6213 0.1481
vn -0.0923 0.9946 0.0472
vn -0.5949 -0.6138 0.5190
vn -0.0020 0.5202 0.8540
vn 0.8291 -0.4122 -0.3778
vn -0.4032 -0.7341 0.5464
vn 0.2717 0.7896 -0.5501
vn 0.4840 -0.7121 -0.5086
vn 0.0256 0.8639 0.5030
vn 0.0282 0.7502 -0.6606
vn 0.1545 0.9568 0.2464
vn 0.7205 -0.5182 -0.4609
vn 0.1313 0.4345 0.8911
vn 0.5924 0.3444 -0.7283
vn 0.2514 0.8347 -0.4900
vn 0.7947 -0.2358 -0.5593
vn 0.0352 0.8121 0.5825
vn -0.0515 0.9906 -0.1268
vn -0.1104 0.5353 0.8374
vn -0.0216 -0.4526 0.8914
vn 0.5440 -0.8390 -0.0075
vn 0.5365 -0.8423 -0.0522
vn 0.0288 -0.6166 0.7867
vn -0.5041 0.6182 0.6032
vn 0.9111 -0.2126 0.3532
vn 0.6965 0.7176 -0.0020
vn 0.1637 0.6018 0.7817
vn 0.4282 0.3003 0.8523
vn 0.4380 0.6904 -0.5758
vn 0.5359 -0.0600 -0.8422
vn 0.8335 0.1052 -0.5424
vn 0.0131 0.5475 0.8367
vn -0.6030 -0.1314 0.7869
vn -0.2254 0.3014 0.9265
vn -0.1816 -0.3940 0.9010
vn 0.8484 0.0690 0.5248
vn 0.6050 0.5237 -0.5998
vn -0.5961 0.6878 0.4142
vn -0.0465 -0.7651 0.6422
vn 0.8011 0.4415 -0.4041
vn 0.6198 -0.5885 0.5191
vn 0.2152 -0.9710 0.1037
vn 0.7118 0.1252 0.6911
vn -0.0000 0.1956 -0.9807
vn 0.2084 -0.0974 0.9732
vn -0.2084 0.0974 -0.9732
vn -0.1086 -0.7614 -0.6391
vn -0.1482 0.3387 -0.9292
vn -0.9922 0.1130 0.0530
vn 0.0185 0.3244 -0.9457
vn -0.2471 -0.6593 -0.7101
vn -0.5086 -0.2118 -0.8345
vn -0.4233 -0.9058 0.0197
vn -0.4193 -0.2050 -0.8844
vn -0.1201 0.4229 0.8982
vn 0.7525 -0.5323 -0.3878
vn 0.6474 -0.3758 0.6631
vn -0.9624 -0.0000 -0.2718
vn 0.9624 -0.0000 0.2718
vn -0.7090 0.4098 0.5739
vn 0.3671 -0.5890 0.7199
vn 0.0497 -0.5788 0.8139
vn -0.8155 0.5709 0.0949
vn 0.0484 -0.9702 -0.2375
vn -0.6805 0.6600 0.3183
vn -0.6389 -0.7636 -0.0935
vn -0.0825 0.8515 -0.5179
vn 0.3336 -0.7441 0.5789
vn -0.7326 0.3481 -0.5849
vn -0.9827 -0.0834 0.1653
vn -0.0422 -0.2445 0.9687
vn 0.0197 -0.8769 0.4803
vn -0.3689 0.5121 -0.7757
vn -0.3971 0.8501 -0.3458
vn 0.0038 -0.9577 -0.2878
vn -0.4565 -0.3855 -0.8019
vn 0.7195 -0.5668 0.4013
vn 0.2330 -0.4597 -0.8570
vn -0.4404 0.8974 -0.0263
vn -0.5773 -0.7572 -0.3056
vn -0.5735 0.8181 0.0425
vn -0.4382 -0.2277 -0.8696
vn -0.6010 0.4635 -0.6511
vn -0.9174 0.3788 0.1217
vn -0.2165 -0.0516 0.9749
vn -0.3523 -0.8789 -0.3214
vn 0.4147 -0.6994 0.5821
vn 0.5069 -0.4572 0.7308
vn -0.3847 -0.8927 -0.2348
vn -0.8765 -0.1772 0.4475
vn -0.7262 -0.3203 -0.6082
vn -0.5224 -0.5712 -0.6331
vn 0.3339 -0.4010 0.8531
vn -0.4643 0.8032 -0.3731
vn -0.7532 0.2371 -0.6135
vn 0.2436 -0.7056 -0.6654
vn -0.7040 0.7072 -0.0652
vn -0.8123 -0.3570 -0.4613
vn 0.3325 -0.4086 0.8500
vn -0.1608 0.0635 0.9849
vn 0.1021 -0.6543 -0.7494
vn -0.2671 0.3713 0.8893
vn -0.5496 0.2125 -0.8079
vn -0.6001 -0.5536 -0.5774
vn -0.9607 -0.2113 -0.1799
vn 0.4988 -0.0873 0.8623
vn -0.0705 -0.1752 0.9820
vn -0.7463 0.6439 -0.1685
vn 0.2085 0.9344 0.2887
vn 0.4732 -0.3394 0.8129
vn -0.5750 0.8140 -0.0819
vn -0.2837 0.5785 0.7647
vn -0.2880 0.2764 0.9169
vn -0.8082 0.5657 -0.1638
vn 0.1508 0.2739 0.9498
vn -0.7933 0.5894 -0.1524
vn 0.4920 0.8428 0.2181
vn 0.4558 0.8278 0.3270
vn -0.3953 0.3675 0.8419
vn -0.5678 0.1050 0.8164
vn -0.6777 -0.0830 0.7306
vn -0.9496 0.3134 -0.0000
vn 0.4578 0.2009 0.8660
vn -0.9331 0.2306 -0.2760
vn -0.9377 0.2877 -0.1950
vn -0.9469 -0.1578 -0.2801
vn -0.6416 -0.2876 0.7111
vn -0.6613 -0.7422 -0.1087
vn 0.6593 0.3698 0.6547
vn 0.4343 -0.8789 -0.1973
vn 0.4196 -0.1638 0.8928
vn 0.5780 -0.6266 -0.5228
vn -0.7337 -0.0330 -0.6787
vn -0.2262 -0.2082 -0.9516
vn -0.3865 0.5805 0.7167
vn -0.1845 0.0135 0.9827
vn -0.5713 -0.6947 0.4371
vn -0.0848 -0.9957 0.0382
vn -0.3590 -0.3105 -0.8802
vn 0.2844 -0.9182 0.2756
vn -0.8075 0.3574 0.4693
vn 0.5749 -0.4984 -0.6490
vn 0.2796 -0.9280 0.2463
vn 0.1997 -0.6514 0.7320
vn -0.4112 -0.0606 -0.9095
vn 0.3031 0.1316 0.9438
vn -0.0686 -0.9971 -0.0315
vn 0.0287 -0.8131 0.5814
vn 0.4478 -0.7709 -0.4529
vn 0.5509 -0.8156 -0.1769
vn -0.2265 -0.8952 0.3839
vn 0.8883 -0.2614 0.3775
vn 0.8376 -0.5421 0.0670
vn 0.0357 -0.1170 0.9925
vn -0.6983 -0.2076 -0.6850
vn -0.6970 -0.5562 0.4525
vn 0.5561 -0.5825 -0.5928
vn -0.0238 -0.9430 -0.3320
vn 0.9321 0.3116 -0.1846
vn -0.9206 0.1161 0.3729
vn -0.5719 0.1363 0.8089
vn 0.9417 -0.3285 0.0734
vn 0.2984 -0.8671 -0.3988
vn 0.0514 -0.7895 -0.6116
vn -0.2308 -0.4920 -0.8394
vn 0.3428 0.7109 0.6141
vn 0.5199 0.2388 0.8202
vn 0.6767 0.3613 0.6415
vn -0.3611 0.6140 0.7019
vn 0.3523 0.0846 -0.9321
vn -0.8365 -0.3307 -0.4369
vn -0.6349 -0.4584 -0.6219
vn -0.2741 -0.0444 0.9607
vn -0.7995 0.2392 0.5509
vn -0.0835 0.8210 0.5647
vn 0.5098 0.3944 0.7646
vn -0.5910 -0.3877 0.7074
vn 0.7284 0.5543 -0.4028
vn 0.6414 -0.7547 -0.1383
vn 0.4442 0.6466 0.6201
vn -0.2000 -0.4407 -0.8751
vn -0.5000 -0.7229 -0.4769
vn -0.8373 0.2589 0.4816
vn -0.9571 -0.2604 -0.1268
vn 0.0329 -0.8878 -0.4591
vn 0.6296 -0.7482 0.2095
vn 0.4284 -0.6429 -0.6349
vn -0.8886 -0.4586 0.0067
vn -0.8266 -0.3132 0.4676
vn -0.4490 -0.8308 0.3290
vn -0.6027 -0.7961 -0.0547
vn -0.6039 0.2600 0.7534
vn -0.6927 -0.6619 -0.2863
vn -0.4653 -0.1278 0.8759
vn -0.5593 -0.7912 -0.2474
vn -0.4830 -0.8499 0.2105
vn 0.5680 -0.0787 0.8192
vn -0.0672 0.3924 0.9173
vn -0.5968 -0.0768 -0.7987
vn -0.7896 0.5386 -0.2941
vn -0.3559 -0.4369 -0.8261
vn -0.4058 0.3670 -0.8370
vn -0.5998 -0.7990 -0.0421
vn -0.4548 -0.3191 -0.8315
vn 0.7481 0.3653 -0.5540
vn 0.8184 0.4244 -0.3875
vn 0.8922 0.3416 -0.2955
vn 0.0751 -0.7161 -0.6940
vn -0.0235 0.5616 -0.8271
vn -0.2029 -0.3559 0.9122
vn 0.5860 0.6889 -0.4267
vn 0.2427 0.8085 -0.5361
vn 0.2364 0.7910 -0.5643
vn -0.0608 0.0576 -0.9965
vn 0.1105 0.9939 -0.0062
vn -0.3960 0.8355 -0.3809
vn 0.6212 -0.7114 -0.3287
vn 0.7382 -0.6656 -0.1096
vn -0.7297 0.6014 -0.3255
vn 0.8007 -0.4625 0.3808
vn -0.2590 -0.8617 -0.4364
vn -0.4311 -0.8332 -0.3462
vn -0.2691 -0.9558 -0.1189
vn 0.6915 -0.2224 -0.6873
vn -0.0435 -0.0335 0.9985
vn 0.7007 0.3080 0.6435
vn 0.7190 -0.6713 -0.1800
vn 0.9010 -0.3746 -0.2190
vn 0.9904 0.1287 0.0514
vn -0.0092 -0.0137 0.9999
vn 0.0836 0.0717 0.9939
vn 0.1400 -0.4010 0.9053
vn -0.0368 0.2039 0.9783
vn 0.8313 -0.0446 0.5541
vn -0.0417 0.2077 0.9773
vn -0.6216 -0.7091 -0.3328
vn -0.2106 -0.7323 0.6476
vn -0.2366 0.9716 0.0025
vn 0.5700 -0.6162 0.5435
vn 0.3251 0.8265 0.4596
vn -0.8484 0.1445 0.5093
vn -0.6950 0.7189 -0.0144
vn -0.6325 0.7648 -0.1226
vn -0.5923 0.8049 0.0372
vn 0.3579 -0.7029 0.6147
vn 0.8627 0.1596 0.4798
vn 0.3645 -0.7917 0.4902
vn 0.8449 -0.5342 -0.0284
vn 0.8300 -0.5554 0.0509
vn 0.2048 0.0234 0.9785
vn -0.1108 -0.9880 0.1080
vn 0.3339 0.8839 0.3275
vn 0.6096 -0.7465 -0.2665
vn 0.4795 -0.8762 0.0475
vn -0.3376 -0.9411 -0.0172
vn 0.1611 -0.9096 0.3831
vn -0.4722 0.5823 -0.6618
vn -0.0026 0.5886 -0.8085
vn 0.0602 -0.0493 0.9970
vn 0.0111 0.4572 -0.8893
vn -0.3263 0.7281 -0.6028
vn -0.3724 -0.3938 -0.8404
vn -0.2217 0.9751 -0.0084
vn 0.1391 -0.8344 0.5334
vn -0.1288 0.3426 -0.9306
vn -0.0870 -0.0911 0.9920
vn 0.0153 -0.9444 0.3283
vn 0.1124 -0.6782 0.7262
vn -0.0189 0.7538 -0.6569
vn -0.8003 0.5397 -0.2613
vn 0.6011 0.7867 0.1408
vn 0.0489 0.8015 -0.5960
vn 0.6056 -0.1848 0.7740
vn -0.6049 -0.7954 -0.0391
vn -0.7182 0.4553 -0.5262
vn -0.3789 0.8893 -0.2562
vn -0.2398 -0.4653 0.8520
vn 0.1653 -0.8089 0.5643
vn -0.8870 0.2402 -0.3943
vn -0.7634 0.5984 0.2433
vn -0.9647 0.1149 -0.2368
vn -0.9858 0.1356 -0.0986
vn 0.9623 -0.2720 -0.0000
vn -0.1192 0.9042 -0.4102
vn 0.3141 0.7633 0.5646
vn -0.7226 0.3842 0.5747
vn 0.4656 0.8227 0.3262
vn -0.6270 -0.7729 0.0973
vn -0.7081 -0.6857 0.1682
vn -0.8944 0.0115 -0.4472
vn -0.6867 0.2945 -0.6646
vn 0.3398 0.8765 0.3409
vn -0.6035 -0.7283 -0.3246
vn -0.5146 0.5253 -0.6777
vn 0.0436 0.3912 0.9193
vn 0.3422 0.8048 0.4850
vn -0.4599 0.8307 -0.3138
vn -0.9321 0.2198 -0.2878
vn -0.7339 -0.6303 -0.2531
vn -0.6295 -0.6996 0.3380
vn 0.2827 0.8939 0.3479
vn -0.9048 -0.3784 -0.1955
vn -0.9221 -0.3541 -0.1561
vn -0.1025 -0.8880 0.4484
vn -0.5077 0.8198 0.2650
vn -0.7872 -0.5814 0.2059
vn -0.6231 0.1618 0.7653
vn -0.0795 0.9668 -0.2430
vn -0.9107 0.1567 -0.3822
vn 0.3173 0.8004 0.5086
vn -0.9904 0.0416 -0.1316
vn -0.7425 0.3070 -0.5953
vn -0.7210 -0.3861 -0.5754
vn -0.8313 -0.4373 0.3431
vn -0.9926 -0.1156 -0.0376
vn -0.5136 -0.2862 -0.8089
vn 0.4740 0.6852 0.5531
vn -0.1586 -0.1722 0.9722
vn -0.8703 -0.1363 -0.4732
vn -0.1360 0.5287 0.8379
vn 0.3955 0.1294 0.9093
vn 0.3263 0.5236 -0.7870
vn 0.3460 0.0427 0.9373
vn -0.1110 -0.6220 -0.7751
vn -0.1347 0.6691 -0.7308
vn -0.2187 0.4085 -0.8862
vn -0.6959 0.5846 -0.4170
vn -0.6200 0.4803 0.6204
vn -0.6252 -0.0759 -0.7768
vn -0.6099 -0.5933 -0.5254
vn 0.7842 -0.1239 -0.6081
vn 0.7104 -0.3886 -0.5868
vn -0.3966 0.1195 -0.9102
vn -0.5504 0.3017 -0.7785
vn 0.9233 -0.1099 0.3680
vn 0.2263 0.8093 -0.5421
vn 0.7057 -0.2266 -0.6713
vn 0.5691 -0.2131 -0.7942
vn 0.6437 0.1658 -0.7471
vn 0.2535 -0.9110 -0.3252
vn 0.1201 -0.9441 -0.3071
vn -0.6465 0.6710 -0.3630
vn -0.8396 0.0800 -0.5373
vn -0.9780 0.1063 -0.1797
vn -0.8798 -0.4745 -0.0282
vn 0.0577 0.6876 0.7238
vn -0.3828 0.6485 0.6579
vn 0.9692 0.2370 0.0667
vn 0.8251 -0.5638 0.0360
vn 0.6389 0.5638 0.5233
vn 0.1446 -0.6639 -0.7337
vn -0.0120 -0.7748 0.6320
vn 0.0790 -0.7507 0.6559
vn 0.1364 -0.9494 0.2828
vn -0.1597 0.9318 0.3261
vn 0.1316 0.6443 0.7534
vn -0.1764 0.8425 0.5089
vn -0.0508 0.5670 0.8221
vn -0.6865 -0.4791 0.5470
vn -0.6581 0.6300 -0.4122
vn -0.4062 0.1331 0.9040
vn -0.6374 0.7666 0.0774
vn 0.5714 0.8164 0.0834
vn 0.7378 0.1452 0.6592
vn 0.1260 -0.4420 0.8881
vn 0.7151 0.6034 -0.3530
vn -0.0693 0.9801 -0.1861
vn 0.6319 -0.6724 0.3856
vn 0.2406 0.9506 -0.1959
vn 0.5319 0.4279 0.7307
vn 0.9814 0.1377 0.1338
vn -0.4140 -0.6821 0.6029
vn -0.5529 0.4697 0.6882
vn 0.0117 -0.9886 0.1504
vn -0.0262 0.9870 0.1585
vn -0.0979 -0.9638 -0.2481
vn 0.0449 -0.4309 0.9013
vn -0.7758 0.6136 0.1470
vn 0.8508 0.5254 -0.0078
vn 0.4129 0.1522 -0.8980
vn 0.5929 0.6361 -0.4938
vn -0.5818 0.8095 0.0782
vn -0.3888 0.2471 -0.8876
vn 0.5234 0.0309 0.8515
vn -0.9812 -0.0981 -0.1660
vn -0.4244 0.5019 -0.7536
vn -0.3348 0.4475 -0.8293
vn -0.7401 0.2017 -0.6415
vn -0.2968 0.8003 0.5210
vn -0.9990 0.0272 0.0366
vn 0.0900 0.2154 -0.9724
vn 0.2276 0.7020 -0.6748
vn 0.4894 0.8342 0.2543
vn -0.9639 0.0072 0.2661
vn -0.5476 0.0873 0.8322
vn -0.1952 0.3933 -0.8984
vn -0.7524 0.3951 -0.5270
vn -0.5542 0.0987 0.8265
vn -0.7742 -0.0637 -0.6298
vn -0.7956 0.1063 0.5965
vn -0.7798 -0.5206 0.3477
vn -0.4708 0.6857 0.5551
vn -0.7886 0.5467 0.2816
vn 0.7656 0.2715 0.5832
vn -0.0936 -0.1941 0.9765
vn -0.6827 -0.6720 0.2870
vn -0.6239 0.7083 0.3304
vn -0.2955 0.8336 -0.4667
vn -0.6983 -0.4656 0.5437
vn 0.9809 -0.1946 -0.0062
vn 0.0937 0.7237 -0.6838
vn -0.6172 0.7834 0.0734
vn 0.1471 0.7362 -0.6606
vn -0.9269 0.3745 -0.0235
vn 0.1003 0.7210 -0.6856
vn -0.2708 -0.2576 0.9275
vn 0.9589 -0.2836 -0.0000
vn -0.0000 0.9627 -0.2706
vn -0.9855 -0.0000 -0.1698
vn 0.4990 -0.5752 0.6482
vn 0.0954 -0.1277 0.9872
vn 0.0362 -0.9124 -0.4077
vn 0.9855 -0.0000 0.1698
vn 0.9533 -0.3021 -0.0000
vn -0.7879 -0.3260 0.5224
vn -0.9645 0.1456 -0.2205
vn -0.1794 0.9009 0.3952
vn 0.1558 -0.9798 -0.1251
vn -0.8422 0.2947 0.4514
vn -0.0000 -0.9666 -0.2563
vn 0.3201 -0.5932 -0.7386
vn -0.1422 -0.7022 -0.6976
vn 0.3007 0.3068 -0.9030
vn 0.3004 -0.2758 -0.9131
vn -0.1424 -0.7001 -0.6997
vn 0.8781 0.1949 -0.4370
vn 0.1055 -0.6795 -0.7260
vn -0.1319 -0.9848 0.1129
vn -0.8152 -0.5111 0.2725
vn -0.7032 -0.7085 0.0587
vn -0.1228 -0.9919 -0.0314
vn -0.6985 -0.4837 0.5274
vn -0.0409 0.4597 0.8872
vn -0.1193 -0.4250 -0.8973
vn 0.5262 -0.8006 0.2866
vn 0.3101 -0.8604 0.4044
vn 0.4802 -0.2256 -0.8477
vn -0.0361 0.3149 0.9484
vn -0.5499 -0.6871 -0.4750
vn -0.1085 -0.4087 -0.9062
vn -0.4243 0.0477 0.9043
vn -0.6671 -0.7106 0.2236
vn 0.9917 0.0404 -0.1220
vn -0.8216 0.5312 0.2069
vn -0.4479 0.1538 0.8807
vn -0.7247 -0.5921 0.3524
vn -0.3666 0.0233 0.9301
vn 0.6515 -0.0408 -0.7576
vn 0.5317 -0.2965 0.7934
vn 0.8374 0.1285 0.5312
vn 0.8918 -0.3130 -0.3268
vn 0.9217 -0.3223 0.2157
vn 0.2872 -0.1396 0.9476
vn 0.9469 -0.1107 -0.3019
vn 0.4460 -0.1793 0.8769
vn 0.5733 -0.4458 0.6875
vn 0.7283 -0.4695 0.4991
vn -0.0000 -0.9586 0.2848
vn 0.1353 -0.8783 -0.4585
vn 0.7093 -0.5589 0.4296
vn 0.8873 -0.4596 0.0386
vn -0.4126 -0.8946 -0.1714
vn 0.5690 -0.0444 -0.8211
vn -0.1288 -0.9903 -0.0514
vn 0.8387 -0.5377 0.0866
vn -0.2474 -0.9214 -0.2996
vn 0.7484 -0.5422 0.3821
vn 0.6990 -0.7060 0.1138
vn -0.7838 -0.5313 0.3215
vn -0.3784 -0.9047 0.1959
vn 0.4397 -0.5484 0.7113
vn -0.8903 -0.0387 0.4538
vn 0.2725 -0.9425 -0.1933
vn -0.9686 0.1631 0.1874
vn -0.5385 -0.7260 0.4276
vn -0.7123 -0.6899 -0.1292
vn -0.6268 -0.7790 0.0159
vn 0.8583 0.2747 0.4334
vn -0.4333 0.4776 -0.7643
vn -0.1603 -0.5548 -0.8164
vn -0.8352 0.5128 0.1988
vn -0.8618 -0.0394 -0.5057
vn -0.1232 -0.5726 -0.8105
vn 0.7225 0.2922 -0.6266
vn 0.0891 -0.1752 -0.9805
vn 0.1277 -0.2337 0.9639
vn 0.1456 0.0727 -0.9867
vn 0.3393 0.0935 -0.9360
vn -0.3135 0.0524 0.9481
vn -0.0920 -0.2274 0.9694
vn -0.2112 -0.7180 -0.6633
vn -0.4784 -0.8287 0.2904
vn -0.0510 0.7090 -0.7034
vn 0.5803 -0.0068 0.8144
vn -0.6823 0.1410 0.7174
vn -0.5392 0.7503 -0.3825
vn -0.6520 -0.0218 0.7579
vn -0.5677 -0.0206 0.8230
vn -0.9021 0.1206 0.4144
vn -0.8592 0.2641 -0.4381
vn 0.1940 -0.6764 0.7105
vn 0.2465 -0.6612 0.7085
vn 0.1841 -0.6728 -0.7166
vn -0.4933 -0.8658 0.0844
vn -0.7662 -0.5508 0.3310
vn 0.9385 -0.1427 -0.3143
vn 0.0479 0.0815 0.9955
vn -0.7808 -0.4065 0.4745
vn -0.5821 0.7645 0.2769
vn -0.0836 -0.9854 -0.1480
vn 0.9742 -0.2190 -0.0545
vn -0.6578 -0.4477 0.6057
vn -0.6703 0.4091 0.6191
vn -0.7817 0.3356 0.5257
vn -0.0000 -0.9507 -0.3102
vn -0.2589 -0.9577 -0.1258
vn -0.4328 -0.7763 -0.4582
vn 0.9980 -0.0286 0.0568
vn 0.6891 -0.2442 -0.6823
vn 0.6437 -0.0828 0.7608
vn 0.2699 -0.9470 -0.1745
vn 0.7850 0.6115 -0.0991
vn 0.1371 -0.8739 -0.4663
vn 0.9119 -0.1381 0.3865
vn -0.1939 0.3786 0.9050
vn -0.4914 0.7261 0.4809
vn -0.6539 -0.4361 0.6183
vn 0.1598 0.9647 0.2094
vn 0.5313 0.6361 0.5595
vn 0.7678 -0.0016 0.6407
vn 0.0451 -0.8946 0.4446
vn 0.6492 0.2924 0.7021
vn 0.7412 0.6598 -0.1237
vn -0.0000 -0.2851 -0.9585
vn -0.3143 0.5971 0.7381
vn -0.5527 -0.3096 0.7738
vn 0.3735 0.3463 -0.8605
vn 0.4017 0.4517 0.7966
vn 0.2976 0.8258 0.4790
vn 0.3988 0.3306 -0.8554
vn 0.6626 0.4277 -0.6148
vn 0.7256 -0.1423 -0.6733
vn 0.6683 -0.6194 0.4119
vn 0.0194 0.2931 0.9559
vn -0.3016 -0.7952 -0.5260
vn -0.2361 -0.2006 0.9508
vn 0.5030 0.6054 -0.6169
vn 0.1834 0.2986 -0.9366
vn 0.1684 0.9117 -0.3747
vn -0.1280 -0.4583 -0.8795
vn -0.1301 0.3611 0.9234
vn -0.8720 -0.2938 0.3915
vn 0.5745 -0.7608 0.3019
vn 0.6011 -0.5705 -0.5597
vn 0.3824 -0.8828 0.2729
vn -0.5490 0.8147 -0.1867
vn 0.7883 -0.3788 -0.4848
vn -0.1481 -0.2326 -0.9612
vn 0.0656 -0.8047 0.5900
vn 0.0076 0.1583 0.9874
vn 0.5784 -0.7367 0.3503
vn 0.8134 -0.5765 0.0784
vn 0.7528 -0.1371 -0.6438
vn 0.9707 -0.1258 -0.2049
vn 0.7604 0.5115 -0.4002
vn 0.5205 -0.4418 -0.7307
vn 0.7348 -0.6357 0.2367
vn -0.5174 -0.8405 0.1608
vn 0.7541 0.5185 -0.4030
vn -0.5963 0.0833 0.7984
vn -0.7050 0.1232 0.6985
vn -0.5879 -0.5662 0.5777
vn -0.4720 -0.8803 0.0481
vn -0.8483 -0.2933 0.4408
vn 0.8530 0.4589 0.2484
vn 0.2914 -0.5665 -0.7708
vn 0.3447 -0.4039 -0.8473
vn -0.2689 -0.7611 0.5903
vn -0.5746 -0.7262 0.3774
vn 0.3349 -0.6965 0.6346
vn 0.6741 0.3300 -0.6608
vn 0.5445 -0.2345 0.8053
vn 0.5327 -0.2529 0.8076
vn 0.8359 -0.1205 -0.5355
vn 0.9954 -0.0957 -0.0084
vn -0.3449 0.6913 0.6350
vn 0.9453 -0.2380 -0.2232
vn 0.2497 0.8106 0.5297
vn 0.8511 -0.4264 -0.3062
vn 0.9897 0.0306 -0.1397
vn 0.6753 -0.0921 -0.7318
vn 0.6815 -0.6012 -0.4173
vn 0.3997 0.6406 0.6556
vn 0.6107 0.3036 0.7313
vn -0.0789 -0.8415 0.5344
vn 0.7355 -0.5602 -0.3810
vn 0.2916 -0.4649 0.8360
vn -0.2191 -0.9757 -0.0000
vn -0.2567 -0.9665 -0.0000
vn 0.2567 0.9665 -0.0000
vn 0.2795 -0.8962 -0.3444
vn 0.3665 0.2529 -0.8954
vn 0.0644 -0.5556 -0.8289
vn 0.7238 0.6893 -0.0313
vn 0.5292 -0.6127 0.5870
vn -0.1073 -0.9885 -0.1063
vn -0.5455 -0.7974 -0.2581
vn -0.4903 -0.4329 -0.7564
vn -0.5352 -0.8049 -0.2565
vn -0.6121 -0.7019 -0.3642
vn 0.8817 0.4716 0.0102
vn -0.9489 -0.2144 -0.2316
vn -0.8576 -0.0584 -0.5110
vn -0.9992 0.0349 0.0175
vn -0.0875 0.2978 -0.9506
vn -0.8877 -0.3264 -0.3248
vn 0.7254 -0.0793 -0.6837
vn -0.1525 0.7112 -0.6862
vn 0.2453 -0.5044 -0.8279
vn 0.3194 0.2803 -0.9052
vn -0.9992 0.0368 -0.0148
vn 0.2666 -0.5216 -0.8105
vn 0.9441 0.0617 -0.3238
vn 0.7796 0.3416 0.5249
vn -0.7565 0.0493 -0.6522
vn -0.5712 -0.5464 -0.6125
vn 0.8022 0.3965 -0.4463
vn -0.0120 0.3157 -0.9488
vn -0.6840 -0.5523 0.4765
vn -0.8440 -0.4770 0.2454
vn -0.7903 -0.6055 -0.0939
vn -0.8132 -0.1998 0.5466
vn 0.1628 -0.9803 0.1123
vn -0.3313 0.7077 0.6240
vn -0.7513 0.5887 -0.2983
vn 0.2546 0.9492 -0.1847
vn 0.3496 -0.6015 0.7183
vn 0.2455 -0.9537 0.1735
vn 0.7065 -0.4234 -0.5670
vn -0.9465 0.0422 0.3198
vn -0.3685 -0.7509 0.5481
vn 0.5841 -0.6776 -0.4469
vn 0.6747 0.5606 0.4801
vn -0.1910 -0.2889 0.9381
vn 0.8168 -0.4620 0.3455
vn -0.1876 -0.1313 0.9734
vn -0.0972 -0.2958 0.9503
vn 0.6087 0.7916 -0.0529
vn 0.8329 0.2405 0.4985
vn -0.2125 -0.1807 0.9603
vn 0.1272 0.8527 0.5066
vn 0.4468 -0.8725 -0.1979
vn -0.1099 -0.7793 0.6169
vn -0.7024 0.7112 -0.0277
vn 0.4066 0.3431 -0.8467
vn 0.4089 0.9053 0.1154
vn 0.6183 0.5804 -0.5299
vn 0.4683 0.4075 0.7840
vn -0.2229 0.0276 -0.9744
vn -0.7703 0.5986 0.2197
vn -0.5284 0.7816 -0.3314
vn 0.7246 0.6345 0.2689
vn 0.5950 0.6511 0.4713
vn -0.0441 0.7914 -0.6097
vn 0.0475 0.9680 -0.2464
vn -0.7870 0.6120 -0.0780
vn -0.4968 0.7667 -0.4066
vn 0.7509 0.6567 0.0694
vn 0.8698 -0.1391 0.4734
vn 0.8620 -0.0949 0.4980
vn -0.4161 0.6990 -0.5816
vn -0.0580 0.7884 0.6124
vn -0.6196 0.6034 -0.5020
vn 0.5161 0.7538 -0.4067
vn 0.7053 0.3336 -0.6255
vn 0.7138 0.5728 -0.4030
vn 0.1438 0.1610 0.9764
vn -0.4059 -0.2827 0.8691
vn 0.5494 0.4714 0.6899
vn -0.9799 -0.0000 -0.1995
vn 0.4663 0.7325 -0.4961
vn -0.0018 0.2632 0.9647
vn 0.6378 0.5620 -0.5266
vn 0.3806 0.7035 -0.6001
vn 0.9799 -0.0000 0.1995
vn 0.0906 0.9540 -0.2856
vn 0.1327 0.9779 0.1613
vn 0.0787 0.9049 -0.4183
vn 0.4866 0.0579 -0.8717
vn 0.0571 0.9973 0.0455
vn -0.1315 0.9900 -0.0500
vn 0.2721 -0.0000 -0.9623
vn -0.2721 -0.0000 0.9623
vn -0.6011 -0.2447 0.7608
vn -0.4259 -0.7422 0.5174
vn -0.0071 0.8695 -0.4939
vn -0.1737 0.9848 0.0036
vn 0.6400 -0.2381 0.7305
vn 0.1651 0.9221 0.3498
vn 0.3456 0.7518 0.5615
vn 0.4166 0.7598 0.4991
vn -0.3022 0.9238 0.2350
vn 0.9379 0.2963 0.1803
vn 0.9078 0.0800 0.4117
vn 0.8884 -0.3951 0.2339
vn 0.1735 -0.1538 0.9728
vn -0.0421 0.9930 0.1102
vn 0.2674 -0.3617 0.8931
vn 0.2969 -0.5109 -0.8067
vn 0.6522 -0.7505 0.1072
vn 0.5660 0.6334 -0.5276
vn 0.2130 -0.5738 -0.7908
vn -0.5249 0.8238 -0.2140
vn -0.4789 0.3477 0.8061
vn -0.0709 0.4048 0.9116
vn 0.7304 -0.1726 0.6609
vn 0.1297 -0.0147 -0.9914
vn -0.2109 0.2081 0.9551
vn 0.0181 -0.1892 -0.9818
vn -0.1014 0.9387 0.3294
vn 0.5666 -0.0719 0.8209
vn 0.7303 -0.0517 0.6811
vn 0.6180 0.1761 -0.7662
vn 0.6041 -0.2603 -0.7532
vn 0.4957 0.3679 -0.7867
vn 0.5959 -0.2668 -0.7574
vn -0.0000 -0.2484 0.9686
vn 0.9964 -0.0374 0.0766
vn 0.9408 0.3387 -0.0094
vn 0.9565 -0.0616 0.2852
vn 0.1104 0.7895 -0.6038
vn 0.2845 0.7886 -0.5451
vn 0.0631 0.8391 -0.5403
vn -0.1847 0.9493 0.2543
vn -0.4417 -0.6011 0.6660
vn -0.7166 0.3003 0.6296
vn 0.5729 0.7985 -0.1848
vn 0.1947 -0.2060 -0.9590
vn -0.3716 0.8107 0.4524
vn 0.8617 0.5022 0.0729
vn 0.7186 -0.4654 -0.5168
vn -0.0622 -0.0633 0.9960
vn -0.2775 0.1680 0.9459
vn 0.7065 0.2698 0.6543
vn 0.6456 -0.0474 -0.7622
vn 0.8077 0.5557 0.1972
vn 0.6703 0.3059 -0.6761
vn -0.1392 0.9242 0.3557
vn 0.3594 0.3686 -0.8573
vn 0.4051 0.3498 0.8447
vn 0.3558 0.9228 -0.1479
vn 0.1906 -0.5150 0.8357
vn 0.5551 -0.1893 0.8099
vn 0.6151 0.0375 0.7875
vn 0.9069 -0.1454 -0.3954
vn 0.8083 -0.4627 -0.3641
vn 0.0041 0.9751 -0.2218
vn -0.0887 0.7595 0.6445
vn 0.7583 0.5430 -0.3608
vn 0.1814 -0.9467 -0.2663
vn 0.8977 0.4368 0.0574
vn 0.4522 0.0793 0.8884
vn 0.2870 0.8053 0.5187
vn 0.4588 -0.8435 0.2793
vn -0.0173 0.9992 0.0371
vn -0.5231 0.1962 0.8294
vn 0.6489 0.5632 -0.5115
vn 0.2191 0.9757 -0.0000
vn 0.6164 -0.4840 -0.6211
vn 0.7763 0.6172 0.1283
vn 0.7200 0.6540 0.2320
vn 0.6933 0.7050 0.1490
vn 0.5693 0.7097 -0.4150
vn -0.8055 0.2165 0.5516
vn 0.2100 0.4677 0.8586
vn 0.4500 -0.6690 0.5916
vn -0.2907 -0.9568 -0.0000
vn 0.2907 0.9568 -0.0000
vn -0.2152 0.9710 -0.1037
vn -0.7118 -0.1252 -0.6911
vn -0.0000 -0.1956 0.9807
vn -0.1202 -0.9925 -0.0214
vn 0.3105 -0.8936 0.3241
vn -0.5660 0.4284 0.7044
vn 0.1036 -0.8813 0.4611
vn 0.3351 -0.4033 0.8515
vn -0.5801 -0.3170 0.7503
vn -0.9649 -0.0510 -0.2577
vn 0.1472 0.2741 0.9504
vn -0.0432 0.9987 0.0271
vn -0.3702 -0.8727 0.3184
vn -0.8291 -0.1858 -0.5273
vn 0.7858 -0.3284 -0.5242
vn -0.0257 -0.9410 -0.3375
vn 0.0862 -0.5649 0.8206
vn -0.7740 0.2364 0.5873
vn -0.3416 0.0672 0.9374
vn 0.2590 0.8850 0.3868
vn 0.0847 0.9872 0.1354
vn -0.4671 -0.7338 0.4932
vn 0.6553 0.4669 0.5938
vn 0.0072 0.0030 -1.0000
vn -0.6572 0.4758 0.5845
vn -0.2123 -0.0332 -0.9766
vn -0.5832 0.7926 0.1780
vn -0.7193 0.4946 -0.4878
vn -0.7360 -0.6545 0.1731
vn -0.0741 -0.8833 0.4629
vn 0.1516 0.7869 -0.5981
vn -0.9119 0.3212 -0.2555
vn 0.3343 0.2063 0.9196
vn 0.5320 0.7947 0.2924
vn -0.1485 -0.6052 0.7821
vn -0.4895 -0.1443 -0.8600
vn -0.7344 0.2090 -0.6457
vn 0.7140 -0.4244 0.5568
vn -0.9028 0.2617 0.3413
vn 0.2639 -0.9239 -0.2771
vn 0.3658 -0.7346 0.5714
vn -0.8221 0.4980 0.2759
vn 0.0298 0.0650 0.9974
vn -0.4795 -0.8325 0.2777
vn 0.9788 -0.1329 0.1557
vn 0.0933 -0.9943 -0.0522
vn -0.2466 0.6654 -0.7046
vn 0.4929 0.6511 0.5772
vn 0.4567 0.6854 0.5671
vn 0.6556 -0.2347 -0.7177
vn -0.4937 0.1913 0.8483
vn 0.6805 -0.1501 0.7172
vn 0.6467 -0.3287 -0.6883
vn 0.6395 0.1524 0.7535
vn 0.9937 -0.1077 0.0324
vn 0.2620 0.5508 -0.7925
vn 0.4105 0.2791 -0.8681
vn -0.5386 -0.8052 -0.2482
vn 0.4507 0.2914 -0.8438
vn -0.9824 0.0947 0.1612
vn 0.7171 -0.0923 -0.6908
vn -0.8155 0.4921 0.3048
vn 0.4431 -0.0087 -0.8964
vn -0.0246 0.8117 0.5836
vn -0.5424 -0.6103 -0.5774
vn 0.0683 0.7947 0.6031
vn 0.0779 0.5696 0.8182
vn 0.4305 0.8224 -0.3719
vn 0.9971 -0.0519 -0.0557
s 0
f 3//1 12//1 10//1
f 10//2 15//2 11//2
f 14//3 12//3 9//3
f 15//4 10//4 12//4
f 16//5 13//5 14//5
f 14//6 9//6 16//6
f 15//7 12//7 14//7
f 20//8 19//8 21//8
f 18//9 23//9 14//9
f 26//10 8//10 21//10
f 21//11 8//11 25//11
f 26//12 21//12 16//12
f 53//13 26//13 17//13
f 32//14 35//14 34//14
f 24//15 18//15 22//15
f 24//16 22//16 36//16
f 32//17 34//17 37//17
f 41//18 38//18 4//18
f 48//19 40//19 41//19
f 48//20 44//20 46//20
f 40//21 46//21 45//21
f 46//22 50//22 45//22
f 51//23 44//23 48//23
f 49//24 47//24 38//24
f 49//25 45//25 52//25
f 53//26 17//26 15//26
f 52//27 51//27 48//27
f 58//28 52//28 48//28
f 53//29 15//29 54//29
f 60//30 54//30 49//30
f 15//31 23//31 59//31
f 60//32 53//32 54//32
f 57//33 56//33 60//33
f 51//34 56//34 44//34
f 62//35 61//35 58//35
f 6//36 39//36 5//36
f 6//37 63//37 66//37
f 68//38 65//38 74//38
f 42//39 39//39 6//39
f 69//40 64//40 74//40
f 69//41 66//41 64//41
f 70//42 74//42 72//42
f 81//43 67//43 78//43
f 81//44 78//44 77//44
f 67//45 81//45 75//45
f 83//46 70//46 55//46
f 74//47 70//47 83//47
f 82//48 24//48 33//48
f 82//49 33//49 76//49
f 83//50 78//50 74//50
f 59//51 24//51 82//51
f 88//52 86//52 90//52
f 55//53 87//53 83//53
f 75//54 88//54 90//54
f 93//55 89//55 80//55
f 65//56 68//56 94//56
f 95//57 71//57 73//57
f 68//58 67//58 75//58
f 96//59 68//59 75//59
f 85//60 80//60 96//60
f 96//61 75//61 85//61
f 102//62 101//62 105//62
f 98//63 97//63 104//63
f 104//64 97//64 98//64
f 107//65 103//65 100//65
f 86//66 37//66 101//66
f 102//67 106//67 103//67
f 107//68 75//68 90//68
f 107//69 102//69 103//69
f 103//70 106//70 108//70
f 110//71 147//71 111//71
f 21//72 25//72 118//72
f 116//73 117//73 8//73
f 116//74 120//74 117//74
f 121//75 119//75 122//75
f 116//76 180//76 129//76
f 124//77 118//77 123//77
f 127//78 117//78 120//78
f 126//79 121//79 125//79
f 130//80 126//80 135//80
f 133//81 131//81 139//81
f 128//82 136//82 127//82
f 139//83 131//83 134//83
f 132//84 128//84 138//84
f 137//85 134//85 136//85
f 133//86 109//86 111//86
f 133//87 139//87 109//87
f 140//88 132//88 138//88
f 141//89 137//89 136//89
f 143//90 36//90 22//90
f 24//91 144//91 145//91
f 146//92 144//92 142//92
f 142//93 148//93 149//93
f 122//94 118//94 147//94
f 151//95 36//95 150//95
f 146//96 142//96 149//96
f 146//97 151//97 144//97
f 151//98 143//98 152//98
f 126//99 152//99 121//99
f 155//100 153//100 154//100
f 147//101 118//101 124//101
f 147//102 112//102 156//102
f 150//103 143//103 151//103
f 146//104 157//104 151//104
f 153//105 157//105 146//105
f 196//106 157//106 153//106
f 160//107 148//107 151//107
f 146//108 148//108 159//108
f 133//109 111//109 161//109
f 112//110 161//110 124//110
f 158//111 133//111 161//111
f 135//112 125//112 158//112
f 162//113 159//113 148//113
f 157//114 164//114 160//114
f 135//115 158//115 164//115
f 164//116 158//116 166//116
f 159//117 165//117 169//117
f 164//118 130//118 135//118
f 166//119 161//119 405//119
f 173//120 174//120 170//120
f 170//121 174//121 175//121
f 174//122 173//122 163//122
f 174//123 163//123 169//123
f 60//124 56//124 176//124
f 180//125 26//125 176//125
f 176//126 56//126 180//126
f 177//127 180//127 2//127
f 177//128 185//128 180//128
f 178//129 182//129 177//129
f 180//130 185//130 186//130
f 183//131 189//131 182//131
f 177//132 186//132 185//132
f 189//133 186//133 177//133
f 183//134 190//134 189//134
f 186//135 140//135 187//135
f 35//136 145//136 193//136
f 192//137 35//137 193//137
f 181//138 145//138 126//138
f 184//139 193//139 181//139
f 184//140 196//140 193//140
f 184//141 126//141 130//141
f 196//142 130//142 157//142
f 197//143 175//143 200//143
f 197//144 200//144 199//144
f 219//145 202//145 198//145
f 203//146 202//146 219//146
f 205//147 37//147 155//147
f 105//148 101//148 205//148
f 106//149 206//149 195//149
f 106//150 102//150 206//150
f 105//151 205//151 207//151
f 195//152 206//152 209//152
f 211//153 207//153 171//153
f 208//154 171//154 205//154
f 213//155 212//155 214//155
f 214//156 212//156 216//156
f 211//157 171//157 215//157
f 211//158 215//158 172//158
f 212//159 211//159 172//159
f 209//160 217//160 195//160
f 210//161 219//161 220//161
f 172//162 221//162 222//162
f 222//163 224//163 216//163
f 503//164 218//164 224//164
f 224//165 221//165 223//165
f 227//166 226//166 228//166
f 228//167 226//167 227//167
f 233//168 234//168 235//168
f 241//169 230//169 1//169
f 244//170 58//170 43//170
f 247//171 243//171 254//171
f 254//172 246//172 247//172
f 257//173 58//173 244//173
f 243//174 248//174 254//174
f 255//175 251//175 252//175
f 62//176 256//176 248//176
f 256//177 257//177 254//177
f 251//178 253//178 323//178
f 7//179 66//179 262//179
f 262//180 66//180 69//180
f 239//181 238//181 263//181
f 42//182 66//182 7//182
f 264//183 42//183 7//183
f 69//184 264//184 262//184
f 238//185 267//185 263//185
f 80//186 264//186 69//186
f 267//187 238//187 43//187
f 267//188 43//188 42//188
f 263//189 267//189 245//189
f 268//190 42//190 264//190
f 271//191 265//191 266//191
f 245//192 267//192 249//192
f 265//193 270//193 274//193
f 268//194 91//194 92//194
f 251//195 249//195 253//195
f 270//196 251//196 323//196
f 271//197 276//197 272//197
f 273//198 271//198 266//198
f 276//199 277//199 272//199
f 280//200 279//200 282//200
f 279//201 280//201 100//201
f 85//202 99//202 281//202
f 281//203 99//203 283//203
f 282//204 279//204 100//204
f 284//205 281//205 283//205
f 99//206 107//206 283//206
f 281//207 84//207 85//207
f 282//208 286//208 280//208
f 273//209 269//209 287//209
f 291//210 290//210 293//210
f 291//211 296//211 295//211
f 259//212 290//212 261//212
f 297//213 294//213 295//213
f 292//214 270//214 298//214
f 299//215 292//215 298//215
f 292//216 252//216 270//216
f 299//217 300//217 291//217
f 260//218 292//218 293//218
f 260//219 252//219 292//219
f 298//220 272//220 300//220
f 301//221 272//221 277//221
f 300//222 371//222 291//222
f 305//223 304//223 306//223
f 307//224 308//224 309//224
f 256//225 62//225 257//225
f 254//226 257//226 311//226
f 259//227 258//227 311//227
f 312//228 61//228 314//228
f 92//229 310//229 253//229
f 258//230 313//230 250//230
f 261//231 319//231 313//231
f 183//232 182//232 179//232
f 312//233 314//233 317//233
f 179//234 318//234 316//234
f 312//235 317//235 318//235
f 312//236 318//236 179//236
f 231//237 317//237 319//237
f 320//238 231//238 319//238
f 316//239 318//239 623//239
f 321//240 317//240 231//240
f 318//241 317//241 321//241
f 194//242 92//242 91//242
f 277//243 276//243 325//243
f 278//244 276//244 273//244
f 92//245 194//245 310//245
f 310//246 194//246 323//246
f 16//247 19//247 13//247
f 326//248 327//248 278//248
f 326//249 328//249 327//249
f 492//250 188//250 330//250
f 329//251 198//251 204//251
f 316//252 622//252 330//252
f 333//253 288//253 336//253
f 288//254 324//254 287//254
f 288//255 333//255 289//255
f 210//256 332//256 108//256
f 337//257 285//257 332//257
f 338//258 324//258 288//258
f 289//259 338//259 288//259
f 337//260 343//260 288//260
f 339//261 338//261 289//261
f 210//262 220//262 343//262
f 346//263 336//263 343//263
f 341//264 336//264 346//264
f 333//265 341//265 344//265
f 343//266 220//266 346//266
f 345//267 349//267 326//267
f 345//268 342//268 344//268
f 345//269 344//269 347//269
f 326//270 349//270 328//270
f 346//271 219//271 329//271
f 341//272 346//272 329//272
f 347//273 344//273 351//273
f 353//274 347//274 348//274
f 345//275 347//275 350//275
f 349//276 355//276 328//276
f 349//277 345//277 350//277
f 351//278 341//278 329//278
f 348//279 347//279 352//279
f 353//280 356//280 350//280
f 361//281 360//281 359//281
f 359//282 358//282 361//282
f 322//283 231//283 320//283
f 360//284 363//284 320//284
f 361//285 363//285 360//285
f 365//286 362//286 320//286
f 363//287 364//287 320//287
f 364//288 626//288 365//288
f 368//289 367//289 362//289
f 302//290 301//290 370//290
f 372//291 301//291 302//291
f 306//292 304//292 305//292
f 369//293 276//293 370//293
f 375//294 370//294 373//294
f 358//295 371//295 372//295
f 303//296 370//296 375//296
f 377//297 373//297 374//297
f 376//298 375//298 373//298
f 374//299 327//299 377//299
f 377//300 378//300 373//300
f 379//301 378//301 377//301
f 376//302 373//302 378//302
f 380//303 381//303 372//303
f 327//304 328//304 382//304
f 383//305 361//305 358//305
f 380//306 378//306 384//306
f 380//307 376//307 378//307
f 381//308 384//308 383//308
f 387//309 383//309 378//309
f 384//310 381//310 380//310
f 385//311 328//311 331//311
f 386//312 387//312 378//312
f 363//313 361//313 383//313
f 363//314 383//314 387//314
f 363//315 387//315 697//315
f 680//316 363//316 390//316
f 393//317 340//317 392//317
f 392//318 340//318 393//318
f 394//319 395//319 396//319
f 377//320 382//320 379//320
f 385//321 382//321 328//321
f 335//322 357//322 401//322
f 114//323 405//323 408//323
f 114//324 408//324 409//324
f 409//325 410//325 411//325
f 409//326 408//326 410//326
f 416//327 402//327 403//327
f 419//328 415//328 417//328
f 419//329 418//329 415//329
f 421//330 403//330 404//330
f 421//331 404//331 422//331
f 418//332 424//332 422//332
f 419//333 421//333 425//333
f 425//334 421//334 423//334
f 423//335 420//335 425//335
f 426//336 421//336 428//336
f 423//337 421//337 426//337
f 428//338 421//338 427//338
f 427//339 421//339 422//339
f 423//340 429//340 461//340
f 423//341 461//341 430//341
f 427//342 431//342 517//342
f 428//343 427//343 517//343
f 428//344 432//344 426//344
f 461//345 480//345 430//345
f 438//346 167//346 435//346
f 436//347 437//347 438//347
f 438//348 437//348 167//348
f 436//349 438//349 169//349
f 439//350 200//350 175//350
f 412//351 406//351 407//351
f 109//352 410//352 113//352
f 436//353 168//353 435//353
f 437//354 440//354 435//354
f 445//355 200//355 439//355
f 448//356 410//356 109//356
f 447//357 442//357 444//357
f 414//358 420//358 448//358
f 446//359 441//359 454//359
f 448//360 451//360 455//360
f 441//361 449//361 454//361
f 446//362 454//362 455//362
f 452//363 457//363 456//363
f 429//364 453//364 460//364
f 458//365 423//365 430//365
f 459//366 456//366 457//366
f 413//367 426//367 432//367
f 413//368 460//368 453//368
f 455//369 458//369 529//369
f 439//370 174//370 463//370
f 443//371 463//371 440//371
f 469//372 467//372 468//372
f 469//373 465//373 467//373
f 470//374 465//374 469//374
f 471//375 468//375 466//375
f 452//376 466//376 457//376
f 452//377 471//377 466//377
f 452//378 469//378 471//378
f 472//379 140//379 190//379
f 474//380 472//380 190//380
f 476//381 474//381 190//381
f 476//382 190//382 191//382
f 473//383 433//383 424//383
f 484//384 475//384 474//384
f 479//385 430//385 481//385
f 483//386 479//386 481//386
f 486//387 472//387 482//387
f 430//388 480//388 481//388
f 472//389 486//389 433//389
f 488//390 482//390 484//390
f 201//391 200//391 445//391
f 491//392 191//392 188//392
f 202//393 199//393 201//393
f 493//394 202//394 201//394
f 494//395 495//395 504//395
f 504//396 496//396 494//396
f 496//397 505//397 507//397
f 456//398 497//398 498//398
f 505//399 456//399 498//399
f 497//400 456//400 459//400
f 479//401 458//401 430//401
f 500//402 499//402 479//402
f 483//403 500//403 479//403
f 458//404 535//404 529//404
f 499//405 458//405 479//405
f 500//406 483//406 551//406
f 224//407 223//407 502//407
f 503//408 223//408 203//408
f 225//409 503//409 224//409
f 445//410 439//410 495//410
f 495//411 439//411 464//411
f 225//412 502//412 503//412
f 470//413 467//413 465//413
f 505//414 504//414 467//414
f 664//415 493//415 506//415
f 505//416 452//416 456//416
f 470//417 452//417 505//417
f 504//418 505//418 496//418
f 506//419 496//419 507//419
f 507//420 508//420 506//420
f 505//421 498//421 509//421
f 498//422 530//422 604//422
f 510//423 509//423 501//423
f 601//424 511//424 510//424
f 516//425 514//425 515//425
f 431//426 513//426 517//426
f 518//427 431//427 427//427
f 433//428 518//428 427//428
f 519//429 518//429 433//429
f 520//430 433//430 434//430
f 461//431 521//431 480//431
f 522//432 513//432 431//432
f 522//433 431//433 518//433
f 522//434 518//434 517//434
f 519//435 525//435 523//435
f 520//436 525//436 519//436
f 526//437 525//437 524//437
f 460//438 413//438 432//438
f 461//439 429//439 528//439
f 461//440 528//440 529//440
f 457//441 462//441 534//441
f 462//442 455//442 529//442
f 457//443 534//443 530//443
f 534//444 462//444 533//444
f 535//445 533//445 532//445
f 536//446 533//446 535//446
f 536//447 530//447 533//447
f 538//448 528//448 523//448
f 521//449 532//449 538//449
f 540//450 537//450 539//450
f 539//451 537//451 540//451
f 541//452 542//452 543//452
f 548//453 547//453 549//453
f 548//454 549//454 547//454
f 552//455 482//455 488//455
f 434//456 486//456 560//456
f 550//457 485//457 554//457
f 555//458 550//458 554//458
f 556//459 550//459 555//459
f 559//460 489//460 552//460
f 434//461 524//461 520//461
f 560//462 524//462 434//462
f 487//463 550//463 561//463
f 556//464 561//464 550//464
f 552//465 557//465 560//465
f 562//466 556//466 558//466
f 559//467 552//467 563//467
f 561//468 555//468 565//468
f 557//469 561//469 567//469
f 557//470 555//470 561//470
f 563//471 552//471 568//471
f 566//472 526//472 524//472
f 554//473 566//473 567//473
f 570//474 561//474 565//474
f 569//475 568//475 730//475
f 566//476 525//476 526//476
f 569//477 572//477 568//477
f 497//478 459//478 530//478
f 499//479 535//479 458//479
f 499//480 536//480 535//480
f 501//481 509//481 577//481
f 500//482 576//482 499//482
f 500//483 551//483 576//483
f 575//484 536//484 499//484
f 577//485 575//485 576//485
f 551//486 487//486 582//486
f 501//487 577//487 576//487
f 576//488 551//488 579//488
f 579//489 574//489 576//489
f 575//490 531//490 530//490
f 580//491 531//491 575//491
f 551//492 582//492 579//492
f 574//493 579//493 584//493
f 593//494 581//494 564//494
f 586//495 581//495 593//495
f 586//496 579//496 582//496
f 558//497 587//497 562//497
f 562//498 589//498 570//498
f 591//499 584//499 583//499
f 593//500 564//500 527//500
f 594//501 527//501 596//501
f 589//502 596//502 570//502
f 594//503 596//503 595//503
f 530//504 531//504 604//504
f 508//505 511//505 600//505
f 573//506 601//506 510//506
f 508//507 600//507 602//507
f 531//508 546//508 604//508
f 601//509 573//509 605//509
f 604//510 578//510 577//510
f 605//511 573//511 607//511
f 605//512 606//512 772//512
f 573//513 584//513 607//513
f 608//514 606//514 607//514
f 608//515 607//515 588//515
f 616//516 617//516 589//516
f 618//517 590//517 587//517
f 618//518 587//518 598//518
f 768//519 589//519 618//519
f 616//520 615//520 617//520
f 627//521 623//521 321//521
f 628//522 631//522 629//522
f 628//523 627//523 630//523
f 625//524 630//524 624//524
f 631//525 484//525 474//525
f 631//526 620//526 484//526
f 628//527 640//527 631//527
f 638//528 647//528 633//528
f 640//529 621//529 631//529
f 632//530 635//530 640//530
f 638//531 633//531 637//531
f 641//532 633//532 634//532
f 642//533 635//533 632//533
f 637//534 633//534 641//534
f 649//535 647//535 648//535
f 649//536 636//536 647//536
f 713//537 650//537 651//537
f 748//538 634//538 636//538
f 355//539 655//539 644//539
f 644//540 331//540 355//540
f 204//541 493//541 646//541
f 654//542 653//542 657//542
f 352//543 654//543 658//543
f 660//544 655//544 659//544
f 644//545 660//545 385//545
f 654//546 657//546 661//546
f 658//547 661//547 356//547
f 654//548 661//548 658//548
f 656//549 658//549 356//549
f 664//550 661//550 646//550
f 664//551 659//551 356//551
f 659//552 667//552 665//552
f 665//553 667//553 672//553
f 669//554 668//554 673//554
f 667//555 668//555 670//555
f 512//556 673//556 668//556
f 671//557 651//557 650//557
f 669//558 673//558 675//558
f 667//559 677//559 671//559
f 362//560 626//560 625//560
f 683//561 679//561 682//561
f 682//562 679//562 364//562
f 685//563 682//563 680//563
f 626//564 679//564 683//564
f 681//565 625//565 626//565
f 684//566 683//566 685//566
f 681//567 686//567 625//567
f 684//568 687//568 683//568
f 684//569 685//569 688//569
f 686//570 630//570 625//570
f 684//571 690//571 687//571
f 689//572 684//572 688//572
f 689//573 690//573 684//573
f 692//574 630//574 686//574
f 776//575 692//575 690//575
f 694//576 691//576 693//576
f 389//577 388//577 391//577
f 696//578 386//578 695//578
f 391//579 388//579 702//579
f 680//580 700//580 711//580
f 698//581 645//581 695//581
f 695//582 645//582 701//582
f 698//583 386//583 699//583
f 699//584 702//584 698//584
f 696//585 701//585 703//585
f 391//586 702//586 699//586
f 700//587 697//587 703//587
f 701//588 707//588 710//588
f 698//589 709//589 708//589
f 703//590 701//590 710//590
f 648//591 707//591 645//591
f 724//592 709//592 702//592
f 647//593 638//593 712//593
f 707//594 647//594 712//594
f 709//595 650//595 713//595
f 710//596 707//596 717//596
f 711//597 689//597 688//597
f 717//598 707//598 712//598
f 719//599 717//599 712//599
f 693//600 689//600 694//600
f 694//601 689//601 711//601
f 719//602 711//602 710//602
f 716//603 753//603 648//603
f 400//604 385//604 720//604
f 721//605 400//605 720//605
f 662//606 385//606 660//606
f 400//607 702//607 388//607
f 663//608 666//608 672//608
f 662//609 723//609 724//609
f 722//610 724//610 702//610
f 725//611 713//611 678//611
f 697//612 700//612 390//612
f 637//613 641//613 733//613
f 726//614 489//614 559//614
f 726//615 558//615 553//615
f 736//616 640//616 727//616
f 642//617 729//617 635//617
f 730//618 621//618 735//618
f 727//619 559//619 730//619
f 727//620 726//620 559//620
f 728//621 621//621 736//621
f 635//622 726//622 727//622
f 734//623 643//623 775//623
f 726//624 740//624 558//624
f 728//625 736//625 731//625
f 766//626 733//626 732//626
f 729//627 737//627 635//627
f 741//628 735//628 728//628
f 741//629 728//629 731//629
f 741//630 731//630 735//630
f 742//631 738//631 739//631
f 739//632 738//632 742//632
f 769//633 740//633 732//633
f 746//634 744//634 745//634
f 748//635 639//635 634//635
f 652//636 636//636 649//636
f 638//637 637//637 752//637
f 639//638 748//638 755//638
f 751//639 749//639 763//639
f 652//640 758//640 636//640
f 752//641 637//641 766//641
f 754//642 764//642 753//642
f 750//643 760//643 747//643
f 765//644 585//644 756//644
f 761//645 749//645 765//645
f 759//646 758//646 752//646
f 767//647 759//647 764//647
f 757//648 751//648 763//648
f 767//649 764//649 757//649
f 762//650 761//650 765//650
f 757//651 763//651 761//651
f 779//652 743//652 737//652
f 558//653 740//653 598//653
f 592//654 768//654 585//654
f 765//655 592//655 585//655
f 599//656 765//656 760//656
f 770//657 761//657 762//657
f 757//658 770//658 767//658
f 770//659 762//659 767//659
f 765//660 599//660 592//660
f 769//661 771//661 598//661
f 674//662 772//662 673//662
f 602//663 603//663 512//663
f 673//664 772//664 750//664
f 675//665 673//665 750//665
f 668//666 675//666 773//666
f 676//667 668//667 773//667
f 670//668 676//668 774//668
f 678//669 671//669 677//669
f 676//670 773//670 677//670
f 773//671 678//671 677//671
f 754//672 678//672 773//672
f 588//673 597//673 599//673
f 775//674 643//674 691//674
f 694//675 775//675 691//675
f 777//676 775//676 694//676
f 729//677 734//677 737//677
f 712//678 638//678 752//678
f 778//679 712//679 752//679
f 719//680 712//680 778//680
f 779//681 758//681 766//681
f 781//682 779//682 778//682
f 780//683 781//683 778//683
f 781//684 780//684 779//684
f 725//685 754//685 753//685
f 725//686 678//686 754//686
f 786//687 785//687 788//687
f 790//688 789//688 787//688
f 793//689 791//689 792//689
f 613//690 619//690 794//690
f 794//691 619//691 613//691
f 12//692 3//692 9//692
f 10//693 9//693 3//693
f 10//694 11//694 9//694
f 11//695 15//695 17//695
f 17//696 9//696 11//696
f 17//697 16//697 9//697
f 24//698 35//698 33//698
f 26//699 16//699 17//699
f 14//700 23//700 15//700
f 20//701 22//701 19//701
f 27//702 20//702 21//702
f 30//703 28//703 29//703
f 30//704 29//704 28//704
f 18//705 14//705 13//705
f 18//706 13//706 19//706
f 18//707 19//707 22//707
f 24//708 23//708 18//708
f 31//709 33//709 35//709
f 43//710 39//710 42//710
f 39//711 4//711 38//711
f 4//712 43//712 41//712
f 45//713 38//713 40//713
f 48//714 46//714 40//714
f 41//715 40//715 38//715
f 70//716 47//716 79//716
f 46//717 44//717 50//717
f 41//718 58//718 48//718
f 43//719 58//719 41//719
f 82//720 47//720 54//720
f 49//721 54//721 47//721
f 51//722 52//722 45//722
f 50//723 44//723 56//723
f 51//724 45//724 57//724
f 49//725 52//725 57//725
f 61//726 51//726 57//726
f 52//727 61//727 57//727
f 58//728 61//728 52//728
f 59//729 23//729 24//729
f 59//730 54//730 15//730
f 59//731 82//731 54//731
f 56//732 45//732 50//732
f 57//733 45//733 56//733
f 49//734 57//734 60//734
f 63//735 6//735 5//735
f 38//736 5//736 39//736
f 38//737 47//737 5//737
f 70//738 63//738 5//738
f 66//739 42//739 6//739
f 65//740 69//740 74//740
f 72//741 64//741 66//741
f 94//742 69//742 65//742
f 68//743 74//743 67//743
f 72//744 63//744 70//744
f 66//745 63//745 72//745
f 64//746 72//746 74//746
f 35//747 76//747 31//747
f 31//748 76//748 33//748
f 78//749 67//749 74//749
f 77//750 35//750 32//750
f 79//751 55//751 70//751
f 79//752 47//752 82//752
f 82//753 76//753 78//753
f 80//754 94//754 96//754
f 88//755 75//755 81//755
f 85//756 84//756 80//756
f 77//757 86//757 81//757
f 86//758 77//758 32//758
f 78//759 87//759 82//759
f 87//760 55//760 82//760
f 83//761 87//761 78//761
f 268//762 89//762 91//762
f 80//763 89//763 268//763
f 86//764 32//764 37//764
f 86//765 88//765 81//765
f 96//766 94//766 68//766
f 73//767 71//767 95//767
f 113//768 161//768 112//768
f 90//769 86//769 101//769
f 90//770 101//770 102//770
f 107//771 90//771 102//771
f 107//772 85//772 75//772
f 99//773 85//773 107//773
f 108//774 100//774 103//774
f 113//775 110//775 111//775
f 112//776 110//776 113//776
f 113//777 111//777 109//777
f 128//778 129//778 138//778
f 26//779 116//779 8//779
f 21//780 118//780 119//780
f 27//781 21//781 119//781
f 27//782 119//782 121//782
f 121//783 20//783 27//783
f 26//784 180//784 116//784
f 25//785 8//785 117//785
f 118//786 122//786 119//786
f 116//787 129//787 120//787
f 25//788 117//788 123//788
f 118//789 25//789 123//789
f 120//790 129//790 127//790
f 121//791 122//791 125//791
f 131//792 117//792 127//792
f 123//793 117//793 131//793
f 133//794 124//794 123//794
f 136//795 131//795 127//795
f 133//796 123//796 131//796
f 134//797 131//797 136//797
f 132//798 141//798 136//798
f 135//799 126//799 125//799
f 187//800 138//800 129//800
f 136//801 128//801 132//801
f 134//802 137//802 414//802
f 121//803 22//803 20//803
f 124//804 156//804 112//804
f 142//805 144//805 36//805
f 24//806 36//806 144//806
f 121//807 152//807 143//807
f 142//808 36//808 151//808
f 151//809 148//809 142//809
f 143//810 150//810 36//810
f 151//811 152//811 144//811
f 152//812 145//812 144//812
f 126//813 145//813 152//813
f 122//814 147//814 156//814
f 151//815 157//815 160//815
f 155//816 196//816 153//816
f 124//817 111//817 147//817
f 112//818 147//818 110//818
f 208//819 154//819 171//819
f 156//820 125//820 122//820
f 148//821 146//821 149//821
f 159//822 153//822 146//822
f 124//823 161//823 111//823
f 158//824 124//824 133//824
f 156//825 158//825 125//825
f 162//826 148//826 160//826
f 130//827 164//827 157//827
f 166//828 158//828 161//828
f 162//829 164//829 166//829
f 162//830 160//830 164//830
f 165//831 159//831 162//831
f 159//832 169//832 163//832
f 166//833 405//833 115//833
f 162//834 166//834 168//834
f 165//835 162//835 169//835
f 154//836 153//836 159//836
f 213//837 207//837 211//837
f 170//838 154//838 159//838
f 171//839 154//839 170//839
f 163//840 170//840 159//840
f 173//841 170//841 163//841
f 175//842 171//842 170//842
f 439//843 175//843 174//843
f 176//844 26//844 53//844
f 60//845 176//845 53//845
f 51//846 2//846 56//846
f 51//847 61//847 2//847
f 61//848 62//848 229//848
f 2//849 180//849 56//849
f 61//850 177//850 2//850
f 61//851 178//851 177//851
f 179//852 182//852 178//852
f 129//853 180//853 187//853
f 180//854 186//854 187//854
f 181//855 126//855 184//855
f 182//856 189//856 177//856
f 188//857 191//857 183//857
f 191//858 190//858 183//858
f 187//859 140//859 138//859
f 189//860 140//860 186//860
f 190//861 140//861 189//861
f 34//862 35//862 192//862
f 37//863 34//863 192//863
f 89//864 93//864 91//864
f 181//865 193//865 145//865
f 155//866 37//866 192//866
f 155//867 192//867 196//867
f 196//868 192//868 193//868
f 196//142 184//142 130//142
f 188//869 183//869 316//869
f 219//870 195//870 217//870
f 200//871 201//871 199//871
f 199//872 223//872 197//872
f 202//873 223//873 199//873
f 202//874 203//874 223//874
f 203//875 219//875 217//875
f 204//876 198//876 202//876
f 205//877 101//877 37//877
f 206//878 102//878 105//878
f 108//879 106//879 195//879
f 206//880 105//880 207//880
f 207//881 205//881 171//881
f 205//882 155//882 208//882
f 206//883 213//883 209//883
f 210//884 108//884 195//884
f 214//885 224//885 218//885
f 212//886 213//886 211//886
f 218//887 217//887 209//887
f 213//888 218//888 209//888
f 214//889 218//889 213//889
f 219//890 210//890 195//890
f 197//891 215//891 175//891
f 215//892 171//892 175//892
f 221//893 172//893 215//893
f 197//894 221//894 215//894
f 222//895 212//895 172//895
f 222//896 216//896 212//896
f 218//897 203//897 217//897
f 224//898 222//898 221//898
f 221//899 197//899 223//899
f 236//900 240//900 232//900
f 1//901 230//901 229//901
f 237//902 236//902 232//902
f 237//903 241//903 236//903
f 240//904 237//904 232//904
f 241//905 1//905 236//905
f 238//906 245//906 244//906
f 244//907 43//907 238//907
f 241//908 243//908 247//908
f 240//909 1//909 229//909
f 246//910 250//910 247//910
f 254//911 242//911 246//911
f 248//912 240//912 229//912
f 243//913 240//913 248//913
f 245//914 249//914 244//914
f 265//915 272//915 270//915
f 254//916 250//916 242//916
f 241//917 247//917 230//917
f 253//918 249//918 267//918
f 62//919 248//919 229//919
f 58//920 257//920 62//920
f 249//921 257//921 244//921
f 256//922 254//922 248//922
f 310//923 323//923 253//923
f 255//924 249//924 251//924
f 258//925 250//925 254//925
f 261//926 258//926 259//926
f 259//927 255//927 260//927
f 235//928 234//928 233//928
f 262//929 264//929 7//929
f 263//930 245//930 239//930
f 268//931 267//931 42//931
f 80//932 268//932 264//932
f 266//933 265//933 269//933
f 269//934 265//934 274//934
f 252//935 251//935 270//935
f 281//936 287//936 84//936
f 268//937 92//937 267//937
f 323//938 274//938 270//938
f 260//939 255//939 252//939
f 266//940 269//940 273//940
f 92//941 253//941 267//941
f 84//942 93//942 80//942
f 274//943 93//943 84//943
f 274//944 323//944 275//944
f 287//945 269//945 274//945
f 271//946 273//946 276//946
f 280//947 283//947 100//947
f 283//948 107//948 100//948
f 282//949 100//949 285//949
f 283//950 280//950 286//950
f 653//951 329//951 204//951
f 284//952 283//952 286//952
f 288//953 287//953 284//953
f 287//954 274//954 84//954
f 286//955 288//955 284//955
f 295//956 290//956 291//956
f 295//957 294//957 290//957
f 291//958 293//958 292//958
f 293//959 290//959 259//959
f 260//960 293//960 259//960
f 261//961 290//961 294//961
f 297//962 295//962 296//962
f 298//963 270//963 272//963
f 291//964 292//964 299//964
f 300//965 299//965 298//965
f 300//966 272//966 301//966
f 371//967 296//967 291//967
f 300//968 301//968 371//968
f 230//969 61//969 229//969
f 247//970 314//970 230//970
f 250//971 314//971 247//971
f 249//972 311//972 257//972
f 254//973 311//973 258//973
f 255//974 311//974 249//974
f 311//975 255//975 259//975
f 61//976 312//976 178//976
f 314//977 61//977 230//977
f 250//978 313//978 314//978
f 261//979 313//979 258//979
f 312//980 179//980 178//980
f 261//981 315//981 319//981
f 316//982 183//982 179//982
f 313//983 317//983 314//983
f 319//984 317//984 313//984
f 622//985 316//985 623//985
f 623//986 318//986 321//986
f 194//987 91//987 93//987
f 275//988 194//988 93//988
f 274//989 275//989 93//989
f 323//990 194//990 275//990
f 273//991 324//991 278//991
f 324//992 326//992 278//992
f 330//993 188//993 316//993
f 198//994 329//994 219//994
f 331//995 328//995 355//995
f 330//996 622//996 492//996
f 344//997 334//997 333//997
f 332//998 100//998 108//998
f 285//999 100//999 332//999
f 282//1000 337//1000 286//1000
f 285//1001 337//1001 282//1001
f 286//1002 337//1002 288//1002
f 273//1003 287//1003 324//1003
f 289//1004 333//1004 334//1004
f 326//1005 324//1005 338//1005
f 339//1006 289//1006 334//1006
f 342//1007 339//1007 334//1007
f 288//1008 343//1008 336//1008
f 337//1009 332//1009 343//1009
f 333//1010 336//1010 341//1010
f 355//1011 350//1011 655//1011
f 338//1012 339//1012 326//1012
f 343//1013 332//1013 210//1013
f 339//1014 345//1014 326//1014
f 345//1015 339//1015 342//1015
f 346//1016 220//1016 219//1016
f 344//1017 341//1017 351//1017
f 353//1018 350//1018 347//1018
f 354//1019 347//1019 351//1019
f 348//1020 656//1020 353//1020
f 352//1021 347//1021 354//1021
f 656//1022 348//1022 352//1022
f 371//1023 360//1023 297//1023
f 350//1024 356//1024 655//1024
f 294//1025 315//1025 261//1025
f 294//1026 297//1026 315//1026
f 371//1027 297//1027 296//1027
f 297//1028 320//1028 315//1028
f 368//1029 365//1029 367//1029
f 359//1030 360//1030 358//1030
f 315//1031 320//1031 319//1031
f 297//1032 360//1032 320//1032
f 362//1033 322//1033 320//1033
f 364//1034 365//1034 320//1034
f 365//1035 366//1035 362//1035
f 366//1036 368//1036 362//1036
f 682//1037 364//1037 363//1037
f 388//1038 379//1038 400//1038
f 370//1039 276//1039 278//1039
f 301//1040 277//1040 369//1040
f 301//1041 372//1041 371//1041
f 376//1042 370//1042 303//1042
f 369//1043 277//1043 325//1043
f 369//1044 325//1044 276//1044
f 373//1045 370//1045 278//1045
f 370//1046 301//1046 369//1046
f 372//1047 302//1047 370//1047
f 376//1048 372//1048 370//1048
f 376//1049 303//1049 375//1049
f 327//1050 373//1050 278//1050
f 374//1051 373//1051 327//1051
f 380//1052 372//1052 376//1052
f 372//1053 381//1053 358//1053
f 382//1054 377//1054 327//1054
f 384//1055 378//1055 383//1055
f 381//1056 383//1056 358//1056
f 379//1057 389//1057 378//1057
f 378//1058 389//1058 386//1058
f 390//1059 363//1059 697//1059
f 389//1060 391//1060 386//1060
f 697//1061 387//1061 696//1061
f 309//1062 308//1062 307//1062
f 396//1063 395//1063 394//1063
f 399//1064 397//1064 398//1064
f 385//1065 400//1065 382//1065
f 379//1066 382//1066 400//1066
f 139//1067 417//1067 109//1067
f 399//1068 398//1068 397//1068
f 401//1069 357//1069 335//1069
f 403//1070 402//1070 404//1070
f 115//1071 405//1071 114//1071
f 409//1072 115//1072 114//1072
f 405//1073 113//1073 410//1073
f 409//1074 411//1074 115//1074
f 407//1075 406//1075 412//1075
f 410//1076 408//1076 405//1076
f 134//1077 415//1077 139//1077
f 414//1078 415//1078 134//1078
f 402//1079 418//1079 404//1079
f 139//1080 415//1080 416//1080
f 415//1081 414//1081 417//1081
f 419//1082 137//1082 141//1082
f 414//1083 137//1083 419//1083
f 416//1084 415//1084 402//1084
f 418//1085 419//1085 141//1085
f 167//1086 411//1086 435//1086
f 417//1087 416//1087 403//1087
f 419//1088 417//1088 421//1088
f 141//1089 424//1089 418//1089
f 425//1090 420//1090 419//1090
f 420//1091 414//1091 419//1091
f 422//1092 404//1092 418//1092
f 417//1093 403//1093 421//1093
f 424//1094 427//1094 422//1094
f 433//1095 427//1095 424//1095
f 411//1096 166//1096 115//1096
f 168//1097 166//1097 411//1097
f 411//1098 436//1098 435//1098
f 167//1099 437//1099 168//1099
f 436//1100 162//1100 168//1100
f 169//1101 162//1101 436//1101
f 426//1102 429//1102 423//1102
f 437//1103 435//1103 168//1103
f 440//1104 438//1104 435//1104
f 414//1105 109//1105 417//1105
f 414//1106 448//1106 109//1106
f 436//1107 440//1107 437//1107
f 169//1108 438//1108 440//1108
f 448//1109 441//1109 410//1109
f 441//1110 411//1110 410//1110
f 446//1111 443//1111 436//1111
f 443//1112 440//1112 436//1112
f 444//1113 442//1113 447//1113
f 441//1114 448//1114 449//1114
f 446//1115 436//1115 441//1115
f 451//1116 448//1116 420//1116
f 443//1117 446//1117 450//1117
f 448//1118 455//1118 449//1118
f 463//1119 169//1119 440//1119
f 455//1120 454//1120 449//1120
f 450//1121 446//1121 455//1121
f 457//1122 466//1122 450//1122
f 457//1123 450//1123 455//1123
f 413//1124 453//1124 426//1124
f 457//1125 455//1125 462//1125
f 466//1126 464//1126 463//1126
f 464//1127 439//1127 463//1127
f 463//1128 443//1128 466//1128
f 495//1129 467//1129 504//1129
f 443//1130 450//1130 466//1130
f 468//1131 467//1131 466//1131
f 469//1132 468//1132 471//1132
f 469//1133 452//1133 470//1133
f 472//1134 473//1134 140//1134
f 141//1135 140//1135 473//1135
f 475//1136 472//1136 474//1136
f 477//1137 474//1137 476//1137
f 473//1138 424//1138 141//1138
f 472//1139 433//1139 473//1139
f 475//1140 482//1140 472//1140
f 483//1141 481//1141 480//1141
f 484//1142 482//1142 475//1142
f 486//1143 434//1143 433//1143
f 550//1144 480//1144 485//1144
f 550//1145 483//1145 480//1145
f 486//1146 482//1146 560//1146
f 483//1147 550//1147 487//1147
f 492//1148 491//1148 188//1148
f 204//1149 202//1149 493//1149
f 494//1150 201//1150 445//1150
f 491//1151 476//1151 191//1151
f 493//1152 201//1152 494//1152
f 496//1153 493//1153 494//1153
f 494//1154 445//1154 495//1154
f 478//1155 476//1155 491//1155
f 451//1156 420//1156 423//1156
f 451//1157 423//1157 458//1157
f 458//1158 455//1158 451//1158
f 530//1159 498//1159 497//1159
f 225//1160 224//1160 502//1160
f 502//1161 223//1161 503//1161
f 509//1162 507//1162 505//1162
f 493//1163 496//1163 506//1163
f 505//1164 467//1164 470//1164
f 511//1165 507//1165 510//1165
f 519//1166 517//1166 518//1166
f 509//1167 498//1167 604//1167
f 512//1168 506//1168 508//1168
f 602//1169 512//1169 508//1169
f 515//1170 514//1170 516//1170
f 432//1171 428//1171 517//1171
f 532//1172 462//1172 529//1172
f 528//1173 432//1173 517//1173
f 520//1174 519//1174 433//1174
f 522//1175 517//1175 513//1175
f 523//1176 528//1176 519//1176
f 521//1177 523//1177 485//1177
f 525//1178 520//1178 524//1178
f 528//1179 460//1179 432//1179
f 429//1180 460//1180 528//1180
f 459//1181 457//1181 530//1181
f 529//1182 528//1182 532//1182
f 529//1183 521//1183 461//1183
f 552//1184 556//1184 557//1184
f 533//1185 530//1185 534//1185
f 532//1186 528//1186 538//1186
f 521//1187 535//1187 532//1187
f 521//1188 538//1188 523//1188
f 543//1189 542//1189 541//1189
f 485//1190 480//1190 521//1190
f 551//1191 483//1191 487//1191
f 552//1192 560//1192 482//1192
f 485//1193 525//1193 554//1193
f 490//1194 552//1194 489//1194
f 553//1195 556//1195 490//1195
f 553//1196 558//1196 556//1196
f 566//1197 560//1197 567//1197
f 557//1198 556//1198 555//1198
f 566//1199 554//1199 525//1199
f 564//1200 487//1200 561//1200
f 565//1201 555//1201 554//1201
f 557//1202 567//1202 560//1202
f 571//1203 561//1203 556//1203
f 562//1204 571//1204 556//1204
f 730//1205 568//1205 552//1205
f 563//1206 569//1206 559//1206
f 595//1207 586//1207 594//1207
f 567//1208 565//1208 554//1208
f 570//1209 564//1209 561//1209
f 567//1210 571//1210 565//1210
f 561//1211 571//1211 567//1211
f 570//1212 565//1212 571//1212
f 570//1213 527//1213 564//1213
f 563//1214 568//1214 572//1214
f 572//1215 569//1215 563//1215
f 573//1216 510//1216 501//1216
f 575//1217 530//1217 536//1217
f 499//1218 576//1218 575//1218
f 574//1219 501//1219 576//1219
f 577//1220 578//1220 575//1220
f 501//1221 574//1221 584//1221
f 584//1222 573//1222 501//1222
f 581//1223 487//1223 564//1223
f 578//1224 580//1224 575//1224
f 582//1225 487//1225 581//1225
f 582//1226 581//1226 586//1226
f 583//1227 579//1227 586//1227
f 584//1228 579//1228 583//1228
f 586//1229 593//1229 594//1229
f 571//1230 562//1230 570//1230
f 562//1231 590//1231 589//1231
f 562//1232 587//1232 590//1232
f 588//1233 584//1233 591//1233
f 588//1234 591//1234 597//1234
f 527//1235 594//1235 593//1235
f 570//1236 596//1236 527//1236
f 589//1237 592//1237 583//1237
f 589//1238 583//1238 586//1238
f 591//1239 592//1239 599//1239
f 601//1240 674//1240 603//1240
f 589//1241 586//1241 616//1241
f 599//1242 597//1242 591//1242
f 509//1243 604//1243 577//1243
f 511//1244 601//1244 600//1244
f 601//1245 602//1245 600//1245
f 596//1246 617//1246 615//1246
f 546//1247 531//1247 580//1247
f 546//1248 580//1248 604//1248
f 578//1249 604//1249 580//1249
f 606//1250 605//1250 607//1250
f 607//1251 584//1251 588//1251
f 609//1252 606//1252 608//1252
f 611//1253 610//1253 612//1253
f 545//1254 544//1254 614//1254
f 545//1255 614//1255 544//1255
f 595//1256 596//1256 615//1256
f 322//1257 624//1257 231//1257
f 618//1258 589//1258 590//1258
f 768//1259 618//1259 598//1259
f 616//1260 595//1260 615//1260
f 321//1261 231//1261 624//1261
f 628//1262 623//1262 627//1262
f 627//1263 321//1263 624//1263
f 629//1264 622//1264 623//1264
f 629//1265 478//1265 622//1265
f 647//1266 634//1266 633//1266
f 629//1267 631//1267 477//1267
f 629//1268 477//1268 476//1268
f 629//1269 476//1269 478//1269
f 624//1270 630//1270 627//1270
f 631//1271 474//1271 477//1271
f 632//1272 628//1272 630//1272
f 631//1273 621//1273 620//1273
f 620//1274 621//1274 484//1274
f 632//1275 640//1275 628//1275
f 659//1276 662//1276 660//1276
f 484//1277 621//1277 488//1277
f 489//1278 553//1278 490//1278
f 641//1279 634//1279 639//1279
f 492//1280 478//1280 491//1280
f 478//1281 492//1281 622//1281
f 707//1282 648//1282 647//1282
f 648//1283 652//1283 649//1283
f 354//1284 351//1284 653//1284
f 354//1285 653//1285 654//1285
f 354//1286 654//1286 352//1286
f 385//1287 331//1287 644//1287
f 646//1288 653//1288 204//1288
f 660//1289 644//1289 655//1289
f 356//1290 659//1290 655//1290
f 353//1291 656//1291 356//1291
f 656//1292 352//1292 658//1292
f 661//1293 653//1293 646//1293
f 642//1294 630//1294 692//1294
f 663//1295 659//1295 665//1295
f 646//1296 493//1296 664//1296
f 657//1297 653//1297 661//1297
f 664//1298 356//1298 661//1298
f 667//1299 659//1299 664//1299
f 672//1300 666//1300 665//1300
f 512//1301 664//1301 506//1301
f 668//1302 667//1302 664//1302
f 672//1303 671//1303 650//1303
f 672//1304 667//1304 671//1304
f 512//1305 668//1305 664//1305
f 512//1306 674//1306 673//1306
f 668//1307 669//1307 675//1307
f 670//1308 668//1308 676//1308
f 671//1309 678//1309 651//1309
f 362//1310 625//1310 322//1310
f 626//1311 364//1311 679//1311
f 367//1312 626//1312 362//1312
f 367//1313 365//1313 626//1313
f 363//1314 680//1314 682//1314
f 683//1315 681//1315 626//1315
f 682//1316 685//1316 683//1316
f 681//1317 687//1317 686//1317
f 681//1318 683//1318 687//1318
f 687//1319 692//1319 686//1319
f 690//1320 692//1320 687//1320
f 689//1321 693//1321 690//1321
f 708//1322 716//1322 648//1322
f 642//1323 691//1323 643//1323
f 776//1324 691//1324 642//1324
f 693//1325 691//1325 776//1325
f 693//1326 776//1326 690//1326
f 696//1327 387//1327 386//1327
f 699//1328 386//1328 391//1328
f 698//1329 695//1329 386//1329
f 680//1330 711//1330 685//1330
f 390//1331 700//1331 680//1331
f 696//1332 695//1332 701//1332
f 697//1333 696//1333 703//1333
f 700//1334 703//1334 711//1334
f 706//1335 704//1335 705//1335
f 698//1336 708//1336 645//1336
f 701//1337 645//1337 707//1337
f 702//1338 709//1338 698//1338
f 711//1339 688//1339 685//1339
f 706//1340 705//1340 704//1340
f 708//1341 648//1341 645//1341
f 703//1342 710//1342 711//1342
f 709//1343 713//1343 708//1343
f 636//1344 756//1344 748//1344
f 711//1345 719//1345 694//1345
f 717//1346 719//1346 710//1346
f 715//1347 718//1347 714//1347
f 715//1348 714//1348 718//1348
f 678//1349 713//1349 651//1349
f 720//1350 385//1350 662//1350
f 721//1351 722//1351 400//1351
f 400//1352 722//1352 702//1352
f 722//1353 720//1353 662//1353
f 721//1354 720//1354 722//1354
f 662//1355 672//1355 723//1355
f 662//1356 663//1356 672//1356
f 665//1357 666//1357 663//1357
f 723//1358 672//1358 650//1358
f 723//1359 650//1359 709//1359
f 709//1360 724//1360 723//1360
f 724//1361 722//1361 662//1361
f 713//1362 725//1362 753//1362
f 716//1363 713//1363 753//1363
f 621//1364 552//1364 488//1364
f 553//1365 489//1365 726//1365
f 635//1366 727//1366 640//1366
f 621//1367 730//1367 552//1367
f 640//1368 736//1368 621//1368
f 733//1369 641//1369 639//1369
f 643//1370 729//1370 642//1370
f 731//1371 727//1371 730//1371
f 728//1372 735//1372 621//1372
f 733//1373 639//1373 732//1373
f 643//1374 734//1374 729//1374
f 559//1375 569//1375 730//1375
f 731//1376 730//1376 735//1376
f 736//1377 727//1377 731//1377
f 635//1378 732//1378 726//1378
f 635//1379 737//1379 732//1379
f 732//1380 740//1380 726//1380
f 737//1381 743//1381 732//1381
f 745//1382 744//1382 746//1382
f 749//1383 750//1383 747//1383
f 749//1384 675//1384 750//1384
f 751//1385 675//1385 749//1385
f 652//1386 753//1386 759//1386
f 648//1387 753//1387 652//1387
f 756//1388 755//1388 748//1388
f 765//1389 747//1389 760//1389
f 637//1390 733//1390 766//1390
f 759//1391 752//1391 652//1391
f 764//1392 759//1392 753//1392
f 752//1393 758//1393 652//1393
f 639//1394 755//1394 732//1394
f 756//1395 585//1395 755//1395
f 762//1396 765//1396 756//1396
f 763//1397 749//1397 761//1397
f 755//1398 768//1398 771//1398
f 764//1399 754//1399 757//1399
f 758//1400 762//1400 756//1400
f 759//1401 762//1401 758//1401
f 767//1402 762//1402 759//1402
f 769//1403 755//1403 771//1403
f 558//1404 598//1404 587//1404
f 599//1405 760//1405 588//1405
f 670//1406 676//1406 667//1406
f 770//1407 757//1407 761//1407
f 743//1408 766//1408 732//1408
f 743//1409 779//1409 766//1409
f 769//1410 598//1410 740//1410
f 768//1411 598//1411 771//1411
f 603//1412 674//1412 512//1412
f 667//1413 676//1413 677//1413
f 588//1414 609//1414 608//1414
f 757//1415 675//1415 751//1415
f 754//1416 773//1416 757//1416
f 772//1417 674//1417 605//1417
f 772//1418 760//1418 750//1418
f 773//1419 675//1419 757//1419
f 772//1420 609//1420 760//1420
f 772//1421 606//1421 609//1421
f 775//1422 778//1422 779//1422
f 611//1423 612//1423 610//1423
f 692//1424 776//1424 642//1424
f 775//1425 737//1425 734//1425
f 719//1426 777//1426 694//1426
f 719//1427 778//1427 777//1427
f 775//1428 779//1428 737//1428
f 778//1429 752//1429 780//1429
f 779//1430 752//1430 758//1430
f 779//1431 780//1431 752//1431
f 783//1432 782//1432 784//1432
f 783//1433 784//1433 782//1433
f 786//1434 788//1434 785//1434
f 790//1435 787//1435 789//1435
f 792//1436 791//1436 793//1436
f 16//1437 21//1437 19//1437
f 24//1438 145//1438 35//1438
f 43//1439 4//1439 39//1439
f 45//1440 49//1440 38//1440
f 70//1441 5//1441 47//1441
f 35//1442 78//1442 76//1442
f 77//1443 78//1443 35//1443
f 79//1444 82//1444 55//1444
f 80//1445 69//1445 94//1445
f 113//1446 405//1446 161//1446
f 128//1447 127//1447 129//1447
f 132//1448 140//1448 141//1448
f 121//1449 143//1449 22//1449
f 124//1450 158//1450 156//1450
f 208//1451 155//1451 154//1451
f 213//1452 206//1452 207//1452
f 214//1453 216//1453 224//1453
f 218//1454 503//1454 203//1454
f 236//1455 1//1455 240//1455
f 240//1456 241//1456 237//1456
f 238//1457 239//1457 245//1457
f 241//1458 240//1458 243//1458
f 246//1459 242//1459 250//1459
f 265//1460 271//1460 272//1460
f 281//1461 284//1461 287//1461
f 653//1462 351//1462 329//1462
f 344//1463 342//1463 334//1463
f 355//1464 349//1464 350//1464
f 371//1465 358//1465 360//1465
f 368//1466 366//1466 365//1466
f 388//1467 389//1467 379//1467
f 139//1468 416//1468 417//1468
f 402//1469 415//1469 418//1469
f 167//1470 168//1470 411//1470
f 411//1471 441//1471 436//1471
f 426//1472 453//1472 429//1472
f 463//1473 174//1473 169//1473
f 466//1474 467//1474 464//1474
f 495//1475 464//1475 467//1475
f 509//1476 510//1476 507//1476
f 511//1477 508//1477 507//1477
f 519//1478 528//1478 517//1478
f 532//1479 533//1479 462//1479
f 529//1480 535//1480 521//1480
f 552//1481 490//1481 556//1481
f 485//1482 523//1482 525//1482
f 566//1483 524//1483 560//1483
f 595//1484 616//1484 586//1484
f 589//1485 768//1485 592//1485
f 591//1486 583//1486 592//1486
f 601//1487 605//1487 674//1487
f 601//1488 603//1488 602//1488
f 596//1489 589//1489 617//1489
f 322//1490 625//1490 624//1490
f 628//1491 629//1491 623//1491
f 647//1492 636//1492 634//1492
f 659//1493 663//1493 662//1493
f 642//1494 632//1494 630//1494
f 708//1495 713//1495 716//1495
f 636//1496 758//1496 756//1496
f 765//1497 749//1497 747//1497
f 752//1498 766//1498 758//1498
f 755//1499 585//1499 768//1499
f 769//1500 732//1500 755//1500
f 588//1501 760//1501 609//1501
f 775//1502 777//1502 778//1502
