# Blender 5.2.0 LTS
# www.blender.org
o Coral_Table_A_tmp
v -1.680902 0.000366 0.843617
v -1.684060 0.004894 0.912324
v -1.408262 -1.260512 0.983004
v -1.338947 -1.329136 1.052534
v -1.336751 -1.234977 1.054073
v -1.268548 -1.332806 0.885167
v -1.277803 -1.324396 1.097845
v -1.329138 -1.263818 0.974739
v -1.253237 -1.286956 1.039796
v -1.196832 -1.407607 1.100092
v -1.234997 -1.335800 0.938181
v -1.179620 -1.238694 1.054187
v -1.131900 -1.545235 1.099665
v -1.109672 -1.484874 1.028629
v -1.126137 -1.384792 0.971217
v -1.127021 -1.295841 0.957370
v -1.164149 -1.299844 1.237006
v -1.133868 -1.172853 0.981927
v -1.187950 -1.424033 1.196326
v -1.186135 -1.128387 1.247340
v -1.148785 -1.546063 1.261328
v -1.146968 -1.199530 1.212818
v -1.609525 -0.629273 0.839328
v -1.622669 -0.631546 0.918209
v -1.596356 -0.636296 0.919897
v -1.490594 -1.050411 1.040319
v -1.492600 -0.569522 0.981693
v -1.456695 -1.057360 1.038483
v -1.471000 -1.047408 1.125106
v -1.452008 -0.571295 0.977340
v -1.253155 -0.688673 1.008148
v -1.272676 -0.635259 1.049458
v -1.193907 -1.054413 0.960154
v -1.199914 -1.061779 1.133777
v -1.227060 -0.977001 1.183605
v -1.189591 -0.863449 1.115152
v -1.193759 -0.700654 0.834377
v -1.270455 -0.672879 1.115125
v -1.222400 -0.584186 1.123849
v -1.084311 -0.959482 0.979246
v -1.123513 -0.916147 1.069773
v -1.157765 -0.761607 0.888030
v -1.096898 -0.618583 0.900516
v -1.126791 -0.563534 1.020103
v -1.191337 -1.030395 1.273005
v -1.192733 -0.787981 1.202050
v -1.182879 -0.648208 1.220656
v -1.123615 -0.911222 1.207530
v -1.153365 -0.897757 1.167616
v -1.059650 -0.758513 1.180835
v -1.151145 -0.558984 1.206509
v -1.541967 -0.506449 1.014002
v -1.543258 -0.502959 1.058298
v -1.555940 -0.391431 0.925870
v -1.603403 -0.318575 0.982278
v -1.540275 -0.328796 1.119805
v -1.544840 -0.274273 0.837067
v -1.550748 -0.214631 0.879337
v -1.556138 -0.193356 1.124736
v -1.457792 -0.394317 0.809562
v -1.495481 -0.460187 1.070012
v -1.472239 -0.132193 1.073990
v -1.504504 -0.146430 1.126304
v -1.402021 -0.495318 0.830594
v -1.416980 -0.521443 1.037588
v -1.413267 -0.432981 1.141040
v -1.400401 -0.050379 0.906399
v -1.370912 -0.522847 0.989205
v -1.305950 -0.364180 0.822990
v -1.432264 -0.186230 0.883392
v -1.335057 -0.150995 0.903581
v -1.302967 -0.486609 1.070604
v -1.251450 -0.414672 1.019322
v -1.269478 -0.220824 0.919460
v -1.212154 -0.488313 1.103533
v -1.265527 -0.346170 0.868889
v -1.185312 -0.066695 0.935561
v -1.214765 0.024502 1.016251
v -1.141559 -0.469052 1.019218
v -1.115191 -0.407046 0.896258
v -1.095026 -0.312306 0.883377
v -1.350951 -0.210207 1.188662
v -1.408273 -0.060549 1.148847
v -1.275814 -0.365784 1.151023
v -1.219475 -0.064443 1.179432
v -1.213784 -0.480941 1.174970
v -1.243906 -0.210817 1.196819
v -1.107730 -0.456311 1.195029
v -1.158376 -0.307984 1.194477
v -0.982290 -1.752270 1.119864
v -0.992204 -1.689203 0.964375
v -0.767999 -1.751138 1.123245
v -0.765622 -1.689313 1.020176
v -0.697275 -1.676132 0.913211
v -0.634175 -1.820509 1.120299
v -0.634663 -1.747254 0.968049
v -0.482131 -1.721767 0.866421
v -0.983689 -1.744494 1.256554
v -0.691122 -1.749051 1.189785
v -0.497120 -1.839213 1.154508
v -0.491958 -1.696543 1.202993
v -0.982216 -1.470708 1.125819
v -1.101543 -1.019523 0.948228
v -0.989597 -1.638195 1.135489
v -1.014109 -1.524428 1.112401
v -0.975920 -1.371695 1.035557
v -1.013803 -1.084103 0.967979
v -0.928130 -1.621052 0.975562
v -0.853296 -1.627273 1.075437
v -0.902181 -1.582828 1.018384
v -0.933595 -1.466547 1.072134
v -0.963344 -1.202929 0.991991
v -0.851250 -1.395563 0.980148
v -0.850259 -1.236682 1.042338
v -0.764850 -1.517829 0.960121
v -0.769365 -1.259638 1.063913
v -0.750464 -1.137682 1.082349
v -0.656125 -1.293102 0.980570
v -0.597464 -1.515645 0.921551
v -0.562694 -1.092045 1.066829
v -1.062544 -1.621429 1.245785
v -1.080268 -1.568038 1.145416
v -1.119545 -1.462252 1.288764
v -1.087863 -1.132713 1.265751
v -1.014584 -1.640865 1.275950
v -0.949129 -1.416272 1.325635
v -0.993534 -1.262121 1.340354
v -0.859962 -1.651320 1.199406
v -0.938425 -1.583356 1.277415
v -0.864604 -1.402201 1.359824
v -0.913957 -1.129332 1.252217
v -0.802308 -1.447425 1.316559
v -0.883453 -1.234904 1.324985
v -0.765872 -1.682609 1.165281
v -0.753517 -1.349799 1.317005
v -0.792509 -1.131823 1.337424
v -0.764272 -1.603251 1.269939
v -0.557080 -1.569688 1.192584
v -0.619505 -1.483503 1.257978
v -0.624291 -1.400952 1.257553
v -0.695189 -1.327617 1.341751
v -0.610441 -1.207142 1.306739
v -1.061413 -0.834664 0.879685
v -1.047228 -0.874405 0.926692
v -1.030591 -0.645542 0.921255
v -0.909658 -1.045219 1.062811
v -0.945331 -0.994619 0.978301
v -0.991631 -0.831654 0.876283
v -0.946375 -0.781707 0.907602
v -0.956665 -0.584393 1.061226
v -0.831009 -0.920739 1.016466
v -0.731410 -0.860938 1.017816
v -0.903884 -0.718239 0.963908
v -0.892293 -0.643732 1.059064
v -0.822739 -0.559054 1.074721
v -0.857055 -0.958074 1.073128
v -0.721559 -0.683618 0.972584
v -0.781661 -0.640431 0.974550
v -0.698454 -0.999552 1.042856
v -0.726940 -0.504676 0.975845
v -0.671152 -0.849015 1.064370
v -0.532729 -0.697655 1.070409
v -0.645629 -0.500346 0.985267
v -1.038924 -1.082392 1.254160
v -1.047248 -0.839801 1.197140
v -1.010832 -0.650256 1.251698
v -1.041567 -0.582801 1.212585
v -0.987709 -1.023553 1.218076
v -1.003777 -0.906294 1.258632
v -0.918317 -0.848459 1.295931
v -0.897606 -0.755569 1.269905
v -0.817664 -1.084102 1.333716
v -0.909672 -0.966397 1.261520
v -0.850576 -0.815080 1.348979
v -0.918730 -0.590853 1.279502
v -0.743442 -0.779750 1.341348
v -0.780495 -0.659898 1.329091
v -0.688536 -0.998406 1.364192
v -0.700051 -0.564362 1.411956
v -0.628825 -1.051120 1.400041
v -0.629980 -0.619280 1.372754
v -0.597067 -0.919336 1.387894
v -1.054556 -0.507383 0.894335
v -1.050442 -0.341059 0.998540
v -0.967350 -0.477800 0.991526
v -1.035407 -0.413407 0.887322
v -0.982354 -0.355328 1.055254
v -1.031229 -0.252043 0.921633
v -0.921109 0.102362 1.008450
v -0.947461 -0.219134 0.936366
v -0.971440 -0.300647 1.015070
v -0.849788 -0.487382 1.061780
v -0.868622 -0.384310 0.980614
v -0.741268 -0.460646 0.965396
v -0.818041 -0.255257 0.931487
v -0.703885 -0.336179 0.985516
v -0.534253 -0.256894 1.000427
v -0.559080 -0.473673 1.137056
v -0.598719 -0.409024 1.032746
v -0.587325 -0.010056 0.979568
v -1.021740 -0.360687 1.196252
v -1.035236 -0.203378 1.241449
v -1.063769 -0.000027 1.261318
v -0.920200 -0.480770 1.168142
v -0.877943 -0.372570 1.196790
v -0.839690 -0.212512 1.349274
v -0.797566 -0.401430 1.278017
v -0.884478 -0.158520 1.316085
v -0.747768 -0.101997 1.297038
v -0.917332 0.027908 1.284765
v -0.772212 -0.448738 1.361136
v -0.814445 -0.209937 1.325505
v -0.698069 -0.309904 1.327544
v -0.698117 -0.004998 1.321657
v -0.630193 -0.489403 1.398957
v -0.626875 -0.357340 1.334457
v -0.605622 -0.238428 1.321386
v -0.560490 -0.335486 1.354993
v -0.574280 -0.137059 1.405528
v -0.602902 -0.036583 1.414466
v -0.473188 -1.834204 1.034285
v -0.482959 -1.693206 0.816814
v -0.408634 -1.682304 0.757602
v -0.400851 -1.833402 1.052746
v -0.343423 -1.778872 1.005597
v -0.359095 -1.753913 0.913609
v -0.354437 -1.671866 1.049282
v -0.284361 -1.828969 1.056953
v -0.261045 -1.725942 1.061664
v -0.219417 -1.694429 1.014836
v -0.109923 -1.697115 0.983114
v -0.028631 -1.707641 1.072780
v 0.012406 -1.710391 0.924540
v -0.440748 -1.220880 0.965275
v -0.465703 -1.618409 0.822241
v -0.483229 -1.489437 0.915537
v -0.407629 -1.315064 0.927590
v -0.371396 -1.636841 0.819713
v -0.365017 -1.548309 0.811914
v -0.355528 -1.416723 0.840328
v -0.350546 -1.180786 0.983320
v -0.264346 -1.622796 0.930086
v -0.292929 -1.540179 1.114755
v -0.279647 -1.463842 0.853877
v -0.283796 -1.228509 0.925061
v -0.264907 -1.603589 1.123722
v -0.206711 -1.531165 0.921314
v -0.193747 -1.385937 0.829018
v -0.129040 -1.248538 0.911014
v -0.203436 -1.066800 1.043577
v -0.136692 -1.611932 0.936384
v -0.134783 -1.637023 1.064492
v -0.137757 -1.127429 0.980078
v -0.008322 -1.550523 1.113261
v -0.084889 -1.484469 0.842188
v -0.083824 -1.394357 0.835002
v -0.036876 -1.590858 0.818385
v -0.008226 -1.455255 0.835577
v -0.498374 -1.539899 1.184967
v -0.511042 -1.398581 1.239824
v -0.562004 -1.310524 1.268492
v -0.429114 -1.596159 1.200756
v -0.448679 -1.485319 1.263828
v -0.411382 -1.206487 1.332436
v -0.346013 -1.573676 1.126044
v -0.372027 -1.477093 1.262618
v -0.271073 -1.427829 1.220262
v -0.366106 -1.104804 1.310248
v -0.214664 -1.188845 1.294559
v -0.187312 -1.497010 1.183393
v -0.139349 -1.244722 1.257922
v -0.165650 -1.111036 1.333860
v -0.153261 -1.333476 1.251496
v -0.058860 -1.285045 1.262933
v -0.032981 -1.199789 1.352732
v -0.000659 -1.389646 1.190802
v -0.397982 -0.810168 1.102207
v -0.488251 -0.603970 1.048239
v -0.392360 -0.633689 1.039139
v -0.282883 -1.004554 1.052222
v -0.200241 -0.949291 1.073983
v -0.245534 -0.746902 1.085352
v -0.355669 -0.531167 1.046156
v -0.129359 -0.992422 1.030502
v -0.162364 -0.825339 1.061922
v -0.170756 -0.623586 1.098644
v -0.065246 -0.830189 1.032046
v -0.058181 -0.723744 1.082234
v -0.017792 -0.996992 1.053600
v -0.025758 -0.649087 1.061905
v -0.419404 -1.053998 1.404817
v -0.538500 -0.987326 1.406363
v -0.496483 -0.739616 1.386393
v -0.487913 -0.844398 1.487565
v -0.532888 -0.629240 1.396929
v -0.498487 -0.628392 1.429182
v -0.471634 -0.908916 1.479091
v -0.449844 -0.778501 1.419843
v -0.321501 -0.944056 1.374681
v -0.363528 -0.814936 1.405438
v -0.301825 -0.590923 1.442432
v -0.255325 -1.004028 1.331065
v -0.217786 -0.906658 1.397019
v -0.243661 -0.836958 1.411307
v -0.211152 -0.640889 1.404404
v -0.089591 -0.989629 1.298030
v -0.147891 -0.820142 1.309739
v -0.136715 -0.770538 1.125973
v -0.156120 -0.783954 1.364003
v -0.182403 -0.752839 1.430049
v -0.146517 -0.687306 1.137724
v -0.149765 -0.703963 1.472693
v 0.000368 -1.111555 1.353783
v -0.119243 -0.579897 1.406745
v -0.049093 -0.819332 1.370267
v -0.074313 -0.697998 1.481903
v 0.061832 -0.658649 1.373429
v -0.540956 -0.325467 1.037784
v -0.474109 -0.389455 1.142414
v -0.424158 -0.309014 1.017714
v -0.410559 -0.215077 0.984061
v -0.325973 -0.142078 0.975569
v -0.391895 -0.412221 1.122842
v -0.347328 -0.273425 0.949999
v -0.315040 -0.011047 0.924095
v -0.285304 -0.447115 1.047670
v -0.203232 -0.325136 0.964426
v -0.215935 -0.224345 0.971348
v -0.247198 -0.121921 0.985815
v -0.228249 -0.002553 0.883152
v -0.141193 -0.436806 0.984851
v -0.149720 -0.284347 0.903673
v -0.123418 -0.143564 0.952300
v -0.148204 -0.075656 0.968663
v -0.110818 -0.228514 0.896528
v -0.011539 -0.085129 0.844959
v -0.108838 0.013021 0.836816
v -0.030875 -0.408866 0.976496
v -0.000982 -0.358294 0.995095
v -0.012734 -0.210247 0.841832
v -0.489474 -0.489738 1.188838
v -0.481369 -0.414915 1.366510
v -0.490403 -0.328902 1.320758
v -0.547675 -0.244811 1.325252
v -0.404306 -0.216238 1.316242
v -0.417114 -0.110827 1.347510
v -0.488793 0.002324 1.475247
v -0.410225 -0.515492 1.397405
v -0.415781 -0.338473 1.367600
v -0.357851 -0.283686 1.402698
v -0.326567 -0.120383 1.364697
v -0.353451 -0.060701 1.410942
v -0.239708 -0.350247 1.409635
v -0.301682 -0.243789 1.396091
v -0.278877 -0.007739 1.301630
v -0.233528 -0.485882 1.364157
v -0.099193 -0.037037 1.314143
v -0.131400 -0.283212 1.342543
v -0.121851 -0.140229 1.358654
v 0.025220 -0.515304 1.393738
v -0.003131 -0.328006 1.314420
v -0.001771 -0.241816 1.300999
v 0.007860 -0.171850 1.357732
v 0.006481 -0.096778 1.353760
v -0.020224 0.015816 1.249707
v -1.891523 0.490054 0.769939
v -1.891690 0.490626 0.772040
v -1.891856 0.491197 0.769939
v -1.891756 0.560693 0.840571
v -1.893458 0.556898 0.934003
v -1.753510 0.206094 0.988202
v -1.764009 0.214109 1.055604
v -1.704902 0.061213 1.046951
v -1.682059 0.136348 0.839126
v -1.690424 0.146635 1.122092
v -1.679169 0.224149 0.879892
v -1.694921 0.316045 1.052793
v -1.698463 0.243235 1.123505
v -2.034049 0.859236 0.824437
v -2.044209 0.847898 0.928292
v -1.962382 0.840701 0.821718
v -1.952789 0.809973 0.921454
v -1.892110 0.563429 0.934154
v -1.946551 0.848315 0.931520
v -1.749227 1.120371 0.622834
v -1.756643 1.118629 0.641358
v -1.741812 1.122113 0.641358
v -1.824970 1.193912 0.769737
v -1.808582 1.188389 0.770998
v -1.808582 1.199435 0.768477
v -1.637801 0.052015 0.881684
v -1.595625 0.067446 1.059438
v -1.595827 0.145861 1.127059
v -1.541724 0.206360 1.105615
v -1.474724 0.269515 0.961056
v -1.544285 0.294143 1.115479
v -1.486002 0.280531 1.070686
v -1.482003 0.063191 1.083651
v -1.493946 0.148567 0.883256
v -1.475684 0.145186 1.128560
v -1.478931 0.524680 1.076479
v -1.395971 0.070708 0.933890
v -1.435734 0.276177 0.902054
v -1.445616 0.271359 1.130117
v -1.431386 0.388889 0.850758
v -1.419380 0.412770 1.139726
v -1.400016 0.576924 0.767225
v -1.452126 0.554499 1.118440
v -1.326073 0.130755 0.911538
v -1.390105 0.336760 0.884213
v -1.391590 0.277701 1.053704
v -1.337869 0.349143 0.836094
v -1.368116 0.355465 1.136010
v -1.406998 0.530624 0.801439
v -1.292395 0.035047 0.955356
v -1.246593 0.089263 1.024286
v -1.317546 0.282619 0.901334
v -1.277145 0.281802 1.071931
v -1.280305 0.339335 1.120308
v -1.217972 0.368462 0.897073
v -1.256505 0.452702 0.832450
v -1.298543 0.515924 1.113965
v -1.194266 0.070378 1.070246
v -1.237439 0.151835 0.996052
v -1.197942 0.250840 1.104629
v -1.174686 0.370397 1.052903
v -1.189671 0.412015 1.109711
v -1.208344 0.503702 1.111228
v -1.222669 0.555837 0.774749
v -1.157345 0.067950 1.025272
v -1.125033 0.143644 0.961905
v -1.174079 0.179286 1.044133
v -1.101413 0.273682 1.067463
v -1.127621 0.354155 0.903114
v -1.158776 0.318606 1.090665
v -1.098947 0.424219 0.842743
v -1.054063 0.561061 0.748837
v -1.530154 0.071161 1.123576
v -1.528703 0.250899 1.128468
v -1.408265 0.206428 1.210939
v -1.342688 0.159868 1.182503
v -1.339201 0.257787 1.178817
v -1.365203 0.469001 1.160887
v -1.270207 0.058014 1.186690
v -1.203207 0.104249 1.244285
v -1.226853 0.308151 1.126526
v -1.187253 0.071388 1.261334
v -1.182625 0.262485 1.196989
v -1.128884 0.343186 1.189221
v -1.109030 0.475305 1.228300
v -1.134798 1.105882 0.483826
v -1.544680 0.977704 0.748808
v -1.560687 0.985607 0.844578
v -1.473846 0.570916 0.995169
v -1.480704 0.565718 1.126737
v -1.486985 0.699670 0.694439
v -1.481155 0.649596 0.867791
v -1.478971 0.691064 1.014481
v -1.508188 0.772025 0.792906
v -1.506342 0.847013 0.980184
v -1.469054 0.793419 0.687673
v -1.473708 0.831792 0.743254
v -1.485179 0.857233 0.870749
v -1.474011 0.896609 0.680087
v -1.503231 0.882051 0.803399
v -1.471013 0.994307 0.911854
v -1.431317 0.711848 0.698643
v -1.413958 0.662193 0.763266
v -1.403358 0.713699 0.948865
v -1.404274 0.770170 0.823296
v -1.406552 0.719995 1.043092
v -1.432120 0.837671 0.872705
v -1.405648 0.848711 0.921256
v -1.451723 0.849536 0.994180
v -1.449318 0.867900 0.774119
v -1.449584 0.961256 0.762821
v -1.333716 0.654965 1.003110
v -1.334860 0.652994 1.063389
v -1.341338 0.908629 0.627275
v -1.392021 0.915977 0.699743
v -1.359205 0.982814 0.767294
v -1.260939 0.577919 0.814306
v -1.273829 0.638144 1.001760
v -1.263631 0.843461 0.632142
v -1.285192 0.924027 0.723530
v -1.257303 0.911533 0.902770
v -1.322013 0.993357 0.635100
v -1.311008 0.980650 0.802128
v -1.259454 0.975477 0.912027
v -1.266477 1.070430 0.766293
v -1.177489 0.642874 0.912562
v -1.162103 0.652814 1.104096
v -1.202539 0.762077 0.680070
v -1.212185 0.785433 0.848212
v -1.212065 0.770634 0.924086
v -1.270278 1.011230 0.714997
v -1.197194 1.086832 0.772916
v -1.122963 0.656823 0.786970
v -1.148953 0.714878 0.968594
v -1.166373 0.748098 0.817873
v -1.130744 0.832656 0.640842
v -1.209400 0.866150 0.722890
v -1.123893 0.843534 0.915504
v -1.063157 1.029944 0.736705
v -1.153370 1.042258 0.773187
v -1.331754 1.318646 0.494665
v -1.334117 1.351186 0.484645
v -1.329391 1.351186 0.504686
v -1.184084 1.241164 0.567255
v -1.197037 1.271552 0.570497
v -1.147261 1.198599 0.563430
v -1.171131 1.271552 0.564013
v -1.084067 0.066131 0.969198
v -0.980559 0.199318 0.966432
v -1.033317 0.272799 0.968024
v -0.968543 0.312722 0.906096
v -0.942021 0.433203 0.865769
v -0.890514 0.573011 0.848802
v -0.926653 0.545531 1.037859
v -0.821578 0.354004 0.953873
v -0.867167 0.500370 0.911512
v -0.849554 0.554519 1.045047
v -0.733536 0.109250 1.020402
v -0.773226 0.500212 0.918919
v -0.818138 0.572158 1.089421
v -0.649375 0.277265 0.989755
v -0.702013 0.433448 0.911469
v -0.691320 0.559093 1.116929
v -0.638165 0.534226 0.824381
v -0.600157 0.160290 0.987416
v -0.595515 0.582151 0.733278
v -1.029306 0.276028 1.242674
v -1.002426 0.572049 1.197698
v -1.001823 0.090508 1.196895
v -0.974280 0.137603 1.172445
v -1.020818 0.178833 1.213603
v -0.995821 0.432476 1.267764
v -0.872777 0.137169 1.300885
v -0.946480 0.542235 1.175144
v -0.931417 0.157869 1.238552
v -0.935453 0.347322 1.260109
v -0.841731 0.404584 1.260979
v -0.854063 0.557472 1.131005
v -0.835989 0.135169 1.326722
v -0.763568 0.317087 1.292712
v -0.760332 0.472438 1.205537
v -0.730031 0.158010 1.284127
v -0.701055 0.231905 1.244530
v -0.695592 0.413841 1.283693
v -0.625737 0.324681 1.284857
v -0.598738 0.063190 1.335462
v -0.579232 0.212547 1.268848
v -0.555051 0.360410 1.246246
v -0.628900 0.496549 1.271391
v -1.046974 0.918987 0.549936
v -1.052011 0.986463 0.489940
v -1.060156 1.044918 0.544715
v -1.051475 1.134339 0.406799
v -1.017895 1.034164 0.478310
v -0.963130 1.109843 0.400745
v -0.916971 0.863047 0.557962
v -0.957851 1.053288 0.473670
v -0.908923 1.118883 0.355899
v -0.897946 1.137000 0.505670
v -0.832536 0.769066 0.546794
v -0.851921 0.923372 0.545613
v -0.861811 1.116851 0.401036
v -0.739253 0.875325 0.512871
v -0.772114 1.029819 0.411125
v -0.767735 1.151258 0.277689
v -0.822480 1.131958 0.556238
v -0.718121 0.770291 0.498401
v -0.712465 0.873816 0.441025
v -0.702191 0.988595 0.327642
v -0.718709 0.937286 0.499894
v -0.767617 1.077030 0.562805
v -0.683871 1.127554 0.260603
v -0.705055 1.083182 0.309492
v -0.699541 1.109004 0.340348
v -0.695015 1.109004 0.357268
v -0.624157 0.685253 0.562079
v -0.622745 0.747662 0.464102
v -0.675634 0.738987 0.535431
v -0.622452 0.845942 0.413778
v -0.624510 0.918272 0.343781
v -0.673919 0.912982 0.493496
v -0.634365 1.051822 0.363980
v -0.559226 0.975081 0.488792
v -0.571859 1.115363 0.345986
v -1.035450 0.613057 1.127557
v -1.122535 0.714366 1.041071
v -1.049373 0.765971 0.626110
v -1.117003 0.783511 0.779346
v -1.065065 0.773798 0.996414
v -1.043654 0.994639 0.634641
v -1.090986 0.976143 0.939516
v -1.016442 0.934320 0.998385
v -1.087710 1.041600 0.792232
v -0.956838 0.615156 0.836084
v -0.978531 0.687226 0.696801
v -1.018272 0.678270 0.742251
v -0.981903 0.911319 0.912872
v -1.007829 0.982082 0.831694
v -0.972982 0.925227 0.948927
v -0.931858 0.694432 0.946348
v -0.960164 0.698462 1.005106
v -0.891106 0.770478 0.587395
v -0.926742 0.747819 0.668048
v -0.984788 0.718322 0.851780
v -0.913897 0.821741 0.923374
v -0.889600 0.887781 0.778340
v -0.899238 0.907543 0.945018
v -0.908650 0.956844 0.625304
v -0.857166 0.970432 0.861850
v -0.945577 1.025634 0.645355
v -0.909892 1.049052 0.766948
v -0.981997 1.077198 0.644607
v -0.834858 0.648367 0.904358
v -0.840936 0.645846 1.010232
v -0.829926 0.784252 0.607817
v -0.811946 0.991205 0.820094
v -0.839250 1.049128 0.650088
v -0.916373 1.124162 0.638271
v -0.762415 0.609602 0.853063
v -0.777126 0.649954 1.073020
v -0.769176 0.895555 0.673950
v -0.770696 0.986043 0.576878
v -0.718701 0.630681 0.743061
v -0.718863 0.705722 0.984156
v -0.752944 0.834867 0.598423
v -0.705757 0.841183 0.906928
v -0.682893 0.862158 0.782967
v -0.730176 0.983438 0.769287
v -0.707745 1.136612 0.776541
v -0.641020 0.646234 0.661103
v -0.700913 0.803117 0.751681
v -0.628082 0.763604 0.972479
v -0.607662 0.852441 0.859389
v -0.631141 0.950983 0.770557
v -0.565266 0.594112 1.115670
v -0.566062 0.708001 0.768352
v -0.551066 0.745181 0.588498
v -0.589329 0.777995 0.702745
v -0.548390 0.798174 0.647581
v -0.614237 1.003044 0.773100
v -0.558469 1.116463 0.778588
v -1.083964 1.252426 0.551693
v -0.982852 1.290325 0.551091
v -0.909091 1.155562 0.467086
v -0.888658 1.228957 0.490056
v -0.876636 1.365011 0.548496
v -0.866250 1.165118 0.340246
v -0.855786 1.328530 0.358989
v -0.856193 1.408644 0.452558
v -0.778731 1.205943 0.259679
v -0.774665 1.340944 0.321268
v -0.776870 1.420564 0.424767
v -0.713546 1.180010 0.189503
v -0.697278 1.127512 0.348808
v -0.693374 1.353826 0.287318
v -0.630339 1.242477 0.187386
v -0.646083 1.406596 0.423063
v -0.575702 1.176935 0.135364
v -0.548401 1.387989 0.541028
v -0.641689 1.421331 0.524177
v -1.065432 1.249730 0.625238
v -0.992199 1.179470 0.683759
v -0.976302 1.119898 0.762824
v -0.978525 1.331601 0.634754
v -0.928548 1.260950 0.702511
v -0.849870 1.135928 0.776254
v -0.828095 1.256337 0.704283
v -0.828948 1.304289 0.626350
v -0.737912 1.357609 0.617960
v -0.658427 1.238542 0.784074
v -0.631665 1.417369 0.679546
v -0.603356 1.194944 0.784253
v -0.840575 1.821574 0.279777
v -0.840994 1.821445 0.281720
v -0.840155 1.821702 0.281720
v -0.778380 1.880926 0.408545
v -0.772368 1.902070 0.407834
v -0.770372 1.893854 0.491328
v -0.708293 1.959866 0.558823
v -0.696374 1.960251 0.563786
v -0.698714 2.036996 0.558601
v -0.531500 0.079075 1.000407
v -0.479296 0.165333 1.093509
v -0.533677 0.191574 0.981274
v -0.517835 0.405996 0.896562
v -0.407834 0.018474 0.961984
v -0.431106 0.076429 1.072175
v -0.417201 0.250239 0.979971
v -0.475827 0.498304 1.117829
v -0.420553 0.552201 0.734025
v -0.303476 0.141777 0.951314
v -0.353465 0.134063 1.072116
v -0.399389 0.205332 1.084915
v -0.405549 0.431309 0.851944
v -0.346768 0.480159 1.054512
v -0.381043 0.554605 0.972994
v -0.261140 0.152056 0.885381
v -0.364283 0.290920 0.921732
v -0.245632 0.517395 0.652265
v -0.323415 0.547947 0.972466
v -0.217509 0.046173 0.833371
v -0.212589 0.163237 0.831812
v -0.243500 0.261306 0.829213
v -0.217011 0.351346 0.736364
v -0.216343 0.487937 1.039539
v -0.217757 0.564033 1.051877
v -0.132651 0.106790 0.818931
v -0.130203 0.167997 0.852540
v -0.141039 0.273401 0.835916
v -0.218721 0.450181 1.110963
v -0.106380 0.538814 0.576107
v -0.067174 0.148506 0.760790
v -0.026483 0.273379 0.723266
v -0.130729 0.352673 0.721073
v -0.060404 0.316901 1.126576
v -0.101527 0.416076 1.035439
v -0.073811 0.210813 0.847333
v 0.025224 0.453528 1.052644
v -0.523292 0.062241 1.427834
v -0.502932 0.113743 1.260293
v -0.490396 0.269716 1.244481
v -0.565546 0.428121 1.276302
v -0.497337 0.454796 1.210896
v -0.421399 0.139891 1.138381
v -0.428957 0.131702 1.249124
v -0.412970 0.085222 1.400124
v -0.365028 0.025558 1.391243
v -0.312426 0.122437 1.344404
v -0.334914 0.274091 1.265865
v -0.347925 0.426569 1.189738
v -0.241185 0.209230 1.345721
v -0.210833 0.343233 1.190197
v -0.173934 0.041300 1.303734
v -0.134413 0.139812 1.331752
v -0.077039 0.229867 1.258472
v -0.530113 0.742051 0.507535
v -0.484785 0.807725 0.562875
v -0.547122 0.986566 0.344148
v -0.487743 0.999930 0.592880
v -0.446767 0.707316 0.540559
v -0.451284 1.062300 0.413650
v -0.468295 1.076507 0.513500
v -0.445709 1.125816 0.205895
v -0.364830 0.825940 0.565862
v -0.334355 1.016419 0.438871
v -0.320359 1.098411 0.206528
v -0.395707 1.121820 0.276873
v -0.370268 1.070803 0.509287
v -0.291051 0.631592 0.557178
v -0.295648 0.771117 0.462778
v -0.359939 1.017549 0.609210
v -0.247741 1.000980 0.302039
v -0.257228 0.903968 0.491383
v -0.234242 0.970174 0.437018
v -0.210116 1.147566 0.189515
v -0.209799 1.126971 0.549915
v -0.167992 0.639592 0.561460
v -0.138052 0.736865 0.486273
v -0.149835 0.885831 0.411992
v -0.134858 1.021437 0.266709
v -0.116371 1.079862 0.266755
v -0.056387 0.673236 0.494529
v -0.023547 0.789840 0.344667
v -0.067532 0.940783 0.289605
v -0.043339 1.046101 0.261842
v 0.020652 1.116291 0.334675
v -0.010763 1.157145 0.532887
v -0.485424 0.692354 0.767195
v -0.485434 0.647776 1.032437
v -0.485122 0.790331 0.767098
v -0.490515 0.899517 0.776376
v -0.491858 1.086703 0.629161
v -0.488237 0.771370 0.594995
v -0.415205 0.789138 0.877402
v -0.488983 0.847190 0.697648
v -0.443319 0.949064 0.624014
v -0.463745 1.027783 0.699700
v -0.388492 0.660366 0.603932
v -0.401560 0.638478 0.695717
v -0.349968 0.671825 0.915247
v -0.410893 0.778775 0.706811
v -0.352841 0.853999 0.856194
v -0.393315 0.987300 0.648995
v -0.336149 0.991199 0.774581
v -0.352809 1.093414 0.592977
v -0.292822 0.695559 0.932661
v -0.216038 0.772784 0.993769
v -0.263786 0.796335 0.849763
v -0.273583 1.058363 0.773702
v -0.138372 0.851333 0.757534
v -0.213708 0.989084 0.734919
v -0.141764 0.778663 1.014220
v -0.121837 0.748700 0.898417
v -0.158280 1.122085 0.662659
v -0.071317 0.622072 0.977111
v -0.036425 0.692920 0.984142
v -0.059126 0.745329 0.753278
v -0.068062 0.965452 0.696901
v 0.054044 0.700444 0.878453
v -0.487914 1.141476 0.360976
v -0.511792 1.186829 0.545204
v -0.497265 1.266322 0.123801
v -0.469907 1.372457 0.278270
v -0.398920 1.193072 0.134893
v -0.437627 1.161243 0.481415
v -0.435499 1.248135 0.485371
v -0.407535 1.312712 0.333378
v -0.476881 1.350434 0.408808
v -0.397222 1.299023 0.479389
v -0.399503 1.353897 0.492245
v -0.422082 1.679245 0.058504
v -0.445832 1.669259 0.216134
v -0.382555 1.179607 0.493281
v -0.372212 1.399814 0.256859
v -0.427379 1.408841 0.283134
v -0.345526 1.673457 0.207755
v -0.354593 1.686787 0.280345
v -0.270795 1.101999 0.625118
v -0.287697 1.267192 0.455886
v -0.283262 1.403190 0.347163
v -0.202138 1.399493 0.355133
v -0.201213 1.193954 0.478555
v -0.190347 1.233519 0.197283
v -0.203793 1.334964 0.267712
v -0.226786 1.318665 0.413022
v -0.119244 1.270199 0.313391
v -0.135367 1.272036 0.399381
v -0.091486 1.134996 0.612277
v -0.025386 1.171322 0.349302
v -0.522514 1.232206 0.634502
v -0.490373 1.206352 0.705946
v -0.536047 1.309163 0.784009
v -0.506208 1.340668 0.605460
v -0.543481 1.423429 0.710431
v -0.206125 1.139900 0.719899
v -0.352300 1.750610 0.134751
v -0.366379 1.772910 0.213130
v -0.323056 1.765062 0.219171
v 0.073210 -1.827331 0.841448
v 0.055997 -1.816913 0.925652
v 0.065924 -1.747673 0.879110
v 0.140361 -1.902053 0.916970
v 0.144527 -1.749345 0.698254
v 0.070246 -1.763876 0.981342
v 0.125806 -1.676698 1.037241
v 0.180856 -1.864830 0.843800
v 0.159006 -1.757864 0.974977
v 0.144539 -1.682694 0.698748
v 0.193033 -1.686597 1.062128
v 0.275068 -1.814006 0.915936
v 0.212458 -1.753362 0.696750
v 0.286418 -1.703835 1.039468
v 0.304484 -1.747258 0.766000
v 0.364561 -1.717350 0.944705
v 0.496267 -1.979153 0.821749
v 0.493071 -1.980233 0.903024
v 0.448761 -1.896474 0.853884
v 0.483416 -1.887964 0.981061
v 0.462194 -1.826983 0.699755
v 0.481938 -1.749693 0.702130
v 0.485221 -1.820094 0.885382
v 0.581892 -1.928689 0.692210
v 0.537037 -1.869789 0.689616
v 0.096061 -1.655742 0.749259
v 0.060552 -1.585038 0.765471
v 0.108114 -1.328096 0.898415
v 0.138117 -1.527611 1.157876
v 0.160009 -1.450738 0.828440
v 0.125834 -1.103350 1.049073
v 0.219596 -1.592703 0.768725
v 0.298838 -1.476946 0.827755
v 0.337284 -1.256911 0.978978
v 0.271474 -1.158991 1.056359
v 0.255207 -1.589342 0.821719
v 0.375681 -1.609807 0.941078
v 0.346290 -1.435037 0.882557
v 0.393130 -1.207489 1.130252
v 0.434955 -1.606511 1.043652
v 0.426640 -1.272212 1.078376
v 0.363713 -1.127207 1.086324
v 0.489217 -1.560300 1.067796
v 0.456540 -1.516165 0.913543
v 0.446753 -1.404937 0.891877
v 0.495173 -1.327520 0.911704
v 0.505353 -1.258448 1.041023
v 0.620547 -1.095471 0.963666
v 0.554389 -1.092463 1.079658
v 0.073234 -1.246541 1.250175
v 0.124109 -1.413113 1.242005
v 0.117100 -1.189704 1.289741
v 0.195014 -1.333617 1.298036
v 0.292893 -1.570000 1.179460
v 0.211704 -1.464197 1.193147
v 0.303243 -1.247375 1.320615
v 0.268135 -1.127891 1.353482
v 0.312691 -1.383056 1.295786
v 0.417022 -1.540128 1.189553
v 0.441301 -1.403695 1.271042
v 0.357394 -1.325909 1.341594
v 0.354004 -1.208150 1.412840
v 0.474573 -1.173890 1.137250
v 0.494042 -1.160961 1.335340
v 0.445325 -1.039648 1.404127
v 0.511192 -1.419972 1.187468
v -0.008693 -0.807471 1.066656
v 0.107032 -0.636919 1.051688
v 0.211193 -0.713268 1.056712
v 0.278345 -0.776012 1.075046
v 0.373148 -0.589048 1.072031
v 0.519253 -0.926281 1.063382
v 0.497245 -1.050177 1.124631
v 0.548038 -0.572244 1.065017
v 0.574418 -0.992105 1.050527
v 0.064496 -0.916961 1.407952
v 0.097273 -0.834862 1.411210
v 0.012158 -0.727259 1.388797
v 0.176841 -0.973466 1.423429
v 0.206414 -0.765372 1.394893
v 0.307592 -0.981499 1.412748
v 0.243708 -0.942917 1.403332
v 0.281741 -0.778794 1.332454
v 0.283116 -0.694163 1.303365
v 0.229816 -0.646719 1.347135
v 0.330526 -0.669189 1.355729
v 0.345968 -0.631019 1.422193
v 0.312673 -0.570009 1.367466
v 0.422534 -0.948922 1.447086
v 0.425337 -0.719274 1.423780
v 0.422374 -0.568787 1.414896
v 0.493075 -0.838470 1.397185
v 0.481195 -0.880788 1.426634
v 0.527345 -0.680169 1.388631
v 0.492104 -0.560300 1.327991
v 0.618046 -0.901695 1.402750
v 0.564222 -0.610045 1.403614
v 0.080818 -0.496121 0.980408
v 0.043014 -0.416666 0.964465
v 0.060243 -0.270678 0.936149
v 0.076793 -0.214479 0.827181
v 0.035809 -0.111273 0.876514
v 0.058777 0.019424 0.899923
v 0.134853 -0.264765 0.901779
v 0.139781 -0.171128 0.897051
v 0.137492 -0.067408 0.982688
v 0.264228 -0.490507 1.050694
v 0.204360 -0.389258 0.968085
v 0.203869 -0.164724 0.839104
v 0.281055 -0.350975 0.910448
v 0.269838 -0.069457 0.809566
v 0.208309 -0.046676 0.919245
v 0.347075 -0.429154 0.972619
v 0.416009 -0.341337 0.988643
v 0.368584 -0.236740 0.843525
v 0.535851 -0.434109 0.975825
v 0.442038 -0.277607 0.923173
v 0.470817 -0.243958 0.813307
v 0.536283 -0.075844 0.743674
v 0.555163 -0.348459 0.834992
v 0.566781 -0.279864 0.769315
v 0.548785 -0.003923 1.048129
v 0.075246 -0.484316 1.413178
v 0.121857 -0.306331 1.325913
v 0.070648 -0.136991 1.423200
v 0.133575 -0.023068 1.340308
v 0.195995 -0.406998 1.324742
v 0.214797 -0.309571 1.322767
v 0.147974 -0.138403 1.399488
v 0.244106 -0.149466 1.304460
v 0.255449 -0.078915 1.240482
v 0.321471 -0.416514 1.318394
v 0.377970 -0.292168 1.246397
v 0.362186 -0.127049 1.263544
v 0.356958 0.072633 1.208504
v 0.406673 -0.482353 1.339911
v 0.433641 -0.409820 1.334125
v 0.406571 -0.191288 1.261790
v 0.418487 0.000480 1.272756
v 0.490139 -0.013719 1.218985
v 0.587815 -0.386890 1.280500
v 0.568409 -0.262908 1.260733
v 0.536035 -0.099517 1.199849
v 0.611817 -1.744402 0.786302
v 0.578566 -1.789487 0.984318
v 0.641390 -1.717764 0.938633
v 0.657854 -1.717686 1.010928
v 0.702858 -2.036359 0.839151
v 0.687106 -1.974570 0.740109
v 0.706602 -1.868100 0.691700
v 0.700161 -1.893359 0.987700
v 0.653003 -1.827006 0.972942
v 0.712722 -1.765629 0.950294
v 0.713215 -1.729508 1.005834
v 0.703600 -1.677780 1.068360
v 0.763684 -1.985261 0.817765
v 0.723351 -1.996336 0.908767
v 0.792333 -1.905103 0.786704
v 0.788569 -1.833525 0.817224
v 0.868783 -1.884665 0.903104
v 0.808920 -1.777910 0.911261
v 0.827623 -1.724500 0.920857
v 0.823747 -1.662397 0.996320
v 0.881730 -1.967492 0.806490
v 0.974727 -1.970151 0.869978
v 0.932069 -1.880713 0.739322
v 0.862069 -1.841665 0.845520
v 0.917772 -1.766305 0.797625
v 0.886553 -1.679730 0.760683
v 0.854874 -1.675953 0.835588
v 0.898507 -1.683259 0.972861
v 0.984301 -1.916946 0.797442
v 0.921127 -1.884302 0.912885
v 0.959439 -1.827651 0.681552
v 0.996687 -1.779037 0.984724
v 0.992117 -1.966797 0.923455
v 1.046027 -1.826376 0.684127
v 1.060114 -1.763899 0.988035
v 1.137523 -1.903968 0.827576
v 1.085569 -1.827680 0.763040
v 1.124709 -1.758456 0.907872
v 1.050457 -1.612429 0.846383
v 0.631995 -1.615538 0.862143
v 0.646024 -1.645116 0.950436
v 0.606513 -1.530422 0.839467
v 0.644704 -1.546959 1.122187
v 0.662778 -1.251071 0.896678
v 0.624220 -1.259149 0.968721
v 0.663683 -1.633989 1.022927
v 0.711302 -1.567008 0.815989
v 0.717829 -1.398843 0.844234
v 0.770884 -1.616911 0.925341
v 0.749765 -1.629743 1.028577
v 0.796939 -1.575770 0.763025
v 0.766162 -1.522397 0.767386
v 0.694828 -1.397823 1.157649
v 0.778832 -1.312489 1.098136
v 0.752781 -1.256753 0.816629
v 0.712327 -1.204810 0.914416
v 0.766357 -1.134830 0.899915
v 0.846761 -1.563731 0.875882
v 0.814911 -1.452830 0.823411
v 0.872719 -1.454391 1.030933
v 0.822846 -1.340238 0.792310
v 0.826367 -1.332629 1.037767
v 0.886923 -1.212941 0.822867
v 0.897722 -1.626234 0.845486
v 0.885858 -1.586331 0.966141
v 0.873713 -1.495091 0.892236
v 0.902203 -1.489929 0.951252
v 0.888353 -1.368884 1.021081
v 0.878614 -1.287177 1.043036
v 0.904073 -1.126979 0.863424
v 0.985167 -1.664175 0.691608
v 0.967362 -1.591093 0.849368
v 0.951702 -1.595332 0.981481
v 0.994025 -1.492246 0.865995
v 0.953215 -1.489690 0.886301
v 0.962352 -1.489047 0.960628
v 0.970037 -1.403178 0.776297
v 0.976584 -1.227455 1.139415
v 1.014305 -1.463339 0.995002
v 1.064530 -1.385884 0.768072
v 1.052169 -1.270733 0.763185
v 1.038157 -1.127054 0.851154
v 1.053208 -1.569520 0.949106
v 1.070837 -1.473259 0.982791
v 1.076750 -1.340591 1.064035
v 1.117373 -1.131536 0.774399
v 0.551612 -1.307459 1.274318
v 0.627877 -1.163838 1.324772
v 0.712382 -1.184426 1.250437
v 0.716526 -1.280689 1.266225
v 0.864130 -1.204259 1.177223
v 0.857295 -1.149215 1.239667
v 0.988844 -1.105492 1.210959
v 1.077684 -1.184793 1.182997
v 1.049871 -1.190819 1.200325
v 0.730057 -0.986293 0.952541
v 0.699592 -0.778608 1.066861
v 0.803723 -0.745320 0.999500
v 0.783516 -0.572322 0.991965
v 0.853569 -1.076065 0.924247
v 0.875029 -0.935955 0.896632
v 0.917617 -0.698745 0.984486
v 0.935952 -0.915574 0.907837
v 1.003177 -0.983915 0.924770
v 1.015505 -0.787797 0.910758
v 0.969092 -0.581166 0.926383
v 1.034815 -1.045976 0.835343
v 1.038337 -0.586106 0.863807
v 1.077298 -0.970650 0.916270
v 1.143472 -0.929836 1.039818
v 1.116997 -0.779602 0.933675
v 1.119910 -0.855993 1.093683
v 1.119226 -0.698962 0.832574
v 0.635110 -0.759789 1.404303
v 0.699879 -1.059034 1.330429
v 0.644886 -0.631257 1.402363
v 0.696329 -0.564039 1.322439
v 0.763293 -0.771869 1.326199
v 0.769367 -0.633268 1.393328
v 0.773489 -0.944374 1.366795
v 0.839582 -0.690756 1.322548
v 0.926557 -1.054871 1.345586
v 0.868251 -0.992256 1.341349
v 0.841419 -0.909800 1.404497
v 0.865609 -0.793033 1.324054
v 0.920984 -0.702770 1.329156
v 0.968254 -1.057224 1.285654
v 0.989026 -0.990957 1.231869
v 0.951169 -0.898560 1.312561
v 0.927380 -0.577906 1.350765
v 1.033607 -0.918919 1.184824
v 1.105529 -0.792991 1.267461
v 1.126866 -0.665800 1.258684
v 0.864791 -0.105837 0.552130
v 0.958388 0.031450 0.422316
v 1.039543 -0.288736 0.566887
v 1.030157 -0.176291 0.499552
v 1.122074 -0.283056 0.482128
v 1.095937 -0.136001 0.411054
v 0.655548 -0.459910 1.043586
v 0.616257 -0.353127 0.964051
v 0.622252 -0.280316 0.794272
v 0.697126 -0.101736 0.697571
v 0.633943 -0.004234 1.052723
v 0.698563 -0.489800 1.048301
v 0.701733 -0.377053 1.079951
v 0.696518 -0.211243 1.041124
v 0.673773 -0.143176 1.101002
v 0.731623 0.001939 0.599868
v 0.793929 -0.473054 0.960913
v 0.717969 -0.330706 1.043253
v 0.775943 -0.323280 0.839087
v 0.704308 -0.280502 0.921282
v 0.771709 -0.209723 0.770640
v 0.770258 -0.240658 1.056661
v 0.758418 -0.160081 1.049026
v 0.757818 -0.058332 1.054545
v 0.761757 -0.434982 1.084062
v 0.787030 -0.354754 0.999308
v 0.824336 -0.353248 1.078470
v 0.880144 -0.188558 0.689377
v 0.821852 -0.116673 1.048355
v 0.850798 -0.431407 0.847789
v 0.909506 -0.207562 1.120339
v 0.903627 -0.330881 0.776561
v 1.044285 -0.351839 0.702181
v 0.983037 -0.118051 1.019105
v 0.993530 -0.462525 0.820869
v 1.046828 -0.357040 0.631030
v 1.048658 -0.362480 1.043218
v 0.985594 -0.291982 1.133089
v 1.048545 -0.139998 0.971133
v 1.101512 -0.405455 0.668856
v 1.069573 -0.194886 0.985429
v 1.123474 -0.117703 0.983310
v 0.625359 -0.476982 1.328166
v 0.634794 -0.149286 1.238006
v 0.630773 -0.137704 1.262854
v 0.631449 -0.097336 1.148125
v 0.663533 -0.360591 1.200804
v 0.738389 -0.497929 1.306958
v 0.786184 -0.438175 1.171408
v 0.834882 -0.492376 1.258822
v 0.838575 -0.485486 1.336979
v 0.878945 -0.480639 1.290493
v 0.925113 -0.322493 1.167053
v 0.994392 -0.420060 1.241602
v 1.046653 -0.357254 1.255386
v 1.068187 -0.474542 1.248806
v 1.472531 -1.754769 0.765665
v 1.471528 -1.750439 0.774373
v 1.470524 -1.746109 0.765665
v 1.185680 -1.423826 0.749984
v 1.150122 -1.388757 0.981855
v 1.135630 -1.373006 0.758448
v 1.175244 -1.224031 1.093021
v 1.207941 -1.192097 0.783997
v 1.271113 -1.483151 0.835372
v 1.206840 -1.389160 0.931190
v 1.253238 -1.265214 0.706119
v 1.267809 -1.251549 0.990904
v 1.223853 -1.128868 0.752409
v 1.259900 -1.112415 1.045565
v 1.333991 -1.526494 0.907262
v 1.302998 -1.399002 0.751957
v 1.323176 -1.462460 0.905465
v 1.329555 -1.356928 0.685715
v 1.319353 -1.320664 0.919195
v 1.309255 -1.168333 0.759685
v 1.410825 -1.290199 0.781279
v 1.373462 -1.284779 0.692310
v 1.423248 -1.191982 0.883693
v 1.412444 -1.336384 0.692297
v 1.474344 -1.275232 0.906933
v 1.464845 -1.159177 1.007033
v 1.482983 -1.153769 0.958182
v 1.542171 -1.263444 0.978644
v 1.471718 -1.236852 0.914006
v 1.542150 -1.116103 1.061031
v 1.551900 -1.165458 0.987593
v 1.500638 -0.675615 0.515245
v 1.444186 -0.559216 0.496386
v 1.592239 -0.649798 0.517108
v 1.611143 -0.629234 0.469651
v 1.222110 -1.034512 0.778449
v 1.175498 -1.004494 1.045160
v 1.177289 -0.934092 0.773543
v 1.183044 -0.846402 0.801999
v 1.196667 -0.841326 0.915557
v 1.194145 -0.764278 0.847858
v 1.237733 -0.731707 1.025802
v 1.150407 -0.573255 0.747113
v 1.192827 -0.687847 1.113123
v 1.138173 -0.630993 0.862725
v 1.251530 -0.995073 1.064976
v 1.260459 -0.845625 0.717512
v 1.282684 -0.854675 1.004654
v 1.254122 -0.782975 0.979007
v 1.276859 -0.643812 0.703164
v 1.268854 -0.500628 1.007555
v 1.327375 -0.982182 0.756948
v 1.338671 -1.042601 1.026933
v 1.379354 -0.913067 0.690128
v 1.348654 -0.827266 0.681084
v 1.311050 -0.779281 0.898096
v 1.326267 -0.594362 0.570657
v 1.395382 -0.986410 0.844458
v 1.429547 -0.949538 1.064667
v 1.424900 -0.801284 0.900888
v 1.360346 -0.753288 0.709180
v 1.340655 -0.630711 0.914382
v 1.420128 -1.034604 1.032345
v 1.478348 -1.047273 0.941013
v 1.465738 -0.975503 0.975107
v 1.468802 -0.912308 1.041721
v 1.509132 -0.888362 0.902416
v 1.444147 -0.782288 0.655738
v 1.518388 -0.777745 0.733246
v 1.489296 -0.743962 0.816849
v 1.457602 -0.636569 0.837075
v 1.496349 -0.556840 0.856981
v 1.498914 -1.091040 1.019449
v 1.504019 -0.929689 0.822683
v 1.523921 -0.871091 0.803373
v 1.538107 -0.768670 0.635744
v 1.547936 -0.771519 0.848493
v 1.549917 -0.650678 0.614945
v 1.534862 -0.665490 0.791485
v 1.565871 -0.775985 0.766380
v 1.540521 -0.628793 0.844411
v 1.623546 -0.841390 0.842490
v 1.646152 -0.580945 0.725804
v 1.621406 -0.560120 0.785401
v 1.168429 -0.352271 0.567779
v 1.236900 -0.254025 0.412642
v 1.204708 -0.017324 0.366678
v 1.273403 -0.397930 0.484926
v 1.298762 -0.015164 0.312636
v 1.284478 -0.462906 0.547271
v 1.316732 -0.215347 0.350173
v 1.348918 -0.129530 0.329771
v 1.340333 -0.054177 0.371606
v 1.334700 -0.006490 0.277815
v 1.398814 -0.427868 0.425585
v 1.415365 -0.401078 0.437653
v 1.360396 -0.311415 0.489754
v 1.327315 -0.254111 0.432459
v 1.394250 -0.148812 0.283529
v 1.331867 -0.000302 0.349686
v 1.406911 -0.186207 0.467771
v 1.464815 -0.145464 0.279134
v 1.462956 -0.130033 0.419178
v 1.477435 -0.010020 0.543137
v 1.545319 -0.491960 0.403763
v 1.537357 -0.512660 0.437331
v 1.498330 -0.445027 0.480429
v 1.522061 -0.180197 0.533639
v 1.534859 -0.145926 0.485352
v 1.472447 -0.062486 0.275837
v 1.526967 -0.148506 0.349814
v 1.594121 -0.469303 0.496941
v 1.523559 -0.329974 0.526657
v 1.610660 -0.143250 0.488854
v 1.567779 -0.094107 0.492874
v 1.628172 0.001379 0.333719
v 1.620718 0.007437 0.374188
v 1.704940 -0.522051 0.501760
v 1.698578 -0.377261 0.519024
v 1.677280 -0.316330 0.557482
v 1.178036 -0.505284 0.619294
v 1.194372 -0.568192 1.126315
v 1.179647 -0.432184 1.102277
v 1.127908 -0.358474 0.985859
v 1.193137 -0.158183 0.919690
v 1.200358 -0.074094 0.828408
v 1.196739 0.004718 0.776317
v 1.248033 -0.488001 0.915841
v 1.258397 -0.420854 1.049489
v 1.260746 -0.336269 0.844150
v 1.233929 -0.327660 0.939266
v 1.252643 -0.194431 0.815131
v 1.250841 -0.125570 0.745250
v 1.268461 -0.555370 0.617409
v 1.315288 -0.502976 0.847277
v 1.277883 -0.492545 0.949982
v 1.317122 -0.416527 0.874708
v 1.347240 -0.363038 0.758285
v 1.294240 -0.359360 0.941538
v 1.322629 -0.193961 0.717482
v 1.319235 -0.139047 0.681966
v 1.300766 -0.001615 0.758838
v 1.364209 -0.426763 0.824593
v 1.397082 -0.069730 0.721558
v 1.468959 -0.435697 0.800668
v 1.472002 -0.213598 0.694046
v 1.460603 -0.156621 0.709945
v 1.487315 0.008476 0.655884
v 1.447402 -0.012464 0.731036
v 1.636289 -0.256872 0.637136
v 1.534790 -0.166863 0.595232
v 1.516327 -0.149668 0.651068
v 1.555236 -0.063579 0.702789
v 1.679694 -0.495784 0.716727
v 1.626815 -0.411547 0.695375
v 1.126969 -0.411503 1.192629
v 1.758883 -0.714902 0.422750
v 1.760944 -0.694777 0.503709
v 1.719105 -0.681778 0.431852
v 1.751605 -0.561964 0.282334
v 1.731181 -0.598812 0.419093
v 1.808464 -0.632271 0.278721
v 1.881577 -0.627143 0.281918
v 1.914280 -0.650041 0.516627
v 1.874979 -0.678587 0.584125
v 1.915428 -0.578419 0.425422
v 1.982853 -0.714399 0.557966
v 1.964540 -0.621056 0.555475
v 1.967547 -0.559079 0.349921
v 1.720978 -0.623215 0.574827
v 1.769883 -0.581037 0.641528
v 1.901348 -0.703533 0.632430
v 1.972009 -0.569526 0.642494
v 1.751371 -0.280689 0.348087
v 1.747461 -0.281443 0.356586
v 1.778849 -0.510256 0.491121
v 1.827922 -0.493160 0.558614
v 1.835729 -0.450491 0.466728
v 1.820142 -0.329534 0.467796
v 1.772596 -0.399996 0.540774
v 1.813255 -0.288252 0.418067
v 1.755281 -0.279934 0.356586
v 1.813255 -0.274453 0.420920
v 1.763379 -0.554637 0.341660
v 1.893663 -0.461096 0.507634
v 1.824896 -0.331340 0.504223
v 1.834841 -0.281352 0.419493
v 1.908271 -0.473309 0.432410
v 1.915951 -0.525353 0.524501
v 1.974900 -0.455905 0.438734
v 1.972536 -0.395756 0.495553
v 1.754670 -0.525551 0.653399
v 0.039473 0.546932 0.482303
v 0.116068 0.312283 0.583709
v 0.170198 0.429192 0.485579
v 0.210216 0.495958 0.405413
v 0.284576 0.409403 0.455206
v 0.266249 0.307241 0.569474
v 0.349481 0.364119 0.560517
v 0.364462 0.456969 0.502972
v 0.372656 0.208609 0.565685
v 0.365873 0.698943 0.545361
v 0.483399 0.259969 0.480339
v 0.484959 0.345394 0.409931
v 0.458170 0.344637 0.452298
v 0.497015 0.430257 0.419735
v 0.501619 0.583286 0.513019
v 0.556744 0.411629 0.416980
v 0.012763 0.067404 0.770782
v 0.052598 0.237184 1.122241
v 0.137618 0.071331 0.834383
v 0.139800 0.074071 0.915079
v 0.244880 0.169833 0.663526
v 0.104189 0.216190 0.684596
v 0.136774 0.206781 1.123018
v 0.082092 0.365976 1.102313
v 0.203284 0.427331 1.030001
v 0.152260 0.500203 0.965975
v 0.212658 0.036384 0.769327
v 0.208743 0.277328 0.631310
v 0.216316 0.003726 0.837682
v 0.275872 0.558871 0.905023
v 0.445048 0.008312 0.707454
v 0.302517 0.385349 0.951146
v 0.353491 0.510327 0.822642
v 0.456327 0.143072 0.596827
v 0.396004 0.142012 1.049589
v 0.403858 0.222432 0.996373
v 0.471297 0.325041 0.906320
v 0.476667 0.048840 1.109425
v 0.484535 0.469070 0.771859
v 0.519974 0.099918 1.025041
v 0.557497 0.232636 0.991496
v 0.017196 0.140308 1.250843
v 0.090436 0.071609 1.262227
v 0.136747 0.124642 1.179854
v 0.213883 0.077212 1.255993
v 0.208685 0.354401 1.153697
v 0.279659 0.190972 1.165795
v 0.281339 0.312779 1.121928
v 0.450876 0.058202 1.211017
v 0.071437 0.700293 0.558780
v 0.064016 0.736652 0.528399
v 0.117892 0.846688 0.333991
v 0.068643 0.781005 0.483042
v 0.050226 0.983625 0.336360
v 0.066242 1.025160 0.418119
v 0.074570 1.092915 0.407939
v 0.136896 0.645542 0.492399
v 0.155841 0.728445 0.500790
v 0.133156 0.963248 0.454939
v 0.129718 0.923831 0.630469
v 0.115216 0.996751 0.361888
v 0.205675 0.793292 0.558042
v 0.210056 0.912156 0.283277
v 0.206414 0.907421 0.496828
v 0.213991 0.990106 0.413742
v 0.294715 0.639367 0.477663
v 0.256071 0.741095 0.560170
v 0.202542 0.875509 0.435254
v 0.229023 0.986800 0.340883
v 0.045694 0.628600 0.986963
v 0.037785 0.769232 0.796315
v 0.000893 0.985618 0.706565
v 0.026051 1.040076 0.635321
v 0.101586 0.805027 0.781278
v 0.071749 0.928461 0.783189
v 0.167706 0.650181 0.824815
v 0.189643 0.769359 0.662320
v 0.249639 0.631422 0.693819
v 0.405263 0.641496 0.610793
v 0.509966 0.567786 0.705185
v 0.503712 0.628173 0.549171
v -0.000684 1.265099 0.425202
v 0.087760 1.190493 0.423504
v 0.600992 0.263543 0.463101
v 0.705550 0.183258 0.494992
v 0.683186 0.307611 0.480436
v 0.669675 0.384279 0.518542
v 0.656643 0.506481 0.500292
v 0.863540 0.096826 0.468654
v 0.776153 0.230475 0.482415
v 0.803211 0.313504 0.569039
v 0.890107 0.163939 0.403318
v 0.869046 0.256150 0.467756
v 1.014664 0.104964 0.415163
v 0.937300 0.239858 0.394061
v 0.979789 0.211140 0.434499
v 0.978469 0.285117 0.346820
v 0.983675 0.357988 0.342493
v 0.932808 0.372522 0.540096
v 1.013094 0.422295 0.500770
v 1.076392 0.200569 0.442258
v 1.033216 0.372138 0.398441
v 1.111028 0.073325 0.341510
v 1.153134 0.295331 0.432031
v 1.121256 0.353309 0.493685
v 1.113956 0.435177 0.384384
v 1.117272 0.444697 0.487104
v 0.591240 0.127088 0.585561
v 0.628422 0.488518 0.766298
v 0.671792 0.128582 0.996961
v 0.703603 0.230536 0.903581
v 0.655799 0.355048 0.864319
v 0.708156 0.480245 0.581197
v 0.654363 0.568313 0.612853
v 0.772877 0.117694 0.974895
v 0.766492 0.424932 0.695416
v 0.839780 0.024909 0.986224
v 0.871174 0.178790 0.852978
v 0.812714 0.281145 0.844258
v 0.836362 0.360302 0.740536
v 0.930573 0.257746 0.729509
v 0.844629 0.356634 0.663022
v 0.971155 0.051299 0.979355
v 0.943260 0.211369 0.811722
v 0.925187 0.357365 0.696050
v 0.983697 0.388853 0.593144
v 1.140007 0.000445 0.886733
v 1.047067 0.207349 0.846345
v 1.047419 0.287678 0.632533
v 1.111947 0.169016 0.734355
v 0.608058 0.609683 0.562587
v 0.642133 0.640851 0.559057
v 1.118536 0.147270 0.343187
v 1.212900 0.308959 0.425574
v 1.151585 0.385450 0.462306
v 1.188215 0.488398 0.418293
v 1.182646 0.486783 0.439318
v 1.254343 0.043899 0.338166
v 1.219045 0.207922 0.418490
v 1.216725 0.345882 0.486372
v 1.193785 0.490013 0.439318
v 1.410442 0.132479 0.382853
v 1.370158 0.188166 0.458278
v 1.330648 0.289881 0.491266
v 1.402817 0.199903 0.561488
v 1.448191 0.033141 0.332435
v 1.470920 0.034621 0.480096
v 1.467618 0.138217 0.529241
v 1.502629 0.075035 0.395604
v 1.539705 0.114698 0.426398
v 1.538968 0.161315 0.420338
v 1.211550 0.005763 0.822336
v 1.197222 0.137118 0.700788
v 1.160452 0.279141 0.615188
v 1.250524 0.217690 0.636889
v 1.263055 0.222594 0.705046
v 1.401373 0.144138 0.703852
vn -0.7058 0.0049 0.7084
vn -0.0992 -0.7559 -0.6472
vn -0.5954 0.0008 0.8034
vn -0.7077 -0.6924 -0.1403
vn 0.5127 0.8121 -0.2786
vn 0.5035 0.8105 -0.2992
vn -0.7609 -0.3573 -0.5417
vn -0.3042 -0.8953 -0.3254
vn -0.2368 0.8584 -0.4551
vn -0.8644 0.0517 -0.5002
vn -0.3479 0.7124 -0.6095
vn -0.7150 -0.6972 -0.0530
vn -0.7677 -0.0618 0.6379
vn -0.9043 -0.4267 0.0106
vn -0.8104 -0.0362 0.5847
vn -0.1738 -0.9831 -0.0573
vn -0.9588 -0.2805 -0.0451
vn -0.8556 0.4361 0.2788
vn -0.8871 -0.4589 -0.0502
vn -0.7774 0.3657 -0.5117
vn -0.5936 -0.7000 -0.3971
vn -0.6633 0.6961 -0.2747
vn -0.3903 0.4698 -0.7918
vn -0.9591 -0.2792 -0.0474
vn -0.7655 -0.0316 0.6426
vn -0.9087 -0.4057 -0.0984
vn -0.1889 -0.2582 0.9475
vn -0.5282 0.6193 0.5809
vn -0.7891 -0.4228 0.4456
vn -0.9049 -0.1278 0.4059
vn -0.9055 -0.1209 0.4067
vn 0.6542 -0.7522 0.0783
vn -0.6668 -0.5026 -0.5502
vn -0.7114 -0.3805 -0.5909
vn -0.0897 -0.8716 -0.4819
vn 0.0331 -0.7794 0.6257
vn -0.2151 -0.6578 0.7218
vn -0.3026 -0.7190 0.6257
vn -0.1081 0.5677 -0.8161
vn 0.1566 0.1291 -0.9792
vn 0.2115 -0.0236 -0.9771
vn 0.1423 0.1199 -0.9825
vn 0.2413 -0.6719 -0.7002
vn 0.2180 -0.0171 -0.9758
vn -0.7270 -0.0671 -0.6833
vn -0.7469 -0.1229 -0.6535
vn -0.3895 -0.7861 -0.4799
vn -0.2887 -0.8812 -0.3743
vn 0.0045 0.3743 -0.9273
vn 0.0212 0.0924 -0.9955
vn -0.4937 -0.4503 0.7440
vn 0.0025 -0.0361 0.9993
vn -0.2661 -0.1297 0.9552
vn 0.0360 -0.2185 0.9752
vn -0.3291 0.1230 0.9362
vn -0.1554 0.1421 0.9776
vn -0.9945 0.0993 -0.0329
vn -0.2478 -0.9643 0.0939
vn -0.1355 0.1312 0.9820
vn -0.2359 -0.2304 0.9441
vn -0.6845 -0.2768 0.6744
vn -0.2272 0.2026 0.9525
vn -0.5428 -0.7575 -0.3627
vn 0.6157 -0.7863 0.0510
vn -0.3951 -0.7826 0.4810
vn 0.0222 -0.3224 0.9463
vn -0.9970 -0.0688 0.0357
vn 0.6095 -0.1683 -0.7747
vn 0.4001 -0.1371 -0.9062
vn 0.6603 -0.5341 -0.5280
vn -0.6985 0.6886 -0.1946
vn -0.8115 0.0499 -0.5822
vn -0.6188 -0.5074 -0.5997
vn 0.3383 -0.2588 -0.9048
vn 0.2533 -0.0871 -0.9635
vn -0.4310 -0.4856 -0.7605
vn 0.3273 -0.2590 -0.9087
vn -0.6826 -0.6196 -0.3874
vn 0.0788 -0.7526 -0.6538
vn -0.4784 0.2586 -0.8392
vn -0.2227 0.1946 -0.9553
vn -0.4053 0.5130 -0.7567
vn 0.0310 -0.8802 -0.4737
vn 0.1893 -0.7767 -0.6007
vn -0.1802 -0.5079 0.8423
vn -0.7485 -0.5160 -0.4166
vn 0.2968 -0.8203 -0.4888
vn -0.1653 -0.1669 0.9720
vn -0.1724 -0.1427 0.9746
vn -0.5313 0.0978 0.8415
vn 0.5589 -0.2590 0.7878
vn 0.1797 -0.2621 0.9482
vn -0.3416 -0.1864 0.9212
vn -0.0021 0.4983 0.8670
vn 0.2361 0.5968 0.7669
vn 0.6730 -0.7321 -0.1058
vn -0.0629 -0.7830 0.6189
vn -0.0017 -0.2870 0.9579
vn 0.0835 0.2122 0.9737
vn -0.3727 -0.9070 -0.1960
vn 0.4408 -0.2243 0.8691
vn 0.2564 0.2247 0.9401
vn -0.5276 0.3734 0.7630
vn -0.0455 -0.7957 0.6040
vn -0.1993 0.1338 0.9708
vn 0.3770 -0.3709 0.8487
vn 0.3092 0.0228 0.9507
vn 0.0060 -0.7516 0.6596
vn -0.4945 0.5447 0.6773
vn 0.0849 -0.1929 0.9775
vn 0.4779 -0.4223 0.7702
vn 0.4889 -0.0918 0.8675
vn -0.0490 -0.2045 -0.9776
vn -0.5704 -0.7040 -0.4231
vn -0.0154 0.0934 -0.9955
vn 0.4241 0.3166 -0.8485
vn 0.6856 -0.4595 -0.5646
vn 0.4827 0.3778 -0.7901
vn 0.4033 -0.0136 -0.9150
vn 0.5931 0.2653 -0.7601
vn 0.5097 -0.8517 0.1219
vn 0.4843 0.1058 -0.8685
vn 0.2167 0.1700 -0.9613
vn -0.0984 0.6965 -0.7108
vn -0.4237 0.7375 -0.5259
vn -0.2310 -0.1861 -0.9550
vn -0.3072 -0.7236 -0.6180
vn 0.6111 0.0023 -0.7916
vn 0.4315 -0.2454 -0.8681
vn -0.1214 0.1667 -0.9785
vn -0.0139 -0.2700 -0.9628
vn 0.2358 0.0954 -0.9671
vn 0.1310 0.1172 0.9844
vn -0.1605 -0.4889 0.8575
vn -0.1542 0.4421 0.8836
vn -0.3555 -0.3486 0.8672
vn 0.1665 0.4061 0.8985
vn -0.2126 -0.2880 0.9337
vn -0.4484 -0.3391 0.8270
vn -0.4431 0.2900 0.8483
vn -0.5762 -0.1164 0.8090
vn -0.5583 0.3369 0.7582
vn -0.1799 -0.0776 0.9806
vn -0.1923 0.7257 0.6606
vn -0.4252 -0.0390 0.9043
vn 0.0337 0.1122 0.9931
vn -0.3155 -0.0929 0.9444
vn -0.4434 0.2553 0.8592
vn -0.8320 -0.1351 -0.5381
vn -0.7862 -0.4674 -0.4043
vn 0.8828 -0.2426 -0.4023
vn 0.0709 0.4800 -0.8744
vn 0.2411 -0.1451 -0.9596
vn 0.9001 -0.1716 -0.4004
vn 0.8159 -0.0670 -0.5743
vn -0.1151 -0.0506 -0.9921
vn 0.0058 0.8386 -0.5447
vn 0.4557 -0.6362 -0.6225
vn 0.1082 0.1636 -0.9806
vn 0.4260 -0.4648 -0.7762
vn -0.4416 0.3710 -0.8169
vn -0.4411 -0.6036 -0.6641
vn -0.1223 -0.3109 -0.9426
vn -0.7623 0.3127 -0.5666
vn -0.5696 -0.3493 -0.7440
vn 0.1230 -0.1911 -0.9738
vn 0.2233 -0.3035 -0.9263
vn 0.8651 -0.2068 -0.4569
vn 0.5041 0.1802 -0.8446
vn -0.0283 0.1229 0.9920
vn -0.1218 -0.2837 0.9511
vn -0.4126 -0.1457 0.8992
vn 0.1666 0.2205 0.9611
vn 0.1248 -0.1249 0.9843
vn -0.7374 0.4755 0.4797
vn -0.4728 0.1423 0.8696
vn 0.0640 0.1763 0.9823
vn -0.3891 -0.1233 0.9129
vn 0.5619 -0.6370 0.5277
vn 0.4452 0.7070 0.5495
vn 0.0395 0.2319 0.9719
vn -0.6268 0.2900 0.7232
vn -0.7079 0.4990 0.4999
vn 0.1332 0.1750 0.9755
vn 0.3665 -0.1834 0.9121
vn -0.1120 0.4384 0.8918
vn -0.2665 -0.1067 0.9579
vn -0.7289 -0.2896 0.6203
vn -0.0212 0.1130 0.9934
vn -0.1196 -0.6120 0.7818
vn -0.2200 -0.8159 -0.5348
vn 0.3178 -0.9000 -0.2983
vn -0.1600 -0.9154 -0.3694
vn 0.7261 -0.1945 0.6595
vn 0.7184 -0.1921 0.6686
vn -0.6030 0.1003 0.7914
vn 0.3554 -0.4312 -0.8293
vn 0.7961 -0.2062 0.5690
vn -0.1190 -0.9908 -0.0650
vn -0.1419 0.2186 -0.9654
vn -0.2179 0.4686 -0.8561
vn -0.6283 0.1995 -0.7519
vn -0.1458 0.4312 -0.8904
vn -0.6082 0.3141 -0.7290
vn 0.1316 0.7607 -0.6357
vn -0.6235 0.4008 -0.6712
vn 0.7204 -0.1122 -0.6844
vn 0.2818 0.1830 -0.9418
vn -0.3539 0.4829 -0.8010
vn 0.6434 -0.3816 -0.6636
vn -0.1475 0.4522 -0.8796
vn -0.1914 0.6403 -0.7439
vn 0.5759 -0.8166 -0.0376
vn 0.2814 -0.4270 0.8593
vn 0.1600 -0.7701 0.6175
vn 0.1659 -0.6571 0.7353
vn -0.7338 -0.1849 -0.6537
vn -0.3537 -0.4587 -0.8152
vn -0.3393 -0.4828 -0.8073
vn -0.6036 -0.5208 -0.6036
vn -0.0558 -0.0787 -0.9953
vn 0.3840 -0.3040 0.8719
vn -0.1165 -0.3922 0.9125
vn -0.0523 0.0550 0.9971
vn -0.5489 -0.4845 0.6812
vn -0.6893 -0.3150 0.6524
vn -0.1309 -0.3746 0.9179
vn 0.6902 -0.4815 0.5402
vn 0.5494 -0.7398 0.3885
vn 0.0658 -0.4847 0.8722
vn 0.2025 -0.1995 0.9587
vn 0.0751 -0.3966 0.9149
vn -0.0908 -0.0577 0.9942
vn -0.4442 -0.5070 0.7387
vn 0.2139 -0.4324 0.8759
vn 0.1541 -0.5014 0.8514
vn 0.1743 -0.3044 -0.9365
vn -0.0868 0.5647 -0.8207
vn 0.0360 -0.3373 -0.9407
vn -0.1215 0.0285 -0.9922
vn 0.2766 -0.0333 -0.9604
vn -0.3973 0.2400 -0.8857
vn 0.0887 0.2473 -0.9649
vn -0.2784 -0.0084 -0.9604
vn -0.4780 0.3333 -0.8127
vn -0.2862 0.1222 -0.9503
vn 0.2106 0.3305 -0.9200
vn 0.1995 -0.0695 -0.9774
vn -0.5318 0.0004 -0.8469
vn -0.2785 0.3041 0.9110
vn -0.0236 -0.0654 0.9976
vn -0.5493 -0.2572 0.7950
vn -0.1141 -0.4309 0.8952
vn -0.2778 -0.5151 0.8108
vn 0.8064 0.1276 0.5775
vn 0.0674 0.6959 0.7150
vn -0.6989 -0.2677 0.6632
vn -0.5563 0.5974 0.5776
vn 0.5693 -0.0105 0.8221
vn 0.2972 0.3533 0.8870
vn 0.1608 -0.0093 0.9869
vn -0.0725 -0.1774 0.9815
vn -0.0460 -0.1098 0.9929
vn 0.0276 -0.5679 0.8227
vn -0.0900 -0.2320 0.9685
vn -0.0780 -0.1624 0.9836
vn 0.5092 0.3143 0.8012
vn 0.1779 0.1744 0.9685
vn 0.8541 -0.4742 0.2139
vn 0.4769 -0.0031 0.8790
vn 0.6301 -0.5751 0.5217
vn 0.3893 0.6171 -0.6839
vn 0.5695 -0.2613 -0.7793
vn -0.2983 -0.8143 0.4978
vn -0.2863 -0.7636 0.5787
vn -0.5129 0.0605 -0.8563
vn -0.1190 0.0332 0.9923
vn 0.2088 0.0674 0.9756
vn 0.6507 -0.4113 -0.6383
vn 0.0272 -0.8450 -0.5341
vn -0.0847 -0.4703 -0.8784
vn -0.0646 -0.0978 -0.9931
vn -0.0659 0.0916 -0.9936
vn -0.5971 -0.1925 -0.7787
vn -0.1886 -0.3454 -0.9193
vn -0.4439 0.3862 -0.8086
vn -0.0993 -0.5144 -0.8518
vn 0.0821 0.1776 -0.9807
vn -0.3806 -0.3104 -0.8711
vn -0.3523 -0.3542 -0.8663
vn -0.7341 -0.0460 -0.6775
vn -0.2989 0.1191 -0.9468
vn 0.1806 -0.6577 -0.7313
vn -0.5191 -0.4241 -0.7420
vn -0.5489 0.2818 -0.7869
vn -0.5166 0.4151 -0.7489
vn -0.6721 -0.0677 -0.7374
vn -0.1192 -0.8070 -0.5784
vn 0.0134 -0.3347 -0.9422
vn 0.0515 -0.4671 -0.8827
vn 0.3538 -0.3571 -0.8645
vn -0.4906 0.0265 -0.8710
vn -0.2190 0.1885 0.9573
vn 0.5480 -0.5107 -0.6625
vn -0.2225 0.9351 -0.2757
vn 0.0972 0.0130 0.9952
vn -0.4083 -0.1956 0.8917
vn 0.4735 -0.4287 -0.7694
vn -0.4563 0.3800 0.8046
vn 0.0646 -0.0093 0.9979
vn 0.4321 -0.5409 0.7216
vn -0.3092 -0.3601 -0.8802
vn -0.7345 0.2841 0.6163
vn -0.2402 -0.3184 0.9170
vn 0.0191 0.1371 0.9904
vn 0.4999 0.2846 0.8180
vn -0.3554 0.5054 0.7863
vn 0.3504 0.3162 0.8816
vn 0.0711 0.4642 0.8829
vn 0.0006 0.3960 0.9183
vn -0.1935 0.1999 0.9605
vn 0.2710 -0.1256 0.9543
vn 0.1356 -0.1049 0.9852
vn 0.3296 0.4100 0.8504
vn 0.2598 0.1446 0.9548
vn -0.1435 -0.6113 0.7783
vn 0.0201 0.0532 0.9984
vn 0.1217 0.6891 0.7144
vn 0.9600 0.2801 -0.0000
vn -0.9172 -0.1831 -0.3539
vn -0.9185 -0.1618 0.3609
vn -0.6681 -0.7439 -0.0156
vn -0.8148 0.5470 -0.1920
vn -0.7028 -0.0689 0.7080
vn -0.2509 -0.9316 -0.2629
vn -0.9793 0.2023 -0.0096
vn -0.0078 0.9941 0.1078
vn -0.0309 -0.2491 0.9680
vn 0.2287 -0.9735 -0.0000
vn -0.0000 0.2225 0.9749
vn -0.2287 0.9735 -0.0000
vn 0.7363 -0.6721 0.0781
vn 0.6743 -0.0186 -0.7382
vn -0.7031 0.5994 -0.3826
vn 0.6778 -0.7288 -0.0975
vn 0.1831 0.4090 -0.8940
vn 0.0496 -0.9178 -0.3940
vn -0.8666 -0.0186 -0.4987
vn -0.4833 -0.8154 -0.3186
vn -0.8970 -0.4359 0.0733
vn 0.1019 -0.4491 -0.8877
vn -0.7538 0.4185 -0.5067
vn -0.1062 0.9943 0.0074
vn -0.7696 0.4446 -0.4584
vn -0.3903 -0.6959 -0.6028
vn -0.9728 0.2211 0.0685
vn -0.8130 -0.5710 0.1134
vn 0.1472 0.2139 -0.9657
vn 0.8220 0.0288 -0.5688
vn 0.1751 -0.0758 -0.9816
vn 0.5199 0.6541 -0.5495
vn 0.6809 0.4100 -0.6068
vn 0.6389 -0.7497 -0.1723
vn 0.1112 0.0062 0.9938
vn -0.3126 0.5708 -0.7592
vn -0.2287 -0.9640 -0.1357
vn -0.8666 -0.0461 -0.4969
vn -0.0853 -0.3994 -0.9128
vn -0.4116 0.5044 -0.7590
vn -0.1598 -0.9855 0.0566
vn -0.2888 -0.6204 -0.7292
vn -0.0647 -0.6360 -0.7689
vn -0.1118 -0.5371 -0.8361
vn -0.0296 -0.4806 -0.8764
vn -0.1910 0.6886 0.6995
vn -0.0295 0.0054 0.9996
vn 0.5295 -0.4385 0.7262
vn -0.0098 0.3419 0.9397
vn -0.5244 -0.2623 0.8100
vn -0.2336 0.9244 0.3014
vn -0.0178 -0.0081 0.9998
vn -0.8055 -0.0983 0.5844
vn -0.1211 -0.7710 0.6253
vn -0.2162 0.7099 0.6703
vn -0.3700 0.2788 0.8862
vn -0.1617 -0.2073 0.9648
vn -0.1612 -0.1248 0.9790
vn 0.5327 0.0853 0.8420
vn 0.1664 0.5690 0.8054
vn -0.1189 0.2985 0.9470
vn -0.0178 0.1660 0.9860
vn 0.8410 0.5017 -0.2027
vn -0.8223 0.5582 0.1102
vn 0.2352 -0.9574 0.1674
vn -0.8507 -0.1814 0.4933
vn -0.9711 -0.2362 -0.0356
vn -0.9920 -0.1137 0.0553
vn -0.9137 0.2946 -0.2799
vn -0.8639 0.0862 -0.4961
vn -0.8317 -0.3895 -0.3957
vn -0.8652 -0.4991 0.0480
vn -0.9729 0.1527 -0.1739
vn -0.0311 0.9957 -0.0874
vn 0.2110 -0.7469 -0.6306
vn 0.9969 -0.0683 -0.0380
vn -0.4803 0.4696 0.7408
vn 0.8191 0.4305 -0.3791
vn 0.2540 0.6141 -0.7473
vn 0.8397 0.1224 0.5291
vn -0.4245 0.1865 0.8860
vn -0.2588 0.3363 0.9055
vn -0.3299 -0.9171 -0.2237
vn 0.2216 0.7356 -0.6402
vn 0.9902 0.0195 0.1380
vn 0.4828 0.2706 0.8329
vn 0.1940 0.9633 -0.1857
vn 0.9403 0.1393 -0.3104
vn 0.2606 -0.5989 -0.7572
vn 0.1083 0.9343 -0.3395
vn 0.1201 0.3715 0.9206
vn -0.5899 -0.6697 0.4512
vn -0.8488 -0.5200 0.0958
vn -0.3690 -0.8074 0.4604
vn -0.8427 0.1933 0.5024
vn -0.9032 -0.0911 0.4194
vn 0.0353 0.0368 0.9987
vn -0.5269 -0.6954 0.4887
vn -0.8893 -0.4572 0.0125
vn -0.9181 -0.3789 0.1164
vn 0.7784 0.3139 -0.5437
vn 0.7713 0.2929 -0.5650
vn -0.6022 0.7327 0.3170
vn -0.4448 0.5268 -0.7244
vn -0.5113 0.8499 -0.1276
vn -0.5387 0.6399 -0.5480
vn -0.4240 0.8383 0.3428
vn -0.5990 -0.7971 0.0764
vn -0.8702 -0.2756 -0.4084
vn -0.9542 0.2495 0.1653
vn -0.6180 -0.7797 -0.1004
vn -0.6764 0.6923 0.2514
vn 0.5668 -0.7571 -0.3249
vn -0.6794 -0.7204 -0.1394
vn -0.6211 0.7690 0.1510
vn -0.1629 -0.1365 0.9772
vn 0.4153 0.1252 -0.9010
vn -0.1001 0.7981 0.5941
vn -0.9733 -0.0000 0.2295
vn 0.9733 -0.0000 -0.2295
vn -0.2428 -0.0000 -0.9701
vn 0.2428 -0.0000 0.9701
vn -0.4989 0.5499 -0.6698
vn -0.6427 0.4845 -0.5934
vn -0.6746 -0.5799 -0.4568
vn -0.3629 0.0178 -0.9317
vn -0.6070 -0.7877 -0.1053
vn 0.2162 0.0816 -0.9729
vn 0.0560 -0.0642 -0.9964
vn -0.1782 -0.7316 -0.6580
vn 0.6907 -0.3324 -0.6422
vn 0.3891 -0.4645 -0.7955
vn 0.3793 -0.3677 -0.8491
vn 0.5615 -0.0639 -0.8250
vn 0.0917 -0.2456 -0.9650
vn -0.2407 -0.1497 -0.9590
vn 0.0454 0.3728 -0.9268
vn -0.4566 -0.3982 -0.7956
vn -0.1418 -0.4814 -0.8650
vn 0.2334 0.4527 0.8606
vn 0.2110 -0.2046 0.9558
vn -0.4631 0.6873 0.5596
vn -0.4907 -0.0346 0.8706
vn -0.1433 0.4386 0.8872
vn -0.1812 0.1318 0.9746
vn -0.6535 0.1573 0.7404
vn -0.3227 -0.8259 0.4624
vn -0.3206 -0.2970 0.8994
vn 0.5187 0.4031 0.7540
vn -0.7389 -0.3382 0.5828
vn 0.0318 -0.0671 0.9972
vn -0.1626 0.9867 0.0002
vn 0.1432 0.5999 0.7872
vn -0.2243 -0.2027 0.9532
vn -0.1409 0.2358 0.9615
vn -0.1441 0.2211 0.9645
vn 0.1787 0.7525 0.6339
vn 0.3084 0.2704 0.9120
vn 0.2943 0.7925 0.5341
vn 0.4424 0.2826 0.8511
vn 0.0538 0.0552 0.9970
vn -0.4615 0.4828 0.7443
vn -0.4770 0.5577 0.6792
vn -0.3992 0.4164 0.8168
vn 0.0509 0.0529 0.9973
vn -0.7425 0.4000 -0.5373
vn -0.2223 -0.6147 -0.7568
vn -0.5195 -0.8317 -0.1959
vn 0.1974 -0.7677 -0.6097
vn 0.5325 -0.6067 0.5902
vn -0.2500 0.0719 -0.9656
vn -0.6872 -0.7197 -0.0987
vn -0.3572 -0.8176 0.4515
vn -0.7913 -0.3924 -0.4690
vn -0.9112 -0.3850 0.1468
vn -0.4101 -0.6678 -0.6212
vn -0.3346 -0.8732 -0.3543
vn -0.3812 -0.4321 -0.8173
vn -0.5349 0.8167 -0.2166
vn -0.2105 -0.1330 -0.9685
vn 0.5652 -0.1389 -0.8132
vn -0.5114 -0.7214 -0.4669
vn 0.1018 0.4114 -0.9058
vn -0.6065 -0.0193 -0.7949
vn -0.6091 0.7598 0.2274
vn 0.0818 0.6868 0.7222
vn -0.3792 0.5465 0.7467
vn -0.8294 0.4324 -0.3537
vn -0.7000 0.2036 0.6845
vn -0.3095 0.3509 -0.8838
vn -0.1074 0.9094 0.4018
vn 0.9382 -0.2965 -0.1784
vn -0.3829 -0.7836 -0.4892
vn -0.3861 -0.0373 -0.9217
vn 0.3795 0.9102 0.1661
vn -0.0917 0.4618 0.8822
vn 0.4391 0.4577 -0.7731
vn 0.2146 0.7343 0.6441
vn -0.0432 -0.9567 -0.2879
vn 0.4222 -0.8854 0.1947
vn 0.8634 0.2961 -0.4085
vn 0.7858 -0.5995 0.1520
vn 0.8295 -0.2104 -0.5174
vn 0.8986 -0.0481 0.4362
vn -0.1345 -0.4399 -0.8879
vn 0.8883 -0.4056 0.2155
vn 0.8502 -0.5181 -0.0935
vn 0.9528 -0.2165 0.2128
vn 0.2345 0.9717 0.0274
vn -0.1622 0.7391 -0.6538
vn -0.0744 0.7472 0.6604
vn 0.6891 -0.7165 0.1084
vn 0.0925 0.0509 -0.9944
vn 0.1183 0.7933 -0.5972
vn 0.3958 0.9093 0.1283
vn -0.1284 0.3638 0.9226
vn 0.5739 -0.5954 0.5623
vn 0.9792 -0.1872 0.0788
vn -0.5885 0.5053 -0.6312
vn 0.6554 -0.6484 0.3872
vn 0.8851 -0.4534 0.1049
vn 0.1944 0.8981 -0.3945
vn -0.0171 0.2713 -0.9623
vn -0.0571 -0.0548 -0.9969
vn 0.0592 -0.6413 -0.7650
vn -0.1645 0.6612 -0.7320
vn 0.4450 0.8943 0.0468
vn -0.7903 0.4933 0.3635
vn 0.5325 -0.6279 0.5676
vn -0.3560 0.7437 -0.5658
vn 0.1620 0.8022 0.5746
vn -0.5032 -0.6131 -0.6090
vn -0.4410 0.8975 -0.0039
vn -0.3638 0.8776 0.3122
vn 0.2559 -0.7691 0.5856
vn -0.9965 0.0690 -0.0480
vn -0.7932 -0.0779 0.6039
vn -0.7952 -0.2476 0.5535
vn 0.2895 -0.7599 0.5821
vn 0.5163 -0.1158 0.8486
vn -0.3917 -0.7619 -0.5158
vn -0.2521 -0.7381 -0.6258
vn -0.5100 0.8385 0.1919
vn -0.9442 -0.2180 -0.2467
vn -0.8290 -0.5552 0.0677
vn -0.0355 0.9864 0.1604
vn 0.0275 0.1226 0.9921
vn -0.2627 -0.7978 -0.5427
vn 0.8294 -0.0388 -0.5573
vn 0.4959 -0.7763 0.3891
vn 0.8518 -0.1785 -0.4925
vn 0.2612 0.6776 0.6875
vn 0.7778 -0.4850 0.3998
vn 0.2180 0.7480 0.6269
vn -0.0260 -0.0403 0.9988
vn -0.0190 -0.0390 0.9991
vn 0.1991 0.8840 0.4231
vn 0.5849 0.8045 0.1038
vn 0.5282 0.8176 0.2293
vn -0.6898 0.4160 -0.5925
vn -0.7556 -0.4822 0.4434
vn -0.2719 0.7152 -0.6439
vn 0.8039 -0.4110 -0.4299
vn -0.0256 0.6849 -0.7282
vn -0.7230 -0.6806 -0.1186
vn -0.9502 0.2955 -0.0989
vn -0.9799 0.1494 -0.1322
vn -0.9789 0.1473 -0.1416
vn -0.3015 0.3987 -0.8661
vn -0.4424 -0.7178 -0.5376
vn -0.4344 0.1300 -0.8913
vn -0.3865 0.6998 -0.6008
vn -0.3218 -0.6275 -0.7090
vn -0.7485 -0.3383 -0.5703
vn -0.4068 0.3893 -0.8264
vn -0.4653 0.5976 -0.6530
vn -0.4789 0.4205 -0.7706
vn 0.0766 0.7911 -0.6069
vn -0.3263 0.4057 -0.8538
vn -0.7541 -0.2991 0.5847
vn -0.6677 0.7098 -0.2242
vn -0.6835 0.7026 0.1980
vn -0.3905 0.3139 0.8655
vn -0.7362 0.4611 0.4954
vn -0.5449 0.7628 -0.3482
vn -0.1009 -0.0368 0.9942
vn 0.0084 0.5119 0.8590
vn 0.0299 0.8515 0.5236
vn 0.1720 0.7425 0.6474
vn 0.1808 0.8262 0.5336
vn 0.0089 0.9095 0.4156
vn -0.3141 0.6457 0.6960
vn -0.2597 0.9015 0.3461
vn -0.0253 -0.0864 0.9959
vn -0.0011 0.0028 1.0000
vn 0.2924 -0.9563 -0.0000
vn -0.2924 0.9563 -0.0000
vn -0.9602 0.2747 0.0500
vn 0.9602 -0.2747 -0.0500
vn 0.2579 0.0638 -0.9641
vn 0.8929 -0.0586 -0.4464
vn -0.4515 -0.1725 -0.8755
vn -0.4158 -0.7101 -0.5682
vn -0.1412 0.3084 -0.9407
vn 0.5252 0.4570 -0.7179
vn 0.4051 -0.8136 -0.4169
vn 0.1776 -0.3729 -0.9107
vn -0.1214 -0.7008 -0.7030
vn -0.1172 -0.7024 -0.7020
vn -0.1664 0.5377 -0.8266
vn -0.3334 -0.6034 -0.7244
vn -0.8421 0.1557 -0.5164
vn -0.3189 0.1895 -0.9287
vn -0.5851 0.7880 -0.1918
vn -0.7382 -0.4076 -0.5376
vn -0.5435 -0.3709 -0.7530
vn -0.5819 -0.4656 -0.6668
vn -0.6026 -0.4902 -0.6298
vn -0.6775 -0.4219 -0.6024
vn -0.4719 0.7409 0.4778
vn -0.2719 0.4451 0.8532
vn 0.1903 0.4667 -0.8637
vn -0.0887 0.9881 0.1258
vn -0.1704 -0.4287 -0.8873
vn -0.3668 -0.4699 -0.8029
vn 0.4923 0.7626 0.4195
vn 0.0251 -0.1532 -0.9879
vn -0.5256 -0.6620 -0.5343
vn -0.0887 -0.8160 -0.5712
vn -0.3668 -0.2633 -0.8923
vn -0.5477 0.6585 -0.5161
vn -0.2136 0.2950 0.9313
vn 0.4842 0.3029 0.8208
vn 0.3669 0.2441 0.8976
vn 0.7170 -0.1869 0.6715
vn 0.4790 0.6424 0.5982
vn -0.1288 0.9522 0.2771
vn 0.0591 0.6401 0.7660
vn 0.6579 0.4932 -0.5692
vn 0.1914 0.1180 0.9744
vn 0.2804 0.1816 0.9426
vn 0.5095 0.2560 0.8215
vn 0.2555 -0.6618 -0.7048
vn -0.1355 -0.0270 0.9904
vn -0.1348 0.4334 0.8911
vn 0.2271 0.8610 0.4550
vn 0.7113 -0.0471 0.7013
vn 0.4163 0.2025 0.8864
vn 0.0549 0.9281 0.3683
vn 0.3469 0.5747 0.7412
vn -0.0565 0.0783 0.9953
vn 0.3615 0.4532 0.8148
vn 0.2562 -0.3581 0.8978
vn 0.1601 0.8498 0.5023
vn 0.3830 0.4239 0.8208
vn 0.4660 -0.1480 0.8723
vn 0.4332 0.3865 0.8142
vn 0.3629 -0.4256 -0.8290
vn 0.7405 0.0535 -0.6700
vn 0.6617 -0.7498 -0.0042
vn 0.8308 -0.0875 -0.5497
vn 0.5235 0.1126 -0.8446
vn -0.0082 0.2140 -0.9768
vn -0.2131 -0.9724 0.0954
vn -0.2341 -0.8531 -0.4664
vn -0.4085 -0.8113 0.4182
vn -0.6888 0.3374 -0.6417
vn -0.8971 -0.4216 -0.1319
vn -0.2701 -0.5533 -0.7880
vn 0.1618 -0.6267 -0.7623
vn 0.0017 -0.5603 -0.8283
vn -0.5271 0.3218 -0.7865
vn -0.6350 -0.4490 -0.6286
vn -0.1463 -0.5785 -0.8025
vn -0.3957 -0.3644 -0.8430
vn -0.4488 -0.6549 -0.6079
vn 0.0184 -0.2588 -0.9658
vn 0.4484 -0.3227 -0.8336
vn -0.0583 0.0192 -0.9981
vn 0.0482 0.2577 -0.9650
vn 0.2372 -0.7285 0.6427
vn 0.2259 -0.9569 -0.1824
vn 0.7443 0.1142 -0.6580
vn -0.0529 -0.0316 0.9981
vn 0.6934 0.3905 0.6056
vn 0.1581 -0.5780 0.8006
vn -0.6894 -0.5851 0.4271
vn 0.1598 -0.7935 0.5872
vn -0.2849 0.5341 0.7960
vn 0.3377 0.4300 0.8373
vn -0.4516 -0.2772 -0.8481
vn -0.6971 -0.1571 -0.6995
vn -0.9867 -0.0535 -0.1533
vn 0.5103 0.5077 0.6941
vn -0.6303 0.0012 -0.7763
vn -0.0390 0.4063 -0.9129
vn -0.1439 0.6662 -0.7317
vn -0.9772 0.1280 0.1693
vn -0.4731 -0.6672 -0.5753
vn -0.3938 0.3145 0.8637
vn -0.6074 0.2177 0.7640
vn 0.1489 0.3776 0.9139
vn 0.1703 0.1545 0.9732
vn -0.8104 0.1489 -0.5666
vn -0.7181 0.6713 0.1837
vn -0.4546 0.6403 0.6192
vn 0.3944 0.3548 0.8477
vn 0.2934 -0.2613 0.9196
vn -0.3466 0.7693 -0.5367
vn -0.2198 0.9651 0.1423
vn 0.7708 0.0246 0.6366
vn 0.1857 0.2424 0.9522
vn 0.1426 -0.1670 0.9756
vn 0.7655 0.5595 0.3178
vn -0.0073 0.9678 -0.2517
vn 0.2899 0.3608 0.8864
vn 0.2735 0.9571 0.0959
vn 0.6113 0.7853 -0.0980
vn 0.3824 0.6362 0.6700
vn -0.3066 0.8054 0.5073
vn 0.1814 -0.9582 -0.2212
vn -0.4544 0.2898 -0.8423
vn 0.2525 0.8689 -0.4258
vn 0.3055 0.9466 -0.1036
vn 0.0663 -0.7459 -0.6628
vn -0.4839 -0.8241 0.2945
vn 0.6412 -0.0506 0.7657
vn 0.6030 0.7807 0.1639
vn 0.1600 0.9689 -0.1886
vn 0.0512 0.1510 0.9872
vn -0.1978 -0.0398 0.9794
vn 0.0014 0.1157 0.9933
vn -0.3134 0.4762 -0.8216
vn 0.0369 -0.9977 -0.0576
vn 0.0567 -0.9807 0.1872
vn 0.1116 -0.5391 -0.8348
vn -0.3398 0.6558 0.6741
vn 0.2920 0.9539 0.0688
vn -0.3648 0.3710 0.8540
vn 0.2827 0.0217 -0.9590
vn 0.4642 0.6566 0.5945
vn 0.1627 0.4857 -0.8589
vn -0.2713 0.7849 0.5570
vn 0.3279 0.7571 -0.5651
vn 0.6723 0.4803 -0.5634
vn 0.1887 0.4869 0.8528
vn 0.8536 0.4990 0.1494
vn 0.3594 0.4685 0.8071
vn 0.6050 -0.0674 -0.7934
vn 0.5336 0.2089 -0.8195
vn -0.0624 0.8333 0.5493
vn 0.0536 0.9985 -0.0113
vn 0.9785 0.2057 0.0130
vn 0.5602 -0.3285 0.7604
vn 0.9834 -0.1090 0.1451
vn 0.9629 0.1876 0.1940
vn -0.3168 0.4988 0.8067
vn 0.8254 0.5474 -0.1385
vn 0.9416 -0.2595 0.2147
vn 0.9181 0.2059 -0.3386
vn 0.9552 0.1513 -0.2543
vn 0.7411 -0.5584 0.3728
vn 0.7583 -0.5250 0.3864
vn 0.7292 -0.1272 0.6724
vn -0.3325 0.6621 0.6716
vn -0.6902 0.6977 0.1919
vn -0.0549 0.9395 -0.3382
vn -0.1180 0.9883 0.0968
vn 0.4199 0.6688 0.6135
vn 0.8304 -0.3427 -0.4392
vn -0.6829 0.7283 -0.0567
vn 0.9528 -0.2544 0.1657
vn -0.3119 -0.8294 -0.4634
vn -0.3388 -0.9195 0.1992
vn -0.7121 -0.6996 -0.0590
vn -0.4979 -0.5608 0.6615
vn -0.9118 0.1044 -0.3972
vn -0.2641 -0.7927 -0.5494
vn 0.0918 -0.3818 0.9197
vn -0.0214 -0.7452 0.6665
vn -0.0217 0.0074 -0.9997
vn 0.5349 -0.6544 0.5344
vn -0.8731 -0.4858 -0.0408
vn -0.9076 -0.3224 0.2689
vn -0.9133 0.3953 0.0986
vn -0.9121 0.3423 0.2256
vn -0.6206 -0.4992 -0.6047
vn -0.2635 0.8989 0.3501
vn -0.5736 -0.6633 -0.4806
vn -0.4752 -0.0371 -0.8791
vn -0.2186 -0.2169 0.9514
vn -0.1431 0.1542 -0.9776
vn 0.2194 0.2635 -0.9394
vn 0.1176 0.4875 -0.8652
vn 0.1216 0.4983 -0.8584
vn -0.7201 0.0053 -0.6939
vn -0.8886 -0.2509 -0.3839
vn 0.2918 -0.6161 0.7316
vn -0.0499 0.4541 -0.8896
vn -0.2667 0.7203 -0.6403
vn 0.0313 0.2383 -0.9707
vn 0.0381 0.4010 -0.9153
vn -0.0500 0.4789 -0.8764
vn 0.7008 0.5057 -0.5030
vn 0.1909 0.5462 -0.8156
vn 0.3023 0.7078 -0.6385
vn 0.8513 0.3896 -0.3514
vn 0.5490 0.7133 -0.4357
vn 0.6923 -0.0957 -0.7152
vn 0.4678 -0.7351 0.4906
vn 0.4494 -0.1270 -0.8842
vn -0.0601 0.4728 -0.8791
vn 0.3920 -0.3269 -0.8599
vn 0.3647 -0.7301 0.5778
vn 0.6530 -0.6685 -0.3559
vn -0.2199 0.3688 -0.9031
vn 0.3428 0.9246 -0.1659
vn 0.6929 -0.6410 -0.3302
vn -0.3462 0.8386 -0.4206
vn -0.8101 0.3490 -0.4711
vn 0.2192 -0.4683 0.8560
vn 0.2743 -0.7356 0.6194
vn -0.4010 -0.5738 0.7141
vn -0.4010 -0.1667 0.9008
vn -0.5050 -0.1955 0.8407
vn 0.0438 -0.5933 0.8038
vn 0.1124 -0.5794 0.8073
vn 0.0755 -0.6186 0.7821
vn -0.2075 -0.2805 0.9372
vn -0.2518 -0.3248 0.9116
vn 0.0339 -0.7232 0.6898
vn -0.0584 -0.1836 0.9813
vn -0.5774 -0.1857 0.7951
vn 0.0556 -0.5193 0.8528
vn 0.0432 -0.6452 0.7628
vn -0.7430 -0.3620 0.5629
vn 0.2036 -0.9393 0.2763
vn 0.6877 -0.5304 0.4957
vn 0.5437 -0.4229 0.7249
vn 0.5318 -0.6289 0.5672
vn 0.3330 -0.4106 0.8488
vn 0.1563 0.5801 -0.7994
vn 0.0188 0.0678 -0.9975
vn -0.0984 0.1255 -0.9872
vn -0.0525 -0.2411 -0.9691
vn 0.1553 0.0060 -0.9878
vn 0.1790 0.3481 -0.9202
vn 0.1715 -0.1028 -0.9798
vn 0.0707 0.0308 -0.9970
vn -0.0405 0.0044 -0.9992
vn -0.5367 -0.2954 -0.7904
vn -0.5670 -0.0422 0.8227
vn -0.6337 0.2236 0.7405
vn -0.2707 -0.0136 0.9626
vn 0.0108 0.2111 0.9774
vn 0.0949 -0.5423 0.8348
vn 0.0677 0.1261 0.9897
vn 0.0515 -0.3866 0.9208
vn 0.0987 0.3871 0.9167
vn 0.6466 0.1712 0.7433
vn 0.2454 0.0974 0.9645
vn 0.6446 0.2391 0.7262
vn 0.1205 0.3501 0.9289
vn 0.0917 0.3768 0.9217
vn -0.2244 -0.7849 0.5775
vn -0.1145 -0.1371 0.9839
vn -0.2714 -0.0552 0.9609
vn -0.5609 0.0904 0.8230
vn -0.6545 -0.5799 0.4851
vn 0.3329 -0.0211 0.9427
vn 0.0465 0.0598 0.9971
vn -0.6046 0.0296 -0.7960
vn 0.3056 -0.3738 0.8757
vn 0.2880 0.9029 0.3192
vn -0.0417 -0.3355 -0.9411
vn -0.1828 -0.2763 -0.9435
vn -0.1042 -0.8721 -0.4781
vn 0.0457 -0.5794 -0.8138
vn 0.5604 0.0153 -0.8281
vn -0.1208 -0.8642 -0.4885
vn -0.1400 -0.8794 -0.4551
vn 0.7229 -0.0033 -0.6910
vn 0.0514 -0.1729 -0.9836
vn -0.6087 0.4971 -0.6183
vn -0.2914 -0.5713 -0.7672
vn -0.6706 -0.0022 -0.7419
vn -0.6681 0.4350 -0.6037
vn -0.1732 -0.6985 -0.6944
vn -0.1677 -0.6809 -0.7130
vn -0.1545 -0.4086 -0.8995
vn 0.4061 -0.6732 -0.6179
vn 0.4995 -0.2402 -0.8324
vn 0.0006 -0.5279 -0.8493
vn 0.0210 0.1635 -0.9863
vn -0.6833 -0.6286 -0.3715
vn -0.2594 -0.6378 -0.7252
vn -0.2410 -0.1313 -0.9616
vn -0.6973 -0.5660 -0.4398
vn -0.5092 -0.5486 -0.6631
vn -0.4916 0.2754 0.8261
vn -0.2465 -0.1974 0.9488
vn 0.1942 0.5917 0.7824
vn -0.0793 -0.0700 0.9944
vn -0.1170 0.1546 0.9810
vn -0.4292 -0.5440 0.7210
vn 0.0169 -0.4035 0.9148
vn 0.2672 0.4661 0.8434
vn 0.1694 -0.4193 0.8919
vn 0.3225 0.4492 0.8332
vn 0.6995 -0.0465 0.7131
vn 0.0709 0.3001 0.9513
vn 0.3702 0.3338 0.8669
vn 0.3377 -0.0652 0.9390
vn 0.1339 0.6538 0.7447
vn -0.1454 0.1323 0.9805
vn -0.1483 0.5451 0.8251
vn -0.2030 0.0189 0.9790
vn 0.6061 0.5812 0.5430
vn 0.2487 0.1257 0.9604
vn -0.1460 0.5460 0.8249
vn 0.1713 0.3736 0.9116
vn 0.3472 -0.0234 0.9375
vn -0.2650 -0.9640 -0.0232
vn -0.0726 -0.8553 0.5131
vn -0.0643 -0.6483 0.7586
vn 0.0905 -0.1202 0.9886
vn -0.7432 0.6685 0.0274
vn -0.1924 -0.8460 -0.4972
vn 0.2083 -0.4362 -0.8754
vn -0.0394 -0.6135 0.7887
vn 0.0126 -0.0344 -0.9993
vn -0.0250 0.2001 0.9795
vn 0.0037 0.6093 -0.7930
vn 0.4310 -0.7332 -0.5260
vn 0.5852 -0.4220 -0.6924
vn 0.4676 0.8664 -0.1755
vn 0.0835 0.2725 0.9585
vn 0.7307 -0.5753 0.3677
vn 0.7641 0.2866 -0.5779
vn 0.4342 0.1760 0.8835
vn 0.1243 -0.9670 -0.2226
vn -0.0368 -0.3496 -0.9362
vn -0.8264 0.0450 -0.5613
vn 0.3686 0.3809 -0.8479
vn -0.7661 0.1728 -0.6191
vn -0.5511 0.3306 -0.7662
vn -0.4908 -0.2196 0.8431
vn -0.0163 -0.7724 0.6349
vn 0.2772 -0.6835 -0.6753
vn 0.3377 -0.7797 -0.5273
vn -0.7816 0.2029 -0.5898
vn -0.1583 -0.4766 0.8648
vn -0.8417 -0.1350 -0.5228
vn -0.3596 -0.2575 0.8969
vn 0.3626 -0.9300 -0.0596
vn 0.6156 -0.3385 0.7117
vn 0.5270 -0.2752 0.8041
vn 0.2249 -0.9675 0.1155
vn 0.8249 0.3307 -0.4585
vn 0.8803 0.2892 -0.3761
vn -0.0984 -0.8643 0.4932
vn -0.4412 -0.3520 -0.8255
vn -0.4490 -0.2087 -0.8688
vn -0.2559 0.3869 -0.8859
vn -0.2617 0.8597 -0.4386
vn -0.9722 0.0345 0.2315
vn -0.3149 -0.3312 -0.8894
vn -0.2455 0.2417 -0.9388
vn -0.6136 0.7509 -0.2442
vn 0.2503 0.1397 -0.9580
vn 0.9292 -0.3386 0.1480
vn 0.8002 -0.3959 0.4506
vn -0.5284 -0.2381 -0.8149
vn -0.3980 0.3672 -0.8407
vn -0.4514 0.6971 -0.5570
vn -0.7337 -0.6195 -0.2790
vn 0.9100 0.0678 -0.4090
vn 0.4645 -0.3367 0.8191
vn 0.1371 0.5613 -0.8162
vn 0.7980 0.2736 0.5370
vn -0.4072 -0.0766 -0.9101
vn -0.2406 0.8124 -0.5311
vn -0.4517 0.1672 -0.8764
vn 0.6682 0.5863 -0.4579
vn 0.6336 0.6884 -0.3531
vn 0.8684 -0.2372 -0.4355
vn 0.7179 -0.1184 -0.6860
vn 0.1159 -0.2448 0.9626
vn -0.3802 0.8040 -0.4571
vn -0.1349 -0.0155 0.9907
vn 0.2471 0.9598 0.1333
vn -0.2217 0.0386 0.9743
vn -0.9852 0.1223 0.1201
vn 0.0136 -0.9999 0.0070
vn 0.0672 -0.7892 -0.6104
vn -0.2085 -0.2467 -0.9464
vn 0.9120 -0.1216 0.3917
vn -0.0450 -0.0300 0.9985
vn -0.4172 0.2591 -0.8711
vn 0.8717 0.4434 -0.2085
vn 0.0660 -0.6992 -0.7119
vn -0.0963 -0.7218 0.6853
vn -0.2327 -0.5346 0.8124
vn -0.0817 0.4385 -0.8950
vn 0.9053 0.3828 -0.1841
vn 0.7645 0.1526 0.6264
vn 0.2128 0.0098 0.9771
vn 0.6394 -0.7054 -0.3058
vn 0.0913 -0.5230 0.8474
vn -0.0774 -0.0506 -0.9957
vn 0.1871 -0.2863 0.9397
vn 0.1977 -0.6425 0.7403
vn 0.0657 -0.3616 0.9300
vn 0.1464 -0.6869 0.7118
vn 0.7777 -0.4987 0.3826
vn 0.6733 0.1478 0.7245
vn 0.2236 -0.7189 0.6582
vn 0.4625 -0.7311 0.5017
vn 0.1773 -0.5112 0.8410
vn 0.3149 -0.9316 0.1815
vn -0.0865 -0.6043 0.7921
vn -0.8679 0.0293 -0.4958
vn -0.6551 -0.0871 -0.7505
vn 0.0166 0.0033 -0.9999
vn -0.5072 -0.0380 -0.8610
vn -0.4949 0.4189 -0.7613
vn -0.0753 -0.0642 -0.9951
vn -0.5877 -0.0540 -0.8072
vn 0.0325 0.3408 -0.9396
vn -0.4318 0.2979 -0.8514
vn -0.5184 -0.0975 -0.8496
vn -0.3118 0.3787 -0.8714
vn -0.3307 -0.2978 -0.8955
vn -0.1080 -0.0558 -0.9926
vn -0.3450 0.2425 -0.9067
vn 0.7227 0.6607 -0.2028
vn -0.6712 -0.0952 -0.7352
vn -0.6911 -0.1657 -0.7035
vn -0.2069 0.7679 -0.6062
vn 0.1855 -0.0606 -0.9808
vn -0.5182 -0.1378 -0.8441
vn -0.0471 -0.0053 0.9989
vn 0.3075 -0.2607 0.9151
vn -0.1261 0.0246 0.9917
vn 0.5224 0.2245 0.8226
vn 0.0581 -0.4372 0.8975
vn -0.5407 0.1623 0.8254
vn 0.2350 -0.7971 0.5563
vn -0.0668 0.0053 0.9978
vn -0.1094 -0.6266 0.7717
vn 0.0082 -0.0614 0.9981
vn 0.3135 -0.1775 0.9329
vn 0.4946 -0.7841 0.3749
vn 0.4306 -0.1056 0.8964
vn 0.0366 -0.0788 0.9962
vn 0.7995 -0.1091 0.5906
vn 0.9527 -0.0561 0.2988
vn 0.8203 -0.1467 0.5528
vn 0.2666 0.0218 0.9635
vn 0.3401 0.0499 0.9391
vn 0.7556 0.3631 0.5452
vn 0.7753 -0.1916 0.6018
vn 0.7416 -0.6086 0.2820
vn -0.4374 -0.4422 -0.7830
vn -0.6046 -0.4526 -0.6554
vn -0.6295 -0.4372 -0.6423
vn 0.5824 -0.7544 -0.3030
vn -0.0136 -0.1748 -0.9845
vn 0.7768 -0.1665 -0.6073
vn -0.3084 -0.5960 -0.7414
vn 0.3815 -0.8906 -0.2478
vn -0.2142 -0.0211 0.9766
vn -0.1802 0.0665 0.9814
vn 0.5165 -0.0433 0.8552
vn -0.4797 0.7951 -0.3711
vn -0.9024 0.0845 -0.4225
vn -0.7366 0.5870 0.3360
vn -0.3509 -0.6788 -0.6450
vn -0.8844 -0.0523 -0.4639
vn -0.4272 -0.3624 -0.8283
vn -0.4449 -0.5201 -0.7291
vn -0.4082 -0.4824 -0.7750
vn -0.6258 -0.1524 0.7649
vn -0.2770 0.4181 0.8651
vn -0.2731 -0.6073 -0.7461
vn -0.4589 -0.5179 -0.7219
vn -0.6801 -0.6732 -0.2902
vn -0.4536 -0.5467 -0.7038
vn -0.2607 -0.4632 -0.8471
vn -0.9912 -0.1301 -0.0259
vn 0.8438 0.0778 0.5310
vn 0.6329 0.4309 0.6433
vn -0.6952 -0.3528 -0.6263
vn -0.6741 -0.7380 0.0299
vn 0.5671 0.2043 0.7979
vn 0.6242 0.4120 0.6638
vn -0.2075 0.1713 0.9631
vn -0.3638 0.5803 0.7286
vn 0.2961 0.1954 0.9349
vn -0.2051 0.3058 0.9297
vn 0.2687 0.8046 0.5295
vn 0.1303 0.4431 0.8870
vn 0.9580 0.0936 0.2709
vn 0.4608 -0.0927 0.8826
vn 0.8130 0.5477 0.1975
vn -0.9798 -0.1868 -0.0715
vn 0.8408 0.3763 0.3892
vn -0.3813 0.4337 0.8164
vn 0.6905 0.7036 -0.1674
vn -0.3068 0.4611 0.8326
vn 0.1728 0.8773 0.4477
vn 0.1535 0.2885 0.9451
vn -0.4799 0.6004 0.6397
vn -0.4536 0.2820 0.8454
vn 0.5595 0.6197 0.5505
vn 0.4283 0.4997 0.7529
vn 0.7392 0.6735 -0.0096
vn -0.5201 0.2538 0.8155
vn 0.4796 0.1914 0.8564
vn -0.1582 -0.0842 0.9838
vn 0.8826 0.2843 -0.3744
vn 0.9742 0.2258 -0.0000
vn -0.0660 -0.9956 -0.0659
vn -0.1241 -0.0554 -0.9907
vn -0.5319 -0.3995 -0.7467
vn 0.5645 -0.5261 0.6361
vn 0.4990 -0.4758 0.7243
vn 0.5134 -0.5890 0.6241
vn -0.1752 -0.4044 -0.8977
vn 0.6892 -0.2307 0.6869
vn 0.2575 0.0705 0.9637
vn 0.7102 -0.6127 -0.3466
vn 0.1601 -0.0909 0.9829
vn -0.6922 -0.4506 -0.5637
vn 0.2424 0.3583 -0.9016
vn 0.6059 -0.7015 0.3752
vn 0.6462 -0.7134 0.2710
vn -0.0897 0.1446 -0.9854
vn 0.6338 0.6183 -0.4647
vn 0.4638 -0.3010 0.8332
vn 0.0666 0.0506 -0.9965
vn 0.8370 -0.3977 -0.3757
vn 0.1275 -0.1713 0.9769
vn 0.3996 -0.6889 0.6048
vn 0.9083 -0.2857 0.3056
vn 0.6368 0.1817 -0.7493
vn -0.7955 -0.4946 -0.3501
vn 0.3985 0.0441 -0.9161
vn 0.2649 -0.9188 -0.2926
vn -0.2917 0.3520 -0.8894
vn 0.6818 -0.2765 0.6773
vn -0.7752 -0.2122 -0.5950
vn -0.5676 -0.5538 -0.6092
vn -0.4804 -0.6805 -0.5534
vn -0.3710 -0.8145 -0.4460
vn 0.1539 0.3645 -0.9184
vn -0.2280 -0.1747 0.9579
vn -0.9909 0.0693 0.1158
vn 0.9344 0.3515 -0.0579
vn -0.4809 -0.0996 -0.8711
vn -0.3105 0.2476 -0.9178
vn -0.4306 -0.4388 -0.7887
vn 0.7559 -0.0503 0.6527
vn 0.7847 -0.0854 -0.6139
vn -0.4196 0.3795 -0.8246
vn 0.1828 0.9678 0.1728
vn -0.0437 -0.1002 0.9940
vn -0.0438 -0.2140 0.9758
vn -0.0275 -0.3524 0.9354
vn 0.6870 -0.3233 0.6507
vn 0.9713 0.1486 -0.1856
vn 0.6484 -0.4772 -0.5931
vn -0.4003 0.3800 -0.8339
vn -0.5800 -0.5194 -0.6276
vn -0.6485 -0.4176 -0.6364
vn 0.4839 -0.4260 0.7644
vn 0.3700 -0.1322 -0.9196
vn 0.4367 0.4289 0.7908
vn 0.2411 -0.7141 -0.6573
vn 0.8875 -0.0610 0.4567
vn 0.9517 -0.2932 0.0910
vn 0.6291 -0.4427 -0.6390
vn 0.0579 0.8035 0.5925
vn 0.9793 -0.0642 0.1921
vn 0.8342 -0.3454 0.4299
vn 0.5043 -0.0138 0.8634
vn -0.0665 -0.2112 0.9752
vn 0.6931 0.6375 -0.3364
vn 0.2208 -0.7375 -0.6382
vn 0.1836 0.9319 -0.3127
vn 0.4412 -0.4876 -0.7534
vn 0.6793 0.7257 0.1089
vn 0.4333 -0.8832 0.1795
vn 0.7023 0.1509 0.6957
vn 0.8850 -0.4094 0.2217
vn 0.9060 -0.0579 0.4193
vn -0.3732 -0.4567 -0.8076
vn -0.3883 -0.4744 -0.7900
vn -0.4445 -0.6585 -0.6073
vn 0.1959 -0.4000 -0.8953
vn 0.4940 -0.4554 -0.7407
vn -0.8355 0.1909 -0.5152
vn 0.0690 0.1216 -0.9902
vn -0.4458 -0.2922 -0.8461
vn -0.2584 0.5250 -0.8110
vn 0.5311 -0.8225 -0.2034
vn -0.9916 -0.1265 -0.0282
vn 0.0539 -0.9925 0.1101
vn -0.0369 -0.0555 -0.9978
vn -0.8857 -0.2708 -0.3771
vn 0.4155 -0.3162 -0.8529
vn 0.2255 0.0476 -0.9731
vn -0.1682 -0.9801 0.1058
vn 0.3223 -0.8102 -0.4896
vn 0.4827 -0.3223 -0.8144
vn 0.7456 -0.0948 -0.6597
vn 0.3197 -0.7819 -0.5352
vn -0.2105 -0.3827 -0.8996
vn 0.2874 0.8852 -0.3658
vn 0.0345 -0.9993 0.0170
vn 0.3571 -0.0328 -0.9335
vn 0.3166 0.5979 -0.7364
vn 0.0158 0.2162 -0.9762
vn 0.1923 0.0476 -0.9802
vn 0.5921 0.4626 0.6599
vn -0.8123 -0.4236 -0.4009
vn -0.2735 -0.7647 -0.5834
vn -0.3236 -0.6658 -0.6723
vn 0.5185 -0.3405 0.7844
vn 0.7278 0.4747 0.4949
vn 0.5249 0.2029 0.8266
vn -0.0087 0.8431 0.5377
vn 0.4126 0.2019 0.8883
vn 0.8643 0.3340 0.3761
vn -0.7215 -0.5161 -0.4616
vn 0.8967 0.3319 0.2929
vn 0.9110 0.3639 0.1940
vn 0.6668 -0.2382 0.7061
vn 0.4606 -0.7332 -0.5003
vn 0.9600 -0.1013 0.2610
vn 0.8355 0.5248 -0.1629
vn 0.7196 0.2601 0.6438
vn 0.6843 -0.2337 0.6907
vn 0.2106 0.7312 0.6488
vn 0.1826 0.2557 0.9494
vn -0.0993 0.5361 0.8383
vn 0.1188 -0.2448 0.9623
vn 0.7282 -0.0451 0.6839
vn 0.8878 -0.4521 -0.0856
vn 0.9292 0.3630 0.0697
vn 0.9443 0.3014 -0.1322
vn -0.0196 -0.1465 0.9890
vn 0.4939 0.1537 0.8558
vn 0.4506 0.4581 0.7663
vn 0.5034 0.2773 0.8183
vn 0.3839 0.3169 0.8673
vn 0.6610 0.1437 -0.7365
vn 0.4758 0.7488 0.4614
vn 0.8459 -0.2851 0.4508
vn 0.4390 0.4697 0.7659
vn 0.6562 0.6980 -0.2867
vn 0.8674 0.1762 0.4654
vn 0.5514 0.8341 -0.0153
vn -0.4143 -0.9068 0.0772
vn -0.1440 -0.7369 0.6605
vn -0.6075 -0.5805 -0.5422
vn 0.4563 -0.8773 -0.1492
vn 0.4425 -0.8889 -0.1183
vn 0.0378 0.0818 -0.9959
vn 0.6805 -0.5805 -0.4473
vn 0.5755 0.0912 -0.8127
vn 0.2554 -0.8907 0.3760
vn -0.2905 -0.6981 0.6544
vn -0.3610 -0.8942 -0.2647
vn 0.5995 -0.3694 0.7101
vn -0.7471 0.6613 0.0666
vn 0.1011 0.1222 -0.9873
vn -0.8563 0.5126 -0.0636
vn -0.8875 0.1464 -0.4369
vn 0.3151 0.1260 -0.9407
vn 0.1894 -0.9819 -0.0000
vn -0.7540 0.6438 0.1303
vn -0.1894 0.9819 -0.0000
vn -0.3624 0.9030 -0.2306
vn -0.4199 0.0294 -0.9071
vn 0.5849 0.0825 -0.8069
vn 0.4968 0.2848 0.8198
vn -0.0000 0.2025 -0.9793
vn 0.8645 -0.4450 0.2338
vn 0.4502 0.3695 0.8129
vn -0.0994 0.6532 -0.7506
vn -0.1089 0.6803 -0.7248
vn 0.5628 -0.0225 0.8263
vn 0.6014 -0.1533 0.7841
vn 0.6084 0.5313 0.5895
vn 0.6318 0.4902 0.6004
vn 0.8883 0.3577 -0.2881
vn 0.1987 0.8702 0.4509
vn -0.4574 -0.4744 -0.7522
vn -0.3021 -0.5269 -0.7944
vn -0.7008 -0.2907 -0.6515
vn -0.0869 0.1724 -0.9812
vn -0.0096 0.1161 -0.9932
vn 0.8386 -0.3404 -0.4253
vn -0.5156 -0.5289 -0.6741
vn 0.1250 0.1237 0.9844
vn 0.5574 -0.8301 0.0131
vn -0.2548 -0.3616 -0.8968
vn 0.0426 0.1432 0.9888
vn 0.0807 0.6892 0.7201
vn 0.4775 0.2591 0.8395
vn -0.0994 -0.6033 -0.7913
vn -0.8259 -0.5247 -0.2065
vn -0.8133 -0.4559 -0.3616
vn -0.0884 -0.7355 -0.6717
vn -0.0756 -0.8682 -0.4903
vn 0.5978 0.7084 0.3752
vn 0.3099 0.2884 0.9060
vn -0.2760 -0.5553 -0.7845
vn -0.4498 -0.4558 -0.7681
vn -0.3101 -0.5876 -0.7474
vn -0.2956 -0.6909 -0.6598
vn -0.2535 -0.6010 -0.7580
vn 0.3603 0.7046 0.6114
vn 0.2470 0.1712 0.9538
vn -0.0207 0.6671 0.7447
vn -0.3743 0.5799 0.7236
vn 0.5061 0.6892 0.5186
vn -0.0112 0.8436 0.5368
vn -0.1282 0.8518 0.5078
vn -0.1802 0.5597 0.8088
vn -0.2515 0.6864 0.6824
vn 0.5805 0.7122 0.3946
vn 0.2892 0.4865 0.8244
vn 0.5990 0.4036 0.6916
vn 0.1266 0.8973 0.4229
vn 0.8856 0.4418 0.1434
vn 0.8564 0.4866 0.1726
vn -0.5034 -0.3037 -0.8089
vn 0.0601 -0.3266 -0.9433
vn 0.9356 0.2049 -0.2874
vn -0.3989 0.4745 -0.7847
vn -0.2671 -0.6752 -0.6875
vn -0.0023 0.8917 -0.4526
vn -0.2861 0.3730 -0.8826
vn 0.5178 -0.8328 -0.1959
vn 0.8655 -0.4057 -0.2938
vn -0.3787 -0.1714 -0.9095
vn 0.5206 0.8308 0.1968
vn -0.0045 0.8940 -0.4481
vn -0.1254 0.9255 0.3574
vn 0.5123 -0.0302 -0.8583
vn 0.9709 -0.2392 -0.0097
vn 0.9793 -0.1982 0.0411
vn 0.1279 0.6971 0.7054
vn 0.6233 0.1314 -0.7708
vn -0.0982 0.3596 0.9279
vn -0.6417 0.1979 0.7410
vn 0.9032 0.4059 0.1393
vn -0.2493 0.7176 0.6503
vn 0.9150 0.2159 0.3408
vn 0.2102 0.0357 0.9770
vn -0.0115 0.7964 0.6047
vn 0.7450 0.6606 0.0925
vn 0.5340 0.4323 0.7266
vn 0.5835 0.7712 0.2545
vn 0.6891 0.6760 0.2611
vn 0.2815 0.7351 0.6168
vn 0.3703 0.7971 0.4769
vn 0.0998 0.8349 0.5413
vn 0.4400 0.4220 0.7926
vn 0.7575 -0.2014 0.6209
vn 0.5057 0.5851 0.6339
vn 0.4200 0.5149 -0.7474
vn -0.1407 -0.6823 -0.7174
vn -0.0935 -0.6322 -0.7691
vn 0.2830 -0.2071 -0.9365
vn 0.1824 0.5078 -0.8420
vn 0.6637 -0.0344 -0.7472
vn -0.3912 -0.4749 -0.7883
vn 0.0443 -0.3184 -0.9469
vn -0.3852 -0.5193 -0.7628
vn 0.4758 0.5560 -0.6815
vn -0.5402 -0.3233 -0.7769
vn -0.4185 -0.5431 -0.7280
vn -0.3868 0.3512 -0.8527
vn -0.2991 0.7338 -0.6100
vn 0.0357 -0.1238 -0.9917
vn -0.7613 0.0159 -0.6482
vn -0.7356 0.6642 -0.1331
vn 0.7570 -0.0925 -0.6469
vn 0.0523 -0.2347 -0.9707
vn 0.4501 -0.7001 -0.5544
vn -0.2199 0.9720 -0.0830
vn -0.0480 0.3983 0.9160
vn -0.0644 0.6842 0.7265
vn 0.0832 0.6009 0.7950
vn -0.3716 -0.5059 -0.7784
vn 0.4031 0.4835 0.7770
vn 0.8504 0.3941 0.3487
vn 0.2307 0.6171 0.7523
vn 0.8806 -0.0452 -0.4716
vn 0.4827 0.8592 0.1695
vn 0.7625 0.5734 -0.2996
vn 0.3536 0.3603 0.8632
vn 0.3556 0.2791 0.8920
vn 0.5151 0.4526 -0.7279
vn 0.5453 0.7010 -0.4596
vn 0.6661 0.7450 0.0358
vn 0.5260 0.7895 0.3163
vn 0.3839 0.3299 0.8624
vn 0.7249 0.4579 0.5147
vn 0.0049 0.2288 0.9735
vn -0.1020 0.8596 0.5007
vn -0.0477 0.9944 0.0943
vn 0.0099 0.9989 -0.0462
vn 0.2394 0.2378 0.9414
vn -0.0808 0.6690 0.7388
vn 0.4327 0.7110 0.5543
vn 0.6108 0.5902 0.5279
vn 0.5279 0.4920 0.6923
vn 0.5303 0.3856 0.7550
vn -0.1649 0.9430 0.2889
vn -0.3930 0.3325 -0.8573
vn 0.2063 0.6079 -0.7667
vn 0.1188 0.9276 0.3543
vn -0.0449 0.5671 0.8225
vn 0.9903 0.1292 -0.0509
vn -0.0469 -0.3119 -0.9490
vn -0.5959 0.4079 -0.6917
vn 0.2068 -0.7764 -0.5953
vn -0.0948 -0.3561 -0.9296
vn 0.3745 0.4112 -0.8311
vn -0.1212 0.0621 -0.9907
vn 0.4804 0.2867 -0.8289
vn 0.5672 0.5752 -0.5895
vn 0.2785 -0.9604 -0.0000
vn -0.2785 0.9604 -0.0000
vn -0.6611 -0.1826 -0.7278
vn -0.2234 0.7233 -0.6534
vn 0.2817 0.4702 -0.8364
vn 0.4964 0.0907 -0.8634
vn 0.4006 0.7718 -0.4939
vn -0.1541 0.6478 -0.7460
vn 0.8451 0.4309 -0.3164
vn 0.4329 0.5333 -0.7268
vn 0.7627 -0.2572 0.5934
vn -0.0063 0.8029 -0.5961
vn 0.8250 0.0857 0.5587
vn 0.5886 0.7610 -0.2728
vn 0.0987 0.5253 -0.8452
vn 0.2665 0.6815 -0.6816
vn 0.4936 0.6978 0.5190
vn 0.6877 -0.0829 -0.7213
vn 0.8784 0.3789 -0.2913
vn 0.4952 0.6265 0.6019
vn 0.1674 0.5403 0.8246
vn 0.1704 0.5406 0.8238
vn 0.0540 0.9977 -0.0400
vn 0.1975 0.2237 0.9544
vn 0.4867 0.8604 -0.1514
vn 0.3670 0.7372 0.5674
vn 0.9964 0.0603 -0.0602
vn 0.7957 0.3228 0.5125
vn 0.5274 0.1138 0.8420
vn 0.0036 0.9399 -0.3414
vn -0.8813 -0.3013 -0.3641
vn 0.4780 0.8392 -0.2592
vn 0.4914 0.6223 0.6093
vn -0.0742 -0.9972 -0.0094
vn 0.0204 -0.9968 0.0767
vn -0.7674 -0.4093 -0.4934
vn 0.2258 -0.1477 -0.9629
vn -0.5632 0.7682 0.3046
vn -0.5284 0.7976 0.2908
vn -0.9309 -0.3515 -0.0990
vn -0.7868 0.0739 0.6128
vn -0.9680 0.2018 0.1494
vn -0.8096 0.5866 0.0218
vn 0.1738 0.9831 0.0573
vn 0.1960 0.9773 -0.0799
vn -0.9585 -0.2601 -0.1166
vn -0.8468 -0.4655 -0.2573
vn -0.9167 -0.3890 -0.0908
vn -0.2952 0.5040 -0.8117
vn -0.5805 0.7389 -0.3421
vn 0.6720 -0.2244 -0.7057
vn -0.3672 0.8066 -0.4631
vn -0.4678 0.8438 -0.2631
vn -0.1960 -0.9773 0.0799
vn -0.9450 -0.1289 0.3006
vn -0.8803 -0.3735 0.2925
vn -0.7581 0.3571 0.5457
vn -0.8945 -0.4244 -0.1404
vn -0.7229 0.6048 -0.3342
vn -0.5245 0.6080 0.5960
vn -0.6448 -0.7625 -0.0534
vn -0.8541 -0.4076 0.3231
vn -0.7587 0.3563 0.5454
vn -0.8885 -0.3422 -0.3057
vn -0.9503 -0.3113 -0.0032
vn -0.8729 -0.2395 -0.4251
vn -0.9322 0.1432 -0.3323
vn -0.9117 0.4071 -0.0553
vn -0.7832 -0.3496 -0.5142
vn 0.0678 -0.3333 0.9404
vn -0.6188 0.7813 -0.0813
vn -0.6547 0.7273 -0.2059
vn -0.2178 -0.5746 0.7889
vn -0.6313 -0.4761 -0.6122
vn 0.1391 0.3159 -0.9385
vn -0.2119 0.9277 -0.3074
vn -0.9266 0.2629 -0.2689
vn 0.5234 -0.8163 -0.2443
vn 0.4187 -0.8041 0.4220
vn 0.7735 -0.5813 -0.2526
vn 0.1150 -0.1413 -0.9833
vn 0.0174 0.3324 -0.9430
vn 0.2204 -0.9461 0.2373
vn 0.6829 -0.6797 -0.2675
vn 0.0445 -0.7601 0.6483
vn 0.6752 -0.6472 -0.3539
vn 0.4913 0.5718 -0.6570
vn 0.2749 0.3672 -0.8886
vn 0.6854 -0.6364 -0.3539
vn -0.3846 -0.7763 -0.4994
vn 0.1147 -0.1577 -0.9808
vn -0.3624 0.0379 0.9312
vn -0.6303 0.7544 -0.1834
vn -0.0726 0.2303 0.9704
vn -0.1680 -0.8932 0.4170
vn -0.0747 -0.2684 0.9604
vn -0.2056 0.0919 0.9743
vn -0.4761 -0.7828 -0.4007
vn -0.4131 -0.7767 -0.4754
vn -0.2894 -0.7311 -0.6178
vn -0.5910 -0.4084 0.6956
vn -0.2514 -0.7703 0.5861
vn -0.8425 0.0600 -0.5353
vn 0.3891 -0.4094 -0.8252
vn 0.5303 -0.5893 -0.6095
vn 0.1845 -0.0495 -0.9816
vn 0.5938 -0.7317 -0.3347
vn -0.6970 0.6904 -0.1939
vn -0.2840 -0.2491 -0.9259
vn 0.7981 0.1198 -0.5905
vn -0.3248 0.3465 -0.8800
vn -0.6374 -0.2521 -0.7281
vn -0.5890 -0.2928 -0.7532
vn 0.3316 0.3421 -0.8792
vn 0.2829 0.1004 -0.9539
vn -0.8171 -0.1872 -0.5452
vn -0.0606 0.1195 -0.9910
vn -0.3300 0.6313 -0.7018
vn -0.2229 0.1883 -0.9565
vn -0.6637 -0.7444 -0.0731
vn -0.7929 0.2678 0.5474
vn -0.9980 -0.0630 -0.0066
vn -0.5935 -0.3155 0.7404
vn -0.8201 -0.2782 -0.5001
vn -0.5543 -0.7203 0.4171
vn 0.2082 -0.7712 -0.6016
vn -0.2569 -0.2185 0.9414
vn -0.5337 0.1202 0.8371
vn 0.0980 -0.1548 0.9831
vn -0.6512 0.5238 -0.5492
vn -0.1104 0.3238 0.9397
vn 0.0096 -0.2767 0.9609
vn -0.1248 -0.7702 0.6254
vn -0.7699 -0.3162 0.5544
vn 0.3335 -0.7537 0.5664
vn 0.2584 -0.2184 0.9410
vn 0.3515 -0.1799 0.9188
vn 0.0661 0.0055 0.9978
vn -0.0772 0.0421 0.9961
vn -0.8901 0.1157 -0.4408
vn -0.7217 -0.4585 -0.5186
vn -0.5828 -0.7079 -0.3991
vn -0.5597 -0.2451 -0.7917
vn -0.0645 0.5714 -0.8181
vn 0.1799 0.1236 -0.9759
vn 0.4025 0.3344 -0.8522
vn 0.3171 -0.1343 -0.9388
vn 0.0014 -0.7634 -0.6459
vn -0.2719 -0.5649 -0.7790
vn 0.5460 0.6228 -0.5604
vn 0.7448 -0.3851 -0.5450
vn 0.5824 -0.7756 -0.2433
vn 0.4025 -0.4008 -0.8230
vn 0.5541 0.6213 -0.5540
vn 0.0771 0.1197 -0.9898
vn 0.1403 0.0325 -0.9896
vn 0.3676 -0.2490 -0.8960
vn 0.0307 0.0880 -0.9956
vn -0.5183 0.5473 -0.6571
vn 0.1049 -0.1526 -0.9827
vn -0.0200 0.0176 -0.9996
vn 0.5865 -0.5113 -0.6282
vn 0.4491 -0.1248 -0.8847
vn 0.1496 0.0815 0.9854
vn 0.2350 0.3620 0.9020
vn 0.1865 -0.1425 0.9721
vn -0.0192 0.1632 0.9864
vn 0.2261 0.3586 0.9057
vn -0.3575 0.4973 0.7905
vn -0.0442 0.1900 0.9808
vn -0.2493 -0.3469 0.9042
vn -0.5585 0.3362 0.7583
vn -0.4806 0.1014 0.8710
vn -0.4645 -0.0383 0.8848
vn -0.6383 -0.0271 0.7693
vn -0.7662 -0.2311 0.5996
vn -0.6777 0.3346 0.6549
vn -0.2363 -0.0867 0.9678
vn -0.5616 -0.2344 0.7936
vn -0.3808 -0.1024 0.9190
vn -0.3568 0.2142 0.9093
vn -0.2814 0.0111 0.9595
vn -0.0563 -0.6267 0.7772
vn -0.0707 -0.5181 0.8524
vn -0.1879 0.0553 0.9806
vn -0.1673 -0.0741 0.9831
vn -0.8771 0.3138 -0.3637
vn 0.3010 -0.1318 -0.9445
vn 0.8726 0.3053 -0.3813
vn 0.5078 0.7519 -0.4205
vn 0.7436 -0.5218 -0.4181
vn 0.1354 0.2062 -0.9691
vn 0.4421 -0.5868 -0.6784
vn 0.3808 -0.6978 -0.6067
vn 0.1239 -0.1309 -0.9836
vn 0.4073 -0.5179 -0.7522
vn -0.5954 -0.4605 -0.6584
vn -0.5713 -0.4090 -0.7116
vn -0.2623 -0.2518 -0.9316
vn 0.0237 0.2169 -0.9759
vn -0.5682 -0.3604 -0.7397
vn 0.4361 0.0145 -0.8998
vn 0.1140 0.0215 -0.9933
vn 0.2365 0.0854 -0.9679
vn -0.0152 0.2062 -0.9784
vn 0.2175 -0.2902 -0.9319
vn 0.2358 -0.0314 -0.9713
vn -0.1762 0.1460 0.9735
vn -0.1554 -0.3721 0.9151
vn -0.1983 -0.1977 0.9600
vn -0.2119 0.1501 0.9657
vn -0.3200 0.6717 0.6682
vn -0.0240 -0.2471 0.9687
vn -0.4735 -0.2805 0.8349
vn -0.4040 -0.1449 0.9032
vn -0.6938 0.0815 0.7155
vn -0.0590 -0.6811 0.7298
vn -0.7317 0.4719 0.4918
vn -0.6629 -0.0869 0.7437
vn -0.4106 -0.4619 0.7862
vn -0.1602 0.3117 0.9366
vn 0.0462 0.2116 0.9763
vn -0.0391 0.1359 0.9899
vn -0.7168 -0.2617 0.6463
vn -0.2943 -0.8616 -0.4136
vn 0.0207 -0.9991 -0.0375
vn -0.0037 -0.8309 -0.5564
vn 0.1734 -0.7423 -0.6473
vn -0.0353 -0.8663 -0.4982
vn 0.7424 -0.2395 0.6257
vn 0.5515 -0.7766 -0.3047
vn -0.3370 -0.3854 0.8590
vn -0.2803 -0.8339 -0.4755
vn -0.3753 0.2793 -0.8838
vn -0.0963 0.1960 -0.9759
vn -0.8479 0.2303 -0.4776
vn -0.3784 0.2261 -0.8976
vn 0.8988 -0.2128 -0.3831
vn -0.0432 -0.0846 -0.9955
vn -0.2509 0.2216 -0.9423
vn 0.0178 0.3768 -0.9261
vn 0.6790 -0.4146 -0.6058
vn 0.6343 -0.2837 -0.7192
vn -0.3613 0.4938 -0.7910
vn -0.3594 -0.4311 0.8276
vn 0.4373 -0.3542 -0.8266
vn -0.0111 -0.2928 -0.9561
vn -0.0109 0.5162 -0.8564
vn -0.2487 -0.5248 -0.8141
vn 0.0957 -0.7347 -0.6717
vn 0.0601 -0.1325 -0.9894
vn 0.2518 -0.5350 -0.8065
vn -0.0149 0.4945 -0.8690
vn -0.1512 0.6321 -0.7600
vn -0.5304 -0.7513 0.3927
vn 0.0481 -0.0800 -0.9956
vn 0.0843 0.4810 -0.8726
vn -0.3696 -0.6975 -0.6138
vn 0.3207 -0.4141 0.8519
vn 0.1544 0.0140 0.9879
vn 0.1553 -0.2234 0.9623
vn -0.0075 0.2616 0.9651
vn 0.6694 -0.4052 0.6226
vn 0.5924 -0.5765 0.5628
vn -0.0125 0.2584 0.9660
vn -0.3070 -0.2794 0.9098
vn -0.1965 -0.5934 0.7806
vn 0.5411 -0.6292 0.5579
vn 0.0945 0.1802 0.9791
vn -0.2118 -0.6468 0.7326
vn 0.5259 -0.7736 0.3535
vn 0.1923 -0.2188 0.9566
vn 0.1757 0.1346 0.9752
vn -0.5113 -0.1053 0.8529
vn 0.3587 -0.1232 0.9253
vn 0.1497 -0.5638 0.8123
vn 0.0665 -0.4829 0.8731
vn 0.2017 -0.4120 0.8886
vn -0.3560 -0.6243 0.6953
vn 0.1303 0.0481 -0.9903
vn 0.1502 -0.0981 -0.9838
vn -0.1432 -0.1630 -0.9762
vn -0.1768 0.4165 -0.8918
vn -0.0572 -0.3344 -0.9407
vn -0.2393 0.6440 -0.7267
vn -0.0381 0.1463 -0.9885
vn 0.1426 0.3124 -0.9392
vn 0.2506 -0.0477 -0.9669
vn -0.4923 0.0660 -0.8679
vn -0.2945 -0.5785 -0.7607
vn 0.2047 0.3159 -0.9264
vn 0.5115 0.0346 -0.8586
vn -0.0904 0.8939 -0.4390
vn 0.0084 0.1877 -0.9822
vn -0.0266 -0.5154 0.8566
vn -0.2723 0.0267 0.9618
vn -0.7519 0.4250 0.5039
vn -0.5666 -0.2462 0.7864
vn -0.2547 -0.1748 0.9511
vn -0.6524 -0.2823 0.7033
vn 0.7907 -0.2281 0.5682
vn 0.5173 -0.2351 0.8229
vn 0.4685 -0.6407 0.6083
vn 0.4435 -0.1529 0.8831
vn -0.0067 -0.1952 0.9807
vn -0.1110 -0.2643 0.9580
vn -0.3293 -0.2522 0.9099
vn 0.8692 -0.3403 0.3588
vn 0.3772 0.1729 -0.9099
vn -0.7650 -0.0494 0.6421
vn -0.1108 0.3445 0.9322
vn 0.1955 -0.0005 0.9807
vn -0.6164 0.7030 -0.3547
vn 0.4290 -0.7393 0.5190
vn -0.1437 0.4918 0.8587
vn -0.5068 -0.2317 0.8303
vn 0.5502 -0.5005 0.6683
vn -0.0355 -0.6806 0.7318
vn 0.6884 0.5573 0.4642
vn 0.6093 0.6453 -0.4608
vn 0.7032 -0.4531 -0.5480
vn -0.0111 -0.3358 -0.9419
vn -0.3430 -0.7208 -0.6024
vn -0.1508 0.0600 -0.9867
vn -0.5617 -0.6700 -0.4854
vn -0.3917 -0.5533 -0.7352
vn -0.2902 0.2281 -0.9294
vn 0.1999 -0.1499 -0.9683
vn 0.1291 0.0841 -0.9881
vn 0.0966 0.1681 -0.9810
vn 0.2596 -0.6531 -0.7114
vn -0.3289 -0.4528 -0.8287
vn -0.2044 0.0755 -0.9760
vn -0.2934 -0.4631 -0.8363
vn -0.7371 0.2910 -0.6099
vn -0.5587 -0.6013 -0.5712
vn 0.5247 0.0029 -0.8513
vn 0.5428 0.6541 -0.5267
vn 0.2983 -0.1883 0.9357
vn -0.0240 0.4392 0.8981
vn 0.3519 0.4681 0.8106
vn -0.2579 -0.1178 0.9590
vn -0.0531 0.1185 0.9915
vn -0.1690 0.1782 0.9694
vn -0.4561 0.3808 0.8044
vn 0.2296 -0.5444 0.8068
vn -0.3990 0.7100 -0.5803
vn -0.1312 0.3623 0.9228
vn -0.6699 0.2473 -0.7000
vn -0.6982 0.3320 0.6342
vn 0.1139 -0.2698 0.9562
vn -0.2084 -0.3013 0.9305
vn -0.0465 -0.7605 0.6476
vn 0.1130 0.3639 0.9245
vn 0.0043 -0.0180 0.9998
vn -0.2400 -0.3309 0.9126
vn -0.0535 0.2360 0.9703
vn -0.2070 -0.6558 0.7260
vn 0.8357 -0.0475 0.5471
vn 0.0581 0.5719 0.8182
vn -0.1731 0.2240 0.9591
vn 0.0533 0.2563 0.9651
vn 0.6104 -0.2267 0.7589
vn -0.0065 0.2112 0.9774
vn 0.3394 -0.1277 0.9319
vn -0.1054 0.4133 0.9045
vn -0.9600 -0.2801 -0.0000
vn -0.9989 -0.0100 -0.0453
vn -0.9466 -0.3223 -0.0117
vn -0.8149 0.2659 -0.5150
vn -0.7200 0.5012 0.4800
vn -0.3883 -0.9112 -0.1375
vn 0.9832 -0.1250 -0.1331
vn 0.2454 0.9640 -0.1022
vn 0.9793 -0.2023 0.0096
vn -0.0000 -0.2225 -0.9749
vn 0.0084 -0.9220 0.3870
vn -0.0488 -0.6550 0.7540
vn -0.0451 -0.6525 0.7565
vn 0.2357 -0.3364 -0.9117
vn -0.0093 0.8826 -0.4700
vn 0.1738 0.9815 -0.0807
vn 0.1732 0.9822 -0.0731
vn 0.5567 -0.8285 -0.0602
vn -0.9320 0.1123 -0.3447
vn 0.0654 0.1162 -0.9911
vn -0.2067 0.9781 -0.0261
vn 0.3090 0.9489 -0.0636
vn -0.9414 0.0456 -0.3343
vn -0.9834 -0.1245 -0.1323
vn 0.1571 -0.0817 -0.9842
vn -0.4148 0.8604 0.2962
vn -0.6558 0.6331 -0.4111
vn -0.7398 -0.6674 0.0859
vn -0.2625 -0.2765 -0.9245
vn 0.3396 0.5111 -0.7896
vn 0.0516 -0.4006 -0.9148
vn 0.6982 -0.0870 -0.7106
vn 0.8941 0.3957 -0.2098
vn -0.3839 -0.7036 -0.5979
vn 0.4468 -0.5531 -0.7032
vn 0.1311 -0.1375 -0.9818
vn 0.4663 -0.3942 -0.7919
vn -0.0629 -0.4715 -0.8796
vn 0.6018 0.3827 -0.7009
vn 0.6839 -0.3808 -0.6223
vn 0.2402 0.6722 -0.7003
vn 0.4931 0.5461 -0.6773
vn 0.5744 -0.8065 -0.1399
vn 0.4914 0.5160 -0.7017
vn 0.6467 -0.7435 -0.1704
vn 0.0357 0.0395 0.9986
vn -0.4944 0.7460 -0.4461
vn 0.5281 0.2184 -0.8206
vn -0.0461 -0.6212 -0.7823
vn -0.5756 -0.5349 0.6185
vn 0.7251 -0.4701 0.5031
vn -0.0405 0.2740 0.9609
vn -0.0526 -0.0190 0.9984
vn -0.0630 -0.9906 0.1217
vn -0.0128 -0.0578 0.9982
vn 0.6124 0.4215 0.6688
vn -0.7242 -0.0701 0.6860
vn -0.8268 -0.2199 0.5177
vn -0.8243 0.1898 0.5334
vn -0.3728 -0.0307 0.9274
vn -0.2004 -0.7006 0.6849
vn 0.4095 0.0198 0.9121
vn -0.4029 0.0442 0.9142
vn -0.1878 -0.0934 0.9778
vn 0.2365 0.4479 0.8623
vn 0.1334 -0.2154 0.9674
vn -0.6728 0.0561 0.7377
vn -0.4861 -0.3124 0.8162
vn -0.0917 0.8084 0.5815
vn -0.3883 0.0485 0.9203
vn 0.1821 0.4830 0.8565
vn -0.6118 -0.2969 0.7331
vn -0.8562 0.5108 0.0776
vn -0.5897 0.3304 0.7369
vn -0.7692 -0.0722 0.6350
vn -0.9985 0.0196 -0.0513
vn -0.9980 -0.0340 -0.0534
vn -0.9512 -0.2839 -0.1208
vn -0.9401 -0.0928 0.3281
vn -0.9357 0.1562 -0.3162
vn -0.9154 0.3768 -0.1418
vn -0.8977 -0.4337 -0.0783
vn -0.8871 -0.4479 -0.1113
vn -0.5793 -0.1786 0.7953
vn -0.8331 -0.2419 -0.4974
vn -0.8781 -0.4280 -0.2140
vn -0.8215 -0.1597 -0.5474
vn -0.2330 -0.9363 -0.2626
vn 0.4311 0.5987 0.6751
vn 0.9724 0.0406 -0.2300
vn 0.0945 -0.0896 -0.9915
vn 0.9000 0.3903 -0.1941
vn 0.2274 0.6345 -0.7387
vn 0.9999 0.0170 0.0004
vn 0.9430 0.3325 0.0098
vn -0.2520 0.1655 0.9535
vn 0.8887 -0.3178 -0.3304
vn 0.7666 0.0305 -0.6414
vn 0.4532 -0.1048 0.8852
vn -0.3640 -0.9014 -0.2346
vn -0.0372 0.9987 -0.0348
vn -0.0417 0.7932 -0.6075
vn 0.9614 0.2607 -0.0878
vn 0.7973 0.3251 -0.5086
vn 0.7240 0.6529 -0.2225
vn 0.6571 0.7533 -0.0280
vn 0.6767 0.7353 0.0369
vn 0.1037 0.3883 0.9157
vn 0.2939 -0.8899 -0.3489
vn 0.6280 0.6115 -0.4814
vn 0.7641 0.0797 0.6401
vn -0.1936 0.7649 -0.6143
vn 0.2537 0.9259 -0.2800
vn 0.2710 0.9619 0.0366
vn 0.1165 0.0649 -0.9911
vn -0.8641 0.1528 0.4796
vn -0.5075 0.0025 -0.8616
vn -0.1487 0.9528 0.2649
vn -0.8959 0.3224 -0.3057
vn -0.3301 0.8919 -0.3092
vn -0.2195 0.2860 0.9327
vn 0.0460 0.9806 -0.1908
vn 0.2834 0.3808 -0.8802
vn -0.0835 0.6556 -0.7505
vn -0.1887 0.4434 0.8762
vn -0.6442 0.2543 -0.7214
vn 0.4578 -0.8644 -0.2078
vn -0.3182 -0.4700 0.8233
vn -0.5067 0.5110 -0.6944
vn -0.1587 -0.1467 0.9764
vn 0.7130 0.7011 0.0113
vn 0.3468 0.3357 -0.8758
vn -0.5703 -0.3704 -0.7332
vn -0.6501 0.6118 -0.4506
vn -0.6494 -0.5681 -0.5056
vn 0.2766 -0.2343 -0.9320
vn 0.0180 0.0346 -0.9992
vn -0.1446 -0.6113 -0.7781
vn 0.1501 -0.5924 -0.7915
vn -0.5210 -0.3573 -0.7752
vn 0.1556 -0.3442 -0.9259
vn 0.5147 -0.2876 -0.8077
vn 0.2013 -0.2830 -0.9378
vn 0.0756 -0.2554 -0.9639
vn 0.0699 -0.2128 -0.9746
vn -0.0157 -0.4523 -0.8917
vn -0.2493 0.0258 -0.9681
vn -0.2140 -0.0705 -0.9743
vn -0.1521 -0.5893 -0.7935
vn -0.2614 -0.4522 0.8528
vn 0.3206 0.5542 0.7682
vn -0.2966 0.3087 0.9037
vn -0.2968 0.2853 0.9113
vn 0.6630 0.0010 0.7487
vn 0.6276 0.2729 -0.7292
vn -0.3908 -0.2066 0.8970
vn -0.2402 0.6665 0.7058
vn -0.6174 0.6154 0.4900
vn -0.6807 -0.5796 0.4479
vn -0.0754 -0.1422 0.9870
vn -0.2606 0.1084 0.9593
vn -0.1120 0.9929 -0.0400
vn -0.5672 0.1109 0.8161
vn -0.5752 -0.0128 0.8179
vn -0.1502 0.7273 0.6697
vn 0.0806 0.5709 0.8171
vn -0.1418 -0.1747 0.9744
vn 0.6952 0.1082 0.7107
vn 0.3678 0.0274 0.9295
vn -0.1630 0.2045 0.9652
vn -0.0690 0.7396 0.6695
vn 0.0755 -0.4484 0.8906
vn -0.3835 0.7917 0.4755
vn -0.6803 0.4722 0.5605
vn -0.1396 0.3050 0.9421
vn -0.2254 -0.2287 0.9471
vn -0.2356 0.8640 0.4450
vn 0.4877 0.5028 0.7137
vn 0.0441 0.1121 0.9927
vn -0.4102 -0.6170 -0.6716
vn 0.0005 -0.2372 -0.9715
vn -0.5314 -0.3879 -0.7531
vn -0.2383 -0.0993 -0.9661
vn -0.9288 -0.1396 -0.3434
vn -0.3895 0.0483 -0.9197
vn -0.3144 -0.0936 -0.9447
vn -0.9222 -0.3078 0.2340
vn -0.7918 -0.1381 -0.5950
vn -0.5334 -0.6168 -0.5789
vn -0.7021 -0.6737 0.2305
vn -0.3936 -0.4181 -0.8187
vn -0.4215 -0.6179 -0.6637
vn -0.3973 -0.6440 -0.6538
vn -0.2642 -0.6697 0.6940
vn 0.9132 -0.2697 -0.3055
vn 0.1037 -0.1122 -0.9883
vn -0.2451 -0.0332 -0.9689
vn 0.3417 -0.5516 -0.7609
vn -0.1545 0.2676 -0.9511
vn -0.6425 -0.7400 -0.1989
vn -0.4355 0.2064 0.8762
vn -0.6162 0.0103 0.7876
vn -0.8414 0.4404 -0.3131
vn 0.0617 0.9819 -0.1788
vn -0.4043 0.0722 -0.9118
vn 0.5554 0.2701 -0.7865
vn -0.7483 -0.6102 -0.2604
vn -0.4631 -0.3892 -0.7963
vn 0.3883 0.8234 -0.4137
vn 0.5347 0.7141 0.4517
vn 0.4276 0.8225 0.3751
vn -0.7322 0.5882 -0.3434
vn -0.5946 0.6926 -0.4083
vn 0.7099 0.2927 0.6406
vn 0.1956 -0.5518 -0.8107
vn 0.2352 0.4282 0.8725
vn -0.0751 0.0105 0.9971
vn -0.2132 -0.3496 -0.9123
vn 0.4352 0.1292 0.8910
vn 0.2824 0.5428 -0.7909
vn -0.0767 0.7393 0.6690
vn 0.3399 0.4267 -0.8381
vn -0.5016 -0.6277 0.5953
vn 0.3303 0.3604 0.8724
vn 0.3844 0.3468 -0.8555
vn 0.0555 0.2207 0.9738
vn 0.2647 -0.9525 -0.1506
vn -0.1713 0.8256 0.5376
vn 0.0642 -0.0905 -0.9938
vn 0.1765 -0.5204 -0.8355
vn -0.4303 0.9011 -0.0535
vn -0.6754 0.3175 0.6656
vn 0.1387 -0.9624 0.2336
vn 0.4865 -0.6270 0.6084
vn 0.5322 -0.6286 0.5671
vn -0.3792 0.4951 -0.7817
vn -0.7591 -0.0743 -0.6467
vn -0.3894 0.1721 0.9049
vn -0.9098 -0.1444 -0.3892
vn 0.0104 0.8048 -0.5935
vn -0.1742 0.2902 0.9410
vn -0.9306 0.1134 -0.3481
vn -0.9401 0.3341 0.0674
vn 0.5557 -0.8121 0.1783
vn -0.9319 0.3446 -0.1136
vn -0.2951 0.7045 -0.6455
vn -0.8431 -0.0542 -0.5350
vn 0.0180 0.6491 0.7605
vn -0.0913 0.3621 0.9277
vn -0.7442 -0.6591 0.1085
vn -0.7317 0.1091 -0.6728
vn -0.6908 -0.6929 0.2068
vn -0.5112 -0.7203 0.4689
vn -0.2104 0.4995 0.8404
vn -0.0255 -0.0436 0.9987
vn 0.9294 -0.3687 0.0130
vn -0.6087 0.4463 0.6560
vn -0.4302 0.1757 0.8855
vn -0.5848 0.5596 -0.5872
vn 0.8239 -0.4175 -0.3834
vn 0.1625 0.7457 -0.6462
vn 0.3594 0.1861 -0.9144
vn 0.5067 -0.6568 -0.5585
vn -0.3225 -0.8991 0.2961
vn -0.7441 0.5672 -0.3530
vn -0.9797 0.0836 -0.1822
vn -0.5358 -0.3594 -0.7641
vn -0.7181 0.3066 -0.6247
vn -0.3166 0.7486 -0.5826
vn 0.9660 -0.0000 -0.2584
vn -0.3274 -0.8205 -0.4687
vn -0.9660 -0.0000 0.2584
vn -0.2597 0.9272 -0.2700
vn 0.1031 0.9836 -0.1478
vn -0.2216 -0.8266 -0.5173
vn 0.3354 -0.7654 -0.5493
vn -0.0842 0.6387 -0.7648
vn 0.3567 0.9221 -0.1499
vn -0.6169 0.7654 0.1835
vn -0.4214 -0.3412 0.8402
vn -0.7131 -0.2723 0.6460
vn -0.9861 -0.1353 0.0964
vn -0.3230 0.8553 -0.4053
vn 0.5821 -0.8131 0.0022
vn -0.5965 0.2942 0.7467
vn -0.1492 0.4310 0.8899
vn -0.0018 -0.9953 -0.0966
vn -0.5069 -0.5823 -0.6356
vn -0.0042 0.5136 0.8580
vn -0.0033 0.2891 0.9573
vn -0.4105 0.1319 0.9023
vn -0.4095 0.7750 0.4813
vn -0.1145 0.9375 0.3286
vn -0.2215 0.7393 0.6359
vn -0.5135 0.8563 0.0550
vn -0.6247 0.4616 0.6298
vn -0.0446 -0.0522 0.9976
vn -0.2965 0.5146 0.8045
vn -0.0792 0.9964 0.0305
vn 0.3853 -0.0505 -0.9214
vn -0.3853 0.0505 0.9214
vn -0.0121 -0.1679 -0.9857
vn 0.0895 -0.3717 -0.9240
vn 0.3035 0.8682 -0.3925
vn 0.3807 -0.8424 -0.3814
vn -0.7034 0.5571 -0.4415
vn -0.7023 -0.6898 -0.1760
vn -0.2259 -0.4861 -0.8442
vn 0.3700 0.7582 0.5369
vn -0.8111 -0.4571 -0.3648
vn -0.6263 -0.2741 -0.7298
vn -0.4220 -0.6593 -0.6222
vn 0.0931 0.7544 0.6498
vn -0.2671 -0.6592 -0.7029
vn -0.6990 0.0619 -0.7124
vn -0.7431 0.0223 -0.6688
vn 0.9991 0.0121 0.0397
vn -0.1634 -0.0063 -0.9865
vn 0.0818 -0.1470 -0.9857
vn 0.1301 -0.7301 -0.6709
vn -0.1309 -0.5984 -0.7904
vn -0.1856 -0.6819 -0.7075
vn -0.0282 -0.1942 -0.9806
vn -0.7366 0.3479 -0.5799
vn -0.5105 -0.6855 -0.5190
vn -0.3065 -0.3764 -0.8743
vn -0.3903 -0.4813 -0.7849
vn -0.9418 0.2345 -0.2410
vn -0.3900 -0.5335 -0.7505
vn -0.5280 0.3189 0.7871
vn -0.2924 0.9235 0.2483
vn 0.2776 -0.0220 0.9604
vn 0.5612 -0.2616 0.7853
vn 0.1433 0.0250 0.9894
vn 0.6516 0.6182 0.4396
vn -0.4927 0.6632 -0.5634
vn -0.1797 0.9334 0.3106
vn -0.1773 0.9357 0.3049
vn 0.5021 0.2817 0.8176
vn -0.6762 -0.3162 -0.6654
vn 0.1715 0.1821 0.9682
vn 0.2982 0.8865 0.3539
vn 0.7428 0.2422 0.6241
vn -0.5892 0.3010 0.7499
vn -0.4502 0.3571 0.8184
vn 0.2698 0.4485 0.8521
vn 0.1135 -0.2836 0.9522
vn 0.0784 -0.0794 0.9938
vn 0.0973 -0.3082 0.9463
vn 0.3627 0.7561 0.5447
vn 0.1283 0.6184 0.7754
vn 0.5254 0.6835 0.5067
vn 0.4035 0.5637 0.7207
vn 0.1959 -0.8284 -0.5248
vn 0.4689 0.3571 -0.8078
vn 0.6243 -0.7811 -0.0098
vn 0.7002 -0.6804 0.2161
vn -0.0519 -0.9899 0.1320
vn -0.1833 -0.5550 -0.8114
vn -0.5541 0.5212 -0.6491
vn -0.5575 -0.7547 -0.3460
vn -0.5783 -0.7664 -0.2796
vn -0.7933 -0.5979 -0.1152
vn -0.4162 -0.8946 -0.1625
vn 0.0676 -0.6231 -0.7792
vn 0.0371 -0.4436 -0.8955
vn -0.3228 -0.9292 -0.1798
vn -0.5905 -0.3797 -0.7121
vn -0.2011 -0.4192 -0.8853
vn 0.5489 -0.1730 -0.8178
vn -0.3212 -0.5153 -0.7946
vn -0.6437 -0.3817 -0.6633
vn -0.6544 -0.4200 -0.6287
vn 0.6726 0.1407 -0.7265
vn 0.2237 0.5962 -0.7711
vn 0.0336 0.2449 -0.9690
vn 0.5834 -0.7916 0.1816
vn 0.4972 -0.4996 -0.7094
vn 0.1361 0.7670 0.6271
vn 0.7622 -0.4795 -0.4349
vn 0.2206 0.6815 0.6977
vn 0.4741 0.4595 0.7510
vn -0.3643 -0.9295 -0.0583
vn -0.0145 -0.0009 -0.9999
vn 0.2382 0.6615 0.7111
vn 0.2023 0.7327 0.6498
vn 0.6618 0.1256 -0.7391
vn 0.7349 -0.5690 -0.3689
vn 0.8020 0.5089 -0.3129
vn 0.9785 -0.0384 0.2027
vn 0.9552 0.1516 -0.2541
vn 0.4576 -0.2660 0.8485
vn -0.6364 -0.7250 -0.2635
vn 0.6182 0.2093 0.7576
vn -0.7369 -0.6461 0.1989
vn -0.6419 0.0179 -0.7666
vn -0.5842 -0.5925 0.5547
vn -0.5273 -0.6716 -0.5205
vn 0.0819 0.4678 -0.8800
vn -0.2963 0.5146 0.8046
vn 0.3764 0.9047 -0.1994
vn -0.3084 0.5347 0.7868
vn -0.3945 -0.8737 -0.2845
vn 0.0578 0.4288 0.9015
vn -0.7633 0.3109 0.5663
vn -0.6461 0.1841 -0.7407
vn -0.5105 0.8348 0.2064
vn -0.3759 0.2275 0.8983
vn -0.6919 0.6909 0.2096
vn 0.0676 -0.6224 -0.7798
vn 0.3707 0.4840 0.7927
vn 0.2800 0.4654 0.8396
vn -0.2754 0.2599 0.9255
vn 0.0725 0.8102 0.5817
vn -0.0465 0.6425 0.7648
vn 0.2866 0.3058 0.9079
vn 0.5841 0.0513 0.8101
vn -0.4021 -0.3677 -0.8386
vn 0.4914 -0.1305 0.8611
vn 0.4564 -0.0055 0.8897
vn 0.2841 0.9080 0.3078
vn 0.3748 0.2443 0.8944
vn 0.2923 0.3619 0.8852
vn 0.3360 -0.7646 -0.5500
vn -0.3718 0.7945 -0.4801
vn -0.0755 0.9839 0.1620
vn -0.2541 -0.9657 -0.0529
vn -0.5981 -0.6170 -0.5115
vn 0.2876 -0.4347 -0.8534
vn 0.0098 -0.1368 -0.9906
vn -0.3331 0.8036 -0.4932
vn -0.1428 -0.6699 -0.7286
vn -0.3261 0.4357 0.8390
vn 0.4073 0.4244 -0.8087
vn 0.5139 0.8567 0.0440
vn -0.4022 0.3575 0.8429
vn 0.7164 0.1872 -0.6721
vn 0.2469 0.1418 0.9586
vn 0.0542 0.9944 -0.0906
vn 0.0979 0.9862 -0.1333
vn 0.3794 0.6514 0.6571
vn 0.2705 0.5730 -0.7737
vn -0.3811 0.3962 0.8353
vn 0.3681 0.4905 0.7899
vn 0.6837 0.5809 -0.4418
vn -0.0520 0.5919 0.8043
vn 0.8221 0.1472 -0.5500
vn -0.2597 0.7868 0.5600
vn -0.3699 0.6992 0.6118
vn 0.2907 0.4654 -0.8360
vn 0.4707 0.6007 0.6462
vn 0.6457 0.3704 -0.6678
vn 0.5349 0.2476 0.8078
vn 0.8358 0.5152 -0.1896
vn 0.3617 0.9104 -0.2010
vn 0.6417 0.5638 0.5200
vn 0.6790 0.0757 0.7302
vn 0.7645 0.0570 0.6421
vn 0.3290 0.8509 0.4095
vn -0.9717 -0.0769 0.2235
vn -0.7612 0.5748 -0.3003
vn -0.5691 0.4561 0.6842
vn 0.9368 -0.1935 -0.2914
vn 0.2048 0.9505 -0.2337
vn 0.0016 0.6154 0.7882
vn -0.9796 0.0054 -0.2009
vn -0.7309 -0.3055 -0.6103
vn -0.7979 -0.3212 0.5101
vn -0.7388 -0.4572 -0.4951
vn 0.0973 -0.5804 0.8085
vn 0.2918 -0.6411 0.7098
vn -0.2619 -0.7868 -0.5589
vn -0.3451 -0.6560 0.6712
vn 0.5423 -0.8312 -0.1227
vn -0.0602 -0.7892 -0.6112
vn 0.2611 -0.3892 0.8834
vn 0.4993 0.4999 -0.7076
vn 0.0098 -0.7760 0.6307
vn 0.4191 -0.7646 -0.4896
vn 0.5918 -0.7732 -0.2281
vn 0.7471 -0.6493 -0.1425
vn -0.8776 -0.4038 -0.2585
vn -0.9638 0.2428 0.1105
vn -0.4421 -0.6192 -0.6489
vn -0.6570 0.6207 0.4279
vn -0.1022 0.0566 -0.9932
vn -0.4763 0.2089 -0.8541
vn 0.1381 0.5138 -0.8467
vn -0.2547 -0.2103 0.9439
vn -0.3578 -0.5693 0.7401
vn 0.4637 0.2696 -0.8440
vn 0.7420 0.4168 -0.5251
vn 0.0048 0.0517 -0.9986
vn 0.1341 0.7277 -0.6726
vn 0.1562 0.4763 -0.8653
vn 0.8624 -0.1059 -0.4950
vn 0.5013 -0.6126 -0.6111
vn 0.4189 -0.6659 0.6173
vn 0.5125 0.4079 -0.7556
vn 0.6034 0.6651 -0.4400
vn 0.1434 -0.1770 -0.9737
vn -0.2045 -0.4171 0.8856
vn 0.6167 -0.2420 0.7491
vn -0.4602 -0.1993 0.8651
vn -0.2634 -0.5628 0.7835
vn -0.2487 -0.6257 0.7394
vn -0.1750 -0.0380 0.9838
vn -0.4414 -0.4399 0.7821
vn -0.7374 -0.3718 0.5640
vn 0.0767 -0.5326 0.8429
vn 0.6251 -0.4792 0.6161
vn -0.1632 0.5642 -0.8093
vn 0.2399 -0.3969 -0.8860
vn 0.5315 -0.2461 0.8105
vn -0.4246 0.6084 -0.6705
vn 0.3380 -0.2456 0.9085
vn -0.7566 0.3518 -0.5512
vn -0.0590 0.0325 -0.9977
vn -0.0858 -0.1815 -0.9797
vn 0.2350 -0.0324 -0.9715
vn -0.0803 -0.0515 -0.9954
vn 0.3560 -0.1592 -0.9208
vn 0.4783 -0.4560 -0.7505
vn -0.0433 0.0081 -0.9990
vn -0.2865 -0.3156 0.9046
vn -0.2275 -0.1908 0.9549
vn 0.0110 0.2122 0.9772
vn -0.1302 0.0126 0.9914
vn -0.1636 -0.4857 0.8587
vn 0.7010 0.1430 0.6987
vn -0.6439 -0.1316 0.7537
vn -0.9208 -0.2050 0.3317
vn -0.3511 0.3058 0.8850
vn -0.5939 0.2701 0.7578
vn -0.6502 -0.2615 0.7134
vn -0.3449 0.5154 0.7845
vn 0.5348 -0.2481 0.8077
vn 0.7098 0.2571 0.6558
vn 0.2269 0.0956 0.9692
vn 0.2868 -0.3502 0.8917
vn 0.0966 0.0606 0.9935
vn -0.1063 0.3980 -0.9112
vn -0.6344 -0.0744 -0.7695
vn -0.1313 0.3846 -0.9137
vn 0.5716 0.0463 -0.8193
vn -0.3422 -0.4743 -0.8111
vn -0.4066 -0.1275 -0.9047
vn 0.7628 -0.0726 -0.6426
vn 0.4450 0.5239 -0.7263
vn 0.4625 0.5705 -0.6787
vn 0.3419 -0.3730 -0.8625
vn 0.3278 -0.4733 -0.8176
vn 0.0928 -0.4272 -0.8994
vn -0.1953 -0.4204 -0.8861
vn -0.7725 0.3763 -0.5115
vn 0.0952 -0.1090 -0.9895
vn -0.3334 -0.5364 -0.7753
vn 0.2587 -0.7416 -0.6190
vn -0.1626 -0.9307 -0.3276
vn -0.1833 -0.3144 -0.9314
vn -0.2101 -0.5698 -0.7945
vn 0.0183 -0.5412 -0.8407
vn -0.4813 -0.5247 -0.7021
vn -0.4644 -0.1784 -0.8675
vn -0.7276 0.0229 0.6856
vn -0.4614 -0.5196 0.7191
vn -0.3146 0.6660 0.6764
vn 0.0343 0.0136 0.9993
vn 0.2589 -0.4211 0.8693
vn 0.6660 0.4047 0.6266
vn 0.1038 -0.2287 0.9679
vn 0.6819 0.4281 0.5930
vn 0.0513 0.0103 0.9986
vn 0.4214 0.0265 0.9065
vn -0.3275 0.5845 0.7424
vn -0.0050 0.3048 0.9524
vn -0.1267 -0.1144 0.9853
vn -0.3694 0.4221 0.8278
vn 0.5358 -0.2937 0.7916
vn 0.3347 -0.0494 0.9410
vn -0.0536 -0.1358 0.9893
vn 0.3112 0.1896 0.9313
vn 0.5069 0.3161 -0.8020
vn -0.4313 0.8927 0.1308
vn -0.6913 0.7054 0.1567
vn -0.1737 -0.8734 -0.4550
vn -0.0125 -0.3127 0.9498
vn 0.5674 0.7853 -0.2475
vn 0.0097 -0.3569 0.9341
vn 0.6712 -0.7106 0.2110
vn 0.5969 -0.4663 -0.6528
vn 0.4579 0.7342 -0.5012
vn -0.1079 -0.7741 0.6238
vn 0.4099 -0.4950 0.7662
vn 0.2931 0.7938 -0.5329
vn -0.0894 0.8656 -0.4926
vn 0.3908 0.2231 0.8930
vn 0.0910 -0.9926 -0.0805
vn 0.1675 -0.1688 0.9713
vn 0.4166 0.3281 -0.8478
vn -0.8060 -0.3654 -0.4656
vn -0.1116 -0.1378 0.9842
vn -0.1538 -0.5169 0.8421
vn -0.7451 -0.6053 0.2802
vn -0.9418 -0.2385 0.2370
vn -0.8341 -0.4418 -0.3305
vn 0.0308 -0.7434 -0.6682
vn 0.0978 -0.8027 -0.5883
vn -0.4400 -0.2689 0.8568
vn 0.0288 0.0569 -0.9980
vn 0.1795 -0.8044 -0.5663
vn 0.5718 -0.7639 -0.2991
vn 0.2059 -0.5465 -0.8118
vn 0.8540 0.3031 -0.4229
vn -0.5259 -0.8282 -0.1939
vn -0.5418 -0.8314 -0.1231
vn -0.1392 0.2255 -0.9642
vn -0.4210 0.8985 -0.1246
vn -0.5195 -0.0380 -0.8536
vn -0.9747 0.0261 0.2219
vn -0.7686 -0.0380 0.6386
vn -0.8236 -0.4951 0.2766
vn 0.1431 -0.9314 -0.3347
vn -0.1753 -0.0959 -0.9798
vn 0.8925 -0.3818 0.2404
vn -0.0814 0.6809 0.7278
vn 0.2200 -0.8366 -0.5017
vn -0.0061 -0.7525 0.6586
vn -0.3449 -0.4645 -0.8157
vn -0.6638 0.0180 -0.7477
vn -0.7860 -0.3947 -0.4759
vn -0.8297 -0.4512 0.3287
vn -0.4680 -0.8602 -0.2027
vn -0.7312 -0.6241 -0.2755
vn -0.2656 -0.9235 -0.2767
vn 0.4644 0.3348 -0.8199
vn 0.4671 -0.3501 0.8120
vn -0.3249 -0.2305 -0.9172
vn 0.5797 -0.0024 0.8148
vn -0.0369 0.2508 -0.9673
vn 0.3249 0.1075 0.9396
vn 0.4096 0.0273 0.9118
vn 0.8869 -0.2136 -0.4095
vn 0.9187 -0.0966 0.3830
vn 0.4803 -0.3476 0.8053
vn 0.2904 0.0569 0.9552
vn 0.4909 -0.6336 0.5979
vn -0.2523 0.4536 -0.8547
vn -0.5828 0.1410 -0.8003
vn -0.4210 0.8040 -0.4200
vn -0.1248 0.3498 -0.9285
vn 0.1246 0.9911 0.0466
vn -0.9883 -0.0941 -0.1202
vn 0.0716 -0.9960 0.0526
vn -0.3488 -0.7100 -0.6117
vn 0.0176 -0.8453 -0.5340
vn -0.0049 0.2358 -0.9718
vn 0.2158 0.8950 -0.3903
vn -0.1647 -0.0229 0.9861
vn 0.0067 0.1641 -0.9864
vn 0.8317 0.0414 -0.5537
vn -0.6098 0.2110 0.7639
vn -0.2066 -0.5065 0.8371
vn -0.3078 0.0972 -0.9465
vn -0.5839 -0.2749 0.7639
vn -0.1296 0.5085 -0.8512
vn 0.9285 -0.0409 -0.3690
vn 0.6968 -0.6570 -0.2878
vn 0.0638 -0.5136 0.8556
vn -0.6402 0.3548 -0.6814
vn -0.2130 -0.6145 0.7596
vn 0.1067 -0.3795 0.9190
vn 0.5899 -0.7249 0.3558
vn 0.4459 0.1635 0.8800
vn 0.0013 -0.8506 0.5258
vn 0.3647 -0.6783 0.6379
vn -0.4475 -0.4186 0.7903
vn 0.4767 0.2354 0.8470
vn -0.0825 0.1240 -0.9889
vn -0.5071 0.3573 -0.7843
vn -0.3760 0.0994 -0.9213
vn -0.3333 0.2414 -0.9114
vn -0.5847 0.3237 -0.7439
vn -0.2301 0.6437 -0.7299
vn -0.7722 -0.0070 -0.6354
vn -0.3147 -0.1369 -0.9393
vn -0.2708 0.3767 -0.8859
vn 0.1167 0.1873 -0.9753
vn 0.2159 -0.1123 -0.9699
vn -0.0895 -0.1942 -0.9769
vn 0.2279 -0.1198 -0.9663
vn -0.6495 -0.0888 -0.7551
vn -0.1339 0.1175 -0.9840
vn 0.1994 -0.7682 -0.6083
vn 0.0695 -0.2820 0.9569
vn 0.1896 0.1290 0.9734
vn 0.2231 0.5138 0.8284
vn -0.0903 0.0732 0.9932
vn 0.3768 -0.9240 0.0656
vn 0.0476 0.1225 0.9913
vn 0.5429 -0.4125 0.7315
vn 0.1133 -0.3657 0.9238
vn 0.2157 -0.0366 0.9758
vn 0.5183 -0.0265 0.8548
vn 0.0603 0.7445 0.6649
vn 0.4654 -0.4023 0.7884
vn -0.0462 -0.5405 0.8401
vn 0.0765 -0.3457 0.9352
vn 0.5699 0.3828 0.7271
vn 0.1299 0.5441 0.8289
vn -0.0649 0.1057 0.9923
vn -0.1659 -0.8396 0.5173
vn 0.3683 -0.7313 0.5741
vn 0.6476 0.6319 0.4258
vn 0.9185 0.0320 0.3942
vn 0.6247 -0.3364 0.7047
vn 0.3284 -0.0294 0.9441
vn 0.3471 -0.1772 0.9210
vn 0.7315 0.1167 0.6717
vn 0.5862 -0.6511 0.4821
vn -0.4462 -0.4869 -0.7509
vn -0.6213 -0.4277 -0.6565
vn 0.3486 -0.4865 -0.8011
vn 0.6453 -0.6888 -0.3304
vn 0.3557 -0.4706 -0.8075
vn 0.2937 -0.6866 -0.6651
vn -0.2960 -0.1625 -0.9413
vn 0.5024 -0.8009 -0.3257
vn 0.2874 0.2685 -0.9194
vn 0.5604 -0.6258 -0.5425
vn 0.2958 0.2409 -0.9244
vn 0.4715 -0.7956 -0.3803
vn 0.2630 -0.7570 -0.5982
vn -0.7895 -0.3381 -0.5121
vn 0.8150 0.1563 0.5580
vn 0.3558 -0.5474 0.7575
vn 0.1668 -0.4709 -0.8663
vn -0.5954 -0.4371 -0.6741
vn 0.1443 0.3614 0.9212
vn -0.6507 -0.1637 -0.7415
vn -0.9650 0.0284 -0.2609
vn -0.8188 -0.5713 -0.0556
vn -0.6022 -0.7902 -0.1136
vn -0.4737 -0.8318 -0.2893
vn 0.4077 -0.3616 0.8385
vn -0.8515 -0.3300 0.4075
vn -0.4010 -0.8037 -0.4396
vn 0.0474 -0.0538 0.9974
vn -0.2889 -0.6138 -0.7347
vn -0.4205 0.0241 0.9070
vn -0.6506 -0.6804 -0.3373
vn 0.1347 0.6918 0.7095
vn -0.6167 -0.4484 -0.6470
vn -0.6195 -0.4485 -0.6443
vn 0.1475 -0.8076 0.5709
vn -0.2361 0.3757 0.8961
vn 0.2404 0.8442 0.4790
vn -0.0350 0.7157 0.6975
vn 0.5659 0.4144 0.7128
vn 0.5014 0.5585 0.6607
vn 0.6706 0.2180 0.7091
vn 0.9536 0.0785 0.2907
vn 0.9580 0.0773 0.2760
vn 0.9396 -0.2257 0.2573
vn 0.2447 0.8524 0.4620
vn 0.2014 0.1001 0.9744
vn 0.5435 0.8374 0.0577
vn 0.5085 0.5543 0.6589
vn -0.0984 0.9917 -0.0828
vn -0.7638 0.6009 0.2356
vn -0.2051 0.9758 -0.0763
vn -0.5761 0.7073 0.4098
vn -0.3860 0.8998 0.2035
vn -0.1505 0.5305 0.8342
vn 0.2909 0.3939 0.8719
vn 0.1879 0.3746 0.9079
vn 0.1582 0.5758 0.8021
vn -0.1351 0.8445 0.5182
vn -0.9742 -0.2258 -0.0000
vn -0.6780 -0.7033 0.2137
vn 0.1672 -0.9827 -0.0801
vn 0.5060 -0.4667 0.7253
vn 0.4378 -0.5473 0.7133
vn 0.1208 0.0234 -0.9924
vn -0.6918 -0.6900 0.2128
vn -0.2661 -0.1500 -0.9522
vn -0.2257 0.6413 -0.7334
vn -0.8735 -0.0231 -0.4863
vn 0.1647 -0.7252 -0.6686
vn 0.7810 0.1147 -0.6139
vn -0.7012 -0.6842 0.2008
vn 0.9927 0.0379 -0.1148
vn 0.0788 -0.2968 -0.9517
vn 0.3903 -0.5065 0.7688
vn -0.0198 0.4925 -0.8701
vn 0.2485 -0.8596 -0.4464
vn 0.7646 0.5776 -0.2859
vn 0.2792 -0.9598 -0.0268
vn 0.8252 0.3933 -0.4054
vn 0.2264 -0.6149 0.7554
vn 0.6782 0.2712 -0.6830
vn -0.0012 -0.1695 0.9855
vn 0.2091 -0.1095 0.9717
vn 0.0662 -0.8241 0.5626
vn -0.2769 -0.1698 -0.9458
vn -0.6657 0.6874 -0.2903
vn -0.8243 0.2230 -0.5204
vn -0.1330 0.1173 -0.9842
vn -0.9422 -0.0459 0.3319
vn 0.7297 -0.3820 0.5671
vn -0.9659 0.2575 0.0264
vn -0.2016 0.2571 -0.9451
vn 0.2582 0.2055 0.9440
vn -0.3795 -0.2134 -0.9002
vn -0.7334 0.6773 0.0577
vn 0.1694 0.1424 0.9752
vn 0.2766 -0.0638 0.9589
vn -0.4874 -0.3745 0.7887
vn -0.3471 -0.0384 -0.9370
vn 0.8699 -0.0787 0.4869
vn 0.0748 -0.0219 -0.9970
vn 0.3361 -0.1303 0.9328
vn -0.3339 -0.2162 -0.9175
vn -0.0465 -0.2981 -0.9534
vn -0.2772 0.4306 0.8589
vn -0.0191 -0.0694 -0.9974
vn 0.7330 -0.0303 -0.6796
vn 0.1226 -0.4734 0.8723
vn 0.2035 0.7287 0.6539
vn -0.1038 0.4120 0.9053
vn 0.4112 0.4478 0.7940
vn 0.8024 -0.2207 0.5545
vn -0.6918 -0.5531 -0.4643
vn 0.8103 -0.2321 0.5381
vn 0.7941 -0.0629 -0.6045
vn 0.7506 -0.0243 -0.6603
vn 0.4871 -0.7681 -0.4156
vn 0.8741 -0.3718 0.3126
vn -0.2909 0.7052 0.6466
vn -0.1791 -0.1663 -0.9697
vn 0.7553 0.1009 0.6476
vn 0.5468 0.2059 0.8116
vn -0.2450 -0.6664 -0.7042
vn 0.8292 0.5517 0.0904
vn 0.0240 -0.1908 0.9813
vn -0.6276 0.1756 0.7584
vn 0.9653 0.2291 -0.1253
vn 0.3480 -0.8322 -0.4316
vn 0.9827 -0.1827 0.0317
vn 0.6311 -0.4276 -0.6472
vn 0.4378 0.4373 0.7856
vn 0.1294 -0.9894 -0.0659
vn 0.3071 0.3128 0.8988
vn -0.0144 -0.7936 -0.6083
vn 0.9813 -0.1796 0.0686
vn 0.0269 -0.8228 0.5677
vn 0.3251 -0.9387 -0.1151
vn 0.5087 -0.4976 -0.7026
vn 0.3447 0.2965 0.8906
vn 0.4075 0.9124 0.0394
vn 0.9177 -0.0219 0.3968
vn 0.5988 -0.8007 -0.0161
vn 0.6898 -0.6274 0.3613
vn 0.7447 -0.4703 0.4735
vn 0.8971 -0.1212 0.4249
vn -0.3949 -0.8073 -0.4386
vn -0.2937 -0.0868 -0.9520
vn -0.3573 -0.4900 -0.7951
vn -0.5721 -0.7612 -0.3054
vn -0.2232 -0.8780 -0.4235
vn -0.5323 -0.5367 -0.6547
vn -0.2901 0.3416 -0.8940
vn 0.0943 -0.8959 -0.4342
vn -0.6923 0.0894 -0.7160
vn 0.6922 -0.6145 -0.3785
vn -0.7390 -0.3327 -0.5857
vn 0.3185 -0.9433 0.0938
vn -0.9895 -0.1374 0.0444
vn 0.2412 0.5939 -0.7676
vn 0.6138 -0.3521 -0.7066
vn 0.6028 -0.7729 -0.1983
vn -0.0605 -0.0341 -0.9976
vn -0.3843 -0.3263 -0.8636
vn -0.5860 0.1671 -0.7929
vn 0.4922 0.0861 -0.8662
vn 0.5341 0.2117 -0.8185
vn -0.2443 -0.9692 0.0327
vn 0.7296 -0.6457 -0.2251
vn 0.2385 0.3166 -0.9181
vn -0.0417 -0.1175 0.9922
vn 0.4580 -0.3948 -0.7965
vn 0.2449 -0.2899 0.9252
vn 0.1151 0.5587 -0.8214
vn 0.7308 -0.5385 -0.4195
vn 0.9831 0.0648 0.1714
vn -0.6253 -0.4720 -0.6214
vn -0.7384 -0.2564 -0.6237
vn 0.2664 0.8635 0.4283
vn 0.8244 0.2846 0.4893
vn -0.4290 -0.7558 -0.4947
vn 0.8619 -0.0665 0.5027
vn 0.8720 -0.1333 0.4710
vn -0.6440 -0.5839 -0.4942
vn -0.4447 -0.3107 -0.8400
vn 0.2808 0.7627 0.5826
vn 0.3661 0.1330 0.9210
vn 0.8807 0.1427 0.4517
vn 0.9368 0.2533 0.2412
vn 0.8814 0.3477 0.3199
vn 0.6701 -0.0375 0.7413
vn -0.7189 -0.3367 -0.6081
vn -0.5416 -0.6111 -0.5772
vn 0.1861 0.9820 -0.0320
vn -0.3146 -0.5385 -0.7817
vn 0.6403 0.6216 0.4512
vn 0.9170 -0.0879 0.3892
vn 0.9860 0.0447 0.1609
vn 0.3724 0.7478 0.5496
vn 0.4632 0.8848 0.0505
vn 0.8015 0.1635 0.5752
vn 0.6913 0.5235 0.4980
vn 0.6555 0.4383 0.6150
vn 0.6905 -0.3476 0.6344
vn 0.6219 0.6380 0.4540
vn 0.3731 -0.7392 0.5606
vn 0.2296 -0.1970 0.9531
vn 0.0814 0.4352 0.8966
vn 0.0953 0.4777 0.8733
vn 0.2317 0.1379 0.9630
vn -0.2201 -0.2856 0.9327
vn 0.1570 -0.2940 0.9428
vn -0.0550 0.4327 0.8998
vn 0.9503 0.1663 0.2630
vn 0.3918 0.3938 0.8315
vn 0.6657 0.7462 -0.0097
vn 0.6198 -0.5906 0.5168
vn 0.1958 -0.1244 0.9727
vn 0.4378 0.4402 0.7840
vn 0.6920 0.7021 -0.1680
vn 0.9121 0.0944 0.3990
vn 0.7657 0.2652 0.5860
vn 0.6942 -0.0060 0.7197
vn 0.4487 0.8918 0.0575
vn 0.6452 0.0758 0.7602
vn -0.5974 -0.7745 0.2077
vn -0.2621 -0.8430 -0.4697
vn -0.9855 0.1260 -0.1132
vn -0.3674 -0.0889 -0.9258
vn -0.6626 -0.5076 -0.5508
vn 0.0822 -0.8764 -0.4745
vn -0.0329 -0.9697 0.2419
vn 0.9646 -0.2131 -0.1552
vn 0.5343 -0.8308 0.1560
vn 0.0631 -0.9525 0.2980
vn -0.3055 -0.7516 0.5846
vn -0.6819 -0.7314 -0.0055
vn -0.3802 -0.7515 -0.5392
vn -0.0005 -0.0746 0.9972
vn 0.9640 0.1840 -0.1917
vn -0.4361 0.5862 -0.6828
vn -0.2097 0.6824 -0.7002
vn -0.3598 -0.0381 -0.9323
vn -0.1922 0.3939 -0.8988
vn 0.4391 0.8769 -0.1955
vn 0.8808 0.4644 -0.0919
vn 0.2315 0.3138 0.9208
vn -0.0000 -0.2025 0.9793
vn 0.0444 0.6774 -0.7342
vn 0.0439 0.7081 -0.7047
vn 0.8974 0.3870 -0.2120
vn 0.5812 0.3892 0.7146
vn 0.2518 0.9618 -0.1073
vn -0.6407 0.7285 -0.2427
vn 0.7904 -0.4310 0.4352
vn 0.5569 -0.5587 0.6146
vn 0.5830 0.5436 0.6038
vn 0.3888 0.5851 -0.7117
vn 0.6818 0.3453 0.6449
vn 0.3914 0.9073 0.1537
vn 0.0071 -0.2073 0.9782
vn -0.4044 -0.4709 -0.7840
vn -0.4741 -0.5456 -0.6911
vn -0.2977 -0.6552 -0.6943
vn 0.4231 -0.7081 -0.5653
vn 0.6425 -0.4759 -0.6006
vn 0.5280 -0.0346 -0.8486
vn -0.2469 -0.6547 -0.7144
vn -0.4373 -0.3975 -0.8067
vn -0.8330 0.1788 -0.5235
vn -0.5409 -0.0733 -0.8379
vn -0.3918 0.4875 -0.7803
vn -0.7734 -0.3947 -0.4961
vn -0.0963 0.6516 0.7525
vn -0.2298 0.3630 0.9030
vn 0.2373 -0.8800 -0.4115
vn 0.4203 -0.3968 -0.8160
vn -0.2543 -0.3646 -0.8958
vn -0.3456 -0.1650 -0.9238
vn -0.4590 -0.6157 -0.6405
vn 0.2842 0.6061 0.7429
vn -0.1420 -0.9310 0.3363
vn -0.8031 -0.4684 -0.3683
vn -0.5672 -0.3476 -0.7467
vn -0.6110 -0.7265 -0.3144
vn -0.6521 -0.7569 0.0433
vn 0.0768 -0.7265 -0.6829
vn -0.2517 -0.3545 -0.9005
vn -0.5634 -0.4052 -0.7200
vn 0.5895 0.7253 0.3557
vn 0.8465 0.4440 0.2937
vn 0.7752 0.2708 0.5708
vn -0.2797 -0.4695 -0.8375
vn 0.4147 0.4736 0.7770
vn -0.7112 -0.1290 -0.6911
vn -0.0768 -0.0445 -0.9961
vn 0.3774 0.4582 0.8047
vn 0.3992 0.6058 0.6882
vn 0.4466 0.5464 0.7085
vn -0.1361 -0.5857 -0.7990
vn 0.7404 0.3350 0.5828
vn -0.0102 0.5525 0.8334
vn 0.5831 0.5636 0.5851
vn -0.2356 0.5522 0.7997
vn -0.1268 0.0291 0.9915
vn 0.1941 0.5581 0.8067
vn 0.4644 0.6026 0.6490
vn 0.4492 0.6498 0.6132
vn 0.0098 0.6389 0.7692
vn -0.3768 -0.0090 0.9263
vn 0.6577 0.1009 0.7465
vn -0.2921 -0.0562 0.9548
vn 0.3147 -0.0105 0.9491
vn 0.6784 0.5974 0.4275
vn 0.7342 0.2211 0.6419
vn 0.5160 0.2839 0.8082
vn 0.0893 0.7038 0.7048
vn 0.7124 0.6919 0.1171
vn 0.7382 0.5410 0.4029
vn 0.3586 0.3557 -0.8631
vn 0.5118 -0.7288 -0.4549
vn 0.4703 -0.5074 -0.7221
vn 0.6705 -0.5635 -0.4827
vn 0.3099 0.1693 -0.9356
vn 0.7618 -0.1868 -0.6203
vn 0.8220 -0.0155 0.5693
vn 0.3392 -0.8971 -0.2832
vn 0.6233 0.7663 0.1557
vn 0.6107 0.7700 0.1849
vn -0.2713 0.1581 -0.9494
vn -0.0501 -0.3932 -0.9181
vn 0.9984 -0.0314 -0.0465
vn 0.0092 0.6095 -0.7928
vn 0.0819 0.9962 -0.0283
vn -0.0631 0.4784 -0.8759
vn -0.0491 0.6178 -0.7848
vn 0.4338 0.3856 -0.8143
vn 0.5023 -0.8459 -0.1791
vn 0.9746 0.1078 0.1962
vn 0.5491 0.0948 -0.8303
vn 0.1526 0.6569 -0.7384
vn 0.3209 0.5850 -0.7449
vn -0.0805 -0.0591 0.9950
vn -0.4374 0.6449 0.6267
vn -0.4462 0.2769 0.8510
vn -0.2021 0.2353 0.9507
vn 0.7325 0.5403 0.4141
vn 0.5241 0.6910 0.4978
vn -0.7894 -0.4804 -0.3822
vn 0.7267 0.6373 0.2565
vn 0.5426 0.5454 0.6388
vn 0.7832 0.4539 0.4249
vn 0.7796 0.4407 0.4450
vn 0.9817 0.0851 0.1704
vn 0.7895 0.4019 0.4639
vn 0.8145 0.4022 0.4181
vn 0.5993 0.7947 0.0964
vn 0.0356 0.6830 0.7296
vn 0.8033 0.4408 0.4004
vn 0.2434 0.7969 0.5529
vn 0.3955 0.7950 0.4599
vn 0.3263 0.8859 0.3298
vn 0.3784 0.5201 -0.7657
vn 0.8033 -0.0136 -0.5955
vn -0.0890 -0.6617 -0.7444
vn 0.1393 0.5666 -0.8121
vn -0.2647 -0.6335 -0.7270
vn -0.0456 0.4382 -0.8977
vn 0.6626 -0.0410 -0.7478
vn 0.8450 0.0103 -0.5347
vn 0.1340 0.1363 -0.9816
vn -0.5822 -0.3127 -0.7505
vn -0.2697 0.5094 -0.8171
vn -0.6134 -0.4127 -0.6733
vn 0.0286 -0.1385 -0.9900
vn 0.7590 0.3494 -0.5494
vn -0.6568 0.3253 -0.6802
vn -0.7345 -0.0079 -0.6785
vn -0.6198 0.6303 -0.4676
vn 0.1011 0.2103 -0.9724
vn 0.0980 -0.7599 -0.6426
vn 0.8760 -0.3621 -0.3187
vn 0.1962 0.8952 -0.4002
vn -0.5981 0.6669 -0.4445
vn -0.3937 -0.2641 -0.8805
vn -0.5100 0.3124 -0.8014
vn -0.5891 0.0781 -0.8043
vn -0.6145 0.5555 -0.5602
vn -0.6767 0.4886 -0.5507
vn 0.7355 0.0121 -0.6774
vn 0.1304 0.2495 0.9596
vn 0.1404 0.2051 0.9686
vn 0.0480 0.7008 0.7117
vn 0.5868 0.4397 0.6800
vn 0.1390 0.3494 0.9266
vn 0.2362 0.3837 0.8927
vn 0.3965 0.6519 0.6464
vn 0.3997 0.6825 0.6120
vn 0.2946 0.3884 0.8731
vn 0.4258 0.7365 -0.5256
vn 0.4459 0.5874 0.6754
vn 0.5497 0.4799 0.6837
vn 0.0876 0.8902 -0.4471
vn 0.6134 0.4976 0.6133
vn -0.6735 0.6196 -0.4031
vn 0.1684 0.3781 0.9103
vn -0.0943 0.6626 0.7430
vn 0.4342 0.3078 0.8466
vn -0.3718 0.9255 0.0718
vn 0.1228 0.9586 -0.2570
vn 0.1635 0.8698 0.4655
vn -0.1238 0.8725 0.4726
vn 0.5662 0.2898 0.7717
vn -0.4576 0.8727 0.1703
vn 0.8342 0.4397 0.3328
vn 0.3028 0.6313 0.7139
vn 0.1686 0.4480 0.8780
vn 0.2221 0.5784 -0.7849
vn 0.2801 0.8517 0.4429
vn 0.3036 0.8234 0.4795
vn -0.3841 0.5073 0.7714
vn -0.7934 0.1815 -0.5810
vn 0.8488 0.5233 -0.0759
vn -0.4982 0.0001 -0.8671
vn -0.0183 0.0245 -0.9995
vn 0.3286 0.4715 -0.8184
vn -0.2437 0.8357 -0.4922
vn 0.5862 0.5858 0.5596
vn 0.7652 -0.1358 -0.6293
vn 0.2818 0.3933 -0.8751
vn 0.3452 0.7514 0.5624
vn 0.2234 0.5073 -0.8323
vn 0.2064 0.5366 -0.8182
vn 0.7351 0.5868 0.3396
vn 0.7449 -0.6660 -0.0390
vn 0.2398 0.1728 -0.9553
vn 0.2216 0.9143 0.3391
vn 0.1734 0.9782 -0.1145
vn 0.5611 0.4885 0.6682
vn 0.4717 0.7078 0.5259
vn 0.4663 0.4371 0.7691
vn -0.7906 0.6038 0.1019
vn 0.3760 0.7454 0.5504
vn 0.5787 -0.0191 0.8153
vn 0.1735 0.4875 0.8557
vn -0.2904 0.1768 0.9404
vn 0.2789 0.8932 0.3527
vn 0.1528 0.2548 0.9549
vn 0.8061 0.5686 -0.1639
vn 0.9372 0.3213 0.1354
s 0
f 5//1 3//1 4//1
f 4//2 3//2 8//2
f 5//3 4//3 7//3
f 7//4 11//4 10//4
f 11//5 6//5 8//5
f 9//6 11//6 8//6
f 10//7 14//7 13//7
f 10//8 11//8 15//8
f 16//9 11//9 9//9
f 18//10 16//10 12//10
f 12//11 16//11 9//11
f 7//12 10//12 19//12
f 17//13 7//13 19//13
f 10//14 13//14 19//14
f 17//15 19//15 123//15
f 24//16 23//16 25//16
f 33//17 34//17 35//17
f 32//18 38//18 39//18
f 33//19 18//19 34//19
f 40//20 35//20 41//20
f 42//21 36//21 37//21
f 44//22 37//22 31//22
f 32//23 44//23 31//23
f 35//24 34//24 20//24
f 47//25 38//25 46//25
f 34//26 18//26 22//26
f 45//27 20//27 124//27
f 45//28 48//28 35//28
f 49//29 48//29 46//29
f 55//30 53//30 56//30
f 59//31 55//31 56//31
f 61//32 53//32 52//32
f 54//33 60//33 52//33
f 57//34 60//34 54//34
f 30//35 27//35 64//35
f 65//36 27//36 30//36
f 61//37 52//37 65//37
f 61//38 65//38 66//38
f 70//39 57//39 58//39
f 67//40 71//40 70//40
f 71//41 74//41 70//41
f 77//42 71//42 67//42
f 72//43 73//43 75//43
f 77//44 74//44 71//44
f 44//45 39//45 75//45
f 79//46 44//46 75//46
f 73//47 80//47 79//47
f 73//48 76//48 80//48
f 74//49 81//49 76//49
f 77//50 188//50 74//50
f 61//51 66//51 56//51
f 59//52 56//52 63//52
f 82//53 56//53 66//53
f 82//54 66//54 84//54
f 83//55 63//55 82//55
f 83//56 87//56 85//56
f 75//57 39//57 86//57
f 66//58 75//58 86//58
f 84//59 66//59 86//59
f 87//60 84//60 89//60
f 86//61 39//61 51//61
f 88//62 86//62 51//62
f 95//63 94//63 96//63
f 98//64 90//64 128//64
f 99//65 92//65 95//65
f 99//66 100//66 101//66
f 104//67 91//67 90//67
f 102//68 105//68 14//68
f 16//69 106//69 15//69
f 109//70 91//70 108//70
f 108//71 91//71 104//71
f 110//72 104//72 111//72
f 106//73 111//73 102//73
f 112//74 106//74 16//74
f 107//75 112//75 16//75
f 113//76 111//76 106//76
f 114//77 106//77 112//77
f 109//78 93//78 92//78
f 109//79 110//79 115//79
f 115//80 110//80 111//80
f 118//81 119//81 115//81
f 120//82 118//82 116//82
f 121//83 13//83 122//83
f 122//84 13//84 14//84
f 20//85 22//85 124//85
f 104//86 98//86 121//86
f 121//87 122//87 105//87
f 123//88 125//88 126//88
f 127//89 123//89 126//89
f 124//90 17//90 127//90
f 129//91 98//91 128//91
f 126//92 125//92 129//92
f 126//93 130//93 127//93
f 127//94 133//94 124//94
f 164//95 133//95 131//95
f 128//96 90//96 109//96
f 137//97 129//97 128//97
f 126//98 137//98 132//98
f 133//99 127//99 130//99
f 128//100 109//100 134//100
f 135//101 130//101 132//101
f 133//102 130//102 135//102
f 133//103 136//103 131//103
f 128//104 134//104 137//104
f 134//105 99//105 138//105
f 139//106 137//106 138//106
f 132//107 139//107 140//107
f 141//108 135//108 140//108
f 142//109 135//109 141//109
f 136//110 133//110 142//110
f 141//111 140//111 261//111
f 142//112 141//112 261//112
f 103//113 18//113 33//113
f 144//114 42//114 143//114
f 43//115 143//115 42//115
f 40//116 107//116 103//116
f 147//117 146//117 107//117
f 145//118 153//118 149//118
f 114//119 112//119 107//119
f 146//120 114//120 107//120
f 151//121 147//121 152//121
f 149//122 152//122 148//122
f 117//123 114//123 146//123
f 157//124 149//124 153//124
f 158//125 153//125 154//125
f 159//126 117//126 156//126
f 156//127 151//127 159//127
f 161//128 159//128 152//128
f 157//129 162//129 152//129
f 117//130 120//130 116//130
f 120//131 117//131 159//131
f 161//132 120//132 159//132
f 48//133 50//133 46//133
f 47//134 50//134 166//134
f 167//135 47//135 166//135
f 48//136 168//136 169//136
f 168//137 164//137 131//137
f 169//138 173//138 170//138
f 166//139 50//139 171//139
f 166//140 175//140 167//140
f 170//141 172//141 174//141
f 170//142 171//142 165//142
f 174//143 172//143 178//143
f 174//144 176//144 171//144
f 177//145 171//145 176//145
f 174//146 178//146 176//146
f 172//147 136//147 180//147
f 293//148 178//148 182//148
f 79//149 183//149 44//149
f 80//150 183//150 79//150
f 81//151 184//151 80//151
f 188//152 81//152 74//152
f 183//153 145//153 43//153
f 150//154 145//154 185//154
f 185//155 145//155 186//155
f 186//156 183//156 80//156
f 184//157 186//157 80//157
f 191//158 184//158 188//158
f 77//159 190//159 188//159
f 185//160 192//160 150//160
f 193//161 185//161 187//161
f 193//162 194//162 192//162
f 195//163 193//163 190//163
f 155//164 160//164 158//164
f 160//165 155//165 192//165
f 163//166 160//166 194//166
f 195//167 197//167 196//167
f 199//168 198//168 163//168
f 196//169 199//169 163//169
f 88//170 51//170 167//170
f 202//171 89//171 201//171
f 85//172 202//172 203//172
f 204//173 88//173 167//173
f 201//174 88//174 204//174
f 207//175 204//175 175//175
f 202//176 206//176 208//176
f 208//177 209//177 210//177
f 211//178 175//178 177//178
f 212//179 206//179 205//179
f 206//180 212//180 208//180
f 209//181 208//181 212//181
f 205//182 207//182 213//182
f 213//183 207//183 211//183
f 212//184 213//184 209//184
f 215//185 179//185 181//185
f 216//186 211//186 215//186
f 214//187 209//187 217//187
f 214//188 217//188 219//188
f 217//189 213//189 216//189
f 217//190 344//190 219//190
f 96//191 97//191 221//191
f 221//192 226//192 225//192
f 226//193 222//193 223//193
f 227//194 224//194 225//194
f 227//195 100//195 224//195
f 229//196 225//196 228//196
f 230//197 228//197 225//197
f 229//198 228//198 230//198
f 100//199 95//199 221//199
f 234//200 119//200 118//200
f 120//201 234//201 118//201
f 223//202 222//202 235//202
f 119//203 236//203 222//203
f 240//204 236//204 237//204
f 238//205 223//205 235//205
f 240//206 235//206 236//206
f 242//207 238//207 239//207
f 244//208 239//208 240//208
f 241//209 245//209 237//209
f 242//210 230//210 226//210
f 245//211 248//211 240//211
f 250//212 245//212 241//212
f 252//213 229//213 230//213
f 246//214 229//214 252//214
f 252//215 230//215 231//215
f 246//216 252//216 254//216
f 255//217 257//217 251//217
f 255//218 251//218 247//218
f 248//219 255//219 247//219
f 257//220 231//220 251//220
f 255//221 256//221 258//221
f 260//222 139//222 259//222
f 142//223 261//223 264//223
f 138//224 101//224 262//224
f 259//225 262//225 263//225
f 260//226 259//226 263//226
f 264//227 261//227 260//227
f 265//228 101//228 227//228
f 243//229 262//229 265//229
f 263//230 262//230 266//230
f 269//231 264//231 273//231
f 267//232 270//232 273//232
f 271//233 273//233 274//233
f 271//234 275//234 272//234
f 276//235 270//235 254//235
f 274//236 273//236 276//236
f 163//237 278//237 162//237
f 120//238 241//238 234//238
f 279//239 282//239 277//239
f 282//240 281//240 277//240
f 283//241 282//241 279//241
f 281//242 284//242 250//242
f 281//243 250//243 280//243
f 282//244 285//244 281//244
f 284//245 253//245 250//245
f 287//246 284//246 285//246
f 284//247 874//247 253//247
f 287//248 289//248 284//248
f 290//249 288//249 311//249
f 180//250 292//250 178//250
f 180//251 291//251 292//251
f 294//252 182//252 292//252
f 291//253 142//253 264//253
f 292//254 291//254 297//254
f 294//255 297//255 298//255
f 294//256 298//256 293//256
f 293//257 298//257 296//257
f 296//258 348//258 295//258
f 300//259 297//259 299//259
f 298//260 297//260 300//260
f 298//261 300//261 296//261
f 296//262 300//262 310//262
f 301//263 296//263 310//263
f 299//264 302//264 303//264
f 304//265 300//265 303//265
f 310//266 300//266 304//266
f 301//267 310//267 305//267
f 302//268 272//268 306//268
f 307//269 303//269 302//269
f 304//270 303//270 309//270
f 310//271 304//271 309//271
f 282//272 308//272 285//272
f 311//273 282//273 286//273
f 309//274 307//274 315//274
f 309//275 315//275 312//275
f 311//276 288//276 308//276
f 272//277 275//277 313//277
f 314//278 921//278 317//278
f 197//279 318//279 199//279
f 318//280 320//280 319//280
f 197//281 320//281 318//281
f 322//282 197//282 200//282
f 283//283 279//283 278//283
f 321//284 324//284 320//284
f 325//285 322//285 200//285
f 326//286 283//286 323//286
f 324//287 327//287 326//287
f 329//288 324//288 322//288
f 330//289 322//289 325//289
f 327//290 331//290 326//290
f 328//291 332//291 327//291
f 334//292 333//292 328//292
f 334//293 329//293 330//293
f 332//294 331//294 327//294
f 335//295 332//295 328//295
f 333//296 335//296 328//296
f 334//297 336//297 333//297
f 334//298 330//298 337//298
f 338//299 290//299 331//299
f 338//300 331//300 332//300
f 335//301 339//301 332//301
f 336//302 340//302 335//302
f 342//303 181//303 295//303
f 319//304 198//304 318//304
f 218//305 343//305 216//305
f 344//306 216//306 343//306
f 220//307 219//307 347//307
f 319//308 341//308 198//308
f 349//309 343//309 342//309
f 344//310 343//310 345//310
f 347//311 344//311 346//311
f 319//312 323//312 341//312
f 351//313 345//313 350//313
f 349//314 356//314 353//314
f 354//315 350//315 353//315
f 301//316 305//316 356//316
f 314//317 305//317 312//317
f 358//318 354//318 353//318
f 351//319 359//319 355//319
f 357//320 355//320 359//320
f 358//321 356//321 314//321
f 354//322 358//322 359//322
f 360//323 314//323 317//323
f 358//324 360//324 361//324
f 362//325 358//325 361//325
f 359//326 362//326 363//326
f 359//327 363//327 364//327
f 357//328 364//328 365//328
f 367//329 366//329 368//329
f 374//330 2//330 371//330
f 371//331 373//331 375//331
f 371//332 375//332 372//332
f 377//333 371//333 372//333
f 378//334 372//334 375//334
f 382//335 379//335 381//335
f 369//336 370//336 383//336
f 380//337 384//337 379//337
f 384//338 380//338 382//338
f 386//339 385//339 387//339
f 388//340 389//340 390//340
f 387//341 385//341 386//341
f 391//342 2//342 1//342
f 374//343 391//343 1//343
f 377//344 376//344 371//344
f 2//345 391//345 392//345
f 376//346 399//346 374//346
f 392//347 399//347 398//347
f 402//348 62//348 398//348
f 398//349 399//349 402//349
f 401//350 405//350 406//350
f 402//351 399//351 409//351
f 410//352 399//352 403//352
f 404//353 411//353 395//353
f 410//354 403//354 395//354
f 410//355 405//355 412//355
f 413//356 410//356 411//356
f 413//357 405//357 410//357
f 402//358 77//358 67//358
f 416//359 415//359 409//359
f 417//360 409//360 410//360
f 415//361 78//361 77//361
f 416//362 423//362 78//362
f 446//363 417//363 420//363
f 428//364 419//364 427//364
f 77//365 78//365 430//365
f 423//366 416//366 430//366
f 431//367 430//367 432//367
f 424//368 430//368 416//368
f 433//369 432//369 425//369
f 426//370 420//370 434//370
f 426//371 435//371 446//371
f 421//372 436//372 434//372
f 436//373 429//373 437//373
f 436//374 421//374 429//374
f 378//375 396//375 377//375
f 378//376 393//376 439//376
f 438//377 398//377 400//377
f 400//378 394//378 393//378
f 394//379 400//379 439//379
f 404//380 397//380 439//380
f 439//381 400//381 404//381
f 401//382 406//382 408//382
f 455//383 401//383 408//383
f 440//384 442//384 404//384
f 404//385 442//385 413//385
f 443//386 406//386 413//386
f 83//387 85//387 444//387
f 443//388 419//388 422//388
f 422//389 408//389 443//389
f 442//390 445//390 448//390
f 427//391 419//391 446//391
f 448//392 425//392 446//392
f 435//393 448//393 449//393
f 446//394 435//394 449//394
f 428//395 427//395 449//395
f 459//396 456//396 457//396
f 459//397 454//397 460//397
f 461//398 459//398 462//398
f 465//399 462//399 459//399
f 464//400 462//400 452//400
f 465//401 463//401 453//401
f 466//402 463//402 460//402
f 466//403 452//403 453//403
f 456//404 467//404 468//404
f 470//405 469//405 468//405
f 471//406 458//406 408//406
f 470//407 467//407 462//407
f 472//408 459//408 463//408
f 474//409 469//409 473//409
f 474//410 458//410 471//410
f 475//411 459//411 470//411
f 463//412 475//412 472//412
f 476//413 464//413 452//413
f 466//414 475//414 476//414
f 466//415 460//415 473//415
f 466//416 476//416 452//416
f 468//417 477//417 407//417
f 482//418 414//418 407//418
f 477//419 482//419 407//419
f 478//420 408//420 422//420
f 485//421 479//421 484//421
f 488//422 485//422 486//422
f 481//423 485//423 488//423
f 487//424 485//424 496//424
f 489//425 488//425 486//425
f 492//426 422//426 428//426
f 485//427 484//427 502//427
f 485//428 493//428 494//428
f 485//429 494//429 486//429
f 487//430 502//430 484//430
f 496//431 502//431 487//431
f 489//432 497//432 488//432
f 498//433 429//433 482//433
f 498//434 482//434 491//434
f 499//435 491//435 483//435
f 492//436 499//436 483//436
f 494//437 493//437 500//437
f 500//438 498//438 491//438
f 500//439 491//439 499//439
f 495//440 500//440 499//440
f 591//441 499//441 492//441
f 593//442 493//442 501//442
f 500//443 495//443 494//443
f 495//444 503//444 494//444
f 596//445 486//445 503//445
f 505//446 502//446 496//446
f 596//447 497//447 489//447
f 507//448 506//448 508//448
f 508//449 506//449 507//449
f 512//450 509//450 510//450
f 510//451 509//451 512//451
f 513//452 77//452 430//452
f 431//453 432//453 515//453
f 433//454 426//454 515//454
f 433//455 425//455 435//455
f 426//456 434//456 515//456
f 189//457 77//457 513//457
f 431//458 514//458 513//458
f 434//459 516//459 515//459
f 521//460 517//460 518//460
f 516//461 520//461 514//461
f 520//462 516//462 517//462
f 521//463 520//463 517//463
f 526//464 189//464 520//464
f 527//465 520//465 524//465
f 523//466 200//466 189//466
f 529//467 527//467 524//467
f 690//468 526//468 527//468
f 445//469 203//469 534//469
f 445//470 534//470 532//470
f 450//471 533//471 428//471
f 537//472 449//472 532//472
f 450//473 537//473 533//473
f 203//474 208//474 210//474
f 538//475 534//475 210//475
f 536//476 535//476 540//476
f 532//477 536//477 540//477
f 533//478 537//478 539//478
f 538//479 540//479 535//479
f 537//480 541//480 542//480
f 543//481 519//481 539//481
f 539//482 537//482 542//482
f 210//483 209//483 544//483
f 541//484 544//484 545//484
f 542//485 541//485 545//485
f 546//486 543//486 539//486
f 544//487 214//487 547//487
f 546//488 525//488 543//488
f 547//489 214//489 548//489
f 549//490 545//490 550//490
f 554//491 546//491 549//491
f 214//492 220//492 551//492
f 552//493 214//493 551//493
f 549//494 550//494 727//494
f 557//495 559//495 556//495
f 559//496 558//496 560//496
f 557//497 451//497 559//497
f 559//498 560//498 562//498
f 556//499 562//499 564//499
f 566//500 568//500 561//500
f 564//501 567//501 569//501
f 564//502 569//502 571//502
f 569//503 574//503 573//503
f 569//504 575//504 576//504
f 569//505 570//505 578//505
f 572//506 582//506 583//506
f 584//507 572//507 573//507
f 586//508 573//508 568//508
f 586//509 568//509 575//509
f 587//510 574//510 578//510
f 583//511 582//511 581//511
f 587//512 743//512 574//512
f 593//513 498//513 500//513
f 591//514 594//514 499//514
f 591//515 492//515 590//515
f 495//516 594//516 503//516
f 595//517 555//517 501//517
f 597//518 503//518 594//518
f 505//519 504//519 502//519
f 596//520 598//520 505//520
f 609//521 437//521 601//521
f 601//522 592//522 600//522
f 593//523 601//523 498//523
f 597//524 604//524 596//524
f 598//525 603//525 668//525
f 599//526 518//526 437//526
f 606//527 591//527 590//527
f 608//528 592//528 607//528
f 609//529 601//529 600//529
f 609//530 605//530 599//530
f 608//531 609//531 600//531
f 610//532 605//532 609//532
f 606//533 605//533 610//533
f 561//534 592//534 555//534
f 611//535 609//535 608//535
f 610//536 609//536 611//536
f 612//537 606//537 610//537
f 597//538 612//538 604//538
f 615//539 555//539 595//539
f 616//540 603//540 614//540
f 617//541 556//541 564//541
f 617//542 615//542 595//542
f 605//543 618//543 599//543
f 619//544 605//544 606//544
f 619//545 519//545 522//545
f 611//546 608//546 620//546
f 612//547 610//547 611//547
f 566//548 561//548 613//548
f 614//549 611//549 621//549
f 612//550 611//550 614//550
f 612//551 602//551 604//551
f 622//552 613//552 615//552
f 623//553 615//553 617//553
f 518//554 524//554 521//554
f 618//555 624//555 518//555
f 619//556 618//556 605//556
f 625//557 522//557 525//557
f 611//558 620//558 626//558
f 627//559 566//559 613//559
f 614//560 621//560 616//560
f 622//561 623//561 576//561
f 619//562 629//562 618//562
f 625//563 629//563 619//563
f 630//564 565//564 572//564
f 636//565 629//565 631//565
f 632//566 626//566 636//566
f 626//567 632//567 633//567
f 621//568 626//568 633//568
f 621//569 633//569 634//569
f 529//570 628//570 635//570
f 529//571 524//571 628//571
f 625//572 637//572 629//572
f 636//573 581//573 635//573
f 626//574 583//574 636//574
f 638//575 632//575 631//575
f 633//576 632//576 639//576
f 529//577 635//577 531//577
f 641//578 531//578 635//578
f 643//579 581//579 642//579
f 643//580 641//580 635//580
f 637//581 640//581 774//581
f 644//582 643//582 642//582
f 637//583 638//583 631//583
f 633//584 639//584 645//584
f 634//585 645//585 646//585
f 492//586 533//586 590//586
f 539//587 519//587 590//587
f 533//588 539//588 590//588
f 558//589 451//589 511//589
f 511//590 451//590 557//590
f 648//591 558//591 647//591
f 564//592 562//592 649//592
f 650//593 558//593 648//593
f 649//594 567//594 564//594
f 650//595 563//595 649//595
f 653//596 650//596 654//596
f 654//597 650//597 651//597
f 651//598 650//598 648//598
f 567//599 652//599 570//599
f 656//600 652//600 653//600
f 654//601 656//601 653//601
f 570//602 577//602 578//602
f 658//603 570//603 655//603
f 660//604 655//604 656//604
f 661//605 658//605 655//605
f 660//606 661//606 655//606
f 662//607 656//607 657//607
f 661//608 663//608 658//608
f 666//609 617//609 667//609
f 668//610 617//610 504//610
f 666//611 669//611 647//611
f 666//612 667//612 669//612
f 670//613 667//613 668//613
f 651//614 648//614 669//614
f 668//615 616//615 671//615
f 670//616 671//616 672//616
f 670//617 672//617 673//617
f 670//618 673//618 669//618
f 651//619 669//619 673//619
f 651//620 657//620 654//620
f 651//621 673//621 674//621
f 674//622 665//622 657//622
f 677//623 634//623 646//623
f 675//624 677//624 837//624
f 679//625 678//625 680//625
f 680//626 678//626 679//626
f 682//627 681//627 683//627
f 682//628 683//628 681//628
f 530//629 687//629 200//629
f 688//630 687//630 689//630
f 690//631 530//631 526//631
f 531//632 690//632 529//632
f 687//633 691//633 200//633
f 688//634 692//634 687//634
f 698//635 689//635 693//635
f 690//636 693//636 689//636
f 690//637 695//637 699//637
f 531//638 695//638 690//638
f 691//639 325//639 200//639
f 703//640 693//640 690//640
f 702//641 325//641 696//641
f 696//642 325//642 691//642
f 697//643 696//643 692//643
f 703//644 702//644 696//644
f 703//645 696//645 693//645
f 708//646 699//646 704//646
f 708//647 703//647 699//647
f 704//648 709//648 708//648
f 700//649 711//649 705//649
f 700//650 715//650 711//650
f 707//651 713//651 712//651
f 713//652 707//652 702//652
f 708//653 713//653 702//653
f 716//654 709//654 704//654
f 721//655 710//655 715//655
f 722//656 713//656 714//656
f 714//657 718//657 722//657
f 714//658 709//658 719//658
f 1384//659 337//659 712//659
f 722//660 717//660 713//660
f 800//661 721//661 723//661
f 552//662 551//662 725//662
f 726//663 553//663 550//663
f 727//664 553//664 728//664
f 728//665 640//665 554//665
f 731//666 725//666 724//666
f 724//667 347//667 731//667
f 729//668 692//668 688//668
f 726//669 552//669 730//669
f 728//670 553//670 726//670
f 732//671 347//671 352//671
f 729//672 688//672 698//672
f 726//673 730//673 734//673
f 735//674 726//674 734//674
f 728//675 735//675 694//675
f 733//676 732//676 355//676
f 731//677 732//677 733//677
f 715//678 700//678 735//678
f 715//679 735//679 737//679
f 738//680 355//680 357//680
f 738//681 357//681 365//681
f 738//682 365//682 739//682
f 740//683 734//683 736//683
f 740//684 736//684 739//684
f 739//685 365//685 1409//685
f 740//686 739//686 1409//686
f 741//687 582//687 584//687
f 584//688 742//688 741//688
f 588//689 585//689 743//689
f 744//690 584//690 588//690
f 589//691 746//691 743//691
f 749//692 745//692 742//692
f 748//693 751//693 752//693
f 750//694 746//694 752//694
f 753//695 746//695 750//695
f 755//696 749//696 758//696
f 753//697 750//697 756//697
f 758//698 750//698 759//698
f 760//699 757//699 751//699
f 763//700 754//700 755//700
f 764//701 755//701 758//701
f 759//702 769//702 764//702
f 760//703 765//703 757//703
f 767//704 716//704 762//704
f 767//705 763//705 768//705
f 770//706 769//706 765//706
f 1421//707 769//707 770//707
f 770//708 765//708 766//708
f 641//709 695//709 531//709
f 644//710 642//710 778//710
f 643//711 644//711 775//711
f 744//712 742//712 584//712
f 645//713 639//713 776//713
f 774//714 694//714 701//714
f 642//715 745//715 778//715
f 778//716 783//716 780//716
f 644//717 778//717 780//717
f 787//718 776//718 779//718
f 645//719 776//719 782//719
f 784//720 704//720 695//720
f 784//721 695//721 773//721
f 783//722 784//722 786//722
f 779//723 774//723 785//723
f 786//724 773//724 775//724
f 781//725 749//725 742//725
f 788//726 781//726 782//726
f 790//727 753//727 756//727
f 704//728 783//728 754//728
f 785//729 705//729 791//729
f 792//730 705//730 711//730
f 793//731 779//731 785//731
f 787//732 779//732 793//732
f 756//733 749//733 788//733
f 823//734 789//734 794//734
f 793//735 785//735 791//735
f 796//736 787//736 795//736
f 794//737 789//737 796//737
f 792//738 798//738 791//738
f 799//739 761//739 823//739
f 840//740 796//740 799//740
f 800//741 710//741 721//741
f 797//742 800//742 801//742
f 798//743 802//743 795//743
f 797//744 798//744 792//744
f 799//745 796//745 803//745
f 804//746 802//746 798//746
f 801//747 798//747 797//747
f 1440//748 833//748 799//748
f 1440//749 803//749 1439//749
f 577//750 663//750 805//750
f 807//751 663//751 661//751
f 813//752 660//752 662//752
f 664//753 813//753 662//753
f 663//754 809//754 748//754
f 752//755 663//755 748//755
f 811//756 806//756 810//756
f 813//757 812//757 808//757
f 815//758 813//758 664//758
f 818//759 747//759 753//759
f 811//760 810//760 818//760
f 811//761 818//761 814//761
f 820//762 819//762 808//762
f 817//763 816//763 821//763
f 817//764 821//764 822//764
f 760//765 751//765 809//765
f 818//766 823//766 824//766
f 824//767 812//767 814//767
f 820//768 812//768 825//768
f 828//769 760//769 809//769
f 824//770 823//770 761//770
f 828//771 809//771 819//771
f 824//772 830//772 812//772
f 826//773 829//773 819//773
f 829//774 831//774 828//774
f 830//775 824//775 827//775
f 826//776 832//776 831//776
f 826//777 830//777 832//777
f 828//778 766//778 760//778
f 834//779 766//779 831//779
f 833//780 1449//780 832//780
f 1449//781 831//781 832//781
f 835//782 777//782 806//782
f 837//783 677//783 836//783
f 837//784 835//784 838//784
f 839//785 837//785 838//785
f 837//786 839//786 676//786
f 664//787 839//787 838//787
f 777//788 747//788 810//788
f 836//789 777//789 835//789
f 836//790 782//790 777//790
f 835//791 806//791 811//791
f 814//792 835//792 811//792
f 838//793 814//793 815//793
f 790//794 823//794 818//794
f 840//795 823//795 794//795
f 840//796 799//796 823//796
f 799//797 833//797 761//797
f 772//798 833//798 1440//798
f 821//799 816//799 841//799
f 817//800 841//800 816//800
f 822//801 821//801 843//801
f 231//802 233//802 849//802
f 232//803 231//803 849//803
f 845//804 844//804 847//804
f 849//805 845//805 847//805
f 846//806 848//806 844//806
f 851//807 847//807 844//807
f 849//808 847//808 852//808
f 852//809 855//809 857//809
f 856//810 848//810 853//810
f 857//811 855//811 859//811
f 862//812 860//812 861//812
f 862//813 861//813 863//813
f 866//814 864//814 862//814
f 866//815 862//815 863//815
f 868//816 867//816 860//816
f 987//817 865//817 866//817
f 257//818 869//818 233//818
f 870//819 869//819 257//819
f 254//820 252//820 232//820
f 258//821 257//821 255//821
f 871//822 258//822 256//822
f 871//823 256//823 249//823
f 253//824 871//824 249//824
f 853//825 848//825 869//825
f 869//826 848//826 846//826
f 872//827 232//827 850//827
f 873//828 870//828 258//828
f 875//829 853//829 869//829
f 875//830 869//830 870//830
f 873//831 875//831 870//831
f 871//832 873//832 258//832
f 873//833 879//833 875//833
f 881//834 873//834 871//834
f 878//835 877//835 874//835
f 879//836 859//836 858//836
f 878//837 882//837 877//837
f 880//838 859//838 879//838
f 857//839 859//839 883//839
f 876//840 887//840 879//840
f 877//841 888//841 881//841
f 885//842 882//842 878//842
f 897//843 883//843 886//843
f 887//844 883//844 880//844
f 889//845 888//845 877//845
f 884//846 889//846 877//846
f 886//847 883//847 887//847
f 890//848 889//848 884//848
f 891//849 890//849 892//849
f 274//850 276//850 893//850
f 275//851 274//851 893//851
f 276//852 872//852 894//852
f 893//853 276//853 894//853
f 893//854 894//854 895//854
f 313//855 893//855 895//855
f 898//856 894//856 872//856
f 896//857 894//857 898//857
f 898//858 872//858 897//858
f 895//859 899//859 900//859
f 897//860 854//860 857//860
f 899//861 896//861 901//861
f 899//862 901//862 904//862
f 903//863 897//863 902//863
f 901//864 903//864 904//864
f 899//865 904//865 905//865
f 902//866 897//866 886//866
f 909//867 902//867 886//867
f 905//868 904//868 907//868
f 1073//869 903//869 909//869
f 904//870 903//870 1073//870
f 874//871 877//871 253//871
f 874//872 289//872 910//872
f 912//873 910//873 288//873
f 911//874 288//874 290//874
f 913//875 885//875 874//875
f 885//876 878//876 874//876
f 914//877 913//877 912//877
f 911//878 914//878 912//878
f 917//879 913//879 914//879
f 915//880 918//880 916//880
f 306//881 313//881 919//881
f 920//882 306//882 919//882
f 315//883 920//883 921//883
f 317//884 921//884 923//884
f 922//885 313//885 895//885
f 920//886 922//886 923//886
f 922//887 900//887 924//887
f 925//888 922//888 924//888
f 923//889 925//889 926//889
f 923//890 922//890 925//890
f 923//891 926//891 927//891
f 317//892 923//892 928//892
f 926//893 925//893 924//893
f 928//894 927//894 929//894
f 928//895 929//895 931//895
f 932//896 924//896 905//896
f 926//897 932//897 933//897
f 929//898 933//898 930//898
f 937//899 933//899 935//899
f 934//900 930//900 933//900
f 916//901 892//901 906//901
f 908//902 907//902 939//902
f 940//903 938//903 934//903
f 338//904 911//904 290//904
f 942//905 941//905 338//905
f 335//906 340//906 943//906
f 943//907 339//907 335//907
f 336//908 945//908 340//908
f 340//909 944//909 947//909
f 943//910 340//910 947//910
f 949//911 945//911 946//911
f 942//912 951//912 941//912
f 952//913 948//913 949//913
f 951//914 947//914 953//914
f 952//915 947//915 948//915
f 955//916 952//916 949//916
f 951//917 953//917 956//917
f 956//918 950//918 951//918
f 958//919 953//919 952//919
f 953//920 958//920 957//920
f 953//921 957//921 956//921
f 959//922 914//922 956//922
f 957//923 959//923 956//923
f 961//924 963//924 960//924
f 961//925 958//925 952//925
f 962//926 952//926 954//926
f 960//927 963//927 959//927
f 961//928 964//928 963//928
f 361//929 360//929 966//929
f 360//930 317//930 966//930
f 361//931 966//931 970//931
f 967//932 361//932 970//932
f 362//933 361//933 967//933
f 968//934 362//934 967//934
f 972//935 967//935 971//935
f 969//936 968//936 972//936
f 931//937 317//937 928//937
f 970//938 966//938 931//938
f 972//939 971//939 973//939
f 970//940 931//940 975//940
f 971//941 975//941 976//941
f 973//942 976//942 977//942
f 977//943 974//943 973//943
f 980//944 975//944 979//944
f 976//945 975//945 980//945
f 982//946 974//946 977//946
f 934//947 938//947 979//947
f 979//948 938//948 984//948
f 976//949 980//949 985//949
f 981//950 985//950 986//950
f 983//951 977//951 986//951
f 861//952 860//952 991//952
f 1000//953 861//953 991//953
f 863//954 861//954 1000//954
f 995//955 988//955 863//955
f 989//956 987//956 988//956
f 860//957 992//957 991//957
f 992//958 867//958 993//958
f 863//959 1000//959 994//959
f 868//960 993//960 867//960
f 863//961 994//961 995//961
f 993//962 868//962 987//962
f 991//963 992//963 999//963
f 992//964 993//964 1001//964
f 996//965 1002//965 987//965
f 995//966 994//966 996//966
f 997//967 995//967 996//967
f 1002//968 1001//968 993//968
f 1004//969 994//969 1003//969
f 1008//970 999//970 1007//970
f 1007//971 999//971 1001//971
f 1009//972 1007//972 1010//972
f 1010//973 1001//973 1002//973
f 1005//974 1011//974 1010//974
f 1005//975 1010//975 1004//975
f 1005//976 1003//976 1014//976
f 1006//977 1005//977 1014//977
f 1007//978 1009//978 1015//978
f 1008//979 1007//979 1015//979
f 1011//980 1009//980 1010//980
f 1003//981 1016//981 1018//981
f 1017//982 1009//982 1012//982
f 1014//983 1003//983 1018//983
f 1019//984 1008//984 1022//984
f 1024//985 1019//985 1022//985
f 1018//986 1019//986 1024//986
f 1021//987 1018//987 1024//987
f 1025//988 1020//988 1057//988
f 1025//989 1024//989 1023//989
f 886//990 1027//990 1029//990
f 1028//991 1026//991 887//991
f 888//992 1028//992 887//992
f 1030//993 888//993 889//993
f 1031//994 889//994 890//994
f 1027//995 990//995 1032//995
f 1026//996 1028//996 1033//996
f 1034//997 1028//997 1030//997
f 1042//998 1030//998 1031//998
f 1027//999 996//999 989//999
f 1036//1000 996//1000 1035//1000
f 1036//1001 998//1001 997//1001
f 1038//1002 1037//1002 1033//1002
f 1034//1003 1038//1003 1028//1003
f 1041//1004 1030//1004 1042//1004
f 1035//1005 1012//1005 1013//1005
f 1044//1006 1037//1006 1045//1006
f 1029//1007 1036//1007 1046//1007
f 1034//1008 1045//1008 1038//1008
f 1040//1009 1046//1009 1048//1009
f 1041//1010 1047//1010 1034//1010
f 1049//1011 1041//1011 1042//1011
f 1043//1012 1049//1012 1042//1012
f 1037//1013 1050//1013 1012//1013
f 1044//1014 1050//1014 1037//1014
f 1052//1015 1051//1015 1044//1015
f 1045//1016 1052//1016 1044//1016
f 1055//1017 1048//1017 1054//1017
f 1058//1018 1012//1018 1050//1018
f 1059//1019 1014//1019 1018//1019
f 1051//1020 1058//1020 1044//1020
f 1051//1021 1014//1021 1059//1021
f 1061//1022 1059//1022 1062//1022
f 1053//1023 1061//1023 1062//1023
f 1061//1024 1045//1024 1063//1024
f 1063//1025 1045//1025 1047//1025
f 1054//1026 1046//1026 1053//1026
f 1065//1027 1018//1027 1021//1027
f 1060//1028 1058//1028 1061//1028
f 1060//1029 1069//1029 1025//1029
f 1060//1030 1063//1030 1066//1030
f 1053//1031 1062//1031 1065//1031
f 1064//1032 1054//1032 1065//1032
f 1068//1033 1049//1033 1056//1033
f 1069//1034 1024//1034 1025//1034
f 1069//1035 1021//1035 1024//1035
f 1070//1036 1065//1036 1021//1036
f 1060//1037 1066//1037 1070//1037
f 1065//1038 1070//1038 1071//1038
f 1067//1039 1066//1039 1063//1039
f 909//1040 1029//1040 1039//1040
f 1073//1041 909//1041 1039//1041
f 907//1042 1073//1042 1074//1042
f 1073//1043 1039//1043 1076//1043
f 1040//1044 1076//1044 1039//1044
f 1076//1045 1075//1045 1074//1045
f 1078//1046 1075//1046 1077//1046
f 1077//1047 1040//1047 1055//1047
f 1077//1048 1064//1048 1079//1048
f 1064//1049 1080//1049 1081//1049
f 1080//1050 1064//1050 1071//1050
f 918//1051 891//1051 892//1051
f 918//1052 892//1052 916//1052
f 917//1053 1083//1053 915//1053
f 891//1054 1042//1054 1031//1054
f 1082//1055 891//1055 918//1055
f 1131//1056 1083//1056 917//1056
f 1131//1057 1085//1057 1083//1057
f 1082//1058 1086//1058 1043//1058
f 1084//1059 1087//1059 1082//1059
f 1084//1060 1083//1060 1085//1060
f 1088//1061 1091//1061 1087//1061
f 1088//1062 1085//1062 1092//1062
f 1088//1063 1084//1063 1085//1063
f 1093//1064 1056//1064 1089//1064
f 1090//1065 1093//1065 1089//1065
f 1094//1066 1091//1066 1092//1066
f 1068//1067 1093//1067 1072//1067
f 1090//1068 1095//1068 1093//1068
f 1097//1069 1090//1069 1089//1069
f 1094//1070 1099//1070 1091//1070
f 935//1071 939//1071 1100//1071
f 939//1072 1074//1072 1101//1072
f 937//1073 1100//1073 1102//1073
f 1100//1074 1106//1074 1104//1074
f 1102//1075 1104//1075 1105//1075
f 1104//1076 1106//1076 1110//1076
f 1108//1077 1075//1077 1078//1077
f 1109//1078 1101//1078 1108//1078
f 1110//1079 1106//1079 1109//1079
f 1112//1080 1104//1080 1111//1080
f 1116//1081 1105//1081 1112//1081
f 1108//1082 1078//1082 1113//1082
f 1115//1083 1109//1083 1113//1083
f 1112//1084 1111//1084 1115//1084
f 1114//1085 1079//1085 1117//1085
f 1114//1086 1113//1086 1079//1086
f 1115//1087 1114//1087 1117//1087
f 1119//1088 1115//1088 1118//1088
f 1117//1089 1079//1089 1080//1089
f 1096//1090 1117//1090 1212//1090
f 1098//1091 1117//1091 1096//1091
f 1098//1092 1118//1092 1117//1092
f 1123//1093 1120//1093 1121//1093
f 1121//1094 1125//1094 1123//1094
f 1123//1095 1124//1095 1122//1095
f 1127//1096 963//1096 1128//1096
f 1126//1097 1131//1097 917//1097
f 1132//1098 1126//1098 1127//1098
f 1135//1099 1129//1099 962//1099
f 1139//1100 1128//1100 1140//1100
f 1133//1101 1137//1101 1141//1101
f 1142//1102 1133//1102 1141//1102
f 1143//1103 1134//1103 1142//1103
f 1144//1104 1136//1104 1131//1104
f 1145//1105 1149//1105 1136//1105
f 1145//1106 1144//1106 1146//1106
f 1129//1107 1147//1107 1140//1107
f 1149//1108 1085//1108 1136//1108
f 1151//1109 1149//1109 1138//1109
f 1151//1110 1140//1110 1147//1110
f 1151//1111 1138//1111 1140//1111
f 1141//1112 1146//1112 1172//1112
f 1148//1113 1142//1113 1150//1113
f 1154//1114 1092//1114 1149//1114
f 1147//1115 1152//1115 1151//1115
f 1120//1116 1122//1116 1152//1116
f 1154//1117 1151//1117 1152//1117
f 1154//1118 1149//1118 1151//1118
f 1122//1119 1155//1119 1152//1119
f 1160//1120 1157//1120 1156//1120
f 1157//1121 1160//1121 1153//1121
f 1152//1122 1159//1122 1154//1122
f 1152//1123 1155//1123 1159//1123
f 1160//1124 1156//1124 1299//1124
f 1160//1125 1158//1125 1153//1125
f 1161//1126 1158//1126 1160//1126
f 940//1127 1162//1127 938//1127
f 985//1128 980//1128 984//1128
f 986//1129 985//1129 1163//1129
f 1165//1130 965//1130 986//1130
f 1162//1131 940//1131 1102//1131
f 1163//1132 1132//1132 1133//1132
f 1163//1133 985//1133 1166//1133
f 1164//1134 1134//1134 1165//1134
f 1164//1135 1165//1135 1163//1135
f 1165//1136 1134//1136 1130//1136
f 1167//1137 1103//1137 1105//1137
f 1168//1138 1144//1138 1132//1138
f 1167//1139 1105//1139 1170//1139
f 1167//1140 1169//1140 1168//1140
f 1170//1141 1105//1141 1116//1141
f 1172//1142 1168//1142 1169//1142
f 1141//1143 1172//1143 1150//1143
f 1171//1144 1170//1144 1116//1144
f 1150//1145 1157//1145 1153//1145
f 1157//1146 1174//1146 1156//1146
f 1172//1147 1173//1147 1174//1147
f 1175//1148 1116//1148 1119//1148
f 1174//1149 1173//1149 1175//1149
f 1024//1150 1022//1150 1023//1150
f 1177//1151 1176//1151 1178//1151
f 1180//1152 1181//1152 1185//1152
f 1067//1153 1181//1153 1066//1153
f 1067//1154 1179//1154 1181//1154
f 1187//1155 1180//1155 1185//1155
f 1071//1156 1180//1156 1187//1156
f 1182//1157 1071//1157 1187//1157
f 1183//1158 1072//1158 1188//1158
f 1189//1159 1182//1159 1187//1159
f 1185//1160 1190//1160 1192//1160
f 1191//1161 1192//1161 1184//1161
f 1194//1162 1185//1162 1192//1162
f 1186//1163 1193//1163 1191//1163
f 1195//1164 1186//1164 1188//1164
f 1191//1165 1199//1165 1196//1165
f 1194//1166 1191//1166 1196//1166
f 1197//1167 1193//1167 1186//1167
f 1195//1168 1198//1168 1197//1168
f 1189//1169 1187//1169 1228//1169
f 1199//1170 1193//1170 1197//1170
f 1197//1171 1200//1171 1196//1171
f 1194//1172 1200//1172 1204//1172
f 1201//1173 1194//1173 1204//1173
f 1202//1174 1201//1174 1204//1174
f 1204//1175 1200//1175 1198//1175
f 1202//1176 1203//1176 1201//1176
f 1206//1177 1203//1177 1202//1177
f 1209//1178 1207//1178 1210//1178
f 1211//1179 1072//1179 1093//1179
f 1098//1180 1096//1180 1217//1180
f 1218//1181 1214//1181 1099//1181
f 1097//1182 1216//1182 1215//1182
f 1097//1183 1099//1183 1216//1183
f 1220//1184 1094//1184 1218//1184
f 1094//1185 1220//1185 1099//1185
f 1212//1186 1189//1186 1221//1186
f 1216//1187 1214//1187 1215//1187
f 1217//1188 1223//1188 1224//1188
f 1222//1189 1213//1189 1218//1189
f 1211//1190 1227//1190 1188//1190
f 1222//1191 1229//1191 1227//1191
f 1226//1192 1217//1192 1237//1192
f 1227//1193 1233//1193 1195//1193
f 1236//1194 1230//1194 1222//1194
f 1235//1195 1231//1195 1224//1195
f 1231//1196 1235//1196 1237//1196
f 1238//1197 1228//1197 1201//1197
f 1234//1198 1228//1198 1238//1198
f 1234//1199 1238//1199 1241//1199
f 1241//1200 1240//1200 1235//1200
f 1244//1201 1229//1201 1243//1201
f 1236//1202 1243//1202 1230//1202
f 1236//1203 1207//1203 1243//1203
f 1208//1204 1207//1204 1236//1204
f 1237//1205 1246//1205 1247//1205
f 1239//1206 1206//1206 1202//1206
f 1248//1207 1240//1207 1238//1207
f 1233//1208 1249//1208 1239//1208
f 1242//1209 1240//1209 1239//1209
f 1242//1210 1249//1210 1250//1210
f 1244//1211 1250//1211 1229//1211
f 1252//1212 1245//1212 1235//1212
f 1253//1213 1244//1213 1251//1213
f 1254//1214 1245//1214 1244//1214
f 1246//1215 1245//1215 1254//1215
f 1246//1216 1256//1216 1247//1216
f 1205//1217 1206//1217 1248//1217
f 1251//1218 1207//1218 1209//1218
f 1245//1219 1255//1219 1244//1219
f 1257//1220 1250//1220 1255//1220
f 1252//1221 1257//1221 1255//1221
f 1258//1222 1253//1222 1209//1222
f 1080//1223 1182//1223 1212//1223
f 1219//1224 1118//1224 1098//1224
f 1119//1225 1219//1225 1297//1225
f 1125//1226 1261//1226 1124//1226
f 1266//1227 1261//1227 1125//1227
f 1263//1228 1270//1228 1265//1228
f 1273//1229 1263//1229 1261//1229
f 1272//1230 1263//1230 1273//1230
f 1267//1231 1266//1231 1268//1231
f 1268//1232 1266//1232 1262//1232
f 1265//1233 1208//1233 1232//1233
f 1271//1234 1270//1234 1263//1234
f 1276//1235 1266//1235 1274//1235
f 1269//1236 1267//1236 1275//1236
f 1278//1237 1274//1237 1277//1237
f 1285//1238 1274//1238 1269//1238
f 1280//1239 1281//1239 1282//1239
f 1282//1240 1208//1240 1270//1240
f 1283//1241 1288//1241 1272//1241
f 1278//1242 1277//1242 1286//1242
f 1276//1243 1284//1243 1283//1243
f 1276//1244 1283//1244 1272//1244
f 1277//1245 1285//1245 1286//1245
f 1278//1246 1284//1246 1276//1246
f 1281//1247 1210//1247 1207//1247
f 1287//1248 1280//1248 1282//1248
f 1284//1249 1286//1249 1289//1249
f 1293//1250 1210//1250 1281//1250
f 1287//1251 1293//1251 1281//1251
f 1294//1252 1287//1252 1288//1252
f 1295//1253 1288//1253 1283//1253
f 1292//1254 1290//1254 1289//1254
f 1159//1255 1296//1255 1218//1255
f 1159//1256 1155//1256 1260//1256
f 1260//1257 1155//1257 1122//1257
f 1161//1258 1160//1258 1300//1258
f 1161//1259 1300//1259 1301//1259
f 1298//1260 1297//1260 1304//1260
f 1298//1261 1306//1261 1299//1261
f 1300//1262 1160//1262 1306//1262
f 1300//1263 1307//1263 1301//1263
f 1309//1264 1232//1264 1225//1264
f 1311//1265 1237//1265 1310//1265
f 1311//1266 1226//1266 1237//1266
f 1303//1267 1310//1267 1312//1267
f 1311//1268 1303//1268 1312//1268
f 1304//1269 1311//1269 1314//1269
f 1305//1270 1314//1270 1312//1270
f 1315//1271 1305//1271 1313//1271
f 1312//1272 1310//1272 1318//1272
f 1320//1273 1313//1273 1318//1273
f 1315//1274 1313//1274 1321//1274
f 1315//1275 1322//1275 1316//1275
f 1315//1276 1321//1276 1322//1276
f 1322//1277 1321//1277 1327//1277
f 1284//1278 1326//1278 1283//1278
f 1279//1279 1326//1279 1284//1279
f 1323//1280 1326//1280 1279//1280
f 1324//1281 1319//1281 1322//1281
f 1259//1282 1247//1282 1256//1282
f 1320//1283 1247//1283 1259//1283
f 1325//1284 1320//1284 1330//1284
f 1327//1285 1321//1285 1325//1285
f 1328//1286 1327//1286 1323//1286
f 1324//1287 1328//1287 1323//1287
f 1259//1288 1258//1288 1329//1288
f 1330//1289 1320//1289 1329//1289
f 1326//1290 1295//1290 1283//1290
f 1331//1291 1297//1291 1298//1291
f 1331//1292 1156//1292 1174//1292
f 1333//1293 1210//1293 1334//1293
f 1345//1294 1209//1294 1333//1294
f 1332//1295 1334//1295 1337//1295
f 1332//1296 1338//1296 1339//1296
f 1340//1297 1332//1297 1339//1297
f 1338//1298 1337//1298 1335//1298
f 1343//1299 1339//1299 1341//1299
f 1343//1300 1342//1300 1339//1300
f 1258//1301 1345//1301 1346//1301
f 1346//1302 1345//1302 1340//1302
f 1340//1303 1342//1303 1347//1303
f 1348//1304 1347//1304 1342//1304
f 1359//1305 1335//1305 1336//1305
f 1294//1306 1293//1306 1287//1306
f 1359//1307 1336//1307 1351//1307
f 1354//1308 1351//1308 1355//1308
f 1355//1309 1293//1309 1294//1309
f 1350//1310 1349//1310 1357//1310
f 1361//1311 1354//1311 1355//1311
f 1357//1312 1349//1312 1350//1312
f 1363//1313 1359//1313 1351//1313
f 1353//1314 1363//1314 1351//1314
f 1354//1315 1360//1315 1353//1315
f 1361//1316 1352//1316 1360//1316
f 1362//1317 1356//1317 1358//1317
f 1365//1318 1364//1318 1341//1318
f 1360//1319 1352//1319 1364//1319
f 1365//1320 1344//1320 1363//1320
f 1366//1321 1365//1321 1363//1321
f 1367//1322 1258//1322 1346//1322
f 1329//1323 1258//1323 1367//1323
f 1329//1324 1295//1324 1330//1324
f 1355//1325 1329//1325 1352//1325
f 1348//1326 1343//1326 1364//1326
f 1367//1327 1348//1327 1352//1327
f 1368//1328 1369//1328 716//1328
f 1372//1329 1369//1329 1370//1329
f 1375//1330 1380//1330 1374//1330
f 1377//1331 1382//1331 1375//1331
f 1381//1332 1383//1332 1379//1332
f 946//1333 336//1333 1384//1333
f 718//1334 716//1334 1369//1334
f 1391//1335 720//1335 1385//1335
f 1387//1336 946//1336 1386//1336
f 717//1337 1388//1337 1384//1337
f 1391//1338 1385//1338 1390//1338
f 1391//1339 1392//1339 1393//1339
f 1437//1340 723//1340 1393//1340
f 1388//1341 1394//1341 1384//1341
f 1396//1342 1394//1342 954//1342
f 1396//1343 954//1343 955//1343
f 1373//1344 1369//1344 1372//1344
f 1395//1345 1369//1345 1373//1345
f 1392//1346 1415//1346 1399//1346
f 1397//1347 1393//1347 1399//1347
f 1398//1348 1394//1348 1388//1348
f 1376//1349 1388//1349 1373//1349
f 1398//1350 1388//1350 1401//1350
f 1401//1351 1388//1351 1376//1351
f 1401//1352 962//1352 1398//1352
f 1407//1353 1402//1353 1405//1353
f 1408//1354 1402//1354 1407//1354
f 1404//1355 1403//1355 1408//1355
f 1410//1356 365//1356 364//1356
f 1385//1357 720//1357 740//1357
f 1412//1358 1411//1358 1410//1358
f 1413//1359 1392//1359 1391//1359
f 1390//1360 1411//1360 1414//1360
f 1414//1361 1411//1361 1412//1361
f 1413//1362 1415//1362 1392//1362
f 1414//1363 1412//1363 978//1363
f 982//1364 983//1364 1416//1364
f 1416//1365 1402//1365 978//1365
f 1405//1366 983//1366 986//1366
f 983//1367 1405//1367 1416//1367
f 1368//1368 716//1368 767//1368
f 769//1369 1419//1369 768//1369
f 771//1370 1422//1370 1421//1370
f 1417//1371 1424//1371 1368//1371
f 1420//1372 1425//1372 1418//1372
f 1422//1373 1428//1373 1421//1373
f 1424//1374 1371//1374 1368//1374
f 1420//1375 1419//1375 1435//1375
f 1429//1376 1425//1376 1435//1376
f 1421//1377 1430//1377 1419//1377
f 1431//1378 1426//1378 1427//1378
f 1436//1379 1421//1379 1428//1379
f 1432//1380 1428//1380 1426//1380
f 1425//1381 1434//1381 1424//1381
f 1436//1382 1435//1382 1430//1382
f 1431//1383 1435//1383 1436//1383
f 1432//1384 1426//1384 1431//1384
f 1433//1385 1377//1385 1375//1385
f 800//1386 723//1386 1437//1386
f 1439//1387 1438//1387 1442//1387
f 1440//1388 1422//1388 772//1388
f 1441//1389 1438//1389 804//1389
f 1442//1390 1441//1390 1427//1390
f 1442//1391 1438//1391 1441//1391
f 1442//1392 1440//1392 1439//1392
f 1440//1393 1427//1393 1422//1393
f 1443//1394 1441//1394 804//1394
f 1445//1395 1443//1395 1400//1395
f 1429//1396 1444//1396 1434//1396
f 1446//1397 1434//1397 1445//1397
f 1377//1398 1434//1398 1446//1398
f 1400//1399 1447//1399 1446//1399
f 1447//1400 1400//1400 1406//1400
f 1450//1401 772//1401 1423//1401
f 772//1402 1450//1402 1449//1402
f 1450//1403 771//1403 1449//1403
f 1378//1404 1475//1404 1401//1404
f 1451//1405 1378//1405 1379//1405
f 1383//1406 1451//1406 1379//1406
f 1455//1407 1381//1407 1382//1407
f 1454//1408 1451//1408 1383//1408
f 1452//1409 1456//1409 1475//1409
f 1457//1410 1452//1410 1451//1410
f 1456//1411 1135//1411 1475//1411
f 1458//1412 1457//1412 1453//1412
f 1456//1413 1120//1413 1135//1413
f 1459//1414 1456//1414 1452//1414
f 1457//1415 1459//1415 1452//1415
f 1460//1416 1457//1416 1458//1416
f 1121//1417 1459//1417 1461//1417
f 1465//1418 1464//1418 1462//1418
f 1467//1419 1465//1419 1460//1419
f 1465//1420 1469//1420 1464//1420
f 1469//1421 1468//1421 1463//1421
f 1469//1422 1473//1422 1472//1422
f 1474//1423 1473//1423 1467//1423
f 1477//1424 965//1424 1130//1424
f 1476//1425 1406//1425 1404//1425
f 1476//1426 1404//1426 1479//1426
f 1135//1427 962//1427 1475//1427
f 1479//1428 1408//1428 1477//1428
f 1476//1429 1480//1429 1481//1429
f 1478//1430 1477//1430 1482//1430
f 1480//1431 1483//1431 1454//1431
f 1476//1432 1483//1432 1480//1432
f 1481//1433 1480//1433 1455//1433
f 1482//1434 1143//1434 1484//1434
f 1486//1435 1478//1435 1485//1435
f 1458//1436 1453//1436 1454//1436
f 1483//1437 1458//1437 1454//1437
f 1483//1438 1487//1438 1489//1438
f 1483//1439 1476//1439 1487//1439
f 1484//1440 1143//1440 1148//1440
f 1487//1441 1486//1441 1485//1441
f 1484//1442 1153//1442 1490//1442
f 1491//1443 1488//1443 1485//1443
f 1492//1444 1466//1444 1489//1444
f 1492//1445 1489//1445 1487//1445
f 1490//1446 1153//1446 1161//1446
f 1495//1447 1485//1447 1490//1447
f 1496//1448 1491//1448 1497//1448
f 1492//1449 1496//1449 1493//1449
f 1494//1450 1490//1450 1161//1450
f 1495//1451 1490//1451 1494//1451
f 1493//1452 1474//1452 1467//1452
f 1499//1453 1455//1453 1498//1453
f 1448//1454 1498//1454 1382//1454
f 1447//1455 1498//1455 1448//1455
f 1447//1456 1406//1456 1476//1456
f 1499//1457 1481//1457 1455//1457
f 1262//1458 1125//1458 1470//1458
f 1472//1459 1471//1459 1468//1459
f 1472//1460 1473//1460 1502//1460
f 1262//1461 1470//1461 1505//1461
f 1506//1462 1500//1462 1471//1462
f 1501//1463 1506//1463 1471//1463
f 1507//1464 1471//1464 1502//1464
f 1507//1465 1502//1465 1474//1465
f 1504//1466 1503//1466 1508//1466
f 1508//1467 1503//1467 1504//1467
f 1269//1468 1264//1468 1505//1468
f 1509//1469 1505//1469 1510//1469
f 1510//1470 1505//1470 1506//1470
f 1511//1471 1506//1471 1501//1471
f 1507//1472 1511//1472 1501//1472
f 1509//1473 1269//1473 1505//1473
f 1511//1474 1512//1474 1510//1474
f 1516//1475 1513//1475 1509//1475
f 1515//1476 1514//1476 1517//1476
f 1510//1477 1518//1477 1509//1477
f 1518//1478 1515//1478 1517//1478
f 1515//1479 1510//1479 1512//1479
f 1513//1480 1291//1480 1285//1480
f 1292//1481 1513//1481 1516//1481
f 1292//1482 1516//1482 1514//1482
f 1518//1483 1517//1483 1516//1483
f 1497//1484 1519//1484 1302//1484
f 1519//1485 1497//1485 1494//1485
f 1521//1486 1496//1486 1520//1486
f 1521//1487 1520//1487 1522//1487
f 1317//1488 1302//1488 1519//1488
f 1317//1489 1324//1489 1524//1489
f 1523//1490 1524//1490 1522//1490
f 1512//1491 1511//1491 1522//1491
f 1515//1492 1279//1492 1514//1492
f 1524//1493 1324//1493 1323//1493
f 1512//1494 1279//1494 1515//1494
f 3//1495 5//1495 8//1495
f 4//1496 8//1496 6//1496
f 8//1497 5//1497 9//1497
f 5//1498 7//1498 9//1498
f 11//1499 4//1499 6//1499
f 7//1500 4//1500 11//1500
f 10//1501 15//1501 14//1501
f 16//1502 15//1502 11//1502
f 12//1503 9//1503 17//1503
f 7//1504 17//1504 9//1504
f 19//1505 13//1505 21//1505
f 123//1506 19//1506 21//1506
f 22//1507 12//1507 17//1507
f 18//1508 12//1508 22//1508
f 24//1509 25//1509 23//1509
f 29//1510 28//1510 26//1510
f 32//1511 31//1511 38//1511
f 31//1512 37//1512 36//1512
f 36//1513 38//1513 31//1513
f 33//1514 40//1514 103//1514
f 35//1515 40//1515 33//1515
f 37//1516 43//1516 42//1516
f 44//1517 43//1517 37//1517
f 39//1518 44//1518 32//1518
f 29//1519 26//1519 28//1519
f 45//1520 35//1520 20//1520
f 38//1521 36//1521 46//1521
f 47//1522 39//1522 38//1522
f 20//1523 34//1523 22//1523
f 49//1524 41//1524 35//1524
f 35//1525 48//1525 49//1525
f 36//1526 41//1526 49//1526
f 46//1527 36//1527 49//1527
f 47//1528 51//1528 39//1528
f 55//1529 54//1529 52//1529
f 55//1530 52//1530 53//1530
f 55//1531 57//1531 54//1531
f 55//1532 58//1532 57//1532
f 58//1533 55//1533 59//1533
f 52//1534 60//1534 27//1534
f 61//1535 56//1535 53//1535
f 59//1536 62//1536 58//1536
f 59//1537 63//1537 62//1537
f 65//1538 52//1538 27//1538
f 60//1539 64//1539 27//1539
f 70//1540 60//1540 57//1540
f 62//1541 70//1541 58//1541
f 62//1542 67//1542 70//1542
f 68//1543 30//1543 64//1543
f 65//1544 30//1544 68//1544
f 64//1545 69//1545 68//1545
f 60//1546 69//1546 64//1546
f 70//1547 69//1547 60//1547
f 65//1548 68//1548 72//1548
f 68//1549 73//1549 72//1549
f 66//1550 65//1550 72//1550
f 73//1551 68//1551 69//1551
f 70//1552 76//1552 69//1552
f 74//1553 76//1553 70//1553
f 73//1554 69//1554 76//1554
f 79//1555 75//1555 73//1555
f 81//1556 80//1556 76//1556
f 63//1557 56//1557 82//1557
f 63//1558 83//1558 62//1558
f 83//1559 82//1559 87//1559
f 66//1560 72//1560 75//1560
f 87//1561 82//1561 84//1561
f 84//1562 86//1562 88//1562
f 95//1563 93//1563 94//1563
f 95//1564 92//1564 93//1564
f 96//1565 94//1565 97//1565
f 134//1566 92//1566 99//1566
f 100//1567 99//1567 95//1567
f 18//1568 103//1568 16//1568
f 15//1569 106//1569 14//1569
f 106//1570 102//1570 14//1570
f 103//1571 107//1571 16//1571
f 109//1572 90//1572 91//1572
f 104//1573 110//1573 108//1573
f 111//1574 104//1574 105//1574
f 108//1575 110//1575 109//1575
f 114//1576 113//1576 106//1576
f 109//1577 115//1577 93//1577
f 113//1578 115//1578 111//1578
f 114//1579 116//1579 113//1579
f 117//1580 116//1580 114//1580
f 115//1581 94//1581 93//1581
f 113//1582 118//1582 115//1582
f 116//1583 118//1583 113//1583
f 119//1584 94//1584 115//1584
f 121//1585 21//1585 13//1585
f 17//1586 124//1586 22//1586
f 104//1587 90//1587 98//1587
f 125//1588 121//1588 98//1588
f 121//1589 105//1589 104//1589
f 125//1590 21//1590 121//1590
f 122//1591 14//1591 105//1591
f 123//1592 21//1592 125//1592
f 127//1593 17//1593 123//1593
f 129//1594 125//1594 98//1594
f 102//1595 111//1595 105//1595
f 164//1596 124//1596 133//1596
f 126//1597 129//1597 137//1597
f 130//1598 126//1598 132//1598
f 134//1599 109//1599 92//1599
f 138//1600 137//1600 134//1600
f 132//1601 137//1601 139//1601
f 140//1602 135//1602 132//1602
f 142//1603 133//1603 135//1603
f 138//1604 99//1604 101//1604
f 41//1605 144//1605 40//1605
f 41//1606 36//1606 144//1606
f 144//1607 36//1607 42//1607
f 40//1608 144//1608 107//1608
f 149//1609 148//1609 143//1609
f 43//1610 149//1610 143//1610
f 43//1611 145//1611 149//1611
f 144//1612 147//1612 107//1612
f 144//1613 143//1613 148//1613
f 144//1614 148//1614 147//1614
f 145//1615 150//1615 153//1615
f 146//1616 147//1616 156//1616
f 147//1617 151//1617 156//1617
f 148//1618 152//1618 147//1618
f 150//1619 154//1619 153//1619
f 150//1620 155//1620 154//1620
f 156//1621 117//1621 146//1621
f 157//1622 152//1622 149//1622
f 153//1623 158//1623 157//1623
f 155//1624 158//1624 154//1624
f 152//1625 159//1625 151//1625
f 158//1626 160//1626 157//1626
f 161//1627 152//1627 162//1627
f 157//1628 163//1628 162//1628
f 45//1629 124//1629 164//1629
f 45//1630 164//1630 48//1630
f 47//1631 46//1631 50//1631
f 167//1632 51//1632 47//1632
f 48//1633 164//1633 168//1633
f 48//1634 169//1634 165//1634
f 50//1635 48//1635 165//1635
f 173//1636 169//1636 168//1636
f 165//1637 169//1637 170//1637
f 171//1638 50//1638 165//1638
f 173//1639 168//1639 131//1639
f 173//1640 131//1640 172//1640
f 170//1641 173//1641 172//1641
f 174//1642 171//1642 170//1642
f 175//1643 166//1643 171//1643
f 172//1644 131//1644 136//1644
f 177//1645 175//1645 171//1645
f 178//1646 172//1646 180//1646
f 181//1647 177//1647 176//1647
f 179//1648 177//1648 181//1648
f 180//1649 136//1649 142//1649
f 293//1650 176//1650 178//1650
f 293//1651 181//1651 176//1651
f 183//1652 43//1652 44//1652
f 186//1653 145//1653 183//1653
f 186//1654 187//1654 185//1654
f 184//1655 187//1655 186//1655
f 184//1656 81//1656 188//1656
f 77//1657 189//1657 190//1657
f 187//1658 184//1658 191//1658
f 191//1659 188//1659 190//1659
f 150//1660 192//1660 155//1660
f 193//1661 192//1661 185//1661
f 191//1662 190//1662 193//1662
f 191//1663 193//1663 187//1663
f 195//1664 194//1664 193//1664
f 189//1665 195//1665 190//1665
f 160//1666 192//1666 194//1666
f 195//1667 196//1667 194//1667
f 160//1668 163//1668 157//1668
f 196//1669 163//1669 194//1669
f 189//1670 200//1670 195//1670
f 196//1671 197//1671 199//1671
f 200//1672 197//1672 195//1672
f 201//1673 84//1673 88//1673
f 201//1674 89//1674 84//1674
f 202//1675 87//1675 89//1675
f 85//1676 87//1676 202//1676
f 167//1677 175//1677 204//1677
f 205//1678 201//1678 204//1678
f 202//1679 201//1679 206//1679
f 208//1680 203//1680 202//1680
f 205//1681 204//1681 207//1681
f 206//1682 201//1682 205//1682
f 207//1683 175//1683 211//1683
f 211//1684 177//1684 179//1684
f 212//1685 205//1685 213//1685
f 211//1686 179//1686 215//1686
f 213//1687 211//1687 216//1687
f 217//1688 209//1688 213//1688
f 220//1689 214//1689 219//1689
f 221//1690 95//1690 96//1690
f 224//1691 100//1691 221//1691
f 221//1692 97//1692 226//1692
f 221//1693 225//1693 224//1693
f 226//1694 97//1694 222//1694
f 227//1695 101//1695 100//1695
f 230//1696 225//1696 226//1696
f 229//1697 227//1697 225//1697
f 94//1698 222//1698 97//1698
f 119//1699 222//1699 94//1699
f 234//1700 236//1700 119//1700
f 236//1701 235//1701 222//1701
f 234//1702 237//1702 236//1702
f 238//1703 226//1703 223//1703
f 235//1704 239//1704 238//1704
f 240//1705 239//1705 235//1705
f 234//1706 241//1706 237//1706
f 238//1707 242//1707 226//1707
f 239//1708 244//1708 242//1708
f 237//1709 245//1709 240//1709
f 246//1710 227//1710 229//1710
f 244//1711 247//1711 242//1711
f 244//1712 240//1712 248//1712
f 245//1713 249//1713 248//1713
f 230//1714 251//1714 231//1714
f 230//1715 242//1715 251//1715
f 242//1716 247//1716 251//1716
f 244//1717 248//1717 247//1717
f 245//1718 253//1718 249//1718
f 250//1719 253//1719 245//1719
f 252//1720 231//1720 232//1720
f 248//1721 256//1721 255//1721
f 249//1722 256//1722 248//1722
f 231//1723 257//1723 233//1723
f 259//1724 139//1724 138//1724
f 260//1725 140//1725 139//1725
f 261//1726 140//1726 260//1726
f 138//1727 262//1727 259//1727
f 262//1728 101//1728 265//1728
f 243//1729 266//1729 262//1729
f 266//1730 260//1730 263//1730
f 264//1731 260//1731 266//1731
f 265//1732 227//1732 246//1732
f 267//1733 266//1733 243//1733
f 265//1734 246//1734 243//1734
f 267//1735 243//1735 270//1735
f 273//1736 266//1736 267//1736
f 264//1737 266//1737 273//1737
f 269//1738 268//1738 264//1738
f 243//1739 246//1739 270//1739
f 271//1740 269//1740 273//1740
f 254//1741 270//1741 246//1741
f 271//1742 272//1742 269//1742
f 276//1743 273//1743 270//1743
f 275//1744 271//1744 274//1744
f 161//1745 277//1745 120//1745
f 162//1746 277//1746 161//1746
f 162//1747 278//1747 279//1747
f 120//1748 280//1748 241//1748
f 162//1749 279//1749 277//1749
f 120//1750 281//1750 280//1750
f 277//1751 281//1751 120//1751
f 280//1752 250//1752 241//1752
f 283//1753 286//1753 282//1753
f 285//1754 284//1754 281//1754
f 286//1755 290//1755 311//1755
f 284//1756 289//1756 874//1756
f 287//1757 910//1757 289//1757
f 285//1758 910//1758 287//1758
f 288//1759 910//1759 285//1759
f 291//1760 180//1760 142//1760
f 292//1761 182//1761 178//1761
f 182//1762 294//1762 293//1762
f 294//1763 292//1763 297//1763
f 295//1764 181//1764 293//1764
f 296//1765 295//1765 293//1765
f 268//1766 291//1766 264//1766
f 299//1767 297//1767 291//1767
f 302//1768 291//1768 268//1768
f 299//1769 291//1769 302//1769
f 302//1770 268//1770 269//1770
f 300//1771 299//1771 303//1771
f 302//1772 269//1772 272//1772
f 309//1773 303//1773 307//1773
f 282//1774 311//1774 308//1774
f 312//1775 305//1775 310//1775
f 306//1776 272//1776 313//1776
f 307//1777 302//1777 306//1777
f 288//1778 285//1778 308//1778
f 312//1779 310//1779 309//1779
f 312//1780 316//1780 314//1780
f 315//1781 307//1781 306//1781
f 921//1782 316//1782 315//1782
f 316//1783 312//1783 315//1783
f 314//1784 316//1784 921//1784
f 198//1785 278//1785 163//1785
f 199//1786 318//1786 198//1786
f 197//1787 321//1787 320//1787
f 323//1788 319//1788 320//1788
f 322//1789 321//1789 197//1789
f 326//1790 323//1790 320//1790
f 324//1791 326//1791 320//1791
f 321//1792 322//1792 324//1792
f 326//1793 286//1793 283//1793
f 324//1794 328//1794 327//1794
f 329//1795 328//1795 324//1795
f 330//1796 329//1796 322//1796
f 331//1797 286//1797 326//1797
f 329//1798 334//1798 328//1798
f 286//1799 331//1799 290//1799
f 336//1800 335//1800 333//1800
f 334//1801 337//1801 336//1801
f 339//1802 338//1802 332//1802
f 198//1803 341//1803 278//1803
f 342//1804 215//1804 181//1804
f 216//1805 215//1805 342//1805
f 218//1806 342//1806 343//1806
f 218//1807 216//1807 342//1807
f 344//1808 217//1808 216//1808
f 342//1809 295//1809 348//1809
f 349//1810 345//1810 343//1810
f 347//1811 219//1811 344//1811
f 341//1812 283//1812 278//1812
f 348//1813 296//1813 301//1813
f 323//1814 283//1814 341//1814
f 349//1815 350//1815 345//1815
f 346//1816 344//1816 345//1816
f 346//1817 345//1817 351//1817
f 352//1818 347//1818 346//1818
f 356//1819 342//1819 348//1819
f 349//1820 342//1820 356//1820
f 353//1821 350//1821 349//1821
f 351//1822 350//1822 354//1822
f 352//1823 346//1823 351//1823
f 352//1824 351//1824 355//1824
f 301//1825 356//1825 348//1825
f 314//1826 356//1826 305//1826
f 359//1827 351//1827 354//1827
f 358//1828 353//1828 356//1828
f 358//1829 314//1829 360//1829
f 359//1830 358//1830 362//1830
f 357//1831 359//1831 364//1831
f 368//1832 366//1832 367//1832
f 374//1833 1//1833 2//1833
f 371//1834 2//1834 373//1834
f 376//1835 374//1835 371//1835
f 372//1836 378//1836 377//1836
f 382//1837 380//1837 379//1837
f 384//1838 382//1838 381//1838
f 379//1839 384//1839 381//1839
f 369//1840 383//1840 370//1840
f 390//1841 389//1841 388//1841
f 392//1842 373//1842 2//1842
f 375//1843 373//1843 392//1843
f 393//1844 375//1844 392//1844
f 399//1845 391//1845 374//1845
f 377//1846 395//1846 376//1846
f 377//1847 397//1847 395//1847
f 377//1848 396//1848 397//1848
f 392//1849 391//1849 399//1849
f 402//1850 67//1850 62//1850
f 376//1851 403//1851 399//1851
f 395//1852 403//1852 376//1852
f 397//1853 404//1853 395//1853
f 454//1854 414//1854 405//1854
f 401//1855 454//1855 405//1855
f 410//1856 409//1856 399//1856
f 395//1857 411//1857 410//1857
f 404//1858 413//1858 411//1858
f 406//1859 405//1859 413//1859
f 414//1860 412//1860 405//1860
f 402//1861 415//1861 77//1861
f 402//1862 409//1862 415//1862
f 417//1863 424//1863 409//1863
f 417//1864 418//1864 424//1864
f 417//1865 410//1865 412//1865
f 420//1866 417//1866 412//1866
f 414//1867 421//1867 412//1867
f 421//1868 420//1868 412//1868
f 429//1869 421//1869 414//1869
f 416//1870 78//1870 415//1870
f 416//1871 409//1871 424//1871
f 424//1872 425//1872 432//1872
f 418//1873 425//1873 424//1873
f 446//1874 418//1874 417//1874
f 418//1875 446//1875 425//1875
f 420//1876 426//1876 446//1876
f 428//1877 422//1877 419//1877
f 423//1878 430//1878 78//1878
f 424//1879 432//1879 430//1879
f 421//1880 434//1880 420//1880
f 438//1881 393//1881 392//1881
f 394//1882 439//1882 393//1882
f 378//1883 439//1883 396//1883
f 378//1884 375//1884 393//1884
f 438//1885 392//1885 398//1885
f 400//1886 393//1886 438//1886
f 396//1887 439//1887 397//1887
f 83//1888 398//1888 62//1888
f 400//1889 398//1889 83//1889
f 440//1890 404//1890 400//1890
f 441//1891 400//1891 83//1891
f 440//1892 400//1892 441//1892
f 442//1893 440//1893 441//1893
f 443//1894 408//1894 406//1894
f 444//1895 441//1895 83//1895
f 419//1896 413//1896 442//1896
f 443//1897 413//1897 419//1897
f 445//1898 444//1898 447//1898
f 445//1899 441//1899 444//1899
f 448//1900 446//1900 442//1900
f 442//1901 441//1901 445//1901
f 419//1902 442//1902 446//1902
f 447//1903 444//1903 85//1903
f 435//1904 425//1904 448//1904
f 427//1905 446//1905 449//1905
f 428//1906 449//1906 450//1906
f 455//1907 454//1907 401//1907
f 455//1908 458//1908 454//1908
f 459//1909 457//1909 454//1909
f 458//1910 460//1910 454//1910
f 461//1911 456//1911 459//1911
f 460//1912 463//1912 459//1912
f 465//1913 452//1913 462//1913
f 465//1914 453//1914 452//1914
f 466//1915 453//1915 463//1915
f 457//1916 407//1916 414//1916
f 454//1917 457//1917 414//1917
f 457//1918 468//1918 407//1918
f 457//1919 456//1919 468//1919
f 455//1920 408//1920 458//1920
f 467//1921 470//1921 468//1921
f 461//1922 467//1922 456//1922
f 461//1923 462//1923 467//1923
f 472//1924 470//1924 459//1924
f 470//1925 473//1925 469//1925
f 474//1926 471//1926 469//1926
f 474//1927 460//1927 458//1927
f 475//1928 462//1928 464//1928
f 475//1929 470//1929 462//1929
f 475//1930 465//1930 459//1930
f 463//1931 465//1931 475//1931
f 474//1932 473//1932 460//1932
f 476//1933 480//1933 464//1933
f 466//1934 472//1934 475//1934
f 466//1935 473//1935 472//1935
f 468//1936 469//1936 477//1936
f 469//1937 471//1937 477//1937
f 471//1938 478//1938 477//1938
f 471//1939 408//1939 478//1939
f 480//1940 475//1940 464//1940
f 473//1941 470//1941 472//1941
f 476//1942 475//1942 480//1942
f 482//1943 429//1943 414//1943
f 477//1944 483//1944 482//1944
f 478//1945 483//1945 477//1945
f 487//1946 484//1946 479//1946
f 487//1947 479//1947 485//1947
f 481//1948 496//1948 485//1948
f 481//1949 488//1949 496//1949
f 490//1950 496//1950 488//1950
f 483//1951 491//1951 482//1951
f 492//1952 478//1952 422//1952
f 478//1953 492//1953 483//1953
f 485//1954 502//1954 493//1954
f 490//1955 497//1955 496//1955
f 490//1956 488//1956 497//1956
f 502//1957 501//1957 493//1957
f 593//1958 500//1958 493//1958
f 503//1959 486//1959 494//1959
f 504//1960 501//1960 502//1960
f 596//1961 489//1961 486//1961
f 596//1962 505//1962 497//1962
f 497//1963 505//1963 496//1963
f 513//1964 430//1964 431//1964
f 433//1965 515//1965 432//1965
f 433//1966 435//1966 426//1966
f 514//1967 189//1967 513//1967
f 431//1968 515//1968 514//1968
f 436//1969 516//1969 434//1969
f 436//1970 437//1970 517//1970
f 515//1971 516//1971 514//1971
f 436//1972 517//1972 516//1972
f 437//1973 518//1973 517//1973
f 514//1974 520//1974 189//1974
f 521//1975 524//1975 520//1975
f 526//1976 523//1976 189//1976
f 520//1977 527//1977 526//1977
f 523//1978 530//1978 200//1978
f 526//1979 530//1979 523//1979
f 529//1980 690//1980 527//1980
f 203//1981 447//1981 85//1981
f 445//1982 447//1982 203//1982
f 532//1983 448//1983 445//1983
f 449//1984 448//1984 532//1984
f 535//1985 536//1985 534//1985
f 536//1986 532//1986 534//1986
f 450//1987 449//1987 537//1987
f 203//1988 210//1988 534//1988
f 538//1989 535//1989 534//1989
f 532//1990 540//1990 538//1990
f 541//1991 537//1991 532//1991
f 541//1992 532//1992 538//1992
f 543//1993 522//1993 519//1993
f 544//1994 538//1994 210//1994
f 541//1995 538//1995 544//1995
f 549//1996 546//1996 542//1996
f 546//1997 539//1997 542//1997
f 544//1998 209//1998 214//1998
f 545//1999 547//1999 548//1999
f 545//2000 544//2000 547//2000
f 549//2001 542//2001 545//2001
f 546//2002 528//2002 525//2002
f 550//2003 545//2003 548//2003
f 554//2004 528//2004 546//2004
f 724//2005 551//2005 220//2005
f 552//2006 548//2006 214//2006
f 550//2007 548//2007 552//2007
f 528//2008 554//2008 640//2008
f 554//2009 727//2009 728//2009
f 554//2010 549//2010 727//2010
f 559//2011 451//2011 558//2011
f 562//2012 556//2012 559//2012
f 561//2013 565//2013 607//2013
f 561//2014 568//2014 565//2014
f 568//2015 573//2015 572//2015
f 568//2016 572//2016 565//2016
f 566//2017 575//2017 568//2017
f 569//2018 573//2018 575//2018
f 569//2019 578//2019 574//2019
f 569//2020 567//2020 570//2020
f 571//2021 569//2021 576//2021
f 572//2022 584//2022 582//2022
f 585//2023 573//2023 574//2023
f 585//2024 584//2024 573//2024
f 586//2025 575//2025 573//2025
f 585//2026 588//2026 584//2026
f 574//2027 743//2027 585//2027
f 589//2028 743//2028 587//2028
f 587//2029 578//2029 589//2029
f 429//2030 498//2030 437//2030
f 593//2031 501//2031 592//2031
f 495//2032 499//2032 594//2032
f 597//2033 596//2033 503//2033
f 595//2034 501//2034 504//2034
f 598//2035 504//2035 505//2035
f 498//2036 601//2036 437//2036
f 609//2037 599//2037 437//2037
f 601//2038 593//2038 592//2038
f 501//2039 555//2039 592//2039
f 604//2040 602//2040 596//2040
f 596//2041 602//2041 603//2041
f 596//2042 603//2042 598//2042
f 617//2043 595//2043 504//2043
f 668//2044 504//2044 598//2044
f 606//2045 590//2045 519//2045
f 608//2046 600//2046 592//2046
f 606//2047 594//2047 591//2047
f 597//2048 594//2048 606//2048
f 561//2049 607//2049 592//2049
f 612//2050 597//2050 606//2050
f 555//2051 613//2051 561//2051
f 602//2052 614//2052 603//2052
f 615//2053 613//2053 555//2053
f 617//2054 557//2054 556//2054
f 668//2055 603//2055 616//2055
f 618//2056 518//2056 599//2056
f 619//2057 606//2057 519//2057
f 620//2058 608//2058 607//2058
f 612//2059 614//2059 602//2059
f 623//2060 622//2060 615//2060
f 518//2061 624//2061 524//2061
f 543//2062 525//2062 522//2062
f 625//2063 619//2063 522//2063
f 620//2064 607//2064 565//2064
f 630//2065 626//2065 620//2065
f 621//2066 611//2066 626//2066
f 622//2067 627//2067 613//2067
f 622//2068 576//2068 627//2068
f 671//2069 616//2069 621//2069
f 624//2070 628//2070 524//2070
f 629//2071 624//2071 618//2071
f 625//2072 525//2072 528//2072
f 636//2073 628//2073 624//2073
f 629//2074 636//2074 624//2074
f 630//2075 620//2075 565//2075
f 632//2076 636//2076 631//2076
f 627//2077 575//2077 566//2077
f 576//2078 575//2078 627//2078
f 625//2079 640//2079 637//2079
f 640//2080 625//2080 528//2080
f 636//2081 583//2081 581//2081
f 636//2082 635//2082 628//2082
f 630//2083 572//2083 583//2083
f 626//2084 630//2084 583//2084
f 631//2085 629//2085 637//2085
f 634//2086 633//2086 645//2086
f 643//2087 635//2087 581//2087
f 639//2088 632//2088 638//2088
f 492//2089 428//2089 533//2089
f 511//2090 647//2090 558//2090
f 560//2091 649//2091 562//2091
f 558//2092 649//2092 560//2092
f 650//2093 649//2093 558//2093
f 652//2094 567//2094 563//2094
f 649//2095 563//2095 567//2095
f 650//2096 652//2096 563//2096
f 650//2097 653//2097 652//2097
f 652//2098 655//2098 570//2098
f 656//2099 655//2099 652//2099
f 654//2100 657//2100 656//2100
f 659//2101 580//2101 579//2101
f 577//2102 570//2102 658//2102
f 659//2103 579//2103 580//2103
f 656//2104 662//2104 660//2104
f 657//2105 665//2105 662//2105
f 663//2106 577//2106 658//2106
f 577//2107 589//2107 578//2107
f 660//2108 808//2108 661//2108
f 665//2109 664//2109 662//2109
f 511//2110 666//2110 647//2110
f 666//2111 511//2111 557//2111
f 666//2112 557//2112 617//2112
f 668//2113 667//2113 617//2113
f 647//2114 669//2114 648//2114
f 564//2115 623//2115 617//2115
f 669//2116 667//2116 670//2116
f 670//2117 668//2117 671//2117
f 571//2118 623//2118 564//2118
f 571//2119 576//2119 623//2119
f 672//2120 671//2120 634//2120
f 671//2121 621//2121 634//2121
f 675//2122 672//2122 634//2122
f 672//2123 674//2123 673//2123
f 651//2124 674//2124 657//2124
f 672//2125 675//2125 674//2125
f 674//2126 676//2126 665//2126
f 675//2127 676//2127 674//2127
f 675//2128 634//2128 677//2128
f 837//2129 676//2129 675//2129
f 676//2130 839//2130 665//2130
f 686//2131 685//2131 684//2131
f 686//2132 684//2132 685//2132
f 689//2133 687//2133 530//2133
f 690//2134 689//2134 530//2134
f 687//2135 692//2135 691//2135
f 698//2136 688//2136 689//2136
f 696//2137 691//2137 692//2137
f 698//2138 693//2138 696//2138
f 699//2139 703//2139 690//2139
f 700//2140 701//2140 694//2140
f 697//2141 698//2141 696//2141
f 703//2142 708//2142 702//2142
f 704//2143 699//2143 695//2143
f 705//2144 701//2144 700//2144
f 325//2145 706//2145 330//2145
f 702//2146 706//2146 325//2146
f 707//2147 706//2147 702//2147
f 711//2148 715//2148 710//2148
f 707//2149 712//2149 706//2149
f 708//2150 714//2150 713//2150
f 714//2151 708//2151 709//2151
f 716//2152 719//2152 709//2152
f 337//2153 330//2153 706//2153
f 712//2154 337//2154 706//2154
f 717//2155 712//2155 713//2155
f 714//2156 719//2156 718//2156
f 1384//2157 336//2157 337//2157
f 1384//2158 712//2158 717//2158
f 722//2159 718//2159 717//2159
f 716//2160 718//2160 719//2160
f 724//2161 220//2161 347//2161
f 551//2162 724//2162 725//2162
f 726//2163 550//2163 552//2163
f 727//2164 550//2164 553//2164
f 730//2165 552//2165 725//2165
f 694//2166 640//2166 728//2166
f 729//2167 697//2167 692//2167
f 725//2168 733//2168 730//2168
f 731//2169 733//2169 725//2169
f 731//2170 347//2170 732//2170
f 698//2171 697//2171 729//2171
f 735//2172 728//2172 726//2172
f 735//2173 700//2173 694//2173
f 732//2174 352//2174 355//2174
f 734//2175 730//2175 733//2175
f 736//2176 734//2176 733//2176
f 737//2177 735//2177 734//2177
f 733//2178 355//2178 738//2178
f 739//2179 736//2179 733//2179
f 739//2180 733//2180 738//2180
f 740//2181 720//2181 737//2181
f 740//2182 737//2182 734//2182
f 720//2183 721//2183 715//2183
f 720//2184 715//2184 737//2184
f 581//2185 582//2185 741//2185
f 742//2186 745//2186 741//2186
f 746//2187 588//2187 743//2187
f 747//2188 588//2188 746//2188
f 747//2189 746//2189 753//2189
f 755//2190 754//2190 745//2190
f 749//2191 755//2191 745//2191
f 752//2192 751//2192 757//2192
f 750//2193 752//2193 757//2193
f 758//2194 756//2194 750//2194
f 759//2195 750//2195 757//2195
f 763//2196 762//2196 754//2196
f 755//2197 764//2197 763//2197
f 759//2198 757//2198 769//2198
f 759//2199 764//2199 758//2199
f 765//2200 769//2200 757//2200
f 760//2201 766//2201 765//2201
f 763//2202 767//2202 762//2202
f 764//2203 768//2203 763//2203
f 764//2204 769//2204 768//2204
f 770//2205 771//2205 1421//2205
f 766//2206 771//2206 770//2206
f 641//2207 773//2207 695//2207
f 642//2208 581//2208 741//2208
f 643//2209 775//2209 641//2209
f 637//2210 776//2210 638//2210
f 780//2211 775//2211 644//2211
f 776//2212 639//2212 638//2212
f 774//2213 640//2213 694//2213
f 642//2214 741//2214 745//2214
f 641//2215 775//2215 773//2215
f 637//2216 774//2216 779//2216
f 637//2217 779//2217 776//2217
f 744//2218 781//2218 742//2218
f 744//2219 588//2219 747//2219
f 744//2220 782//2220 781//2220
f 777//2221 744//2221 747//2221
f 777//2222 782//2222 744//2222
f 782//2223 646//2223 645//2223
f 784//2224 783//2224 704//2224
f 785//2225 774//2225 701//2225
f 783//2226 778//2226 745//2226
f 786//2227 784//2227 773//2227
f 786//2228 780//2228 783//2228
f 775//2229 780//2229 786//2229
f 781//2230 788//2230 749//2230
f 789//2231 776//2231 787//2231
f 782//2232 789//2232 788//2232
f 782//2233 776//2233 789//2233
f 754//2234 783//2234 745//2234
f 785//2235 701//2235 705//2235
f 792//2236 791//2236 705//2236
f 756//2237 758//2237 749//2237
f 789//2238 756//2238 788//2238
f 823//2239 790//2239 756//2239
f 823//2240 756//2240 789//2240
f 762//2241 704//2241 754//2241
f 795//2242 787//2242 793//2242
f 796//2243 789//2243 787//2243
f 797//2244 792//2244 711//2244
f 793//2245 798//2245 795//2245
f 793//2246 791//2246 798//2246
f 803//2247 796//2247 795//2247
f 840//2248 794//2248 796//2248
f 762//2249 716//2249 704//2249
f 800//2250 711//2250 710//2250
f 797//2251 711//2251 800//2251
f 801//2252 804//2252 798//2252
f 803//2253 795//2253 802//2253
f 1440//2254 799//2254 803//2254
f 589//2255 577//2255 805//2255
f 808//2256 807//2256 661//2256
f 813//2257 808//2257 660//2257
f 752//2258 805//2258 663//2258
f 805//2259 752//2259 746//2259
f 805//2260 746//2260 589//2260
f 807//2261 809//2261 663//2261
f 819//2262 807//2262 808//2262
f 809//2263 751//2263 748//2263
f 818//2264 810//2264 747//2264
f 819//2265 809//2265 807//2265
f 813//2266 814//2266 812//2266
f 820//2267 808//2267 812//2267
f 815//2268 814//2268 813//2268
f 824//2269 814//2269 818//2269
f 819//2270 825//2270 826//2270
f 820//2271 825//2271 819//2271
f 824//2272 761//2272 827//2272
f 829//2273 828//2273 819//2273
f 825//2274 812//2274 830//2274
f 830//2275 827//2275 832//2275
f 829//2276 826//2276 831//2276
f 826//2277 825//2277 830//2277
f 828//2278 831//2278 766//2278
f 827//2279 833//2279 832//2279
f 827//2280 761//2280 833//2280
f 834//2281 771//2281 766//2281
f 833//2282 772//2282 1449//2282
f 1449//2283 834//2283 831//2283
f 646//2284 836//2284 677//2284
f 837//2285 836//2285 835//2285
f 839//2286 664//2286 665//2286
f 777//2287 810//2287 806//2287
f 836//2288 646//2288 782//2288
f 814//2289 838//2289 835//2289
f 838//2290 815//2290 664//2290
f 790//2291 818//2291 753//2291
f 817//2292 842//2292 841//2292
f 817//2293 822//2293 842//2293
f 843//2294 821//2294 841//2294
f 842//2295 843//2295 841//2295
f 842//2296 822//2296 843//2296
f 846//2297 844//2297 845//2297
f 233//2298 846//2298 845//2298
f 233//2299 845//2299 849//2299
f 846//2300 233//2300 869//2300
f 852//2301 850//2301 849//2301
f 850//2302 232//2302 849//2302
f 851//2303 844//2303 848//2303
f 854//2304 850//2304 852//2304
f 855//2305 847//2305 851//2305
f 851//2306 848//2306 856//2306
f 852//2307 847//2307 855//2307
f 853//2308 858//2308 856//2308
f 857//2309 854//2309 852//2309
f 851//2310 856//2310 858//2310
f 855//2311 851//2311 858//2311
f 859//2312 855//2312 858//2312
f 862//2313 864//2313 860//2313
f 866//2314 865//2314 864//2314
f 868//2315 860//2315 864//2315
f 863//2316 988//2316 866//2316
f 865//2317 868//2317 864//2317
f 258//2318 870//2318 257//2318
f 253//2319 877//2319 871//2319
f 872//2320 254//2320 232//2320
f 872//2321 850//2321 854//2321
f 875//2322 858//2322 853//2322
f 875//2323 879//2323 858//2323
f 873//2324 876//2324 879//2324
f 881//2325 876//2325 873//2325
f 877//2326 881//2326 871//2326
f 880//2327 883//2327 859//2327
f 880//2328 879//2328 887//2328
f 897//2329 857//2329 883//2329
f 881//2330 887//2330 876//2330
f 877//2331 882//2331 884//2331
f 881//2332 888//2332 887//2332
f 872//2333 276//2333 254//2333
f 313//2334 275//2334 893//2334
f 895//2335 894//2335 896//2335
f 872//2336 854//2336 897//2336
f 896//2337 898//2337 901//2337
f 899//2338 895//2338 896//2338
f 901//2339 898//2339 897//2339
f 900//2340 899//2340 905//2340
f 903//2341 901//2341 897//2341
f 909//2342 903//2342 902//2342
f 882//2343 906//2343 884//2343
f 882//2344 885//2344 906//2344
f 908//2345 905//2345 907//2345
f 906//2346 890//2346 884//2346
f 907//2347 904//2347 1073//2347
f 892//2348 890//2348 906//2348
f 912//2349 874//2349 910//2349
f 911//2350 912//2350 288//2350
f 912//2351 913//2351 874//2351
f 913//2352 915//2352 885//2352
f 885//2353 916//2353 906//2353
f 915//2354 916//2354 885//2354
f 917//2355 915//2355 913//2355
f 920//2356 315//2356 306//2356
f 922//2357 919//2357 313//2357
f 921//2358 920//2358 923//2358
f 920//2359 919//2359 922//2359
f 922//2360 895//2360 900//2360
f 928//2361 923//2361 927//2361
f 924//2362 900//2362 905//2362
f 931//2363 929//2363 930//2363
f 926//2364 924//2364 932//2364
f 927//2365 926//2365 933//2365
f 929//2366 927//2366 933//2366
f 930//2367 934//2367 931//2367
f 932//2368 905//2368 908//2368
f 933//2369 936//2369 935//2369
f 933//2370 932//2370 936//2370
f 932//2371 908//2371 939//2371
f 940//2372 934//2372 933//2372
f 339//2373 942//2373 338//2373
f 339//2374 943//2374 942//2374
f 945//2375 944//2375 340//2375
f 946//2376 945//2376 336//2376
f 338//2377 941//2377 911//2377
f 943//2378 947//2378 942//2378
f 948//2379 947//2379 944//2379
f 945//2380 948//2380 944//2380
f 945//2381 949//2381 948//2381
f 941//2382 950//2382 911//2382
f 941//2383 951//2383 950//2383
f 947//2384 951//2384 942//2384
f 952//2385 953//2385 947//2385
f 955//2386 954//2386 952//2386
f 950//2387 914//2387 911//2387
f 956//2388 914//2388 950//2388
f 960//2389 957//2389 958//2389
f 960//2390 958//2390 961//2390
f 962//2391 961//2391 952//2391
f 1398//2392 962//2392 954//2392
f 959//2393 917//2393 914//2393
f 960//2394 959//2394 957//2394
f 962//2395 964//2395 961//2395
f 364//2396 363//2396 968//2396
f 968//2397 363//2397 362//2397
f 969//2398 364//2398 968//2398
f 971//2399 967//2399 970//2399
f 972//2400 968//2400 967//2400
f 969//2401 972//2401 973//2401
f 931//2402 966//2402 317//2402
f 974//2403 969//2403 973//2403
f 971//2404 970//2404 975//2404
f 973//2405 971//2405 976//2405
f 934//2406 979//2406 931//2406
f 975//2407 931//2407 979//2407
f 977//2408 976//2408 981//2408
f 982//2409 978//2409 974//2409
f 983//2410 982//2410 977//2410
f 980//2411 979//2411 984//2411
f 981//2412 976//2412 985//2412
f 977//2413 981//2413 986//2413
f 865//2414 987//2414 868//2414
f 988//2415 987//2415 866//2415
f 990//2416 989//2416 988//2416
f 860//2417 867//2417 992//2417
f 997//2418 988//2418 995//2418
f 987//2419 989//2419 996//2419
f 990//2420 988//2420 997//2420
f 999//2421 1000//2421 991//2421
f 1001//2422 999//2422 992//2422
f 987//2423 1002//2423 993//2423
f 998//2424 990//2424 997//2424
f 1003//2425 994//2425 1000//2425
f 1002//2426 1004//2426 1010//2426
f 996//2427 1004//2427 1002//2427
f 1004//2428 996//2428 994//2428
f 1008//2429 1000//2429 999//2429
f 1003//2430 1000//2430 1008//2430
f 1010//2431 1007//2431 1001//2431
f 1005//2432 1013//2432 1011//2432
f 1005//2433 1004//2433 1003//2433
f 1016//2434 1003//2434 1008//2434
f 1016//2435 1008//2435 1019//2435
f 1011//2436 1012//2436 1009//2436
f 1011//2437 1013//2437 1012//2437
f 1020//2438 1009//2438 1017//2438
f 1015//2439 1009//2439 1020//2439
f 1018//2440 1016//2440 1019//2440
f 1057//2441 1020//2441 1017//2441
f 1022//2442 1008//2442 1015//2442
f 1015//2443 1020//2443 1023//2443
f 1015//2444 1023//2444 1022//2444
f 1025//2445 1023//2445 1020//2445
f 1027//2446 887//2446 1026//2446
f 886//2447 887//2447 1027//2447
f 1030//2448 1028//2448 888//2448
f 1031//2449 1030//2449 889//2449
f 891//2450 1031//2450 890//2450
f 1027//2451 989//2451 990//2451
f 1032//2452 990//2452 998//2452
f 1029//2453 1027//2453 1032//2453
f 1027//2454 1026//2454 1035//2454
f 1027//2455 1035//2455 996//2455
f 1036//2456 997//2456 996//2456
f 998//2457 1036//2457 1032//2457
f 1035//2458 1026//2458 1033//2458
f 1036//2459 1029//2459 1032//2459
f 1028//2460 1038//2460 1033//2460
f 1030//2461 1041//2461 1034//2461
f 1035//2462 1013//2462 1005//2462
f 1035//2463 1005//2463 1006//2463
f 1006//2464 1036//2464 1035//2464
f 1035//2465 1037//2465 1012//2465
f 1035//2466 1033//2466 1037//2466
f 1038//2467 1045//2467 1037//2467
f 1039//2468 1029//2468 1046//2468
f 1034//2469 1047//2469 1045//2469
f 1040//2470 1039//2470 1046//2470
f 1041//2471 1049//2471 1047//2471
f 1051//2472 1006//2472 1014//2472
f 1051//2473 1036//2473 1006//2473
f 1052//2474 1053//2474 1051//2474
f 1053//2475 1046//2475 1051//2475
f 1046//2476 1036//2476 1051//2476
f 1054//2477 1048//2477 1046//2477
f 1055//2478 1040//2478 1048//2478
f 1043//2479 1056//2479 1049//2479
f 1057//2480 1017//2480 1012//2480
f 1058//2481 1057//2481 1012//2481
f 1044//2482 1058//2482 1050//2482
f 1051//2483 1059//2483 1058//2483
f 1061//2484 1058//2484 1059//2484
f 1053//2485 1052//2485 1061//2485
f 1061//2486 1063//2486 1060//2486
f 1061//2487 1052//2487 1045//2487
f 1049//2488 1063//2488 1047//2488
f 1058//2489 1025//2489 1057//2489
f 1065//2490 1059//2490 1018//2490
f 1060//2491 1025//2491 1058//2491
f 1060//2492 1070//2492 1069//2492
f 1059//2493 1065//2493 1062//2493
f 1065//2494 1054//2494 1053//2494
f 1049//2495 1067//2495 1063//2495
f 1064//2496 1055//2496 1054//2496
f 1068//2497 1067//2497 1049//2497
f 1069//2498 1070//2498 1021//2498
f 1180//2499 1070//2499 1066//2499
f 1071//2500 1064//2500 1065//2500
f 1068//2501 1072//2501 1067//2501
f 909//2502 886//2502 1029//2502
f 1074//2503 1073//2503 1076//2503
f 1077//2504 1076//2504 1040//2504
f 1075//2505 1076//2505 1077//2505
f 1064//2506 1077//2506 1055//2506
f 1079//2507 1078//2507 1077//2507
f 1081//2508 1079//2508 1064//2508
f 1081//2509 1080//2509 1079//2509
f 1083//2510 918//2510 915//2510
f 1083//2511 1082//2511 918//2511
f 891//2512 1043//2512 1042//2512
f 1082//2513 1043//2513 891//2513
f 1083//2514 1084//2514 1082//2514
f 1086//2515 1056//2515 1043//2515
f 1087//2516 1056//2516 1086//2516
f 1087//2517 1086//2517 1082//2517
f 1084//2518 1088//2518 1087//2518
f 1087//2519 1089//2519 1056//2519
f 1091//2520 1089//2520 1087//2520
f 1093//2521 1068//2521 1056//2521
f 1097//2522 1089//2522 1091//2522
f 1092//2523 1091//2523 1088//2523
f 1097//2524 1095//2524 1090//2524
f 1091//2525 1099//2525 1097//2525
f 1074//2526 939//2526 907//2526
f 936//2527 932//2527 939//2527
f 935//2528 936//2528 939//2528
f 937//2529 935//2529 1100//2529
f 1102//2530 933//2530 937//2530
f 940//2531 933//2531 1102//2531
f 1101//2532 1074//2532 1075//2532
f 1106//2533 939//2533 1101//2533
f 1100//2534 939//2534 1106//2534
f 1102//2535 1100//2535 1104//2535
f 1102//2536 1105//2536 1103//2536
f 1107//2537 1105//2537 1104//2537
f 1108//2538 1101//2538 1075//2538
f 1109//2539 1106//2539 1101//2539
f 1111//2540 1110//2540 1115//2540
f 1111//2541 1104//2541 1110//2541
f 1107//2542 1104//2542 1112//2542
f 1112//2543 1105//2543 1107//2543
f 1113//2544 1078//2544 1079//2544
f 1108//2545 1113//2545 1109//2545
f 1114//2546 1115//2546 1113//2546
f 1115//2547 1110//2547 1109//2547
f 1119//2548 1112//2548 1115//2548
f 1116//2549 1112//2549 1119//2549
f 1117//2550 1080//2550 1212//2550
f 1118//2551 1115//2551 1117//2551
f 1123//2552 1122//2552 1120//2552
f 1123//2553 1125//2553 1124//2553
f 959//2554 1126//2554 917//2554
f 1127//2555 959//2555 963//2555
f 1127//2556 1126//2556 959//2556
f 1128//2557 963//2557 964//2557
f 962//2558 1129//2558 964//2558
f 1139//2559 1127//2559 1128//2559
f 1126//2560 1144//2560 1131//2560
f 1132//2561 1127//2561 1137//2561
f 1132//2562 1144//2562 1126//2562
f 1137//2563 1127//2563 1139//2563
f 1140//2564 1128//2564 964//2564
f 1139//2565 1140//2565 1138//2565
f 1133//2566 1132//2566 1137//2566
f 1142//2567 1134//2567 1133//2567
f 1129//2568 1140//2568 964//2568
f 1129//2569 1135//2569 1120//2569
f 1143//2570 1130//2570 1134//2570
f 1085//2571 1131//2571 1136//2571
f 1145//2572 1136//2572 1144//2572
f 1138//2573 1149//2573 1145//2573
f 1145//2574 1139//2574 1138//2574
f 1145//2575 1137//2575 1139//2575
f 1141//2576 1137//2576 1145//2576
f 1141//2577 1145//2577 1146//2577
f 1147//2578 1129//2578 1120//2578
f 1148//2579 1143//2579 1142//2579
f 1149//2580 1092//2580 1085//2580
f 1150//2581 1142//2581 1141//2581
f 1120//2582 1152//2582 1147//2582
f 1153//2583 1148//2583 1150//2583
f 1154//2584 1094//2584 1092//2584
f 1154//2585 1218//2585 1094//2585
f 1161//2586 1153//2586 1158//2586
f 984//2587 938//2587 1162//2587
f 1163//2588 1165//2588 986//2588
f 1165//2589 1130//2589 965//2589
f 1162//2590 1102//2590 1103//2590
f 1162//2591 1166//2591 984//2591
f 1166//2592 985//2592 984//2592
f 1163//2593 1166//2593 1132//2593
f 1134//2594 1163//2594 1133//2594
f 1164//2595 1163//2595 1134//2595
f 1167//2596 1168//2596 1162//2596
f 1167//2597 1162//2597 1103//2597
f 1166//2598 1168//2598 1132//2598
f 1168//2599 1166//2599 1162//2599
f 1170//2600 1169//2600 1167//2600
f 1168//2601 1146//2601 1144//2601
f 1170//2602 1171//2602 1169//2602
f 1168//2603 1172//2603 1146//2603
f 1171//2604 1173//2604 1169//2604
f 1172//2605 1169//2605 1173//2605
f 1157//2606 1150//2606 1172//2606
f 1171//2607 1175//2607 1173//2607
f 1171//2608 1116//2608 1175//2608
f 1172//2609 1174//2609 1157//2609
f 1178//2610 1176//2610 1177//2610
f 1181//2611 1179//2611 1185//2611
f 1180//2612 1066//2612 1181//2612
f 1071//2613 1070//2613 1180//2613
f 1080//2614 1071//2614 1182//2614
f 1072//2615 1183//2615 1067//2615
f 1185//2616 1179//2616 1184//2616
f 1067//2617 1186//2617 1179//2617
f 1183//2618 1186//2618 1067//2618
f 1188//2619 1186//2619 1183//2619
f 1184//2620 1179//2620 1191//2620
f 1192//2621 1190//2621 1184//2621
f 1185//2622 1184//2622 1190//2622
f 1191//2623 1194//2623 1192//2623
f 1186//2624 1191//2624 1179//2624
f 1187//2625 1185//2625 1194//2625
f 1195//2626 1197//2626 1186//2626
f 1199//2627 1191//2627 1193//2627
f 1197//2628 1196//2628 1199//2628
f 1200//2629 1194//2629 1196//2629
f 1197//2630 1198//2630 1200//2630
f 1201//2631 1187//2631 1194//2631
f 1198//2632 1202//2632 1204//2632
f 1228//2633 1187//2633 1201//2633
f 1206//2634 1201//2634 1203//2634
f 1205//2635 1201//2635 1206//2635
f 1093//2636 1213//2636 1211//2636
f 1095//2637 1213//2637 1093//2637
f 1214//2638 1213//2638 1095//2638
f 1097//2639 1215//2639 1095//2639
f 1218//2640 1213//2640 1214//2640
f 1217//2641 1219//2641 1098//2641
f 1220//2642 1218//2642 1099//2642
f 1211//2643 1188//2643 1072//2643
f 1189//2644 1212//2644 1182//2644
f 1222//2645 1211//2645 1213//2645
f 1095//2646 1215//2646 1214//2646
f 1223//2647 1096//2647 1212//2647
f 1217//2648 1096//2648 1223//2648
f 1216//2649 1099//2649 1214//2649
f 1225//2650 1222//2650 1218//2650
f 1226//2651 1219//2651 1217//2651
f 1188//2652 1227//2652 1195//2652
f 1228//2653 1221//2653 1189//2653
f 1222//2654 1230//2654 1229//2654
f 1222//2655 1227//2655 1211//2655
f 1223//2656 1212//2656 1221//2656
f 1225//2657 1236//2657 1222//2657
f 1195//2658 1233//2658 1198//2658
f 1234//2659 1221//2659 1228//2659
f 1234//2660 1235//2660 1223//2660
f 1234//2661 1223//2661 1221//2661
f 1235//2662 1224//2662 1223//2662
f 1237//2663 1224//2663 1231//2663
f 1236//2664 1225//2664 1232//2664
f 1217//2665 1224//2665 1237//2665
f 1239//2666 1202//2666 1198//2666
f 1233//2667 1239//2667 1198//2667
f 1233//2668 1227//2668 1229//2668
f 1241//2669 1238//2669 1240//2669
f 1234//2670 1241//2670 1235//2670
f 1230//2671 1243//2671 1229//2671
f 1246//2672 1235//2672 1245//2672
f 1246//2673 1237//2673 1235//2673
f 1208//2674 1236//2674 1232//2674
f 1239//2675 1248//2675 1206//2675
f 1248//2676 1238//2676 1201//2676
f 1248//2677 1201//2677 1205//2677
f 1248//2678 1239//2678 1240//2678
f 1233//2679 1229//2679 1249//2679
f 1242//2680 1239//2680 1249//2680
f 1229//2681 1250//2681 1249//2681
f 1242//2682 1235//2682 1240//2682
f 1244//2683 1243//2683 1251//2683
f 1252//2684 1235//2684 1242//2684
f 1207//2685 1251//2685 1243//2685
f 1253//2686 1254//2686 1244//2686
f 1246//2687 1254//2687 1256//2687
f 1257//2688 1242//2688 1250//2688
f 1250//2689 1244//2689 1255//2689
f 1252//2690 1242//2690 1257//2690
f 1245//2691 1252//2691 1255//2691
f 1253//2692 1251//2692 1209//2692
f 1253//2693 1258//2693 1254//2693
f 1258//2694 1256//2694 1254//2694
f 1259//2695 1256//2695 1258//2695
f 1119//2696 1118//2696 1219//2696
f 1260//2697 1122//2697 1124//2697
f 1125//2698 1262//2698 1266//2698
f 1124//2699 1261//2699 1263//2699
f 1124//2700 1263//2700 1260//2700
f 1268//2701 1262//2701 1264//2701
f 1265//2702 1270//2702 1208//2702
f 1272//2703 1271//2703 1263//2703
f 1273//2704 1261//2704 1266//2704
f 1267//2705 1274//2705 1266//2705
f 1276//2706 1273//2706 1266//2706
f 1269//2707 1274//2707 1267//2707
f 1275//2708 1264//2708 1269//2708
f 1275//2709 1267//2709 1268//2709
f 1272//2710 1288//2710 1271//2710
f 1272//2711 1273//2711 1276//2711
f 1278//2712 1276//2712 1274//2712
f 1285//2713 1277//2713 1274//2713
f 1281//2714 1207//2714 1208//2714
f 1282//2715 1281//2715 1208//2715
f 1271//2716 1282//2716 1270//2716
f 1288//2717 1282//2717 1271//2717
f 1278//2718 1286//2718 1284//2718
f 1287//2719 1281//2719 1280//2719
f 1288//2720 1287//2720 1282//2720
f 1290//2721 1284//2721 1289//2721
f 1285//2722 1291//2722 1286//2722
f 1290//2723 1279//2723 1284//2723
f 1288//2724 1295//2724 1294//2724
f 1289//2725 1286//2725 1291//2725
f 1292//2726 1289//2726 1291//2726
f 1218//2727 1154//2727 1159//2727
f 1159//2728 1260//2728 1296//2728
f 1156//2729 1298//2729 1299//2729
f 1494//2730 1161//2730 1301//2730
f 1309//2731 1218//2731 1296//2731
f 1297//2732 1219//2732 1226//2732
f 1304//2733 1297//2733 1226//2733
f 1260//2734 1263//2734 1265//2734
f 1260//2735 1265//2735 1296//2735
f 1298//2736 1304//2736 1306//2736
f 1160//2737 1299//2737 1306//2737
f 1307//2738 1300//2738 1305//2738
f 1300//2739 1306//2739 1305//2739
f 1301//2740 1307//2740 1308//2740
f 1519//2741 1494//2741 1301//2741
f 1309//2742 1265//2742 1232//2742
f 1309//2743 1225//2743 1218//2743
f 1311//2744 1310//2744 1303//2744
f 1265//2745 1309//2745 1296//2745
f 1305//2746 1312//2746 1313//2746
f 1314//2747 1311//2747 1312//2747
f 1304//2748 1226//2748 1311//2748
f 1304//2749 1314//2749 1306//2749
f 1306//2750 1314//2750 1305//2750
f 1315//2751 1307//2751 1305//2751
f 1307//2752 1315//2752 1308//2752
f 1316//2753 1308//2753 1315//2753
f 1317//2754 1301//2754 1308//2754
f 1312//2755 1318//2755 1313//2755
f 1319//2756 1308//2756 1316//2756
f 1317//2757 1308//2757 1319//2757
f 1247//2758 1320//2758 1310//2758
f 1310//2759 1237//2759 1247//2759
f 1320//2760 1318//2760 1310//2760
f 1319//2761 1316//2761 1322//2761
f 1324//2762 1317//2762 1319//2762
f 1321//2763 1313//2763 1320//2763
f 1323//2764 1327//2764 1326//2764
f 1325//2765 1321//2765 1320//2765
f 1327//2766 1325//2766 1326//2766
f 1328//2767 1322//2767 1327//2767
f 1324//2768 1322//2768 1328//2768
f 1259//2769 1329//2769 1320//2769
f 1326//2770 1325//2770 1295//2770
f 1325//2771 1330//2771 1295//2771
f 1175//2772 1119//2772 1297//2772
f 1331//2773 1175//2773 1297//2773
f 1331//2774 1298//2774 1156//2774
f 1331//2775 1174//2775 1175//2775
f 1334//2776 1332//2776 1333//2776
f 1333//2777 1209//2777 1210//2777
f 1336//2778 1335//2778 1334//2778
f 1210//2779 1336//2779 1334//2779
f 1335//2780 1337//2780 1334//2780
f 1338//2781 1332//2781 1337//2781
f 1340//2782 1333//2782 1332//2782
f 1341//2783 1339//2783 1338//2783
f 1341//2784 1338//2784 1344//2784
f 1258//2785 1209//2785 1345//2785
f 1345//2786 1333//2786 1340//2786
f 1346//2787 1340//2787 1347//2787
f 1340//2788 1339//2788 1342//2788
f 1348//2789 1346//2789 1347//2789
f 1343//2790 1348//2790 1342//2790
f 1293//2791 1336//2791 1210//2791
f 1293//2792 1351//2792 1336//2792
f 1354//2793 1353//2793 1351//2793
f 1355//2794 1351//2794 1293//2794
f 1359//2795 1338//2795 1335//2795
f 1354//2796 1361//2796 1360//2796
f 1361//2797 1355//2797 1352//2797
f 1358//2798 1356//2798 1362//2798
f 1359//2799 1344//2799 1338//2799
f 1363//2800 1344//2800 1359//2800
f 1364//2801 1343//2801 1341//2801
f 1365//2802 1360//2802 1364//2802
f 1360//2803 1363//2803 1353//2803
f 1366//2804 1363//2804 1360//2804
f 1365//2805 1341//2805 1344//2805
f 1366//2806 1360//2806 1365//2806
f 1329//2807 1355//2807 1295//2807
f 1295//2808 1355//2808 1294//2808
f 1352//2809 1329//2809 1367//2809
f 1352//2810 1348//2810 1364//2810
f 1348//2811 1367//2811 1346//2811
f 1368//2812 1370//2812 1369//2812
f 1371//2813 1370//2813 1368//2813
f 1371//2814 1372//2814 1370//2814
f 1372//2815 1374//2815 1373//2815
f 1375//2816 1374//2816 1372//2816
f 1375//2817 1372//2817 1371//2817
f 1378//2818 1401//2818 1376//2818
f 1380//2819 1378//2819 1376//2819
f 1381//2820 1379//2820 1380//2820
f 1375//2821 1381//2821 1380//2821
f 1382//2822 1381//2822 1375//2822
f 1380//2823 1379//2823 1378//2823
f 1391//2824 721//2824 720//2824
f 723//2825 721//2825 1391//2825
f 946//2826 1384//2826 1386//2826
f 946//2827 1387//2827 949//2827
f 717//2828 1389//2828 1388//2828
f 718//2829 1389//2829 717//2829
f 1369//2830 1389//2830 718//2830
f 1391//2831 1393//2831 723//2831
f 1394//2832 1386//2832 1384//2832
f 1387//2833 1396//2833 955//2833
f 1387//2834 955//2834 949//2834
f 1386//2835 1394//2835 1396//2835
f 1386//2836 1396//2836 1387//2836
f 1395//2837 1389//2837 1369//2837
f 1395//2838 1388//2838 1389//2838
f 1395//2839 1373//2839 1388//2839
f 1392//2840 1399//2840 1393//2840
f 1415//2841 1402//2841 1399//2841
f 1400//2842 1397//2842 1399//2842
f 1398//2843 954//2843 1394//2843
f 1402//2844 1403//2844 1399//2844
f 1374//2845 1380//2845 1376//2845
f 1373//2846 1374//2846 1376//2846
f 1404//2847 1399//2847 1403//2847
f 1404//2848 1406//2848 1399//2848
f 1399//2849 1406//2849 1400//2849
f 1401//2850 1475//2850 962//2850
f 1407//2851 1405//2851 965//2851
f 1408//2852 1403//2852 1402//2852
f 1385//2853 740//2853 1409//2853
f 1410//2854 364//2854 969//2854
f 1409//2855 365//2855 1410//2855
f 1385//2856 1411//2856 1390//2856
f 1409//2857 1410//2857 1411//2857
f 1409//2858 1411//2858 1385//2858
f 1412//2859 1410//2859 969//2859
f 1413//2860 1391//2860 1390//2860
f 1412//2861 969//2861 974//2861
f 1413//2862 1390//2862 1414//2862
f 1412//2863 974//2863 978//2863
f 1414//2864 978//2864 1402//2864
f 1415//2865 1414//2865 1402//2865
f 1415//2866 1413//2866 1414//2866
f 982//2867 1416//2867 978//2867
f 1416//2868 1405//2868 1402//2868
f 1405//2869 986//2869 965//2869
f 767//2870 1417//2870 1368//2870
f 1418//2871 767//2871 768//2871
f 767//2872 1418//2872 1417//2872
f 1420//2873 1418//2873 768//2873
f 769//2874 1421//2874 1419//2874
f 771//2875 1423//2875 1422//2875
f 1423//2876 772//2876 1422//2876
f 1420//2877 768//2877 1419//2877
f 1426//2878 1428//2878 1422//2878
f 1426//2879 1422//2879 1427//2879
f 1418//2880 1425//2880 1424//2880
f 1420//2881 1435//2881 1425//2881
f 1435//2882 1431//2882 1429//2882
f 1436//2883 1430//2883 1421//2883
f 1428//2884 1432//2884 1436//2884
f 1424//2885 1433//2885 1371//2885
f 1424//2886 1434//2886 1433//2886
f 1429//2887 1434//2887 1425//2887
f 1435//2888 1419//2888 1430//2888
f 1432//2889 1431//2889 1436//2889
f 1433//2890 1375//2890 1371//2890
f 1377//2891 1433//2891 1434//2891
f 1448//2892 1382//2892 1377//2892
f 1437//2893 801//2893 800//2893
f 804//2894 1438//2894 802//2894
f 1439//2895 802//2895 1438//2895
f 803//2896 802//2896 1439//2896
f 804//2897 1437//2897 1393//2897
f 804//2898 801//2898 1437//2898
f 1418//2899 1424//2899 1417//2899
f 1442//2900 1427//2900 1440//2900
f 1443//2901 804//2901 1393//2901
f 1443//2902 1445//2902 1441//2902
f 1441//2903 1445//2903 1444//2903
f 1431//2904 1444//2904 1429//2904
f 1444//2905 1427//2905 1441//2905
f 1427//2906 1444//2906 1431//2906
f 1397//2907 1400//2907 1443//2907
f 1397//2908 1443//2908 1393//2908
f 1444//2909 1445//2909 1434//2909
f 1400//2910 1446//2910 1445//2910
f 1446//2911 1448//2911 1377//2911
f 1447//2912 1448//2912 1446//2912
f 1449//2913 771//2913 834//2913
f 771//2914 1450//2914 1423//2914
f 1378//2915 1451//2915 1475//2915
f 1455//2916 1383//2916 1381//2916
f 1451//2917 1452//2917 1475//2917
f 1454//2918 1453//2918 1451//2918
f 1383//2919 1455//2919 1454//2919
f 1455//2920 1480//2920 1454//2920
f 1453//2921 1457//2921 1451//2921
f 1456//2922 1121//2922 1120//2922
f 1457//2923 1460//2923 1459//2923
f 1121//2924 1456//2924 1459//2924
f 1462//2925 1461//2925 1459//2925
f 1462//2926 1463//2926 1461//2926
f 1460//2927 1462//2927 1459//2927
f 1465//2928 1462//2928 1460//2928
f 1467//2929 1460//2929 1466//2929
f 1463//2930 1468//2930 1461//2930
f 1463//2931 1462//2931 1464//2931
f 1469//2932 1463//2932 1464//2932
f 1467//2933 1469//2933 1465//2933
f 1473//2934 1469//2934 1467//2934
f 1121//2935 1470//2935 1125//2935
f 1461//2936 1470//2936 1121//2936
f 1500//2937 1470//2937 1461//2937
f 1468//2938 1500//2938 1461//2938
f 1471//2939 1500//2939 1468//2939
f 1469//2940 1472//2940 1468//2940
f 1477//2941 1407//2941 965//2941
f 1408//2942 1407//2942 1477//2942
f 1479//2943 1404//2943 1408//2943
f 1479//2944 1477//2944 1478//2944
f 1477//2945 1130//2945 1143//2945
f 1482//2946 1477//2946 1143//2946
f 1482//2947 1485//2947 1478//2947
f 1486//2948 1487//2948 1479//2948
f 1486//2949 1479//2949 1478//2949
f 1483//2950 1489//2950 1458//2950
f 1487//2951 1476//2951 1479//2951
f 1485//2952 1482//2952 1484//2952
f 1489//2953 1460//2953 1458//2953
f 1487//2954 1485//2954 1488//2954
f 1466//2955 1460//2955 1489//2955
f 1484//2956 1148//2956 1153//2956
f 1485//2957 1484//2957 1490//2957
f 1492//2958 1487//2958 1488//2958
f 1492//2959 1493//2959 1466//2959
f 1491//2960 1495//2960 1497//2960
f 1496//2961 1488//2961 1491//2961
f 1491//2962 1485//2962 1495//2962
f 1496//2963 1492//2963 1488//2963
f 1493//2964 1467//2964 1466//2964
f 1495//2965 1494//2965 1497//2965
f 1493//2966 1521//2966 1474//2966
f 1521//2967 1493//2967 1496//2967
f 1382//2968 1498//2968 1455//2968
f 1447//2969 1481//2969 1498//2969
f 1447//2970 1476//2970 1481//2970
f 1499//2971 1498//2971 1481//2971
f 1502//2972 1471//2972 1472//2972
f 1474//2973 1502//2973 1473//2973
f 1262//2974 1505//2974 1264//2974
f 1500//2975 1505//2975 1470//2975
f 1506//2976 1505//2976 1500//2976
f 1507//2977 1501//2977 1471//2977
f 1507//2978 1474//2978 1521//2978
f 1275//2979 1268//2979 1264//2979
f 1511//2980 1510//2980 1506//2980
f 1511//2981 1507//2981 1522//2981
f 1509//2982 1513//2982 1269//2982
f 1513//2983 1285//2983 1269//2983
f 1514//2984 1279//2984 1290//2984
f 1516//2985 1517//2985 1514//2985
f 1509//2986 1518//2986 1516//2986
f 1515//2987 1518//2987 1510//2987
f 1292//2988 1291//2988 1513//2988
f 1292//2989 1514//2989 1290//2989
f 1497//2990 1520//2990 1496//2990
f 1520//2991 1497//2991 1302//2991
f 1523//2992 1522//2992 1520//2992
f 1522//2993 1507//2993 1521//2993
f 1519//2994 1301//2994 1317//2994
f 1520//2995 1302//2995 1317//2995
f 1523//2996 1520//2996 1317//2996
f 1524//2997 1512//2997 1522//2997
f 1524//2998 1523//2998 1317//2998
f 1279//2999 1524//2999 1323//2999
f 1512//3000 1524//3000 1279//3000
