# Blender 5.2.2 LTS
# www.blender.org
o Coral_Clathrata_C_tmp
v -0.082720 -0.036285 0.076998
v -0.083013 -0.036375 0.077826
v -0.046309 -0.083404 0.077674
v -0.046319 -0.083242 0.083057
v -0.078332 -0.052023 0.077864
v -0.078594 -0.040597 0.077651
v -0.074837 -0.047562 0.072280
v -0.070242 -0.048978 0.080214
v -0.075056 -0.038810 0.078733
v -0.067288 -0.062559 0.077666
v -0.070738 -0.052123 0.072101
v -0.070370 -0.054671 0.074348
v -0.070022 -0.054479 0.079724
v -0.069617 -0.039698 0.069729
v -0.065730 -0.043694 0.079999
v -0.064536 -0.064696 0.076605
v -0.064922 -0.064213 0.080027
v -0.064853 -0.055507 0.072768
v -0.064819 -0.054583 0.082813
v -0.064983 -0.040111 0.069398
v -0.058648 -0.072200 0.076660
v -0.058441 -0.074834 0.080386
v -0.052338 -0.058879 0.073175
v -0.056981 -0.051139 0.072707
v -0.056811 -0.050832 0.081519
v -0.051666 -0.077907 0.076999
v -0.056859 -0.048677 0.072009
v -0.047935 -0.080601 0.076860
v -0.050813 -0.078907 0.082714
v -0.044314 -0.051001 0.082670
v -0.048607 -0.046796 0.072025
v -0.046940 -0.046581 0.072808
v -0.039858 -0.068916 0.073166
v -0.034313 -0.058928 0.072320
v -0.041939 -0.056587 0.083017
v -0.036730 -0.045400 0.072592
v -0.042653 -0.038470 0.081387
v -0.061237 -0.068386 0.083297
v -0.057542 -0.074293 0.083663
v -0.063281 -0.052072 0.083020
v -0.051774 -0.070057 0.085209
v -0.053919 -0.056990 0.084373
v -0.045858 -0.075627 0.083984
v -0.051795 -0.005228 0.010392
v -0.051839 -0.005790 0.020927
v -0.054548 0.002406 0.013009
v -0.052789 -0.002401 0.020781
v -0.046285 -0.010392 0.020589
v -0.047116 -0.010077 0.026242
v -0.048652 -0.007847 0.018620
v -0.045699 -0.002972 0.012411
v -0.043659 -0.010744 0.029060
v -0.041107 -0.010582 0.037350
v -0.044159 -0.006983 0.018065
v -0.045452 -0.007521 0.029877
v -0.044565 0.004902 0.008268
v -0.042382 -0.001974 0.034387
v -0.082427 -0.036194 0.077826
v -0.078070 -0.026221 0.071986
v -0.078109 -0.025688 0.078075
v -0.077929 -0.022952 0.075489
v -0.073248 -0.032609 0.071613
v -0.075846 -0.038808 0.075101
v -0.075666 -0.031859 0.074956
v -0.074478 -0.031190 0.078781
v -0.074597 -0.020661 0.071554
v -0.074822 -0.017704 0.075460
v -0.073291 -0.011410 0.071153
v -0.072842 -0.009814 0.074172
v -0.068790 -0.036083 0.080530
v -0.068603 -0.025796 0.079985
v -0.072055 -0.016612 0.078175
v -0.071048 -0.013100 0.078199
v -0.064566 -0.005907 0.071016
v -0.067295 -0.005142 0.077600
v -0.061167 -0.028869 0.069202
v -0.061962 -0.031158 0.077298
v -0.064687 -0.030122 0.079107
v -0.062623 -0.014944 0.067284
v -0.063762 -0.007054 0.078082
v -0.061629 -0.004134 0.071529
v -0.060258 -0.038665 0.080288
v -0.058323 -0.032358 0.076853
v -0.058303 -0.035123 0.079038
v -0.060588 -0.021069 0.067183
v -0.056155 -0.021167 0.077442
v -0.057614 -0.013139 0.066894
v -0.059568 -0.007874 0.070050
v -0.059785 -0.007773 0.075224
v -0.049516 -0.037487 0.069019
v -0.051061 -0.025227 0.067628
v -0.054198 -0.027963 0.076188
v -0.054840 -0.011024 0.069984
v -0.054273 -0.012912 0.074143
v -0.055956 -0.009674 0.073159
v -0.043651 -0.030833 0.077906
v -0.048180 -0.028831 0.067349
v -0.050621 -0.020406 0.066187
v -0.045197 -0.018619 0.075383
v -0.049145 -0.012989 0.066785
v -0.049145 -0.011512 0.070131
v -0.044958 -0.013320 0.072991
v -0.046687 -0.009524 0.067582
v -0.036288 -0.037551 0.069506
v -0.040028 -0.030488 0.068179
v -0.042717 -0.021090 0.065066
v -0.041879 -0.013621 0.066362
v -0.034426 -0.083452 0.076413
v -0.038719 -0.083580 0.082516
v -0.030786 -0.089514 0.083227
v -0.033015 -0.085086 0.080703
v -0.027399 -0.094154 0.083021
v -0.021629 -0.093828 0.077727
v -0.029210 -0.089997 0.079515
v -0.028993 -0.083738 0.083148
v -0.020628 -0.098627 0.082843
v -0.022830 -0.095387 0.080424
v -0.023849 -0.081785 0.074747
v -0.018369 -0.096293 0.080601
v -0.009091 -0.095295 0.079615
v -0.013117 -0.088045 0.074571
v -0.005976 -0.099263 0.081070
v -0.002700 -0.095513 0.080573
v -0.002266 -0.088536 0.077286
v -0.022900 -0.095651 0.083732
v -0.018369 -0.096008 0.084250
v -0.018576 -0.090675 0.085666
v -0.009013 -0.095372 0.084180
v -0.005406 -0.099267 0.083174
v -0.004743 -0.080601 0.085855
v -0.002781 -0.095707 0.084129
v 0.000845 -0.089000 0.086639
v -0.037664 -0.080902 0.083379
v -0.036168 -0.067818 0.072556
v -0.036215 -0.060082 0.082577
v -0.040165 -0.049737 0.072480
v -0.039774 -0.050160 0.083112
v -0.030451 -0.080140 0.073783
v -0.031016 -0.071966 0.082703
v -0.034065 -0.048316 0.072716
v -0.031965 -0.046412 0.083039
v -0.029837 -0.080643 0.083224
v -0.025200 -0.067418 0.082163
v -0.022702 -0.053325 0.072640
v -0.020110 -0.071792 0.074468
v -0.010228 -0.075220 0.074440
v -0.013262 -0.063152 0.071838
v -0.015365 -0.043069 0.070214
v -0.021424 -0.044561 0.080652
v -0.009852 -0.068191 0.072479
v -0.005140 -0.048748 0.081911
v -0.008694 -0.051863 0.071908
v -0.004939 -0.067166 0.082300
v -0.006233 -0.062035 0.071862
v -0.007049 -0.041362 0.079737
v 0.000161 -0.077529 0.077897
v -0.000570 -0.076028 0.077436
v 0.000318 -0.052609 0.073180
v -0.000409 -0.045608 0.082880
v -0.041829 -0.067326 0.084653
v -0.030765 -0.074581 0.083279
v -0.026504 -0.069607 0.083050
v -0.027364 -0.052254 0.083187
v -0.021499 -0.062998 0.083781
v -0.017209 -0.057765 0.083392
v -0.011756 -0.074573 0.085571
v -0.004765 -0.069290 0.083984
v -0.009645 -0.063693 0.082923
v 0.002734 -0.073711 0.086474
v 0.000841 -0.063606 0.084242
v -0.038812 -0.012348 0.033638
v -0.037913 -0.011510 0.041045
v -0.036299 -0.009225 0.027868
v -0.039268 -0.007507 0.039600
v -0.031753 -0.015453 0.041258
v -0.034898 -0.011658 0.031620
v -0.033176 -0.013615 0.039283
v -0.029988 -0.002154 0.029205
v -0.035360 0.000902 0.020911
v -0.030536 0.000688 0.041452
v -0.029670 -0.010950 0.038163
v -0.020001 0.000782 0.035360
v -0.015963 -0.001217 0.041664
v -0.037486 -0.028716 0.066525
v -0.037113 -0.030892 0.077827
v -0.037417 -0.018153 0.066230
v -0.039379 -0.014287 0.070185
v -0.040310 -0.015100 0.073247
v -0.033429 -0.023077 0.065647
v -0.031693 -0.021266 0.069905
v -0.033540 -0.021347 0.073525
v -0.031416 -0.015760 0.052392
v -0.033740 -0.012524 0.045656
v -0.033792 -0.007322 0.045274
v -0.024485 -0.038071 0.078162
v -0.018988 -0.034828 0.067327
v -0.026769 -0.027559 0.063597
v -0.023806 -0.025234 0.071672
v -0.026413 -0.020836 0.051789
v -0.026670 -0.023079 0.059952
v -0.029009 -0.023077 0.064510
v -0.027956 -0.022105 0.069380
v -0.028030 -0.018174 0.049579
v -0.028731 -0.017839 0.054113
v -0.026666 -0.017909 0.060593
v -0.024019 -0.009698 0.043022
v -0.028096 -0.012693 0.054727
v -0.026504 -0.007688 0.052968
v -0.019816 -0.028040 0.063307
v -0.022274 -0.022931 0.058734
v -0.024243 -0.016920 0.048650
v -0.020414 -0.018533 0.055323
v -0.022155 -0.015964 0.064040
v -0.015762 -0.033805 0.075932
v -0.018186 -0.026956 0.072449
v -0.017854 -0.016410 0.066984
v -0.014703 -0.036194 0.077566
v -0.011052 -0.031086 0.067669
v -0.012628 -0.021383 0.062060
v -0.014600 -0.010151 0.052494
v -0.006129 -0.010136 0.067436
v -0.006898 -0.005343 0.052442
v -0.014775 -0.005600 0.061457
v -0.006274 -0.030651 0.074836
v -0.003228 -0.028762 0.067525
v -0.004204 -0.018791 0.072413
v -0.004093 -0.010324 0.056776
v -0.008578 0.000777 0.045297
v -0.002912 -0.024116 0.066063
v -0.002751 -0.004164 0.066714
v -0.001426 0.000497 0.052602
v -0.052252 0.013977 -0.000526
v -0.051724 0.016708 -0.000759
v -0.057725 0.005263 0.004417
v -0.057761 0.006717 0.009662
v -0.057517 0.010625 0.010718
v -0.058033 0.012938 0.004099
v -0.057690 0.015846 0.005540
v -0.055242 0.004868 0.003440
v -0.054519 0.002919 0.008270
v -0.052461 0.001438 0.020160
v -0.052750 0.016161 0.013217
v -0.047801 0.012272 0.020920
v -0.054638 0.018543 0.002563
v -0.056134 0.018317 0.007410
v -0.052951 0.026455 0.004964
v -0.053747 0.027136 0.009414
v -0.051481 0.026165 0.015950
v -0.048940 0.003636 0.006219
v -0.046147 0.002723 0.026647
v -0.048671 0.011519 0.002442
v -0.047627 0.019401 0.002062
v -0.049461 0.022069 0.018115
v -0.043984 0.021472 0.024698
v -0.047032 0.023984 0.003724
v -0.047823 0.026569 0.004991
v -0.049162 0.029319 0.012938
v -0.045428 0.027347 0.022134
v -0.047504 0.006708 0.022754
v -0.043704 0.028370 0.012703
v -0.043114 0.030425 0.018921
v -0.042338 0.028330 0.028136
v -0.042621 0.032398 0.023288
v -0.041358 0.032813 0.027432
v -0.041930 0.061766 0.072306
v -0.037939 0.009419 0.014340
v -0.040791 0.010100 0.026301
v -0.037451 0.014382 0.028950
v -0.037583 0.023303 0.015885
v -0.037472 0.023616 0.032682
v -0.038303 0.027782 0.016643
v -0.034865 0.032528 0.024081
v -0.038814 0.032740 0.021652
v -0.034418 0.032329 0.034636
v -0.031582 0.007288 0.035914
v -0.037980 0.015325 0.013507
v -0.031707 0.012998 0.033952
v -0.029763 0.017283 0.036836
v -0.032759 0.026787 0.041696
v -0.026482 0.027541 0.030719
v -0.035887 0.028309 0.036126
v -0.031186 0.036373 0.041316
v -0.026754 0.003871 0.027600
v -0.030623 0.016830 0.020486
v -0.023318 0.013629 0.027658
v -0.026121 0.014840 0.040202
v -0.023496 0.021197 0.028496
v -0.029128 0.032434 0.032832
v -0.028136 0.036600 0.038727
v -0.020035 0.017664 0.030267
v -0.024200 0.037072 0.040892
v -0.017597 0.030623 0.042008
v -0.013019 0.005574 0.039302
v -0.011942 0.022265 0.037985
v -0.011696 0.017768 0.037246
v -0.006402 0.018184 0.042961
v -0.031730 0.033826 0.043155
v -0.021400 0.004375 0.048629
v -0.025993 0.023408 0.045406
v -0.024243 0.032506 0.054462
v -0.027742 0.033844 0.049748
v -0.026896 0.038537 0.050214
v -0.021193 0.013187 0.046029
v -0.021989 0.018426 0.045455
v -0.020633 0.029783 0.056422
v -0.023288 0.040916 0.049162
v -0.023287 0.038720 0.054113
v -0.019869 0.038212 0.059204
v -0.016493 0.005382 0.051263
v -0.014781 0.018919 0.050913
v -0.018225 0.038738 0.048340
v -0.017650 0.033549 0.061152
v -0.016958 0.041094 0.055354
v -0.017603 0.038643 0.064835
v -0.017294 0.041237 0.070041
v -0.009333 0.005739 0.056126
v -0.012963 0.013182 0.051240
v -0.012068 0.024569 0.059105
v -0.007769 0.033427 0.054032
v -0.013200 0.036176 0.067526
v -0.013199 0.038705 0.053199
v -0.002134 0.012651 0.062693
v -0.004498 0.018820 0.062333
v -0.007410 0.023862 0.046697
v -0.005328 0.025891 0.065724
v -0.003603 0.026757 0.053421
v -0.000563 0.035022 0.062098
v -0.011143 0.042442 0.056453
v -0.007646 0.043621 0.073802
v -0.004036 0.006042 0.060667
v -0.002165 0.012774 0.047027
v 0.000349 0.007287 0.064175
v -0.000758 0.021040 0.050540
v -0.037116 0.051399 0.070791
v -0.036984 0.051753 0.072719
v -0.039153 0.059325 0.070588
v -0.039153 0.059325 0.074075
v -0.038404 0.064951 0.070462
v -0.039366 0.063935 0.074301
v -0.037936 0.075248 0.078941
v -0.037807 0.076311 0.073234
v -0.037538 0.078605 0.077965
v -0.032030 0.045593 0.066411
v -0.031687 0.045551 0.069337
v -0.032825 0.049401 0.068931
v -0.032956 0.062873 0.067918
v -0.036288 0.065034 0.078111
v -0.031070 0.072985 0.070014
v -0.033273 0.075042 0.079838
v -0.023500 0.082747 0.070482
v -0.033814 0.080267 0.074686
v -0.033565 0.079951 0.078987
v -0.029763 0.046660 0.071838
v -0.026806 0.049688 0.066318
v -0.026944 0.053193 0.067808
v -0.029874 0.059716 0.078000
v -0.029033 0.085021 0.074528
v -0.018443 0.043669 0.064631
v -0.024000 0.045333 0.072553
v -0.017876 0.048888 0.065282
v -0.022029 0.056134 0.077853
v -0.012958 0.067197 0.069764
v -0.020332 0.074179 0.081016
v -0.017713 0.083772 0.080737
v -0.016714 0.042506 0.059512
v -0.015316 0.050072 0.078221
v -0.008496 0.053566 0.067290
v -0.010267 0.057729 0.069252
v -0.016239 0.063015 0.080343
v -0.012700 0.046936 0.062257
v -0.017769 0.044374 0.074334
v -0.009981 0.047431 0.061798
v -0.010808 0.069653 0.080506
v -0.006312 0.084522 0.073139
v -0.007734 0.044253 0.059889
v -0.003042 0.049917 0.078284
v -0.006184 0.057919 0.081280
v -0.004853 0.078161 0.072466
v -0.003760 0.079402 0.081849
v -0.001305 0.050293 0.066520
v -0.000541 0.045340 0.077619
v -0.002311 0.062752 0.070126
v -0.000879 0.082199 0.083327
v -0.031627 0.083395 0.077738
v -0.024074 0.087980 0.071902
v -0.028431 0.085201 0.078681
v -0.026728 0.088660 0.078079
v -0.020616 0.088933 0.072144
v -0.013517 0.090576 0.079333
v -0.012996 0.084558 0.072656
v -0.013234 0.090932 0.075546
v -0.011244 0.094811 0.076148
v -0.011059 0.094941 0.078501
v -0.004047 0.089316 0.081514
v -0.005028 0.091849 0.074061
v 0.001893 0.083136 0.072067
v 0.001865 0.094212 0.076101
v -0.002275 0.094520 0.080469
v 0.000103 0.093570 0.083024
v 0.002588 -0.094723 0.081233
v 0.003785 -0.087945 0.077803
v 0.009486 -0.099577 0.083132
v 0.010556 -0.093341 0.077599
v 0.007828 -0.095640 0.079885
v 0.015388 -0.098695 0.082681
v 0.017505 -0.086215 0.079189
v 0.018742 -0.091302 0.080560
v 0.024105 -0.089717 0.081577
v 0.025396 -0.083317 0.079014
v 0.035825 -0.086440 0.082251
v 0.002588 -0.094723 0.084179
v 0.007849 -0.095782 0.085600
v 0.009785 -0.093005 0.088099
v 0.010879 -0.080669 0.085508
v 0.013633 -0.094615 0.088186
v 0.012819 -0.086536 0.086883
v 0.017362 -0.093421 0.088118
v 0.018611 -0.090957 0.086075
v 0.022915 -0.090525 0.085800
v 0.025895 -0.090305 0.089044
v 0.023481 -0.084181 0.087371
v 0.024741 -0.086899 0.088756
v 0.028462 -0.090942 0.085387
v 0.035653 -0.088483 0.083557
v 0.035722 -0.083367 0.090266
v 0.036849 -0.088427 0.088538
v 0.040733 -0.084688 0.084470
v 0.039323 -0.084807 0.089905
v 0.004627 -0.080722 0.077131
v 0.006548 -0.062803 0.074998
v 0.004734 -0.052621 0.081682
v 0.011481 -0.081799 0.078619
v 0.010901 -0.074368 0.075684
v 0.017330 -0.063428 0.074912
v 0.012019 -0.044104 0.072943
v 0.009830 -0.045339 0.082381
v 0.023349 -0.077856 0.077342
v 0.023340 -0.036547 0.074985
v 0.020314 -0.041719 0.082349
v 0.025707 -0.047821 0.075314
v 0.026453 -0.064028 0.076845
v 0.036742 -0.062177 0.077658
v 0.034647 -0.056679 0.077400
v 0.037056 -0.029492 0.074711
v 0.046660 -0.077859 0.082623
v 0.041341 -0.054859 0.077541
v 0.002195 -0.054590 0.083200
v 0.014798 -0.075246 0.086423
v 0.019602 -0.059030 0.085932
v 0.010600 -0.055113 0.083363
v 0.022500 -0.076322 0.087935
v 0.024735 -0.049307 0.085964
v 0.023268 -0.043877 0.083932
v 0.025210 -0.065922 0.086460
v 0.029407 -0.073775 0.088730
v 0.029676 -0.061196 0.088204
v 0.031492 -0.057137 0.087991
v 0.026062 -0.056042 0.088174
v 0.033517 -0.035733 0.084456
v 0.038820 -0.069350 0.091288
v 0.036923 -0.052664 0.086998
v 0.042085 -0.051958 0.088157
v 0.041047 -0.042598 0.088451
v 0.005265 -0.040333 0.072636
v 0.004564 -0.013010 0.062836
v 0.009336 -0.010996 0.071846
v 0.004052 0.000432 0.057129
v 0.006034 -0.000045 0.068620
v 0.011905 -0.037275 0.072100
v 0.011526 -0.036633 0.080354
v 0.002770 -0.031921 0.076962
v 0.011586 -0.024482 0.069162
v 0.005428 -0.026553 0.077657
v 0.011127 -0.014916 0.074416
v 0.010545 -0.009661 0.063491
v 0.010397 -0.027313 0.078066
v 0.013271 -0.021906 0.077381
v 0.016435 -0.006377 0.073508
v 0.016821 -0.001246 0.072549
v 0.021503 -0.036593 0.083073
v 0.019046 -0.016132 0.067017
v 0.016657 0.000601 0.063947
v 0.021895 -0.032733 0.082556
v 0.027114 -0.029050 0.072658
v 0.027765 -0.021926 0.080590
v 0.023209 -0.014691 0.077102
v 0.025981 -0.001180 0.067220
v 0.031462 -0.032071 0.082569
v 0.031014 -0.005058 0.077746
v 0.027882 -0.001711 0.077345
v 0.035081 -0.016211 0.071716
v 0.036594 -0.012837 0.082560
v 0.036284 -0.005487 0.072791
v 0.040023 -0.005238 0.082161
v 0.047124 -0.083175 0.088916
v 0.043602 -0.071383 0.081966
v 0.056532 -0.062835 0.082401
v 0.051900 -0.041189 0.077579
v 0.057894 -0.046122 0.081264
v 0.054074 -0.055045 0.081683
v 0.061838 -0.053337 0.082576
v 0.067532 -0.043263 0.082819
v 0.044851 -0.080286 0.091279
v 0.048592 -0.079868 0.085797
v 0.048646 -0.080118 0.090473
v 0.048759 -0.075032 0.083909
v 0.050154 -0.062440 0.092561
v 0.049148 -0.048749 0.088589
v 0.051670 -0.046533 0.087346
v 0.048998 -0.044059 0.088600
v 0.052880 -0.078673 0.088346
v 0.054664 -0.074461 0.085862
v 0.054471 -0.074877 0.090876
v 0.054417 -0.069978 0.092345
v 0.052204 -0.062311 0.093580
v 0.059564 -0.059808 0.084454
v 0.054565 -0.059683 0.092777
v 0.056204 -0.052657 0.092402
v 0.055277 -0.042328 0.090017
v 0.057207 -0.073188 0.087479
v 0.057319 -0.072534 0.093680
v 0.057774 -0.069575 0.090372
v 0.059677 -0.060016 0.091351
v 0.060922 -0.057591 0.093607
v 0.062246 -0.037735 0.093576
v 0.062214 -0.041341 0.083112
v 0.063084 -0.058818 0.085938
v 0.066767 -0.057732 0.091466
v 0.066878 -0.046220 0.094571
v 0.067157 -0.056880 0.093226
v 0.069702 -0.049129 0.086657
v 0.071007 -0.049782 0.090685
v 0.069769 -0.049064 0.093959
v 0.077799 -0.041743 0.087876
v 0.073778 -0.045805 0.094026
v 0.077759 -0.042500 0.090230
v 0.078053 -0.040968 0.093238
v 0.050638 -0.018228 0.077149
v 0.048912 -0.007508 0.074833
v 0.041135 0.001357 0.072667
v 0.047017 -0.028362 0.076888
v 0.053639 -0.027409 0.079379
v 0.057682 -0.038697 0.080911
v 0.057222 -0.010460 0.077629
v 0.061333 0.000805 0.076484
v 0.057688 -0.016467 0.077714
v 0.064954 -0.039248 0.082466
v 0.063456 -0.030593 0.082103
v 0.064290 -0.007751 0.078367
v 0.072045 -0.014356 0.083194
v 0.071045 -0.003150 0.079718
v 0.044983 -0.034105 0.087891
v 0.044125 -0.025719 0.086816
v 0.040848 -0.008250 0.083869
v 0.044522 -0.004980 0.084562
v 0.053012 -0.031681 0.086931
v 0.054207 -0.034213 0.088785
v 0.048738 -0.016315 0.088346
v 0.055177 -0.026378 0.089283
v 0.057242 -0.016357 0.089139
v 0.058341 -0.011639 0.086911
v 0.054799 0.003545 0.086923
v 0.062259 -0.034219 0.092188
v 0.059499 -0.010176 0.087561
v 0.067472 -0.037481 0.092649
v 0.068631 -0.039086 0.093630
v 0.068629 -0.028488 0.092694
v 0.068421 -0.002804 0.091205
v 0.070233 -0.035836 0.086236
v 0.070988 -0.029907 0.093981
v 0.074433 -0.019237 0.094840
v 0.067482 -0.021809 0.093385
v 0.071903 -0.008997 0.093688
v 0.072228 -0.000415 0.094342
v 0.074037 -0.037083 0.090079
v 0.074841 -0.039068 0.093866
v 0.072811 -0.029837 0.087005
v 0.073261 -0.030225 0.093982
v 0.073985 -0.028322 0.090727
v 0.076364 -0.023318 0.086632
v 0.075738 -0.024600 0.090867
v 0.077626 -0.021470 0.093846
v 0.083024 -0.015901 0.087334
v 0.075594 -0.008037 0.094420
v 0.077330 0.002036 0.095700
v 0.083263 -0.017325 0.090707
v 0.083368 -0.016079 0.093684
v 0.079388 -0.009919 0.086317
v 0.083117 -0.009741 0.093016
v 0.080615 -0.007849 0.094033
v 0.082205 -0.007672 0.090968
v 0.082725 -0.001518 0.087328
v 0.082820 -0.004153 0.090561
v 0.082424 -0.002218 0.094289
v 0.007110 0.012494 0.056484
v 0.004735 0.013591 0.066899
v 0.007136 0.018770 0.056674
v 0.005520 0.023252 0.069168
v 0.005210 0.025638 0.057505
v 0.006228 0.030389 0.062702
v 0.000201 0.036235 0.074042
v 0.004039 0.040503 0.078093
v 0.016430 0.030420 0.077423
v 0.009093 0.038230 0.067315
v 0.010626 0.006545 0.069633
v 0.016172 0.010786 0.062612
v 0.013163 0.021762 0.062103
v 0.017157 0.016283 0.072971
v 0.022610 0.027828 0.067548
v 0.013724 0.038125 0.079066
v 0.025802 0.005045 0.067400
v 0.021012 0.021440 0.075568
v 0.029030 0.020136 0.080302
v 0.026403 0.029289 0.069636
v 0.025237 0.036411 0.081669
v 0.026198 0.042538 0.072081
v 0.023437 0.042120 0.083058
v 0.025121 0.011313 0.066499
v 0.028326 0.009698 0.077614
v 0.039670 0.000556 0.083247
v 0.035589 0.011321 0.080822
v 0.037753 0.024072 0.071846
v 0.031989 0.026078 0.082965
v 0.030614 0.036790 0.073150
v 0.044852 0.042151 0.075184
v 0.030421 0.040224 0.083933
v 0.040169 0.022359 0.083423
v 0.038210 0.032982 0.085077
v 0.004397 0.045309 0.067418
v 0.005131 0.065043 0.080745
v 0.009964 0.064732 0.069842
v 0.009081 0.070583 0.070049
v 0.003491 0.075724 0.081287
v 0.006337 0.079455 0.072328
v 0.012116 0.045009 0.079320
v 0.011549 0.053377 0.079548
v 0.015510 0.054441 0.068948
v 0.016945 0.064988 0.082806
v 0.010151 0.077741 0.083698
v 0.024346 0.062683 0.072327
v 0.021338 0.072791 0.073442
v 0.025127 0.052986 0.071722
v 0.023600 0.052277 0.082218
v 0.025615 0.057004 0.072825
v 0.033950 0.046306 0.073468
v 0.027111 0.061386 0.072951
v 0.031319 0.082746 0.076538
v 0.034364 0.070368 0.077264
v 0.036189 0.081009 0.079111
v 0.045853 0.051639 0.078061
v 0.035037 0.057524 0.075259
v 0.045631 0.070742 0.078815
v 0.021850 0.057237 0.083260
v 0.020626 0.071220 0.085299
v 0.022124 0.080157 0.085457
v 0.032860 0.073811 0.085772
v 0.035784 0.054191 0.085971
v 0.033164 0.064660 0.086492
v 0.035534 0.067238 0.088519
v 0.033373 0.080197 0.087404
v 0.035622 0.083767 0.088382
v 0.039963 0.055581 0.087830
v 0.039782 0.063387 0.088386
v 0.041084 0.071714 0.088549
v 0.043216 0.080182 0.085474
v 0.007311 0.097153 0.080533
v 0.011702 0.095506 0.078220
v 0.008858 0.098970 0.082738
v 0.017540 0.090866 0.076369
v 0.023799 0.088880 0.077135
v 0.020553 0.098242 0.077740
v 0.021100 0.099210 0.078797
v 0.026672 0.093847 0.082632
v 0.023755 0.095716 0.080393
v 0.027820 0.089811 0.080167
v 0.033654 0.085702 0.080006
v 0.031802 0.088783 0.083274
v 0.041399 0.083156 0.082902
v 0.004766 0.088007 0.084546
v 0.007314 0.096218 0.084309
v 0.015644 0.096004 0.085306
v 0.021387 0.099850 0.084162
v 0.024606 0.088101 0.085746
v 0.023521 0.095716 0.084313
v 0.028123 0.090248 0.084381
v 0.033451 0.085544 0.085783
v 0.040307 0.011266 0.071590
v 0.042077 0.005525 0.082920
v 0.044101 0.017434 0.073276
v 0.042291 0.033217 0.074367
v 0.050049 0.011493 0.074806
v 0.057364 0.017399 0.077026
v 0.052931 0.035515 0.076919
v 0.058096 0.030820 0.077174
v 0.072246 0.014861 0.083280
v 0.064225 0.030687 0.078983
v 0.064811 0.049292 0.082005
v 0.079984 0.008193 0.086676
v 0.074994 0.033772 0.084317
v 0.069429 0.043451 0.082384
v 0.074296 0.021369 0.082705
v 0.044110 0.003070 0.084380
v 0.042690 0.014737 0.084423
v 0.047683 0.035659 0.086278
v 0.044377 0.041677 0.087408
v 0.051232 0.010348 0.087682
v 0.050951 0.024245 0.088320
v 0.052405 0.029176 0.088085
v 0.053949 0.015338 0.087902
v 0.054444 0.022599 0.088489
v 0.056701 0.025889 0.088094
v 0.057883 0.034103 0.089585
v 0.062826 0.044576 0.092174
v 0.066392 0.009079 0.092424
v 0.066376 0.024916 0.091145
v 0.069231 0.008999 0.093794
v 0.071426 0.034929 0.090928
v 0.073752 0.013390 0.094177
v 0.074775 0.019048 0.092786
v 0.074944 0.028461 0.082726
v 0.074959 0.023018 0.092492
v 0.077993 0.025857 0.094130
v 0.074959 0.028446 0.092076
v 0.075114 0.034178 0.089781
v 0.083645 0.004865 0.087588
v 0.081660 0.008695 0.090548
v 0.080304 0.007861 0.094149
v 0.078991 0.016596 0.093505
v 0.078797 0.020393 0.085788
v 0.079816 0.018355 0.090894
v 0.078823 0.023018 0.090894
v 0.078356 0.032132 0.087909
v 0.078686 0.028446 0.090544
v 0.044411 0.060182 0.077827
v 0.043494 0.079709 0.081721
v 0.050512 0.048327 0.078330
v 0.051139 0.062326 0.077891
v 0.051853 0.061940 0.077515
v 0.048154 0.075906 0.082120
v 0.054923 0.065331 0.080175
v 0.052397 0.073230 0.082749
v 0.057696 0.046537 0.080362
v 0.062004 0.060117 0.081905
v 0.048691 0.046903 0.088875
v 0.047385 0.052404 0.087422
v 0.049418 0.054970 0.088907
v 0.047911 0.075081 0.085480
v 0.044331 0.075745 0.088117
v 0.052757 0.060365 0.089565
v 0.053001 0.069926 0.086455
v 0.055855 0.066224 0.085387
v 0.053864 0.065303 0.088556
v 0.060014 0.051799 0.090432
v 0.062343 0.062104 0.084254
v 0.066547 0.052942 0.086503
v 0.064124 0.054483 0.089585
v 0.062292 0.061928 0.088224
v 0.072640 0.043226 0.085604
v 0.072186 0.043343 0.090377
v 0.067514 0.052072 0.088696
v 0.084722 0.004837 0.090749
v 0.084102 0.005525 0.093988
vn -0.8365 -0.0294 -0.5471
vn -0.2940 -0.9543 0.0530
vn -0.2443 -0.0958 0.9650
vn -0.6018 -0.7974 0.0446
vn -0.3082 -0.4686 -0.8279
vn -0.0862 -0.1793 -0.9800
vn -0.2595 0.2596 0.9302
vn 0.1099 -0.2117 -0.9711
vn -0.5475 -0.6972 -0.4627
vn -0.3148 -0.2444 -0.9171
vn -0.5859 -0.8086 -0.0540
vn -0.1713 -0.1874 -0.9672
vn -0.1615 -0.1999 -0.9664
vn -0.0474 -0.0580 -0.9972
vn -0.0473 -0.1341 -0.9898
vn 0.2601 0.6338 -0.7284
vn -0.0896 0.1132 0.9895
vn -0.7566 -0.1742 0.6302
vn -0.8157 -0.4915 0.3052
vn 0.1155 0.4618 0.8794
vn 0.0366 0.0698 0.9969
vn 0.1062 0.1508 0.9828
vn 0.1083 0.1075 0.9883
vn -0.5651 -0.8237 -0.0464
vn -0.5951 -0.7957 -0.1129
vn -0.8074 -0.2025 0.5541
vn -0.2081 -0.9778 0.0239
vn 0.4746 -0.6955 -0.5395
vn -0.6045 -0.4947 0.6244
vn 0.4448 -0.6687 -0.5958
vn -0.8540 0.0517 0.5177
vn 0.2950 -0.9555 -0.0000
vn -0.2950 0.9555 -0.0000
vn -0.9984 0.0550 -0.0111
vn -0.8093 0.0088 -0.5873
vn -0.8055 -0.4884 0.3356
vn -0.7909 0.4630 -0.4002
vn -0.7904 0.4656 -0.3981
vn -0.4484 0.0078 -0.8938
vn -0.2108 -0.1522 0.9656
vn -0.2493 0.0557 0.9668
vn -0.5048 0.7919 -0.3436
vn -0.6947 0.3739 0.6145
vn -0.2342 0.1358 -0.9627
vn -0.1879 -0.0261 -0.9818
vn -0.3389 0.0071 -0.9408
vn -0.4578 0.8413 -0.2876
vn -0.4985 0.8129 -0.3012
vn 0.0082 -0.0664 0.9978
vn 0.4560 -0.2772 0.8457
vn 0.2049 -0.0132 0.9787
vn -0.5526 -0.1702 -0.8159
vn 0.1810 0.0530 0.9821
vn 0.8801 0.4740 0.0276
vn -0.1147 0.0677 0.9911
vn -0.1401 -0.1687 -0.9757
vn 0.1303 0.0277 0.9911
vn -0.0621 -0.2458 -0.9673
vn -0.0995 0.0010 -0.9950
vn 0.3729 0.5750 -0.7282
vn -0.2699 -0.1421 -0.9523
vn -0.0771 -0.2791 -0.9572
vn -0.7571 0.5977 -0.2638
vn -0.0493 0.4089 0.9112
vn 0.0593 -0.1979 -0.9784
vn -0.1532 -0.1785 -0.9719
vn -0.0349 0.2473 -0.9683
vn -0.2829 0.0114 0.9591
vn -0.0067 -0.9996 -0.0257
vn -0.3193 -0.9158 -0.2438
vn -0.7923 -0.5497 -0.2648
vn -0.0992 -0.6378 -0.7638
vn 0.0110 -0.7528 -0.6582
vn -0.5548 0.1833 0.8116
vn -0.3028 -0.9495 -0.0821
vn -0.2179 -0.2015 0.9549
vn 0.7421 -0.6683 0.0521
vn 0.0862 -0.1368 0.9868
vn -0.0058 -0.2551 0.9669
vn -0.0109 -0.3452 0.9385
vn -0.1009 -0.3309 -0.9383
vn 0.0561 -0.0336 0.9979
vn -0.1177 0.1165 0.9862
vn -0.1653 0.0083 -0.9862
vn 0.0300 -0.0430 0.9986
vn -0.4760 -0.1510 0.8664
vn 0.0096 0.0371 -0.9993
vn 0.0857 -0.2245 -0.9707
vn -0.2133 -0.1259 -0.9688
vn 0.1080 0.2349 0.9660
vn -0.0828 -0.1728 -0.9815
vn -0.0551 0.0285 -0.9981
vn -0.0291 -0.2102 -0.9772
vn 0.0026 0.0051 -1.0000
vn 0.2643 -0.2722 -0.9252
vn 0.1428 0.0390 -0.9890
vn -0.3173 0.1914 0.9288
vn 0.0167 -0.0884 0.9959
vn 0.0339 -0.5114 0.8587
vn 0.2681 0.2319 0.9351
vn 0.1469 0.1655 0.9752
vn 0.1473 -0.0713 0.9865
vn -0.1765 0.1956 0.9647
vn -0.3308 0.5168 0.7896
vn -0.7855 0.5675 0.2468
vn -0.1272 -0.2453 0.9611
vn -0.0792 0.0118 0.9968
vn -0.1981 0.0417 0.9793
vn -0.1521 0.0248 0.9881
vn 0.0729 0.0142 0.9972
vn 0.0657 0.2064 0.9763
vn 0.0847 0.2563 0.9629
vn -0.0608 -0.0237 0.9979
vn -0.0801 0.3826 0.9204
vn -0.5356 0.4973 0.6825
vn -0.3802 -0.9215 0.0796
vn -0.7590 -0.0220 0.6507
vn 0.5488 -0.6038 -0.5781
vn 0.6595 -0.4663 -0.5897
vn 0.5063 -0.6247 -0.5944
vn 0.6658 -0.4875 -0.5649
vn 0.6520 -0.4695 -0.5953
vn 0.2340 -0.6219 -0.7473
vn 0.7047 -0.4936 -0.5096
vn 0.6098 -0.5546 -0.5662
vn 0.5274 -0.6520 -0.5447
vn 0.0147 0.4163 0.9091
vn -0.3332 -0.3416 -0.8788
vn -0.0522 -0.6401 -0.7665
vn 0.0136 0.2040 0.9789
vn 0.6700 0.6691 -0.3216
vn 0.5898 0.7672 -0.2521
vn 0.1171 0.3508 0.9291
vn 0.0249 -0.1714 -0.9849
vn 0.2233 0.3298 0.9173
vn 0.6396 0.5780 -0.5068
vn -0.3634 -0.9231 0.1259
vn -0.5189 0.5307 0.6701
vn 0.2216 0.4306 0.8749
vn -0.8882 0.0573 -0.4558
vn 0.5837 -0.6257 -0.5175
vn -0.7535 0.4521 0.4773
vn -0.5561 -0.0305 0.8305
vn -0.9494 0.0808 0.3035
vn -0.0713 -0.5147 -0.8544
vn -0.0412 -0.9631 -0.2660
vn 0.0190 -0.6317 -0.7749
vn 0.5461 -0.6870 -0.4794
vn 0.5416 -0.5271 -0.6549
vn 0.5478 -0.6118 -0.5706
vn -0.0452 -0.2940 -0.9547
vn -0.0541 0.5472 0.8352
vn -0.3026 0.7720 0.5590
vn -0.3724 0.6672 0.6451
vn 0.5466 -0.6109 -0.5727
vn -0.5650 0.4975 0.6583
vn 0.2575 -0.4689 -0.8449
vn 0.4282 -0.5412 -0.7237
vn 0.3371 -0.6619 -0.6695
vn 0.4170 -0.6747 -0.6090
vn 0.0486 -0.2243 -0.9733
vn -0.1257 0.2195 0.9675
vn -0.4108 0.3349 0.8480
vn -0.1923 0.2285 0.9544
vn 0.3253 -0.6002 -0.7307
vn -0.2717 -0.9059 -0.3249
vn -0.9472 0.1283 0.2938
vn -0.7136 -0.6763 0.1826
vn -0.8507 -0.4933 0.1814
vn -0.2146 -0.2423 0.9462
vn -0.7264 0.0820 -0.6824
vn -0.2879 -0.3305 -0.8988
vn -0.7228 0.1700 0.6699
vn 0.3507 -0.4683 -0.8110
vn -0.1399 0.8097 -0.5699
vn -0.8380 0.0142 0.5455
vn -0.7652 0.0540 0.6416
vn -0.7893 -0.0666 0.6103
vn -0.5948 0.7391 0.3161
vn 0.4818 -0.4955 -0.7227
vn -0.7549 0.3293 0.5671
vn 0.4808 -0.3922 -0.7842
vn -0.5445 0.2363 0.8048
vn -0.6200 -0.0639 0.7820
vn -0.5220 0.7717 0.3634
vn -0.8534 0.5044 -0.1315
vn 0.6650 -0.4206 -0.6172
vn 0.7798 0.1214 -0.6141
vn 0.7856 0.1405 -0.6026
vn -0.7112 -0.2648 0.6512
vn 0.5900 0.2260 -0.7752
vn 0.3329 0.8854 -0.3243
vn 0.4161 0.6671 -0.6179
vn -0.2422 0.8941 -0.3766
vn -0.1165 0.9911 -0.0638
vn 0.6328 -0.4977 -0.5932
vn -0.6703 -0.1803 0.7198
vn -0.6286 -0.2926 0.7205
vn -0.6898 -0.4900 0.5330
vn -0.7635 -0.1942 0.6159
vn -0.8769 -0.0544 0.4776
vn 0.0485 0.9988 0.0087
vn 0.0525 0.9985 0.0166
vn -0.8966 0.3990 0.1922
vn 0.6476 -0.3327 -0.6855
vn 0.6720 0.4432 -0.5933
vn 0.7000 0.5061 -0.5038
vn 0.6916 0.5671 -0.4473
vn -0.0132 0.9997 0.0194
vn 0.5582 -0.4799 -0.6768
vn 0.5231 0.5602 -0.6423
vn 0.6024 0.5106 -0.6135
vn 0.2300 0.7761 -0.5872
vn 0.6078 0.5018 -0.6154
vn 0.6645 -0.1938 -0.7218
vn 0.4635 0.6189 -0.6341
vn -0.6528 0.4854 0.5816
vn -0.5951 -0.5066 0.6238
vn -0.5951 -0.5066 0.6239
vn -0.7693 -0.0470 0.6372
vn -0.7239 -0.1518 0.6730
vn -0.6149 -0.4881 0.6193
vn -0.1015 0.9943 -0.0321
vn -0.6035 -0.0043 0.7974
vn 0.2972 0.8529 -0.4292
vn -0.3883 0.8542 0.3458
vn -0.8875 -0.2646 0.3774
vn -0.5465 -0.5939 0.5905
vn -0.5303 -0.5311 0.6608
vn 0.5968 0.5218 -0.6095
vn 0.3485 0.8677 -0.3544
vn 0.4886 -0.4680 -0.7363
vn -0.6234 0.3390 0.7046
vn -0.6372 -0.5195 0.5693
vn -0.6002 -0.4022 0.6914
vn -0.5400 -0.5281 0.6553
vn 0.5014 0.3945 -0.7700
vn 0.6371 0.4132 -0.6507
vn 0.6511 -0.1943 -0.7337
vn -0.6119 -0.0655 0.7882
vn 0.7301 0.0602 -0.6807
vn 0.5820 0.5166 -0.6280
vn 0.6214 0.4470 -0.6434
vn -0.3997 -0.3979 0.8258
vn -0.6602 -0.7511 -0.0000
vn -0.5771 -0.0665 0.8139
vn -0.7414 -0.1723 0.6486
vn -0.9709 0.1036 -0.2158
vn -0.9564 -0.2712 0.1082
vn -0.3444 -0.9189 0.1923
vn -0.4120 0.0344 -0.9106
vn -0.1884 -0.4205 0.8875
vn -0.4269 0.4024 -0.8098
vn -0.1399 -0.9902 0.0024
vn -0.2516 -0.7982 0.5473
vn 0.0203 0.0036 0.9998
vn 0.0485 0.1940 -0.9798
vn -0.7908 0.5922 -0.1546
vn -0.3087 -0.4417 0.8424
vn -0.0572 0.4886 -0.8706
vn -0.3675 -0.3548 0.8597
vn -0.5693 0.7390 -0.3602
vn -0.5803 -0.6868 0.4377
vn -0.4529 0.1586 -0.8773
vn 0.0664 0.0727 -0.9951
vn 0.0596 0.0128 0.9981
vn -0.2210 0.3827 -0.8971
vn -0.0114 -0.5743 0.8185
vn -0.0092 -0.3538 0.9353
vn -0.0744 0.0364 0.9966
vn 0.1425 0.1363 -0.9804
vn 0.5684 0.2542 -0.7825
vn 0.2141 0.6099 -0.7630
vn -0.3821 -0.3339 0.8617
vn 0.2038 0.6252 -0.7534
vn 0.1169 0.4636 -0.8783
vn 0.0125 0.1522 -0.9883
vn -0.6928 0.6898 -0.2103
vn -0.5015 0.5303 0.6836
vn -0.0046 0.2615 -0.9652
vn -0.1306 0.2770 0.9520
vn 0.1692 0.1814 -0.9687
vn 0.2902 0.4041 -0.8674
vn -0.2900 0.9546 0.0681
vn -0.0695 0.0317 0.9971
vn -0.1757 0.3017 0.9371
vn -0.1992 0.2494 -0.9477
vn -0.1162 0.0780 -0.9902
vn 0.0250 0.6102 -0.7918
vn -0.3938 0.0585 0.9173
vn 0.0819 0.1402 -0.9867
vn -0.0649 0.2106 0.9754
vn 0.0005 0.0553 0.9985
vn 0.1737 -0.8621 -0.4760
vn 0.3873 -0.8232 0.4153
vn 0.1980 -0.5399 -0.8181
vn -0.1468 0.0338 0.9886
vn 0.4986 -0.4965 -0.7105
vn 0.7763 -0.6016 0.1882
vn 0.2120 -0.2864 -0.9344
vn 0.1937 -0.1133 -0.9745
vn -0.1346 -0.1091 -0.9849
vn 0.1304 -0.0963 -0.9868
vn 0.0995 0.0074 -0.9950
vn -0.0116 -0.0636 -0.9979
vn -0.0136 -0.1053 -0.9944
vn 0.0763 -0.2656 -0.9611
vn 0.0962 -0.1262 -0.9873
vn 0.1551 -0.0578 -0.9862
vn 0.1727 0.0075 -0.9850
vn 0.1443 -0.0865 -0.9857
vn 0.4078 -0.1241 -0.9046
vn 0.1227 -0.1084 -0.9865
vn 0.2359 -0.1213 -0.9642
vn 0.0216 -0.1127 0.9934
vn -0.2439 0.0779 0.9667
vn -0.0156 -0.1555 0.9877
vn -0.1522 0.2732 0.9498
vn -0.1424 0.3129 0.9391
vn -0.1651 0.1805 0.9696
vn -0.3001 -0.0654 0.9517
vn -0.2739 0.2508 0.9285
vn -0.5177 0.1857 0.8352
vn -0.0841 -0.0818 0.9931
vn -0.4059 0.0469 0.9127
vn -0.2562 -0.0138 0.9665
vn -0.1522 0.2810 0.9476
vn -0.1510 0.4217 0.8941
vn -0.2219 0.4485 0.8658
vn 0.5770 -0.4138 -0.7042
vn 0.0418 0.2188 0.9749
vn 0.1936 -0.2831 -0.9393
vn 0.1835 -0.3861 -0.9040
vn 0.4105 -0.2824 -0.8670
vn -0.0574 0.1555 0.9862
vn -0.4247 0.3527 0.8338
vn -0.3192 0.1779 0.9308
vn 0.2499 -0.1145 -0.9615
vn -0.2619 -0.0752 0.9622
vn -0.2038 0.3286 0.9222
vn -0.2116 0.3132 0.9258
vn 0.2923 -0.1320 -0.9472
vn 0.1046 -0.3425 -0.9337
vn 0.3063 -0.1293 -0.9431
vn 0.2721 -0.2373 -0.9325
vn 0.2788 -0.1164 -0.9533
vn -0.2893 0.1714 0.9418
vn -0.2654 -0.1340 0.9548
vn -0.0045 -0.0301 -0.9995
vn 0.1906 -0.1889 -0.9633
vn -0.4237 0.2371 0.8742
vn -0.4796 -0.0128 0.8774
vn -0.1233 0.1440 0.9819
vn 0.2152 -0.2778 -0.9362
vn 0.0306 -0.0352 -0.9989
vn 0.3408 -0.2607 -0.9033
vn 0.1364 -0.1046 -0.9851
vn 0.1816 -0.0790 -0.9802
vn 0.4975 -0.6011 -0.6255
vn -0.0136 -0.2755 0.9612
vn 0.4712 -0.5871 -0.6583
vn 0.9014 -0.4317 -0.0335
vn 0.2372 -0.3120 -0.9200
vn -0.0422 -0.1136 0.9926
vn 0.5114 -0.6146 0.6006
vn 0.1870 -0.2802 0.9415
vn -0.3936 0.5734 0.7186
vn -0.6706 0.1092 0.7337
vn -0.0573 -0.5000 0.8641
vn 0.3038 0.6890 0.6580
vn 0.6167 -0.3140 -0.7219
vn 0.5034 0.0795 -0.8604
vn 0.2680 -0.0112 0.9634
vn -0.2308 0.0169 0.9729
vn 0.4487 -0.3910 -0.8036
vn 0.0744 -0.1229 0.9896
vn 0.0604 0.3118 -0.9482
vn 0.5407 -0.3113 -0.7815
vn 0.0891 -0.1224 0.9885
vn 0.4544 -0.3639 -0.8131
vn 0.7263 -0.6619 0.1855
vn 0.1714 0.0792 -0.9820
vn 0.4542 0.1254 -0.8820
vn 0.2551 -0.0397 -0.9661
vn 0.1267 -0.1949 -0.9726
vn 0.0818 -0.0078 -0.9966
vn 0.1623 -0.1583 -0.9740
vn 0.1060 -0.0058 -0.9943
vn 0.4188 -0.1614 -0.8936
vn -0.3757 0.0852 0.9228
vn -0.4537 -0.1909 0.8705
vn -0.0946 0.1092 0.9895
vn -0.2204 -0.0504 0.9741
vn -0.3372 0.1828 0.9235
vn -0.7990 0.0609 0.5983
vn -0.2246 -0.3169 0.9215
vn -0.1883 -0.0447 0.9811
vn 0.4219 -0.0311 -0.9061
vn -0.3893 -0.0103 0.9210
vn -0.3431 0.0841 0.9355
vn 0.0184 0.1263 0.9918
vn 0.5537 0.0610 -0.8305
vn -0.5496 0.1095 0.8282
vn -0.4484 0.1038 0.8878
vn 0.3951 0.2615 -0.8806
vn 0.6652 -0.1934 -0.7212
vn 0.9773 -0.0098 0.2114
vn 0.2959 -0.2145 -0.9308
vn 0.4906 -0.2180 -0.8437
vn 0.7404 0.6594 -0.1304
vn 0.5284 0.7929 0.3033
vn 0.1844 -0.1673 0.9685
vn 0.3596 0.0602 -0.9311
vn 0.7940 0.4055 -0.4528
vn 0.9982 0.0343 -0.0493
vn 0.6513 0.6592 0.3759
vn 0.4455 0.1113 0.8883
vn -0.5216 -0.0058 0.8532
vn 0.4432 0.5694 -0.6923
vn 0.2635 0.6858 -0.6785
vn 0.4467 0.5645 -0.6941
vn 0.6230 -0.1984 -0.7567
vn 0.6380 0.2663 -0.7225
vn 0.6031 0.5264 -0.5993
vn -0.3334 -0.4480 0.8296
vn 0.3375 0.3827 -0.8600
vn -0.3383 -0.4698 0.8154
vn 0.4645 -0.2388 -0.8528
vn -0.3323 0.0873 0.9391
vn 0.5741 0.2551 -0.7780
vn -0.4006 -0.1785 0.8987
vn -0.4394 -0.0132 0.8982
vn 0.3943 0.0656 -0.9166
vn -0.3911 -0.3734 0.8412
vn -0.3830 0.1975 0.9024
vn 0.3940 -0.1010 -0.9135
vn -0.3983 -0.0144 0.9171
vn 0.4416 0.1236 -0.8887
vn -0.5115 -0.4163 0.7517
vn -0.2529 -0.3032 0.9188
vn -0.4402 -0.1191 0.8900
vn -0.5217 -0.1796 0.8340
vn -0.3802 -0.2139 0.8998
vn 0.4351 0.1699 -0.8842
vn 0.4879 0.0393 -0.8720
vn -0.3916 -0.2608 0.8824
vn 0.3820 -0.0906 -0.9197
vn 0.2544 0.1486 -0.9556
vn 0.3170 0.0821 -0.9449
vn -0.1339 -0.1743 0.9756
vn -0.3346 -0.1012 0.9369
vn -0.1960 -0.2896 0.9369
vn -0.3620 -0.0688 0.9296
vn -0.1350 -0.1767 0.9750
vn 0.3790 0.2743 -0.8838
vn -0.3972 -0.2908 0.8704
vn 0.2132 -0.2681 0.9395
vn 0.1457 -0.0116 -0.9893
vn 0.0685 0.2825 -0.9568
vn -0.0341 0.0683 -0.9971
vn -0.1152 -0.0635 0.9913
vn -0.1695 -0.1925 0.9666
vn -0.1703 -0.1588 0.9725
vn -0.2197 -0.0414 0.9747
vn -0.2276 -0.1636 0.9599
vn 0.1932 0.1878 -0.9630
vn 0.2539 0.0726 -0.9645
vn 0.2765 -0.0047 -0.9610
vn -0.2932 0.0834 0.9524
vn 0.2877 0.0828 -0.9541
vn 0.7207 0.1009 -0.6859
vn 0.1906 0.1635 -0.9680
vn 0.4850 0.0682 -0.8719
vn -0.1968 -0.4130 0.8892
vn -0.3462 -0.1650 0.9235
vn -0.1468 0.0071 0.9891
vn -0.2420 -0.2806 0.9288
vn -0.0547 0.0765 0.9956
vn -0.1651 -0.2317 0.9587
vn -0.2311 -0.0955 0.9682
vn -0.2390 0.2901 0.9267
vn 0.0119 -0.0214 0.9997
vn -0.3496 -0.1456 0.9255
vn -0.1045 0.1423 -0.9843
vn 0.0129 0.8258 -0.5637
vn 0.1098 0.4845 -0.8679
vn -0.0337 0.7827 -0.6214
vn 0.1762 0.1817 -0.9674
vn 0.1286 0.2510 -0.9594
vn 0.1575 0.1180 -0.9804
vn 0.4071 0.5687 -0.7147
vn 0.4320 0.3886 -0.8138
vn -0.2577 0.0480 0.9650
vn -0.2295 0.8230 0.5196
vn -0.0840 -0.1257 0.9885
vn -0.2075 0.0925 0.9739
vn 0.1281 0.1020 0.9865
vn 0.9388 0.3292 -0.1017
vn 0.5221 0.8523 0.0313
vn 0.3358 0.9341 -0.1211
vn 0.2998 0.9533 0.0365
vn 0.5173 0.7185 0.4650
vn 0.2961 0.0781 -0.9520
vn 0.3186 0.1017 -0.9424
vn 0.2418 -0.0078 -0.9703
vn 0.2710 0.0973 -0.9576
vn 0.2284 0.0236 -0.9733
vn 0.1965 0.1639 -0.9667
vn 0.4025 0.1259 -0.9067
vn 0.4548 0.0759 -0.8873
vn 0.2348 -0.1587 -0.9590
vn 0.3246 -0.0269 -0.9455
vn 0.3663 0.2638 -0.8923
vn -0.2519 0.0091 0.9677
vn -0.0773 -0.1673 0.9829
vn -0.0621 -0.2170 0.9742
vn -0.4995 0.0983 0.8607
vn -0.3784 -0.0501 0.9243
vn -0.0835 -0.0747 0.9937
vn -0.0230 0.0542 0.9983
vn -0.3018 0.0457 0.9523
vn -0.3368 -0.3491 0.8745
vn 0.0628 -0.0781 0.9950
vn 0.3080 -0.0975 0.9464
vn -0.4349 -0.0863 0.8963
vn -0.4011 0.3387 0.8511
vn -0.2736 0.0771 0.9588
vn -0.1382 0.0758 0.9875
vn 0.1555 0.1793 0.9714
vn 0.0756 0.0846 0.9935
vn 0.9057 0.1588 0.3931
vn 0.5573 -0.0485 -0.8289
vn 0.9756 0.0385 0.2162
vn 0.2459 0.7627 0.5982
vn 0.7579 0.1806 -0.6269
vn 0.5008 0.8623 -0.0750
vn 0.2453 0.2575 -0.9346
vn 0.2596 0.0173 -0.9655
vn 0.2379 0.2588 -0.9362
vn 0.0174 -0.0245 -0.9995
vn 0.3701 0.3637 -0.8548
vn 0.3350 0.1653 -0.9276
vn 0.2623 -0.0419 -0.9641
vn 0.3069 0.3000 -0.9032
vn 0.3938 -0.0205 -0.9190
vn 0.1657 0.1530 -0.9742
vn -0.1192 0.0321 0.9924
vn -0.1295 -0.4179 0.8992
vn -0.1176 -0.0733 0.9903
vn 0.5665 0.5221 0.6375
vn 0.5099 0.5312 0.6766
vn -0.6325 0.0540 0.7726
vn 0.0097 0.0990 0.9950
vn 0.5322 0.6321 0.5633
vn 0.6340 0.7717 -0.0504
vn -0.2177 0.0158 0.9759
vn 0.7226 0.3932 0.5685
vn 0.4438 0.4381 0.7817
vn 0.4920 0.8366 0.2411
vn 0.5711 0.5842 -0.5767
vn 0.1943 0.0466 0.9798
vn 0.6348 0.4617 -0.6196
vn 0.3033 0.0350 0.9522
vn 0.2535 -0.0174 0.9672
vn -0.4803 -0.6180 -0.6223
vn -0.9390 -0.3362 0.0728
vn -0.4805 -0.3656 0.7971
vn -0.2235 -0.1633 -0.9609
vn -0.0783 0.1073 0.9911
vn -0.5547 -0.3369 -0.7608
vn -0.2982 -0.6551 -0.6942
vn -0.5095 -0.0967 0.8550
vn -0.0124 -0.2139 -0.9768
vn -0.7867 -0.6173 -0.0017
vn -0.1955 -0.1605 -0.9675
vn 0.0060 -0.0173 -0.9998
vn 0.0194 -0.0488 -0.9986
vn 0.0205 -0.2737 -0.9616
vn 0.1415 0.3722 0.9173
vn -0.8075 -0.5384 -0.2411
vn -0.1160 -0.1996 -0.9730
vn -0.4478 -0.8897 -0.0888
vn 0.1154 -0.9930 0.0270
vn -0.8193 -0.4898 0.2981
vn -0.1337 0.0001 0.9910
vn -0.1437 -0.0012 0.9896
vn -0.2095 -0.0708 0.9752
vn -0.9404 -0.3400 0.0026
vn -0.6950 -0.7187 0.0203
vn -0.0586 -0.2823 0.9575
vn -0.0575 -0.2723 0.9605
vn -0.0793 0.3883 0.9181
vn -0.1791 -0.1082 0.9779
vn -0.9767 0.0297 0.2124
vn -0.7055 -0.7058 -0.0643
vn 0.1355 -0.9280 -0.3472
vn 0.0169 -0.6018 -0.7985
vn -0.8140 -0.5190 0.2608
vn 0.4291 -0.4682 -0.7724
vn -0.8164 -0.2250 0.5318
vn -0.7922 -0.0556 0.6077
vn -0.8540 0.0677 -0.5158
vn -0.7200 0.1362 -0.6804
vn -0.4735 0.8747 0.1033
vn -0.9246 -0.3798 0.0274
vn -0.7137 0.4256 0.5563
vn -0.0982 -0.0160 -0.9950
vn -0.9790 0.1314 -0.1560
vn -0.7254 0.2034 0.6576
vn -0.2818 0.0153 0.9593
vn -0.1971 -0.0042 0.9804
vn -0.1944 0.1189 0.9737
vn -0.2935 0.0775 0.9528
vn -0.0709 0.0067 -0.9975
vn 0.2669 0.0461 0.9626
vn -0.2636 -0.1586 -0.9515
vn 0.2879 0.5950 0.7504
vn -0.2230 0.3308 -0.9170
vn -0.0755 0.1102 0.9910
vn 0.2170 -0.0905 -0.9720
vn 0.0817 0.1780 0.9806
vn -0.2255 0.4380 -0.8702
vn -0.0746 -0.0084 -0.9972
vn 0.3676 0.7990 0.4758
vn -0.0451 0.3455 -0.9373
vn 0.5459 0.8228 -0.1580
vn -0.1083 -0.1255 -0.9862
vn 0.1905 -0.1247 0.9737
vn 0.4889 0.2253 0.8427
vn 0.8701 0.4826 0.1005
vn 0.5697 0.4692 0.6747
vn 0.0885 0.9113 -0.4021
vn 0.0704 -0.3003 -0.9512
vn -0.0630 0.0827 0.9946
vn -0.1198 0.6149 0.7794
vn -0.0620 0.3625 0.9299
vn -0.0938 0.2344 0.9676
vn -0.3785 -0.2332 -0.8957
vn 0.2099 -0.1186 0.9705
vn -0.0142 0.0832 -0.9964
vn 0.0927 0.8973 0.4315
vn 0.0935 0.3510 0.9317
vn 0.0325 -0.3673 -0.9295
vn -0.0420 0.1754 -0.9836
vn 0.0355 -0.1664 -0.9854
vn -0.1078 0.1881 0.9762
vn -0.7874 -0.6159 0.0245
vn -0.0493 0.8101 0.5842
vn -0.4933 -0.6763 -0.5471
vn 0.0617 -0.5467 -0.8351
vn -0.1464 -0.8268 -0.5431
vn -0.1709 -0.2663 -0.9486
vn -0.2097 -0.1905 0.9590
vn 0.1356 -0.2458 -0.9598
vn 0.2012 -0.4277 -0.8813
vn -0.0422 -0.9987 0.0300
vn -0.7853 -0.5617 -0.2603
vn -0.8023 -0.5934 -0.0644
vn -0.1345 -0.3765 0.9166
vn 0.0682 -0.9946 0.0776
vn -0.1888 0.0720 0.9794
vn -0.7871 -0.6168 0.0030
vn 0.0247 -0.2556 0.9665
vn 0.8065 -0.5910 -0.0140
vn -0.1168 -0.1519 -0.9815
vn -0.2114 -0.0496 0.9761
vn -0.0265 0.0468 -0.9986
vn -0.1359 -0.5110 -0.8488
vn 0.1917 -0.3686 0.9096
vn 0.1258 -0.0747 -0.9892
vn 0.0302 0.0366 -0.9989
vn 0.0401 -0.0059 -0.9992
vn -0.0544 0.1327 0.9897
vn -0.2414 -0.4091 -0.8800
vn 0.1062 -0.0485 -0.9932
vn 0.0528 -0.3250 0.9442
vn 0.0700 -0.0885 -0.9936
vn 0.1885 0.1731 0.9667
vn -0.0197 -0.0058 -0.9998
vn -0.0111 -0.0237 -0.9997
vn -0.0939 -0.2629 -0.9602
vn -0.1172 -0.2030 -0.9721
vn -0.0256 0.1953 0.9804
vn 0.2395 -0.0639 -0.9688
vn 0.0212 -0.1120 -0.9935
vn -0.0017 0.2819 0.9594
vn 0.3125 -0.0162 -0.9498
vn 0.2810 -0.1540 -0.9473
vn 0.2781 -0.2562 -0.9258
vn 0.1194 -0.2123 -0.9699
vn 0.0199 -0.0060 0.9998
vn 0.0890 -0.1228 0.9884
vn 0.1665 0.1501 0.9745
vn -0.1005 0.0192 0.9948
vn 0.0545 -0.0007 0.9985
vn -0.0538 -0.0170 0.9984
vn -0.3275 0.0164 0.9447
vn 0.0139 0.0627 0.9979
vn -0.1818 0.0827 0.9799
vn 0.0926 0.0395 0.9949
vn -0.0259 0.0169 0.9995
vn 0.5019 0.5623 0.6572
vn 0.1475 0.0225 0.9888
vn -0.4369 -0.8866 0.1518
vn 0.0386 -0.9661 -0.2554
vn -0.8194 0.0743 0.5684
vn 0.0748 -0.9790 -0.1896
vn 0.3212 0.8865 0.3330
vn 0.5071 -0.8009 -0.3185
vn -0.0721 -0.2350 -0.9693
vn 0.1289 0.1554 -0.9794
vn 0.6386 0.6897 0.3413
vn 0.1052 0.4051 0.9082
vn -0.7030 0.2363 0.6708
vn -0.3207 -0.3309 -0.8875
vn 0.1035 0.1993 -0.9745
vn 0.6163 0.6939 -0.3724
vn -0.7197 0.0070 0.6943
vn 0.2133 0.2731 0.9380
vn -0.8057 -0.5916 0.0300
vn -0.8211 -0.5707 0.0091
vn -0.2676 0.0426 -0.9626
vn -0.0672 -0.3271 -0.9426
vn -0.1564 -0.5782 -0.8008
vn -0.8393 -0.3319 -0.4306
vn 0.1823 0.9559 -0.2303
vn 0.2358 0.9614 0.1419
vn -0.5831 -0.8124 -0.0048
vn 0.2926 0.2997 0.9081
vn -0.8189 -0.5676 -0.0846
vn -0.8387 -0.5177 -0.1687
vn -0.7688 0.4154 0.4861
vn -0.8773 0.4703 0.0957
vn 0.1326 0.4089 0.9029
vn -0.6031 0.5297 0.5964
vn -0.0777 -0.6854 -0.7240
vn -0.6540 0.4791 0.5855
vn 0.2035 -0.9001 -0.3853
vn 0.5566 -0.6432 -0.5258
vn -0.5570 0.7783 0.2898
vn 0.0146 0.4505 0.8926
vn 0.7333 -0.4319 -0.5251
vn -0.0618 -0.3541 -0.9331
vn 0.0180 0.4596 0.8879
vn -0.0817 0.5377 0.8392
vn 0.5603 -0.5861 -0.5852
vn -0.5687 0.4807 0.6675
vn -0.0109 0.3537 0.9353
vn 0.1641 -0.2611 -0.9512
vn 0.3516 -0.5247 -0.7753
vn -0.2992 0.5006 0.8123
vn 0.0028 -0.1870 -0.9823
vn -0.0209 0.3607 0.9325
vn 0.2880 -0.3053 -0.9077
vn 0.1688 -0.6161 -0.7694
vn -0.0429 0.4408 0.8966
vn -0.9992 -0.0399 0.0042
vn -0.2610 0.4506 0.8537
vn 0.2968 -0.5884 -0.7521
vn -0.2661 0.4354 0.8600
vn 0.3162 -0.5152 -0.7966
vn 0.4764 -0.6093 -0.6339
vn -0.1545 0.4203 0.8941
vn 0.2430 -0.4179 -0.8754
vn 0.5919 -0.5381 -0.6001
vn 0.4669 -0.4161 -0.7803
vn -0.6022 -0.1441 -0.7852
vn -0.9963 0.0419 0.0755
vn -0.9443 -0.3264 -0.0412
vn -0.7715 -0.6320 -0.0732
vn -0.6340 0.1778 -0.7526
vn -0.7621 0.4431 0.4722
vn -0.7799 0.1893 0.5966
vn -0.9212 0.2788 -0.2714
vn -0.7521 0.6270 -0.2030
vn -0.8368 0.1231 0.5334
vn -0.8412 0.1073 0.5301
vn -0.7033 0.3596 0.6133
vn -0.0174 -0.9281 -0.3720
vn 0.2958 -0.4210 -0.8575
vn 0.6151 -0.1190 -0.7794
vn -0.7771 0.1592 0.6089
vn -0.1095 0.3514 -0.9298
vn -0.0212 0.9877 -0.1551
vn -0.0051 0.4389 -0.8985
vn -0.7161 0.0158 0.6978
vn 0.6904 0.5154 -0.5077
vn 0.7353 -0.1294 -0.6652
vn 0.7191 -0.1395 -0.6808
vn 0.1485 0.9347 -0.3230
vn 0.1507 0.9418 -0.3005
vn -0.8448 0.3846 0.3720
vn -0.8878 -0.0175 0.4600
vn -0.5755 0.4500 0.6829
vn -0.5632 0.5559 0.6114
vn 0.7419 -0.2540 -0.6205
vn -0.7012 0.1112 0.7042
vn 0.7459 -0.0881 -0.6602
vn -0.5815 -0.0489 0.8121
vn -0.7471 -0.1458 0.6485
vn 0.0604 0.7125 -0.6991
vn -0.6873 0.2569 0.6794
vn -0.5241 0.4971 0.6915
vn 0.6953 -0.0958 -0.7123
vn 0.6561 0.1854 -0.7316
vn 0.6753 0.2273 -0.7017
vn -0.6905 0.4595 0.5587
vn -0.2012 0.8156 -0.5425
vn 0.6906 -0.2391 -0.6826
vn -0.7591 0.1967 0.6205
vn -0.7193 -0.1326 0.6820
vn 0.6671 0.2179 -0.7124
vn 0.6325 0.1591 -0.7581
vn 0.6318 -0.3529 -0.6902
vn 0.6480 -0.2239 -0.7280
vn 0.6798 -0.0818 -0.7289
vn 0.6420 0.2691 -0.7179
vn 0.6580 -0.4855 -0.5755
vn 0.6418 -0.0266 -0.7664
vn -0.8688 0.0245 0.4946
vn 0.7197 0.1506 -0.6777
vn -0.8555 0.0178 0.5175
vn -0.6594 0.4191 0.6241
vn -0.7479 0.1777 0.6396
vn -0.8513 0.1024 0.5146
vn -0.5843 0.7587 -0.2882
vn -0.7154 0.2131 0.6654
vn -0.6655 -0.4584 0.5890
vn -0.7890 0.0818 0.6089
vn -0.4361 0.8225 0.3651
vn -0.2952 0.9205 -0.2559
vn -0.8127 0.1567 0.5612
vn -0.4975 0.2562 0.8288
vn -0.5299 -0.4186 0.7376
vn -0.5336 -0.5932 0.6029
vn 0.6072 0.5174 -0.6029
vn -0.6381 -0.3537 0.6840
vn -0.4789 0.5558 0.6795
vn -0.7083 -0.0426 0.7047
vn -0.7208 0.0988 0.6861
vn -0.5523 0.2523 0.7946
vn -0.5195 0.2375 0.8208
vn -0.5311 -0.1204 0.8387
vn -0.7845 -0.1379 0.6046
vn 0.5967 0.5172 -0.6136
vn -0.6355 -0.4485 0.6285
vn -0.6179 -0.6885 0.3797
vn -0.3907 0.5385 0.7466
vn -0.7118 -0.2340 0.6622
vn 0.6665 0.4692 -0.5793
vn 0.7571 0.4476 -0.4759
vn 0.6283 0.6388 -0.4439
vn -0.9633 -0.2447 0.1106
vn 0.6675 -0.2560 -0.6992
vn 0.6834 -0.2674 -0.6793
vn 0.5780 0.5779 -0.5761
vn -0.3909 -0.4407 0.8080
vn -0.4247 -0.0720 -0.9025
vn -0.4956 0.0465 -0.8673
vn -0.6604 0.7502 0.0330
vn -0.9922 0.1250 0.0009
vn -0.9931 0.1176 -0.0005
vn -0.7667 -0.0667 0.6386
vn -0.1698 0.4860 -0.8573
vn -0.2742 -0.3494 0.8959
vn -0.3296 0.2501 -0.9104
vn -0.1925 -0.1103 0.9751
vn -0.3194 0.2404 -0.9166
vn -0.1681 0.2935 0.9411
vn -0.6060 0.7287 -0.3189
vn -0.3400 0.9363 0.0885
vn -0.3725 0.4566 -0.8079
vn -0.1024 0.1340 -0.9857
vn -0.7493 -0.1534 0.6442
vn -0.5821 -0.8006 -0.1421
vn -0.1397 -0.0756 -0.9873
vn -0.2032 -0.4012 0.8932
vn -0.1203 -0.1037 0.9873
vn 0.0788 0.0603 -0.9951
vn -0.0784 0.1658 0.9830
vn 0.0013 0.0470 -0.9989
vn -0.7845 0.5568 0.2730
vn -0.2611 -0.7780 0.5714
vn -0.9779 -0.1579 0.1368
vn -0.2530 -0.9014 -0.3514
vn -0.0337 0.3900 -0.9202
vn -0.3386 0.6978 -0.6312
vn -0.1311 -0.2378 0.9624
vn -0.0109 0.6600 -0.7512
vn -0.2461 0.9462 -0.2100
vn -0.1750 0.6633 -0.7276
vn -0.2086 -0.1727 0.9626
vn 0.0301 -0.0492 0.9983
vn 0.1373 0.1384 -0.9808
vn 0.5999 0.2872 -0.7467
vn 0.1570 0.8008 -0.5780
vn -0.0074 -0.6413 0.7673
vn 0.0015 -0.5640 0.8258
vn -0.2407 0.6791 -0.6935
vn -0.1773 -0.1715 0.9691
vn 0.1837 0.1051 -0.9774
vn -0.0995 -0.0649 0.9929
vn -0.0666 0.2724 -0.9599
vn -0.8543 0.5125 0.0870
vn -0.5369 0.1657 -0.8272
vn -0.4996 0.8656 0.0350
vn -0.8842 0.4542 0.1085
vn -0.1571 0.2099 0.9650
vn -0.8727 0.4878 -0.0192
vn -0.1516 0.2416 0.9585
vn -0.1343 0.9866 -0.0929
vn 0.0608 0.6027 -0.7957
vn 0.0678 0.4141 -0.9077
vn 0.0455 0.9986 -0.0271
vn -0.1797 0.2810 0.9427
vn 0.1204 -0.4650 -0.8771
vn -0.4690 0.0163 0.8831
vn -0.6166 0.3514 0.7045
vn -0.2928 -0.3900 -0.8730
vn 0.0343 -0.6272 -0.7781
vn 0.1231 -0.3903 -0.9124
vn 0.3992 -0.4155 -0.8173
vn 0.3703 -0.1568 -0.9156
vn 0.1537 -0.9868 -0.0505
vn 0.1624 -0.3949 -0.9042
vn -0.1723 -0.9850 -0.0000
vn 0.0608 -0.3785 0.9236
vn -0.9197 -0.3926 -0.0063
vn -0.3183 -0.5017 0.8043
vn 0.1622 -0.7674 0.6204
vn -0.2238 -0.5974 0.7701
vn -0.2472 -0.5471 0.7997
vn 0.0075 0.1813 0.9834
vn -0.0568 0.2100 0.9760
vn 0.9151 -0.3994 0.0550
vn 0.2990 -0.9493 -0.0973
vn 0.9065 -0.4196 0.0478
vn 0.4391 0.4311 0.7883
vn 0.0864 -0.2467 0.9652
vn -0.8056 -0.0736 0.5879
vn 0.0957 -0.3027 0.9483
vn -0.0890 -0.9734 -0.2113
vn -0.0651 -0.9898 0.1267
vn 0.1676 -0.9854 -0.0292
vn 0.6086 -0.7815 -0.1373
vn 0.0948 -0.1032 -0.9901
vn 0.0979 0.3277 0.9397
vn -0.4573 -0.4567 -0.7631
vn 0.2366 -0.0286 -0.9712
vn -0.1379 -0.0886 -0.9865
vn 0.0517 -0.1312 0.9900
vn -0.0140 -0.1051 -0.9944
vn 0.0936 -0.5503 -0.8297
vn -0.0437 -0.1863 -0.9815
vn 0.0523 -0.2705 -0.9613
vn 0.2016 -0.0803 -0.9762
vn 0.2014 -0.0829 -0.9760
vn 0.0816 -0.0157 -0.9965
vn 0.2218 -0.2390 -0.9453
vn 0.1341 -0.3363 -0.9322
vn 0.0488 -0.1026 -0.9935
vn -0.2180 0.1714 0.9608
vn 0.1780 0.0865 0.9802
vn 0.4171 0.1528 0.8959
vn 0.0226 0.1078 0.9939
vn 0.0213 0.5930 0.8049
vn -0.0120 0.1166 0.9931
vn -0.1339 0.1898 0.9727
vn -0.2527 0.1409 0.9572
vn -0.1958 -0.0240 0.9803
vn 0.0078 0.0280 0.9996
vn -0.2125 0.0811 0.9738
vn -0.1502 0.4428 0.8839
vn -0.0290 -0.0752 0.9967
vn -0.0417 0.0426 0.9982
vn -0.1789 0.1837 0.9666
vn -0.2437 -0.1245 0.9618
vn -0.2516 -0.1710 0.9526
vn 0.0407 0.0342 0.9986
vn -0.1539 0.0567 0.9865
vn -0.2652 0.2742 0.9244
vn -0.2013 0.1409 0.9693
vn -0.2821 0.0461 0.9583
vn -0.4337 0.0478 0.8998
vn -0.2541 0.4932 0.8320
vn -0.2519 0.2554 0.9334
vn 0.3251 -0.1722 -0.9299
vn 0.1490 -0.3061 -0.9403
vn -0.4190 0.0904 0.9035
vn -0.0942 -0.0820 0.9922
vn -0.0235 -0.1229 -0.9921
vn -0.1238 0.4179 0.9000
vn -0.2090 0.3560 0.9108
vn 0.2812 -0.3256 -0.9027
vn -0.2282 0.4589 0.8587
vn 0.3754 -0.5204 -0.7670
vn 0.0241 -0.2232 -0.9745
vn -0.2743 0.1978 0.9411
vn -0.1691 0.3404 0.9249
vn 0.1213 -0.3472 -0.9299
vn -0.3434 0.1974 0.9182
vn -0.0802 0.2408 0.9673
vn 0.2518 -0.2107 -0.9446
vn 0.2128 -0.5130 0.8316
vn 0.1129 -0.3406 -0.9334
vn -0.2476 0.2502 0.9360
vn -0.2151 0.2346 0.9480
vn -0.2070 0.2828 0.9366
vn 0.1721 -0.3700 -0.9129
vn -0.0142 0.1864 0.9824
vn -0.3930 0.1867 0.9004
vn -0.3953 0.2614 0.8806
vn 0.4860 0.0330 -0.8733
vn -0.0319 0.4437 0.8956
vn -0.1201 0.0875 0.9889
vn -0.2937 0.0788 0.9527
vn -0.5535 0.2908 0.7804
vn 0.2087 -0.9774 0.0327
vn 0.1720 -0.0188 -0.9849
vn 0.2253 -0.1569 -0.9616
vn 0.1201 -0.0900 -0.9887
vn 0.3094 0.0100 -0.9509
vn 0.3024 -0.1734 -0.9373
vn -0.0928 -0.0520 0.9943
vn 0.5127 -0.6985 -0.4993
vn -0.0446 -0.0364 0.9983
vn 0.7388 -0.2670 -0.6187
vn 0.4142 0.1037 -0.9043
vn 0.3182 -0.0543 -0.9465
vn 0.2019 0.1105 0.9732
vn -0.1772 0.2622 0.9486
vn 0.4339 0.0118 0.9009
vn 0.3062 -0.5765 -0.7575
vn 0.2979 -0.9531 -0.0545
vn -0.1354 -0.1048 0.9852
vn 0.9214 -0.3885 0.0032
vn -0.5728 -0.2413 0.7834
vn -0.2078 0.2584 0.9434
vn 0.4747 -0.8784 -0.0547
vn -0.1135 0.5812 0.8058
vn 0.9809 -0.1931 -0.0220
vn 0.9881 -0.1537 -0.0018
vn 0.5060 0.0071 0.8625
vn 0.7109 -0.2719 -0.6487
vn 0.2714 0.0500 0.9612
vn 0.2837 -0.9583 -0.0336
vn 0.1796 -0.3319 -0.9261
vn -0.5784 -0.3763 0.7238
vn -0.5248 0.1465 0.8385
vn 0.2222 -0.7228 0.6543
vn 0.8591 -0.3243 0.3960
vn 0.5942 -0.3181 -0.7387
vn -0.1856 0.0139 0.9825
vn 0.7658 -0.4924 -0.4135
vn 0.8155 -0.4683 -0.3401
vn 0.2295 -0.1815 -0.9562
vn 0.6637 -0.6741 -0.3242
vn 0.5803 -0.7215 0.3776
vn 0.7114 -0.6724 -0.2042
vn 0.0856 -0.1259 0.9883
vn 0.7461 -0.6200 0.2427
vn 0.2104 0.0274 -0.9772
vn -0.4096 0.2257 0.8839
vn 0.3080 -0.1533 -0.9390
vn 0.1402 -0.1172 -0.9832
vn 0.3635 -0.1061 -0.9255
vn 0.5076 -0.0265 -0.8612
vn 0.3522 -0.0008 -0.9359
vn 0.2621 -0.1633 -0.9511
vn 0.2524 -0.1886 -0.9491
vn 0.1947 -0.2176 -0.9564
vn 0.2087 -0.0049 -0.9780
vn 0.3097 -0.1645 -0.9365
vn 0.2706 -0.1168 -0.9556
vn 0.3501 -0.2489 -0.9030
vn -0.3073 0.2038 0.9295
vn -0.4888 0.0677 0.8698
vn -0.3596 0.0964 0.9281
vn -0.4579 0.3401 0.8213
vn -0.0729 0.5665 0.8208
vn 0.0774 0.1345 0.9879
vn -0.4381 0.0690 0.8963
vn -0.0922 -0.4093 0.9077
vn -0.1109 0.1349 0.9846
vn -0.0926 0.0333 0.9951
vn -0.0812 0.4410 0.8938
vn -0.0105 0.3131 0.9497
vn 0.1154 0.5776 0.8081
vn -0.7801 0.4063 0.4757
vn -0.3953 -0.0929 0.9138
vn -0.1110 -0.1575 -0.9813
vn 0.1510 -0.4665 -0.8715
vn 0.0715 0.1131 0.9910
vn -0.2192 0.1587 0.9627
vn -0.2644 -0.1440 0.9536
vn 0.4663 0.2242 -0.8557
vn 0.4679 -0.0884 -0.8793
vn -0.0844 0.0059 0.9964
vn -0.4531 0.0538 0.8898
vn 0.4677 -0.1894 -0.8633
vn -0.2157 0.3148 0.9243
vn -0.4491 0.1341 0.8834
vn -0.6219 -0.0360 0.7823
vn 0.6177 0.6830 -0.3899
vn -0.0056 -0.0368 0.9993
vn 0.9776 0.1761 -0.1153
vn 0.1179 0.8456 0.5206
vn 0.9499 0.0287 -0.3112
vn 0.8733 -0.4805 -0.0797
vn 0.3434 -0.1961 0.9185
vn 0.0480 -0.5870 0.8082
vn -0.2238 0.0542 0.9731
vn 0.3209 -0.2005 -0.9257
vn -0.1771 -0.0681 0.9818
vn 0.6892 -0.7155 -0.1146
vn 0.9902 -0.1369 -0.0272
vn 0.1881 -0.0063 0.9821
vn 0.6633 -0.6983 0.2690
vn 0.1196 0.0248 0.9925
vn 0.8779 -0.2034 -0.4335
vn 0.8710 -0.0934 -0.4824
vn 0.5537 -0.1209 -0.8239
vn 0.9169 -0.3061 0.2562
vn 0.1462 -0.1495 0.9779
vn 0.7141 0.0182 -0.6998
vn 0.9978 0.0362 -0.0557
vn -0.3811 0.4353 0.8157
vn 0.6841 -0.2671 -0.6788
vn -0.6231 -0.0089 0.7821
vn -0.5026 -0.1427 0.8527
vn 0.4747 -0.0922 -0.8753
vn 0.6245 0.4535 -0.6359
vn -0.3670 -0.4370 0.8212
vn -0.3681 -0.4551 0.8108
vn -0.4086 -0.4076 0.8166
vn -0.4512 0.1801 0.8741
vn -0.4714 -0.0525 0.8804
vn 0.5715 0.1190 -0.8120
vn -0.4363 -0.0158 0.8996
vn 0.3142 0.3148 -0.8957
vn 0.4239 0.1707 -0.8895
vn -0.1593 -0.2590 0.9527
vn 0.4353 0.1228 -0.8919
vn -0.3929 -0.1621 0.9052
vn 0.3372 0.0369 -0.9407
vn 0.4013 -0.0874 -0.9118
vn -0.2516 -0.2855 0.9248
vn -0.4471 -0.0037 0.8945
vn -0.3872 -0.0067 0.9220
vn -0.3629 -0.1213 0.9239
vn -0.3553 -0.2105 0.9107
vn 0.2465 -0.1920 -0.9499
vn 0.2991 0.2619 -0.9176
vn -0.4350 -0.1915 0.8798
vn 0.0046 0.0676 0.9977
vn 0.1587 0.1884 -0.9692
vn 0.1205 0.0561 -0.9911
vn -0.2276 -0.0916 0.9694
vn -0.0281 0.0312 -0.9991
vn -0.0984 0.1336 -0.9861
vn -0.1340 -0.0361 0.9903
vn 0.0055 -0.1404 0.9901
vn 0.3869 0.2694 -0.8819
vn -0.1339 -0.0297 0.9905
vn 0.3043 0.2014 -0.9310
vn -0.0545 -0.1316 0.9898
vn 0.2262 0.1640 -0.9602
vn 0.1990 -0.0785 -0.9769
vn 0.2034 0.3021 -0.9313
vn -0.3375 -0.1133 0.9345
vn 0.1435 0.1598 -0.9767
vn 0.1922 -0.0346 -0.9807
vn 0.1831 -0.0151 -0.9830
vn 0.2015 -0.0407 -0.9787
vn -0.7185 0.2639 -0.6435
vn 0.2825 0.1245 -0.9512
vn 0.2838 0.0136 -0.9588
vn -0.2112 -0.1012 0.9722
vn 0.3480 0.1624 -0.9233
vn 0.1484 -0.0190 -0.9887
vn 0.3100 0.1205 -0.9431
vn 0.1294 0.1596 -0.9787
vn -0.1154 -0.3685 0.9224
vn -0.3129 -0.0960 0.9449
vn -0.6438 -0.3681 0.6709
vn -0.2755 -0.2123 0.9376
vn -0.1015 0.0836 0.9913
vn -0.2946 -0.1209 0.9479
vn -0.0362 -0.0116 0.9993
vn -0.2902 -0.0281 0.9566
vn -0.6719 0.0358 0.7397
vn -0.2363 -0.0508 0.9703
vn -0.2707 0.7755 -0.5704
vn -0.3217 -0.3848 0.8651
vn -0.0325 -0.2450 0.9690
vn -0.0036 -0.0752 -0.9972
vn -0.2507 0.9197 -0.3022
vn 0.1528 0.3514 -0.9237
vn 0.1100 0.3040 -0.9463
vn 0.1843 0.1536 -0.9708
vn -0.1234 0.2299 -0.9654
vn 0.7367 0.2948 -0.6086
vn 0.6963 0.3124 -0.6462
vn -0.0872 0.5304 0.8433
vn 0.4137 0.5574 -0.7199
vn 0.5368 0.4286 -0.7267
vn 0.3771 0.5640 -0.7346
vn 0.5166 0.7496 -0.4138
vn -0.3709 0.9014 0.2234
vn -0.8293 0.5423 0.1348
vn -0.1169 0.0649 0.9910
vn -0.0635 -0.0164 0.9978
vn -0.1158 -0.1420 0.9831
vn -0.0590 -0.0146 0.9982
vn -0.0565 0.9917 -0.1152
vn 0.8865 0.4596 0.0531
vn 0.5606 0.2296 0.7956
vn -0.1705 0.0175 0.9852
vn 0.1110 0.3973 0.9109
vn -0.6665 0.2252 0.7107
vn 0.8760 0.4803 0.0438
vn 0.4276 0.0658 -0.9015
vn 0.3710 0.8813 0.2927
vn -0.1794 0.1510 0.9721
vn 0.4790 -0.0551 -0.8761
vn 0.2509 -0.0164 -0.9679
vn 0.2720 0.0246 -0.9620
vn 0.1381 -0.0096 -0.9904
vn 0.1750 0.0013 -0.9846
vn 0.2254 0.0856 -0.9705
vn 0.3858 -0.0109 -0.9225
vn 0.2788 0.2566 -0.9254
vn 0.3922 0.2362 -0.8890
vn 0.2807 -0.0787 -0.9566
vn -0.4192 0.0422 0.9069
vn -0.3632 0.2354 0.9015
vn -0.5928 -0.0911 0.8001
vn -0.4074 -0.1206 0.9053
vn -0.4111 -0.0164 0.9115
vn -0.3281 -0.0686 0.9421
vn -0.2319 0.0102 0.9727
vn -0.2166 -0.2197 0.9512
vn 0.0031 -0.0458 0.9989
vn 0.0587 0.0793 0.9951
vn -0.1243 -0.1599 0.9793
vn -0.2948 0.0595 0.9537
vn -0.3854 -0.1039 0.9169
vn -0.2472 -0.0223 0.9687
vn -0.3099 -0.1265 0.9423
vn -0.5566 -0.1782 0.8114
vn -0.1028 0.0734 0.9920
vn -0.0845 -0.2013 0.9759
vn -0.0204 0.2421 0.9700
vn -0.1458 0.0949 0.9848
vn -0.5207 0.0653 0.8512
vn 0.3796 -0.0303 -0.9246
vn 0.5498 -0.0451 -0.8341
vn 0.4155 0.2148 -0.8839
vn 0.9099 0.1648 0.3807
vn 0.8929 0.1851 -0.4104
vn 0.3818 0.0507 0.9229
vn 0.3248 0.7337 0.5968
vn -0.0243 0.2428 0.9698
vn 0.9720 0.2071 -0.1114
vn 0.9996 0.0240 -0.0174
vn 0.2783 -0.6856 0.6727
vn 0.7787 0.1397 -0.6116
vn 0.6067 0.2813 0.7435
vn 0.3516 0.3898 -0.8511
vn 0.2474 0.0619 -0.9669
vn 0.1300 0.1479 -0.9804
vn 0.0342 -0.0328 -0.9989
vn -0.0209 0.0955 -0.9952
vn 0.3706 0.3655 -0.8539
vn -0.5785 -0.3551 -0.7343
vn -0.0524 0.6453 -0.7622
vn 0.2533 0.1869 -0.9491
vn -0.2119 -0.0982 0.9723
vn 0.2082 0.0450 -0.9771
vn 0.4233 0.2900 -0.8583
vn -0.4527 0.1258 0.8827
vn -0.1859 -0.5396 0.8212
vn 0.0739 0.0473 0.9961
vn -0.1035 -0.0570 0.9930
vn -0.0917 -0.0052 0.9958
vn 0.7186 0.6615 0.2145
vn 0.5411 0.8398 0.0441
vn 0.7340 0.6352 -0.2402
vn 0.1393 0.1682 0.9759
vn 0.9568 0.2764 0.0905
vn 0.5709 0.6569 0.4925
vn -0.2002 0.1554 0.9674
vn -0.1315 -0.0111 0.9913
vn 0.4923 0.8390 -0.2319
vn 0.8712 0.3054 -0.3843
vn 0.1088 0.1755 0.9784
vn 0.0375 0.2481 0.9680
vn 0.7948 0.4615 0.3941
vn 0.1063 0.1889 0.9762
vn 0.8736 0.4814 0.0712
vn 0.6444 0.4606 -0.6104
vn 0.3725 0.1886 0.9087
vn 0.9508 0.2983 0.0831
vn 0.5889 0.8060 0.0600
vn 0.6922 0.2639 -0.6717
vn 0.9612 -0.1995 -0.1905
vn 0.3691 0.4941 -0.7871
vn 0.8541 0.5201 -0.0023
vn 0.9541 -0.1980 0.2248
vn 0.7637 0.5930 -0.2550
vn 0.7826 0.6222 0.0177
vn 0.1524 0.1809 0.9716
vn -0.2928 0.0007 0.9562
vn -0.5410 -0.4586 -0.7050
vn -0.7540 -0.1751 0.6331
vn -0.3242 0.1212 0.9382
vn -0.8067 -0.5027 -0.3107
vn -0.0742 -0.3865 -0.9193
vn 0.0766 0.0660 -0.9949
vn -0.5168 -0.8105 0.2758
vn -0.1927 0.0311 0.9808
vn -0.9625 -0.2705 -0.0185
vn -0.9560 0.0708 0.2846
vn -0.7379 -0.5329 -0.4142
vn -0.7390 0.4878 0.4647
vn -0.9693 0.2456 0.0144
vn -0.7665 0.2863 0.5749
vn -0.0858 0.1226 0.9887
vn 0.5580 0.7062 0.4358
vn 0.1914 0.2311 0.9539
vn -0.0310 0.3759 -0.9261
vn 0.4794 0.7329 0.4827
vn 0.4451 0.8955 0.0012
vn 0.5900 0.4994 0.6345
vn -0.0219 0.8341 -0.5512
vn 0.0678 0.9119 0.4048
vn 0.1297 0.4030 0.9060
vn 0.0805 -0.2992 -0.9508
vn -0.1306 0.1055 -0.9858
vn -0.4705 -0.6551 -0.5912
vn -0.4708 -0.6567 -0.5892
vn 0.1085 -0.5264 -0.8433
vn -0.1299 -0.2591 0.9571
vn 0.1050 -0.9943 -0.0186
vn -0.6960 -0.6931 0.1874
vn 0.7250 -0.6597 -0.1980
vn -0.1652 -0.1917 -0.9674
vn 0.1059 -0.0497 -0.9931
vn -0.0043 -0.1206 0.9927
vn 0.0780 -0.0694 0.9945
vn 0.0700 -0.0054 0.9975
vn -0.2366 0.0570 0.9699
vn -0.4351 -0.8873 0.1532
vn -0.3553 -0.9230 0.1476
vn 0.3683 0.8123 0.4522
vn 0.6211 0.6898 0.3720
vn -0.7362 0.0423 0.6755
vn -0.2484 0.0726 -0.9659
vn -0.0920 0.9292 -0.3579
vn 0.4046 0.8252 0.3942
vn -0.5984 -0.8005 -0.0333
vn -0.9523 -0.0367 0.3031
vn -0.7243 0.0434 0.6881
vn 0.1847 0.3673 0.9116
vn -0.1908 -0.6170 -0.7635
vn -0.6877 0.4255 0.5882
vn 0.0052 0.4548 0.8906
vn -0.0859 0.5120 0.8547
vn 0.0220 0.4147 0.9097
vn 0.2103 -0.3945 -0.8945
vn -0.9915 0.0598 0.1153
vn -0.3731 -0.0534 -0.9263
vn -0.7934 0.3427 -0.5030
vn -0.9300 0.3000 -0.2124
vn -0.9431 0.0291 0.3313
vn -0.7213 0.4002 0.5653
vn 0.5535 -0.1765 -0.8139
vn -0.0723 0.3037 -0.9500
vn -0.1715 0.9218 -0.3478
vn -0.7612 0.0930 0.6418
vn 0.7295 0.4678 -0.4989
vn -0.5240 0.7574 0.3897
vn -0.9340 0.2450 0.2600
vn -0.5848 0.4561 0.6708
vn -0.6016 0.2478 0.7594
vn 0.6828 -0.0711 -0.7272
vn -0.3608 0.8649 -0.3490
vn 0.6083 0.2126 -0.7647
vn -0.8979 0.3672 0.2428
vn -0.8114 -0.0833 0.5786
vn -0.8568 0.4095 0.3135
vn -0.1090 0.9767 -0.1850
vn -0.7291 0.1498 0.6679
vn 0.4173 0.8307 0.3686
vn -0.4872 0.5520 0.6767
vn -0.6487 -0.0462 0.7597
vn -0.7299 -0.1939 0.6555
vn 0.6124 0.4954 -0.6161
vn -0.9614 -0.2753 -0.0000
vn -0.3389 -0.1110 -0.9342
vn -0.5316 -0.2946 0.7941
vn -0.4256 0.3696 -0.8260
vn -0.2926 0.1464 0.9449
vn -0.3872 0.3479 -0.8538
vn -0.1122 0.1205 -0.9863
vn -0.1758 -0.4214 0.8897
vn -0.0990 -0.1402 0.9852
vn -0.1244 0.0628 0.9902
vn -0.9447 -0.1693 -0.2808
vn -0.2778 -0.7900 0.5465
vn -0.0339 0.4142 -0.9096
vn -0.1589 0.9377 -0.3090
vn -0.6081 0.7173 -0.3403
vn -0.8916 0.4505 0.0454
vn -0.1926 0.1558 -0.9688
vn 0.0612 0.9963 -0.0598
vn -0.1995 0.2577 0.9454
vn 0.1746 -0.4285 -0.8865
vn -0.3547 -0.4132 -0.8388
vn -0.0156 -0.6957 -0.7181
vn 0.2389 -0.1982 -0.9506
vn 0.1803 -0.9836 -0.0000
vn -0.1911 -0.9813 -0.0237
vn -0.3389 -0.4567 0.8225
vn 0.2480 -0.7388 0.6266
vn 0.1038 -0.9925 0.0646
vn -0.0041 -0.1851 0.9827
vn -0.7171 -0.1864 0.6716
vn -0.0375 -0.3306 0.9430
vn -0.1127 0.0798 -0.9904
vn -0.0173 0.2366 0.9715
vn -0.0456 0.1393 0.9892
vn -0.1966 0.1439 0.9699
vn -0.2116 -0.0542 0.9759
vn -0.2918 0.1883 0.9378
vn -0.2581 0.2007 0.9450
vn -0.2604 0.1540 0.9531
vn 0.1994 -0.5218 0.8295
vn -0.0192 -0.0029 0.9998
vn 0.5485 -0.3204 -0.7723
vn -0.4166 -0.2606 0.8709
vn -0.4079 0.1433 0.9017
vn 0.5890 -0.8047 0.0741
vn 0.9854 -0.1694 0.0184
vn 0.3271 -0.1605 0.9313
vn 0.3068 -0.9516 -0.0176
vn 0.1280 -0.9034 0.4093
vn 0.8832 -0.4680 0.0310
vn 0.3180 -0.0894 -0.9439
vn -0.2976 0.0913 0.9503
vn -0.3655 0.3431 0.8653
vn 0.1457 0.3629 0.9204
vn -0.0379 0.0298 0.9988
vn -0.0378 -0.0199 0.9991
vn 0.1807 0.8084 0.5603
vn 0.9046 -0.4262 0.0048
vn 0.2752 -0.0520 0.9600
vn -0.1909 -0.6139 0.7660
vn -0.2088 0.0582 0.9762
vn -0.2175 -0.0861 0.9723
vn 0.7214 -0.6182 -0.3122
vn 0.6673 -0.6838 0.2953
vn 0.0774 -0.0164 0.9969
vn 0.9010 -0.3231 -0.2895
vn 0.8854 -0.1020 0.4534
vn 0.0792 -0.0705 0.9944
vn 0.7108 0.0284 -0.7029
vn -0.5081 -0.1576 0.8468
vn 0.5279 -0.1783 -0.8304
vn 0.6636 0.0199 -0.7478
vn 0.3168 0.3923 -0.8635
vn 0.2032 0.2428 -0.9486
vn -0.4126 0.0485 0.9096
vn -0.3687 -0.2210 0.9029
vn 0.3167 -0.0762 -0.9455
vn -0.0310 -0.0554 0.9980
vn -0.0394 0.2371 -0.9707
vn -0.0455 -0.1679 0.9847
vn 0.3093 0.1947 -0.9308
vn 0.3085 0.0660 -0.9489
vn -0.1746 -0.1570 0.9720
vn -0.3846 -0.0745 0.9201
vn -0.2325 0.6956 -0.6798
vn 0.7316 0.2700 -0.6260
vn -0.1321 0.4585 0.8788
vn 0.1298 0.2012 0.9709
vn 0.8151 0.5685 -0.1113
vn 0.0651 0.4573 0.8869
vn 0.0792 0.2881 0.9543
vn 0.4460 0.6790 0.5831
vn 0.2636 0.1465 -0.9534
vn -0.2191 0.1107 0.9694
vn -0.3617 -0.1560 0.9192
vn -0.3064 0.0763 0.9488
vn -0.1620 0.0809 0.9835
vn -0.1374 0.0795 0.9873
vn 0.3418 0.3413 0.8756
vn 0.5141 -0.2349 -0.8249
vn 0.9831 0.0838 -0.1628
vn 0.3596 0.0766 0.9299
vn 0.9972 0.0479 -0.0578
vn 0.3122 0.5708 0.7594
vn 0.3609 0.3713 -0.8555
vn 0.3056 0.1610 -0.9385
vn -0.2446 -0.1223 0.9619
vn 0.3462 0.8199 0.4560
vn 0.8407 0.2134 -0.4977
vn 0.9698 0.2429 0.0233
vn 0.0730 0.1967 0.9777
vn 0.8306 0.5351 -0.1540
vn 0.2175 0.2956 0.9302
vn 0.9683 0.2465 -0.0396
vn 0.9391 -0.1221 -0.3213
vn 0.9559 -0.2067 0.2087
vn 0.6731 0.6380 -0.3739
vn 0.4982 0.7845 0.3692
s 0
f 7//1 5//1 6//1
f 13//2 5//2 12//2
f 8//3 5//3 13//3
f 10//4 16//4 17//4
f 18//5 10//5 12//5
f 14//6 20//6 11//6
f 15//7 8//7 40//7
f 20//8 24//8 18//8
f 22//9 21//9 26//9
f 24//10 27//10 23//10
f 29//11 26//11 28//11
f 33//12 28//12 26//12
f 23//13 33//13 26//13
f 23//14 34//14 33//14
f 23//15 27//15 34//15
f 32//16 136//16 31//16
f 25//17 30//17 37//17
f 17//18 38//18 19//18
f 22//19 39//19 38//19
f 42//20 25//20 40//20
f 42//21 41//21 160//21
f 42//22 160//22 35//22
f 42//23 35//23 30//23
f 45//24 44//24 50//24
f 45//25 50//25 49//25
f 47//26 45//26 49//26
f 49//27 48//27 52//27
f 173//28 48//28 54//28
f 55//29 49//29 52//29
f 51//30 54//30 44//30
f 57//31 55//31 53//31
f 2//32 1//32 58//32
f 58//33 1//33 2//33
f 59//34 60//34 61//34
f 64//35 62//35 63//35
f 60//36 64//36 65//36
f 61//37 66//37 59//37
f 66//38 61//38 67//38
f 62//39 14//39 7//39
f 9//40 15//40 70//40
f 71//41 65//41 70//41
f 69//42 74//42 68//42
f 69//43 73//43 75//43
f 76//44 14//44 62//44
f 66//45 76//45 62//45
f 79//46 66//46 68//46
f 81//47 74//47 75//47
f 75//48 74//48 69//48
f 70//49 15//49 82//49
f 86//50 78//50 77//50
f 71//51 78//51 86//51
f 85//52 76//52 79//52
f 80//53 71//53 86//53
f 81//54 89//54 88//54
f 82//55 15//55 25//55
f 76//56 90//56 27//56
f 77//57 83//57 92//57
f 91//58 76//58 85//58
f 87//59 98//59 85//59
f 93//60 87//60 88//60
f 97//61 90//61 91//61
f 91//62 85//62 98//62
f 103//63 100//63 101//63
f 84//64 37//64 96//64
f 105//65 90//65 97//65
f 106//66 97//66 98//66
f 103//67 107//67 100//67
f 8//68 6//68 5//68
f 3//69 108//69 109//69
f 109//70 108//70 111//70
f 114//71 110//71 111//71
f 119//72 116//72 117//72
f 119//73 113//73 120//73
f 110//74 115//74 111//74
f 125//75 112//75 117//75
f 110//76 112//76 125//76
f 126//77 116//77 119//77
f 130//78 127//78 128//78
f 128//79 129//79 131//79
f 128//80 131//80 132//80
f 28//81 108//81 3//81
f 137//82 35//82 135//82
f 37//83 30//83 137//83
f 33//84 34//84 134//84
f 141//85 137//85 135//85
f 111//86 115//86 142//86
f 140//87 144//87 34//87
f 138//88 118//88 113//88
f 144//89 147//89 145//89
f 149//90 163//90 165//90
f 140//91 148//91 144//91
f 152//92 147//92 144//92
f 148//93 152//93 144//93
f 152//94 154//94 147//94
f 157//95 146//95 150//95
f 158//96 154//96 152//96
f 155//97 151//97 159//97
f 160//98 43//98 133//98
f 142//99 133//99 111//99
f 160//100 161//100 139//100
f 143//101 135//101 160//101
f 143//102 160//102 139//102
f 162//103 139//103 161//103
f 143//104 139//104 162//104
f 164//105 143//105 162//105
f 135//106 143//106 164//106
f 163//107 135//107 164//107
f 164//108 162//108 115//108
f 164//109 115//109 166//109
f 165//110 164//110 168//110
f 164//111 166//111 167//111
f 168//112 164//112 167//112
f 166//113 130//113 169//113
f 167//114 166//114 169//114
f 170//115 153//115 167//115
f 52//116 48//116 171//116
f 174//117 53//117 172//117
f 51//118 173//118 54//118
f 179//119 173//119 51//119
f 173//120 176//120 48//120
f 178//121 176//121 173//121
f 179//122 178//122 173//122
f 181//123 175//123 177//123
f 178//124 181//124 176//124
f 206//125 181//125 178//125
f 178//126 182//126 183//126
f 96//127 37//127 185//127
f 105//128 184//128 104//128
f 105//129 97//129 184//129
f 96//130 185//130 99//130
f 107//131 187//131 186//131
f 187//132 107//132 103//132
f 185//133 37//133 141//133
f 189//134 184//134 106//134
f 99//135 185//135 191//135
f 186//136 190//136 189//136
f 172//137 177//137 193//137
f 194//138 180//138 57//138
f 198//139 185//139 195//139
f 205//140 200//140 201//140
f 206//141 175//141 181//141
f 192//142 207//142 193//142
f 192//143 204//143 207//143
f 207//144 204//144 205//144
f 209//145 196//145 197//145
f 200//146 199//146 210//146
f 211//147 199//147 203//147
f 212//148 199//148 211//148
f 206//149 211//149 175//149
f 183//150 206//150 178//150
f 104//151 148//151 140//151
f 217//152 214//152 195//152
f 202//153 216//153 213//153
f 213//154 216//154 208//154
f 206//155 183//155 220//155
f 208//156 216//156 223//156
f 209//157 218//157 196//157
f 212//158 220//158 219//158
f 212//159 219//159 210//159
f 183//160 222//160 220//160
f 218//161 225//161 148//161
f 215//162 224//162 226//162
f 223//163 221//163 230//163
f 226//164 224//164 471//164
f 227//165 465//165 219//165
f 234//166 239//166 240//166
f 241//167 46//167 47//167
f 235//168 234//168 240//168
f 235//169 46//169 241//169
f 236//170 235//170 242//170
f 233//171 232//171 244//171
f 249//172 44//172 240//172
f 241//173 47//173 250//173
f 251//174 239//174 232//174
f 252//175 233//175 244//175
f 253//176 242//176 243//176
f 253//177 243//177 254//177
f 248//178 242//178 253//178
f 248//179 257//179 247//179
f 249//180 56//180 44//180
f 250//181 47//181 57//181
f 251//182 56//182 249//182
f 243//183 259//183 267//183
f 254//184 243//184 267//184
f 258//185 261//185 248//185
f 261//186 258//186 263//186
f 179//187 51//187 56//187
f 276//188 252//188 255//188
f 269//189 276//189 255//189
f 270//190 254//190 268//190
f 271//191 269//191 260//191
f 261//192 271//192 260//192
f 273//193 272//193 271//193
f 263//194 273//194 261//194
f 264//195 273//195 263//195
f 283//196 178//196 179//196
f 268//197 277//197 278//197
f 270//198 268//198 278//198
f 270//199 278//199 279//199
f 262//200 270//200 281//200
f 281//201 270//201 279//201
f 264//202 272//202 273//202
f 274//203 272//203 264//203
f 274//204 281//204 282//204
f 266//205 283//205 179//205
f 287//206 271//206 272//206
f 280//207 287//207 272//207
f 288//208 280//208 272//208
f 274//209 288//209 272//209
f 182//210 178//210 283//210
f 291//211 280//211 288//211
f 291//212 292//212 280//212
f 289//213 291//213 288//213
f 292//214 287//214 280//214
f 295//215 293//215 285//215
f 292//216 294//216 287//216
f 298//217 180//217 208//217
f 279//218 278//218 299//218
f 279//219 299//219 300//219
f 286//220 303//220 304//220
f 278//221 286//221 304//221
f 299//222 278//222 304//222
f 282//223 291//223 289//223
f 304//224 303//224 310//224
f 306//225 311//225 291//225
f 308//226 313//226 307//226
f 308//227 312//227 314//227
f 305//228 310//228 318//228
f 320//229 305//229 318//229
f 311//230 319//230 292//230
f 313//231 321//231 311//231
f 293//232 228//232 183//232
f 330//233 316//233 230//233
f 318//234 310//234 323//234
f 318//235 323//235 325//235
f 320//236 318//236 325//236
f 328//237 319//237 321//237
f 328//238 327//238 319//238
f 295//239 331//239 293//239
f 322//240 330//240 332//240
f 296//241 331//241 295//241
f 333//242 296//242 324//242
f 327//243 326//243 319//243
f 329//244 320//244 601//244
f 265//245 336//245 337//245
f 265//246 337//246 339//246
f 339//247 347//247 340//247
f 338//248 339//248 341//248
f 343//249 344//249 345//249
f 335//250 334//250 345//250
f 338//251 346//251 336//251
f 356//252 335//252 353//252
f 357//253 350//253 351//253
f 344//254 343//254 358//254
f 353//255 344//255 359//255
f 347//256 356//256 361//256
f 348//257 362//257 346//257
f 313//258 308//258 365//258
f 366//259 359//259 371//259
f 367//260 360//260 354//260
f 361//261 359//261 366//261
f 370//262 365//262 358//262
f 371//263 315//263 320//263
f 360//264 370//264 358//264
f 362//265 368//265 355//265
f 364//266 363//266 373//266
f 372//267 375//267 370//267
f 366//268 329//268 376//268
f 366//269 376//269 377//269
f 373//270 369//270 377//270
f 378//271 362//271 374//271
f 380//272 327//272 375//272
f 380//273 375//273 372//273
f 329//274 381//274 376//274
f 367//275 380//275 372//275
f 380//276 367//276 368//276
f 378//277 382//277 368//277
f 384//278 357//278 351//278
f 384//279 352//279 386//279
f 388//280 350//280 385//280
f 387//281 364//281 389//281
f 390//282 350//282 388//282
f 391//283 390//283 388//283
f 389//284 391//284 388//284
f 394//285 364//285 379//285
f 389//286 364//286 394//286
f 392//287 395//287 391//287
f 396//288 378//288 374//288
f 397//289 395//289 392//289
f 394//290 383//290 399//290
f 406//291 403//291 401//291
f 414//292 132//292 413//292
f 417//293 413//293 415//293
f 423//294 408//294 424//294
f 420//295 423//295 424//295
f 424//296 408//296 410//296
f 422//297 420//297 425//297
f 424//298 410//298 427//298
f 428//299 426//299 427//299
f 430//300 157//300 154//300
f 432//301 401//301 429//301
f 430//302 433//302 157//302
f 464//303 430//303 158//303
f 432//304 406//304 401//304
f 430//305 434//305 433//305
f 464//306 435//306 430//306
f 437//307 409//307 406//307
f 437//308 433//308 434//308
f 440//309 434//309 435//309
f 438//310 440//310 435//310
f 443//311 441//311 440//311
f 441//312 409//312 437//312
f 444//313 443//313 440//313
f 496//314 409//314 441//314
f 169//315 130//315 414//315
f 436//316 431//316 450//316
f 169//317 414//317 448//317
f 450//318 170//318 449//318
f 436//319 452//319 453//319
f 448//320 451//320 454//320
f 450//321 449//321 458//321
f 452//322 450//322 458//322
f 455//323 421//323 422//323
f 451//324 421//324 455//324
f 456//325 454//325 455//325
f 455//326 425//326 460//326
f 457//327 507//327 462//327
f 224//328 159//328 471//328
f 221//329 226//329 466//329
f 231//330 467//330 227//330
f 159//331 436//331 470//331
f 472//332 464//332 229//332
f 465//333 472//333 229//333
f 467//334 475//334 227//334
f 473//335 476//335 477//335
f 478//336 466//336 474//336
f 468//337 466//337 479//337
f 469//338 438//338 435//338
f 480//339 470//339 439//339
f 474//340 477//340 485//340
f 486//341 474//341 485//341
f 482//342 481//342 475//342
f 481//343 484//343 438//343
f 482//344 487//344 481//344
f 491//345 484//345 481//345
f 487//346 491//346 481//346
f 478//347 486//347 489//347
f 478//348 489//348 490//348
f 444//349 440//349 438//349
f 491//350 444//350 484//350
f 489//351 492//351 494//351
f 480//352 439//352 453//352
f 483//353 480//353 459//353
f 497//354 496//354 442//354
f 443//355 446//355 442//355
f 446//356 498//356 499//356
f 499//357 501//357 500//357
f 499//358 502//358 501//358
f 427//359 410//359 445//359
f 425//360 428//360 503//360
f 427//361 445//361 504//361
f 505//362 495//362 504//362
f 496//363 497//363 512//363
f 460//364 505//364 507//364
f 505//365 511//365 513//365
f 505//366 513//366 514//366
f 515//367 517//367 507//367
f 519//368 509//368 518//368
f 510//369 509//369 519//369
f 521//370 522//370 514//370
f 497//371 520//371 512//371
f 516//372 497//372 500//372
f 518//373 517//373 523//373
f 518//374 524//374 525//374
f 501//375 527//375 516//375
f 529//376 524//376 530//376
f 526//377 502//377 499//377
f 502//378 531//378 527//378
f 529//379 530//379 533//379
f 502//380 534//380 531//380
f 536//381 535//381 532//381
f 539//382 491//382 493//382
f 543//383 498//383 541//383
f 548//384 543//384 542//384
f 538//385 546//385 542//385
f 546//386 538//386 544//386
f 545//387 549//387 544//387
f 549//388 546//388 544//388
f 549//389 550//389 548//389
f 492//390 553//390 554//390
f 620//391 494//391 555//391
f 552//392 463//392 557//392
f 558//393 553//393 559//393
f 555//394 554//394 558//394
f 556//395 557//395 559//395
f 553//396 556//396 559//396
f 562//397 555//397 561//397
f 526//398 499//398 543//398
f 559//399 557//399 563//399
f 560//400 559//400 572//400
f 566//401 525//401 529//401
f 569//402 547//402 548//402
f 570//403 565//403 566//403
f 568//404 564//404 573//404
f 569//405 534//405 502//405
f 569//406 577//406 575//406
f 578//407 575//407 579//407
f 550//408 580//408 577//408
f 588//409 550//409 551//409
f 537//410 534//410 575//410
f 576//411 537//411 575//411
f 571//412 582//412 587//412
f 588//413 583//413 550//413
f 589//414 583//414 588//414
f 589//415 587//415 586//415
f 590//416 589//416 591//416
f 589//417 590//417 587//417
f 322//418 332//418 596//418
f 600//419 333//419 326//419
f 600//420 599//420 333//420
f 600//421 326//421 327//421
f 595//422 467//422 231//422
f 599//423 597//423 333//423
f 600//424 607//424 599//424
f 601//425 598//425 603//425
f 604//426 600//426 327//426
f 601//427 603//427 602//427
f 482//428 475//428 467//428
f 605//429 468//429 479//429
f 607//430 597//430 599//430
f 598//431 596//431 608//431
f 608//432 605//432 479//432
f 618//433 606//433 607//433
f 603//434 598//434 612//434
f 479//435 478//435 490//435
f 611//436 482//436 606//436
f 608//437 479//437 490//437
f 614//438 618//438 609//438
f 612//439 613//439 603//439
f 610//440 615//440 617//440
f 612//441 608//441 619//441
f 612//442 619//442 613//442
f 603//443 613//443 623//443
f 616//444 624//444 614//444
f 493//445 487//445 611//445
f 620//446 490//446 489//446
f 618//447 493//447 611//447
f 614//448 622//448 618//448
f 622//449 687//449 618//449
f 627//450 623//450 621//450
f 615//451 623//451 626//451
f 617//452 615//452 626//452
f 627//453 621//453 688//453
f 628//454 623//454 627//454
f 629//455 327//455 380//455
f 381//456 329//456 602//456
f 630//457 377//457 376//457
f 637//458 629//458 380//458
f 382//459 637//459 380//459
f 631//460 637//460 382//460
f 635//461 602//461 610//461
f 630//462 636//462 638//462
f 639//463 630//463 638//463
f 636//464 635//464 643//464
f 638//465 636//465 643//465
f 631//466 640//466 637//466
f 641//467 631//467 632//467
f 642//468 616//468 637//468
f 635//469 617//469 643//469
f 640//470 642//470 637//470
f 640//471 644//471 642//471
f 640//472 631//472 641//472
f 649//473 648//473 647//473
f 383//474 633//474 639//474
f 638//475 653//475 654//475
f 639//476 654//476 655//476
f 657//477 653//477 643//477
f 656//478 654//478 658//478
f 655//479 656//479 660//479
f 626//480 628//480 705//480
f 659//481 664//481 656//481
f 664//482 659//482 663//482
f 656//483 664//483 661//483
f 395//484 396//484 374//484
f 666//485 667//485 397//485
f 667//486 669//486 395//486
f 668//487 667//487 666//487
f 669//488 670//488 396//488
f 670//489 647//489 634//489
f 670//490 669//490 671//490
f 670//491 675//491 647//491
f 678//492 649//492 676//492
f 399//493 383//493 679//493
f 399//494 666//494 398//494
f 679//495 383//495 639//495
f 399//496 679//496 680//496
f 682//497 681//497 684//497
f 673//498 685//498 675//498
f 684//499 673//499 674//499
f 685//500 677//500 675//500
f 686//501 678//501 676//501
f 661//502 665//502 678//502
f 689//503 687//503 622//503
f 690//504 689//504 622//504
f 689//505 691//505 540//505
f 690//506 692//506 689//506
f 625//507 693//507 690//507
f 693//508 694//508 690//508
f 695//509 545//509 692//509
f 695//510 698//510 545//510
f 701//511 695//511 694//511
f 720//512 701//512 696//512
f 720//513 696//513 699//513
f 620//514 555//514 702//514
f 628//515 627//515 704//515
f 628//516 704//516 705//516
f 688//517 702//517 706//517
f 703//518 706//518 707//518
f 707//519 709//519 710//519
f 707//520 710//520 708//520
f 704//521 708//521 712//521
f 705//522 704//522 712//522
f 709//523 706//523 562//523
f 711//524 710//524 709//524
f 716//525 714//525 574//525
f 714//526 716//526 718//526
f 715//527 714//527 718//527
f 723//528 715//528 721//528
f 718//529 585//529 727//529
f 728//530 718//530 727//530
f 728//531 726//531 730//531
f 720//532 729//532 701//532
f 722//533 731//533 733//533
f 722//534 733//534 723//534
f 732//535 720//535 699//535
f 724//536 732//536 699//536
f 650//537 625//537 645//537
f 734//538 650//538 651//538
f 736//539 625//539 650//539
f 737//540 650//540 734//540
f 739//541 649//541 735//541
f 736//542 693//542 625//542
f 742//543 736//543 737//543
f 740//544 737//544 652//544
f 738//545 743//545 742//545
f 742//546 697//546 696//546
f 657//547 705//547 745//547
f 662//548 745//548 746//548
f 663//549 662//549 746//549
f 748//550 747//550 665//550
f 748//551 665//551 661//551
f 745//552 744//552 746//552
f 748//553 664//553 749//553
f 748//554 750//554 747//554
f 739//555 735//555 665//555
f 746//556 744//556 749//556
f 752//557 751//557 750//557
f 752//558 750//558 748//558
f 741//559 739//559 747//559
f 740//560 754//560 743//560
f 713//561 717//561 759//561
f 755//562 700//562 697//562
f 759//563 717//563 724//563
f 585//564 594//564 762//564
f 5//565 11//565 12//565
f 13//566 12//566 10//566
f 10//567 19//567 13//567
f 14//568 11//568 7//568
f 15//569 9//569 8//569
f 18//570 16//570 10//570
f 18//571 12//571 11//571
f 19//572 8//572 13//572
f 20//573 18//573 11//573
f 21//574 17//574 16//574
f 16//575 23//575 21//575
f 31//576 34//576 27//576
f 18//577 24//577 23//577
f 27//578 24//578 20//578
f 15//579 40//579 25//579
f 29//580 28//580 3//580
f 21//581 23//581 26//581
f 29//582 22//582 26//582
f 32//583 31//583 36//583
f 38//584 17//584 22//584
f 40//585 19//585 38//585
f 38//586 42//586 40//586
f 41//587 38//587 39//587
f 44//588 47//588 46//588
f 29//589 3//589 4//589
f 43//590 39//590 29//590
f 41//591 39//591 43//591
f 42//592 30//592 25//592
f 43//593 29//593 4//593
f 9//594 64//594 63//594
f 49//595 50//595 48//595
f 50//596 44//596 54//596
f 50//597 54//597 48//597
f 53//598 55//598 52//598
f 51//599 44//599 56//599
f 47//600 49//600 55//600
f 57//601 47//601 55//601
f 63//602 62//602 7//602
f 6//603 63//603 7//603
f 9//604 63//604 6//604
f 59//605 64//605 60//605
f 61//606 72//606 67//606
f 66//607 62//607 59//607
f 67//608 68//608 66//608
f 73//609 67//609 72//609
f 65//610 9//610 70//610
f 71//611 60//611 65//611
f 72//612 60//612 71//612
f 71//613 73//613 72//613
f 76//614 20//614 14//614
f 71//615 70//615 78//615
f 66//616 79//616 76//616
f 77//617 84//617 83//617
f 74//618 79//618 68//618
f 75//619 73//619 80//619
f 76//620 27//620 20//620
f 82//621 78//621 70//621
f 79//622 88//622 87//622
f 87//623 85//623 79//623
f 80//624 81//624 75//624
f 81//625 88//625 74//625
f 88//626 95//626 93//626
f 76//627 91//627 90//627
f 86//628 77//628 92//628
f 94//629 80//629 86//629
f 93//630 95//630 94//630
f 94//631 89//631 80//631
f 100//632 93//632 101//632
f 90//633 31//633 27//633
f 37//634 82//634 25//634
f 84//635 96//635 83//635
f 84//636 82//636 37//636
f 92//637 83//637 96//637
f 91//638 98//638 97//638
f 86//639 92//639 99//639
f 87//640 100//640 98//640
f 101//641 94//641 102//641
f 99//642 94//642 86//642
f 36//643 90//643 104//643
f 106//644 100//644 107//644
f 105//645 104//645 90//645
f 99//646 92//646 96//646
f 108//647 114//647 111//647
f 102//648 103//648 101//648
f 114//649 117//649 112//649
f 121//650 120//650 113//650
f 119//651 117//651 113//651
f 118//652 121//652 113//652
f 125//653 127//653 110//653
f 120//654 123//654 122//654
f 124//655 123//655 121//655
f 109//656 4//656 3//656
f 110//657 114//657 112//657
f 125//658 117//658 116//658
f 126//659 125//659 116//659
f 119//660 128//660 126//660
f 127//661 115//661 110//661
f 122//662 128//662 120//662
f 127//663 126//663 128//663
f 129//664 123//664 131//664
f 138//665 33//665 134//665
f 130//666 128//666 132//666
f 36//667 136//667 32//667
f 28//668 138//668 108//668
f 133//669 109//669 111//669
f 138//670 145//670 118//670
f 136//671 140//671 34//671
f 36//672 140//672 136//672
f 37//673 137//673 141//673
f 138//674 113//674 108//674
f 34//675 145//675 134//675
f 133//676 4//676 109//676
f 144//677 145//677 34//677
f 149//678 141//678 163//678
f 118//679 146//679 121//679
f 145//680 146//680 118//680
f 145//681 150//681 146//681
f 147//682 150//682 145//682
f 151//683 149//683 165//683
f 146//684 124//684 121//684
f 147//685 154//685 150//685
f 155//686 149//686 151//686
f 146//687 156//687 124//687
f 157//688 156//688 146//688
f 150//689 154//689 157//689
f 152//690 225//690 158//690
f 161//691 133//691 142//691
f 160//692 41//692 43//692
f 35//693 160//693 135//693
f 137//694 30//694 35//694
f 142//695 162//695 161//695
f 163//696 141//696 135//696
f 170//697 151//697 153//697
f 165//698 163//698 164//698
f 166//699 115//699 127//699
f 165//700 168//700 151//700
f 166//701 127//701 130//701
f 168//702 167//702 153//702
f 168//703 153//703 151//703
f 171//704 53//704 52//704
f 177//705 171//705 176//705
f 57//706 53//706 174//706
f 171//707 48//707 176//707
f 187//708 102//708 188//708
f 177//709 176//709 181//709
f 106//710 184//710 97//710
f 107//711 186//711 106//711
f 187//712 191//712 190//712
f 188//713 102//713 99//713
f 194//714 57//714 174//714
f 104//715 140//715 36//715
f 186//716 189//716 106//716
f 187//717 190//717 186//717
f 172//718 194//718 174//718
f 191//719 188//719 99//719
f 193//720 177//720 175//720
f 192//721 193//721 175//721
f 189//722 197//722 184//722
f 104//723 184//723 196//723
f 184//724 197//724 196//724
f 201//725 200//725 197//725
f 201//726 190//726 202//726
f 191//727 202//727 190//727
f 203//728 192//728 175//728
f 198//729 191//729 185//729
f 204//730 203//730 199//730
f 200//731 204//731 199//731
f 208//732 193//732 207//732
f 202//733 205//733 201//733
f 195//734 141//734 149//734
f 180//735 194//735 208//735
f 197//736 210//736 209//736
f 213//737 207//737 205//737
f 203//738 175//738 211//738
f 212//739 210//739 199//739
f 202//740 213//740 205//740
f 195//741 215//741 198//741
f 206//742 212//742 211//742
f 196//743 148//743 104//743
f 216//744 198//744 215//744
f 217//745 224//745 214//745
f 206//746 220//746 212//746
f 223//747 298//747 208//747
f 217//748 195//748 149//748
f 196//749 218//749 148//749
f 209//750 210//750 219//750
f 223//751 216//751 221//751
f 148//752 225//752 152//752
f 217//753 149//753 155//753
f 225//754 219//754 229//754
f 218//755 209//755 225//755
f 224//756 215//756 214//756
f 235//757 237//757 234//757
f 216//758 215//758 226//758
f 220//759 227//759 219//759
f 221//760 216//760 226//760
f 220//761 222//761 227//761
f 183//762 228//762 222//762
f 224//763 155//763 159//763
f 219//764 465//764 229//764
f 222//765 228//765 231//765
f 222//766 231//766 227//766
f 239//767 237//767 232//767
f 236//768 238//768 235//768
f 46//769 240//769 44//769
f 235//770 240//770 46//770
f 237//771 244//771 232//771
f 236//772 242//772 238//772
f 243//773 242//773 235//773
f 245//774 246//774 244//774
f 245//775 244//775 238//775
f 242//776 245//776 238//776
f 242//777 247//777 245//777
f 259//778 241//778 250//778
f 240//779 239//779 249//779
f 239//780 251//780 249//780
f 251//781 233//781 252//781
f 243//782 235//782 259//782
f 244//783 255//783 252//783
f 247//784 256//784 246//784
f 256//785 255//785 246//785
f 253//786 258//786 248//786
f 255//787 260//787 269//787
f 252//788 56//788 251//788
f 252//789 266//789 56//789
f 257//790 261//790 260//790
f 257//791 260//791 256//791
f 262//792 263//792 258//792
f 262//793 258//793 254//793
f 267//794 250//794 275//794
f 250//795 57//795 275//795
f 266//796 179//796 56//796
f 275//797 268//797 267//797
f 252//798 276//798 266//798
f 268//799 254//799 267//799
f 262//800 254//800 270//800
f 261//801 273//801 271//801
f 274//802 264//802 262//802
f 57//803 180//803 275//803
f 284//804 266//804 276//804
f 269//805 284//805 276//805
f 271//806 284//806 269//806
f 274//807 262//807 281//807
f 274//808 289//808 288//808
f 266//809 285//809 283//809
f 286//810 277//810 275//810
f 278//811 277//811 286//811
f 287//812 284//812 271//812
f 290//813 294//813 295//813
f 283//814 293//814 182//814
f 285//815 293//815 283//815
f 284//816 290//816 285//816
f 287//817 290//817 284//817
f 182//818 293//818 183//818
f 290//819 295//819 285//819
f 297//820 281//820 279//820
f 294//821 296//821 295//821
f 279//822 301//822 297//822
f 298//823 275//823 180//823
f 298//824 286//824 275//824
f 302//825 297//825 301//825
f 291//826 302//826 306//826
f 298//827 303//827 286//827
f 300//828 299//828 305//828
f 300//829 302//829 301//829
f 302//830 307//830 306//830
f 311//831 307//831 313//831
f 308//832 307//832 300//832
f 303//833 298//833 309//833
f 310//834 299//834 304//834
f 305//835 299//835 310//835
f 291//836 311//836 292//836
f 312//837 300//837 305//837
f 223//838 309//838 298//838
f 308//839 300//839 312//839
f 316//840 322//840 317//840
f 309//841 316//841 317//841
f 303//842 309//842 317//842
f 310//843 303//843 317//843
f 320//844 312//844 305//844
f 321//845 319//845 311//845
f 320//846 314//846 312//846
f 315//847 314//847 320//847
f 223//848 230//848 316//848
f 323//849 317//849 322//849
f 324//850 319//850 326//850
f 294//851 324//851 296//851
f 292//852 324//852 294//852
f 335//853 336//853 334//853
f 228//854 293//854 331//854
f 228//855 331//855 231//855
f 326//856 333//856 324//856
f 601//857 320//857 325//857
f 334//858 346//858 345//858
f 265//859 338//859 336//859
f 265//860 339//860 338//860
f 340//861 341//861 339//861
f 342//862 341//862 340//862
f 337//863 347//863 339//863
f 351//864 348//864 341//864
f 347//865 335//865 356//865
f 338//866 348//866 346//866
f 349//867 340//867 347//867
f 341//868 348//868 338//868
f 349//869 342//869 340//869
f 342//870 351//870 341//870
f 352//871 351//871 342//871
f 345//872 354//872 343//872
f 358//873 354//873 360//873
f 353//874 345//874 344//874
f 335//875 345//875 353//875
f 346//876 355//876 345//876
f 361//877 353//877 359//877
f 363//878 347//878 369//878
f 346//879 362//879 355//879
f 363//880 352//880 349//880
f 350//881 362//881 348//881
f 314//882 365//882 308//882
f 315//883 359//883 344//883
f 358//884 314//884 315//884
f 315//885 344//885 358//885
f 355//886 367//886 354//886
f 328//887 365//887 370//887
f 347//888 361//888 369//888
f 313//889 328//889 321//889
f 385//890 387//890 388//890
f 367//891 370//891 360//891
f 369//892 361//892 366//892
f 373//893 363//893 369//893
f 350//894 374//894 362//894
f 328//895 375//895 327//895
f 370//896 375//896 328//896
f 329//897 371//897 320//897
f 329//898 366//898 371//898
f 367//899 372//899 370//899
f 369//900 366//900 377//900
f 362//901 378//901 368//901
f 364//902 373//902 379//902
f 382//903 380//903 368//903
f 384//904 351//904 352//904
f 385//905 350//905 357//905
f 386//906 357//906 384//906
f 387//907 357//907 386//907
f 364//908 386//908 352//908
f 393//909 391//909 389//909
f 387//910 386//910 364//910
f 387//911 389//911 388//911
f 390//912 374//912 350//912
f 391//913 374//913 390//913
f 392//914 398//914 397//914
f 394//915 393//915 389//915
f 400//916 124//916 401//916
f 394//917 379//917 383//917
f 399//918 398//918 394//918
f 401//919 404//919 400//919
f 404//920 405//920 402//920
f 408//921 406//921 409//921
f 403//922 407//922 405//922
f 406//923 407//923 403//923
f 400//924 131//924 123//924
f 409//925 410//925 408//925
f 404//926 411//926 400//926
f 132//927 131//927 411//927
f 412//928 404//928 402//928
f 413//929 411//929 412//929
f 405//930 415//930 402//930
f 415//931 412//931 402//931
f 413//932 412//932 415//932
f 413//933 417//933 416//933
f 414//934 413//934 416//934
f 407//935 417//935 405//935
f 419//936 407//936 408//936
f 407//937 418//937 417//937
f 417//938 418//938 416//938
f 421//939 418//939 419//939
f 419//940 422//940 421//940
f 426//941 425//941 420//941
f 423//942 419//942 408//942
f 420//943 419//943 423//943
f 420//944 424//944 426//944
f 424//945 427//945 426//945
f 124//946 429//946 401//946
f 457//947 452//947 458//947
f 156//948 157//948 429//948
f 158//949 430//949 154//949
f 157//950 433//950 429//950
f 436//951 159//951 431//951
f 430//952 435//952 434//952
f 432//953 429//953 437//953
f 432//954 437//954 406//954
f 433//955 437//955 429//955
f 441//956 437//956 434//956
f 440//957 441//957 434//957
f 441//958 443//958 442//958
f 409//959 445//959 410//959
f 441//960 442//960 496//960
f 444//961 446//961 443//961
f 170//962 167//962 169//962
f 447//963 159//963 170//963
f 159//964 447//964 431//964
f 130//965 132//965 414//965
f 447//966 450//966 431//966
f 450//967 447//967 170//967
f 449//968 170//968 169//968
f 451//969 414//969 416//969
f 448//970 414//970 451//970
f 449//971 169//971 448//971
f 452//972 436//972 450//972
f 436//973 453//973 439//973
f 451//974 416//974 421//974
f 454//975 449//975 448//975
f 451//976 455//976 454//976
f 456//977 449//977 454//977
f 458//978 449//978 456//978
f 458//979 456//979 457//979
f 425//980 455//980 422//980
f 452//981 459//981 453//981
f 460//982 457//982 456//982
f 460//983 456//983 455//983
f 461//984 463//984 459//984
f 457//985 462//985 461//985
f 466//986 230//986 221//986
f 225//987 464//987 158//987
f 225//988 229//988 464//988
f 473//989 226//989 471//989
f 471//990 476//990 473//990
f 464//991 469//991 435//991
f 471//992 159//992 470//992
f 474//993 226//993 473//993
f 475//994 472//994 465//994
f 226//995 474//995 466//995
f 227//996 475//996 465//996
f 472//997 469//997 464//997
f 470//998 483//998 476//998
f 474//999 473//999 477//999
f 475//1000 481//1000 472//1000
f 478//1001 479//1001 466//1001
f 470//1002 436//1002 439//1002
f 472//1003 438//1003 469//1003
f 495//1004 503//1004 428//1004
f 481//1005 438//1005 472//1005
f 477//1006 476//1006 483//1006
f 478//1007 474//1007 486//1007
f 485//1008 477//1008 483//1008
f 438//1009 484//1009 444//1009
f 485//1010 483//1010 488//1010
f 492//1011 486//1011 485//1011
f 489//1012 486//1012 492//1012
f 493//1013 491//1013 487//1013
f 459//1014 488//1014 483//1014
f 459//1015 480//1015 453//1015
f 488//1016 492//1016 485//1016
f 554//1017 494//1017 492//1017
f 428//1018 427//1018 495//1018
f 409//1019 496//1019 445//1019
f 446//1020 497//1020 442//1020
f 444//1021 498//1021 446//1021
f 446//1022 500//1022 497//1022
f 499//1023 500//1023 446//1023
f 503//1024 460//1024 425//1024
f 427//1025 504//1025 495//1025
f 508//1026 463//1026 462//1026
f 506//1027 504//1027 445//1027
f 496//1028 506//1028 445//1028
f 512//1029 506//1029 496//1029
f 460//1030 503//1030 505//1030
f 508//1031 462//1031 507//1031
f 510//1032 508//1032 509//1032
f 511//1033 506//1033 512//1033
f 505//1034 504//1034 511//1034
f 514//1035 507//1035 505//1035
f 512//1036 513//1036 511//1036
f 514//1037 513//1037 521//1037
f 517//1038 508//1038 507//1038
f 520//1039 513//1039 512//1039
f 508//1040 518//1040 509//1040
f 522//1041 516//1041 523//1041
f 522//1042 521//1042 520//1042
f 515//1043 514//1043 522//1043
f 516//1044 520//1044 497//1044
f 515//1045 523//1045 517//1045
f 527//1046 523//1046 516//1046
f 516//1047 500//1047 501//1047
f 518//1048 523//1048 524//1048
f 519//1049 518//1049 525//1049
f 528//1050 524//1050 523//1050
f 530//1051 532//1051 533//1051
f 502//1052 527//1052 501//1052
f 525//1053 524//1053 529//1053
f 528//1054 527//1054 531//1054
f 532//1055 528//1055 531//1055
f 491//1056 541//1056 444//1056
f 532//1057 531//1057 534//1057
f 535//1058 533//1058 532//1058
f 536//1059 532//1059 534//1059
f 529//1060 533//1060 535//1060
f 537//1061 535//1061 536//1061
f 541//1062 498//1062 444//1062
f 459//1063 553//1063 488//1063
f 539//1064 538//1064 491//1064
f 493//1065 540//1065 539//1065
f 538//1066 542//1066 541//1066
f 543//1067 499//1067 498//1067
f 542//1068 543//1068 541//1068
f 539//1069 544//1069 538//1069
f 545//1070 544//1070 539//1070
f 546//1071 548//1071 542//1071
f 548//1072 547//1072 543//1072
f 549//1073 548//1073 546//1073
f 545//1074 551//1074 549//1074
f 551//1075 550//1075 549//1075
f 459//1076 463//1076 552//1076
f 525//1077 557//1077 519//1077
f 553//1078 492//1078 488//1078
f 554//1079 555//1079 494//1079
f 552//1080 557//1080 556//1080
f 553//1081 552//1081 556//1081
f 554//1082 553//1082 558//1082
f 463//1083 510//1083 519//1083
f 557//1084 463//1084 519//1084
f 560//1085 558//1085 559//1085
f 558//1086 560//1086 561//1086
f 555//1087 558//1087 561//1087
f 565//1088 525//1088 566//1088
f 560//1089 564//1089 561//1089
f 564//1090 562//1090 561//1090
f 526//1091 547//1091 502//1091
f 526//1092 543//1092 547//1092
f 535//1093 566//1093 529//1093
f 567//1094 559//1094 563//1094
f 572//1095 559//1095 567//1095
f 547//1096 569//1096 502//1096
f 577//1097 569//1097 548//1097
f 567//1098 563//1098 565//1098
f 570//1099 567//1099 565//1099
f 577//1100 548//1100 550//1100
f 564//1101 560//1101 572//1101
f 573//1102 564//1102 572//1102
f 574//1103 568//1103 573//1103
f 569//1104 575//1104 534//1104
f 566//1105 578//1105 570//1105
f 578//1106 576//1106 575//1106
f 579//1107 570//1107 578//1107
f 579//1108 575//1108 577//1108
f 580//1109 579//1109 577//1109
f 581//1110 567//1110 579//1110
f 581//1111 571//1111 572//1111
f 571//1112 573//1112 572//1112
f 550//1113 583//1113 580//1113
f 584//1114 574//1114 573//1114
f 580//1115 586//1115 581//1115
f 534//1116 537//1116 536//1116
f 576//1117 535//1117 537//1117
f 582//1118 586//1118 587//1118
f 587//1119 584//1119 571//1119
f 588//1120 593//1120 591//1120
f 588//1121 591//1121 589//1121
f 551//1122 592//1122 588//1122
f 590//1123 593//1123 594//1123
f 584//1124 594//1124 585//1124
f 331//1125 597//1125 595//1125
f 583//1126 589//1126 586//1126
f 330//1127 230//1127 468//1127
f 231//1128 331//1128 595//1128
f 332//1129 330//1129 468//1129
f 596//1130 323//1130 322//1130
f 467//1131 606//1131 482//1131
f 333//1132 597//1132 296//1132
f 598//1133 325//1133 323//1133
f 601//1134 325//1134 598//1134
f 602//1135 329//1135 601//1135
f 605//1136 332//1136 468//1136
f 596//1137 332//1137 605//1137
f 595//1138 607//1138 606//1138
f 608//1139 596//1139 605//1139
f 600//1140 609//1140 607//1140
f 609//1141 616//1141 614//1141
f 610//1142 602//1142 603//1142
f 609//1143 618//1143 607//1143
f 612//1144 598//1144 608//1144
f 611//1145 487//1145 482//1145
f 606//1146 618//1146 611//1146
f 615//1147 610//1147 603//1147
f 620//1148 619//1148 490//1148
f 619//1149 608//1149 490//1149
f 615//1150 603//1150 623//1150
f 621//1151 613//1151 619//1151
f 618//1152 540//1152 493//1152
f 624//1153 622//1153 614//1153
f 620//1154 489//1154 494//1154
f 630//1155 373//1155 377//1155
f 690//1156 622//1156 624//1156
f 624//1157 625//1157 690//1157
f 626//1158 623//1158 628//1158
f 632//1159 631//1159 382//1159
f 378//1160 632//1160 382//1160
f 636//1161 381//1161 635//1161
f 633//1162 379//1162 373//1162
f 629//1163 604//1163 327//1163
f 635//1164 381//1164 602//1164
f 640//1165 648//1165 646//1165
f 630//1166 376//1166 636//1166
f 629//1167 616//1167 604//1167
f 637//1168 616//1168 629//1168
f 634//1169 641//1169 632//1169
f 617//1170 635//1170 610//1170
f 634//1171 647//1171 641//1171
f 616//1172 645//1172 624//1172
f 642//1173 645//1173 616//1173
f 644//1174 640//1174 646//1174
f 646//1175 642//1175 644//1175
f 642//1176 651//1176 645//1176
f 641//1177 647//1177 648//1177
f 658//1178 653//1178 657//1178
f 646//1179 648//1179 651//1179
f 645//1180 625//1180 624//1180
f 645//1181 651//1181 650//1181
f 648//1182 652//1182 651//1182
f 383//1183 379//1183 633//1183
f 633//1184 630//1184 639//1184
f 638//1185 643//1185 653//1185
f 654//1186 639//1186 638//1186
f 643//1187 617//1187 626//1187
f 657//1188 663//1188 658//1188
f 655//1189 654//1189 656//1189
f 657//1190 643//1190 626//1190
f 656//1191 658//1191 659//1191
f 657//1192 626//1192 705//1192
f 667//1193 672//1193 671//1193
f 659//1194 658//1194 663//1194
f 661//1195 660//1195 656//1195
f 396//1196 634//1196 378//1196
f 398//1197 666//1197 397//1197
f 397//1198 667//1198 395//1198
f 395//1199 669//1199 396//1199
f 396//1200 670//1200 634//1200
f 667//1201 671//1201 669//1201
f 671//1202 674//1202 670//1202
f 670//1203 674//1203 673//1203
f 681//1204 668//1204 680//1204
f 673//1205 675//1205 670//1205
f 647//1206 676//1206 649//1206
f 675//1207 676//1207 647//1207
f 677//1208 676//1208 675//1208
f 399//1209 680//1209 666//1209
f 668//1210 666//1210 680//1210
f 681//1211 680//1211 679//1211
f 683//1212 681//1212 655//1212
f 679//1213 639//1213 655//1213
f 681//1214 679//1214 655//1214
f 682//1215 672//1215 668//1215
f 674//1216 682//1216 684//1216
f 683//1217 673//1217 684//1217
f 660//1218 683//1218 655//1218
f 686//1219 685//1219 683//1219
f 661//1220 686//1220 660//1220
f 677//1221 686//1221 676//1221
f 696//1222 700//1222 699//1222
f 661//1223 678//1223 686//1223
f 621//1224 620//1224 688//1224
f 687//1225 689//1225 540//1225
f 540//1226 691//1226 539//1226
f 692//1227 691//1227 689//1227
f 691//1228 545//1228 539//1228
f 690//1229 694//1229 692//1229
f 692//1230 545//1230 691//1230
f 694//1231 695//1231 692//1231
f 696//1232 694//1232 693//1232
f 545//1233 698//1233 551//1233
f 696//1234 701//1234 694//1234
f 707//1235 704//1235 627//1235
f 620//1236 702//1236 688//1236
f 703//1237 627//1237 688//1237
f 703//1238 688//1238 706//1238
f 707//1239 627//1239 703//1239
f 568//1240 562//1240 564//1240
f 702//1241 555//1241 562//1241
f 562//1242 706//1242 702//1242
f 709//1243 707//1243 706//1243
f 711//1244 708//1244 710//1244
f 712//1245 708//1245 711//1245
f 709//1246 715//1246 711//1246
f 709//1247 562//1247 714//1247
f 585//1248 716//1248 574//1248
f 712//1249 711//1249 715//1249
f 574//1250 714//1250 568//1250
f 717//1251 712//1251 715//1251
f 713//1252 712//1252 717//1252
f 719//1253 715//1253 718//1253
f 723//1254 717//1254 715//1254
f 722//1255 723//1255 721//1255
f 695//1256 729//1256 698//1256
f 725//1257 592//1257 551//1257
f 698//1258 725//1258 551//1258
f 728//1259 727//1259 726//1259
f 698//1260 730//1260 726//1260
f 719//1261 731//1261 721//1261
f 728//1262 730//1262 719//1262
f 728//1263 719//1263 718//1263
f 729//1264 731//1264 730//1264
f 729//1265 733//1265 731//1265
f 722//1266 721//1266 731//1266
f 720//1267 732//1267 729//1267
f 723//1268 732//1268 724//1268
f 652//1269 741//1269 740//1269
f 652//1270 734//1270 651//1270
f 649//1271 652//1271 648//1271
f 737//1272 736//1272 650//1272
f 652//1273 737//1273 734//1273
f 649//1274 739//1274 652//1274
f 738//1275 742//1275 737//1275
f 737//1276 740//1276 738//1276
f 693//1277 742//1277 696//1277
f 712//1278 744//1278 705//1278
f 743//1279 697//1279 742//1279
f 740//1280 743//1280 738//1280
f 744//1281 745//1281 705//1281
f 745//1282 662//1282 657//1282
f 748//1283 661//1283 664//1283
f 749//1284 663//1284 746//1284
f 749//1285 664//1285 663//1285
f 739//1286 665//1286 747//1286
f 751//1287 757//1287 754//1287
f 740//1288 750//1288 751//1288
f 752//1289 748//1289 749//1289
f 741//1290 750//1290 740//1290
f 741//1291 747//1291 750//1291
f 753//1292 744//1292 713//1292
f 753//1293 749//1293 744//1293
f 751//1294 754//1294 740//1294
f 755//1295 743//1295 754//1295
f 757//1296 752//1296 749//1296
f 756//1297 753//1297 713//1297
f 754//1298 756//1298 755//1298
f 753//1299 757//1299 749//1299
f 758//1300 760//1300 759//1300
f 700//1301 755//1301 758//1301
f 713//1302 760//1302 756//1302
f 724//1303 758//1303 759//1303
f 756//1304 760//1304 755//1304
f 758//1305 699//1305 700//1305
f 592//1306 761//1306 593//1306
f 678//1307 735//1307 649//1307
f 678//1308 665//1308 735//1308
f 594//1309 761//1309 762//1309
f 725//1310 726//1310 761//1310
f 726//1311 762//1311 761//1311
f 762//1312 727//1312 585//1312
f 8//1313 9//1313 6//1313
f 5//1314 7//1314 11//1314
f 10//1315 17//1315 19//1315
f 19//1316 40//1316 8//1316
f 21//1317 22//1317 17//1317
f 16//1318 18//1318 23//1318
f 31//1319 136//1319 34//1319
f 29//1320 39//1320 22//1320
f 38//1321 41//1321 42//1321
f 44//1322 45//1322 47//1322
f 9//1323 65//1323 64//1323
f 59//1324 62//1324 64//1324
f 61//1325 60//1325 72//1325
f 67//1326 69//1326 68//1326
f 73//1327 69//1327 67//1327
f 71//1328 80//1328 73//1328
f 77//1329 78//1329 84//1329
f 82//1330 84//1330 78//1330
f 79//1331 74//1331 88//1331
f 80//1332 89//1332 81//1332
f 88//1333 89//1333 95//1333
f 94//1334 95//1334 89//1334
f 100//1335 87//1335 93//1335
f 101//1336 93//1336 94//1336
f 99//1337 102//1337 94//1337
f 36//1338 31//1338 90//1338
f 106//1339 98//1339 100//1339
f 108//1340 113//1340 114//1340
f 114//1341 113//1341 117//1341
f 121//1342 123//1342 120//1342
f 125//1343 126//1343 127//1343
f 119//1344 120//1344 128//1344
f 122//1345 129//1345 128//1345
f 129//1346 122//1346 123//1346
f 138//1347 28//1347 33//1347
f 138//1348 134//1348 145//1348
f 133//1349 43//1349 4//1349
f 161//1350 160//1350 133//1350
f 142//1351 115//1351 162//1351
f 170//1352 159//1352 151//1352
f 171//1353 172//1353 53//1353
f 177//1354 172//1354 171//1354
f 187//1355 103//1355 102//1355
f 187//1356 188//1356 191//1356
f 172//1357 193//1357 194//1357
f 189//1358 201//1358 197//1358
f 201//1359 189//1359 190//1359
f 191//1360 198//1360 202//1360
f 203//1361 204//1361 192//1361
f 200//1362 205//1362 204//1362
f 208//1363 194//1363 193//1363
f 195//1364 185//1364 141//1364
f 197//1365 200//1365 210//1365
f 213//1366 208//1366 207//1366
f 195//1367 214//1367 215//1367
f 216//1368 202//1368 198//1368
f 217//1369 155//1369 224//1369
f 225//1370 209//1370 219//1370
f 235//1371 238//1371 237//1371
f 239//1372 234//1372 237//1372
f 237//1373 238//1373 244//1373
f 245//1374 247//1374 246//1374
f 242//1375 248//1375 247//1375
f 259//1376 235//1376 241//1376
f 251//1377 232//1377 233//1377
f 244//1378 246//1378 255//1378
f 247//1379 257//1379 256//1379
f 253//1380 254//1380 258//1380
f 255//1381 256//1381 260//1381
f 257//1382 248//1382 261//1382
f 262//1383 264//1383 263//1383
f 267//1384 259//1384 250//1384
f 275//1385 277//1385 268//1385
f 284//1386 285//1386 266//1386
f 274//1387 282//1387 289//1387
f 290//1388 287//1388 294//1388
f 297//1389 282//1389 281//1389
f 279//1390 300//1390 301//1390
f 302//1391 282//1391 297//1391
f 291//1392 282//1392 302//1392
f 300//1393 307//1393 302//1393
f 311//1394 306//1394 307//1394
f 223//1395 316//1395 309//1395
f 316//1396 330//1396 322//1396
f 323//1397 310//1397 317//1397
f 324//1398 292//1398 319//1398
f 335//1399 337//1399 336//1399
f 334//1400 336//1400 346//1400
f 337//1401 335//1401 347//1401
f 351//1402 350//1402 348//1402
f 349//1403 352//1403 342//1403
f 345//1404 355//1404 354//1404
f 358//1405 343//1405 354//1405
f 361//1406 356//1406 353//1406
f 363//1407 349//1407 347//1407
f 363//1408 364//1408 352//1408
f 314//1409 358//1409 365//1409
f 315//1410 371//1410 359//1410
f 355//1411 368//1411 367//1411
f 328//1412 313//1412 365//1412
f 385//1413 357//1413 387//1413
f 393//1414 392//1414 391//1414
f 391//1415 395//1415 374//1415
f 392//1416 393//1416 398//1416
f 394//1417 398//1417 393//1417
f 400//1418 123//1418 124//1418
f 401//1419 403//1419 404//1419
f 404//1420 403//1420 405//1420
f 408//1421 407//1421 406//1421
f 400//1422 411//1422 131//1422
f 404//1423 412//1423 411//1423
f 413//1424 132//1424 411//1424
f 405//1425 417//1425 415//1425
f 419//1426 418//1426 407//1426
f 421//1427 416//1427 418//1427
f 419//1428 420//1428 422//1428
f 426//1429 428//1429 425//1429
f 124//1430 156//1430 429//1430
f 457//1431 461//1431 452//1431
f 452//1432 461//1432 459//1432
f 460//1433 507//1433 457//1433
f 461//1434 462//1434 463//1434
f 466//1435 468//1435 230//1435
f 471//1436 470//1436 476//1436
f 470//1437 480//1437 483//1437
f 495//1438 505//1438 503//1438
f 508//1439 510//1439 463//1439
f 511//1440 504//1440 506//1440
f 514//1441 515//1441 507//1441
f 517//1442 518//1442 508//1442
f 520//1443 521//1443 513//1443
f 522//1444 520//1444 516//1444
f 515//1445 522//1445 523//1445
f 527//1446 528//1446 523//1446
f 528//1447 530//1447 524//1447
f 530//1448 528//1448 532//1448
f 491//1449 538//1449 541//1449
f 459//1450 552//1450 553//1450
f 525//1451 563//1451 557//1451
f 565//1452 563//1452 525//1452
f 535//1453 576//1453 566//1453
f 566//1454 576//1454 578//1454
f 579//1455 567//1455 570//1455
f 580//1456 581//1456 579//1456
f 581//1457 572//1457 567//1457
f 581//1458 582//1458 571//1458
f 571//1459 584//1459 573//1459
f 584//1460 585//1460 574//1460
f 580//1461 583//1461 586//1461
f 582//1462 581//1462 586//1462
f 587//1463 590//1463 584//1463
f 588//1464 592//1464 593//1464
f 590//1465 591//1465 593//1465
f 584//1466 590//1466 594//1466
f 331//1467 296//1467 597//1467
f 596//1468 598//1468 323//1468
f 467//1469 595//1469 606//1469
f 595//1470 597//1470 607//1470
f 600//1471 604//1471 609//1471
f 609//1472 604//1472 616//1472
f 620//1473 621//1473 619//1473
f 621//1474 623//1474 613//1474
f 618//1475 687//1475 540//1475
f 630//1476 633//1476 373//1476
f 378//1477 634//1477 632//1477
f 636//1478 376//1478 381//1478
f 640//1479 641//1479 648//1479
f 642//1480 646//1480 651//1480
f 658//1481 654//1481 653//1481
f 657//1482 662//1482 663//1482
f 667//1483 668//1483 672//1483
f 671//1484 672//1484 674//1484
f 681//1485 682//1485 668//1485
f 683//1486 684//1486 681//1486
f 674//1487 672//1487 682//1487
f 683//1488 685//1488 673//1488
f 660//1489 686//1489 683//1489
f 686//1490 677//1490 685//1490
f 696//1491 697//1491 700//1491
f 707//1492 708//1492 704//1492
f 568//1493 714//1493 562//1493
f 709//1494 714//1494 715//1494
f 585//1495 718//1495 716//1495
f 719//1496 721//1496 715//1496
f 723//1497 724//1497 717//1497
f 695//1498 701//1498 729//1498
f 698//1499 729//1499 730//1499
f 719//1500 730//1500 731//1500
f 729//1501 732//1501 733//1501
f 723//1502 733//1502 732//1502
f 652//1503 739//1503 741//1503
f 693//1504 736//1504 742//1504
f 712//1505 713//1505 744//1505
f 751//1506 752//1506 757//1506
f 755//1507 697//1507 743//1507
f 754//1508 757//1508 756//1508
f 753//1509 756//1509 757//1509
f 758//1510 755//1510 760//1510
f 713//1511 759//1511 760//1511
f 724//1512 699//1512 758//1512
f 592//1513 725//1513 761//1513
f 594//1514 593//1514 761//1514
f 725//1515 698//1515 726//1515
f 726//1516 727//1516 762//1516
