# Blender 5.2.2 LTS
# www.blender.org
o Coral_Staghorn_D_tmp
v -0.650786 -0.749420 -0.000392
v -0.857619 -0.696759 0.377569
v -0.699665 -0.852589 0.107970
v -0.534859 -0.967730 0.107300
v -0.537214 -0.956891 0.107818
v -0.532504 -0.956891 0.106783
v -0.477404 -0.919153 0.101584
v -0.518908 -0.916990 0.135379
v -0.481587 -0.915362 0.201865
v -0.428580 -0.977886 0.160793
v -0.429616 -0.910918 0.263046
v -0.808504 -0.589704 0.429029
v -0.824339 -0.421264 0.279203
v -0.757493 -0.810346 0.265873
v -0.759660 -0.735068 0.253620
v -0.750031 -0.643788 0.166223
v -0.780403 -0.664419 0.347836
v -0.764515 -0.663368 0.380492
v -0.758202 -0.563174 0.361284
v -0.781309 -0.593927 0.408747
v -0.760168 -0.492199 0.143088
v -0.773578 -0.456890 0.305805
v -0.762771 -0.440255 0.212143
v -0.756518 -0.433556 0.371316
v -0.708033 -0.809163 0.039472
v -0.707224 -0.765027 0.135826
v -0.758473 -0.707463 0.349066
v -0.679575 -0.708127 0.444801
v -0.701711 -0.623102 0.282344
v -0.708311 -0.533367 0.198452
v -0.592538 -0.806216 0.359996
v -0.653290 -0.810178 0.359161
v -0.704050 -0.751665 0.188267
v -0.640168 -0.774313 0.440945
v -0.663638 -0.668292 0.165999
v -0.700121 -0.738120 0.209401
v -0.663995 -0.618866 0.438863
v -0.632466 -0.612826 0.225326
v -0.668959 -0.549285 0.259796
v -0.699963 -0.482658 0.216081
v -0.639120 -0.480265 0.167133
v -0.637308 -0.363805 0.219500
v -0.594285 -0.794014 0.046517
v -0.580826 -0.825415 0.092356
v -0.588198 -0.735892 0.163587
v -0.598827 -0.730204 0.265171
v -0.594730 -0.697356 0.053072
v -0.598404 -0.533300 0.270017
v -0.572487 -0.820380 0.130756
v -0.544703 -0.728420 0.055368
v -0.547175 -0.783909 0.329327
v -0.539794 -0.760925 0.408153
v -0.548208 -0.557728 0.232358
v -0.531064 -0.471268 0.207700
v -0.430549 -0.750136 0.087249
v -0.535495 -0.740804 0.209963
v -0.434897 -0.872999 0.342277
v -0.481226 -0.812307 0.442484
v -0.460145 -0.602149 0.101436
v -0.456743 -0.547265 0.179457
v -0.498333 -0.493555 0.215441
v -0.438561 -0.766677 0.471349
v -0.441449 -0.688579 0.125050
v -0.807743 -0.480292 0.539135
v -0.811946 -0.485115 0.648875
v -0.806584 -0.456865 0.454880
v -0.761278 -0.537670 0.458100
v -0.770871 -0.525530 0.583727
v -0.751654 -0.425420 0.704971
v -0.696731 -0.696933 0.589288
v -0.696731 -0.696293 0.589483
v -0.703420 -0.591917 0.597197
v -0.745381 -0.427435 0.591473
v -0.709078 -0.425658 0.680065
v -0.647980 -0.695800 0.541313
v -0.694361 -0.696613 0.589386
v -0.667165 -0.592160 0.518585
v -0.660388 -0.603943 0.563009
v -0.661256 -0.541801 0.637511
v -0.605586 -0.716429 0.481337
v -0.621200 -0.642213 0.477497
v -0.601006 -0.655287 0.586892
v -0.589530 -0.640185 0.752031
v -0.597785 -0.548316 0.643742
v -0.552601 -0.498760 0.675654
v -0.659278 -0.412921 0.715564
v -0.546753 -0.707521 0.693612
v -0.531692 -0.701846 0.755986
v -0.557420 -0.620403 0.640435
v -0.541865 -0.611668 0.741528
v -0.530605 -0.699618 0.469805
v -0.477290 -0.704232 0.712464
v -0.526634 -0.640059 0.567106
v -0.455396 -0.615386 0.697074
v -0.465206 -0.548426 0.686268
v -0.432750 -0.472837 0.743463
v -0.445029 -0.490806 0.865943
v -0.811959 -0.268092 0.254153
v -0.811071 -0.308418 0.412622
v -0.761945 -0.384662 0.219356
v -0.785133 -0.386438 0.405694
v -0.795438 -0.310120 0.325455
v -0.758494 -0.269494 0.213648
v -0.746854 -0.233268 0.308373
v -0.752271 -0.217578 0.424023
v -0.750266 -0.264058 0.436918
v -0.636078 -0.222253 0.194660
v -0.693862 -0.138572 0.371889
v -0.545854 -0.249466 0.187195
v -0.639140 -0.173648 0.245473
v -0.497358 -0.388713 0.204443
v -0.564663 -0.070938 0.264490
v -0.635459 -0.079258 0.380136
v -0.491381 -0.325373 0.228977
v -0.548585 0.011924 0.275691
v -0.433775 -0.156207 0.232402
v -0.449705 -0.044922 0.217189
v -0.813529 -0.361912 0.476475
v -0.759166 -0.306523 0.533246
v -0.700165 -0.210651 0.513251
v -0.659226 -0.327545 0.635875
v -0.591118 -0.218980 0.639161
v -0.637020 -0.107678 0.532170
v -0.587814 -0.216776 0.591322
v -0.628512 -0.160108 0.495625
v -0.581567 0.008964 0.462780
v -0.562909 -0.343161 0.704049
v -0.579631 -0.162105 0.523723
v -0.549939 -0.114490 0.598173
v -0.550595 -0.043834 0.586670
v -0.456139 -0.314135 0.806072
v -0.534968 -0.278767 0.704073
v -0.481063 -0.116688 0.713323
v -0.497071 -0.013840 0.756013
v -0.473777 -0.379715 0.695710
v -0.418606 -0.378006 0.809074
v -0.407923 -0.930902 0.162222
v -0.321793 -0.856599 0.113255
v -0.316533 -0.881126 0.190669
v -0.299724 -0.890828 0.287888
v -0.275338 -0.861808 0.358227
v -0.212023 -0.966437 0.269559
v -0.210999 -0.911781 0.150553
v -0.226700 -0.842739 0.456256
v -0.160730 -0.969988 0.154721
v -0.158958 -0.963656 0.328968
v -0.180476 -0.891285 0.372568
v -0.101988 -0.829131 0.125115
v -0.098805 -0.871668 0.359189
v -0.095649 -0.973335 0.229121
v 0.005845 -0.871617 0.144880
v -0.049086 -0.886897 0.200439
v -0.049260 -0.847930 0.262302
v 0.004092 -0.862033 0.424299
v -0.411608 -0.790889 0.119115
v -0.412004 -0.842418 0.379718
v -0.378510 -0.689438 0.164643
v -0.415416 -0.580416 0.102366
v -0.367088 -0.416956 0.163391
v -0.335743 -0.529207 0.134074
v -0.320729 -0.496481 0.227438
v -0.314507 -0.427996 0.255583
v -0.221986 -0.687280 0.162183
v -0.251003 -0.544825 0.155764
v -0.220402 -0.446699 0.274193
v -0.151938 -0.600162 0.156826
v -0.152219 -0.792277 0.460803
v -0.107055 -0.756638 0.162201
v -0.133090 -0.446547 0.163336
v -0.133572 -0.494257 0.151181
v -0.033727 -0.442788 0.129429
v -0.020415 -0.656911 0.178409
v -0.310887 -0.809841 0.482130
v -0.417187 -0.724789 0.609336
v -0.320023 -0.701345 0.736988
v -0.384009 -0.654848 0.750721
v -0.402784 -0.580590 0.692612
v -0.400898 -0.499840 0.797410
v -0.379982 -0.433744 0.906639
v -0.329887 -0.809269 0.537996
v -0.331307 -0.657082 0.815197
v -0.342289 -0.511153 0.831978
v -0.268017 -0.817746 0.583403
v -0.223109 -0.752635 0.581179
v -0.209431 -0.740018 0.652369
v -0.250084 -0.662352 0.743612
v -0.214849 -0.634176 0.802159
v -0.225699 -0.574525 0.805582
v -0.215160 -0.379647 0.847247
v -0.131274 -0.569181 0.643627
v -0.108175 -0.743331 0.567043
v -0.080497 -0.698137 0.639883
v -0.170114 -0.512825 0.803642
v -0.056969 -0.766362 0.504031
v -0.050495 -0.600832 0.638397
v -0.059614 -0.406050 0.804003
v -0.034696 -0.478173 0.745600
v -0.387458 -0.320767 0.209024
v -0.377579 -0.216369 0.155977
v -0.375094 -0.109025 0.190188
v -0.333497 -0.374719 0.325545
v -0.327513 -0.282772 0.332639
v -0.324710 -0.192931 0.245232
v -0.316101 -0.053258 0.202262
v -0.272926 -0.111349 0.316191
v -0.210790 0.053045 0.386849
v -0.270985 -0.306713 0.386079
v -0.234895 -0.171240 0.350327
v -0.122633 -0.270339 0.338687
v -0.169068 -0.225505 0.374657
v -0.125565 0.037819 0.461429
v -0.088146 -0.014352 0.451771
v 0.003612 -0.220504 0.291225
v 0.015121 -0.336386 0.144897
v 0.073514 0.060200 0.442372
v -0.367097 -0.119434 0.731448
v -0.321554 -0.214231 0.813494
v -0.402613 -0.007139 0.810517
v -0.364398 -0.284276 0.812741
v -0.256160 -0.113789 0.838942
v -0.126862 -0.363533 0.882290
v -0.105685 -0.229745 0.857305
v -0.055466 -0.380832 0.751109
v -0.052917 -0.370739 0.750423
v -0.050368 -0.380832 0.749738
v 0.007528 -0.306062 0.799705
v 0.022227 -0.181538 0.879770
v -0.372467 -0.045550 0.901015
v -0.373551 -0.054093 0.965852
v -0.321892 -0.378649 0.914518
v -0.307533 -0.056661 0.866761
v -0.333382 -0.040442 0.952020
v -0.233766 -0.328955 0.874241
v -0.213121 -0.206734 0.915966
v -0.219394 -0.119541 0.902767
v -0.262765 -0.001700 0.995559
v -0.170472 -0.251239 0.898722
v -0.195132 -0.044632 0.983989
v -0.146793 -0.065988 0.896281
v -0.135007 0.018339 0.965990
v -0.112390 -0.373939 0.903033
v -0.061582 -0.176980 0.927356
v -0.087301 0.059233 0.980752
v -0.008134 -0.064440 0.965571
v -0.863108 0.266559 0.160562
v -0.872295 0.266566 0.312081
v -0.860994 0.426951 0.274252
v -0.794959 0.229025 0.241942
v -0.828104 0.225429 0.339357
v -0.826259 0.281391 0.372851
v -0.826979 0.428713 0.216348
v -0.751467 0.163088 0.269205
v -0.723962 0.255250 0.160597
v -0.785433 0.269664 0.175834
v -0.768373 0.270527 0.420149
v -0.701311 0.280580 0.154095
v -0.810378 0.331282 0.278691
v -0.787910 0.363747 0.321874
v -0.756804 0.355306 0.186141
v -0.692941 0.089390 0.261310
v -0.698108 0.163619 0.358431
v -0.750625 0.377346 0.386374
v -0.703959 0.425510 0.431113
v -0.613905 0.003749 0.382594
v -0.639237 0.059817 0.314084
v -0.643932 0.155977 0.207128
v -0.627443 0.088014 0.430996
v -0.621275 0.350211 0.200898
v -0.547365 0.318751 0.225968
v -0.496924 0.056835 0.269559
v -0.519632 0.185816 0.204880
v -0.488307 0.375535 0.161099
v -0.758145 0.437358 0.431485
v -0.755319 0.430711 0.590812
v -0.691546 0.211601 0.495789
v -0.692759 0.225198 0.585139
v -0.686647 0.352398 0.550633
v -0.708532 0.397493 0.534504
v -0.635809 0.216539 0.692089
v -0.682672 0.269732 0.548386
v -0.640841 0.429318 0.482017
v -0.646256 0.409939 0.649212
v -0.628349 0.278231 0.640870
v -0.638052 0.326725 0.581425
v -0.596781 0.367140 0.701985
v -0.532677 0.105716 0.627189
v -0.585063 0.176981 0.622092
v -0.567411 0.206126 0.730957
v -0.527638 0.261814 0.690505
v -0.481434 0.077564 0.750983
v -0.484984 0.148125 0.824287
v -0.502844 0.243418 0.785027
v -0.459972 0.318565 0.806930
v -0.517316 0.388534 0.741233
v -0.485439 0.429960 0.864234
v -0.385633 0.059414 0.829689
v -0.441709 0.264911 0.801122
v -0.429131 0.160967 0.910638
v -0.822912 0.480693 0.376286
v -0.787859 0.532642 0.316038
v -0.752822 0.555301 0.211254
v -0.719749 0.533751 0.415968
v -0.744367 0.584361 0.407907
v -0.755111 0.654190 0.249652
v -0.753649 0.627984 0.332261
v -0.749030 0.493251 0.210509
v -0.711404 0.689262 0.270068
v -0.555790 0.527524 0.209987
v -0.647295 0.684258 0.435894
v -0.647326 0.753445 0.265887
v -0.628348 0.751134 0.354339
v -0.587513 0.643845 0.211849
v -0.576556 0.807796 0.415886
v -0.536054 0.813642 0.331347
v -0.432629 0.794081 0.418008
v -0.453828 0.624406 0.276987
v -0.421824 0.722655 0.336246
v -0.416308 0.863888 0.307177
v -0.461188 0.832522 0.361359
v -0.749148 0.642208 0.485160
v -0.715348 0.441453 0.592240
v -0.694983 0.605629 0.494488
v -0.640349 0.479751 0.481922
v -0.662594 0.482648 0.656949
v -0.590025 0.526750 0.657264
v -0.634698 0.551464 0.545884
v -0.603873 0.654182 0.476566
v -0.596178 0.808367 0.491770
v -0.515480 0.584252 0.544628
v -0.501413 0.567988 0.729964
v -0.549372 0.655424 0.520965
v -0.586152 0.762633 0.493303
v -0.535722 0.703625 0.639473
v -0.485312 0.492576 0.761018
v -0.534492 0.575762 0.673214
v -0.510335 0.664282 0.692932
v -0.472427 0.821472 0.529707
v -0.412430 0.458419 0.807271
v -0.420385 0.523304 0.753752
v -0.397448 0.789373 0.630929
v -0.426637 0.796513 0.485745
v -0.427516 0.861434 0.589974
v -0.445727 0.871419 0.374044
v -0.385944 0.096649 0.209085
v -0.403761 0.252114 0.178106
v -0.426108 0.401928 0.153413
v -0.325543 0.133581 0.201097
v -0.386881 0.356692 0.202152
v -0.309955 0.392217 0.351589
v -0.311415 0.301102 0.397544
v -0.154965 0.355720 0.480417
v -0.054246 0.433294 0.297922
v 0.013317 0.332707 0.476772
v -0.403642 0.234113 0.842990
v -0.384687 0.314435 0.800106
v -0.424369 0.375298 0.862372
v -0.326699 0.300793 0.854521
v -0.328233 0.370234 0.806254
v -0.345086 0.466526 0.855691
v -0.176926 0.281697 0.534492
v -0.259164 0.427650 0.838083
v -0.192078 0.224735 0.520213
v -0.221586 0.376849 0.865964
v -0.201551 0.131241 0.428639
v -0.088060 0.201511 0.559102
v -0.051665 0.262601 0.552171
v -0.360593 0.014253 0.920142
v -0.342784 0.083544 0.951418
v -0.370958 0.219593 0.974117
v -0.329767 0.163230 1.078661
v -0.332715 0.266368 0.937328
v -0.256466 0.129996 0.963977
v -0.319579 0.209523 1.082429
v -0.257257 0.233980 1.038569
v -0.169967 0.106340 0.949655
v -0.216151 0.214467 1.071916
v -0.203730 0.280608 0.929800
v -0.159087 0.376161 0.965186
v -0.179089 0.225089 1.042277
v -0.112438 0.278710 1.022456
v -0.143016 0.486632 0.907613
v -0.053734 0.153275 1.076149
v -0.057152 0.178351 1.052106
v -0.005266 0.281961 0.975912
v -0.069615 0.356508 0.953089
v -0.095430 0.481172 1.001794
v -0.019651 0.082888 0.994692
v -0.359187 0.510741 0.198138
v -0.371614 0.638302 0.268298
v -0.300211 0.500157 0.201397
v -0.314994 0.559003 0.197011
v -0.345689 0.869133 0.427836
v -0.319983 0.743869 0.271448
v -0.298006 0.856515 0.315207
v -0.227855 0.468760 0.297060
v -0.232460 0.856225 0.319581
v -0.110531 0.520526 0.181874
v -0.154242 0.570392 0.184027
v -0.183337 0.802717 0.274899
v -0.097866 0.533978 0.161367
v -0.058017 0.647273 0.220741
v -0.109053 0.752665 0.264626
v -0.074859 0.803142 0.265875
v 0.006933 0.482100 0.159401
v 0.086694 0.870448 0.314254
v -0.375159 0.531829 0.856062
v -0.424738 0.744738 0.711560
v -0.355677 0.576705 0.819576
v -0.330981 0.742553 0.690438
v -0.325329 0.745909 0.790189
v -0.316578 0.751506 0.858436
v -0.319663 0.806912 0.573990
v -0.340999 0.868880 0.493156
v -0.264202 0.546276 0.834622
v -0.272157 0.609068 0.779018
v -0.301653 0.668877 0.823460
v -0.266574 0.747761 0.731445
v -0.258001 0.751191 0.826162
v -0.268991 0.792829 0.620041
v -0.215337 0.589072 0.796102
v -0.226935 0.670537 0.840237
v -0.214674 0.804789 0.589730
v -0.200568 0.874192 0.522785
v -0.212405 0.747728 0.862528
v -0.168008 0.803469 0.747576
v -0.101664 0.585180 0.846935
v -0.126560 0.738808 0.801889
v -0.105658 0.805921 0.669650
v -0.008760 0.694769 0.858465
v -0.055855 0.746578 0.736912
v 0.016260 0.815034 0.590188
v -0.370793 0.575185 0.897888
v -0.375821 0.575185 0.914619
v -0.373307 0.594863 0.906254
v -0.334301 0.556589 0.873910
v -0.241673 0.523628 0.864569
v -0.203266 0.629408 0.870299
v -0.162157 0.592059 0.970138
v -0.098149 0.484402 0.968097
v -0.107561 0.470932 1.018174
v -0.009567 0.490378 0.956033
v -0.026207 0.543557 0.928780
v -0.055662 0.700806 0.863885
v -0.376482 0.931677 0.353020
v -0.377036 0.970522 0.323847
v -0.266157 0.904288 0.402577
v -0.201089 0.935334 0.383389
v -0.163023 0.888319 0.437666
v -0.118809 0.917778 0.373030
v -0.043592 0.920973 0.321414
v -0.043040 0.918789 0.409402
v -0.240499 0.938594 0.474438
v -0.131706 0.875653 0.599963
v -0.214322 0.970605 0.430967
v -0.009641 0.876103 0.529054
v -0.016307 0.912784 0.485474
v 0.055934 -0.968150 0.159087
v 0.054539 -0.903581 0.172327
v 0.063706 -0.871102 0.376018
v 0.066647 -0.837115 0.164137
v 0.093033 -0.842961 0.248944
v 0.031396 -0.794119 0.441572
v 0.109438 -0.747783 0.220611
v 0.031135 -0.570549 0.160114
v 0.048927 -0.470425 0.169660
v 0.085538 -0.814783 0.325699
v 0.129334 -0.461758 0.158398
v 0.173419 -0.759823 0.212999
v 0.131133 -0.707343 0.209429
v 0.162345 -0.695398 0.263485
v 0.156766 -0.704450 0.420822
v 0.164124 -0.591218 0.155480
v 0.155884 -0.383842 0.235644
v 0.206535 -0.714955 0.367626
v 0.192861 -0.691586 0.301418
v 0.208966 -0.619379 0.201919
v 0.276814 -0.696893 0.311817
v 0.276545 -0.503578 0.242222
v 0.281717 -0.644297 0.256633
v 0.329343 -0.439851 0.210245
v 0.327274 -0.652882 0.332531
v 0.371699 -0.558666 0.330765
v 0.380604 -0.483680 0.210372
v 0.429311 -0.474566 0.342584
v 0.053006 -0.805215 0.534573
v 0.053006 -0.799529 0.535689
v 0.052926 -0.727811 0.563797
v 0.055472 -0.750671 0.584261
v 0.063740 -0.603064 0.579096
v 0.060923 -0.511881 0.636106
v 0.006496 -0.486275 0.745509
v 0.059701 -0.802372 0.535131
v 0.080237 -0.733314 0.518825
v 0.090935 -0.455193 0.717946
v 0.159674 -0.635063 0.584506
v 0.150348 -0.638443 0.475820
v 0.166118 -0.567844 0.624796
v 0.166054 -0.482762 0.684121
v 0.229440 -0.543934 0.563242
v 0.269727 -0.581147 0.464172
v 0.221262 -0.540460 0.712791
v 0.257979 -0.479465 0.652433
v 0.323599 -0.539283 0.689710
v 0.320000 -0.539283 0.701206
v 0.298945 -0.484580 0.594850
v 0.321799 -0.525805 0.695458
v 0.359928 -0.482911 0.485614
v 0.375135 -0.504541 0.656004
v 0.436167 -0.430053 0.562519
v 0.080367 -0.240281 0.193425
v 0.112147 -0.323379 0.208319
v 0.166672 -0.272364 0.147477
v 0.236998 -0.023518 0.265164
v 0.252752 0.094834 0.349705
v 0.260245 -0.090620 0.148324
v 0.191157 -0.163891 0.143429
v 0.318992 -0.039647 0.180237
v 0.387969 0.030194 0.149280
v 0.379071 -0.336107 0.219369
v 0.474541 -0.211168 0.185057
v 0.065043 -0.356920 0.738173
v 0.083744 -0.170559 0.908546
v 0.158187 -0.375212 0.748550
v 0.149909 -0.178396 0.888132
v 0.228664 -0.356310 0.686020
v 0.167777 -0.336729 0.808067
v 0.199270 -0.319574 0.858701
v 0.175285 -0.271499 0.814008
v 0.214781 -0.211361 0.751976
v 0.227480 -0.096237 0.838938
v 0.217988 -0.321638 0.852489
v 0.255489 -0.256989 0.752204
v 0.330893 -0.383835 0.680244
v 0.384458 -0.384875 0.702451
v 0.318590 -0.231248 0.743434
v 0.392636 -0.204440 0.692400
v 0.370290 -0.110540 0.767859
v 0.349763 -0.027637 0.840857
v 0.428936 -0.414257 0.650877
v 0.428095 -0.314412 0.529140
v 0.423324 -0.267434 0.651960
v 0.053843 -0.000859 1.039684
v 0.102027 -0.094233 0.913361
v 0.069438 -0.052626 0.951171
v 0.102788 -0.002620 0.903596
v 0.206317 -0.033518 0.926539
v 0.217988 -0.317509 0.864913
v 0.285383 0.000019 0.910716
v 0.454904 -0.470319 0.402463
v 0.447754 -0.411195 0.467783
v 0.552776 -0.364355 0.325822
v 0.494379 -0.315223 0.211161
v 0.475457 -0.355014 0.257224
v 0.537600 -0.108535 0.202041
v 0.532357 -0.370652 0.217452
v 0.534384 -0.378981 0.389986
v 0.563483 -0.287421 0.237934
v 0.543566 0.006251 0.194661
v 0.600533 -0.262557 0.213174
v 0.643896 -0.376148 0.425735
v 0.610999 -0.325112 0.423149
v 0.643375 -0.364427 0.427857
v 0.658055 -0.259765 0.370208
v 0.645578 -0.214285 0.205773
v 0.701992 -0.220904 0.383694
v 0.652124 -0.117523 0.286011
v 0.646971 -0.167539 0.445855
v 0.652252 0.011481 0.211575
v 0.656553 -0.058495 0.276479
v 0.673962 -0.226217 0.282897
v 0.753911 -0.048715 0.319618
v 0.760539 -0.161442 0.427745
v 0.762724 -0.054606 0.376974
v 0.686299 0.007273 0.269519
v 0.767312 0.064705 0.394082
v 0.760478 -0.224233 0.430775
v 0.485127 -0.330773 0.466956
v 0.472536 -0.261945 0.535571
v 0.482942 -0.223749 0.613112
v 0.494446 -0.147703 0.636457
v 0.454981 -0.041726 0.764881
v 0.532525 -0.102928 0.745718
v 0.532864 -0.050805 0.639500
v 0.552014 -0.258351 0.495325
v 0.540395 -0.055348 0.706953
v 0.593632 -0.000513 0.538171
v 0.642855 -0.376148 0.429979
v 0.606566 -0.220815 0.594321
v 0.600453 -0.156011 0.559783
v 0.647979 -0.044430 0.539761
v 0.687893 -0.104610 0.461616
v 0.753841 0.006207 0.449128
v 0.048198 0.448318 0.187031
v 0.129305 0.394829 0.198703
v 0.139291 0.324974 0.386601
v 0.233856 0.349091 0.181538
v 0.347222 0.056967 0.184631
v 0.285152 0.166133 0.341364
v 0.323210 0.222724 0.272295
v 0.366532 0.223222 0.162328
v 0.347281 0.335755 0.169025
v 0.395234 0.467082 0.214374
v 0.414939 0.177061 0.165706
v 0.424716 0.376602 0.214945
v 0.109555 0.213707 0.484746
v 0.185073 0.263915 0.415005
v 0.263620 0.330039 0.845818
v 0.311520 0.276407 0.864675
v 0.307065 0.366736 0.858346
v 0.366904 0.412422 0.856739
v 0.415611 0.175028 0.794912
v 0.400228 0.314286 0.843817
v 0.049522 0.017268 1.003893
v 0.052104 0.106552 0.952914
v 0.080272 0.424776 0.965594
v 0.066010 0.176845 0.965611
v 0.114873 0.247841 0.993287
v 0.057460 0.322485 0.961921
v 0.103276 0.094483 0.968413
v 0.190293 0.103624 0.902203
v 0.163992 0.208836 1.077079
v 0.066728 0.479682 0.992603
v 0.278100 0.063579 0.894346
v 0.166086 0.142600 1.038281
v 0.205519 0.319906 0.929112
v 0.194305 0.451302 0.964765
v 0.279145 0.153427 0.985331
v 0.254956 0.256448 0.908212
v 0.267652 0.214470 1.024015
v 0.237165 0.436459 0.965620
v 0.306531 0.175842 0.915680
v 0.376435 0.324430 0.909304
v 0.425849 0.371531 0.908088
v 0.066256 0.551854 0.193448
v -0.002756 0.581212 0.217441
v 0.029228 0.725886 0.227878
v 0.114976 0.850838 0.426968
v 0.218243 0.591102 0.199763
v 0.133405 0.811409 0.204175
v 0.175412 0.849627 0.309540
v 0.220742 0.760606 0.261607
v 0.213780 0.803941 0.427472
v 0.163159 0.906694 0.210416
v 0.289097 0.534420 0.232775
v 0.273105 0.647490 0.207651
v 0.262586 0.877602 0.376830
v 0.310022 0.685193 0.423483
v 0.308129 0.813404 0.405454
v 0.378100 0.643768 0.375060
v 0.379281 0.753551 0.211162
v 0.376944 0.759736 0.339871
v 0.337172 0.799425 0.312106
v 0.419983 0.622427 0.215358
v 0.050314 0.642961 0.825994
v 0.051684 0.750773 0.758773
v 0.102405 0.612829 0.823592
v 0.123699 0.733911 0.712085
v 0.093600 0.762740 0.704524
v 0.155900 0.745730 0.534240
v 0.111506 0.854675 0.479659
v 0.216738 0.599877 0.849902
v 0.206754 0.692832 0.746415
v 0.249423 0.724127 0.668703
v 0.211982 0.804396 0.434216
v 0.268702 0.798506 0.589889
v 0.195801 0.854913 0.437485
v 0.272429 0.783883 0.491737
v 0.215579 0.803487 0.434216
v 0.318585 0.491199 0.867233
v 0.333211 0.519931 0.754918
v 0.331104 0.690632 0.566228
v 0.275523 0.766257 0.630971
v 0.393852 0.526000 0.697945
v 0.368722 0.580194 0.577813
v 0.335990 0.579198 0.657521
v 0.314308 0.585128 0.786684
v 0.369387 0.636309 0.442311
v 0.378064 0.672411 0.502940
v 0.429011 0.480647 0.693890
v 0.420865 0.585402 0.583251
v 0.436391 0.630795 0.607467
v 0.465515 0.652408 0.459032
v 0.420355 0.703005 0.540679
v 0.110447 0.535949 0.974519
v 0.185442 0.552401 0.907677
v 0.034784 0.925205 0.414594
v 0.005057 0.969118 0.369648
v 0.073163 0.915463 0.366280
v 0.059635 0.920306 0.483126
v 0.530953 0.181896 0.234745
v 0.444837 0.246853 0.150251
v 0.478880 0.220221 0.228775
v 0.493292 0.291701 0.154971
v 0.474437 0.421315 0.195665
v 0.548378 0.266180 0.232552
v 0.579491 0.327999 0.147122
v 0.618564 0.128346 0.215081
v 0.633703 0.148741 0.423581
v 0.643223 0.216364 0.219848
v 0.645239 0.210010 0.380282
v 0.642475 0.307992 0.249259
v 0.633404 0.354661 0.315520
v 0.630427 0.406319 0.264841
v 0.658966 0.452872 0.365011
v 0.643530 0.394633 0.433830
v 0.689908 0.172987 0.317501
v 0.676515 0.239358 0.232303
v 0.684016 0.239547 0.322833
v 0.730858 0.317527 0.158663
v 0.690507 0.286529 0.311014
v 0.718692 0.328922 0.413752
v 0.683811 0.372638 0.197940
v 0.699984 0.421982 0.159859
v 0.720393 0.266707 0.362051
v 0.762373 0.382087 0.155607
v 0.776638 0.378803 0.197155
v 0.711158 0.411255 0.197887
v 0.710542 0.443911 0.433316
v 0.756484 0.324337 0.218921
v 0.756494 0.321344 0.313651
v 0.764986 0.328883 0.367083
v 0.803664 0.373432 0.321959
v 0.803585 0.375094 0.321296
v 0.803743 0.375094 0.322622
v 0.866234 0.377914 0.218444
v 0.493094 0.117333 0.816539
v 0.476869 0.223357 0.818001
v 0.441774 0.263225 0.779633
v 0.457952 0.386184 0.721484
v 0.516055 0.063021 0.768934
v 0.530397 0.160376 0.647066
v 0.532507 0.160513 0.851242
v 0.527956 0.375713 0.534462
v 0.536420 0.371140 0.645075
v 0.593983 0.051204 0.639961
v 0.564218 0.182500 0.600404
v 0.545437 0.119712 0.713751
v 0.581898 0.212285 0.745415
v 0.565748 0.298419 0.667469
v 0.580115 0.362849 0.486415
v 0.645615 0.137503 0.515256
v 0.637987 0.204939 0.476088
v 0.648788 0.317105 0.585048
v 0.639167 0.214666 0.803533
v 0.700186 0.267081 0.489644
v 0.693128 0.057705 0.508381
v 0.643873 0.214281 0.802323
v 0.643873 0.215051 0.804743
v 0.663505 0.236282 0.494550
v 0.751881 0.380534 0.434557
v 0.480217 0.534642 0.157442
v 0.452199 0.650477 0.372935
v 0.516647 0.668671 0.234535
v 0.488443 0.710073 0.263449
v 0.447621 0.773702 0.270038
v 0.551000 0.601780 0.302046
v 0.593778 0.478688 0.216789
v 0.578186 0.465701 0.434658
v 0.587709 0.600427 0.158374
v 0.566924 0.593619 0.417775
v 0.597848 0.654349 0.201789
v 0.620306 0.502666 0.380695
v 0.634133 0.509135 0.217963
v 0.609311 0.531641 0.316686
v 0.603222 0.602308 0.381666
v 0.669445 0.484390 0.268132
v 0.703865 0.493120 0.216760
v 0.530439 0.591674 0.580879
v 0.454210 0.679156 0.540199
v 0.526932 0.447969 0.524676
v 0.523281 0.479805 0.620947
v 0.483533 0.601027 0.704508
v 0.599956 0.541000 0.532153
v 0.584832 0.591041 0.550359
v 0.554735 0.542182 0.620012
v 0.650524 0.594449 0.591810
vn -0.2145 -0.0000 -0.9767
vn 0.2145 -0.0000 0.9767
vn -0.5128 -0.6238 -0.5898
vn -0.8839 -0.4463 0.1401
vn -0.4871 -0.8485 -0.2069
vn -0.9671 -0.0071 0.2544
vn -0.9931 -0.1035 0.0557
vn 0.3083 -0.8259 0.4720
vn -0.5947 -0.1458 -0.7906
vn -0.6946 0.4937 -0.5232
vn -0.6926 0.2421 -0.6795
vn -0.7531 0.1376 -0.6434
vn -0.6509 -0.4232 -0.6303
vn -0.6989 -0.5902 -0.4039
vn -0.5384 -0.8168 -0.2072
vn 0.0659 -0.9952 -0.0718
vn -0.9895 -0.1137 0.0889
vn -0.8345 0.4671 -0.2922
vn -0.9041 0.4240 -0.0533
vn -0.7975 -0.4949 0.3450
vn -0.0669 -0.2271 -0.9716
vn -0.2139 0.9732 -0.0844
vn 0.2065 -0.6826 -0.7010
vn -0.2427 -0.8321 -0.4988
vn 0.0815 -0.7399 -0.6677
vn -0.3577 0.8282 -0.4314
vn 0.0446 -0.9972 0.0605
vn -0.8527 -0.4611 0.2456
vn -0.6307 -0.3802 0.6765
vn -0.4380 -0.8310 -0.3429
vn -0.0375 -0.7809 -0.6235
vn -0.4520 0.7576 -0.4708
vn 0.1732 -0.4066 -0.8971
vn -0.7485 -0.2595 0.6103
vn -0.5634 -0.7579 -0.3288
vn 0.1841 0.2257 -0.9566
vn -0.4137 0.7782 -0.4725
vn -0.7279 -0.2543 0.6368
vn -0.8595 -0.4810 0.1729
vn 0.1593 -0.8101 0.5643
vn 0.6640 -0.2440 -0.7068
vn 0.2922 0.1490 -0.9447
vn 0.9789 0.1999 -0.0433
vn -0.3563 0.7715 -0.5271
vn -0.6637 -0.3457 0.6634
vn -0.1938 -0.9794 -0.0560
vn -0.5889 -0.7793 0.2142
vn -0.6403 -0.7100 -0.2931
vn -0.6260 -0.7432 -0.2364
vn -0.1426 -0.5448 0.8264
vn -0.5453 0.1500 0.8247
vn -0.0000 0.2911 -0.9567
vn -0.9815 -0.1580 0.1078
vn -0.7788 0.6014 0.1782
vn -0.7876 -0.2675 -0.5551
vn -0.5463 -0.2617 0.7957
vn -0.5996 -0.3614 0.7140
vn -0.1403 -0.7611 0.6332
vn -0.1328 -0.4482 0.8840
vn 0.3111 -0.6618 0.6821
vn 0.2595 -0.7039 0.6612
vn -0.7167 -0.6573 0.2329
vn -0.5918 -0.3643 0.7191
vn -0.7099 -0.4437 0.5470
vn 0.0242 -0.9961 0.0848
vn -0.5282 -0.7144 0.4589
vn 0.1141 0.1698 0.9789
vn 0.4544 0.2064 0.8666
vn -0.1948 0.7686 0.6094
vn -0.2899 -0.3171 0.9030
vn 0.2955 -0.6926 0.6581
vn -0.2577 -0.3328 0.9071
vn -0.5202 -0.4905 -0.6992
vn -0.6700 -0.0668 -0.7394
vn -0.8070 -0.0355 0.5895
vn -0.9405 -0.2982 -0.1629
vn -0.6896 0.5426 0.4796
vn -0.9983 0.0219 -0.0541
vn -0.8369 -0.1183 -0.5344
vn -0.8330 0.5416 -0.1125
vn -0.0953 0.5748 -0.8127
vn -0.1131 -0.1040 -0.9881
vn -0.3580 0.6639 -0.6566
vn -0.6187 0.6461 -0.4471
vn -0.1032 -0.1931 -0.9757
vn 0.0095 -0.0498 -0.9987
vn -0.6443 0.6824 -0.3453
vn -0.8370 0.2320 -0.4957
vn -0.4112 0.2000 -0.8893
vn 0.1610 -0.1045 -0.9814
vn -0.9973 -0.0657 -0.0320
vn -0.8083 0.2441 0.5358
vn -0.6786 0.7328 -0.0505
vn -0.9257 0.0182 -0.3777
vn -0.6339 0.6047 0.4822
vn -0.0050 0.9998 -0.0180
vn -0.6258 0.3719 0.6856
vn -0.5195 0.8201 0.2397
vn -0.3767 0.6322 0.6771
vn 0.0214 0.9986 0.0475
vn -0.6655 0.5921 0.4545
vn 0.2304 -0.1599 0.9599
vn -0.5365 0.2325 0.8112
vn -0.3009 0.7590 0.5774
vn -0.9295 0.3336 0.1573
vn -0.9356 0.3497 -0.0485
vn -0.5932 0.1240 0.7954
vn -0.9004 -0.2788 0.3340
vn -0.8227 -0.0733 0.5638
vn -0.8854 -0.1678 0.4334
vn -0.9785 0.1941 -0.0696
vn -0.7997 -0.4513 0.3960
vn 0.6132 -0.2468 -0.7504
vn 0.5257 -0.8000 -0.2892
vn 0.1754 -0.9762 -0.1278
vn -0.3591 -0.8965 -0.2596
vn -0.3899 -0.8356 -0.3871
vn -0.2904 -0.5557 0.7790
vn 0.2478 -0.4448 0.8607
vn -0.2457 -0.8448 -0.4753
vn 0.8846 -0.3935 0.2503
vn -0.2718 -0.2897 -0.9177
vn 0.1948 0.3480 -0.9170
vn 0.1829 0.2959 -0.9375
vn 0.9105 0.3220 -0.2593
vn 0.2568 0.8984 -0.3562
vn -0.0998 -0.9663 0.2375
vn 0.3879 0.0375 -0.9210
vn -0.0974 0.7786 -0.6199
vn 0.2481 0.3489 -0.9037
vn 0.2749 -0.6822 0.6775
vn -0.0174 -0.0502 -0.9986
vn -0.3172 0.4142 -0.8531
vn 0.0640 0.1057 -0.9923
vn 0.1006 -0.1414 -0.9848
vn 0.1298 -0.0752 -0.9887
vn 0.2783 -0.9561 -0.0919
vn -0.0716 -0.2672 -0.9610
vn -0.0202 -0.9697 0.2436
vn -0.1303 -0.4415 0.8877
vn -0.8651 -0.3896 0.3158
vn -0.4233 -0.7986 0.4277
vn -0.9260 0.0579 0.3731
vn -0.4582 -0.7001 0.5477
vn -0.1148 -0.9930 -0.0289
vn -0.1261 -0.9542 0.2713
vn -0.3436 -0.9363 0.0724
vn 0.7753 -0.5226 0.3547
vn 0.3003 -0.6562 0.6923
vn 0.8027 0.1787 -0.5690
vn 0.7425 -0.3093 0.5941
vn 0.1603 -0.1136 0.9805
vn 0.1544 -0.2599 0.9532
vn -0.0533 -0.8003 0.5972
vn 0.1252 -0.8947 0.4287
vn -0.3223 -0.7189 0.6158
vn 0.1849 -0.8650 0.4664
vn -0.1984 -0.6304 0.7505
vn -0.1926 -0.9813 0.0053
vn -0.3180 -0.0960 -0.9432
vn -0.4713 -0.1853 -0.8623
vn 0.8685 0.1188 -0.4811
vn 0.8469 0.5080 -0.1570
vn 0.8826 -0.3417 -0.3229
vn 0.6894 0.0110 -0.7243
vn 0.7045 -0.5061 -0.4976
vn 0.8833 -0.1867 -0.4300
vn 0.2654 0.8004 -0.5375
vn 0.5621 -0.3478 -0.7504
vn 0.7463 0.0988 -0.6582
vn 0.7019 0.0404 -0.7111
vn -0.3595 0.3284 -0.8734
vn 0.1187 -0.2828 -0.9518
vn 0.6628 0.0504 -0.7471
vn -0.2416 0.4132 -0.8780
vn -0.0737 0.0036 0.9973
vn -0.5457 -0.5909 0.5942
vn -0.5924 -0.7142 0.3727
vn -0.2796 -0.3828 0.8805
vn 0.4934 -0.5130 0.7024
vn -0.0727 0.8702 0.4873
vn 0.7148 -0.4572 0.5292
vn 0.0584 -0.5448 0.8366
vn 0.3994 -0.5282 0.7493
vn 0.5149 -0.2480 0.8206
vn -0.0839 0.7130 0.6961
vn -0.6758 -0.1333 0.7249
vn -0.8659 0.0134 0.5000
vn -0.6322 -0.7145 0.2998
vn 0.6913 -0.5153 0.5065
vn -0.5571 -0.8300 -0.0277
vn 0.5516 -0.0595 0.8320
vn 0.2314 -0.8415 0.4882
vn -0.6725 -0.6143 -0.4128
vn -0.7049 -0.3470 0.6186
vn -0.0691 -0.8488 0.5241
vn -0.9786 -0.0793 -0.1898
vn -0.8556 0.2799 0.4356
vn -0.7109 -0.4610 -0.5312
vn -0.7274 -0.4524 0.5159
vn -0.5028 -0.5921 -0.6298
vn -0.4455 -0.8531 0.2715
vn -0.3159 -0.7873 -0.5295
vn -0.4009 -0.6412 0.6543
vn -0.2696 0.2034 -0.9412
vn -0.4914 -0.3028 -0.8166
vn -0.4159 -0.6387 -0.6473
vn 0.1132 0.4614 -0.8800
vn 0.0703 -0.3630 -0.9291
vn -0.2884 0.2040 -0.9355
vn -0.0706 -0.7178 -0.6926
vn -0.2867 -0.4693 -0.8352
vn -0.2751 0.0944 -0.9568
vn -0.4565 -0.4207 -0.7839
vn -0.9619 0.0768 -0.2625
vn -0.7632 -0.2113 0.6106
vn -0.0079 -0.0673 0.9977
vn -0.8107 -0.5396 0.2272
vn -0.9813 0.1877 -0.0419
vn -0.7637 0.5049 0.4022
vn -0.2522 0.9367 0.2427
vn -0.8125 0.3797 0.4424
vn -0.9498 0.1478 0.2756
vn -0.6359 -0.5242 0.5665
vn -0.9645 0.0450 0.2603
vn -0.3040 -0.9068 0.2921
vn -0.8919 -0.3466 0.2904
vn -0.6702 0.1719 0.7220
vn -0.8198 -0.1540 0.5515
vn -0.6111 0.1473 0.7778
vn -0.8584 -0.3758 0.3490
vn -0.7264 -0.4581 0.5124
vn -0.7875 -0.2970 0.5400
vn -0.6727 0.7018 0.2345
vn -0.2225 -0.0451 -0.9739
vn -0.5321 0.8357 0.1360
vn 0.3055 0.3832 -0.8717
vn 0.3522 0.3966 -0.8477
vn -0.2284 0.9727 -0.0422
vn 0.0723 0.8419 0.5348
vn 0.1931 0.8690 0.4556
vn -0.5462 -0.6864 0.4802
vn -0.6280 0.0076 0.7782
vn -0.2168 0.7188 0.6605
vn -0.6791 -0.2269 0.6981
vn -0.8106 0.4241 -0.4039
vn -0.7298 -0.3739 0.5724
vn 0.1972 0.5061 0.8396
vn -0.7974 -0.2382 0.5544
vn -0.4837 0.7932 0.3700
vn -0.6839 -0.0008 0.7296
vn -0.9458 -0.2155 -0.2429
vn -0.6313 -0.0165 0.7754
vn -0.2899 -0.0315 0.9565
vn -0.9504 0.2864 -0.1216
vn -0.8508 0.1181 0.5121
vn -0.9067 -0.3572 0.2242
vn -0.5196 0.7149 0.4679
vn 0.0713 0.8528 0.5174
vn -0.0699 0.3670 0.9276
vn -0.5956 0.4854 0.6401
vn -0.8030 0.0037 0.5960
vn 0.4308 0.4548 0.7794
vn -0.7984 0.4484 -0.4018
vn -0.0095 -0.1965 -0.9805
vn 0.7858 0.0153 -0.6183
vn 0.1970 0.0038 -0.9804
vn -0.1786 -0.8849 -0.4302
vn -0.4893 -0.1238 0.8633
vn -0.4229 0.5024 0.7541
vn 0.0857 -0.0783 0.9932
vn 0.0253 -0.7068 0.7070
vn -0.5419 0.4716 0.6957
vn 0.4155 -0.5038 0.7573
vn 0.4606 -0.3403 0.8198
vn 0.7454 0.4264 -0.5125
vn 0.3980 0.4011 -0.8250
vn 0.3727 0.1311 -0.9186
vn 0.1110 -0.1771 -0.9779
vn -0.1087 -0.6796 -0.7255
vn -0.9359 0.0758 0.3439
vn -0.7110 -0.5986 0.3689
vn -0.7132 0.5935 0.3730
vn -0.9332 0.1431 0.3298
vn 0.1045 0.5391 0.8357
vn -0.9445 0.1018 0.3123
vn -0.5877 -0.2501 0.7695
vn -0.8861 0.1596 0.4352
vn 0.7916 -0.2206 0.5699
vn -0.4069 0.6304 0.6611
vn 0.0983 -0.8012 0.5903
vn -0.0798 0.9225 0.3777
vn -0.4455 0.5043 0.7397
vn -0.4116 0.4495 0.7928
vn 0.2138 0.0743 0.9741
vn 0.1812 0.2486 0.9515
vn 0.0988 0.9668 0.2357
vn -0.0384 -0.6164 0.7865
vn -0.4632 0.7502 0.4718
vn -0.7097 0.0721 0.7008
vn -0.7840 0.3728 0.4964
vn -0.4985 -0.5566 0.6646
vn 0.2093 0.6915 0.6914
vn 0.0394 0.3030 0.9522
vn 0.3262 0.5227 0.7876
vn 0.0483 -0.3548 0.9337
vn -0.1294 -0.2020 0.9708
vn 0.1149 -0.7273 0.6766
vn 0.9477 0.2786 0.1558
vn -0.0220 0.3916 -0.9199
vn 0.8152 -0.4941 -0.3022
vn 0.1094 0.3196 -0.9412
vn -0.5592 0.2966 -0.7741
vn 0.0437 -0.0633 -0.9970
vn -0.2000 0.5133 -0.8346
vn 0.0639 0.3505 -0.9344
vn 0.0637 -0.9329 -0.3544
vn -0.5747 -0.4750 -0.6665
vn -0.0829 0.0808 -0.9933
vn 0.3491 0.3357 -0.8749
vn -0.2020 0.6083 0.7675
vn -0.1841 0.1805 0.9662
vn -0.7517 0.1092 0.6504
vn -0.7677 0.5705 0.2918
vn -0.5440 -0.2551 0.7994
vn -0.6039 0.2403 0.7600
vn -0.9750 0.1938 0.1091
vn 0.1357 0.8466 0.5146
vn -0.1476 0.0449 0.9880
vn -0.0615 0.9977 -0.0301
vn -0.4031 -0.4796 0.7794
vn -0.1553 -0.6374 0.7547
vn -0.0620 0.9976 -0.0305
vn -0.3024 0.8813 0.3631
vn -0.2080 -0.2350 0.9495
vn -0.2159 0.9087 0.3572
vn 0.0901 -0.1795 0.9796
vn 0.4202 0.7263 0.5440
vn -0.3172 -0.1514 0.9362
vn 0.0271 -0.2013 0.9792
vn 0.0709 -0.2773 0.9582
vn -0.1301 0.7413 0.6585
vn -0.4973 -0.5076 0.7036
vn -0.9388 0.3427 -0.0336
vn 0.4323 0.6809 0.5912
vn -0.7304 0.3962 0.5564
vn -0.8706 0.4910 -0.0316
vn -0.8318 -0.3870 0.3979
vn 0.4245 0.8914 0.1587
vn 0.4767 -0.2325 0.8477
vn -0.5376 0.8341 0.1233
vn 0.3605 0.5123 0.7795
vn -0.6715 0.6433 -0.3679
vn -0.8876 0.2684 0.3742
vn 0.6946 0.4383 0.5704
vn -0.4166 0.7138 -0.5630
vn 0.1055 0.4009 -0.9100
vn -0.7141 0.6997 0.0218
vn 0.4535 0.7611 0.4638
vn -0.5829 0.7943 -0.1711
vn -0.1611 0.7623 0.6269
vn -0.5921 0.6186 0.5165
vn 0.8447 0.5147 -0.1466
vn -0.1366 0.9852 0.1032
vn -0.1634 0.9351 0.3144
vn 0.0373 0.9968 0.0706
vn 0.3440 0.7249 0.5968
vn -0.9106 0.2369 0.3387
vn -0.5689 -0.1770 0.8031
vn -0.2669 -0.8288 -0.4918
vn 0.2954 0.0127 -0.9553
vn 0.0374 -0.7927 0.6084
vn 0.2294 0.1338 -0.9641
vn 0.0778 -0.6809 -0.7283
vn -0.0337 -0.1878 -0.9816
vn 0.4397 0.0075 -0.8981
vn 0.9301 -0.2068 -0.3036
vn 0.0654 -0.9346 0.3495
vn 0.1072 -0.2669 -0.9577
vn 0.5256 -0.5939 0.6091
vn -0.0936 -0.3975 -0.9128
vn -0.0194 0.0983 -0.9950
vn 0.6861 0.5181 -0.5107
vn 0.4688 -0.4782 -0.7427
vn 0.5316 0.4981 -0.6851
vn 0.5223 0.1592 -0.8378
vn 0.2611 -0.6992 -0.6656
vn 0.5865 -0.0612 -0.8077
vn 0.6640 -0.0520 -0.7459
vn -0.2329 -0.2751 -0.9328
vn 0.8127 -0.5197 -0.2636
vn 0.3974 -0.4776 0.7835
vn -0.1910 -0.9726 0.1326
vn -0.0000 0.1927 -0.9813
vn 0.8391 -0.1373 0.5264
vn 0.4291 -0.8085 0.4027
vn 0.5909 -0.7720 0.2341
vn 0.7857 -0.3491 0.5107
vn 0.7090 -0.2202 0.6700
vn -0.3188 -0.9461 0.0568
vn -0.2104 -0.4877 0.8473
vn 0.4862 -0.6506 0.5834
vn 0.4320 -0.9018 -0.0090
vn 0.3889 -0.9203 0.0426
vn 0.2397 0.6062 0.7584
vn 0.4779 -0.7774 0.4090
vn 0.7710 -0.3536 0.5297
vn -0.4713 0.5062 -0.7222
vn 0.1813 0.0595 -0.9816
vn 0.5410 0.0565 -0.8392
vn -0.5377 -0.3436 -0.7700
vn -0.3138 -0.5701 -0.7593
vn -0.6224 0.6189 -0.4792
vn 0.2915 -0.1013 -0.9512
vn 0.0549 0.0613 -0.9966
vn 0.9372 0.0309 -0.3474
vn 0.0845 -0.3234 -0.9425
vn 0.0122 0.0511 0.9986
vn 0.1725 -0.6740 0.7183
vn 0.2005 -0.4926 0.8468
vn -0.1536 -0.2379 0.9591
vn -0.6174 -0.6115 0.4949
vn 0.2218 -0.4200 0.8800
vn 0.5458 -0.7410 0.3912
vn 0.4947 0.4451 0.7465
vn 0.3148 -0.5821 0.7497
vn -0.2068 -0.8643 0.4584
vn 0.3914 -0.3406 0.8549
vn 0.2573 -0.0987 0.9613
vn -0.1718 -0.9124 0.3716
vn 0.7578 0.0020 0.6524
vn 0.8161 0.0269 0.5773
vn 0.4513 -0.5242 0.7222
vn -0.4300 0.0461 0.9016
vn 0.0383 0.6753 0.7366
vn 0.2218 -0.5549 0.8018
vn 0.7612 -0.4260 0.4889
vn -0.0000 -0.9490 0.3154
vn 0.3766 -0.6886 0.6197
vn 0.8045 -0.5079 -0.3078
vn 0.5828 -0.5697 0.5794
vn 0.1258 0.0863 -0.9883
vn -0.0281 -0.3817 -0.9239
vn 0.6333 -0.7426 -0.2180
vn 0.7572 -0.6495 0.0690
vn -0.5878 -0.4769 -0.6535
vn 0.4085 -0.1481 -0.9007
vn 0.9370 -0.3114 -0.1585
vn 0.5806 -0.8140 -0.0191
vn 0.7335 -0.6290 -0.2575
vn 0.7296 -0.6626 -0.1693
vn 0.1119 -0.2517 -0.9613
vn 0.5315 0.5191 -0.6694
vn 0.1457 -0.6679 -0.7298
vn 0.6590 -0.6679 -0.3459
vn 0.9297 0.1957 -0.3119
vn 0.7767 -0.4116 -0.4767
vn 0.4135 -0.1753 -0.8935
vn 0.6253 -0.0382 -0.7795
vn 0.9822 -0.0965 -0.1608
vn 0.7205 0.3191 -0.6157
vn 0.9939 0.0883 0.0656
vn 0.5864 -0.3175 0.7452
vn 0.4326 -0.5000 0.7503
vn 0.6717 -0.5112 0.5362
vn 0.5427 -0.8265 0.1495
vn 0.8264 0.1129 0.5516
vn 0.5555 -0.2452 0.7946
vn 0.2927 -0.5708 0.7672
vn 0.6957 -0.4037 0.5942
vn 0.8888 -0.1474 -0.4339
vn -0.3674 -0.8411 0.3969
vn 0.5999 0.3334 0.7273
vn 0.7002 -0.3463 0.6243
vn -0.4232 -0.8564 -0.2959
vn -0.6252 -0.6615 -0.4142
vn -0.7293 -0.2744 -0.6267
vn -0.6827 -0.6781 -0.2720
vn -0.5632 0.2010 -0.8015
vn -0.0626 0.3461 -0.9361
vn -0.1615 0.0311 -0.9864
vn 0.2586 0.4629 -0.8479
vn 0.4490 0.1407 -0.8824
vn -0.2493 0.4312 -0.8671
vn -0.3559 0.1067 -0.9284
vn -0.4509 -0.4175 -0.7889
vn -0.4830 0.3365 -0.8084
vn 0.5849 -0.0061 0.8111
vn 0.7835 -0.1271 0.6082
vn 0.3314 -0.2798 0.9011
vn 0.8291 0.2135 0.5167
vn 0.5477 -0.2524 0.7977
vn 0.5530 -0.2590 0.7919
vn 0.5512 0.2973 0.7796
vn 0.0154 0.3049 0.9523
vn -0.0744 -0.0192 0.9970
vn 0.8671 -0.1179 0.4839
vn 0.9648 0.2625 0.0165
vn 0.8038 -0.3331 0.4929
vn 0.1706 0.3109 0.9350
vn -0.3116 -0.1089 0.9440
vn -0.0301 0.3675 0.9296
vn 0.5680 -0.4589 0.6832
vn -0.7580 0.2950 0.5817
vn -0.0927 0.3744 0.9226
vn 0.1952 0.5038 0.8415
vn -0.2649 0.8054 0.5302
vn -0.2524 -0.6871 0.6814
vn 0.4137 -0.4504 0.7912
vn 0.8022 0.5841 0.1238
vn 0.7334 0.3873 0.5587
vn -0.1123 -0.2691 0.9565
vn 0.0834 0.2575 0.9627
vn 0.4309 -0.4238 0.7967
vn 0.8332 0.5429 0.1054
vn -0.3161 0.0508 0.9474
vn 0.3627 -0.6555 0.6624
vn 0.7594 0.2425 0.6038
vn 0.7113 0.2896 0.6405
vn 0.4769 0.3786 0.7932
vn -0.3276 0.4581 0.8263
vn 0.6528 -0.6760 0.3419
vn 0.7396 0.3285 -0.5874
vn -0.3980 0.4383 0.8059
vn -0.3665 -0.8149 -0.4490
vn -0.2759 0.1297 -0.9524
vn 0.0209 0.0673 -0.9975
vn -0.1911 0.2970 -0.9356
vn -0.2214 0.1737 -0.9596
vn 0.0525 0.4968 -0.8663
vn -0.5978 0.5728 -0.5609
vn -0.3128 0.1199 -0.9422
vn -0.4110 -0.7396 -0.5330
vn 0.5047 -0.1015 -0.8573
vn 0.3048 -0.1653 -0.9380
vn -0.2151 0.3375 -0.9164
vn 0.0016 0.2660 -0.9640
vn -0.2762 0.3066 -0.9109
vn 0.6681 0.7377 0.0974
vn -0.0917 -0.0603 -0.9940
vn 0.6794 0.3820 0.6265
vn 0.5363 0.6998 0.4718
vn 0.5074 0.6714 0.5402
vn 0.0286 0.6744 0.7378
vn -0.0706 0.7387 0.6703
vn -0.5564 0.6680 0.4943
vn 0.4687 0.6792 0.5649
vn 0.2452 0.9695 -0.0000
vn -0.3569 0.9219 -0.1509
vn -0.2452 -0.9695 -0.0000
vn 0.9666 0.2058 0.1528
vn 0.7708 0.4237 0.4759
vn 0.6072 0.6404 0.4703
vn 0.3805 0.7852 0.4886
vn 0.5954 0.7864 0.1644
vn 0.8703 0.3344 0.3616
vn 0.6710 0.5909 -0.4479
vn 0.6750 0.6706 0.3078
vn 0.7230 0.5808 0.3740
vn 0.8424 0.4855 0.2339
vn -0.1790 0.9801 0.0855
vn -0.0564 0.8614 -0.5048
vn -0.2438 0.8688 -0.4310
vn -0.0919 0.0193 0.9956
vn -0.2138 0.7769 0.5922
vn -0.2766 0.3683 0.8876
vn -0.3151 0.5034 0.8046
vn 0.3443 0.5337 0.7724
vn 0.1966 0.8779 0.4367
vn -0.0530 0.7854 0.6167
vn 0.7960 -0.1161 0.5941
vn 0.0870 -0.0790 0.9931
vn 0.5314 0.7041 -0.4710
vn 0.5952 0.7351 0.3246
vn 0.1467 0.7666 -0.6251
vn -0.3130 0.9497 0.0106
vn -0.0889 0.9900 0.1094
vn -0.0552 0.7597 0.6479
vn 0.6807 0.7326 -0.0085
vn 0.7574 0.6108 -0.2310
vn 0.4042 0.2734 0.8728
vn -0.8923 0.1386 0.4297
vn 0.5113 0.0022 -0.8594
vn 0.7640 -0.4332 -0.4781
vn -0.2789 0.3935 -0.8760
vn 0.2684 -0.0757 -0.9603
vn 0.3051 0.2327 -0.9235
vn 0.4359 0.4730 -0.7657
vn -0.0864 0.2158 -0.9726
vn 0.3017 -0.8212 -0.4844
vn -0.1984 0.2672 -0.9430
vn -0.1605 0.0981 -0.9822
vn 0.9920 0.1126 0.0565
vn 0.8413 0.2568 -0.4757
vn 0.8428 -0.2093 -0.4959
vn 0.8220 0.0272 0.5688
vn 0.7103 0.6176 -0.3378
vn 0.7760 0.1598 -0.6102
vn 0.5445 0.7077 0.4502
vn 0.6162 -0.7229 -0.3126
vn 0.6935 -0.6869 -0.2173
vn 0.2695 -0.1029 0.9575
vn 0.7901 -0.2500 -0.5597
vn 0.0101 0.1216 -0.9925
vn 0.0088 -0.0048 0.9999
vn 0.9880 -0.0160 -0.1535
vn -0.9930 -0.0000 0.1181
vn 0.8143 0.5263 -0.2448
vn 0.2157 0.3987 -0.8913
vn 0.9930 -0.0000 -0.1181
vn 0.1287 -0.1131 0.9852
vn -0.3099 -0.0605 0.9488
vn 0.8722 0.1106 0.4765
vn -0.5923 -0.1017 0.7992
vn 0.6654 0.4514 0.5945
vn 0.6006 0.2759 0.7504
vn 0.9764 0.1911 -0.1005
vn 0.8621 0.4951 0.1075
vn 0.8839 -0.4191 0.2075
vn 0.9072 -0.1758 -0.3823
vn 0.6792 -0.1361 0.7212
vn 0.6069 -0.2972 0.7372
vn 0.6231 0.7788 -0.0727
vn 0.4351 0.9004 0.0039
vn 0.1552 0.2268 0.9615
vn 0.9881 -0.1384 0.0675
vn 0.9915 0.0402 -0.1239
vn -0.0000 -0.9529 0.3033
vn 0.5596 -0.5708 0.6008
vn 0.5004 0.3275 0.8014
vn 0.7864 0.3175 0.5299
vn 0.9824 -0.1027 0.1559
vn -0.0512 -0.3449 0.9372
vn 0.9828 -0.0627 0.1739
vn -0.2820 -0.0979 -0.9544
vn -0.3708 -0.2798 -0.8856
vn 0.0012 0.2904 0.9569
vn 0.6293 0.3309 0.7031
vn 0.6474 0.5587 0.5184
vn 0.3114 -0.3179 -0.8955
vn 0.8026 0.5744 0.1607
vn -0.1749 0.6662 -0.7250
vn 0.7635 0.6442 0.0451
vn 0.7222 0.5009 -0.4770
vn -0.1466 0.9851 0.0896
vn -0.2401 0.4260 -0.8723
vn 0.6393 -0.3484 0.6855
vn 0.7465 0.4159 0.5194
vn 0.6023 0.7977 -0.0304
vn 0.6977 0.6901 0.1925
vn 0.8005 0.5390 0.2619
vn 0.1279 0.6152 -0.7779
vn 0.2182 0.9274 0.3038
vn 0.8337 -0.0525 0.5497
vn 0.6031 0.3883 0.6968
vn 0.0647 0.9504 -0.3042
vn 0.4461 0.6665 0.5973
vn 0.4689 0.6536 0.5941
vn 0.5666 0.3862 0.7278
vn 0.5852 -0.2837 0.7596
vn 0.4028 0.9114 0.0839
vn 0.7562 -0.6122 0.2311
vn 0.9655 0.0513 -0.2552
vn 0.4709 0.8773 -0.0925
vn 0.2052 0.9152 0.3468
vn -0.0866 0.5914 0.8017
vn 0.4676 0.4236 -0.7759
vn -0.7652 -0.6437 -0.0076
vn -0.0221 -0.9991 0.0369
vn -0.2894 -0.1744 -0.9412
vn -0.3383 0.9314 0.1346
vn 0.1738 -0.5556 0.8131
vn -0.8951 -0.0151 -0.4456
vn -0.5039 -0.6993 0.5070
vn -0.5692 -0.5203 0.6367
vn -0.9995 -0.0255 0.0198
vn -0.7404 -0.4224 -0.5228
vn -0.8769 0.3775 0.2976
vn -0.6757 -0.4870 0.5534
vn 0.3991 -0.7922 -0.4616
vn 0.4136 -0.7453 -0.5230
vn -0.7776 0.5740 -0.2564
vn 0.3505 -0.7336 -0.5822
vn -0.6251 -0.5899 0.5111
vn 0.1872 0.6666 -0.7216
vn -0.3085 -0.4216 0.8527
vn -0.6392 0.0492 -0.7674
vn 0.2367 -0.5929 0.7697
vn -0.8461 -0.0453 0.5310
vn 0.1397 0.4043 -0.9039
vn 0.0544 -0.9176 0.3937
vn 0.3820 -0.7085 -0.5933
vn 0.6626 0.0537 -0.7470
vn 0.2202 -0.8393 0.4970
vn 0.0170 0.4843 -0.8747
vn -0.7887 -0.4157 0.4529
vn 0.7104 -0.4658 -0.5276
vn -0.9342 -0.2661 0.2378
vn 0.5338 -0.8239 0.1903
vn -0.6244 -0.7618 0.1727
vn 0.0877 0.0678 -0.9938
vn -0.1293 -0.9907 0.0420
vn -0.3035 0.5623 -0.7692
vn -0.6269 -0.0962 -0.7732
vn 0.2636 -0.8110 -0.5224
vn 0.0098 -0.0872 -0.9961
vn -0.4334 -0.4620 0.7738
vn -0.4135 0.7057 -0.5753
vn -0.5079 0.1722 -0.8440
vn 0.0358 -0.2806 -0.9591
vn -0.3649 0.6840 -0.6316
vn -0.8602 -0.4882 -0.1476
vn -0.6981 0.1258 0.7048
vn -0.7456 0.2427 -0.6207
vn -0.1395 -0.3834 0.9130
vn -0.7014 -0.7127 -0.0001
vn 0.3018 -0.7968 0.5235
vn -0.0000 -0.2911 0.9567
vn -0.5953 -0.7687 0.2338
vn -0.3941 -0.9015 -0.1790
vn 0.2841 -0.7347 0.6161
vn -0.0685 -0.3680 0.9273
vn -0.4484 -0.3157 0.8363
vn -0.2010 -0.9613 0.1886
vn 0.2633 -0.8397 0.4750
vn -0.6126 0.1584 0.7743
vn -0.6168 -0.7534 0.2279
vn 0.2952 -0.8322 0.4693
vn -0.4283 0.4214 -0.7994
vn 0.2774 -0.8925 0.3557
vn -0.2605 0.6563 -0.7081
vn -0.8558 -0.4872 0.1738
vn 0.6182 0.1919 0.7622
vn -0.6539 -0.6898 0.3107
vn -0.6022 -0.7974 -0.0391
vn 0.4582 0.0409 0.8879
vn -0.7187 0.1000 -0.6881
vn -0.6576 -0.6391 0.3989
vn -0.8975 -0.3714 -0.2380
vn -0.6041 -0.0214 -0.7966
vn -0.9479 0.1245 0.2931
vn -0.2217 0.9196 -0.3244
vn -0.8510 0.5136 -0.1095
vn -0.8198 0.5505 -0.1578
vn -0.4925 0.2129 0.8439
vn -0.5710 0.7878 -0.2311
vn -0.5716 0.7024 0.4241
vn -0.0251 0.4103 -0.9116
vn -0.6793 0.5766 -0.4540
vn 0.3589 -0.1826 -0.9154
vn -0.0354 0.3639 -0.9308
vn 0.1604 -0.3851 -0.9088
vn 0.1606 0.7181 -0.6772
vn -0.0818 0.2385 -0.9677
vn -0.3405 -0.1750 -0.9238
vn -0.0580 -0.5130 -0.8564
vn -0.7837 0.5380 0.3104
vn -0.7316 0.2263 0.6431
vn -0.9202 -0.2818 -0.2715
vn -0.7895 0.5852 0.1850
vn -0.9891 -0.0775 -0.1256
vn -0.7444 0.5400 0.3928
vn -0.9675 0.2501 0.0368
vn -0.5710 0.5604 0.6000
vn -0.6328 0.5108 0.5819
vn -0.3667 0.7238 0.5845
vn -0.4293 -0.5623 0.7068
vn -0.7899 0.5440 0.2832
vn -0.5494 0.3213 0.7713
vn 0.0189 -0.1783 0.9838
vn -0.6956 0.5816 0.4218
vn -0.7001 0.3035 0.6463
vn -0.6578 0.1770 0.7321
vn -0.7509 0.4757 0.4582
vn -0.8551 0.0756 0.5129
vn 0.6273 -0.5279 -0.5725
vn -0.2811 -0.8046 0.5230
vn -0.7375 0.2086 0.6423
vn 0.4274 -0.2146 0.8782
vn -0.1154 -0.9788 0.1692
vn 0.3982 -0.8797 0.2600
vn 0.0561 -0.8991 0.4341
vn 0.0278 -0.9274 0.3730
vn -0.6482 -0.7606 0.0362
vn -0.5163 -0.7137 0.4734
vn -0.7117 -0.6360 -0.2982
vn -0.5043 -0.7152 0.4839
vn -0.3254 -0.8848 0.3335
vn -0.0573 -0.9983 0.0053
vn -0.0327 -0.9966 0.0759
vn -0.1062 -0.1619 -0.9811
vn 0.7705 -0.5861 0.2504
vn 0.1338 -0.2342 -0.9629
vn 0.7501 -0.4139 0.5157
vn 0.6211 -0.2156 -0.7535
vn 0.8408 -0.0318 -0.5404
vn 0.4591 0.5225 -0.7185
vn 0.2002 -0.2349 -0.9512
vn -0.3630 0.7695 -0.5255
vn -0.7119 0.4205 -0.5625
vn -0.4657 0.2146 -0.8585
vn -0.3115 -0.9454 -0.0963
vn -0.0095 -0.7716 0.6360
vn -0.2837 0.1925 -0.9394
vn 0.3475 0.0655 -0.9354
vn -0.2541 0.0376 -0.9665
vn -0.3501 0.7637 -0.5424
vn -0.7752 0.1633 -0.6103
vn 0.2736 0.4531 -0.8484
vn -0.0163 -0.0483 -0.9987
vn -0.3218 0.2368 -0.9167
vn -0.3086 -0.7751 0.5513
vn -0.2920 0.5425 0.7876
vn -0.4822 0.2635 0.8355
vn -0.0197 0.1565 0.9875
vn -0.3283 -0.4763 0.8157
vn -0.4490 -0.8765 -0.1736
vn 0.1676 -0.1002 0.9808
vn -0.0091 -0.9823 0.1873
vn -0.7699 -0.1298 0.6248
vn -0.2074 -0.5571 0.8041
vn -0.4912 -0.7865 0.3743
vn -0.1940 -0.8632 0.4662
vn 0.8209 -0.5682 -0.0570
vn 0.3866 -0.7776 0.4959
vn 0.0987 -0.9829 0.1552
vn 0.4608 -0.7261 0.5104
vn 0.2170 -0.9242 0.3142
vn 0.7521 -0.5064 0.4218
vn 0.4152 -0.6684 0.6171
vn -0.2004 0.3850 -0.9009
vn 0.0938 0.0080 0.9956
vn 0.6922 -0.6115 0.3834
vn 0.0899 -0.9290 0.3589
vn 0.0630 -0.0042 0.9980
vn 0.3811 -0.8392 0.3880
vn 0.4466 -0.4648 0.7645
vn 0.1147 -0.6602 0.7423
vn -0.1944 0.3968 0.8971
vn -0.1510 -0.4364 -0.8870
vn -0.6852 0.2355 -0.6892
vn 0.8236 0.3759 -0.4247
vn 0.9026 -0.0256 -0.4298
vn 0.8536 -0.2979 -0.4274
vn -0.0936 0.3043 -0.9480
vn 0.8655 -0.1953 -0.4614
vn 0.8941 -0.1577 -0.4192
vn 0.0547 0.6354 -0.7703
vn -0.3721 0.4937 -0.7860
vn 0.4814 0.2016 -0.8530
vn 0.1548 0.2860 -0.9456
vn -0.5688 0.6904 -0.4470
vn -0.5808 0.6153 -0.5330
vn -0.4729 0.5218 -0.7100
vn -0.3196 0.2784 -0.9057
vn -0.2599 0.4261 -0.8666
vn -0.7208 0.4392 0.5363
vn -0.1086 0.6202 0.7769
vn -0.4360 -0.4021 0.8051
vn 0.2819 -0.9518 -0.1207
vn -0.6775 0.2675 0.6852
vn -0.3572 0.2087 0.9104
vn 0.4958 0.0830 0.8645
vn 0.2596 -0.0000 0.9657
vn -0.2596 -0.0000 -0.9657
vn -0.6083 0.5611 0.5614
vn -0.6834 0.3706 0.6290
vn -0.0210 0.1482 0.9887
vn -0.3054 -0.9089 -0.2841
vn 0.4517 -0.5208 0.7244
vn -0.6723 0.2623 0.6922
vn -0.5755 -0.8176 -0.0190
vn 0.0386 -0.3287 0.9437
vn 0.5505 -0.6892 0.4712
vn -0.1819 -0.6952 0.6955
vn -0.2049 -0.5423 0.8148
vn -0.2307 -0.5220 0.8212
vn -0.1362 -0.1950 0.9713
vn 0.5188 0.0769 0.8514
vn -0.6144 0.7354 0.2860
vn -0.6691 -0.3268 0.6674
vn 0.3209 -0.6297 0.7075
vn -0.4443 -0.0916 0.8912
vn -0.4126 -0.3665 0.8339
vn -0.6611 -0.7481 -0.0573
vn -0.9575 -0.2430 0.1552
vn -0.7725 -0.4304 -0.4669
vn -0.6262 -0.3851 0.6779
vn -0.0187 -0.2329 -0.9723
vn -0.0771 0.9782 0.1930
vn -0.6093 0.1852 -0.7710
vn -0.4287 0.6114 0.6651
vn -0.8509 0.3333 -0.4060
vn -0.7027 -0.3429 0.6234
vn -0.7040 -0.5998 0.3803
vn -0.6995 -0.5769 0.4218
vn 0.1633 -0.7301 -0.6636
vn 0.1162 -0.3432 -0.9321
vn 0.3814 0.1722 -0.9083
vn -0.5543 -0.7328 -0.3947
vn -0.8382 0.2295 -0.4946
vn -0.9232 0.3793 0.0620
vn 0.3674 0.2200 -0.9037
vn -0.3579 0.2906 -0.8874
vn -0.2726 -0.4692 -0.8400
vn -0.7339 -0.6296 0.2550
vn -0.8430 -0.2362 0.4833
vn -0.8723 -0.4850 0.0620
vn -0.9735 -0.0529 0.2227
vn -0.7837 -0.5564 0.2760
vn -0.8604 -0.3506 0.3698
vn -0.4382 -0.3415 0.8315
vn -0.8455 -0.2768 -0.4566
vn -0.5530 -0.0492 0.8317
vn -0.8068 -0.4189 0.4166
vn -0.9547 0.0343 0.2957
vn -0.8434 -0.3143 0.4357
vn -0.7490 -0.5214 0.4088
vn -0.4892 -0.7441 0.4549
vn -0.2775 0.6864 0.6722
vn -0.2554 0.6357 0.7285
vn -0.8948 0.1757 0.4104
vn -0.6824 0.6232 -0.3819
vn -0.6553 0.6905 0.3063
vn -0.6871 0.1630 0.7081
vn -0.4576 -0.3876 0.8002
vn -0.8628 0.4034 0.3048
vn -0.3474 -0.3240 0.8800
vn -0.5706 -0.6053 0.5550
vn 0.3958 0.0354 0.9177
vn -0.4147 -0.4894 0.7671
vn -0.9046 0.3627 -0.2240
vn -0.8240 0.5666 0.0091
vn -0.5318 0.7693 0.3539
vn -0.9435 -0.0537 -0.3271
vn -0.6426 0.7171 0.2701
vn -0.9187 0.2827 0.2758
vn -0.2222 0.1817 -0.9579
vn -0.3899 0.0716 0.9181
vn 0.1129 0.1667 -0.9795
vn -0.0048 0.0117 -0.9999
vn 0.0451 0.3625 -0.9309
vn -0.1532 0.0742 -0.9854
vn -0.6752 0.6909 0.2585
vn -0.7490 0.5869 0.3073
vn -0.6923 0.7020 0.1669
vn -0.1853 0.3513 -0.9177
vn -0.8289 0.5114 0.2268
vn -0.0652 0.3531 -0.9333
vn 0.4242 0.5760 -0.6987
vn -0.5842 0.7795 -0.2260
vn 0.4499 0.1368 -0.8825
vn -0.1792 0.5503 -0.8155
vn 0.2855 0.3096 -0.9070
vn -0.7336 -0.4647 0.4959
vn -0.1855 0.7711 -0.6090
vn -0.9896 -0.1378 0.0420
vn -0.6141 0.0045 -0.7892
vn -0.8136 0.4123 -0.4100
vn -0.6324 0.0161 0.7745
vn -0.7461 0.6334 0.2051
vn -0.7941 -0.3023 0.5272
vn -0.7743 -0.3861 0.5013
vn -0.2124 0.6635 0.7174
vn -0.4825 0.2552 0.8379
vn -0.1522 0.5838 0.7975
vn -0.6573 0.5936 0.4644
vn -0.2496 0.9193 0.3041
vn -0.9392 -0.2664 0.2165
vn -0.0955 0.9949 -0.0322
vn -0.9518 0.2627 0.1582
vn -0.1790 0.0806 -0.9805
vn -0.6596 0.1052 0.7443
vn -0.7517 0.1075 0.6507
vn -0.6304 -0.0425 0.7751
vn -0.9292 -0.2925 0.2260
vn -0.4917 0.8216 0.2884
vn 0.0954 0.9945 -0.0442
vn -0.4187 0.7291 0.5414
vn 0.2123 0.9281 -0.3058
vn -0.5209 0.1869 -0.8329
vn -0.1068 -0.2061 -0.9727
vn -0.0496 -0.1696 -0.9843
vn -0.6553 0.7132 0.2489
vn 0.4548 0.1292 -0.8812
vn 0.9241 0.2554 -0.2843
vn 0.8878 -0.2185 -0.4051
vn 0.8578 0.0401 -0.5125
vn 0.7928 0.4345 -0.4275
vn 0.8689 0.1496 -0.4719
vn -0.5479 0.3534 0.7582
vn -0.5307 0.4932 0.6892
vn 0.6419 -0.3535 -0.6805
vn -0.0264 -0.4602 0.8874
vn 0.7683 0.4064 -0.4944
vn 0.7124 -0.0136 -0.7016
vn 0.4141 -0.6138 -0.6721
vn -0.4907 0.1113 0.8642
vn 0.6588 0.2926 -0.6931
vn 0.3629 0.4148 -0.8344
vn 0.0229 -0.5941 -0.8040
vn -0.1289 -0.8662 -0.4828
vn -0.9814 0.1920 0.0089
vn -0.5980 -0.6404 0.4820
vn -0.8114 0.5234 0.2602
vn -0.9408 -0.2355 0.2437
vn -0.3975 0.7456 0.5348
vn -0.5837 0.1721 0.7935
vn 0.3654 -0.8053 0.4669
vn -0.5072 -0.1547 -0.8478
vn 0.0652 -0.4244 0.9031
vn 0.0566 -0.3573 0.9323
vn 0.0090 0.8679 0.4967
vn -0.0715 0.8881 0.4540
vn 0.0823 0.9010 0.4258
vn -0.8295 0.1936 0.5239
vn -0.3296 0.0441 0.9431
vn 0.5290 -0.7529 0.3916
vn -0.5391 -0.4972 0.6798
vn 0.2321 0.5730 0.7860
vn 0.3472 0.4365 0.8300
vn -0.0009 0.5695 -0.8220
vn -0.4524 0.3956 -0.7993
vn 0.5541 -0.3388 -0.7604
vn -0.0977 -0.0427 -0.9943
vn -0.5559 0.2951 -0.7771
vn 0.3648 -0.7671 -0.5277
vn 0.3100 -0.7493 -0.5852
vn -0.1008 0.3693 -0.9238
vn 0.0323 0.3975 -0.9170
vn -0.6551 0.7549 0.0308
vn -0.1659 -0.8252 -0.5399
vn -0.0454 0.4762 -0.8782
vn -0.3542 -0.8219 -0.4460
vn -0.3453 -0.6727 -0.6545
vn -0.9015 0.2042 0.3815
vn -0.4508 0.2837 0.8463
vn -0.2239 0.9298 0.2922
vn -0.4021 0.5507 -0.7315
vn -0.3944 0.8735 -0.2853
vn -0.5397 0.5176 0.6639
vn 0.0155 0.9993 -0.0345
vn 0.3960 0.5730 0.7175
vn 0.9297 0.3030 0.2092
vn 0.4265 -0.2861 0.8580
vn -0.0009 0.9560 0.2933
vn 0.0291 0.8011 0.5978
vn 0.0086 0.6635 0.7481
vn -0.4936 0.8696 0.0132
vn -0.0290 0.9465 0.3214
vn 0.1548 0.3010 0.9410
vn -0.4273 0.8474 -0.3152
vn -0.5147 0.5022 0.6949
vn 0.0341 0.9981 0.0522
vn 0.4456 0.7258 0.5241
vn 0.2037 0.9211 0.3317
vn -0.6125 0.1294 0.7798
vn 0.4466 0.8087 0.3828
vn 0.2743 0.8128 0.5140
vn 0.3315 0.7340 0.5928
vn -0.9577 -0.0000 -0.2878
vn -0.5985 0.6456 0.4745
vn 0.9577 -0.0000 0.2878
vn 0.3434 0.8551 0.3883
vn 0.2710 0.9325 0.2387
vn -0.9044 -0.2955 0.3078
vn -0.0504 -0.3970 0.9164
vn 0.7291 0.6422 0.2367
vn -0.5366 0.0648 0.8414
vn -0.4450 -0.1620 0.8808
vn -0.8453 0.2823 0.4537
vn 0.7926 -0.5625 0.2353
vn 0.0884 -0.9908 -0.1021
vn 0.3678 0.9209 0.1292
vn 0.4058 0.4683 0.7849
vn -0.8339 0.1591 0.5284
vn 0.0850 0.3463 -0.9343
vn -0.4291 0.3904 0.8146
vn 0.0750 0.1270 -0.9891
vn -0.3517 0.6419 0.6814
vn 0.0092 0.6459 -0.7634
vn 0.0365 0.8712 -0.4897
vn -0.4840 0.6576 -0.5773
vn -0.4812 0.6349 -0.6045
vn 0.6242 0.6782 0.3879
vn 0.2402 0.8108 0.5338
vn -0.0761 0.4416 -0.8940
vn -0.0253 0.9994 0.0250
vn -0.3956 0.9179 0.0320
vn -0.0919 0.7009 0.7073
vn -0.1962 0.5080 0.8387
vn -0.7845 0.6200 -0.0159
vn 0.3745 -0.9030 -0.2105
vn -0.1464 0.9181 0.3684
vn -0.0140 -0.9857 0.1679
vn 0.8462 -0.0894 0.5253
vn 0.2299 0.1867 -0.9551
vn 0.4760 0.2956 -0.8283
vn 0.0793 -0.8434 0.5315
vn 0.5377 -0.4043 0.7399
vn 0.9073 0.0233 0.4198
vn 0.0905 -0.3102 -0.9464
vn 0.0073 -0.8171 -0.5764
vn -0.0000 0.5344 -0.8453
vn 0.6401 -0.7267 -0.2493
vn 0.5088 -0.7745 0.3758
vn -0.1508 -0.1875 -0.9706
vn -0.1372 -0.0145 -0.9904
vn 0.7275 -0.6848 0.0429
vn 0.5266 -0.7801 0.3378
vn 0.9784 -0.0116 -0.2062
vn 0.6257 0.5449 -0.5581
vn 0.7105 -0.6514 -0.2663
vn -0.0189 -0.9440 -0.3293
vn 0.6698 -0.1369 -0.7298
vn 0.7754 -0.3752 -0.5079
vn 0.5003 -0.6494 0.5726
vn 0.5082 -0.7670 0.3917
vn 0.0630 -0.8874 0.4566
vn 0.0005 -0.8488 -0.5287
vn 0.4488 -0.3855 0.8062
vn 0.4551 -0.1268 0.8814
vn -0.1899 -0.5247 0.8298
vn 0.4969 -0.6065 0.6207
vn 0.1370 -0.8186 0.5577
vn -0.0000 -0.1927 0.9813
vn 0.2029 -0.9495 0.2394
vn 0.9797 -0.0615 -0.1906
vn 0.7679 0.2996 -0.5662
vn -0.0385 -0.8148 0.5785
vn 0.7105 -0.4106 0.5714
vn -0.7155 -0.4000 0.5728
vn 0.3499 -0.5794 0.7361
vn 0.7479 -0.4612 0.4774
vn 0.8800 -0.4713 0.0591
vn -0.9543 -0.0000 -0.2987
vn -0.2071 -0.9764 -0.0606
vn 0.6401 -0.6698 0.3764
vn 0.5899 -0.6471 0.4830
vn 0.9543 -0.0000 0.2987
vn 0.5416 -0.7889 0.2903
vn 0.4036 -0.8901 0.2117
vn 0.2047 -0.8263 -0.5247
vn -0.5354 0.6411 -0.5498
vn 0.6202 -0.1417 0.7716
vn -0.5676 0.5976 -0.5663
vn -0.4490 0.0681 -0.8909
vn -0.6349 0.6140 -0.4689
vn -0.5282 0.5390 -0.6561
vn -0.4712 0.5063 -0.7223
vn -0.2270 -0.2800 -0.9328
vn -0.2972 -0.5745 -0.7627
vn -0.3840 0.7656 -0.5161
vn 0.3033 -0.0618 -0.9509
vn 0.1350 -0.0613 -0.9889
vn 0.2939 0.2405 -0.9251
vn 0.5466 -0.4047 0.7331
vn 0.5391 -0.3286 0.7755
vn 0.3424 -0.1020 0.9340
vn -0.2089 -0.6484 0.7321
vn 0.6732 -0.3432 0.6550
vn 0.8673 -0.1432 0.4768
vn 0.8853 -0.1171 0.4501
vn 0.7646 -0.4400 0.4709
vn 0.3265 -0.1756 0.9288
vn -0.1823 -0.5107 0.8402
vn -0.0174 -0.2669 0.9636
vn 0.0995 0.0937 0.9906
vn -0.0489 -0.5986 0.7996
vn -0.0775 -0.2235 0.9716
vn 0.4182 -0.4638 0.7810
vn 0.6208 -0.7800 -0.0793
vn 0.9990 0.0380 0.0243
vn 0.5623 0.0206 0.8267
vn 0.6139 -0.4006 0.6802
vn -0.2954 -0.4918 0.8191
vn 0.4742 -0.6255 -0.6196
vn 0.2326 -0.5480 0.8035
vn 0.2222 -0.8241 0.5211
vn 0.2787 -0.1268 0.9520
vn 0.0348 -0.2687 0.9626
vn -0.0000 0.9490 -0.3154
vn 0.4119 -0.6909 0.5942
vn 0.4682 -0.7792 0.4168
vn 0.8521 -0.4987 0.1589
vn 0.9837 0.1097 0.1422
vn 0.0952 -0.7723 -0.6281
vn -0.0241 -0.2476 -0.9686
vn -0.2017 -0.9749 0.0947
vn 0.3194 0.1121 -0.9410
vn -0.0874 -0.6345 -0.7680
vn 0.5851 -0.0823 -0.8068
vn 0.0707 -0.7548 -0.6521
vn 0.6834 -0.6901 -0.2381
vn 0.1214 0.0890 -0.9886
vn 0.5101 -0.1743 -0.8423
vn 0.5148 -0.8517 -0.0983
vn 0.2631 0.0804 -0.9614
vn 0.9039 -0.3590 -0.2324
vn 0.7762 -0.4024 -0.4853
vn 0.4123 -0.2783 -0.8675
vn 0.6734 -0.6950 0.2520
vn 0.9294 -0.3131 -0.1956
vn 0.6267 -0.1813 0.7579
vn 0.6962 -0.3169 0.6441
vn 0.4604 -0.6584 0.5954
vn 0.4192 -0.4516 0.7876
vn 0.2435 -0.8826 0.4021
vn -0.0739 -0.3820 0.9212
vn 0.1500 -0.3108 0.9385
vn -0.5672 0.1937 -0.8005
vn 0.5448 0.4737 0.6920
vn -0.9712 -0.0000 -0.2382
vn 0.2504 -0.7403 0.6239
vn 0.7625 -0.0253 0.6465
vn 0.7360 -0.5742 0.3586
vn 0.8715 -0.3019 0.3864
vn 0.0849 0.1408 0.9864
vn 0.9712 -0.0000 0.2382
vn 0.5345 -0.5154 0.6699
vn 0.2865 -0.5868 0.7574
vn 0.7888 -0.4187 0.4500
vn 0.1548 0.0475 0.9868
vn 0.1659 -0.3397 0.9258
vn -0.3680 -0.8629 -0.3463
vn -0.2850 -0.9033 -0.3207
vn -0.4269 -0.7557 -0.4967
vn -0.6155 -0.6980 -0.3659
vn -0.6780 0.2299 -0.6982
vn -0.7180 0.4653 -0.5176
vn -0.7964 0.3005 -0.5247
vn -0.1048 0.0412 -0.9936
vn -0.9021 0.0922 -0.4215
vn -0.9289 0.0588 -0.3657
vn -0.6239 -0.2572 0.7380
vn -0.0983 -0.1748 -0.9797
vn -0.3506 0.3248 -0.8784
vn -0.4557 -0.4211 -0.7842
vn -0.4738 -0.6378 -0.6073
vn -0.5931 0.1777 -0.7853
vn -0.6441 -0.0869 -0.7600
vn -0.3200 -0.2077 0.9244
vn -0.8379 0.4394 0.3237
vn 0.0356 0.8421 0.5381
vn -0.2032 -0.2310 0.9515
vn -0.0888 0.4969 -0.8633
vn 0.2142 -0.0827 0.9733
vn 0.0692 -0.0439 0.9966
vn 0.3323 -0.8894 0.3139
vn 0.0666 -0.2560 0.9644
vn 0.2316 -0.9235 0.3057
vn 0.2805 0.7282 0.6253
vn 0.7827 -0.3694 0.5010
vn 0.9199 -0.2843 0.2702
vn 0.9347 -0.0473 0.3523
vn 0.3595 0.5785 0.7322
vn 0.7389 -0.0886 0.6680
vn 0.3443 -0.2587 0.9025
vn -0.5805 0.0284 0.8138
vn 0.4327 -0.8538 0.2895
vn 0.5328 -0.0405 -0.8453
vn -0.1026 0.8888 -0.4467
vn 0.0267 0.0572 -0.9980
vn 0.0331 0.0327 -0.9989
vn 0.0110 0.0758 -0.9971
vn 0.6310 0.2577 -0.7317
vn 0.4829 0.0967 -0.8703
vn 0.3730 0.5799 -0.7243
vn 0.0868 0.6831 -0.7251
vn 0.2144 -0.1829 -0.9595
vn 0.6522 0.2261 0.7236
vn 0.7281 0.1060 0.6772
vn -0.6083 0.1019 -0.7871
vn -0.1519 0.0305 -0.9879
vn -0.1221 0.8951 0.4288
vn 0.3796 0.7547 0.5351
vn 0.2419 -0.3021 0.9221
vn -0.0713 0.9842 0.1620
vn 0.5595 0.4334 0.7065
vn 0.4698 0.8787 0.0841
vn -0.0459 0.9984 -0.0339
vn 0.3984 0.5354 0.7447
vn 0.1065 0.9907 0.0851
vn 0.2282 0.8533 0.4689
vn -0.0965 0.9950 -0.0272
vn 0.2899 0.7585 0.5836
vn 0.1519 0.4915 0.8575
vn -0.2826 0.7312 0.6209
vn 0.8563 0.5022 0.1207
vn 0.4843 0.6865 0.5424
vn 0.9131 0.0700 0.4017
vn 0.8607 0.5073 -0.0429
vn 0.8653 0.4539 0.2126
vn 0.7898 0.0577 0.6107
vn 0.9651 0.1944 0.1754
vn 0.5043 0.5753 0.6440
vn 0.6404 0.5867 -0.4957
vn 0.6036 0.4066 0.6858
vn 0.2469 0.1839 0.9514
vn 0.6317 0.7071 0.3178
vn -0.9253 0.1255 0.3579
vn -0.4328 -0.4816 0.7621
vn -0.1033 0.8840 0.4558
vn 0.1039 -0.4183 0.9024
vn 0.5372 0.4499 0.7134
vn 0.2379 0.1247 0.9632
vn 0.1547 0.4960 0.8544
vn 0.4643 0.5529 0.6919
vn 0.4629 0.5453 0.6988
vn 0.1874 0.5942 -0.7822
vn -0.1044 0.6760 0.7295
vn -0.8164 0.2877 -0.5007
vn 0.6208 -0.6202 -0.4795
vn 0.9091 0.3996 0.1177
vn 0.2256 0.8561 0.4650
vn 0.7741 0.6154 0.1487
vn -0.0948 0.9899 0.1051
vn 0.2810 0.7554 0.5920
vn 0.6047 -0.5794 -0.5465
vn -0.5003 0.1923 -0.8442
vn 0.0825 -0.0430 -0.9957
vn 0.1499 0.0728 -0.9860
vn -0.1320 0.0015 -0.9913
vn -0.4264 -0.6519 -0.6270
vn 0.9672 -0.1474 -0.2070
vn 0.8493 0.1886 0.4931
vn 0.9843 -0.1564 -0.0812
vn 0.0274 -0.5346 -0.8447
vn 0.6855 0.5788 -0.4417
vn 0.7808 -0.0033 0.6247
vn 0.3470 0.3485 -0.8707
vn 0.7948 0.1528 -0.5873
vn 0.6015 -0.7988 -0.0047
vn 0.0702 -0.0813 -0.9942
vn -0.0172 0.3765 0.9263
vn 0.1369 0.5607 0.8166
vn -0.1135 0.2872 -0.9511
vn 0.4123 -0.7414 -0.5294
vn 0.4419 0.8934 -0.0811
vn 0.6176 -0.4926 0.6131
vn 0.8442 -0.4274 -0.3236
vn 0.6145 -0.7826 0.0996
vn 0.4368 -0.8956 -0.0846
vn -0.2049 0.4277 0.8804
vn -0.6109 -0.6520 0.4492
vn -0.5321 0.2953 0.7935
vn 0.8911 -0.0206 0.4533
vn 0.4561 0.6967 0.5537
vn 0.4004 0.7935 0.4583
vn 0.8300 -0.4984 0.2504
vn 0.8509 -0.5092 -0.1293
vn 0.8477 -0.0986 0.5212
vn 0.4961 -0.3205 0.8069
vn 0.8568 0.0550 0.5127
vn 0.6723 0.3491 0.6528
vn 0.5858 -0.7603 0.2807
vn 0.9064 -0.2375 -0.3493
vn 0.8353 -0.2835 0.4710
vn 0.3955 0.6559 0.6429
vn 0.6957 -0.3666 0.6178
vn 0.3747 0.9128 0.1624
vn 0.5789 0.4441 0.6839
vn 0.8564 0.5141 -0.0483
vn 0.2506 0.0660 0.9658
vn 0.7682 -0.6397 0.0243
vn 0.7562 -0.2626 -0.5994
vn 0.9578 -0.1186 0.2617
vn -0.0000 0.9529 -0.3033
vn 0.4780 0.6202 0.6220
vn 0.6672 -0.0670 0.7419
vn 0.5495 0.7327 0.4015
vn -0.0863 0.5302 -0.8435
vn 0.5703 -0.5950 0.5663
vn -0.2443 0.4116 -0.8780
vn 0.6194 0.5851 0.5235
vn 0.5219 0.4122 -0.7468
vn 0.8497 0.5206 0.0834
vn -0.0429 0.4226 -0.9053
vn 0.2571 -0.4076 -0.8762
vn 0.7257 0.1524 0.6709
vn 0.4434 0.8963 0.0022
vn 0.3239 -0.3961 -0.8592
vn 0.9813 0.1691 -0.0920
vn -0.9381 0.3437 -0.0429
vn 0.8884 0.1747 -0.4245
vn 0.3965 0.1989 0.8962
vn 0.8943 -0.4449 -0.0480
vn -0.2664 0.3872 -0.8827
vn 0.9599 0.1413 -0.2422
vn 0.5534 -0.3909 0.7355
vn 0.0010 -0.0883 0.9961
vn -0.0904 0.9959 -0.0084
vn 0.3434 0.5034 -0.7929
vn 0.9993 0.0185 0.0318
vn 0.9920 0.1040 -0.0716
vn 0.7009 0.2343 0.6737
vn 0.4532 0.4075 0.7928
vn 0.7759 0.5790 0.2506
vn 0.7726 0.6271 -0.0991
vn 0.8112 0.2749 0.5161
vn 0.6878 0.1070 0.7180
vn 0.7381 -0.6036 0.3014
vn 0.9373 0.3270 -0.1202
vn 0.4860 0.8726 -0.0487
vn 0.8116 -0.4029 0.4231
vn -0.0182 0.9984 -0.0532
vn -0.5164 0.7073 0.4827
vn 0.5220 -0.8058 0.2795
vn -0.0045 0.0166 0.9999
vn -0.8907 -0.0308 -0.4536
vn -0.8628 0.0501 -0.5030
vn -0.7615 -0.0974 0.6408
vn 0.2597 -0.8127 -0.5217
vn 0.2441 -0.5973 0.7640
vn 0.2697 -0.8311 0.4863
vn -0.7179 -0.6473 0.2560
vn -0.0953 -0.5146 0.8521
vn 0.2619 -0.8279 0.4960
vn -0.9877 -0.0268 0.1543
vn -0.0985 0.5274 -0.8439
vn -0.6642 0.2615 0.7003
vn -0.9901 -0.1359 -0.0356
vn -0.5028 -0.6231 0.5991
vn -0.1556 -0.0631 0.9858
vn 0.5834 -0.3927 -0.7109
vn 0.5064 -0.2920 -0.8113
vn 0.5091 -0.2905 -0.8102
vn -0.5098 -0.7981 0.3212
vn 0.1181 -0.0355 0.9924
vn 0.3175 -0.8551 0.4099
vn -0.1910 0.3702 -0.9091
vn -0.4071 0.2395 0.8814
vn -0.1398 -0.5992 0.7883
vn -0.0828 -0.9833 0.1619
vn 0.3459 -0.0319 0.9377
vn -0.8762 0.4710 0.1018
vn -0.8076 -0.5495 0.2140
vn 0.2486 -0.7148 -0.6536
vn -0.7848 -0.1675 0.5966
vn -0.3183 -0.9083 0.2714
vn -0.7553 -0.5789 0.3073
vn -0.5854 0.6651 -0.4636
vn -0.9996 -0.0267 0.0092
vn -0.4104 0.9090 -0.0725
vn -0.2543 -0.1631 -0.9533
vn -0.8374 0.5109 0.1943
vn -0.1697 0.2725 0.9471
vn -0.1545 0.5841 0.7968
vn -0.6534 0.7556 -0.0467
vn -0.2834 0.0729 -0.9562
vn -0.6494 0.7210 0.2417
vn -0.2333 0.9518 0.1992
vn -0.7334 -0.1094 -0.6709
vn -0.1701 0.4621 -0.8703
vn -0.0737 -0.0925 -0.9930
vn -0.1262 0.3476 -0.9291
vn 0.1257 0.3750 -0.9185
vn -0.6471 0.7608 0.0494
vn 0.0051 0.9270 0.3749
vn 0.5226 -0.3259 0.7878
vn -0.0370 0.9963 -0.0770
vn -0.4624 0.8380 -0.2897
vn 0.0334 0.6194 -0.7844
vn 0.5991 0.4285 0.6763
vn 0.0393 -0.7251 -0.6876
vn 0.6815 -0.5590 -0.4723
vn -0.4903 -0.6110 -0.6215
vn 0.3822 0.0109 0.9240
vn -0.2113 -0.5592 0.8017
vn 0.4792 0.3499 -0.8049
vn 0.7405 -0.4996 0.4496
vn 0.2034 -0.1700 0.9642
vn 0.2407 -0.5323 0.8116
vn 0.1800 -0.6167 -0.7664
vn 0.6622 -0.3007 0.6864
vn 0.7173 -0.6410 0.2731
vn 0.9234 -0.3621 -0.1275
vn 0.0709 -0.9450 0.3192
vn 0.5504 0.4325 0.7141
vn -0.0518 -0.1269 -0.9906
vn -0.6236 -0.4097 0.6658
vn 0.2360 0.5081 -0.8283
vn 0.0653 0.9184 -0.3901
vn 0.1582 0.9290 0.3346
vn -0.0071 0.9075 0.4199
vn 0.3750 0.5914 0.7138
vn 0.6595 0.7327 0.1681
vn -0.0404 0.9963 -0.0752
vn 0.3754 0.7840 0.4944
vn -0.1309 0.3369 0.9324
vn 0.6105 0.7150 0.3408
vn 0.4775 -0.6759 -0.5614
vn 0.9921 0.0944 -0.0824
vn 0.7642 0.4843 -0.4261
vn 0.7452 0.6337 -0.2078
vn 0.8135 -0.5796 -0.0475
vn 0.5408 0.8376 0.0773
vn 0.6470 -0.7592 0.0711
vn 0.4665 0.1167 -0.8768
vn -0.1717 0.6372 -0.7513
vn 0.6874 0.1109 0.7177
vn -0.5823 0.6537 0.4834
vn 0.5936 -0.3335 0.7324
vn 0.5148 0.4649 0.7203
s 0
f 6//1 4//1 5//1
f 5//2 4//2 6//2
f 8//3 44//3 7//3
f 15//4 27//4 17//4
f 22//5 13//5 23//5
f 24//6 22//6 19//6
f 25//7 3//7 26//7
f 36//8 15//8 33//8
f 36//9 14//9 15//9
f 29//10 15//10 17//10
f 19//11 29//11 17//11
f 39//12 29//12 19//12
f 19//13 22//13 39//13
f 22//14 40//14 39//14
f 22//15 23//15 40//15
f 14//16 31//16 32//16
f 26//17 3//17 33//17
f 1//18 26//18 35//18
f 35//19 26//19 33//19
f 32//20 34//20 28//20
f 16//21 35//21 33//21
f 29//22 38//22 16//22
f 30//23 21//23 41//23
f 1//24 43//24 44//24
f 1//25 44//25 3//25
f 47//26 1//26 35//26
f 46//27 36//27 45//27
f 49//28 44//28 8//28
f 45//29 49//29 56//29
f 46//30 56//30 51//30
f 46//31 51//31 31//31
f 38//32 47//32 35//32
f 50//33 55//33 44//33
f 56//34 49//34 9//34
f 56//35 57//35 51//35
f 59//36 50//36 47//36
f 60//37 47//37 38//37
f 56//38 9//38 11//38
f 56//39 11//39 57//39
f 58//40 57//40 156//40
f 155//41 7//41 55//41
f 59//42 55//42 50//42
f 59//43 63//43 55//43
f 60//44 59//44 47//44
f 66//45 20//45 67//45
f 12//46 20//46 37//46
f 64//47 67//47 77//47
f 68//48 77//48 72//48
f 68//49 64//49 77//49
f 72//50 79//50 65//50
f 28//51 37//51 18//51
f 76//52 70//52 71//52
f 77//53 75//53 78//53
f 75//54 81//54 28//54
f 81//55 75//55 77//55
f 78//56 75//56 82//56
f 78//57 82//57 84//57
f 79//58 78//58 84//58
f 79//59 84//59 85//59
f 80//60 34//60 52//60
f 91//61 80//61 52//61
f 83//62 87//62 88//62
f 84//63 82//63 89//63
f 52//64 58//64 91//64
f 88//65 87//65 92//65
f 91//66 62//66 93//66
f 90//67 83//67 88//67
f 90//68 94//68 95//68
f 90//69 95//69 84//69
f 85//70 84//70 95//70
f 62//71 58//71 156//71
f 91//72 58//72 62//72
f 174//73 87//73 89//73
f 98//74 100//74 13//74
f 102//75 13//75 24//75
f 102//76 101//76 99//76
f 98//77 102//77 104//77
f 100//78 21//78 23//78
f 101//79 24//79 66//79
f 108//80 104//80 105//80
f 42//81 21//81 100//81
f 107//82 109//82 103//82
f 107//83 103//83 110//83
f 108//84 110//84 104//84
f 103//85 109//85 42//85
f 42//86 100//86 103//86
f 112//87 108//87 113//87
f 264//88 112//88 113//88
f 115//89 117//89 112//89
f 111//90 61//90 54//90
f 118//91 66//91 64//91
f 118//92 64//92 119//92
f 73//93 65//93 69//93
f 101//94 66//94 118//94
f 99//95 118//95 106//95
f 74//96 73//96 69//96
f 119//97 121//97 122//97
f 120//98 125//98 105//98
f 86//99 127//99 121//99
f 122//100 124//100 120//100
f 125//101 113//101 108//101
f 86//102 85//102 127//102
f 121//103 127//103 132//103
f 124//104 128//104 125//104
f 129//105 128//105 124//105
f 129//106 124//106 122//106
f 130//107 123//107 129//107
f 134//108 130//108 133//108
f 135//109 95//109 96//109
f 135//110 96//110 136//110
f 136//111 96//111 97//111
f 135//112 136//112 131//112
f 137//113 10//113 7//113
f 139//114 137//114 138//114
f 140//115 11//115 139//115
f 139//116 138//116 143//116
f 142//117 139//117 143//117
f 147//118 141//118 146//118
f 147//119 146//119 149//119
f 148//120 151//120 152//120
f 153//121 150//121 152//121
f 155//122 138//122 137//122
f 157//123 138//123 155//123
f 159//124 160//124 158//124
f 159//125 161//125 160//125
f 161//126 164//126 160//126
f 156//127 141//127 144//127
f 163//128 138//128 164//128
f 165//129 164//129 161//129
f 165//130 161//130 162//130
f 147//131 149//131 167//131
f 170//132 166//132 164//132
f 148//133 168//133 172//133
f 163//134 172//134 168//134
f 166//135 172//135 163//135
f 170//136 172//136 166//136
f 149//137 153//137 466//137
f 171//138 464//138 170//138
f 92//139 87//139 175//139
f 92//140 175//140 176//140
f 96//141 177//141 178//141
f 174//142 180//142 183//142
f 182//143 177//143 176//143
f 178//144 177//144 182//144
f 180//145 173//145 183//145
f 175//146 174//146 185//146
f 183//147 173//147 144//147
f 184//148 183//148 144//148
f 186//149 175//149 185//149
f 188//150 187//150 186//150
f 190//151 186//151 185//151
f 182//152 188//152 193//152
f 189//153 182//153 193//153
f 167//154 149//154 194//154
f 191//155 184//155 194//155
f 194//156 149//156 154//156
f 192//157 191//157 194//157
f 190//158 195//158 197//158
f 97//159 178//159 182//159
f 111//160 159//160 61//160
f 200//161 116//161 117//161
f 159//162 162//162 161//162
f 198//163 201//163 162//163
f 203//164 202//164 198//164
f 202//165 207//165 201//165
f 208//166 202//166 203//166
f 205//167 203//167 204//167
f 201//168 165//168 162//168
f 208//169 207//169 202//169
f 205//170 208//170 203//170
f 206//171 208//171 205//171
f 210//172 209//172 207//172
f 210//173 207//173 208//173
f 206//174 211//174 208//174
f 212//175 215//175 210//175
f 219//176 131//176 136//176
f 218//177 216//177 220//177
f 231//178 218//178 220//178
f 221//179 189//179 193//179
f 221//180 193//180 196//180
f 226//181 221//181 241//181
f 241//182 196//182 226//182
f 222//183 226//183 227//183
f 179//184 182//184 230//184
f 230//185 189//185 233//185
f 230//186 233//186 219//186
f 217//187 233//187 234//187
f 235//188 220//188 234//188
f 231//189 220//189 235//189
f 238//190 239//190 240//190
f 241//191 221//191 196//191
f 239//192 237//192 222//192
f 242//193 222//193 227//193
f 246//194 248//194 252//194
f 246//195 249//195 250//195
f 245//196 253//196 254//196
f 257//197 254//197 248//197
f 262//198 258//198 255//198
f 251//199 259//199 257//199
f 247//200 258//200 262//200
f 253//201 252//201 248//201
f 249//202 252//202 261//202
f 248//203 254//203 253//203
f 255//204 249//204 261//204
f 259//205 256//205 254//205
f 266//206 260//206 252//206
f 266//207 252//207 253//207
f 268//208 256//208 259//208
f 271//209 266//209 256//209
f 265//210 270//210 115//210
f 269//211 268//211 272//211
f 344//212 270//212 271//212
f 269//213 345//213 271//213
f 272//214 345//214 269//214
f 273//215 262//215 255//215
f 255//216 275//216 277//216
f 273//217 255//217 263//217
f 261//218 267//218 275//218
f 275//219 276//219 280//219
f 283//220 280//220 276//220
f 278//221 281//221 263//221
f 283//222 284//222 280//222
f 284//223 283//223 285//223
f 282//224 277//224 284//224
f 126//225 130//225 286//225
f 279//226 287//226 288//226
f 286//227 290//227 291//227
f 292//228 291//228 293//228
f 289//229 293//229 294//229
f 290//230 134//230 296//230
f 295//231 294//231 293//231
f 299//232 247//232 262//232
f 303//233 300//233 302//233
f 304//234 305//234 307//234
f 312//235 308//235 304//235
f 311//236 314//236 310//236
f 314//237 316//237 310//237
f 317//238 316//238 314//238
f 319//239 314//239 313//239
f 313//240 315//240 319//240
f 273//241 263//241 299//241
f 320//242 303//242 322//242
f 323//243 263//243 281//243
f 321//244 274//244 282//244
f 321//245 282//245 324//245
f 326//246 323//246 321//246
f 302//247 323//247 322//247
f 320//248 322//248 309//248
f 324//249 282//249 285//249
f 324//250 325//250 326//250
f 309//251 327//251 332//251
f 313//252 332//252 328//252
f 332//253 327//253 331//253
f 337//254 328//254 332//254
f 329//255 335//255 336//255
f 336//256 335//256 330//256
f 331//257 329//257 336//257
f 337//258 332//258 333//258
f 295//259 338//259 334//259
f 334//260 339//260 330//260
f 336//261 407//261 333//261
f 342//262 337//262 340//262
f 295//263 356//263 338//263
f 343//264 318//264 319//264
f 347//265 344//265 345//265
f 348//266 345//266 346//266
f 347//267 204//267 200//267
f 353//268 395//268 352//268
f 296//269 134//269 218//269
f 355//270 297//270 354//270
f 293//271 297//271 355//271
f 293//272 355//272 356//272
f 355//273 357//273 358//273
f 356//274 355//274 358//274
f 359//275 356//275 358//275
f 362//276 211//276 364//276
f 362//277 365//277 211//277
f 360//278 365//278 362//278
f 366//279 365//279 360//279
f 353//280 366//280 351//280
f 367//281 218//281 228//281
f 296//282 368//282 298//282
f 298//283 354//283 291//283
f 367//284 296//284 218//284
f 229//285 232//285 367//285
f 296//286 367//286 368//286
f 369//287 298//287 368//287
f 373//288 369//288 370//288
f 373//289 370//289 372//289
f 236//290 375//290 367//290
f 376//291 373//291 372//291
f 371//292 377//292 357//292
f 357//293 363//293 358//293
f 357//294 377//294 363//294
f 240//295 236//295 238//295
f 375//296 236//296 240//296
f 379//297 371//297 374//297
f 379//298 372//298 375//298
f 377//299 379//299 380//299
f 378//300 377//300 380//300
f 378//301 381//301 363//301
f 379//302 375//302 382//302
f 383//303 379//303 382//303
f 380//304 379//304 383//304
f 380//305 384//305 385//305
f 386//306 378//306 385//306
f 387//307 243//307 244//307
f 382//308 243//308 387//308
f 382//309 387//309 383//309
f 388//310 346//310 308//310
f 349//311 348//311 390//311
f 388//312 390//312 346//312
f 393//313 391//313 389//313
f 391//314 390//314 388//314
f 399//315 393//315 396//315
f 394//316 396//316 393//316
f 395//317 390//317 397//317
f 400//318 397//318 398//318
f 403//319 402//319 399//319
f 401//320 635//320 400//320
f 334//321 338//321 339//321
f 330//322 339//322 407//322
f 407//323 339//323 408//323
f 406//324 408//324 339//324
f 406//325 338//325 359//325
f 407//326 408//326 410//326
f 410//327 408//327 411//327
f 409//328 340//328 407//328
f 416//329 408//329 414//329
f 410//330 417//330 409//330
f 415//331 420//331 421//331
f 416//332 415//332 421//332
f 418//333 417//333 410//333
f 417//334 419//334 409//334
f 416//335 421//335 424//335
f 424//336 425//336 418//336
f 443//337 426//337 429//337
f 430//338 425//338 427//338
f 435//339 406//339 359//339
f 435//340 359//340 436//340
f 436//341 359//341 361//341
f 436//342 420//342 414//342
f 436//343 381//343 438//343
f 437//344 420//344 436//344
f 437//345 426//345 421//345
f 439//346 381//346 378//346
f 439//347 378//347 440//347
f 381//348 386//348 438//348
f 438//349 426//349 437//349
f 441//350 386//350 385//350
f 386//351 439//351 440//351
f 441//352 442//352 386//352
f 444//353 318//353 343//353
f 445//354 318//354 444//354
f 445//355 444//355 394//355
f 449//356 450//356 399//356
f 450//357 405//357 403//357
f 687//358 450//358 451//358
f 413//359 342//359 412//359
f 452//360 446//360 413//360
f 412//361 423//361 413//361
f 453//362 423//362 422//362
f 454//363 448//363 447//363
f 453//364 448//364 423//364
f 448//365 451//365 449//365
f 453//366 455//366 448//366
f 453//367 428//367 455//367
f 455//368 456//368 451//368
f 151//369 457//369 458//369
f 152//370 151//370 458//370
f 460//371 457//371 151//371
f 152//372 458//372 461//372
f 460//373 151//373 148//373
f 466//374 459//374 149//374
f 464//375 172//375 170//375
f 465//376 464//376 171//376
f 460//377 461//377 458//377
f 466//378 153//378 461//378
f 464//379 469//379 172//379
f 462//380 474//380 471//380
f 472//381 469//381 464//381
f 472//382 464//382 465//382
f 468//383 469//383 470//383
f 472//384 476//384 469//384
f 478//385 467//385 473//385
f 478//386 472//386 467//386
f 479//387 470//387 476//387
f 478//388 479//388 476//388
f 482//389 479//389 478//389
f 480//390 483//390 478//390
f 484//391 482//391 483//391
f 490//392 195//392 489//392
f 491//393 197//393 490//393
f 492//394 485//394 486//394
f 487//395 493//395 489//395
f 491//396 490//396 494//396
f 493//397 462//397 471//397
f 496//398 493//398 471//398
f 489//399 493//399 496//399
f 495//400 489//400 496//400
f 489//401 495//401 497//401
f 500//402 471//402 474//402
f 495//403 496//403 500//403
f 497//404 499//404 501//404
f 501//405 502//405 498//405
f 502//406 499//406 505//406
f 500//407 481//407 482//407
f 215//408 213//408 209//408
f 467//409 171//409 214//409
f 511//410 214//410 510//410
f 510//411 512//411 511//411
f 511//412 512//412 473//412
f 513//413 515//413 516//413
f 519//414 512//414 516//414
f 519//415 483//415 480//415
f 484//416 483//416 519//416
f 520//417 519//417 516//417
f 197//418 491//418 521//418
f 226//419 521//419 522//419
f 494//420 498//420 523//420
f 521//421 494//421 523//421
f 522//422 523//422 526//422
f 524//423 522//423 526//423
f 526//424 523//424 525//424
f 529//425 528//425 532//425
f 530//426 537//426 538//426
f 525//427 533//427 534//427
f 530//428 535//428 537//428
f 533//429 508//429 539//429
f 534//430 533//430 539//430
f 536//431 534//431 539//431
f 541//432 536//432 539//432
f 581//433 538//433 537//433
f 227//434 522//434 543//434
f 546//435 545//435 544//435
f 546//436 544//436 543//436
f 530//437 546//437 524//437
f 527//438 531//438 547//438
f 548//439 530//439 538//439
f 482//440 484//440 549//440
f 550//441 507//441 549//441
f 554//442 520//442 517//442
f 554//443 517//443 518//443
f 551//444 549//444 484//444
f 556//445 549//445 551//445
f 552//446 555//446 553//446
f 557//447 552//447 520//447
f 551//448 555//448 557//448
f 556//449 551//449 561//449
f 563//450 551//450 559//450
f 563//451 561//451 551//451
f 564//452 559//452 520//452
f 554//453 566//453 564//453
f 558//454 568//454 569//454
f 559//455 564//455 570//455
f 566//456 570//456 564//456
f 572//457 565//457 571//457
f 569//458 571//458 566//458
f 572//459 576//459 565//459
f 573//460 572//460 571//460
f 575//461 571//461 574//461
f 539//462 509//462 540//462
f 536//463 579//463 580//463
f 537//464 536//464 581//464
f 550//465 549//465 556//465
f 536//466 580//466 582//466
f 583//467 589//467 586//467
f 583//468 580//468 589//468
f 584//469 577//469 561//469
f 567//470 584//470 563//470
f 589//471 588//471 584//471
f 565//472 576//472 567//472
f 591//473 572//473 573//473
f 590//474 591//474 592//474
f 595//475 594//475 596//475
f 606//476 595//476 599//476
f 599//477 598//477 606//477
f 599//478 596//478 600//478
f 597//479 518//479 517//479
f 602//480 601//480 596//480
f 691//481 600//481 601//481
f 601//482 604//482 691//482
f 602//483 604//483 601//483
f 365//484 215//484 212//484
f 605//485 365//485 366//485
f 353//486 606//486 605//486
f 605//487 514//487 215//487
f 611//488 538//488 581//488
f 612//489 611//489 728//489
f 608//490 611//490 612//490
f 610//491 612//491 729//491
f 616//492 387//492 614//492
f 383//493 387//493 616//493
f 384//494 383//494 616//494
f 385//495 384//495 618//495
f 385//496 618//496 615//496
f 613//497 544//497 545//497
f 613//498 542//498 544//498
f 619//499 613//499 545//499
f 387//500 613//500 619//500
f 616//501 614//501 619//501
f 618//502 384//502 617//502
f 620//503 619//503 545//503
f 617//504 616//504 621//504
f 545//505 546//505 623//505
f 625//506 618//506 617//506
f 617//507 621//507 625//507
f 620//508 623//508 627//508
f 621//509 624//509 627//509
f 629//510 628//510 625//510
f 625//511 628//511 607//511
f 626//512 625//512 630//512
f 548//513 623//513 546//513
f 621//514 627//514 629//514
f 628//515 629//515 631//515
f 609//516 607//516 608//516
f 630//517 607//517 609//517
f 623//518 548//518 538//518
f 631//519 611//519 608//519
f 631//520 608//520 628//520
f 610//521 609//521 632//521
f 632//522 612//522 633//522
f 633//523 612//523 610//523
f 610//524 632//524 633//524
f 352//525 404//525 593//525
f 634//526 635//526 636//526
f 636//527 635//527 401//527
f 402//528 636//528 401//528
f 636//529 402//529 403//529
f 636//530 403//530 405//530
f 639//531 636//531 405//531
f 639//532 634//532 636//532
f 593//533 596//533 594//533
f 641//534 639//534 643//534
f 644//535 638//535 645//535
f 641//536 645//536 638//536
f 602//537 596//537 644//537
f 650//538 645//538 641//538
f 652//539 648//539 651//539
f 650//540 653//540 644//540
f 429//541 654//541 655//541
f 431//542 659//542 455//542
f 658//543 655//543 657//543
f 662//544 657//544 656//544
f 662//545 656//545 661//545
f 665//546 659//546 663//546
f 662//547 661//547 676//547
f 668//548 642//548 664//548
f 665//549 667//549 659//549
f 664//550 642//550 668//550
f 676//551 670//551 675//551
f 663//552 675//552 671//552
f 648//553 646//553 667//553
f 670//554 673//554 675//554
f 647//555 677//555 649//555
f 675//556 674//556 671//556
f 667//557 678//557 677//557
f 671//558 678//558 667//558
f 610//559 729//559 670//559
f 610//560 670//560 669//560
f 649//561 677//561 682//561
f 678//562 682//562 677//562
f 683//563 678//563 671//563
f 441//564 385//564 615//564
f 426//565 442//565 654//565
f 442//566 441//566 684//566
f 684//567 441//567 622//567
f 654//568 442//568 656//568
f 685//569 656//569 684//569
f 656//570 685//570 661//570
f 669//571 630//571 609//571
f 669//572 609//572 610//572
f 688//573 405//573 687//573
f 688//574 687//574 686//574
f 640//575 405//575 688//575
f 646//576 640//576 666//576
f 456//577 686//577 451//577
f 456//578 455//578 689//578
f 660//579 637//579 686//579
f 689//580 660//580 686//580
f 689//581 455//581 660//581
f 18//582 19//582 17//582
f 603//583 690//583 518//583
f 691//584 692//584 603//584
f 604//585 693//585 691//585
f 558//586 554//586 518//586
f 690//587 558//587 518//587
f 692//588 690//588 603//588
f 697//589 558//589 690//589
f 693//590 696//590 695//590
f 694//591 696//591 693//591
f 699//592 697//592 690//592
f 703//593 702//593 701//593
f 697//594 574//594 568//594
f 706//595 697//595 699//595
f 708//596 700//596 706//596
f 710//597 701//597 702//597
f 706//598 574//598 697//598
f 575//599 706//599 698//599
f 709//600 707//600 699//600
f 719//601 707//601 709//601
f 701//602 707//602 719//602
f 714//603 708//603 710//603
f 713//604 715//604 696//604
f 712//605 716//605 717//605
f 575//606 573//606 571//606
f 723//607 722//607 724//607
f 750//608 721//608 718//608
f 716//609 725//609 709//609
f 724//610 722//610 723//610
f 611//611 581//611 730//611
f 727//612 611//612 726//612
f 612//613 728//613 729//613
f 727//614 726//614 732//614
f 729//615 739//615 734//615
f 729//616 728//616 739//616
f 736//617 735//617 586//617
f 731//618 737//618 735//618
f 738//619 732//619 737//619
f 738//620 731//620 739//620
f 736//621 586//621 741//621
f 736//622 741//622 743//622
f 740//623 743//623 745//623
f 743//624 733//624 734//624
f 746//625 586//625 590//625
f 742//626 698//626 700//626
f 742//627 741//627 698//627
f 744//628 747//628 748//628
f 745//629 743//629 749//629
f 740//630 711//630 705//630
f 746//631 592//631 575//631
f 745//632 714//632 711//632
f 705//633 711//633 750//633
f 575//634 592//634 573//634
f 602//635 694//635 604//635
f 751//636 694//636 602//636
f 651//637 649//637 752//637
f 651//638 754//638 755//638
f 756//639 754//639 752//639
f 757//640 694//640 751//640
f 756//641 763//641 753//641
f 761//642 653//642 753//642
f 764//643 763//643 756//643
f 765//644 764//644 756//644
f 765//645 756//645 760//645
f 757//646 713//646 696//646
f 703//647 712//647 766//647
f 762//648 705//648 704//648
f 766//649 763//649 764//649
f 766//650 764//650 762//650
f 766//651 762//651 704//651
f 763//652 767//652 713//652
f 767//653 763//653 766//653
f 766//654 717//654 767//654
f 729//655 679//655 670//655
f 769//656 682//656 678//656
f 681//657 768//657 769//657
f 681//658 769//658 683//658
f 771//659 679//659 729//659
f 679//660 771//660 775//660
f 772//661 768//661 681//661
f 773//662 771//662 770//662
f 760//663 773//663 758//663
f 760//664 752//664 682//664
f 768//665 774//665 682//665
f 768//666 775//666 776//666
f 774//667 776//667 773//667
f 9//668 7//668 10//668
f 9//669 8//669 7//669
f 2//670 17//670 27//670
f 18//671 17//671 2//671
f 18//672 2//672 27//672
f 66//673 19//673 20//673
f 21//674 40//674 23//674
f 32//675 27//675 14//675
f 27//676 15//676 14//676
f 16//677 33//677 15//677
f 15//678 29//678 16//678
f 18//679 27//679 28//679
f 41//680 39//680 30//680
f 1//681 3//681 25//681
f 26//682 1//682 25//682
f 31//683 14//683 36//683
f 28//684 27//684 32//684
f 16//685 38//685 35//685
f 20//686 18//686 37//686
f 39//687 38//687 29//687
f 45//688 3//688 44//688
f 39//689 40//689 30//689
f 42//690 41//690 21//690
f 31//691 34//691 32//691
f 31//692 36//692 46//692
f 47//693 43//693 1//693
f 36//694 33//694 45//694
f 39//695 48//695 38//695
f 49//696 8//696 9//696
f 50//697 44//697 43//697
f 49//698 45//698 44//698
f 51//699 52//699 31//699
f 58//700 51//700 57//700
f 47//701 50//701 43//701
f 46//702 45//702 56//702
f 48//703 53//703 38//703
f 48//704 54//704 53//704
f 48//705 41//705 54//705
f 55//706 7//706 44//706
f 79//707 86//707 74//707
f 53//708 60//708 38//708
f 61//709 60//709 53//709
f 54//710 61//710 53//710
f 67//711 20//711 12//711
f 64//712 66//712 67//712
f 73//713 64//713 68//713
f 73//714 68//714 65//714
f 67//715 12//715 37//715
f 65//716 68//716 72//716
f 69//717 65//717 74//717
f 71//718 70//718 76//718
f 77//719 67//719 37//719
f 77//720 78//720 72//720
f 78//721 79//721 72//721
f 74//722 65//722 79//722
f 80//723 28//723 34//723
f 75//724 28//724 80//724
f 80//725 82//725 75//725
f 37//726 28//726 81//726
f 77//727 37//727 81//727
f 80//728 93//728 82//728
f 90//729 87//729 83//729
f 93//730 89//730 82//730
f 109//731 116//731 199//731
f 90//732 84//732 89//732
f 90//733 88//733 92//733
f 93//734 62//734 174//734
f 174//735 89//735 93//735
f 94//736 90//736 92//736
f 13//737 100//737 23//737
f 13//738 22//738 24//738
f 101//739 102//739 24//739
f 98//740 103//740 100//740
f 98//741 13//741 102//741
f 98//742 104//742 103//742
f 105//743 104//743 102//743
f 105//744 102//744 99//744
f 105//745 99//745 106//745
f 104//746 110//746 103//746
f 108//747 105//747 125//747
f 42//748 111//748 41//748
f 108//749 112//749 110//749
f 111//750 54//750 41//750
f 42//751 114//751 111//751
f 114//752 42//752 109//752
f 110//753 109//753 107//753
f 112//754 116//754 110//754
f 112//755 117//755 116//755
f 199//756 114//756 109//756
f 121//757 73//757 74//757
f 73//758 119//758 64//758
f 101//759 118//759 99//759
f 119//760 106//760 118//760
f 119//761 105//761 106//761
f 119//762 120//762 105//762
f 113//763 123//763 264//763
f 86//764 121//764 74//764
f 122//765 120//765 119//765
f 120//766 124//766 125//766
f 128//767 123//767 125//767
f 123//768 126//768 264//768
f 122//769 121//769 132//769
f 85//770 135//770 127//770
f 123//771 130//771 126//771
f 132//772 127//772 131//772
f 133//773 122//773 132//773
f 133//774 129//774 122//774
f 130//775 129//775 133//775
f 145//776 152//776 150//776
f 131//777 127//777 135//777
f 133//778 132//778 131//778
f 137//779 9//779 10//779
f 11//780 9//780 137//780
f 139//781 11//781 137//781
f 57//782 11//782 140//782
f 141//783 57//783 140//783
f 142//784 140//784 139//784
f 140//785 142//785 141//785
f 142//786 143//786 145//786
f 141//787 142//787 146//787
f 144//788 141//788 147//788
f 150//789 142//789 145//789
f 146//790 142//790 150//790
f 143//791 148//791 145//791
f 153//792 149//792 146//792
f 158//793 63//793 59//793
f 153//794 146//794 150//794
f 155//795 137//795 7//795
f 55//796 157//796 155//796
f 63//797 157//797 55//797
f 157//798 160//798 164//798
f 60//799 158//799 59//799
f 159//800 158//800 60//800
f 61//801 159//801 60//801
f 180//802 62//802 173//802
f 141//803 156//803 57//803
f 164//804 138//804 157//804
f 138//805 163//805 143//805
f 163//806 148//806 143//806
f 165//807 170//807 164//807
f 169//808 170//808 165//808
f 163//809 168//809 148//809
f 164//810 166//810 163//810
f 169//811 171//811 170//811
f 62//812 156//812 173//812
f 94//813 176//813 177//813
f 94//814 92//814 176//814
f 177//815 95//815 94//815
f 96//816 95//816 177//816
f 178//817 97//817 96//817
f 181//818 188//818 182//818
f 175//819 87//819 174//819
f 182//820 176//820 181//820
f 185//821 174//821 183//821
f 181//822 176//822 175//822
f 173//823 156//823 144//823
f 184//824 185//824 183//824
f 181//825 175//825 186//825
f 191//826 185//826 184//826
f 167//827 184//827 144//827
f 181//828 186//828 187//828
f 190//829 188//829 186//829
f 167//830 144//830 147//830
f 111//831 198//831 159//831
f 190//832 185//832 192//832
f 193//833 188//833 190//833
f 184//834 167//834 194//834
f 195//835 190//835 192//835
f 197//836 193//836 190//836
f 197//837 196//837 193//837
f 182//838 179//838 97//838
f 219//839 133//839 131//839
f 199//840 198//840 114//840
f 200//841 199//841 116//841
f 159//842 198//842 162//842
f 198//843 202//843 201//843
f 203//844 198//844 199//844
f 200//845 204//845 199//845
f 204//846 203//846 199//846
f 206//847 205//847 204//847
f 201//848 207//848 165//848
f 207//849 209//849 165//849
f 211//850 210//850 208//850
f 211//851 212//851 210//851
f 214//852 169//852 165//852
f 213//853 214//853 165//853
f 209//854 213//854 165//854
f 169//855 214//855 171//855
f 210//856 215//856 209//856
f 136//857 97//857 179//857
f 133//858 217//858 216//858
f 133//859 218//859 134//859
f 228//860 232//860 229//860
f 220//861 216//861 217//861
f 233//862 217//862 219//862
f 222//863 221//863 226//863
f 224//864 223//864 225//864
f 224//865 225//865 223//865
f 179//866 230//866 136//866
f 230//867 219//867 136//867
f 234//868 239//868 235//868
f 228//869 218//869 231//869
f 189//870 230//870 182//870
f 217//871 234//871 220//871
f 232//872 231//872 235//872
f 234//873 233//873 237//873
f 239//874 238//874 235//874
f 238//875 232//875 235//875
f 236//876 232//876 238//876
f 221//877 233//877 189//877
f 221//878 237//878 233//878
f 222//879 237//879 221//879
f 250//880 257//880 246//880
f 239//881 222//881 242//881
f 243//882 240//882 239//882
f 244//883 239//883 242//883
f 244//884 243//884 239//884
f 246//885 252//885 249//885
f 267//886 265//886 264//886
f 247//887 251//887 257//887
f 250//888 249//888 255//888
f 245//889 256//889 253//889
f 245//890 254//890 256//890
f 246//891 257//891 248//891
f 250//892 255//892 258//892
f 259//893 254//893 257//893
f 258//894 247//894 257//894
f 265//895 252//895 260//895
f 261//896 252//896 265//896
f 265//897 266//897 271//897
f 256//898 266//898 253//898
f 268//899 269//899 256//899
f 115//900 264//900 265//900
f 115//901 112//901 264//901
f 255//902 278//902 263//902
f 269//903 271//903 256//903
f 115//904 270//904 117//904
f 271//905 270//905 265//905
f 255//906 261//906 275//906
f 282//907 278//907 277//907
f 275//908 267//908 276//908
f 277//909 275//909 280//909
f 286//910 288//910 287//910
f 267//911 264//911 126//911
f 283//912 276//912 287//912
f 283//913 287//913 279//913
f 277//914 280//914 284//914
f 282//915 284//915 285//915
f 286//916 130//916 134//916
f 286//917 267//917 126//917
f 287//918 267//918 286//918
f 276//919 267//919 287//919
f 279//920 288//920 289//920
f 283//921 279//921 289//921
f 290//922 286//922 134//922
f 300//923 251//923 247//923
f 288//924 292//924 289//924
f 292//925 288//925 291//925
f 285//926 283//926 289//926
f 293//927 289//927 292//927
f 294//928 285//928 289//928
f 296//929 291//929 290//929
f 297//930 293//930 291//930
f 295//931 293//931 356//931
f 305//932 301//932 300//932
f 299//933 300//933 247//933
f 299//934 302//934 300//934
f 301//935 306//935 300//935
f 305//936 309//936 307//936
f 305//937 300//937 303//937
f 251//938 306//938 259//938
f 302//939 299//939 263//939
f 306//940 268//940 259//940
f 301//941 308//941 306//941
f 304//942 308//942 301//942
f 272//943 306//943 346//943
f 307//944 310//944 304//944
f 309//945 311//945 307//945
f 311//946 310//946 307//946
f 310//947 312//947 304//947
f 309//948 313//948 311//948
f 308//949 346//949 306//949
f 312//950 310//950 316//950
f 313//951 314//951 311//951
f 312//952 316//952 308//952
f 317//953 389//953 316//953
f 319//954 317//954 314//954
f 273//955 299//955 262//955
f 321//956 278//956 274//956
f 320//957 305//957 303//957
f 278//958 323//958 281//958
f 321//959 323//959 278//959
f 302//960 263//960 323//960
f 324//961 326//961 321//961
f 322//962 303//962 302//962
f 326//963 322//963 323//963
f 327//964 309//964 322//964
f 325//965 285//965 294//965
f 327//966 326//966 329//966
f 330//967 335//967 325//967
f 325//968 329//968 326//968
f 333//969 332//969 331//969
f 337//970 313//970 328//970
f 295//971 334//971 294//971
f 200//972 344//972 347//972
f 330//973 325//973 294//973
f 334//974 330//974 294//974
f 331//975 327//975 329//975
f 333//976 331//976 336//976
f 333//977 407//977 340//977
f 313//978 341//978 315//978
f 333//979 340//979 337//979
f 337//980 341//980 313//980
f 344//981 117//981 270//981
f 345//982 344//982 271//982
f 272//983 346//983 345//983
f 354//984 371//984 357//984
f 348//985 347//985 345//985
f 348//986 350//986 347//986
f 349//987 350//987 348//987
f 347//988 206//988 204//988
f 347//989 350//989 364//989
f 364//990 206//990 347//990
f 297//991 291//991 354//991
f 355//992 354//992 357//992
f 349//993 360//993 350//993
f 361//994 359//994 358//994
f 350//995 362//995 364//995
f 360//996 362//996 350//996
f 349//997 351//997 360//997
f 361//998 358//998 363//998
f 364//999 211//999 206//999
f 365//1000 212//1000 211//1000
f 360//1001 351//1001 366//1001
f 353//1002 351//1002 395//1002
f 229//1003 367//1003 228//1003
f 298//1004 291//1004 296//1004
f 298//1005 369//1005 354//1005
f 369//1006 368//1006 370//1006
f 369//1007 374//1007 371//1007
f 236//1008 367//1008 232//1008
f 370//1009 368//1009 372//1009
f 317//1010 318//1010 393//1010
f 368//1011 367//1011 375//1011
f 372//1012 368//1012 375//1012
f 374//1013 373//1013 376//1013
f 371//1014 379//1014 377//1014
f 376//1015 379//1015 374//1015
f 378//1016 363//1016 377//1016
f 243//1017 375//1017 240//1017
f 376//1018 372//1018 379//1018
f 375//1019 243//1019 382//1019
f 385//1020 378//1020 380//1020
f 384//1021 380//1021 383//1021
f 316//1022 388//1022 308//1022
f 388//1023 389//1023 391//1023
f 346//1024 390//1024 348//1024
f 390//1025 398//1025 397//1025
f 317//1026 393//1026 389//1026
f 349//1027 390//1027 395//1027
f 349//1028 395//1028 351//1028
f 393//1029 398//1029 391//1029
f 398//1030 402//1030 401//1030
f 341//1031 392//1031 315//1031
f 352//1032 395//1032 397//1032
f 401//1033 400//1033 398//1033
f 352//1034 397//1034 404//1034
f 400//1035 404//1035 397//1035
f 406//1036 339//1036 338//1036
f 407//1037 336//1037 330//1037
f 422//1038 417//1038 428//1038
f 337//1039 413//1039 341//1039
f 342//1040 413//1040 337//1040
f 359//1041 338//1041 356//1041
f 407//1042 410//1042 409//1042
f 340//1043 412//1043 342//1043
f 416//1044 414//1044 415//1044
f 416//1045 411//1045 408//1045
f 340//1046 419//1046 412//1046
f 409//1047 419//1047 340//1047
f 414//1048 420//1048 415//1048
f 425//1049 417//1049 418//1049
f 419//1050 422//1050 412//1050
f 427//1051 421//1051 426//1051
f 425//1052 428//1052 417//1052
f 428//1053 453//1053 422//1053
f 418//1054 411//1054 424//1054
f 424//1055 427//1055 425//1055
f 443//1056 430//1056 427//1056
f 443//1057 427//1057 426//1057
f 425//1058 430//1058 428//1058
f 430//1059 431//1059 428//1059
f 431//1060 455//1060 428//1060
f 434//1061 432//1061 433//1061
f 435//1062 408//1062 406//1062
f 434//1063 433//1063 432//1063
f 435//1064 436//1064 414//1064
f 435//1065 414//1065 408//1065
f 437//1066 421//1066 420//1066
f 424//1067 411//1067 416//1067
f 392//1068 394//1068 444//1068
f 381//1069 361//1069 363//1069
f 381//1070 436//1070 361//1070
f 438//1071 437//1071 436//1071
f 440//1072 378//1072 386//1072
f 386//1073 381//1073 439//1073
f 438//1074 442//1074 426//1074
f 438//1075 386//1075 442//1075
f 343//1076 319//1076 315//1076
f 318//1077 394//1077 393//1077
f 343//1078 315//1078 392//1078
f 318//1079 445//1079 394//1079
f 444//1080 343//1080 392//1080
f 396//1081 449//1081 399//1081
f 446//1082 396//1082 394//1082
f 447//1083 396//1083 446//1083
f 454//1084 447//1084 446//1084
f 448//1085 452//1085 423//1085
f 449//1086 447//1086 448//1086
f 399//1087 450//1087 403//1087
f 451//1088 450//1088 449//1088
f 413//1089 446//1089 392//1089
f 412//1090 422//1090 423//1090
f 452//1091 413//1091 423//1091
f 454//1092 446//1092 452//1092
f 479//1093 475//1093 470//1093
f 455//1094 451//1094 448//1094
f 154//1095 149//1095 459//1095
f 460//1096 458//1096 457//1096
f 172//1097 460//1097 148//1097
f 172//1098 463//1098 460//1098
f 153//1099 152//1099 461//1099
f 462//1100 154//1100 459//1100
f 466//1101 462//1101 459//1101
f 172//1102 469//1102 463//1102
f 465//1103 171//1103 467//1103
f 463//1104 468//1104 460//1104
f 468//1105 461//1105 460//1105
f 474//1106 462//1106 466//1106
f 469//1107 468//1107 463//1107
f 472//1108 465//1108 467//1108
f 474//1109 461//1109 468//1109
f 474//1110 466//1110 461//1110
f 468//1111 475//1111 474//1111
f 470//1112 475//1112 468//1112
f 470//1113 469//1113 476//1113
f 474//1114 475//1114 477//1114
f 472//1115 478//1115 476//1115
f 481//1116 479//1116 482//1116
f 500//1117 474//1117 481//1117
f 474//1118 477//1118 481//1118
f 487//1119 192//1119 194//1119
f 478//1120 483//1120 482//1120
f 194//1121 154//1121 462//1121
f 192//1122 489//1122 195//1122
f 497//1123 490//1123 489//1123
f 197//1124 195//1124 490//1124
f 493//1125 194//1125 462//1125
f 486//1126 485//1126 492//1126
f 487//1127 194//1127 493//1127
f 487//1128 489//1128 488//1128
f 467//1129 511//1129 473//1129
f 494//1130 490//1130 498//1130
f 499//1131 497//1131 495//1131
f 501//1132 498//1132 497//1132
f 496//1133 471//1133 500//1133
f 500//1134 499//1134 495//1134
f 502//1135 501//1135 499//1135
f 506//1136 503//1136 504//1136
f 502//1137 505//1137 508//1137
f 482//1138 507//1138 500//1138
f 507//1139 499//1139 500//1139
f 506//1140 504//1140 503//1140
f 505//1141 499//1141 507//1141
f 509//1142 505//1142 507//1142
f 505//1143 509//1143 508//1143
f 213//1144 510//1144 214//1144
f 526//1145 532//1145 528//1145
f 513//1146 510//1146 213//1146
f 516//1147 512//1147 510//1147
f 513//1148 516//1148 510//1148
f 514//1149 513//1149 213//1149
f 215//1150 514//1150 213//1150
f 480//1151 478//1151 473//1151
f 473//1152 512//1152 480//1152
f 513//1153 517//1153 515//1153
f 512//1154 519//1154 480//1154
f 515//1155 520//1155 516//1155
f 517//1156 520//1156 515//1156
f 521//1157 196//1157 197//1157
f 226//1158 196//1158 521//1158
f 521//1159 491//1159 494//1159
f 523//1160 522//1160 521//1160
f 525//1161 523//1161 498//1161
f 528//1162 524//1162 526//1162
f 529//1163 524//1163 528//1163
f 529//1164 530//1164 524//1164
f 525//1165 498//1165 502//1165
f 534//1166 532//1166 525//1166
f 533//1167 525//1167 502//1167
f 529//1168 532//1168 535//1168
f 530//1169 529//1169 535//1169
f 533//1170 502//1170 508//1170
f 227//1171 244//1171 242//1171
f 550//1172 509//1172 507//1172
f 540//1173 541//1173 539//1173
f 536//1174 535//1174 534//1174
f 537//1175 535//1175 536//1175
f 227//1176 226//1176 522//1176
f 484//1177 553//1177 551//1177
f 544//1178 244//1178 543//1178
f 542//1179 244//1179 544//1179
f 524//1180 543//1180 522//1180
f 546//1181 543//1181 524//1181
f 547//1182 531//1182 527//1182
f 530//1183 548//1183 546//1183
f 507//1184 482//1184 549//1184
f 539//1185 508//1185 509//1185
f 550//1186 540//1186 509//1186
f 519//1187 552//1187 553//1187
f 520//1188 552//1188 519//1188
f 551//1189 553//1189 555//1189
f 557//1190 555//1190 552//1190
f 557//1191 520//1191 559//1191
f 558//1192 566//1192 554//1192
f 551//1193 557//1193 559//1193
f 565//1194 563//1194 559//1194
f 554//1195 564//1195 520//1195
f 558//1196 569//1196 566//1196
f 565//1197 559//1197 570//1197
f 566//1198 571//1198 570//1198
f 571//1199 565//1199 570//1199
f 569//1200 568//1200 574//1200
f 569//1201 574//1201 571//1201
f 541//1202 578//1202 579//1202
f 580//1203 585//1203 582//1203
f 579//1204 536//1204 541//1204
f 556//1205 577//1205 550//1205
f 584//1206 540//1206 577//1206
f 578//1207 540//1207 584//1207
f 584//1208 579//1208 578//1208
f 581//1209 536//1209 582//1209
f 588//1210 580//1210 579//1210
f 597//1211 603//1211 518//1211
f 581//1212 582//1212 585//1212
f 562//1213 560//1213 587//1213
f 577//1214 556//1214 561//1214
f 563//1215 584//1215 561//1215
f 567//1216 589//1216 584//1216
f 567//1217 590//1217 589//1217
f 590//1218 586//1218 589//1218
f 562//1219 587//1219 560//1219
f 591//1220 590//1220 567//1220
f 567//1221 563//1221 565//1221
f 573//1222 592//1222 591//1222
f 572//1223 567//1223 576//1223
f 572//1224 591//1224 567//1224
f 353//1225 352//1225 594//1225
f 595//1226 353//1226 594//1226
f 594//1227 352//1227 593//1227
f 596//1228 599//1228 595//1228
f 597//1229 517//1229 513//1229
f 514//1230 597//1230 513//1230
f 598//1231 597//1231 514//1231
f 601//1232 600//1232 596//1232
f 598//1233 599//1233 597//1233
f 599//1234 600//1234 597//1234
f 624//1235 616//1235 619//1235
f 600//1236 691//1236 603//1236
f 365//1237 605//1237 215//1237
f 353//1238 605//1238 366//1238
f 606//1239 353//1239 595//1239
f 605//1240 598//1240 514//1240
f 606//1241 598//1241 605//1241
f 613//1242 387//1242 244//1242
f 613//1243 244//1243 542//1243
f 387//1244 619//1244 614//1244
f 617//1245 384//1245 616//1245
f 404//1246 635//1246 634//1246
f 615//1247 618//1247 625//1247
f 620//1248 545//1248 623//1248
f 624//1249 619//1249 620//1249
f 626//1250 615//1250 625//1250
f 624//1251 620//1251 627//1251
f 629//1252 625//1252 621//1252
f 607//1253 630//1253 625//1253
f 631//1254 627//1254 623//1254
f 631//1255 629//1255 627//1255
f 628//1256 608//1256 607//1256
f 611//1257 631//1257 538//1257
f 631//1258 623//1258 538//1258
f 632//1259 609//1259 608//1259
f 612//1260 632//1260 608//1260
f 634//1261 593//1261 404//1261
f 652//1262 650//1262 641//1262
f 634//1263 638//1263 593//1263
f 639//1264 638//1264 634//1264
f 638//1265 596//1265 593//1265
f 641//1266 638//1266 639//1266
f 638//1267 644//1267 596//1267
f 646//1268 641//1268 640//1268
f 646//1269 652//1269 641//1269
f 645//1270 650//1270 644//1270
f 651//1271 647//1271 649//1271
f 651//1272 648//1272 647//1272
f 602//1273 653//1273 751//1273
f 644//1274 653//1274 602//1274
f 430//1275 429//1275 655//1275
f 651//1276 755//1276 652//1276
f 429//1277 426//1277 654//1277
f 658//1278 430//1278 655//1278
f 654//1279 657//1279 655//1279
f 658//1280 659//1280 431//1280
f 637//1281 666//1281 640//1281
f 660//1282 455//1282 659//1282
f 657//1283 663//1283 659//1283
f 657//1284 662//1284 663//1284
f 675//1285 680//1285 674//1285
f 660//1286 667//1286 666//1286
f 667//1287 660//1287 659//1287
f 672//1288 665//1288 663//1288
f 663//1289 676//1289 675//1289
f 663//1290 662//1290 676//1290
f 648//1291 667//1291 647//1291
f 665//1292 671//1292 667//1292
f 665//1293 672//1293 671//1293
f 672//1294 663//1294 671//1294
f 676//1295 669//1295 670//1295
f 661//1296 669//1296 676//1296
f 667//1297 677//1297 647//1297
f 679//1298 673//1298 670//1298
f 674//1299 683//1299 671//1299
f 688//1300 637//1300 640//1300
f 681//1301 683//1301 680//1301
f 622//1302 441//1302 615//1302
f 442//1303 684//1303 656//1303
f 626//1304 622//1304 615//1304
f 626//1305 685//1305 684//1305
f 626//1306 684//1306 622//1306
f 630//1307 685//1307 626//1307
f 630//1308 669//1308 685//1308
f 669//1309 661//1309 685//1309
f 687//1310 405//1310 450//1310
f 687//1311 451//1311 686//1311
f 643//1312 639//1312 405//1312
f 693//1313 692//1313 691//1313
f 643//1314 640//1314 641//1314
f 643//1315 405//1315 640//1315
f 646//1316 648//1316 652//1316
f 456//1317 689//1317 686//1317
f 666//1318 667//1318 646//1318
f 707//1319 706//1319 699//1319
f 694//1320 693//1320 604//1320
f 692//1321 695//1321 690//1321
f 697//1322 568//1322 558//1322
f 695//1323 699//1323 690//1323
f 699//1324 695//1324 696//1324
f 703//1325 704//1325 702//1325
f 700//1326 698//1326 706//1326
f 707//1327 710//1327 708//1327
f 709//1328 699//1328 696//1328
f 721//1329 704//1329 718//1329
f 712//1330 703//1330 701//1330
f 704//1331 710//1331 702//1331
f 706//1332 575//1332 574//1332
f 714//1333 700//1333 708//1333
f 696//1334 715//1334 709//1334
f 719//1335 716//1335 712//1335
f 719//1336 712//1336 701//1336
f 704//1337 720//1337 710//1337
f 720//1338 714//1338 710//1338
f 715//1339 717//1339 716//1339
f 721//1340 711//1340 714//1340
f 716//1341 709//1341 715//1341
f 745//1342 700//1342 714//1342
f 719//1343 709//1343 725//1343
f 716//1344 719//1344 725//1344
f 611//1345 730//1345 726//1345
f 727//1346 728//1346 611//1346
f 737//1347 726//1347 730//1347
f 727//1348 732//1348 738//1348
f 727//1349 738//1349 728//1349
f 735//1350 583//1350 586//1350
f 735//1351 585//1351 583//1351
f 735//1352 730//1352 585//1352
f 730//1353 581//1353 585//1353
f 737//1354 730//1354 735//1354
f 736//1355 731//1355 735//1355
f 732//1356 726//1356 737//1356
f 731//1357 738//1357 737//1357
f 739//1358 731//1358 736//1358
f 738//1359 739//1359 728//1359
f 743//1360 739//1360 736//1360
f 733//1361 743//1361 740//1361
f 739//1362 743//1362 734//1362
f 698//1363 741//1363 746//1363
f 741//1364 586//1364 746//1364
f 749//1365 742//1365 700//1365
f 742//1366 749//1366 741//1366
f 749//1367 743//1367 741//1367
f 748//1368 747//1368 744//1368
f 711//1369 740//1369 745//1369
f 592//1370 746//1370 590//1370
f 746//1371 575//1371 698//1371
f 653//1372 754//1372 753//1372
f 750//1373 711//1373 721//1373
f 653//1374 759//1374 751//1374
f 651//1375 752//1375 754//1375
f 755//1376 754//1376 650//1376
f 754//1377 756//1377 753//1377
f 757//1378 696//1378 694//1378
f 751//1379 759//1379 757//1379
f 762//1380 760//1380 758//1380
f 760//1381 756//1381 752//1381
f 759//1382 763//1382 757//1382
f 764//1383 765//1383 762//1383
f 673//1384 681//1384 680//1384
f 761//1385 763//1385 759//1385
f 761//1386 753//1386 763//1386
f 766//1387 704//1387 703//1387
f 763//1388 713//1388 757//1388
f 713//1389 767//1389 717//1389
f 766//1390 712//1390 717//1390
f 679//1391 772//1391 673//1391
f 682//1392 752//1392 649//1392
f 683//1393 769//1393 678//1393
f 770//1394 771//1394 733//1394
f 771//1395 734//1395 733//1395
f 771//1396 729//1396 734//1396
f 705//1397 758//1397 740//1397
f 772//1398 775//1398 768//1398
f 769//1399 768//1399 682//1399
f 758//1400 770//1400 740//1400
f 770//1401 733//1401 740//1401
f 773//1402 770//1402 758//1402
f 774//1403 773//1403 760//1403
f 682//1404 774//1404 760//1404
f 775//1405 771//1405 773//1405
f 768//1406 776//1406 774//1406
f 718//1407 704//1407 705//1407
f 775//1408 773//1408 776//1408
f 718//1409 705//1409 750//1409
f 18//1410 20//1410 19//1410
f 66//1411 24//1411 19//1411
f 21//1412 30//1412 40//1412
f 41//1413 48//1413 39//1413
f 45//1414 33//1414 3//1414
f 31//1415 52//1415 34//1415
f 58//1416 52//1416 51//1416
f 79//1417 85//1417 86//1417
f 80//1418 91//1418 93//1418
f 90//1419 89//1419 87//1419
f 109//1420 110//1420 116//1420
f 121//1421 119//1421 73//1421
f 113//1422 125//1422 123//1422
f 128//1423 129//1423 123//1423
f 85//1424 95//1424 135//1424
f 145//1425 148//1425 152//1425
f 158//1426 157//1426 63//1426
f 157//1427 158//1427 160//1427
f 180//1428 174//1428 62//1428
f 181//1429 187//1429 188//1429
f 191//1430 192//1430 185//1430
f 111//1431 114//1431 198//1431
f 219//1432 217//1432 133//1432
f 133//1433 216//1433 218//1433
f 228//1434 231//1434 232//1434
f 234//1435 237//1435 239//1435
f 250//1436 258//1436 257//1436
f 267//1437 261//1437 265//1437
f 265//1438 260//1438 266//1438
f 255//1439 277//1439 278//1439
f 282//1440 274//1440 278//1440
f 286//1441 291//1441 288//1441
f 300//1442 306//1442 251//1442
f 305//1443 304//1443 301//1443
f 305//1444 320//1444 309//1444
f 272//1445 268//1445 306//1445
f 309//1446 332//1446 313//1446
f 325//1447 324//1447 285//1447
f 327//1448 322//1448 326//1448
f 325//1449 335//1449 329//1449
f 200//1450 117//1450 344//1450
f 354//1451 369//1451 371//1451
f 369//1452 373//1452 374//1452
f 317//1453 319//1453 318//1453
f 388//1454 316//1454 389//1454
f 390//1455 391//1455 398//1455
f 393//1456 399//1456 398//1456
f 398//1457 399//1457 402//1457
f 341//1458 413//1458 392//1458
f 422//1459 419//1459 417//1459
f 427//1460 424//1460 421//1460
f 418//1461 410//1461 411//1461
f 392//1462 446//1462 394//1462
f 396//1463 447//1463 449//1463
f 448//1464 454//1464 452//1464
f 479//1465 477//1465 475//1465
f 481//1466 477//1466 479//1466
f 487//1467 488//1467 192//1467
f 192//1468 488//1468 489//1468
f 497//1469 498//1469 490//1469
f 467//1470 214//1470 511//1470
f 526//1471 525//1471 532//1471
f 534//1472 535//1472 532//1472
f 227//1473 543//1473 244//1473
f 484//1474 519//1474 553//1474
f 550//1475 577//1475 540//1475
f 541//1476 540//1476 578//1476
f 580//1477 583//1477 585//1477
f 584//1478 588//1478 579//1478
f 588//1479 589//1479 580//1479
f 597//1480 600//1480 603//1480
f 624//1481 621//1481 616//1481
f 404//1482 400//1482 635//1482
f 652//1483 755//1483 650//1483
f 430//1484 443//1484 429//1484
f 658//1485 431//1485 430//1485
f 654//1486 656//1486 657//1486
f 658//1487 657//1487 659//1487
f 637//1488 660//1488 666//1488
f 675//1489 673//1489 680//1489
f 674//1490 680//1490 683//1490
f 688//1491 686//1491 637//1491
f 693//1492 695//1492 692//1492
f 707//1493 708//1493 706//1493
f 707//1494 701//1494 710//1494
f 721//1495 720//1495 704//1495
f 720//1496 721//1496 714//1496
f 715//1497 713//1497 717//1497
f 745//1498 749//1498 700//1498
f 653//1499 650//1499 754//1499
f 653//1500 761//1500 759//1500
f 762//1501 765//1501 760//1501
f 673//1502 772//1502 681//1502
f 679//1503 775//1503 772//1503
f 705//1504 762//1504 758//1504
