# Blender 5.2.0 LTS
# www.blender.org
o Coral_Table_C_tmp
v -1.493803 -0.986758 0.283207
v -1.506321 -0.966365 0.345915
v -1.430969 -0.998538 0.216772
v -1.445543 -0.959964 0.414473
v -1.480090 -0.858677 0.290165
v -1.373501 -1.098942 0.275027
v -1.379204 -0.911739 0.468964
v -1.607552 -0.453162 0.226711
v -1.562021 -0.755865 0.277378
v -1.547053 -0.618724 0.282354
v -1.552861 -0.541108 0.242063
v -1.536447 -0.475084 0.323384
v -1.491417 -0.632434 0.392384
v -1.509159 -0.506945 0.169439
v -1.468449 -0.544958 0.385912
v -1.499785 -0.460894 0.307736
v -1.516250 -0.450501 0.455733
v -1.498681 -0.650171 0.208116
v -1.493635 -0.739784 0.343918
v -1.449957 -0.639659 0.457240
v -1.465475 -0.447975 0.466932
v -1.396058 -0.766921 0.445207
v -1.411477 -0.514313 0.119481
v -1.506091 -0.200997 0.352874
v -1.515237 -0.140143 0.381648
v -1.452233 -0.350810 0.391333
v -1.435511 -0.313221 0.317128
v -1.435813 -0.253429 0.431097
v -1.445980 -0.116060 0.288955
v -1.404294 -0.126982 0.405806
v -1.432242 -0.045687 0.402419
v -1.433302 -0.393907 0.539413
v -1.389084 0.007459 0.527660
v -1.068686 -1.459897 0.316637
v -1.017076 -1.480181 0.382636
v -0.961597 -1.360693 0.407190
v -0.921631 -1.618152 0.227964
v -0.963003 -1.485618 0.223987
v -0.938733 -1.518524 0.286594
v -0.903352 -1.473009 0.380375
v -1.320022 -1.145926 0.394499
v -1.350732 -1.027864 0.409187
v -1.327024 -0.970713 0.164601
v -1.317266 -0.973620 0.401239
v -1.295436 -1.139925 0.313631
v -1.216691 -1.092919 0.402512
v -1.214865 -1.206480 0.402078
v -1.204055 -1.200502 0.304651
v -1.191392 -0.909086 0.096486
v -1.135069 -1.346474 0.334324
v -1.165847 -1.329440 0.406301
v -1.145688 -1.091354 0.212688
v -1.103144 -1.202325 0.272599
v -1.146689 -1.223364 0.450861
v -1.093226 -1.149568 0.290441
v -1.182097 -0.976131 0.202608
v -1.045642 -1.316139 0.229008
v -0.999363 -1.301387 0.448523
v -0.987220 -1.155356 0.460171
v -1.036238 -1.034845 0.108677
v -0.974316 -1.138384 0.106754
v -1.026527 -1.084215 0.254751
v -0.992252 -0.977300 0.093989
v -0.924777 -1.002646 0.138538
v -1.188568 -0.996569 0.517964
v -1.215171 -0.913760 0.584984
v -1.154438 -1.145134 0.522464
v -1.063897 -1.108294 0.589876
v -1.100261 -0.990644 0.578516
v -1.021311 -0.941071 0.549551
v -1.003320 -1.099316 0.549532
v -0.915254 -1.330137 0.539938
v -0.933877 -1.166640 0.522000
v -1.323372 -0.849404 0.183732
v -1.335168 -0.670954 0.470239
v -1.257758 -0.618548 0.053705
v -1.371091 -0.536618 0.443067
v -1.352908 -0.413481 0.195187
v -1.275702 -0.886501 0.464153
v -1.256339 -0.788688 0.457251
v -1.309619 -0.518599 0.068993
v -1.199704 -0.825932 0.088463
v -1.210587 -0.749924 0.459590
v -1.215305 -0.456939 0.032229
v -1.112417 -0.869589 0.032834
v -1.123280 -0.784118 0.049991
v -1.161957 -0.551210 0.049094
v -1.090442 -0.530999 0.113101
v -1.027591 -0.811565 0.112949
v -0.973958 -0.446318 0.170013
v -0.931805 -0.535312 0.173726
v -1.333546 -0.436039 0.556232
v -1.248682 -0.642484 0.547252
v -1.258659 -0.539881 0.528682
v -1.229098 -0.516066 0.514572
v -1.159181 -0.857637 0.571061
v -1.155408 -0.537216 0.510398
v -1.171719 -0.401961 0.577878
v -1.140485 -0.702866 0.493597
v -1.087700 -0.528214 0.562581
v -1.043703 -0.771666 0.584847
v -0.921344 -0.631496 0.637053
v -0.946220 -0.538314 0.552859
v -0.963956 -0.437560 0.589447
v -0.979644 -0.861769 0.636676
v -0.929850 -0.748405 0.574039
v -1.350768 -0.155113 0.224631
v -1.331144 -0.042261 0.320593
v -1.243298 0.057371 0.284006
v -1.202722 -0.407488 0.084872
v -1.201297 -0.229707 0.055921
v -1.190769 -0.144786 0.098021
v -1.093997 -0.057508 0.119017
v -1.138513 -0.213333 0.099558
v -1.043764 -0.386270 0.184748
v -0.989802 -0.274781 0.168976
v -0.973577 -0.045484 0.187771
v -1.342741 -0.111478 0.488321
v -1.394381 -0.214687 0.526591
v -1.259044 -0.064117 0.516746
v -1.214672 -0.311393 0.580305
v -1.260680 -0.125625 0.575140
v -1.142071 -0.217738 0.590227
v -1.162138 -0.109897 0.525917
v -1.144063 -0.010703 0.586340
v -1.076505 -0.214373 0.559431
v -1.034245 -0.404943 0.628564
v -1.023621 -0.315401 0.578818
v -1.031083 -0.131053 0.504533
v -1.033070 -0.059617 0.512497
v -1.072035 -0.053047 0.559230
v -1.039572 -0.057656 0.643317
v -0.991343 -0.109697 0.606734
v -0.986143 -0.008594 0.596142
v -0.975419 -0.284374 0.632087
v -0.932737 -0.181737 0.635842
v -0.918427 -0.061051 0.642417
v -0.850608 -1.611443 0.225766
v -0.877016 -1.341706 0.165850
v -0.777189 -1.572979 0.267281
v -0.759187 -1.489708 0.167000
v -0.748308 -1.567458 0.401686
v -0.859207 -1.406316 0.515136
v -0.724095 -1.456942 0.244045
v -0.752392 -1.399905 0.480418
v -0.697507 -1.627455 0.348327
v -0.711100 -1.564846 0.310511
v -0.598559 -1.495058 0.462743
v -0.686368 -1.353931 0.119510
v -0.609895 -1.620567 0.294814
v -0.628787 -1.468016 0.280156
v -0.581859 -1.572288 0.210852
v -0.570611 -1.411105 0.152538
v -0.588160 -1.385437 0.462899
v -0.511330 -1.630980 0.220814
v -0.511769 -1.486644 0.178374
v -0.499127 -1.410421 0.447271
v -0.490476 -1.366791 0.101967
v -0.511912 -1.613587 0.374285
v -0.469391 -1.476339 0.465362
v -0.686051 -1.437758 0.528637
v -0.753464 -1.209760 0.060787
v -0.861212 -1.116629 0.094543
v -0.785010 -0.955510 0.183173
v -0.740840 -1.042349 0.244728
v -0.760692 -1.088031 0.157704
v -0.639566 -1.058415 0.197520
v -0.637109 -0.927538 0.253666
v -0.578676 -1.319995 0.174970
v -0.607807 -1.233604 0.104751
v -0.574845 -1.141265 0.174201
v -0.528434 -1.256628 0.104867
v -0.526292 -1.046409 0.228980
v -0.468890 -1.315327 0.438639
v -0.494960 -0.954955 0.220909
v -0.856111 -1.287919 0.503279
v -0.847227 -1.187552 0.584093
v -0.876622 -1.026499 0.655151
v -0.770208 -1.147286 0.649557
v -0.808658 -1.092099 0.688484
v -0.862247 -0.978978 0.684531
v -0.575135 -1.224965 0.499016
v -0.692582 -1.208362 0.579736
v -0.795544 -0.944411 0.626146
v -0.686238 -0.950574 0.625280
v -0.595928 -1.108379 0.552266
v -0.577446 -0.916130 0.559002
v -0.476731 -1.150711 0.574581
v -0.487173 -1.012501 0.573574
v -0.904972 -0.865024 0.164536
v -0.852119 -0.710546 0.167722
v -0.873962 -0.439577 0.174648
v -0.852690 -0.868866 0.247996
v -0.776807 -0.803216 0.232101
v -0.698444 -0.818737 0.220704
v -0.558794 -0.531791 0.227946
v -0.592274 -0.758918 0.231451
v -0.582168 -0.659153 0.236895
v -0.436817 -0.690670 0.219512
v -0.883990 -0.803289 0.610167
v -0.872199 -0.666667 0.610249
v -0.866057 -0.412635 0.637583
v -0.860434 -0.571253 0.682247
v -0.748574 -0.843206 0.602269
v -0.727184 -0.695883 0.614051
v -0.742992 -0.616392 0.565660
v -0.689883 -0.921369 0.691744
v -0.698230 -0.748576 0.642949
v -0.751055 -0.478063 0.602998
v -0.667967 -0.864211 0.640219
v -0.597867 -0.741598 0.515411
v -0.633663 -0.638712 0.671045
v -0.573350 -0.848535 0.579102
v -0.579026 -0.610290 0.655859
v -0.618867 -0.524545 0.560523
v -0.597815 -0.449244 0.629363
v -0.558129 -0.746806 0.509280
v -0.524218 -0.573674 0.705667
v -0.546252 -0.516395 0.649565
v -0.413927 -0.802806 0.629971
v -0.440640 -0.689801 0.593666
v -0.479464 -0.616886 0.641791
v -0.463137 -0.499030 0.649002
v -0.877489 -0.105283 0.228327
v -0.759992 -0.261472 0.219237
v -0.697318 -0.034124 0.297776
v -0.689939 -0.174943 0.346668
v -0.645879 -0.281810 0.257705
v -0.599967 -0.217456 0.366706
v -0.603616 -0.109497 0.336434
v -0.570484 -0.119250 0.381478
v -0.572325 -0.213714 0.277812
v -0.571766 -0.105431 0.468878
v -0.515730 -0.258592 0.270590
v -0.499243 -0.002185 0.334719
v -0.480325 -0.241239 0.517300
v -0.441032 -0.118510 0.340882
v -0.857228 -0.189562 0.617675
v -0.864495 -0.037568 0.764460
v -0.735514 -0.288063 0.627668
v -0.780783 -0.099114 0.696627
v -0.714025 -0.396886 0.647200
v -0.754659 -0.176382 0.765272
v -0.748479 -0.048487 0.687589
v -0.691821 0.000163 0.689872
v -0.690440 0.000423 0.693763
v -0.660097 0.042134 0.812459
v -0.683556 -0.227180 0.678503
v -0.635983 -0.164235 0.734006
v -0.689060 0.000683 0.689872
v -0.576014 -0.222182 0.531894
v -0.571570 -0.231380 0.634317
v -0.576031 -0.068300 0.805482
v -0.529688 -0.366452 0.633793
v -0.513451 -0.285552 0.622747
v -0.519527 -0.181255 0.776822
v -0.490018 0.006249 0.784880
v -0.454072 -0.244157 0.681581
v -0.480569 -0.169050 0.521759
v -0.461508 -0.072849 0.807129
v -0.433925 -1.535550 0.265535
v -0.393241 -1.485287 0.316654
v -0.365260 -1.500781 0.407115
v -0.347229 -1.407396 0.219909
v -0.308974 -1.422392 0.351053
v -0.310174 -1.455354 0.472885
v -0.247505 -1.508795 0.364424
v -0.205633 -1.497249 0.441025
v -0.236141 -1.380507 0.344982
v -0.164574 -1.503296 0.290318
v -0.166790 -1.443921 0.343846
v -0.229639 -1.381928 0.344564
v -0.109045 -1.373530 0.456585
v -0.149763 -1.338880 0.239802
v -0.358962 -1.441030 0.575678
v -0.244341 -1.361539 0.577924
v -0.358984 -1.349154 0.187050
v -0.405245 -1.259977 0.132224
v -0.415986 -1.039502 0.240636
v -0.344047 -1.043802 0.191450
v -0.276867 -1.346572 0.287220
v -0.278626 -1.218993 0.111959
v -0.235543 -1.326049 0.289118
v -0.232918 -1.259067 0.229248
v -0.293659 -0.882065 0.199597
v -0.229639 -1.379087 0.345399
v -0.258739 -1.177504 0.140575
v -0.150174 -1.074990 0.175878
v -0.115610 -1.337918 0.243513
v -0.118397 -1.235758 0.372806
v -0.117912 -1.149532 0.108556
v -0.099905 -1.212291 0.170295
v -0.088959 -1.069338 0.182411
v -0.056300 -1.096223 0.260786
v -0.055280 -1.094722 0.347116
v -0.107919 -0.740315 0.213467
v 0.000870 -0.985677 0.214947
v -0.362334 -1.208450 0.508191
v -0.460678 -0.919764 0.564124
v -0.380833 -1.144864 0.584181
v -0.329852 -1.024868 0.574585
v -0.333767 -1.344677 0.592751
v -0.278822 -1.109006 0.602311
v -0.268023 -0.953688 0.580733
v -0.215752 -1.236263 0.572219
v -0.151278 -1.273490 0.569082
v -0.172450 -1.160183 0.645684
v -0.228408 -1.033732 0.688134
v -0.072977 -1.105078 0.568504
v -0.136084 -0.997418 0.619770
v -0.164783 -0.929249 0.573901
v -0.060388 -1.216149 0.526431
v -0.112280 -1.209301 0.637052
v -0.071972 -0.993007 0.637055
v -0.048524 -1.185379 0.575024
v -0.433731 -0.524063 0.263737
v -0.400545 -0.516367 0.348699
v -0.360175 -0.781363 0.227558
v -0.335390 -0.694786 0.308426
v -0.389179 -0.600879 0.229690
v -0.350565 -0.589110 0.351400
v -0.375689 -0.403098 0.245314
v -0.221634 -0.693041 0.221496
v -0.305013 -0.602853 0.227894
v -0.224210 -0.468021 0.348915
v -0.307734 -0.406611 0.357798
v -0.172454 -0.642071 0.457239
v -0.205822 -0.575554 0.218385
v -0.184549 -0.575021 0.299529
v -0.177806 -0.518902 0.344553
v -0.176556 -0.513961 0.460372
v -0.191101 -0.489279 0.216687
v -0.156466 -0.443565 0.363626
v -0.115171 -0.651720 0.214920
v -0.099628 -0.654505 0.455136
v -0.114878 -0.576977 0.356228
v -0.117514 -0.517359 0.308221
v -0.165809 -0.518079 0.342000
v -0.165809 -0.519726 0.347106
v -0.040523 -0.891051 0.229240
v -0.065337 -0.745665 0.352514
v -0.030100 -0.573145 0.216904
v -0.059313 -0.581159 0.286020
v -0.089693 -0.468155 0.222213
v 0.016538 -0.706311 0.230555
v -0.005867 -0.527910 0.355891
v -0.371998 -0.862259 0.659346
v -0.361628 -0.637590 0.645328
v -0.350388 -0.566395 0.656624
v -0.350963 -0.521374 0.578199
v -0.306812 -0.806898 0.607209
v -0.244016 -0.684685 0.595879
v -0.275310 -0.438840 0.583489
v -0.237067 -0.859381 0.561521
v -0.237133 -0.580011 0.568306
v -0.148704 -0.812614 0.613080
v -0.159585 -0.524910 0.584544
v -0.067429 -0.865218 0.686909
v -0.097750 -0.539030 0.494043
v -0.055566 -0.749890 0.574616
v 0.004347 -0.744857 0.631893
v 0.039298 -0.584192 0.527281
v -0.408582 -0.221798 0.304199
v -0.345654 -0.230670 0.341061
v -0.345595 -0.178931 0.402168
v -0.400433 -0.028811 0.359023
v -0.285614 -0.054640 0.472888
v -0.301627 -0.383543 0.279050
v -0.219754 -0.294743 0.262343
v -0.265759 -0.210644 0.285313
v -0.293212 -0.153081 0.394961
v -0.185173 -0.391346 0.238739
v -0.213318 -0.400055 0.546508
v -0.192545 -0.288554 0.354610
v -0.185856 -0.121692 0.287887
v -0.182687 -0.009233 0.338130
v -0.167718 -0.384918 0.447043
v -0.115906 -0.226387 0.375722
v -0.108307 -0.037119 0.324727
v -0.063382 -0.348654 0.462249
v -0.070010 -0.222542 0.349807
v -0.082298 -0.151423 0.283061
v -0.066692 -0.041995 0.376839
v -0.065444 -0.062066 0.515917
v -0.018324 -0.318533 0.404861
v 0.000697 -0.216642 0.449608
v -0.012623 -0.154940 0.313650
v -0.004772 -0.127457 0.474415
v -0.401527 -0.200506 0.633790
v -0.424336 -0.104266 0.746671
v -0.317827 -0.341063 0.595283
v -0.345644 -0.021098 0.864085
v -0.176621 -0.058351 0.625023
v -0.331677 -0.117497 0.709787
v -0.234093 -0.227520 0.633724
v -0.311905 -0.005569 0.825740
v -0.229945 0.005682 0.807636
v -0.164284 -0.001171 0.731607
v -0.104072 -0.297174 0.523659
v -0.140167 -0.265208 0.540768
v -0.121362 -0.138466 0.613183
v -0.062460 -0.345824 0.515628
v -0.063376 -0.149264 0.450709
v -0.066115 -0.130322 0.606135
v 0.030336 -0.435790 0.539843
v -0.013762 -0.160235 0.620481
v 0.010668 -0.143814 0.736587
v 0.043433 -0.079632 0.578385
v -0.050949 -0.060665 0.763197
v -0.012631 0.049001 0.723660
v -1.321538 0.161869 0.293880
v -1.352119 0.215372 0.388683
v -1.294752 0.066938 0.432981
v -1.315057 0.230450 0.432878
v -1.265949 0.293342 0.405054
v -1.271138 0.465324 0.464394
v -1.194515 0.158065 0.502760
v -1.223588 0.399667 0.412301
v -1.070099 0.417353 0.270657
v -1.036070 0.109611 0.116146
v -1.101585 0.053443 0.194779
v -1.066447 0.201779 0.198630
v -0.997940 0.306258 0.167893
v -0.983166 0.106283 0.105320
v -0.925624 0.142793 0.240913
v -0.921248 0.190263 0.165528
v -0.915176 0.394316 0.171163
v -1.292269 0.283066 0.525477
v -1.207036 0.040559 0.526894
v -1.198578 0.093802 0.582619
v -1.266337 0.229433 0.582716
v -1.183720 0.400772 0.522527
v -1.235195 0.466696 0.511506
v -1.167193 0.342374 0.575286
v -1.110134 0.169148 0.599092
v -1.040066 0.069308 0.501152
v -1.020398 0.355766 0.635427
v -1.031695 0.403435 0.578370
v -1.037445 0.201891 0.596493
v -0.989066 0.174377 0.655004
v -0.966032 0.292766 0.634362
v -0.975183 0.285797 0.807946
v -0.984534 0.438830 0.750102
v -0.964181 0.098889 0.494225
v -0.921072 0.141595 0.545950
v -0.927339 0.182646 0.763472
v -0.910867 0.234147 0.804767
v -1.284797 0.696013 0.454214
v -1.268300 0.764784 0.418320
v -1.206972 0.546199 0.345755
v -1.216041 0.868519 0.436143
v -1.259763 0.681285 0.343403
v -1.165476 0.753916 0.347883
v -1.208994 0.961550 0.376269
v -1.099935 0.525887 0.276080
v -1.003529 0.803791 0.243794
v -0.919254 0.515742 0.163331
v -0.954037 0.693424 0.225382
v -0.873299 0.748183 0.163400
v -1.007309 0.956981 0.339013
v -1.240603 0.776616 0.509983
v -1.265778 0.805522 0.575871
v -1.217910 0.573859 0.518994
v -1.163770 0.705981 0.531801
v -1.191993 0.889926 0.570011
v -1.110783 0.497558 0.513691
v -1.148906 0.588384 0.520811
v -1.092161 0.578402 0.631174
v -1.033874 0.700558 0.569003
v -1.107141 0.852317 0.647175
v -1.036667 0.639446 0.576960
v -0.987739 0.720238 0.652246
v -1.059038 0.919252 0.578858
v -1.054475 0.924553 0.705725
v -0.956994 0.501733 0.570775
v -0.997341 0.623504 0.680282
v -0.889066 0.864837 0.683938
v -0.982720 0.915288 0.745533
v -0.929211 0.631045 0.817213
v -0.931809 0.687737 0.770885
v -1.266091 0.982101 0.405189
v -1.181345 0.983390 0.455621
v -1.080580 1.007271 0.420936
v -1.093867 1.196659 0.455114
v -1.081752 1.331296 0.452366
v -1.061047 1.126928 0.399425
v -0.964350 1.066386 0.327007
v -0.975775 1.267341 0.408723
v -1.088264 0.995316 0.494838
v -1.105171 1.094207 0.578140
v -1.091473 1.324145 0.513310
v -1.041877 1.143876 0.516391
v -0.974838 1.206867 0.554712
v -0.975645 0.975096 0.659889
v -0.982073 0.974893 0.746093
v -1.012897 1.015004 0.590384
v -0.987384 1.149447 0.638853
v -1.006181 1.322043 0.580104
v -0.975364 1.338316 0.486667
v -0.919837 0.978009 0.572449
v -0.894961 0.977908 0.768110
v -0.913363 1.260957 0.706148
v -0.920595 1.265524 0.860799
v -0.921599 1.265246 0.863784
v -0.932078 1.371058 0.588099
v -0.860010 0.120079 0.286876
v -0.869848 0.312264 0.223276
v -0.812662 0.177242 0.286375
v -0.790243 0.445074 0.299604
v -0.719327 0.323755 0.362329
v -0.751788 0.384304 0.414677
v -0.744579 0.458897 0.400616
v -0.662259 0.050433 0.349568
v -0.632013 0.435281 0.401655
v -0.567578 0.165707 0.404941
v -0.591293 0.279531 0.397820
v -0.385443 0.311052 0.462732
v -0.471573 0.538677 0.456595
v -0.880749 0.070142 0.653563
v -0.850405 0.106012 0.735377
v -0.900372 0.509111 0.761003
v -0.847771 0.233426 0.798360
v -0.757221 0.039012 0.754654
v -0.786496 0.120271 0.739545
v -0.746428 0.304460 0.878837
v -0.800516 0.402118 0.825429
v -0.734835 0.442055 0.805491
v -0.706380 0.134875 0.805338
v -0.694234 0.242787 0.811117
v -0.690869 0.323411 0.812669
v -0.636915 0.403300 0.801904
v -0.614791 0.447253 0.880735
v -0.633224 0.461159 0.921411
v -0.600715 0.240937 0.848897
v -0.573324 0.335593 0.917399
v -0.525418 0.101991 0.869567
v -0.515224 0.194268 0.840744
v -0.521172 0.438572 0.797121
v -0.484107 0.238754 0.882318
v -0.515695 0.346809 0.915786
v -0.870878 0.544805 0.201647
v -0.857735 0.891324 0.229440
v -0.817373 0.621931 0.299742
v -0.845263 0.824777 0.224490
v -0.777525 0.980549 0.276303
v -0.717671 0.578050 0.367465
v -0.639993 0.598969 0.469396
v -0.619479 0.689870 0.407664
v -0.669166 0.841766 0.388497
v -0.575966 0.803142 0.457526
v -0.462999 0.718064 0.462254
v -0.525853 0.768792 0.437487
v -0.288757 0.885116 0.446871
v -0.909702 0.518928 0.651438
v -0.844065 0.677190 0.744972
v -0.907028 0.757827 0.697132
v -0.850598 0.570684 0.816046
v -0.806726 0.843853 0.748937
v -0.760045 0.959667 0.796445
v -0.738401 0.617795 0.745414
v -0.689284 0.515961 0.806829
v -0.759531 0.695219 0.749797
v -0.741198 0.751762 0.809154
v -0.691429 0.869958 0.870075
v -0.569666 0.511635 0.784882
v -0.612966 0.576913 0.734913
v -0.666051 0.629467 0.774327
v -0.715458 0.820734 0.829212
v -0.541614 0.592935 0.470100
v -0.570789 0.738979 0.914195
v -0.586008 0.836336 0.842441
v -0.568853 0.922132 0.921325
v -0.516610 0.579749 0.523558
v -0.500182 0.634539 0.814058
v -0.488572 0.674456 0.541420
v -0.526018 0.866718 0.883727
v -0.857942 0.973457 0.210663
v -0.871991 1.131577 0.358149
v -0.794937 1.375082 0.445490
v -0.801227 1.080694 0.275459
v -0.822562 1.230143 0.338706
v -0.697037 0.996643 0.352644
v -0.716342 1.149602 0.272456
v -0.641258 1.254795 0.359594
v -0.631442 1.271716 0.453734
v -0.605105 1.156176 0.337651
v -0.513458 1.067598 0.415501
v -0.519680 1.336950 0.296218
v -0.520822 1.251123 0.278995
v -0.565621 1.384860 0.389260
v -0.567585 1.330108 0.494220
v -0.457308 1.141494 0.399704
v -0.436733 1.256222 0.285713
v -0.877558 0.994895 0.691469
v -0.840373 1.028804 0.625236
v -0.873652 1.051187 0.822491
v -0.877470 1.101301 0.568013
v -0.862385 1.096661 0.698997
v -0.879559 1.142298 0.774550
v -0.919590 1.265803 0.863784
v -0.854174 1.202438 0.802166
v -0.807137 1.265828 0.687255
v -0.745864 1.117606 0.833606
v -0.747229 1.262412 0.738051
v -0.777794 1.327833 0.672090
v -0.684533 1.243631 0.804006
v -0.672317 1.323696 0.552802
v -0.684447 1.023813 0.839038
v -0.653304 1.276240 0.788138
v -0.674593 1.305051 0.644804
v -0.646420 1.369537 0.703468
v -0.629251 1.385021 0.803767
v -0.568683 1.160383 0.886491
v -0.526176 1.322978 0.816160
v -0.541384 1.437449 0.583013
v -0.408203 1.124414 0.872580
v -0.477492 1.237814 0.791011
v -0.446728 0.980866 0.866304
v -0.436585 1.471426 0.459225
v -0.570662 1.508744 0.402470
v -0.903025 1.448412 0.517714
v -0.755591 1.427209 0.567542
v -0.570439 1.436776 0.478621
v -0.509967 1.508170 0.753063
v -0.476691 1.430050 0.748773
v -0.466958 1.511577 0.542154
v -0.301950 0.068526 0.387262
v -0.199050 0.379036 0.469646
v -0.185917 0.133731 0.408552
v -0.102561 0.324658 0.458854
v -0.040419 0.106197 0.399753
v 0.042263 0.025748 0.380606
v -0.000151 -0.013450 0.516262
v -0.028044 0.234510 0.403936
v -0.021835 0.338890 0.450702
v -0.381170 0.345350 0.849603
v -0.451865 0.391805 0.872190
v -0.387654 0.041930 0.846394
v -0.327496 0.161470 0.922181
v -0.362270 0.211814 0.918692
v -0.350752 0.475228 0.534423
v -0.349776 0.438348 0.926845
v -0.290561 0.059187 0.804740
v -0.251933 0.307141 0.915484
v -0.293090 0.501138 0.519807
v -0.223384 0.164752 0.900725
v -0.135521 0.188272 0.927813
v -0.120958 0.058088 0.816010
v -0.118683 0.236406 0.863701
v -0.081821 0.359856 0.849622
v -0.144849 0.385167 0.505652
v -0.118493 0.395963 0.768987
v -0.114351 0.459122 0.748887
v -0.062166 0.159116 0.880059
v -0.001269 0.232922 0.804746
v -0.048876 0.339539 0.761866
v -0.017644 0.344236 0.864859
v 0.044210 0.418744 0.724145
v -0.287464 0.228979 0.971759
v -0.208531 0.476092 0.985371
v -0.201485 0.277775 0.935062
v -0.116961 0.345696 0.928691
v -0.355622 0.816612 0.470425
v -0.161147 0.983658 0.410061
v -0.062663 0.795200 0.471970
v -0.009851 0.614759 0.454433
v -0.006422 0.700858 0.466064
v 0.006777 0.851183 0.405386
v -0.444630 0.508414 0.813170
v -0.417531 0.618259 0.640759
v -0.428232 0.618585 0.755361
v -0.395411 0.684790 0.496055
v -0.406909 0.689320 0.741362
v -0.409164 0.753699 0.863099
v -0.459774 0.806253 0.923111
v -0.348123 0.517249 0.644589
v -0.350034 0.521346 0.809285
v -0.351353 0.585086 0.704927
v -0.366703 0.581833 0.794404
v -0.383675 0.633874 0.701120
v -0.354073 0.732028 0.929985
v -0.353891 0.832229 0.923594
v -0.275313 0.619800 0.893255
v -0.293228 0.586019 0.662841
v -0.340409 0.650810 0.753920
v -0.265135 0.619246 0.526344
v -0.330256 0.719776 0.520140
v -0.298553 0.709543 0.930703
v -0.178279 0.800889 0.602700
v -0.233949 0.867940 0.580551
v -0.271937 0.905617 0.882338
v -0.218874 0.603260 0.521299
v -0.166101 0.548156 0.779615
v -0.210744 0.558183 0.968691
v -0.196457 0.660590 0.786357
v -0.202621 0.709142 0.503555
v -0.172670 0.750668 0.762749
v -0.155242 0.829653 0.510052
v -0.158360 0.808410 0.784693
v -0.177067 0.913248 0.500446
v -0.157642 0.517112 0.514149
v -0.138778 0.744030 0.511112
v -0.115063 0.794433 0.779382
v -0.108084 0.850995 0.614036
v -0.072283 0.699780 0.521323
v -0.057505 0.755278 0.735606
v -0.067529 0.816727 0.544372
v -0.104799 0.847974 0.516408
v -0.064056 0.864553 0.886910
v 0.030402 0.568566 0.622692
v -0.017440 0.708425 0.738581
v -0.010525 0.762173 0.599596
v -0.004886 0.761688 0.815491
v -0.039721 0.801116 0.836108
v 0.004545 0.899221 0.548188
v -0.009482 0.897057 0.615567
v 0.017159 0.925243 0.677635
v -0.059378 0.888749 0.751469
v 0.014270 0.903496 0.818619
v -0.269515 0.835985 0.930706
v -0.422197 1.223704 0.307278
v -0.299013 1.413105 0.456851
v -0.226741 1.175197 0.318998
v -0.264386 1.226764 0.337033
v -0.279654 1.289747 0.408047
v -0.171741 1.255397 0.281056
v -0.229149 1.382167 0.455223
v -0.143423 1.201075 0.247979
v -0.083036 0.950328 0.396311
v -0.066987 1.210502 0.172245
v -0.124777 1.318894 0.329220
v -0.034491 1.136718 0.272830
v -0.048971 1.369645 0.290719
v -0.412835 1.359922 0.679613
v -0.445516 1.374894 0.815948
v -0.381405 1.282285 0.801582
v -0.312563 1.321874 0.791983
v -0.233459 1.191045 0.815464
v -0.298703 1.247995 0.804028
v -0.210980 0.982894 0.797239
v -0.186891 1.088395 0.750404
v -0.201193 1.284241 0.813041
v -0.223763 0.939591 0.658755
v -0.170697 1.266255 0.928569
v -0.061430 1.026578 0.538964
v -0.044487 1.098710 0.728547
v -0.117846 1.035357 0.766799
v -0.127296 1.262358 0.848036
v -0.105364 1.323379 0.742852
v -0.055941 0.975537 0.512182
v -0.094935 1.162581 0.791685
v -0.045820 1.294406 0.613806
v -0.020931 1.343120 0.661776
v 0.048651 0.985732 0.799405
v -0.042973 1.203878 0.634704
v -0.044866 1.199468 0.748896
v -0.177293 1.511614 0.452622
v -0.072220 1.447574 0.390387
v -0.422553 1.509775 0.643529
v -0.393957 1.522376 0.548587
v -0.281522 1.413960 0.672214
v -0.301881 1.497514 0.637934
v -0.194617 1.426375 0.617329
v -0.189406 1.501544 0.625925
v -0.108663 1.404265 0.681076
v -0.114685 1.565345 0.518840
v -0.057064 1.517621 0.585505
v -0.016676 1.507167 0.651401
v -0.002382 1.439379 0.695632
v 0.037641 -1.132503 0.402244
v 0.106642 -1.000566 0.229786
v 0.145877 -1.143903 0.424223
v 0.129936 -1.049873 0.331382
v 0.135918 -0.917992 0.223842
v 0.220869 -1.270298 0.423097
v 0.307462 -1.022981 0.227548
v 0.328184 -1.148972 0.314261
v 0.320924 -1.280573 0.474338
v 0.425254 -1.192285 0.390120
v 0.468751 -1.063596 0.206306
v 0.365969 -0.987723 0.217528
v 0.049540 -1.262419 0.521023
v 0.017893 -1.152938 0.570004
v 0.001497 -0.953197 0.638437
v 0.055631 -1.264054 0.578321
v 0.106779 -1.155317 0.644687
v 0.071711 -1.051019 0.628615
v 0.126480 -0.922841 0.697338
v 0.168967 -1.326469 0.514386
v 0.174414 -1.314736 0.515977
v 0.132690 -1.219216 0.505484
v 0.178905 -1.128566 0.642683
v 0.171595 -1.037028 0.629995
v 0.226613 -0.982690 0.689783
v 0.179860 -1.326469 0.517568
v 0.227528 -1.268646 0.513128
v 0.227007 -1.156021 0.577638
v 0.269882 -1.170656 0.689914
v 0.222261 -1.051792 0.807379
v 0.229151 -0.979996 0.863363
v 0.173728 -0.874324 0.750136
v 0.290627 -1.100099 0.745739
v 0.283843 -0.922977 0.815661
v 0.356959 -1.210467 0.597113
v 0.346114 -1.149596 0.670566
v 0.318409 -1.013050 0.742124
v 0.440554 -1.328812 0.441241
v 0.400171 -1.344387 0.566366
v 0.399603 -1.271628 0.641697
v 0.392767 -1.139426 0.753430
v 0.393345 -0.954263 0.817515
v 0.443842 -1.202938 0.619213
v 0.453551 -1.026650 0.797270
v -0.009254 -0.872238 0.288285
v 0.008321 -0.799688 0.352161
v 0.032098 -0.568985 0.220338
v 0.100660 -0.775334 0.272791
v 0.077567 -0.495703 0.318245
v 0.167207 -0.835969 0.282521
v 0.156065 -0.783994 0.365382
v 0.156936 -0.745187 0.462896
v 0.155655 -0.577926 0.345011
v 0.211475 -0.762377 0.405796
v 0.193183 -0.504112 0.329812
v 0.187686 -0.527139 0.538681
v 0.296072 -0.824805 0.312502
v 0.316769 -0.665971 0.400248
v 0.436129 -0.829678 0.340921
v 0.408238 -0.539889 0.467243
v 0.454433 -0.693019 0.402500
v 0.058346 -0.859173 0.628249
v 0.078570 -0.562312 0.637075
v 0.000229 -0.519287 0.505973
v 0.075198 -0.448870 0.676244
v 0.121325 -0.735808 0.699485
v 0.096420 -0.621539 0.706951
v 0.193377 -0.832701 0.668698
v 0.163248 -0.700669 0.591128
v 0.174800 -0.688744 0.665945
v 0.183295 -0.635119 0.709381
v 0.155562 -0.575533 0.639006
v 0.165630 -0.578229 0.805716
v 0.223737 -0.742843 0.478165
v 0.223900 -0.702499 0.738784
v 0.248798 -0.705814 0.827479
v 0.230158 -0.628493 0.658602
v 0.168852 -0.542312 0.692156
v 0.228691 -0.528743 0.728896
v 0.221636 -0.404386 0.520534
v 0.225744 -0.449559 0.670217
v 0.245873 -0.497579 0.813627
v 0.288446 -0.751899 0.863146
v 0.284010 -0.648870 0.594369
v 0.228896 -0.640670 0.862348
v 0.257702 -0.541036 0.564930
v 0.293290 -0.451958 0.920717
v 0.345903 -0.858479 0.795621
v 0.316384 -0.641461 0.865070
v 0.324186 -0.562930 0.504336
v 0.393889 -0.549958 0.977806
v 0.403173 -0.809012 0.875384
v 0.412396 -0.625004 0.863559
v 0.458846 -0.607684 0.895051
v 0.463462 -0.446723 1.025771
v 0.035152 -0.424673 0.409731
v 0.056910 -0.340636 0.237130
v 0.071245 -0.147198 0.275412
v 0.092811 -0.414201 0.280595
v 0.088781 -0.071339 0.454977
v 0.127973 -0.048481 0.399700
v 0.192150 -0.388172 0.285749
v 0.214480 -0.305901 0.290902
v 0.168905 -0.056670 0.333870
v 0.236734 -0.071542 0.347377
v 0.235184 -0.039157 0.449261
v 0.295181 -0.311915 0.385840
v 0.300257 -0.120451 0.427815
v 0.333853 -0.357768 0.438443
v 0.336735 0.001174 0.401457
v 0.354109 -0.119164 0.465732
v 0.442342 0.000965 0.465252
v 0.050778 -0.342240 0.518182
v 0.022155 -0.256126 0.543406
v 0.068683 -0.239811 0.768063
v 0.055937 0.004870 0.467377
v 0.120366 -0.347478 0.569823
v 0.125573 -0.353714 0.694540
v 0.147939 -0.316101 0.747371
v 0.114427 -0.288098 0.920182
v 0.091679 -0.165334 0.754226
v 0.105820 -0.217876 0.874370
v 0.132434 -0.035736 0.729198
v 0.126034 -0.023650 0.590658
v 0.123665 -0.318599 0.863288
v 0.178420 -0.240820 0.871244
v 0.207869 -0.150974 0.727339
v 0.160555 -0.060784 0.493964
v 0.162236 0.007433 0.708263
v 0.208950 -0.250521 0.932446
v 0.291365 -0.453276 0.751533
v 0.268429 -0.398335 0.869166
v 0.287532 -0.111786 0.804300
v 0.287829 -0.078123 0.828053
v 0.351820 -0.435461 0.486203
v 0.391165 -0.287795 0.523278
v 0.345118 -0.242171 0.928673
v 0.302703 -0.158803 0.919333
v 0.341219 -0.045548 0.928012
v 0.364230 -0.147720 0.930239
v 0.420118 -0.033446 0.862365
v 0.447534 -0.327667 0.512180
v 0.434496 -0.204640 0.475188
v 0.452362 -0.156700 0.559302
v 0.293909 -0.341049 1.039833
v 0.314843 -0.303249 1.002895
v 0.345833 -0.386897 0.986726
v 0.412906 -0.368832 1.059979
v 0.448190 -0.273738 1.012700
v 0.573227 -1.342013 0.392675
v 0.527033 -1.222330 0.324026
v 0.538683 -1.315190 0.466725
v 0.571170 -1.117163 0.215882
v 0.637807 -1.032982 0.217410
v 0.485194 -0.939073 0.314592
v 0.640975 -1.329142 0.510612
v 0.654048 -1.252063 0.401598
v 0.684264 -1.076781 0.427386
v 0.676254 -1.049683 0.279001
v 0.683893 -0.970641 0.268903
v 0.687213 -0.854345 0.363544
v 0.813205 -0.969649 0.385059
v 0.801067 -0.887541 0.261764
v 0.522564 -1.334135 0.543640
v 0.462207 -1.331995 0.644915
v 0.510221 -1.159071 0.561435
v 0.551046 -1.098357 0.653614
v 0.521903 -1.042097 0.812560
v 0.590781 -1.281508 0.572799
v 0.575743 -0.923089 0.866204
v 0.637777 -1.067028 0.622374
v 0.609681 -1.016654 0.769698
v 0.693996 -1.176620 0.579645
v 0.639815 -1.212284 0.648064
v 0.688981 -1.094300 0.637716
v 0.690230 -1.035116 0.750491
v 0.691522 -0.911566 0.834807
v 0.752029 -1.090383 0.561325
v 0.809308 -1.102489 0.617172
v 0.790576 -0.980448 0.741303
v 0.864750 -1.037687 0.520900
v 0.861368 -1.059350 0.657076
v 0.852246 -0.908137 0.753132
v 0.919526 -0.921413 0.576501
v 0.921114 -0.919489 0.747968
v 0.643935 -0.734770 0.437602
v 0.759541 -0.705420 0.450022
v 0.861839 -0.704562 0.335434
v 0.787720 -0.529260 0.551669
v 0.865698 -0.810193 0.233910
v 0.903446 -0.859943 0.288034
v 0.908500 -0.783222 0.276696
v 0.923691 -0.673952 0.280350
v 0.515992 -0.860856 0.813226
v 0.520979 -0.809965 0.936724
v 0.575293 -0.693972 0.921122
v 0.576001 -0.688032 0.918914
v 0.633365 -0.756731 0.917099
v 0.655460 -0.449492 0.598297
v 0.703862 -0.800066 0.944446
v 0.776565 -0.793435 0.867955
v 0.789806 -0.854467 0.767648
v 0.816839 -0.769460 0.736930
v 0.861223 -0.721883 0.923527
v 0.863940 -0.688783 0.803031
v 0.921103 -0.867068 0.819258
v 0.919497 -0.758671 0.735184
v 0.926336 -0.686528 0.863404
v 0.921160 -0.452536 0.856284
v 0.556153 -0.708429 0.975220
v 0.499636 -0.614083 0.985665
v 0.566347 -0.477832 0.959782
v 0.574530 -0.859147 0.977875
v 0.574584 -0.688032 0.923331
v 0.623258 -0.637342 0.990016
v 0.630769 -0.521208 0.974004
v 0.695489 -0.643597 1.037725
v 0.690822 -0.481645 1.047535
v 0.756833 -0.767616 0.982590
v 0.778863 -0.667739 0.980046
v 0.857554 -0.552795 1.056415
v 0.896588 -0.616139 0.976970
v 0.901622 -0.426881 0.990174
v 0.506246 -0.200120 0.631432
v 0.537472 -0.119230 0.646791
v 0.551075 -0.021398 0.531338
v 0.553702 -0.260935 0.590907
v 0.652588 -0.082678 0.588737
v 0.736354 -0.333693 0.641425
v 0.725593 0.106123 0.576687
v 0.863622 -0.194793 0.606944
v 0.848377 0.019842 0.572504
v 0.912203 -0.335064 0.580368
v 0.562826 -0.401930 1.051363
v 0.467928 -0.113617 0.999703
v 0.511760 -0.070737 1.053660
v 0.583969 -0.306314 1.017458
v 0.575006 -0.112580 1.092879
v 0.632694 -0.346085 0.977205
v 0.633622 -0.346085 0.980205
v 0.633158 -0.332292 0.978705
v 0.576555 -0.211322 1.010705
v 0.653771 -0.083244 1.040089
v 0.690814 -0.378996 1.059910
v 0.680273 -0.290355 0.953147
v 0.635433 -0.171821 1.039921
v 0.839448 -0.361125 0.985639
v 0.759543 -0.321424 1.008774
v 0.716804 -0.060317 1.079093
v 0.743996 -0.031651 1.165701
v 0.748592 -0.004558 1.251550
v 0.747823 -0.001024 1.271244
v 0.747336 -0.344698 1.089905
v 0.759043 -0.219335 0.964588
v 0.817550 -0.169364 1.091818
v 0.792921 -0.092291 1.122955
v 0.864312 -0.250404 0.983058
v 0.859534 -0.052158 1.086383
v 0.926094 -0.343818 1.030209
v 0.937948 0.019387 1.109306
v 1.087551 -0.915277 0.465539
v 1.001551 -0.920715 0.609760
v 0.984352 -0.866465 0.369231
v 0.958003 -0.755145 0.338456
v 1.033830 -0.578948 0.274047
v 0.953695 -0.545290 0.369643
v 1.041356 -0.800609 0.452433
v 1.077770 -0.455110 0.270252
v 1.123224 -0.686726 0.349771
v 1.078703 -0.621042 0.292508
v 1.151701 -0.769725 0.421709
v 1.177294 -0.512622 0.366883
v 1.208329 -0.805421 0.463545
v 1.220757 -0.707129 0.439055
v 1.220345 -0.623550 0.474174
v 1.331568 -0.578029 0.504421
v 1.007968 -0.815621 0.685503
v 0.975995 -0.806613 0.778955
v 0.989176 -0.432084 0.465068
v 1.086813 -0.889586 0.558705
v 1.030656 -0.741463 0.817623
v 0.983176 -0.679808 0.932549
v 1.025914 -0.633810 0.802173
v 1.032119 -0.494707 0.846063
v 1.122560 -0.788301 0.642614
v 1.107390 -0.705761 0.737873
v 1.096690 -0.580549 0.742166
v 1.151806 -0.412051 0.803493
v 1.143421 -0.823041 0.516091
v 1.175805 -0.693817 0.731814
v 1.223805 -0.565634 0.804872
v 1.212486 -0.420899 0.821715
v 1.256845 -0.725233 0.591703
v 1.243153 -0.483572 0.472094
v 1.322556 -0.748785 0.694719
v 1.276832 -0.701751 0.757316
v 1.321970 -0.731312 0.689264
v 1.323142 -0.731312 0.700173
v 1.324809 -0.648728 0.589730
v 1.283105 -0.569256 0.765830
v 1.328596 -0.513715 0.610522
v 1.329270 -0.501350 0.869340
v 1.395679 -0.470643 0.699037
v 1.384331 -0.441957 0.576691
v 1.380762 -0.446986 0.783030
v 0.999879 -0.278153 0.516801
v 1.096763 -0.406328 0.332639
v 1.109984 -0.311089 0.362890
v 1.163758 -0.211080 0.333424
v 1.169937 -0.096235 0.407766
v 1.195335 0.050357 0.418036
v 1.253374 -0.345229 0.476617
v 1.168174 -0.307659 0.356934
v 1.217067 -0.220428 0.340764
v 1.211653 -0.143966 0.265822
v 1.277277 -0.170958 0.274338
v 1.350452 -0.182720 0.354229
v 1.262015 0.059208 0.283463
v 1.380854 -0.200226 0.440107
v 1.418118 -0.128869 0.438288
v 1.439744 -0.030488 0.448106
v 0.995476 -0.378975 0.952731
v 1.063786 -0.108807 0.494456
v 1.137835 -0.333271 0.877633
v 1.075055 -0.263492 0.969409
v 1.043897 0.049044 0.522577
v 1.233072 -0.282387 0.920549
v 1.319720 -0.320025 0.859576
v 1.314520 -0.162474 0.872993
v 1.320123 -0.054782 0.812339
v 1.392020 -0.318608 0.709109
v 1.386356 -0.158206 0.716616
v 0.972893 -0.196635 1.071530
v 1.009570 -0.070801 1.071714
v 1.034330 -0.002277 1.157281
v 1.095907 -0.165296 1.092580
v 1.085221 -0.009438 1.089972
v 1.160576 -0.121985 1.064932
v 1.157903 -0.122753 1.226664
v 1.124625 -0.067559 1.183589
v 1.202999 -0.246852 0.996300
v 1.210889 -0.173228 0.963589
v 1.182635 -0.045431 1.055846
v 1.201100 0.021505 0.966947
v 1.537835 -0.173773 0.472825
v 1.429509 -0.304861 0.579341
v 1.439817 -0.240371 0.619781
v 1.383300 -0.018998 0.725759
v 1.503702 -0.290946 0.587147
v 1.500561 -0.229426 0.527875
v 1.496425 -0.167416 0.674563
v 1.469401 0.005481 0.630142
v 1.509771 -0.052141 0.697109
v 1.498120 -0.002048 0.519400
v 0.484666 0.975206 -0.012774
v 0.052553 0.060432 0.332353
v 0.028245 0.155380 0.392917
v 0.107853 0.025114 0.404353
v 0.102984 0.108346 0.386177
v 0.078715 0.352357 0.412859
v 0.245779 0.326036 0.349241
v 0.205531 0.166381 0.396592
v 0.230650 0.451752 0.339585
v 0.299903 0.125473 0.388438
v 0.278891 0.065801 0.469840
v 0.267521 0.152899 0.447083
v 0.268745 0.267359 0.413884
v 0.243694 0.471278 0.409530
v 0.322580 0.109475 0.455352
v 0.359950 0.353371 0.338276
v 0.385549 0.392243 0.471106
v 0.448181 0.461913 0.268764
v 0.452282 0.166702 0.445600
v 0.471613 0.282529 0.453688
v 0.463068 0.361118 0.369152
v 0.487953 0.392050 0.330659
v 0.041441 0.054058 0.572192
v 0.095132 0.060661 0.700333
v 0.120268 0.102197 0.662076
v 0.118571 0.186812 0.736919
v 0.073888 0.329329 0.866929
v 0.130726 0.419994 0.605839
v 0.121765 0.461950 0.714863
v 0.169418 0.007982 0.808301
v 0.146641 0.081763 0.727558
v 0.169428 0.131801 0.808661
v 0.159164 0.191338 0.582730
v 0.181421 0.225360 0.771596
v 0.179962 0.406427 0.807390
v 0.131028 0.418134 0.809388
v 0.241355 0.140078 0.592854
v 0.211581 0.064264 0.808233
v 0.229470 0.137127 0.498146
v 0.227738 0.180820 0.659911
v 0.247283 0.279128 0.826647
v 0.284528 0.566231 0.511941
v 0.253758 0.069063 0.614559
v 0.290216 0.058382 0.727944
v 0.295375 0.071581 0.561959
v 0.247291 0.279085 0.677813
v 0.284831 0.339162 0.796458
v 0.331479 0.333371 0.702752
v 0.346132 0.396109 0.807278
v 0.397159 0.046817 0.507955
v 0.329241 0.062915 0.646294
v 0.317391 0.017741 0.819023
v 0.390786 0.276697 0.758784
v 0.401649 0.295893 0.860959
v 0.415062 0.425593 0.525723
v 0.477540 0.093060 0.494343
v 0.395412 0.132948 0.743827
v 0.440716 0.178312 0.716663
v 0.453789 0.248734 0.654144
v 0.463054 0.396653 0.588676
v 0.446150 0.468395 0.749960
v 0.091687 0.859893 0.414225
v 0.074468 0.704383 0.459989
v 0.189156 0.643241 0.400028
v 0.114831 0.750286 0.422113
v 0.186565 0.802142 0.361931
v 0.242379 0.562061 0.418569
v 0.210071 0.882168 0.306924
v 0.267821 0.721603 0.297903
v 0.352496 0.520950 0.346867
v 0.342387 0.611605 0.288846
v 0.348448 0.859022 0.289640
v 0.439433 0.684107 0.407739
v 0.377751 0.771726 0.275658
v 0.359275 0.812863 0.164446
v 0.460362 0.515297 0.339055
v 0.454825 0.581181 0.409354
v 0.456340 0.846615 0.091612
v 0.438428 0.780176 0.151073
v 0.455952 0.815672 0.237364
v 0.453359 0.927768 0.041508
v 0.051930 0.575911 0.564329
v 0.061261 0.598398 0.811140
v 0.050260 0.680671 0.813910
v 0.041443 0.719218 0.730121
v 0.028937 0.778305 0.686816
v 0.014576 0.845008 0.652285
v 0.058733 0.856338 0.701834
v 0.056726 0.919255 0.631670
v 0.057378 0.919255 0.634396
v 0.113953 0.519478 0.779903
v 0.111625 0.578994 0.857986
v 0.099115 0.571912 0.729029
v 0.075912 0.704869 0.585735
v 0.108839 0.697440 0.695041
v 0.132800 0.763456 0.527558
v 0.115868 0.778437 0.648174
v 0.127922 0.819947 0.688844
v 0.180891 0.566720 0.863194
v 0.156882 0.723334 0.534287
v 0.131370 0.714143 0.622122
v 0.116579 0.695907 0.778886
v 0.136234 0.876108 0.572182
v 0.160889 0.896433 0.750425
v 0.223083 0.517183 0.804125
v 0.280133 0.573846 0.689876
v 0.170908 0.631463 0.756626
v 0.229873 0.712931 0.692399
v 0.231285 0.701663 0.821005
v 0.179339 0.817075 0.574169
v 0.218186 0.805813 0.761463
v 0.290428 0.733604 0.706587
v 0.276200 0.542799 0.808732
v 0.387972 0.590235 0.714653
v 0.333488 0.720743 0.616887
v 0.345422 0.862377 0.633158
v 0.338339 0.871996 0.696672
v 0.345568 0.864262 0.632647
v 0.345276 0.864262 0.633669
v 0.409379 0.641954 0.622281
v 0.427920 0.862565 0.624941
v 0.411199 0.953455 0.624254
v 0.051711 1.035540 0.316516
v 0.055002 1.157977 0.159856
v 0.059766 1.420259 0.251417
v 0.094628 1.207137 0.155950
v 0.211653 1.125346 0.102483
v 0.182302 1.341014 0.228878
v 0.242554 1.064169 0.100674
v 0.284894 1.092019 0.049667
v 0.322720 1.271068 0.214310
v 0.294277 1.411207 0.238288
v 0.312434 0.937708 0.136775
v 0.387395 1.032098 0.098929
v 0.359376 1.164018 0.109479
v 0.374832 1.268936 0.435069
v 0.455204 1.382514 0.306190
v 0.370987 1.385276 0.444821
v 0.461394 1.324864 0.228868
v 0.465995 1.381905 0.398518
v 0.451056 1.386771 0.455846
v 0.020264 0.958371 0.585701
v 0.057052 0.926686 0.633033
v 0.063278 1.034546 0.757874
v 0.057563 1.197151 0.678899
v 0.082964 1.271115 0.644204
v 0.060335 1.324827 0.698950
v 0.069203 1.001652 0.677787
v 0.101849 1.348520 0.633418
v 0.114109 0.974311 0.809218
v 0.181631 1.072714 0.690229
v 0.153306 1.011289 0.720427
v 0.120625 1.148844 0.814751
v 0.103038 1.153277 0.764290
v 0.175082 1.176429 0.621324
v 0.161741 1.270755 0.651767
v 0.231133 1.277146 0.612865
v 0.368349 1.020110 0.663419
v 0.257921 1.354550 0.562473
v 0.273522 1.365564 0.629498
v 0.345569 0.985883 0.705555
v 0.357530 1.167500 0.648006
v 0.302881 1.272692 0.640969
v 0.299329 1.378309 0.632817
v 0.391579 1.221479 0.543017
v 0.425351 1.095158 0.635490
v 0.466640 1.173728 0.581533
v 0.012069 1.447163 0.420377
v 0.084242 1.421165 0.465009
v 0.059305 1.554076 0.285815
v 0.064973 1.498876 0.310108
v 0.188844 1.442326 0.307296
v 0.212044 1.487656 0.406880
v 0.188006 1.488014 0.347566
v 0.287678 1.512610 0.276870
v 0.335810 1.440257 0.362224
v 0.344302 1.558307 0.341924
v 0.348222 1.495978 0.293438
v 0.048713 1.430517 0.560201
v 0.056869 1.553444 0.743218
v 0.054524 1.552741 0.749366
v 0.065743 1.445779 0.633016
v 0.134188 1.456305 0.514932
v 0.059213 1.554147 0.749366
v 0.165233 1.441865 0.575610
v 0.273522 1.391055 0.636135
v 0.517458 0.114468 0.457046
v 0.512069 0.229756 0.409643
v 0.582614 0.341007 0.390388
v 0.594935 0.443303 0.406562
v 0.648923 0.292831 0.432792
v 0.680784 0.404652 0.384489
v 0.912344 0.388805 0.400951
v 0.489016 0.112520 0.681242
v 0.466698 0.112032 0.867263
v 0.512384 0.213777 0.919670
v 0.485756 0.264102 0.863928
v 0.484769 0.412736 0.524964
v 0.531425 0.410750 0.823492
v 0.535687 0.447703 0.669516
v 0.563577 0.178526 0.523675
v 0.616792 0.131448 0.533952
v 0.625101 0.266523 0.916209
v 0.653057 0.356372 0.825006
v 0.632427 0.450894 0.815501
v 0.691282 0.275973 0.854147
v 0.703118 0.332139 0.807336
v 0.793630 0.247612 0.515813
v 0.797873 0.366155 0.907587
v 0.742826 0.451012 0.866179
v 0.872994 0.303761 0.934714
v 0.897576 0.377662 0.849273
v 0.975802 0.259659 0.504184
v 0.496433 0.147901 0.985288
v 0.615702 0.043384 1.015466
v 0.594281 0.266591 1.042105
v 0.583040 0.133901 1.037248
v 0.637553 0.294416 1.042673
v 0.739410 0.032831 1.077436
v 0.747053 0.002510 1.251550
v 0.739813 0.131134 1.035346
v 0.777234 0.244352 0.993699
v 0.806749 0.056742 1.032781
v 0.803284 0.056757 1.159411
v 0.802165 0.170090 1.068276
v 0.828314 0.051985 1.116714
v 0.864458 0.171615 1.032791
v 0.883387 0.175927 1.123801
v 0.867330 0.203698 0.971518
v 0.516716 0.660998 0.146863
v 0.467688 0.743033 0.361372
v 0.508008 0.782048 0.248714
v 0.572586 0.542795 0.365716
v 0.582091 0.524638 0.215951
v 0.525217 0.617129 0.425352
v 0.594950 0.638282 0.321934
v 0.566664 0.779378 0.040074
v 0.617422 0.816468 0.038127
v 0.549051 0.906025 0.119937
v 0.655144 0.715159 0.049373
v 0.679859 0.496898 0.260148
v 0.694773 0.570226 0.184981
v 0.734490 0.675104 0.039289
v 0.777313 0.892709 0.173094
v 0.828746 0.824471 0.132682
v 0.876259 0.619988 0.119289
v 0.837862 0.861260 0.479617
v 0.939743 0.822402 0.252022
v 0.942210 0.921105 0.274299
v 0.465592 0.468043 0.870729
v 0.531234 0.684451 0.648950
v 0.487215 0.879648 0.619984
v 0.560143 0.527323 0.675268
v 0.574473 0.581799 0.704855
v 0.588134 0.671128 0.621365
v 0.591711 0.851124 0.567573
v 0.562887 0.910483 0.645216
v 0.628918 0.574907 0.688381
v 0.631883 0.575878 0.696752
v 0.634329 0.643579 0.768575
v 0.656136 0.721548 0.671081
v 0.646695 0.915394 0.550865
v 0.636791 0.531838 0.748768
v 0.716993 0.529070 0.878725
v 0.634848 0.576849 0.688381
v 0.701884 0.590740 0.793755
v 0.753077 0.805086 0.663259
v 0.693306 0.797297 0.739982
v 0.768368 0.576225 0.663036
v 0.736088 0.690188 0.707137
v 0.803372 0.632507 0.633237
v 0.798890 0.720560 0.646408
v 0.795247 0.908054 0.538799
v 0.886872 0.514479 0.804069
v 0.917948 0.532193 0.709142
v 0.510509 1.110828 0.191787
v 0.461545 1.220437 0.176326
v 0.555529 1.225383 0.406990
v 0.518472 1.333227 0.471478
v 0.570590 1.038207 0.053419
v 0.612783 1.039972 0.111656
v 0.574023 1.200448 0.276034
v 0.615618 1.025296 0.463249
v 0.692776 1.092740 0.167988
v 0.691429 1.053152 0.271614
v 0.657434 1.088636 0.414753
v 0.671012 1.234362 0.289621
v 0.694171 1.217164 0.343454
v 0.688870 0.986215 0.181316
v 0.814923 0.994115 0.466122
v 0.790974 0.960991 0.332321
v 0.761351 1.030567 0.224063
v 0.874464 0.978658 0.311097
v 0.865721 0.982617 0.413051
v 0.522265 0.987039 0.512850
v 0.522554 1.112847 0.513411
v 0.518447 1.234199 0.507569
v 1.074928 0.434689 0.282381
v 1.149898 0.275107 0.357526
v 1.144766 0.363504 0.212677
v 1.202453 0.168000 0.401443
v 1.223831 0.195597 0.330864
v 1.246127 0.336517 0.323026
v 1.225438 0.456602 0.272428
v 1.344496 0.378828 0.452294
v 1.317521 0.502938 0.359096
v 1.409974 0.056807 0.504999
v 1.347415 0.133819 0.390442
v 0.972554 0.475531 0.873960
v 1.032782 0.338173 0.856086
v 1.028135 0.411361 0.885820
v 1.105871 0.230505 0.856859
v 1.148325 0.414282 0.829498
v 1.245932 0.291809 0.888951
v 1.246523 0.394735 0.876353
v 1.235040 0.475569 0.742665
v 1.335252 0.102573 0.841142
v 1.279783 0.258853 0.814417
v 1.268729 0.242734 0.930095
v 1.328188 0.384567 0.801785
v 1.339111 0.527300 0.656288
v 1.270217 0.462196 0.809215
v 1.440884 0.117660 0.758303
v 1.356469 0.326320 0.758093
v 1.435567 0.391817 0.662903
v 0.982943 0.111262 1.031619
v 0.968141 0.177043 1.065498
v 0.921366 0.262067 0.998529
v 0.972646 0.348550 0.976132
v 1.058251 0.068633 1.017689
v 1.013222 0.221319 0.996390
v 1.193327 0.170498 1.041820
v 1.201215 0.049748 1.037348
v 1.228283 0.203840 0.969427
v 0.991927 0.472263 0.275280
v 1.005381 0.553337 0.175698
v 0.969658 0.896456 0.417787
v 0.931492 0.980431 0.229383
v 1.035971 0.701968 0.277212
v 1.038719 0.839604 0.406815
v 1.132892 0.511924 0.293542
v 1.149398 0.641823 0.287516
v 1.228024 0.627256 0.397308
v 1.197784 0.692850 0.404611
v 1.139755 0.865963 0.452858
v 1.238130 0.725569 0.344595
v 1.249471 0.687252 0.457256
v 1.270266 0.753551 0.458836
v 1.267027 0.751390 0.347876
v 1.440042 0.575210 0.514482
v 1.385919 0.692693 0.504884
v 0.989302 0.507314 0.832805
v 0.963459 0.670497 0.643963
v 1.019303 0.827531 0.586139
v 0.975640 0.857481 0.506577
v 1.077532 0.585002 0.816738
v 1.085715 0.663528 0.706181
v 1.110203 0.763138 0.612447
v 1.086802 0.829862 0.540575
v 1.157808 0.518955 0.746820
v 1.107656 0.477794 0.866793
v 1.169037 0.619472 0.706632
v 1.200620 0.894080 0.536518
v 1.279550 0.620313 0.701697
v 1.266441 0.686481 0.635872
v 1.264199 0.819498 0.532229
v 1.374416 0.649904 0.567241
v 1.334113 0.763656 0.559784
v 1.480187 0.262391 0.470571
v 1.438498 0.114473 0.577325
v 1.439251 0.124475 0.689022
v 1.438952 0.227527 0.637386
v 1.443366 0.297957 0.758085
v 1.446665 0.402911 0.591094
v 1.521897 0.221886 0.574609
v 1.550327 0.282467 0.523773
v 1.467673 0.333126 0.652575
v 1.609097 0.344590 0.575464
v 1.611939 0.344147 0.574128
v 1.611939 0.345033 0.576800
v 1.458914 0.488999 0.653389
v 1.504025 0.520560 0.615513
v 1.493237 0.578723 0.628941
v 1.500020 0.508487 0.690992
vn -0.9661 0.1160 -0.2306
vn -0.6179 -0.6281 -0.4730
vn -0.8110 0.1094 -0.5748
vn -0.8535 -0.2890 -0.4337
vn -0.8433 0.1965 0.5001
vn -0.6230 -0.4934 -0.6070
vn -0.8056 -0.3698 0.4628
vn -0.7974 -0.3819 0.4672
vn -0.7851 -0.0318 0.6186
vn -0.6438 -0.0830 -0.7607
vn -0.8027 0.2508 0.5411
vn -0.1367 -0.6326 0.7623
vn -0.9050 0.1699 0.3900
vn -0.5111 -0.3538 -0.7833
vn 0.3046 0.8973 -0.3194
vn -0.7618 -0.5745 0.2994
vn -0.8013 -0.3499 0.4853
vn -0.2340 0.2464 0.9405
vn -0.2091 -0.0312 0.9774
vn -0.5886 0.6346 -0.5008
vn -0.6075 -0.1326 -0.7832
vn -0.0988 -0.7761 0.6228
vn -0.9572 0.2212 0.1868
vn -0.7681 -0.4500 0.4556
vn -0.6552 -0.6936 0.2992
vn -0.2904 -0.9546 -0.0663
vn -0.9346 -0.2854 0.2123
vn 0.0655 -0.9072 0.4156
vn -0.3668 -0.1517 -0.9179
vn -0.9132 -0.2750 0.3007
vn -0.3085 -0.4941 0.8128
vn -0.5567 -0.8231 -0.1123
vn -0.0748 -0.0050 0.9972
vn 0.0812 -0.5971 -0.7980
vn 0.0923 0.0884 0.9918
vn 0.1098 -0.8359 -0.5377
vn -0.8848 -0.3628 -0.2925
vn -0.3863 -0.4647 -0.7967
vn -0.2920 -0.3211 -0.9009
vn 0.2331 -0.6965 -0.6787
vn -0.5939 -0.2544 -0.7632
vn -0.6842 -0.2965 -0.6663
vn -0.1808 -0.3243 0.9285
vn -0.2363 -0.0577 0.9700
vn -0.5550 -0.7244 -0.4090
vn -0.7830 0.4418 -0.4379
vn -0.6831 0.3459 -0.6432
vn -0.1961 -0.0991 -0.9756
vn -0.5619 -0.5881 0.5817
vn -0.5660 -0.1053 0.8177
vn -0.5588 -0.0932 0.8241
vn -0.3991 -0.6509 0.6458
vn 0.1525 -0.8247 0.5447
vn -0.7374 -0.0099 0.6754
vn -0.5723 -0.7372 0.3592
vn 0.4065 0.0461 0.9125
vn -0.6773 -0.3421 0.6513
vn -0.4754 0.1510 -0.8667
vn 0.1892 -0.6326 0.7510
vn -0.1127 -0.1832 0.9766
vn -0.4972 0.1497 -0.8546
vn -0.3260 -0.2443 -0.9132
vn -0.5798 -0.1355 -0.8034
vn -0.4944 0.1103 -0.8622
vn 0.7819 0.3502 -0.5158
vn 0.5801 0.2305 -0.7812
vn 0.1534 -0.3529 -0.9230
vn 0.2658 0.0601 -0.9622
vn 0.3570 0.1305 -0.9249
vn -0.0615 0.1821 0.9814
vn -0.6058 -0.0011 0.7956
vn -0.5770 0.6857 0.4437
vn -0.6795 0.3456 0.6472
vn 0.0395 -0.6232 0.7810
vn 0.4192 -0.0542 0.9063
vn 0.1664 0.1913 0.9673
vn 0.1541 0.3550 0.9221
vn -0.0796 -0.4527 0.8881
vn 0.1313 0.1134 0.9848
vn -0.6068 0.4132 0.6791
vn -0.5139 -0.4318 0.7413
vn 0.0319 -0.1998 0.9793
vn 0.0756 0.1044 0.9917
vn 0.0408 -0.3347 0.9414
vn -0.6784 -0.3520 0.6448
vn -0.0172 0.4893 0.8719
vn -0.7593 0.1458 -0.6342
vn -0.3916 0.8024 -0.4503
vn -0.4884 0.6130 -0.6210
vn -0.5821 0.5153 -0.6290
vn -0.6138 0.2685 -0.7424
vn 0.7475 0.0850 -0.6588
vn 0.5890 -0.1345 -0.7969
vn 0.4741 0.3432 -0.8108
vn 0.4981 -0.0341 -0.8664
vn 0.1520 0.3987 -0.9044
vn 0.4370 0.0427 -0.8984
vn -0.1251 0.0978 0.9873
vn -0.6830 -0.4551 0.5714
vn 0.1363 -0.3116 0.9404
vn -0.3109 -0.0506 0.9491
vn -0.2954 -0.4572 0.8389
vn 0.1264 0.0334 0.9914
vn -0.3330 -0.3287 0.8838
vn -0.0895 0.1423 0.9858
vn -0.2920 0.4907 0.8209
vn 0.1435 -0.1057 0.9840
vn 0.3668 -0.8289 0.4224
vn -0.6618 -0.2082 0.7202
vn -0.8020 0.5649 0.1938
vn -0.7425 -0.6693 -0.0269
vn -0.5272 0.8127 0.2481
vn 0.6360 0.0480 0.7702
vn -0.6411 -0.2500 0.7257
vn -0.4926 0.1737 0.8527
vn -0.4414 0.0035 0.8973
vn -0.2668 -0.2197 -0.9384
vn -0.1155 -0.6184 0.7773
vn -0.2245 -0.8407 0.4927
vn -0.4975 -0.7016 0.5102
vn 0.5999 -0.6652 -0.4446
vn 0.8725 -0.4412 -0.2098
vn 0.5365 -0.3948 -0.7459
vn -0.1592 -0.4230 0.8920
vn 0.8434 -0.5107 -0.1669
vn 0.5161 -0.2822 0.8087
vn 0.1386 -0.7833 -0.6060
vn -0.5818 0.2521 -0.7733
vn -0.4066 -0.7184 0.5644
vn -0.0205 -0.9934 0.1125
vn 0.7565 -0.6495 0.0765
vn -0.0990 -0.2810 -0.9546
vn 0.6687 -0.2079 -0.7139
vn 0.0653 -0.5657 0.8220
vn 0.5771 -0.0559 0.8148
vn -0.3185 -0.4471 -0.8359
vn -0.0901 -0.0886 -0.9920
vn 0.5933 0.5557 -0.5825
vn -0.1412 0.1888 -0.9718
vn 0.9151 0.2314 -0.3302
vn 0.2923 0.6062 -0.7396
vn 0.2376 -0.2696 -0.9332
vn 0.3195 0.6018 -0.7320
vn 0.5167 -0.4283 -0.7413
vn 0.1950 0.4039 -0.8938
vn -0.3418 0.3759 -0.8613
vn -0.5841 0.1449 -0.7986
vn 0.1814 0.0315 0.9829
vn -0.6809 -0.6252 0.3816
vn -0.5786 0.0236 0.8153
vn -0.5942 -0.4130 0.6902
vn 0.4864 0.0745 0.8705
vn -0.2476 -0.6677 0.7020
vn -0.6830 -0.3956 0.6140
vn 0.0498 -0.1553 0.9866
vn -0.0701 0.3932 0.9168
vn 0.8091 0.1661 0.5637
vn -0.4205 0.3365 0.8426
vn 0.5147 -0.2744 0.8123
vn -0.0170 -0.4278 0.9037
vn 0.5172 -0.2775 0.8096
vn 0.3538 0.4550 0.8172
vn -0.1068 -0.6361 0.7642
vn -0.1864 -0.0069 0.9825
vn 0.5685 0.0730 -0.8195
vn 0.2008 -0.4436 -0.8734
vn 0.2220 0.1340 -0.9658
vn 0.6393 -0.2010 -0.7422
vn -0.0767 0.3087 -0.9481
vn -0.2355 -0.6763 -0.6980
vn 0.2640 -0.0950 -0.9598
vn 0.2484 -0.1499 -0.9570
vn 0.1390 -0.0948 -0.9858
vn 0.0745 0.0468 -0.9961
vn -0.2360 -0.0650 -0.9696
vn -0.5807 0.0496 0.8126
vn -0.3312 -0.3730 0.8667
vn -0.8103 0.1320 0.5709
vn 0.3164 0.6127 0.7242
vn 0.1318 0.1692 0.9767
vn 0.0847 0.5304 0.8435
vn 0.0202 0.2207 0.9751
vn -0.8682 -0.4700 0.1589
vn -0.1511 0.6932 0.7047
vn -0.4512 -0.1389 0.8815
vn 0.6805 -0.5295 0.5065
vn -0.5725 0.1294 0.8096
vn -0.4551 0.6491 0.6096
vn 0.2185 -0.2424 0.9452
vn 0.0957 -0.5093 0.8552
vn 0.3939 0.5353 0.7472
vn 0.5001 -0.6650 0.5547
vn -0.7522 0.3018 0.5858
vn -0.1722 -0.6380 0.7505
vn 0.1969 0.5346 0.8218
vn -0.0400 0.1126 0.9928
vn -0.1577 -0.4358 0.8861
vn 0.0862 -0.5164 0.8520
vn 0.0267 -0.8192 0.5729
vn 0.7619 -0.1442 0.6314
vn 0.0476 -0.0191 -0.9987
vn 0.0464 -0.0017 -0.9989
vn 0.3240 0.0294 -0.9456
vn 0.3401 0.6805 -0.6490
vn 0.4811 -0.7141 -0.5085
vn 0.1306 -0.3191 -0.9387
vn 0.9534 -0.2643 -0.1458
vn 0.6229 0.7492 0.2252
vn 0.0089 0.1213 -0.9926
vn 0.0548 -0.9861 0.1567
vn 0.0517 0.0867 0.9949
vn -0.0095 0.0893 0.9960
vn 0.0977 -0.7000 0.7074
vn -0.0884 0.2671 0.9596
vn 0.5297 -0.1905 0.8265
vn -0.3781 -0.3816 0.8435
vn -0.6945 -0.0080 0.7195
vn 0.1203 0.6818 0.7216
vn -0.1324 0.2554 0.9577
vn 0.0932 -0.1295 0.9872
vn 0.3684 0.1106 0.9231
vn 0.2250 -0.7346 0.6402
vn -0.5669 -0.2342 0.7898
vn -0.5378 -0.4542 0.7103
vn 0.4079 0.9124 -0.0330
vn -0.3673 -0.3971 0.8411
vn -0.2157 0.1257 0.9683
vn 0.1805 0.9790 -0.0948
vn -0.7619 0.2353 0.6034
vn -0.3625 -0.5497 0.7526
vn -0.2576 -0.8782 0.4030
vn -0.4057 -0.8535 -0.3271
vn 0.5452 -0.7725 0.3257
vn 0.4440 -0.5517 -0.7061
vn 0.8125 -0.5776 -0.0787
vn 0.6443 -0.7156 -0.2698
vn -0.0111 -0.9879 0.1549
vn -0.3385 -0.3744 -0.8633
vn -0.1165 -0.7689 0.6287
vn 0.1334 -0.9881 0.0760
vn -0.5847 -0.4325 -0.6864
vn 0.9425 -0.2037 0.2650
vn 0.7893 -0.6136 -0.0212
vn 0.9929 -0.0573 0.1046
vn 0.3698 -0.8800 0.2981
vn -0.0776 -0.7189 0.6907
vn 0.1939 0.5615 -0.8044
vn 0.0630 0.4747 -0.8779
vn 0.1120 -0.1254 -0.9858
vn 0.3971 -0.3888 -0.8313
vn -0.0220 0.5703 -0.8211
vn -0.4771 -0.5963 -0.6456
vn 0.7609 -0.1955 -0.6187
vn 0.4317 -0.8386 -0.3323
vn -0.0000 -0.2820 0.9594
vn -0.5107 -0.2101 -0.8337
vn -0.2882 0.5701 -0.7694
vn 0.9937 -0.0765 0.0819
vn 0.4461 -0.5593 -0.6987
vn 0.9374 -0.3482 -0.0050
vn 0.0166 0.6741 -0.7385
vn 0.2027 0.0840 -0.9756
vn -0.0171 -0.7689 0.6392
vn -0.1063 0.1241 0.9866
vn 0.2533 0.0262 0.9670
vn -0.6994 0.2653 0.6637
vn 0.1441 -0.7414 0.6554
vn 0.1649 0.0073 0.9863
vn -0.2683 0.1508 0.9515
vn -0.5103 -0.4292 0.7452
vn -0.5175 -0.4692 0.7156
vn -0.1406 0.7683 0.6245
vn 0.5482 -0.5113 0.6618
vn -0.2933 -0.5725 0.7657
vn 0.2977 0.6160 0.7293
vn 0.5965 -0.0055 0.8026
vn 0.5044 -0.8597 -0.0808
vn 0.6096 -0.7204 0.3306
vn 0.8598 -0.4338 -0.2693
vn 0.5916 -0.7386 0.3232
vn -0.0170 -0.0670 -0.9976
vn 0.7778 0.5214 -0.3510
vn -0.2261 0.1191 -0.9668
vn -0.4551 0.6739 -0.5820
vn -0.6590 0.6812 -0.3189
vn -0.1513 0.1704 -0.9737
vn -0.5387 -0.4474 -0.7139
vn -0.0685 0.0510 -0.9963
vn -0.1227 0.1602 -0.9794
vn -0.0542 -0.0191 -0.9983
vn 0.6301 0.7576 -0.1702
vn 0.6553 -0.7367 -0.1670
vn 0.7501 -0.1407 -0.6462
vn -0.0000 -0.9517 -0.3070
vn 0.8916 0.3716 -0.2588
vn -0.6628 0.7226 -0.1964
vn -0.4635 0.7837 -0.4135
vn -0.7456 -0.5484 -0.3787
vn 0.2063 -0.8766 -0.4348
vn 0.0054 0.8081 0.5891
vn 0.1288 0.0268 -0.9913
vn 0.0886 -0.0708 -0.9935
vn 0.0497 0.0786 -0.9957
vn 0.4902 0.8679 0.0805
vn -0.6855 -0.1294 0.7165
vn -0.1280 -0.5929 0.7950
vn -0.0556 -0.1479 0.9874
vn -0.4612 -0.5012 0.7322
vn 0.6141 0.0200 0.7890
vn -0.0138 0.0993 0.9950
vn 0.0106 -0.7114 0.7027
vn 0.5439 -0.0076 0.8391
vn -0.1098 -0.1356 0.9847
vn -0.8740 -0.0422 0.4842
vn 0.3381 0.8363 0.4316
vn 0.2851 0.9574 0.0454
vn -0.7310 -0.2253 0.6442
vn 0.1795 -0.3631 0.9143
vn -0.4143 0.8359 0.3599
vn -0.3375 0.5503 0.7637
vn -0.3167 -0.2982 0.9004
vn -0.1613 0.2189 0.9623
vn 0.2802 -0.2745 -0.9198
vn -0.9481 0.0164 -0.3177
vn 0.2579 0.0780 -0.9630
vn 0.1763 0.3329 -0.9264
vn 0.6643 0.4267 -0.6138
vn -0.1474 0.2813 -0.9483
vn -0.5402 0.6425 -0.5435
vn 0.4617 -0.5557 -0.6914
vn -0.0567 0.2341 -0.9706
vn -0.4374 0.7465 -0.5014
vn -0.6848 0.4841 -0.5447
vn -0.8077 0.2593 -0.5295
vn 0.9672 0.2175 -0.1314
vn -0.0115 0.4082 -0.9128
vn -0.3178 -0.6775 -0.6633
vn 0.0580 0.3535 -0.9336
vn -0.7737 -0.5724 -0.2716
vn -0.7877 -0.4884 -0.3754
vn 0.0834 -0.9965 -0.0002
vn -0.4530 -0.4434 0.7734
vn 0.3863 0.3922 -0.8348
vn 0.6613 0.5816 -0.4737
vn 0.9116 0.4080 0.0507
vn -0.4092 -0.1014 0.9068
vn 0.1244 -0.8471 0.5167
vn 0.4175 -0.4339 0.7984
vn 0.1499 -0.1772 0.9727
vn 0.0924 -0.8407 0.5336
vn 0.7232 -0.5544 0.4118
vn 0.5402 -0.6496 0.5349
vn 0.9246 0.3693 -0.0938
vn 0.2807 0.3882 0.8778
vn 0.3478 -0.1492 0.9256
vn 0.1848 -0.9516 0.2454
vn 0.6417 -0.7622 -0.0850
vn 0.5107 -0.4824 0.7116
vn -0.7317 -0.5618 0.3861
vn 0.1600 -0.9795 0.1222
vn -0.7019 -0.7106 0.0498
vn -0.7235 0.6899 -0.0241
vn -0.7400 -0.6266 0.2443
vn 0.1824 -0.9052 0.3838
vn 0.5933 -0.7960 -0.1202
vn -0.7674 0.5659 -0.3014
vn -0.9211 -0.3806 -0.0823
vn -0.6460 0.2320 -0.7272
vn -0.5350 -0.4101 -0.7387
vn -0.6649 0.2266 -0.7118
vn -0.3662 0.5506 -0.7501
vn 0.3760 0.5399 -0.7530
vn -0.1820 -0.7221 -0.6674
vn -0.1149 0.6412 -0.7588
vn 0.8555 -0.4591 -0.2394
vn -0.2303 -0.1326 -0.9640
vn -0.4378 0.4406 -0.7837
vn -0.6130 0.7809 -0.1201
vn 0.3749 0.5696 0.7314
vn -0.6669 0.2638 0.6969
vn -0.6398 -0.5899 0.4926
vn -0.5176 0.4948 0.6981
vn -0.7087 0.6598 0.2497
vn -0.7777 -0.5593 0.2869
vn -0.5348 -0.7279 0.4292
vn -0.5757 0.2094 0.7904
vn -0.7798 -0.3893 0.4903
vn -0.9926 0.1143 0.0415
vn -0.8293 -0.4140 -0.3754
vn -0.0588 0.1169 0.9914
vn 0.3099 -0.7358 -0.6022
vn -0.3815 0.0338 0.9237
vn -0.2859 0.5966 0.7499
vn -0.3267 0.6925 0.6432
vn -0.0505 0.7580 0.6503
vn 0.2900 -0.5625 0.7743
vn -0.2081 0.6951 0.6882
vn -0.6785 0.5737 0.4588
vn -0.0857 -0.7320 0.6759
vn -0.4691 -0.8827 -0.0272
vn -0.9156 -0.3970 -0.0642
vn -0.9951 -0.0819 -0.0557
vn -0.4162 0.5833 -0.6975
vn -0.4941 0.3830 -0.7805
vn -0.5570 -0.1120 -0.8230
vn -0.5612 -0.2331 -0.7942
vn -0.4657 0.1412 -0.8736
vn -0.5185 -0.0907 -0.8502
vn -0.5307 -0.1039 -0.8412
vn -0.5562 -0.1120 -0.8235
vn -0.9116 0.3396 0.2316
vn -0.7933 0.0858 0.6027
vn -0.8865 0.4097 0.2150
vn -0.9377 -0.0275 -0.3462
vn -0.7515 0.6590 0.0296
vn -0.0490 0.1274 0.9906
vn -0.0090 -0.0819 0.9966
vn -0.8813 -0.4721 0.0197
vn -0.5425 0.1420 0.8280
vn -0.1972 -0.5588 0.8055
vn -0.2780 -0.1242 0.9525
vn -0.5252 0.7799 0.3406
vn -0.7889 0.6003 -0.1315
vn -0.6531 -0.5713 0.4970
vn -0.2097 0.7681 0.6050
vn -0.3369 0.3243 0.8839
vn -0.2347 -0.6918 0.6829
vn -0.8801 0.1006 0.4640
vn -0.1593 -0.1064 0.9815
vn -0.2872 -0.9075 0.3066
vn -0.7892 0.5005 0.3560
vn -0.5988 -0.6361 0.4867
vn -0.6454 0.7539 0.1225
vn -0.8157 -0.3899 0.4273
vn -0.8612 0.2973 0.4121
vn -0.5264 -0.4316 -0.7326
vn -0.5115 0.0088 0.8593
vn -0.2802 0.9460 -0.1627
vn -0.0882 0.8118 -0.5773
vn -0.6153 -0.0411 -0.7872
vn -0.5225 0.3682 -0.7690
vn -0.3732 0.0146 -0.9276
vn -0.3382 0.7439 0.5764
vn -0.9854 0.0857 -0.1471
vn -0.1987 0.6912 0.6948
vn -0.8098 0.5867 0.0046
vn -0.9860 0.1468 -0.0788
vn -0.5758 -0.5821 0.5741
vn -0.6239 0.7814 -0.0110
vn -0.8080 -0.5497 0.2121
vn -0.5900 -0.3261 0.7386
vn -0.0978 0.9901 0.1006
vn -0.7768 0.3082 0.5492
vn -0.4854 -0.0030 0.8743
vn -0.3431 -0.2603 0.9025
vn -0.6362 0.2288 0.7368
vn -0.2448 -0.0065 0.9695
vn 0.4010 0.8706 0.2850
vn -0.7387 0.6029 0.3013
vn -0.7719 0.1379 0.6206
vn -0.7672 0.1302 0.6281
vn -0.4705 0.6068 0.6406
vn 0.3723 0.2643 -0.8897
vn 0.4421 -0.3733 -0.8156
vn 0.4230 -0.2304 -0.8764
vn 0.6465 -0.0164 -0.7627
vn 0.2314 -0.2000 -0.9521
vn 0.4822 0.1410 -0.8646
vn -0.3086 0.5220 -0.7952
vn -0.0292 -0.1824 -0.9828
vn 0.0813 0.4959 -0.8646
vn 0.0462 0.4014 -0.9147
vn 0.2856 0.0981 -0.9533
vn -0.5210 0.0774 0.8501
vn -0.9058 0.2299 0.3560
vn -0.6791 -0.7027 -0.2122
vn -0.5144 -0.6987 0.4971
vn -0.2582 0.1615 0.9525
vn -0.1112 -0.4385 0.8918
vn 0.4376 -0.5190 0.7342
vn -0.3895 0.6315 0.6704
vn -0.0972 0.1480 0.9842
vn 0.2207 -0.9739 -0.0526
vn -0.3481 -0.4408 0.8274
vn -0.6457 0.0587 0.7613
vn -0.0347 0.4915 0.8702
vn -0.5107 -0.0242 0.8594
vn -0.5908 -0.2356 0.7717
vn 0.7713 -0.0444 0.6349
vn 0.6884 0.2952 0.6626
vn -0.0191 0.4716 0.8816
vn 0.0705 0.0863 0.9938
vn -0.2959 -0.7966 0.5272
vn -0.3667 -0.0606 0.9284
vn -0.3355 -0.4867 0.8066
vn -0.9033 -0.2132 0.3724
vn -0.2734 -0.2665 0.9242
vn -0.2122 -0.5319 0.8198
vn -0.0319 0.3011 0.9531
vn -0.8805 0.2272 0.4160
vn -0.2794 -0.5440 0.7912
vn 0.0801 -0.2735 0.9585
vn -0.1338 0.7809 0.6101
vn 0.4290 0.3715 -0.8234
vn -0.6055 -0.0544 -0.7940
vn 0.8981 -0.0709 -0.4341
vn 0.3796 0.1392 -0.9146
vn 0.4660 -0.2507 -0.8485
vn 0.6905 -0.0606 -0.7207
vn 0.7412 -0.4835 -0.4656
vn 0.6195 0.1045 -0.7780
vn 0.2652 0.3013 -0.9159
vn 0.0676 0.3843 -0.9207
vn 0.2868 0.6445 0.7088
vn 0.3910 0.4942 0.7765
vn -0.5208 0.0965 0.8482
vn -0.6284 -0.0647 0.7752
vn 0.4138 0.3020 0.8588
vn 0.5037 0.0888 0.8593
vn -0.8253 -0.2591 0.5018
vn -0.6565 0.0258 0.7539
vn -0.6745 -0.2480 0.6954
vn -0.4730 0.2764 0.8366
vn -0.3957 0.3268 0.8583
vn -0.5396 -0.5201 0.6621
vn 0.9087 -0.0158 0.4172
vn 0.1042 0.9161 0.3872
vn 0.1581 0.6642 0.7307
vn -0.1513 0.5710 0.8069
vn -0.0216 -0.6743 0.7381
vn 0.6012 0.5030 0.6209
vn -0.6230 0.1710 0.7633
vn 0.5297 -0.8035 -0.2715
vn 0.8749 -0.1738 -0.4521
vn -0.6475 0.3839 0.6583
vn -0.1837 -0.6452 0.7416
vn -0.5292 0.4091 0.7434
vn -0.2202 0.0172 0.9753
vn 0.6000 0.7955 -0.0844
vn -0.2220 -0.1046 0.9694
vn 0.7768 -0.1131 -0.6195
vn 0.2771 -0.5607 0.7802
vn -0.6527 0.1754 -0.7370
vn 0.0446 0.3785 -0.9245
vn -0.2704 0.6993 -0.6617
vn 0.6320 -0.1712 -0.7558
vn 0.6187 0.1399 -0.7731
vn 0.0124 0.5916 -0.8062
vn 0.4151 -0.3193 -0.8519
vn 0.4582 0.3498 -0.8171
vn -0.8644 0.5027 -0.0002
vn -0.5443 0.1720 -0.8211
vn -0.6420 0.5049 -0.5770
vn 0.2367 -0.6540 -0.7185
vn -0.1731 0.9818 -0.0778
vn -0.1941 0.9809 -0.0122
vn 0.1791 -0.0262 0.9835
vn -0.6406 0.2463 0.7273
vn -0.9749 0.0991 -0.1994
vn -0.3942 -0.9189 0.0129
vn -0.5045 -0.7850 0.3595
vn 0.2674 -0.9636 -0.0000
vn -0.2674 0.9636 -0.0000
vn -0.2911 0.7081 -0.6433
vn -0.8936 0.1641 -0.4177
vn -0.8831 0.1724 0.4364
vn 0.1658 0.1596 0.9732
vn -0.7254 0.0101 0.6883
vn 0.2597 -0.6231 0.7378
vn -0.2700 0.8856 0.3780
vn 0.1870 0.5423 0.8191
vn -0.5665 0.4387 0.6976
vn -0.2275 -0.2036 0.9522
vn -0.5967 0.1846 0.7810
vn 0.2609 0.9449 0.1979
vn -0.1738 0.5605 0.8097
vn 0.0517 0.9785 0.1996
vn -0.7388 0.6007 -0.3055
vn -0.1786 -0.1011 0.9787
vn 0.0070 -0.3335 0.9427
vn -0.1161 -0.0123 0.9932
vn -0.0459 -0.1361 0.9896
vn 0.4501 0.5625 -0.6935
vn -0.2831 0.4280 -0.8583
vn 0.7786 0.6275 -0.0080
vn -0.9713 0.1952 0.1361
vn -0.9989 -0.0319 -0.0353
vn -0.9633 0.0134 0.2680
vn -0.7152 0.6988 0.0145
vn -0.6876 0.5267 0.4998
vn -0.6836 0.7186 -0.1278
vn 0.1756 0.4650 0.8677
vn -0.6450 0.7439 0.1747
vn 0.3162 0.0828 0.9451
vn 0.0513 0.3128 -0.9484
vn -0.0651 0.2760 -0.9590
vn 0.0295 0.4422 -0.8964
vn 0.5283 -0.8453 -0.0791
vn 0.1719 0.3918 -0.9039
vn -0.1820 -0.6884 0.7022
vn 0.4314 0.2326 0.8717
vn -0.4915 -0.0843 0.8668
vn -0.0762 -0.5062 0.8590
vn -0.2300 -0.0917 0.9689
vn -0.1682 0.4341 0.8850
vn -0.0253 0.4527 0.8913
vn -0.1453 -0.6027 0.7847
vn 0.3611 0.1778 0.9154
vn 0.3988 -0.6257 0.6704
vn 0.1759 0.2507 0.9519
vn -0.4004 0.4364 -0.8057
vn -0.4287 -0.4431 0.7873
vn 0.3727 -0.8385 0.3974
vn -0.0574 -0.6541 0.7542
vn 0.9909 -0.0953 -0.0953
vn -0.4861 -0.5781 0.6554
vn 0.2428 -0.6163 0.7492
vn 0.8516 -0.2089 -0.4808
vn 0.6503 0.0462 0.7583
vn 0.4603 -0.6507 0.6039
vn 0.8581 -0.2506 0.4482
vn -0.6607 0.7484 -0.0590
vn 0.6322 0.7726 0.0585
vn -0.5072 -0.2942 0.8101
vn -0.1966 0.6302 0.7511
vn -0.2959 -0.2992 0.9071
vn 0.0200 0.5782 0.8157
vn 0.3125 0.1544 0.9373
vn -0.4667 -0.2330 0.8532
vn 0.9587 -0.2817 0.0403
vn 0.0879 -0.0159 0.9960
vn 0.8157 0.3853 0.4315
vn 0.2550 -0.2292 0.9394
vn -0.4083 -0.4429 -0.7982
vn 0.6271 -0.0350 0.7782
vn 0.6646 -0.6554 0.3589
vn 0.3226 -0.5604 0.7628
vn -0.2546 0.3163 0.9139
vn 0.6046 0.2080 -0.7689
vn 0.6261 0.6319 -0.4568
vn 0.0070 0.2407 0.9706
vn 0.4193 0.9071 0.0366
vn 0.6415 -0.7489 -0.1661
vn 0.3195 -0.2729 -0.9075
vn -0.7644 0.0424 0.6433
vn -0.6718 0.6367 -0.3785
vn -0.4892 0.5665 -0.6631
vn -0.7311 0.5305 0.4290
vn -0.5307 -0.4095 -0.7420
vn -0.7941 -0.5325 -0.2931
vn -0.7628 -0.6077 0.2211
vn 0.4693 -0.3029 -0.8295
vn -0.0826 0.0746 -0.9938
vn -0.1397 -0.1509 -0.9786
vn 0.8146 -0.0640 0.5765
vn 0.5940 0.2395 -0.7680
vn 0.6109 -0.7139 -0.3422
vn 0.9469 0.2430 0.2107
vn 0.2296 0.8408 0.4902
vn 0.9860 -0.1595 -0.0489
vn 0.6913 -0.4000 0.6018
vn 0.4309 -0.7471 -0.5061
vn 0.3511 -0.8997 -0.2595
vn 0.7457 0.6159 0.2543
vn 0.7685 0.3829 0.5127
vn 0.9823 0.1052 -0.1552
vn 0.8636 0.3930 0.3157
vn 0.2238 0.2375 -0.9452
vn 0.8127 0.5812 -0.0421
vn -0.0000 -0.3552 0.9348
vn 0.1510 -0.0738 -0.9858
vn 0.6199 0.7829 0.0526
vn -0.4072 -0.0896 -0.9089
vn -0.8319 0.5349 0.1479
vn -0.8510 0.5213 0.0637
vn -0.8450 -0.4817 0.2325
vn -0.7491 -0.6270 0.2140
vn 0.8342 0.5104 -0.2087
vn -0.2534 -0.8624 0.4382
vn 0.6434 0.7656 -0.0020
vn -0.4133 -0.6605 0.6268
vn 0.7254 -0.6449 0.2405
vn -0.2902 0.2104 0.9335
vn 0.8011 -0.0504 -0.5963
vn 0.7047 -0.2588 0.6607
vn -0.0848 0.0195 0.9962
vn -0.4157 0.1703 0.8934
vn -0.0154 -0.7442 -0.6678
vn 0.0993 -0.5188 -0.8491
vn -0.0938 -0.2395 -0.9664
vn 0.1488 0.3839 -0.9113
vn -0.5446 0.5824 -0.6035
vn -0.3221 0.7117 -0.6242
vn -0.4637 -0.5049 -0.7280
vn 0.0981 0.5544 -0.8265
vn -0.1191 -0.5266 -0.8417
vn -0.6352 0.5062 -0.5834
vn -0.2942 0.4331 0.8520
vn 0.3682 0.9296 -0.0138
vn 0.1126 0.0449 0.9926
vn -0.0986 -0.0170 0.9950
vn 0.1337 0.3875 0.9121
vn 0.0406 0.1682 0.9849
vn 0.7560 0.1136 0.6447
vn 0.4087 -0.3491 0.8433
vn 0.1596 0.3669 0.9165
vn -0.1403 0.1336 0.9810
vn 0.8299 -0.5497 0.0953
vn -0.9026 0.3200 0.2881
vn 0.2514 0.7791 0.5743
vn 0.1408 0.7669 0.6261
vn 0.6139 -0.7292 0.3024
vn 0.5903 -0.7705 0.2404
vn 0.0320 -0.5435 -0.8388
vn 0.0389 -0.5223 0.8519
vn 0.0522 -0.4782 0.8767
vn 0.1017 0.8033 0.5868
vn -0.9234 0.3582 0.1380
vn -0.3198 -0.1261 0.9390
vn 0.9992 0.0356 0.0179
vn 0.8113 0.4161 0.4106
vn 0.7005 -0.1387 0.7000
vn 0.3897 0.5009 -0.7728
vn -0.5030 0.5300 -0.6828
vn -0.4318 0.1551 -0.8886
vn -0.6380 0.5273 -0.5611
vn 0.1918 0.8275 -0.5277
vn 0.7915 0.5984 0.1240
vn 0.8089 0.1867 0.5575
vn -0.0900 0.8831 -0.4605
vn -0.2962 0.7927 0.5327
vn 0.3100 0.7547 -0.5782
vn 0.1072 0.9809 0.1625
vn -0.0950 0.3580 0.9289
vn -0.0774 0.9032 -0.4222
vn -0.6291 0.7773 0.0012
vn -0.4047 0.5445 0.7346
vn -0.6031 -0.0492 0.7961
vn -0.6505 0.7595 -0.0013
vn 0.0643 0.8369 0.5435
vn -0.2738 0.4844 0.8309
vn 0.0694 -0.4125 -0.9083
vn -0.5003 -0.2895 -0.8160
vn -0.0744 -0.1564 -0.9849
vn -0.2477 -0.5766 -0.7786
vn 0.0703 -0.8249 -0.5609
vn -0.6031 -0.7966 0.0414
vn 0.0333 0.0858 0.9958
vn -0.2227 -0.3949 0.8913
vn 0.0591 -0.7369 -0.6734
vn 0.2014 -0.6508 -0.7320
vn -0.6375 -0.1601 0.7536
vn -0.6417 -0.0986 0.7606
vn -0.3358 -0.3296 0.8824
vn -0.0227 0.1355 0.9905
vn 0.1008 -0.7807 0.6167
vn -0.4648 -0.8840 0.0506
vn -0.3130 -0.4731 0.8235
vn -0.9192 -0.3237 -0.2242
vn -0.5619 -0.4053 0.7211
vn 0.6130 -0.5216 0.5935
vn -0.1119 0.6986 0.7067
vn -0.8155 -0.3661 0.4484
vn 0.0854 -0.8758 0.4750
vn -0.3912 -0.7362 0.5523
vn -0.2568 0.4460 0.8574
vn 0.1571 0.2144 0.9640
vn 0.7476 0.4064 -0.5254
vn 0.0603 -0.0809 -0.9949
vn -0.6053 0.6036 -0.5190
vn 0.3719 -0.1107 -0.9216
vn 0.7112 0.0582 -0.7006
vn 0.6586 0.4229 -0.6224
vn -0.4761 0.7957 -0.3744
vn 0.8550 -0.0493 -0.5162
vn -0.0930 0.9254 -0.3674
vn 0.7839 -0.6191 -0.0476
vn 0.1465 0.5380 -0.8301
vn 0.0488 0.8491 -0.5260
vn 0.0501 0.8505 -0.5236
vn 0.1420 0.5433 -0.8275
vn 0.3586 0.5802 -0.7313
vn -0.5863 0.5277 0.6146
vn -0.8692 -0.1843 0.4589
vn -0.4700 -0.2490 0.8468
vn 1.0000 0.0011 -0.0094
vn 0.9989 -0.0217 -0.0416
vn 0.1169 0.7721 0.6246
vn -0.1546 -0.8199 0.5512
vn -0.2811 -0.5680 0.7735
vn -0.7765 0.6170 0.1280
vn -0.9575 0.2736 -0.0912
vn -0.1988 -0.4280 0.8817
vn -0.9196 0.2863 0.2689
vn 0.0422 0.9432 -0.3295
vn -0.8204 -0.2758 0.5009
vn 0.4583 0.3420 -0.8203
vn -0.7754 -0.5956 0.2096
vn 0.8873 -0.4569 0.0637
vn -0.5338 0.0733 0.8424
vn -0.5661 -0.2063 0.7981
vn -0.6863 -0.0279 0.7268
vn -0.3345 0.8101 -0.4816
vn -0.8876 -0.3966 0.2343
vn -0.6920 -0.3423 -0.6356
vn -0.7712 -0.3387 -0.5391
vn -0.1515 -0.9817 -0.1156
vn -0.9234 0.2173 0.3163
vn 0.6002 -0.3549 0.7168
vn -0.5744 0.1312 0.8080
vn -0.0316 -0.4792 0.8772
vn -0.0269 -0.7670 0.6410
vn -0.7534 0.6518 -0.0869
vn -0.5448 -0.0725 0.8354
vn -0.3867 -0.6332 0.6704
vn 0.1486 -0.8153 0.5596
vn -0.5105 0.5483 -0.6624
vn -0.8121 -0.4274 -0.3973
vn -0.7869 -0.5497 -0.2805
vn -0.0542 0.1977 -0.9788
vn -0.9124 -0.0182 -0.4089
vn 0.1399 -0.3507 -0.9260
vn 0.0591 -0.4277 -0.9020
vn 0.3694 -0.3324 -0.8678
vn -0.7023 0.6777 -0.2177
vn 0.2518 0.3185 -0.9139
vn -0.0227 0.9903 -0.1373
vn -0.1697 0.9680 0.1850
vn 0.2596 0.9215 -0.2890
vn -0.4638 0.8422 -0.2748
vn 0.5485 -0.3309 -0.7679
vn 0.4824 -0.3575 -0.7997
vn -0.9400 0.3412 -0.0056
vn -0.6377 -0.7651 -0.0890
vn -0.9244 0.2021 0.3234
vn -0.0293 0.2315 0.9724
vn -0.9218 -0.3846 0.0490
vn -0.8633 -0.4417 0.2441
vn 0.2010 -0.1603 0.9664
vn 0.1355 0.2938 0.9462
vn -0.7173 0.6306 0.2964
vn -0.5536 0.3008 0.7765
vn -0.8869 0.4580 0.0599
vn -0.6550 -0.7317 0.1888
vn -0.9459 0.0878 0.3123
vn -0.1498 0.2251 0.9627
vn -0.5359 0.7952 -0.2836
vn -0.1477 0.2321 0.9614
vn -0.6419 -0.7624 -0.0823
vn -0.7060 -0.6893 -0.1627
vn 0.2093 0.5522 0.8071
vn -0.1513 0.9884 0.0108
vn -0.4520 0.7668 -0.4558
vn 0.9490 -0.2830 -0.1387
vn -0.4468 -0.6285 0.6366
vn -0.7509 0.4825 0.4510
vn 0.2095 0.1215 0.9702
vn -0.4899 0.7409 -0.4594
vn -0.7016 0.4072 0.5848
vn -0.6174 -0.6313 0.4694
vn 0.6707 -0.7295 -0.1346
vn -0.4700 -0.8313 0.2967
vn -0.6422 0.7024 0.3071
vn -0.6892 0.5791 0.4356
vn -0.5454 -0.3692 0.7525
vn -0.5610 -0.4739 0.6787
vn -0.3182 -0.3679 -0.8737
vn -0.8539 -0.4012 -0.3314
vn 0.3010 0.6258 -0.7195
vn 0.9822 -0.0463 -0.1822
vn 0.7241 -0.5520 0.4135
vn -0.8431 -0.4591 0.2800
vn -0.0959 0.7224 0.6848
vn -0.3267 0.4526 0.8297
vn -0.3980 -0.8501 0.3448
vn 0.7736 0.1685 0.6109
vn 0.6739 0.4116 0.6136
vn -0.8830 0.2709 0.3833
vn -0.6859 -0.2397 0.6871
vn -0.1711 0.4888 0.8555
vn -0.5305 -0.1011 0.8416
vn -0.5807 -0.3418 -0.7389
vn 0.0307 0.1868 -0.9819
vn -0.3330 -0.5626 -0.7567
vn -0.2644 -0.6352 -0.7257
vn 0.0373 -0.9339 0.3557
vn 0.2139 -0.7425 -0.6348
vn 0.7151 -0.6083 -0.3444
vn 0.6594 -0.5120 -0.5505
vn 0.6840 -0.5743 -0.4498
vn 0.0978 -0.9920 0.0793
vn -0.2703 -0.9221 0.2768
vn -0.7036 -0.4090 0.5810
vn -0.6776 -0.0248 0.7351
vn -0.2966 -0.8586 0.4183
vn 0.4297 -0.8262 0.3644
vn 0.4522 -0.4935 0.7430
vn 0.9768 -0.1452 -0.1576
vn 0.8178 -0.2976 0.4925
vn 0.0750 0.5922 0.8023
vn 0.1132 0.0399 0.9928
vn -0.1461 -0.9443 0.2950
vn 0.0674 -0.5629 0.8238
vn 0.7105 -0.5668 -0.4170
vn 0.2845 -0.8341 -0.4726
vn 0.0687 -0.7208 0.6897
vn 0.3528 -0.5164 0.7803
vn 0.4043 -0.4729 0.7829
vn 0.6788 -0.7277 -0.0989
vn 0.8767 -0.2049 -0.4353
vn 0.9115 -0.4091 -0.0424
vn 0.9206 -0.3906 -0.0041
vn -0.0253 -0.5371 0.8431
vn 0.2451 0.3532 -0.9029
vn 0.3443 -0.5592 -0.7541
vn -0.6086 0.2357 -0.7577
vn -0.5740 0.5564 -0.6008
vn 0.2658 0.6731 -0.6902
vn -0.2051 -0.9020 0.3800
vn -0.5607 -0.0017 0.8280
vn 0.6109 -0.5884 0.5297
vn -0.0109 0.4911 -0.8710
vn 0.0518 -0.2041 0.9776
vn 0.3841 0.2033 0.9006
vn 0.8010 -0.5821 0.1397
vn 0.6999 -0.6926 -0.1745
vn 0.6689 -0.7186 -0.1904
vn 0.0821 -0.6599 0.7469
vn 0.2744 -0.9288 -0.2490
vn -0.7960 -0.5125 0.3221
vn -0.5200 -0.8360 0.1750
vn 0.9522 -0.0000 0.3053
vn 0.0005 0.1864 0.9825
vn -0.1202 0.5568 0.8219
vn 0.3511 -0.4358 0.8287
vn -0.9522 -0.0000 -0.3053
vn -0.0623 -0.1466 0.9872
vn -0.1204 0.1432 0.9823
vn 0.4647 -0.7662 0.4438
vn -0.5171 -0.4585 0.7227
vn -0.5539 -0.0662 0.8299
vn -0.3827 -0.6462 0.6603
vn 0.2893 -0.6592 0.6941
vn 0.5209 -0.0933 0.8485
vn 0.2412 -0.5008 0.8313
vn 0.8775 -0.0566 0.4762
vn 0.6495 -0.1550 -0.7444
vn -0.5003 0.2675 -0.8235
vn -0.0299 -0.2149 -0.9762
vn -0.3075 0.3290 -0.8929
vn -0.3268 0.0654 -0.9428
vn 0.1773 -0.7544 0.6320
vn 0.0699 0.4232 0.9033
vn 0.1221 0.3076 0.9436
vn -0.0400 0.0677 0.9969
vn -0.6694 -0.4814 0.5658
vn -0.2120 0.4783 0.8522
vn 0.5408 0.1016 0.8350
vn -0.0448 -0.1196 0.9918
vn 0.5836 -0.1223 0.8028
vn 0.2110 -0.3792 0.9009
vn 0.4885 -0.1028 0.8665
vn -0.2456 -0.6086 0.7546
vn 0.4933 0.8136 0.3076
vn -0.4398 0.3549 0.8250
vn -0.7362 -0.4422 0.5122
vn -0.5445 -0.7302 0.4127
vn 0.4513 -0.2415 0.8591
vn 0.1334 0.4244 0.8956
vn -0.1559 0.0580 0.9861
vn 0.5719 -0.2322 0.7868
vn -0.3866 -0.3055 0.8702
vn -0.0675 -0.8137 0.5773
vn 0.0589 -0.3577 0.9320
vn 0.6943 -0.1498 -0.7039
vn 0.3811 0.6876 -0.6181
vn -0.6222 0.4900 -0.6105
vn -0.7046 0.2294 -0.6715
vn -0.5237 0.5648 -0.6378
vn 0.3501 -0.7534 -0.5566
vn 0.2464 -0.5366 -0.8071
vn 0.2589 -0.4874 -0.8339
vn 0.1598 -0.2486 -0.9553
vn 0.6027 -0.2372 -0.7619
vn 0.6340 -0.2173 -0.7422
vn 0.5621 -0.4231 -0.7107
vn 0.4197 -0.5416 -0.7284
vn 0.7962 -0.3850 0.4668
vn 0.7976 -0.4859 0.3574
vn -0.7493 -0.5593 0.3546
vn -0.3146 -0.8845 0.3446
vn 0.9366 0.0899 0.3387
vn 0.9549 -0.1272 0.2682
vn 0.5685 0.2201 0.7927
vn 0.6358 -0.7145 0.2919
vn 0.6342 0.0277 0.7726
vn 0.4886 -0.2823 0.8256
vn 0.1093 -0.8695 -0.4816
vn 0.8009 -0.5756 0.1651
vn 0.3957 -0.6647 0.6338
vn 0.8121 -0.5146 0.2752
vn 0.3960 -0.6618 0.6365
vn -0.1703 -0.8515 -0.4959
vn 0.5143 -0.7239 0.4598
vn -0.3823 -0.3454 0.8571
vn 0.4838 -0.8125 0.3252
vn -0.2535 -0.4056 0.8782
vn -0.9943 -0.0000 0.1068
vn 0.7476 -0.6641 0.0039
vn 0.9646 -0.0621 0.2565
vn 0.6921 0.4564 -0.5592
vn 0.2457 -0.8571 0.4527
vn 0.9943 -0.0000 -0.1068
vn 0.5367 0.2240 -0.8135
vn 0.8157 -0.4843 0.3164
vn 0.6235 -0.7760 -0.0949
vn 0.7750 -0.6284 0.0666
vn 0.3327 -0.9250 -0.1836
vn -0.7260 0.5618 -0.3966
vn -0.6136 0.7018 -0.3620
vn -0.7467 0.2933 -0.5970
vn -0.7748 0.2491 -0.5810
vn -0.5938 0.4595 -0.6605
vn 0.8159 0.0082 -0.5782
vn 0.0928 -0.2315 -0.9684
vn -0.1953 -0.6935 -0.6935
vn 0.2867 -0.8744 -0.3913
vn 0.2873 -0.9135 -0.2879
vn 0.7410 0.1044 -0.6633
vn 0.7467 0.0757 -0.6609
vn -0.5261 0.4444 -0.7251
vn -0.4251 -0.1728 -0.8885
vn -0.6753 0.2767 -0.6837
vn -0.5688 -0.0413 -0.8215
vn -0.2018 -0.6976 0.6875
vn 0.5766 -0.5034 0.6436
vn -0.6356 0.1630 -0.7546
vn -0.5670 0.0747 -0.8204
vn -0.0616 -0.5737 0.8168
vn -0.3588 0.0313 0.9329
vn 0.5986 -0.0180 -0.8008
vn 0.8878 0.1687 0.4282
vn 0.5016 -0.5983 -0.6249
vn 0.9012 0.0115 0.4332
vn 0.5595 -0.0520 0.8272
vn 0.8117 -0.0205 0.5838
vn 0.2362 -0.0703 0.9692
vn -0.4557 -0.6258 0.6330
vn 0.5252 -0.4649 0.7127
vn 0.7562 -0.5680 0.3248
vn -0.1811 0.0514 0.9821
vn 0.6221 -0.6601 0.4210
vn 0.9088 0.0842 0.4086
vn 0.8410 -0.1819 0.5095
vn 0.9026 -0.2159 0.3725
vn 0.9365 0.0536 0.3466
vn 0.6592 -0.1561 0.7356
vn 0.8539 0.3148 0.4144
vn 0.7168 -0.6612 -0.2215
vn 0.8167 -0.4361 -0.3780
vn 0.2248 -0.1420 -0.9640
vn 0.9851 0.0123 0.1715
vn 0.5241 -0.1565 -0.8371
vn 0.9221 -0.3084 0.2337
vn 0.9256 -0.2960 0.2360
vn 0.2012 -0.6743 -0.7105
vn -0.0422 -0.5788 0.8144
vn -0.0256 -0.6943 -0.7193
vn 0.9754 -0.0861 0.2029
vn 0.2882 0.0322 -0.9570
vn 0.1641 -0.2076 0.9644
vn 0.9743 0.2254 -0.0003
vn 0.7253 0.6735 0.1423
vn -0.3693 0.3982 -0.8397
vn 0.2867 0.5663 -0.7727
vn 0.3378 0.1511 -0.9290
vn 0.9205 0.2695 -0.2830
vn 0.3479 0.7706 0.5341
vn -0.3257 0.1775 -0.9287
vn 0.0106 0.1584 -0.9873
vn -0.8939 -0.2189 -0.3912
vn 0.5918 -0.7153 -0.3716
vn 0.1056 -0.7173 -0.6887
vn -0.0750 -0.0853 -0.9935
vn 0.2182 -0.8248 -0.5217
vn -0.7482 -0.5219 -0.4096
vn -0.0127 -0.9590 0.2831
vn 0.1384 -0.6114 -0.7791
vn 0.0991 -0.9638 -0.2475
vn 0.8109 -0.0150 -0.5849
vn 0.2351 -0.4042 0.8839
vn -0.6054 0.7820 0.1479
vn 0.1753 -0.0429 -0.9836
vn 0.1636 0.3405 0.9259
vn 0.9294 0.1298 0.3454
vn 0.7015 -0.6637 -0.2597
vn 0.3697 -0.3215 0.8718
vn 0.0896 -0.7429 0.6634
vn 0.1184 -0.6018 0.7898
vn 0.1273 0.8523 0.5073
vn 0.6781 0.6625 -0.3182
vn -0.8091 0.5852 0.0549
vn 0.5296 -0.7254 -0.4397
vn -0.9626 -0.0007 0.2709
vn 0.4616 -0.8568 0.2299
vn -0.6098 0.3582 0.7070
vn -0.7240 0.0270 -0.6893
vn 0.7580 0.4702 0.4521
vn -0.5351 -0.8396 0.0933
vn 0.8539 -0.2528 0.4549
vn 0.2963 0.2941 0.9087
vn -0.7060 0.7059 -0.0571
vn -0.0795 0.1178 0.9899
vn -0.1132 0.9927 -0.0420
vn -0.7542 -0.6466 0.1148
vn 0.3638 -0.2136 -0.9067
vn 0.6863 0.5337 0.4942
vn 0.9117 -0.2419 0.3321
vn 0.0672 -0.0572 0.9961
vn 0.0458 0.9954 0.0839
vn 0.2451 0.9545 0.1701
vn 0.8032 0.4663 0.3707
vn 0.5672 -0.8091 -0.1537
vn -0.3931 0.2554 0.8833
vn 0.2403 0.8613 0.4476
vn 0.7248 0.3805 -0.5743
vn 0.4102 0.8212 0.3966
vn -0.5431 0.8118 -0.2145
vn -0.5563 0.6844 0.4714
vn 0.3153 0.7943 -0.5193
vn -0.0591 0.5734 0.8172
vn -0.8584 -0.2421 -0.4522
vn -0.8976 -0.4391 -0.0384
vn -0.9323 -0.3244 0.1601
vn -0.0801 0.1366 -0.9874
vn -0.6351 -0.2936 -0.7145
vn -0.5696 -0.5190 -0.6373
vn -0.4813 0.8634 -0.1513
vn -0.5237 0.0769 -0.8484
vn -0.4609 0.2187 -0.8601
vn -0.1907 -0.5174 -0.8342
vn -0.2781 0.5710 -0.7724
vn -0.1801 -0.0412 -0.9828
vn 0.8175 -0.2242 -0.5305
vn -0.9455 -0.3234 0.0375
vn -0.0020 0.7965 -0.6046
vn -0.2869 -0.8640 0.4137
vn 0.2190 -0.8327 -0.5085
vn -0.3593 -0.5667 -0.7414
vn 0.7285 -0.6850 -0.0057
vn -0.8558 -0.4706 0.2146
vn 0.0072 0.5921 0.8058
vn 0.8164 0.5524 0.1682
vn 0.5294 -0.3508 0.7724
vn 0.8870 -0.4588 0.0523
vn -0.4356 0.6476 -0.6251
vn 0.1528 -0.9859 -0.0677
vn 0.9522 -0.1313 -0.2760
vn -0.8486 -0.4720 -0.2390
vn 0.9550 0.0063 0.2965
vn -0.7002 -0.1173 0.7042
vn 0.4764 0.8045 -0.3548
vn -0.7336 0.6783 0.0403
vn -0.0688 0.9861 -0.1513
vn -0.3347 -0.8089 0.4833
vn 0.0940 -0.9927 0.0754
vn -0.3025 -0.6388 -0.7074
vn -0.1244 -0.3007 0.9456
vn 0.2996 0.5259 0.7960
vn 0.5176 -0.7674 -0.3784
vn 0.1207 -0.9751 -0.1860
vn -0.0841 0.8424 0.5323
vn -0.9510 -0.1126 -0.2880
vn 0.4453 0.4264 -0.7873
vn -0.8833 -0.1547 0.4426
vn -0.1959 -0.9786 -0.0633
vn -0.7803 -0.5604 0.2776
vn -0.3834 -0.1311 0.9142
vn 0.6803 -0.2445 0.6910
vn -0.5815 0.8121 -0.0491
vn -0.0177 0.3044 0.9524
vn 0.0514 -0.9947 -0.0892
vn -0.6581 0.7304 -0.1831
vn -0.6342 0.6522 0.4152
vn -0.3293 0.4371 0.8370
vn -0.1230 0.0770 0.9894
vn -0.7037 -0.6209 0.3454
vn -0.7216 -0.6278 0.2918
vn 0.6115 0.1124 0.7832
vn -0.9405 -0.3397 -0.0087
vn 0.8543 -0.2637 0.4479
vn 0.5216 -0.1201 0.8447
vn 0.9615 -0.0000 0.2748
vn 0.4600 0.4427 0.7697
vn 0.5452 -0.4047 0.7341
vn -0.9615 -0.0000 -0.2748
vn 0.6282 0.1214 0.7685
vn -0.0767 -0.0056 0.9970
vn -0.3009 -0.3536 -0.8857
vn -0.3902 -0.7980 -0.4593
vn -0.6294 -0.4822 -0.6094
vn -0.4528 -0.6495 -0.6109
vn -0.0678 0.6007 -0.7966
vn -0.4459 0.3042 -0.8418
vn -0.4482 -0.4132 -0.7927
vn -0.6859 -0.3273 -0.6499
vn 0.1065 0.4209 -0.9008
vn -0.5808 -0.5629 -0.5881
vn -0.6444 -0.3048 -0.7013
vn 0.0419 0.5880 -0.8078
vn 0.1140 0.4167 -0.9019
vn -0.1402 0.6678 -0.7310
vn 0.1467 -0.4663 -0.8724
vn -0.5381 -0.3698 -0.7574
vn -0.7841 -0.1667 -0.5979
vn -0.5517 0.1065 -0.8272
vn 0.0670 0.7097 -0.7013
vn -0.2364 0.7698 -0.5929
vn -0.9166 0.3573 -0.1793
vn -0.6929 -0.4369 0.5736
vn -0.5464 -0.7882 0.2833
vn 0.0495 0.9980 0.0394
vn -0.4509 -0.4986 0.7403
vn -0.7930 0.5407 -0.2808
vn -0.3839 0.8985 0.2128
vn 0.8586 -0.1408 0.4930
vn 0.0431 0.9305 0.3637
vn 0.3686 -0.4088 0.8349
vn 0.4395 0.5020 0.7448
vn 0.4243 0.2343 0.8747
vn 0.5377 -0.5761 0.6156
vn 0.6328 0.7588 -0.1539
vn 0.3949 -0.2311 0.8892
vn -0.0936 0.1598 0.9827
vn 0.8082 0.3604 0.4657
vn 0.4930 -0.2033 0.8460
vn 0.3627 0.4170 0.8334
vn 0.2275 0.3431 0.9113
vn 0.1083 0.2579 0.9601
vn 0.2676 0.5449 0.7947
vn -0.3376 0.2637 0.9036
vn 0.2770 -0.0922 0.9564
vn 0.6965 0.6577 0.2869
vn 0.7548 -0.0985 0.6486
vn 0.7991 0.1759 0.5749
vn 0.3036 0.1211 0.9451
vn 0.5606 -0.1209 0.8192
vn 0.2621 0.8211 0.5071
vn 0.4817 0.3098 0.8197
vn -0.5054 0.6186 -0.6016
vn -0.9892 -0.0396 0.1408
vn 0.3523 0.2341 -0.9061
vn 0.2081 0.4118 0.8872
vn -0.0434 0.9124 0.4071
vn -0.5723 0.5363 -0.6203
vn -0.4035 0.8760 -0.2641
vn -0.3994 0.9014 0.1673
vn 0.3802 0.1301 0.9157
vn 0.4131 0.2344 -0.8800
vn 0.2921 0.9048 -0.3100
vn 0.3361 0.3540 -0.8728
vn 0.3597 0.5869 -0.7254
vn 0.2538 0.8516 0.4588
vn 0.3235 0.9458 0.0278
vn 0.2206 0.0859 0.9716
vn -0.3922 0.8897 -0.2338
vn 0.5290 0.7973 -0.2908
vn 0.2872 -0.9579 -0.0000
vn -0.2872 0.9579 -0.0000
vn 0.1333 0.9773 0.1644
vn -0.4972 0.8608 -0.1085
vn 0.4164 0.7479 0.5170
vn 0.6636 0.7294 -0.1660
vn 0.3591 0.7589 0.5433
vn -0.0000 0.2520 -0.9677
vn -0.6258 0.1578 -0.7639
vn 0.1289 -0.2479 -0.9602
vn -0.0177 -0.7738 -0.6332
vn 0.0372 -0.4052 -0.9135
vn -0.5481 0.0473 -0.8351
vn -0.9681 -0.2309 0.0978
vn -0.8505 0.1178 0.5127
vn -0.9758 0.1723 -0.1346
vn -0.9350 -0.0929 -0.3421
vn -0.1763 -0.9385 -0.2970
vn 0.5281 0.0656 -0.8467
vn 0.6189 -0.2534 -0.7435
vn 0.4463 -0.7235 -0.5266
vn -0.2074 0.6748 0.7083
vn 0.5118 0.4143 -0.7526
vn 0.3365 -0.1287 -0.9329
vn 0.0309 -0.6361 -0.7710
vn 0.5767 0.4479 0.6832
vn -0.3981 -0.2967 0.8680
vn 0.2801 -0.5493 -0.7873
vn 0.1739 -0.7053 -0.6873
vn -0.7027 -0.1130 0.7025
vn -0.0338 -0.3812 -0.9239
vn -0.9434 0.2971 0.1474
vn -0.8934 0.0758 0.4428
vn 0.0214 0.2998 0.9538
vn -0.8007 0.5088 0.3161
vn -0.5130 0.0120 0.8583
vn -0.5210 -0.3728 0.7679
vn -0.4242 0.8996 -0.1043
vn 0.0112 -0.0378 0.9992
vn -0.4362 0.1217 0.8916
vn -0.3923 0.3634 0.8450
vn 0.2550 0.9387 -0.2321
vn -0.7387 0.5254 0.4222
vn 0.9771 0.2129 -0.0000
vn -0.6192 0.4431 0.6482
vn -0.7127 0.4815 0.5102
vn -0.2599 0.9580 0.1211
vn -0.1285 0.9744 -0.1843
vn -0.5624 0.2041 0.8013
vn 0.4523 0.7030 0.5488
vn 0.3551 0.3049 0.8837
vn 0.1622 0.5512 0.8185
vn -0.0459 0.9982 -0.0377
vn 0.2135 0.0166 -0.9768
vn -0.2427 -0.5253 -0.8155
vn -0.7084 -0.4835 0.5141
vn -0.5562 -0.7227 0.4102
vn 0.2037 0.1119 -0.9726
vn 0.6237 -0.1729 -0.7623
vn -0.2064 0.7058 -0.6777
vn -0.6287 -0.5610 -0.5386
vn -0.5765 -0.3997 -0.7127
vn 0.0689 -0.6715 -0.7378
vn -0.3666 0.4592 -0.8091
vn -0.6798 -0.5914 -0.4337
vn -0.4193 -0.6788 -0.6029
vn 0.6004 0.1361 -0.7881
vn 0.0608 0.5421 -0.8381
vn -0.0373 -0.8214 -0.5691
vn 0.7268 0.1339 -0.6737
vn 0.6132 0.7840 -0.0964
vn 0.6165 -0.2434 0.7488
vn 0.0242 -0.4820 0.8758
vn -0.2424 0.0887 0.9661
vn 0.8978 -0.1187 0.4241
vn -0.6881 0.1602 0.7077
vn -0.6702 -0.2103 0.7118
vn -0.6458 -0.1470 0.7492
vn 0.4631 0.5664 0.6817
vn 0.1199 -0.7743 0.6213
vn -0.2935 0.5033 0.8127
vn 0.6848 -0.4336 0.5857
vn -0.7517 0.4432 0.4884
vn -0.7616 0.4362 0.4793
vn -0.7482 0.4666 0.4717
vn 0.5618 -0.1553 0.8126
vn -0.6142 0.6743 -0.4100
vn 0.7097 -0.0702 0.7010
vn 0.7105 -0.0686 0.7004
vn 0.6322 0.1931 0.7503
vn 0.8086 0.3429 0.4782
vn 0.0902 0.7521 0.6528
vn 0.3754 0.9226 0.0885
vn 0.2992 0.7967 0.5251
vn 0.4012 -0.0144 0.9159
vn 0.2520 0.3213 0.9128
vn -0.1357 0.4586 0.8782
vn 0.1864 0.5738 0.7975
vn -0.1658 0.8128 -0.5584
vn 0.9079 0.1895 -0.3740
vn 0.9614 0.2517 -0.1107
vn 0.8367 0.4627 -0.2930
vn 0.7283 -0.4533 -0.5139
vn 0.6697 0.1982 -0.7157
vn -0.0625 0.7067 -0.7047
vn 0.5752 0.4668 0.6718
vn 0.5217 -0.2977 -0.7995
vn 0.0171 0.7175 -0.6964
vn 0.4072 0.3513 0.8431
vn -0.0293 0.9812 -0.1910
vn 0.5589 -0.1231 -0.8200
vn 0.4805 0.8172 0.3184
vn 0.9929 0.1065 0.0536
vn 0.5021 0.7835 0.3662
vn -0.0264 0.9715 -0.2358
vn 0.5297 0.5061 0.6806
vn 0.0771 0.0217 0.9968
vn 0.0198 0.9164 0.3998
vn 0.1160 0.7276 0.6761
vn 0.9347 0.1215 0.3340
vn 0.3735 0.8481 0.3759
vn 0.6016 0.1958 0.7744
vn 0.0885 0.6361 0.7665
vn 0.7294 0.1926 0.6564
vn 0.8627 0.1963 0.4660
vn 0.6063 0.7900 0.0910
vn -0.3210 -0.6826 -0.6566
vn -0.5185 -0.5297 -0.6713
vn -0.8088 -0.5143 -0.2852
vn -0.7287 -0.5336 -0.4293
vn -0.9588 0.0181 -0.2834
vn -0.3381 0.0012 -0.9411
vn 0.7250 0.1378 -0.6748
vn 0.8077 -0.1053 -0.5802
vn 0.8213 -0.1512 -0.5501
vn -0.2225 -0.1560 -0.9624
vn 0.7303 -0.1903 0.6561
vn 0.8412 0.5188 0.1527
vn 0.8267 -0.2687 0.4943
vn 0.7582 0.5876 -0.2827
vn 0.6407 0.4167 0.6448
vn 0.6222 -0.1984 0.7573
vn 0.3894 0.2878 0.8749
vn 0.6856 -0.1935 0.7018
vn 0.7315 0.1944 0.6536
vn 0.5461 -0.2832 0.7884
vn -0.7656 0.5839 0.2699
vn -0.5128 0.4871 0.7069
vn 0.4083 0.4645 0.7858
vn 0.8557 -0.0714 0.5125
vn 0.1068 0.1895 0.9761
vn 0.8823 -0.1280 0.4530
vn 0.2948 0.2168 0.9306
vn 0.7124 0.4872 0.5051
vn 0.2170 0.9540 0.2069
vn 0.3642 0.1087 0.9250
vn -0.1420 -0.0459 0.9888
vn 0.9873 -0.1480 0.0578
vn -0.4292 0.6550 0.6219
vn 0.7335 -0.0802 0.6749
vn -0.1156 -0.7626 -0.6365
vn 0.9826 0.0172 -0.1850
vn -0.2753 -0.7270 -0.6291
vn 0.7200 0.4681 -0.5124
vn 0.5812 -0.3286 -0.7444
vn 0.3307 0.4849 -0.8096
vn 0.1612 0.6749 -0.7201
vn -0.0952 0.2120 -0.9726
vn 0.7981 -0.1287 -0.5886
vn 0.2617 0.3387 -0.9038
vn 0.7272 0.2648 0.6332
vn 0.2417 -0.9110 -0.3342
vn 0.6541 -0.6936 -0.3018
vn -0.2992 0.4423 -0.8455
vn 0.3416 0.4921 -0.8007
vn 0.2285 0.6460 -0.7283
vn 0.0158 0.9820 0.1884
vn -0.2400 0.2876 0.9272
vn -0.6989 0.4525 0.5539
vn 0.5143 0.5647 0.6454
vn -0.5437 0.7049 0.4556
vn -0.5374 0.7058 0.4615
vn 0.6369 0.7208 0.2735
vn 0.2463 0.9690 -0.0179
vn 0.1521 0.9496 0.2740
vn -0.1672 0.3781 0.9105
vn -0.3261 0.9271 0.1847
vn -0.4887 0.8702 0.0631
vn 0.2052 0.6435 0.7374
vn -0.3331 0.6345 0.6975
vn -0.6016 0.6597 0.4505
vn 0.1742 0.2182 0.9602
vn 0.1814 0.6063 0.7742
vn 0.7772 0.2077 0.5940
vn 0.5549 0.6394 0.5322
vn 0.3314 -0.0815 -0.9400
vn 0.6560 0.5876 -0.4737
vn 0.6373 0.7702 0.0247
vn 0.7021 0.5061 0.5010
vn 0.3251 0.2351 -0.9160
vn 0.9249 -0.3757 -0.0587
vn 0.0005 0.0012 1.0000
vn 0.2293 0.7024 0.6738
vn 0.4962 0.5865 -0.6402
vn 0.5438 0.8350 0.0842
vn 0.9111 0.0607 -0.4077
vn 0.8118 -0.3549 -0.4636
vn 0.5364 -0.3976 0.7444
vn 0.9893 -0.1413 -0.0372
vn 0.4676 0.4231 -0.7761
vn 0.5034 0.7092 -0.4936
vn 0.8510 0.4071 0.3318
vn 0.5605 -0.6707 -0.4858
vn -0.0000 -0.9492 0.3147
vn 0.0513 0.0851 0.9951
vn 0.1924 0.5398 0.8195
vn 0.7553 -0.2418 -0.6091
vn 0.8911 -0.4486 0.0684
vn 0.8071 0.4068 0.4280
vn 0.5061 -0.8554 -0.1100
vn -0.7116 0.1139 -0.6933
vn -0.5911 -0.6669 0.4537
vn -0.4296 -0.8805 0.2006
vn -0.4863 -0.7179 0.4982
vn -0.7792 -0.4004 0.4823
vn -0.7026 0.0509 0.7098
vn -0.6855 0.4594 0.5648
vn -0.5949 -0.3864 0.7048
vn -0.3301 -0.3710 -0.8680
vn -0.7286 -0.2693 0.6298
vn -0.8894 0.2032 -0.4095
vn -0.3437 -0.7530 -0.5611
vn -0.7915 -0.5678 0.2262
vn -0.5566 0.2243 -0.8000
vn -0.7194 -0.3526 0.5985
vn -0.4359 -0.2785 -0.8558
vn -0.3712 -0.5886 0.7182
vn -0.6544 0.0476 0.7546
vn -0.2016 0.9127 0.3553
vn -0.3987 0.9107 -0.1083
vn -0.8704 0.4748 -0.1302
vn -0.8103 0.1465 -0.5674
vn -0.6720 0.6630 -0.3299
vn -0.0868 0.9469 -0.3094
vn -0.5722 0.6784 -0.4609
vn -0.8860 -0.3014 -0.3523
vn -0.9712 0.2098 -0.1126
vn -0.5980 -0.1667 -0.7839
vn -0.7167 0.6397 0.2778
vn -0.9159 -0.0094 0.4012
vn -0.9162 0.2848 0.2820
vn -0.6686 -0.3059 -0.6777
vn -0.5997 -0.7803 -0.1777
vn 0.0330 -0.2159 0.9759
vn -0.2335 -0.5845 -0.7770
vn 0.5891 -0.2509 0.7681
vn -0.3841 -0.9048 -0.1839
vn -0.0120 -0.1265 0.9919
vn -0.4767 -0.8540 -0.2083
vn 0.1629 -0.6771 -0.7177
vn -0.8868 -0.4447 -0.1257
vn -0.4920 -0.2289 -0.8400
vn -0.8512 -0.4584 -0.2555
vn -0.7395 -0.1199 -0.6624
vn -0.6029 -0.2140 0.7686
vn -0.2773 0.3542 -0.8931
vn 0.2834 -0.6661 -0.6899
vn 0.1187 -0.4027 0.9076
vn 0.1707 -0.9300 -0.3257
vn 0.3814 -0.3527 0.8545
vn -0.7560 -0.1368 -0.6401
vn -0.8535 -0.5083 -0.1150
vn -0.6231 -0.5191 0.5850
vn -0.8903 -0.0161 0.4551
vn -0.9027 -0.1958 0.3832
vn 0.2321 -0.6441 0.7288
vn 0.2570 -0.9506 0.1743
vn 0.5136 0.2383 0.8243
vn 0.3238 0.0367 0.9454
vn -0.6392 -0.6701 0.3774
vn -0.7561 0.0107 0.6543
vn -0.4803 -0.3228 -0.8155
vn -0.5209 -0.1415 -0.8418
vn -0.4770 0.4675 0.7443
vn -0.5503 -0.2855 -0.7846
vn -0.3031 0.6785 -0.6692
vn -0.5883 -0.1357 -0.7971
vn -0.0725 0.0845 0.9938
vn -0.3433 -0.0346 -0.9386
vn -0.0406 -0.0106 -0.9991
vn 0.0549 -0.1457 -0.9878
vn 0.6467 0.1045 -0.7556
vn 0.5691 0.3470 -0.7455
vn -0.3620 -0.5215 -0.7727
vn 0.5705 0.1282 -0.8112
vn 0.5890 0.2147 -0.7791
vn 0.4516 0.1959 -0.8705
vn 0.3485 -0.1000 -0.9320
vn 0.3549 0.1927 -0.9148
vn -0.1533 -0.1572 0.9756
vn -0.6780 -0.1895 0.7103
vn 0.0062 0.1626 0.9867
vn -0.6758 0.0671 0.7341
vn -0.5170 -0.5474 0.6581
vn -0.8141 -0.5003 0.2950
vn 0.0269 -0.0918 0.9954
vn -0.3643 -0.6629 0.6541
vn -0.1315 0.0956 0.9867
vn 0.2478 0.1633 0.9549
vn -0.4257 0.4456 0.7875
vn -0.5937 -0.1340 0.7935
vn -0.7839 -0.2242 0.5790
vn -0.7082 -0.0637 0.7031
vn -0.6917 0.3737 0.6180
vn 0.1791 -0.4769 0.8605
vn -0.7462 0.0105 -0.6657
vn -0.2208 0.6538 -0.7237
vn -0.4378 0.7052 -0.5577
vn -0.5840 -0.1259 -0.8019
vn -0.5801 0.4184 -0.6989
vn -0.4854 0.6726 -0.5586
vn 0.2383 -0.0053 -0.9712
vn 0.1387 0.0836 -0.9868
vn 0.3094 -0.2784 -0.9093
vn -0.2286 -0.0270 -0.9731
vn 0.4123 0.0454 -0.9099
vn -0.4041 -0.6130 0.6789
vn -0.3849 -0.6497 0.6555
vn -0.7257 0.5271 0.4423
vn -0.5760 0.5216 0.6294
vn -0.7574 -0.2350 0.6092
vn 0.4004 0.6253 0.6699
vn 0.4001 0.0457 0.9153
vn -0.2568 0.0586 0.9647
vn -0.4613 -0.2417 0.8537
vn 0.4061 -0.4018 0.8208
vn -0.1297 -0.0045 0.9915
vn 0.3102 0.5288 0.7900
vn 0.2468 0.6638 0.7061
vn 0.2143 0.4532 0.8652
vn 0.3388 0.5276 0.7790
vn 0.0141 -0.5220 0.8528
vn 0.2106 -0.5307 0.8210
vn -0.9251 -0.0674 0.3738
vn -0.1582 -0.9874 0.0069
vn 0.5735 0.3448 0.7431
vn -0.4655 -0.0212 0.8848
vn -0.4978 0.1157 0.8595
vn -0.2697 -0.1129 -0.9563
vn 0.0737 -0.4964 0.8650
vn 0.0141 -0.4433 -0.8963
vn -0.5293 -0.8354 0.1480
vn 0.3050 -0.3989 0.8648
vn -0.8451 -0.3987 -0.3563
vn 0.1112 -0.9937 0.0169
vn -0.4093 -0.5352 -0.7390
vn 0.1465 -0.7971 0.5858
vn 0.2605 -0.4834 -0.8357
vn -0.4661 -0.6908 -0.5528
vn -0.2687 -0.8282 -0.4918
vn -0.4860 -0.6777 -0.5519
vn -0.6196 0.2216 -0.7530
vn -0.5666 -0.6250 -0.5370
vn 0.8465 -0.4505 0.2837
vn -0.2579 -0.4864 -0.8348
vn -0.7261 -0.4914 0.4810
vn -0.5214 -0.8519 0.0485
vn 0.1681 -0.0174 0.9856
vn -0.0546 0.2413 0.9689
vn -0.3746 -0.3370 -0.8638
vn 0.1424 0.4245 -0.8942
vn -0.2435 -0.2012 -0.9488
vn -0.2375 -0.4592 -0.8560
vn 0.4637 0.2485 -0.8504
vn -0.0692 0.8897 -0.4513
vn 0.3788 0.2527 -0.8903
vn 0.2251 0.5331 -0.8156
vn -0.1895 -0.6570 -0.7297
vn 0.1623 0.5555 -0.8156
vn 0.2036 0.4094 -0.8894
vn 0.2809 -0.1794 -0.9428
vn -0.1339 0.3928 -0.9098
vn -0.6885 -0.2190 -0.6914
vn 0.6847 -0.4929 0.5369
vn 0.3032 0.0871 0.9489
vn -0.0618 -0.6226 0.7801
vn -0.0905 -0.7973 0.5968
vn 0.6997 -0.5167 0.4934
vn 0.2000 -0.8608 0.4680
vn 0.4542 0.1579 0.8768
vn 0.6221 -0.2196 0.7515
vn 0.3233 -0.2327 0.9172
vn 0.1305 -0.3538 0.9262
vn -0.3138 -0.4402 0.8413
vn 0.8112 -0.2668 -0.5204
vn 0.2568 0.1436 -0.9557
vn 0.5992 0.7239 -0.3420
vn -0.4347 0.2966 -0.8503
vn 0.1494 -0.0808 -0.9855
vn 0.1988 -0.1798 -0.9634
vn -0.1046 0.0648 -0.9924
vn -0.5926 -0.2862 0.7529
vn -0.0713 0.5062 0.8595
vn 0.1318 -0.4777 0.8686
vn -0.7488 0.3230 0.5787
vn 0.1249 0.2329 0.9644
vn 0.0039 -0.6026 0.7980
vn 0.0332 -0.0845 0.9959
vn -0.0259 0.0016 0.9997
vn 0.4574 -0.5709 0.6818
vn -0.6704 0.0381 0.7411
vn 0.6643 -0.1585 0.7305
vn 0.9610 -0.2299 0.1537
vn -0.6259 0.3109 0.7152
vn 0.5607 -0.2549 0.7878
vn 0.7671 0.1863 0.6139
vn -0.1687 0.6968 0.6972
vn 0.5537 -0.2680 0.7884
vn -0.6525 0.4927 0.5757
vn -0.7435 0.2996 0.5979
vn -0.7068 -0.3594 0.6093
vn -0.0508 -0.2818 0.9581
vn -0.3514 0.2101 0.9124
vn -0.0180 -0.8167 0.5768
vn -0.1048 -0.7194 0.6866
vn -0.1343 0.6665 0.7333
vn 0.2062 0.1115 -0.9722
vn 0.1978 0.2046 -0.9586
vn 0.2606 0.2503 -0.9324
vn 0.8992 -0.1007 -0.4259
vn 0.2174 0.1897 -0.9575
vn 0.4491 0.6737 -0.5869
vn -0.6443 0.7459 -0.1690
vn 0.2486 0.0707 -0.9660
vn 0.9995 -0.0262 0.0188
vn 0.0562 0.2247 -0.9728
vn 0.0558 0.2268 -0.9723
vn 0.2133 -0.2227 -0.9513
vn -0.0497 -0.9831 -0.1763
vn 0.0251 -0.0404 -0.9989
vn -0.3670 -0.2748 0.8887
vn 0.2196 -0.1267 0.9673
vn -0.3681 -0.0070 0.9298
vn -0.3703 -0.8681 0.3307
vn 0.7440 -0.5478 0.3827
vn -0.0789 0.1610 0.9838
vn -0.8116 0.2100 0.5452
vn -0.2981 -0.9099 0.2884
vn 0.2415 -0.7381 0.6300
vn -0.1852 0.9827 -0.0000
vn 0.1036 -0.1984 0.9746
vn 0.2643 0.0782 0.9613
vn -0.2769 -0.8703 0.4073
vn -0.1387 0.0606 -0.9885
vn 0.1714 -0.4728 -0.8644
vn -0.0241 -0.2572 0.9661
vn -0.0031 0.2697 0.9629
vn -0.2703 -0.9594 -0.0807
vn 0.6471 -0.6926 -0.3188
vn -0.4631 -0.4478 -0.7648
vn 0.8490 -0.5163 -0.1125
vn -0.6844 -0.1110 0.7206
vn -0.0336 -0.9416 0.3350
vn 0.5274 -0.7706 0.3577
vn 0.5109 -0.5248 -0.6808
vn 0.5508 -0.2108 -0.8076
vn 0.2183 0.1008 -0.9707
vn -0.0763 0.2337 -0.9693
vn -0.5657 -0.0477 -0.8232
vn 0.7693 -0.5695 -0.2895
vn 0.0286 -0.5127 -0.8581
vn -0.3185 0.6369 -0.7021
vn -0.0200 0.3444 -0.9386
vn 0.6131 -0.6432 -0.4587
vn 0.5908 -0.5504 -0.5899
vn 0.0411 0.0097 -0.9991
vn -0.0000 0.2820 -0.9594
vn 0.9018 -0.1537 -0.4039
vn -0.0684 0.0714 -0.9951
vn 0.0959 -0.7083 -0.6994
vn -0.4700 -0.5779 -0.6672
vn -0.5891 -0.6729 -0.4474
vn 0.9628 0.1851 0.1969
vn -0.0766 -0.5593 -0.8254
vn 0.9983 0.0546 -0.0216
vn 0.1071 -0.5106 -0.8531
vn 0.9458 -0.0452 -0.3217
vn 0.9179 -0.0368 -0.3951
vn 0.9146 -0.4026 0.0369
vn -0.0121 0.1131 -0.9935
vn 0.0750 0.2905 -0.9539
vn 0.6857 -0.5516 -0.4749
vn 0.1286 -0.6278 0.7677
vn -0.6195 0.2641 0.7392
vn -0.7425 0.0762 0.6655
vn -0.0412 0.0481 0.9980
vn -0.2316 0.1749 0.9570
vn 0.1225 -0.2041 0.9712
vn -0.2794 0.4634 0.8409
vn -0.4295 -0.4039 0.8078
vn -0.8986 0.1211 0.4217
vn 0.0660 0.0303 0.9974
vn 0.5477 -0.5125 0.6614
vn -0.3573 -0.5680 0.7414
vn 0.6173 -0.0127 0.7866
vn 0.4271 0.3789 0.8210
vn -0.1908 -0.5110 0.8381
vn 0.6252 0.2504 0.7392
vn -0.0121 0.0477 -0.9988
vn -0.0274 -0.1113 -0.9934
vn -0.0839 0.1560 -0.9842
vn 0.2105 0.4956 -0.8426
vn -0.1167 0.1283 -0.9848
vn 0.5996 0.4479 -0.6632
vn 0.6321 -0.2523 -0.7327
vn 0.7627 0.5742 -0.2975
vn 0.8451 -0.4496 -0.2894
vn -0.0315 -0.6527 -0.7570
vn 0.0211 0.9945 -0.1029
vn 0.0781 0.0166 -0.9968
vn -0.0916 -0.0140 -0.9957
vn -0.0945 -0.0035 -0.9955
vn -0.6915 0.6659 -0.2802
vn 0.0584 0.0212 -0.9981
vn 0.3761 0.8188 -0.4338
vn 0.5316 -0.5168 -0.6710
vn -0.0000 0.9517 0.3070
vn -0.7090 -0.4611 -0.5336
vn -0.7706 -0.4129 -0.4855
vn 0.4675 0.8003 0.3754
vn 0.9137 0.4049 -0.0346
vn 0.6508 0.5526 -0.5207
vn 0.3994 0.5494 -0.7339
vn 0.2771 -0.9531 -0.1215
vn -0.4957 -0.6723 -0.5497
vn 0.6362 0.7695 -0.0550
vn -0.3684 0.8051 0.4649
vn 0.5121 -0.1230 0.8501
vn 0.3348 -0.3658 0.8684
vn 0.1945 0.5413 0.8180
vn 0.2078 0.3434 0.9159
vn 0.5841 -0.2163 0.7823
vn 0.4404 0.7800 0.4445
vn 0.4468 0.2003 0.8719
vn 0.0364 -0.0971 0.9946
vn -0.0518 -0.6940 0.7182
vn -0.0330 0.1090 0.9935
vn 0.8781 0.0671 0.4738
vn 0.0191 0.1936 0.9809
vn -0.3887 -0.2448 0.8882
vn 0.2017 0.2766 0.9396
vn 0.5076 -0.5917 0.6262
vn 0.4594 -0.7746 0.4347
vn -0.2614 0.0171 0.9651
vn 0.1532 0.7991 0.5814
vn -0.0271 -0.3188 0.9474
vn -0.1916 0.9803 -0.0485
vn -0.3188 0.9476 -0.0209
vn -0.9432 -0.2030 -0.2629
vn 0.7027 -0.5576 -0.4419
vn 0.4373 0.6861 -0.5814
vn 0.5128 -0.0589 -0.8565
vn 0.3481 -0.9066 -0.2386
vn -0.0361 0.9558 0.2917
vn 0.0035 -0.2751 -0.9614
vn 0.6852 0.4188 -0.5959
vn -0.1632 -0.9433 -0.2890
vn -0.6478 0.5957 -0.4749
vn -0.9589 0.1163 -0.2588
vn -0.5123 -0.6091 -0.6054
vn 0.9566 0.1023 0.2730
vn -0.3179 0.1161 -0.9410
vn 0.8783 0.3840 -0.2848
vn 0.8104 0.5181 -0.2737
vn 0.0075 0.2192 -0.9756
vn 0.8758 -0.3313 0.3511
vn 0.6354 0.7535 0.1690
vn 0.9740 0.2251 -0.0269
vn 0.4701 -0.2974 -0.8310
vn -0.0304 0.0562 -0.9980
vn 0.2499 -0.7951 -0.5526
vn -0.8087 -0.1033 0.5791
vn 0.6725 0.7233 -0.1565
vn -0.0155 0.1063 0.9942
vn 0.7757 -0.3942 0.4928
vn 0.5756 -0.4424 0.6877
vn 0.6002 -0.4965 0.6271
vn 0.4638 -0.1285 0.8766
vn 0.5994 0.1411 0.7879
vn 0.3218 0.0258 0.9464
vn 0.5043 -0.7743 0.3822
vn 0.1572 -0.7356 0.6589
vn 0.4650 0.0960 0.8801
vn 0.4532 -0.5671 0.6878
vn -0.6751 0.2648 0.6885
vn 0.2963 -0.8555 0.4247
vn 0.6931 -0.6887 0.2129
vn 0.8595 -0.2208 -0.4611
vn 0.3236 -0.1357 0.9364
vn 0.5691 0.7807 -0.2580
vn 0.9751 -0.1997 0.0964
vn 0.1900 -0.0140 0.9817
vn 0.6464 -0.7105 0.2779
vn -0.5006 -0.6498 0.5720
vn -0.6649 0.7344 -0.1366
vn -0.9656 0.0703 0.2505
vn -0.7134 -0.6811 0.1645
vn -0.5133 -0.8529 0.0949
vn 0.4241 0.7319 -0.5333
vn -0.5351 -0.7519 0.3851
vn -0.4594 0.7068 -0.5380
vn -0.7885 -0.5681 -0.2358
vn -0.7472 -0.0924 0.6581
vn -0.6669 0.6674 0.3315
vn -0.5295 -0.0652 0.8458
vn -0.5130 -0.3084 -0.8011
vn -0.3237 0.7755 -0.5421
vn -0.4203 0.6063 -0.6751
vn -0.6637 0.3108 -0.6804
vn -0.4579 0.4797 -0.7484
vn -0.3970 -0.4574 -0.7957
vn 0.9247 -0.1350 -0.3560
vn -0.1231 0.6366 -0.7613
vn -0.8083 0.5747 -0.1276
vn -0.9119 0.3747 -0.1673
vn -0.6825 0.2161 0.6982
vn -0.7899 -0.5834 -0.1888
vn -0.1289 -0.0651 0.9895
vn -0.5090 0.4932 0.7054
vn -0.1482 -0.0421 0.9881
vn 0.7029 -0.1814 0.6878
vn -0.4188 -0.0132 0.9080
vn -0.0422 -0.5887 0.8073
vn 0.2817 -0.5638 0.7763
vn 0.1763 0.1357 0.9749
vn -0.6351 0.5263 0.5654
vn -0.8362 0.2575 0.4843
vn -0.8503 0.2465 0.4651
vn -0.3686 -0.5069 0.7792
vn -0.6115 -0.5375 0.5806
vn -0.9662 0.1102 -0.2329
vn -0.8199 -0.1570 -0.5505
vn -0.6393 -0.2567 -0.7248
vn -0.9185 -0.3617 -0.1594
vn -0.9288 -0.1482 -0.3396
vn -0.5410 0.0016 -0.8410
vn -0.1524 0.2567 -0.9544
vn -0.5117 0.1922 -0.8374
vn -0.5465 -0.0722 -0.8343
vn -0.1709 0.5171 -0.8387
vn -0.4992 -0.2910 0.8161
vn -0.8619 0.4894 -0.1326
vn -0.0002 -0.0697 0.9976
vn -0.6845 -0.7268 0.0573
vn -0.4734 0.4658 0.7476
vn -0.8356 -0.3817 0.3951
vn -0.0065 -0.0939 0.9956
vn -0.3306 0.3299 0.8843
vn -0.4916 0.1345 0.8604
vn -0.2529 -0.5367 0.8049
vn 0.1074 -0.8269 0.5520
vn -0.5438 0.2830 0.7901
vn -0.1029 -0.5800 0.8081
vn -0.8102 0.5650 -0.1558
vn -0.7654 -0.6435 0.0075
vn -0.8578 0.2198 0.4646
vn -0.5438 0.1920 0.8170
vn 0.1747 0.9321 -0.3174
vn -0.1438 0.5199 -0.8421
vn -0.6730 0.1857 -0.7159
vn -0.4324 0.3184 -0.8436
vn -0.9551 0.2666 0.1289
vn -0.1830 0.9733 0.1384
vn -0.9717 0.0312 -0.2342
vn -0.5460 0.8376 -0.0154
vn -0.5555 0.8306 -0.0395
vn -0.7603 0.2968 0.5779
vn -0.4923 0.8515 0.1803
vn -0.5883 -0.3235 0.7411
vn -0.0876 0.9859 0.1428
vn 0.3796 -0.3767 0.8450
vn -0.9416 -0.1958 -0.2740
vn 0.1661 0.7287 -0.6644
vn -0.5487 0.8353 -0.0355
vn -0.8438 0.4982 0.1993
vn 0.4780 0.1859 -0.8584
vn 0.5897 0.0767 -0.8040
vn 0.9345 -0.3231 -0.1492
vn 0.3874 -0.3322 -0.8600
vn 0.7134 -0.0251 -0.7003
vn 0.7237 -0.0378 -0.6890
vn 0.2731 0.2220 -0.9360
vn 0.8697 0.4926 -0.0305
vn 0.9074 -0.1609 -0.3882
vn 0.3940 0.3557 -0.8475
vn 0.2997 0.1068 -0.9480
vn 0.2981 0.1013 -0.9491
vn 0.4660 0.0418 -0.8838
vn 0.3003 0.0029 -0.9538
vn 0.2770 0.0790 -0.9576
vn -0.6300 -0.6603 0.4088
vn 0.3258 0.3516 0.8776
vn 0.0706 -0.6376 0.7671
vn 0.1016 0.1526 0.9831
vn -0.5321 0.0132 0.8466
vn -0.5718 -0.6520 0.4979
vn -0.3297 -0.4129 0.8490
vn -0.4020 -0.5820 0.7069
vn 0.7315 -0.1183 0.6715
vn 0.1852 -0.9827 -0.0000
vn -0.3089 -0.0814 0.9476
vn -0.3747 -0.0075 0.9271
vn -0.6659 0.0134 0.7459
vn -0.6065 0.4936 0.6233
vn 0.5465 -0.4323 0.7172
vn 0.2344 0.2661 0.9350
vn 0.5178 0.6882 0.5083
vn 0.6312 -0.0288 -0.7751
vn -0.5289 -0.1629 -0.8329
vn -0.1764 0.6524 -0.7370
vn 0.7298 -0.0772 -0.6793
vn 0.8254 0.1270 -0.5501
vn 0.9182 -0.0205 -0.3956
vn 0.8841 -0.2995 -0.3587
vn 0.5866 0.0906 -0.8048
vn 0.6759 -0.0658 -0.7341
vn -0.0453 -0.2583 -0.9650
vn 0.7312 0.2910 -0.6170
vn 0.3738 0.0052 -0.9275
vn -0.5939 -0.7953 -0.1218
vn 0.0234 0.2699 -0.9626
vn -0.1334 0.3469 -0.9284
vn -0.3401 -0.4588 0.8208
vn -0.5714 0.6821 0.4563
vn 0.2906 0.6134 0.7344
vn -0.5767 0.1946 0.7934
vn -0.3899 -0.4182 0.8204
vn -0.1648 0.5545 0.8157
vn -0.0545 -0.0115 0.9984
vn -0.5155 0.3032 0.8015
vn -0.6560 -0.7537 -0.0396
vn 0.6467 0.0847 0.7581
vn -0.3465 -0.1470 0.9264
vn -0.4811 -0.5006 0.7197
vn -0.5268 -0.0502 0.8485
vn -0.0017 -0.6382 0.7698
vn 0.3596 -0.5784 -0.7322
vn 0.0448 0.6411 -0.7661
vn -0.1497 -0.6855 0.7125
vn -0.1374 -0.7323 0.6669
vn -0.2610 0.3096 0.9143
vn -0.6306 -0.1745 -0.7562
vn -0.2881 0.6022 -0.7445
vn -0.6795 0.2016 -0.7055
vn -0.4103 0.0259 -0.9116
vn -0.2044 0.6056 -0.7691
vn -0.3030 0.3344 -0.8924
vn 0.6920 -0.0423 -0.7207
vn -0.0239 -0.0141 -0.9996
vn 0.6909 -0.2653 -0.6725
vn 0.0022 0.6370 -0.7709
vn 0.5305 0.8229 -0.2032
vn 0.4881 -0.3561 -0.7968
vn 0.3704 -0.1457 -0.9174
vn 0.5069 -0.2509 -0.8247
vn -0.5565 -0.0192 -0.8306
vn -0.7403 0.6016 0.3000
vn 0.0087 -0.1590 -0.9872
vn 0.3152 -0.4213 -0.8504
vn 0.0663 0.1955 -0.9785
vn 0.2085 -0.5770 0.7897
vn -0.5783 0.8108 0.0904
vn -0.0837 0.9767 0.1975
vn -0.9364 0.1626 -0.3111
vn -0.9598 0.0794 0.2691
vn -0.8226 0.0894 0.5615
vn -0.2416 -0.5875 0.7723
vn -0.9139 -0.3956 0.0912
vn 0.0488 0.8660 0.4977
vn -0.1558 0.7323 0.6630
vn -0.1758 0.7059 0.6862
vn -0.1638 0.1521 0.9747
vn -0.5831 0.4436 0.6806
vn 0.6733 0.4592 0.5795
vn -0.3602 -0.1829 0.9148
vn -0.4379 0.6217 0.6494
vn -0.4176 0.6885 0.5930
vn -0.0423 0.6824 -0.7298
vn -0.3582 0.5746 0.7359
vn -0.4482 0.1963 0.8721
vn -0.2588 -0.1139 0.9592
vn -0.3467 0.3711 0.8615
vn -0.3512 0.7617 -0.5445
vn 0.0301 0.6493 0.7600
vn 0.1412 0.6986 0.7014
vn -0.0344 -0.4434 0.8957
vn -0.8943 0.0113 -0.4474
vn -0.1387 0.6945 0.7060
vn 0.2746 0.8491 -0.4512
vn 0.4882 0.7346 -0.4711
vn -0.7290 0.5331 -0.4293
vn -0.9988 -0.0372 -0.0322
vn -0.7509 0.5702 -0.3333
vn -0.3927 0.6130 0.6856
vn 0.3692 0.8823 -0.2920
vn 0.0919 0.4158 -0.9048
vn 0.2467 0.0314 -0.9686
vn 0.5972 -0.4030 -0.6936
vn -0.5907 -0.5119 -0.6237
vn 0.0409 0.2435 -0.9690
vn -0.0825 0.4389 -0.8948
vn 0.0285 0.2430 -0.9696
vn 0.0121 0.4592 -0.8882
vn -0.0532 0.0377 -0.9979
vn -0.2476 0.3465 -0.9048
vn 0.4816 -0.7492 -0.4547
vn -0.1308 0.0449 -0.9904
vn -0.1631 0.4115 -0.8967
vn 0.4353 -0.1478 0.8881
vn -0.4680 0.0789 0.8802
vn -0.2866 -0.0027 0.9580
vn -0.5631 0.6745 0.4774
vn 0.5167 0.5326 0.6703
vn -0.5968 0.3005 0.7440
vn 0.1621 -0.7183 0.6766
vn -0.0830 0.3233 -0.9426
vn 0.1766 -0.5026 0.8463
vn 0.3314 0.7111 -0.6200
vn 0.4477 -0.0318 0.8936
vn 0.7761 0.6222 -0.1032
vn 0.6137 0.7758 -0.1468
vn 0.4083 0.4648 0.7857
vn -0.1753 0.9844 -0.0173
vn -0.3122 -0.4866 0.8160
vn 0.2622 0.9571 -0.1232
vn 0.1733 -0.6477 0.7420
vn -0.5077 -0.4426 0.7392
vn -0.0064 -0.7446 0.6675
vn 0.9154 -0.1101 0.3871
vn 0.5970 0.5584 0.5760
vn 0.2345 -0.1762 -0.9560
vn 0.3067 -0.5632 -0.7673
vn 0.1663 0.8865 -0.4319
vn 0.6435 0.2784 0.7131
vn 0.9583 -0.2710 0.0903
vn -0.1573 -0.8427 -0.5150
vn 0.8066 0.5456 -0.2274
vn 0.7231 0.4780 -0.4987
vn -0.6184 -0.4595 -0.6375
vn 0.2382 0.8660 0.4398
vn -0.2483 0.4788 0.8421
vn 0.3015 -0.8537 0.4246
vn 0.1550 -0.8082 -0.5681
vn -0.6071 -0.6174 0.5002
vn -0.4827 -0.6378 0.6001
vn -0.5153 -0.7615 0.3932
vn -0.6298 -0.7228 0.2845
vn 0.1613 -0.6710 0.7237
vn -0.0813 0.3138 0.9460
vn -0.4538 0.8361 -0.3081
vn -0.7277 -0.0320 0.6851
vn -0.5604 -0.6718 -0.4843
vn -0.7122 0.5369 0.4522
vn -0.9617 0.2354 -0.1406
vn -0.0264 0.7369 -0.6755
vn 0.8042 -0.0392 0.5931
vn 0.5633 -0.2558 -0.7857
vn -0.2509 0.1962 -0.9479
vn -0.1551 -0.1401 -0.9779
vn 0.9541 0.2659 -0.1382
vn 0.9601 -0.2712 -0.0675
vn 0.8076 -0.1855 0.5599
vn -0.7114 -0.2607 -0.6526
vn 0.5418 0.1062 -0.8337
vn 0.7937 0.5414 0.2772
vn 0.8592 0.5106 -0.0323
vn 0.4698 -0.8785 0.0865
vn -0.3294 0.7319 -0.5965
vn 0.5835 -0.8060 0.0998
vn -0.9389 -0.1842 -0.2906
vn -0.6520 -0.6629 -0.3679
vn 0.6703 0.7421 -0.0004
vn 0.6510 0.6690 0.3587
vn -0.1578 -0.4410 -0.8835
vn -0.5630 -0.7898 0.2434
vn -0.4403 -0.8745 0.2032
vn -0.1118 0.5863 -0.8023
vn 0.3264 0.8901 0.3183
vn -0.8473 -0.3186 -0.4250
vn -0.7964 -0.6042 0.0246
vn -0.6387 0.1279 -0.7587
vn -0.6068 -0.3161 -0.7293
vn 0.7523 0.6436 -0.1408
vn 0.7634 0.1658 -0.6243
vn -0.4693 0.2082 0.8581
vn -0.3413 0.7494 -0.5673
vn -0.4094 0.8840 -0.2257
vn -0.4827 0.8731 -0.0688
vn -0.3280 0.9318 0.1551
vn -0.8651 0.4088 0.2905
vn -0.1809 -0.4183 0.8901
vn 0.0129 0.0636 0.9979
vn -0.0942 0.5657 0.8192
vn -0.5409 0.3625 0.7590
vn 0.9716 0.0720 0.2256
vn -0.0206 -0.1940 -0.9808
vn -0.1360 -0.7140 -0.6868
vn 0.1595 0.4276 -0.8898
vn 0.1706 -0.4905 -0.8546
vn 0.3043 0.7442 -0.5946
vn 0.5149 0.3840 -0.7664
vn -0.2264 -0.4804 -0.8473
vn -0.5014 -0.0643 -0.8628
vn -0.4956 0.5942 -0.6335
vn -0.3633 -0.5376 -0.7609
vn -0.6638 0.1049 -0.7405
vn -0.6390 0.5026 -0.5823
vn -0.1745 -0.5118 -0.8412
vn -0.3669 -0.8026 -0.4702
vn 0.4823 -0.2050 0.8517
vn 0.2093 0.6521 0.7287
vn 0.1100 -0.1669 0.9798
vn 0.0922 0.4077 0.9084
vn 0.4961 0.3445 0.7970
vn -0.1161 0.0660 0.9910
vn -0.4000 -0.6875 -0.6060
vn 0.6114 -0.7696 0.1842
vn 0.0809 0.3889 0.9177
vn 0.4694 -0.8328 0.2933
vn 0.0168 0.8633 0.5044
vn 0.2454 0.9656 0.0855
vn 0.4487 -0.8893 0.0885
vn 0.1446 -0.4475 0.8825
vn 0.6117 -0.2565 0.7483
vn 0.7068 -0.1600 0.6891
vn 0.8524 0.4306 0.2966
vn -0.8599 0.4888 0.1471
vn -0.6558 0.4206 0.6269
vn 0.5695 -0.7058 0.4213
vn 0.2720 0.6697 -0.6911
vn -0.1531 0.9846 0.0846
vn 0.7471 0.2853 0.6004
vn 0.0025 0.9999 0.0167
vn 0.5435 0.7640 -0.3475
vn 0.0691 0.2378 0.9689
vn -0.0273 -0.0091 -0.9996
vn 0.5427 -0.1325 0.8294
vn 0.0835 0.3956 0.9146
vn 0.5183 0.5323 0.6693
vn -0.0603 0.9795 0.1923
vn -0.1467 0.3929 0.9078
vn 0.1237 0.7101 -0.6931
vn -0.0209 -0.3281 0.9444
vn 0.6239 0.7783 -0.0709
vn 0.6645 0.7462 -0.0402
vn 0.5075 -0.8616 0.0090
vn 0.0306 -0.7997 -0.5996
vn 0.3579 -0.8052 -0.4728
vn 0.0722 -0.6945 -0.7158
vn 0.1222 -0.1143 -0.9859
vn -0.2797 -0.6981 -0.6591
vn -0.4402 -0.5571 -0.7042
vn -0.1055 -0.9039 -0.4145
vn -0.0184 -0.0653 -0.9977
vn 0.2352 -0.7560 -0.6109
vn 0.1455 -0.7675 -0.6244
vn -0.1418 -0.0458 -0.9888
vn -0.3811 -0.3613 -0.8510
vn -0.2974 -0.7722 0.5616
vn -0.0039 -0.8280 -0.5608
vn -0.3103 -0.6568 -0.6873
vn 0.0311 0.0903 0.9954
vn -0.1581 -0.5142 0.8430
vn 0.0255 -0.0817 0.9963
vn 0.4490 -0.8905 -0.0732
vn 0.7124 -0.5780 0.3979
vn -0.7365 -0.4323 -0.5202
vn 0.3224 -0.8361 0.4438
vn -0.0334 0.1412 0.9894
vn -0.1750 -0.4061 0.8969
vn 0.2804 -0.0000 -0.9599
vn -0.2804 -0.0000 0.9599
vn 0.1879 -0.8474 0.4966
vn -0.4413 -0.8959 0.0518
vn -0.9367 -0.1549 0.3139
vn -0.1157 -0.9929 0.0268
vn -0.6837 0.0464 0.7283
vn -0.7104 -0.0529 0.7018
vn 0.0036 -0.8622 -0.5065
vn 0.7585 -0.2120 0.6162
vn -0.3208 -0.4719 0.8212
vn 0.2118 -0.9555 -0.2054
vn 0.3504 -0.6423 0.6816
vn -0.4424 0.1777 0.8790
vn -0.4200 -0.8740 -0.2443
vn -0.8695 -0.3586 0.3398
vn -0.3618 -0.8787 0.3115
vn -0.0527 0.0582 0.9969
vn -0.6423 -0.1462 0.7524
vn -0.5906 -0.5827 0.5583
vn -0.0925 -0.7733 0.6272
vn -0.3325 -0.8951 0.2971
vn -0.3863 -0.1458 0.9108
vn -0.3669 -0.5208 0.7708
vn -0.2051 0.5184 -0.8302
vn -0.3329 0.2314 -0.9141
vn -0.3126 -0.7431 -0.5917
vn 0.4696 0.3881 -0.7930
vn 0.6612 0.6723 -0.3328
vn 0.0794 -0.2396 -0.9676
vn 0.8917 -0.4526 0.0040
vn 0.3320 0.8950 -0.2978
vn -0.7588 0.3879 -0.5232
vn 0.1993 0.3129 -0.9286
vn 0.1922 0.4552 -0.8694
vn 0.0932 0.3986 -0.9124
vn 0.0958 0.4120 -0.9061
vn 0.4236 -0.1595 0.8917
vn 0.4103 0.1652 0.8968
vn -0.6272 0.4793 0.6139
vn -0.8993 0.3586 0.2502
vn -0.8428 -0.3833 0.3778
vn -0.4681 0.3700 0.8025
vn -0.4843 -0.1617 0.8598
vn -0.8177 0.3189 0.4792
vn -0.3370 0.5030 0.7959
vn -0.1841 -0.4193 0.8890
vn 0.7307 -0.4958 0.4692
vn -0.0394 -0.0737 0.9965
vn 0.9981 0.0614 -0.0002
vn 0.1045 0.7789 0.6183
vn -0.4462 -0.3039 0.8417
vn 0.0267 0.9640 -0.2647
vn -0.4247 0.7934 0.4361
vn 0.4176 0.7679 0.4856
vn -0.6990 -0.2342 -0.6757
vn -0.8151 0.4209 -0.3980
vn -0.5340 0.4905 0.6887
vn -0.6981 0.7062 -0.1182
vn -0.7117 0.6790 -0.1799
vn -0.3243 0.7888 -0.5221
vn -0.8739 -0.4196 0.2453
vn -0.7707 -0.3359 -0.5416
vn -0.4214 0.3367 0.8420
vn 0.5166 -0.2419 0.8214
vn -0.9501 0.2529 -0.1826
vn -0.6662 0.0385 -0.7448
vn -0.4487 0.6509 -0.6124
vn -0.3929 -0.0455 -0.9185
vn -0.7273 -0.2110 0.6531
vn -0.0725 0.0676 0.9951
vn 0.0196 -0.0224 0.9996
vn -0.0547 -0.8386 0.5420
vn -0.6372 -0.3525 -0.6853
vn -0.0193 0.9873 0.1575
vn -0.1622 0.9739 -0.1586
vn 0.0381 0.0522 -0.9979
vn 0.2856 0.1656 -0.9439
vn -0.4841 0.7793 -0.3980
vn 0.9994 0.0197 0.0285
vn 0.3153 0.1939 -0.9290
vn 0.7467 -0.1623 -0.6450
vn 0.7602 0.1198 -0.6386
vn 0.8024 0.0667 -0.5931
vn 0.8171 0.0287 -0.5757
vn 0.8064 0.1062 -0.5818
vn 0.6265 -0.3399 -0.7014
vn -0.0064 -0.4981 -0.8671
vn 0.5197 0.4056 -0.7519
vn 0.0635 -0.0506 -0.9967
vn -0.9322 0.3615 0.0171
vn -0.0126 -0.2849 0.9585
vn -0.8476 -0.4870 0.2109
vn 0.3716 -0.4935 -0.7864
vn -0.8604 -0.1654 0.4820
vn -0.8734 -0.4739 0.1122
vn -0.9109 0.3278 0.2506
vn -0.5305 0.8363 -0.1387
vn -0.7498 -0.2217 -0.6233
vn 0.0382 -0.2081 0.9774
vn -0.5655 -0.3993 0.7216
vn -0.6799 -0.7333 -0.0083
vn 0.2957 0.8875 0.3533
vn -0.4160 -0.3179 0.8520
vn 0.0401 0.2066 0.9776
vn 0.0186 0.8464 0.5322
vn -0.1385 0.9672 -0.2130
vn 0.3036 -0.2210 -0.9268
vn -0.8532 0.3886 -0.3478
vn -0.9102 -0.0245 0.4135
vn -0.6801 -0.7159 -0.1578
vn -0.2947 -0.4738 0.8298
vn -0.7651 0.3757 -0.5229
vn -0.5381 -0.6056 0.5863
vn -0.1140 -0.7889 -0.6039
vn -0.3332 -0.5485 -0.7669
vn -0.8777 0.3054 0.3693
vn -0.1779 0.0197 0.9838
vn 0.5271 0.0815 -0.8459
vn -0.3858 -0.3029 -0.8714
vn -0.5049 0.6043 0.6164
vn -0.8339 0.1292 0.5365
vn -0.6393 -0.2286 0.7342
vn -0.6391 -0.3674 0.6757
vn -0.6076 0.1099 0.7866
vn -0.1715 -0.0172 0.9850
vn -0.0175 -0.4116 0.9112
vn -0.2176 0.7953 0.5657
vn 0.2251 0.8735 0.4316
vn -0.5481 -0.6187 -0.5628
vn 0.1346 0.8097 -0.5711
vn 0.4407 -0.3125 -0.8415
vn 0.0726 -0.0394 -0.9966
vn 0.9841 -0.1576 -0.0819
vn 0.6533 -0.4434 -0.6136
vn 0.8200 -0.1498 -0.5525
vn -0.0658 0.6639 -0.7449
vn -0.0774 0.6306 -0.7722
vn 0.5945 -0.7848 -0.1754
vn 0.0316 -0.1297 -0.9911
vn 0.0640 -0.9926 -0.1029
vn 0.1851 -0.9625 -0.1983
vn 0.6670 -0.0287 0.7445
vn 0.8403 0.2184 0.4962
vn 0.6526 -0.7326 0.1935
vn 0.5059 -0.6892 0.5187
vn 0.5443 -0.5422 0.6401
vn 0.1484 -0.1500 0.9775
vn 0.6258 -0.7777 -0.0604
vn -0.3121 -0.1178 0.9427
vn -0.2206 -0.0108 0.9753
vn -0.2296 -0.9445 0.2350
vn -0.5149 -0.4371 0.7375
vn 0.4208 -0.8281 0.3703
vn 0.4910 -0.5328 0.6892
vn 0.9527 -0.2901 -0.0908
vn 0.6940 -0.6952 0.1872
vn -0.5213 -0.7532 0.4011
vn 0.2590 -0.6464 0.7177
vn 0.7269 -0.3657 0.5812
vn 0.5295 -0.7743 -0.3465
vn -0.0884 -0.9884 -0.1236
vn 0.1266 -0.8789 0.4599
vn 0.3585 -0.5288 0.7693
vn 0.1548 -0.8586 -0.4888
vn 0.3171 0.3540 -0.8798
vn -0.0129 0.5231 -0.8522
vn -0.4476 0.5721 -0.6873
vn -0.0390 0.5159 -0.8558
vn -0.5994 0.5993 -0.5306
vn -0.6682 0.4491 -0.5931
vn 0.3457 -0.7650 -0.5435
vn 0.7438 -0.1454 -0.6524
vn 0.3122 -0.3698 0.8751
vn -0.4599 0.0799 0.8844
vn -0.7971 -0.5463 0.2573
vn 0.2565 0.4410 -0.8601
vn 0.2770 0.4631 -0.8419
vn 0.2522 -0.6925 0.6759
vn 0.6586 -0.6011 0.4527
vn 0.6178 -0.1573 0.7704
vn 0.9448 -0.2094 0.2521
vn -0.0351 0.5037 -0.8632
vn -0.7477 0.4001 0.5301
vn 0.0046 0.1172 0.9931
vn -0.6661 -0.0513 0.7441
vn 0.5178 -0.0919 0.8506
vn -0.2357 -0.2743 0.9323
vn -0.7619 -0.5656 0.3156
vn -0.0146 0.5165 0.8562
vn 0.3210 -0.4737 0.8201
vn -0.5544 -0.4675 0.6885
vn -0.8014 0.1323 0.5833
vn -0.5533 -0.6517 0.5188
vn 0.3588 -0.8954 0.2634
vn -0.6396 0.1602 0.7519
vn 0.4168 -0.4489 0.7904
vn -0.0797 -0.0626 0.9949
vn 0.5110 -0.8155 0.2716
vn 0.3088 -0.6639 0.6811
vn 0.9878 -0.0368 0.1512
vn 0.6365 0.7050 -0.3127
vn 0.8359 0.3813 -0.3949
vn 0.7411 -0.1624 -0.6514
vn 0.3934 -0.4524 -0.8003
vn 0.5658 0.0692 -0.8216
vn -0.3600 0.3063 -0.8812
vn 0.6902 -0.5901 -0.4187
vn 0.4068 0.1845 -0.8947
vn -0.0881 -0.7548 -0.6500
vn 0.3127 0.1319 -0.9406
vn 0.2154 -0.1312 -0.9677
vn -0.0822 0.3978 -0.9138
vn -0.0619 -0.0397 -0.9973
vn 0.0011 -0.1584 -0.9874
vn -0.0417 -0.4243 0.9046
vn -0.5820 0.1368 0.8016
vn -0.8421 0.2836 0.4587
vn -0.0151 0.0827 0.9965
vn -0.4822 -0.4516 0.7506
vn 0.9554 -0.0000 -0.2954
vn -0.1256 0.3561 0.9259
vn 0.0472 -0.6385 0.7682
vn 0.4518 0.2993 0.8404
vn -0.9554 -0.0000 0.2954
vn 0.2746 0.7530 0.5980
vn 0.4547 -0.1066 0.8843
vn -0.1542 0.7526 0.6401
vn -0.5689 0.8093 0.1466
vn 0.1413 -0.7161 0.6835
vn 0.3066 -0.8607 0.4064
vn -0.5764 -0.5728 0.5828
vn 0.1937 0.2486 0.9491
vn 0.4207 0.3621 0.8318
vn -0.3247 -0.8200 0.4714
vn -0.4736 0.1267 0.8716
vn 0.0040 -0.9999 0.0112
vn 0.7779 0.0104 -0.6283
vn -0.3127 -0.6366 -0.7049
vn -0.6988 0.5106 -0.5009
vn 0.8127 0.0315 -0.5818
vn 0.7186 0.2139 -0.6617
vn -0.0246 -0.6596 -0.7512
vn 0.4895 0.1447 -0.8599
vn 0.7647 0.2528 -0.5927
vn 0.7552 -0.2801 -0.5927
vn 0.4568 -0.2690 -0.8479
vn 0.1365 -0.9673 -0.2137
vn -0.0880 -0.8025 0.5901
vn 0.8125 -0.4842 0.3247
vn -0.0930 0.6094 0.7874
vn -0.4189 -0.7816 0.4621
vn -0.5427 0.6343 -0.5507
vn 0.1618 -0.9652 -0.2053
vn 0.1422 -0.9328 -0.3312
vn 0.0727 -0.5534 0.8297
vn 0.2792 0.5425 0.7923
vn -0.5734 -0.7909 0.2136
vn 0.6424 -0.7101 0.2882
vn 0.6838 0.1331 0.7175
vn 0.7499 -0.4287 0.5039
vn 0.5447 0.1246 -0.8293
vn 0.5718 -0.5024 0.6486
vn 0.1855 -0.7278 0.6602
vn 0.0927 -0.0262 0.9953
vn -0.4168 -0.1874 0.8895
vn 0.4971 -0.8123 0.3050
vn 0.9519 -0.1818 -0.2466
vn 0.9711 0.0964 -0.2182
vn -0.1157 -0.9814 0.1531
vn 0.5718 -0.5242 -0.6311
vn 0.4400 -0.7082 -0.5521
vn 0.5448 -0.0794 0.8348
vn 0.9637 -0.0668 0.2584
vn -0.4540 -0.1379 0.8803
vn 0.9981 -0.0356 0.0496
vn 0.7233 -0.6204 0.3032
vn 0.0992 -0.4751 0.8743
vn 0.7473 0.3937 -0.5353
vn -0.1150 0.3152 -0.9420
vn 0.8524 -0.0459 -0.5209
vn 0.3581 -0.0294 -0.9332
vn -0.0849 -0.2393 -0.9672
vn -0.8922 0.2783 -0.3558
vn -0.9016 0.2539 -0.3503
vn -0.8856 0.1833 -0.4268
vn 0.6416 -0.4717 -0.6048
vn -0.0247 -0.7007 -0.7131
vn 0.6587 -0.0700 -0.7492
vn -0.5147 0.0816 -0.8535
vn 0.5249 -0.4810 0.7022
vn -0.7659 0.2355 -0.5983
vn -0.7659 0.2088 -0.6081
vn -0.3028 -0.1335 0.9436
vn -0.2999 -0.6815 0.6676
vn 0.2814 -0.5847 0.7609
vn 0.4729 -0.5823 -0.6613
vn 0.8229 0.2457 0.5123
vn 0.8355 0.0733 0.5446
vn 0.9087 -0.0055 0.4173
vn 0.8907 0.1870 0.4143
vn 0.5143 -0.8253 0.2332
vn -0.6256 -0.0201 0.7799
vn 0.1470 0.5218 0.8403
vn 0.0477 -0.3518 0.9349
vn 0.5271 -0.4900 0.6943
vn 0.4172 -0.6268 0.6581
vn -0.1047 -0.2378 0.9657
vn -0.5743 -0.5499 0.6065
vn -0.6245 -0.4260 0.6546
vn -0.8730 -0.1694 0.4574
vn 0.5025 0.8133 0.2934
vn -0.0209 -0.8027 0.5960
vn -0.1134 -0.5079 0.8539
vn 0.5580 -0.8298 0.0053
vn 0.8505 0.5257 0.0166
vn 0.4284 0.8374 0.3396
vn 0.2308 -0.8425 0.4868
vn 0.6361 -0.3543 0.6855
vn 0.9959 0.0296 -0.0854
vn 0.8785 0.0087 0.4777
vn 0.2939 -0.7120 -0.6378
vn 0.0108 -0.5325 0.8464
vn 0.2090 -0.6857 0.6972
vn 0.3525 -0.0536 0.9343
vn 0.3236 0.8049 0.4975
vn 0.2528 -0.7607 -0.5979
vn 0.9673 -0.1517 0.2033
vn 0.6591 0.3350 -0.6733
vn -0.6514 -0.5434 -0.5295
vn -0.3854 0.4241 -0.8195
vn 0.7902 -0.5649 -0.2375
vn 0.3331 -0.1825 -0.9250
vn -0.0390 0.1105 -0.9931
vn 0.0380 -0.2929 -0.9554
vn -0.3693 -0.1153 -0.9221
vn -0.5823 0.8046 -0.1160
vn 0.5835 -0.2320 -0.7783
vn 0.7297 -0.3569 -0.5832
vn 0.7133 -0.6977 0.0667
vn -0.2752 -0.3498 -0.8955
vn 0.5854 -0.6998 0.4094
vn -0.0985 -0.4840 0.8695
vn 0.6986 -0.6057 0.3809
vn 0.7555 -0.6524 0.0595
vn 0.7315 -0.6028 -0.3187
vn -0.2261 0.9367 -0.2674
vn -0.2908 0.9350 -0.2028
vn -0.5150 0.6743 0.5293
vn -0.4877 0.8006 -0.3482
vn 0.6034 0.7053 -0.3721
vn 0.1596 0.3394 0.9270
vn -0.9724 -0.2224 0.0710
vn -0.3983 -0.1865 0.8981
vn -0.8710 -0.2693 0.4109
vn -0.7304 0.6061 -0.3148
vn 0.0055 -0.0029 1.0000
vn -0.2631 -0.5749 -0.7748
vn 0.1024 -0.9371 -0.3337
vn -0.6554 -0.7527 -0.0623
vn 0.9274 0.0289 0.3731
vn -0.0340 -0.6943 0.7189
vn 0.1478 0.4691 0.8707
vn -0.5266 0.7178 -0.4555
vn -0.8986 0.4066 -0.1652
vn -0.0760 0.0581 0.9954
vn -0.7059 -0.3169 -0.6335
vn 0.3606 0.8871 0.2882
vn -0.7342 -0.2598 -0.6273
vn 0.0203 -0.9594 -0.2812
vn -0.7748 -0.6070 0.1767
vn 0.7199 0.6484 -0.2477
vn 0.5932 0.7856 0.1756
vn 0.9967 0.0127 0.0805
vn 0.9765 -0.1412 0.1629
vn 0.6323 -0.7748 0.0003
vn 0.8479 -0.5302 0.0002
vn 0.2792 0.2863 0.9166
vn -0.5113 0.3654 -0.7778
vn -0.5625 0.3082 -0.7672
vn 0.6212 0.7833 -0.0233
vn 0.7069 -0.7018 0.0886
vn 0.4599 -0.8423 0.2810
vn -0.1149 -0.0646 0.9913
vn 0.2384 0.9712 0.0040
vn -0.5531 -0.8020 -0.2258
vn -0.4398 -0.8730 0.2108
vn 0.6901 -0.7206 0.0671
vn -0.3749 0.4065 -0.8332
vn -0.2426 0.9427 -0.2288
vn -0.1529 0.8490 -0.5058
vn -0.8209 0.2455 0.5157
vn -0.5045 0.7548 0.4192
vn 0.0444 -0.8944 -0.4450
vn -0.1597 -0.7735 -0.6133
vn -0.5330 0.1507 0.8326
vn -0.5551 -0.1757 -0.8130
vn -0.6327 -0.0230 -0.7740
vn -0.5968 -0.3449 -0.7244
vn -0.5976 -0.4784 -0.6434
vn -0.2316 0.0776 -0.9697
vn -0.9386 -0.3422 0.0450
vn -0.2001 -0.8895 -0.4107
vn -0.0889 -0.5439 -0.8344
vn 0.6683 0.5683 -0.4800
vn 0.7400 0.1002 -0.6651
vn 0.3080 -0.8745 -0.3746
vn 0.3824 -0.6776 -0.6281
vn -0.2324 -0.9507 -0.2054
vn 0.8577 -0.0751 -0.5087
vn -0.7602 -0.1231 0.6379
vn -0.7265 -0.5037 0.4674
vn 0.3773 0.3764 0.8461
vn -0.2259 0.8177 -0.5294
vn 0.9121 -0.0158 -0.4097
vn 0.7548 -0.1661 -0.6346
vn 0.7338 -0.6404 0.2269
vn 0.6500 -0.5859 0.4840
vn -0.2496 -0.9493 0.1911
vn -0.6519 -0.6123 0.4473
vn 0.5103 -0.5877 -0.6279
vn -0.0804 0.7838 -0.6158
vn -0.5022 0.8040 0.3186
vn 0.0114 0.9089 0.4169
vn 0.2368 0.5507 -0.8004
vn 0.3233 0.6030 0.7293
vn -0.2186 -0.9259 0.3081
vn -0.1610 -0.9848 -0.0651
vn -0.6975 0.0893 0.7110
vn -0.9865 -0.1430 0.0796
vn -0.9754 -0.2097 0.0683
vn 0.5267 -0.2599 -0.8093
vn -0.7956 -0.5849 0.1577
vn 0.2231 -0.9748 0.0012
vn 0.0662 -0.6469 -0.7597
vn 0.4276 0.3932 0.8140
vn -0.8520 -0.5206 -0.0549
vn -0.7769 0.6273 0.0540
vn -0.7500 0.5610 -0.3503
vn -0.4489 -0.3554 -0.8198
vn -0.3930 -0.8618 0.3208
vn 0.1519 -0.8951 0.4193
vn -0.0400 -0.3283 0.9437
vn -0.7466 0.5980 -0.2915
vn -0.2115 0.0819 -0.9739
vn -0.1778 0.5821 -0.7934
vn -0.8426 -0.5269 0.1118
vn -0.3136 0.5412 0.7802
vn -0.5979 -0.4657 0.6525
vn -0.9092 -0.0543 0.4128
vn 0.2495 -0.6469 0.7207
vn -0.5848 -0.1971 -0.7869
vn 0.5093 0.0778 0.8571
vn 0.7010 0.5052 0.5034
vn 0.7709 0.3864 0.5064
vn 0.7817 0.5486 0.2966
vn 0.3144 0.3082 0.8979
vn 0.6109 0.6220 0.4898
vn 0.3832 0.9218 -0.0590
vn -0.3712 -0.1860 0.9097
vn 0.1384 -0.4572 -0.8785
vn -0.1003 0.0018 -0.9950
vn -0.3300 -0.8451 -0.4205
vn -0.3068 0.1729 -0.9359
vn -0.6480 -0.5176 -0.5588
vn -0.0203 0.1646 -0.9861
vn -0.5218 -0.4881 -0.6996
vn -0.1572 0.7222 -0.6736
vn 0.5078 0.1753 -0.8434
vn -0.4074 -0.4906 -0.7703
vn 0.5180 0.1770 -0.8369
vn -0.0803 0.4479 -0.8905
vn -0.1343 -0.0872 0.9871
vn -0.7015 -0.2393 0.6713
vn 0.9726 -0.0000 -0.2325
vn -0.5912 0.7727 -0.2309
vn -0.6822 -0.3959 0.6147
vn -0.8143 0.5543 0.1722
vn -0.9368 0.3422 0.0723
vn -0.5158 -0.7844 0.3445
vn 0.2491 0.9089 0.3344
vn -0.1619 -0.1959 0.9672
vn -0.3230 0.4906 0.8093
vn -0.1873 0.2154 0.9584
vn -0.9726 -0.0000 0.2325
vn -0.0976 0.2649 0.9593
vn -0.3885 -0.2468 0.8878
vn -0.2783 -0.7406 0.6116
vn 0.8710 0.1772 0.4583
vn 0.0949 0.9034 0.4181
vn 0.3066 0.9031 0.3007
vn -0.0835 0.4466 0.8909
vn 0.3927 0.4866 0.7804
vn 0.1479 0.7270 0.6705
vn -0.2629 0.5887 0.7644
vn -0.1396 0.0928 0.9858
vn -0.1451 -0.0092 0.9894
vn 0.7064 0.6818 0.1901
vn 0.7694 0.4312 0.4712
vn 0.7250 -0.0337 0.6879
vn 0.0553 0.9884 -0.1418
vn -0.9094 0.2859 -0.3022
vn 0.2358 0.5853 -0.7758
vn 0.2752 0.6385 -0.7187
vn 0.0046 0.8673 0.4978
vn -0.3949 0.9037 0.1655
vn -0.3102 0.5943 -0.7420
vn -0.4632 0.2887 -0.8379
vn 0.8798 -0.4343 -0.1930
vn 0.9890 -0.0470 0.1404
vn 0.4186 0.9072 -0.0429
vn -0.0067 0.9962 -0.0863
vn 0.5839 0.7772 -0.2346
vn 0.5434 0.5361 0.6460
vn 0.6493 -0.3606 0.6696
vn -0.3424 0.9324 -0.1154
vn 0.4964 0.1878 0.8475
vn 0.3883 0.2801 0.8780
vn 0.4438 0.8216 0.3579
vn -0.0000 -0.2520 0.9677
vn -0.8612 -0.4127 -0.2966
vn 0.5689 0.0611 -0.8201
vn 0.5569 0.0638 -0.8281
vn -0.3564 -0.2831 -0.8904
vn -0.5052 0.8610 -0.0586
vn -0.3524 -0.5976 -0.7202
vn -0.9586 -0.2711 0.0871
vn -0.7992 -0.3092 -0.5154
vn -0.0258 0.0251 0.9994
vn -0.9879 0.1468 -0.0506
vn -0.8640 -0.1575 -0.4781
vn -0.3650 -0.4184 0.8317
vn -0.1429 -0.8085 0.5709
vn 0.6014 0.0328 0.7983
vn -0.0497 -0.0382 0.9980
vn -0.4228 -0.5131 -0.7470
vn 0.4844 0.4386 -0.7570
vn 0.6690 -0.5167 -0.5343
vn 0.4059 0.8861 0.2239
vn -0.3191 0.7222 0.6137
vn 0.0941 0.2373 0.9669
vn -0.3468 0.9142 0.2098
vn 0.3844 -0.2061 -0.8999
vn -0.2584 -0.4756 -0.8408
vn 0.4996 0.5356 0.6808
vn 0.0358 0.1077 0.9935
vn 0.4031 0.1782 0.8976
vn 0.2241 -0.4741 -0.8515
vn -0.6368 0.5684 0.5210
vn 0.3574 0.5865 0.7268
vn -0.1651 -0.1881 -0.9682
vn -0.0083 -0.6268 -0.7791
vn 0.3151 0.6711 0.6711
vn -0.9277 0.3511 0.1270
vn -0.5349 0.8346 -0.1314
vn -0.5279 0.0064 0.8493
vn -0.9471 0.2338 0.2200
vn -0.9771 -0.2129 -0.0000
vn 0.0077 -0.2313 0.9728
vn 0.0115 -0.0375 0.9992
vn 0.0433 0.9798 0.1953
vn 0.3879 0.2026 0.8992
vn 0.4260 0.3546 0.8323
vn -0.2946 -0.2964 0.9085
vn -0.9637 -0.1145 0.2411
vn 0.2406 0.8552 0.4591
vn 0.1863 -0.4790 0.8578
vn 0.2883 0.9555 0.0622
vn 0.0445 -0.0767 0.9961
vn -0.6608 0.2918 0.6915
vn 0.9156 0.2276 -0.3315
vn -0.6484 -0.4031 -0.6458
vn -0.4227 -0.7989 -0.4279
vn 0.0273 0.6361 -0.7711
vn -0.8207 -0.0679 -0.5673
vn -0.8970 -0.2429 0.3693
vn -0.8708 -0.3517 0.3435
vn -0.6472 -0.6184 -0.4458
vn -0.0768 0.5242 -0.8482
vn -0.3281 -0.5474 -0.7699
vn -0.9781 0.1901 -0.0851
vn -0.3225 -0.5554 -0.7665
vn -0.3997 -0.4235 -0.8129
vn 0.1042 -0.7222 -0.6838
vn -0.3112 -0.9456 0.0949
vn 0.0334 -0.0980 -0.9946
vn -0.0126 -0.8031 -0.5957
vn 0.0123 -0.8131 -0.5820
vn 0.1251 0.4680 -0.8748
vn 0.5353 0.1785 -0.8256
vn -0.0224 -0.7134 -0.7004
vn -0.0400 -0.7402 -0.6712
vn 0.7177 0.2102 -0.6639
vn 0.0680 0.4991 0.8639
vn 0.3429 0.4088 0.8458
vn -0.3779 0.8424 0.3841
vn 0.0889 -0.0195 0.9959
vn -0.3387 0.0629 0.9388
vn -0.8263 0.4469 0.3429
vn -0.3112 0.9504 -0.0000
vn 0.3112 -0.9504 -0.0000
vn -0.4553 -0.1651 0.8749
vn -0.7074 0.6207 0.3381
vn -0.3444 0.4754 0.8095
vn -0.4011 -0.2733 0.8743
vn 0.5583 0.8065 0.1944
vn 0.0223 0.7783 0.6275
vn 0.7771 0.1210 0.6177
vn -0.5060 -0.4312 0.7470
vn -0.3345 0.4947 0.8021
vn 0.8637 0.2035 0.4610
vn 0.2040 0.9482 0.2437
vn -0.1845 0.5471 0.8165
vn -0.0308 -0.1494 0.9883
vn -0.1016 0.7720 0.6275
vn 0.5078 -0.4390 -0.7412
vn -0.1552 0.8454 -0.5111
vn 0.5037 0.1040 -0.8576
vn 0.8574 0.4804 -0.1848
vn -0.2386 -0.0169 0.9710
vn 0.2645 -0.7966 -0.5436
vn 0.7358 -0.3846 -0.5574
vn 0.2915 0.9464 -0.1391
vn 0.3747 0.8779 -0.2981
vn -0.0445 0.6550 -0.7543
vn 0.6232 -0.1196 -0.7729
vn -0.1159 0.6368 -0.7622
vn -0.3515 0.8374 0.4187
vn 0.4267 0.4714 -0.7718
vn 0.5325 0.8424 -0.0824
vn 0.9570 -0.1296 0.2594
vn 0.9250 0.1393 -0.3534
vn 0.2998 0.3612 -0.8830
vn 0.7389 0.6113 -0.2836
vn 0.1342 0.3573 -0.9243
vn 0.2342 0.8457 0.4795
vn -0.2404 0.9595 -0.1470
vn 0.0168 0.5188 -0.8547
vn -0.2205 0.9737 -0.0567
vn 0.7213 -0.1260 0.6811
vn 0.7809 0.0185 0.6244
vn -0.3645 0.3189 0.8749
vn -0.4658 0.6965 0.5458
vn 0.7826 -0.0046 0.6225
vn 0.7957 0.0560 0.6031
vn 0.9385 0.0482 0.3418
vn 0.1384 0.6410 0.7549
vn 0.4708 -0.0050 0.8822
vn 0.0779 0.5731 0.8157
vn 0.0938 0.6298 0.7711
vn -0.2591 -0.6985 -0.6670
vn -0.5087 -0.5506 -0.6619
vn 0.3313 -0.8001 -0.5000
vn -0.8896 -0.0937 -0.4470
vn 0.7050 -0.1688 -0.6888
vn 0.1483 0.0490 -0.9877
vn -0.6756 0.0661 -0.7343
vn 0.7571 0.1684 -0.6312
vn 0.7295 -0.3022 -0.6136
vn 0.7020 0.5411 -0.4630
vn -0.2642 0.1368 -0.9547
vn -0.2584 -0.0455 0.9650
vn -0.4771 -0.2284 -0.8487
vn 0.4082 -0.3212 0.8545
vn -0.5657 -0.0815 -0.8205
vn 0.1529 0.1109 0.9820
vn 0.4161 -0.2474 0.8750
vn -0.3835 0.2221 0.8964
vn -0.2708 0.1185 0.9553
vn -0.0793 0.8500 0.5208
vn 0.9258 0.3521 0.1375
vn 0.7505 0.5891 -0.2996
vn 0.6776 0.0855 0.7304
vn 0.8034 -0.4353 0.4063
vn 0.4891 0.4737 0.7324
vn 0.4738 0.3762 0.7962
vn -0.2853 0.4912 0.8230
vn -0.0400 0.9984 -0.0390
vn -0.5169 0.7154 0.4701
vn -0.0231 0.8929 0.4496
vn 0.3206 0.6886 0.6504
vn 0.8535 0.3357 0.3986
vn -0.3314 0.8578 0.3929
vn 0.6545 0.6229 0.4286
vn -0.0117 0.6772 0.7358
vn -0.2256 0.0690 0.9718
vn 0.9815 -0.1780 0.0698
vn -0.1315 0.9230 0.3616
vn 0.8921 0.0416 0.4499
vn 0.0854 0.6631 0.7436
vn 0.7158 -0.1161 0.6885
vn 0.5324 0.4000 -0.7460
vn 0.5836 0.3093 -0.7508
vn 0.8303 -0.2332 -0.5061
vn 0.5348 0.7313 -0.4232
vn 0.6531 -0.1177 -0.7481
vn 0.1563 0.6695 -0.7262
vn -0.1412 0.6185 -0.7730
vn 0.2686 0.7013 -0.6603
vn 0.7270 -0.3810 -0.5712
vn 0.6792 0.3828 -0.6262
vn 0.9541 -0.2987 -0.0220
vn 0.6531 0.7565 -0.0338
vn 0.3144 0.4784 -0.8199
vn 0.8133 -0.2259 -0.5362
vn -0.8026 0.5835 0.1240
vn -0.0541 0.9130 0.4044
vn -0.3721 0.4931 0.7864
vn -0.1478 0.4318 0.8898
vn -0.2956 0.6922 0.6584
vn -0.0214 0.3521 0.9357
vn 0.3590 0.7394 0.5696
vn 0.7677 0.4353 0.4703
vn 0.3872 0.7379 0.5528
vn 0.6979 0.0266 0.7157
vn 0.4550 0.7665 0.4532
vn 0.7271 0.1833 0.6616
vn 0.2588 0.4979 0.8277
vn 0.0387 0.3672 0.9293
vn 0.0261 0.7076 0.7061
vn 0.5700 0.6340 -0.5226
vn 0.3684 0.2627 0.8918
vn 0.5871 0.5354 -0.6071
vn 0.6309 0.0255 0.7754
vn 0.1792 0.6066 0.7746
vn 0.5478 0.7241 -0.4190
vn 0.5788 0.2558 0.7743
vn 0.6494 0.7604 0.0064
vn 0.2971 0.4059 0.8643
vn 0.7067 -0.3448 -0.6178
vn 1.0000 -0.0005 -0.0067
vn 0.5788 0.2350 0.7809
vn 0.9653 0.2593 -0.0297
vn 0.7531 -0.1285 0.6453
vn 0.7802 -0.6014 0.1718
vn 0.9031 -0.1903 -0.3849
vn 0.9753 -0.0132 0.2203
vn 0.7993 0.5143 0.3107
vn 0.8736 0.4421 0.2033
vn 0.8486 0.0442 0.5272
vn 0.5700 -0.2668 0.7771
vn -0.0000 0.9492 -0.3147
vn 0.8039 -0.2156 -0.5543
vn 0.6935 0.2648 -0.6700
vn 0.8614 0.3305 0.3857
vn 0.6770 -0.0911 0.7303
vn -0.7124 0.4247 0.5586
vn 0.8732 0.2575 -0.4137
vn 0.6004 0.7406 -0.3017
vn -0.2611 0.3455 0.9014
vn 0.9833 0.1643 0.0784
s 0
f 5//1 1//1 2//1
f 1//2 3//2 6//2
f 18//3 9//3 10//3
f 11//4 18//4 10//4
f 11//5 10//5 15//5
f 14//6 11//6 8//6
f 12//7 11//7 15//7
f 13//8 22//8 20//8
f 10//9 19//9 15//9
f 23//10 18//10 11//10
f 15//11 13//11 20//11
f 17//12 15//12 21//12
f 22//13 5//13 4//13
f 18//14 74//14 5//14
f 8//15 16//15 14//15
f 24//16 27//16 28//16
f 25//17 24//17 28//17
f 30//18 25//18 28//18
f 25//19 30//19 31//19
f 78//20 16//20 26//20
f 107//21 27//21 24//21
f 32//22 17//22 21//22
f 119//23 26//23 32//23
f 31//24 118//24 33//24
f 51//25 34//25 35//25
f 35//26 34//26 38//26
f 38//27 37//27 39//27
f 40//28 35//28 39//28
f 139//29 38//29 57//29
f 42//30 6//30 41//30
f 7//31 4//31 42//31
f 47//32 45//32 48//32
f 46//33 41//33 47//33
f 56//34 45//34 6//34
f 44//35 42//35 46//35
f 43//36 49//36 56//36
f 47//37 50//37 51//37
f 52//38 48//38 45//38
f 53//39 50//39 48//39
f 55//40 48//40 52//40
f 56//41 60//41 52//41
f 57//42 34//42 50//42
f 58//43 51//43 35//43
f 59//44 51//44 58//44
f 56//45 49//45 60//45
f 62//46 61//46 53//46
f 55//47 62//47 53//47
f 63//48 61//48 60//48
f 47//49 54//49 67//49
f 65//50 67//50 68//50
f 69//51 65//51 68//51
f 66//52 65//52 69//52
f 71//53 67//53 59//53
f 58//54 72//54 73//54
f 71//55 59//55 73//55
f 70//56 71//56 73//56
f 70//57 73//57 178//57
f 74//58 43//58 3//58
f 79//59 7//59 44//59
f 75//60 22//60 80//60
f 74//61 49//61 43//61
f 86//62 82//62 76//62
f 82//63 85//63 49//63
f 86//64 85//64 82//64
f 110//65 87//65 84//65
f 86//66 89//66 85//66
f 63//67 60//67 85//67
f 191//68 89//68 88//68
f 90//69 91//69 88//69
f 20//70 75//70 77//70
f 77//71 75//71 94//71
f 66//72 96//72 79//72
f 83//73 79//73 96//73
f 93//74 83//74 99//74
f 97//75 93//75 99//75
f 94//76 93//76 97//76
f 95//77 94//77 97//77
f 98//78 95//78 97//78
f 96//79 66//79 69//79
f 96//80 99//80 83//80
f 98//81 97//81 100//81
f 101//82 96//82 70//82
f 100//83 101//83 103//83
f 100//84 103//84 104//84
f 105//85 70//85 178//85
f 106//86 101//86 105//86
f 111//87 78//87 27//87
f 108//88 29//88 31//88
f 113//89 107//89 108//89
f 78//90 84//90 81//90
f 109//91 113//91 108//91
f 115//92 88//92 114//92
f 114//93 110//93 111//93
f 112//94 114//94 111//94
f 117//95 114//95 113//95
f 115//96 90//96 88//96
f 117//97 116//97 114//97
f 32//98 92//98 119//98
f 33//99 118//99 122//99
f 121//100 92//100 95//100
f 122//101 119//101 121//101
f 120//102 124//102 125//102
f 121//103 98//103 126//103
f 98//104 100//104 127//104
f 126//105 98//105 128//105
f 128//106 98//106 127//106
f 124//107 129//107 130//107
f 124//108 130//108 131//108
f 126//109 128//109 135//109
f 133//110 129//110 126//110
f 132//111 130//111 133//111
f 132//112 134//112 131//112
f 132//113 133//113 134//113
f 128//114 104//114 135//114
f 126//115 135//115 136//115
f 137//116 133//116 136//116
f 139//117 141//117 38//117
f 39//118 138//118 140//118
f 40//119 39//119 140//119
f 40//120 142//120 143//120
f 140//121 138//121 141//121
f 144//122 140//122 141//122
f 147//123 140//123 144//123
f 145//124 142//124 148//124
f 144//125 141//125 149//125
f 150//126 142//126 146//126
f 144//127 149//127 151//127
f 151//128 152//128 147//128
f 150//129 159//129 148//129
f 150//130 155//130 159//130
f 261//131 159//131 155//131
f 156//132 155//132 152//132
f 261//133 155//133 156//133
f 148//134 159//134 160//134
f 154//135 161//135 148//135
f 162//136 57//136 61//136
f 163//137 61//137 63//137
f 64//138 163//138 63//138
f 163//139 162//139 61//139
f 165//140 166//140 164//140
f 166//141 162//141 163//141
f 170//142 149//142 162//142
f 166//143 170//143 162//143
f 149//144 170//144 169//144
f 171//145 166//145 167//145
f 168//146 167//146 165//146
f 169//147 158//147 153//147
f 154//148 157//148 174//148
f 36//149 143//149 72//149
f 73//150 72//150 177//150
f 178//151 73//151 177//151
f 143//152 176//152 72//152
f 177//153 179//153 180//153
f 177//154 180//154 178//154
f 182//155 176//155 145//155
f 184//156 178//156 180//156
f 179//157 184//157 180//157
f 182//158 145//158 161//158
f 179//159 183//159 186//159
f 185//160 184//160 186//160
f 183//161 182//161 186//161
f 189//162 187//162 185//162
f 182//163 174//163 188//163
f 186//164 188//164 189//164
f 190//165 64//165 63//165
f 194//166 193//166 191//166
f 91//167 198//167 191//167
f 195//168 165//168 164//168
f 194//169 195//169 164//169
f 195//170 194//170 191//170
f 198//171 195//171 191//171
f 195//172 168//172 165//172
f 196//173 198//173 192//173
f 197//174 195//174 198//174
f 197//175 175//175 168//175
f 201//176 106//176 200//176
f 104//177 103//177 202//177
f 202//178 103//178 203//178
f 184//179 105//179 181//179
f 204//180 105//180 184//180
f 206//181 201//181 205//181
f 204//182 184//182 185//182
f 204//183 185//183 207//183
f 210//184 204//184 207//184
f 208//185 204//185 210//185
f 212//186 208//186 211//186
f 208//187 212//187 205//187
f 215//188 206//188 212//188
f 209//189 206//189 215//189
f 242//190 209//190 215//190
f 211//191 210//191 213//191
f 212//192 211//192 214//192
f 219//193 215//193 214//193
f 242//194 215//194 216//194
f 211//195 213//195 217//195
f 299//196 187//196 189//196
f 213//197 299//197 220//197
f 214//198 221//198 222//198
f 218//199 214//199 222//199
f 223//200 218//200 222//200
f 192//201 91//201 90//201
f 116//202 192//202 90//202
f 228//203 192//203 225//203
f 227//204 228//204 225//204
f 227//205 230//205 231//205
f 226//206 230//206 227//206
f 231//207 251//207 229//207
f 229//208 234//208 232//208
f 322//209 196//209 228//209
f 233//210 231//210 237//210
f 238//211 135//211 202//211
f 238//212 202//212 240//212
f 241//213 136//213 238//213
f 202//214 203//214 242//214
f 244//215 239//215 241//215
f 248//216 238//216 240//216
f 240//217 242//217 248//217
f 249//218 241//218 243//218
f 244//219 241//219 249//219
f 242//220 216//220 254//220
f 252//221 248//221 254//221
f 249//222 248//222 252//222
f 244//223 249//223 253//223
f 247//224 244//224 253//224
f 251//225 234//225 229//225
f 253//226 249//226 256//226
f 254//227 216//227 219//227
f 236//228 234//228 251//228
f 255//229 254//229 258//229
f 252//230 255//230 258//230
f 256//231 252//231 258//231
f 233//232 237//232 259//232
f 160//233 261//233 262//233
f 156//234 264//234 261//234
f 262//235 261//235 264//235
f 262//236 264//236 265//236
f 268//237 263//237 267//237
f 267//238 263//238 265//238
f 266//239 263//239 268//239
f 268//240 267//240 270//240
f 270//241 267//241 281//241
f 268//242 270//242 271//242
f 273//243 268//243 271//243
f 271//244 270//244 274//244
f 275//245 263//245 266//245
f 266//246 268//246 276//246
f 278//247 172//247 171//247
f 279//248 171//248 173//248
f 279//249 173//249 175//249
f 277//250 264//250 156//250
f 279//251 287//251 171//251
f 279//252 175//252 280//252
f 281//253 264//253 277//253
f 281//254 277//254 283//254
f 269//255 272//255 286//255
f 283//256 274//256 270//256
f 291//257 287//257 288//257
f 290//258 289//258 292//258
f 291//259 292//259 274//259
f 295//260 292//260 294//260
f 288//261 293//261 291//261
f 296//262 297//262 288//262
f 300//263 188//263 298//263
f 301//264 188//264 300//264
f 189//265 188//265 299//265
f 298//266 174//266 302//266
f 303//267 300//267 298//267
f 302//268 276//268 305//268
f 301//269 303//269 304//269
f 303//270 305//270 307//270
f 308//271 303//271 307//271
f 308//272 311//272 304//272
f 276//273 268//273 273//273
f 307//274 305//274 306//274
f 310//275 311//275 308//275
f 310//276 308//276 307//276
f 306//277 290//277 312//277
f 313//278 306//278 312//278
f 312//279 290//279 295//279
f 315//280 313//280 312//280
f 320//281 198//281 196//281
f 321//282 316//282 317//282
f 285//283 280//283 318//283
f 323//284 318//284 319//284
f 324//285 321//285 325//285
f 323//286 285//286 318//286
f 319//287 324//287 323//287
f 326//288 325//288 321//288
f 334//289 285//289 323//289
f 334//290 323//290 328//290
f 329//291 334//291 328//291
f 329//292 328//292 337//292
f 337//293 328//293 332//293
f 330//294 338//294 339//294
f 296//295 341//295 340//295
f 342//296 334//296 343//296
f 336//297 343//297 334//297
f 337//298 342//298 343//298
f 337//299 332//299 344//299
f 359//300 333//300 331//300
f 334//301 345//301 296//301
f 342//302 345//302 334//302
f 344//303 816//303 342//303
f 346//304 344//304 333//304
f 220//305 299//305 347//305
f 222//306 221//306 348//306
f 349//307 222//307 348//307
f 347//308 299//308 301//308
f 351//309 347//309 304//309
f 221//310 351//310 352//310
f 348//311 221//311 352//311
f 351//312 304//312 354//312
f 353//313 355//313 357//313
f 311//314 310//314 356//314
f 360//315 327//315 352//315
f 359//316 331//316 357//316
f 356//317 314//317 358//317
f 358//318 314//318 784//318
f 361//319 360//319 356//319
f 356//320 358//320 361//320
f 359//321 335//321 362//321
f 833//322 359//322 362//322
f 322//323 316//323 196//323
f 259//324 363//324 236//324
f 366//325 237//325 235//325
f 363//326 322//326 234//326
f 365//327 363//327 237//327
f 370//328 322//328 363//328
f 370//329 364//329 365//329
f 369//330 368//330 322//330
f 369//331 322//331 370//331
f 371//332 370//332 365//332
f 375//333 371//333 367//333
f 376//334 375//334 367//334
f 333//335 372//335 374//335
f 376//336 379//336 375//336
f 378//337 382//337 381//337
f 379//338 382//338 375//338
f 866//339 385//339 381//339
f 382//340 866//340 381//340
f 378//341 381//341 386//341
f 403//342 378//342 386//342
f 387//343 382//343 379//343
f 383//344 387//344 379//344
f 384//345 387//345 383//345
f 254//346 223//346 258//346
f 260//347 390//347 392//347
f 223//348 350//348 353//348
f 389//349 391//349 393//349
f 392//350 390//350 394//350
f 396//351 392//351 394//351
f 396//352 394//352 393//352
f 373//353 357//353 331//353
f 357//354 373//354 353//354
f 400//355 391//355 373//355
f 397//356 396//356 398//356
f 378//357 400//357 374//357
f 395//358 400//358 401//358
f 393//359 401//359 398//359
f 401//360 403//360 404//360
f 402//361 380//361 405//361
f 402//362 883//362 380//362
f 409//363 406//363 407//363
f 409//364 401//364 404//364
f 384//365 383//365 633//365
f 109//366 108//366 413//366
f 411//367 413//367 412//367
f 419//368 422//368 415//368
f 420//369 421//369 411//369
f 423//370 422//370 419//370
f 411//371 422//371 420//371
f 421//372 117//372 113//372
f 424//373 421//373 420//373
f 422//374 424//374 420//374
f 426//375 425//375 424//375
f 423//376 426//376 422//376
f 427//377 423//377 419//377
f 33//378 413//378 31//378
f 413//379 33//379 120//379
f 413//380 120//380 429//380
f 414//381 417//381 428//381
f 428//382 431//382 432//382
f 418//383 428//383 432//383
f 418//384 432//384 433//384
f 433//385 416//385 418//385
f 429//386 120//386 125//386
f 430//387 429//387 125//387
f 417//388 429//388 430//388
f 417//389 430//389 431//389
f 434//390 431//390 435//390
f 435//391 439//391 440//391
f 434//392 440//392 437//392
f 434//393 438//393 432//393
f 434//394 437//394 438//394
f 134//395 436//395 125//395
f 439//396 436//396 444//396
f 444//397 436//397 134//397
f 519//398 444//398 134//398
f 439//399 444//399 445//399
f 445//400 440//400 439//400
f 441//401 446//401 442//401
f 443//402 441//402 442//402
f 449//403 453//403 452//403
f 451//404 453//404 449//404
f 455//405 419//405 450//405
f 452//406 455//406 450//406
f 458//407 455//407 453//407
f 456//408 458//408 453//408
f 457//409 419//409 455//409
f 459//410 458//410 456//410
f 449//411 448//411 461//411
f 416//412 433//412 463//412
f 451//413 449//413 461//413
f 451//414 461//414 462//414
f 465//415 451//415 462//415
f 433//416 432//416 466//416
f 463//417 466//417 467//417
f 463//418 448//418 450//418
f 463//419 464//419 448//419
f 470//420 462//420 464//420
f 464//421 467//421 469//421
f 468//422 471//422 467//422
f 472//423 471//423 468//423
f 470//424 469//424 472//424
f 473//425 465//425 470//425
f 466//426 438//426 475//426
f 476//427 466//427 475//427
f 469//428 471//428 472//428
f 477//429 470//429 472//429
f 474//430 477//430 478//430
f 554//431 475//431 437//431
f 476//432 475//432 554//432
f 554//433 443//433 521//433
f 476//434 521//434 479//434
f 480//435 476//435 479//435
f 481//436 454//436 451//436
f 481//437 451//437 482//437
f 483//438 454//438 482//438
f 460//439 454//439 483//439
f 487//440 483//440 486//440
f 488//441 486//441 484//441
f 485//442 488//442 484//442
f 465//443 489//443 482//443
f 485//444 484//444 491//444
f 465//445 473//445 489//445
f 474//446 473//446 470//446
f 486//447 483//447 489//447
f 490//448 489//448 496//448
f 492//449 486//449 490//449
f 484//450 486//450 492//450
f 491//451 484//451 493//451
f 499//452 485//452 491//452
f 473//453 496//453 489//453
f 474//454 478//454 495//454
f 490//455 496//455 497//455
f 484//456 492//456 493//456
f 495//457 478//457 501//457
f 494//458 500//458 496//458
f 497//459 493//459 492//459
f 502//460 497//460 599//460
f 498//461 497//461 502//461
f 505//462 498//462 502//462
f 507//463 426//463 423//463
f 425//464 508//464 506//464
f 507//465 508//465 425//465
f 509//466 510//466 508//466
f 513//467 506//467 508//467
f 510//468 513//468 508//468
f 514//469 510//469 511//469
f 514//470 511//470 512//470
f 513//471 235//471 226//471
f 515//472 235//472 513//472
f 514//473 517//473 516//473
f 134//474 137//474 519//474
f 519//475 137//475 239//475
f 440//476 445//476 519//476
f 446//477 519//477 520//477
f 521//478 443//478 447//478
f 522//479 446//479 520//479
f 523//480 239//480 244//480
f 239//481 523//481 519//481
f 520//482 523//482 524//482
f 528//483 520//483 524//483
f 525//484 522//484 528//484
f 526//485 522//485 525//485
f 526//486 527//486 521//486
f 524//487 523//487 247//487
f 528//488 524//488 247//488
f 530//489 525//489 529//489
f 525//490 530//490 527//490
f 526//491 525//491 527//491
f 527//492 530//492 531//492
f 532//493 527//493 531//493
f 534//494 247//494 536//494
f 535//495 529//495 534//495
f 532//496 531//496 535//496
f 247//497 253//497 536//497
f 534//498 537//498 535//498
f 532//499 535//499 540//499
f 539//500 537//500 536//500
f 535//501 537//501 539//501
f 540//502 535//502 539//502
f 637//503 538//503 540//503
f 458//504 541//504 457//504
f 542//505 544//505 460//505
f 543//506 541//506 459//506
f 545//507 544//507 542//507
f 544//508 546//508 543//508
f 545//509 546//509 544//509
f 547//510 546//510 548//510
f 550//511 548//511 549//511
f 550//512 551//512 548//512
f 518//513 514//513 547//513
f 480//514 555//514 556//514
f 555//515 479//515 557//515
f 556//516 555//516 558//516
f 477//517 558//517 559//517
f 557//518 527//518 560//518
f 562//519 557//519 560//519
f 558//520 562//520 563//520
f 558//521 563//521 568//521
f 558//522 568//522 564//522
f 560//523 527//523 561//523
f 560//524 561//524 567//524
f 563//525 562//525 567//525
f 533//526 532//526 565//526
f 533//527 565//527 561//527
f 565//528 566//528 561//528
f 568//529 570//529 571//529
f 564//530 571//530 572//530
f 565//531 532//531 538//531
f 566//532 565//532 574//532
f 547//533 551//533 575//533
f 575//534 573//534 569//534
f 576//535 571//535 570//535
f 572//536 571//536 576//536
f 669//537 538//537 637//537
f 669//538 565//538 538//538
f 569//539 573//539 518//539
f 574//540 565//540 669//540
f 670//541 573//541 575//541
f 675//542 570//542 574//542
f 577//543 460//543 487//543
f 578//544 487//544 488//544
f 580//545 487//545 578//545
f 577//546 545//546 542//546
f 580//547 545//547 577//547
f 579//548 584//548 581//548
f 587//549 582//549 586//549
f 584//550 586//550 583//550
f 590//551 584//551 585//551
f 588//552 589//552 584//552
f 590//553 588//553 584//553
f 592//554 586//554 589//554
f 594//555 500//555 494//555
f 594//556 494//556 495//556
f 496//557 500//557 597//557
f 597//558 500//558 595//558
f 599//559 594//559 501//559
f 497//560 597//560 598//560
f 599//561 497//561 598//561
f 504//562 503//562 600//562
f 600//563 503//563 504//563
f 579//564 488//564 499//564
f 598//565 595//565 594//565
f 596//566 601//566 599//566
f 605//567 502//567 602//567
f 559//568 558//568 564//568
f 603//569 596//569 501//569
f 604//570 602//570 601//570
f 604//571 601//571 603//571
f 605//572 602//572 604//572
f 603//573 501//573 559//573
f 564//574 608//574 559//574
f 610//575 607//575 605//575
f 609//576 606//576 613//576
f 610//577 591//577 607//577
f 615//578 610//578 611//578
f 609//579 614//579 612//579
f 613//580 608//580 616//580
f 616//581 608//581 618//581
f 609//582 617//582 736//582
f 620//583 619//583 588//583
f 621//584 579//584 499//584
f 622//585 607//585 585//585
f 611//586 609//586 612//586
f 623//587 590//587 591//587
f 623//588 591//588 615//588
f 624//589 611//589 612//589
f 626//590 620//590 623//590
f 626//591 611//591 624//591
f 612//592 614//592 625//592
f 615//593 626//593 623//593
f 624//594 612//594 625//594
f 517//595 627//595 515//595
f 628//596 627//596 517//596
f 631//597 376//597 629//597
f 633//598 383//598 632//598
f 631//599 632//599 379//599
f 536//600 257//600 638//600
f 540//601 636//601 637//601
f 257//602 392//602 638//602
f 536//603 638//603 639//603
f 536//604 639//604 640//604
f 636//605 539//605 640//605
f 637//606 677//606 669//606
f 637//607 636//607 642//607
f 638//608 396//608 643//608
f 639//609 638//609 643//609
f 397//610 643//610 396//610
f 645//611 517//611 641//611
f 643//612 397//612 646//612
f 648//613 397//613 398//613
f 647//614 646//614 648//614
f 653//615 652//615 651//615
f 648//616 398//616 409//616
f 647//617 648//617 654//617
f 650//618 652//618 653//618
f 648//619 409//619 410//619
f 654//620 648//620 410//620
f 655//621 654//621 410//621
f 658//622 635//622 656//622
f 650//623 656//623 652//623
f 640//624 639//624 659//624
f 659//625 644//625 636//625
f 660//626 642//626 644//626
f 661//627 644//627 659//627
f 659//628 647//628 661//628
f 660//629 644//629 661//629
f 650//630 647//630 649//630
f 661//631 647//631 662//631
f 660//632 662//632 650//632
f 660//633 661//633 662//633
f 729//634 668//634 665//634
f 673//635 574//635 671//635
f 674//636 574//636 673//636
f 675//637 574//637 674//637
f 576//638 675//638 618//638
f 641//639 517//639 518//639
f 670//640 641//640 518//640
f 679//641 669//641 677//641
f 671//642 678//642 670//642
f 670//643 687//643 680//643
f 663//644 672//644 551//644
f 674//645 681//645 682//645
f 645//646 676//646 684//646
f 678//647 684//647 676//647
f 679//648 685//648 680//648
f 684//649 678//649 680//649
f 687//650 686//650 684//650
f 685//651 683//651 681//651
f 687//652 672//652 663//652
f 692//653 645//653 686//653
f 696//654 686//654 687//654
f 697//655 683//655 695//655
f 690//656 689//656 663//656
f 690//657 663//657 553//657
f 694//658 693//658 695//658
f 694//659 695//659 683//659
f 695//660 692//660 696//660
f 720//661 697//661 699//661
f 553//662 664//662 700//662
f 690//663 553//663 700//663
f 691//664 699//664 743//664
f 691//665 720//665 699//665
f 653//666 651//666 701//666
f 660//667 653//667 693//667
f 701//668 628//668 692//668
f 693//669 701//669 692//669
f 699//670 697//670 703//670
f 700//671 708//671 698//671
f 704//672 700//672 743//672
f 698//673 665//673 702//673
f 718//674 704//674 703//674
f 718//675 703//675 709//675
f 705//676 710//676 711//676
f 706//677 705//677 711//677
f 665//678 712//678 667//678
f 703//679 706//679 714//679
f 704//680 707//680 708//680
f 709//681 703//681 714//681
f 715//682 707//682 665//682
f 750//683 707//683 715//683
f 1210//684 707//684 716//684
f 709//685 714//685 719//685
f 720//686 682//686 688//686
f 694//687 642//687 660//687
f 592//688 589//688 721//688
f 589//689 593//689 721//689
f 664//690 553//690 592//690
f 727//691 725//691 722//691
f 726//692 724//692 727//692
f 726//693 727//693 731//693
f 664//694 723//694 728//694
f 731//695 728//695 726//695
f 728//696 732//696 729//696
f 733//697 730//697 731//697
f 617//698 616//698 736//698
f 735//699 737//699 734//699
f 737//700 614//700 736//700
f 616//701 618//701 691//701
f 736//702 616//702 739//702
f 737//703 736//703 739//703
f 741//704 691//704 740//704
f 738//705 616//705 741//705
f 739//706 616//706 738//706
f 737//707 739//707 742//707
f 691//708 743//708 740//708
f 742//709 738//709 744//709
f 742//710 763//710 761//710
f 742//711 761//711 737//711
f 745//712 743//712 700//712
f 746//713 743//713 745//713
f 740//714 746//714 747//714
f 738//715 741//715 751//715
f 738//716 751//716 748//716
f 742//717 749//717 763//717
f 729//718 708//718 750//718
f 741//719 747//719 751//719
f 752//720 756//720 755//720
f 748//721 756//721 749//721
f 751//722 746//722 756//722
f 722//723 593//723 588//723
f 758//724 731//724 727//724
f 757//725 758//725 727//725
f 733//726 731//726 758//726
f 1291//727 758//727 757//727
f 735//728 734//728 625//728
f 625//729 734//729 759//729
f 760//730 619//730 626//730
f 761//731 734//731 737//731
f 760//732 722//732 619//732
f 762//733 760//733 759//733
f 762//734 734//734 761//734
f 764//735 722//735 762//735
f 764//736 757//736 722//736
f 763//737 749//737 765//737
f 764//738 763//738 765//738
f 766//739 757//739 764//739
f 767//740 766//740 764//740
f 768//741 765//741 769//741
f 297//742 771//742 294//742
f 777//743 775//743 772//743
f 781//744 776//744 774//744
f 780//745 777//745 776//745
f 777//746 780//746 779//746
f 315//747 782//747 785//747
f 783//748 315//748 785//748
f 309//749 783//749 787//749
f 770//750 772//750 791//750
f 791//751 782//751 770//751
f 783//752 785//752 786//752
f 787//753 783//753 786//753
f 784//754 787//754 788//754
f 793//755 786//755 792//755
f 794//756 787//756 793//756
f 791//757 775//757 796//757
f 791//758 796//758 797//758
f 801//759 794//759 799//759
f 792//760 798//760 802//760
f 800//761 799//761 806//761
f 800//762 803//762 801//762
f 778//763 808//763 804//763
f 796//764 778//764 804//764
f 805//765 797//765 804//765
f 809//766 812//766 804//766
f 812//767 809//767 934//767
f 814//768 297//768 340//768
f 816//769 345//769 342//769
f 817//770 814//770 815//770
f 816//771 817//771 345//771
f 822//772 817//772 816//772
f 818//773 822//773 816//773
f 818//774 816//774 346//774
f 822//775 820//775 817//775
f 821//776 823//776 820//776
f 841//777 824//777 825//777
f 819//778 826//778 774//778
f 826//779 819//779 820//779
f 823//780 826//780 820//780
f 826//781 781//781 774//781
f 924//782 781//782 826//782
f 335//783 361//783 362//783
f 833//784 832//784 834//784
f 361//785 831//785 835//785
f 822//786 821//786 820//786
f 822//787 838//787 821//787
f 836//788 841//788 832//788
f 847//789 832//789 841//789
f 801//790 788//790 794//790
f 801//791 837//791 788//791
f 837//792 801//792 844//792
f 835//793 837//793 844//793
f 844//794 801//794 845//794
f 838//795 843//795 821//795
f 840//796 839//796 844//796
f 841//797 846//797 838//797
f 842//798 840//798 854//798
f 847//799 841//799 825//799
f 847//800 840//800 848//800
f 801//801 803//801 852//801
f 845//802 801//802 852//802
f 853//803 843//803 838//803
f 854//804 844//804 845//804
f 855//805 859//805 853//805
f 847//806 853//806 846//806
f 847//807 825//807 855//807
f 851//808 854//808 856//808
f 857//809 803//809 806//809
f 858//810 845//810 852//810
f 854//811 845//811 858//811
f 854//812 858//812 860//812
f 851//813 900//813 848//813
f 856//814 854//814 860//814
f 852//815 857//815 861//815
f 860//816 858//816 862//816
f 865//817 818//817 346//817
f 385//818 868//818 865//818
f 385//819 866//819 868//819
f 867//820 866//820 382//820
f 868//821 818//821 865//821
f 824//822 868//822 871//822
f 824//823 818//823 868//823
f 872//824 868//824 866//824
f 870//825 867//825 869//825
f 873//826 874//826 867//826
f 875//827 873//827 870//827
f 875//828 870//828 897//828
f 875//829 874//829 873//829
f 875//830 879//830 874//830
f 879//831 880//831 877//831
f 881//832 880//832 879//832
f 865//833 833//833 405//833
f 405//834 380//834 865//834
f 405//835 833//835 834//835
f 882//836 402//836 405//836
f 386//837 883//837 406//837
f 406//838 884//838 407//838
f 409//839 407//839 892//839
f 892//840 410//840 409//840
f 834//841 886//841 405//841
f 882//842 405//842 886//842
f 887//843 886//843 834//843
f 884//844 883//844 888//844
f 891//845 884//845 889//845
f 407//846 884//846 890//846
f 869//847 867//847 388//847
f 407//848 890//848 892//848
f 885//849 632//849 870//849
f 888//850 894//850 884//850
f 891//851 889//851 895//851
f 897//852 869//852 408//852
f 893//853 897//853 408//853
f 871//854 849//854 825//854
f 887//855 850//855 888//855
f 895//856 894//856 899//856
f 892//857 890//857 896//857
f 893//858 875//858 897//858
f 900//859 850//859 848//859
f 888//860 850//860 900//860
f 849//861 871//861 876//861
f 894//862 900//862 901//862
f 896//863 895//863 902//863
f 903//864 895//864 899//864
f 892//865 896//865 902//865
f 903//866 892//866 902//866
f 904//867 855//867 849//867
f 878//868 829//868 904//868
f 905//869 911//869 878//869
f 881//870 913//870 912//870
f 895//871 889//871 894//871
f 899//872 901//872 914//872
f 915//873 899//873 914//873
f 899//874 915//874 907//874
f 914//875 901//875 916//875
f 914//876 916//876 915//876
f 907//877 915//877 906//877
f 903//878 907//878 908//878
f 916//879 860//879 917//879
f 917//880 918//880 915//880
f 908//881 909//881 1004//881
f 779//882 920//882 807//882
f 923//883 780//883 781//883
f 920//884 919//884 807//884
f 922//885 920//885 780//885
f 921//886 807//886 919//886
f 920//887 922//887 926//887
f 926//888 925//888 919//888
f 922//889 923//889 928//889
f 931//890 928//890 932//890
f 934//891 808//891 933//891
f 937//892 813//892 936//892
f 935//893 938//893 936//893
f 963//894 937//894 939//894
f 921//895 925//895 938//895
f 941//896 936//896 940//896
f 942//897 938//897 925//897
f 942//898 926//898 927//898
f 944//899 943//899 942//899
f 944//900 940//900 936//900
f 936//901 943//901 944//901
f 945//902 941//902 940//902
f 941//903 945//903 946//903
f 947//904 942//904 927//904
f 948//905 947//905 931//905
f 951//906 944//906 948//906
f 945//907 951//907 949//907
f 949//908 951//908 952//908
f 951//909 948//909 950//909
f 953//910 950//910 931//910
f 953//911 951//911 950//911
f 954//912 951//912 953//912
f 952//913 951//913 954//913
f 955//914 924//914 830//914
f 960//915 932//915 959//915
f 959//916 932//916 930//916
f 957//917 959//917 930//917
f 957//918 961//918 959//918
f 861//919 963//919 964//919
f 863//920 862//920 964//920
f 969//921 946//921 970//921
f 958//922 955//922 968//922
f 971//923 949//923 952//923
f 952//924 972//924 971//924
f 974//925 970//925 972//925
f 973//926 970//926 974//926
f 953//927 931//927 960//927
f 974//928 972//928 976//928
f 973//929 974//929 977//929
f 863//930 979//930 980//930
f 860//931 863//931 980//931
f 983//932 965//932 966//932
f 981//933 980//933 984//933
f 967//934 964//934 982//934
f 979//935 964//935 967//935
f 966//936 965//936 983//936
f 980//937 979//937 984//937
f 981//938 984//938 985//938
f 982//939 939//939 969//939
f 984//940 969//940 986//940
f 987//941 984//941 986//941
f 1003//942 985//942 987//942
f 990//943 986//943 989//943
f 989//944 988//944 973//944
f 989//945 973//945 991//945
f 990//946 991//946 992//946
f 912//947 996//947 911//947
f 997//948 996//948 994//948
f 997//949 1000//949 998//949
f 1002//950 958//950 998//950
f 1000//951 1002//951 998//951
f 1003//952 864//952 981//952
f 1006//953 918//953 917//953
f 1006//954 917//954 1003//954
f 1004//955 1006//955 1011//955
f 1005//956 1011//956 1007//956
f 1005//957 1007//957 1338//957
f 1011//958 1006//958 1014//958
f 1013//959 1003//959 987//959
f 1007//960 1015//960 1012//960
f 1011//961 1014//961 1023//961
f 1012//962 1015//962 1023//962
f 1012//963 1023//963 1018//963
f 1022//964 1016//964 1017//964
f 1023//965 1014//965 1017//965
f 1025//966 1023//966 1024//966
f 1019//967 1018//967 1025//967
f 1347//968 1019//968 1025//968
f 992//969 987//969 990//969
f 1023//970 1016//970 1026//970
f 1347//971 1025//971 1027//971
f 1016//972 992//972 1028//972
f 1024//973 1026//973 1102//973
f 1025//974 1024//974 1102//974
f 1032//975 960//975 961//975
f 1033//976 961//976 957//976
f 958//977 1035//977 957//977
f 1037//978 1034//978 1035//978
f 1035//979 1034//979 962//979
f 1033//980 1038//980 1036//980
f 962//981 1039//981 1038//981
f 962//982 1038//982 1033//982
f 1034//983 1039//983 962//983
f 1037//984 1041//984 1034//984
f 1039//985 1043//985 1038//985
f 1043//986 1040//986 1038//986
f 1045//987 1044//987 1041//987
f 1046//988 954//988 1031//988
f 975//989 954//989 1047//989
f 976//990 1047//990 977//990
f 1051//991 977//991 1050//991
f 1052//992 1051//992 1050//992
f 1053//993 1051//993 1052//993
f 1053//994 991//994 1051//994
f 1050//995 1046//995 1055//995
f 1052//996 1055//996 1056//996
f 1053//997 1052//997 1057//997
f 1036//998 1040//998 1058//998
f 1058//999 1049//999 1030//999
f 1054//1000 1046//1000 1049//1000
f 1054//1001 1049//1001 1058//1001
f 1055//1002 1046//1002 1054//1002
f 1040//1003 1042//1003 1058//1003
f 1059//1004 1054//1004 1062//1004
f 1060//1005 1056//1005 1059//1005
f 1062//1006 1058//1006 1042//1006
f 1060//1007 1059//1007 1065//1007
f 1066//1008 1064//1008 1067//1008
f 1068//1009 1065//1009 1062//1009
f 1069//1010 1065//1010 1068//1010
f 1063//1011 1045//1011 1041//1011
f 1060//1012 1069//1012 1071//1012
f 1067//1013 1064//1013 1066//1013
f 1073//1014 1045//1014 1063//1014
f 1073//1015 1070//1015 1045//1015
f 1070//1016 1072//1016 1069//1016
f 1071//1017 1069//1017 1074//1017
f 973//1018 977//1018 1051//1018
f 1037//1019 1035//1019 1048//1019
f 1076//1020 1037//1020 1048//1020
f 1077//1021 1076//1021 1075//1021
f 1075//1022 1076//1022 1048//1022
f 1079//1023 1078//1023 1092//1023
f 1082//1024 1081//1024 1041//1024
f 1082//1025 1078//1025 1083//1025
f 1083//1026 1084//1026 1085//1026
f 1083//1027 1085//1027 1086//1027
f 1083//1028 1086//1028 1088//1028
f 1085//1029 1089//1029 1086//1029
f 1087//1030 1089//1030 1085//1030
f 1002//1031 1048//1031 958//1031
f 1092//1032 1000//1032 1001//1032
f 1075//1033 1048//1033 1002//1033
f 1000//1034 1075//1034 1002//1034
f 1091//1035 978//1035 1053//1035
f 1093//1036 1053//1036 1057//1036
f 1080//1037 1079//1037 1092//1037
f 1080//1038 1092//1038 1095//1038
f 1096//1039 1093//1039 1061//1039
f 1061//1040 1071//1040 1097//1040
f 1081//1041 1073//1041 1063//1041
f 1100//1042 1097//1042 1074//1042
f 1115//1043 1081//1043 1088//1043
f 1101//1044 1097//1044 1100//1044
f 1098//1045 1096//1045 1097//1045
f 1099//1046 1101//1046 1117//1046
f 1103//1047 1025//1047 1102//1047
f 1029//1048 1103//1048 1104//1048
f 1094//1049 1091//1049 1093//1049
f 1105//1050 1091//1050 1094//1050
f 1103//1051 1102//1051 1105//1051
f 1105//1052 1094//1052 1107//1052
f 1107//1053 1110//1053 1111//1053
f 1112//1054 1107//1054 1111//1054
f 1109//1055 1107//1055 1112//1055
f 1110//1056 1096//1056 1111//1056
f 1098//1057 1111//1057 1096//1057
f 1112//1058 1098//1058 1113//1058
f 1072//1059 1070//1059 1073//1059
f 1089//1060 1088//1060 1086//1060
f 1114//1061 1088//1061 1089//1061
f 1100//1062 1074//1062 1072//1062
f 1081//1063 1115//1063 1073//1063
f 1115//1064 1100//1064 1073//1064
f 1116//1065 1100//1065 1115//1065
f 1115//1066 1119//1066 1118//1066
f 1116//1067 1118//1067 1120//1067
f 1114//1068 1118//1068 1119//1068
f 1114//1069 1120//1069 1118//1069
f 1114//1070 1089//1070 1090//1070
f 1117//1071 1120//1071 1122//1071
f 1122//1072 1114//1072 1123//1072
f 1122//1073 1123//1073 1121//1073
f 635//1074 1129//1074 634//1074
f 1126//1075 1128//1075 1125//1075
f 1127//1076 870//1076 632//1076
f 1127//1077 897//1077 870//1077
f 1127//1078 885//1078 897//1078
f 1130//1079 1126//1079 1129//1079
f 1126//1080 1131//1080 1128//1080
f 1133//1081 1134//1081 1135//1081
f 1134//1082 1133//1082 1138//1082
f 1136//1083 1130//1083 1139//1083
f 1139//1084 1130//1084 1132//1084
f 1144//1085 1139//1085 1145//1085
f 1140//1086 1144//1086 1143//1086
f 1140//1087 1139//1087 1144//1087
f 1141//1088 1145//1088 1139//1088
f 885//1089 633//1089 632//1089
f 1146//1090 408//1090 633//1090
f 655//1091 410//1091 1147//1091
f 658//1092 656//1092 657//1092
f 1146//1093 893//1093 408//1093
f 1147//1094 410//1094 892//1094
f 1146//1095 1127//1095 1128//1095
f 1148//1096 1147//1096 1146//1096
f 655//1097 1147//1097 1149//1097
f 1157//1098 655//1098 1149//1098
f 1150//1099 655//1099 1157//1099
f 1150//1100 658//1100 657//1100
f 1147//1101 893//1101 1146//1101
f 898//1102 892//1102 1153//1102
f 1147//1103 1148//1103 1154//1103
f 1154//1104 1153//1104 1155//1104
f 1131//1105 1156//1105 1128//1105
f 1149//1106 1155//1106 1157//1106
f 1154//1107 1166//1107 898//1107
f 1155//1108 1161//1108 1163//1108
f 1156//1109 1162//1109 1160//1109
f 1157//1110 1163//1110 1169//1110
f 1158//1111 1150//1111 1164//1111
f 1165//1112 1129//1112 1151//1112
f 1175//1113 1153//1113 903//1113
f 1134//1114 1166//1114 1168//1114
f 1162//1115 1168//1115 1160//1115
f 1160//1116 1174//1116 1166//1116
f 1161//1117 1174//1117 1163//1117
f 1169//1118 1163//1118 1160//1118
f 1236//1119 1158//1119 1170//1119
f 1174//1120 1168//1120 1166//1120
f 1167//1121 1174//1121 1161//1121
f 1168//1122 1138//1122 1160//1122
f 1169//1123 1178//1123 1171//1123
f 1170//1124 1177//1124 1172//1124
f 908//1125 910//1125 1175//1125
f 1138//1126 1173//1126 879//1126
f 1173//1127 1138//1127 1168//1127
f 1180//1128 1174//1128 1167//1128
f 1175//1129 1180//1129 1167//1129
f 1173//1130 881//1130 879//1130
f 1175//1131 910//1131 1180//1131
f 1182//1132 1181//1132 1176//1132
f 1176//1133 1181//1133 1318//1133
f 1176//1134 1318//1134 1177//1134
f 667//1135 1186//1135 666//1135
f 1192//1136 1187//1136 1188//1136
f 1187//1137 1194//1137 1190//1137
f 1193//1138 1132//1138 1137//1138
f 1190//1139 1193//1139 1137//1139
f 1195//1140 1192//1140 1189//1140
f 1191//1141 1195//1141 1189//1141
f 1193//1142 1141//1142 1132//1142
f 1197//1143 1194//1143 1192//1143
f 1196//1144 1194//1144 1197//1144
f 1195//1145 1198//1145 1197//1145
f 1199//1146 1141//1146 1193//1146
f 1203//1147 1198//1147 1202//1147
f 1197//1148 1203//1148 1354//1148
f 1202//1149 1198//1149 1201//1149
f 1217//1150 666//1150 1186//1150
f 710//1151 1206//1151 711//1151
f 1209//1152 711//1152 1208//1152
f 713//1153 1207//1153 1208//1153
f 706//1154 1209//1154 1211//1154
f 719//1155 714//1155 706//1155
f 1152//1156 658//1156 1214//1156
f 710//1157 1205//1157 1216//1157
f 1217//1158 1216//1158 1205//1158
f 1206//1159 1216//1159 1214//1159
f 1218//1160 1216//1160 1224//1160
f 1207//1161 1206//1161 1215//1161
f 1217//1162 667//1162 712//1162
f 1188//1163 1186//1163 1219//1163
f 1209//1164 1220//1164 712//1164
f 1211//1165 1210//1165 1221//1165
f 1226//1166 668//1166 1185//1166
f 1226//1167 1210//1167 716//1167
f 1215//1168 1159//1168 1222//1168
f 1207//1169 1215//1169 1225//1169
f 1186//1170 1188//1170 1223//1170
f 1231//1171 1218//1171 1224//1171
f 1225//1172 1220//1172 1208//1172
f 1220//1173 1223//1173 1224//1173
f 1220//1174 1224//1174 1217//1174
f 1185//1175 1188//1175 1233//1175
f 1221//1176 1210//1176 1233//1176
f 1226//1177 1185//1177 1233//1177
f 1211//1178 1234//1178 1227//1178
f 1222//1179 1158//1179 1228//1179
f 1165//1180 1152//1180 1229//1180
f 1232//1181 1215//1181 1222//1181
f 1224//1182 1223//1182 1231//1182
f 1233//1183 1219//1183 1220//1183
f 1225//1184 1234//1184 1220//1184
f 1225//1185 1232//1185 1234//1185
f 1228//1186 1158//1186 1236//1186
f 1223//1187 1190//1187 1165//1187
f 1223//1188 1165//1188 1231//1188
f 1232//1189 1236//1189 1237//1189
f 1231//1190 1165//1190 1229//1190
f 1240//1191 1235//1191 1238//1191
f 1234//1192 1235//1192 1240//1192
f 1242//1193 1239//1193 1241//1193
f 1237//1194 1236//1194 1184//1194
f 1240//1195 1238//1195 1244//1195
f 1241//1196 1239//1196 1242//1196
f 1240//1197 1244//1197 1245//1197
f 1244//1198 1238//1198 1243//1198
f 1246//1199 668//1199 729//1199
f 732//1200 730//1200 1247//1200
f 1246//1201 1189//1201 1185//1201
f 732//1202 1250//1202 1246//1202
f 1249//1203 730//1203 733//1203
f 1248//1204 1249//1204 733//1204
f 1191//1205 1189//1205 1246//1205
f 1246//1206 1250//1206 1252//1206
f 1251//1207 1249//1207 1248//1207
f 1252//1208 1191//1208 1246//1208
f 1253//1209 1252//1209 1250//1209
f 1254//1210 1250//1210 1249//1210
f 1251//1211 1254//1211 1249//1211
f 1254//1212 1258//1212 1250//1212
f 1257//1213 1256//1213 1253//1213
f 1204//1214 1198//1214 1256//1214
f 1124//1215 1204//1215 1257//1215
f 1257//1216 1204//1216 1256//1216
f 1254//1217 1400//1217 1258//1217
f 1260//1218 1262//1218 1254//1218
f 1265//1219 715//1219 716//1219
f 745//1220 1265//1220 1271//1220
f 746//1221 1271//1221 1267//1221
f 756//1222 1268//1222 755//1222
f 752//1223 1270//1223 753//1223
f 1267//1224 1271//1224 717//1224
f 1277//1225 746//1225 1276//1225
f 1272//1226 1270//1226 1269//1226
f 1270//1227 1272//1227 753//1227
f 1273//1228 719//1228 1227//1228
f 754//1229 1275//1229 1267//1229
f 1267//1230 1275//1230 1274//1230
f 1276//1231 1267//1231 1274//1231
f 1277//1232 1276//1232 1274//1232
f 1279//1233 1268//1233 1278//1233
f 1272//1234 1269//1234 1279//1234
f 1274//1235 1278//1235 1277//1235
f 1279//1236 1278//1236 1280//1236
f 1282//1237 1272//1237 1280//1237
f 1275//1238 1281//1238 1274//1238
f 1284//1239 1275//1239 1227//1239
f 1274//1240 1281//1240 1278//1240
f 1280//1241 1278//1241 1286//1241
f 1284//1242 1227//1242 1240//1242
f 1282//1243 1286//1243 1288//1243
f 1284//1244 1240//1244 1245//1244
f 1281//1245 1284//1245 1245//1245
f 1285//1246 1281//1246 1289//1246
f 1281//1247 1245//1247 1289//1247
f 1290//1248 1288//1248 1285//1248
f 1290//1249 1285//1249 1289//1249
f 758//1250 1248//1250 733//1250
f 1293//1251 1248//1251 1294//1251
f 1295//1252 1248//1252 1293//1252
f 1294//1253 1295//1253 1293//1253
f 1297//1254 1294//1254 1291//1254
f 1298//1255 1295//1255 1297//1255
f 1300//1256 1298//1256 1297//1256
f 1300//1257 1297//1257 1296//1257
f 1296//1258 1299//1258 1300//1258
f 1260//1259 1254//1259 1255//1259
f 1299//1260 1260//1260 1255//1260
f 1298//1261 1301//1261 1255//1261
f 1301//1262 1298//1262 1300//1262
f 1261//1263 1263//1263 1299//1263
f 1302//1264 1292//1264 1291//1264
f 1305//1265 753//1265 1272//1265
f 1306//1266 1292//1266 1302//1266
f 1305//1267 1302//1267 768//1267
f 1304//1268 1303//1268 1307//1268
f 1307//1269 1303//1269 1304//1269
f 1308//1270 1306//1270 1305//1270
f 1296//1271 1292//1271 1306//1271
f 1282//1272 1296//1272 1306//1272
f 1282//1273 1306//1273 1308//1273
f 1261//1274 1296//1274 1282//1274
f 1287//1275 1283//1275 1309//1275
f 1143//1276 1311//1276 1142//1276
f 1312//1277 1311//1277 1144//1277
f 1145//1278 1312//1278 1144//1278
f 1315//1279 1316//1279 1314//1279
f 1317//1280 1180//1280 1181//1280
f 1142//1281 1317//1281 1182//1281
f 1320//1282 1318//1282 1319//1282
f 1321//1283 1143//1283 1142//1283
f 1321//1284 1182//1284 1183//1284
f 1183//1285 1178//1285 1321//1285
f 1179//1286 995//1286 881//1286
f 1325//1287 995//1287 1310//1287
f 1142//1288 1311//1288 1324//1288
f 1327//1289 1320//1289 1319//1289
f 1324//1290 1325//1290 1310//1290
f 999//1291 995//1291 1325//1291
f 1314//1292 1324//1292 1312//1292
f 1326//1293 1329//1293 1330//1293
f 1328//1294 1330//1294 1333//1294
f 1314//1295 1331//1295 1325//1295
f 1314//1296 1316//1296 1331//1296
f 1333//1297 1330//1297 1332//1297
f 1336//1298 999//1298 1331//1298
f 1337//1299 1318//1299 910//1299
f 1337//1300 910//1300 1005//1300
f 1337//1301 1005//1301 1338//1301
f 1339//1302 1319//1302 1337//1302
f 1339//1303 1337//1303 1340//1303
f 1340//1304 1337//1304 1338//1304
f 1339//1305 1326//1305 1319//1305
f 1339//1306 1344//1306 1341//1306
f 1338//1307 1018//1307 1342//1307
f 1344//1308 1338//1308 1342//1308
f 1345//1309 1326//1309 1341//1309
f 1347//1310 1342//1310 1019//1310
f 1021//1311 1020//1311 1343//1311
f 1348//1312 1345//1312 1344//1312
f 1332//1313 1330//1313 1345//1313
f 1349//1314 1346//1314 1342//1314
f 1349//1315 1342//1315 1347//1315
f 1348//1316 1349//1316 1351//1316
f 1348//1317 1352//1317 1345//1317
f 1345//1318 1352//1318 1334//1318
f 1332//1319 1345//1319 1334//1319
f 1351//1320 1350//1320 1348//1320
f 1358//1321 1200//1321 1196//1321
f 1196//1322 1354//1322 1358//1322
f 1202//1323 1353//1323 1355//1323
f 1203//1324 1202//1324 1355//1324
f 1356//1325 1145//1325 1199//1325
f 1313//1326 1145//1326 1356//1326
f 1358//1327 1199//1327 1200//1327
f 1358//1328 1354//1328 1359//1328
f 1360//1329 1353//1329 1201//1329
f 1365//1330 1357//1330 1363//1330
f 1362//1331 1361//1331 1360//1331
f 1315//1332 1356//1332 1364//1332
f 1363//1333 1366//1333 1365//1333
f 1367//1334 1363//1334 1361//1334
f 1368//1335 1363//1335 1367//1335
f 1458//1336 1316//1336 1364//1336
f 1372//1337 1371//1337 1368//1337
f 1373//1338 1322//1338 1184//1338
f 1184//1339 1323//1339 1376//1339
f 1237//1340 1376//1340 1377//1340
f 1243//1341 1374//1341 1375//1341
f 1380//1342 1374//1342 1379//1342
f 1376//1343 1323//1343 1386//1343
f 1377//1344 1376//1344 1386//1344
f 1377//1345 1386//1345 1383//1345
f 1374//1346 1377//1346 1378//1346
f 1374//1347 1378//1347 1384//1347
f 1379//1348 1374//1348 1384//1348
f 1380//1349 1379//1349 1385//1349
f 1328//1350 1386//1350 1323//1350
f 1387//1351 1386//1351 1328//1351
f 1389//1352 1386//1352 1387//1352
f 1383//1353 1392//1353 1393//1353
f 1391//1354 1390//1354 1384//1354
f 1393//1355 1392//1355 1394//1355
f 1393//1356 1394//1356 1395//1356
f 1390//1357 1393//1357 1395//1357
f 1390//1358 1395//1358 1370//1358
f 1385//1359 1390//1359 1396//1359
f 1397//1360 1392//1360 1389//1360
f 1397//1361 1389//1361 1387//1361
f 1387//1362 1333//1362 1397//1362
f 1333//1363 1335//1363 1397//1363
f 1476//1364 1392//1364 1398//1364
f 1478//1365 1395//1365 1476//1365
f 1403//1366 1124//1366 1257//1366
f 1262//1367 1401//1367 1400//1367
f 1263//1368 1262//1368 1260//1368
f 1263//1369 1402//1369 1401//1369
f 1404//1370 1124//1370 1403//1370
f 1400//1371 1405//1371 1399//1371
f 1404//1372 1399//1372 1405//1372
f 1401//1373 1419//1373 1409//1373
f 1404//1374 1412//1374 1362//1374
f 1407//1375 1404//1375 1405//1375
f 1411//1376 1401//1376 1409//1376
f 1411//1377 1405//1377 1401//1377
f 1415//1378 1412//1378 1407//1378
f 1407//1379 1408//1379 1415//1379
f 1410//1380 1408//1380 1407//1380
f 1408//1381 1414//1381 1415//1381
f 1417//1382 1414//1382 1413//1382
f 1245//1383 1375//1383 1418//1383
f 1245//1384 1244//1384 1375//1384
f 1288//1385 1420//1385 1259//1385
f 1288//1386 1290//1386 1420//1386
f 1402//1387 1420//1387 1401//1387
f 1380//1388 1385//1388 1418//1388
f 1409//1389 1419//1389 1406//1389
f 1413//1390 1406//1390 1385//1390
f 1413//1391 1370//1391 1417//1391
f 1413//1392 1396//1392 1370//1392
f 1264//1393 1402//1393 1263//1393
f 1336//1394 1316//1394 1458//1394
f 1422//1395 1424//1395 1336//1395
f 1421//1396 1423//1396 1422//1396
f 1422//1397 1425//1397 1424//1397
f 1425//1398 1080//1398 1424//1398
f 1426//1399 1425//1399 1422//1399
f 1431//1400 1087//1400 1426//1400
f 1427//1401 1428//1401 1426//1401
f 1431//1402 1430//1402 1087//1402
f 1336//1403 1095//1403 1001//1403
f 1440//1404 1113//1404 1099//1404
f 1442//1405 1441//1405 1437//1405
f 1443//1406 1437//1406 1441//1406
f 1445//1407 1447//1407 1439//1407
f 1438//1408 1443//1408 1445//1408
f 1440//1409 1099//1409 1446//1409
f 1447//1410 1441//1410 1440//1410
f 1443//1411 1441//1411 1447//1411
f 1351//1412 1029//1412 1449//1412
f 1450//1413 1351//1413 1449//1413
f 1350//1414 1451//1414 1352//1414
f 1452//1415 1334//1415 1451//1415
f 1449//1416 1029//1416 1453//1416
f 1450//1417 1449//1417 1454//1417
f 1454//1418 1452//1418 1451//1418
f 1452//1419 1433//1419 1434//1419
f 1454//1420 1449//1420 1453//1420
f 1454//1421 1435//1421 1433//1421
f 1455//1422 1435//1422 1454//1422
f 1106//1423 1112//1423 1456//1423
f 1455//1424 1453//1424 1456//1424
f 1457//1425 1456//1425 1113//1425
f 1457//1426 1437//1426 1435//1426
f 1442//1427 1457//1427 1440//1427
f 1458//1428 1369//1428 1459//1428
f 1372//1429 1460//1429 1371//1429
f 1458//1430 1459//1430 1421//1430
f 1463//1431 1462//1431 1371//1431
f 1464//1432 1421//1432 1459//1432
f 1465//1433 1459//1433 1462//1433
f 1463//1434 1469//1434 1462//1434
f 1427//1435 1421//1435 1464//1435
f 1466//1436 1464//1436 1465//1436
f 1469//1437 1465//1437 1462//1437
f 1467//1438 1466//1438 1469//1438
f 1467//1439 1469//1439 1470//1439
f 1472//1440 1470//1440 1469//1440
f 1468//1441 1472//1441 1469//1441
f 1474//1442 1429//1442 1466//1442
f 1474//1443 1466//1443 1470//1443
f 1397//1444 1475//1444 1398//1444
f 1397//1445 1335//1445 1475//1445
f 1478//1446 1476//1446 1477//1446
f 1432//1447 1434//1447 1475//1447
f 1475//1448 1480//1448 1398//1448
f 1479//1449 1480//1449 1475//1449
f 1478//1450 1463//1450 1460//1450
f 1482//1451 1463//1451 1478//1451
f 1477//1452 1482//1452 1478//1452
f 1475//1453 1484//1453 1479//1453
f 1468//1454 1463//1454 1482//1454
f 1486//1455 1468//1455 1482//1455
f 1488//1456 1481//1456 1480//1456
f 1481//1457 1486//1457 1482//1457
f 1445//1458 1439//1458 1438//1458
f 1487//1459 1483//1459 1439//1459
f 1489//1460 1481//1460 1488//1460
f 1487//1461 1444//1461 1490//1461
f 1487//1462 1490//1462 1488//1462
f 1474//1463 1470//1463 1471//1463
f 1489//1464 1491//1464 1471//1464
f 1460//1465 1416//1465 1417//1465
f 1461//1466 1416//1466 1372//1466
f 1492//1467 1431//1467 1428//1467
f 1446//1468 1117//1468 1494//1468
f 1447//1469 1446//1469 1496//1469
f 1496//1470 1448//1470 1447//1470
f 1123//1471 1090//1471 1430//1471
f 1121//1472 1123//1472 1430//1472
f 1493//1473 1121//1473 1430//1473
f 1498//1474 1430//1474 1492//1474
f 1495//1475 1493//1475 1498//1475
f 1500//1476 1446//1476 1494//1476
f 1499//1477 1492//1477 1428//1477
f 1497//1478 1499//1478 1428//1478
f 1448//1479 1496//1479 1500//1479
f 1499//1480 1498//1480 1492//1480
f 1501//1481 1502//1481 1503//1481
f 1444//1482 1448//1482 1504//1482
f 1490//1483 1444//1483 1504//1483
f 1505//1484 1497//1484 1473//1484
f 1505//1485 1448//1485 1497//1485
f 1490//1486 1473//1486 1474//1486
f 1504//1487 1505//1487 1507//1487
f 5//1488 3//1488 1//1488
f 42//1489 1//1489 6//1489
f 2//1490 1//1490 42//1490
f 4//1491 2//1491 42//1491
f 12//1492 8//1492 11//1492
f 19//1493 10//1493 9//1493
f 2//1494 4//1494 5//1494
f 19//1495 9//1495 5//1495
f 18//1496 5//1496 9//1496
f 13//1497 19//1497 22//1497
f 13//1498 15//1498 19//1498
f 23//1499 11//1499 14//1499
f 17//1500 12//1500 15//1500
f 5//1501 74//1501 3//1501
f 22//1502 19//1502 5//1502
f 23//1503 81//1503 18//1503
f 77//1504 21//1504 15//1504
f 22//1505 4//1505 7//1505
f 12//1506 16//1506 8//1506
f 17//1507 16//1507 12//1507
f 26//1508 16//1508 17//1508
f 29//1509 24//1509 25//1509
f 25//1510 31//1510 29//1510
f 16//1511 23//1511 14//1511
f 78//1512 23//1512 16//1512
f 27//1513 78//1513 26//1513
f 26//1514 28//1514 27//1514
f 29//1515 107//1515 24//1515
f 32//1516 26//1516 17//1516
f 119//1517 28//1517 26//1517
f 119//1518 30//1518 28//1518
f 57//1519 38//1519 34//1519
f 39//1520 35//1520 38//1520
f 36//1521 35//1521 40//1521
f 43//1522 6//1522 3//1522
f 44//1523 7//1523 42//1523
f 41//1524 6//1524 45//1524
f 46//1525 42//1525 41//1525
f 47//1526 41//1526 45//1526
f 6//1527 43//1527 56//1527
f 47//1528 48//1528 50//1528
f 56//1529 52//1529 45//1529
f 50//1530 34//1530 51//1530
f 53//1531 57//1531 50//1531
f 54//1532 47//1532 51//1532
f 55//1533 53//1533 48//1533
f 62//1534 55//1534 52//1534
f 59//1535 54//1535 51//1535
f 62//1536 52//1536 60//1536
f 36//1537 58//1537 35//1537
f 53//1538 61//1538 57//1538
f 60//1539 61//1539 62//1539
f 44//1540 46//1540 65//1540
f 67//1541 46//1541 47//1541
f 65//1542 46//1542 67//1542
f 67//1543 54//1543 59//1543
f 71//1544 68//1544 67//1544
f 68//1545 71//1545 69//1545
f 71//1546 70//1546 69//1546
f 72//1547 58//1547 36//1547
f 73//1548 59//1548 58//1548
f 76//1549 74//1549 18//1549
f 81//1550 76//1550 18//1550
f 15//1551 20//1551 77//1551
f 74//1552 76//1552 82//1552
f 78//1553 81//1553 23//1553
f 82//1554 49//1554 74//1554
f 80//1555 22//1555 79//1555
f 84//1556 76//1556 81//1556
f 87//1557 86//1557 76//1557
f 84//1558 87//1558 76//1558
f 87//1559 88//1559 86//1559
f 110//1560 88//1560 87//1560
f 85//1561 60//1561 49//1561
f 88//1562 89//1562 86//1562
f 89//1563 63//1563 85//1563
f 190//1564 63//1564 89//1564
f 191//1565 190//1565 89//1565
f 88//1566 91//1566 191//1566
f 75//1567 20//1567 22//1567
f 79//1568 44//1568 65//1568
f 79//1569 22//1569 7//1569
f 94//1570 75//1570 93//1570
f 92//1571 77//1571 94//1571
f 79//1572 65//1572 66//1572
f 83//1573 75//1573 80//1573
f 93//1574 75//1574 83//1574
f 83//1575 80//1575 79//1575
f 70//1576 96//1576 69//1576
f 101//1577 99//1577 96//1577
f 100//1578 97//1578 99//1578
f 101//1579 70//1579 105//1579
f 100//1580 99//1580 101//1580
f 102//1581 103//1581 101//1581
f 102//1582 101//1582 106//1582
f 107//1583 111//1583 27//1583
f 29//1584 108//1584 107//1584
f 78//1585 110//1585 84//1585
f 78//1586 111//1586 110//1586
f 107//1587 112//1587 111//1587
f 113//1588 112//1588 107//1588
f 110//1589 114//1589 88//1589
f 112//1590 113//1590 114//1590
f 114//1591 116//1591 115//1591
f 116//1592 90//1592 115//1592
f 117//1593 224//1593 116//1593
f 92//1594 21//1594 77//1594
f 32//1595 21//1595 92//1595
f 119//1596 118//1596 30//1596
f 122//1597 118//1597 119//1597
f 118//1598 31//1598 30//1598
f 33//1599 122//1599 120//1599
f 95//1600 92//1600 94//1600
f 121//1601 119//1601 92//1601
f 121//1602 95//1602 98//1602
f 126//1603 123//1603 121//1603
f 123//1604 122//1604 121//1604
f 123//1605 124//1605 122//1605
f 124//1606 120//1606 122//1606
f 124//1607 126//1607 129//1607
f 126//1608 124//1608 123//1608
f 125//1609 124//1609 131//1609
f 104//1610 127//1610 100//1610
f 130//1611 129//1611 133//1611
f 132//1612 131//1612 130//1612
f 128//1613 127//1613 104//1613
f 133//1614 126//1614 136//1614
f 137//1615 134//1615 133//1615
f 141//1616 37//1616 38//1616
f 39//1617 37//1617 138//1617
f 37//1618 141//1618 138//1618
f 40//1619 140//1619 142//1619
f 145//1620 143//1620 142//1620
f 142//1621 147//1621 146//1621
f 142//1622 140//1622 147//1622
f 147//1623 150//1623 146//1623
f 150//1624 148//1624 142//1624
f 147//1625 144//1625 151//1625
f 147//1626 152//1626 150//1626
f 151//1627 149//1627 153//1627
f 152//1628 155//1628 150//1628
f 151//1629 156//1629 152//1629
f 153//1630 156//1630 151//1630
f 261//1631 160//1631 159//1631
f 153//1632 158//1632 156//1632
f 36//1633 40//1633 143//1633
f 161//1634 145//1634 148//1634
f 154//1635 148//1635 157//1635
f 148//1636 160//1636 157//1636
f 162//1637 139//1637 57//1637
f 164//1638 163//1638 64//1638
f 149//1639 141//1639 139//1639
f 162//1640 149//1640 139//1640
f 164//1641 166//1641 163//1641
f 165//1642 167//1642 166//1642
f 169//1643 153//1643 149//1643
f 166//1644 171//1644 170//1644
f 170//1645 172//1645 169//1645
f 171//1646 172//1646 170//1646
f 167//1647 173//1647 171//1647
f 167//1648 175//1648 173//1648
f 168//1649 175//1649 167//1649
f 158//1650 169//1650 172//1650
f 177//1651 72//1651 176//1651
f 176//1652 143//1652 145//1652
f 177//1653 176//1653 183//1653
f 179//1654 177//1654 183//1654
f 184//1655 181//1655 178//1655
f 183//1656 176//1656 182//1656
f 184//1657 179//1657 186//1657
f 154//1658 182//1658 161//1658
f 182//1659 154//1659 174//1659
f 185//1660 186//1660 189//1660
f 186//1661 182//1661 188//1661
f 191//1662 193//1662 190//1662
f 190//1663 164//1663 64//1663
f 193//1664 164//1664 190//1664
f 194//1665 164//1665 193//1665
f 91//1666 192//1666 198//1666
f 195//1667 197//1667 168//1667
f 198//1668 199//1668 197//1668
f 181//1669 105//1669 178//1669
f 200//1670 106//1670 105//1670
f 102//1671 106//1671 201//1671
f 203//1672 103//1672 102//1672
f 204//1673 200//1673 105//1673
f 203//1674 102//1674 201//1674
f 205//1675 200//1675 204//1675
f 205//1676 201//1676 200//1676
f 203//1677 201//1677 206//1677
f 208//1678 205//1678 204//1678
f 209//1679 203//1679 206//1679
f 210//1680 207//1680 185//1680
f 206//1681 205//1681 212//1681
f 210//1682 185//1682 187//1682
f 211//1683 208//1683 210//1683
f 212//1684 214//1684 215//1684
f 213//1685 210//1685 187//1685
f 221//1686 217//1686 213//1686
f 218//1687 219//1687 214//1687
f 216//1688 215//1688 219//1688
f 299//1689 213//1689 187//1689
f 221//1690 213//1690 220//1690
f 211//1691 217//1691 221//1691
f 214//1692 211//1692 221//1692
f 218//1693 223//1693 219//1693
f 116//1694 225//1694 192//1694
f 224//1695 225//1695 116//1695
f 226//1696 225//1696 224//1696
f 226//1697 227//1697 225//1697
f 228//1698 196//1698 192//1698
f 228//1699 227//1699 229//1699
f 232//1700 228//1700 229//1700
f 231//1701 229//1701 227//1701
f 231//1702 233//1702 251//1702
f 234//1703 322//1703 228//1703
f 232//1704 234//1704 228//1704
f 226//1705 235//1705 230//1705
f 231//1706 230//1706 237//1706
f 235//1707 237//1707 230//1707
f 202//1708 135//1708 104//1708
f 136//1709 135//1709 238//1709
f 241//1710 137//1710 136//1710
f 239//1711 137//1711 241//1711
f 209//1712 242//1712 203//1712
f 240//1713 202//1713 242//1713
f 241//1714 238//1714 243//1714
f 243//1715 238//1715 248//1715
f 249//1716 243//1716 248//1716
f 246//1717 250//1717 245//1717
f 248//1718 242//1718 254//1718
f 255//1719 252//1719 254//1719
f 256//1720 249//1720 252//1720
f 251//1721 259//1721 236//1721
f 259//1722 251//1722 233//1722
f 260//1723 253//1723 256//1723
f 257//1724 253//1724 260//1724
f 263//1725 160//1725 262//1725
f 263//1726 262//1726 265//1726
f 265//1727 281//1727 267//1727
f 273//1728 271//1728 289//1728
f 157//1729 160//1729 275//1729
f 275//1730 160//1730 263//1730
f 276//1731 275//1731 266//1731
f 158//1732 277//1732 156//1732
f 278//1733 277//1733 158//1733
f 278//1734 158//1734 172//1734
f 287//1735 278//1735 171//1735
f 279//1736 280//1736 287//1736
f 281//1737 265//1737 264//1737
f 278//1738 282//1738 277//1738
f 287//1739 282//1739 278//1739
f 280//1740 288//1740 287//1740
f 284//1741 277//1741 282//1741
f 284//1742 283//1742 277//1742
f 283//1743 270//1743 281//1743
f 286//1744 272//1744 269//1744
f 284//1745 282//1745 287//1745
f 285//1746 288//1746 280//1746
f 289//1747 271//1747 274//1747
f 274//1748 283//1748 284//1748
f 274//1749 284//1749 287//1749
f 306//1750 273//1750 290//1750
f 291//1751 274//1751 287//1751
f 290//1752 273//1752 289//1752
f 274//1753 292//1753 289//1753
f 291//1754 293//1754 292//1754
f 293//1755 294//1755 292//1755
f 295//1756 290//1756 292//1756
f 285//1757 296//1757 288//1757
f 288//1758 297//1758 293//1758
f 297//1759 294//1759 293//1759
f 298//1760 188//1760 174//1760
f 174//1761 157//1761 275//1761
f 302//1762 174//1762 275//1762
f 299//1763 188//1763 301//1763
f 301//1764 300//1764 303//1764
f 302//1765 275//1765 276//1765
f 298//1766 302//1766 305//1766
f 303//1767 298//1767 305//1767
f 308//1768 304//1768 303//1768
f 305//1769 276//1769 306//1769
f 306//1770 276//1770 273//1770
f 307//1771 306//1771 313//1771
f 310//1772 307//1772 309//1772
f 309//1773 307//1773 313//1773
f 314//1774 310//1774 309//1774
f 309//1775 313//1775 315//1775
f 318//1776 175//1776 197//1776
f 199//1777 318//1777 197//1777
f 320//1778 199//1778 198//1778
f 196//1779 316//1779 320//1779
f 318//1780 280//1780 175//1780
f 199//1781 319//1781 318//1781
f 320//1782 319//1782 199//1782
f 321//1783 320//1783 316//1783
f 317//1784 316//1784 322//1784
f 319//1785 320//1785 324//1785
f 321//1786 324//1786 320//1786
f 317//1787 326//1787 321//1787
f 328//1788 323//1788 324//1788
f 324//1789 332//1789 328//1789
f 325//1790 332//1790 324//1790
f 334//1791 296//1791 285//1791
f 329//1792 336//1792 334//1792
f 329//1793 337//1793 336//1793
f 339//1794 338//1794 330//1794
f 336//1795 337//1795 343//1795
f 337//1796 344//1796 342//1796
f 359//1797 346//1797 333//1797
f 340//1798 297//1798 296//1798
f 341//1799 814//1799 340//1799
f 815//1800 814//1800 341//1800
f 341//1801 296//1801 345//1801
f 341//1802 345//1802 815//1802
f 346//1803 816//1803 344//1803
f 349//1804 350//1804 222//1804
f 223//1805 222//1805 350//1805
f 347//1806 301//1806 304//1806
f 351//1807 220//1807 347//1807
f 221//1808 220//1808 351//1808
f 355//1809 349//1809 348//1809
f 349//1810 355//1810 350//1810
f 355//1811 348//1811 352//1811
f 355//1812 353//1812 350//1812
f 351//1813 354//1813 356//1813
f 352//1814 351//1814 356//1814
f 327//1815 355//1815 352//1815
f 311//1816 354//1816 304//1816
f 356//1817 354//1817 311//1817
f 360//1818 352//1818 356//1818
f 359//1819 355//1819 327//1819
f 357//1820 355//1820 359//1820
f 356//1821 310//1821 314//1821
f 360//1822 335//1822 327//1822
f 359//1823 327//1823 335//1823
f 833//1824 346//1824 359//1824
f 236//1825 363//1825 234//1825
f 259//1826 237//1826 363//1826
f 326//1827 317//1827 322//1827
f 363//1828 365//1828 364//1828
f 237//1829 366//1829 365//1829
f 326//1830 322//1830 368//1830
f 364//1831 370//1831 363//1831
f 366//1832 371//1832 365//1832
f 366//1833 367//1833 371//1833
f 326//1834 368//1834 372//1834
f 375//1835 370//1835 371//1835
f 325//1836 372//1836 332//1836
f 325//1837 326//1837 372//1837
f 373//1838 331//1838 333//1838
f 369//1839 372//1839 368//1839
f 369//1840 374//1840 372//1840
f 370//1841 374//1841 369//1841
f 372//1842 344//1842 332//1842
f 377//1843 373//1843 333//1843
f 372//1844 333//1844 344//1844
f 374//1845 377//1845 333//1845
f 370//1846 378//1846 374//1846
f 370//1847 375//1847 382//1847
f 370//1848 382//1848 378//1848
f 386//1849 381//1849 385//1849
f 384//1850 388//1850 387//1850
f 223//1851 254//1851 219//1851
f 389//1852 390//1852 258//1852
f 390//1853 256//1853 258//1853
f 260//1854 256//1854 390//1854
f 391//1855 258//1855 223//1855
f 258//1856 391//1856 389//1856
f 391//1857 223//1857 353//1857
f 393//1858 394//1858 389//1858
f 394//1859 390//1859 389//1859
f 391//1860 353//1860 373//1860
f 400//1861 395//1861 391//1861
f 395//1862 393//1862 391//1862
f 398//1863 396//1863 393//1863
f 399//1864 373//1864 377//1864
f 374//1865 399//1865 377//1865
f 400//1866 373//1866 399//1866
f 400//1867 399//1867 374//1867
f 378//1868 401//1868 400//1868
f 393//1869 395//1869 401//1869
f 401//1870 378//1870 403//1870
f 409//1871 398//1871 401//1871
f 883//1872 385//1872 380//1872
f 883//1873 386//1873 385//1873
f 406//1874 403//1874 386//1874
f 406//1875 404//1875 403//1875
f 408//1876 388//1876 384//1876
f 409//1877 404//1877 406//1877
f 31//1878 413//1878 108//1878
f 411//1879 109//1879 413//1879
f 414//1880 412//1880 413//1880
f 414//1881 415//1881 412//1881
f 417//1882 414//1882 413//1882
f 411//1883 421//1883 109//1883
f 422//1884 411//1884 412//1884
f 415//1885 422//1885 412//1885
f 418//1886 419//1886 415//1886
f 109//1887 421//1887 113//1887
f 421//1888 424//1888 117//1888
f 424//1889 425//1889 117//1889
f 422//1890 426//1890 424//1890
f 415//1891 414//1891 428//1891
f 418//1892 415//1892 428//1892
f 417//1893 413//1893 429//1893
f 417//1894 431//1894 428//1894
f 435//1895 431//1895 430//1895
f 434//1896 432//1896 431//1896
f 435//1897 430//1897 125//1897
f 435//1898 125//1898 436//1898
f 434//1899 435//1899 440//1899
f 125//1900 131//1900 134//1900
f 439//1901 435//1901 436//1901
f 437//1902 440//1902 441//1902
f 437//1903 475//1903 438//1903
f 519//1904 445//1904 444//1904
f 441//1905 440//1905 446//1905
f 442//1906 446//1906 447//1906
f 443//1907 437//1907 441//1907
f 449//1908 452//1908 448//1908
f 416//1909 450//1909 418//1909
f 450//1910 419//1910 418//1910
f 448//1911 452//1911 450//1911
f 451//1912 454//1912 453//1912
f 454//1913 456//1913 453//1913
f 452//1914 453//1914 455//1914
f 458//1915 457//1915 455//1915
f 457//1916 427//1916 419//1916
f 456//1917 460//1917 544//1917
f 461//1918 448//1918 464//1918
f 463//1919 450//1919 416//1919
f 463//1920 433//1920 466//1920
f 462//1921 461//1921 464//1921
f 465//1922 462//1922 470//1922
f 467//1923 466//1923 468//1923
f 464//1924 463//1924 467//1924
f 466//1925 432//1925 438//1925
f 469//1926 467//1926 471//1926
f 470//1927 464//1927 469//1927
f 476//1928 468//1928 466//1928
f 472//1929 468//1929 476//1929
f 474//1930 470//1930 477//1930
f 554//1931 437//1931 443//1931
f 476//1932 554//1932 521//1932
f 480//1933 472//1933 476//1933
f 477//1934 472//1934 556//1934
f 481//1935 482//1935 454//1935
f 460//1936 456//1936 454//1936
f 483//1937 487//1937 460//1937
f 486//1938 488//1938 487//1938
f 465//1939 482//1939 451//1939
f 482//1940 489//1940 483//1940
f 490//1941 486//1941 489//1941
f 474//1942 494//1942 473//1942
f 474//1943 495//1943 494//1943
f 494//1944 496//1944 473//1944
f 490//1945 497//1945 492//1945
f 498//1946 491//1946 493//1946
f 491//1947 498//1947 499//1947
f 497//1948 496//1948 597//1948
f 497//1949 498//1949 493//1949
f 499//1950 488//1950 485//1950
f 498//1951 505//1951 499//1951
f 621//1952 499//1952 505//1952
f 117//1953 506//1953 224//1953
f 425//1954 506//1954 117//1954
f 426//1955 507//1955 425//1955
f 427//1956 507//1956 423//1956
f 509//1957 508//1957 507//1957
f 509//1958 507//1958 427//1958
f 506//1959 226//1959 224//1959
f 509//1960 511//1960 510//1960
f 509//1961 512//1961 511//1961
f 513//1962 226//1962 506//1962
f 516//1963 513//1963 510//1963
f 510//1964 514//1964 516//1964
f 513//1965 516//1965 515//1965
f 516//1966 517//1966 515//1966
f 514//1967 518//1967 517//1967
f 446//1968 440//1968 519//1968
f 443//1969 442//1969 447//1969
f 522//1970 447//1970 446//1970
f 521//1971 447//1971 522//1971
f 526//1972 521//1972 522//1972
f 520//1973 519//1973 523//1973
f 528//1974 522//1974 520//1974
f 523//1975 244//1975 247//1975
f 529//1976 525//1976 528//1976
f 246//1977 245//1977 250//1977
f 534//1978 528//1978 247//1978
f 534//1979 529//1979 528//1979
f 535//1980 530//1980 529//1980
f 531//1981 530//1981 535//1981
f 257//1982 536//1982 253//1982
f 537//1983 534//1983 536//1983
f 532//1984 540//1984 538//1984
f 457//1985 541//1985 427//1985
f 458//1986 459//1986 541//1986
f 456//1987 544//1987 459//1987
f 541//1988 509//1988 427//1988
f 543//1989 509//1989 541//1989
f 544//1990 543//1990 459//1990
f 546//1991 512//1991 509//1991
f 543//1992 546//1992 509//1992
f 549//1993 546//1993 545//1993
f 546//1994 514//1994 512//1994
f 546//1995 547//1995 514//1995
f 549//1996 548//1996 546//1996
f 550//1997 552//1997 551//1997
f 569//1998 518//1998 547//1998
f 550//1999 553//1999 552//1999
f 479//2000 521//2000 557//2000
f 480//2001 556//2001 472//2001
f 555//2002 480//2002 479//2002
f 556//2003 558//2003 477//2003
f 557//2004 521//2004 527//2004
f 562//2005 555//2005 557//2005
f 558//2006 555//2006 562//2006
f 561//2007 527//2007 532//2007
f 533//2008 561//2008 532//2008
f 567//2009 561//2009 566//2009
f 562//2010 560//2010 567//2010
f 570//2011 563//2011 567//2011
f 568//2012 563//2012 570//2012
f 564//2013 568//2013 571//2013
f 547//2014 548//2014 551//2014
f 547//2015 575//2015 569//2015
f 574//2016 567//2016 566//2016
f 570//2017 567//2017 574//2017
f 576//2018 570//2018 675//2018
f 460//2019 577//2019 542//2019
f 487//2020 580//2020 577//2020
f 581//2021 580//2021 578//2021
f 488//2022 581//2022 578//2022
f 488//2023 579//2023 581//2023
f 581//2024 583//2024 580//2024
f 545//2025 582//2025 549//2025
f 580//2026 583//2026 545//2026
f 583//2027 582//2027 545//2027
f 581//2028 584//2028 583//2028
f 579//2029 585//2029 584//2029
f 583//2030 586//2030 582//2030
f 582//2031 587//2031 549//2031
f 587//2032 550//2032 549//2032
f 584//2033 589//2033 586//2033
f 590//2034 585//2034 591//2034
f 587//2035 553//2035 550//2035
f 587//2036 586//2036 592//2036
f 588//2037 593//2037 589//2037
f 501//2038 478//2038 477//2038
f 594//2039 595//2039 500//2039
f 495//2040 501//2040 594//2040
f 599//2041 598//2041 594//2041
f 599//2042 501//2042 596//2042
f 601//2043 502//2043 599//2043
f 559//2044 501//2044 477//2044
f 598//2045 597//2045 595//2045
f 601//2046 602//2046 502//2046
f 505//2047 605//2047 622//2047
f 605//2048 505//2048 502//2048
f 601//2049 596//2049 603//2049
f 604//2050 603//2050 606//2050
f 622//2051 605//2051 607//2051
f 603//2052 559//2052 608//2052
f 604//2053 609//2053 611//2053
f 606//2054 609//2054 604//2054
f 605//2055 611//2055 610//2055
f 605//2056 604//2056 611//2056
f 608//2057 564//2057 572//2057
f 613//2058 603//2058 608//2058
f 613//2059 606//2059 603//2059
f 591//2060 585//2060 607//2060
f 618//2061 608//2061 572//2061
f 609//2062 613//2062 617//2062
f 614//2063 609//2063 736//2063
f 620//2064 588//2064 590//2064
f 505//2065 622//2065 621//2065
f 621//2066 622//2066 579//2066
f 622//2067 585//2067 579//2067
f 615//2068 591//2068 610//2068
f 623//2069 620//2069 590//2069
f 626//2070 615//2070 611//2070
f 735//2071 625//2071 614//2071
f 620//2072 626//2072 619//2072
f 515//2073 627//2073 235//2073
f 627//2074 366//2074 235//2074
f 366//2075 627//2075 367//2075
f 367//2076 627//2076 376//2076
f 628//2077 629//2077 627//2077
f 629//2078 376//2078 627//2078
f 628//2079 630//2079 629//2079
f 631//2080 379//2080 376//2080
f 634//2081 631//2081 629//2081
f 630//2082 634//2082 629//2082
f 379//2083 632//2083 383//2083
f 634//2084 1126//2084 631//2084
f 630//2085 635//2085 634//2085
f 636//2086 540//2086 539//2086
f 257//2087 260//2087 392//2087
f 539//2088 536//2088 640//2088
f 637//2089 642//2089 677//2089
f 392//2090 396//2090 638//2090
f 636//2091 640//2091 659//2091
f 646//2092 639//2092 643//2092
f 645//2093 628//2093 517//2093
f 646//2094 397//2094 648//2094
f 628//2095 651//2095 630//2095
f 650//2096 649//2096 655//2096
f 652//2097 630//2097 651//2097
f 652//2098 656//2098 630//2098
f 654//2099 655//2099 649//2099
f 630//2100 656//2100 635//2100
f 657//2101 650//2101 655//2101
f 650//2102 657//2102 656//2102
f 659//2103 639//2103 646//2103
f 642//2104 636//2104 644//2104
f 659//2105 646//2105 647//2105
f 650//2106 662//2106 647//2106
f 647//2107 654//2107 649//2107
f 552//2108 663//2108 551//2108
f 553//2109 663//2109 552//2109
f 573//2110 670//2110 518//2110
f 669//2111 671//2111 574//2111
f 670//2112 673//2112 671//2112
f 575//2113 551//2113 672//2113
f 670//2114 676//2114 641//2114
f 678//2115 676//2115 670//2115
f 671//2116 680//2116 678//2116
f 679//2117 680//2117 671//2117
f 679//2118 671//2118 669//2118
f 687//2119 575//2119 672//2119
f 670//2120 575//2120 687//2120
f 673//2121 670//2121 680//2121
f 673//2122 680//2122 685//2122
f 685//2123 674//2123 673//2123
f 674//2124 685//2124 681//2124
f 675//2125 674//2125 682//2125
f 682//2126 618//2126 675//2126
f 676//2127 645//2127 641//2127
f 683//2128 679//2128 677//2128
f 684//2129 680//2129 687//2129
f 685//2130 679//2130 683//2130
f 684//2131 686//2131 645//2131
f 687//2132 689//2132 696//2132
f 697//2133 688//2133 683//2133
f 663//2134 689//2134 687//2134
f 645//2135 692//2135 628//2135
f 686//2136 696//2136 692//2136
f 695//2137 693//2137 692//2137
f 696//2138 697//2138 695//2138
f 720//2139 688//2139 697//2139
f 690//2140 700//2140 698//2140
f 628//2141 701//2141 651//2141
f 660//2142 650//2142 653//2142
f 701//2143 693//2143 653//2143
f 702//2144 697//2144 696//2144
f 689//2145 702//2145 696//2145
f 702//2146 703//2146 697//2146
f 689//2147 698//2147 702//2147
f 689//2148 690//2148 698//2148
f 704//2149 708//2149 700//2149
f 704//2150 743//2150 699//2150
f 702//2151 665//2151 705//2151
f 702//2152 705//2152 706//2152
f 706//2153 703//2153 702//2153
f 698//2154 708//2154 665//2154
f 703//2155 704//2155 699//2155
f 708//2156 729//2156 665//2156
f 705//2157 666//2157 710//2157
f 667//2158 666//2158 705//2158
f 665//2159 667//2159 705//2159
f 665//2160 707//2160 712//2160
f 707//2161 1210//2161 712//2161
f 750//2162 708//2162 707//2162
f 704//2163 716//2163 707//2163
f 704//2164 717//2164 716//2164
f 718//2165 717//2165 704//2165
f 709//2166 719//2166 718//2166
f 642//2167 683//2167 677//2167
f 681//2168 683//2168 688//2168
f 681//2169 688//2169 682//2169
f 682//2170 720//2170 691//2170
f 694//2171 683//2171 642//2171
f 694//2172 660//2172 693//2172
f 592//2173 553//2173 587//2173
f 592//2174 721//2174 723//2174
f 724//2175 723//2175 721//2175
f 593//2176 724//2176 721//2176
f 593//2177 725//2177 724//2177
f 722//2178 725//2178 593//2178
f 723//2179 664//2179 592//2179
f 724//2180 726//2180 723//2180
f 725//2181 727//2181 724//2181
f 664//2182 728//2182 729//2182
f 726//2183 728//2183 723//2183
f 731//2184 730//2184 728//2184
f 732//2185 1246//2185 729//2185
f 732//2186 728//2186 730//2186
f 572//2187 576//2187 618//2187
f 613//2188 616//2188 617//2188
f 737//2189 735//2189 614//2189
f 618//2190 682//2190 691//2190
f 741//2191 616//2191 691//2191
f 742//2192 739//2192 738//2192
f 700//2193 664//2193 729//2193
f 740//2194 743//2194 746//2194
f 741//2195 740//2195 747//2195
f 744//2196 738//2196 748//2196
f 748//2197 749//2197 742//2197
f 742//2198 744//2198 748//2198
f 750//2199 700//2199 729//2199
f 745//2200 700//2200 750//2200
f 746//2201 751//2201 747//2201
f 756//2202 748//2202 751//2202
f 752//2203 749//2203 756//2203
f 717//2204 1265//2204 716//2204
f 719//2205 754//2205 718//2205
f 753//2206 749//2206 752//2206
f 619//2207 722//2207 588//2207
f 759//2208 760//2208 626//2208
f 624//2209 625//2209 759//2209
f 624//2210 759//2210 626//2210
f 762//2211 722//2211 760//2211
f 762//2212 759//2212 734//2212
f 757//2213 727//2213 722//2213
f 764//2214 761//2214 763//2214
f 762//2215 761//2215 764//2215
f 765//2216 749//2216 753//2216
f 764//2217 768//2217 767//2217
f 768//2218 764//2218 765//2218
f 766//2219 1291//2219 757//2219
f 769//2220 765//2220 753//2220
f 767//2221 1302//2221 1291//2221
f 767//2222 1291//2222 766//2222
f 295//2223 294//2223 771//2223
f 295//2224 771//2224 770//2224
f 771//2225 773//2225 770//2225
f 770//2226 773//2226 772//2226
f 297//2227 774//2227 771//2227
f 776//2228 772//2228 773//2228
f 777//2229 772//2229 776//2229
f 776//2230 773//2230 771//2230
f 774//2231 776//2231 771//2231
f 778//2232 775//2232 777//2232
f 778//2233 777//2233 779//2233
f 781//2234 780//2234 776//2234
f 779//2235 807//2235 778//2235
f 315//2236 312//2236 782//2236
f 312//2237 295//2237 770//2237
f 770//2238 782//2238 312//2238
f 309//2239 315//2239 783//2239
f 314//2240 309//2240 787//2240
f 784//2241 314//2241 787//2241
f 791//2242 785//2242 782//2242
f 791//2243 786//2243 785//2243
f 791//2244 772//2244 775//2244
f 792//2245 786//2245 791//2245
f 793//2246 787//2246 786//2246
f 788//2247 787//2247 794//2247
f 790//2248 795//2248 789//2248
f 790//2249 789//2249 795//2249
f 792//2250 791//2250 797//2250
f 792//2251 797//2251 798//2251
f 800//2252 801//2252 799//2252
f 778//2253 796//2253 775//2253
f 802//2254 793//2254 792//2254
f 794//2255 793//2255 802//2255
f 806//2256 799//2256 794//2256
f 806//2257 803//2257 800//2257
f 804//2258 797//2258 796//2258
f 805//2259 798//2259 797//2259
f 805//2260 802//2260 798//2260
f 806//2261 794//2261 802//2261
f 808//2262 778//2262 807//2262
f 804//2263 808//2263 809//2263
f 810//2264 802//2264 805//2264
f 802//2265 810//2265 806//2265
f 857//2266 806//2266 811//2266
f 809//2267 808//2267 934//2267
f 812//2268 805//2268 804//2268
f 810//2269 805//2269 812//2269
f 813//2270 806//2270 810//2270
f 811//2271 806//2271 813//2271
f 814//2272 774//2272 297//2272
f 814//2273 817//2273 774//2273
f 817//2274 815//2274 345//2274
f 817//2275 819//2275 774//2275
f 817//2276 820//2276 819//2276
f 824//2277 822//2277 818//2277
f 841//2278 822//2278 824//2278
f 843//2279 826//2279 823//2279
f 827//2280 826//2280 843//2280
f 828//2281 924//2281 826//2281
f 827//2282 828//2282 826//2282
f 827//2283 830//2283 828//2283
f 829//2284 830//2284 827//2284
f 831//2285 358//2285 784//2285
f 361//2286 358//2286 831//2286
f 335//2287 360//2287 361//2287
f 832//2288 362//2288 361//2288
f 833//2289 362//2289 832//2289
f 788//2290 831//2290 784//2290
f 836//2291 361//2291 835//2291
f 836//2292 832//2292 361//2292
f 837//2293 831//2293 788//2293
f 835//2294 831//2294 837//2294
f 839//2295 840//2295 835//2295
f 840//2296 836//2296 835//2296
f 822//2297 841//2297 838//2297
f 836//2298 840//2298 841//2298
f 847//2299 834//2299 832//2299
f 843//2300 823//2300 821//2300
f 835//2301 844//2301 839//2301
f 840//2302 846//2302 841//2302
f 847//2303 846//2303 840//2303
f 848//2304 840//2304 842//2304
f 847//2305 848//2305 850//2305
f 851//2306 848//2306 842//2306
f 827//2307 843//2307 853//2307
f 846//2308 853//2308 838//2308
f 854//2309 840//2309 844//2309
f 847//2310 855//2310 853//2310
f 851//2311 842//2311 854//2311
f 857//2312 852//2312 803//2312
f 853//2313 859//2313 827//2313
f 855//2314 904//2314 859//2314
f 859//2315 829//2315 827//2315
f 904//2316 829//2316 859//2316
f 861//2317 857//2317 811//2317
f 862//2318 852//2318 861//2318
f 858//2319 852//2319 862//2319
f 863//2320 860//2320 862//2320
f 385//2321 865//2321 380//2321
f 387//2322 867//2322 382//2322
f 388//2323 867//2323 387//2323
f 872//2324 871//2324 868//2324
f 867//2325 872//2325 866//2325
f 870//2326 873//2326 867//2326
f 871//2327 825//2327 824//2327
f 867//2328 874//2328 872//2328
f 872//2329 876//2329 871//2329
f 872//2330 877//2330 876//2330
f 872//2331 874//2331 877//2331
f 905//2332 878//2332 876//2332
f 877//2333 905//2333 876//2333
f 879//2334 877//2334 874//2334
f 877//2335 912//2335 905//2335
f 877//2336 880//2336 912//2336
f 880//2337 881//2337 912//2337
f 865//2338 346//2338 833//2338
f 883//2339 402//2339 882//2339
f 406//2340 883//2340 884//2340
f 384//2341 633//2341 408//2341
f 883//2342 887//2342 888//2342
f 889//2343 884//2343 894//2343
f 891//2344 890//2344 884//2344
f 408//2345 869//2345 388//2345
f 885//2346 870//2346 869//2346
f 850//2347 887//2347 834//2347
f 883//2348 882//2348 886//2348
f 887//2349 883//2349 886//2349
f 891//2350 895//2350 890//2350
f 897//2351 885//2351 869//2351
f 834//2352 847//2352 850//2352
f 895//2353 896//2353 890//2353
f 898//2354 875//2354 893//2354
f 849//2355 855//2355 825//2355
f 901//2356 900//2356 851//2356
f 901//2357 851//2357 856//2357
f 894//2358 888//2358 900//2358
f 901//2359 899//2359 894//2359
f 903//2360 902//2360 895//2360
f 1153//2361 892//2361 903//2361
f 878//2362 849//2362 876//2362
f 878//2363 904//2363 849//2363
f 908//2364 1175//2364 903//2364
f 909//2365 907//2365 906//2365
f 878//2366 911//2366 829//2366
f 905//2367 912//2367 911//2367
f 907//2368 903//2368 899//2368
f 916//2369 901//2369 856//2369
f 916//2370 856//2370 860//2370
f 917//2371 915//2371 916//2371
f 918//2372 909//2372 906//2372
f 908//2373 907//2373 909//2373
f 864//2374 917//2374 860//2374
f 906//2375 915//2375 918//2375
f 908//2376 1004//2376 910//2376
f 780//2377 920//2377 779//2377
f 781//2378 924//2378 923//2378
f 920//2379 926//2379 919//2379
f 780//2380 923//2380 922//2380
f 928//2381 927//2381 926//2381
f 928//2382 926//2382 922//2382
f 929//2383 928//2383 923//2383
f 924//2384 929//2384 923//2384
f 924//2385 930//2385 929//2385
f 927//2386 928//2386 931//2386
f 929//2387 932//2387 928//2387
f 808//2388 807//2388 933//2388
f 921//2389 933//2389 807//2389
f 935//2390 812//2390 933//2390
f 812//2391 934//2391 933//2391
f 935//2392 936//2392 812//2392
f 936//2393 810//2393 812//2393
f 813//2394 810//2394 936//2394
f 963//2395 811//2395 813//2395
f 921//2396 938//2396 933//2396
f 938//2397 935//2397 933//2397
f 963//2398 813//2398 937//2398
f 921//2399 919//2399 925//2399
f 936//2400 938//2400 943//2400
f 941//2401 937//2401 936//2401
f 939//2402 937//2402 941//2402
f 926//2403 942//2403 925//2403
f 942//2404 943//2404 938//2404
f 940//2405 944//2405 945//2405
f 946//2406 939//2406 941//2406
f 947//2407 944//2407 942//2407
f 947//2408 927//2408 931//2408
f 948//2409 944//2409 947//2409
f 951//2410 945//2410 944//2410
f 946//2411 945//2411 949//2411
f 948//2412 931//2412 950//2412
f 828//2413 830//2413 924//2413
f 955//2414 930//2414 924//2414
f 930//2415 932//2415 929//2415
f 956//2416 930//2416 955//2416
f 957//2417 930//2417 956//2417
f 958//2418 957//2418 956//2418
f 931//2419 932//2419 960//2419
f 961//2420 960//2420 959//2420
f 963//2421 861//2421 811//2421
f 964//2422 862//2422 861//2422
f 964//2423 963//2423 939//2423
f 829//2424 955//2424 830//2424
f 829//2425 968//2425 955//2425
f 946//2426 969//2426 939//2426
f 971//2427 970//2427 946//2427
f 971//2428 946//2428 949//2428
f 972//2429 970//2429 971//2429
f 955//2430 958//2430 956//2430
f 975//2431 976//2431 952//2431
f 972//2432 952//2432 976//2432
f 863//2433 964//2433 979//2433
f 981//2434 864//2434 980//2434
f 864//2435 860//2435 980//2435
f 964//2436 939//2436 982//2436
f 967//2437 982//2437 969//2437
f 984//2438 979//2438 967//2438
f 984//2439 967//2439 969//2439
f 987//2440 985//2440 984//2440
f 1003//2441 981//2441 985//2441
f 988//2442 969//2442 970//2442
f 989//2443 969//2443 988//2443
f 986//2444 969//2444 989//2444
f 987//2445 986//2445 990//2445
f 973//2446 988//2446 970//2446
f 990//2447 989//2447 991//2447
f 992//2448 991//2448 978//2448
f 912//2449 993//2449 996//2449
f 913//2450 993//2450 912//2450
f 913//2451 994//2451 993//2451
f 881//2452 995//2452 913//2452
f 911//2453 996//2453 829//2453
f 994//2454 996//2454 993//2454
f 994//2455 913//2455 995//2455
f 996//2456 968//2456 829//2456
f 994//2457 995//2457 997//2457
f 996//2458 998//2458 968//2458
f 997//2459 998//2459 996//2459
f 998//2460 958//2460 968//2460
f 999//2461 1001//2461 997//2461
f 997//2462 1001//2462 1000//2462
f 1003//2463 917//2463 864//2463
f 909//2464 918//2464 1004//2464
f 1005//2465 910//2465 1004//2465
f 1004//2466 918//2466 1006//2466
f 1005//2467 1004//2467 1011//2467
f 1010//2468 1009//2468 1008//2468
f 1013//2469 1006//2469 1003//2469
f 1015//2470 1007//2470 1011//2470
f 1338//2471 1007//2471 1012//2471
f 1010//2472 1008//2472 1009//2472
f 1013//2473 1014//2473 1006//2473
f 1016//2474 1013//2474 987//2474
f 1017//2475 1014//2475 1013//2475
f 1022//2476 1017//2476 1013//2476
f 1023//2477 1015//2477 1011//2477
f 1022//2478 1013//2478 1016//2478
f 1025//2479 1018//2479 1023//2479
f 1016//2480 987//2480 992//2480
f 1023//2481 1017//2481 1016//2481
f 1024//2482 1023//2482 1026//2482
f 1026//2483 1016//2483 1028//2483
f 1031//2484 954//2484 953//2484
f 961//2485 1033//2485 1032//2485
f 1033//2486 957//2486 962//2486
f 957//2487 1035//2487 962//2487
f 1033//2488 1036//2488 1032//2488
f 1036//2489 1030//2489 1032//2489
f 1038//2490 1040//2490 1036//2490
f 1034//2491 1041//2491 1039//2491
f 1039//2492 1044//2492 1043//2492
f 1041//2493 1044//2493 1039//2493
f 1043//2494 1042//2494 1040//2494
f 953//2495 960//2495 1032//2495
f 975//2496 952//2496 954//2496
f 1046//2497 1047//2497 954//2497
f 975//2498 1047//2498 976//2498
f 977//2499 974//2499 976//2499
f 1048//2500 1035//2500 958//2500
f 1049//2501 953//2501 1032//2501
f 953//2502 1049//2502 1031//2502
f 1050//2503 977//2503 1047//2503
f 1053//2504 978//2504 991//2504
f 1049//2505 1032//2505 1030//2505
f 1050//2506 1047//2506 1046//2506
f 1050//2507 1055//2507 1052//2507
f 1056//2508 1057//2508 1052//2508
f 1036//2509 1058//2509 1030//2509
f 1046//2510 1031//2510 1049//2510
f 1059//2511 1055//2511 1054//2511
f 1059//2512 1056//2512 1055//2512
f 1057//2513 1056//2513 1060//2513
f 1062//2514 1054//2514 1058//2514
f 1043//2515 1062//2515 1042//2515
f 1044//2516 1062//2516 1043//2516
f 1065//2517 1059//2517 1062//2517
f 1044//2518 1068//2518 1062//2518
f 1044//2519 1045//2519 1068//2519
f 1069//2520 1060//2520 1065//2520
f 1070//2521 1069//2521 1068//2521
f 1061//2522 1060//2522 1071//2522
f 1070//2523 1068//2523 1045//2523
f 1072//2524 1074//2524 1069//2524
f 1051//2525 991//2525 973//2525
f 1037//2526 1076//2526 1041//2526
f 1077//2527 1082//2527 1076//2527
f 1041//2528 1081//2528 1063//2528
f 1076//2529 1082//2529 1041//2529
f 1082//2530 1077//2530 1078//2530
f 1079//2531 1084//2531 1078//2531
f 1087//2532 1084//2532 1079//2532
f 1080//2533 1087//2533 1079//2533
f 1083//2534 1081//2534 1082//2534
f 1083//2535 1078//2535 1084//2535
f 1087//2536 1090//2536 1089//2536
f 1000//2537 1092//2537 1075//2537
f 1053//2538 1093//2538 1091//2538
f 1078//2539 1077//2539 1075//2539
f 1092//2540 1078//2540 1075//2540
f 1057//2541 1060//2541 1061//2541
f 1093//2542 1057//2542 1061//2542
f 1096//2543 1061//2543 1097//2543
f 1088//2544 1081//2544 1083//2544
f 1113//2545 1098//2545 1099//2545
f 1097//2546 1071//2546 1074//2546
f 1101//2547 1098//2547 1097//2547
f 1099//2548 1098//2548 1101//2548
f 1091//2549 992//2549 978//2549
f 1102//2550 1026//2550 1028//2550
f 1103//2551 1027//2551 1025//2551
f 1029//2552 1027//2552 1103//2552
f 1028//2553 992//2553 1091//2553
f 1105//2554 1028//2554 1091//2554
f 1102//2555 1028//2555 1105//2555
f 1104//2556 1103//2556 1109//2556
f 1109//2557 1103//2557 1105//2557
f 1109//2558 1105//2558 1108//2558
f 1104//2559 1109//2559 1106//2559
f 1094//2560 1093//2560 1110//2560
f 1110//2561 1107//2561 1094//2561
f 1108//2562 1105//2562 1107//2562
f 1109//2563 1108//2563 1107//2563
f 1109//2564 1112//2564 1106//2564
f 1110//2565 1093//2565 1096//2565
f 1098//2566 1112//2566 1111//2566
f 1100//2567 1072//2567 1073//2567
f 1101//2568 1100//2568 1116//2568
f 1115//2569 1088//2569 1119//2569
f 1116//2570 1115//2570 1118//2570
f 1120//2571 1101//2571 1116//2571
f 1117//2572 1101//2572 1120//2572
f 1122//2573 1121//2573 1117//2573
f 1114//2574 1119//2574 1088//2574
f 1122//2575 1120//2575 1114//2575
f 1090//2576 1123//2576 1114//2576
f 631//2577 1125//2577 632//2577
f 631//2578 1126//2578 1125//2578
f 1128//2579 632//2579 1125//2579
f 1128//2580 1127//2580 632//2580
f 634//2581 1129//2581 1126//2581
f 1130//2582 1131//2582 1126//2582
f 1132//2583 1130//2583 1129//2583
f 1137//2584 1132//2584 1129//2584
f 1131//2585 1136//2585 1135//2585
f 1130//2586 1136//2586 1131//2586
f 1140//2587 1136//2587 1139//2587
f 1132//2588 1141//2588 1139//2588
f 1146//2589 633//2589 885//2589
f 1150//2590 657//2590 655//2590
f 1146//2591 885//2591 1127//2591
f 1128//2592 1156//2592 1146//2592
f 1156//2593 1148//2593 1146//2593
f 1151//2594 1129//2594 635//2594
f 658//2595 1151//2595 635//2595
f 1150//2596 1159//2596 658//2596
f 1152//2597 1151//2597 658//2597
f 893//2598 1147//2598 898//2598
f 898//2599 1147//2599 892//2599
f 1154//2600 898//2600 1153//2600
f 1149//2601 1147//2601 1154//2601
f 1149//2602 1154//2602 1155//2602
f 1166//2603 875//2603 898//2603
f 1155//2604 1153//2604 1161//2604
f 1160//2605 1148//2605 1156//2605
f 1160//2606 1154//2606 1148//2606
f 1156//2607 1131//2607 1162//2607
f 1157//2608 1155//2608 1163//2608
f 1164//2609 1150//2609 1157//2609
f 1158//2610 1159//2610 1150//2610
f 1165//2611 1137//2611 1129//2611
f 1166//2612 1134//2612 875//2612
f 1175//2613 1161//2613 1153//2613
f 1166//2614 1154//2614 1160//2614
f 1161//2615 1175//2615 1167//2615
f 1162//2616 1135//2616 1134//2616
f 1162//2617 1131//2617 1135//2617
f 1162//2618 1134//2618 1168//2618
f 1160//2619 1163//2619 1174//2619
f 1135//2620 1160//2620 1138//2620
f 1136//2621 1169//2621 1135//2621
f 1169//2622 1160//2622 1135//2622
f 1164//2623 1157//2623 1169//2623
f 1169//2624 1170//2624 1164//2624
f 1158//2625 1164//2625 1170//2625
f 1134//2626 879//2626 875//2626
f 1138//2627 879//2627 1134//2627
f 1138//2628 1133//2628 1135//2628
f 1140//2629 1169//2629 1136//2629
f 1170//2630 1169//2630 1171//2630
f 1236//2631 1170//2631 1172//2631
f 1174//2632 1173//2632 1168//2632
f 1176//2633 1170//2633 1171//2633
f 1177//2634 1170//2634 1176//2634
f 1178//2635 1169//2635 1140//2635
f 1179//2636 881//2636 1173//2636
f 1317//2637 1173//2637 1174//2637
f 1180//2638 1317//2638 1174//2638
f 1318//2639 1180//2639 910//2639
f 1318//2640 1181//2640 1180//2640
f 1183//2641 1171//2641 1178//2641
f 1183//2642 1176//2642 1171//2642
f 1373//2643 1172//2643 1177//2643
f 1185//2644 1189//2644 1188//2644
f 1189//2645 1192//2645 1188//2645
f 1187//2646 1192//2646 1194//2646
f 1193//2647 1190//2647 1194//2647
f 1195//2648 1197//2648 1192//2648
f 1195//2649 1256//2649 1198//2649
f 1191//2650 1256//2650 1195//2650
f 1194//2651 1199//2651 1193//2651
f 1194//2652 1200//2652 1199//2652
f 1196//2653 1200//2653 1194//2653
f 1203//2654 1197//2654 1198//2654
f 1197//2655 1354//2655 1196//2655
f 710//2656 666//2656 1205//2656
f 1217//2657 1205//2657 666//2657
f 1207//2658 711//2658 1206//2658
f 1207//2659 713//2659 711//2659
f 1209//2660 706//2660 711//2660
f 713//2661 1208//2661 711//2661
f 1210//2662 1209//2662 712//2662
f 1210//2663 1211//2663 1209//2663
f 715//2664 665//2664 668//2664
f 1211//2665 719//2665 706//2665
f 1206//2666 710//2666 1216//2666
f 1215//2667 1206//2667 1214//2667
f 1217//2668 1224//2668 1216//2668
f 1219//2669 1186//2669 667//2669
f 1217//2670 1219//2670 667//2670
f 1207//2671 1225//2671 1208//2671
f 1220//2672 1217//2672 712//2672
f 1220//2673 1209//2673 1208//2673
f 1226//2674 715//2674 668//2674
f 1226//2675 716//2675 715//2675
f 1214//2676 658//2676 1159//2676
f 1215//2677 1214//2677 1159//2677
f 1216//2678 1152//2678 1214//2678
f 1218//2679 1230//2679 1216//2679
f 1223//2680 1188//2680 1187//2680
f 1217//2681 1186//2681 1223//2681
f 1218//2682 1231//2682 1230//2682
f 1219//2683 1217//2683 1223//2683
f 1220//2684 1219//2684 1223//2684
f 1233//2685 1188//2685 1219//2685
f 1221//2686 1233//2686 1220//2686
f 1226//2687 1233//2687 1210//2687
f 1211//2688 1221//2688 1234//2688
f 1227//2689 719//2689 1211//2689
f 1222//2690 1159//2690 1158//2690
f 1165//2691 1151//2691 1152//2691
f 1216//2692 1229//2692 1152//2692
f 1230//2693 1229//2693 1216//2693
f 1187//2694 1190//2694 1223//2694
f 1232//2695 1225//2695 1215//2695
f 1221//2696 1220//2696 1234//2696
f 1190//2697 1137//2697 1165//2697
f 1236//2698 1222//2698 1228//2698
f 1230//2699 1231//2699 1229//2699
f 1232//2700 1222//2700 1236//2700
f 1232//2701 1237//2701 1235//2701
f 1234//2702 1232//2702 1235//2702
f 1235//2703 1237//2703 1238//2703
f 1227//2704 1234//2704 1240//2704
f 1237//2705 1243//2705 1238//2705
f 1236//2706 1373//2706 1184//2706
f 1236//2707 1172//2707 1373//2707
f 1246//2708 1185//2708 668//2708
f 1249//2709 1247//2709 730//2709
f 1250//2710 732//2710 1247//2710
f 1249//2711 1250//2711 1247//2711
f 1256//2712 1191//2712 1252//2712
f 1251//2713 1255//2713 1254//2713
f 1253//2714 1256//2714 1252//2714
f 1250//2715 1258//2715 1253//2715
f 1258//2716 1257//2716 1253//2716
f 1204//2717 1201//2717 1198//2717
f 1258//2718 1399//2718 1257//2718
f 1254//2719 1262//2719 1400//2719
f 1264//2720 1261//2720 1259//2720
f 1265//2721 750//2721 715//2721
f 1266//2722 1213//2722 1212//2722
f 754//2723 717//2723 718//2723
f 745//2724 750//2724 1265//2724
f 1271//2725 1265//2725 717//2725
f 754//2726 1267//2726 717//2726
f 746//2727 745//2727 1271//2727
f 756//2728 1277//2728 1268//2728
f 1277//2729 756//2729 746//2729
f 1268//2730 1269//2730 755//2730
f 752//2731 755//2731 1269//2731
f 1266//2732 1212//2732 1213//2732
f 754//2733 719//2733 1273//2733
f 1276//2734 746//2734 1267//2734
f 1270//2735 752//2735 1269//2735
f 1275//2736 1273//2736 1227//2736
f 754//2737 1273//2737 1275//2737
f 1277//2738 1278//2738 1268//2738
f 1279//2739 1269//2739 1268//2739
f 1279//2740 1280//2740 1272//2740
f 1275//2741 1284//2741 1281//2741
f 1282//2742 1280//2742 1286//2742
f 1285//2743 1278//2743 1281//2743
f 1286//2744 1278//2744 1285//2744
f 1282//2745 1288//2745 1259//2745
f 1286//2746 1285//2746 1288//2746
f 1261//2747 1282//2747 1259//2747
f 758//2748 1291//2748 1248//2748
f 1291//2749 1294//2749 1248//2749
f 1248//2750 1295//2750 1251//2750
f 1297//2751 1295//2751 1294//2751
f 1291//2752 1292//2752 1297//2752
f 1292//2753 1296//2753 1297//2753
f 1295//2754 1255//2754 1251//2754
f 1298//2755 1255//2755 1295//2755
f 1255//2756 1301//2756 1299//2756
f 1301//2757 1300//2757 1299//2757
f 1299//2758 1263//2758 1260//2758
f 1261//2759 1264//2759 1263//2759
f 767//2760 768//2760 1302//2760
f 769//2761 1305//2761 768//2761
f 1305//2762 769//2762 753//2762
f 1305//2763 1306//2763 1302//2763
f 1308//2764 1305//2764 1272//2764
f 1308//2765 1272//2765 1282//2765
f 1261//2766 1299//2766 1296//2766
f 1309//2767 1283//2767 1287//2767
f 1143//2768 1144//2768 1311//2768
f 1313//2769 1314//2769 1312//2769
f 1145//2770 1313//2770 1312//2770
f 1313//2771 1315//2771 1314//2771
f 1173//2772 1317//2772 1179//2772
f 1179//2773 1142//2773 1310//2773
f 1142//2774 1179//2774 1317//2774
f 1317//2775 1181//2775 1182//2775
f 1320//2776 1177//2776 1318//2776
f 1321//2777 1142//2777 1182//2777
f 1182//2778 1176//2778 1183//2778
f 1321//2779 1140//2779 1143//2779
f 1178//2780 1140//2780 1321//2780
f 1373//2781 1320//2781 1322//2781
f 1373//2782 1177//2782 1320//2782
f 1179//2783 1310//2783 995//2783
f 1324//2784 1310//2784 1142//2784
f 1312//2785 1324//2785 1311//2785
f 1322//2786 1323//2786 1184//2786
f 1327//2787 1319//2787 1326//2787
f 1322//2788 1320//2788 1327//2788
f 1322//2789 1328//2789 1323//2789
f 995//2790 999//2790 997//2790
f 1314//2791 1325//2791 1324//2791
f 1326//2792 1330//2792 1327//2792
f 1328//2793 1322//2793 1327//2793
f 1328//2794 1327//2794 1330//2794
f 1325//2795 1331//2795 999//2795
f 1330//2796 1329//2796 1345//2796
f 1333//2797 1332//2797 1335//2797
f 1336//2798 1001//2798 999//2798
f 1331//2799 1316//2799 1336//2799
f 1335//2800 1332//2800 1334//2800
f 1319//2801 1318//2801 1337//2801
f 1339//2802 1341//2802 1326//2802
f 1338//2803 1012//2803 1018//2803
f 1019//2804 1342//2804 1018//2804
f 1343//2805 1020//2805 1021//2805
f 1344//2806 1340//2806 1338//2806
f 1344//2807 1339//2807 1340//2807
f 1345//2808 1329//2808 1326//2808
f 1341//2809 1344//2809 1345//2809
f 1344//2810 1342//2810 1346//2810
f 1348//2811 1344//2811 1346//2811
f 1348//2812 1346//2812 1349//2812
f 1352//2813 1348//2813 1350//2813
f 1347//2814 1027//2814 1029//2814
f 1349//2815 1347//2815 1029//2815
f 1351//2816 1349//2816 1029//2816
f 1451//2817 1334//2817 1352//2817
f 1199//2818 1145//2818 1141//2818
f 1202//2819 1201//2819 1353//2819
f 1354//2820 1203//2820 1355//2820
f 1358//2821 1356//2821 1199//2821
f 1359//2822 1356//2822 1358//2822
f 1353//2823 1357//2823 1359//2823
f 1355//2824 1353//2824 1359//2824
f 1355//2825 1359//2825 1354//2825
f 1362//2826 1360//2826 1201//2826
f 1353//2827 1363//2827 1357//2827
f 1359//2828 1357//2828 1356//2828
f 1363//2829 1353//2829 1360//2829
f 1315//2830 1313//2830 1356//2830
f 1357//2831 1365//2831 1364//2831
f 1356//2832 1357//2832 1364//2832
f 1361//2833 1363//2833 1360//2833
f 1315//2834 1364//2834 1316//2834
f 1369//2835 1365//2835 1366//2835
f 1363//2836 1368//2836 1366//2836
f 1368//2837 1369//2837 1366//2837
f 1458//2838 1364//2838 1365//2838
f 1458//2839 1365//2839 1369//2839
f 1368//2840 1371//2840 1369//2840
f 1237//2841 1377//2841 1374//2841
f 1237//2842 1184//2842 1376//2842
f 1243//2843 1237//2843 1374//2843
f 1244//2844 1243//2844 1375//2844
f 1380//2845 1375//2845 1374//2845
f 1383//2846 1378//2846 1377//2846
f 1382//2847 1388//2847 1381//2847
f 1382//2848 1381//2848 1388//2848
f 1389//2849 1383//2849 1386//2849
f 1383//2850 1384//2850 1378//2850
f 1379//2851 1384//2851 1390//2851
f 1387//2852 1328//2852 1333//2852
f 1383//2853 1389//2853 1392//2853
f 1383//2854 1393//2854 1384//2854
f 1390//2855 1391//2855 1393//2855
f 1391//2856 1384//2856 1393//2856
f 1385//2857 1379//2857 1390//2857
f 1396//2858 1390//2858 1370//2858
f 1397//2859 1398//2859 1392//2859
f 1476//2860 1394//2860 1392//2860
f 1476//2861 1395//2861 1394//2861
f 1370//2862 1395//2862 1478//2862
f 1362//2863 1201//2863 1204//2863
f 1399//2864 1403//2864 1257//2864
f 1399//2865 1258//2865 1400//2865
f 1263//2866 1401//2866 1262//2866
f 1402//2867 1264//2867 1259//2867
f 1362//2868 1204//2868 1124//2868
f 1404//2869 1362//2869 1124//2869
f 1401//2870 1405//2870 1400//2870
f 1399//2871 1404//2871 1403//2871
f 1412//2872 1361//2872 1362//2872
f 1407//2873 1412//2873 1404//2873
f 1405//2874 1410//2874 1407//2874
f 1411//2875 1410//2875 1405//2875
f 1412//2876 1367//2876 1361//2876
f 1409//2877 1413//2877 1408//2877
f 1411//2878 1409//2878 1408//2878
f 1410//2879 1411//2879 1408//2879
f 1412//2880 1415//2880 1367//2880
f 1408//2881 1413//2881 1414//2881
f 1415//2882 1461//2882 1367//2882
f 1461//2883 1415//2883 1414//2883
f 1416//2884 1461//2884 1414//2884
f 1461//2885 1368//2885 1367//2885
f 1414//2886 1417//2886 1416//2886
f 1289//2887 1245//2887 1418//2887
f 1419//2888 1290//2888 1289//2888
f 1259//2889 1420//2889 1402//2889
f 1380//2890 1418//2890 1375//2890
f 1419//2891 1289//2891 1418//2891
f 1420//2892 1290//2892 1419//2892
f 1420//2893 1419//2893 1401//2893
f 1418//2894 1385//2894 1406//2894
f 1419//2895 1418//2895 1406//2895
f 1413//2896 1409//2896 1406//2896
f 1385//2897 1396//2897 1413//2897
f 1421//2898 1336//2898 1458//2898
f 1421//2899 1422//2899 1336//2899
f 1426//2900 1422//2900 1423//2900
f 1425//2901 1087//2901 1080//2901
f 1423//2902 1427//2902 1426//2902
f 1087//2903 1085//2903 1084//2903
f 1426//2904 1087//2904 1425//2904
f 1426//2905 1428//2905 1431//2905
f 1427//2906 1429//2906 1428//2906
f 1087//2907 1430//2907 1090//2907
f 1001//2908 1095//2908 1092//2908
f 1432//2909 1335//2909 1434//2909
f 1336//2910 1424//2910 1095//2910
f 1436//2911 1434//2911 1433//2911
f 1424//2912 1080//2912 1095//2912
f 1436//2913 1433//2913 1435//2913
f 1484//2914 1434//2914 1436//2914
f 1438//2915 1436//2915 1435//2915
f 1438//2916 1435//2916 1437//2916
f 1436//2917 1438//2917 1439//2917
f 1442//2918 1440//2918 1441//2918
f 1445//2919 1443//2919 1447//2919
f 1438//2920 1437//2920 1443//2920
f 1117//2921 1446//2921 1099//2921
f 1439//2922 1447//2922 1448//2922
f 1439//2923 1448//2923 1444//2923
f 1350//2924 1450//2924 1451//2924
f 1351//2925 1450//2925 1350//2925
f 1452//2926 1335//2926 1334//2926
f 1104//2927 1453//2927 1029//2927
f 1450//2928 1454//2928 1451//2928
f 1452//2929 1454//2929 1433//2929
f 1452//2930 1434//2930 1335//2930
f 1104//2931 1106//2931 1453//2931
f 1106//2932 1456//2932 1453//2932
f 1455//2933 1454//2933 1453//2933
f 1456//2934 1112//2934 1113//2934
f 1455//2935 1457//2935 1435//2935
f 1457//2936 1455//2936 1456//2936
f 1457//2937 1442//2937 1437//2937
f 1457//2938 1113//2938 1440//2938
f 1369//2939 1462//2939 1459//2939
f 1371//2940 1462//2940 1369//2940
f 1372//2941 1368//2941 1461//2941
f 1460//2942 1463//2942 1371//2942
f 1459//2943 1465//2943 1464//2943
f 1463//2944 1468//2944 1469//2944
f 1427//2945 1423//2945 1421//2945
f 1429//2946 1427//2946 1464//2946
f 1466//2947 1465//2947 1469//2947
f 1467//2948 1470//2948 1466//2948
f 1472//2949 1471//2949 1470//2949
f 1468//2950 1471//2950 1472//2950
f 1466//2951 1429//2951 1464//2951
f 1429//2952 1473//2952 1428//2952
f 1432//2953 1475//2953 1335//2953
f 1478//2954 1460//2954 1370//2954
f 1476//2955 1398//2955 1480//2955
f 1484//2956 1475//2956 1434//2956
f 1476//2957 1480//2957 1481//2957
f 1477//2958 1476//2958 1481//2958
f 1477//2959 1481//2959 1482//2959
f 1479//2960 1484//2960 1483//2960
f 1479//2961 1485//2961 1480//2961
f 1484//2962 1436//2962 1439//2962
f 1484//2963 1439//2963 1483//2963
f 1485//2964 1479//2964 1483//2964
f 1488//2965 1480//2965 1485//2965
f 1487//2966 1485//2966 1483//2966
f 1485//2967 1487//2967 1488//2967
f 1468//2968 1489//2968 1471//2968
f 1489//2969 1486//2969 1481//2969
f 1486//2970 1489//2970 1468//2970
f 1487//2971 1439//2971 1444//2971
f 1491//2972 1489//2972 1488//2972
f 1491//2973 1474//2973 1471//2973
f 1491//2974 1488//2974 1490//2974
f 1460//2975 1372//2975 1416//2975
f 1460//2976 1417//2976 1370//2976
f 1492//2977 1430//2977 1431//2977
f 1495//2978 1494//2978 1493//2978
f 1446//2979 1447//2979 1440//2979
f 1493//2980 1494//2980 1121//2980
f 1494//2981 1117//2981 1121//2981
f 1498//2982 1493//2982 1430//2982
f 1500//2983 1494//2983 1495//2983
f 1500//2984 1496//2984 1446//2984
f 1497//2985 1500//2985 1499//2985
f 1497//2986 1448//2986 1500//2986
f 1500//2987 1498//2987 1499//2987
f 1500//2988 1495//2988 1498//2988
f 1503//2989 1502//2989 1501//2989
f 1473//2990 1497//2990 1428//2990
f 1474//2991 1473//2991 1429//2991
f 1474//2992 1491//2992 1490//2992
f 1505//2993 1504//2993 1448//2993
f 1504//2994 1507//2994 1506//2994
f 1473//2995 1506//2995 1505//2995
f 1490//2996 1506//2996 1473//2996
f 1506//2997 1490//2997 1504//2997
f 1506//2998 1507//2998 1505//2998
