# Blender 5.2.2 LTS
# www.blender.org
o Coral_Plate_C_tmp
v -0.356064 -0.358803 0.131284
v -0.487517 -0.001506 0.132104
v -0.445539 -0.270000 0.131938
v -0.445655 -0.255571 0.131352
v -0.421155 -0.026567 0.131868
v -0.401227 -0.314374 0.131622
v -0.419808 -0.283644 0.131577
v -0.420675 -0.241191 0.121924
v -0.419842 -0.239809 0.140478
v -0.406903 -0.196039 0.104431
v -0.408421 -0.166358 0.131502
v -0.406556 -0.051774 0.131620
v -0.373154 -0.329704 0.123786
v -0.373154 -0.329704 0.139242
v -0.353834 -0.261537 0.084969
v -0.382455 -0.263573 0.103718
v -0.376444 -0.275895 0.161348
v -0.358365 -0.269579 0.184727
v -0.372434 -0.185440 0.080420
v -0.362263 -0.197297 0.179204
v -0.389388 -0.152124 0.106638
v -0.375126 -0.150663 0.157436
v -0.372629 -0.105735 0.105727
v -0.372503 -0.110125 0.149858
v -0.378451 -0.065022 0.120687
v -0.378451 -0.065022 0.139531
v -0.328963 -0.365247 0.122848
v -0.292973 -0.370949 0.119010
v -0.284440 -0.369986 0.155045
v -0.268499 -0.356124 0.182418
v -0.242275 -0.375410 0.154175
v -0.219335 -0.359716 0.185395
v -0.167423 -0.357505 0.128459
v -0.169126 -0.359693 0.138740
v -0.133324 -0.660268 0.088122
v -0.134841 -0.440309 0.132081
v -0.110500 -0.669866 0.088175
v -0.107387 -0.641949 0.087557
v -0.107387 -0.641949 0.088837
v -0.090876 -0.604705 0.088162
v -0.127380 -0.443937 0.132487
v -0.127380 -0.436680 0.131674
v -0.096906 -0.407765 0.128984
v -0.110024 -0.345662 0.156274
v -0.075441 -0.672377 0.088180
v -0.062884 -0.639958 0.087536
v -0.062884 -0.639958 0.088877
v -0.068435 -0.591887 0.087800
v -0.068435 -0.591887 0.088573
v -0.055323 -0.563066 0.088147
v -0.079564 -0.407065 0.126045
v -0.079564 -0.407065 0.137957
v -0.065358 -0.374824 0.122476
v -0.065358 -0.374824 0.146357
v -0.041626 -0.625640 0.088004
v -0.041756 -0.563097 0.088209
v -0.001544 -0.396104 0.088823
v -0.031337 -0.363353 0.129296
v -0.323194 -0.330032 0.165612
v -0.315931 -0.307698 0.186869
v -0.334590 -0.213900 0.179218
v -0.288129 -0.135037 0.063766
v -0.344046 -0.145955 0.179226
v -0.345743 -0.086163 0.087205
v -0.308409 -0.084341 0.179568
v -0.329313 -0.067944 0.162436
v -0.337435 -0.015787 0.116720
v -0.312573 0.003391 0.145568
v -0.277226 -0.233213 0.065436
v -0.275235 -0.294135 0.185823
v -0.319724 -0.254710 0.183526
v -0.269722 -0.193592 0.164131
v -0.301313 -0.121446 0.178311
v -0.272945 -0.041016 0.083600
v -0.285026 -0.069524 0.167621
v -0.284672 -0.021635 0.098961
v -0.274462 -0.004846 0.152034
v -0.242275 -0.330375 0.190413
v -0.218426 -0.294642 0.087255
v -0.226512 -0.199896 0.061672
v -0.234223 -0.094952 0.066413
v -0.200701 -0.111867 0.140960
v -0.242275 -0.022025 0.158563
v -0.195079 -0.330143 0.182488
v -0.168626 -0.267175 0.083942
v -0.193267 -0.272586 0.175390
v -0.206565 -0.189056 0.153504
v -0.180193 -0.087360 0.130250
v -0.160018 -0.068635 0.082197
v -0.184860 -0.045977 0.089181
v -0.195583 -0.069935 0.147046
v -0.199016 -0.026029 0.102008
v -0.194110 -0.017921 0.166605
v -0.176331 0.002651 0.176329
v -0.152963 -0.332901 0.120371
v -0.152963 -0.339842 0.153248
v -0.155578 -0.317315 0.179054
v -0.118716 -0.300197 0.114728
v -0.163614 -0.284949 0.177964
v -0.083343 -0.074302 0.086919
v -0.140093 -0.101097 0.133318
v -0.158033 -0.064303 0.111723
v -0.154692 -0.021340 0.154799
v -0.150766 -0.023817 0.120015
v -0.111336 -0.332901 0.125249
v -0.090431 -0.253929 0.178458
v -0.081656 -0.159685 0.090654
v -0.055369 -0.148383 0.151242
v -0.110221 -0.070281 0.112695
v -0.067649 -0.071060 0.134017
v -0.078604 -0.009638 0.130467
v -0.072239 -0.324398 0.118347
v -0.062907 -0.324617 0.180582
v -0.039213 -0.256640 0.188071
v -0.054983 -0.236149 0.113277
v -0.021246 -0.131710 0.106615
v -0.032463 -0.213749 0.181138
v -0.059057 -0.110125 0.096546
v -0.065505 -0.064815 0.111639
v -0.047867 -0.036968 0.130572
v -0.018321 -0.334444 0.117873
v -0.017497 -0.332257 0.155897
v 0.027317 -0.288318 0.104341
v -0.018397 -0.292817 0.185151
v 0.003861 -0.238954 0.114278
v 0.042689 -0.169585 0.178194
v -0.020428 -0.023628 0.127126
v -0.020991 -0.023239 0.134261
v -0.839841 0.127638 0.088112
v -0.836816 0.223155 0.088084
v -0.799310 0.084294 0.088170
v -0.799099 0.095331 0.089262
v -0.831921 0.127655 0.088108
v -0.797674 0.306894 0.088027
v -0.743191 0.084457 0.088017
v -0.743156 0.091180 0.087437
v -0.790544 0.306608 0.088762
v -0.792539 0.360450 0.087274
v -0.708558 0.122836 0.085681
v -0.721507 0.214521 0.079342
v -0.720484 0.208051 0.099173
v -0.711812 0.252260 0.177576
v -0.713325 0.271540 0.086390
v -0.711565 0.274292 0.172336
v -0.708378 0.277321 0.184311
v -0.759463 0.434255 0.087397
v -0.759463 0.451093 0.089047
v -0.741942 0.434255 0.089047
v -0.741942 0.451093 0.087397
v -0.707811 0.522106 0.087523
v -0.703285 0.539198 0.087909
v -0.687355 0.233429 0.071398
v -0.682000 0.154359 0.114034
v -0.668441 0.200507 0.142385
v -0.678777 0.247736 0.118925
v -0.682775 0.251811 0.168612
v -0.665970 0.227591 0.139863
v -0.682775 0.251811 0.183144
v -0.679065 0.277339 0.078185
v -0.691854 0.275416 0.096648
v -0.682775 0.280325 0.168612
v -0.631461 0.077927 0.088453
v -0.642899 0.106038 0.082121
v -0.640569 0.103525 0.111343
v -0.614339 0.112673 0.139326
v -0.662789 0.171201 0.138949
v -0.587947 0.239416 0.072474
v -0.652031 0.259831 0.174387
v -0.652298 0.275633 0.174400
v -0.606801 0.080209 0.087360
v -0.594515 0.079840 0.108342
v -0.549087 0.067489 0.136282
v -0.569688 0.188990 0.150935
v -0.595228 0.283059 0.108993
v -0.591933 0.242724 0.140847
v -0.594835 0.288816 0.079629
v -0.576981 0.284091 0.155092
v -0.577653 0.305735 0.178380
v -0.580492 0.333666 0.088433
v -0.577996 0.322696 0.173796
v -0.530319 0.037749 0.131836
v -0.547534 0.066209 0.122611
v -0.557659 0.144887 0.088662
v -0.558994 0.133456 0.150888
v -0.544231 0.228420 0.081660
v -0.518540 0.320360 0.086190
v -0.527395 0.304929 0.120584
v -0.527592 0.305039 0.142616
v -0.517909 0.279046 0.175883
v -0.526750 0.350830 0.086732
v -0.550625 0.330375 0.094856
v -0.513494 0.354786 0.188615
v -0.503968 0.023006 0.130121
v -0.503968 0.023006 0.133898
v -0.506256 0.077393 0.124174
v -0.489880 0.097695 0.139607
v -0.494529 0.216834 0.100710
v -0.520666 0.214660 0.155618
v -0.512334 0.366802 0.101217
v -0.416858 0.155730 0.126731
v -0.473851 0.178338 0.148958
v -0.458080 0.260776 0.179453
v -0.422261 0.340904 0.110910
v -0.416394 0.105546 0.130020
v -0.416699 0.106188 0.135356
v -0.416771 0.155665 0.136981
v -0.379985 0.282673 0.182987
v -0.374120 0.094148 0.134759
v -0.374371 0.094223 0.130228
v -0.394157 0.170382 0.132472
v -0.391403 0.254624 0.130174
v -0.381025 0.208534 0.148861
v -0.340366 0.215382 0.179561
v -0.372077 0.259238 0.145217
v -0.370254 0.245056 0.177830
v -0.355218 0.348387 0.130120
v -0.328819 0.333756 0.158144
v -0.698759 0.522106 0.088295
v -0.623382 0.522506 0.087666
v -0.623382 0.534976 0.088425
v -0.574667 0.439026 0.088191
v -0.588396 0.406539 0.177043
v -0.608036 0.522506 0.088425
v -0.608036 0.534976 0.087666
v -0.573277 0.571516 0.088081
v -0.582971 0.571644 0.219879
v -0.572801 0.572848 0.088103
v -0.522949 0.438095 0.088955
v -0.512053 0.424365 0.170409
v -0.547482 0.420779 0.178146
v -0.547481 0.458236 0.088371
v -0.514496 0.455673 0.174743
v -0.534301 0.530983 0.088208
v -0.572324 0.571516 0.088126
v -0.529090 0.557176 0.213959
v -0.528961 0.555917 0.225196
v -0.526669 0.580829 0.213502
v -0.525503 0.581427 0.225578
v -0.506686 0.375184 0.154118
v -0.518973 0.531621 0.087845
v -0.508119 0.458401 0.181679
v -0.496606 0.495352 0.177465
v -0.484449 0.571036 0.088105
v -0.484962 0.574280 0.088133
v -0.462704 0.375184 0.113980
v -0.475972 0.390671 0.144947
v -0.452722 0.420187 0.118701
v -0.457566 0.444191 0.199139
v -0.479876 0.504733 0.155902
v -0.450346 0.534547 0.118567
v -0.466663 0.509660 0.188223
v -0.457507 0.541187 0.154175
v -0.458008 0.526543 0.186992
v -0.478993 0.573155 0.220055
v -0.483935 0.574280 0.088077
v -0.409383 0.422545 0.201106
v -0.394241 0.509362 0.202713
v -0.418475 0.506575 0.107436
v -0.417555 0.552480 0.120106
v -0.417555 0.561805 0.152177
v -0.401657 0.586148 0.130528
v -0.342678 0.425391 0.193748
v -0.347373 0.422768 0.126315
v -0.377659 0.533829 0.118850
v -0.383064 0.550284 0.196660
v -0.361750 0.565177 0.222800
v -0.377175 0.597238 0.127294
v -0.377269 0.597320 0.151008
v -0.363225 0.595286 0.202383
v -0.351858 0.617960 0.221746
v -0.363901 0.622150 0.131505
v -0.276187 0.105099 0.112275
v -0.270767 0.108336 0.145591
v -0.332183 0.110014 0.124371
v -0.332183 0.110014 0.137897
v -0.319475 0.139919 0.134704
v -0.330375 0.211655 0.171027
v -0.336328 0.261233 0.159125
v -0.301183 0.230837 0.190123
v -0.325993 0.334756 0.181060
v -0.286139 0.022756 0.113711
v -0.244761 0.156691 0.122957
v -0.267771 0.215436 0.174853
v -0.286325 0.210976 0.180949
v -0.286325 0.242275 0.162334
v -0.249476 0.286427 0.161660
v -0.279310 0.273327 0.195770
v -0.286325 0.329598 0.168927
v -0.246346 0.331624 0.189233
v -0.182955 0.022475 0.122968
v -0.242641 0.157345 0.138020
v -0.222025 0.180025 0.132360
v -0.246368 0.244509 0.171333
v -0.246368 0.244509 0.180200
v -0.244518 0.334182 0.168553
v -0.189334 0.020348 0.161653
v -0.123112 0.103969 0.131856
v -0.198225 0.066075 0.148389
v -0.199900 0.154747 0.137612
v -0.200072 0.154913 0.126445
v -0.212236 0.259160 0.175718
v -0.197254 0.283265 0.167338
v -0.197254 0.283265 0.188738
v -0.198225 0.330375 0.161609
v -0.181047 0.333514 0.193004
v -0.127918 0.134326 0.133203
v -0.136283 0.253891 0.130928
v -0.151774 0.281954 0.155911
v -0.154175 0.290782 0.185105
v -0.145141 0.356246 0.123361
v -0.164261 0.330375 0.145070
v -0.064872 0.022339 0.128870
v -0.094204 0.065909 0.177546
v -0.102554 0.056719 0.129944
v -0.106109 0.096809 0.152424
v -0.114613 0.058205 0.175454
v -0.067809 0.102583 0.181620
v -0.098419 0.208255 0.132321
v -0.111133 0.241586 0.122376
v -0.118491 0.251802 0.160344
v -0.106898 0.270198 0.183104
v -0.110696 0.313027 0.106582
v -0.080579 0.328372 0.198214
v -0.064869 0.022312 0.141481
v -0.028624 0.070430 0.141536
v -0.065866 0.106041 0.163280
v -0.054783 0.172495 0.129139
v -0.055750 0.155026 0.153861
v -0.051524 0.154175 0.180506
v -0.067390 0.196120 0.123907
v -0.074263 0.196120 0.155219
v -0.063152 0.212212 0.175652
v -0.062574 0.266664 0.099317
v -0.066075 0.286325 0.199564
v -0.048309 0.353180 0.088762
v -0.020818 0.021667 0.131725
v 0.009005 0.049731 0.130945
v 0.005190 0.069955 0.156359
v 0.004388 0.096544 0.184421
v -0.022025 0.110125 0.153078
v -0.024422 0.114683 0.197038
v -0.022025 0.146586 0.140997
v -0.018879 0.234620 0.203123
v -0.015527 0.297058 0.089995
v -0.022025 0.286325 0.206292
v -0.052189 0.371374 0.172102
v -0.024943 0.331758 0.188944
v -0.322848 0.370038 0.154272
v -0.325993 0.370038 0.184874
v -0.297009 0.428269 0.158382
v -0.282522 0.465823 0.165635
v -0.341671 0.576745 0.129281
v -0.328748 0.540586 0.210211
v -0.334378 0.563452 0.222837
v -0.333392 0.598437 0.151593
v -0.326651 0.621100 0.200786
v -0.297312 0.624720 0.226121
v -0.350382 0.622198 0.133568
v -0.286325 0.375974 0.169014
v -0.245694 0.374161 0.177821
v -0.282104 0.465849 0.182977
v -0.295039 0.531611 0.160862
v -0.290462 0.506575 0.187189
v -0.284379 0.556358 0.201212
v -0.299249 0.586498 0.166698
v -0.283547 0.597133 0.197745
v -0.284047 0.593721 0.223760
v -0.297212 0.625032 0.206966
v -0.243500 0.371260 0.172780
v -0.245460 0.465849 0.174457
v -0.245460 0.465849 0.177991
v -0.232861 0.490836 0.176179
v -0.260997 0.574781 0.220936
v -0.202295 0.376390 0.175291
v -0.208471 0.418967 0.176345
v -0.194602 0.459987 0.174744
v -0.194602 0.459987 0.177451
v -0.192609 0.510321 0.175393
v -0.191012 0.510367 0.177147
v -0.177332 0.624736 0.176434
v -0.178890 0.659753 0.178286
v -0.154356 0.376582 0.156386
v -0.113498 0.365215 0.187067
v -0.140505 0.493173 0.120492
v -0.142112 0.418475 0.148283
v -0.140433 0.491816 0.147897
v -0.174330 0.472703 0.176143
v -0.153151 0.552396 0.175292
v -0.152217 0.553432 0.176725
v -0.135547 0.657548 0.130104
v -0.151808 0.641209 0.155645
v -0.145633 0.637230 0.181777
v -0.139991 0.691244 0.126096
v -0.152388 0.678081 0.155124
v -0.108467 0.393706 0.168669
v -0.111235 0.461649 0.102486
v -0.110125 0.462525 0.168917
v -0.109262 0.510579 0.110843
v -0.112427 0.508652 0.154040
v -0.113086 0.557060 0.160274
v -0.094073 0.594675 0.125616
v -0.100173 0.596338 0.175829
v -0.107845 0.639595 0.127167
v -0.100747 0.694781 0.161786
v -0.087260 0.672382 0.183000
v -0.043093 0.418132 0.165556
v -0.044711 0.532857 0.170641
v -0.055918 0.532066 0.086627
v -0.063602 0.596515 0.109219
v -0.037035 0.639659 0.189268
v -0.054348 0.676431 0.103047
v -0.026118 0.526189 0.170326
v 0.000129 0.577936 0.094872
v 0.004888 0.582456 0.176412
v -0.022025 0.638725 0.105035
v 0.065015 0.692546 0.158391
v -0.135715 0.751033 0.131250
v -0.109237 0.730437 0.125804
v -0.103322 0.725247 0.142986
v -0.123690 0.753305 0.132121
v -0.090757 0.786212 0.131907
v -0.086901 0.794362 0.132086
v -0.061960 0.722162 0.120075
v -0.083044 0.786212 0.132266
v -0.000622 0.792672 0.132146
v 0.079120 -0.798680 0.131163
v 0.079120 -0.781638 0.133165
v 0.094557 -0.798680 0.133165
v 0.094557 -0.781638 0.131163
v 0.122882 -0.752067 0.133203
v 0.129863 -0.702196 0.131851
v 0.135614 -0.752417 0.132237
v 0.151874 -0.724809 0.130326
v 0.155708 -0.720661 0.134350
v 0.224736 -0.707286 0.130956
v 0.045827 -0.399662 0.088160
v 0.045766 -0.390614 0.089825
v 0.086312 -0.446289 0.131218
v 0.086367 -0.379154 0.132229
v 0.129467 -0.533532 0.129318
v 0.129174 -0.533758 0.133846
v 0.108650 -0.461085 0.132910
v 0.133799 -0.362588 0.123665
v 0.224047 -0.695437 0.132078
v 0.187461 -0.542033 0.137234
v 0.203912 -0.463015 0.124091
v 0.226013 -0.328979 0.146922
v 0.207038 -0.287810 0.117540
v 0.254661 -0.667174 0.130879
v 0.248820 -0.622050 0.134801
v 0.241770 -0.553064 0.129732
v 0.239759 -0.553820 0.135273
v 0.272304 -0.667010 0.132246
v 0.284742 -0.593812 0.132175
v 0.270099 -0.490596 0.132521
v 0.287979 -0.417483 0.132506
v 0.373882 -0.284774 0.130183
v 0.350048 -0.441714 0.132148
v 0.333219 -0.417300 0.132162
v 0.404668 -0.365333 0.132069
v 0.375989 -0.289271 0.136843
v 0.022025 -0.326640 0.113953
v 0.022464 -0.325765 0.151200
v 0.056689 -0.237480 0.196084
v 0.056397 -0.030052 0.138666
v 0.021115 -0.019902 0.132084
v 0.069026 -0.332128 0.117430
v 0.069026 -0.332128 0.141299
v 0.091144 -0.265715 0.187521
v 0.039614 -0.117425 0.112826
v 0.070820 -0.178905 0.182605
v 0.066075 -0.066075 0.152387
v 0.100145 -0.037991 0.128012
v 0.133978 -0.314370 0.140811
v 0.085339 -0.274265 0.108120
v 0.109653 -0.285966 0.157008
v 0.126434 -0.211841 0.170453
v 0.135596 -0.180193 0.116970
v 0.110925 -0.198727 0.181729
v 0.115469 -0.070606 0.123214
v 0.098457 -0.094217 0.179865
v 0.109195 -0.063473 0.156586
v 0.153720 -0.067792 0.181571
v 0.099494 -0.036765 0.137899
v 0.158799 -0.284084 0.118062
v 0.170695 -0.244501 0.144675
v 0.182981 -0.177787 0.183991
v 0.183182 -0.159458 0.126797
v 0.152740 -0.136338 0.192547
v 0.137193 -0.074854 0.128492
v 0.189523 -0.112005 0.153718
v 0.155048 -0.063473 0.156756
v 0.172982 -0.037714 0.175589
v 0.196006 -0.197539 0.125039
v 0.199472 -0.197102 0.150026
v 0.197893 -0.154175 0.154175
v 0.190020 -0.138996 0.185828
v 0.199738 -0.063901 0.170035
v 0.199738 -0.063901 0.180464
v 0.198886 -0.023963 0.173289
v 0.198886 -0.023963 0.179129
v 0.255893 -0.207763 0.127896
v 0.242275 -0.206751 0.135511
v 0.224259 -0.046594 0.176441
v 0.327530 -0.240941 0.140192
v 0.333077 -0.197668 0.133242
v 0.395064 -0.617758 0.176553
v 0.396390 -0.571899 0.175854
v 0.397173 -0.617746 0.176211
v 0.437874 -0.489846 0.132352
v 0.437924 -0.477842 0.132452
v 0.402915 -0.441012 0.132073
v 0.472544 -0.577298 0.130915
v 0.472626 -0.577297 0.133519
v 0.461524 -0.505301 0.132264
v 0.495016 -0.577313 0.132127
v 0.508475 -0.549889 0.132278
v 0.500931 -0.475798 0.131018
v 0.543764 -0.466587 0.133190
v 0.539731 -0.534724 0.132107
v 0.552990 -0.507046 0.132097
v 0.549801 -0.460091 0.131201
v 0.563940 -0.435850 0.132181
v 0.574996 -0.492830 0.132136
v 0.591670 -0.461237 0.131566
v 0.591670 -0.461237 0.132784
v 0.618854 -0.433278 0.132136
v 0.619396 -0.445693 0.132168
v 0.354998 -0.173594 0.132141
v 0.397451 -0.303737 0.132409
v 0.565004 -0.099975 0.132620
v 0.561209 -0.066075 0.121165
v 0.561209 -0.066075 0.144133
v 0.563943 -0.029931 0.123680
v 0.563943 -0.029931 0.141231
v 0.608527 -0.275982 0.175217
v 0.605378 -0.218591 0.178450
v 0.609143 -0.168036 0.174416
v 0.620217 -0.090710 0.081886
v 0.597387 -0.097989 0.110824
v 0.594675 -0.097585 0.141018
v 0.608647 -0.066075 0.077779
v 0.586622 -0.066075 0.099140
v 0.594675 -0.066075 0.156210
v 0.618654 -0.036768 0.075351
v 0.591048 -0.017991 0.108934
v 0.590666 -0.017958 0.149117
v 0.664369 -0.281374 0.174478
v 0.638725 -0.284215 0.178825
v 0.642008 -0.238586 0.173157
v 0.642008 -0.238586 0.178994
v 0.625214 -0.167908 0.175778
v 0.653301 -0.138183 0.177077
v 0.617492 -0.092518 0.135054
v 0.652748 -0.082782 0.175108
v 0.660109 -0.047333 0.044105
v 0.633331 -0.066075 0.110125
v 0.625244 -0.066075 0.144227
v 0.660725 -0.037681 0.044118
v 0.635671 -0.021251 0.109373
v 0.635456 -0.022025 0.146548
v 0.665860 -0.250868 0.176084
v 0.663874 -0.138626 0.176245
v 0.698666 -0.091335 0.044090
v 0.675694 -0.083649 0.176039
v 0.683498 -0.063643 0.043367
v 0.683498 -0.063643 0.044852
v 0.704123 -0.055740 0.176119
v 0.700641 -0.034423 0.176394
v 0.708202 -0.091101 0.044449
v 0.712305 -0.038870 0.043655
v 0.747265 -0.006500 0.044022
v 0.707605 -0.034423 0.175843
v 0.829133 0.176973 0.000145
v 0.838041 0.174087 0.000416
v 0.838041 0.179858 -0.000125
v 0.012789 0.022025 0.133818
v 0.011408 0.110125 0.167205
v 0.043932 0.169243 0.126586
v 0.026232 0.144475 0.152757
v 0.026475 0.150872 0.195057
v 0.025382 0.214964 0.203168
v 0.027269 0.276345 0.091775
v 0.022940 0.282487 0.188809
v 0.020469 0.334385 0.168241
v 0.070362 0.159564 0.158461
v 0.080671 0.199031 0.175979
v 0.060724 0.248228 0.175211
v 0.071651 0.341439 0.159822
v 0.129672 0.128360 0.131008
v 0.110248 0.156718 0.122102
v 0.112178 0.153533 0.150960
v 0.110635 0.196264 0.176594
v 0.102996 0.263786 0.087738
v 0.105564 0.244966 0.170763
v 0.124829 0.224593 0.179258
v 0.148423 0.344320 0.071513
v 0.176790 0.145941 0.174150
v 0.194314 0.266458 0.084199
v 0.179904 0.296484 0.168958
v 0.209674 0.037532 0.174010
v 0.209471 0.025004 0.179827
v 0.179847 0.128599 0.129698
v 0.197086 0.118231 0.157500
v 0.206022 0.110125 0.178845
v 0.242350 0.140135 0.147087
v 0.219987 0.222290 0.089655
v 0.195553 0.239555 0.188713
v 0.222475 0.306477 0.123580
v 0.216985 0.306263 0.142321
v 0.201895 0.324999 0.157096
v 0.235777 0.064647 0.172726
v 0.241415 0.103122 0.179799
v 0.246101 0.106042 0.167673
v 0.232571 0.163256 0.121882
v 0.279191 0.213339 0.085843
v 0.241946 0.204966 0.103215
v 0.257399 0.198225 0.144590
v 0.253794 0.242275 0.111767
v 0.246314 0.289122 0.157951
v 0.242378 0.289478 0.111548
v 0.245285 0.288796 0.182348
v 0.286150 0.326879 0.087293
v 0.237861 0.359788 0.093799
v 0.230254 0.319790 0.177894
v 0.258574 0.342843 0.176011
v 0.274458 0.117761 0.177031
v 0.290630 0.159579 0.165210
v 0.287548 0.153993 0.181807
v 0.289964 0.211346 0.089119
v 0.248293 0.238988 0.188477
v 0.291811 0.244071 0.177535
v 0.312841 0.307428 0.087991
v 0.277099 0.275583 0.176908
v 0.265551 0.342843 0.176287
v 0.316006 0.168780 0.176569
v 0.317391 0.215670 0.088130
v 0.315410 0.230577 0.176796
v 0.342723 0.304499 0.217890
v 0.347496 0.361660 0.221766
v -0.046459 0.423546 0.085710
v 0.030564 0.370880 0.161912
v 0.064863 0.504042 0.075943
v 0.027869 0.513258 0.151704
v 0.014836 0.554421 0.084165
v 0.037963 0.550625 0.121850
v 0.026403 0.559235 0.161800
v 0.068898 0.596865 0.086436
v 0.036512 0.587020 0.119756
v 0.036512 0.587020 0.146210
v 0.022025 0.638725 0.116372
v 0.064436 0.639776 0.191835
v 0.060738 0.682584 0.121624
v 0.068699 0.669350 0.185136
v 0.080506 0.382720 0.073080
v 0.065217 0.401787 0.158810
v 0.054850 0.492702 0.143388
v 0.065378 0.551118 0.101430
v 0.084370 0.514278 0.175422
v 0.066034 0.551475 0.082304
v 0.084370 0.540718 0.176304
v 0.053881 0.570413 0.176699
v 0.062644 0.601606 0.104014
v 0.073547 0.626595 0.105463
v 0.063984 0.594897 0.158222
v 0.067643 0.590725 0.182147
v 0.091710 0.618408 0.087182
v 0.073963 0.626665 0.117639
v 0.073963 0.626665 0.140866
v 0.126990 0.414948 0.116415
v 0.114123 0.378411 0.149198
v 0.109794 0.424558 0.078174
v 0.079783 0.436549 0.142934
v 0.128031 0.437605 0.176136
v 0.100509 0.458402 0.110668
v 0.118282 0.484685 0.176221
v 0.096937 0.538142 0.085301
v 0.096052 0.514278 0.176304
v 0.096052 0.540718 0.175422
v 0.110997 0.614225 0.087817
v 0.095650 0.600123 0.178542
v 0.106976 0.634396 0.105853
v 0.104974 0.640299 0.155000
v 0.097712 0.659359 0.186049
v 0.126453 0.652957 0.217445
v 0.099699 0.696761 0.134300
v 0.126453 0.667615 0.219935
v 0.154175 0.374425 0.068354
v 0.187238 0.351393 0.143956
v 0.182176 0.403111 0.077405
v 0.184638 0.402012 0.092557
v 0.141387 0.437846 0.175369
v 0.133213 0.485840 0.176452
v 0.178140 0.616512 0.087624
v 0.143518 0.652957 0.219935
v 0.143518 0.667615 0.217445
v 0.198908 0.373459 0.077403
v 0.199002 0.372635 0.108397
v 0.212720 0.388238 0.176020
v 0.212720 0.400725 0.176546
v 0.270992 0.354199 0.087907
v 0.262062 0.354047 0.176149
v 0.223195 0.388238 0.176546
v 0.223195 0.400725 0.176020
v 0.307485 0.439310 0.220194
v 0.307485 0.441009 0.220369
v 0.309345 0.440159 0.220282
v 0.351815 0.660736 0.088101
v 0.088139 0.718139 0.131030
v 0.063410 0.720794 0.137952
v 0.045295 0.791992 0.132098
v 0.045299 0.793100 0.132183
v 0.396018 0.043186 0.176702
v 0.388382 0.248863 0.086958
v 0.389253 0.257169 0.219330
v 0.387106 0.269046 0.087942
v 0.390247 0.275055 0.215910
v 0.360115 0.304628 0.216486
v 0.391678 0.276074 0.225563
v 0.360758 0.305264 0.222940
v 0.391961 0.352483 0.088061
v 0.444188 0.036468 0.169906
v 0.418661 0.067076 0.170410
v 0.416353 0.062096 0.186004
v 0.427723 0.114362 0.197470
v 0.421903 0.130932 0.222040
v 0.421452 0.154175 0.204112
v 0.429732 0.198225 0.209585
v 0.429732 0.198225 0.223139
v 0.418475 0.244954 0.090611
v 0.420699 0.242152 0.210697
v 0.420699 0.242152 0.225342
v 0.419189 0.284804 0.084378
v 0.419189 0.284804 0.090981
v 0.419189 0.334265 0.086346
v 0.419189 0.334265 0.089253
v 0.446010 0.037545 0.180454
v 0.461426 0.067731 0.165612
v 0.461426 0.067731 0.188786
v 0.473888 0.114405 0.155067
v 0.446722 0.135615 0.175986
v 0.459736 0.110954 0.209377
v 0.443519 0.126214 0.221708
v 0.481813 0.173481 0.086564
v 0.469867 0.160115 0.208849
v 0.472638 0.195410 0.086495
v 0.478821 0.223220 0.176463
v 0.445586 0.266295 0.223884
v 0.470072 0.232550 0.086526
v 0.452599 0.251229 0.087858
v 0.461529 0.233618 0.198996
v 0.455080 0.287579 0.087674
v 0.445852 0.267408 0.216454
v 0.528363 0.035764 0.165958
v 0.528364 0.036860 0.179999
v 0.507308 0.067731 0.157126
v 0.507308 0.067731 0.187275
v 0.516051 0.111362 0.133259
v 0.507317 0.108821 0.207952
v 0.526461 0.123898 0.224492
v 0.508244 0.162374 0.104349
v 0.491381 0.165557 0.147686
v 0.507317 0.156661 0.210529
v 0.495238 0.198225 0.113515
v 0.530716 0.177576 0.089891
v 0.513437 0.237261 0.201992
v 0.503389 0.245483 0.081823
v 0.503257 0.245690 0.106293
v 0.505780 0.230641 0.157766
v 0.525488 0.266220 0.221594
v 0.524981 0.307844 0.086533
v 0.549617 0.067945 0.157825
v 0.549617 0.067945 0.186324
v 0.550115 0.113118 0.130795
v 0.548614 0.108821 0.206503
v 0.564681 0.147472 0.118385
v 0.529970 0.143936 0.222438
v 0.575452 0.225565 0.086401
v 0.565570 0.209867 0.118158
v 0.550327 0.228858 0.160370
v 0.546299 0.196662 0.217897
v 0.575485 0.211700 0.229316
v 0.552665 0.241153 0.083424
v 0.552456 0.242082 0.104899
v 0.528731 0.220659 0.220150
v 0.550066 0.248426 0.201161
v 0.546553 0.240359 0.224695
v 0.552665 0.285952 0.084241
v 0.552665 0.285952 0.091205
v 0.534147 0.266957 0.220667
v 0.551449 0.326715 0.084144
v 0.551449 0.326715 0.090448
v 0.602676 0.009668 0.123554
v 0.602676 0.009668 0.140171
v 0.579329 0.082447 0.175961
v 0.598296 0.152339 0.152107
v 0.596812 0.192732 0.195686
v 0.586463 0.198469 0.108605
v 0.630425 0.194411 0.157381
v 0.614716 0.183251 0.171263
v 0.610239 0.260737 0.087800
v 0.594675 0.222541 0.173293
v 0.593189 0.228348 0.194966
v 0.577516 0.230692 0.227213
v 0.610239 0.268794 0.088369
v 0.578545 0.300322 0.087699
v 0.582497 0.348165 0.082810
v 0.583083 0.347194 0.090892
v 0.631134 0.011175 0.132019
v 0.620645 0.179981 0.128198
v 0.619487 0.171381 0.141896
v 0.638725 0.207317 0.178921
v 0.621145 0.264765 0.088085
v 0.662541 0.223128 0.174997
v 0.656690 0.304336 0.087874
v 0.660365 0.314107 0.088130
v 0.700689 0.076999 0.175413
v 0.699637 0.141107 0.177246
v 0.663647 0.211358 0.176070
v 0.694276 0.262768 0.220222
v 0.664041 0.304336 0.088386
v 0.356129 0.362007 0.220244
v 0.396810 0.614524 0.088019
v 0.394968 0.619651 0.088227
v 0.352523 0.660695 0.088108
v 0.441560 0.362096 0.087895
v 0.437658 0.427826 0.087277
v 0.428140 0.493414 0.079789
v 0.429036 0.480511 0.093179
v 0.433182 0.579900 0.090594
v 0.398653 0.619651 0.087811
v 0.451294 0.427904 0.088944
v 0.452890 0.481244 0.079980
v 0.457693 0.550341 0.093621
v 0.458264 0.550625 0.082888
v 0.452132 0.580009 0.088073
v 0.572581 0.400267 0.087333
v 0.703964 0.390446 0.088064
v 0.699957 0.404313 0.088447
v 0.743532 0.004930 0.044218
v 0.713581 0.077515 0.176086
v 0.709084 0.141252 0.176185
v 0.748375 0.213156 0.220176
v 0.744977 0.222327 0.220613
v 0.707130 0.260029 0.220661
v 0.707130 0.265506 0.219782
v 0.750997 0.004930 0.043826
v 0.751773 0.222327 0.219739
v 0.707972 0.404313 0.087680
vn -0.4793 -0.8777 -0.0000
vn -0.5144 -0.2001 -0.8339
vn -0.5046 -0.1737 -0.8457
vn -0.5005 -0.1049 0.8593
vn -0.6052 0.2788 -0.7457
vn -0.6623 0.2252 -0.7146
vn -0.4264 -0.9045 -0.0000
vn -0.1262 -0.9904 0.0564
vn 0.2573 -0.9260 0.2764
vn -0.0117 -0.0224 0.9997
vn -0.9142 0.4053 -0.0000
vn -0.0000 0.1114 0.9938
vn -0.9102 0.4141 -0.0000
vn 0.0403 -0.9992 -0.0000
vn 0.0170 0.0074 -0.9998
vn -0.3597 -0.4252 -0.8305
vn -0.4365 -0.3646 0.8225
vn -0.5564 -0.5863 0.5887
vn 0.0066 0.0634 0.9980
vn -0.5825 0.2063 0.7862
vn -0.0006 -0.0002 1.0000
vn -0.6589 0.2262 -0.7175
vn -0.6439 0.1811 -0.7434
vn -0.2891 0.1649 -0.9430
vn -0.3401 -0.5345 0.7737
vn -0.1080 -0.3496 -0.9306
vn -0.1565 -0.3717 -0.9151
vn 0.0046 0.0633 0.9980
vn -0.2076 -0.1089 -0.9721
vn 0.1739 0.1658 0.9707
vn 0.1054 -0.1471 0.9835
vn 0.4284 0.0514 0.9021
vn -0.0126 0.1144 0.9934
vn -0.0586 -0.0235 -0.9980
vn 0.3504 -0.0305 0.9361
vn -0.1185 0.2232 -0.9675
vn 0.3395 0.0863 0.9366
vn -0.0661 0.2440 0.9675
vn 0.1166 -0.4766 -0.8714
vn 0.6122 -0.4374 0.6587
vn 0.1657 -0.0390 0.9854
vn 0.0795 0.3722 -0.9247
vn 0.2866 -0.7064 0.6472
vn 0.2859 -0.7073 0.6465
vn 0.2081 -0.4800 -0.8522
vn 0.0529 0.3624 0.9305
vn 0.1238 0.5465 0.8283
vn 0.9720 -0.1998 0.1239
vn 0.1950 -0.5518 0.8109
vn -0.1472 -0.7525 0.6420
vn -0.1282 0.2874 0.9492
vn 0.0481 0.5229 0.8510
vn -0.1767 -0.5485 0.8173
vn -0.0956 -0.3243 -0.9411
vn 0.3233 -0.0350 -0.9457
vn -0.1113 0.9599 0.2572
vn 0.3212 -0.5594 0.7641
vn -0.0317 -0.0985 0.9946
vn -0.1746 0.3583 0.9171
vn 0.2563 -0.0020 -0.9666
vn -0.4058 0.6756 -0.6156
vn -0.2517 0.2408 0.9374
vn 0.0004 0.0003 1.0000
vn 0.0030 -0.0985 0.9951
vn -0.9902 -0.1395 0.0056
vn -0.9871 0.1301 0.0934
vn -0.9683 0.0680 0.2404
vn -0.1766 -0.0927 -0.9799
vn -0.6391 -0.2575 0.7248
vn -0.5973 0.2481 0.7627
vn -0.0155 -0.9999 -0.0000
vn -0.9287 -0.3684 0.0424
vn -0.2506 -0.9660 -0.0631
vn -0.0824 -0.1121 -0.9903
vn 0.0848 0.9440 0.3189
vn 0.0889 -0.9936 -0.0695
vn -0.0220 -0.2282 -0.9734
vn -0.3138 -0.6925 0.6496
vn -0.9113 0.2068 0.3561
vn -0.9540 0.2962 0.0453
vn 0.1733 -0.1120 -0.9785
vn -0.1562 0.1194 0.9805
vn -0.2881 -0.7056 0.6474
vn -0.3791 0.3954 -0.8367
vn -0.4882 -0.8727 -0.0000
vn 0.1370 -0.3775 -0.9158
vn 0.1058 -0.1075 0.9886
vn 0.3280 -0.1311 -0.9355
vn 0.3471 -0.0508 -0.9365
vn -0.4809 0.3664 0.7966
vn -0.0320 -0.1639 0.9860
vn -0.0453 -0.1107 -0.9928
vn -0.0190 -0.0726 0.9972
vn 0.1837 -0.1781 -0.9667
vn -0.1183 -0.3245 0.9385
vn 0.2961 -0.0650 -0.9530
vn -0.1070 -0.1588 0.9815
vn 0.0700 -0.0165 -0.9974
vn 0.2780 -0.0550 -0.9590
vn 0.2016 -0.0097 0.9794
vn -0.0387 -0.0126 -0.9992
vn -0.4890 -0.4490 0.7478
vn -0.0931 -0.6018 0.7932
vn -0.0063 -0.1374 0.9905
vn -0.0315 -0.0006 -0.9995
vn -0.1981 0.1043 0.9746
vn -0.0928 0.0270 -0.9953
vn -0.0690 0.1216 0.9902
vn -0.2686 -0.9576 -0.1042
vn -0.0984 -0.0015 0.9951
vn 0.5951 0.1743 -0.7845
vn -0.9593 0.2763 0.0586
vn 0.9987 -0.0428 -0.0280
vn -0.2231 0.1165 -0.9678
vn -0.6635 0.6613 0.3499
vn -0.0237 0.0021 -0.9997
vn -0.3909 0.2507 -0.8856
vn -0.2353 0.0329 0.9714
vn -0.7674 0.0352 -0.6402
vn -0.8016 0.3923 -0.4512
vn -0.8286 0.4962 -0.2592
vn -0.0543 -0.0000 -0.9985
vn 0.0543 -0.0000 0.9985
vn 0.1309 -0.0326 -0.9909
vn 0.1673 0.9838 -0.0649
vn -0.0311 -0.1348 0.9904
vn 0.0109 0.1019 -0.9947
vn -0.0455 -0.0106 0.9989
vn -0.8798 0.4565 -0.1327
vn 0.2852 -0.1106 -0.9521
vn 0.0928 0.2632 -0.9603
vn -0.3214 0.8260 0.4631
vn -0.1855 0.1932 0.9635
vn -0.8822 0.4709 -0.0051
vn -0.1101 0.0436 0.9930
vn -0.1201 0.1225 0.9852
vn -0.2091 -0.1857 0.9601
vn 0.3645 -0.0503 -0.9298
vn -0.0599 -0.4552 0.8884
vn -0.1315 -0.0638 0.9893
vn -0.1541 0.0612 0.9862
vn -0.0877 0.2011 0.9756
vn 0.8053 -0.5929 -0.0000
vn 0.2259 -0.2031 -0.9527
vn -0.1073 0.9878 0.1127
vn 0.0323 0.1212 0.9921
vn 0.0830 0.1534 -0.9847
vn 0.7527 0.6584 -0.0017
vn 0.0228 0.2225 0.9747
vn 0.3240 0.2829 -0.9028
vn -0.3661 0.4198 0.8305
vn 0.2735 0.9618 0.0101
vn 0.0584 0.0657 -0.9961
vn 0.7769 0.3589 -0.5173
vn -0.9235 -0.3755 -0.0779
vn -0.3861 -0.9068 0.1692
vn -0.5421 -0.1085 -0.8333
vn 0.3602 -0.4387 0.8233
vn -0.2598 0.9536 0.1522
vn -0.3826 -0.9201 -0.0840
vn -0.3333 -0.2016 -0.9210
vn -0.2494 -0.3062 0.9187
vn 0.1739 -0.7123 0.6799
vn -0.2427 0.3078 -0.9200
vn -0.1964 -0.3108 -0.9300
vn -0.1317 -0.0986 -0.9864
vn 0.2689 0.0086 -0.9631
vn 0.5198 -0.0028 -0.8543
vn -0.0487 -0.1355 0.9896
vn 0.1300 0.1299 -0.9830
vn -0.5106 0.6919 -0.5104
vn 0.0226 -0.9535 -0.3005
vn 0.5960 0.0553 -0.8011
vn 0.2888 -0.2921 0.9118
vn 0.0218 -0.0666 0.9975
vn 0.0657 -0.1859 -0.9804
vn -0.8929 0.4502 -0.0000
vn 0.6772 -0.0760 -0.7318
vn 0.6390 0.7610 0.1121
vn 0.0590 -0.0162 0.9981
vn 0.0072 -0.0294 0.9995
vn -0.8622 0.2870 -0.4173
vn -0.9997 0.0229 0.0037
vn 0.0623 0.0104 -0.9980
vn 0.0271 -0.0146 0.9995
vn -0.0143 0.0110 -0.9998
vn -0.1476 -0.0480 0.9879
vn -0.4007 0.5459 0.7358
vn -0.3585 0.2703 0.8935
vn -0.9973 -0.0041 -0.0733
vn 0.2663 -0.8551 0.4448
vn -0.3392 -0.0986 -0.9355
vn 0.3817 -0.4461 0.8095
vn -0.7457 -0.2067 -0.6334
vn -0.0603 0.0654 0.9960
vn 0.1537 0.5168 0.8422
vn -0.2581 -0.0275 -0.9657
vn -0.0050 0.1396 0.9902
vn -0.4656 -0.1124 -0.8778
vn -0.0626 -0.2114 0.9754
vn -0.1199 0.3157 -0.9413
vn -0.0378 -0.2454 0.9687
vn -0.0251 -0.0741 -0.9969
vn -0.9304 0.0970 -0.3534
vn -0.1219 0.2802 0.9522
vn 0.8226 -0.5028 -0.2655
vn 0.0721 -0.1116 0.9911
vn 0.1787 -0.7652 0.6185
vn -0.9593 -0.2719 -0.0758
vn -0.1827 0.0149 -0.9831
vn -0.0853 -0.0149 0.9962
vn -0.0917 0.0230 -0.9955
vn -0.0943 -0.2524 -0.9630
vn -0.0677 -0.0515 -0.9964
vn -0.0109 0.1191 0.9928
vn -0.0853 -0.0299 0.9959
vn 0.0663 -0.0902 0.9937
vn -0.9277 -0.1208 -0.3533
vn -0.2224 -0.9519 -0.2106
vn 0.0261 -0.0501 0.9984
vn 0.0832 -0.0132 0.9964
vn 0.1219 -0.0109 -0.9925
vn -0.0485 -0.2367 -0.9704
vn -0.0600 -0.1145 0.9916
vn -0.1962 0.2851 0.9382
vn 0.0565 0.1857 -0.9810
vn 0.1375 -0.6230 0.7701
vn 0.0144 0.2039 -0.9789
vn -0.2463 0.2865 0.9259
vn -0.0065 0.1925 -0.9813
vn -0.0592 -0.3194 -0.9458
vn 0.2820 -0.7117 0.6434
vn 0.7280 -0.2785 0.6264
vn 0.1191 -0.1084 -0.9870
vn 0.1367 0.0201 -0.9904
vn -0.0006 0.9852 0.1714
vn -0.0159 -0.0662 -0.9977
vn 0.1381 0.0204 -0.9902
vn 0.3117 -0.2914 0.9044
vn 0.3139 -0.7518 0.5799
vn 0.1715 -0.0776 0.9821
vn 0.5919 0.3364 -0.7324
vn 0.9697 0.1941 0.1481
vn 0.2777 0.2552 -0.9262
vn -0.0044 0.0822 -0.9966
vn -0.0692 -0.0188 0.9974
vn 0.1961 0.0838 -0.9770
vn 0.0762 -0.0386 -0.9963
vn 0.0275 0.0446 0.9986
vn -0.0014 -0.0004 -1.0000
vn -0.1599 -0.0104 -0.9871
vn 0.1551 -0.0035 0.9879
vn -0.0017 -0.0083 1.0000
vn 0.0620 -0.0359 0.9974
vn -0.0332 0.3732 -0.9272
vn -0.1321 0.4004 0.9068
vn 0.0226 -0.0016 -0.9997
vn -0.0585 0.0076 -0.9983
vn 0.2151 0.0198 0.9764
vn 0.1085 0.0182 -0.9939
vn 0.5738 0.7514 0.3259
vn -0.9938 -0.1113 -0.0000
vn 0.0746 -0.9970 0.0201
vn -0.0685 -0.6004 -0.7967
vn 0.0115 0.0482 0.9988
vn 0.0697 0.8940 -0.4426
vn 0.1445 0.0450 -0.9885
vn 0.4578 0.8891 -0.0000
vn 0.0778 -0.0130 0.9969
vn -0.8770 -0.4804 -0.0000
vn -0.5720 -0.8203 -0.0000
vn -0.0315 0.0007 0.9995
vn -0.0085 0.0215 -0.9997
vn -0.0789 -0.0000 -0.9969
vn 0.0789 -0.0000 0.9969
vn 0.2634 0.7737 -0.5762
vn 0.9521 -0.2079 0.2242
vn 0.2335 -0.2774 0.9319
vn -0.0597 -0.2072 -0.9765
vn 0.0431 0.0032 -0.9991
vn 0.3203 0.5486 0.7723
vn 0.3360 -0.7869 -0.5176
vn 0.3040 -0.9422 0.1407
vn 0.6234 -0.4475 0.6413
vn 0.4137 -0.1074 0.9041
vn 0.4792 0.2076 0.8528
vn -0.8239 -0.5667 -0.0075
vn -0.0781 -0.1544 -0.9849
vn -0.3447 -0.4920 0.7994
vn -0.0279 -0.3072 -0.9512
vn -0.1527 0.2538 0.9551
vn -0.0328 -0.1796 -0.9832
vn -0.0046 -0.9379 -0.3469
vn -0.3587 -0.6596 0.6605
vn -0.1588 -0.2114 -0.9644
vn -0.1721 0.2043 0.9637
vn 0.9753 -0.1074 -0.1930
vn 0.9299 -0.1937 0.3127
vn 0.0506 -0.5121 -0.8574
vn -0.1526 -0.7218 -0.6751
vn -0.0893 -0.1731 -0.9809
vn 0.9689 0.2339 -0.0804
vn 0.6383 0.2267 0.7356
vn 0.8964 0.4410 0.0437
vn 0.9365 -0.3459 0.0575
vn 0.1639 -0.1869 0.9686
vn 0.3975 -0.1419 -0.9066
vn 0.3876 0.9214 0.0287
vn 0.0852 -0.7020 -0.7071
vn 0.0511 0.1435 -0.9883
vn 0.1219 0.1368 0.9831
vn 0.0192 -0.0471 0.9987
vn -0.0879 0.0007 -0.9961
vn -0.1389 0.3371 -0.9312
vn 0.9583 -0.0318 0.2841
vn 0.2770 -0.1977 0.9403
vn -0.1974 0.3013 -0.9329
vn 0.3198 -0.2743 0.9069
vn 0.0057 0.7558 0.6547
vn -0.0954 0.0112 -0.9954
vn 0.7199 0.3146 0.6187
vn -0.0283 0.1335 -0.9906
vn -0.0309 0.0926 -0.9952
vn -0.2491 0.5494 -0.7976
vn 0.8343 -0.5073 -0.2161
vn -0.1094 0.3663 -0.9241
vn -0.0634 -0.1974 0.9783
vn -0.0942 -0.1264 -0.9875
vn 0.2105 0.0388 0.9768
vn 0.3133 0.2828 0.9066
vn 0.5847 0.4459 0.6777
vn 0.1502 0.1278 -0.9804
vn 0.3935 0.9188 0.0307
vn 0.0329 -0.0002 -0.9995
vn -0.1840 0.8159 -0.5482
vn 0.9616 -0.0672 0.2662
vn 0.9943 0.1032 0.0281
vn 0.9796 0.1433 0.1412
vn 0.2719 0.5879 0.7619
vn -0.0572 -0.0101 -0.9983
vn 0.0020 -0.1414 -0.9900
vn 0.0199 0.7514 -0.6596
vn 0.1935 -0.1389 -0.9712
vn -0.0559 0.4199 0.9058
vn 0.4191 0.5811 0.6976
vn 0.3220 0.9464 0.0242
vn 0.1879 0.0823 0.9787
vn -0.0000 0.1025 -0.9947
vn 0.0401 0.5872 0.8084
vn 0.0001 0.0761 -0.9971
vn -0.0001 -0.0761 0.9971
vn -0.9871 0.0812 0.1378
vn 0.0152 -0.9952 0.0965
vn -0.9713 0.2269 -0.0713
vn -0.4309 -0.9024 -0.0000
vn -0.3011 -0.2636 0.9165
vn -0.5561 -0.8311 -0.0000
vn -0.7459 -0.0064 -0.6660
vn 0.5394 -0.1022 0.8358
vn -0.5024 0.1887 -0.8438
vn 0.9115 0.1545 0.3811
vn 0.9204 0.3805 0.0900
vn -0.7445 0.1611 -0.6478
vn -0.0346 0.1079 0.9936
vn -0.9448 0.3277 -0.0079
vn 0.0230 -0.2144 0.9765
vn 0.0231 -0.7520 0.6588
vn 0.6186 -0.0278 0.7852
vn -0.0013 -0.6882 -0.7256
vn 0.8972 0.4206 0.1347
vn -0.7947 -0.5937 0.1265
vn 0.8536 0.4403 0.2783
vn 0.0885 0.1893 0.9779
vn -0.1558 0.0137 0.9877
vn 0.6127 -0.4108 -0.6752
vn 0.9596 -0.1893 0.2082
vn 0.4326 -0.4597 -0.7756
vn 0.4109 -0.3379 -0.8468
vn 0.4872 -0.6321 0.6025
vn 0.1887 -0.7993 0.5705
vn 0.5670 0.8231 -0.0301
vn 0.9925 -0.0904 -0.0828
vn 0.9911 0.1327 0.0085
vn -0.0529 0.9986 -0.0000
vn 0.3382 -0.3146 -0.8869
vn 0.6163 0.6041 -0.5052
vn -0.0018 0.9659 -0.2589
vn -0.0000 0.0704 -0.9975
vn 0.5022 -0.0316 -0.8641
vn 0.9914 0.0758 -0.1063
vn 0.1709 0.0607 0.9834
vn -0.0072 0.0545 0.9985
vn -0.9930 0.0443 0.1091
vn -0.1121 -0.0000 -0.9937
vn 0.1121 -0.0000 0.9937
vn 0.0886 -0.0426 0.9952
vn 0.9956 -0.0792 0.0509
vn 0.9793 0.1943 0.0573
vn 0.1279 0.2054 0.9703
vn -0.9611 0.2761 -0.0000
vn -0.0904 0.0690 -0.9935
vn 0.9805 0.1908 -0.0482
vn 0.1115 0.0063 0.9937
vn -0.0000 0.1584 0.9874
vn -0.0524 -0.0000 -0.9986
vn 0.0524 -0.0000 0.9986
vn -0.1275 -0.0000 -0.9918
vn 0.1275 -0.0000 0.9918
vn -0.0000 0.0933 0.9956
vn -0.0953 -0.0000 -0.9954
vn 0.0953 -0.0000 0.9954
vn 0.0357 0.0409 0.9985
vn -0.5101 0.8592 -0.0411
vn -0.4117 -0.3172 -0.8544
vn -0.9540 0.2990 0.0206
vn -0.9726 0.1275 -0.1943
vn -0.8623 -0.5064 -0.0000
vn -0.5022 -0.3025 0.8102
vn -0.5302 -0.1791 -0.8288
vn -0.5373 -0.1682 0.8264
vn -0.6408 0.1905 0.7437
vn -0.7916 0.0040 0.6111
vn -0.8295 0.3526 -0.4331
vn -0.4950 0.8614 0.1142
vn -0.9397 0.3402 0.0365
vn -0.9904 -0.1376 -0.0108
vn -0.1497 -0.9868 0.0618
vn -0.1008 -0.8627 0.4955
vn 0.1238 -0.9463 -0.2985
vn 0.0004 -0.0200 -0.9998
vn -0.0067 -0.0214 -0.9997
vn -0.5769 0.8168 -0.0000
vn -0.0000 -0.1114 -0.9938
vn -0.0018 -0.0235 0.9997
vn 0.9325 -0.3612 -0.0000
vn -0.0181 0.0034 -0.9998
vn -0.0018 0.0189 0.9998
vn -0.4960 0.8683 -0.0000
vn 0.9151 -0.4032 -0.0000
vn -0.1656 -0.0361 -0.9855
vn -0.4584 -0.0294 0.8882
vn 0.0341 0.0103 0.9994
vn 0.5586 -0.8294 -0.0000
vn 0.0118 0.0033 -0.9999
vn -0.3343 -0.3930 -0.8566
vn -0.0045 0.0169 0.9998
vn 0.3195 -0.9476 -0.0000
vn -0.4170 -0.4594 0.7843
vn 0.0467 0.0786 0.9958
vn -0.5428 -0.4796 0.6894
vn -0.4102 0.1518 0.8993
vn -0.2707 0.1379 -0.9528
vn -0.5828 0.1856 0.7912
vn -0.2153 0.1218 0.9689
vn -0.4748 0.2700 0.8377
vn -0.5300 0.3804 -0.7579
vn -0.4868 -0.6317 0.6033
vn -0.3253 0.4586 -0.8270
vn -0.1729 -0.0360 -0.9843
vn 0.2175 0.0302 0.9756
vn 0.0368 -0.0268 0.9990
vn -0.1912 0.2321 -0.9537
vn -0.0609 0.6830 0.7279
vn -0.1037 0.2518 0.9622
vn -0.1067 -0.1941 0.9752
vn 0.0742 0.1915 0.9787
vn -0.0294 -0.3594 -0.9327
vn 0.0850 0.1533 0.9845
vn 0.0147 0.0462 -0.9988
vn 0.0759 -0.2539 -0.9643
vn 0.0948 0.2298 0.9686
vn 0.2241 -0.0159 0.9744
vn 0.1538 0.1471 0.9771
vn 0.6205 -0.1863 0.7618
vn 0.2203 -0.1664 0.9611
vn 0.0742 0.3507 -0.9335
vn 0.0840 0.5804 -0.8100
vn 0.0601 0.6421 -0.7643
vn 0.7773 -0.6291 -0.0052
vn 0.2071 -0.4132 -0.8868
vn 0.0701 0.0509 0.9962
vn 0.2245 -0.3892 -0.8934
vn 0.6894 -0.0846 0.7194
vn 0.0232 0.2568 0.9662
vn 0.1272 0.0541 -0.9904
vn 0.0969 0.1525 0.9835
vn 0.0824 0.3314 -0.9399
vn 0.6420 0.7512 -0.1534
vn 0.6573 0.0362 -0.7528
vn 0.0242 -0.9781 -0.2065
vn 0.2412 -0.3476 0.9061
vn -0.9809 -0.1909 -0.0370
vn 0.0780 0.9942 -0.0738
vn 0.1117 -0.2814 -0.9531
vn 0.3812 -0.2529 -0.8892
vn 0.2276 -0.1239 -0.9658
vn -0.0466 0.2273 0.9727
vn 0.2064 -0.0387 -0.9777
vn -0.0565 0.2637 0.9629
vn -0.1270 -0.0738 -0.9892
vn -0.3026 0.7150 0.6302
vn 0.1794 -0.9796 0.0900
vn -0.0141 0.0302 0.9994
vn -0.0661 -0.6874 0.7233
vn 0.0434 -0.0658 -0.9969
vn -0.0713 -0.3386 -0.9382
vn -0.1548 0.3505 0.9237
vn 0.3221 -0.1635 -0.9325
vn -0.2655 0.3225 0.9086
vn 0.7099 0.3115 -0.6317
vn -0.1230 0.9530 -0.2770
vn -0.0933 0.2024 0.9749
vn -0.8609 0.5055 0.0586
vn 0.4986 -0.6809 0.5365
vn 0.9124 -0.4093 0.0038
vn 0.0266 0.2094 -0.9775
vn -0.0520 -0.2334 -0.9710
vn 0.4184 0.3401 -0.8422
vn -0.1719 0.1835 0.9679
vn -0.0025 -0.0860 -0.9963
vn -0.4442 0.8920 -0.0838
vn -0.0004 -0.0003 -1.0000
vn 0.0933 0.0971 -0.9909
vn 0.1016 -0.0237 -0.9945
vn 0.0388 0.0857 0.9956
vn -0.1016 0.0237 0.9945
vn -0.2596 0.1952 -0.9458
vn -0.5893 -0.2061 0.7812
vn -0.6979 -0.2147 0.6833
vn -0.7865 0.1280 0.6042
vn -0.5824 0.2230 0.7817
vn -0.1705 0.9852 -0.0154
vn -0.1283 -0.0000 -0.9917
vn -0.4197 -0.3855 0.8217
vn -0.2242 0.9573 -0.1825
vn -0.1867 -0.2310 0.9549
vn 0.1872 0.0039 -0.9823
vn -0.5656 -0.4638 0.6818
vn 0.0155 -0.0785 -0.9968
vn 0.2524 -0.9676 -0.0000
vn 0.2730 0.0039 0.9620
vn -0.4882 -0.7366 0.4682
vn -0.1230 -0.0245 0.9921
vn 0.0716 -0.1013 -0.9923
vn -0.1579 -0.1244 0.9796
vn -0.1623 0.6034 0.7808
vn -0.0670 0.1572 0.9853
vn -0.0025 0.1430 -0.9897
vn -0.1358 0.9726 0.1889
vn 0.1693 -0.3720 -0.9127
vn -0.1483 0.5766 0.8035
vn -0.9997 -0.0224 -0.0081
vn -0.8479 -0.5281 -0.0468
vn -0.2939 -0.9542 0.0560
vn 0.2439 0.1722 -0.9544
vn -0.1150 -0.2312 0.9661
vn 0.1777 -0.1105 -0.9779
vn -0.3922 0.9198 -0.0081
vn -0.2804 -0.2204 0.9342
vn -0.0344 0.0085 -0.9994
vn -0.3050 0.5249 0.7946
vn -0.1274 -0.1131 -0.9854
vn -0.8303 -0.5573 -0.0000
vn 0.0151 -0.1385 0.9902
vn 0.9984 0.0129 0.0557
vn 0.0515 -0.2085 0.9767
vn 0.3830 -0.1845 -0.9051
vn -0.0860 -0.0174 0.9961
vn -0.1454 -0.2914 0.9455
vn -0.9723 0.2336 -0.0099
vn -0.0321 -0.0944 0.9950
vn -0.0452 -0.1105 -0.9929
vn 0.0449 -0.1239 0.9913
vn 0.2703 -0.1167 -0.9557
vn 0.0612 -0.0283 0.9977
vn 0.0848 -0.0644 -0.9943
vn 0.1485 -0.1430 0.9785
vn 0.1195 -0.3645 0.9235
vn 0.2865 -0.0355 -0.9574
vn -0.0145 -0.0183 0.9997
vn -0.0153 -0.1059 0.9943
vn 0.2602 0.9656 0.0018
vn 0.0023 -0.0100 -0.9999
vn 0.6313 -0.2440 -0.7361
vn 0.5440 -0.8390 -0.0099
vn 0.8255 -0.0423 -0.5629
vn 0.6301 -0.1657 -0.7586
vn 0.0493 0.0607 -0.9969
vn 0.0850 -0.0000 -0.9964
vn -0.0850 -0.0000 0.9964
vn -0.9427 -0.1047 -0.3169
vn -0.0147 0.0031 0.9999
vn -0.1550 -0.0034 0.9879
vn -0.4361 0.2707 -0.8582
vn -0.2207 0.6876 -0.6918
vn -0.0037 0.0146 -0.9999
vn 0.0473 -0.0000 -0.9989
vn -0.0473 -0.0000 0.9989
vn -0.1113 -0.0078 -0.9938
vn -0.1646 0.9858 -0.0330
vn -0.2754 0.1230 0.9534
vn -0.0136 0.0124 0.9998
vn 0.7161 -0.0134 -0.6979
vn -0.0385 0.0078 -0.9992
vn 0.1783 0.2944 -0.9389
vn -0.7580 0.3021 0.5781
vn -0.0322 0.8883 -0.4581
vn -0.5433 0.0618 -0.8373
vn -0.8442 0.2376 -0.4805
vn -0.2717 0.1922 0.9430
vn -0.2708 0.1948 0.9427
vn -0.7903 0.0157 -0.6125
vn -0.4438 0.8950 0.0450
vn -0.8271 0.5179 0.2185
vn -0.2811 -0.0137 -0.9596
vn 0.3141 -0.9431 -0.1092
vn 0.1126 -0.0301 0.9932
vn -0.0728 -0.0716 0.9948
vn -0.4554 0.8542 -0.2509
vn -0.1939 0.1351 0.9717
vn -0.1008 0.2666 -0.9585
vn 0.2282 -0.0256 -0.9733
vn -0.4123 0.8343 0.3660
vn -0.1927 0.1692 0.9666
vn 0.1134 -0.1042 0.9881
vn 0.2827 -0.0787 -0.9560
vn -0.1880 0.1311 -0.9734
vn -0.5321 0.6225 0.5738
vn -0.4131 0.9107 -0.0048
vn -0.8159 0.2966 0.4963
vn -0.8955 0.3618 0.2591
vn -0.2312 0.0417 -0.9720
vn -0.1543 0.0130 0.9879
vn -0.3506 0.9365 -0.0000
vn -0.1948 0.1616 -0.9674
vn 0.3654 -0.1756 -0.9141
vn -0.9204 0.3911 -0.0000
vn -0.0809 -0.9447 0.3178
vn -0.2173 0.3231 -0.9211
vn -0.2027 -0.1477 0.9680
vn -0.2753 0.2949 -0.9150
vn -0.0500 -0.0114 -0.9987
vn -0.0852 -0.9458 0.3133
vn -0.1186 0.1551 0.9807
vn 0.0791 -0.3759 -0.9233
vn -0.0156 0.1530 -0.9881
vn 0.0442 -0.0522 -0.9977
vn 0.0605 0.9744 -0.2164
vn -0.1107 0.1511 0.9823
vn 0.3441 -0.1692 0.9236
vn 0.0856 0.3167 -0.9447
vn -0.2207 0.9753 -0.0112
vn -0.7289 0.6807 0.0731
vn 0.2258 -0.2792 -0.9333
vn -0.1427 0.1066 0.9840
vn 0.2314 -0.2443 0.9417
vn -0.0248 0.1453 -0.9891
vn 0.0524 0.3815 -0.9229
vn -0.0053 0.0570 0.9984
vn -0.6215 0.1763 0.7633
vn 0.0894 0.0429 -0.9951
vn 0.0782 -0.3704 -0.9256
vn 0.1266 -0.0326 -0.9914
vn 0.0181 0.1425 0.9896
vn 0.0861 0.2991 -0.9503
vn 0.3944 -0.9189 -0.0000
vn 0.2294 -0.2465 0.9416
vn 0.8493 -0.5279 -0.0000
vn 0.1003 -0.1181 -0.9879
vn 0.0770 0.0680 0.9947
vn 0.0951 0.1219 0.9880
vn 0.1270 0.0870 -0.9881
vn 0.1719 -0.9851 -0.0000
vn -0.6755 -0.1123 -0.7288
vn -0.2419 -0.2710 -0.9317
vn 0.1653 -0.1199 -0.9789
vn 0.1038 -0.1173 0.9877
vn 0.3341 -0.4478 0.8294
vn -0.4069 0.5324 0.7423
vn 0.0498 0.0857 -0.9951
vn -0.1793 0.2143 0.9602
vn -0.5411 -0.4977 0.6779
vn -0.5687 0.5102 0.6452
vn 0.7871 0.1511 -0.5980
vn -0.4001 -0.1955 -0.8954
vn -0.6544 -0.6712 0.3482
vn -0.0617 -0.2188 0.9738
vn -0.9603 0.2290 0.1596
vn 0.9188 -0.3946 -0.0011
vn 0.0452 0.4916 -0.8696
vn 0.0846 0.5822 -0.8086
vn -0.0827 -0.0510 0.9953
vn -0.8490 -0.4944 -0.1864
vn -0.9024 -0.4108 0.1300
vn -0.3811 -0.3948 -0.8360
vn -0.5851 -0.6121 0.5321
vn 0.0629 -0.0945 -0.9935
vn -0.5426 -0.4964 0.6776
vn -0.2250 -0.0814 -0.9710
vn -0.3424 -0.0881 0.9354
vn -0.9969 -0.0006 -0.0787
vn -0.0151 -0.9999 -0.0021
vn 0.1961 -0.5433 0.8163
vn 0.0397 0.5115 -0.8584
vn -0.0452 -0.0781 0.9959
vn -0.4033 -0.2878 -0.8686
vn -0.3925 -0.7438 -0.5410
vn -0.5154 -0.0316 0.8564
vn -0.3650 0.1351 0.9211
vn -0.3906 -0.2966 0.8715
vn 0.1586 0.0863 0.9836
vn 0.9784 -0.1731 -0.1131
vn 0.6646 -0.1866 -0.7235
vn 0.1483 -0.1128 0.9825
vn 0.6393 -0.1064 -0.7615
vn -0.2869 -0.7127 0.6401
vn 0.5401 -0.0461 -0.8403
vn 0.1111 -0.0378 0.9931
vn -0.2039 0.1975 0.9589
vn -0.5615 0.7781 -0.2815
vn -0.0001 0.0200 0.9998
vn 0.1224 0.1164 -0.9856
vn -0.1167 0.6516 0.7495
vn 0.8337 0.2080 -0.5116
vn 0.9788 0.2034 -0.0239
vn 0.1542 -0.9879 0.0158
vn 0.3871 -0.1071 -0.9158
vn 0.0934 -0.1301 0.9871
vn 0.3876 -0.1762 0.9048
vn 0.6390 0.1296 -0.7582
vn 0.9733 -0.0562 -0.2227
vn 0.3161 -0.3978 0.8613
vn 0.8985 -0.0554 -0.4354
vn 0.4027 0.7841 -0.4722
vn 0.9196 0.3927 0.0112
vn 0.1427 0.3729 -0.9168
vn -0.1356 0.9906 0.0154
vn -0.9958 0.0368 -0.0834
vn 0.2824 0.0229 -0.9590
vn -0.1367 -0.8832 0.4487
vn 0.1249 -0.0712 0.9896
vn -0.0000 1.0000 -0.0000
vn 0.1314 0.0665 0.9891
vn -0.1207 0.2731 -0.9544
vn 0.1387 -0.8004 0.5832
vn 0.0410 -0.0984 0.9943
vn 0.0430 0.2583 0.9651
vn 0.0011 -0.0394 -0.9992
vn 0.0567 0.0329 -0.9978
vn -0.0263 0.0139 -0.9996
vn 0.9473 -0.3203 -0.0000
vn 0.0179 0.0633 0.9978
vn -0.4035 0.8475 0.3450
vn -0.4177 0.2996 -0.8578
vn -0.7376 0.0924 0.6688
vn -0.9988 0.0346 0.0351
vn 0.0901 0.9670 0.2383
vn -0.0804 0.3463 0.9347
vn -0.8763 -0.1692 -0.4510
vn 0.5314 -0.8471 -0.0000
vn 0.0635 0.0015 0.9980
vn 0.0123 -0.0139 -0.9998
vn 0.8836 -0.2391 -0.4027
vn 0.0046 0.0057 1.0000
vn -0.6497 -0.0210 -0.7599
vn -0.4640 -0.0261 -0.8854
vn -0.1434 -0.0586 0.9879
vn -0.0368 0.2591 0.9651
vn -0.5266 -0.0158 0.8500
vn -0.3428 0.2740 0.8986
vn -0.4859 0.8740 0.0034
vn -0.3763 0.1707 -0.9106
vn -0.4953 -0.2733 -0.8246
vn -0.9358 0.2177 -0.2771
vn -0.4537 -0.5910 -0.6670
vn -0.2826 0.5644 0.7756
vn 0.0712 -0.0656 0.9953
vn -0.1944 -0.1411 -0.9707
vn 0.0485 -0.0024 0.9988
vn -0.2696 -0.0346 -0.9623
vn -0.2586 -0.0144 -0.9659
vn -0.4787 0.2351 -0.8459
vn -0.3208 0.2762 0.9060
vn -0.1928 -0.1279 0.9729
vn -0.3966 -0.0250 -0.9177
vn -0.2422 -0.2874 0.9267
vn 0.1742 0.4245 0.8885
vn -0.0704 0.0823 0.9941
vn -0.0184 -0.0974 0.9951
vn 0.0011 -0.0443 0.9990
vn -0.2656 0.4899 0.8303
vn -0.1928 0.0931 -0.9768
vn 0.0241 0.6950 0.7186
vn -0.1296 0.0944 -0.9871
vn -0.2282 0.1719 -0.9583
vn 0.0174 0.2764 -0.9609
vn 0.8247 0.5534 -0.1168
vn 0.1277 0.1157 -0.9850
vn 0.1941 0.9556 0.2218
vn 0.0466 -0.0000 -0.9989
vn -0.0466 -0.0000 0.9989
vn 0.0245 0.5265 0.8498
vn -0.0763 -0.0241 -0.9968
vn -0.0139 0.0934 -0.9955
vn -0.0002 0.1809 -0.9835
vn 0.0002 -0.1809 0.9835
vn -0.0701 0.0368 0.9969
vn -0.0586 -0.0037 0.9983
vn -0.1686 -0.9654 0.1987
vn 0.0774 -0.0141 -0.9969
vn -0.0078 -0.0658 -0.9978
vn -0.0462 -0.0365 -0.9983
vn -0.0981 -0.0184 0.9950
vn -0.9796 -0.1123 -0.1664
vn -0.0760 -0.0961 0.9925
vn 0.0709 0.0025 0.9975
vn 0.0692 0.0132 -0.9975
vn 0.1734 -0.0404 0.9840
vn 0.1147 -0.0282 -0.9930
vn -0.0076 -0.0126 -0.9999
vn 0.1651 -0.1240 -0.9784
vn 0.0922 -0.0968 0.9910
vn 0.1662 -0.9847 0.0530
vn -0.1169 0.1764 0.9774
vn 0.1876 -0.5824 0.7910
vn 0.0137 -0.0681 -0.9976
vn -0.1132 0.2329 0.9659
vn -0.1029 0.2007 0.9742
vn 0.0972 0.2105 -0.9727
vn -0.1302 -0.9912 0.0248
vn -0.9382 -0.3460 -0.0000
vn 0.0179 -0.1638 -0.9863
vn 0.0426 -0.2486 -0.9677
vn 0.0397 -0.2453 0.9686
vn -0.0714 0.0091 -0.9974
vn -0.0722 0.2402 0.9680
vn 0.2284 0.9452 0.2334
vn 0.0538 -0.1699 0.9840
vn 0.1196 -0.4125 0.9031
vn 0.2490 0.0102 0.9684
vn 0.0773 0.0524 -0.9956
vn 0.5372 -0.0861 0.8390
vn -0.4441 0.3099 0.8407
vn 0.0908 0.0733 -0.9932
vn -0.1303 0.0745 0.9887
vn 0.9150 0.3938 0.0879
vn -0.3277 0.6404 0.6946
vn 0.0353 0.1617 -0.9862
vn 0.0745 0.3724 0.9251
vn 0.1510 0.9822 -0.1119
vn 0.3399 -0.2290 0.9121
vn 0.0232 -0.1859 0.9823
vn 0.1340 -0.5502 0.8242
vn 0.1570 0.1050 -0.9820
vn 0.0014 0.9273 -0.3743
vn -0.1635 0.0852 0.9829
vn 0.6352 0.4887 -0.5981
vn 0.8717 0.0788 -0.4836
vn -0.1062 0.1587 0.9816
vn -0.8365 0.5457 0.0502
vn -0.0778 -0.0745 0.9942
vn 0.1597 0.0991 -0.9822
vn 0.9296 -0.1838 0.3194
vn 0.9821 -0.1364 -0.1298
vn 0.8553 0.1644 -0.4913
vn 0.1858 0.1528 0.9706
vn -0.1291 0.0778 -0.9886
vn 0.0075 0.1904 0.9817
vn -0.4689 0.8833 -0.0000
vn 0.1591 0.9750 0.1549
vn 0.0628 0.0902 -0.9939
vn 0.0236 0.1933 0.9809
vn 0.2567 -0.2609 0.9306
vn 0.5766 -0.8170 -0.0000
vn 0.1370 0.0360 0.9899
vn -0.1023 0.9457 -0.3086
vn 0.0607 0.0634 -0.9961
vn -0.0351 -0.0248 0.9991
vn -0.0013 -0.0000 -1.0000
vn 0.1599 0.0104 0.9871
vn 0.0018 -0.0311 0.9995
vn -0.9879 -0.1518 0.0309
vn 0.0212 0.0220 -0.9995
vn -0.0007 -1.0000 0.0004
vn 0.0539 -0.0209 -0.9983
vn 0.0190 0.0204 0.9996
vn 0.0159 -0.0080 -0.9998
vn -0.0057 -0.0118 0.9999
vn 0.0069 -0.0029 1.0000
vn 0.0081 -0.0223 -0.9997
vn 0.0097 -0.0184 -0.9998
vn -0.6475 0.4038 -0.6463
vn 0.0137 -0.0239 0.9996
vn 0.8844 -0.4667 -0.0000
vn -0.0019 0.0222 -0.9998
vn 0.0052 0.0294 0.9996
vn 0.1975 0.1307 0.9715
vn 0.4890 -0.8723 -0.0000
vn 0.0203 0.0035 0.9998
vn 0.0675 -0.0015 0.9977
vn 0.9668 0.1676 -0.1927
vn -0.9972 0.0754 -0.0000
vn -0.6357 -0.4078 -0.6554
vn -0.7250 -0.0010 -0.6888
vn -0.5141 -0.3257 -0.7935
vn -0.2314 -0.3360 0.9130
vn -0.6854 0.1755 -0.7067
vn -0.5382 0.2155 -0.8148
vn -0.4052 0.9142 -0.0046
vn -0.3377 0.1007 0.9358
vn -0.0469 -0.0587 0.9972
vn -0.0171 -0.0398 -0.9991
vn -0.0535 -0.0071 -0.9985
vn 0.3150 -0.4122 0.8549
vn 0.9729 0.2312 -0.0000
vn -0.0848 0.0855 0.9927
vn 0.2828 -0.9590 -0.0181
vn 0.2249 -0.9738 0.0332
vn 0.8689 -0.4943 0.0277
vn 0.9140 -0.3431 0.2167
vn 0.9027 -0.0543 -0.4268
vn 0.1021 -0.1167 -0.9879
vn 0.9466 -0.2313 0.2245
vn 0.3599 0.1654 0.9182
vn 0.1150 -0.0120 0.9933
vn 0.0401 -0.0124 -0.9991
vn 0.0377 -0.0055 -0.9993
vn -0.0392 0.0351 0.9986
vn -0.0293 0.0032 -0.9996
vn 0.0098 0.0369 0.9993
vn -0.0363 -0.0474 0.9982
vn 0.1089 0.1013 -0.9889
vn -0.0000 -0.0933 -0.9956
vn -0.0627 0.0565 0.9964
vn 0.9071 0.1641 0.3876
vn 0.3825 0.1852 -0.9052
vn 0.9896 0.1391 0.0379
vn -0.0515 -0.4317 0.9006
vn -0.0380 -0.4552 -0.8896
vn 0.1928 -0.4500 -0.8720
vn 0.9193 -0.3873 0.0694
vn 0.0772 -0.0541 0.9955
vn -0.0349 -0.3138 -0.9488
vn 0.3595 -0.0353 0.9325
vn 0.3651 0.3525 0.8617
vn 0.5679 0.3265 0.7555
vn -0.1927 -0.9719 -0.1353
vn 0.4863 0.1985 0.8509
vn 0.1411 0.1451 0.9793
vn -0.0551 -0.3930 0.9179
vn -0.1224 -0.3108 -0.9426
vn 0.1026 0.0571 0.9931
vn -0.9774 0.2113 -0.0000
vn -0.3321 0.0780 0.9400
vn 0.1084 0.1495 0.9828
vn -0.3095 -0.7134 0.6287
vn -0.0434 0.0975 0.9943
vn -0.9294 -0.0709 0.3622
vn -0.0233 -0.3140 -0.9491
vn 0.2875 -0.8253 -0.4861
vn -0.7773 -0.6228 0.0889
vn -0.0162 -0.0317 -0.9994
vn -0.0698 -0.1397 0.9877
vn -0.1262 -0.0300 0.9916
vn -0.3276 0.3752 0.8671
vn 0.8410 0.4788 0.2518
vn -0.3999 0.5975 0.6950
vn 0.0779 -0.0310 0.9965
vn 0.1370 -0.1780 -0.9745
vn 0.1971 -0.4370 -0.8776
vn -0.0249 0.0105 0.9996
vn 0.3136 -0.6360 -0.7051
vn -0.0012 0.1290 0.9916
vn 0.8147 -0.2339 -0.5306
vn 0.9924 0.1145 0.0446
vn -0.1646 -0.1193 0.9791
vn 0.6319 0.7736 -0.0477
vn 0.0058 0.1225 0.9925
vn 0.0263 0.0112 -0.9996
vn 0.6185 0.6296 -0.4701
vn 0.4592 -0.4016 -0.7924
vn 0.3996 -0.9143 -0.0657
vn 0.0208 -0.0582 0.9981
vn -0.0205 -0.8827 -0.4695
vn 0.6104 0.1060 -0.7850
vn 0.3053 -0.3038 0.9025
vn 0.4126 0.1040 0.9050
vn 0.2202 0.1322 0.9665
vn 0.5864 0.2585 -0.7677
vn 0.1819 -0.0019 0.9833
vn 0.0339 0.0107 -0.9994
vn 0.2956 0.2516 0.9216
vn 0.4178 -0.8817 -0.2192
vn 0.4063 0.0073 -0.9137
vn -0.0150 0.0153 0.9998
vn 0.1998 0.2983 0.9333
vn 0.0597 0.0014 -0.9982
vn 0.9366 -0.1684 0.3073
vn -0.0041 -0.0432 -0.9991
vn 0.1221 0.1143 0.9859
vn -0.0653 0.0973 -0.9931
vn 0.1605 -0.0235 -0.9867
vn -0.1586 -0.6269 0.7628
vn 0.2416 0.2450 -0.9389
vn -0.0243 -0.2361 0.9714
vn -0.0101 0.1731 0.9849
vn 0.1434 0.1305 0.9810
vn -0.1324 -0.1069 -0.9854
vn -0.0553 0.1609 0.9854
vn 0.9445 0.0344 0.3268
vn 0.5449 0.4222 0.7245
vn 0.3395 0.0660 0.9383
vn 0.5326 0.4358 0.7256
vn 0.5951 0.0698 0.8006
vn 0.2756 -0.9613 -0.0000
vn 0.4533 -0.6485 -0.6115
vn 0.9415 -0.3308 -0.0642
vn -0.0599 -0.2205 0.9735
vn -0.4737 0.5261 -0.7063
vn 0.1175 0.0386 -0.9923
vn -0.1457 0.2434 -0.9589
vn 0.5829 0.4193 0.6960
vn 0.8399 0.4777 -0.2576
vn 0.4647 0.1993 0.8627
vn 0.6812 0.3236 0.6567
vn 0.9793 0.0998 0.1759
vn 0.0753 0.0333 -0.9966
vn 0.3908 -0.5697 0.7230
vn 0.3460 -0.8676 0.3571
vn 0.2872 -0.9352 -0.2070
vn 0.2280 -0.9737 -0.0000
vn 0.5326 -0.5165 -0.6705
vn 0.1844 -0.1788 0.9664
vn -0.0509 0.2662 -0.9626
vn 0.3001 0.7676 0.5663
vn 0.0229 0.2517 0.9675
vn 0.0433 0.2148 0.9757
vn -0.0739 -0.0901 -0.9932
vn -0.0462 0.1525 -0.9872
vn 0.2834 0.9524 0.1119
vn -0.0151 -0.0049 0.9999
vn 0.1423 0.1657 -0.9758
vn 0.0136 0.0249 -0.9996
vn 0.0248 -0.6636 0.7477
vn 0.8127 0.5488 0.1958
vn 0.8964 0.4432 0.0091
vn 0.4646 0.6841 0.5623
vn 0.1993 0.1126 -0.9734
vn 0.1142 0.0029 -0.9935
vn 0.0502 0.0421 -0.9979
vn 0.2085 0.9356 0.2849
vn 0.4277 0.3436 0.8361
vn 0.0766 0.1994 -0.9769
vn 0.0395 -0.0000 -0.9992
vn -0.0395 -0.0000 0.9992
vn -0.0000 -0.1025 0.9947
vn 0.0423 0.9740 -0.2224
vn 0.2773 0.5735 0.7708
vn 0.3033 0.0183 -0.9527
vn -0.9794 0.1112 0.1688
vn -0.2677 -0.0429 0.9625
vn -0.1542 -0.1124 -0.9816
vn -0.7048 0.6993 0.1190
vn -0.9809 -0.1304 -0.1444
vn -0.9795 -0.2014 -0.0000
vn -0.1275 -0.0563 0.9902
vn -0.1297 0.0401 -0.9907
vn -0.4409 0.8976 -0.0000
vn -1.0000 -0.0000 -0.0000
vn -0.3314 -0.1594 -0.9299
vn 0.8906 -0.4548 -0.0000
vn -0.1203 -0.9853 0.1214
vn -0.1100 -0.0754 -0.9911
vn -0.1087 -0.3423 0.9333
vn -0.5927 0.4826 -0.6448
vn -0.1065 -0.1920 -0.9756
vn -0.0345 -0.2070 0.9777
vn -0.1742 -0.8350 0.5219
vn -0.6225 0.2322 -0.7474
vn 0.0115 -0.0177 0.9998
vn 0.4598 -0.0206 0.8878
vn -0.6423 0.3775 -0.6671
vn 0.0317 -0.5412 -0.8403
vn 0.0923 -0.0113 -0.9957
vn 0.0890 -0.0316 0.9955
vn 0.0824 -0.0107 0.9965
vn -0.1791 0.3847 -0.9055
vn 0.1810 0.9717 0.1521
vn 0.0883 0.0396 -0.9953
vn 0.0354 0.0238 0.9991
vn 0.0890 0.0348 0.9954
vn -0.8397 -0.5414 0.0423
vn -0.0000 -1.0000 -0.0000
vn -0.1792 -0.1710 -0.9688
vn 0.0078 -0.4298 0.9029
vn 0.0301 0.0045 0.9995
vn -0.8908 -0.3195 -0.3231
vn -0.4576 0.0283 -0.8887
vn -0.6342 -0.0416 0.7720
vn -0.7167 -0.2979 0.6305
vn 0.1073 -0.7638 -0.6364
vn -0.0869 -0.0395 -0.9954
vn -0.9097 -0.2441 -0.3360
vn -0.7632 -0.0533 0.6439
vn -0.3631 0.9317 -0.0098
vn -0.9784 0.1806 0.1008
vn -0.3194 0.9437 -0.0860
vn -0.5973 0.2502 -0.7620
vn 0.8386 -0.5431 0.0423
vn -0.0659 0.1252 0.9899
vn 0.0173 -0.2557 -0.9666
vn -0.0356 -0.5129 -0.8577
vn 0.0313 -0.4493 0.8928
vn -0.0520 -0.3197 -0.9461
vn -0.3049 0.1232 0.9444
vn 0.0793 -0.1456 -0.9862
vn 0.0572 -0.1060 -0.9927
vn 0.0253 0.9722 0.2327
vn -0.2736 0.8665 -0.4175
vn -0.2947 -0.1452 0.9445
vn -0.5551 0.3256 0.7654
vn 0.0341 0.0182 -0.9993
vn 1.0000 -0.0017 0.0098
vn 0.0488 0.2974 0.9535
vn -0.2020 0.6052 -0.7700
vn -0.9201 0.3916 -0.0091
vn -0.0864 -0.0050 -0.9962
vn -0.5805 0.8142 -0.0000
vn 0.6225 -0.3988 -0.6734
vn 0.4386 -0.8987 -0.0000
vn 0.4652 -0.3827 0.7982
vn 0.4609 -0.1520 0.8743
vn 0.3690 0.8928 -0.2583
vn 0.7322 0.4919 0.4710
vn 0.3992 -0.0448 0.9158
vn 0.2051 0.9488 -0.2402
vn 0.2865 0.7210 -0.6309
vn 0.8970 -0.0473 0.4394
vn 0.4348 0.8885 0.1467
vn 0.0291 -0.1040 -0.9941
vn -0.0449 0.1146 0.9924
vn 0.4855 -0.8743 -0.0000
vn 0.1222 0.0221 0.9923
vn 0.2040 0.5796 -0.7890
vn 0.0800 0.2754 0.9580
vn 0.5118 -0.7601 -0.4004
vn 0.7136 -0.6015 0.3591
vn 0.9275 -0.3468 -0.1394
vn 0.4659 -0.6544 0.5956
vn 0.3543 0.0549 0.9335
vn 0.0172 0.5088 -0.8607
vn -0.1754 0.0522 -0.9831
vn -0.0000 -0.0704 0.9975
vn 0.1928 -0.8727 0.4486
vn 0.0971 0.0994 0.9903
vn 0.0695 -0.0000 -0.9976
vn -0.0695 -0.0000 0.9976
vn 0.1206 -0.1680 -0.9784
vn -0.0167 0.0689 -0.9975
vn -0.9851 -0.1522 -0.0808
vn -0.1481 0.1311 -0.9802
vn -0.1196 -0.1298 0.9843
vn 0.9931 -0.0478 -0.1075
vn 0.0272 0.0398 -0.9988
vn -0.0873 0.0295 0.9957
vn 0.0519 0.0052 -0.9986
vn -0.0508 0.0568 0.9971
vn -0.0510 -0.0294 0.9983
vn -0.0000 -0.1584 -0.9874
vn -0.2194 -0.1943 0.9561
vn -0.4698 -0.2853 -0.8354
vn -0.4247 -0.3661 0.8280
vn -0.5241 -0.1809 -0.8322
vn -0.6533 0.1647 0.7390
vn -0.9576 0.1116 0.2656
vn -0.9914 -0.1308 -0.0000
vn -0.1930 -0.9734 0.1236
vn -0.0932 -0.8604 0.5010
vn 0.1706 -0.9691 -0.1781
vn -0.0014 -0.0220 -0.9998
vn 0.0001 -0.0215 0.9998
vn -0.0012 0.0168 -0.9999
vn -0.0206 0.0039 0.9998
vn -0.0683 -0.4134 0.9080
vn 0.0172 -0.0032 0.9998
vn 0.0046 0.0100 -0.9999
vn -0.5043 -0.3149 -0.8040
vn -0.0083 0.1020 0.9948
vn -0.5041 0.2716 0.8198
vn -0.3888 0.2974 0.8720
vn -0.4686 -0.5243 0.7110
vn -0.2524 0.3994 -0.8814
vn -0.1092 0.2497 0.9621
vn -0.0752 -0.2250 0.9715
vn 0.1640 0.1156 0.9797
vn 0.0941 -0.2520 -0.9631
vn 0.1407 0.2718 0.9520
vn -0.1258 -0.3461 0.9297
vn 0.8402 -0.5306 -0.1120
vn -0.0346 0.1234 0.9918
vn 0.5984 -0.5900 0.5421
vn 0.2425 0.6406 -0.7286
vn -0.0985 -0.9218 -0.3750
vn 0.1257 0.9803 -0.1523
vn -0.1516 -0.1012 -0.9833
vn -0.0607 -0.0884 0.9942
vn 0.1946 -0.2153 -0.9570
vn 0.2128 -0.0509 -0.9758
vn 0.3288 -0.5429 0.7728
vn -0.1279 -0.0319 -0.9913
vn 0.1660 0.1826 -0.9691
vn -0.0251 0.0989 -0.9948
vn -0.0933 -0.0971 -0.9909
vn -0.3068 0.1600 -0.9382
vn -0.4518 0.4200 0.7871
vn -0.2910 -0.2183 -0.9315
vn -0.5222 -0.4635 0.7159
vn 0.1846 -0.0000 -0.9828
vn 0.1764 0.1324 0.9754
vn -0.3466 -0.7460 0.5687
vn -0.1011 -0.1350 0.9857
vn -0.1460 0.6668 0.7308
vn -0.0328 0.0956 0.9949
vn 0.0015 0.1525 -0.9883
vn -0.0845 0.9954 0.0452
vn 0.7222 -0.5400 -0.4323
vn 0.0740 0.0284 -0.9969
vn -0.3215 0.9409 0.1062
vn -0.3401 -0.2690 0.9011
vn 0.0055 0.1909 -0.9816
vn -0.1486 0.4090 0.9003
vn 0.1040 -0.2492 -0.9629
vn -0.1086 -0.0554 0.9925
vn 1.0000 0.0017 -0.0085
vn 0.0617 -0.0327 0.9976
vn 0.1413 -0.4314 0.8910
vn 0.0065 -0.0265 0.9996
vn 0.2695 0.9578 -0.0997
vn 0.6389 -0.2444 -0.7294
vn -0.0493 -0.0607 -0.9969
vn -0.0146 0.0113 0.9998
vn -0.4205 0.2436 -0.8740
vn 0.1949 0.2783 -0.9405
vn -0.4695 0.8784 -0.0891
vn -0.5265 0.0761 -0.8468
vn -0.3787 0.1008 0.9200
vn -0.8467 0.4543 0.2769
vn -0.3253 0.0057 -0.9456
vn -0.4540 0.8556 -0.2488
vn 0.2647 0.0074 -0.9643
vn 0.0893 0.2558 -0.9626
vn -0.6149 0.7089 0.3455
vn -0.9257 0.1801 0.3325
vn -0.1858 0.0581 -0.9809
vn -0.3560 0.9338 0.0353
vn 0.4042 -0.1363 -0.9044
vn -0.1628 0.3833 -0.9092
vn 0.0802 -0.9049 -0.4180
vn -0.0273 -0.2364 -0.9713
vn 0.2423 -0.0382 -0.9695
vn 0.1116 0.9921 -0.0571
vn -0.0943 0.1635 0.9820
vn 0.2508 -0.3506 0.9023
vn -0.1751 0.1478 0.9734
vn -0.1793 0.2418 0.9536
vn 0.2108 -0.2049 -0.9558
vn 0.1363 -0.5350 0.8338
vn -0.1340 0.1552 -0.9787
vn -0.0556 -0.0667 0.9962
vn -0.0531 0.2687 0.9618
vn 0.1104 0.0615 -0.9920
vn 0.0460 -0.9551 0.2926
vn -0.9244 -0.2930 -0.2440
vn -0.4348 -0.1175 -0.8928
vn 0.0498 0.0980 -0.9939
vn 0.3317 -0.4466 0.8310
vn -0.2144 0.3438 0.9143
vn -0.3791 -0.8939 0.2391
vn -0.0575 -0.2265 0.9723
vn -0.9530 0.2998 -0.0444
vn -0.8721 -0.3828 -0.3046
vn -0.8292 -0.1205 0.5458
vn -0.2789 -0.2991 -0.9126
vn -0.7309 -0.2836 0.6208
vn 0.0117 0.0441 -0.9990
vn 0.1772 -0.5213 0.8348
vn -0.0839 -0.6554 0.7506
vn -0.2117 -0.1422 -0.9669
vn -0.5394 -0.0178 0.8418
vn -0.1506 -0.0696 0.9861
vn -0.1417 0.3452 0.9278
vn 0.9947 -0.0110 0.1022
vn 0.1378 -0.1064 0.9847
vn 0.5422 -0.1827 -0.8202
vn -0.0320 -0.4891 0.8716
vn -0.0261 0.9986 0.0467
vn -0.0793 -0.0055 0.9968
vn 0.1500 0.0865 -0.9849
vn -0.0258 0.5924 0.8052
vn 0.9822 0.1874 0.0075
vn 0.2118 -0.0574 0.9756
vn 0.4911 0.5264 -0.6940
vn 0.9435 0.1058 -0.3141
vn 0.4601 0.7808 -0.4227
vn 0.9050 0.4193 0.0724
vn -0.1230 0.9924 0.0007
vn -0.9302 -0.0817 -0.3578
vn 0.2304 0.0981 -0.9681
vn -0.0004 1.0000 -0.0015
vn 0.1345 0.0714 0.9883
vn 0.0466 0.1119 -0.9926
vn -0.0641 0.3537 0.9331
vn 0.0753 0.0192 -0.9970
vn 0.0128 0.0623 -0.9980
vn -0.0268 0.0079 0.9996
vn -0.3572 0.2370 -0.9034
vn -0.9077 0.1933 -0.3723
vn -0.8373 -0.0209 -0.5464
vn -0.6363 0.0125 -0.7713
vn -0.5240 -0.0001 -0.8517
vn -0.5586 0.0171 0.8293
vn -0.5217 0.8520 0.0436
vn -0.5282 -0.2870 -0.7991
vn -0.1432 0.8493 0.5082
vn 0.0210 -0.0440 0.9988
vn -0.4626 0.1673 -0.8706
vn -0.4711 0.2412 -0.8484
vn -0.2865 -0.1977 -0.9375
vn 0.1191 0.4567 0.8816
vn -0.0181 -0.0976 0.9951
vn -0.0811 0.3267 0.9416
vn -0.0541 0.3405 -0.9387
vn -0.1277 -0.1157 -0.9850
vn -0.0846 -0.0152 -0.9963
vn -0.0023 0.0651 -0.9979
vn -0.1370 -0.9889 -0.0584
vn 0.0529 -0.0041 -0.9986
vn 0.0752 0.0073 0.9971
vn 0.1700 -0.0414 0.9846
vn 0.0123 -0.0187 -0.9997
vn 0.0078 -0.0391 0.9992
vn 0.1918 -0.9812 0.0208
vn -0.0998 0.2342 0.9670
vn 0.1118 -0.0448 -0.9927
vn 0.0563 -0.0600 0.9966
vn -0.1160 -0.9933 -0.0000
vn 0.1091 -0.1878 -0.9761
vn 0.1330 -0.4222 0.8967
vn 0.1179 0.1956 0.9736
vn -0.1130 0.6246 0.7728
vn 0.9055 0.4244 0.0070
vn -0.1138 0.5415 0.8330
vn 0.3480 -0.2430 0.9054
vn -0.0474 -0.1397 0.9891
vn 0.2535 0.1014 -0.9620
vn 0.2272 0.9602 -0.1625
vn 0.9370 0.3218 -0.1356
vn 0.8974 -0.0096 0.4412
vn 0.9782 -0.2077 -0.0000
vn 0.0182 0.0689 0.9975
vn 0.2588 0.4462 -0.8567
vn -0.1509 0.0298 0.9881
vn 0.2050 0.9777 -0.0456
vn 0.0089 0.1575 0.9875
vn 0.0738 0.0835 -0.9938
vn -0.0224 -0.0124 -0.9997
vn -0.0176 -0.0188 -0.9997
vn -0.0076 -0.0077 0.9999
vn 0.0027 -0.0167 -0.9999
vn 0.0246 -0.0214 0.9995
vn 0.0135 -0.0182 -0.9997
vn 0.0114 -0.0265 0.9996
vn 0.0096 0.0348 -0.9993
vn -0.0003 0.0234 0.9997
vn 0.0046 0.0415 0.9991
vn -0.6453 -0.4450 -0.6210
vn -0.5864 -0.4455 -0.6766
vn -0.3092 -0.4130 0.8566
vn -0.6972 0.2041 -0.6872
vn -0.6516 0.1016 -0.7518
vn -0.4089 0.9126 -0.0000
vn -0.3267 0.1111 0.9386
vn -0.1173 0.0048 0.9931
vn 0.0839 0.0568 -0.9949
vn 0.3353 -0.3950 0.8553
vn 0.9141 -0.0226 -0.4048
vn 0.9986 -0.0521 0.0047
vn 0.0513 -0.0644 0.9966
vn 0.1733 -0.0602 0.9830
vn -0.2309 -0.2202 -0.9477
vn -0.0798 -0.0362 -0.9962
vn 0.0247 -0.0171 -0.9995
vn 0.0305 0.0128 0.9995
vn -0.0092 -0.0180 -0.9998
vn 0.0540 -0.0306 0.9981
vn 0.3961 0.1951 -0.8973
vn 0.1221 -0.7608 -0.6375
vn 0.3723 -0.2919 -0.8810
vn 0.9247 -0.3773 0.0518
vn -0.0571 -0.1263 0.9903
vn -0.0470 -0.3051 -0.9512
vn 0.0924 0.2103 0.9733
vn 0.3702 0.3574 0.8574
vn -0.1592 -0.9824 -0.0978
vn 0.0799 -0.5106 0.8561
vn -0.1036 -0.3220 -0.9411
vn -0.0095 0.1179 0.9930
vn -0.9361 0.1605 0.3131
vn -0.9914 -0.0416 -0.1242
vn -0.0501 -0.3743 -0.9260
vn 0.1157 -0.0086 -0.9932
vn 0.0771 -0.0312 0.9965
vn 0.1625 -0.1594 -0.9738
vn 0.1626 -0.4459 -0.8802
vn 0.8530 -0.3606 -0.3773
vn 0.9061 -0.2026 -0.3714
vn 0.4430 0.8855 0.1399
vn -0.0096 0.1377 0.9904
vn 0.1005 -0.1020 -0.9897
vn 0.4763 0.7480 -0.4621
vn 0.4380 -0.4289 -0.7901
vn 0.0036 -0.0766 0.9971
vn 0.5384 0.1865 -0.8218
vn 0.5495 0.0313 0.8349
vn 0.2281 0.1257 0.9655
vn 0.1717 0.0020 0.9851
vn 0.0355 0.0033 0.9994
vn 0.9992 0.0398 -0.0000
vn 0.2460 0.1605 -0.9559
vn -0.0249 0.2243 0.9742
vn 0.0679 0.0240 0.9974
vn 0.3423 0.0742 0.9367
vn 0.9973 -0.0659 0.0330
vn 0.5222 -0.0154 0.8527
vn 0.4270 -0.8960 -0.1215
vn 0.5597 -0.5510 -0.6190
vn 0.9113 -0.4117 -0.0000
vn 0.1962 0.0835 -0.9770
vn 0.5255 0.2792 0.8037
vn -0.0753 -0.0333 -0.9966
vn 0.3915 -0.5688 0.7234
vn 0.3507 -0.9280 0.1257
vn 0.5183 -0.5296 -0.6715
vn 0.2438 -0.1303 0.9610
vn 0.1368 0.4243 -0.8951
vn 0.2387 0.7497 0.6173
vn 0.2060 0.3826 0.9007
vn 0.0622 0.2446 -0.9676
vn 0.2317 0.9722 0.0328
vn 0.0576 -0.0127 0.9983
vn -0.1423 -0.1657 -0.9758
vn 0.7797 0.3892 0.4905
vn 0.8661 0.4887 -0.1053
vn 0.1741 0.1186 -0.9776
vn -0.0502 -0.0421 -0.9979
vn 0.1293 0.3648 -0.9220
vn 0.0238 0.9956 -0.0910
vn 0.4941 0.3863 0.7789
vn -0.9828 0.1847 -0.0000
vn -0.0906 -0.0076 0.9959
vn 0.8655 -0.4909 -0.0993
vn -0.0281 -0.2526 0.9672
vn -0.6699 -0.1385 -0.7294
vn -0.3558 -0.4132 0.8382
vn -0.2929 -0.7697 0.5673
vn -0.6527 0.2130 -0.7270
vn 0.0210 -0.0158 0.9997
vn -0.2818 -0.0337 -0.9589
vn 0.0171 -0.0862 -0.9961
vn 0.0919 -0.0012 0.9958
vn 0.0355 0.1883 -0.9815
vn 0.1364 0.9829 -0.1239
vn 0.0534 0.0127 -0.9985
vn 0.0525 0.0065 0.9986
vn -0.8261 -0.5635 -0.0000
vn -0.4493 -0.3578 -0.8186
vn 0.0294 -0.4493 0.8929
vn -0.0497 -0.0537 0.9973
vn -0.3870 0.1608 0.9079
vn -0.6214 -0.3980 0.6749
vn -0.1365 -0.0086 -0.9906
vn -0.5614 0.2164 0.7987
vn -0.9756 0.2029 0.0838
vn -0.0374 0.8961 -0.4422
vn 0.8255 -0.5644 -0.0000
vn 0.0169 -0.4825 -0.8758
vn 0.0224 -0.4421 0.8967
vn 0.0900 -0.4806 -0.8723
vn -0.3696 0.1927 0.9090
vn 0.0259 -0.0734 -0.9970
vn 0.0781 0.9579 0.2762
vn 0.0486 0.9865 -0.1561
vn -0.0823 -0.1527 0.9848
vn -0.5142 -0.3236 0.7943
vn -0.0180 0.0815 -0.9965
vn 1.0000 -0.0000 -0.0000
vn 0.0620 0.2827 0.9572
vn -0.1352 0.6609 -0.7382
vn -0.9171 0.3987 -0.0000
vn 0.6529 -0.4865 -0.5805
vn 0.5787 -0.2316 0.7820
vn 0.3725 0.8892 -0.2655
vn 0.5796 0.6443 0.4989
vn 0.3373 0.8496 -0.4054
vn 0.8645 0.0979 0.4930
vn 0.2536 0.9028 0.3473
vn 0.1316 0.0015 -0.9913
vn 0.0320 -0.0710 0.9970
vn 0.0419 0.4531 -0.8905
vn 0.2302 0.4151 0.8802
vn 0.4742 -0.7631 -0.4391
vn 0.7292 -0.5850 0.3550
vn 0.6685 -0.7227 0.1754
vn 0.2622 -0.1586 0.9519
vn -0.0808 0.0741 -0.9940
vn -0.0517 -0.1207 -0.9913
vn -0.1313 0.1456 -0.9806
vn -0.1119 0.0266 -0.9934
s 0
f 14//1 6//1 13//1
f 16//2 7//2 8//2
f 10//3 16//3 8//3
f 9//4 17//4 20//4
f 19//5 10//5 21//5
f 19//6 21//6 23//6
f 26//7 12//7 25//7
f 29//8 28//8 31//8
f 32//9 31//9 34//9
f 35//10 37//10 39//10
f 40//11 38//11 39//11
f 36//12 41//12 42//12
f 50//13 48//13 49//13
f 43//14 51//14 52//14
f 48//15 55//15 46//15
f 27//16 1//16 13//16
f 17//17 14//17 59//17
f 18//18 17//18 60//18
f 71//19 18//19 60//19
f 20//20 63//20 22//20
f 20//21 61//21 63//21
f 64//22 19//22 23//22
f 25//23 64//23 23//23
f 67//24 25//24 12//24
f 59//25 1//25 29//25
f 15//26 69//26 28//26
f 28//27 27//27 15//27
f 71//28 60//28 70//28
f 19//29 69//29 15//29
f 72//30 61//30 71//30
f 73//31 63//31 72//31
f 65//32 73//32 75//32
f 70//33 60//33 78//33
f 62//34 80//34 69//34
f 73//35 72//35 82//35
f 81//36 62//36 74//36
f 75//37 73//37 82//37
f 77//38 75//38 83//38
f 79//39 33//39 28//39
f 84//40 32//40 34//40
f 78//41 32//41 84//41
f 74//42 90//42 89//42
f 84//43 34//43 96//43
f 97//44 84//44 96//44
f 79//45 85//45 98//45
f 101//46 88//46 82//46
f 88//47 101//47 102//47
f 104//48 103//48 102//48
f 94//49 93//49 103//49
f 97//50 96//50 44//50
f 99//51 106//51 108//51
f 102//52 101//52 109//52
f 113//53 44//53 54//53
f 98//54 112//54 105//54
f 118//55 107//55 100//55
f 110//56 119//56 109//56
f 124//57 113//57 122//57
f 114//58 113//58 124//58
f 117//59 126//59 108//59
f 118//60 116//60 107//60
f 120//61 127//61 119//61
f 120//62 110//62 128//62
f 130//63 129//63 133//63
f 132//64 131//64 135//64
f 140//65 139//65 141//65
f 143//66 140//66 141//66
f 144//67 142//67 145//67
f 152//68 139//68 140//68
f 154//69 141//69 153//69
f 141//70 154//70 155//70
f 158//71 142//71 156//71
f 163//72 162//72 164//72
f 139//73 163//73 164//73
f 163//74 139//74 152//74
f 169//75 161//75 145//75
f 162//76 170//76 171//76
f 163//77 170//77 162//77
f 164//78 162//78 171//78
f 177//79 174//79 175//79
f 179//80 176//80 174//80
f 167//81 183//81 170//81
f 175//82 173//82 198//82
f 178//83 177//83 189//83
f 180//84 188//84 177//84
f 194//85 181//85 193//85
f 195//86 182//86 183//86
f 198//87 184//87 196//87
f 183//88 185//88 197//88
f 186//89 197//89 185//89
f 191//90 187//90 199//90
f 192//91 178//91 189//91
f 5//92 2//92 193//92
f 196//93 194//93 5//93
f 200//94 195//94 197//94
f 202//95 198//95 201//95
f 186//96 211//96 197//96
f 192//97 189//97 202//97
f 204//98 5//98 195//98
f 210//99 200//99 197//99
f 210//100 201//100 206//100
f 204//101 12//101 5//101
f 212//102 213//102 215//102
f 202//103 212//103 215//103
f 207//104 202//104 215//104
f 221//105 190//105 179//105
f 179//106 191//106 228//106
f 229//107 180//107 222//107
f 222//108 192//108 230//108
f 236//109 226//109 235//109
f 238//110 226//110 236//110
f 199//111 186//111 190//111
f 239//112 199//112 188//112
f 228//113 190//113 240//113
f 232//114 229//114 230//114
f 232//115 230//115 241//115
f 233//116 240//116 231//116
f 229//117 246//117 239//117
f 230//118 192//118 248//118
f 247//119 246//119 249//119
f 242//120 249//120 232//120
f 252//121 250//121 249//121
f 255//122 243//122 244//122
f 244//123 243//123 255//123
f 237//124 254//124 235//124
f 238//125 254//125 237//125
f 192//126 207//126 256//126
f 247//127 203//127 245//127
f 257//128 248//128 256//128
f 261//129 259//129 260//129
f 216//130 211//130 203//130
f 259//131 264//131 258//131
f 253//132 265//132 260//132
f 253//133 257//133 265//133
f 271//134 267//134 268//134
f 273//135 208//135 68//135
f 208//136 273//136 275//136
f 207//137 215//137 279//137
f 217//138 278//138 214//138
f 279//139 213//139 284//139
f 207//140 279//140 287//140
f 273//141 68//141 77//141
f 276//142 273//142 291//142
f 294//143 283//143 293//143
f 286//144 293//144 285//144
f 289//145 295//145 288//145
f 273//146 298//146 299//146
f 300//147 272//147 282//147
f 292//148 299//148 300//148
f 292//149 291//149 299//149
f 290//150 104//150 92//150
f 316//151 296//151 94//151
f 299//152 306//152 300//152
f 314//153 290//153 297//153
f 297//154 315//154 314//154
f 319//155 318//155 320//155
f 307//156 319//156 320//156
f 310//157 322//157 307//157
f 313//158 111//158 324//158
f 317//159 326//159 315//159
f 318//160 330//160 331//160
f 322//161 333//161 319//161
f 334//162 321//162 332//162
f 313//163 338//163 339//163
f 340//164 325//164 326//164
f 333//165 327//165 330//165
f 344//166 333//166 335//166
f 352//167 263//167 264//167
f 351//168 263//168 352//168
f 353//169 257//169 262//169
f 352//170 264//170 267//170
f 270//171 356//171 269//171
f 349//172 359//172 360//172
f 362//173 351//173 352//173
f 353//174 363//174 364//174
f 357//175 354//175 367//175
f 369//176 359//176 350//176
f 372//177 370//177 371//177
f 373//178 364//178 366//178
f 367//179 373//179 366//179
f 375//180 360//180 374//180
f 371//181 375//181 377//181
f 310//182 311//182 382//182
f 386//183 384//183 385//183
f 378//184 387//184 376//184
f 379//185 387//185 389//185
f 380//186 388//186 378//186
f 380//187 389//187 392//187
f 383//188 395//188 382//188
f 386//189 397//189 399//189
f 398//190 399//190 400//190
f 389//191 388//191 400//191
f 380//192 400//192 388//192
f 402//193 389//193 400//193
f 403//194 401//194 400//194
f 381//195 392//195 405//195
f 383//196 346//196 395//196
f 335//197 322//197 396//197
f 406//198 395//198 346//198
f 409//199 401//199 403//199
f 392//200 402//200 410//200
f 409//201 413//201 408//201
f 410//202 402//202 414//202
f 411//203 415//203 409//203
f 417//204 393//204 394//204
f 420//205 417//205 419//205
f 434//206 432//206 433//206
f 430//207 432//207 434//207
f 434//208 433//208 435//208
f 442//209 440//209 441//209
f 443//210 438//210 439//210
f 439//211 438//211 442//211
f 446//212 440//212 442//212
f 438//213 446//213 442//213
f 443//214 446//214 438//214
f 431//215 434//215 444//215
f 442//216 445//216 447//216
f 444//217 434//217 435//217
f 452//218 451//218 450//218
f 445//219 451//219 452//219
f 447//220 445//220 452//220
f 450//221 453//221 454//221
f 446//222 455//222 451//222
f 123//223 462//223 121//223
f 114//224 124//224 464//224
f 465//225 108//225 126//225
f 127//226 470//226 116//226
f 124//227 463//227 469//227
f 475//228 123//228 125//228
f 472//229 465//229 126//229
f 473//230 470//230 466//230
f 443//231 439//231 467//231
f 469//232 463//232 476//232
f 477//233 469//233 476//233
f 485//234 443//234 475//234
f 478//235 485//235 475//235
f 483//236 492//236 482//236
f 485//237 448//237 443//237
f 478//238 494//238 485//238
f 477//239 486//239 495//239
f 487//240 477//240 495//240
f 489//241 487//241 497//241
f 491//242 488//242 490//242
f 491//243 497//243 496//243
f 498//244 491//244 492//244
f 494//245 448//245 485//245
f 486//246 474//246 447//246
f 500//247 504//247 498//247
f 457//248 446//248 448//248
f 486//249 447//249 505//249
f 512//250 458//250 459//250
f 508//251 509//251 507//251
f 460//252 461//252 512//252
f 511//253 510//253 515//253
f 514//254 516//254 517//254
f 519//255 518//255 511//255
f 519//256 522//256 518//256
f 527//257 528//257 525//257
f 529//258 457//258 506//258
f 530//259 461//259 460//259
f 530//260 460//260 457//260
f 530//261 457//261 461//261
f 532//262 531//262 533//262
f 541//263 531//263 540//263
f 549//264 536//264 548//264
f 552//265 537//265 551//265
f 560//266 545//266 546//266
f 562//267 548//267 550//267
f 551//268 562//268 550//268
f 553//269 563//269 565//269
f 566//270 564//270 567//270
f 556//271 566//271 567//271
f 559//272 556//272 567//272
f 571//273 566//273 559//273
f 573//274 568//274 569//274
f 569//275 568//275 573//275
f 338//276 337//276 325//276
f 578//277 339//277 338//277
f 341//278 339//278 581//278
f 344//279 583//279 333//279
f 344//280 335//280 583//280
f 585//281 346//281 347//281
f 580//282 579//282 586//282
f 581//283 580//283 586//283
f 587//284 581//284 586//284
f 582//285 581//285 587//285
f 588//286 582//286 587//286
f 591//287 590//287 592//287
f 597//288 594//288 583//288
f 593//289 592//289 598//289
f 599//290 591//290 594//290
f 596//291 600//291 595//291
f 597//292 599//292 594//292
f 590//293 603//293 604//293
f 598//294 590//294 604//294
f 607//295 591//295 599//295
f 596//296 608//296 625//296
f 613//297 504//297 612//297
f 613//298 612//298 614//298
f 606//299 614//299 604//299
f 607//300 616//300 617//300
f 607//301 599//301 616//301
f 621//302 620//302 619//302
f 624//303 609//303 621//303
f 625//304 622//304 620//304
f 629//305 627//305 628//305
f 613//306 627//306 629//306
f 618//307 628//307 606//307
f 622//308 634//308 620//308
f 616//309 637//309 630//309
f 638//310 628//310 632//310
f 642//311 346//311 585//311
f 412//312 406//312 642//312
f 408//313 643//313 641//313
f 645//314 408//314 413//314
f 647//315 644//315 646//315
f 412//316 644//316 647//316
f 648//317 645//317 413//317
f 414//318 412//318 647//318
f 654//319 416//319 405//319
f 655//320 641//320 643//320
f 657//321 673//321 658//321
f 660//322 643//322 645//322
f 648//323 660//323 645//323
f 664//324 648//324 413//324
f 666//325 662//325 665//325
f 651//326 664//326 413//326
f 652//327 414//327 666//327
f 655//328 597//328 583//328
f 656//329 589//329 671//329
f 673//330 656//330 671//330
f 673//331 670//331 675//331
f 677//332 643//332 660//332
f 677//333 660//333 658//333
f 667//334 680//334 648//334
f 682//335 667//335 664//335
f 684//336 681//336 683//336
f 686//337 683//337 682//337
f 684//338 683//338 686//338
f 689//339 670//339 671//339
f 692//340 674//340 676//340
f 667//341 694//341 680//341
f 694//342 667//342 682//342
f 697//343 597//343 688//343
f 689//344 600//344 611//344
f 691//345 670//345 698//345
f 624//346 697//346 698//346
f 701//347 624//347 623//347
f 707//348 705//348 706//348
f 419//349 416//349 710//349
f 712//350 711//350 425//350
f 712//351 425//351 711//351
f 717//352 715//352 719//352
f 639//353 718//353 720//353
f 723//354 724//354 725//354
f 732//355 715//355 731//355
f 719//356 715//356 732//356
f 736//357 721//357 735//357
f 727//358 741//358 725//358
f 745//359 743//359 742//359
f 747//360 740//360 741//360
f 751//361 748//361 745//361
f 753//362 748//362 751//362
f 762//363 740//363 747//363
f 745//364 763//364 766//364
f 771//365 767//365 768//365
f 757//366 755//366 773//366
f 760//367 759//367 775//367
f 777//368 760//368 775//368
f 765//369 776//369 761//369
f 780//370 779//370 784//370
f 785//371 766//371 781//371
f 790//372 787//372 786//372
f 790//373 770//373 787//373
f 771//374 789//374 792//374
f 774//375 795//375 772//375
f 797//376 795//376 796//376
f 765//377 778//377 798//377
f 798//378 776//378 765//378
f 800//379 797//379 796//379
f 782//380 781//380 797//380
f 778//381 783//381 784//381
f 808//382 806//382 807//382
f 809//383 561//383 560//383
f 809//384 793//384 794//384
f 810//385 776//385 798//385
f 799//386 810//386 798//386
f 814//387 802//387 803//387
f 813//388 801//388 805//388
f 814//389 819//389 799//389
f 822//390 720//390 718//390
f 640//391 720//391 822//391
f 826//392 721//392 736//392
f 828//393 829//393 830//393
f 831//394 823//394 824//394
f 824//395 823//395 831//395
f 834//396 829//396 832//396
f 835//397 834//397 833//397
f 836//398 834//398 835//398
f 836//399 830//399 834//399
f 837//400 791//400 792//400
f 837//401 807//401 791//401
f 837//402 808//402 807//402
f 842//403 818//403 841//403
f 820//404 845//404 846//404
f 847//405 572//405 840//405
f 840//406 572//406 847//406
f 848//407 843//407 844//407
f 844//408 843//408 848//408
f 574//409 575//409 576//409
f 849//410 838//410 839//410
f 839//411 838//411 849//411
f 7//412 4//412 3//412
f 9//413 8//413 4//413
f 6//414 16//414 13//414
f 9//415 10//415 8//415
f 11//416 10//416 9//416
f 14//417 13//417 1//417
f 6//418 17//418 7//418
f 16//419 19//419 15//419
f 17//420 9//420 7//420
f 20//421 11//421 9//421
f 20//422 17//422 18//422
f 11//423 21//423 10//423
f 11//424 22//424 21//424
f 21//425 24//425 23//425
f 24//426 25//426 23//426
f 29//427 27//427 28//427
f 31//428 30//428 29//428
f 33//429 31//429 28//429
f 45//430 38//430 46//430
f 35//431 38//431 37//431
f 35//432 39//432 38//432
f 42//433 41//433 36//433
f 45//434 39//434 37//434
f 46//435 47//435 45//435
f 46//436 40//436 48//436
f 47//437 40//437 39//437
f 40//438 49//438 48//438
f 52//439 53//439 54//439
f 43//440 53//440 51//440
f 54//441 43//441 52//441
f 55//442 49//442 47//442
f 55//443 47//443 46//443
f 48//444 56//444 55//444
f 13//445 15//445 27//445
f 50//446 49//446 56//446
f 58//447 54//447 53//447
f 59//448 14//448 1//448
f 18//449 61//449 20//449
f 17//450 59//450 60//450
f 24//451 66//451 26//451
f 19//452 64//452 62//452
f 24//453 22//453 63//453
f 26//454 68//454 12//454
f 65//455 66//455 63//455
f 67//456 64//456 25//456
f 30//457 59//457 29//457
f 64//458 76//458 74//458
f 62//459 69//459 19//459
f 63//460 61//460 72//460
f 65//461 63//461 73//461
f 64//462 74//462 62//462
f 65//463 75//463 66//463
f 75//464 68//464 66//464
f 30//465 78//465 60//465
f 78//466 86//466 70//466
f 28//467 69//467 79//467
f 86//468 71//468 70//468
f 81//469 80//469 62//469
f 79//470 80//470 85//470
f 86//471 72//471 71//471
f 91//472 83//472 75//472
f 82//473 72//473 87//473
f 88//474 91//474 82//474
f 91//475 75//475 82//475
f 74//476 89//476 81//476
f 74//477 92//477 90//477
f 76//478 92//478 74//478
f 33//479 96//479 34//479
f 79//480 95//480 33//480
f 99//481 84//481 97//481
f 79//482 98//482 95//482
f 102//483 91//483 88//483
f 87//484 86//484 99//484
f 81//485 100//485 80//485
f 101//486 82//486 87//486
f 89//487 100//487 81//487
f 90//488 102//488 89//488
f 90//489 104//489 102//489
f 105//490 96//490 95//490
f 93//491 91//491 103//491
f 44//492 105//492 43//492
f 89//493 109//493 100//493
f 98//494 105//494 95//494
f 85//495 107//495 98//495
f 80//496 107//496 85//496
f 108//497 87//497 99//497
f 100//498 107//498 80//498
f 101//499 87//499 108//499
f 105//500 53//500 43//500
f 110//501 109//501 101//501
f 111//502 103//502 104//502
f 113//503 99//503 97//503
f 97//504 44//504 113//504
f 98//505 115//505 112//505
f 58//506 112//506 121//506
f 106//507 99//507 114//507
f 107//508 116//508 115//508
f 117//509 108//509 106//509
f 100//510 119//510 118//510
f 109//511 119//511 100//511
f 110//512 101//512 108//512
f 120//513 119//513 110//513
f 122//514 54//514 58//514
f 121//515 122//515 58//515
f 123//516 115//516 125//516
f 123//517 121//517 112//517
f 119//518 116//518 118//518
f 117//519 106//519 114//519
f 131//520 136//520 135//520
f 120//521 128//521 127//521
f 130//522 133//522 129//522
f 147//523 148//523 146//523
f 138//524 137//524 134//524
f 136//525 132//525 135//525
f 138//526 134//526 137//526
f 152//527 143//527 159//527
f 153//528 141//528 139//528
f 154//529 153//529 166//529
f 157//530 155//530 154//530
f 155//531 143//531 141//531
f 143//532 160//532 159//532
f 156//533 144//533 161//533
f 164//534 153//534 139//534
f 145//535 161//535 144//535
f 145//536 142//536 158//536
f 168//537 161//537 169//537
f 166//538 164//538 165//538
f 167//539 163//539 152//539
f 168//540 158//540 156//540
f 169//541 158//541 168//541
f 165//542 171//542 172//542
f 173//543 166//543 184//543
f 163//544 167//544 170//544
f 184//545 166//545 165//545
f 155//546 175//546 174//546
f 175//547 154//547 173//547
f 167//548 159//548 176//548
f 159//549 174//549 176//549
f 171//550 183//550 182//550
f 160//551 155//551 174//551
f 180//552 177//552 178//552
f 172//553 182//553 181//553
f 172//554 171//554 182//554
f 176//555 185//555 167//555
f 184//556 165//556 172//556
f 167//557 185//557 183//557
f 187//558 177//558 188//558
f 198//559 177//559 175//559
f 186//560 179//560 190//560
f 191//561 174//561 187//561
f 181//562 195//562 193//562
f 194//563 193//563 2//563
f 181//564 196//564 172//564
f 200//565 205//565 204//565
f 196//566 184//566 172//566
f 183//567 197//567 195//567
f 198//568 173//568 184//568
f 189//569 198//569 202//569
f 188//570 199//570 187//570
f 5//571 194//571 2//571
f 195//572 5//572 193//572
f 201//573 198//573 196//573
f 203//574 211//574 186//574
f 205//575 196//575 5//575
f 200//576 204//576 195//576
f 196//577 206//577 201//577
f 201//578 212//578 202//578
f 211//579 210//579 197//579
f 208//580 5//580 12//580
f 192//581 202//581 207//581
f 204//582 208//582 209//582
f 204//583 209//583 12//583
f 216//584 214//584 211//584
f 206//585 200//585 210//585
f 211//586 212//586 210//586
f 211//587 214//587 212//587
f 220//588 223//588 219//588
f 151//589 218//589 150//589
f 151//590 150//590 218//590
f 222//591 180//591 178//591
f 228//592 221//592 179//592
f 192//593 222//593 178//593
f 180//594 239//594 188//594
f 222//595 230//595 229//595
f 221//596 231//596 190//596
f 227//597 234//597 225//597
f 227//598 225//598 234//598
f 237//599 235//599 226//599
f 238//600 237//600 226//600
f 199//601 228//601 191//601
f 240//602 231//602 228//602
f 228//603 199//603 190//603
f 231//604 240//604 190//604
f 186//605 245//605 203//605
f 242//606 232//606 241//606
f 199//607 246//607 245//607
f 246//608 232//608 249//608
f 247//609 245//609 246//609
f 248//610 242//610 241//610
f 241//611 230//611 248//611
f 250//612 247//612 249//612
f 251//613 249//613 242//613
f 249//614 253//614 252//614
f 247//615 258//615 203//615
f 236//616 235//616 254//616
f 238//617 236//617 254//617
f 248//618 192//618 256//618
f 252//619 259//619 250//619
f 257//620 251//620 248//620
f 250//621 259//621 258//621
f 258//622 263//622 203//622
f 253//623 260//623 252//623
f 253//624 251//624 257//624
f 262//625 256//625 207//625
f 263//626 216//626 203//626
f 264//627 261//627 267//627
f 268//628 260//628 265//628
f 261//629 268//629 267//629
f 266//630 269//630 265//630
f 269//631 268//631 265//631
f 209//632 67//632 12//632
f 68//633 208//633 12//633
f 209//634 275//634 274//634
f 209//635 274//635 272//635
f 277//636 214//636 278//636
f 276//637 274//637 275//637
f 213//638 212//638 277//638
f 272//639 276//639 282//639
f 279//640 215//640 213//640
f 281//641 76//641 67//641
f 272//642 281//642 67//642
f 277//643 284//643 213//643
f 276//644 275//644 273//644
f 277//645 285//645 283//645
f 278//646 288//646 286//646
f 278//647 286//647 285//647
f 288//648 280//648 289//648
f 287//649 280//649 207//649
f 283//650 279//650 284//650
f 281//651 290//651 76//651
f 276//652 291//652 282//652
f 292//653 282//653 291//653
f 285//654 293//654 283//654
f 83//655 296//655 77//655
f 287//656 279//656 294//656
f 288//657 295//657 286//657
f 290//658 92//658 76//658
f 77//659 298//659 273//659
f 94//660 296//660 93//660
f 281//661 297//661 290//661
f 301//662 286//662 302//662
f 272//663 297//663 281//663
f 299//664 291//664 273//664
f 292//665 300//665 282//665
f 294//666 293//666 301//666
f 301//667 287//667 294//667
f 302//668 303//668 301//668
f 286//669 304//669 302//669
f 303//670 289//670 287//670
f 298//671 306//671 299//671
f 300//672 297//672 272//672
f 302//673 309//673 303//673
f 307//674 311//674 310//674
f 302//675 311//675 308//675
f 104//676 312//676 111//676
f 305//677 303//677 309//677
f 313//678 103//678 111//678
f 315//679 296//679 316//679
f 314//680 312//680 290//680
f 313//681 316//681 94//681
f 321//682 308//682 320//682
f 317//683 315//683 316//683
f 306//684 315//684 297//684
f 322//685 319//685 307//685
f 320//686 308//686 307//686
f 309//687 323//687 305//687
f 326//688 329//688 328//688
f 312//689 324//689 111//689
f 315//690 325//690 314//690
f 326//691 325//691 315//691
f 317//692 316//692 313//692
f 327//693 331//693 330//693
f 329//694 331//694 328//694
f 319//695 330//695 318//695
f 318//696 332//696 320//696
f 312//697 337//697 336//697
f 321//698 320//698 332//698
f 322//699 335//699 333//699
f 323//700 321//700 334//700
f 336//701 127//701 128//701
f 336//702 324//702 312//702
f 324//703 338//703 313//703
f 325//704 337//704 314//704
f 339//705 317//705 313//705
f 340//706 328//706 342//706
f 342//707 328//707 327//707
f 329//708 343//708 332//708
f 329//709 317//709 341//709
f 343//710 334//710 332//710
f 334//711 347//711 323//711
f 348//712 280//712 217//712
f 348//713 217//713 216//713
f 207//714 349//714 262//714
f 263//715 348//715 216//715
f 353//716 266//716 265//716
f 263//717 351//717 350//717
f 262//718 257//718 256//718
f 353//719 265//719 257//719
f 355//720 269//720 356//720
f 354//721 270//721 266//721
f 267//722 358//722 352//722
f 268//723 358//723 271//723
f 358//724 355//724 352//724
f 351//725 363//725 361//725
f 349//726 348//726 359//726
f 350//727 359//727 348//727
f 262//728 349//728 360//728
f 262//729 363//729 353//729
f 352//730 365//730 362//730
f 362//731 364//731 363//731
f 354//732 353//732 364//732
f 364//733 365//733 366//733
f 365//734 356//734 366//734
f 367//735 368//735 357//735
f 368//736 366//736 356//736
f 356//737 357//737 368//737
f 289//738 369//738 295//738
f 350//739 370//739 369//739
f 360//740 359//740 369//740
f 375//741 262//741 360//741
f 370//742 361//742 371//742
f 375//743 361//743 262//743
f 295//744 374//744 304//744
f 354//745 364//745 373//745
f 373//746 367//746 354//746
f 289//747 374//747 360//747
f 375//748 370//748 376//748
f 375//749 374//749 369//749
f 376//750 372//750 378//750
f 376//751 377//751 375//751
f 377//752 372//752 371//752
f 379//753 378//753 372//753
f 304//754 382//754 311//754
f 380//755 378//755 379//755
f 310//756 385//756 384//756
f 383//757 382//757 374//757
f 383//758 374//758 305//758
f 390//759 394//759 393//759
f 377//760 376//760 387//760
f 379//761 377//761 387//761
f 378//762 388//762 387//762
f 388//763 389//763 387//763
f 380//764 379//764 389//764
f 391//765 381//765 394//765
f 310//766 396//766 322//766
f 381//767 380//767 392//767
f 383//768 305//768 323//768
f 397//769 385//769 395//769
f 385//770 382//770 395//770
f 384//771 399//771 398//771
f 384//772 398//772 396//772
f 391//773 400//773 380//773
f 401//774 398//774 400//774
f 403//775 391//775 390//775
f 394//776 405//776 404//776
f 392//777 389//777 402//777
f 393//778 403//778 390//778
f 406//779 397//779 395//779
f 641//780 335//780 396//780
f 396//781 408//781 641//781
f 401//782 408//782 398//782
f 407//783 399//783 397//783
f 407//784 400//784 399//784
f 403//785 411//785 409//785
f 402//786 400//786 407//786
f 323//787 346//787 383//787
f 405//788 392//788 410//788
f 407//789 414//789 402//789
f 412//790 407//790 406//790
f 419//791 394//791 404//791
f 415//792 413//792 409//792
f 405//793 416//793 404//793
f 417//794 418//794 393//794
f 418//795 411//795 393//795
f 420//796 418//796 417//796
f 420//797 419//797 418//797
f 427//798 428//798 426//798
f 419//799 423//799 418//799
f 422//800 424//800 421//800
f 422//801 421//801 424//801
f 419//802 404//802 416//802
f 430//803 433//803 432//803
f 433//804 444//804 435//804
f 57//805 437//805 436//805
f 437//806 57//806 436//806
f 431//807 430//807 434//807
f 445//808 442//808 441//808
f 445//809 440//809 451//809
f 449//810 454//810 453//810
f 446//811 451//811 440//811
f 443//812 448//812 446//812
f 439//813 442//813 447//813
f 451//814 449//814 450//814
f 450//815 449//815 453//815
f 454//816 452//816 450//816
f 455//817 454//817 451//817
f 455//818 447//818 452//818
f 446//819 456//819 455//819
f 457//820 459//820 456//820
f 457//821 456//821 446//821
f 456//822 461//822 447//822
f 121//823 463//823 122//823
f 464//824 117//824 114//824
f 124//825 122//825 463//825
f 116//826 125//826 115//826
f 466//827 110//827 465//827
f 465//828 110//828 108//828
f 127//829 466//829 470//829
f 462//830 468//830 463//830
f 468//831 467//831 439//831
f 467//832 475//832 443//832
f 123//833 467//833 462//833
f 464//834 124//834 469//834
f 470//835 475//835 125//835
f 471//836 126//836 464//836
f 466//837 465//837 473//837
f 474//838 468//838 439//838
f 476//839 468//839 474//839
f 479//840 464//840 469//840
f 470//841 478//841 475//841
f 477//842 479//842 469//842
f 481//843 472//843 126//843
f 470//844 480//844 478//844
f 481//845 126//845 471//845
f 480//846 484//846 482//846
f 483//847 482//847 481//847
f 473//848 480//848 470//848
f 472//849 484//849 465//849
f 465//850 484//850 473//850
f 486//851 476//851 474//851
f 489//852 479//852 487//852
f 487//853 479//853 477//853
f 478//854 490//854 488//854
f 490//855 482//855 492//855
f 489//856 481//856 471//856
f 490//857 492//857 491//857
f 495//858 488//858 496//858
f 483//859 481//859 489//859
f 493//860 492//860 483//860
f 474//861 439//861 447//861
f 488//862 494//862 478//862
f 487//863 496//863 497//863
f 491//864 499//864 497//864
f 488//865 491//865 496//865
f 497//866 483//866 489//866
f 498//867 493//867 500//867
f 499//868 493//868 483//868
f 493//869 501//869 500//869
f 494//870 503//870 502//870
f 502//871 448//871 494//871
f 505//872 503//872 486//872
f 503//873 495//873 486//873
f 499//874 498//874 504//874
f 501//875 499//875 504//875
f 503//876 506//876 502//876
f 457//877 502//877 506//877
f 461//878 459//878 458//878
f 460//879 512//879 459//879
f 508//880 507//880 509//880
f 461//881 458//881 512//881
f 515//882 513//882 514//882
f 515//883 517//883 513//883
f 514//884 513//884 516//884
f 513//885 517//885 516//885
f 517//886 515//886 514//886
f 520//887 518//887 521//887
f 511//888 515//888 519//888
f 521//889 517//889 520//889
f 524//890 522//890 525//890
f 518//891 522//891 521//891
f 523//892 522//892 519//892
f 524//893 519//893 521//893
f 525//894 526//894 524//894
f 525//895 523//895 527//895
f 526//896 523//896 519//896
f 461//897 506//897 505//897
f 528//898 526//898 525//898
f 527//899 526//899 528//899
f 505//900 447//900 461//900
f 529//901 461//901 457//901
f 532//902 535//902 534//902
f 539//903 543//903 542//903
f 537//904 538//904 536//904
f 532//905 540//905 531//905
f 541//906 533//906 531//906
f 543//907 545//907 542//907
f 543//908 534//908 546//908
f 534//909 547//909 546//909
f 544//910 535//910 533//910
f 536//911 551//911 537//911
f 550//912 548//912 536//912
f 538//913 550//913 536//913
f 554//914 544//914 541//914
f 552//915 551//915 550//915
f 552//916 538//916 537//916
f 554//917 540//917 539//917
f 554//918 541//918 540//918
f 557//919 554//919 539//919
f 557//920 558//920 554//920
f 557//921 545//921 560//921
f 545//922 539//922 542//922
f 557//923 561//923 558//923
f 558//924 547//924 544//924
f 549//925 562//925 551//925
f 563//926 555//926 565//926
f 566//927 570//927 564//927
f 555//928 553//928 565//928
f 559//929 566//929 556//929
f 567//930 571//930 559//930
f 570//931 567//931 564//931
f 336//932 466//932 127//932
f 576//933 575//933 574//933
f 128//934 577//934 336//934
f 337//935 577//935 466//935
f 338//936 340//936 578//936
f 337//937 338//937 577//937
f 338//938 336//938 577//938
f 579//939 342//939 327//939
f 578//940 342//940 580//940
f 578//941 581//941 339//941
f 581//942 343//942 341//942
f 327//943 583//943 579//943
f 343//944 584//944 345//944
f 584//945 347//945 345//945
f 585//946 584//946 588//946
f 591//947 586//947 579//947
f 588//948 584//948 582//948
f 589//949 585//949 588//949
f 586//950 593//950 587//950
f 579//951 594//951 591//951
f 587//952 595//952 588//952
f 602//953 500//953 501//953
f 596//954 595//954 593//954
f 589//955 588//955 595//955
f 598//956 592//956 590//956
f 600//957 589//957 595//957
f 601//958 605//958 604//958
f 591//959 603//959 590//959
f 606//960 604//960 603//960
f 598//961 604//961 605//961
f 504//962 601//962 612//962
f 608//963 593//963 598//963
f 596//964 593//964 608//964
f 596//965 625//965 600//965
f 609//966 611//966 610//966
f 625//967 611//967 600//967
f 504//968 602//968 501//968
f 604//969 612//969 601//969
f 615//970 607//970 617//970
f 605//971 602//971 613//971
f 606//972 603//972 615//972
f 613//973 598//973 605//973
f 615//974 618//974 606//974
f 618//975 619//975 620//975
f 608//976 598//976 613//976
f 609//977 620//977 621//977
f 622//978 608//978 631//978
f 599//979 623//979 616//979
f 610//980 625//980 620//980
f 627//981 606//981 628//981
f 613//982 614//982 627//982
f 629//983 608//983 613//983
f 630//984 617//984 616//984
f 618//985 632//985 628//985
f 619//986 617//986 630//986
f 619//987 623//987 621//987
f 631//988 634//988 622//988
f 634//989 632//989 620//989
f 638//990 629//990 636//990
f 623//991 633//991 616//991
f 623//992 624//992 621//992
f 629//993 628//993 636//993
f 628//994 638//994 636//994
f 630//995 633//995 623//995
f 638//996 632//996 631//996
f 633//997 637//997 616//997
f 646//998 650//998 647//998
f 641//999 583//999 335//999
f 406//1000 346//1000 642//1000
f 408//1001 645//1001 643//1001
f 651//1002 411//1002 653//1002
f 414//1003 647//1003 662//1003
f 415//1004 651//1004 413//1004
f 652//1005 410//1005 414//1005
f 410//1006 654//1006 405//1006
f 589//1007 642//1007 585//1007
f 641//1008 655//1008 583//1008
f 657//1009 642//1009 656//1009
f 658//1010 648//1010 663//1010
f 657//1011 658//1011 644//1011
f 657//1012 644//1012 412//1012
f 658//1013 646//1013 644//1013
f 658//1014 649//1014 646//1014
f 649//1015 665//1015 650//1015
f 662//1016 650//1016 665//1016
f 663//1017 669//1017 665//1017
f 666//1018 414//1018 662//1018
f 667//1019 648//1019 664//1019
f 643//1020 672//1020 655//1020
f 653//1021 664//1021 651//1021
f 673//1022 671//1022 670//1022
f 675//1023 670//1023 672//1023
f 673//1024 657//1024 656//1024
f 675//1025 658//1025 673//1025
f 677//1026 675//1026 672//1026
f 661//1027 678//1027 659//1027
f 680//1028 668//1028 663//1028
f 680//1029 663//1029 648//1029
f 666//1030 665//1030 681//1030
f 682//1031 669//1031 668//1031
f 681//1032 669//1032 683//1032
f 681//1033 652//1033 666//1033
f 653//1034 682//1034 664//1034
f 416//1035 684//1035 686//1035
f 600//1036 671//1036 589//1036
f 684//1037 654//1037 652//1037
f 655//1038 688//1038 597//1038
f 672//1039 688//1039 655//1039
f 670//1040 690//1040 672//1040
f 674//1041 693//1041 676//1041
f 687//1042 695//1042 685//1042
f 693//1043 692//1043 676//1043
f 694//1044 682//1044 680//1044
f 609//1045 689//1045 611//1045
f 697//1046 691//1046 698//1046
f 689//1047 698//1047 670//1047
f 690//1048 697//1048 688//1048
f 697//1049 623//1049 597//1049
f 700//1050 703//1050 699//1050
f 624//1051 701//1051 697//1051
f 624//1052 698//1052 609//1052
f 653//1053 423//1053 709//1053
f 702//1054 635//1054 626//1054
f 702//1055 626//1055 635//1055
f 706//1056 705//1056 707//1056
f 423//1057 710//1057 709//1057
f 416//1058 709//1058 710//1058
f 709//1059 686//1059 653//1059
f 729//1060 727//1060 726//1060
f 640//1061 639//1061 720//1061
f 713//1062 723//1062 722//1062
f 713//1063 724//1063 723//1063
f 727//1064 725//1064 726//1064
f 729//1065 731//1065 728//1065
f 730//1066 716//1066 714//1066
f 716//1067 733//1067 714//1067
f 734//1068 733//1068 716//1068
f 734//1069 735//1069 733//1069
f 717//1070 731//1070 715//1070
f 737//1071 738//1071 739//1071
f 737//1072 713//1072 722//1072
f 723//1073 738//1073 722//1073
f 737//1074 724//1074 713//1074
f 725//1075 740//1075 723//1075
f 723//1076 740//1076 738//1076
f 739//1077 725//1077 724//1077
f 725//1078 743//1078 726//1078
f 741//1079 728//1079 747//1079
f 743//1080 729//1080 726//1080
f 748//1081 743//1081 745//1081
f 728//1082 751//1082 747//1082
f 730//1083 714//1083 750//1083
f 750//1084 733//1084 752//1084
f 748//1085 732//1085 729//1085
f 750//1086 734//1086 730//1086
f 731//1087 753//1087 751//1087
f 753//1088 719//1088 748//1088
f 735//1089 752//1089 733//1089
f 748//1090 719//1090 732//1090
f 752//1091 736//1091 734//1091
f 755//1092 756//1092 754//1092
f 738//1093 757//1093 739//1093
f 740//1094 756//1094 738//1094
f 739//1095 759//1095 742//1095
f 759//1096 745//1096 742//1096
f 762//1097 761//1097 758//1097
f 762//1098 758//1098 740//1098
f 760//1099 763//1099 759//1099
f 744//1100 764//1100 746//1100
f 765//1101 761//1101 744//1101
f 746//1102 767//1102 744//1102
f 764//1103 761//1103 762//1103
f 764//1104 749//1104 746//1104
f 749//1105 768//1105 767//1105
f 764//1106 769//1106 768//1106
f 747//1107 766//1107 769//1107
f 747//1108 769//1108 762//1108
f 772//1109 755//1109 754//1109
f 766//1110 751//1110 745//1110
f 756//1111 772//1111 754//1111
f 772//1112 758//1112 774//1112
f 757//1113 775//1113 759//1113
f 758//1114 776//1114 774//1114
f 763//1115 781//1115 766//1115
f 765//1116 744//1116 778//1116
f 744//1117 783//1117 778//1117
f 784//1118 769//1118 780//1118
f 780//1119 766//1119 786//1119
f 787//1120 781//1120 782//1120
f 787//1121 766//1121 785//1121
f 767//1122 788//1122 783//1122
f 783//1123 789//1123 784//1123
f 789//1124 768//1124 784//1124
f 770//1125 786//1125 766//1125
f 547//1126 793//1126 546//1126
f 771//1127 791//1127 788//1127
f 792//1128 791//1128 771//1128
f 774//1129 796//1129 795//1129
f 773//1130 772//1130 795//1130
f 775//1131 773//1131 795//1131
f 775//1132 797//1132 777//1132
f 779//1133 799//1133 798//1133
f 779//1134 778//1134 784//1134
f 797//1135 781//1135 777//1135
f 780//1136 803//1136 802//1136
f 802//1137 799//1137 780//1137
f 782//1138 803//1138 804//1138
f 786//1139 804//1139 803//1139
f 806//1140 791//1140 807//1140
f 804//1141 787//1141 782//1141
f 806//1142 789//1142 788//1142
f 806//1143 792//1143 789//1143
f 560//1144 793//1144 809//1144
f 561//1145 794//1145 547//1145
f 810//1146 796//1146 776//1146
f 811//1147 800//1147 796//1147
f 810//1148 799//1148 811//1148
f 800//1149 812//1149 797//1149
f 812//1150 803//1150 797//1150
f 802//1151 814//1151 799//1151
f 718//1152 640//1152 822//1152
f 805//1153 801//1153 813//1153
f 812//1154 799//1154 819//1154
f 814//1155 812//1155 819//1155
f 816//1156 821//1156 815//1156
f 816//1157 815//1157 821//1157
f 827//1158 833//1158 832//1158
f 826//1159 735//1159 721//1159
f 829//1160 828//1160 827//1160
f 830//1161 835//1161 828//1161
f 832//1162 829//1162 827//1162
f 833//1163 834//1163 832//1163
f 828//1164 835//1164 833//1164
f 830//1165 829//1165 834//1165
f 817//1166 842//1166 841//1166
f 837//1167 792//1167 808//1167
f 841//1168 818//1168 817//1168
f 846//1169 845//1169 820//1169
f 7//1170 9//1170 4//1170
f 6//1171 7//1171 16//1171
f 6//1172 14//1172 17//1172
f 16//1173 10//1173 19//1173
f 20//1174 22//1174 11//1174
f 21//1175 22//1175 24//1175
f 24//1176 26//1176 25//1176
f 29//1177 1//1177 27//1177
f 31//1178 32//1178 30//1178
f 33//1179 34//1179 31//1179
f 45//1180 37//1180 38//1180
f 45//1181 47//1181 39//1181
f 46//1182 38//1182 40//1182
f 47//1183 49//1183 40//1183
f 52//439 51//439 53//439
f 54//1184 44//1184 43//1184
f 55//1185 56//1185 49//1185
f 48//1186 50//1186 56//1186
f 13//1187 16//1187 15//1187
f 18//1188 71//1188 61//1188
f 24//1189 63//1189 66//1189
f 26//1190 66//1190 68//1190
f 30//1191 60//1191 59//1191
f 64//1192 67//1192 76//1192
f 75//1193 77//1193 68//1193
f 30//1194 32//1194 78//1194
f 78//1195 84//1195 86//1195
f 79//1196 69//1196 80//1196
f 86//1197 87//1197 72//1197
f 91//1198 93//1198 83//1198
f 33//1199 95//1199 96//1199
f 99//1200 86//1200 84//1200
f 102//1201 103//1201 91//1201
f 90//1202 92//1202 104//1202
f 105//1203 44//1203 96//1203
f 89//1204 102//1204 109//1204
f 105//1205 112//1205 53//1205
f 113//1206 114//1206 99//1206
f 98//1207 107//1207 115//1207
f 58//1208 53//1208 112//1208
f 122//1209 113//1209 54//1209
f 123//1210 112//1210 115//1210
f 119//1211 127//1211 116//1211
f 131//1212 132//1212 136//1212
f 147//1213 149//1213 148//1213
f 152//1214 140//1214 143//1214
f 155//1215 160//1215 143//1215
f 156//1216 142//1216 144//1216
f 164//1217 166//1217 153//1217
f 168//1218 156//1218 161//1218
f 169//1219 145//1219 158//1219
f 165//1220 164//1220 171//1220
f 173//1221 154//1221 166//1221
f 155//1222 157//1222 175//1222
f 175//1223 157//1223 154//1223
f 167//1224 152//1224 159//1224
f 159//1225 160//1225 174//1225
f 171//1226 170//1226 183//1226
f 176//1227 186//1227 185//1227
f 187//1228 174//1228 177//1228
f 198//1229 189//1229 177//1229
f 186//1230 176//1230 179//1230
f 191//1231 179//1231 174//1231
f 181//1232 182//1232 195//1232
f 181//1233 194//1233 196//1233
f 200//1234 206//1234 205//1234
f 196//1235 205//1235 206//1235
f 201//1236 210//1236 212//1236
f 208//1237 205//1237 5//1237
f 204//1238 205//1238 208//1238
f 216//1239 217//1239 214//1239
f 220//1240 224//1240 223//1240
f 228//1241 231//1241 221//1241
f 180//1242 229//1242 239//1242
f 186//1243 199//1243 245//1243
f 199//1244 239//1244 246//1244
f 246//1245 229//1245 232//1245
f 248//1246 251//1246 242//1246
f 249//1247 251//1247 253//1247
f 247//1248 250//1248 258//1248
f 252//1249 260//1249 259//1249
f 258//1250 264//1250 263//1250
f 264//1251 259//1251 261//1251
f 268//1252 261//1252 260//1252
f 266//1253 270//1253 269//1253
f 209//1254 272//1254 67//1254
f 209//1255 208//1255 275//1255
f 277//1256 212//1256 214//1256
f 272//1257 274//1257 276//1257
f 277//1258 283//1258 284//1258
f 277//1259 278//1259 285//1259
f 278//1260 217//1260 288//1260
f 288//1261 217//1261 280//1261
f 287//1262 289//1262 280//1262
f 283//1263 294//1263 279//1263
f 83//1264 93//1264 296//1264
f 77//1265 296//1265 298//1265
f 301//1266 293//1266 286//1266
f 301//1267 303//1267 287//1267
f 286//1268 295//1268 304//1268
f 303//1269 305//1269 289//1269
f 298//1270 296//1270 306//1270
f 300//1271 306//1271 297//1271
f 302//1272 308//1272 309//1272
f 307//1273 308//1273 311//1273
f 302//1274 304//1274 311//1274
f 104//1275 290//1275 312//1275
f 313//1276 94//1276 103//1276
f 315//1277 306//1277 296//1277
f 321//1278 309//1278 308//1278
f 309//1279 321//1279 323//1279
f 326//1280 317//1280 329//1280
f 327//1281 328//1281 331//1281
f 329//1282 332//1282 331//1282
f 319//1283 333//1283 330//1283
f 318//1284 331//1284 332//1284
f 312//1285 314//1285 337//1285
f 324//1286 336//1286 338//1286
f 339//1287 341//1287 317//1287
f 340//1288 326//1288 328//1288
f 329//1289 341//1289 343//1289
f 343//1290 345//1290 334//1290
f 334//1291 345//1291 347//1291
f 348//1292 349//1292 280//1292
f 207//1293 280//1293 349//1293
f 263//1294 350//1294 348//1294
f 353//1295 354//1295 266//1295
f 355//1296 268//1296 269//1296
f 354//1297 357//1297 270//1297
f 267//1298 271//1298 358//1298
f 268//1299 355//1299 358//1299
f 351//1300 362//1300 363//1300
f 262//1301 361//1301 363//1301
f 352//1302 355//1302 365//1302
f 364//1303 362//1303 365//1303
f 365//1304 355//1304 356//1304
f 367//1305 366//1305 368//1305
f 356//1306 270//1306 357//1306
f 289//1307 360//1307 369//1307
f 350//1308 351//1308 370//1308
f 370//1309 351//1309 361//1309
f 375//1310 371//1310 361//1310
f 295//1311 369//1311 374//1311
f 289//1312 305//1312 374//1312
f 375//1313 369//1313 370//1313
f 376//1314 370//1314 372//1314
f 377//1315 379//1315 372//1315
f 304//1316 374//1316 382//1316
f 310//1317 382//1317 385//1317
f 390//1318 391//1318 394//1318
f 391//1319 380//1319 381//1319
f 310//1320 384//1320 396//1320
f 397//1321 386//1321 385//1321
f 384//1322 386//1322 399//1322
f 391//1323 403//1323 400//1323
f 394//1324 381//1324 405//1324
f 406//1325 407//1325 397//1325
f 396//1326 398//1326 408//1326
f 401//1327 409//1327 408//1327
f 403//1328 393//1328 411//1328
f 323//1329 347//1329 346//1329
f 407//1330 412//1330 414//1330
f 419//1331 417//1331 394//1331
f 418//1332 423//1332 411//1332
f 427//1333 429//1333 428//1333
f 430//1334 431//1334 433//1334
f 433//1335 431//1335 444//1335
f 445//1336 441//1336 440//1336
f 449//1337 451//1337 454//1337
f 454//1338 455//1338 452//1338
f 455//1339 456//1339 447//1339
f 457//1340 460//1340 459//1340
f 456//1341 459//1341 461//1341
f 121//1342 462//1342 463//1342
f 464//1343 126//1343 117//1343
f 116//1344 470//1344 125//1344
f 466//1345 128//1345 110//1345
f 462//1346 467//1346 468//1346
f 467//1347 123//1347 475//1347
f 476//1348 463//1348 468//1348
f 479//1349 471//1349 464//1349
f 481//1350 482//1350 472//1350
f 480//1351 473//1351 484//1351
f 472//1352 482//1352 484//1352
f 486//1353 477//1353 476//1353
f 489//1354 471//1354 479//1354
f 478//1355 480//1355 490//1355
f 490//1356 480//1356 482//1356
f 495//1357 494//1357 488//1357
f 487//1358 495//1358 496//1358
f 491//1359 498//1359 499//1359
f 497//1360 499//1360 483//1360
f 498//1361 492//1361 493//1361
f 499//1362 501//1362 493//1362
f 494//1363 495//1363 503//1363
f 505//1364 506//1364 503//1364
f 457//1365 448//1365 502//1365
f 511//1366 518//1366 515//1366
f 515//1367 518//1367 517//1367
f 517//1368 519//1368 515//1368
f 520//1369 517//1369 518//1369
f 521//1370 519//1370 517//1370
f 524//1371 521//1371 522//1371
f 524//1372 526//1372 519//1372
f 525//1373 522//1373 523//1373
f 526//1374 527//1374 523//1374
f 461//1375 529//1375 506//1375
f 532//902 533//902 535//902
f 539//1376 540//1376 543//1376
f 532//1377 543//1377 540//1377
f 541//1378 544//1378 533//1378
f 543//1379 546//1379 545//1379
f 543//1380 532//1380 534//1380
f 534//1381 535//1381 547//1381
f 544//1382 547//1382 535//1382
f 536//1383 549//1383 551//1383
f 538//1384 552//1384 550//1384
f 554//1385 558//1385 544//1385
f 557//1386 539//1386 545//1386
f 557//1387 560//1387 561//1387
f 558//1388 561//1388 547//1388
f 549//1389 548//1389 562//1389
f 4//1390 8//1390 7//1390
f 563//1391 553//1391 555//1391
f 566//1392 571//1392 570//1392
f 567//1393 570//1393 571//1393
f 336//1394 337//1394 466//1394
f 128//1395 466//1395 577//1395
f 338//1396 325//1396 340//1396
f 579//1397 580//1397 342//1397
f 578//1398 340//1398 342//1398
f 578//1399 580//1399 581//1399
f 581//1400 582//1400 343//1400
f 327//1401 333//1401 583//1401
f 343//1402 582//1402 584//1402
f 584//1403 585//1403 347//1403
f 591//1404 592//1404 586//1404
f 586//1405 592//1405 593//1405
f 579//1406 583//1406 594//1406
f 587//1407 593//1407 595//1407
f 602//1408 601//1408 500//1408
f 601//1409 602//1409 605//1409
f 591//1410 607//1410 603//1410
f 504//1411 500//1411 601//1411
f 504//1412 613//1412 602//1412
f 604//1413 614//1413 612//1413
f 615//1414 603//1414 607//1414
f 615//1415 617//1415 618//1415
f 618//1416 617//1416 619//1416
f 609//1417 610//1417 620//1417
f 622//1418 625//1418 608//1418
f 599//1419 597//1419 623//1419
f 610//1420 611//1420 625//1420
f 627//1421 614//1421 606//1421
f 629//1422 631//1422 608//1422
f 618//1423 620//1423 632//1423
f 619//1424 630//1424 623//1424
f 631//1425 632//1425 634//1425
f 638//1426 631//1426 629//1426
f 630//1427 637//1427 633//1427
f 646//1428 649//1428 650//1428
f 651//1429 415//1429 411//1429
f 410//1430 652//1430 654//1430
f 589//1431 656//1431 642//1431
f 657//1432 412//1432 642//1432
f 658//1433 660//1433 648//1433
f 658//1434 663//1434 649//1434
f 649//1435 663//1435 665//1435
f 662//1436 647//1436 650//1436
f 663//1437 668//1437 669//1437
f 643//1438 677//1438 672//1438
f 675//1439 677//1439 658//1439
f 661//1440 679//1440 678//1440
f 680//1441 682//1441 668//1441
f 682//1442 683//1442 669//1442
f 681//1443 665//1443 669//1443
f 681//1444 684//1444 652//1444
f 653//1445 686//1445 682//1445
f 416//1446 654//1446 684//1446
f 600//1447 689//1447 671//1447
f 672//1448 690//1448 688//1448
f 670//1449 691//1449 690//1449
f 674//1450 692//1450 693//1450
f 687//1451 696//1451 695//1451
f 609//1452 698//1452 689//1452
f 697//1453 690//1453 691//1453
f 697//1454 701//1454 623//1454
f 700//1455 704//1455 703//1455
f 653//1456 411//1456 423//1456
f 423//1457 419//1457 710//1457
f 416//1458 686//1458 709//1458
f 729//1459 728//1459 727//1459
f 729//1065 732//1065 731//1065
f 730//1460 734//1460 716//1460
f 734//1069 736//1069 735//1069
f 737//1461 722//1461 738//1461
f 737//1462 739//1462 724//1462
f 725//1463 741//1463 740//1463
f 739//1464 742//1464 725//1464
f 725//1465 742//1465 743//1465
f 741//1466 727//1466 728//1466
f 743//1467 748//1467 729//1467
f 728//1468 731//1468 751//1468
f 750//1469 714//1469 733//1469
f 750//1470 752//1470 734//1470
f 731//1471 717//1471 753//1471
f 753//1472 717//1472 719//1472
f 735//1473 826//1473 752//1473
f 752//1474 826//1474 736//1474
f 755//1475 757//1475 756//1475
f 738//1093 756//1093 757//1093
f 740//1476 758//1476 756//1476
f 739//1477 757//1477 759//1477
f 759//1478 763//1478 745//1478
f 760//1479 777//1479 763//1479
f 744//1480 761//1480 764//1480
f 746//1481 749//1481 767//1481
f 764//1482 768//1482 749//1482
f 764//1483 762//1483 769//1483
f 747//1484 751//1484 766//1484
f 772//1485 773//1485 755//1485
f 772//1486 756//1486 758//1486
f 757//1487 773//1487 775//1487
f 758//1488 761//1488 776//1488
f 763//1489 777//1489 781//1489
f 744//1490 767//1490 783//1490
f 784//1491 768//1491 769//1491
f 780//1492 769//1492 766//1492
f 787//1493 785//1493 781//1493
f 787//1494 770//1494 766//1494
f 767//1495 771//1495 788//1495
f 783//1496 788//1496 789//1496
f 789//1497 771//1497 768//1497
f 770//1498 790//1498 786//1498
f 547//1499 794//1499 793//1499
f 774//1500 776//1500 796//1500
f 775//1501 795//1501 797//1501
f 779//1502 780//1502 799//1502
f 779//1503 798//1503 778//1503
f 780//1504 786//1504 803//1504
f 782//1505 797//1505 803//1505
f 786//1506 787//1506 804//1506
f 806//1507 788//1507 791//1507
f 806//1508 808//1508 792//1508
f 560//1509 546//1509 793//1509
f 561//1510 809//1510 794//1510
f 810//1511 811//1511 796//1511
f 811//1512 799//1512 800//1512
f 800//1513 799//1513 812//1513
f 812//1514 814//1514 803//1514
f 718//1515 639//1515 640//1515
f 827//1516 828//1516 833//1516
f 830//1517 836//1517 835//1517
f 817//1518 818//1518 842//1518
l 708 825
