# Blender 5.2.0 LTS
# www.blender.org
o Coral_Antler_A_tmp
v 0.028291 -0.037421 0.091782
v 0.022157 -0.038177 0.083759
v 0.068634 -0.036394 0.175368
v 0.072254 -0.052369 0.179370
v 0.017249 -0.032402 0.080549
v 0.150517 0.067785 0.219499
v 0.067361 -0.030536 0.142231
v 0.068618 -0.055479 0.167489
v 0.063981 -0.058462 0.174720
v 0.109268 0.046899 0.198497
v 0.110421 0.049324 0.205854
v 0.144950 0.085030 0.207067
v -0.021802 -0.022204 0.083301
v -0.033996 -0.034092 0.083058
v -0.020918 -0.032387 0.074373
v 0.112856 0.009094 0.210969
v -0.031140 -0.044578 0.108297
v 0.068185 -0.033462 0.161558
v 0.061033 -0.036354 0.163301
v 0.096094 -0.065980 0.221113
v 0.101048 -0.060666 0.222870
v 0.082161 -0.052779 0.202330
v 0.086998 -0.058536 0.213245
v -0.013114 -0.006295 0.081801
v -0.007774 0.003540 0.088002
v -0.017431 -0.000715 0.089283
v -0.022552 -0.007484 0.098174
v -0.019404 0.006535 0.102205
v -0.027565 0.003748 0.103910
v 0.004620 -0.036701 0.073825
v -0.008549 -0.023331 0.080099
v -0.009321 -0.037052 0.083022
v 0.063140 -0.042578 0.101254
v 0.054478 -0.036369 0.094195
v 0.054619 -0.033790 0.106405
v 0.010426 -0.040501 0.101976
v 0.006368 -0.056367 0.100927
v 0.022066 -0.038961 0.102237
v -0.049283 -0.026413 0.095577
v -0.061746 -0.012520 0.102614
v -0.051294 -0.014589 0.096987
v -0.066638 -0.011409 0.113788
v -0.056457 -0.010133 0.115006
v -0.121144 -0.028978 0.139315
v -0.044453 -0.017659 0.107502
v -0.055387 -0.019120 0.105332
v -0.047487 -0.027035 0.105200
v -0.077782 0.001184 0.113191
v -0.074205 0.001690 0.122653
v -0.048270 -0.008818 0.107599
v -0.060765 -0.001454 0.110433
v -0.063098 0.001640 0.119122
v -0.067532 -0.005577 0.108773
v -0.138981 -0.035294 0.147032
v -0.142463 -0.042830 0.149886
v -0.132117 -0.030414 0.151670
v -0.142528 -0.023849 0.157909
v -0.037600 -0.034005 0.103584
v -0.035492 -0.039096 0.099573
v -0.108561 -0.024922 0.136936
v -0.122053 -0.037946 0.143559
v -0.042741 -0.046295 0.121444
v -0.124549 -0.023486 0.147211
v -0.102105 -0.032682 0.140980
v -0.099578 -0.029580 0.139640
v -0.100091 -0.027334 0.137804
v -0.110720 -0.032786 0.147532
v -0.159038 -0.024409 0.169247
v -0.098664 -0.029183 0.140185
v -0.120616 -0.024911 0.154363
v -0.135003 -0.030770 0.160481
v -0.037673 -0.048705 0.109766
v -0.130625 -0.039670 0.151787
v -0.120650 -0.032604 0.154312
v -0.054231 -0.036038 0.186282
v -0.143866 -0.036708 0.156630
v -0.155683 -0.046526 0.160087
v -0.165876 -0.047608 0.163621
v -0.162951 -0.047132 0.165501
v -0.164781 -0.042345 0.158712
v -0.165322 -0.048350 0.163722
v -0.163004 -0.046119 0.165434
v -0.167310 -0.042028 0.168768
v -0.170611 -0.047020 0.161510
v -0.163711 -0.042850 0.165348
v -0.167715 -0.048714 0.164547
v -0.166218 -0.042249 0.168287
v -0.165996 -0.048662 0.170587
v -0.163960 -0.046373 0.165405
v -0.133289 -0.020517 0.158325
v 0.007246 -0.005825 0.059042
v -0.148548 -0.025562 0.172106
v -0.165018 -0.024340 0.184083
v -0.171612 -0.022554 0.188512
v -0.166135 -0.022324 0.183645
v -0.164344 -0.022172 0.183368
v -0.164603 -0.021495 0.181169
v -0.163662 -0.022343 0.183121
v -0.033021 0.007051 0.117027
v -0.045338 0.007873 0.132144
v -0.053980 0.007903 0.147008
v -0.054291 0.018979 0.144776
v 0.121096 0.021252 0.200093
v 0.108423 0.022021 0.197082
v 0.063082 0.005821 0.128183
v 0.135910 0.072668 0.205584
v 0.054953 0.014422 0.127618
v 0.059316 0.000761 0.116173
v 0.130818 0.066215 0.212583
v -0.059167 -0.031804 0.199279
v 0.076691 0.024500 0.161845
v -0.065459 -0.031897 0.194417
v -0.055711 -0.040137 0.205195
v 0.139821 0.076812 0.217776
v 0.138621 0.088589 0.215317
v 0.126878 0.074762 0.215516
v 0.112704 0.063655 0.200144
v 0.027641 -0.034636 0.069024
v 0.117517 0.057996 0.210996
v 0.022993 -0.051189 0.084643
v 0.119828 0.055180 0.200917
v 0.063278 0.003496 0.142014
v 0.105738 0.057883 0.205382
v 0.124821 0.075227 0.205370
v 0.116258 0.067652 0.210508
v 0.104866 0.035809 0.194470
v 0.094465 0.038608 0.183227
v 0.031624 -0.020705 0.069144
v 0.124187 0.031389 0.204451
v 0.149244 0.022665 0.223280
v 0.035418 0.009191 0.058886
v 0.019561 0.012882 0.054892
v 0.022413 0.014327 0.071391
v 0.031554 0.006640 0.076335
v -0.025326 -0.007592 0.112625
v 0.019792 0.010444 0.087883
v 0.013346 0.015451 0.076655
v 0.070036 -0.043595 0.149693
v 0.083604 -0.037615 0.157089
v 0.066080 -0.045427 0.136240
v 0.072089 -0.041580 0.156231
v 0.069158 -0.028143 0.126164
v 0.066007 -0.033761 0.150431
v 0.071656 -0.032308 0.078346
v 0.060421 -0.041256 0.089423
v 0.063324 -0.026785 0.114051
v 0.073253 -0.028291 0.093873
v 0.070083 -0.040935 0.130939
v 0.057079 -0.035724 0.121922
v 0.056587 -0.042017 0.130961
v 0.044838 -0.034785 0.060540
v 0.033390 -0.037820 0.058579
v 0.042722 -0.037581 0.038821
v 0.031744 -0.041845 0.046474
v 0.033635 -0.033931 0.028362
v 0.030246 -0.031122 0.045723
v -0.002683 -0.029455 0.063067
v 0.015040 -0.021982 0.044874
v 0.017980 -0.020649 0.031233
v 0.016735 -0.002016 0.035827
v 0.003575 -0.012725 0.045833
v 0.008132 -0.033132 0.046296
v 0.007838 -0.038053 0.057179
v 0.010240 -0.028857 0.070417
v 0.020915 -0.032764 0.026825
v 0.018776 -0.037165 0.040664
v 0.052876 -0.037187 0.034910
v -0.003162 -0.000332 0.076140
v 0.047929 -0.036200 0.048440
v 0.070345 -0.035041 0.027243
v 0.042679 -0.034982 0.026997
v 0.022312 -0.032845 0.061266
v 0.080367 -0.031256 0.008872
v 0.044349 0.010253 0.042124
v 0.041953 0.004094 0.052681
v 0.032150 0.017955 0.034169
v 0.031783 0.007850 0.025918
v -0.014124 0.003721 0.120257
v -0.023994 -0.005126 0.124212
v -0.030883 -0.001677 0.136043
v -0.005473 0.022063 0.121754
v 0.001350 0.004789 0.101205
v 0.007399 0.023736 0.110373
v 0.027563 -0.021957 0.087548
v 0.016354 0.002992 0.091214
v 0.010425 0.014850 0.107073
v 0.024086 -0.061746 0.156372
v 0.044401 -0.037014 0.071182
v 0.036387 -0.028959 0.085837
v 0.055353 -0.032155 0.146887
v 0.058453 -0.043739 0.159324
v 0.059331 -0.029595 0.135453
v 0.100126 0.055821 0.195326
v 0.081008 -0.041236 0.171415
v 0.059767 0.002398 0.055783
v 0.073371 0.000602 0.049555
v -0.053593 0.014248 0.163598
v -0.045175 0.013917 0.156210
v -0.035790 0.001028 0.140053
v -0.039820 0.005572 0.148212
v -0.035570 0.015470 0.143728
v 0.023150 -0.009745 0.065857
v 0.004460 -0.002791 0.088391
v -0.010480 -0.014343 0.099171
v -0.019711 0.010443 0.113085
v 0.021945 -0.015118 0.090205
v 0.009329 -0.018939 0.104331
v -0.009077 -0.014439 0.104994
v 0.098829 0.028353 0.186686
v 0.020875 -0.026530 0.101006
v 0.014387 -0.037848 0.115000
v 0.006763 -0.036079 0.122818
v 0.079237 0.023004 0.183751
v 0.016448 -0.022632 0.061503
v -0.005314 -0.037584 0.067768
v -0.016721 -0.026452 0.073070
v 0.083138 0.023988 0.171813
v 0.075167 0.014746 0.164649
v 0.001745 -0.019697 0.067769
v -0.003487 -0.012742 0.069625
v -0.027756 0.008234 0.109935
v -0.041428 0.016171 0.133834
v 0.035910 -0.008009 0.067361
v 0.061531 0.010515 0.043208
v 0.064666 0.014925 0.029672
v 0.062066 0.011015 0.014467
v -0.051982 0.024313 0.159368
v -0.076054 0.024055 0.161553
v -0.066281 0.029908 0.162318
v -0.027546 -0.000079 0.106184
v -0.025244 0.004317 0.106113
v 0.004649 0.005482 0.077395
v 0.020118 -0.001617 0.020934
v 0.032011 0.015852 0.046243
v 0.021457 0.008125 0.045472
v 0.066569 -0.044460 0.117726
v 0.015159 0.009721 0.065496
v 0.046183 0.013619 0.029715
v -0.017027 0.029382 0.129817
v 0.013538 0.017236 0.092113
v -0.016224 0.042433 0.138942
v -0.008805 0.044699 0.125318
v -0.019032 0.029182 0.113454
v -0.011156 0.019714 0.098611
v 0.018023 -0.004118 0.058996
v -0.005036 0.016674 0.087118
v 0.002582 0.028010 0.098411
v -0.008001 0.034791 0.101418
v -0.016172 0.049723 0.120537
v -0.028077 0.038729 0.127504
v -0.036278 0.053958 0.137183
v -0.032193 0.064377 0.136551
v -0.003178 0.038535 0.113833
v 0.009550 0.022143 0.090299
v -0.021098 0.058259 0.140138
v 0.055784 -0.006176 0.066645
v 0.059922 -0.016932 0.059905
v 0.044816 -0.022241 0.066348
v 0.065002 -0.024575 0.063653
v 0.044295 -0.016930 0.087056
v 0.050777 -0.029021 0.078369
v 0.038766 -0.007849 0.090457
v 0.041075 0.001929 0.117878
v 0.045324 -0.010198 0.110124
v 0.054086 -0.009526 0.089518
v 0.053172 -0.004385 0.126338
v 0.055884 -0.001060 0.101669
v 0.048314 0.005447 0.139706
v 0.056165 0.009678 0.156439
v 0.044303 -0.000991 0.074726
v 0.044714 0.007079 0.108890
v 0.061425 -0.021567 0.087121
v 0.073172 -0.026648 0.110364
v 0.054044 -0.042535 0.149302
v -0.034279 -0.013858 0.143744
v 0.062326 -0.039038 0.053143
v 0.071104 -0.040450 0.099567
v 0.074155 -0.038660 0.114810
v 0.058466 -0.036651 0.074898
v 0.072110 -0.048612 0.166321
v 0.057918 -0.035606 0.059981
v 0.063538 -0.015796 0.044639
v 0.066387 -0.037439 0.040714
v 0.082864 -0.032088 0.034261
v 0.070487 -0.026763 0.041129
v 0.086704 -0.017498 0.046738
v 0.085609 0.002024 0.043677
v 0.048585 0.008203 0.018364
v 0.078243 0.015219 0.021600
v 0.047267 0.010942 0.009900
v 0.054445 0.010283 0.001055
v 0.087176 0.007760 -0.002925
v 0.070122 0.008194 -0.000105
v 0.040118 0.004906 0.002828
v 0.054886 -0.003882 -0.001741
v 0.080412 -0.007517 -0.010843
v 0.064064 -0.028461 0.002650
v 0.033937 -0.054449 0.179703
v 0.030932 -0.065312 0.168591
v 0.056822 -0.039211 0.017718
v 0.026504 -0.047726 0.166084
v 0.028168 -0.065920 0.178696
v 0.022812 -0.042722 0.156387
v 0.058949 -0.012694 0.005195
v 0.007360 -0.045760 0.142031
v 0.032501 -0.026560 0.019855
v 0.045156 -0.023789 0.015960
v 0.053628 -0.025269 0.003844
v 0.050186 -0.035183 0.015923
v 0.040073 -0.009299 -0.004313
v 0.027028 -0.006634 0.010502
v 0.016615 -0.009463 0.019044
v 0.033861 -0.018040 0.013970
v 0.069671 -0.033762 0.017472
v -0.178273 -0.025951 0.187424
v 0.026514 -0.054698 0.174057
v 0.043015 -0.072272 0.187074
v 0.033078 -0.057442 0.164394
v 0.018695 -0.055957 0.149825
v 0.051087 -0.075999 0.300274
v 0.164388 0.093959 0.213897
v 0.037418 -0.070206 0.181643
v 0.145713 0.010742 0.224122
v 0.137807 0.013000 0.219419
v 0.132012 0.019808 0.206483
v 0.113299 -0.036758 0.212491
v -0.042776 -0.020224 0.156385
v -0.057911 0.087712 0.158023
v 0.085037 0.041318 0.184709
v -0.020549 0.073409 0.150616
v 0.061846 0.053581 0.190555
v -0.038037 -0.064777 0.178488
v 0.068720 0.017271 0.172816
v 0.063222 -0.043447 0.170590
v -0.028822 0.051134 0.144587
v 0.014450 -0.037346 0.146443
v -0.080852 -0.039541 0.120950
v -0.086600 0.001363 0.161055
v -0.070167 -0.033882 0.104966
v -0.042387 -0.036514 0.091085
v -0.104821 0.002624 0.130148
v -0.071423 -0.008615 0.138491
v -0.095445 0.006189 0.120363
v 0.033691 -0.121352 0.270107
v -0.090320 0.091086 0.207576
v -0.166321 -0.013459 0.189285
v -0.140960 0.067364 0.200508
v 0.050112 -0.073358 0.299552
v -0.163020 0.066717 0.223501
v -0.160079 -0.043264 0.349476
v -0.172998 -0.048049 0.161972
v -0.085166 0.001705 0.160205
v -0.120662 -0.077685 0.255201
v -0.178978 -0.025694 0.188091
v -0.177611 -0.028409 0.190394
v -0.177690 -0.027178 0.189864
v 0.102578 -0.059379 0.232936
v -0.134115 -0.045248 0.330159
v -0.150990 0.077101 0.207608
v -0.070454 0.071804 0.210177
v -0.190278 0.003204 0.207329
v -0.178405 -0.051097 0.178571
v -0.174349 -0.020629 0.186824
v -0.173914 -0.047124 0.163937
v -0.171767 -0.042660 0.169709
v -0.164675 -0.040029 0.162267
v -0.083099 -0.009864 0.150639
v 0.053239 -0.070243 0.276006
v -0.177089 -0.033022 0.196061
v -0.177796 -0.033019 0.196932
v -0.128224 -0.084723 0.273679
v -0.178873 -0.055952 0.182253
v -0.100628 0.097547 0.222315
v -0.136817 -0.041842 0.326137
v -0.195832 0.011787 0.215965
v -0.121050 -0.077974 0.256098
v -0.045506 -0.081603 0.218331
v -0.103319 0.097491 0.220812
v -0.151283 0.078008 0.208204
v -0.172910 -0.020707 0.187439
v -0.177495 -0.024971 0.185680
v -0.172081 -0.021744 0.187791
v -0.174478 -0.022971 0.185978
v -0.175185 -0.020305 0.186054
v -0.180822 -0.024499 0.189704
v -0.172846 -0.020974 0.189347
v -0.178225 -0.022991 0.189199
v -0.178297 -0.024720 0.188183
v -0.149600 -0.043504 0.344544
v -0.159561 -0.043371 0.349557
v -0.088056 -0.140861 0.330333
v -0.152745 -0.045485 0.348612
v -0.152808 -0.046146 0.344470
v -0.100575 -0.149111 0.347989
v -0.152684 -0.045668 0.347214
v -0.083041 -0.068648 0.371332
v -0.084998 -0.148637 0.329517
v -0.093836 -0.069173 0.357081
v -0.093134 -0.058965 0.356427
v -0.138923 -0.047833 0.336361
v -0.143547 -0.045268 0.333880
v -0.143883 -0.043529 0.337559
v -0.139480 -0.042650 0.325517
v -0.136924 -0.042685 0.325925
v -0.080705 -0.141912 0.318926
v -0.089216 -0.057829 0.335102
v -0.123706 -0.047165 0.324019
v -0.131668 -0.050605 0.322997
v -0.074281 -0.136321 0.319775
v -0.080295 -0.138231 0.318133
v -0.074599 -0.140961 0.312789
v -0.073684 -0.142202 0.318510
v -0.064109 -0.124329 0.298791
v -0.088004 -0.059324 0.326331
v -0.089016 -0.055635 0.334056
v -0.090638 -0.055230 0.332851
v -0.095399 -0.053416 0.328644
v -0.100689 -0.055869 0.305796
v -0.089157 -0.056360 0.332820
v -0.097782 -0.064818 0.333735
v 0.006979 -0.146046 0.282195
v -0.001211 -0.145287 0.277335
v 0.177668 0.117811 0.224616
v 0.178718 0.114623 0.214047
v -0.088264 -0.057333 0.314832
v -0.088622 -0.056954 0.314374
v -0.085933 -0.058223 0.314985
v -0.000483 -0.131962 0.272304
v -0.144115 -0.081106 0.273433
v -0.091610 -0.048891 0.295866
v -0.135603 -0.085359 0.276978
v -0.090315 -0.059268 0.309598
v -0.163785 -0.027488 0.261137
v 0.031284 -0.119179 0.278739
v -0.163224 -0.035007 0.267048
v -0.128963 -0.084697 0.273332
v 0.033127 -0.117431 0.273419
v 0.032955 -0.120448 0.269374
v -0.128680 -0.083462 0.272875
v -0.129041 -0.083737 0.273709
v -0.058297 -0.114302 0.271781
v -0.170501 0.071513 0.227829
v -0.087248 -0.049858 0.302852
v -0.120742 -0.080286 0.266958
v 0.183143 0.008052 0.256114
v -0.059919 -0.133058 0.301573
v -0.001136 -0.131975 0.258712
v 0.149704 -0.020661 0.273798
v 0.184509 0.002235 0.249570
v 0.157686 -0.021958 0.268562
v 0.020858 -0.102600 0.255789
v -0.025099 -0.011525 0.130306
v 0.048807 -0.071336 0.293786
v 0.048709 -0.074116 0.301460
v 0.024107 -0.116463 0.268250
v -0.128970 -0.083652 0.267000
v 0.155093 0.089753 0.221462
v 0.133985 -0.022367 0.244915
v -0.080729 -0.047498 0.290397
v -0.011853 -0.127148 0.261557
v -0.158164 0.069474 0.217494
v -0.122093 -0.067176 0.263124
v 0.050441 -0.073313 0.277788
v 0.058276 -0.101282 0.282267
v -0.010562 -0.126173 0.252541
v -0.006296 -0.120144 0.257852
v 0.137340 -0.033363 0.248504
v -0.120650 -0.076682 0.256067
v -0.162776 0.067234 0.223152
v 0.115423 -0.076213 0.262249
v -0.121520 -0.076451 0.256237
v -0.089910 -0.054181 0.223149
v 0.061000 -0.096392 0.254111
v -0.157390 0.083632 0.210494
v -0.072866 -0.040736 0.266034
v -0.118225 -0.074667 0.264303
v -0.121147 -0.076234 0.255095
v -0.104610 0.107513 0.225774
v 0.050489 -0.067622 0.276018
v -0.046201 -0.099602 0.249236
v 0.014555 -0.099556 0.259576
v 0.003054 -0.098333 0.251064
v -0.146732 0.059954 0.208791
v -0.152209 0.077279 0.207998
v -0.154715 0.067303 0.219146
v -0.152784 0.079489 0.206381
v -0.126257 -0.031179 0.254938
v 0.052380 -0.070141 0.275276
v -0.015374 -0.109181 0.251499
v -0.022015 0.143236 0.200730
v -0.054581 -0.094030 0.237726
v -0.153228 0.079608 0.206715
v -0.020727 0.147789 0.211780
v -0.108495 -0.057051 0.247886
v -0.157288 0.066461 0.214739
v 0.044121 -0.076199 0.251469
v -0.150200 0.073688 0.202211
v -0.174417 -0.050117 0.165057
v -0.102914 0.097042 0.219692
v -0.101276 0.097176 0.220471
v 0.102426 -0.072757 0.242602
v -0.174326 -0.046154 0.160242
v 0.042287 -0.074433 0.251557
v -0.100499 0.097847 0.221347
v 0.156858 0.013523 0.226336
v -0.018099 -0.118456 0.250199
v -0.147952 0.069089 0.202830
v -0.146069 0.071773 0.200598
v -0.146330 0.070362 0.200343
v -0.143570 0.060955 0.208920
v -0.147010 0.070316 0.200428
v -0.073813 0.101455 0.227436
v -0.110256 -0.027411 0.248332
v -0.051198 -0.108588 0.273679
v 0.051273 -0.070473 0.268576
v -0.094175 0.092515 0.217149
v -0.100700 0.099504 0.215569
v -0.096512 0.087784 0.211619
v -0.068422 -0.049531 0.256592
v 0.060184 -0.093327 0.245944
v 0.145577 0.016967 0.216786
v -0.091866 0.133029 0.170493
v -0.048315 -0.084858 0.240798
v -0.140999 0.066593 0.201445
v -0.120919 -0.021293 0.249621
v -0.080876 -0.049967 0.268437
v 0.001803 -0.093388 0.239837
v -0.140253 0.063237 0.197457
v -0.067239 0.087894 0.225875
v 0.128620 -0.029687 0.230715
v -0.098538 -0.057349 0.246488
v -0.013146 -0.111196 0.242332
v -0.004478 -0.082113 0.238984
v -0.090021 0.084764 0.211017
v 0.067208 -0.085814 0.241234
v -0.025342 -0.088718 0.230343
v -0.090439 0.090656 0.207802
v -0.067689 0.086819 0.225200
v 0.117423 -0.028626 0.230738
v -0.065145 0.085925 0.219763
v -0.025563 0.114324 0.193042
v -0.109194 -0.029510 0.238557
v 0.060782 -0.086321 0.245839
v 0.045429 -0.069873 0.239949
v -0.091159 0.090343 0.207522
v -0.106927 -0.019582 0.240717
v -0.077161 0.119820 0.165210
v -0.107512 -0.019631 0.239885
v -0.013888 -0.085906 0.235993
v -0.068222 0.079910 0.216875
v -0.103014 -0.023901 0.228038
v -0.055138 -0.085528 0.243865
v 0.043361 -0.074073 0.251017
v 0.102183 -0.059817 0.232902
v -0.095237 -0.016255 0.227036
v 0.100176 -0.061792 0.233997
v -0.075748 -0.041179 0.247576
v -0.017113 0.111291 0.184328
v -0.086936 0.064430 0.198055
v 0.094964 -0.059516 0.227437
v 0.044315 -0.077747 0.230354
v -0.024444 -0.104571 0.235550
v -0.090835 0.085570 0.201358
v -0.055156 0.084423 0.200925
v -0.112589 0.045742 0.198667
v -0.069981 0.107424 0.160236
v -0.068529 -0.035507 0.235391
v 0.070359 0.091903 0.210690
v 0.069911 0.091035 0.219189
v -0.122476 0.045412 0.200702
v -0.063191 -0.041506 0.246617
v -0.086464 -0.059189 0.231706
v 0.023251 -0.049182 0.247567
v 0.040939 -0.071706 0.239493
v -0.077094 0.102793 0.164667
v -0.078812 -0.045470 0.225873
v -0.087368 -0.026384 0.221327
v 0.066797 -0.079291 0.229212
v -0.113757 0.041988 0.187973
v -0.052634 0.075899 0.204929
v -0.077415 0.101760 0.155165
v -0.065089 0.087231 0.217337
v -0.005892 -0.054637 0.225454
v -0.065857 -0.045856 0.235553
v 0.100553 -0.037816 0.212760
v -0.065129 0.065452 0.207726
v -0.051383 -0.072625 0.222375
v -0.045401 -0.081359 0.224697
v -0.014971 -0.084888 0.219998
v -0.119106 0.050983 0.189928
v -0.081106 0.067918 0.193437
v -0.065428 0.072845 0.199895
v -0.082534 0.066854 0.193413
v -0.051947 -0.083667 0.219144
v 0.095748 -0.059385 0.210767
v -0.091612 0.058042 0.190428
v -0.082818 0.066380 0.193120
v -0.057706 -0.038802 0.234538
v -0.067402 -0.041560 0.224893
v -0.039677 -0.078803 0.207344
v -0.060080 0.064137 0.201283
v -0.087511 -0.020811 0.213013
v -0.073229 -0.040996 0.214206
v 0.099822 0.048560 0.202696
v -0.051190 -0.073932 0.208462
v -0.000225 -0.056787 0.227597
v 0.037981 -0.075205 0.219036
v -0.045694 -0.080965 0.217759
v -0.085094 0.064235 0.186660
v -0.026751 0.102636 0.176983
v 0.012314 -0.045901 0.237305
v 0.102590 -0.032027 0.208332
v 0.042501 -0.065409 0.201904
v -0.086845 0.040933 0.190004
v -0.041050 -0.071405 0.215966
v -0.007119 -0.048591 0.216852
v -0.002742 -0.083748 0.225100
v 0.092185 -0.053059 0.199168
v -0.057373 -0.030987 0.220199
v 0.044096 -0.075937 0.210701
v -0.097746 0.045781 0.186684
v -0.061038 0.095150 0.151203
v -0.026794 -0.069992 0.210742
v 0.001165 -0.057192 0.225756
v -0.027938 -0.076631 0.203127
v -0.061423 -0.046888 0.216256
v -0.103278 0.035377 0.189700
v 0.104674 0.048428 0.190839
v 0.056253 -0.070245 0.212395
v -0.016860 0.091588 0.167506
v 0.071554 0.057897 0.195787
v -0.086443 0.051738 0.182770
v -0.092148 0.008486 0.180148
v 0.058871 -0.065691 0.203787
v -0.070833 -0.026106 0.211573
v -0.064655 0.062604 0.192631
v 0.100914 -0.040254 0.200708
v -0.045574 -0.073825 0.201498
v 0.103507 0.026871 0.203632
v -0.024299 0.088347 0.161792
v -0.050123 -0.037608 0.217385
v -0.099659 0.034676 0.180338
v 0.059404 -0.071659 0.202228
v 0.037569 -0.070469 0.199476
v -0.037826 -0.072222 0.195951
v -0.046657 -0.033487 0.208894
v -0.079594 0.037817 0.177055
v 0.047048 -0.073837 0.195988
v -0.085169 0.035463 0.172049
v -0.092642 0.028736 0.186656
v 0.070650 0.062189 0.187551
v -0.047387 -0.065719 0.196177
v -0.203946 0.016471 0.219510
v 0.087113 -0.043390 0.184503
v -0.074369 -0.020454 0.206209
v -0.063326 0.048998 0.186924
v 0.078798 -0.041756 0.196268
v 0.064164 0.051692 0.177490
v -0.079450 0.020755 0.172721
v -0.048073 0.082530 0.149057
v -0.032094 -0.065654 0.187566
v -0.017638 -0.053718 0.191734
v -0.022113 -0.072141 0.204651
v -0.060706 -0.023110 0.199161
v -0.069806 0.042877 0.175353
v 0.076992 -0.037704 0.187536
v -0.075267 0.017720 0.169223
v -0.023479 0.066728 0.155822
v -0.198310 0.012903 0.214205
v -0.071448 0.030852 0.182285
v -0.194754 0.011289 0.215701
v 0.059929 0.030198 0.167125
v -0.034384 -0.053731 0.176130
v -0.196653 0.007765 0.215569
v -0.008477 -0.056840 0.189773
v -0.051770 -0.022246 0.178607
v -0.064370 0.017390 0.175449
v -0.017272 -0.051616 0.173442
v -0.025089 -0.056821 0.160293
v -0.008079 -0.050222 0.179255
v -0.217990 -0.008951 0.198741
v 0.069861 0.039660 0.171297
v -0.195633 0.001639 0.206672
v -0.208896 -0.018075 0.186141
v 0.011903 -0.022512 0.082924
v -0.177317 -0.019700 0.197044
v -0.167084 -0.020401 0.181932
v -0.211482 -0.049109 0.175960
v -0.192457 -0.028024 0.180910
v -0.176781 -0.022393 0.191034
v -0.192721 -0.030284 0.211009
v -0.176425 -0.020348 0.185035
v -0.030350 -0.013178 0.156309
v -0.190885 -0.059973 0.198382
v -0.005341 -0.045316 0.143117
v -0.199123 -0.042832 0.171567
v -0.201152 -0.048951 0.176008
v -0.198660 -0.023717 0.178011
v 0.002398 -0.047978 0.151506
v -0.023428 -0.018781 0.152323
v -0.199120 -0.019374 0.186775
v -0.204161 -0.014637 0.184186
v -0.185835 -0.012017 0.195628
v -0.011592 -0.049423 0.164727
v -0.217576 -0.045336 0.186794
v -0.210723 -0.050347 0.182441
v -0.211215 -0.050062 0.182321
v 0.065299 -0.014741 0.024414
v -0.180422 -0.015255 0.199749
v -0.045777 -0.027190 0.165670
v -0.019182 -0.042909 0.171318
v -0.041997 -0.016728 0.171066
v 0.069026 0.012679 0.144625
v -0.062403 0.012045 0.161463
v -0.034533 -0.049781 0.160799
v -0.011926 -0.041627 0.173157
v -0.163013 -0.040105 0.161034
v -0.167141 -0.041572 0.158674
v -0.164511 -0.040227 0.163334
v 0.032803 0.003935 0.011574
v -0.002587 -0.022768 0.102758
v -0.168194 -0.041701 0.158384
v -0.174246 -0.045110 0.161259
v -0.170024 -0.042163 0.166166
v -0.170194 -0.041609 0.162140
v -0.172931 -0.040973 0.163802
v -0.175299 -0.042303 0.161881
v -0.168526 -0.041859 0.166034
v -0.164185 -0.013975 0.186165
v -0.172197 -0.047700 0.164036
v -0.175806 -0.044617 0.167293
v -0.171332 -0.043196 0.168061
v -0.173973 -0.042428 0.167344
v -0.175921 -0.043597 0.166391
v -0.175365 -0.041872 0.163069
v -0.175073 -0.042732 0.166377
v -0.176853 -0.026075 0.182781
v -0.166777 -0.010959 0.187349
v -0.018953 -0.030929 0.122033
v -0.172943 -0.044062 0.168737
v -0.167094 -0.020058 0.183258
v -0.172387 -0.045352 0.168710
v -0.173907 -0.045246 0.167936
v -0.170321 -0.048802 0.164592
v -0.174225 -0.041080 0.167521
v -0.172492 -0.048839 0.165822
v -0.176518 -0.044977 0.167872
v -0.172749 -0.019288 0.186744
v -0.174946 -0.048456 0.166255
v -0.172821 -0.047916 0.166670
v -0.176437 -0.042626 0.164846
v -0.177147 -0.030639 0.168872
v -0.172631 -0.047864 0.168199
v -0.166593 -0.013177 0.188583
v -0.180614 -0.027479 0.188151
v -0.166060 -0.013920 0.188133
v -0.173401 -0.035255 0.195492
v -0.177224 -0.036205 0.196102
v -0.184143 -0.049178 0.168418
v -0.178060 -0.034542 0.175391
v -0.188993 -0.023003 0.176448
v -0.175240 -0.025964 0.191108
v -0.017100 -0.038099 0.127919
v -0.180145 -0.027261 0.189820
v -0.176919 -0.027486 0.191725
v -0.183910 -0.027008 0.190114
v -0.027317 -0.020828 0.134835
v -0.176851 -0.026376 0.191719
v -0.194950 -0.047429 0.165553
v -0.187136 -0.032445 0.173685
v -0.179308 -0.022901 0.192541
v -0.181005 -0.027429 0.189259
v -0.021983 -0.039741 0.118555
v -0.180699 -0.024784 0.189642
v -0.182003 -0.053679 0.183247
v -0.181582 -0.053379 0.183808
v -0.172081 -0.024042 0.192748
v -0.008308 -0.034036 0.141504
v -0.178552 -0.056211 0.184930
v 0.009411 -0.034384 0.139857
v -0.179700 -0.049732 0.189051
v 0.032680 -0.037087 0.077935
v -0.141207 0.023043 0.167697
v -0.101265 -0.004173 0.181450
v -0.086788 -0.033628 0.115498
v -0.134822 0.026459 0.155657
v -0.096107 -0.026298 0.123193
v -0.131695 0.017818 0.146539
v -0.148184 0.019747 0.171649
v -0.093499 -0.038402 0.133019
v -0.155437 0.027879 0.186128
v -0.086180 -0.009815 0.160676
v -0.113140 0.008404 0.145141
v -0.052698 -0.038215 0.107520
v -0.085889 -0.001741 0.163641
v -0.076682 -0.003897 0.153684
v -0.031220 -0.021051 0.093737
v -0.041991 -0.020994 0.091827
v -0.041409 -0.013295 0.100856
v -0.079267 -0.003502 0.141771
v -0.095355 0.004899 0.121128
v -0.091814 0.006020 0.119239
v -0.064027 -0.008722 0.128551
v -0.080733 -0.005255 0.121019
v -0.176970 -0.032485 0.196195
v -0.178736 -0.022518 0.187217
v -0.178903 -0.024555 0.188038
v -0.177691 -0.024884 0.188327
v -0.159915 -0.043290 0.349973
v -0.159206 -0.043451 0.349141
v -0.152731 -0.044935 0.347990
v -0.150446 -0.043629 0.341182
v -0.137425 -0.042396 0.325664
v -0.136422 -0.042974 0.326185
v -0.079528 -0.139101 0.318667
v -0.079239 -0.138651 0.318370
v -0.088900 -0.057455 0.314323
v -0.129271 -0.084617 0.273820
v -0.128655 -0.084778 0.272845
v 0.050441 -0.073853 0.300029
v 0.050971 -0.073626 0.299375
v -0.121116 -0.076788 0.256304
v -0.162474 0.067401 0.223561
v -0.163078 0.067068 0.222743
v -0.120184 -0.076577 0.255829
v 0.052892 -0.069950 0.275075
v 0.159180 0.008808 0.237736
v 0.051869 -0.070333 0.275476
v -0.151635 0.078112 0.207393
v -0.102438 0.096749 0.219769
v -0.103390 0.097336 0.219616
v -0.101179 0.097820 0.221606
v -0.100785 0.097502 0.221113
v 0.148858 0.017889 0.235706
v -0.141666 0.067776 0.201110
v -0.068289 0.088058 0.224728
v -0.024300 0.117307 0.183445
v -0.027086 -0.080270 0.215079
v 0.121006 0.025434 0.213873
v 0.091724 -0.054352 0.214763
v -0.083057 0.067116 0.192914
v 0.110049 0.032502 0.207116
v -0.045219 -0.080660 0.218080
v 0.003338 -0.054568 0.223687
v -0.046170 -0.081270 0.217438
v 0.073415 -0.048165 0.186096
v -0.006158 -0.048323 0.206739
v -0.079909 0.026577 0.181764
v -0.005611 -0.057858 0.205192
v -0.047546 0.074653 0.152965
v -0.032351 0.069124 0.149046
v -0.046115 -0.036965 0.187587
v 0.062898 0.042454 0.184186
v 0.032560 -0.064996 0.187175
v -0.067814 0.026586 0.177770
v -0.194703 0.011660 0.215281
v -0.194805 0.010919 0.216121
v 0.015032 -0.054725 0.161674
v -0.211452 -0.050953 0.182559
v -0.210683 -0.050195 0.181814
v -0.031709 -0.040248 0.133966
v -0.182436 -0.052974 0.182768
v -0.177209 -0.033559 0.195926
v -0.178608 -0.054765 0.182420
v -0.178641 -0.054767 0.181750
v -0.180797 -0.026054 0.189488
v -0.001672 -0.038071 0.132453
v -0.172171 -0.047395 0.168320
v -0.174512 -0.043727 0.164579
v -0.173526 -0.044122 0.168850
v -0.167723 -0.020027 0.180643
v -0.172360 -0.044002 0.168625
v -0.171237 -0.043677 0.168162
v -0.171311 -0.047751 0.165225
v -0.173815 -0.047718 0.162376
v -0.174727 -0.042787 0.162220
v -0.166727 -0.019948 0.180154
v -0.163856 -0.039699 0.161772
v -0.106193 -0.034910 0.127503
v -0.068208 -0.000481 0.135591
v -0.091653 -0.000363 0.119367
v -0.025099 -0.039040 0.094369
v -0.072858 -0.026784 0.108707
v -0.080371 -0.028690 0.127259
v -0.001960 -0.040019 0.113743
v -0.001694 -0.009115 0.114367
v -0.013824 -0.008810 0.129943
v -0.031678 -0.020812 0.167887
v -0.038974 -0.028471 0.182169
v -0.045946 -0.024970 0.192101
v -0.039160 -0.033087 0.169931
v -0.033621 -0.026997 0.154280
v 0.015632 -0.047671 0.135633
v 0.042737 -0.065316 0.178876
v 0.025836 -0.049329 0.148474
v 0.041928 -0.060180 0.192261
v 0.011172 -0.042248 0.154620
v -0.002154 -0.031420 0.125509
v 0.019116 -0.037927 0.135996
v -0.004556 -0.042497 0.132186
v -0.015056 -0.036103 0.157703
v -0.023950 -0.046195 0.156824
v -0.010354 -0.041193 0.120079
v 0.067237 -0.079647 0.217310
v 0.056408 -0.077907 0.213743
v 0.064693 -0.090802 0.235436
v 0.061722 -0.085367 0.224756
v -0.015457 -0.042213 0.137908
v -0.028557 -0.054186 0.150529
v -0.033462 -0.060930 0.164058
v -0.043422 -0.060487 0.186788
v -0.036940 -0.059366 0.195338
v -0.013143 -0.047328 0.196002
v -0.004822 -0.052828 0.194734
v 0.001066 -0.058892 0.225640
v 0.001165 -0.057929 0.225908
v -0.044973 0.066214 0.141054
v -0.054242 -0.022545 0.187787
v -0.008003 -0.019540 0.127144
v -0.039573 0.063343 0.149532
v -0.039161 0.073947 0.143170
v -0.054675 0.077380 0.144430
v -0.018693 0.078980 0.157085
v -0.022804 0.079404 0.168303
v -0.019158 0.088508 0.174342
v -0.018307 0.102314 0.173346
v -0.020444 0.096135 0.180658
v -0.066398 0.095218 0.163115
v 0.071400 0.011110 0.155736
v 0.062840 0.024103 0.150136
v 0.079606 0.034244 0.175082
v 0.061206 0.033262 0.176558
v 0.056467 0.018154 0.158501
v 0.072894 0.030537 0.180977
v 0.083489 0.031037 0.191726
v 0.091204 0.041542 0.198315
v 0.090830 0.026852 0.180124
v 0.122279 0.017184 0.211699
v 0.127911 0.026777 0.214431
v 0.102627 -0.058745 0.231950
v 0.137394 0.023108 0.224734
v 0.151376 0.082739 0.213357
v 0.180875 0.105365 0.218162
v -0.102407 0.010285 0.126767
v -0.096310 0.005741 0.134769
v -0.110525 0.015625 0.142059
v -0.095174 0.006607 0.121612
v -0.075189 -0.000340 0.146914
v -0.087023 0.001362 0.156805
v -0.086323 0.002189 0.160920
v 0.054853 -0.000236 0.085768
v -0.089304 0.026906 0.175608
v 0.079277 -0.049629 0.184714
v 0.089512 -0.037132 0.203438
v 0.094869 -0.045616 0.204485
v -0.015792 -0.028430 0.105147
v 0.006916 -0.033048 0.095180
v 0.013524 -0.029561 0.097384
v -0.001288 -0.025959 0.097959
v -0.000799 -0.030175 0.101448
v 0.119980 -0.036114 0.230824
v 0.121888 -0.041280 0.236165
v 0.121449 -0.041940 0.233561
v -0.010951 -0.052390 0.245201
v -0.003576 -0.050405 0.236173
v -0.007803 -0.047829 0.233041
v -0.009072 -0.053823 0.235431
v 0.002619 -0.051990 0.226682
v -0.016736 -0.050541 0.262918
v -0.015107 -0.046761 0.250844
v 0.017939 -0.090110 0.294452
v 0.015829 -0.092382 0.305358
v 0.015288 -0.091695 0.306374
v 0.015452 -0.091127 0.304957
v 0.014430 -0.093220 0.282161
v 0.014134 -0.099396 0.275252
v 0.019811 -0.098034 0.276019
v 0.018437 -0.103509 0.265192
v 0.016769 -0.096452 0.288163
v -0.068937 -0.039423 0.249471
v -0.063795 -0.032535 0.257001
v -0.066368 -0.031690 0.258919
v -0.128858 0.064965 0.216705
v -0.128406 0.056834 0.208132
v -0.122977 0.055255 0.209659
v -0.124034 0.061648 0.208537
v -0.127036 0.051968 0.197867
v -0.135870 0.072585 0.232313
v -0.128956 0.064180 0.225660
v 0.017224 0.135979 0.213055
v 0.018533 0.136167 0.213093
v 0.017881 0.134917 0.212536
v -0.016975 0.120162 0.194789
v 0.003354 0.129772 0.204853
v -0.006714 0.126304 0.197367
v 0.002431 0.124766 0.200836
v 0.014114 0.131565 0.213082
v -0.004102 0.123908 0.203425
v -0.017093 0.123627 0.198183
v 0.167746 0.054523 0.281961
v 0.158475 0.020760 0.238210
v 0.162451 0.034320 0.254539
v 0.155621 0.020579 0.243926
v 0.161711 0.039392 0.265654
v 0.157350 0.035180 0.258764
v 0.161551 0.025555 0.247000
v 0.155357 0.029461 0.251542
v 0.161254 0.042189 0.258752
v 0.157371 0.031132 0.246731
v 0.167378 0.046276 0.267948
v 0.160248 0.081799 0.224031
v 0.175766 0.072124 0.237537
v 0.161896 0.086435 0.222273
v 0.168696 0.078298 0.231589
v 0.173721 0.078024 0.229710
v 0.156654 0.085678 0.216519
v 0.191104 0.066913 0.244660
v 0.174181 0.071426 0.231599
v 0.157321 0.007191 0.243258
v 0.158328 0.005010 0.248438
v 0.161667 0.002326 0.249169
v 0.158556 -0.004926 0.251614
v 0.163066 -0.011559 0.261676
v 0.152004 0.095464 0.217061
v 0.146351 0.100963 0.225762
v 0.145491 0.103854 0.224204
v 0.195466 0.027793 0.239186
v 0.191726 0.023865 0.239902
v 0.185733 0.024977 0.242368
v 0.178308 0.014142 0.243667
v 0.177480 0.016426 0.237756
v 0.206321 0.031853 0.249176
v -0.143448 -0.008006 0.296200
v -0.140515 -0.014063 0.270486
v -0.145106 -0.012702 0.284986
v -0.141247 -0.009283 0.281795
v -0.139820 -0.013860 0.284192
v -0.136226 -0.028510 0.259531
v -0.135756 -0.019315 0.263731
v -0.136531 -0.018567 0.271543
v -0.141383 -0.017619 0.275447
v -0.141728 -0.020537 0.266973
v -0.155320 0.005563 0.257836
v -0.149534 0.005283 0.253401
v -0.145607 -0.006114 0.256566
v -0.137253 -0.008455 0.252838
v -0.145638 -0.006918 0.249847
v -0.161319 0.010408 0.253752
v -0.166159 0.017025 0.258961
v -0.131645 -0.015759 0.253606
v -0.136408 -0.014615 0.248118
v -0.130395 -0.025892 0.248272
v -0.133094 -0.023068 0.254160
v -0.143710 -0.001107 0.252483
v -0.155668 0.011339 0.256280
v -0.170740 0.020793 0.255900
v -0.175439 0.025810 0.257404
v -0.175520 0.024331 0.257065
v -0.182363 0.029878 0.260314
v -0.177637 0.025297 0.256520
v -0.169467 0.023136 0.258589
v -0.153750 0.000224 0.252442
v -0.140523 -0.015274 0.253694
v 0.097543 -0.068373 0.238616
v 0.084799 -0.068897 0.257625
v 0.085496 -0.069010 0.249824
v 0.095240 -0.066430 0.244581
v 0.087848 -0.071980 0.250065
v -0.058428 -0.054749 0.351621
v -0.073568 -0.053805 0.340274
v -0.072159 -0.052215 0.335928
v -0.090891 -0.058569 0.320971
v -0.088848 -0.052365 0.325851
v -0.074365 -0.056390 0.335353
v -0.081782 -0.055730 0.325982
v -0.031124 -0.037030 0.301096
v -0.068996 -0.047939 0.265358
v -0.051189 -0.038815 0.280382
v -0.065184 -0.041463 0.266243
v -0.056446 -0.045685 0.274749
v -0.044063 -0.039543 0.280396
v -0.054255 -0.040895 0.271315
v -0.047331 -0.043665 0.282649
v -0.063512 -0.042948 0.271643
v 0.018391 -0.029724 0.248409
v 0.005297 -0.047507 0.233335
v 0.009885 -0.032456 0.246139
v 0.016698 -0.021385 0.246313
v 0.018079 -0.018262 0.255721
v 0.023817 -0.012580 0.257869
v 0.020814 -0.003655 0.263765
v 0.022916 -0.001721 0.261583
v 0.028749 0.013464 0.276605
v 0.133827 -0.080461 0.276867
v 0.122091 -0.075731 0.264349
v 0.110383 -0.076262 0.260651
v 0.134199 -0.074493 0.280953
v 0.145726 -0.079796 0.287002
v 0.150892 -0.081211 0.295926
v 0.148748 -0.079147 0.299539
v 0.151981 -0.077990 0.299339
v 0.163764 -0.082946 0.314048
v 0.134677 -0.079245 0.285026
v -0.087084 -0.074114 0.328090
v -0.096077 -0.062497 0.320831
v -0.092448 -0.073021 0.328984
v -0.086678 -0.075508 0.333755
v -0.083686 -0.089275 0.341243
v -0.092391 -0.060807 0.327636
v 0.200941 0.131691 0.214461
v 0.190319 0.119002 0.213203
v 0.180304 0.112552 0.220259
v 0.188796 0.120399 0.217818
v 0.195761 0.128137 0.211453
v 0.036699 0.073148 0.220520
v 0.061433 0.069628 0.206597
v 0.063760 0.074290 0.202476
v 0.033702 0.073392 0.226533
v 0.052871 0.073027 0.212649
v 0.052929 0.071888 0.206271
v 0.048607 0.068911 0.214791
v 0.066566 -0.035160 0.273532
v 0.062620 -0.047629 0.261971
v 0.054509 -0.054860 0.258924
v 0.055077 -0.059135 0.250945
v 0.060356 -0.045000 0.266422
v 0.053156 -0.052062 0.256265
v 0.049953 -0.065361 0.251004
v 0.046778 -0.063445 0.246030
v 0.062293 -0.041391 0.263694
v -0.116404 0.094767 0.217315
v -0.099792 0.092860 0.212915
v -0.106338 0.093062 0.216940
v -0.105770 0.110821 0.228171
v -0.108968 0.108636 0.226416
v -0.121818 0.125662 0.236342
v -0.103206 0.104255 0.218975
v -0.108234 0.132595 0.218475
v -0.104687 0.118947 0.215496
v -0.040246 -0.155784 0.351362
v -0.051115 -0.143379 0.331693
v -0.065173 -0.135750 0.303921
v -0.056311 -0.137755 0.318782
v -0.063310 -0.139388 0.316763
v -0.067610 -0.135060 0.305346
v -0.052147 -0.145340 0.325292
v -0.051866 -0.148966 0.335897
v -0.064870 -0.129823 0.306164
v -0.070568 -0.138274 0.326697
v -0.049578 -0.145760 0.361595
v -0.060641 -0.142984 0.349449
v -0.067921 -0.144795 0.336143
v -0.064679 -0.142720 0.333428
v -0.078826 -0.146485 0.349876
v -0.085324 -0.143478 0.345873
v -0.068935 -0.142491 0.366761
v -0.077969 -0.141677 0.348460
v -0.084711 -0.143141 0.334573
v -0.051683 -0.131353 0.291987
v -0.054671 -0.122631 0.289836
v -0.033378 -0.142647 0.317505
v -0.044217 -0.136988 0.306295
v -0.039861 -0.133186 0.303620
v -0.053971 -0.128315 0.295814
v -0.040518 -0.138035 0.302192
v -0.061031 -0.128391 0.286635
v -0.058410 -0.136396 0.287769
v -0.060489 -0.132825 0.282821
v -0.068899 -0.156571 0.296898
v -0.096473 -0.153066 0.339258
v -0.114795 -0.166608 0.346514
v -0.100719 -0.151571 0.342364
v -0.104832 -0.151278 0.349542
v -0.105450 -0.147856 0.346017
v -0.128298 -0.147681 0.358959
v -0.078306 -0.130943 0.291781
v -0.075143 -0.125116 0.286949
v -0.096000 -0.135008 0.300100
v -0.078461 -0.126426 0.294113
v -0.064520 -0.121844 0.289100
v -0.077093 -0.141064 0.307954
v -0.078704 -0.140058 0.308590
v -0.072743 -0.136411 0.305780
v -0.048481 -0.145614 0.282927
v -0.050654 -0.111649 0.263184
v -0.042328 -0.162360 0.293038
v -0.047252 -0.128949 0.277201
v -0.024543 -0.111443 0.295300
v -0.050324 -0.101407 0.255983
v -0.030881 -0.112257 0.274590
v -0.046395 -0.096757 0.253297
v -0.040077 -0.105915 0.255339
v -0.025723 -0.107477 0.280699
v -0.027628 -0.108616 0.271037
v -0.017923 -0.115160 0.311883
v -0.019583 -0.119279 0.321872
v -0.056872 -0.102413 0.250558
v -0.071212 -0.107618 0.261325
v -0.056621 -0.098280 0.250579
v -0.064442 -0.090439 0.233130
v -0.055784 -0.081974 0.228153
v -0.077265 -0.095476 0.240585
v -0.114584 -0.088530 0.229642
v -0.106026 -0.075180 0.231737
v -0.105985 -0.068590 0.232942
v -0.099471 -0.061981 0.240078
v -0.102335 -0.064005 0.239993
v -0.095327 -0.073983 0.243275
v -0.113377 -0.076337 0.243646
v -0.109703 -0.071709 0.245593
v -0.117475 -0.092978 0.252526
v -0.141958 -0.078603 0.243259
v -0.115457 -0.069022 0.248039
v -0.118610 -0.065870 0.249972
v -0.163909 -0.093460 0.313642
v -0.158276 -0.092873 0.300592
v -0.158688 -0.087936 0.305483
v -0.157567 -0.086122 0.294586
v -0.170731 -0.094148 0.312165
v -0.186832 -0.102916 0.334072
v -0.137379 -0.083115 0.273626
v -0.128916 -0.075027 0.259559
v -0.151557 -0.090727 0.252982
v -0.132631 -0.080898 0.255451
v -0.138636 -0.078062 0.262795
v -0.147521 -0.077020 0.267727
v -0.154134 -0.073225 0.266581
v -0.135721 -0.089225 0.263038
v -0.137226 -0.088849 0.261772
v -0.131698 -0.083834 0.262786
v -0.142127 -0.069664 0.291042
v -0.136603 -0.074575 0.274130
v -0.133680 -0.079722 0.272792
v -0.146101 -0.049665 0.278458
v -0.130519 -0.069748 0.269078
v -0.128621 -0.067934 0.266207
v -0.153339 -0.096989 0.292584
v -0.154042 -0.097861 0.290924
v -0.149696 -0.091724 0.290507
v -0.167196 -0.094434 0.303562
v -0.178644 -0.105018 0.305520
v -0.164009 -0.092623 0.307208
v -0.183010 -0.093679 0.317925
v -0.183339 -0.091909 0.318803
v -0.176341 -0.094150 0.317145
v -0.142909 -0.087362 0.275544
v -0.149807 -0.099725 0.282191
v -0.163525 -0.108986 0.286610
v -0.144747 -0.094735 0.275030
v -0.153186 -0.103907 0.278827
v -0.169567 -0.117827 0.291445
v -0.087068 -0.074996 0.299868
v -0.084097 -0.086758 0.310522
v -0.087750 -0.094655 0.312275
v -0.086382 -0.112995 0.332989
v -0.089875 -0.083760 0.307843
v -0.088386 -0.052603 0.296271
v -0.096650 -0.058566 0.294340
v -0.094390 -0.053579 0.298864
v -0.113987 -0.065635 0.300526
v -0.110546 -0.065431 0.295315
v -0.102177 -0.066332 0.348859
v -0.112466 -0.068410 0.360037
v -0.094768 -0.058613 0.342220
v -0.099047 -0.056740 0.339579
v -0.122437 -0.037476 0.356652
v -0.110256 -0.050324 0.347329
v -0.114764 -0.041650 0.351909
v -0.109083 -0.047608 0.349922
v -0.110362 -0.009462 0.343600
v -0.105300 -0.029592 0.328498
v -0.090970 -0.052943 0.311871
v -0.100342 -0.040113 0.319010
v -0.096955 -0.046132 0.321843
v -0.092129 -0.054925 0.313660
v -0.099502 -0.031568 0.325608
v -0.103832 -0.026788 0.334777
v -0.096884 -0.054394 0.310096
v -0.078134 -0.050065 0.278178
v -0.068751 -0.049953 0.282213
v -0.065604 -0.048024 0.288982
v -0.099214 -0.070261 0.273150
v -0.080450 -0.052071 0.265998
v -0.077378 -0.054377 0.265380
v -0.111687 -0.032678 0.279541
v -0.093123 -0.036274 0.277243
v -0.080478 -0.045079 0.276561
v -0.093759 -0.043064 0.278973
v -0.072785 -0.044746 0.249118
v -0.076240 -0.055491 0.249551
v -0.080804 -0.057702 0.248783
v 0.002407 -0.138901 0.285523
v 0.009264 -0.128083 0.322293
v 0.012098 -0.133198 0.318733
v 0.031598 -0.122499 0.360818
v 0.007276 -0.134581 0.319953
v 0.010969 -0.134970 0.304343
v 0.027435 -0.152695 0.288268
v 0.007151 -0.141823 0.283840
v 0.036851 -0.150881 0.300003
v 0.018413 -0.149983 0.289289
v 0.043244 -0.156222 0.315001
v 0.034386 -0.156972 0.302102
v 0.043269 -0.158753 0.308426
v 0.060307 -0.160671 0.337795
v 0.026231 -0.144750 0.302454
v 0.027924 -0.118500 0.277599
v 0.023460 -0.138078 0.302299
v 0.019427 -0.161795 0.329761
v 0.029438 -0.143037 0.310125
v 0.027301 -0.151979 0.314145
v 0.017949 -0.173036 0.340228
v 0.049798 -0.122750 0.309389
v 0.045584 -0.126213 0.307455
v 0.054182 -0.127468 0.330844
v 0.038320 -0.121530 0.297611
v 0.035376 -0.115647 0.267473
v 0.033316 -0.113108 0.271192
v 0.058589 -0.114873 0.278092
v 0.001785 -0.137298 0.267548
v 0.005946 -0.143810 0.269120
v 0.022205 -0.153429 0.264694
v -0.005291 -0.132340 0.267637
v -0.007146 -0.133315 0.264756
v -0.015322 -0.140049 0.271924
v -0.002393 -0.137736 0.270388
v -0.002417 -0.138126 0.266848
v -0.003290 -0.150838 0.267952
v 0.002308 -0.143976 0.286057
v -0.001616 -0.146557 0.290227
v -0.001397 -0.147137 0.288355
v 0.023870 -0.129372 0.264640
v 0.025751 -0.115460 0.264756
v 0.027563 -0.124646 0.265681
v 0.021562 -0.115599 0.273022
v 0.016115 -0.117498 0.285045
v 0.026111 -0.116451 0.270499
v 0.051604 -0.066314 0.196965
v 0.069327 -0.047564 0.206005
v 0.052197 -0.060545 0.193636
v 0.043692 -0.085164 0.287853
v 0.041716 -0.081209 0.280943
v 0.034015 -0.094448 0.302651
v 0.040937 -0.081022 0.288906
v 0.047857 -0.072074 0.278301
v 0.062539 -0.084969 0.317740
v 0.055346 -0.079833 0.310318
v 0.052956 -0.076753 0.301810
v 0.043413 -0.070704 0.319951
v 0.046403 -0.075552 0.309287
v 0.040531 -0.068265 0.320731
v 0.061414 -0.093412 0.257502
v 0.055725 -0.089224 0.281181
v 0.051078 -0.084332 0.290319
v 0.053404 -0.091020 0.275808
v 0.056964 -0.103689 0.278914
v 0.054205 -0.107077 0.301634
v 0.066443 -0.101252 0.276908
v 0.067351 -0.099500 0.277248
v 0.060034 -0.099767 0.275486
v 0.047248 -0.118263 0.261889
v 0.053023 -0.108383 0.263404
v 0.057487 -0.100781 0.260268
v 0.065922 -0.097872 0.256637
v 0.063994 -0.094760 0.259972
v 0.082270 -0.107876 0.273513
v 0.070017 -0.081525 0.270488
v 0.064957 -0.083892 0.257618
v 0.141239 -0.070375 0.252788
v 0.105082 -0.066347 0.237804
v 0.159160 -0.067782 0.262411
v 0.124009 -0.067732 0.249936
v 0.110825 -0.096644 0.281967
v 0.113110 -0.078154 0.259552
v 0.116248 -0.080591 0.265727
v 0.110438 -0.072551 0.272193
v 0.090011 -0.063191 0.299037
v 0.100266 -0.072119 0.281127
v 0.095632 -0.064184 0.292174
v 0.101594 -0.069040 0.276644
v 0.107702 -0.075846 0.270374
v 0.101172 -0.065628 0.232444
v 0.102573 -0.065198 0.229198
v 0.114444 -0.066171 0.233861
v 0.173163 -0.011353 0.323078
v 0.163048 -0.017945 0.300424
v 0.154359 -0.019080 0.269598
v 0.156838 -0.019394 0.286835
v 0.161314 -0.020761 0.281019
v 0.156058 -0.021407 0.269205
v 0.162085 -0.014280 0.294808
v 0.169006 -0.015817 0.303494
v 0.151347 -0.024386 0.271334
v 0.163192 -0.046463 0.301215
v 0.154187 -0.037480 0.281232
v 0.161072 -0.045473 0.290638
v 0.164165 -0.051680 0.309933
v 0.150879 -0.023189 0.270558
v 0.156035 -0.037966 0.287452
v 0.158237 -0.031008 0.277591
v 0.160591 -0.039928 0.290722
v 0.153469 -0.026829 0.267187
v 0.136462 -0.031946 0.233492
v 0.151378 -0.039855 0.236658
v 0.149837 -0.035141 0.233455
v 0.130438 -0.030064 0.240177
v 0.132944 -0.041606 0.244679
v 0.136836 -0.042774 0.248870
v 0.122361 -0.029330 0.248447
v 0.122142 -0.027548 0.249335
v 0.124789 -0.028052 0.242302
v 0.133329 -0.029299 0.246676
v 0.118387 -0.038611 0.269567
v 0.128624 -0.029023 0.256086
v 0.150125 -0.009042 0.266640
v 0.146995 -0.011522 0.259514
v 0.162306 0.005503 0.273101
v 0.153844 -0.010536 0.263535
v 0.145988 -0.022691 0.257968
v 0.144182 -0.023394 0.263779
v 0.144326 -0.028272 0.262317
v 0.139211 -0.035846 0.274818
v 0.137599 -0.026544 0.259392
v 0.137698 -0.028227 0.269380
v 0.132544 -0.028360 0.275028
v 0.172719 -0.024822 0.250498
v 0.157064 -0.021929 0.248925
v 0.150839 -0.024382 0.248617
v 0.074198 0.110503 0.228847
v 0.086005 0.129741 0.251279
v 0.072669 0.100226 0.226875
v 0.074517 0.097461 0.218744
v 0.066351 0.092212 0.212452
v 0.077354 0.109177 0.234627
v 0.081776 0.116718 0.236009
v 0.068676 0.087514 0.215876
v 0.062231 0.080049 0.227590
v 0.068457 0.078308 0.214289
v 0.059756 0.077544 0.224236
v 0.040361 0.102583 0.240320
v 0.052241 0.091977 0.222784
v 0.043846 0.094631 0.233842
v 0.033263 0.107710 0.245446
v 0.067733 0.089305 0.213719
v 0.050430 0.096474 0.227123
v 0.060451 0.089781 0.224137
v 0.048812 0.096932 0.232822
v 0.070346 0.089548 0.215949
v 0.065974 0.084136 0.214980
v 0.078771 0.086257 0.209880
v 0.079800 0.086516 0.208181
v 0.072268 0.086671 0.208188
v 0.067266 0.083519 0.208106
v 0.063431 0.080589 0.208453
v 0.055486 0.093677 0.206084
v 0.199417 -0.006809 0.281426
v 0.184425 -0.000026 0.264386
v 0.192016 -0.007642 0.273559
v 0.203352 -0.008968 0.290592
v 0.178554 0.010261 0.250731
v 0.189245 0.000174 0.268753
v 0.187572 0.001488 0.256519
v 0.193741 -0.003159 0.270747
v 0.179858 0.004671 0.247900
v 0.184089 0.009476 0.247271
v 0.214530 0.116102 0.237124
v 0.230663 0.123730 0.249400
v 0.199150 0.117952 0.229710
v 0.209751 0.117294 0.238999
v 0.236327 0.020436 0.276978
v 0.196717 0.014645 0.251821
v 0.190007 0.012572 0.253112
v 0.196919 0.010221 0.256380
v 0.210200 0.014059 0.267747
v 0.227206 0.016837 0.275893
v 0.208887 0.014297 0.259827
v 0.219363 0.019604 0.270466
v 0.176314 0.023658 0.260119
v 0.171861 0.023532 0.253300
v 0.184701 0.037509 0.271930
v 0.178981 0.025585 0.256262
v 0.172803 0.015425 0.244080
v 0.164428 0.009694 0.235110
v 0.168539 0.006296 0.237745
v 0.180351 -0.013720 0.234163
v 0.169077 -0.004768 0.236339
v 0.170563 -0.005037 0.230750
v 0.171033 0.009575 0.245954
v 0.169722 0.004255 0.256370
v 0.162868 0.096955 0.220064
v 0.170564 0.096022 0.226576
v 0.172023 0.092032 0.233099
v 0.155546 0.103171 0.215696
v 0.157355 0.102604 0.220271
v 0.154341 0.128582 0.217923
v 0.170536 0.107203 0.220216
v 0.177346 0.112472 0.236591
v 0.171828 0.109305 0.231435
v 0.184731 0.160846 0.247950
v 0.181713 0.137813 0.237027
v 0.174944 0.113754 0.216967
v 0.177909 0.125293 0.229673
v 0.181466 0.123699 0.223306
v 0.177787 0.113235 0.216632
v 0.177943 0.135924 0.231725
v 0.184155 0.144301 0.235842
v 0.177136 0.110104 0.221668
v 0.077928 0.081746 0.236577
v 0.074244 0.078716 0.216953
v 0.081487 0.076587 0.229348
v 0.081773 0.097448 0.253902
v -0.073002 0.101216 0.233388
v -0.070428 0.118160 0.250746
v -0.068268 0.102723 0.235272
v -0.056622 0.101243 0.231139
v -0.057416 0.095359 0.225450
v -0.042722 0.107419 0.244192
v -0.056399 0.096678 0.233333
v -0.068374 0.088551 0.224242
v -0.086395 0.076578 0.241205
v -0.078965 0.077670 0.227083
v -0.076936 0.081556 0.222020
v -0.070234 0.089995 0.234559
v -0.071513 0.091200 0.235520
v -0.072220 0.089936 0.228129
v -0.079378 0.126657 0.237182
v -0.076777 0.109274 0.231265
v -0.072175 0.099034 0.225097
v -0.085092 0.131346 0.240714
v -0.089645 0.140501 0.255393
v -0.112933 0.143313 0.198270
v -0.100914 0.137856 0.178600
v -0.111077 0.139584 0.188269
v -0.118202 0.148469 0.205243
v -0.086370 0.130458 0.170659
v -0.102156 0.139532 0.184763
v -0.096433 0.130510 0.178438
v -0.105797 0.138109 0.189237
v -0.085333 0.127789 0.172573
v -0.090717 0.128050 0.168070
v -0.077270 0.136502 0.199129
v -0.080839 0.131392 0.181590
v -0.085944 0.121659 0.169900
v -0.072496 0.134835 0.192497
v -0.081693 0.154158 0.216371
v -0.087180 0.116516 0.175490
v -0.102499 0.116908 0.193023
v -0.109637 0.115853 0.177182
v -0.096763 0.112710 0.168217
v -0.091574 0.115076 0.164703
v -0.081070 0.136236 0.171967
v -0.081720 0.137862 0.170994
v -0.086014 0.131694 0.171492
v -0.025902 0.160890 0.218245
v -0.021816 0.158608 0.211550
v -0.025014 0.175727 0.231689
v -0.021106 0.159759 0.219439
v -0.020350 0.147492 0.209980
v -0.033243 0.145385 0.207325
v -0.028170 0.141790 0.207131
v -0.047843 0.144900 0.219939
v 0.006497 0.137691 0.230714
v -0.008258 0.131885 0.213116
v 0.003248 0.134755 0.220805
v 0.012463 0.137091 0.238898
v -0.023321 0.135194 0.203551
v -0.006111 0.134157 0.218821
v -0.012107 0.138215 0.208734
v -0.001653 0.137380 0.221067
v -0.023799 0.138603 0.203431
v -0.019308 0.134728 0.199668
v -0.030607 0.129975 0.206495
v -0.039954 0.125551 0.218133
v -0.020860 0.129955 0.194014
v 0.031171 -0.068029 0.280604
v 0.033307 -0.074061 0.301296
v 0.026433 -0.056668 0.268902
v 0.026637 -0.065522 0.279629
v 0.018578 -0.048193 0.247032
v 0.004731 -0.031985 0.279523
v 0.006668 -0.040051 0.257334
v 0.002272 -0.037488 0.270521
v 0.002535 -0.026109 0.287498
v 0.016775 -0.047273 0.244104
v 0.008224 -0.037275 0.263009
v 0.011895 -0.046722 0.255838
v 0.007543 -0.038130 0.268849
v 0.019115 -0.049352 0.245543
v 0.012304 -0.050637 0.244405
v 0.012872 -0.055713 0.250423
v 0.011197 -0.055157 0.251369
v 0.012143 -0.053723 0.244035
v 0.042448 -0.035661 0.269788
v 0.023329 -0.044352 0.253666
v 0.030102 -0.041929 0.252652
v 0.030977 -0.046374 0.254608
v 0.039085 -0.039506 0.272131
v 0.017185 -0.060443 0.238096
v 0.014161 -0.055785 0.240904
v 0.025875 -0.075691 0.246117
v -0.194747 -0.028868 0.273142
v -0.223657 -0.026427 0.287959
v -0.206493 -0.025558 0.281426
v -0.174777 -0.025598 0.269734
v -0.192993 -0.031351 0.279526
v -0.160618 -0.033178 0.265850
v -0.216629 -0.029340 0.289304
v -0.218207 -0.030717 0.285257
v -0.245013 -0.027567 0.301118
v -0.195758 -0.026309 0.288071
v -0.196966 -0.024751 0.288427
v -0.197983 -0.029116 0.282374
v -0.191169 -0.017512 0.276775
v -0.191432 -0.023725 0.276983
v -0.197581 -0.004768 0.289774
v -0.161712 -0.063013 0.272752
v -0.158271 -0.037576 0.264077
v -0.154721 -0.037805 0.262500
v -0.156645 -0.004098 0.280761
v -0.153006 -0.027059 0.266781
v -0.149734 -0.024879 0.264651
v -0.155082 -0.045110 0.245322
v -0.126810 -0.029958 0.246598
v -0.119973 -0.029254 0.244509
v -0.153125 -0.049392 0.243972
v -0.140990 -0.040657 0.239860
v -0.168917 -0.053392 0.251355
v -0.088586 -0.065811 0.364116
v -0.094762 -0.066069 0.369929
v -0.093318 -0.065853 0.372742
v 0.015540 -0.016700 0.080018
v 0.006867 -0.028125 0.082066
v 0.007873 -0.023103 0.077750
v 0.016887 -0.012125 0.087955
v 0.021801 -0.012807 0.098016
v 0.026453 -0.012860 0.095595
v -0.130586 0.006370 0.156289
v -0.125676 0.012245 0.152904
v -0.141150 -0.001839 0.169172
v -0.141753 -0.003967 0.176462
v -0.133807 -0.000280 0.164567
v -0.132157 0.008578 0.161310
v -0.134551 0.053666 0.167345
v -0.130071 0.049749 0.165453
v -0.132198 0.054984 0.173362
v -0.133396 0.067308 0.186025
v -0.126296 0.020978 0.151421
v -0.132348 0.043554 0.159671
v -0.133533 0.044687 0.166177
v -0.128207 0.030857 0.158063
v -0.130497 0.018471 0.154673
v -0.131854 0.022570 0.148542
v -0.142218 0.044190 0.202292
v -0.143045 0.043514 0.206921
v -0.148114 0.035023 0.212245
v -0.154450 0.029987 0.211506
v -0.154018 0.035540 0.214340
v -0.154173 0.027673 0.217793
v -0.138496 0.054738 0.203119
v -0.147240 0.045740 0.205741
v -0.151366 0.038520 0.206834
v 0.173287 0.000777 0.248416
v 0.173351 -0.009404 0.253503
v 0.175437 0.002716 0.252731
v 0.178565 -0.023436 0.270246
v 0.170461 -0.009078 0.258617
v 0.170384 -0.014886 0.257398
v 0.106440 -0.103026 0.258501
v 0.108469 -0.089576 0.250079
v 0.106366 -0.083368 0.248700
v -0.105485 0.078957 0.217167
v -0.107457 0.081157 0.212840
v -0.122661 0.071519 0.229432
v -0.109314 0.083307 0.217782
v -0.096455 0.094462 0.215524
v -0.092012 0.099527 0.225405
v -0.089649 0.096825 0.230217
v -0.065153 0.089468 0.242950
v -0.065994 0.084113 0.237632
v -0.062935 0.085397 0.231729
v -0.062764 0.090622 0.249931
v -0.067560 0.085907 0.214840
v -0.065828 0.082549 0.215727
v -0.081376 -0.017948 0.310762
v -0.080768 -0.030226 0.308712
v -0.080433 -0.032565 0.299567
v -0.084874 -0.041795 0.292039
v -0.085646 -0.046065 0.296846
v -0.086614 -0.037043 0.301796
v -0.086451 -0.028944 0.305259
v -0.080034 -0.041094 0.299462
v -0.085791 -0.052403 0.291144
v -0.081408 -0.024565 0.305121
v -0.084682 -0.012775 0.322791
v -0.079378 -0.016485 0.316742
v -0.084555 -0.011029 0.319232
v -0.080212 -0.005183 0.326463
v -0.084409 -0.001264 0.329832
v -0.081519 -0.003126 0.332836
v -0.084784 0.002807 0.335442
v -0.083959 0.003861 0.335169
v -0.083506 0.007687 0.341651
v -0.085592 0.004120 0.337347
v -0.085937 -0.021771 0.313739
v -0.082278 -0.051954 0.286440
v -0.074566 -0.053722 0.290002
v -0.073344 -0.059893 0.294758
v 0.054367 -0.067332 0.297958
v 0.049789 -0.071173 0.296466
v 0.057498 -0.058435 0.314574
v 0.050362 -0.066525 0.275885
v 0.051525 -0.069959 0.271876
v 0.061707 -0.056019 0.290189
v 0.056173 -0.064502 0.281953
v 0.026008 -0.060021 0.270191
v 0.023639 -0.058322 0.268143
v 0.017044 -0.054508 0.278418
v 0.061014 -0.118571 0.256222
v 0.064825 -0.096335 0.246012
v 0.073850 -0.089320 0.241280
v 0.074759 -0.087568 0.241620
v 0.067441 -0.087836 0.239856
v 0.057082 -0.082176 0.245972
v 0.055226 -0.082845 0.246312
v 0.060781 -0.087617 0.244549
v 0.038363 -0.083503 0.249980
v 0.041353 -0.078064 0.250416
v 0.023671 -0.090035 0.260653
v 0.045391 -0.082619 0.242941
v 0.047342 -0.082911 0.243282
v 0.044720 -0.076074 0.241518
v -0.117766 -0.106780 0.302633
v -0.117978 -0.073451 0.262954
v -0.117397 -0.088443 0.278084
v -0.114289 -0.077531 0.263467
v -0.111978 -0.090097 0.283100
v -0.115275 -0.085700 0.269452
v -0.115304 -0.093969 0.280797
v -0.112537 -0.081092 0.273585
v 0.138099 0.111531 0.241222
v 0.134361 0.094121 0.225620
v 0.134996 0.101881 0.237399
v 0.136907 0.119958 0.246749
v 0.137514 0.083979 0.211041
v 0.136639 0.099615 0.228232
v 0.140936 0.088921 0.223603
v 0.138822 0.101668 0.233363
v 0.143752 0.083164 0.212476
v 0.138635 0.080175 0.215749
v 0.194946 0.083939 0.218454
v 0.167291 0.102462 0.214030
v 0.182726 0.089538 0.211595
v 0.171757 0.098351 0.218502
v 0.167030 0.099576 0.218881
v 0.176448 0.088100 0.212689
v -0.112129 0.040747 0.198508
v -0.114824 0.036928 0.196641
v -0.119668 0.032806 0.207606
v -0.115983 0.034843 0.210254
v -0.123045 0.028630 0.223142
v -0.115235 0.031024 0.209925
v 0.124798 -0.036900 0.300149
v 0.111646 -0.069348 0.256398
v 0.117179 -0.056345 0.272727
v 0.108790 -0.069194 0.262114
v 0.117037 -0.051223 0.283842
v 0.112214 -0.054895 0.276952
v 0.115262 -0.064945 0.265188
v 0.109567 -0.060343 0.269731
v 0.116910 -0.048390 0.276940
v 0.111761 -0.058919 0.264919
v 0.123470 -0.045046 0.286138
v -0.118483 0.013538 0.151548
v -0.121508 0.016912 0.159915
v -0.120565 0.012470 0.165709
v -0.129154 0.012831 0.177737
v -0.123768 0.011029 0.162233
v -0.130713 0.010785 0.192128
v -0.158025 -0.030742 0.177686
v -0.160824 -0.033545 0.174582
v -0.166668 -0.040483 0.183437
v -0.163053 -0.039691 0.186760
v -0.171371 -0.049027 0.196668
v -0.162529 -0.043263 0.185266
v -0.178590 -0.019802 0.314956
v -0.160561 -0.030899 0.271274
v -0.162554 -0.029795 0.283693
v -0.161925 -0.026059 0.277155
v -0.163540 -0.023508 0.295930
v -0.166969 -0.027498 0.293679
v -0.158747 -0.026982 0.267629
v -0.156956 -0.026665 0.276560
v -0.165858 -0.022788 0.289191
v -0.127047 0.019528 0.131159
v -0.106015 0.010893 0.133787
v -0.114267 0.009020 0.134120
v 0.045211 0.002317 0.115804
v 0.035757 0.011345 0.120867
v 0.044264 0.007872 0.127129
v 0.049339 0.004276 0.126934
v 0.029667 0.007386 0.139739
v 0.001421 -0.027496 0.165345
v -0.003295 -0.031341 0.155553
v -0.006330 -0.041416 0.133142
v -0.004381 -0.028089 0.155287
v -0.003919 -0.033224 0.144249
v -0.011212 -0.040731 0.134444
v -0.008892 -0.036779 0.132373
v -0.026646 0.004359 0.112272
v -0.024089 0.009148 0.107479
v -0.031829 0.019759 0.113278
v -0.040855 0.004371 0.107577
v -0.027626 0.000745 0.105731
v -0.025359 -0.020546 0.118543
v -0.019451 -0.020682 0.120490
v -0.041098 -0.027325 0.127421
vn 0.9357 -0.3099 0.1683
vn 0.2733 -0.0943 0.9573
vn -0.4494 -0.1710 0.8768
vn -0.8660 -0.3190 0.3852
vn -0.7178 0.5733 0.3951
vn -0.7962 -0.5854 0.1530
vn 0.3490 -0.7623 0.5451
vn 0.8678 -0.2920 0.4021
vn 0.2021 -0.1841 0.9619
vn -0.5046 0.2747 0.8185
vn -0.2786 -0.6021 0.7482
vn 0.4483 -0.8488 -0.2801
vn 0.7890 -0.6097 0.0758
vn 0.6137 -0.7830 -0.1010
vn -0.5209 -0.6762 -0.5210
vn -0.5191 -0.8217 -0.2354
vn 0.4532 -0.3017 -0.8388
vn -0.7553 -0.4370 0.4884
vn -0.1923 -0.9776 0.0862
vn -0.0961 -0.9295 0.3561
vn -0.6893 -0.1607 0.7064
vn -0.0175 -0.6874 -0.7261
vn 0.5552 -0.7237 0.4099
vn -0.7145 -0.0731 -0.6958
vn -0.1874 0.4649 -0.8653
vn -0.4505 -0.3368 -0.8268
vn -0.2377 -0.9467 -0.2173
vn 0.2485 -0.9391 -0.2373
vn -0.7236 -0.5511 0.4157
vn -0.2927 -0.9562 -0.0007
vn 0.6190 -0.5975 0.5096
vn -0.5875 -0.7093 -0.3896
vn -0.6851 0.6203 -0.3820
vn -0.6464 0.6271 -0.4346
vn -0.4232 0.7527 -0.5043
vn -0.9874 -0.1429 -0.0678
vn -0.6796 -0.7315 0.0550
vn 0.3391 0.8796 0.3337
vn 0.4209 -0.6561 0.6264
vn 0.3954 0.5434 0.7405
vn 0.3470 -0.7245 0.5955
vn -0.8317 -0.5496 -0.0786
vn -0.5214 -0.8360 0.1709
vn 0.7662 -0.4489 0.4599
vn -0.3902 0.4593 -0.7980
vn -0.0434 0.0684 0.9967
vn -0.6347 -0.6823 0.3627
vn -0.5023 0.0379 -0.8638
vn -0.6490 -0.1971 -0.7348
vn -0.3868 -0.9191 -0.0755
vn -0.1286 -0.9684 0.2136
vn -0.2865 0.4406 -0.8508
vn 0.6293 -0.4036 0.6641
vn 0.3880 0.0601 0.9197
vn -0.1394 0.8645 0.4828
vn 0.5471 0.8316 0.0954
vn 0.5801 0.6616 0.4752
vn 0.5850 0.7343 0.3443
vn -0.4676 0.2760 -0.8398
vn 0.0868 -0.8973 -0.4329
vn -0.3428 0.0869 -0.9354
vn 0.1105 0.4943 0.8622
vn -0.9891 0.0654 0.1321
vn 0.1486 -0.8777 0.4556
vn -0.5015 0.2921 -0.8144
vn -0.0636 -0.9496 -0.3069
vn 0.3548 0.2710 0.8948
vn 0.2848 -0.8172 0.5011
vn 0.3474 0.7950 0.4973
vn 0.5223 -0.7669 0.3729
vn -0.0097 0.9950 -0.0990
vn -0.0096 0.9968 -0.0794
vn 0.3792 -0.1565 0.9120
vn 0.5008 0.5808 0.6418
vn 0.6506 -0.3040 0.6959
vn -0.1950 0.9122 -0.3604
vn 0.1897 0.9239 0.3323
vn -0.6060 0.1917 -0.7720
vn -0.6105 0.0828 -0.7876
vn 0.0397 -0.8459 0.5318
vn 0.4849 0.4292 0.7620
vn -0.1383 -0.9228 0.3596
vn 0.3775 -0.4754 0.7947
vn -0.8308 0.1853 -0.5249
vn -0.8055 0.4962 -0.3239
vn 0.0349 -0.9602 -0.2770
vn 0.1656 0.9348 0.3141
vn -0.7224 -0.4853 -0.4927
vn -0.8220 0.4605 -0.3350
vn 0.6443 0.6170 0.4519
vn -0.0601 0.9736 0.2203
vn -0.3032 0.9529 -0.0088
vn 0.3883 -0.7796 0.4914
vn -0.0961 -0.7921 -0.6028
vn 0.2052 -0.3777 0.9029
vn 0.4552 0.7026 0.5469
vn 0.2725 -0.6060 0.7473
vn 0.4792 -0.2416 0.8438
vn 0.6023 -0.0296 0.7977
vn 0.3474 0.9054 0.2442
vn 0.4694 0.8585 0.2067
vn 0.3251 -0.2655 0.9076
vn 0.1792 -0.2918 0.9395
vn 0.1830 -0.9712 0.1527
vn -0.0207 -0.9957 0.0908
vn -0.1165 -0.9931 -0.0152
vn -0.0779 -0.9617 -0.2628
vn 0.3961 -0.9182 0.0017
vn 0.2259 -0.9640 -0.1400
vn 0.7917 -0.4977 0.3542
vn 0.6147 0.6665 0.4219
vn 0.1827 -0.7111 0.6790
vn 0.5826 -0.6679 0.4631
vn 0.5187 -0.6956 0.4972
vn 0.6826 0.7288 0.0542
vn 0.3050 0.8302 0.4667
vn 0.9010 0.0019 -0.4338
vn -0.5290 -0.4287 -0.7324
vn -0.6040 -0.7732 -0.1932
vn -0.3981 0.5862 -0.7057
vn -0.7639 -0.3045 -0.5689
vn -0.2229 0.8782 -0.4232
vn -0.2172 -0.8673 0.4478
vn 0.2778 -0.4248 -0.8616
vn 0.5563 -0.2438 -0.7944
vn 0.5107 0.8121 -0.2822
vn 0.4470 -0.8777 0.1727
vn 0.9351 -0.0427 -0.3518
vn 0.8993 0.0628 -0.4329
vn 0.6180 -0.5553 -0.5566
vn 0.0482 -0.5138 0.8566
vn 0.1563 -0.3976 0.9042
vn 0.6342 -0.7569 -0.1579
vn -0.6129 0.7334 0.2941
vn -0.4164 0.7116 -0.5659
vn -0.2635 0.6501 -0.7127
vn 0.7598 -0.6467 -0.0670
vn -0.2027 -0.9674 -0.1516
vn -0.0499 -0.9914 -0.1213
vn -0.6827 0.4796 0.5513
vn 0.4366 -0.6258 -0.6463
vn 0.3844 0.3134 -0.8683
vn 0.5366 0.2233 -0.8138
vn 0.9709 0.2182 -0.0984
vn -0.3000 0.6730 0.6760
vn -0.7919 0.1334 -0.5960
vn 0.5436 -0.2324 -0.8065
vn 0.4378 0.8638 -0.2493
vn 0.4490 -0.4503 -0.7717
vn -0.4922 0.7901 -0.3655
vn -0.7490 0.5153 -0.4165
vn 0.1988 0.9798 0.0217
vn 0.8013 0.3416 0.4911
vn 0.6224 0.7372 0.2629
vn 0.7218 0.4242 0.5468
vn 0.7698 -0.2535 0.5859
vn 0.5570 -0.5128 0.6532
vn 0.8565 0.4964 0.1417
vn 0.5194 0.8524 0.0597
vn 0.9383 0.1675 0.3027
vn 0.6091 -0.7592 -0.2293
vn -0.6827 -0.7275 0.0682
vn -0.8166 0.0940 -0.5695
vn 0.9976 0.0686 -0.0025
vn 0.9069 -0.1951 -0.3734
vn -0.1493 -0.9490 -0.2776
vn 0.1420 -0.9084 0.3931
vn 0.4162 -0.8969 -0.1494
vn -0.7857 -0.5900 -0.1857
vn 0.8287 -0.5360 0.1612
vn 0.3782 -0.8754 0.3011
vn 0.6984 -0.6706 0.2499
vn -0.2294 -0.9708 0.0702
vn 0.0783 -0.9935 0.0823
vn -0.5496 -0.8019 -0.2344
vn -0.0808 -0.9862 -0.1446
vn -0.1024 -0.9285 -0.3569
vn -0.2283 -0.8987 -0.3746
vn -0.2645 -0.9588 -0.1033
vn 0.7425 -0.5339 0.4045
vn -0.5381 -0.3033 -0.7864
vn -0.1090 0.9930 0.0465
vn 0.1146 0.2194 -0.9689
vn -0.9316 -0.1852 -0.3129
vn -0.9673 -0.0668 -0.2446
vn -0.8095 -0.3862 -0.4423
vn -0.2660 -0.0997 0.9588
vn -0.7975 -0.2620 -0.5434
vn -0.5473 -0.5579 -0.6238
vn -0.0251 -0.9995 -0.0167
vn -0.5503 -0.6984 -0.4576
vn -0.0767 -0.9638 -0.2552
vn 0.2449 -0.9434 -0.2236
vn 0.8108 -0.5254 -0.2579
vn 0.8128 -0.5610 0.1571
vn 0.3404 0.8008 0.4927
vn -0.0645 0.9320 0.3567
vn 0.1664 -0.8207 0.5466
vn 0.0293 -0.9177 0.3963
vn 0.8521 0.1701 0.4949
vn 0.3917 0.8120 -0.4326
vn 0.8341 0.3456 0.4298
vn 0.1872 -0.6271 0.7561
vn -0.3177 -0.8714 0.3738
vn 0.2878 -0.9576 0.0110
vn -0.5566 0.8294 -0.0477
vn -0.7120 0.6870 0.1451
vn -0.8344 -0.5311 0.1475
vn 0.6382 0.7344 0.2308
vn 0.4707 0.8581 0.2050
vn 0.2884 0.9574 0.0115
vn -0.3697 0.8253 0.4269
vn 0.2630 0.7949 -0.5467
vn 0.6244 -0.6475 -0.4368
vn 0.8516 -0.3377 -0.4009
vn -0.1017 -0.8032 0.5870
vn -0.2591 -0.7356 0.6259
vn 0.6379 -0.7645 0.0928
vn -0.6096 -0.3292 0.7211
vn 0.1192 -0.7120 0.6920
vn 0.5237 -0.4963 0.6925
vn 0.7159 0.0055 0.6982
vn 0.6196 0.7506 0.2296
vn 0.6932 0.6135 0.3783
vn 0.5067 -0.5798 0.6380
vn 0.7866 0.2719 -0.5543
vn 0.0858 -0.8696 0.4863
vn -0.3099 -0.4934 0.8127
vn -0.8557 0.2171 -0.4697
vn 0.0078 0.2447 0.9696
vn -0.5707 -0.7818 -0.2511
vn 0.3348 0.9039 0.2662
vn -0.2800 0.8657 -0.4149
vn -0.7257 0.6615 -0.1890
vn -0.5941 0.7569 -0.2723
vn 0.0657 -0.9618 0.2657
vn -0.2267 0.2683 0.9363
vn -0.0188 0.9873 0.1578
vn 0.3418 -0.1156 0.9326
vn -0.7986 -0.0753 -0.5971
vn 0.2973 0.8104 0.5048
vn 0.8060 0.0579 0.5891
vn 0.7750 -0.2423 0.5837
vn -0.1333 -0.6310 -0.7642
vn -0.4631 -0.4653 -0.7543
vn 0.7995 0.4655 0.3797
vn -0.1950 -0.9596 -0.2029
vn -0.9501 -0.3062 0.0588
vn -0.8110 -0.4417 -0.3836
vn -0.7102 0.4368 -0.5521
vn -0.8245 -0.0487 -0.5638
vn -0.5249 -0.1447 -0.8388
vn -0.2680 0.9632 -0.0190
vn -0.9951 -0.0634 0.0758
vn -0.9791 0.0275 0.2014
vn 0.0269 0.9535 -0.3003
vn -0.8208 0.5366 0.1960
vn 0.4058 0.5671 0.7167
vn 0.1511 0.8813 0.4478
vn 0.5449 -0.8350 0.0763
vn -0.8965 -0.1903 -0.4002
vn -0.7848 0.1666 -0.5969
vn 0.9836 0.1139 -0.1397
vn -0.0065 -0.9973 -0.0726
vn -0.2906 0.9287 -0.2304
vn 0.0734 0.9937 -0.0845
vn -0.2404 0.9583 -0.1546
vn 0.6600 -0.7484 0.0654
vn -0.5300 -0.6370 0.5597
vn 0.6623 -0.5293 0.5303
vn 0.0816 -0.9551 0.2848
vn -0.8845 -0.2440 0.3977
vn -0.1112 0.9866 0.1191
vn -0.3857 0.8965 0.2178
vn 0.7447 0.6602 0.0979
vn -0.6597 0.3981 0.6374
vn 0.9396 -0.3383 0.0523
vn 0.6605 -0.7468 -0.0776
vn 0.3444 0.8031 -0.4862
vn -0.0519 0.9496 -0.3091
vn -0.4035 0.8892 -0.2158
vn -0.0835 0.9814 -0.1730
vn 0.0086 0.9952 0.0976
vn 0.6826 0.7307 -0.0137
vn -0.5957 0.5130 -0.6180
vn -0.3308 -0.8427 -0.4248
vn -0.5179 0.3087 0.7978
vn -0.4240 0.4744 0.7715
vn 0.4003 -0.3052 0.8641
vn -0.3236 -0.7597 0.5640
vn -0.9110 -0.3916 -0.1296
vn -0.8267 0.2708 -0.4933
vn 0.2839 0.9555 -0.0802
vn 0.0300 0.7207 -0.6926
vn 0.9236 0.3568 0.1404
vn 0.8596 0.4663 0.2088
vn -0.1218 -0.9564 -0.2655
vn -0.8815 -0.0628 0.4680
vn -0.8695 -0.4556 0.1909
vn -0.7882 -0.1388 -0.5996
vn 0.9178 0.2004 -0.3428
vn 0.1705 0.8593 -0.4822
vn 0.8986 0.0669 -0.4336
vn 0.8268 -0.0615 -0.5591
vn -0.0868 -0.9065 -0.4131
vn 0.8855 0.0087 -0.4645
vn 0.1775 0.9186 0.3531
vn -0.5768 -0.6426 -0.5043
vn -0.7256 0.6626 -0.1856
vn -0.5124 0.7409 -0.4342
vn -0.7155 0.6054 -0.3486
vn -0.7671 0.6308 -0.1168
vn 0.2109 0.8979 0.3863
vn -0.0973 0.9248 -0.3677
vn -0.8889 -0.2632 -0.3749
vn -0.8390 -0.2570 -0.4797
vn 0.4138 0.8711 -0.2645
vn 0.6053 0.7919 -0.0806
vn -0.2647 0.7276 -0.6329
vn 0.8579 0.3197 0.4023
vn 0.7739 0.4362 0.4591
vn 0.6375 0.0266 0.7700
vn -0.9570 0.0679 0.2821
vn -0.2025 -0.9470 0.2492
vn -0.1978 -0.9258 0.3220
vn 0.9935 0.1089 -0.0323
vn 0.7743 0.6176 -0.1380
vn 0.8507 -0.5118 0.1197
vn 0.9583 -0.2143 -0.1892
vn -0.2946 -0.8955 -0.3337
vn 0.9119 0.3973 -0.1028
vn -0.9937 0.0941 -0.0607
vn -0.7503 0.2282 0.6205
vn -0.8907 -0.2233 0.3960
vn -0.9861 -0.0629 0.1536
vn 0.5733 0.8167 0.0662
vn -0.0485 -0.8722 0.4868
vn -0.3695 -0.6012 -0.7086
vn -0.6924 -0.0096 -0.7215
vn 0.9381 0.2604 0.2284
vn 0.3889 -0.8850 0.2560
vn 0.6415 -0.4869 0.5928
vn 0.6586 -0.6528 0.3743
vn 0.3014 -0.9526 0.0417
vn 0.5903 -0.4712 0.6554
vn -0.2508 -0.2643 -0.9312
vn 0.3103 0.3326 0.8906
vn 0.8741 0.4151 0.2524
vn -0.0976 0.7476 -0.6569
vn -0.1412 0.6920 -0.7080
vn 0.1856 -0.1398 -0.9726
vn 0.0240 -0.9000 -0.4353
vn 0.3535 0.9066 0.2305
vn -0.1175 0.8460 -0.5201
vn 0.8443 -0.2648 0.4658
vn -0.6792 0.6231 -0.3877
vn -0.2723 0.9622 0.0078
vn -0.5509 0.7249 -0.4135
vn 0.8653 0.3554 -0.3536
vn -0.4704 0.5887 -0.6574
vn -0.2874 -0.2871 -0.9138
vn 0.4794 -0.1150 -0.8700
vn -0.1190 -0.5835 -0.8033
vn -0.9124 -0.2664 0.3106
vn 0.2944 -0.4250 0.8560
vn 0.2546 -0.5930 0.7639
vn -0.7782 -0.5844 -0.2300
vn 0.8919 0.2381 -0.3844
vn 0.8187 -0.2123 -0.5336
vn 0.3880 -0.4757 0.7894
vn 0.6853 -0.2322 0.6903
vn -0.8340 -0.4954 0.2430
vn -0.3949 -0.4371 0.8081
vn 0.7417 0.6618 0.1088
vn -0.5230 0.8035 0.2844
vn -0.1786 -0.9789 -0.0991
vn 0.5074 -0.8616 0.0144
vn -0.9097 0.3261 -0.2571
vn 0.2030 0.5897 -0.7817
vn 0.5006 0.4751 -0.7236
vn 0.1838 0.9556 0.2304
vn 0.8781 0.3316 0.3450
vn -0.6081 -0.0914 -0.7886
vn -0.6909 -0.0769 -0.7189
vn -0.1124 0.9758 0.1878
vn -0.2452 0.5224 -0.8167
vn -0.2658 -0.9051 -0.3318
vn 0.3970 0.7303 0.5559
vn -0.0119 0.9942 0.1066
vn 0.8170 -0.2571 0.5161
vn 0.9961 0.0858 0.0191
vn -0.1455 0.8621 -0.4854
vn -0.2082 -0.3586 0.9100
vn -0.0275 -0.2180 -0.9756
vn -0.9320 0.2920 0.2148
vn -0.5449 -0.8173 -0.1873
vn 0.6053 0.7783 0.1671
vn -0.4438 0.5678 -0.6934
vn -0.6204 -0.4476 0.6440
vn -0.9914 0.0792 0.1046
vn 0.4902 0.4643 -0.7377
vn 0.5671 -0.2879 0.7717
vn 0.3532 -0.6245 0.6966
vn 0.9000 0.3129 -0.3034
vn 0.4367 -0.2888 0.8520
vn -0.1183 -0.9685 -0.2192
vn -0.1041 0.7448 0.6592
vn 0.2137 0.6348 0.7426
vn 0.1300 0.5817 0.8030
vn 0.9230 -0.3312 0.1961
vn 0.0369 0.7401 0.6714
vn 0.8705 0.4302 -0.2390
vn 0.1755 0.5776 0.7972
vn -0.3658 0.7640 0.5316
vn 0.6348 0.6230 0.4570
vn 0.6872 0.6572 0.3095
vn -0.6792 -0.6743 0.2898
vn 0.8926 0.2756 -0.3569
vn -0.6809 0.6084 0.4076
vn 0.4781 0.6735 0.5638
vn 0.6305 0.6361 0.4449
vn 0.7573 -0.2729 0.5934
vn 0.6094 -0.7862 0.1025
vn 0.5122 0.3801 0.7702
vn 0.2809 0.6347 -0.7199
vn -0.3169 0.1092 -0.9422
vn -0.6316 0.0592 -0.7730
vn -0.3245 -0.4203 -0.8474
vn -0.6076 -0.7633 0.2196
vn -0.9070 -0.4171 0.0576
vn -0.6007 0.7422 0.2971
vn 0.0044 0.9768 -0.2141
vn 0.6472 0.3234 -0.6903
vn -0.1200 -0.3005 0.9462
vn -0.1918 -0.9704 -0.1468
vn 0.9096 0.3102 0.2764
vn -0.0880 -0.7566 -0.6479
vn -0.7764 -0.4997 0.3839
vn -0.0354 0.6629 0.7478
vn -0.8116 -0.2375 0.5337
vn -0.7667 -0.4825 -0.4236
vn 0.7325 -0.0209 0.6804
vn -0.5719 -0.2505 0.7811
vn 0.6103 0.2480 0.7523
vn 0.2954 -0.3443 0.8912
vn -0.5848 0.2966 -0.7550
vn -0.6444 0.0034 -0.7647
vn -0.8267 -0.5622 -0.0219
vn 0.4048 0.1219 0.9062
vn 0.6309 0.6255 0.4590
vn -0.6241 -0.4948 0.6047
vn 0.0405 -0.8103 0.5847
vn -0.2406 -0.6316 0.7370
vn -0.6165 0.7376 0.2755
vn -0.0311 0.7183 0.6950
vn 0.0777 0.9956 0.0522
vn 0.4931 -0.8560 -0.1554
vn -0.0031 -0.5595 -0.8288
vn 0.6445 -0.7571 0.1069
vn -0.4518 0.8619 0.2302
vn 0.0678 -0.9967 -0.0454
vn 0.0049 -0.3586 0.9335
vn 0.4656 0.7666 -0.4422
vn -0.3229 0.5162 -0.7933
vn -0.4998 -0.8622 0.0829
vn 0.0453 0.7662 0.6410
vn -0.6639 -0.5671 0.4874
vn -0.5579 0.6947 0.4541
vn 0.4785 0.8761 0.0581
vn 0.7883 -0.3320 0.5180
vn 0.3649 -0.0010 0.9310
vn 0.1524 0.9690 0.1947
vn 0.9511 -0.1325 0.2789
vn -0.3894 0.9005 0.1939
vn 0.3361 -0.9194 -0.2041
vn -0.8998 0.0044 0.4364
vn 0.6522 -0.7516 0.0984
vn -0.3823 -0.8953 0.2288
vn 0.2966 -0.9224 0.2473
vn 0.0334 -0.9092 -0.4151
vn 0.4066 -0.9042 0.1305
vn 0.1188 -0.9841 0.1323
vn 0.9411 0.0992 0.3231
vn 0.6575 0.6277 -0.4169
vn -0.7420 0.3098 0.5945
vn -0.4440 -0.8956 0.0253
vn 0.3377 -0.4752 -0.8125
vn -0.5212 -0.8230 -0.2260
vn -0.8678 -0.2029 -0.4536
vn -0.6143 -0.6389 -0.4631
vn 0.8651 -0.4640 -0.1907
vn -0.0519 -0.6874 0.7244
vn -0.1820 -0.8565 0.4830
vn 0.5616 -0.0483 0.8260
vn 0.8560 0.2279 -0.4641
vn 0.5955 0.7099 0.3761
vn 0.1099 0.2044 -0.9727
vn 0.4108 0.6101 -0.6775
vn 0.2842 0.7059 0.6488
vn -0.5316 -0.7707 0.3512
vn 0.6972 -0.3074 -0.6476
vn -0.4339 0.8871 -0.1577
vn 0.2627 0.7569 0.5984
vn 0.0162 0.7812 0.6241
vn -0.1640 -0.5653 0.8084
vn -0.8973 0.3620 -0.2525
vn -0.0036 0.2537 0.9673
vn 0.4136 0.0705 0.9077
vn -0.9622 -0.0603 0.2657
vn 0.0960 0.6634 0.7421
vn 0.8405 -0.5395 0.0500
vn 0.1272 -0.2418 0.9620
vn 0.6103 -0.7238 -0.3218
vn 0.8562 0.5132 0.0595
vn 0.1158 0.9452 0.3052
vn 0.9139 0.3460 -0.2122
vn 0.5900 0.2646 0.7629
vn -0.6719 -0.2025 0.7124
vn 0.6691 -0.7408 -0.0593
vn 0.5464 0.3725 0.7501
vn 0.5240 -0.8180 0.2374
vn -0.4800 -0.8769 -0.0237
vn -0.6084 -0.7723 -0.1827
vn 0.3882 -0.0440 -0.9205
vn 0.8249 -0.1467 0.5459
vn 0.8250 -0.1467 0.5458
vn 0.9238 -0.0720 0.3761
vn 0.4400 0.8420 0.3121
vn -0.4595 -0.5518 -0.6959
vn -0.1814 0.8296 0.5280
vn 0.5663 -0.4750 0.6736
vn -0.4230 0.8935 0.1508
vn 0.9787 -0.2053 -0.0035
vn 0.6779 0.7299 -0.0880
vn 0.9152 -0.3015 -0.2675
vn 0.5579 -0.7261 0.4019
vn 0.8897 -0.4556 0.0281
vn -0.3112 0.1097 0.9440
vn 0.6707 -0.3264 0.6661
vn -0.6942 -0.7084 -0.1275
vn 0.7411 -0.6175 0.2637
vn 0.3735 0.8316 0.4109
vn -0.6351 0.2200 -0.7404
vn 0.2397 0.8563 0.4574
vn 0.8832 0.4365 0.1718
vn -0.5393 -0.8236 0.1760
vn -0.3988 0.8065 0.4365
vn 0.0226 0.9864 0.1629
vn -0.2033 -0.5432 0.8146
vn -0.4202 -0.6060 -0.6754
vn 0.1192 0.9295 0.3489
vn -0.9128 0.3797 -0.1506
vn 0.1882 0.8816 0.4328
vn 0.4393 -0.2524 0.8621
vn -0.6191 -0.2330 0.7499
vn 0.0182 -0.9957 0.0906
vn -0.6326 0.6015 -0.4879
vn -0.5683 -0.8154 -0.1103
vn -0.7046 0.6931 -0.1518
vn -0.7934 -0.0239 -0.6082
vn 0.6232 -0.0761 -0.7784
vn -0.0307 -0.9849 0.1705
vn 0.4254 0.7496 0.5071
vn 0.4484 -0.4068 0.7959
vn -0.4067 0.6911 -0.5974
vn 0.8174 -0.1630 0.5525
vn 0.4942 -0.8427 0.2138
vn -0.7723 0.1336 0.6211
vn -0.4122 -0.4256 -0.8056
vn -0.3637 -0.8175 -0.4465
vn -0.6859 -0.6574 -0.3119
vn 0.9604 0.2764 0.0359
vn 0.9392 0.1677 0.2998
vn -0.7615 0.0057 0.6482
vn 0.8268 -0.0738 -0.5577
vn 0.7725 -0.0184 -0.6348
vn 0.8335 -0.2036 -0.5136
vn 0.2896 -0.3015 -0.9084
vn -0.4521 0.3873 -0.8035
vn -0.4918 0.4252 -0.7598
vn -0.1516 -0.1904 -0.9699
vn 0.4457 0.0090 -0.8951
vn 0.3256 -0.0961 -0.9406
vn 0.2166 -0.1839 -0.9588
vn 0.4623 0.2320 -0.8558
vn 0.4868 0.2100 -0.8479
vn 0.5442 0.1551 -0.8245
vn 0.6718 -0.3748 -0.6389
vn 0.6717 -0.3752 -0.6388
vn 0.6717 -0.3749 -0.6389
vn -0.8350 0.3652 -0.4116
vn -0.8425 0.2491 -0.4777
vn -0.6130 0.3813 -0.6920
vn 0.5206 0.1455 -0.8413
vn 0.5205 0.1458 -0.8414
vn 0.5205 0.1457 -0.8413
vn -0.0783 -0.9492 -0.3046
vn 0.9762 -0.2116 -0.0473
vn -0.7366 0.3140 -0.5990
vn -0.7368 0.3137 -0.5989
vn -0.7369 0.3136 -0.5988
vn -0.6623 -0.1011 -0.7424
vn -0.9195 -0.3710 -0.1298
vn 0.8441 0.0129 0.5360
vn -0.0603 0.9813 0.1830
vn 0.5048 0.8299 0.2374
vn 0.9526 -0.2422 -0.1839
vn -0.8528 0.3869 0.3508
vn 0.5801 -0.3455 0.7376
vn -0.5787 0.8022 0.1469
vn -0.7470 -0.0741 0.6606
vn -0.9027 -0.3567 0.2406
vn -0.2505 0.9585 0.1360
vn -0.2831 0.0902 0.9548
vn -0.9887 0.1217 0.0878
vn -0.7159 -0.5978 -0.3606
vn 0.4370 -0.8708 0.2250
vn -0.4577 0.3656 0.8105
vn 0.7300 -0.5840 0.3550
vn -0.3365 0.0323 0.9411
vn -0.3275 -0.9445 0.0264
vn -0.9797 -0.1566 -0.1254
vn -0.6478 -0.3613 -0.6707
vn -0.5496 -0.8354 -0.0049
vn -0.6999 0.2394 0.6729
vn 0.6915 0.6087 0.3891
vn -0.2936 0.9166 -0.2713
vn 0.4642 0.5664 -0.6810
vn -0.3904 0.4363 -0.8107
vn -0.3177 0.7529 0.5764
vn -0.4982 0.5468 0.6729
vn 0.6022 0.7896 -0.1177
vn 0.0426 -0.8883 -0.4572
vn -0.7017 0.3456 -0.6230
vn 0.7344 -0.1308 0.6660
vn 0.0992 0.9593 -0.2645
vn 0.4771 0.7903 0.3844
vn 0.1706 -0.5881 -0.7906
vn -0.4606 -0.7815 0.4209
vn -0.4943 -0.8498 -0.1832
vn 0.0944 0.9088 0.4064
vn 0.2946 0.5136 0.8059
vn 0.9613 -0.1590 -0.2248
vn 0.4862 -0.8672 0.1072
vn -0.5282 -0.7049 0.4734
vn -0.8621 -0.3880 0.3260
vn -0.9269 -0.2680 0.2629
vn -0.7956 0.4523 0.4030
vn -0.5448 0.7459 0.3832
vn -0.9994 -0.0298 0.0202
vn 0.5570 0.3916 -0.7324
vn 0.2038 0.9789 -0.0158
vn 0.2038 0.9789 -0.0156
vn 0.2040 0.9788 -0.0156
vn -0.2866 -0.8383 -0.4637
vn -0.2472 0.8565 0.4530
vn 0.7994 0.4922 -0.3445
vn -0.0798 0.9934 0.0823
vn 0.7453 -0.0010 0.6668
vn -0.8816 -0.4432 0.1624
vn -0.5066 0.7292 0.4600
vn 0.3816 -0.0227 0.9240
vn -0.1800 -0.8100 0.5581
vn -0.9960 0.0845 -0.0300
vn 0.7235 0.6902 0.0096
vn 0.8943 -0.0520 0.4445
vn 0.3306 0.8761 0.3510
vn -0.2208 -0.9051 -0.3635
vn 0.9466 -0.2672 -0.1803
vn -0.2158 -0.9438 -0.2503
vn 0.4617 0.3441 0.8176
vn 0.8666 -0.4883 0.1023
vn 0.3691 0.8298 -0.4185
vn 0.8299 0.2021 0.5200
vn 0.2822 0.9591 -0.0220
vn -0.6610 0.6663 -0.3452
vn 0.8508 0.1215 0.5113
vn -0.6250 0.7788 0.0539
vn 0.1229 0.6771 -0.7256
vn -0.5174 -0.5745 -0.6342
vn 0.4876 0.4645 0.7392
vn -0.3746 0.6017 0.7054
vn 0.8575 0.5108 -0.0609
vn 0.7156 0.5953 -0.3654
vn 0.5154 -0.4197 -0.7472
vn 0.1590 0.5551 -0.8164
vn -0.6618 0.2077 -0.7203
vn -0.9125 -0.4089 -0.0107
vn 0.3849 -0.9167 0.1074
vn -0.1281 -0.8678 -0.4802
vn -0.3868 0.8953 0.2210
vn -0.7991 -0.3653 0.4775
vn 0.5821 -0.7198 0.3782
vn 0.8516 -0.4948 0.1729
vn 0.6966 0.0251 -0.7170
vn 0.6966 0.0252 -0.7170
vn -0.5079 -0.0908 -0.8566
vn 0.2352 -0.9513 -0.1995
vn -0.1050 -0.8020 0.5880
vn 0.7302 -0.3940 -0.5581
vn -0.1487 -0.9785 -0.1429
vn -0.9606 0.0421 0.2748
vn -0.0727 0.7450 0.6631
vn -0.5296 -0.7350 -0.4235
vn 0.9810 -0.1309 -0.1429
vn 0.9817 -0.1860 0.0410
vn 0.0444 0.9590 0.2798
vn -0.8720 -0.4197 -0.2519
vn 0.4936 -0.7849 -0.3746
vn 0.6674 -0.3486 -0.6581
vn -0.1125 -0.9315 -0.3460
vn 0.4348 0.1907 -0.8801
vn 0.8667 0.2515 -0.4308
vn 0.5239 -0.0220 0.8515
vn -0.9563 0.0629 -0.2855
vn 0.8929 0.2863 -0.3475
vn -0.5646 0.5626 -0.6040
vn -0.5440 -0.3842 -0.7460
vn -0.3105 0.8169 -0.4861
vn 0.2577 -0.5483 0.7955
vn -0.1045 -0.6273 0.7717
vn 0.6614 -0.4909 -0.5671
vn 0.8786 -0.1702 -0.4462
vn -0.3972 -0.7402 -0.5425
vn -0.0352 0.9768 0.2110
vn 0.9859 -0.0507 -0.1598
vn 0.0868 -0.4018 0.9116
vn 0.6046 -0.7846 -0.1374
vn 0.0277 -0.9995 -0.0124
vn -0.9046 0.1909 -0.3811
vn 0.1794 0.9178 0.3543
vn -0.9444 -0.2881 0.1587
vn -0.6720 -0.2625 -0.6925
vn -0.2926 -0.8419 0.4534
vn 0.0036 0.7498 -0.6616
vn 0.1273 -0.5315 0.8374
vn -0.6809 -0.6117 -0.4027
vn -0.1961 -0.8023 0.5638
vn 0.9264 -0.2875 -0.2432
vn -0.0179 -0.5382 0.8427
vn -0.4648 -0.8853 0.0127
vn -0.6948 -0.6623 0.2805
vn -0.8102 -0.3027 -0.5020
vn 0.8469 -0.4454 -0.2903
vn 0.8413 -0.1364 0.5230
vn 0.2322 -0.5581 0.7966
vn 0.8637 0.3433 -0.3690
vn 0.1018 0.7147 -0.6920
vn 0.6715 0.6933 -0.2618
vn -0.8426 -0.1665 -0.5121
vn -0.6499 0.5873 0.4824
vn -0.7790 -0.5513 -0.2987
vn -0.6544 0.4069 0.6373
vn 0.0342 0.8788 -0.4759
vn 0.9509 -0.0225 0.3087
vn -0.3680 0.8728 0.3205
vn -0.6201 -0.6925 -0.3686
vn -0.4685 -0.8382 -0.2790
vn 0.6737 -0.5025 0.5419
vn -0.1083 -0.6565 0.7465
vn 0.7923 0.2778 -0.5432
vn 0.5688 0.5813 0.5818
vn -0.6723 0.0118 -0.7402
vn 0.4732 -0.2792 0.8356
vn 0.4541 -0.0974 0.8856
vn -0.7631 0.5359 0.3611
vn 0.0220 -0.2820 0.9592
vn -0.5220 -0.8447 -0.1184
vn -0.7021 -0.3264 -0.6328
vn 0.6157 -0.7177 0.3254
vn -0.3898 -0.9118 -0.1289
vn 0.0740 -0.2757 -0.9584
vn -0.5963 0.6186 -0.5116
vn -0.4132 0.3330 -0.8476
vn 0.4883 -0.6173 0.6169
vn 0.8628 -0.4488 0.2326
vn 0.0347 0.5230 -0.8516
vn -0.0299 -0.6101 0.7917
vn -0.2364 0.5222 -0.8194
vn 0.9035 0.4277 -0.0267
vn 0.7942 0.4738 0.3805
vn -0.6797 0.4616 -0.5700
vn -0.6171 -0.6429 -0.4537
vn -0.3310 -0.2184 0.9180
vn -0.8104 -0.3126 -0.4955
vn -0.5305 -0.1896 0.8262
vn 0.4763 0.8307 -0.2881
vn -0.0903 0.9951 0.0410
vn -0.6004 -0.3915 0.6973
vn 0.5790 -0.0119 0.8152
vn 0.5194 -0.4191 0.7447
vn -0.8323 -0.1594 -0.5309
vn 0.0781 0.6529 0.7534
vn -0.7825 -0.0583 0.6199
vn -0.7827 -0.0600 0.6195
vn -0.7826 -0.0584 0.6198
vn -0.4975 -0.7588 0.4204
vn -0.8535 -0.0674 0.5167
vn 0.0869 -0.3253 0.9416
vn -0.2345 0.1346 -0.9628
vn 0.1126 -0.9630 0.2449
vn -0.4959 -0.1272 0.8590
vn -0.5052 -0.0830 0.8590
vn 0.3676 -0.2743 0.8886
vn -0.5371 -0.0591 0.8414
vn -0.1751 -0.8916 0.4176
vn 0.2301 0.8684 -0.4393
vn -0.9470 0.3144 0.0665
vn -0.2897 0.3933 0.8726
vn 0.2037 0.9789 -0.0156
vn -0.7531 0.5733 0.3227
vn -0.7531 0.5730 0.3232
vn -0.7531 0.5729 0.3233
vn -0.7531 0.5730 0.3233
vn 0.1157 -0.3796 -0.9179
vn 0.1159 -0.3796 -0.9179
vn 0.1162 -0.3795 -0.9179
vn 0.1160 -0.3796 -0.9178
vn -0.6176 0.7723 0.1486
vn -0.7918 -0.6074 0.0639
vn -0.7919 -0.6073 0.0638
vn 0.2531 -0.9400 0.2289
vn -0.7808 0.2463 -0.5741
vn -0.3920 -0.9012 -0.1849
vn 0.8438 -0.0721 0.5318
vn -0.2694 -0.8880 0.3727
vn -0.7246 0.6858 -0.0676
vn -0.7526 0.5611 0.3446
vn -0.6095 -0.0344 0.7921
vn 0.7480 0.2310 0.6222
vn 0.7612 -0.1991 0.6172
vn -0.1364 0.9741 -0.1804
vn -0.5273 0.2350 0.8165
vn -0.6685 -0.0661 -0.7408
vn -0.0175 0.9495 0.3133
vn -0.1434 0.3821 -0.9129
vn -0.3739 -0.9129 -0.1635
vn 0.0642 0.7696 -0.6353
vn -0.2402 0.7864 -0.5691
vn -0.1893 -0.2026 -0.9608
vn -0.2999 0.9533 -0.0357
vn -0.1735 0.9845 -0.0258
vn -0.4311 0.7028 0.5659
vn -0.1230 0.9631 0.2396
vn -0.0248 0.8927 -0.4499
vn -0.5886 0.4860 -0.6461
vn 0.1050 0.9088 0.4038
vn 0.6915 0.3936 -0.6057
vn 0.7786 0.3993 -0.4841
vn -0.0599 0.6930 -0.7185
vn -0.7156 0.6755 -0.1777
vn 0.9824 0.1696 -0.0784
vn 0.0100 -0.4039 -0.9148
vn 0.7642 -0.5978 -0.2421
vn 0.3709 0.0572 0.9269
vn -0.5560 0.0626 0.8288
vn 0.1154 -0.4433 0.8889
vn -0.9545 -0.0789 -0.2877
vn -0.9388 -0.2556 -0.2310
vn -0.1614 0.3741 0.9133
vn -0.1006 0.5267 0.8441
vn -0.1289 0.9909 0.0391
vn 0.1677 -0.8434 -0.5104
vn -0.1194 0.1610 -0.9797
vn -0.9272 -0.2583 -0.2712
vn 0.5593 0.4469 0.6982
vn 0.8374 -0.0952 0.5382
vn 0.2085 0.3704 0.9052
vn -0.0246 -0.2724 0.9619
vn 0.2076 -0.6586 0.7233
vn -0.2824 -0.3694 0.8853
vn -0.5518 -0.8130 -0.1856
vn -0.2336 -0.9403 -0.2476
vn 0.0214 -0.9997 0.0078
vn -0.3514 0.9340 -0.0648
vn -0.2463 0.6441 -0.7242
vn 0.3969 0.3102 -0.8638
vn -0.3832 0.9105 0.1552
vn -0.3855 -0.3106 -0.8689
vn -0.9890 0.1385 0.0527
vn 0.6712 0.6105 0.4205
vn 0.2380 -0.4443 0.8637
vn -0.0842 0.5104 0.8558
vn 0.1526 -0.7885 0.5957
vn -0.0123 0.9353 0.3537
vn 0.1301 -0.9796 -0.1532
vn 0.2528 -0.7395 -0.6238
vn 0.3416 -0.4251 0.8382
vn 0.9501 0.3075 -0.0530
vn -0.8315 0.2242 -0.5082
vn -0.3335 -0.8960 -0.2930
vn -0.8419 0.1855 -0.5068
vn 0.4228 0.8434 0.3317
vn 0.0481 0.9723 0.2287
vn 0.1158 -0.9305 -0.3474
vn 0.4837 -0.6661 0.5677
vn 0.1753 0.9654 -0.1930
vn 0.6222 0.3544 -0.6980
vn -0.4336 0.5594 -0.7064
vn 0.4261 -0.8811 0.2054
vn 0.0549 0.5101 0.8583
vn 0.8248 -0.5635 0.0456
vn -0.9779 0.0020 0.2092
vn 0.2778 -0.3018 0.9120
vn -0.6921 -0.1244 -0.7110
vn -0.6642 0.7474 -0.0136
vn 0.4503 -0.8407 -0.3008
vn 0.7403 -0.3344 -0.5832
vn -0.7096 0.5630 0.4238
vn 0.9899 0.0868 0.1120
vn 0.2852 -0.9575 0.0426
vn 0.9089 0.3656 0.2005
vn -0.9038 0.1959 0.3805
vn 0.1989 -0.4936 0.8466
vn 0.3473 -0.9377 -0.0107
vn 0.5492 -0.8302 0.0958
vn 0.8443 -0.3572 -0.3995
vn -0.0490 -0.9119 0.4076
vn -0.0062 -0.9092 -0.4162
vn 0.8484 -0.4896 0.2014
vn 0.5722 -0.6797 -0.4589
vn 0.8455 0.0039 0.5340
vn -0.9925 0.1130 0.0470
vn 0.3451 0.8837 0.3161
vn -0.0209 0.9960 -0.0874
vn -0.1260 0.5344 0.8358
vn -0.9989 -0.0208 -0.0409
vn -0.7562 -0.0477 -0.6526
vn -0.4777 0.6925 -0.5406
vn -0.5603 -0.7602 -0.3290
vn -0.4643 -0.6406 -0.6116
vn -0.5444 -0.7944 -0.2693
vn 0.3233 0.4693 -0.8217
vn 0.3233 0.4694 -0.8217
vn -0.2985 0.7526 0.5869
vn -0.1752 0.4013 0.8990
vn -0.2382 0.5781 0.7804
vn -0.3420 0.8903 0.3007
vn 0.6198 0.1865 -0.7623
vn 0.3894 0.2936 -0.8730
vn 0.5353 0.8331 -0.1397
vn 0.5360 0.8325 -0.1402
vn 0.5358 0.8327 -0.1398
vn 0.5360 0.8325 -0.1398
vn 0.6715 -0.3753 -0.6389
vn -0.4735 0.1254 -0.8718
vn -0.4704 0.5798 -0.6652
vn 0.4489 0.6424 0.6212
vn 0.4489 0.6426 0.6210
vn 0.4489 0.6428 0.6207
vn 0.5202 0.1458 -0.8415
vn 0.7936 -0.6030 -0.0811
vn -0.0856 -0.9903 0.1090
vn -0.0861 -0.9903 0.1091
vn -0.0857 -0.9903 0.1091
vn -0.0858 -0.9903 0.1089
vn -0.7369 0.3137 -0.5989
vn 0.1996 -0.9107 -0.3616
vn 0.1994 -0.9108 -0.3615
vn 0.1994 -0.9106 -0.3619
vn 0.1998 -0.9106 -0.3619
vn -0.4220 0.9014 -0.0974
vn 0.0639 0.7622 0.6442
vn -0.1108 0.9100 0.3995
vn -0.7960 0.5533 -0.2453
vn 0.4664 0.6774 0.5688
vn 0.1454 0.9893 0.0071
vn 0.0020 -0.2426 0.9701
vn -0.9731 0.2269 -0.0398
vn -0.9438 0.1798 -0.2774
vn -0.2061 0.6682 -0.7148
vn -0.2069 0.6685 -0.7143
vn 0.6575 0.7004 -0.2776
vn -0.2593 0.6559 0.7089
vn 0.8965 0.1727 -0.4080
vn -0.2157 0.1597 0.9633
vn -0.3315 0.8726 0.3587
vn 0.0727 0.6732 0.7359
vn -0.2692 0.9217 0.2792
vn 0.4731 0.7047 0.5288
vn 0.3253 0.4180 -0.8482
vn -0.1600 0.9320 0.3254
vn -0.3543 -0.5052 -0.7870
vn -0.7418 0.6555 -0.1417
vn -0.5691 -0.4597 -0.6818
vn -0.1250 -0.9921 -0.0065
vn -0.3193 0.9351 -0.1536
vn -0.8029 -0.5903 -0.0826
vn -0.7365 -0.6172 -0.2769
vn 0.4906 0.4735 0.7315
vn -0.2295 0.7965 -0.5594
vn 0.1155 -0.9816 0.1522
vn -0.4891 -0.3307 -0.8071
vn -0.1356 -0.2177 -0.9665
vn 0.1533 -0.9527 0.2623
vn -0.3711 0.7874 0.4923
vn -0.7703 0.3474 0.5347
vn -0.3631 0.9108 0.1966
vn 0.5696 -0.1284 0.8118
vn 0.4839 0.8602 0.1607
vn -0.2129 -0.9149 0.3430
vn -0.5261 -0.8484 0.0588
vn 0.3789 -0.9027 -0.2039
vn 0.1768 -0.3518 0.9192
vn -0.7346 -0.2211 0.6414
vn -0.2472 0.9591 0.1381
vn -0.8602 0.5009 -0.0959
vn 0.1487 0.9776 0.1490
vn 0.4839 0.8229 0.2977
vn -0.7658 -0.1107 -0.6334
vn 0.6357 -0.7684 0.0737
vn 0.6258 -0.7799 0.0074
vn 0.4037 -0.3214 0.8566
vn -0.7202 0.3871 0.5758
vn 0.7891 0.1119 -0.6039
vn 0.6336 -0.6695 -0.3877
vn 0.8584 0.1410 0.4932
vn 0.9277 -0.2231 0.2995
vn 0.4622 -0.8814 0.0976
vn 0.7738 -0.1072 -0.6243
vn 0.9045 -0.0499 0.4235
vn 0.5615 -0.5238 0.6406
vn 0.8404 -0.1041 0.5319
vn -0.0891 0.9690 -0.2304
vn 0.6193 0.7847 -0.0271
vn -0.8299 -0.5327 -0.1657
vn -0.7446 -0.1324 -0.6542
vn -0.3980 -0.8784 -0.2648
vn 0.2435 -0.7524 0.6120
vn 0.5950 -0.0615 0.8014
vn -0.3999 -0.6128 -0.6816
vn 0.8609 -0.5080 -0.0281
vn -0.5112 -0.7830 -0.3545
vn -0.1659 0.9619 0.2175
vn -0.5590 -0.6682 -0.4909
vn -0.9335 0.3125 -0.1758
vn 0.3466 -0.9356 -0.0668
vn 0.7653 -0.1113 0.6339
vn 0.4200 0.8988 -0.1256
vn -0.9293 -0.3410 0.1422
vn 0.4631 -0.8850 -0.0482
vn 0.2166 -0.5155 0.8291
vn 0.5984 -0.3445 0.7234
vn -0.3509 0.8838 0.3095
vn 0.9711 0.1728 -0.1648
vn -0.5067 -0.3149 0.8026
vn 0.3632 -0.5688 0.7380
vn 0.0550 -0.3151 0.9475
vn -0.7699 -0.2884 -0.5692
vn 0.4388 0.6163 0.6539
vn 0.9555 -0.1901 -0.2257
vn 0.7087 0.6930 -0.1320
vn 0.3136 -0.1541 0.9370
vn -0.6566 -0.2866 -0.6976
vn 0.3239 -0.9203 -0.2194
vn -0.5755 0.2258 0.7860
vn -0.8579 -0.2090 0.4695
vn -0.4567 -0.0835 0.8857
vn -0.5295 0.7900 -0.3091
vn 0.5042 0.6976 -0.5091
vn 0.9773 -0.0428 -0.2074
vn 0.7207 -0.4486 0.5285
vn -0.4999 -0.3936 0.7715
vn -0.2713 -0.9535 0.1309
vn 0.4418 0.8353 -0.3273
vn -0.0022 0.5760 -0.8174
vn -0.6406 -0.0626 -0.7653
vn -0.1176 -0.6486 0.7520
vn 0.7332 0.4932 -0.4681
vn -0.5486 0.2588 0.7950
vn 0.5177 0.7876 -0.3341
vn -0.7276 -0.1312 0.6734
vn 0.8908 0.1502 -0.4288
vn 0.5273 0.8457 0.0825
vn 0.9637 -0.2606 -0.0588
vn -0.9394 0.3298 0.0936
vn -0.8673 -0.3942 -0.3038
vn -0.5113 0.8383 -0.1891
vn 0.7101 -0.3368 -0.6183
vn 0.0441 0.9206 0.3879
vn -0.9140 -0.3809 0.1398
vn -0.9676 0.2459 -0.0570
vn -0.9353 0.2049 0.2884
vn -0.3024 0.2153 0.9286
vn 0.0215 0.8601 0.5096
vn -0.2476 -0.9674 -0.0538
vn -0.5237 -0.6633 -0.5345
vn -0.1500 0.6490 -0.7459
vn -0.1918 0.7326 -0.6531
vn -0.5299 0.1629 -0.8323
vn -0.6205 -0.0348 -0.7834
vn -0.9793 0.0477 0.1965
vn -0.2736 -0.9551 0.1133
vn 0.6903 0.6343 0.3481
vn 0.6149 0.0715 0.7854
vn -0.7063 0.6106 0.3582
vn 0.2292 -0.7455 -0.6258
vn -0.9306 0.0486 0.3629
vn -0.2158 0.9069 -0.3619
vn 0.1976 -0.2422 0.9499
vn 0.9954 0.0956 -0.0050
vn -0.0000 -0.0000 -0.0000
vn -0.2390 -0.0297 0.9706
vn -0.4739 0.7820 0.4048
vn -0.4430 -0.8437 -0.3033
vn 0.6700 -0.6001 0.4370
vn 0.7404 -0.1164 -0.6620
vn -0.3653 0.7483 -0.5537
vn 0.8696 0.1007 0.4834
vn 0.0077 -0.9331 0.3596
vn 0.0545 -0.3957 0.9168
vn -0.6606 0.7194 -0.2146
vn -0.9042 -0.3499 -0.2449
vn 0.5889 0.8052 0.0697
vn -0.2739 0.6015 0.7504
vn 0.9631 -0.0821 -0.2563
vn -0.8463 -0.4948 -0.1972
vn 0.1543 -0.4468 -0.8812
vn 0.9798 0.1887 -0.0666
vn 0.9791 0.1910 -0.0695
vn 0.9801 0.1845 -0.0738
vn -0.4530 0.4936 0.7423
vn 0.1552 -0.2968 0.9422
vn 0.4669 0.7649 -0.4437
vn -0.8369 0.3861 -0.3879
vn -0.1379 -0.4619 -0.8761
vn 0.6940 -0.6793 0.2388
vn -0.9637 -0.2579 -0.0686
vn -0.2822 0.9510 -0.1263
vn 0.3468 0.8517 0.3929
vn 0.6202 -0.5003 -0.6042
vn -0.0342 0.4216 -0.9061
vn 0.0927 -0.5344 0.8401
vn 0.9985 0.0496 -0.0248
vn 0.0278 0.7835 -0.6208
vn -0.9033 0.3205 0.2853
vn -0.3409 -0.3897 0.8556
vn -0.6534 -0.5337 -0.5368
vn 0.2012 0.5540 0.8078
vn 0.0968 0.8414 -0.5316
vn -0.7949 -0.3638 0.4856
vn -0.8881 -0.1164 0.4447
vn -0.2558 0.7632 -0.5934
vn 0.9600 -0.0542 -0.2748
vn -0.6056 -0.7908 0.0885
vn 0.9424 -0.3026 0.1424
vn 0.2426 -0.8195 0.5192
vn 0.9566 0.1348 -0.2582
vn 0.0970 -0.4418 -0.8919
vn 0.0925 0.9938 0.0610
vn 0.6854 0.6043 -0.4063
vn -0.6292 0.2292 -0.7427
vn -0.4033 0.2617 0.8768
vn -0.8035 -0.4993 0.3243
vn -0.1558 -0.8426 -0.5155
vn -0.5219 -0.0911 0.8482
vn 0.7834 -0.3159 0.5352
vn 0.9622 0.2422 0.1242
vn 0.0549 0.5044 -0.8617
vn -0.7122 0.6984 0.0712
vn -0.5495 -0.7740 -0.3147
vn -0.3555 0.7624 0.5407
vn 0.2181 -0.6830 0.6971
vn 0.2075 -0.8405 0.5005
vn -0.9072 -0.1874 0.3768
vn -0.3391 -0.2196 -0.9148
vn 0.3689 0.3909 -0.8432
vn 0.8064 0.3348 0.4874
vn 0.4690 -0.8711 -0.1455
vn -0.2824 0.7945 0.5376
vn -0.2781 0.8805 -0.3839
vn 0.1231 0.9465 -0.2983
vn 0.8850 -0.2894 0.3648
vn -0.6950 -0.6883 0.2079
vn -0.9240 -0.3277 -0.1973
vn 0.5544 0.5112 -0.6568
vn 0.7266 -0.5092 0.4612
vn 0.1482 -0.7667 -0.6246
vn -0.9515 -0.2984 0.0751
vn -0.0948 0.3058 0.9474
vn 0.6553 0.7454 0.1222
vn 0.6923 0.6499 -0.3138
vn -0.5567 -0.2596 -0.7891
vn -0.2695 -0.2447 0.9314
vn 0.6628 0.7158 -0.2198
vn 0.0439 0.0711 -0.9965
vn -0.4995 -0.2031 -0.8421
vn 0.7545 0.6217 0.2103
vn 0.8025 0.3934 0.4486
vn 0.0333 -0.6723 0.7395
vn -0.6432 -0.5652 0.5165
vn 0.4221 -0.7774 -0.4663
vn -0.6032 -0.6151 -0.5078
vn -0.1183 -0.2771 0.9535
vn -0.2595 -0.3555 0.8979
vn -0.3163 -0.2144 -0.9241
vn 0.5998 0.7587 0.2540
vn -0.5773 -0.4941 -0.6501
vn -0.8128 0.5428 0.2115
vn 0.1525 0.6615 -0.7343
vn -0.3267 -0.1941 0.9250
vn -0.3266 -0.1944 0.9249
vn 0.5909 -0.0090 -0.8067
vn 0.6725 0.7184 0.1778
vn -0.0260 -0.9997 0.0036
vn -0.8973 0.2460 -0.3665
vn -0.3723 0.0767 0.9249
vn 0.5565 0.7249 -0.4059
vn 0.6021 -0.0334 -0.7977
vn -0.7286 0.6846 -0.0199
vn -0.6616 -0.4160 -0.6238
vn 0.2174 -0.9684 -0.1219
vn -0.6107 0.1672 0.7740
vn 0.7220 -0.0330 0.6911
vn 0.0079 -0.9823 0.1870
vn -0.4972 0.7487 0.4385
vn -0.6126 0.3635 0.7018
vn 0.3877 0.3594 -0.8488
vn 0.7305 0.2711 -0.6268
vn -0.0567 -0.9584 0.2798
vn -0.2502 0.6847 -0.6845
vn -0.6766 -0.5522 -0.4871
vn 0.6245 0.1428 0.7678
vn -0.0467 0.5985 -0.7997
vn -0.4797 -0.6590 -0.5793
vn -0.8450 -0.0407 0.5333
vn -0.0221 0.6772 -0.7354
vn 0.9445 -0.2666 0.1921
vn -0.5929 -0.2737 0.7573
vn -0.8652 -0.0217 0.5009
vn 0.7974 -0.5575 0.2309
vn 0.6166 -0.7599 -0.2059
vn 0.2559 0.7503 0.6096
vn 0.7796 -0.2132 -0.5889
vn 0.5514 -0.7864 -0.2785
vn -0.6322 -0.4487 0.6317
vn 0.3388 0.9356 -0.0996
vn 0.0467 0.9987 0.0210
vn -0.8416 0.1100 -0.5287
vn -0.8004 0.1352 0.5840
vn 0.6334 -0.1715 0.7546
vn 0.4844 -0.7123 -0.5079
vn 0.4386 0.3880 -0.8106
vn -0.4701 -0.8631 0.1844
vn 0.6664 -0.2658 -0.6967
vn 0.4537 0.4992 0.7383
vn 0.2524 -0.7880 0.5616
vn -0.8685 -0.4945 0.0340
vn -0.4935 0.4590 -0.7388
vn 0.0313 0.9522 0.3037
vn 0.5455 -0.6899 -0.4758
vn -0.4523 -0.5750 0.6817
vn -0.8604 -0.2589 -0.4389
vn 0.1485 0.1971 0.9691
vn -0.0017 0.5164 -0.8564
vn 0.7308 0.6739 0.1090
vn -0.5525 0.0812 -0.8295
vn 0.7025 -0.7082 0.0699
vn 0.0967 -0.9481 0.3028
vn 0.7209 0.3654 -0.5888
vn 0.3847 0.7241 0.5724
vn -0.8351 0.1976 -0.5134
vn -0.6918 0.0963 0.7156
vn -0.4934 -0.1954 0.8476
vn -0.2973 -0.5325 0.7925
vn 0.8885 -0.3900 -0.2416
vn -0.7048 0.6611 -0.2573
vn -0.0043 0.8103 -0.5860
vn 0.8681 -0.0482 -0.4940
vn 0.3475 0.6565 0.6695
vn -0.0366 -0.8345 0.5498
vn -0.6581 0.6767 -0.3303
vn -0.5710 -0.5580 -0.6022
vn -1.0000 -0.0000 -0.0000
vn -0.8543 0.4513 0.2579
vn -0.8510 0.4560 0.2606
vn -0.8527 0.4609 0.2458
vn -0.0000 -1.0000 -0.0000
vn 0.4629 -0.3885 0.7967
vn -0.8220 -0.4444 0.3560
vn 0.6225 -0.5742 -0.5317
vn 0.2002 0.9271 0.3169
vn 0.5747 0.8129 0.0946
vn 0.1601 0.9823 0.0977
vn -0.8470 -0.2640 0.4613
vn 0.4034 -0.6934 -0.5971
vn -0.8887 -0.4242 0.1739
vn 0.5768 -0.0976 0.8110
vn -0.6274 -0.7531 0.1980
vn 0.9013 -0.1709 -0.3980
vn -0.5771 0.5342 0.6177
vn -0.2271 0.9576 -0.1773
vn -0.3960 -0.0852 -0.9143
vn 0.2254 -0.9742 0.0094
vn -0.9823 0.0715 0.1733
vn -0.2509 0.0463 -0.9669
vn 0.6106 0.7404 -0.2809
vn 0.5228 0.0663 0.8499
vn -0.3798 0.7407 -0.5541
vn -0.1694 -0.6074 -0.7761
vn -0.8613 0.0888 0.5003
vn 0.3958 -0.7021 -0.5920
vn 0.6561 0.7534 0.0446
vn -0.7373 -0.2584 0.6242
vn 0.4824 -0.3834 0.7876
vn -0.3263 -0.8567 0.3995
vn -0.0517 0.9952 0.0832
vn 0.0635 0.2096 -0.9757
vn 0.9626 -0.1716 0.2095
vn -0.7987 -0.2520 0.5464
vn -0.7761 -0.2425 0.5821
vn -0.7956 -0.2387 0.5569
vn 0.2788 -0.9587 -0.0562
vn -0.1457 0.3146 -0.9380
vn 0.9163 0.3879 -0.0999
vn 0.0161 0.5679 0.8229
vn -0.8507 -0.3350 0.4052
vn 0.8042 -0.5024 -0.3176
vn -0.9211 -0.3706 -0.1190
vn 0.3032 0.6126 0.7299
vn -0.1161 0.8311 -0.5438
vn 0.1912 -0.8587 0.4755
vn 0.9074 0.3514 0.2305
vn -0.8300 0.4862 0.2734
vn 0.0596 -0.2904 0.9550
vn -0.9971 -0.0091 -0.0760
vn 0.3122 -0.5327 -0.7866
vn -0.1939 -0.9355 0.2953
vn 0.3050 0.9439 0.1268
vn 0.8748 0.0414 -0.4827
vn -0.2198 0.8241 -0.5221
vn -0.7903 -0.0335 0.6118
vn -0.7715 -0.0326 0.6354
vn -0.7742 -0.0336 0.6320
vn 0.9856 0.1232 0.1160
vn 0.9815 0.1261 0.1441
vn 0.9823 0.1247 0.1396
vn -0.6108 -0.4886 -0.6230
vn -0.6024 -0.5020 -0.6206
vn -0.6082 -0.4923 -0.6227
vn 0.9272 0.3352 0.1672
vn -0.6471 -0.3188 0.6925
vn -0.8672 -0.1712 -0.4676
vn 0.6326 -0.3401 0.6958
vn 0.4919 0.6714 0.5542
vn 0.2406 -0.9490 -0.2036
vn 0.6136 0.1685 -0.7714
vn -0.6691 0.5492 -0.5007
vn -0.9688 -0.0190 0.2470
vn -0.9617 -0.0273 0.2728
vn -0.9674 -0.0210 0.2524
vn 0.9671 -0.1799 -0.1799
vn 0.9656 -0.1998 -0.1665
vn 0.9581 -0.2457 -0.1474
vn -0.4604 0.8551 -0.2384
vn -0.4426 0.8650 -0.2364
vn -0.4769 0.8478 -0.2318
vn -0.7216 -0.2606 0.6414
vn -0.6835 -0.2563 0.6835
vn -0.6848 -0.2490 0.6848
vn 0.3511 0.4357 0.8288
vn -0.9290 0.2975 0.2201
vn 0.5837 -0.2649 -0.7675
vn 0.0872 -0.5917 -0.8014
vn 0.4656 0.8536 -0.2335
vn -0.7986 0.6002 0.0450
vn -0.6285 -0.6557 0.4184
vn 0.5955 -0.1370 0.7916
vn -0.1980 -0.7038 -0.6822
vn 0.0247 -0.7282 0.6850
vn -0.9778 0.0464 0.2043
vn 0.1194 -0.2246 -0.9671
vn 0.9500 0.1910 0.2470
vn -0.0431 0.9534 -0.2985
vn -0.4771 -0.5181 -0.7099
vn 0.7037 -0.1247 -0.6995
vn -0.8280 -0.3290 0.4540
vn 0.7034 0.6557 0.2745
vn 0.3405 0.8953 -0.2873
vn 0.6574 -0.5245 -0.5411
vn -0.6613 -0.7284 -0.1790
vn 0.5965 -0.0298 0.8021
vn -0.7124 0.5453 0.4416
vn -0.2924 0.7896 0.5395
vn 0.1945 -0.4334 0.8800
vn 0.7016 0.6158 -0.3585
vn -0.9213 -0.1043 -0.3746
vn -0.7352 0.2023 -0.6469
vn -0.8132 -0.2243 -0.5370
vn -0.0057 -0.4965 0.8680
vn 0.8595 0.4540 -0.2348
vn 0.3073 -0.5524 0.7749
vn 0.8853 0.3356 -0.3220
vn 0.8938 0.3352 -0.2979
vn 0.8804 0.3354 -0.3354
vn -0.9247 0.3676 0.0991
vn -0.3338 -0.9159 0.2229
vn 0.2602 0.9083 -0.3275
vn -0.2430 -0.1980 -0.9496
vn 0.9347 -0.0892 -0.3440
vn -0.6650 -0.6790 0.3109
vn -0.3771 0.9252 0.0420
vn 0.9212 -0.3720 -0.1140
vn 0.4689 0.1991 0.8605
vn 0.5004 -0.8204 -0.2767
vn -0.7890 0.0363 0.6133
vn -0.6671 -0.6480 0.3676
vn -0.8352 0.4293 -0.3438
vn 0.4421 0.8970 -0.0035
vn 0.3203 -0.3465 -0.8817
vn 0.5380 -0.1424 0.8308
vn -0.6257 -0.7402 0.2462
vn -0.9030 0.3360 0.2677
vn 0.0605 -0.7069 -0.7047
vn 0.7108 -0.6623 -0.2366
vn -0.2099 -0.6753 0.7071
vn 0.7991 0.4482 0.4008
vn 0.0502 0.6509 -0.7575
vn -0.9011 0.3999 0.1675
vn -0.0233 -0.9924 -0.1206
vn -0.9457 0.1830 0.2687
vn -0.3209 0.1785 -0.9301
vn 0.8641 0.4794 -0.1534
vn 0.3242 -0.1409 0.9354
vn -0.8516 -0.0000 -0.5241
vn -0.8209 -0.0000 -0.5711
vn -0.8412 -0.0000 -0.5408
vn -0.5054 -0.5235 0.6859
vn -0.4858 -0.5317 0.6937
vn -0.5012 -0.5277 0.6858
vn -0.8821 -0.4411 0.1654
vn -0.9923 -0.0000 0.1240
vn -0.8242 -0.5494 0.1374
vn -0.0000 -0.8847 0.4661
vn -0.0000 -0.8896 0.4567
vn -0.0000 -0.8877 0.4604
vn 0.6784 0.5088 -0.5300
vn 0.6764 0.5140 -0.5276
vn 0.6857 0.4937 -0.5348
vn 0.6066 0.7763 0.1711
vn 0.6749 0.4673 0.5711
vn 0.6451 0.4838 0.5914
vn 0.6422 0.4816 0.5963
vn 0.8233 -0.5613 0.0847
vn -0.4273 -0.2424 -0.8710
vn 0.4267 0.7460 -0.5114
vn -0.2553 0.7602 0.5974
vn -0.3744 -0.5449 0.7503
vn 0.9024 -0.3985 -0.1641
vn 0.8994 -0.4077 -0.1577
vn 0.8959 -0.4147 -0.1592
vn -0.2838 0.3701 0.8846
vn 0.3075 -0.1820 -0.9340
vn -0.8077 -0.5617 -0.1791
vn 0.7607 -0.4085 0.5044
vn 0.4650 0.7556 -0.4614
vn 0.3648 0.8026 -0.4720
vn 0.4458 0.7578 -0.4764
vn -0.0000 -0.0000 1.0000
vn 0.7369 -0.5668 0.3684
vn 0.7340 -0.5811 0.3517
vn 0.7367 -0.5894 0.3315
vn 0.3444 -0.7975 -0.4955
vn -0.5151 -0.0110 0.8571
vn -0.8929 0.0626 -0.4459
vn 0.9125 0.0336 0.4077
vn -0.2326 -0.9618 0.1441
vn 0.3862 -0.3355 -0.8592
vn 0.9224 0.2962 0.2478
vn -0.5167 0.2473 0.8197
vn -0.5363 0.5981 -0.5955
vn -0.3880 -0.8976 0.2093
vn 0.5922 0.7205 0.3608
vn 0.0054 0.1713 -0.9852
vn 0.0045 0.1452 -0.9894
vn 0.0055 0.1177 -0.9930
vn 0.3220 0.1913 0.9272
vn 0.9545 -0.2163 -0.2052
vn -0.2517 0.9677 -0.0177
vn -0.5808 -0.7404 0.3383
vn -0.8380 -0.3753 0.3961
vn -0.6899 -0.7105 0.1387
vn 0.9006 -0.4102 -0.1440
vn -0.0687 0.9776 -0.1989
vn 0.9011 -0.1882 -0.3906
vn -0.6370 -0.6759 -0.3707
vn -0.0399 -0.7551 -0.6544
vn 0.9803 0.1926 0.0448
vn 0.9108 0.3180 0.2631
vn -0.7293 0.4262 0.5352
vn 0.1820 -0.4414 0.8786
vn 0.7992 0.5556 0.2294
vn -0.7466 0.2926 0.5975
vn 0.2841 -0.8592 -0.4254
vn 0.6862 0.6679 0.2882
vn 0.7703 0.3351 -0.5425
vn -0.8575 0.2996 0.4183
vn 0.7428 -0.6318 0.2217
vn -0.5131 0.2194 -0.8298
vn -0.5088 -0.0552 0.8591
vn -0.6228 0.3784 -0.6848
vn -0.2897 -0.8914 -0.3485
vn 0.9041 -0.3918 -0.1708
vn 0.5365 0.7220 0.4369
vn 0.4928 -0.1460 0.8578
vn 0.5076 -0.1069 0.8549
vn 0.4785 -0.3062 0.8230
vn 0.2978 0.6633 0.6866
vn 0.8495 0.2368 -0.4714
vn -0.6840 0.6606 -0.3094
vn -0.0186 -0.6691 0.7429
vn -0.2285 -0.5618 0.7951
vn 0.0255 -0.8052 0.5925
vn 0.9147 0.0348 -0.4026
vn 0.6457 0.4306 -0.6306
vn -0.7954 0.5924 -0.1281
vn -0.6744 -0.3427 -0.6540
vn -0.1350 -0.9749 -0.1768
vn 0.4465 -0.2514 0.8588
vn 0.4957 0.6458 0.5807
vn -0.2430 0.8030 -0.5443
vn -0.6198 0.5229 0.5852
vn 0.6495 0.1263 0.7498
vn -0.0972 0.8861 -0.4532
vn -0.5963 -0.7839 0.1730
vn 0.7032 0.2527 0.6646
vn -0.1232 0.8278 0.5473
vn 0.8670 0.3852 -0.3160
vn -0.5614 0.4787 0.6750
vn -0.9055 -0.2908 0.3091
vn -0.3750 -0.8919 -0.2527
vn 0.7887 -0.4588 -0.4093
vn 0.4879 -0.2046 0.8486
vn 0.9140 -0.0006 -0.4058
vn -0.0728 0.8217 0.5653
vn -0.3592 -0.9319 0.0501
vn 0.9089 0.1680 -0.3817
vn 0.5511 -0.7027 -0.4500
vn -0.4537 -0.2589 0.8527
vn -0.8680 -0.1590 -0.4704
vn 0.8205 0.2587 0.5098
vn -0.0478 0.9166 -0.3971
vn 0.6257 -0.3711 -0.6861
vn 0.9191 0.2044 0.3370
vn 0.0353 -0.5719 0.8195
vn -0.9538 -0.0613 -0.2943
vn 0.0204 0.3886 -0.9212
vn -0.1251 -0.9913 0.0405
vn -0.3666 -0.5302 0.7645
vn -0.2208 0.9518 0.2128
vn -0.1309 -0.6811 0.7204
vn -0.9214 0.3412 -0.1862
vn -0.1625 -0.5812 -0.7973
vn 0.8624 0.1528 -0.4827
vn 0.3969 0.6046 0.6906
vn -0.4958 0.8629 -0.0975
vn -0.6423 -0.5023 0.5790
vn 0.3676 0.6457 0.6693
vn -0.2272 -0.1833 -0.9564
vn 0.6881 -0.7254 -0.0164
vn -0.9962 -0.0866 -0.0000
vn -0.9950 -0.0995 -0.0000
vn 0.1562 0.9370 0.3123
vn 0.3354 0.8804 0.3354
vn 0.2804 0.8936 0.3505
vn 0.1236 0.8457 0.5192
vn 0.7689 0.3178 -0.5547
vn -0.8988 0.3746 -0.2275
vn 0.2081 -0.5463 0.8114
vn -0.2318 -0.4615 0.8563
vn 0.1018 -0.7123 0.6945
vn 0.8851 0.2160 -0.4122
vn -0.7998 0.3793 -0.4653
vn 0.7013 0.1915 -0.6867
vn 0.7174 -0.6963 0.0225
vn 0.5131 0.6558 -0.5538
vn 0.1180 0.5908 0.7981
vn -0.5021 -0.1711 -0.8477
vn -0.5917 -0.5622 0.5778
vn -0.9616 0.1939 0.1939
vn -0.9629 0.1909 0.1909
vn -0.9647 0.1863 0.1863
vn -0.4133 0.9030 -0.1174
vn 0.4363 -0.1678 -0.8840
vn -0.7443 -0.5749 -0.3398
vn -0.1392 -0.6055 0.7836
vn 0.6425 0.4317 0.6332
vn -0.5652 0.5405 -0.6231
vn -0.4569 -0.6120 0.6455
vn -0.3291 0.6131 0.7182
vn 0.7440 0.4578 -0.4867
vn 0.3114 -0.8486 -0.4276
vn -0.3634 0.5664 -0.7397
vn -0.4803 -0.3837 -0.7887
vn -0.1834 -0.8548 0.4854
vn 0.4072 -0.2388 0.8816
vn 0.4505 0.8840 0.1245
vn -0.4883 0.4267 0.7612
vn 0.1979 -0.7202 0.6649
vn 0.5569 0.7910 0.2534
vn -0.8976 -0.1381 -0.4186
vn 0.3374 -0.6422 0.6883
vn 0.9875 -0.1236 -0.0978
vn -0.2488 0.8005 -0.5452
vn -0.1628 0.6245 0.7639
vn -0.3465 -0.5015 -0.7927
vn -0.0730 -0.7521 0.6549
vn -0.9873 -0.1260 0.0965
vn 0.1588 0.3783 -0.9120
vn 0.1756 -0.8870 -0.4270
vn 0.6972 -0.3331 0.6348
vn -0.0896 0.7269 0.6808
vn 0.3401 0.4329 -0.8348
vn 0.3285 0.4224 -0.8448
vn 0.3436 0.4200 -0.8400
vn 0.1848 -0.9520 -0.2438
vn 0.3662 -0.2687 -0.8909
vn 0.3311 0.9262 -0.1803
vn -0.2292 0.7936 0.5636
vn -0.4907 -0.5297 0.6918
vn 0.5769 0.0544 0.8150
vn -0.0232 0.9969 0.0753
vn -0.5657 -0.3609 0.7414
vn 0.8203 -0.3020 -0.4857
vn -0.1623 0.9746 0.1544
vn -0.8185 -0.0409 0.5730
vn -0.8127 -0.0508 0.5805
vn -0.7584 -0.0474 0.6501
vn 0.6709 -0.6555 -0.3466
vn -0.9465 -0.3098 0.0900
vn -0.2803 0.4299 -0.8582
vn 0.1872 -0.3676 0.9110
vn 0.3687 0.8986 0.2377
vn -0.7789 0.3554 -0.5167
vn -0.7113 -0.5908 -0.3808
vn 0.2478 -0.7498 0.6136
vn 0.8184 -0.0027 0.5746
vn 0.2668 0.9352 -0.2328
vn -0.1381 0.5189 0.8436
vn 0.6326 -0.5389 0.5562
vn 0.4382 0.8835 -0.1655
vn -0.9397 -0.3216 0.1161
vn 0.7474 -0.4425 0.4956
vn -0.8446 0.2347 0.4811
vn 0.3155 0.6145 -0.7231
vn -0.7499 -0.3404 -0.5672
vn 0.7238 0.5828 0.3693
vn 0.4513 -0.8666 -0.2131
vn 0.1106 -0.1731 0.9787
vn 0.2233 0.2233 -0.9488
vn 0.1689 0.1689 -0.9711
vn 0.2678 0.1339 -0.9541
vn -0.0859 0.9943 -0.0636
vn -0.3009 0.8442 -0.4436
vn 0.2950 -0.1949 0.9354
vn -0.3591 -0.1666 -0.9183
vn 0.3370 0.9262 -0.1690
vn 0.9347 -0.2160 -0.2824
vn 0.2520 -0.6599 0.7078
vn -0.3125 -0.7614 -0.5680
vn -0.8799 0.0379 0.4736
vn -0.0000 1.0000 -0.0000
vn -0.1087 0.9625 -0.2484
vn -0.1101 0.9692 -0.2203
vn -0.1124 0.9617 -0.2498
vn -0.4515 0.5311 0.7170
vn -0.4520 0.5352 0.7136
vn -0.4708 0.5451 0.6937
vn 0.0781 -0.8593 -0.5055
vn 0.0231 0.7567 0.6533
vn -0.8671 -0.4033 0.2924
vn 0.0879 -0.0418 -0.9952
vn 0.9267 0.3743 -0.0324
vn -0.5654 0.6341 -0.5275
vn -0.6971 -0.5070 -0.5070
vn -0.6860 -0.5145 -0.5145
vn -0.6856 -0.4897 -0.5387
vn -0.8870 0.0101 0.4617
vn -0.4381 0.0608 -0.8969
vn 0.6276 -0.7736 -0.0875
vn -0.3641 -0.3812 0.8498
vn -0.8975 -0.3087 -0.3150
vn -0.2475 -0.3914 -0.8863
vn -0.0960 0.9142 0.3938
vn 0.5458 0.5782 -0.6064
vn -0.5211 -0.4195 0.7433
vn 0.9393 0.2791 -0.1994
vn 0.0020 -0.6856 0.7280
vn -0.6854 0.6212 -0.3798
vn -0.2320 0.4767 -0.8479
vn -0.3994 0.2278 -0.8880
vn -0.9257 -0.1851 0.3299
vn -0.0468 0.6459 0.7620
vn -0.1623 -0.6061 0.7787
vn 0.9127 -0.0903 0.3984
vn 0.9815 0.1916 -0.0026
vn -0.6674 0.7441 0.0309
vn -0.5978 0.5352 0.5968
vn 0.8960 -0.2403 0.3734
vn 0.4727 0.8688 -0.1476
vn 0.6529 -0.2918 0.6990
vn 0.4084 -0.4032 -0.8189
vn -0.5568 -0.1047 -0.8240
vn -0.4731 -0.6845 -0.5546
vn -0.1916 -0.7059 0.6819
vn -0.5109 0.6186 0.5969
vn 0.3719 -0.6161 0.6943
vn 0.6705 -0.4204 -0.6113
vn -0.6637 -0.6600 -0.3520
vn -0.1120 0.4955 -0.8614
vn 0.4034 0.8952 0.1892
vn 0.6352 -0.6940 0.3391
vn -0.3152 -0.1662 -0.9344
vn 0.8085 0.4988 -0.3121
vn -0.3431 0.8681 0.3587
vn -0.6777 -0.4303 0.5963
vn 0.1491 0.9660 0.2112
vn 0.0957 0.9718 0.2153
vn 0.0916 0.9743 0.2060
vn -0.3587 -0.8503 0.3850
vn -0.6431 0.7613 0.0826
vn -0.5264 0.8499 -0.0246
vn 0.9979 -0.0622 -0.0193
vn 0.1883 0.3004 0.9350
vn 0.8186 0.5260 -0.2305
vn 0.9507 -0.2134 -0.2249
vn -0.1986 0.7813 -0.5917
vn -0.3942 -0.9190 -0.0093
vn 0.3529 -0.5022 -0.7895
vn -0.2134 -0.9607 0.1777
vn -0.7835 -0.0384 0.6202
vn -0.8560 0.4302 -0.2867
vn 0.9358 0.2019 -0.2889
vn -0.5543 0.6154 -0.5604
vn 0.5197 0.4992 -0.6933
vn 0.8448 -0.4261 0.3236
vn -0.2930 0.5711 -0.7668
vn 0.9715 -0.0545 0.2309
vn 0.2340 0.5935 -0.7701
vn 0.4996 -0.3707 0.7829
vn 0.3929 0.6390 -0.6613
vn -0.9432 -0.1249 0.3080
vn -0.9876 0.1561 -0.0140
vn 0.7418 -0.2444 0.6245
vn -0.8141 -0.5376 0.2197
vn -0.5547 -0.5295 0.6419
vn -0.6030 -0.0179 0.7975
vn -0.1840 -0.3119 0.9321
vn 0.3049 -0.5531 0.7753
vn -0.8706 -0.3766 0.3164
vn -0.0348 0.6351 0.7716
vn -0.1493 0.8264 -0.5430
vn -0.7081 0.4043 -0.5790
vn -0.9500 0.0487 -0.3085
vn -0.9496 0.0586 -0.3080
vn -0.9527 0.0430 -0.3009
vn -0.0000 0.4472 0.8944
vn -0.0000 0.5882 0.8087
vn -0.0000 0.5241 0.8517
vn -0.1951 -0.4399 -0.8766
vn -0.9153 0.3969 -0.0686
vn 0.4577 0.5700 0.6824
vn 0.5070 -0.8094 -0.2964
vn 0.2825 -0.7635 0.5807
vn -0.3987 -0.8958 -0.1965
vn 0.1707 -0.0854 -0.9816
vn 0.1444 -0.1444 -0.9789
vn 0.1739 -0.1159 -0.9779
vn -0.7071 -0.7071 -0.0000
vn -0.6585 -0.7526 -0.0000
vn 0.5663 -0.3304 -0.7551
vn 0.5381 -0.3459 -0.7687
vn 0.5726 -0.3436 -0.7444
vn 0.6344 0.0630 -0.7705
vn -0.9816 -0.0302 -0.1888
vn -0.2746 0.8178 -0.5058
vn 0.8377 0.3994 0.3725
vn 0.0458 -0.8178 -0.5737
vn 0.7029 0.5222 0.4829
vn 0.2653 -0.7698 -0.5806
vn -0.9623 0.1480 0.2283
vn -0.1102 -0.5821 0.8056
vn -0.9895 -0.1448 0.0043
vn -0.4149 -0.6943 0.5881
vn 0.7684 -0.2582 0.5855
vn 0.9536 0.2498 -0.1681
vn -0.2536 0.7414 -0.6214
vn -0.0047 0.8261 0.5636
vn 0.9702 -0.0343 0.2400
vn -0.1118 0.7625 -0.6373
vn -0.5594 -0.4180 0.7158
vn 0.9942 0.0413 0.0992
vn -0.7149 0.5601 -0.4187
vn 0.3997 0.1265 -0.9079
vn -0.4669 -0.8197 -0.3317
vn -0.2620 0.8881 -0.3778
vn -0.8255 -0.5109 -0.2400
vn 0.8890 -0.3809 0.2540
vn 0.4101 0.3238 0.8527
vn -0.4248 0.2978 0.8549
vn 0.6727 -0.7356 0.0795
vn 0.3173 0.8216 0.4736
vn -0.3892 -0.2698 0.8808
vn -0.9292 -0.1112 -0.3524
vn -0.1400 -0.0500 -0.9889
vn 0.4408 0.7715 -0.4589
vn 0.2645 0.5267 0.8078
vn 0.1942 0.8244 -0.5317
vn -0.8320 -0.2684 0.4856
vn -0.8955 -0.0119 0.4449
vn -0.1649 0.7879 -0.5934
vn 0.9470 -0.1661 -0.2748
vn -0.6940 -0.7146 0.0884
vn 0.9006 -0.4107 0.1426
vn 0.1453 -0.8422 0.5192
vn 0.9659 0.0222 -0.2581
vn 0.0448 -0.4501 -0.8919
vn 0.3111 -0.0272 -0.9500
vn -0.5485 -0.7605 -0.3475
vn -0.0497 0.9780 -0.2025
vn 0.9074 -0.2293 0.3521
vn -0.8519 0.5233 -0.0232
vn -0.2318 -0.0690 0.9703
vn 0.6170 -0.7764 -0.1282
vn 0.3358 0.6025 0.7241
vn -0.4656 -0.4993 0.7307
vn -0.9079 0.0823 -0.4110
vn -0.0743 0.2745 -0.9587
vn 0.5201 0.8372 -0.1693
vn -0.6942 0.6592 -0.2890
vn 0.9626 0.2665 0.0490
vn 0.1666 0.2247 -0.9601
vn -0.2481 -0.8442 -0.4752
vn -0.1625 -0.9594 0.2305
vn -0.5076 0.1871 0.8411
vn 0.8578 0.2314 0.4589
vn -0.5281 0.7670 -0.3646
vn -0.3187 -0.9473 0.0326
vn 0.8823 0.0147 -0.4705
vn 0.8804 0.0148 -0.4740
vn 0.8454 0.0167 -0.5339
vn -0.9129 0.3651 0.1826
vn -0.8018 0.5345 0.2673
vn -0.8729 0.2182 0.4364
vn -0.5476 0.8240 0.1456
vn 0.3873 0.2159 0.8963
vn 0.9183 0.2097 -0.3358
vn -0.6346 0.7656 -0.1057
vn -0.7217 -0.4624 0.5151
vn -0.2987 -0.8415 0.4502
vn 0.8167 -0.5347 0.2171
vn -0.0243 0.8656 -0.5001
vn 0.8820 0.3934 0.2593
vn -0.9806 0.1045 0.1657
vn 0.2695 -0.9581 0.0971
vn 0.1977 0.2856 -0.9378
vn -0.9962 -0.0000 -0.0866
vn -0.9948 -0.0000 -0.1020
s 1
f 17//1 58//2 62//3
f 334//4 19//5 191//6
f 109//7 6//8 114//9
f 116//10 109//7 114//9
f 9//11 191//6 8//12
f 191//6 141//13 8//12
f 191//6 9//11 280//14
f 340//15 59//16 58//2
f 59//16 62//3 58//2
f 106//17 114//9 6//8
f 846//18 334//4 4//19
f 16//20 639//21 104//22
f 17//1 59//16 882//23
f 340//15 39//24 798//25
f 340//15 882//23 59//16
f 340//15 14//26 882//23
f 17//1 62//3 72//27
f 882//23 58//2 17//1
f 953//28 22//29 846//18
f 120//30 1//31 2//32
f 231//33 221//34 28//35
f 221//34 230//36 135//37
f 31//38 30//39 164//40
f 30//39 31//38 32//41
f 36//42 37//43 38//44
f 37//43 2//32 38//44
f 2//32 37//43 36//42
f 41//45 798//25 39//24
f 47//46 46//47 39//24
f 53//48 40//49 42//50
f 804//51 53//48 42//50
f 48//52 53//48 804//51
f 42//50 40//49 43//53
f 46//47 43//53 40//49
f 46//47 47//46 45//54
f 49//55 52//56 48//52
f 880//57 52//56 49//55
f 46//47 45//54 50//58
f 54//59 55//60 80//61
f 50//58 41//45 40//49
f 76//62 56//63 54//59
f 73//64 55//60 54//59
f 54//59 44//65 61//66
f 69//67 790//68 66//69
f 790//68 69//67 65//70
f 66//69 60//71 65//72
f 790//68 65//70 64//73
f 65//72 69//67 66//69
f 60//71 70//74 67//75
f 63//76 60//71 44//65
f 90//77 57//78 68//79
f 71//80 90//77 92//81
f 59//16 72//27 62//3
f 63//76 70//74 60//71
f 63//76 90//77 70//74
f 164//40 30//39 172//82
f 63//76 57//78 90//77
f 54//59 56//63 63//76
f 70//74 90//77 71//80
f 70//74 71//80 74//83
f 73//64 74//83 56//63
f 74//83 71//80 56//63
f 56//63 71//80 57//78
f 327//84 275//85 892//86
f 275//85 327//84 693//87
f 892//86 710//88 327//84
f 676//89 327//84 710//88
f 890//90 712//91 918//92
f 73//64 54//59 61//66
f 55//60 73//64 76//62
f 54//59 80//61 76//62
f 77//93 55//60 76//62
f 55//60 77//93 84//94
f 84//94 80//61 55//60
f 79//95 87//96 89//97
f 82//98 85//99 89//97
f 82//98 77//93 87//96
f 87//96 79//95 82//98
f 717//100 719//101 77//93
f 77//93 76//62 717//100
f 83//102 742//103 89//97
f 86//104 874//105 744//106
f 84//94 730//107 351//108
f 81//109 86//104 730//107
f 89//97 85//99 83//102
f 84//94 77//93 81//109
f 89//97 88//110 81//109
f 86//104 81//109 88//110
f 719//101 87//96 85//111
f 78//112 750//113 874//105
f 730//107 84//94 81//109
f 77//93 719//101 85//111
f 86//104 744//106 730//107
f 68//79 57//78 71//80
f 92//81 90//77 68//79
f 93//114 71//80 92//81
f 93//114 92//81 97//115
f 97//115 95//116 98//117
f 68//79 93//114 737//118
f 93//114 68//79 71//80
f 98//117 93//114 97//115
f 101//119 102//120 100//121
f 222//122 100//121 102//120
f 938//123 103//124 325//125
f 103//124 104//22 129//126
f 122//127 105//128 713//129
f 121//130 109//7 119//131
f 457//132 114//9 942//133
f 116//10 115//134 124//135
f 117//136 121//130 10//137
f 172//82 163//138 166//139
f 117//136 106//17 121//130
f 115//134 116//10 114//9
f 124//135 117//136 125//140
f 209//141 127//142 628//143
f 209//141 126//144 104//22
f 129//126 126//144 842//145
f 135//37 99//146 221//34
f 521//147 130//148 505//149
f 132//150 237//151 133//152
f 134//153 131//154 133//152
f 134//153 133//152 136//155
f 186//156 185//157 240//158
f 143//159 139//160 138//161
f 139//160 143//159 141//13
f 139//160 141//13 138//161
f 9//11 8//12 280//14
f 118//162 2//32 5//163
f 259//164 144//165 279//166
f 279//166 281//167 259//164
f 140//168 150//169 148//170
f 151//171 188//172 152//173
f 169//174 154//175 153//176
f 155//177 171//178 153//176
f 153//176 156//179 155//177
f 156//179 152//173 172//82
f 46//47 50//58 43//53
f 42//50 43//53 803//180
f 15//181 13//182 216//183
f 158//184 161//185 159//186
f 158//184 214//187 161//185
f 166//139 162//188 165//189
f 172//82 214//187 164//40
f 166//139 165//189 155//177
f 155//177 156//179 166//139
f 169//174 153//176 167//190
f 309//191 300//192 167//190
f 153//176 171//178 167//190
f 314//193 173//194 284//195
f 175//196 234//197 131//154
f 180//198 179//199 178//200
f 53//48 48//52 51//201
f 48//52 52//56 51//201
f 50//58 40//49 51//201
f 186//156 183//202 181//203
f 40//49 41//45 46//47
f 182//204 185//157 186//156
f 59//16 17//1 72//27
f 186//156 181//203 182//204
f 120//30 782//205 1//31
f 2//32 782//205 120//30
f 1//31 38//44 2//32
f 192//206 150//169 190//207
f 190//207 274//208 191//6
f 192//206 7//209 142//210
f 7//209 192//206 190//207
f 190//207 143//159 7//209
f 18//211 190//207 19//5
f 19//5 334//4 3//212
f 931//213 127//142 937//214
f 19//5 190//207 191//6
f 104//22 126//144 129//126
f 3//212 18//211 19//5
f 217//215 213//216 333//217
f 333//217 218//218 217//215
f 148//170 142//210 7//209
f 213//216 217//215 937//214
f 935//219 937//214 209//141
f 935//219 209//141 104//22
f 140//168 7//209 138//161
f 935//219 104//22 639//21
f 18//211 141//13 143//159
f 31//38 216//183 13//182
f 109//7 106//17 6//8
f 106//17 117//136 124//135
f 109//7 121//130 106//17
f 121//130 119//131 11//220
f 197//221 198//222 227//223
f 227//223 198//222 201//224
f 198//222 197//221 200//225
f 217//215 218//218 111//226
f 200//225 199//227 201//224
f 199//227 180//198 201//224
f 202//228 208//229 223//230
f 219//231 161//185 214//187
f 208//229 886//232 223//230
f 168//233 245//234 91//235
f 178//200 179//199 204//236
f 128//237 184//238 258//239
f 312//240 159//186 161//185
f 154//175 152//173 156//179
f 210//241 189//242 184//238
f 202//228 185//157 182//204
f 128//237 223//230 206//243
f 171//178 306//244 307//245
f 178//200 214//187 203//246
f 191//6 274//208 138//161
f 145//247 34//248 279//166
f 27//249 26//250 24//251
f 307//245 308//252 309//191
f 270//253 223//230 262//254
f 34//248 261//255 279//166
f 25//256 26//250 28//35
f 28//35 27//249 1813//257
f 175//196 195//258 224//259
f 230//36 28//35 1813//257
f 169//174 167//190 283//260
f 182//204 244//261 246//262
f 284//195 173//194 708//263
f 236//264 148//170 150//169
f 176//265 238//266 288//267
f 181//203 244//261 182//204
f 179//199 99//146 135//37
f 929//268 269//269 122//127
f 207//270 206//243 886//232
f 105//128 122//127 266//271
f 266//271 122//127 268//272
f 272//273 146//274 273//275
f 123//276 119//131 125//140
f 278//277 236//264 277//278
f 111//226 929//268 713//129
f 178//200 201//224 180//198
f 247//279 183//202 240//158
f 107//280 271//281 268//272
f 226//282 225//283 289//284
f 159//186 165//189 158//184
f 158//184 165//189 162//188
f 938//123 104//22 103//124
f 102//120 201//224 222//122
f 162//188 163//138 157//285
f 215//286 157//285 163//138
f 834//287 130//148 941//288
f 197//221 199//227 200//225
f 157//285 215//286 15//181
f 181//203 241//289 239//290
f 15//181 216//183 31//38
f 31//38 157//285 15//181
f 185//157 136//155 240//158
f 250//291 239//290 241//289
f 204//236 24//251 219//231
f 219//231 91//235 161//185
f 29//292 28//35 230//36
f 25//256 205//293 178//200
f 249//294 255//295 242//296
f 203//246 25//256 178//200
f 221//34 99//146 205//293
f 7//209 143//159 138//161
f 322//297 854//298 302//299
f 205//293 201//224 178//200
f 28//35 29//292 231//33
f 24//251 220//300 219//231
f 141//13 18//211 194//301
f 227//223 102//120 229//302
f 102//120 227//223 201//224
f 318//303 894//304 299//305
f 318//303 895//306 301//307
f 201//224 205//293 222//122
f 179//199 199//227 100//121
f 100//121 222//122 99//146
f 29//292 230//36 231//33
f 205//293 99//146 222//122
f 221//34 205//293 28//35
f 28//35 205//293 25//256
f 24//251 26//250 25//256
f 24//251 25//256 168//233
f 275//85 767//308 892//86
f 220//300 91//235 219//231
f 91//235 220//300 168//233
f 160//309 161//185 91//235
f 160//309 177//310 233//311
f 160//309 233//311 312//240
f 131//154 132//150 133//152
f 177//310 160//309 235//312
f 235//312 176//265 177//310
f 174//313 238//266 176//265
f 174//313 176//265 234//197
f 175//196 174//313 234//197
f 237//151 137//314 133//152
f 234//197 176//265 235//312
f 235//312 131//154 234//197
f 243//315 181//203 239//290
f 243//315 244//261 181//203
f 117//136 10//137 628//143
f 232//316 202//228 182//204
f 168//233 203//246 245//234
f 202//228 232//316 245//234
f 132//150 245//234 237//151
f 135//37 230//36 27//249
f 245//234 232//316 237//151
f 237//151 232//316 137//314
f 126//144 209//141 628//143
f 232//316 182//204 246//262
f 168//233 25//256 203//246
f 137//314 246//262 254//317
f 246//262 247//279 254//317
f 244//261 247//279 246//262
f 243//315 253//318 248//319
f 243//315 250//291 249//294
f 223//230 175//196 131//154
f 137//314 254//317 240//158
f 137//314 232//316 246//262
f 131//154 134//153 223//230
f 136//155 133//152 137//314
f 136//155 185//157 134//153
f 177//310 176//265 288//267
f 240//158 254//317 247//279
f 253//318 247//279 248//319
f 247//279 253//318 183//202
f 181//203 183//202 253//318
f 253//318 242//296 181//203
f 255//295 241//289 242//296
f 1//31 189//242 210//241
f 154//175 156//179 153//176
f 157//285 158//184 162//188
f 158//184 157//285 214//187
f 195//258 256//320 257//321
f 195//258 257//321 282//322
f 282//322 257//321 259//164
f 271//281 262//254 263//323
f 262//254 260//324 264//325
f 184//238 189//242 258//239
f 271//281 267//326 951//327
f 262//254 264//325 263//323
f 263//323 264//325 266//271
f 266//271 268//272 263//323
f 258//239 261//255 257//321
f 265//328 258//239 256//320
f 267//326 264//325 265//328
f 262//254 223//230 260//324
f 260//324 258//239 265//328
f 266//271 264//325 108//329
f 270//253 262//254 271//281
f 128//237 206//243 685//330
f 271//281 263//323 268//272
f 270//253 256//320 175//196
f 107//280 108//329 267//326
f 266//271 108//329 105//128
f 256//320 258//239 257//321
f 265//328 264//325 260//324
f 108//329 264//325 267//326
f 259//164 257//321 144//165
f 1813//257 27//249 230//36
f 278//277 273//275 142//210
f 147//331 144//165 272//273
f 144//165 257//321 272//273
f 147//331 272//273 273//275
f 146//274 149//332 142//210
f 272//273 257//321 261//255
f 299//305 316//333 858//334
f 272//273 34//248 35//335
f 14//26 797//336 13//182
f 35//335 146//274 272//273
f 192//206 142//210 149//332
f 15//181 14//26 13//182
f 145//247 144//165 277//278
f 274//208 140//168 138//161
f 148//170 7//209 140//168
f 145//247 277//278 33//337
f 236//264 35//335 277//278
f 281//167 279//166 261//255
f 34//248 33//337 35//335
f 145//247 33//337 34//248
f 192//206 149//332 150//169
f 150//169 149//332 236//264
f 146//274 142//210 273//275
f 172//82 166//139 156//179
f 258//239 189//242 188//172
f 151//171 258//239 188//172
f 160//309 91//235 245//234
f 142//210 148//170 278//277
f 223//230 258//239 260//324
f 151//171 281//167 258//239
f 128//237 258//239 223//230
f 24//251 168//233 220//300
f 313//338 312//240 311//339
f 273//275 278//277 277//278
f 132//150 131//154 235//312
f 160//309 245//234 235//312
f 69//340 64//73 65//70
f 281//167 276//341 259//164
f 210//241 211//342 38//44
f 272//273 261//255 34//248
f 245//234 132//150 235//312
f 149//332 146//274 35//335
f 277//278 144//165 147//331
f 136//155 137//314 240//158
f 886//232 919//343 207//270
f 35//335 33//337 277//278
f 53//48 51//201 40//49
f 951//327 270//253 271//281
f 170//344 285//345 283//260
f 271//281 107//280 267//326
f 217//215 931//213 937//214
f 144//165 145//247 279//166
f 240//158 183//202 186//156
f 179//199 100//121 99//146
f 304//346 308//252 307//245
f 196//347 287//348 289//284
f 277//278 147//331 273//275
f 218//218 929//268 111//226
f 35//335 236//264 149//332
f 291//349 293//350 295//351
f 248//319 247//279 244//261
f 318//303 187//352 895//306
f 18//211 3//212 194//301
f 243//315 248//319 244//261
f 225//283 224//259 289//284
f 236//264 278//277 148//170
f 258//239 281//167 261//255
f 253//318 243//315 249//294
f 151//171 169//174 281//167
f 275//85 693//87 887//353
f 108//329 107//280 105//128
f 283//260 259//164 276//341
f 201//224 198//222 200//225
f 713//129 107//280 930//354
f 239//290 250//291 243//315
f 285//345 170//344 284//195
f 242//296 253//318 249//294
f 282//322 259//164 285//345
f 284//195 286//355 285//345
f 274//208 190//207 150//169
f 181//203 242//296 241//289
f 282//322 285//345 286//355
f 143//159 190//207 18//211
f 140//168 274//208 150//169
f 195//258 282//322 196//347
f 175//196 256//320 195//258
f 138//161 141//13 191//6
f 174//313 175//196 224//259
f 174//313 224//259 238//266
f 224//259 195//258 196//347
f 196//347 286//355 287//348
f 286//355 196//347 282//322
f 196//347 289//284 224//259
f 225//283 238//266 224//259
f 452//356 275//85 887//353
f 226//282 238//266 225//283
f 226//282 288//267 238//266
f 288//267 226//282 290//357
f 290//357 226//282 291//349
f 288//267 290//357 720//358
f 293//350 226//282 289//284
f 292//359 293//350 289//284
f 124//135 125//140 116//10
f 226//282 293//350 291//349
f 291//349 294//360 290//357
f 720//358 177//310 288//267
f 290//357 294//360 720//358
f 295//351 294//360 291//349
f 295//351 310//361 294//360
f 292//359 296//362 293//350
f 293//350 304//346 295//351
f 296//362 304//346 293//350
f 307//245 306//244 313//338
f 171//178 307//245 309//191
f 313//338 304//346 307//245
f 310//361 295//351 304//346
f 720//358 233//311 177//310
f 311//339 233//311 720//358
f 313//338 310//361 304//346
f 297//363 304//346 296//362
f 297//363 308//252 304//346
f 360//364 586//365 550//366
f 562//367 838//368 532//369
f 559//370 534//371 518//372
f 575//373 547//374 522//375
f 584//376 519//377 557//378
f 563//379 545//380 534//371
f 475//381 571//382 557//378
f 548//383 551//384 525//385
f 517//386 563//379 518//372
f 542//387 525//385 551//384
f 525//385 546//388 555//389
f 999//390 558//391 490//392
f 836//393 360//364 550//366
f 563//379 517//386 545//380
f 537//394 534//371 545//380
f 574//395 553//396 544//397
f 490//392 837//398 541//399
f 544//397 553//396 503//400
f 537//394 345//401 534//371
f 513//402 487//403 542//387
f 21//404 470//405 20//406
f 556//407 470//405 21//404
f 536//408 489//409 532//369
f 519//377 475//381 1077//410
f 493//411 490//392 541//399
f 582//412 1514//413 836//393
f 534//371 517//386 478//414
f 524//415 835//416 507//417
f 544//397 503//400 515//418
f 552//419 514//420 523//421
f 476//422 572//423 531//424
f 489//409 536//408 562//367
f 508//425 528//426 509//427
f 1623//428 542//387 487//403
f 470//405 556//407 501//429
f 562//367 532//369 506//430
f 539//431 458//432 530//433
f 464//434 473//435 535//436
f 476//422 477//437 572//423
f 482//438 481//439 549//440
f 1077//410 526//441 519//377
f 359//442 507//417 835//416
f 508//425 509//427 507//417
f 833//443 516//444 504//445
f 359//442 508//425 497//446
f 495//447 485//448 510//449
f 1077//410 475//381 459//450
f 500//451 504//452 832//453
f 543//454 464//434 535//436
f 832//453 478//414 500//451
f 500//451 517//386 499//455
f 1053//456 525//385 1623//428
f 1077//410 432//457 526//441
f 478//414 504//445 516//444
f 459//450 432//457 1077//410
f 478//414 832//453 504//445
f 506//430 532//369 465//458
f 463//459 453//460 496//461
f 484//462 497//446 492//463
f 484//462 829//464 497//446
f 483//465 485//448 461//466
f 453//460 503//400 496//461
f 1623//428 487//403 435//467
f 492//463 497//446 474//468
f 489//409 465//458 532//369
f 506//430 466//469 489//409
f 828//470 488//471 479//472
f 488//471 826//473 479//472
f 531//424 494//474 476//422
f 710//88 892//86 891//475
f 484//462 492//463 474//468
f 466//469 465//458 489//409
f 506//430 460//476 466//469
f 505//149 449//477 827//478
f 320//479 463//459 479//472
f 476//422 456//480 471//481
f 467//482 530//433 450//483
f 505//149 1031//484 449//477
f 442//485 495//447 824//486
f 527//487 455//488 482//438
f 441//489 491//490 480//491
f 477//437 822//492 471//481
f 442//485 824//486 469//493
f 442//485 469//493 823//494
f 455//488 527//487 451//495
f 459//450 443//496 432//457
f 115//134 114//9 457//132
f 12//497 115//134 424//498
f 456//480 477//437 471//481
f 460//476 428//499 466//469
f 422//500 465//458 447//501
f 443//496 459//450 430//502
f 479//472 453//460 320//479
f 115//134 423//503 424//498
f 462//504 431//505 476//422
f 433//506 1623//428 435//467
f 450//483 448//507 467//482
f 1031//484 130//148 445//508
f 462//504 494//474 429//509
f 433//506 1621//510 1053//456
f 1031//484 445//508 449//477
f 447//501 466//469 428//499
f 115//134 457//132 423//503
f 476//422 431//505 444//511
f 434//512 481//439 455//488
f 434//512 455//488 344//513
f 455//488 451//495 437//514
f 462//504 429//509 431//505
f 348//515 821//516 453//460
f 320//479 820//517 454//518
f 439//519 444//511 440//520
f 439//519 436//521 456//480
f 526//441 1105//522 418//523
f 437//514 438//524 455//488
f 455//488 438//524 344//513
f 440//525 818//525 436//526
f 439//519 440//520 436//527
f 407//528 443//496 430//502
f 441//489 411//529 413//530
f 447//501 421//531 422//500
f 447//501 428//499 421//531
f 443//496 417//532 414//533
f 817//534 443//496 426//535
f 1753//536 943//537 423//503
f 425//538 427//539 443//496
f 417//532 443//496 418//523
f 423//503 943//537 424//498
f 1105//522 420//540 417//532
f 412//541 413//530 409//542
f 419//543 416//544 414//533
f 414//533 416//544 406//545
f 420//540 414//533 398//546
f 420//540 398//546 399//547
f 414//533 406//545 398//546
f 816//548 815//549 411//529
f 408//550 358//551 403//552
f 814//553 358//551 407//528
f 396//554 398//546 406//545
f 394//555 397//556 409//542
f 401//557 408//550 393//558
f 397//556 391//559 405//560
f 389//561 401//557 402//562
f 389//563 400//564 812//565
f 398//546 396//554 399//547
f 389//563 392//566 395//567
f 397//556 394//555 391//559
f 389//563 809//568 393//558
f 807//569 354//570 356//571
f 387//572 771//573 356//574
f 765//575 387//572 356//574
f 808//576 387//572 355//577
f 355//577 387//572 765//575
f 354//570 807//569 388//578
f 355//577 354//570 388//578
f 385//579 354//580 755//581
f 692//582 383//583 381//584
f 383//585 380//586 382//587
f 377//588 845//589 608//590
f 353//591 376//592 468//593
f 404//594 813//595 374//596
f 504//597 373//597 832//597
f 865//598 864//598 372//598
f 369//599 863//600 370//601
f 270//253 175//196 223//230
f 723//602 84//94 875//603
f 96//604 687//605 741//606
f 750//607 743//608 753//609
f 751//610 736//611 745//612
f 738//613 687//605 754//614
f 864//615 865//616 779//617
f 805//618 757//619 762//620
f 776//621 775//622 779//617
f 688//623 707//624 705//625
f 706//626 705//625 707//624
f 621//627 632//628 649//629
f 613//630 629//631 634//632
f 113//633 603//634 890//90
f 555//389 635//635 655//636
f 578//637 543//454 535//436
f 345//401 537//394 517//386
f 508//425 511//638 497//446
f 830//639 499//640 516//444
f 302//299 298//641 316//333
f 455//488 481//439 482//438
f 430//502 459//450 475//381
f 822//492 468//642 471//481
f 526//441 418//523 430//502
f 438//524 437//514 344//513
f 425//643 817//534 426//535
f 817//644 414//533 432//457
f 432//457 414//533 1105//522
f 416//645 419//646 415//647
f 815//648 405//560 409//542
f 405//560 391//559 409//542
f 811//649 392//566 389//563
f 400//564 389//563 395//567
f 393//558 400//564 395//567
f 392//650 811//649 393//558
f 354//580 315//651 755//581
f 809//652 390//653 350//654
f 276//341 169//174 283//260
f 281//167 169//174 276//341
f 171//178 309//191 167//190
f 301//307 858//334 316//333
f 283//260 285//345 259//164
f 187//352 319//655 895//306
f 155//177 306//244 171//178
f 151//171 152//173 154//175
f 780//656 899//657 898//658
f 898//658 867//659 305//660
f 300//192 309//191 308//252
f 314//193 297//363 173//194
f 170//344 167//190 300//192
f 167//190 170//344 283//260
f 170//344 300//192 314//193
f 284//195 170//344 314//193
f 297//363 296//362 173//194
f 297//363 314//193 300//192
f 297//363 300//192 308//252
f 491//490 552//419 587//661
f 565//662 510//449 570//663
f 559//370 518//372 596//664
f 566//665 547//374 575//373
f 584//376 571//382 519//377
f 550//366 586//365 540//666
f 533//667 589//668 617//669
f 523//421 587//661 552//419
f 551//384 577//670 542//387
f 1594//671 573//672 611//673
f 580//674 564//675 592//676
f 571//382 598//677 567//678
f 528//426 590//679 579//680
f 562//367 536//408 615//681
f 549//440 623//682 589//668
f 559//370 563//379 534//371
f 591//683 841//684 559//370
f 591//683 597//685 841//684
f 636//686 564//675 580//674
f 551//384 555//389 602//687
f 574//395 607//688 561//689
f 600//690 562//367 615//681
f 616//691 583//692 1594//671
f 593//693 597//685 591//683
f 586//365 601//694 580//674
f 597//695 841//696 593//695
f 472//697 626//698 572//423
f 838//368 562//367 600//690
f 565//662 590//679 524//415
f 563//379 559//370 841//684
f 606//699 1594//671 583//692
f 844//700 573//672 606//699
f 623//682 625//701 589//668
f 617//669 623//682 533//667
f 635//635 555//389 513//402
f 599//702 603//634 576//703
f 574//395 613//630 607//688
f 594//704 843//705 588//706
f 599//702 567//678 619//707
f 605//708 845//709 594//704
f 608//710 845//709 605//708
f 843//705 608//710 605//708
f 588//706 843//705 605//708
f 623//682 645//711 625//701
f 601//694 636//686 580//674
f 619//707 567//678 598//677
f 590//679 621//627 579//680
f 360//364 592//676 636//686
f 609//712 559//370 632//628
f 599//702 619//707 603//634
f 589//668 663//713 617//669
f 614//714 559//370 596//664
f 615//681 605//708 600//690
f 610//715 630//716 640//717
f 879//718 60//71 787//719
f 927//720 610//715 924//721
f 643//722 634//632 904//723
f 614//714 596//664 621//627
f 600//690 605//708 638//724
f 632//628 614//714 647//725
f 636//686 601//694 656//726
f 670//727 586//365 360//364
f 620//728 648//729 613//630
f 645//711 838//368 638//724
f 652//730 605//708 587//661
f 640//717 924//721 610//715
f 113//633 626//698 603//634
f 587//661 615//681 912//731
f 644//732 620//728 607//688
f 615//681 838//368 645//711
f 579//680 642//733 627//734
f 621//627 642//733 579//680
f 912//731 615//681 645//711
f 665//735 636//686 656//726
f 614//714 848//736 647//725
f 918//92 112//737 655//636
f 670//727 647//725 848//736
f 650//738 627//734 642//733
f 636//686 665//735 647//725
f 656//726 601//694 670//727
f 661//739 663//713 625//701
f 65//72 60//71 69//340
f 113//633 890//90 110//740
f 661//739 912//731 663//713
f 667//741 633//742 659//743
f 64//73 69//340 60//71
f 671//744 857//745 674//746
f 856//747 671//744 674//746
f 665//735 656//726 229//302
f 669//748 674//746 361//749
f 683//750 674//746 653//751
f 684//752 681//753 702//754
f 112//737 602//687 655//636
f 646//755 890//90 619//707
f 640//717 851//756 924//721
f 952//757 650//738 642//733
f 661//739 625//701 645//711
f 112//737 75//758 110//740
f 631//759 853//760 651//761
f 647//725 665//735 649//629
f 229//302 649//629 665//735
f 669//748 653//751 856//747
f 671//762 653//751 857//745
f 856//747 653//751 671//762
f 856//747 674//746 669//748
f 653//751 674//746 857//745
f 703//763 683//750 361//749
f 653//751 669//748 683//750
f 361//749 683//750 669//748
f 683//750 709//764 674//746
f 674//746 709//764 361//749
f 684//752 701//765 681//753
f 711//766 902//767 678//768
f 701//765 684//752 698//769
f 688//623 860//770 706//771
f 707//772 706//773 859//774
f 697//775 705//625 860//770
f 703//763 361//749 690//776
f 690//776 387//777 703//763
f 701//765 698//769 689//778
f 287//348 286//355 708//263
f 690//776 686//779 771//780
f 382//781 690//776 771//780
f 774//782 703//763 387//777
f 698//769 770//783 689//778
f 709//764 382//781 686//779
f 771//784 766//785 691//786
f 771//784 703//763 774//782
f 761//787 701//765 689//778
f 705//625 697//775 696//788
f 779//617 88//110 694//789
f 694//789 776//621 779//617
f 777//790 382//781 709//764
f 771//784 691//786 765//791
f 777//790 709//764 771//784
f 362//792 694//789 781//793
f 776//794 862//795 775//796
f 775//622 776//621 362//792
f 758//797 757//619 863//798
f 771//784 762//799 777//790
f 774//782 766//785 771//784
f 362//792 779//617 775//622
f 766//785 774//782 866//800
f 779//617 362//792 864//615
f 768//801 385//802 866//803
f 689//778 760//804 761//787
f 772//805 764//806 866//803
f 761//787 752//807 770//783
f 409//542 411//529 410//808
f 405//560 815//648 816//548
f 815//648 409//542 816//809
f 392//650 393//558 395//567
f 755//581 315//651 355//577
f 350//654 390//653 810//810
f 349//811 469//812 824//813
f 469//812 349//811 823//814
f 388//815 806//816 808//817
f 807//818 806//816 388//815
f 859//774 706//773 860//819
f 346//820 754//821 756//821
f 342//822 42//50 803//180
f 800//823 342//822 367//824
f 796//825 792//826 367//824
f 949//827 800//823 367//824
f 949//827 792//826 338//828
f 792//826 784//829 338//828
f 15//181 32//41 882//23
f 795//830 338//828 784//829
f 702//754 681//753 701//765
f 783//831 786//832 791//833
f 788//834 791//833 786//832
f 245//234 203//246 202//228
f 223//230 185//157 202//228
f 188//172 189//242 782//205
f 717//100 76//62 80//61
f 878//835 719//101 717//100
f 718//836 80//61 84//94
f 721//837 207//270 919//343
f 723//602 722//838 84//94
f 84//94 722//838 718//836
f 82//98 81//109 77//93
f 97//115 871//839 877//840
f 366//841 718//836 725//842
f 366//841 733//843 719//844
f 80//845 722//838 726//846
f 726//846 722//838 723//602
f 733//843 725//842 726//847
f 68//79 737//118 871//839
f 188//172 782//205 118//162
f 876//848 723//849 727//850
f 89//97 81//109 82//98
f 726//847 869//851 733//843
f 738//613 97//115 877//840
f 729//852 96//604 97//115
f 502//853 875//603 84//94
f 364//854 502//853 84//94
f 83//855 760//804 728//856
f 724//857 83//855 728//856
f 752//807 80//845 726//846
f 876//858 723//602 734//859
f 742//103 78//112 89//97
f 873//860 732//861 733//843
f 871//839 748//862 741//606
f 730//107 746//863 364//864
f 730//107 874//105 746//863
f 172//82 152//173 118//162
f 730//107 364//864 731//865
f 745//612 724//857 760//804
f 93//114 95//866 94//867
f 872//868 740//869 742//103
f 740//869 870//870 743//871
f 741//606 748//862 95//866
f 731//865 364//864 749//872
f 873//860 872//868 742//103
f 88//110 746//873 744//874
f 733//843 743//608 365//875
f 363//876 737//118 692//877
f 363//876 871//839 737//118
f 735//878 751//610 726//846
f 87//96 781//793 88//110
f 737//118 93//114 94//867
f 750//607 746//873 743//608
f 769//879 727//850 502//853
f 745//612 726//846 751//610
f 748//862 380//880 386//881
f 749//882 747//883 759//884
f 726//846 745//612 760//804
f 687//605 96//604 729//852
f 899//657 336//885 895//306
f 749//872 750//607 753//609
f 749//882 759//884 498//886
f 895//306 319//655 893//887
f 729//852 756//888 687//605
f 895//306 893//887 899//657
f 780//656 336//885 899//657
f 754//614 687//605 756//888
f 754//614 756//888 729//852
f 898//658 899//657 212//889
f 94//867 757//619 737//118
f 737//118 757//619 758//797
f 738//613 754//614 729//852
f 760//804 752//807 761//787
f 774//890 737//118 755//891
f 774//890 806//892 737//118
f 782//205 189//242 1//31
f 764//806 766//785 755//891
f 781//793 743//608 362//792
f 303//893 895//306 336//885
f 318//303 301//307 298//641
f 169//174 151//171 154//175
f 301//307 316//333 298//641
f 318//303 298//641 894//304
f 301//307 895//306 303//893
f 322//297 299//305 894//304
f 298//641 896//894 894//304
f 322//297 894//304 317//895
f 768//801 764//806 762//620
f 769//879 759//884 697//775
f 88//110 865//616 362//792
f 760//804 689//778 770//783
f 362//792 865//616 864//615
f 769//879 697//775 688//623
f 688//623 696//788 769//879
f 776//621 694//789 362//792
f 766//785 765//791 691//786
f 761//787 770//783 698//769
f 88//110 781//793 694//789
f 382//781 771//780 686//779
f 690//776 382//781 386//896
f 690//776 709//764 686//779
f 761//787 702//754 701//765
f 698//769 702//754 761//787
f 284//195 708//263 286//355
f 289//284 287//348 708//263
f 705//625 696//788 688//623
f 173//194 296//362 708//263
f 709//764 690//776 361//749
f 707//624 688//623 706//771
f 688//623 697//775 860//770
f 684//752 702//754 698//769
f 292//359 289//284 296//362
f 703//763 709//764 683//750
f 289//284 708//263 296//362
f 632//628 647//725 649//629
f 577//670 602//687 112//737
f 614//714 627//734 650//738
f 648//729 620//728 644//732
f 360//364 647//725 670//727
f 603//634 619//707 890//90
f 652//730 638//724 605//708
f 601//694 586//365 670//727
f 636//686 647//725 360//364
f 644//732 607//688 613//630
f 663//713 589//668 625//701
f 617//669 663//713 623//682
f 638//724 838//368 600//690
f 568//897 631//759 651//761
f 579//680 627//734 565//662
f 614//714 632//628 559//370
f 632//628 621//627 596//664
f 565//662 627//734 614//714
f 634//632 629//631 904//723
f 472//697 603//634 626//698
f 926//898 630//716 610//715
f 565//662 614//714 621//627
f 609//712 632//628 596//664
f 561//689 620//728 613//630
f 651//761 658//899 568//897
f 588//706 605//708 615//681
f 607//688 620//728 561//689
f 844//700 611//673 573//672
f 594//704 608//900 843//705
f 594//704 845//709 608//900
f 631//759 568//897 569//901
f 626//698 599//702 576//703
f 613//630 544//397 561//689
f 635//635 513//402 577//670
f 610//715 927//720 541//399
f 597//902 559//370 609//712
f 609//712 841//684 597//902
f 574//395 544//397 613//630
f 602//687 577//670 551//384
f 626//698 584//376 599//702
f 841//684 609//712 563//379
f 621//627 590//679 565//662
f 579//680 565//662 570//663
f 838//368 615//681 536//408
f 587//661 588//706 615//681
f 1117//903 568//897 658//899
f 576//703 603//634 472//697
f 575//373 928//904 566//665
f 597//902 593//693 559//370
f 586//365 580//674 592//676
f 593//693 591//683 559//370
f 611//673 616//691 1594//671
f 631//759 569//901 1117//903
f 605//708 594//704 587//661
f 626//698 576//703 572//423
f 599//702 584//376 567//678
f 636//686 592//676 564//675
f 588//706 491//490 594//704
f 1594//671 606//699 573//672
f 569//901 568//897 1117//903
f 571//382 584//376 598//677
f 927//720 558//391 541//399
f 533//667 623//682 549//440
f 587//661 594//704 491//490
f 483//465 579//680 570//663
f 592//676 582//412 586//365
f 547//374 566//665 581//905
f 558//391 999//390 541//399
f 567//678 557//378 571//382
f 582//412 540//666 586//365
f 577//670 513//402 542//387
f 512//906 582//412 592//676
f 592//676 360//364 512//906
f 524//415 590//679 528//426
f 483//465 570//663 510//449
f 565//662 524//415 510//449
f 522//375 581//905 575//373
f 589//668 527//487 549//440
f 589//668 533//667 527//487
f 578//637 535//436 906//907
f 547//374 581//905 522//375
f 563//379 596//664 518//372
f 563//379 609//712 596//664
f 584//376 557//378 567//678
f 480//491 588//706 523//421
f 480//491 491//490 588//706
f 472//697 494//474 576//703
f 536//408 532//369 838//368
f 531//424 572//423 576//703
f 561//689 544//397 496//461
f 561//689 553//396 574//395
f 530//433 326//908 539//431
f 553//396 561//689 496//461
f 549//440 527//487 482//438
f 571//382 475//381 519//377
f 546//388 513//402 555//389
f 558//391 837//398 490//392
f 326//908 530//433 467//482
f 491//490 514//420 552//419
f 557//378 526//441 475//381
f 551//384 548//383 555//389
f 494//474 531//424 576//703
f 546//388 525//385 513//402
f 556//407 560//909 501//429
f 540//666 836//393 550//366
f 519//377 526//441 557//378
f 548//383 525//385 555//389
f 528//426 347//910 524//415
f 544//397 515//418 496//461
f 538//911 540//666 582//412
f 836//393 540//666 538//911
f 493//411 541//399 999//390
f 512//906 1514//413 582//412
f 538//911 582//412 529//912
f 345//401 517//386 534//371
f 483//465 507//417 528//426
f 524//415 483//465 495//447
f 582//412 836//393 529//912
f 1514//413 360//364 836//393
f 512//906 360//364 1514//413
f 516//444 534//371 478//414
f 525//385 542//387 1623//428
f 524//415 507//417 483//465
f 472//697 572//423 477//437
f 20//406 470//405 501//429
f 524//415 495//447 510//449
f 481//439 533//667 549//440
f 518//372 534//371 516//444
f 528//426 507//417 509//427
f 835//416 508//425 359//442
f 508//425 507//417 511//638
f 533//667 451//495 527//487
f 481//439 451//495 533//667
f 493//411 999//390 490//392
f 467//482 448//507 539//431
f 514//420 480//491 523//421
f 515//418 503//400 479//472
f 539//431 448//507 458//432
f 516//444 517//386 518//372
f 485//448 483//465 510//449
f 12//497 124//135 115//134
f 525//385 487//403 513//402
f 489//409 562//367 506//430
f 67//75 64//73 60//71
f 500//451 516//444 833//443
f 73//64 61//66 74//83
f 44//65 54//59 63//76
f 67//75 74//83 61//66
f 833//443 504//452 500//451
f 517//386 516//444 831//913
f 496//461 515//418 463//459
f 491//490 441//489 514//420
f 517//386 831//913 499//455
f 500//451 499//455 830//639
f 359//442 484//462 507//417
f 487//403 525//385 1053//456
f 517//386 500//451 478//414
f 379//914 484//462 359//442
f 479//472 503//400 453//460
f 463//459 515//418 828//470
f 1053//456 1621//510 487//403
f 507//417 484//462 474//468
f 828//470 515//418 488//915
f 488//915 515//418 826//473
f 515//418 479//472 826//473
f 359//442 486//916 829//464
f 359//442 497//446 486//916
f 1031//484 505//149 130//148
f 827//478 445//508 834//287
f 461//466 495//447 442//485
f 494//474 462//504 476//422
f 445//508 827//478 449//477
f 477//437 476//422 825//917
f 476//422 471//481 825//917
f 450//483 530//433 458//432
f 824//486 495//447 483//465
f 824//486 483//465 469//918
f 469//918 483//465 823//494
f 460//476 506//430 465//458
f 477//437 468//919 822//492
f 468//919 477//437 825//917
f 461//466 442//485 483//465
f 483//465 442//485 823//494
f 526//441 430//502 475//381
f 413//530 514//420 441//489
f 514//420 446//920 480//491
f 472//697 429//509 494//474
f 1621//510 435//467 487//403
f 834//287 445//508 130//148
f 465//458 466//469 447//501
f 460//476 465//458 422//500
f 453//460 463//459 454//518
f 441//489 480//491 446//920
f 456//480 429//509 477//437
f 1053//456 1623//428 433//506
f 450//483 458//432 448//507
f 472//697 477//437 429//509
f 1753//536 457//132 321//921
f 431//505 429//509 456//480
f 463//459 320//479 454//518
f 526//441 432//457 1105//522
f 434//512 451//495 481//439
f 456//480 476//422 444//511
f 434//512 437//514 451//495
f 453//460 821//516 320//479
f 453//460 454//518 348//515
f 440//520 444//511 431//505
f 428//499 460//476 422//500
f 413//530 446//920 514//420
f 439//519 456//480 444//511
f 431//505 436//521 440//520
f 439//922 436//922 819//922
f 431//505 456//480 436//521
f 1621//510 433//506 435//467
f 1753//536 423//503 457//132
f 437//514 434//512 344//513
f 441//489 446//920 411//529
f 443//496 407//528 418//523
f 432//457 443//496 427//539
f 426//535 443//496 414//533
f 425//538 443//496 817//534
f 425//538 432//457 427//539
f 432//457 425//538 817//644
f 428//499 422//500 421//531
f 418//523 1105//522 417//532
f 430//502 408//550 407//528
f 430//502 418//523 408//550
f 413//530 412//541 446//920
f 414//533 420//540 1105//522
f 446//920 412//541 411//529
f 417//532 419//543 414//533
f 416//544 419//543 417//532
f 419//646 406//923 415//647
f 406//545 416//544 417//532
f 418//523 407//528 400//564
f 400//564 408//550 418//523
f 409//542 413//530 411//529
f 417//532 399//547 406//545
f 420//540 399//547 417//532
f 397//556 412//541 409//542
f 400//564 407//528 358//551
f 397//556 411//529 412//541
f 405//560 411//529 397//556
f 816//548 411//529 405//560
f 410//808 411//529 815//549
f 410//808 816//809 409//542
f 410//808 815//549 816//809
f 358//551 408//550 401//557
f 814//553 407//528 404//924
f 404//924 407//528 813//925
f 403//552 407//528 408//550
f 358//551 814//553 403//552
f 403//552 813//925 407//528
f 404//926 403//552 814//553
f 813//925 403//552 404//926
f 358//551 401//557 389//561
f 400//564 393//558 408//550
f 406//545 399//547 396//554
f 389//561 402//562 358//551
f 400//564 358//551 402//562
f 402//562 401//557 400//564
f 409//542 391//559 394//555
f 401//557 812//565 400//564
f 401//557 393//558 812//565
f 389//563 393//558 811//649
f 395//927 392//927 811//927
f 812//565 393//558 810//928
f 809//568 812//565 390//929
f 390//929 812//565 810//928
f 393//558 390//930 810//928
f 393//558 809//568 390//930
f 389//563 812//565 809//568
f 807//569 356//571 774//931
f 356//571 354//570 315//932
f 387//572 388//933 807//934
f 388//933 387//572 808//576
f 387//935 762//936 386//937
f 354//570 355//577 315//651
f 355//577 388//578 808//576
f 387//935 386//937 806//938
f 384//939 383//583 692//582
f 363//940 380//586 383//585
f 831//941 378//942 499//943
f 499//943 378//942 830//944
f 377//588 608//590 843//945
f 376//592 822//946 468//593
f 353//591 468//593 825//947
f 375//948 671//948 856//949
f 671//948 375//948 857//950
f 404//594 374//596 814//951
f 504//952 373//952 833//952
f 371//953 436//954 819//955
f 436//954 371//953 818//956
f 369//599 370//601 805//957
f 826//958 368//959 488//960
f 488//960 368//959 828//961
f 719//101 878//835 80//845
f 718//836 366//841 878//962
f 732//861 87//96 724//963
f 751//964 735//965 727//850
f 735//966 751//966 869//966
f 758//797 762//620 737//118
f 755//891 766//785 772//967
f 765//791 762//799 771//784
f 762//620 758//797 863//798
f 88//110 779//617 865//616
f 369//968 757//619 805//618
f 757//619 369//968 863//798
f 369//969 762//620 863//798
f 805//618 762//620 369//969
f 771//784 709//764 703//763
f 860//770 705//625 706//626
f 649//629 642//733 621//627
f 587//661 523//421 588//706
f 517//386 537//394 545//380
f 835//416 528//426 508//425
f 497//446 511//638 507//417
f 516//444 500//451 830//639
f 516//444 499//640 831//913
f 497//446 507//417 474//468
f 497//446 829//464 486//916
f 479//472 463//459 828//470
f 471//481 468//642 825//917
f 425//643 426//535 414//533
f 425//643 414//533 817//644
f 759//884 696//788 697//775
f 766//785 764//806 765//791
f 866//803 764//806 768//801
f 762//620 757//619 94//867
f 755//891 762//620 764//806
f 755//891 737//118 762//620
f 770//783 726//846 760//804
f 769//879 502//853 759//884
f 759//884 751//964 696//788
f 770//783 752//807 726//846
f 502//853 498//886 759//884
f 751//964 727//850 696//788
f 727//850 769//879 696//788
f 749//872 753//609 743//608
f 362//792 746//873 88//110
f 381//970 692//877 737//118
f 746//873 362//792 743//608
f 748//862 386//881 94//867
f 759//884 747//883 751//964
f 365//875 872//971 740//972
f 365//875 740//972 870//973
f 748//862 94//867 95//866
f 733//843 365//875 870//973
f 751//964 747//883 734//974
f 743//608 781//793 365//875
f 363//876 748//862 871//839
f 752//807 760//804 719//101
f 868//975 750//113 742//103
f 88//110 89//97 87//96
f 781//793 87//96 365//875
f 749//872 364//864 750//607
f 83//102 732//976 873//860
f 740//869 743//871 742//103
f 743//608 734//974 747//883
f 736//977 734//974 743//608
f 742//103 750//113 78//112
f 364//854 498//886 502//853
f 869//851 736//977 733//843
f 740//978 733//843 870//973
f 872//868 733//843 740//978
f 733//843 736//977 743//608
f 742//103 83//102 873//860
f 730//107 731//865 875//603
f 87//96 732//861 873//979
f 873//860 733//843 872//868
f 365//875 87//96 873//979
f 723//602 731//865 734//859
f 874//105 730//107 744//106
f 95//116 97//115 687//980
f 97//115 738//613 729//852
f 871//839 741//606 687//605
f 728//856 760//804 724//857
f 83//855 719//101 760//804
f 502//853 727//850 723//849
f 723//602 875//603 731//865
f 876//981 726//846 723//602
f 877//840 687//605 738//613
f 724//963 733//843 732//861
f 752//807 719//101 80//845
f 366//841 725//842 733//843
f 733//843 724//963 719//844
f 718//836 722//838 725//842
f 728//982 87//96 719//101
f 68//79 871//839 97//115
f 86//104 78//112 874//105
f 87//96 77//93 85//111
f 885//983 210//241 958//984
f 92//81 68//79 97//115
f 773//985 885//983 903//986
f 885//983 773//985 739//987
f 212//889 885//983 211//342
f 211//342 885//983 36//42
f 212//889 893//887 885//983
f 212//889 899//657 893//887
f 906//907 904//723 578//637
f 629//631 578//637 904//723
f 905//988 904//723 907//989
f 904//723 905//988 643//722
f 613//630 648//729 629//631
f 787//719 884//990 883//991
f 884//990 787//719 66//69
f 337//992 879//718 785//993
f 785//993 883//991 339//994
f 883//991 785//993 787//719
f 39//24 883//991 47//46
f 339//994 883//991 794//995
f 883//991 39//24 794//995
f 46//47 41//45 39//24
f 794//995 39//24 340//15
f 798//25 14//26 340//15
f 797//336 14//26 798//25
f 22//29 954//996 657//997
f 657//997 954//996 666//998
f 215//286 163//138 30//39
f 215//286 30//39 32//41
f 215//286 32//41 15//181
f 14//26 15//181 882//23
f 342//822 49//55 42//50
f 796//825 367//824 342//822
f 783//831 1773//999 946//1000
f 786//832 783//831 946//1000
f 783//831 788//834 1638//1001
f 792//826 795//830 784//829
f 1773//999 783//831 1638//1001
f 788//834 783//831 789//1002
f 791//833 788//834 789//1002
f 118//162 128//237 214//187
f 118//162 214//187 172//82
f 783//831 791//833 789//1002
f 57//78 63//76 56//63
f 76//62 73//64 56//63
f 885//983 900//1003 903//986
f 763//1004 773//985 903//986
f 861//1005 739//987 773//985
f 763//1004 739//987 861//1005
f 739//987 763//1004 898//658
f 885//983 739//987 898//658
f 885//983 898//658 210//241
f 212//889 210//241 898//658
f 902//767 711//766 901//1006
f 901//1006 715//1007 902//767
f 778//1008 901//1006 716//1009
f 908//1010 901//1006 778//1008
f 695//1011 716//1009 704//1012
f 699//1013 867//659 695//1011
f 867//659 778//1008 695//1011
f 778//1008 716//1009 695//1011
f 903//986 908//1010 778//1008
f 778//1008 898//658 903//986
f 780//656 898//658 305//660
f 897//1014 336//885 305//660
f 305//660 319//655 897//1014
f 858//334 301//307 303//893
f 644//732 613//630 896//894
f 643//722 894//304 896//894
f 302//299 854//298 298//641
f 629//631 648//729 643//722
f 643//722 648//729 317//895
f 643//722 317//895 894//304
f 643//722 896//894 634//632
f 885//983 867//659 900//1003
f 908//1010 903//986 900//1003
f 885//983 893//887 867//659
f 893//887 319//655 305//660
f 858//334 319//655 187//352
f 302//299 299//305 322//297
f 318//303 299//305 187//352
f 299//305 302//299 316//333
f 187//352 299//305 858//334
f 790//68 61//66 879//718
f 64//73 61//66 790//68
f 61//66 64//73 67//75
f 74//83 67//75 70//74
f 953//28 654//1015 618//1016
f 36//42 958//984 5//163
f 891//475 892//86 888//1017
f 75//758 710//88 891//475
f 710//88 75//758 676//89
f 918//92 712//91 676//89
f 712//91 693//87 327//84
f 619//707 598//677 641//1018
f 641//1018 598//677 584//376
f 641//1018 584//376 626//698
f 626//698 113//633 641//1018
f 641//1018 646//755 619//707
f 641//1018 113//633 646//755
f 110//740 852//1019 113//633
f 646//755 113//633 852//1019
f 666//998 954//996 637//1020
f 852//1019 890//90 646//755
f 712//91 890//90 889//1021
f 889//1021 888//1017 712//91
f 852//1019 75//758 891//475
f 637//1020 955//1022 654//1015
f 892//86 700//1023 888//1017
f 888//1017 693//87 712//91
f 693//87 888//1017 700//1023
f 700//1023 892//86 919//343
f 223//230 134//153 185//157
f 206//243 223//230 886//232
f 919//343 886//232 887//353
f 2//32 118//162 782//205
f 152//173 188//172 118//162
f 184//238 118//162 5//163
f 612//1024 637//1020 954//996
f 211//342 36//42 38//44
f 172//82 30//39 163//138
f 794//995 337//992 339//994
f 884//990 794//995 47//46
f 337//992 785//993 339//994
f 66//69 787//719 60//71
f 66//69 790//68 884//990
f 884//990 337//992 794//995
f 883//991 884//990 47//46
f 790//68 337//992 884//990
f 879//718 61//66 44//65
f 785//993 879//718 787//719
f 879//718 337//992 790//68
f 643//722 905//988 629//631
f 629//631 905//988 578//637
f 794//995 340//15 58//2
f 907//989 578//637 905//988
f 797//336 798//25 799//1025
f 13//182 797//336 882//23
f 520//1026 906//907 473//435
f 520//1026 543//454 907//989
f 473//435 543//454 520//1026
f 520//1026 907//989 906//907
f 52//56 43//53 51//201
f 904//723 906//907 907//989
f 907//989 543//454 578//637
f 1796//1027 341//1028 793//1029
f 45//54 47//46 58//2
f 793//1029 341//1028 945//1030
f 58//2 47//46 794//995
f 792//826 949//827 367//824
f 796//825 795//830 792//826
f 908//1010 900//1003 695//1011
f 788//834 786//832 946//1000
f 908//1010 909//1031 715//1007
f 695//1011 909//1031 908//1010
f 909//1031 695//1011 704//1012
f 909//1031 679//1032 910//1033
f 909//1031 910//1033 715//1007
f 879//718 44//65 60//71
f 909//1031 902//767 679//1032
f 715//1007 910//1033 673//1034
f 673//1034 912//731 661//739
f 645//711 332//1035 661//739
f 685//330 206//243 207//270
f 721//837 208//229 685//330
f 645//711 652//730 911//1036
f 652//730 645//711 638//724
f 919//343 208//229 721//837
f 903//986 898//658 763//1004
f 912//731 673//1034 911//1036
f 332//1035 673//1034 910//1033
f 898//658 778//1008 867//659
f 763//1004 861//1005 773//985
f 867//659 893//887 305//660
f 902//767 673//1034 679//1032
f 912//731 623//682 663//713
f 897//1014 303//893 336//885
f 606//699 915//1037 624//1038
f 624//1038 915//1037 844//700
f 847//1039 616//691 844//700
f 662//1040 849//1041 583//692
f 849//1041 847//1039 844//700
f 910//1033 679//1032 661//739
f 661//739 332//1035 910//1033
f 662//1040 616//691 847//1039
f 280//14 4//19 334//4
f 848//736 633//742 667//741
f 677//1042 855//1043 667//741
f 110//740 75//758 852//1019
f 662//1040 847//1039 913//1044
f 673//1034 332//1035 911//1036
f 855//1043 670//727 848//736
f 3//212 666//998 194//301
f 849//1041 914//1045 847//1039
f 913//1044 847//1039 914//1045
f 851//756 920//1046 668//1047
f 645//711 911//1036 332//1035
f 322//297 317//895 644//732
f 644//732 854//298 322//297
f 850//1048 917//1049 920//1046
f 110//740 664//1050 655//636
f 648//729 644//732 317//895
f 298//641 854//298 896//894
f 716//1009 662//1040 913//1044
f 645//711 623//682 912//731
f 634//632 896//894 613//630
f 914//1045 680//1051 913//1044
f 850//1048 660//1052 328//1053
f 716//1009 913//1044 680//1051
f 850//1048 328//1053 922//1054
f 675//1055 680//1051 914//1045
f 711//766 678//768 662//1040
f 711//766 662//1040 716//1009
f 955//1022 954//996 22//29
f 711//766 716//1009 901//1006
f 922//1054 328//1053 928//904
f 583//692 915//1037 606//699
f 704//1012 716//1009 680//1051
f 639//21 936//1056 935//219
f 844//700 616//691 611//673
f 1117//903 331//1057 631//759
f 604//1058 123//276 193//1059
f 622//1060 922//1054 581//905
f 583//692 849//1041 844//700
f 606//699 624//1038 844//700
f 916//1061 915//1061 624//1061
f 555//389 655//636 602//687
f 926//898 925//1062 630//716
f 915//1037 583//692 844//700
f 922//1054 575//373 581//905
f 954//996 955//1022 585//1063
f 849//1041 675//1055 914//1045
f 675//1055 849//1041 662//1040
f 604//1058 10//137 11//220
f 675//1055 662//1040 678//768
f 680//1051 675//1055 678//768
f 585//1063 637//1020 326//908
f 704//1012 680//1051 678//768
f 704//1012 678//768 902//767
f 902//767 909//1031 704//1012
f 953//28 194//301 654//1015
f 867//659 699//1013 900//1003
f 695//1011 900//1003 699//1013
f 521//147 325//125 130//148
f 521//147 324//1064 325//125
f 452//356 767//308 275//85
f 208//229 452//356 887//353
f 208//229 887//353 886//232
f 919//343 892//86 767//308
f 767//308 452//356 208//229
f 207//270 721//837 685//330
f 202//228 685//330 208//229
f 204//236 214//187 178//200
f 219//231 214//187 204//236
f 685//330 202//228 128//237
f 202//228 203//246 214//187
f 202//228 214//187 128//237
f 666//998 654//1015 194//301
f 128//237 118//162 184//238
f 887//353 700//1023 919//343
f 851//756 921//1065 920//1046
f 921//1065 922//1054 660//1052
f 921//1065 850//1048 920//1046
f 252//1066 917//1049 921//1065
f 921//1065 660//1052 850//1048
f 922//1054 921//1065 917//1049
f 228//1067 952//757 649//629
f 622//1060 328//1053 660//1052
f 928//904 328//1053 622//1060
f 928//904 622//1060 566//665
f 668//1047 335//1068 255//295
f 255//295 249//294 252//1066
f 241//289 255//295 335//1068
f 255//295 330//1069 668//1047
f 676//89 112//737 918//92
f 934//1070 682//1071 932//1072
f 851//756 330//1069 252//1066
f 851//756 923//1073 330//1069
f 668//1047 330//1069 923//1073
f 923//1073 851//756 640//717
f 630//716 923//1073 640//717
f 925//1062 924//721 630//716
f 924//721 923//1073 630//716
f 927//720 925//1062 926//898
f 927//720 926//898 558//391
f 803//180 52//56 880//57
f 880//57 800//823 948//1074
f 352//1075 795//830 949//827
f 950//1076 949//827 338//828
f 926//898 837//398 558//391
f 666//998 637//1020 654//1015
f 610//715 541//399 837//398
f 204//236 179//199 135//37
f 927//720 924//721 925//1062
f 208//229 919//343 767//308
f 924//721 668//1047 923//1073
f 336//885 780//656 305//660
f 575//373 922//1054 928//904
f 897//1014 858//334 303//893
f 858//334 897//1014 319//655
f 901//1006 908//1010 715//1007
f 622//1060 660//1052 922//1054
f 917//1049 850//1048 922//1054
f 888//1017 889//1021 891//475
f 921//1065 851//756 252//1066
f 920//1046 917//1049 251//1077
f 668//1047 920//1046 335//1068
f 335//1068 920//1046 251//1077
f 902//767 715//1007 673//1034
f 228//1067 667//741 659//743
f 252//1066 251//1077 917//1049
f 676//89 75//758 112//737
f 852//1019 891//475 889//1021
f 229//302 228//1067 649//629
f 679//1032 673//1034 661//739
f 889//1021 890//90 852//1019
f 110//740 890//90 664//1050
f 682//1071 651//761 853//760
f 953//28 846//18 4//19
f 587//661 912//731 652//730
f 644//732 896//894 854//298
f 911//1036 652//730 912//731
f 668//1047 924//721 851//756
f 662//1040 583//692 616//691
f 935//219 936//1056 329//1078
f 953//28 618//1016 22//29
f 335//1068 251//1077 250//291
f 618//1016 595//1079 22//29
f 141//13 280//14 8//12
f 840//1080 618//1016 955//1022
f 840//1080 22//29 23//1081
f 269//269 929//268 333//217
f 929//268 218//218 333//217
f 122//127 713//129 929//268
f 194//301 280//14 141//13
f 280//14 194//301 4//19
f 713//129 930//354 111//226
f 210//241 212//889 211//342
f 217//215 111//226 682//1071
f 931//213 934//1070 329//1078
f 217//215 682//1071 931//213
f 937//214 127//142 209//141
f 127//142 931//213 329//1078
f 329//1078 193//1059 127//142
f 628//143 10//137 126//144
f 117//136 628//143 193//1059
f 930//354 672//1082 682//1071
f 930//354 933//1083 672//1082
f 930//354 682//1071 111//226
f 682//1071 672//1082 658//899
f 682//1071 658//899 651//761
f 672//1082 331//1057 658//899
f 331//1057 1117//903 658//899
f 331//1057 853//760 631//759
f 331//1057 672//1082 853//760
f 932//1072 853//760 672//1082
f 932//1072 682//1071 853//760
f 333//217 932//1072 672//1082
f 837//398 926//898 610//715
f 581//905 566//665 622//1060
f 228//1067 659//743 952//757
f 107//280 933//1083 930//354
f 933//1083 107//280 268//272
f 122//127 269//269 268//272
f 933//1083 269//269 333//217
f 934//1070 932//1072 333//217
f 934//1070 333//217 213//216
f 935//219 213//216 937//214
f 213//216 935//219 934//1070
f 639//21 126//144 936//1056
f 10//137 604//1058 126//144
f 936//1056 126//144 604//1058
f 639//21 842//145 126//144
f 464//434 543//454 473//435
f 129//126 842//145 839//1084
f 129//126 939//1085 325//125
f 129//126 839//1084 939//1085
f 941//288 130//148 939//1085
f 323//1086 324//1064 521//147
f 505//149 323//1086 521//147
f 666//998 3//212 334//4
f 123//276 125//140 117//136
f 130//148 325//125 939//1085
f 323//1086 505//149 827//478
f 535//436 473//435 906//907
f 827//478 834//287 323//1086
f 313//338 165//189 159//186
f 324//1064 323//1086 941//288
f 941//288 323//1086 834//287
f 941//288 938//123 324//1064
f 941//288 939//1085 938//123
f 325//125 324//1064 938//123
f 938//123 939//1085 839//1084
f 310//361 311//339 720//358
f 938//123 839//1084 842//145
f 938//123 16//20 104//22
f 639//21 16//20 842//145
f 4//19 194//301 953//28
f 325//125 103//124 129//126
f 119//131 109//7 116//10
f 125//140 119//131 116//10
f 119//131 123//276 11//220
f 11//220 10//137 121//130
f 11//220 123//276 604//1058
f 329//1078 936//1056 193//1059
f 936//1056 604//1058 193//1059
f 193//1059 123//276 117//136
f 127//142 193//1059 628//143
f 935//219 329//1078 934//1070
f 106//17 124//135 12//497
f 106//17 942//133 114//9
f 942//133 106//17 12//497
f 321//921 942//133 12//497
f 942//133 321//921 457//132
f 12//497 424//498 321//921
f 943//537 1753//536 321//921
f 424//498 943//537 321//921
f 180//198 199//227 179//199
f 27//249 204//236 135//37
f 164//40 157//285 31//38
f 157//285 164//40 214//187
f 799//1025 798//25 41//45
f 48//52 804//51 881//1087
f 802//1088 49//55 48//52
f 802//1088 48//52 881//1087
f 946//1000 1796//1027 788//834
f 341//1028 1796//1027 944//1089
f 944//1089 1796//1027 946//1000
f 804//51 945//1030 881//1087
f 341//1028 944//1089 881//1087
f 947//1090 802//1088 801//1091
f 801//1092 947//1092 343//1092
f 881//1087 801//1091 802//1088
f 881//1087 944//1089 801//1091
f 801//1091 944//1089 947//1090
f 947//1090 944//1089 802//1088
f 945//1030 804//51 49//55
f 49//55 802//1088 944//1089
f 49//55 944//1089 945//1030
f 946//1000 945//1030 944//1089
f 1773//999 793//1029 946//1000
f 793//1029 1773//999 1638//1001
f 793//1029 1638//1001 1796//1027
f 946//1000 793//1029 945//1030
f 341//1028 881//1087 945//1030
f 804//51 42//50 49//55
f 1638//1001 788//834 1796//1027
f 58//2 797//336 799//1025
f 45//54 799//1025 50//58
f 58//2 799//1025 45//54
f 50//58 51//201 43//53
f 803//180 43//53 52//56
f 882//23 797//336 58//2
f 50//58 799//1025 41//45
f 342//822 803//180 880//57
f 49//55 800//823 880//57
f 49//55 342//822 800//823
f 948//1074 342//822 880//57
f 796//825 342//822 948//1074
f 949//827 948//1074 800//823
f 948//1074 795//830 796//825
f 948//1074 949//827 795//830
f 107//280 713//129 105//128
f 352//1075 338//828 795//830
f 5//163 958//984 184//238
f 210//241 184//238 958//984
f 268//272 269//269 933//1083
f 229//302 102//120 228//1067
f 228//1067 102//120 101//119
f 855//1043 229//302 656//726
f 227//223 229//302 855//1043
f 642//733 649//629 952//757
f 855//1043 848//736 667//741
f 659//743 633//742 848//736
f 659//743 848//736 952//757
f 714//1093 677//1042 667//741
f 855//1043 677//1042 197//221
f 714//1093 667//741 228//1067
f 1//31 210//241 38//44
f 36//42 5//163 2//32
f 36//42 885//983 958//984
f 252//1066 330//1069 255//295
f 714//1093 101//119 197//221
f 848//736 614//714 650//738
f 677//1042 714//1093 197//221
f 848//736 650//738 952//757
f 855//1043 656//726 670//727
f 855//1043 197//221 227//223
f 251//1077 252//1066 249//294
f 249//294 250//291 251//1077
f 241//289 335//1068 250//291
f 933//1083 333//217 672//1082
f 931//213 682//1071 934//1070
f 951//327 267//326 265//328
f 256//320 270//253 951//327
f 951//327 265//328 256//320
f 312//240 161//185 160//309
f 233//311 311//339 312//240
f 312//240 313//338 159//186
f 313//338 306//244 165//189
f 155//177 165//189 306//244
f 221//34 231//33 230//36
f 882//23 31//38 13//182
f 313//338 311//339 310//361
f 27//249 28//35 26//250
f 101//119 199//227 197//221
f 714//1093 228//1067 101//119
f 101//119 100//121 199//227
f 720//358 294//360 310//361
f 890//90 918//92 664//1050
f 327//84 676//89 712//91
f 700//1023 887//353 693//87
f 918//92 655//636 664//1050
f 24//251 204//236 27//249
f 110//740 635//635 112//737
f 655//636 635//635 110//740
f 577//670 112//737 635//635
f 882//23 32//41 31//38
f 612//1024 954//996 585//1063
f 612//1024 585//1063 539//431
f 326//908 612//1024 539//431
f 467//482 585//1063 326//908
f 955//1022 637//1020 585//1063
f 539//431 585//1063 467//482
f 162//188 166//139 163//138
f 618//1016 840//1080 595//1079
f 21//404 20//406 595//1079
f 595//1079 23//1081 22//29
f 595//1079 20//406 23//1081
f 191//6 280//14 334//4
f 840//1080 21//404 595//1079
f 846//18 22//29 657//997
f 940//1094 554//1095 21//404
f 23//1081 560//909 840//1080
f 560//909 23//1081 20//406
f 21//404 840//1080 560//909
f 940//1094 21//404 560//909
f 334//4 846//18 666//998
f 618//1016 654//1015 955//1022
f 846//18 657//997 666//998
f 940//1096 554//1096 357//1096
f 556//407 940//1094 560//909
f 955//1022 22//29 840//1080
f 560//909 20//406 501//429
f 21//404 554//1095 556//407
f 554//1095 940//1094 556//407
f 637//1020 612//1024 326//908
f 16//20 938//123 842//145
f 957//1097 956//1098 959//1099
f 956//1098 960//1100 959//1099
f 960//1100 958//1101 959//1099
f 958//1101 957//1097 959//1099
f 960//1100 957//1097 958//1101
f 957//1097 960//1100 956//1098
f 961//1102 962//1102 963//1102
f 961//1102 963//1102 962//1102
f 969//1103 970//1104 967//1105
f 964//1106 969//1103 967//1105
f 968//1107 966//1108 965//1109
f 964//1106 970//1104 969//1103
f 965//1109 964//1106 967//1105
f 966//1108 967//1105 970//1104
f 966//1108 970//1104 965//1109
f 965//1109 970//1104 964//1106
f 968//1107 967//1105 966//1108
f 968//1107 965//1109 967//1105
f 979//1110 972//1111 975//1112
f 973//1113 974//1113 972//1113
f 971//1114 974//1115 972//1111
f 975//1112 972//1111 974//1115
f 979//1110 971//1114 972//1111
f 977//1116 976//1117 978//1118
f 979//1110 977//1116 971//1114
f 979//1110 976//1117 977//1116
f 976//1117 979//1110 975//1112
f 977//1116 978//1118 975//1112
f 974//1115 971//1114 975//1112
f 978//1118 976//1117 975//1112
f 975//1112 971//1114 977//1116
f 981//1119 982//1120 980//1121
f 982//1120 981//1119 980//1121
f 988//1122 989//1123 986//1124
f 983//1125 988//1122 986//1124
f 987//1126 985//1127 984//1128
f 983//1125 989//1123 988//1122
f 984//1128 983//1125 986//1124
f 985//1127 986//1124 989//1123
f 985//1127 989//1123 984//1128
f 984//1128 989//1123 983//1125
f 987//1126 986//1124 985//1127
f 987//1126 984//1128 986//1124
f 994//1129 990//1130 996//1131
f 991//1132 992//1132 990//1132
f 997//1133 992//1134 990//1130
f 996//1131 990//1130 992//1134
f 994//1129 997//1133 990//1130
f 995//1135 999//1136 998//1137
f 993//1138 996//1131 998//1137
f 997//1133 998//1137 996//1131
f 997//1133 994//1129 998//1137
f 999//1136 995//1135 993//1138
f 995//1135 996//1131 993//1138
f 995//1135 994//1129 996//1131
f 998//1137 999//1136 993//1138
f 992//1134 997//1133 996//1131
f 994//1129 995//1135 998//1137
f 1000//1139 1008//1140 1005//1141
f 1005//1141 1008//1140 1007//1142
f 1009//1143 1007//1142 1002//1144
f 1003//1145 1006//1146 1007//1142
f 1004//1147 1005//1141 1002//1144
f 1008//1140 1004//1147 1002//1144
f 1009//1143 1002//1144 1006//1146
f 1006//1146 1005//1141 1007//1142
f 1006//1146 1002//1144 1005//1141
f 1008//1140 1002//1144 1007//1142
f 1004//1147 1008//1140 1010//1148
f 1000//1139 1010//1148 1008//1140
f 1009//1143 1001//1149 1003//1145
f 1003//1145 1001//1149 1006//1146
f 1004//1147 1000//1139 1005//1141
f 1007//1142 1009//1143 1003//1145
f 1010//1148 1000//1139 1004//1147
f 1006//1146 1001//1149 1009//1143
f 1013//1150 1015//1151 1016//1152
f 1013//1150 1014//1153 1015//1151
f 1011//1154 1018//1155 1014//1153
f 1011//1154 1013//1150 1016//1152
f 1012//1156 1015//1151 1014//1153
f 1013//1150 1011//1154 1014//1153
f 1018//1155 1017//1157 1012//1156
f 1012//1156 1017//1157 1015//1151
f 1012//1156 1014//1153 1018//1155
f 1018//1155 1015//1151 1017//1157
f 1011//1154 1015//1151 1018//1155
f 1015//1151 1011//1154 1016//1152
f 1021//1158 827//1159 1019//1160
f 1022//1161 1019//1160 827//1159
f 1019//1160 1022//1161 1020//1162
f 1021//1158 1019//1160 1020//1162
f 827//1159 1021//1158 1022//1161
f 1023//1163 1021//1158 1020//1162
f 1022//1161 1021//1158 1023//1163
f 1022//1161 1023//1163 1020//1162
f 1025//1102 1026//1102 1024//1102
f 1026//1102 1025//1102 1024//1102
f 1030//1164 1482//1165 1031//1166
f 1027//1167 1032//1168 1028//1169
f 1482//1165 1030//1164 1029//1170
f 1482//1165 1029//1170 1031//1166
f 1031//1166 1027//1167 1028//1169
f 1029//1170 1027//1167 1031//1166
f 1031//1166 1028//1169 1030//1164
f 1030//1164 1028//1169 1029//1170
f 1029//1170 1028//1169 1032//1168
f 1027//1167 1029//1170 1032//1168
f 1034//1171 1036//1172 1040//1173
f 1036//1172 1034//1171 1041//1174
f 1042//1175 1034//1171 1039//1176
f 1041//1174 1040//1173 1037//1177
f 1040//1173 1036//1172 1037//1177
f 1039//1176 1038//1178 1042//1175
f 1035//1179 1033//1180 1036//1172
f 1033//1180 1035//1179 1037//1177
f 1040//1173 1041//1174 1042//1175
f 1033//1180 1037//1177 1036//1172
f 1040//1173 1039//1176 1034//1171
f 1039//1176 1040//1173 1038//1178
f 1040//1173 1042//1175 1038//1178
f 1041//1174 1037//1177 1035//1179
f 1036//1172 1041//1174 1035//1179
f 1034//1171 1042//1175 1041//1174
f 1055//1181 1044//1182 1048//1183
f 1044//1182 1045//1184 1054//1185
f 1051//1186 1047//1187 1046//1188
f 1050//1189 1051//1186 1046//1188
f 1053//1190 1063//1191 1052//1192
f 1063//1191 1051//1186 1052//1192
f 1051//1186 1063//1191 1047//1187
f 1044//1182 1062//1193 1048//1183
f 1043//1194 1048//1183 1062//1193
f 1046//1188 1045//1184 1063//1191
f 1054//1185 1045//1184 1046//1188
f 1051//1186 1050//1189 1052//1192
f 1049//1195 1056//1196 1048//1183
f 1043//1194 1049//1195 1048//1183
f 1044//1182 1055//1181 1043//1194
f 1061//1197 1049//1195 1055//1181
f 1055//1181 1048//1183 1056//1196
f 1055//1181 1049//1195 1043//1194
f 1056//1196 1061//1197 1055//1181
f 1058//1198 1056//1196 1059//1199
f 1059//1199 1056//1196 1049//1195
f 1056//1196 1057//1200 1061//1197
f 1060//1201 1058//1201 1057//1202
f 1058//1198 1057//1200 1056//1196
f 1057//1200 1059//1199 1061//1197
f 1057//1200 1058//1198 1059//1199
f 1049//1195 1061//1197 1059//1199
f 1054//1185 1047//1187 1062//1193
f 1054//1185 1062//1193 1044//1182
f 1047//1187 1054//1185 1046//1188
f 1043//1194 1045//1184 1044//1182
f 1043//1194 1062//1193 1047//1187
f 1053//1190 1050//1189 1063//1191
f 1063//1191 1050//1189 1046//1188
f 1047//1187 1063//1191 1045//1184
f 1043//1194 1047//1187 1045//1184
f 1053//1190 1052//1192 1050//1189
f 1064//1203 1067//1204 1068//1205
f 1066//1206 1064//1203 1068//1205
f 1065//1207 1066//1206 1068//1205
f 1067//1204 1065//1207 1068//1205
f 1067//1204 1064//1203 1066//1206
f 1066//1206 1065//1207 1067//1204
f 1071//1208 1075//1209 1073//1210
f 1072//1211 1075//1209 1074//1212
f 1070//1213 1074//1212 1069//1214
f 1069//1214 1074//1212 1071//1208
f 1070//1213 1073//1210 1074//1212
f 1074//1212 1075//1209 1071//1208
f 1070//1213 1069//1214 1071//1208
f 1073//1210 1070//1213 1071//1208
f 1074//1212 1073//1210 1072//1211
f 1072//1211 1073//1210 1075//1209
f 1080//1215 1078//1216 1084//1217
f 1082//1218 1078//1216 1081//1219
f 1081//1219 1083//1220 1082//1218
f 1080//1215 1082//1218 1083//1220
f 1082//1218 1080//1215 1079//1221
f 1078//1216 1080//1215 1083//1220
f 1078//1216 1082//1218 1084//1217
f 1084//1217 1077//1222 1080//1215
f 1080//1215 1077//1222 1079//1221
f 1079//1221 1077//1222 1084//1217
f 1076//1223 1081//1219 1078//1216
f 1076//1223 1078//1216 1083//1220
f 1084//1217 1082//1218 1079//1221
f 1076//1223 1083//1220 1081//1219
f 1088//1224 1086//1225 1087//1226
f 1092//1227 1090//1228 1088//1224
f 1089//1229 1091//1230 1088//1224
f 1089//1229 1090//1228 1091//1230
f 1085//1231 1086//1225 1088//1224
f 611//1232 1087//1226 1086//1225
f 1091//1230 1092//1227 1088//1224
f 1093//1233 1092//1227 1091//1230
f 1091//1230 1090//1228 1093//1233
f 1093//1233 1090//1228 1092//1227
f 1089//1229 1085//1231 1090//1228
f 1090//1228 1085//1231 1088//1224
f 1088//1224 1087//1226 1089//1229
f 611//1232 1085//1231 1087//1226
f 1086//1225 1085//1231 611//1232
f 1089//1229 1087//1226 1085//1231
f 1098//1234 1099//1235 1103//1236
f 1101//1237 1099//1235 1098//1234
f 1103//1236 1097//1238 1096//1239
f 1103//1236 1099//1235 1100//1240
f 1102//1241 1100//1240 1099//1235
f 1100//1240 1098//1234 1097//1238
f 1097//1238 1094//1242 1095//1243
f 1103//1236 1100//1240 1097//1238
f 1095//1243 1096//1239 1097//1238
f 1375//1244 1094//1242 1096//1239
f 1096//1239 1094//1242 1103//1236
f 1375//1244 1096//1239 1095//1243
f 1100//1240 1101//1237 1098//1234
f 1103//1236 1094//1242 1098//1234
f 1098//1234 1094//1242 1097//1238
f 1094//1242 1375//1244 1095//1243
f 1099//1235 1101//1237 1102//1241
f 1100//1240 1102//1241 1101//1237
f 1104//1245 1107//1246 1108//1247
f 1104//1245 1108//1247 1106//1248
f 1107//1246 1106//1248 1108//1247
f 1106//1248 1105//1249 1104//1245
f 1106//1248 1107//1246 1109//1250
f 1105//1249 1106//1248 1109//1250
f 1105//1249 1109//1250 1104//1245
f 1109//1250 1107//1246 1104//1245
f 1111//1251 1112//1252 424//1253
f 424//1253 1113//1254 1114//1255
f 1111//1251 1114//1255 1110//1256
f 1113//1254 424//1253 1112//1252
f 424//1253 1114//1255 1111//1251
f 1112//1252 1111//1251 1113//1254
f 1113//1254 1110//1256 1114//1255
f 1111//1251 1110//1256 1113//1254
f 1120//1257 1116//1258 1121//1259
f 1117//1260 1120//1257 1119//1261
f 1117//1260 1119//1261 1116//1258
f 1120//1257 1121//1259 1115//1262
f 1118//1263 1115//1262 1121//1259
f 1116//1258 1119//1261 1121//1259
f 1117//1260 1116//1258 1120//1257
f 1119//1261 1120//1257 1115//1262
f 1118//1263 1119//1261 1115//1262
f 1121//1259 1119//1261 1118//1263
f 1126//1264 1124//1265 1123//1266
f 1127//1267 1126//1264 1130//1268
f 1126//1264 1127//1267 1124//1265
f 1123//1266 1124//1265 1125//1269
f 1123//1266 1130//1268 1122//1270
f 1125//1269 1124//1265 1128//1271
f 1123//1266 1122//1270 1126//1264
f 1127//1267 1130//1268 1123//1266
f 1123//1266 1125//1269 1127//1267
f 1129//1272 1128//1271 1127//1267
f 1130//1268 1126//1264 1122//1270
f 1124//1265 1127//1267 1128//1271
f 1125//1269 1129//1272 1127//1267
f 1129//1272 574//1273 1128//1271
f 574//1273 1129//1272 1125//1269
f 574//1273 1125//1269 1128//1271
f 1132//1274 1131//1274 1133//1274
f 1131//1274 1132//1274 1133//1274
f 1136//1275 1135//1276 1134//1277
f 1135//1276 1136//1275 1134//1277
f 1139//1278 1137//1278 1138//1278
f 1137//1278 1139//1278 1138//1278
f 1140//1279 1147//1280 1146//1281
f 1146//1281 1141//1282 1140//1279
f 1143//1283 1148//1284 1144//1285
f 1143//1283 1141//1282 1146//1281
f 1143//1283 1147//1280 1141//1282
f 1148//1284 1143//1283 1142//1286
f 1146//1281 1142//1286 1143//1283
f 1140//1279 1141//1282 1147//1280
f 1145//1287 1144//1285 1148//1284
f 1142//1286 1144//1285 1145//1287
f 1144//1285 1146//1281 1147//1280
f 1146//1281 1144//1285 1142//1286
f 1147//1280 1143//1283 1144//1285
f 1150//1288 1152//1289 1153//1290
f 1152//1289 1150//1288 1151//1291
f 1149//1292 1153//1290 412//1293
f 1151//1291 1149//1292 1152//1289
f 412//1293 1152//1289 1149//1292
f 1149//1292 1151//1291 1153//1290
f 412//1293 1153//1290 1152//1289
f 1151//1291 1150//1288 1153//1290
f 1154//1294 1155//1295 1158//1296
f 1158//1296 1157//1297 1154//1294
f 1155//1295 1154//1294 1156//1298
f 1155//1295 1157//1297 1158//1296
f 1154//1294 1157//1297 1156//1298
f 1157//1297 1155//1295 1156//1298
f 1160//1299 1159//1300 1164//1301
f 1165//1302 1160//1299 1163//1303
f 1163//1303 1164//1301 1162//1304
f 1161//1305 1162//1304 1165//1302
f 1162//1304 1159//1300 1165//1302
f 1165//1302 1163//1303 1161//1305
f 1160//1299 1165//1302 1159//1300
f 1162//1304 1164//1301 1159//1300
f 1160//1299 1164//1301 1163//1303
f 1161//1305 1163//1303 1162//1304
f 1169//1306 1166//1307 1168//1308
f 1167//1309 1166//1307 1169//1306
f 1168//1308 1166//1307 1167//1309
f 1168//1308 1167//1309 1169//1306
f 1172//1102 1170//1102 1171//1102
f 1172//1102 1171//1102 1170//1102
f 1175//1310 1174//1311 1173//1312
f 1173//1312 1174//1311 1175//1310
f 1176//1313 1177//1314 1180//1315
f 1180//1315 1179//1316 1176//1313
f 1177//1314 1176//1313 1178//1317
f 1177//1314 1179//1316 1180//1315
f 1176//1313 1179//1316 1178//1317
f 1179//1316 1177//1314 1178//1317
f 1181//1318 1182//1102 1183//1102
f 1181//1318 1183//1102 1182//1102
f 1184//1319 1187//1320 1185//1321
f 1184//1319 1185//1321 1186//1322
f 1184//1319 1186//1322 1187//1320
f 1185//1321 1187//1320 1186//1322
f 1195//1323 1188//1324 1196//1325
f 1189//1326 1192//1327 1190//1328
f 1193//1329 1190//1328 1188//1324
f 1194//1330 1193//1329 1195//1323
f 1196//1325 1188//1324 1194//1330
f 1196//1325 1194//1330 1195//1323
f 1191//1331 1189//1326 1194//1330
f 1190//1328 1194//1330 1188//1324
f 1195//1323 1193//1329 1188//1324
f 1192//1327 1189//1326 1191//1331
f 1189//1326 1193//1329 1194//1330
f 1189//1326 1190//1328 1193//1329
f 1190//1328 1192//1327 1194//1330
f 1194//1330 1192//1327 1191//1331
f 1197//1332 1199//1333 1198//1334
f 1199//1333 1197//1332 1198//1334
f 1201//1102 1200//1102 1202//1102
f 1201//1102 1202//1102 1200//1102
f 1203//1102 1205//1102 1204//1102
f 1203//1102 1204//1102 1205//1102
f 1208//1335 1206//1336 1207//1337
f 1206//1336 1208//1335 1207//1337
f 1211//1338 1209//1339 1210//1340
f 1210//1340 1209//1339 1211//1338
f 1212//1341 1213//1102 1214//1102
f 1212//1341 1214//1102 1213//1102
f 1220//1342 1219//1343 1215//1344
f 1217//1345 1216//1346 1221//1347
f 1215//1344 1219//1343 1216//1346
f 1217//1345 1221//1347 1218//1348
f 1216//1346 1219//1343 1218//1348
f 1219//1343 1220//1342 1217//1345
f 1216//1346 1217//1345 1215//1344
f 1220//1342 1215//1344 1217//1345
f 1219//1343 1217//1345 1218//1348
f 1218//1348 1221//1347 1216//1346
f 1223//1349 1222//1350 1224//1351
f 1224//1351 1222//1350 1223//1349
f 1225//1352 1227//1353 1226//1354
f 1227//1353 1225//1352 1226//1354
f 1228//1102 1229//1102 1230//1102
f 1228//1102 1230//1102 1229//1102
f 1231//1355 1233//1356 1232//1357
f 1233//1356 1231//1355 1232//1357
f 1235//1358 1236//1359 1234//1360
f 1236//1359 1235//1358 1234//1360
f 1237//1361 1238//1102 1239//1102
f 1237//1361 1239//1102 1238//1102
f 1242//1102 1240//1102 1241//1102
f 1240//1102 1242//1102 1241//1102
f 1243//1102 1244//1362 1245//1102
f 1243//1102 1245//1102 1244//1362
f 1249//1363 1250//1364 1246//1365
f 1248//1366 1251//1367 1247//1368
f 1246//1365 1250//1364 1248//1366
f 1248//1366 1247//1368 1246//1365
f 1247//1368 1251//1367 1250//1364
f 1247//1368 1250//1364 1249//1363
f 1247//1368 1249//1363 1246//1365
f 1250//1364 1251//1367 1248//1366
f 1254//1369 1255//1370 1256//1371
f 1256//1371 1252//1372 1254//1369
f 1256//1371 1253//1373 1257//1374
f 1253//1373 1254//1369 1252//1372
f 1257//1374 1253//1373 1252//1372
f 1255//1370 1253//1373 1256//1371
f 1255//1370 1254//1369 1253//1373
f 1257//1374 1252//1372 1256//1371
f 1261//1375 1258//1376 1260//1377
f 1259//1378 1261//1375 1260//1377
f 1259//1378 1260//1377 1258//1376
f 1258//1376 1261//1375 1259//1378
f 1263//1102 1264//1102 1262//1102
f 1263//1102 1262//1102 1264//1102
f 1268//1379 1265//1380 1267//1381
f 1269//1382 1267//1381 1265//1380
f 1268//1379 1267//1381 1266//1383
f 1268//1379 1269//1382 1265//1380
f 1266//1383 1267//1381 1269//1382
f 1268//1379 1266//1383 1269//1382
f 1270//1384 1277//1385 1276//1386
f 1276//1386 1271//1387 1270//1384
f 1273//1388 1278//1389 1274//1390
f 1273//1388 1271//1387 1276//1386
f 1273//1388 1277//1385 1271//1387
f 1278//1389 1273//1388 1272//1391
f 1276//1386 1272//1391 1273//1388
f 1270//1384 1271//1387 1277//1385
f 1275//1392 1274//1390 1278//1389
f 1272//1391 1274//1390 1275//1392
f 1274//1390 1276//1386 1277//1385
f 1276//1386 1274//1390 1272//1391
f 1277//1385 1273//1388 1274//1390
f 1279//1274 1281//1274 1280//1274
f 1281//1274 1279//1274 1280//1274
f 1283//1393 1284//1394 1282//1395
f 1284//1394 1283//1393 1282//1395
f 1285//1102 1287//1396 1286//1397
f 1285//1102 1288//1398 1287//1396
f 1286//1397 1288//1398 1285//1102
f 1288//1398 1286//1397 1287//1396
f 1289//1102 1290//1102 1291//1102
f 1289//1102 1291//1102 1290//1102
f 1292//1399 1297//1400 1296//1401
f 1297//1400 1292//1399 1293//1402
f 1294//1403 1296//1401 1297//1400
f 1295//1404 1294//1403 1293//1402
f 1295//1404 1293//1402 1296//1401
f 1294//1403 1295//1404 1296//1401
f 1297//1400 1293//1402 1294//1403
f 1296//1401 1293//1402 1292//1399
f 1304//1405 1302//1406 1303//1407
f 1299//1408 1300//1409 1298//1410
f 1305//1411 1302//1406 1304//1405
f 1300//1409 1304//1405 1298//1410
f 1305//1411 1304//1405 1300//1409
f 1300//1409 1302//1406 1305//1411
f 1304//1405 1303//1407 1298//1410
f 1302//1406 1300//1409 1303//1407
f 1300//1409 1301//1412 1303//1407
f 1301//1412 1298//1410 1303//1407
f 1299//1408 1301//1412 1300//1409
f 1299//1408 1298//1410 1301//1412
f 1309//1413 1306//1414 1311//1415
f 1312//1416 1309//1413 1311//1415
f 1310//1417 1306//1414 1307//1418
f 1307//1418 1308//1419 1310//1417
f 1312//1416 1311//1415 1310//1417
f 1306//1414 1309//1413 1308//1419
f 1309//1413 1310//1417 1308//1419
f 1309//1413 1312//1416 1310//1417
f 1306//1414 1310//1417 1311//1415
f 1306//1414 1308//1419 1307//1418
f 1314//1420 1316//1421 437//1422
f 1313//1423 1315//1424 1314//1420
f 1314//1420 1315//1424 1316//1421
f 1313//1423 437//1422 1316//1421
f 1313//1423 1316//1421 1315//1424
f 437//1422 1313//1423 1314//1420
f 1319//1425 1318//1426 1317//1427
f 1317//1427 1318//1426 1319//1425
f 1320//1428 1322//1429 1321//1430
f 1322//1429 1320//1428 1321//1430
f 1325//1431 1323//1432 1324//1433
f 1323//1432 1325//1431 1324//1433
f 1328//1434 1326//1435 1327//1436
f 1326//1435 1328//1434 1327//1436
f 1329//1437 1330//1438 1331//1439
f 1330//1438 1329//1437 1331//1439
f 1333//1102 1332//1440 1334//1102
f 1333//1102 1334//1102 1332//1440
f 1336//1102 1337//1102 1335//1102
f 1336//1102 1335//1102 1337//1102
f 1339//1441 1340//1442 1338//1443
f 1340//1442 1339//1441 1338//1443
f 1341//1444 1342//1445 1345//1446
f 1345//1446 1344//1447 1341//1444
f 1342//1445 1341//1444 1343//1448
f 1342//1445 1344//1447 1345//1446
f 1341//1444 1344//1447 1343//1448
f 1344//1447 1342//1445 1343//1448
f 1347//1449 1346//1450 1348//1451
f 1348//1451 1346//1450 1347//1449
f 1349//1102 1351//1102 1350//1102
f 1349//1102 1350//1102 1351//1102
f 1354//1452 1352//1453 1355//1454
f 1353//1455 1355//1454 1352//1453
f 1354//1452 1353//1455 1352//1453
f 1353//1455 1354//1452 1355//1454
f 1357//1456 464//1457 1356//1458
f 464//1457 1357//1456 1356//1458
f 1358//1102 1359//1102 1360//1102
f 1358//1102 1360//1102 1359//1102
f 1362//1459 1361//1459 1363//1459
f 1363//1459 1361//1459 1362//1459
f 1366//1460 1365//1461 1364//1462
f 1364//1462 1365//1461 1366//1460
f 1368//1102 1352//1102 1367//1102
f 1368//1102 1367//1102 1352//1102
f 1369//1463 1372//1464 1370//1465
f 1369//1463 1370//1465 1371//1466
f 1369//1463 1371//1466 1372//1464
f 1370//1465 1372//1464 1371//1466
f 1373//1102 1375//1102 1374//1102
f 1373//1102 1374//1102 1375//1102
f 1381//1467 1374//1468 1376//1469
f 1377//1470 1380//1471 1378//1472
f 1380//1471 1379//1473 1376//1469
f 1376//1469 1374//1468 1380//1471
f 1376//1469 1378//1472 1381//1467
f 1377//1470 1379//1473 1380//1471
f 1379//1473 1378//1472 1376//1469
f 1378//1472 1380//1471 1381//1467
f 1381//1467 1380//1471 1374//1468
f 1379//1473 1377//1470 1378//1472
f 1384//1474 1382//1475 1383//1476
f 1382//1475 1384//1474 1383//1476
f 1385//1477 1392//1478 1391//1479
f 1391//1479 1386//1480 1385//1477
f 1388//1481 1393//1482 1389//1483
f 1388//1481 1386//1480 1391//1479
f 1388//1481 1392//1478 1386//1480
f 1393//1482 1388//1481 1387//1484
f 1391//1479 1387//1484 1388//1481
f 1385//1477 1386//1480 1392//1478
f 1390//1485 1389//1483 1393//1482
f 1387//1484 1389//1483 1390//1485
f 1389//1483 1391//1479 1392//1478
f 1391//1479 1389//1483 1387//1484
f 1392//1478 1388//1481 1389//1483
f 1395//1486 1402//1487 1400//1488
f 1400//1488 1402//1487 450//1489
f 450//1489 1398//1490 1400//1488
f 1397//1491 1394//1492 1399//1493
f 1399//1493 1396//1494 1397//1491
f 1394//1492 1397//1491 1396//1494
f 1396//1494 1401//1495 1394//1492
f 1395//1486 1398//1490 1402//1487
f 1398//1490 1395//1486 1399//1493
f 1395//1486 1396//1494 1399//1493
f 1396//1494 1395//1486 1400//1488
f 1398//1490 1399//1493 1400//1488
f 1399//1493 1394//1492 1401//1495
f 1400//1488 1399//1493 1401//1495
f 1401//1495 1396//1494 1400//1488
f 1405//1496 1406//1497 1404//1498
f 1403//1499 1405//1496 1404//1498
f 1406//1497 1403//1499 1404//1498
f 1403//1499 1406//1497 1405//1496
f 1406//1102 1407//1102 1408//1102
f 1406//1102 1408//1102 1407//1102
f 1409//1102 1410//1102 1411//1102
f 1409//1102 1411//1102 1410//1102
f 1414//1102 1412//1102 1413//1102
f 1414//1102 1413//1102 1412//1102
f 1415//1500 1416//1501 1419//1502
f 1419//1502 1418//1503 1415//1500
f 1416//1501 1415//1500 1417//1504
f 1416//1501 1418//1503 1419//1502
f 1415//1500 1418//1503 1417//1504
f 1418//1503 1416//1501 1417//1504
f 1421//1102 1422//1102 1420//1102
f 1421//1102 1420//1102 1422//1102
f 1423//1505 1425//1506 1424//1507
f 1425//1506 1423//1505 1424//1507
f 1426//1102 1428//1102 1427//1102
f 1426//1102 1427//1102 1428//1102
f 1430//1508 1435//1509 1429//1510
f 1429//1510 1434//1511 1430//1508
f 1431//1512 1436//1513 1432//1514
f 1432//1514 568//1515 1433//1516
f 1431//1512 1435//1509 1434//1511
f 1436//1513 1431//1512 1433//1516
f 1429//1510 1433//1516 1431//1512
f 1429//1510 1432//1514 1433//1516
f 1430//1508 1434//1511 1435//1509
f 1429//1510 1431//1512 1434//1511
f 1432//1514 1429//1510 1435//1509
f 1435//1509 1431//1512 1432//1514
f 1432//1514 1436//1513 568//1515
f 1438//1102 1439//1102 1437//1102
f 1438//1102 1437//1102 1439//1102
f 1441//1517 1449//1518 1446//1519
f 1448//1520 1444//1521 1446//1519
f 1443//1522 1440//1523 1445//1524
f 1445//1524 1442//1525 1443//1522
f 1440//1523 1443//1522 1442//1525
f 1442//1525 1447//1526 1440//1523
f 1441//1517 1444//1521 1449//1518
f 1444//1521 1441//1517 1445//1524
f 1441//1517 1442//1525 1445//1524
f 1442//1525 1441//1517 1446//1519
f 1444//1521 1445//1524 1446//1519
f 1445//1524 1440//1523 1447//1526
f 1446//1519 1445//1524 1447//1526
f 1447//1526 1442//1525 1446//1519
f 1448//1520 1446//1519 1449//1518
f 1450//1102 1451//1102 1452//1102
f 1450//1102 1452//1102 1451//1102
f 1455//1102 1454//1102 1453//1102
f 1455//1102 1453//1102 1454//1102
f 445//1527 1465//1528 1460//1529
f 1457//1530 1464//1531 1462//1532
f 1459//1533 1456//1534 1461//1535
f 1461//1535 1458//1536 1459//1533
f 1456//1534 1459//1533 1458//1536
f 1458//1536 1463//1537 1456//1534
f 445//1527 1457//1530 1461//1535
f 1457//1530 1458//1536 1461//1535
f 445//1527 1460//1529 1464//1531
f 1464//1531 1457//1530 445//1527
f 1462//1532 1465//1528 445//1527
f 1458//1536 1457//1530 1462//1532
f 445//1527 1461//1535 1462//1532
f 1461//1535 1456//1534 1463//1537
f 1462//1532 1461//1535 1463//1537
f 1463//1537 1458//1536 1462//1532
f 1465//1528 1462//1532 1464//1531
f 1466//1538 1469//1539 1112//1540
f 1466//1538 1467//1541 1469//1539
f 1466//1538 1468//1542 1467//1541
f 1469//1539 1467//1541 1468//1542
f 1112//1540 1469//1539 1468//1542
f 1466//1538 1112//1540 1468//1542
f 1476//1543 1470//1544 1475//1545
f 1472//1546 1471//1547 1473//1548
f 1474//1549 1472//1546 1473//1548
f 1477//1550 1471//1547 1472//1546
f 1474//1549 1476//1543 1475//1545
f 1471//1547 1477//1550 1476//1543
f 1470//1544 1477//1550 1475//1545
f 1473//1548 1476//1543 1474//1549
f 1477//1550 1472//1546 1474//1549
f 1477//1550 1470//1544 1476//1543
f 1474//1549 1475//1545 1477//1550
f 1476//1543 1473//1548 1471//1547
f 1478//1551 1479//1552 1482//1553
f 1482//1553 1481//1554 1478//1551
f 1479//1552 1478//1551 1480//1555
f 1479//1552 1481//1554 1482//1553
f 1478//1551 1481//1554 1480//1555
f 1481//1554 1479//1552 1480//1555
f 1483//1556 1486//1557 1484//1558
f 1487//1559 1485//1560 1486//1557
f 1486//1557 1483//1556 1487//1559
f 1487//1559 1484//1558 1485//1560
f 1484//1558 1487//1559 1483//1556
f 1485//1560 1484//1558 1486//1557
f 1488//1102 1664//1102 1489//1102
f 1488//1102 1489//1102 1664//1102
f 1490//1561 1492//1274 1491//1562
f 1492//1274 1490//1561 1491//1562
f 1495//1563 1494//1564 1493//1565
f 1493//1565 1494//1564 1495//1563
f 1497//1102 1498//1102 1496//1102
f 1497//1102 1496//1102 1498//1102
f 1499//1566 1506//1567 1505//1568
f 1505//1568 1500//1569 1499//1566
f 1502//1570 1507//1571 1503//1572
f 1502//1570 1500//1569 1505//1568
f 1502//1570 1506//1567 1500//1569
f 1507//1571 1502//1570 1501//1573
f 1505//1568 1501//1573 1502//1570
f 1499//1566 1500//1569 1506//1567
f 1504//1574 1503//1572 1507//1571
f 1501//1573 1503//1572 1504//1574
f 1503//1572 1505//1568 1506//1567
f 1505//1568 1503//1572 1501//1573
f 1506//1567 1502//1570 1503//1572
f 1510//1575 1509//1576 1511//1577
f 1117//1578 1509//1576 1510//1575
f 1508//1579 1510//1575 1511//1577
f 1511//1577 1509//1576 1508//1579
f 1117//1578 1508//1579 1509//1576
f 1117//1578 1510//1575 1508//1579
f 1513//1580 1514//1581 1512//1582
f 1512//1582 1514//1581 1513//1580
f 1515//1583 1516//1584 1519//1585
f 1519//1585 1518//1586 1515//1583
f 1516//1584 1515//1583 1517//1587
f 1516//1584 1518//1586 1519//1585
f 1515//1583 1518//1586 1517//1587
f 1518//1586 1516//1584 1517//1587
f 1520//1102 1522//1102 1521//1102
f 1520//1102 1521//1102 1522//1102
f 1523//1102 1524//1102 1525//1102
f 1523//1102 1525//1102 1524//1102
f 1529//1588 1527//1589 1530//1590
f 1526//1591 1528//1592 1529//1588
f 1528//1592 1527//1589 1529//1588
f 1526//1591 1529//1588 1530//1590
f 1530//1590 1527//1589 1526//1591
f 1528//1592 1526//1591 1527//1589
f 1532//1593 1540//1594 1537//1595
f 1539//1596 1535//1597 1537//1595
f 1534//1598 1531//1599 1536//1600
f 1536//1600 1533//1601 1534//1598
f 1531//1599 1534//1598 1533//1601
f 1533//1601 1538//1602 1531//1599
f 1532//1593 1535//1597 1540//1594
f 1535//1597 1532//1593 1536//1600
f 1532//1593 1533//1601 1536//1600
f 1533//1601 1532//1593 1537//1595
f 1535//1597 1536//1600 1537//1595
f 1536//1600 1531//1599 1538//1602
f 1537//1595 1536//1600 1538//1602
f 1538//1602 1533//1601 1537//1595
f 1539//1596 1537//1595 1540//1594
f 1544//1603 1542//1604 1545//1605
f 1543//1606 1542//1604 1544//1603
f 1541//1607 1544//1603 1545//1605
f 1545//1605 1542//1604 1541//1607
f 1543//1606 1541//1607 1542//1604
f 1543//1606 1544//1603 1541//1607
f 1543//1102 1546//1102 1547//1102
f 1543//1102 1547//1102 1546//1102
f 1548//1102 1550//1102 1549//1102
f 1548//1102 1549//1102 1550//1102
f 1551//1102 1552//1102 1553//1102
f 1551//1102 1553//1102 1552//1102
f 1554//1608 1555//1609 1558//1610
f 1558//1610 1557//1611 1554//1608
f 1555//1609 1554//1608 1556//1612
f 1555//1609 1557//1611 1558//1610
f 1554//1608 1557//1611 1556//1612
f 1557//1611 1555//1609 1556//1612
f 1561//1613 1559//1614 1560//1615
f 1560//1615 1559//1614 1561//1613
f 1563//1616 1571//1617 1568//1618
f 1570//1619 1566//1620 1568//1618
f 1565//1621 1562//1622 1567//1623
f 1567//1623 1564//1624 1565//1621
f 1562//1622 1565//1621 1564//1624
f 1564//1624 1569//1625 1562//1622
f 1563//1616 1566//1620 1571//1617
f 1566//1620 1563//1616 1567//1623
f 1563//1616 1564//1624 1567//1623
f 1564//1624 1563//1616 1568//1618
f 1566//1620 1567//1623 1568//1618
f 1567//1623 1562//1622 1569//1625
f 1568//1618 1567//1623 1569//1625
f 1569//1625 1564//1624 1568//1618
f 1570//1619 1568//1618 1571//1617
f 1572//1626 1574//1627 1573//1628
f 1573//1628 1574//1627 1572//1626
f 1575//1629 1578//1630 1579//1631
f 1575//1629 1576//1632 1578//1630
f 1575//1629 1577//1633 1576//1632
f 1578//1630 1576//1632 1577//1633
f 1579//1631 1578//1630 1577//1633
f 1575//1629 1579//1631 1577//1633
f 1581//1634 1589//1635 1586//1636
f 1588//1637 1584//1638 1586//1636
f 1583//1639 1580//1640 1585//1641
f 1585//1641 1582//1642 1583//1639
f 1580//1640 1583//1639 1582//1642
f 1582//1642 1587//1643 1580//1640
f 1581//1634 1584//1638 1589//1635
f 1584//1638 1581//1634 1585//1641
f 1581//1634 1582//1642 1585//1641
f 1582//1642 1581//1634 1586//1636
f 1584//1638 1585//1641 1586//1636
f 1585//1641 1580//1640 1587//1643
f 1586//1636 1585//1641 1587//1643
f 1587//1643 1582//1642 1586//1636
f 1588//1637 1586//1636 1589//1635
f 1590//1102 1591//1102 1592//1102
f 1590//1102 1592//1102 1591//1102
f 1594//1644 1595//1645 1579//1646
f 1593//1647 1596//1648 1595//1645
f 1579//1646 1595//1645 1596//1648
f 1596//1648 1594//1644 1579//1646
f 1593//1647 1597//1649 1596//1648
f 1593//1647 1594//1644 1597//1649
f 1594//1644 1596//1648 1597//1649
f 1594//1644 1593//1647 1595//1645
f 1600//1650 1598//1651 1599//1652
f 1599//1652 1598//1651 1600//1650
f 1603//1653 1602//1654 1607//1655
f 1601//1656 1604//1657 1606//1658
f 1606//1658 1605//1659 1601//1656
f 1605//1659 1608//1660 1601//1656
f 1607//1655 1602//1654 1609//1661
f 1603//1653 1604//1657 1601//1656
f 1608//1660 1602//1654 1603//1653
f 1608//1660 1603//1653 1601//1656
f 1607//1655 1608//1660 1605//1659
f 1603//1653 1607//1655 1605//1659
f 1607//1655 1609//1661 1608//1660
f 1608//1660 1609//1661 1602//1654
f 1604//1657 1605//1659 1606//1658
f 1605//1659 1604//1657 1603//1653
f 1610//1102 1611//1102 1612//1102
f 1610//1102 1612//1102 1611//1102
f 1615//1662 1613//1662 1614//1662
f 1614//1662 1613//1662 1615//1662
f 1617//1663 1618//1664 1616//1665
f 1618//1664 1617//1663 1616//1665
f 1619//1666 1620//1667 1621//1668
f 1621//1668 1620//1667 1619//1666
f 1625//1669 1623//1670 1627//1671
f 1626//1672 1624//1673 1625//1669
f 1624//1673 1623//1670 1625//1669
f 1622//1674 1625//1669 1627//1671
f 1625//1669 1622//1674 1626//1672
f 1623//1670 1626//1672 1622//1674
f 1627//1671 1623//1670 1622//1674
f 1624//1673 1626//1672 1623//1670
f 1630//1102 1629//1102 1628//1102
f 1629//1102 1630//1102 1628//1102
f 1632//1675 1633//1676 1631//1677
f 1631//1677 1633//1676 1632//1675
f 1636//1678 1635//1679 1634//1102
f 1636//1678 1634//1102 1635//1679
f 1641//1680 1640//1681 1639//1682
f 1637//1683 1642//1684 1638//1685
f 1641//1680 1637//1683 1638//1685
f 1637//1683 1641//1680 1639//1682
f 1639//1682 1642//1684 1637//1683
f 1638//1685 1642//1684 1641//1680
f 1642//1684 1639//1682 1640//1681
f 1641//1680 1642//1684 1640//1681
f 1649//1686 1644//1687 1645//1688
f 1643//1689 1648//1690 1649//1686
f 1648//1690 1652//1691 786//1692
f 1648//1690 786//1692 1649//1686
f 1646//1693 1643//1689 1645//1688
f 1645//1688 1643//1689 1649//1686
f 1651//1694 1650//1695 786//1692
f 1644//1687 1648//1690 1643//1689
f 1645//1688 1644//1687 1646//1693
f 1646//1693 1644//1687 1643//1689
f 1644//1687 1649//1686 1650//1695
f 786//1692 1650//1695 1649//1686
f 1648//1690 1644//1687 1650//1695
f 1650//1695 1651//1694 1647//1696
f 1650//1695 1652//1691 1648//1690
f 1650//1695 1647//1696 1652//1691
f 1651//1694 786//1692 1652//1691
f 1660//1697 1657//1698 1655//1699
f 1659//1700 1654//1701 1653//1702
f 1661//1703 1660//1697 1653//1702
f 1661//1703 1654//1701 1656//1704
f 1655//1699 1657//1698 1658//1705
f 1660//1697 1655//1699 1654//1701
f 1659//1700 1653//1702 1660//1697
f 1654//1701 1659//1700 1660//1697
f 1655//1699 1656//1704 1654//1701
f 1654//1701 1661//1703 1653//1702
f 1660//1697 1661//1703 1657//1698
f 1657//1698 1661//1703 1656//1704
f 1655//1699 1658//1705 1656//1704
f 1657//1698 1656//1704 1658//1705
f 1666//1706 1665//1707 1663//1708
f 1665//1707 1667//1709 1663//1708
f 1666//1706 1662//1710 1667//1709
f 1662//1710 1664//1711 1663//1708
f 1665//1707 1666//1706 1667//1709
f 1667//1709 1662//1710 1663//1708
f 1664//1711 1666//1706 1663//1708
f 1666//1706 1664//1711 1662//1710
f 1668//1102 1670//1102 1669//1102
f 1668//1102 1669//1102 1670//1102
f 1671//1712 1672//1713 518//1714
f 518//1714 1672//1713 1674//1715
f 1672//1713 1671//1712 1673//1716
f 1674//1715 1671//1712 518//1714
f 1671//1712 1674//1715 1673//1716
f 1674//1715 1672//1713 1673//1716
f 1676//1717 1675//1718 1677//1719
f 1675//1718 1676//1717 1677//1719
f 1679//1720 1678//1721 1519//1722
f 1679//1720 1680//1723 1681//1724
f 1680//1723 1678//1721 1681//1724
f 540//1725 1680//1723 1683//1726
f 1682//1727 1519//1722 540//1725
f 1680//1723 1519//1722 1678//1721
f 1679//1720 1519//1722 550//1728
f 1678//1721 1679//1720 1681//1724
f 1680//1723 1679//1720 550//1728
f 1519//1722 1682//1727 550//1728
f 1680//1723 540//1725 1519//1722
f 1680//1723 550//1728 1683//1726
f 1682//1727 540//1725 1683//1726
f 1705//1729 1692//1730 430//1731
f 1698//1732 1697//1733 1696//1734
f 1686//1735 1691//1736 1687//1737
f 1695//1738 1684//1739 1696//1734
f 1684//1739 1685//1740 1693//1741
f 1689//1742 1690//1743 1686//1735
f 1686//1735 1687//1737 1689//1742
f 1688//1744 1689//1742 1687//1737
f 1684//1739 1704//1745 1696//1734
f 1694//1746 1696//1734 1704//1745
f 1686//1735 1685//1740 1691//1736
f 1693//1741 1685//1740 1686//1735
f 1705//1729 430//1731 1687//1737
f 459//1747 1692//1730 1691//1736
f 1691//1736 1688//1744 459//1747
f 459//1747 1688//1744 1692//1730
f 1687//1737 1692//1730 443//1748
f 1688//1744 443//1748 1692//1730
f 1687//1737 443//1748 1688//1744
f 1692//1730 1687//1737 430//1731
f 1691//1736 1705//1729 1687//1737
f 1699//1749 1698//1732 1694//1746
f 1695//1738 1694//1746 1704//1745
f 1695//1738 1696//1734 1697//1733
f 1698//1732 1696//1734 1694//1746
f 1695//1738 1697//1733 1694//1746
f 1700//1750 1698//1732 1702//1751
f 1702//1751 1698//1732 1699//1749
f 1697//1733 1701//1752 1702//1751
f 1698//1732 1701//1752 1697//1733
f 1700//1753 1703//1753 1701//1753
f 1700//1750 1701//1752 1698//1732
f 1701//1752 1700//1750 1702//1751
f 1697//1733 1702//1751 1699//1749
f 1693//1741 1690//1743 1704//1745
f 1693//1741 1704//1745 1684//1739
f 1690//1743 1693//1741 1686//1735
f 1695//1738 1685//1740 1684//1739
f 1697//1733 1699//1749 1694//1746
f 1695//1738 1704//1745 1690//1743
f 1689//1742 1688//1744 1691//1736
f 1690//1743 1689//1742 1685//1740
f 1685//1740 1689//1742 1691//1736
f 1695//1738 1690//1743 1685//1740
f 1691//1736 1692//1730 1705//1729
f 1705//1754 1707//1755 1706//1756
f 1706//1756 1707//1755 1705//1754
f 1710//1757 1708//1758 1709//1759
f 1709//1759 1708//1758 1710//1757
f 1712//1760 1711//1761 1713//1762
f 826//1763 1714//1764 488//1765
f 826//1763 1712//1760 1714//1764
f 1712//1760 826//1763 1711//1761
f 1711//1761 826//1763 488//1765
f 1711//1761 488//1765 1714//1764
f 1714//1764 1712//1760 1713//1762
f 1713//1762 1711//1761 1714//1764
f 1717//1766 1715//1767 1716//1768
f 1715//1767 1717//1766 1716//1768
f 1718//1769 520//1770 1719//1770
f 520//1770 1718//1769 1719//1770
f 1720//1102 1721//1102 1722//1102
f 1720//1102 1722//1102 1721//1102
f 1723//1102 1724//1102 1725//1102
f 1723//1102 1725//1102 1724//1102
f 1728//1771 1726//1772 1727//1773
f 1727//1773 1726//1772 1728//1771
f 1729//1102 1730//1102 1731//1102
f 1729//1102 1731//1102 1730//1102
f 1735//1774 444//1775 1733//1776
f 1736//1777 1738//1778 1739//1779
f 1737//1780 1734//1781 444//1775
f 1737//1780 1739//1779 1738//1778
f 1733//1776 444//1775 1739//1779
f 1738//1778 1734//1781 1737//1780
f 1739//1779 1737//1780 1735//1774
f 1739//1779 1734//1781 1736//1777
f 444//1775 1734//1781 1739//1779
f 444//1775 1735//1774 1737//1780
f 1732//1782 1736//1777 1734//1781
f 1732//1782 1734//1781 1738//1778
f 1739//1779 1735//1774 1733//1776
f 1732//1782 1738//1778 1736//1777
f 1741//1783 1749//1784 1746//1785
f 1748//1786 115//1787 1746//1785
f 1743//1788 1740//1789 1745//1790
f 1745//1790 1742//1791 1743//1788
f 1740//1789 1743//1788 1742//1791
f 1742//1791 1747//1792 1740//1789
f 115//1787 1741//1783 1745//1790
f 1741//1783 1742//1791 1745//1790
f 115//1787 1744//1793 1749//1784
f 1749//1784 1741//1783 115//1787
f 1742//1791 1741//1783 1746//1785
f 115//1787 1745//1790 1746//1785
f 115//1787 1748//1786 1744//1793
f 1745//1790 1740//1789 1747//1792
f 1746//1785 1745//1790 1747//1792
f 1747//1792 1742//1791 1746//1785
f 1748//1786 1746//1785 1749//1784
f 1752//1794 1755//1795 1751//1796
f 1751//1796 1755//1795 321//1797
f 1750//1798 1752//1794 1753//1799
f 1755//1795 1754//1800 321//1797
f 1751//1796 321//1797 1754//1800
f 1752//1794 1751//1796 1753//1799
f 1750//1798 1755//1795 1752//1794
f 1753//1799 1754//1800 1755//1795
f 1751//1796 1754//1800 1753//1799
f 1755//1795 1750//1798 1753//1799
f 1761//1801 1759//1802 1760//1803
f 1761//1801 1760//1803 1758//1804
f 1759//1802 1758//1804 1760//1803
f 1757//1805 1756//1806 1761//1801
f 1757//1805 1761//1801 1758//1804
f 1758//1804 1759//1802 1757//1805
f 1756//1806 1759//1802 1761//1801
f 1756//1806 1757//1805 1759//1802
f 1762//1807 1770//1808 1767//1809
f 1767//1809 1770//1808 1769//1810
f 1771//1811 1769//1810 1764//1812
f 1765//1813 1768//1814 1769//1810
f 1766//1815 1767//1809 1764//1812
f 1770//1808 1766//1815 1764//1812
f 1771//1811 1764//1812 1768//1814
f 1768//1814 1767//1809 1769//1810
f 1768//1814 1764//1812 1767//1809
f 1770//1808 1764//1812 1769//1810
f 1766//1815 1770//1808 1772//1816
f 1762//1807 1772//1816 1770//1808
f 1771//1811 1763//1817 1765//1813
f 1765//1813 1763//1817 1768//1814
f 1766//1815 1762//1807 1767//1809
f 1769//1810 1771//1811 1765//1813
f 1772//1816 1762//1807 1766//1815
f 1768//1814 1763//1817 1771//1811
f 1773//1818 1777//1819 1774//1820
f 1774//1820 1775//1821 1773//1818
f 1777//1819 1776//1822 1774//1820
f 1776//1822 1778//1823 1775//1821
f 1776//1822 1775//1821 1774//1820
f 1775//1821 1778//1823 1777//1819
f 1776//1822 1777//1819 1778//1823
f 1775//1821 1777//1819 1773//1818
f 1784//1824 1782//1825 1783//1826
f 1784//1824 1783//1826 1781//1827
f 1782//1825 1781//1827 1783//1826
f 1780//1828 1779//1829 1784//1824
f 1780//1828 1784//1824 1781//1827
f 1781//1827 1782//1825 1780//1828
f 1779//1829 1782//1825 1784//1824
f 1779//1829 1780//1828 1782//1825
f 1788//1830 1792//1831 1791//1832
f 1786//1833 1787//1834 1788//1830
f 1785//1835 1789//1836 1793//1837
f 1787//1834 1786//1833 1792//1831
f 1786//1833 1788//1830 1791//1832
f 1793//1837 1787//1834 1790//1838
f 1789//1836 1790//1838 1792//1831
f 1791//1832 1792//1831 1786//1833
f 1787//1834 1792//1831 1790//1838
f 1787//1834 1793//1837 1788//1830
f 1792//1831 1793//1837 1789//1836
f 1785//1835 1790//1838 1789//1836
f 1785//1835 1793//1837 1790//1838
f 1793//1837 1792//1831 1788//1830
f 1795//1102 1796//1102 1794//1102
f 1795//1102 1794//1102 1796//1102
f 1798//1839 263//1840 1797//1841
f 1797//1841 263//1840 1798//1839
f 1801//1842 1799//1843 1800//1844
f 1800//1844 1799//1843 1801//1842
f 1805//1845 1802//1846 1806//1847
f 778//1848 1805//1845 1806//1847
f 1805//1845 778//1848 1807//1849
f 1806//1847 1802//1846 1803//1850
f 1804//1851 1806//1847 1807//1849
f 1802//1846 1805//1845 1803//1850
f 1806//1847 1804//1851 1808//1852
f 1806//1847 1803//1850 1807//1849
f 1805//1845 1807//1849 1803//1850
f 778//1848 1808//1852 1807//1849
f 1806//1847 1808//1852 778//1848
f 1809//1102 1810//1102 1811//1102
f 1811//1102 1810//1102 1809//1102
f 231//1853 1812//1854 1813//1855
f 231//1853 1813//1855 29//1856
f 1813//1855 1812//1854 29//1856
f 29//1856 1812//1854 231//1853
f 1816//1857 1814//1274 1815//1858
f 1815//1858 1814//1274 1816//1857
f 528//426 579//680 483//465
