# Blender 5.2.2 LTS
# www.blender.org
o Coral_Plate_D_tmp
v -0.824916 -0.002577 0.228562
v -0.780738 -0.048758 0.228441
v -0.780738 -0.043309 0.228945
v -0.821408 -0.002577 0.228973
v -0.738402 -0.101747 0.227924
v -0.738402 -0.085569 0.229359
v -0.775040 -0.046033 0.228693
v -0.550918 -0.551838 0.183023
v -0.553655 -0.486372 0.186347
v -0.556440 -0.400656 0.173420
v -0.556285 -0.431173 0.201619
v -0.552860 -0.413488 0.230740
v -0.567246 -0.388875 0.205875
v -0.546797 -0.551921 0.183493
v -0.500850 -0.471002 0.136205
v -0.527808 -0.476139 0.162614
v -0.545362 -0.480375 0.185854
v -0.508440 -0.394985 0.133881
v -0.517601 -0.449834 0.169604
v -0.530161 -0.437596 0.201619
v -0.526385 -0.417758 0.231726
v -0.531907 -0.356114 0.238467
v -0.456246 -0.595845 0.137363
v -0.458787 -0.585599 0.137560
v -0.482925 -0.433672 0.133322
v -0.482781 -0.433810 0.155087
v -0.479456 -0.417174 0.211450
v -0.509512 -0.363945 0.135301
v -0.465687 -0.404308 0.171071
v -0.446017 -0.396092 0.211687
v -0.483962 -0.393389 0.230043
v -0.413657 -0.641952 0.137093
v -0.413657 -0.634708 0.137828
v -0.453704 -0.585599 0.137166
v -0.412488 -0.460745 0.091483
v -0.431844 -0.427408 0.112173
v -0.453677 -0.417786 0.140571
v -0.457449 -0.412459 0.228652
v -0.417214 -0.386135 0.090367
v -0.424208 -0.388875 0.120372
v -0.428485 -0.370227 0.099429
v -0.435305 -0.392417 0.156649
v -0.366539 -0.686646 0.137439
v -0.366405 -0.683818 0.137912
v -0.407480 -0.641952 0.137828
v -0.407480 -0.634708 0.137093
v -0.366499 -0.551130 0.091633
v -0.389110 -0.477019 0.088767
v -0.389041 -0.477153 0.095261
v -0.388875 -0.434625 0.097464
v -0.387796 -0.346088 0.087121
v -0.388875 -0.388875 0.098421
v -0.388875 -0.379415 0.174771
v -0.390019 -0.379536 0.188630
v -0.687783 -0.185036 0.228591
v -0.684969 -0.175211 0.228856
v -0.725211 -0.101747 0.229359
v -0.725211 -0.085569 0.227924
v -0.688205 -0.004144 0.183031
v -0.682155 -0.185036 0.229121
v -0.646510 -0.055361 0.183026
v -0.662411 -0.020483 0.181519
v -0.662411 -0.020483 0.184511
v -0.599573 -0.327693 0.223390
v -0.599573 -0.327693 0.242130
v -0.599573 -0.308230 0.223390
v -0.599573 -0.308230 0.242130
v -0.609516 -0.234693 0.228341
v -0.609516 -0.226867 0.228954
v -0.594153 -0.138905 0.183035
v -0.596348 -0.129706 0.183229
v -0.635585 -0.055252 0.183819
v -0.639262 0.000669 0.182602
v -0.558510 -0.328160 0.175912
v -0.577875 -0.343016 0.207234
v -0.570533 -0.343016 0.243129
v -0.572459 -0.293973 0.205544
v -0.574396 -0.294738 0.243036
v -0.560827 -0.259438 0.218198
v -0.580467 -0.234693 0.228954
v -0.562396 -0.264002 0.235878
v -0.580467 -0.226867 0.228341
v -0.591958 -0.129706 0.182841
v -0.535629 -0.291962 0.169579
v -0.511414 -0.293695 0.235413
v -0.519720 -0.251625 0.167385
v -0.529480 -0.249428 0.205425
v -0.514864 -0.189422 0.184945
v -0.511890 -0.180224 0.185099
v -0.503388 -0.313018 0.137902
v -0.504056 -0.341871 0.231055
v -0.482614 -0.261497 0.134073
v -0.476820 -0.247719 0.213597
v -0.499325 -0.269918 0.230142
v -0.442807 -0.213216 0.127108
v -0.478499 -0.206841 0.159046
v -0.480375 -0.180106 0.181228
v -0.459034 -0.049121 0.137245
v -0.416934 -0.359523 0.125944
v -0.416934 -0.359523 0.142227
v -0.434625 -0.343125 0.201456
v -0.439662 -0.252640 0.202736
v -0.434625 -0.205875 0.192014
v -0.419024 -0.160125 0.132423
v -0.431849 -0.166053 0.160124
v -0.399641 -0.178583 0.183470
v -0.413933 -0.113826 0.137851
v -0.430969 -0.065903 0.136933
v -0.430969 -0.065903 0.137612
v -0.436698 -0.027373 0.136638
v -0.436698 -0.027373 0.137844
v -0.397839 -0.300996 0.092354
v -0.389690 -0.343814 0.117203
v -0.389690 -0.343814 0.158092
v -0.374984 -0.314795 0.129366
v -0.374984 -0.314795 0.152459
v -0.378627 -0.298407 0.182777
v -0.373473 -0.199595 0.092341
v -0.372042 -0.241983 0.178819
v -0.381895 -0.209107 0.184546
v -0.385838 -0.163074 0.169721
v -0.388875 -0.114375 0.127739
v -0.388875 -0.114375 0.145796
v -0.393400 -0.068733 0.135522
v -0.393400 -0.068733 0.138763
v -0.411746 -0.045545 0.137240
v -0.325164 -0.600459 0.090235
v -0.325306 -0.599870 0.093469
v -0.325044 -0.579323 0.091725
v -0.353183 -0.551198 0.091615
v -0.348909 -0.522341 0.088811
v -0.348962 -0.525072 0.093639
v -0.331409 -0.507170 0.230157
v -0.331153 -0.490810 0.230309
v -0.360309 -0.435075 0.091302
v -0.347673 -0.389104 0.090601
v -0.341047 -0.372186 0.183286
v -0.270355 -0.687466 0.137262
v -0.270358 -0.684140 0.136455
v -0.254049 -0.524680 0.226884
v -0.297576 -0.490573 0.226933
v -0.297375 -0.377592 0.084058
v -0.297375 -0.377592 0.097509
v -0.300695 -0.374109 0.183545
v -0.209431 -0.602556 0.092776
v -0.251798 -0.592034 0.091386
v -0.237610 -0.554011 0.228836
v -0.252385 -0.526863 0.230687
v -0.229370 -0.411165 0.090186
v -0.236072 -0.415332 0.184025
v -0.247459 -0.390099 0.081099
v -0.247459 -0.390099 0.103554
v -0.251492 -0.387959 0.175291
v -0.251492 -0.387959 0.185762
v -0.173443 -0.599772 0.090409
v -0.173416 -0.589048 0.091338
v -0.214921 -0.553998 0.228747
v -0.226365 -0.503249 0.228615
v -0.217941 -0.526125 0.230036
v -0.205875 -0.421257 0.179136
v -0.205875 -0.421257 0.186864
v -0.205875 -0.388875 0.074005
v -0.209315 -0.387949 0.119709
v -0.209315 -0.387949 0.155864
v -0.175384 -0.394209 0.187579
v -0.136488 -0.457943 0.091341
v -0.140650 -0.459565 0.182776
v -0.155679 -0.433171 0.086018
v -0.155679 -0.433171 0.099107
v -0.140650 -0.454431 0.183170
v -0.173867 -0.421929 0.182145
v -0.152987 -0.393349 0.075917
v -0.138586 -0.405935 0.129046
v -0.162648 -0.389792 0.161863
v -0.134066 -0.456998 0.182973
v -0.127558 -0.434625 0.087672
v -0.117048 -0.427548 0.110051
v -0.103035 -0.418112 0.145484
v -0.096821 -0.393203 0.091108
v -0.116721 -0.390901 0.148861
v -0.079148 -0.418112 0.124681
v -0.079148 -0.418112 0.145484
v -0.089208 -0.341074 0.091032
v -0.069960 -0.386173 0.114759
v -0.065789 -0.389150 0.145861
v -0.037880 -0.373052 0.137814
v -0.319531 -0.335111 0.071482
v -0.354751 -0.315574 0.125233
v -0.347667 -0.344448 0.181497
v -0.347667 -0.344448 0.184405
v -0.315676 -0.298661 0.066950
v -0.352905 -0.304085 0.164787
v -0.353106 -0.169517 0.088859
v -0.343125 -0.160125 0.164299
v -0.301451 -0.117602 0.080365
v -0.340213 -0.111129 0.115992
v -0.340490 -0.110777 0.146676
v -0.355789 -0.082010 0.137155
v -0.301079 -0.342820 0.123092
v -0.293485 -0.346328 0.164757
v -0.276057 -0.365206 0.185100
v -0.318798 -0.318562 0.136142
v -0.301079 -0.300937 0.148855
v -0.300793 -0.229617 0.155512
v -0.290903 -0.167915 0.064482
v -0.297375 -0.160125 0.149594
v -0.311994 -0.098068 0.114375
v -0.299267 -0.110777 0.142341
v -0.283213 -0.080484 0.087295
v -0.289119 -0.078836 0.114375
v -0.285278 -0.085630 0.138769
v -0.226524 -0.364080 0.134236
v -0.221328 -0.332314 0.169445
v -0.227106 -0.363674 0.145226
v -0.259795 -0.241978 0.052480
v -0.252121 -0.293957 0.152801
v -0.225213 -0.205971 0.140209
v -0.244803 -0.129739 0.056763
v -0.246595 -0.159440 0.137239
v -0.247717 -0.114009 0.137308
v -0.253084 -0.066591 0.081584
v -0.249197 -0.067807 0.119725
v -0.259586 -0.085630 0.138769
v -0.238807 -0.037929 0.088436
v -0.238807 -0.037929 0.102267
v -0.206077 -0.324951 0.056705
v -0.181283 -0.366223 0.184609
v -0.153655 -0.280612 0.153964
v -0.202138 -0.247564 0.050892
v -0.206267 -0.119920 0.054448
v -0.202369 -0.064434 0.076875
v -0.202369 -0.064434 0.112718
v -0.215282 -0.037929 0.088436
v -0.215282 -0.037929 0.102267
v -0.163997 -0.346714 0.170546
v -0.163686 -0.268637 0.055710
v -0.160125 -0.201333 0.129988
v -0.158163 -0.115620 0.062533
v -0.165759 -0.122588 0.119427
v -0.162176 -0.064434 0.079957
v -0.162176 -0.064434 0.100639
v -0.150249 -0.013695 0.092870
v -0.106450 -0.345236 0.148891
v -0.118715 -0.279139 0.075404
v -0.093712 -0.283134 0.125438
v -0.111127 -0.297980 0.144876
v -0.105893 -0.207944 0.114687
v -0.125577 -0.229906 0.138450
v -0.102906 -0.129425 0.082208
v -0.114375 -0.160125 0.107267
v -0.108285 -0.080175 0.098518
v -0.114375 -0.068625 0.084290
v -0.066059 -0.026796 0.087042
v -0.067818 -0.343125 0.112558
v -0.075608 -0.301075 0.115840
v -0.068625 -0.314362 0.138057
v -0.089570 -0.251625 0.099528
v -0.087162 -0.174300 0.089740
v -0.084125 -0.160125 0.094950
v -0.068401 -0.113968 0.089329
v -0.068401 -0.113968 0.094227
v -0.065447 -0.065739 0.091394
v -0.065583 -0.026867 0.094797
v -0.022074 -0.340228 0.137795
v -0.022875 -0.315153 0.135927
v -0.022875 -0.107551 0.088900
v -0.022875 -0.107551 0.094378
v -0.026489 -0.065784 0.086673
v -0.026659 -0.065706 0.095333
v -0.026659 -0.026867 0.086432
v -0.026659 -0.026867 0.096064
v -0.869115 0.308127 0.228789
v -0.869889 0.368911 0.228815
v -0.823162 0.014147 0.228767
v -0.830244 0.178261 0.228570
v -0.833710 0.205593 0.228453
v -0.830361 0.231713 0.228534
v -0.867819 0.368906 0.228809
v -0.820654 0.178377 0.227410
v -0.819558 0.231561 0.229703
v -0.778223 0.349727 0.183479
v -0.734256 0.085955 0.183190
v -0.737027 0.122663 0.183312
v -0.732706 0.206798 0.183078
v -0.739821 0.280737 0.183236
v -0.754875 0.352894 0.182476
v -0.778995 0.369223 0.183081
v -0.777826 0.503231 0.228743
v -0.753280 0.386240 0.182118
v -0.753280 0.386240 0.183936
v -0.736960 0.419918 0.182994
v -0.736488 0.546061 0.228118
v -0.736488 0.552252 0.229318
v -0.711296 0.070942 0.178351
v -0.711618 0.071030 0.187921
v -0.710868 0.251082 0.180573
v -0.711084 0.251181 0.185151
v -0.728004 0.280824 0.182936
v -0.730931 0.363804 0.182710
v -0.662449 0.019052 0.181004
v -0.662449 0.019052 0.184983
v -0.675928 0.080164 0.179145
v -0.677129 0.085663 0.186592
v -0.673915 0.205968 0.179673
v -0.677479 0.235200 0.183701
v -0.512108 0.032633 0.137359
v -0.518993 0.067594 0.137404
v -0.514768 0.117226 0.137413
v -0.506887 0.140450 0.137040
v -0.504320 0.273212 0.137319
v -0.504353 0.368061 0.136652
v -0.482075 0.019316 0.137242
v -0.465363 0.091688 0.131808
v -0.469304 0.097049 0.142677
v -0.439186 0.165084 0.139917
v -0.462031 0.214194 0.137314
v -0.478663 0.255503 0.137741
v -0.478149 0.373214 0.139113
v -0.436698 0.025060 0.135710
v -0.436698 0.025060 0.138493
v -0.439120 0.164579 0.134066
v -0.439315 0.201886 0.137051
v -0.434364 0.252515 0.135619
v -0.434364 0.252515 0.138946
v -0.434364 0.299078 0.136062
v -0.434364 0.299078 0.138375
v -0.345633 0.343691 0.133835
v -0.426969 0.376185 0.140736
v -0.405611 0.041716 0.137005
v -0.403136 0.112683 0.137785
v -0.388174 0.160671 0.133059
v -0.388265 0.160731 0.141390
v -0.387742 0.252515 0.135705
v -0.387742 0.252515 0.138608
v -0.387742 0.299078 0.136061
v -0.387742 0.299078 0.138169
v -0.728847 0.419869 0.183490
v -0.690932 0.458455 0.182982
v -0.728275 0.546061 0.229318
v -0.728275 0.552252 0.228118
v -0.686808 0.594612 0.228779
v -0.684812 0.456293 0.183083
v -0.684812 0.460616 0.182881
v -0.649082 0.496666 0.181860
v -0.649324 0.507427 0.183189
v -0.683238 0.594090 0.228872
v -0.683238 0.595133 0.228687
v -0.607851 0.496486 0.186087
v -0.535450 0.497235 0.180102
v -0.530389 0.529191 0.180029
v -0.530781 0.528699 0.185613
v -0.526125 0.495524 0.185906
v -0.511459 0.601424 0.181976
v -0.457866 0.456867 0.183351
v -0.476162 0.480184 0.180386
v -0.476065 0.480170 0.185590
v -0.448053 0.540628 0.175969
v -0.439802 0.532972 0.191241
v -0.478852 0.617742 0.183132
v -0.462126 0.641035 0.183147
v -0.433867 0.376377 0.134357
v -0.402911 0.448977 0.177620
v -0.415852 0.568063 0.171735
v -0.411909 0.574774 0.193917
v -0.436098 0.621236 0.178366
v -0.436098 0.621236 0.187706
v -0.452405 0.641054 0.183316
v -0.417500 0.681834 0.227029
v -0.417567 0.688218 0.225991
v -0.417526 0.688389 0.230713
v -0.369650 0.447015 0.189056
v -0.399727 0.499987 0.175346
v -0.334294 0.602944 0.178254
v -0.358960 0.606424 0.186988
v -0.339301 0.177431 0.137069
v -0.301725 0.201822 0.136819
v -0.301781 0.201881 0.137436
v -0.344590 0.247747 0.137177
v -0.359240 0.297094 0.137116
v -0.345402 0.343807 0.139587
v -0.273569 0.183152 0.137165
v -0.319783 0.229825 0.137219
v -0.295180 0.357434 0.137453
v -0.214848 0.365654 0.137270
v -0.184905 0.090949 0.091552
v -0.149979 0.024127 0.091686
v -0.160784 0.071465 0.090077
v -0.160784 0.071465 0.093119
v -0.160333 0.110682 0.091659
v -0.145472 0.159765 0.091711
v -0.141226 0.242614 0.091756
v -0.152160 0.359794 0.137389
v -0.065796 0.024642 0.085051
v -0.112102 0.071013 0.093924
v -0.112088 0.071048 0.089104
v -0.117435 0.114375 0.089612
v -0.117435 0.114375 0.093545
v -0.109960 0.155666 0.089272
v -0.109960 0.155666 0.093858
v -0.114669 0.206919 0.089435
v -0.114669 0.206919 0.093803
v -0.130158 0.242629 0.091657
v -0.105888 0.265617 0.091731
v -0.105942 0.277926 0.091731
v -0.124839 0.359773 0.134930
v -0.124839 0.359773 0.139676
v -0.021662 0.024032 0.096726
v -0.036018 0.052144 0.087732
v -0.035771 0.051813 0.093848
v -0.087587 0.167962 0.091346
v -0.087567 0.192346 0.091323
v -0.068625 0.262204 0.088121
v -0.068625 0.262204 0.095145
v -0.068625 0.283235 0.088121
v -0.068625 0.283235 0.095145
v -0.021527 0.024137 0.086668
v -0.001090 0.133953 0.045639
v 0.000182 0.141769 0.045827
v -0.032726 0.267000 0.091446
v -0.032751 0.282705 0.091446
v -0.317285 0.451472 0.182193
v -0.341363 0.480106 0.179115
v -0.341363 0.480106 0.187274
v -0.357125 0.525891 0.183023
v -0.347277 0.573472 0.179100
v -0.347277 0.573472 0.186101
v -0.364584 0.685684 0.229029
v -0.316919 0.464530 0.182880
v -0.297375 0.584874 0.177197
v -0.297375 0.584874 0.188361
v -0.289044 0.618948 0.204888
v -0.277352 0.643523 0.229944
v -0.224707 0.588639 0.181585
v -0.242205 0.587566 0.187622
v -0.251625 0.600872 0.178320
v -0.249776 0.643543 0.225981
v -0.251625 0.638836 0.229903
v -0.185116 0.548558 0.182271
v -0.224013 0.596256 0.181835
v -0.214534 0.642051 0.228714
v -0.148411 0.390350 0.137388
v -0.137338 0.413204 0.137006
v -0.160125 0.542406 0.185340
v -0.173959 0.553740 0.182851
v -0.108858 0.389884 0.135030
v -0.109140 0.388773 0.140334
v -0.091538 0.419592 0.140179
v -0.091649 0.502773 0.182439
v -0.124691 0.541174 0.183009
v -0.124706 0.554447 0.183009
v -0.058902 0.420376 0.134396
v -0.068625 0.497729 0.185533
v -0.077099 0.508200 0.183003
v 0.014412 0.400411 0.135364
v 0.009099 0.399661 0.139764
v -0.014161 0.498094 0.183062
v -0.022875 0.508979 0.180394
v 0.000845 0.503832 0.183701
v 0.033507 -0.460036 0.182689
v 0.033507 -0.451255 0.183316
v 0.089098 -0.549490 0.228599
v 0.053664 -0.460036 0.183316
v 0.053664 -0.451255 0.182689
v 0.087994 -0.417492 0.182545
v 0.087811 -0.410179 0.182925
v 0.129603 -0.642780 0.273800
v 0.129603 -0.634082 0.275306
v 0.139292 -0.547591 0.228813
v 0.118729 -0.392506 0.181844
v 0.118729 -0.392506 0.184166
v 0.149973 -0.642780 0.275306
v 0.149973 -0.634082 0.273800
v 0.139307 -0.549701 0.229033
v 0.143368 -0.416684 0.183951
v 0.159773 -0.389546 0.181013
v 0.159773 -0.389546 0.185102
v 0.224952 -0.598880 0.274358
v 0.224948 -0.592377 0.274355
v 0.223782 -0.506593 0.228718
v 0.223907 -0.497561 0.227857
v 0.191576 -0.374714 0.183015
v 0.274590 -0.503377 0.228832
v 0.287340 -0.594656 0.274531
v 0.314502 -0.420760 0.230427
v 0.319444 -0.366050 0.228152
v 0.357465 -0.557590 0.274861
v 0.357223 -0.534918 0.274702
v 0.326247 -0.421011 0.228983
v 0.342254 -0.389944 0.225503
v 0.342254 -0.389944 0.232266
v 0.010410 -0.325292 0.137365
v 0.010367 -0.314864 0.137617
v 0.042144 -0.284056 0.136700
v 0.041775 -0.270608 0.137175
v 0.032718 -0.140484 0.091674
v 0.019611 -0.118472 0.088535
v 0.019611 -0.118472 0.094670
v 0.022875 -0.068625 0.098520
v 0.024435 -0.020448 0.086746
v 0.024435 -0.020448 0.095660
v 0.070746 -0.253846 0.135418
v 0.070746 -0.253846 0.139164
v 0.087336 -0.225917 0.137112
v 0.055086 -0.140544 0.091635
v 0.069697 -0.117257 0.088174
v 0.071770 -0.114439 0.095007
v 0.108167 -0.070727 0.075037
v 0.068219 -0.069015 0.113594
v 0.083198 -0.054025 0.146242
v 0.068625 -0.027103 0.083191
v 0.068219 -0.025844 0.111363
v 0.083198 -0.037436 0.146242
v 0.136853 -0.365002 0.182975
v 0.094684 -0.279663 0.138428
v 0.112634 -0.251388 0.134796
v 0.112634 -0.251388 0.140361
v 0.117968 -0.208740 0.134948
v 0.117968 -0.208740 0.139709
v 0.136213 -0.181168 0.136224
v 0.119043 -0.105685 0.087432
v 0.114735 -0.069015 0.116010
v 0.099724 -0.054025 0.146242
v 0.137441 -0.001187 0.043819
v 0.114845 -0.016902 0.067203
v 0.101609 -0.006745 0.114375
v 0.131415 -0.038505 0.123807
v 0.116713 -0.020459 0.146807
v 0.162589 -0.347093 0.181409
v 0.162589 -0.347093 0.184460
v 0.179488 -0.315099 0.182899
v 0.146776 -0.236215 0.137664
v 0.161413 -0.208343 0.133405
v 0.161413 -0.208343 0.141549
v 0.193258 -0.172450 0.141884
v 0.177681 -0.100229 0.096178
v 0.165582 -0.043204 0.056898
v 0.160125 -0.006790 0.146075
v 0.196937 -0.343125 0.181110
v 0.196937 -0.343125 0.184759
v 0.193003 -0.315107 0.182943
v 0.240660 -0.189063 0.133908
v 0.240434 -0.188806 0.140880
v 0.205875 -0.172758 0.132860
v 0.233401 -0.095158 0.090127
v 0.205875 -0.068625 0.113908
v 0.206069 -0.010458 0.041366
v 0.191756 -0.011846 0.135081
v 0.262465 -0.321620 0.183483
v 0.271904 -0.276458 0.182658
v 0.240950 -0.176845 0.137399
v 0.266388 -0.150431 0.137118
v 0.266333 -0.128693 0.137060
v 0.250314 -0.069922 0.082019
v 0.250314 -0.069922 0.102885
v 0.250444 -0.020200 0.057547
v 0.251625 -0.022875 0.117434
v 0.276964 -0.322052 0.183049
v 0.294314 -0.296917 0.181272
v 0.294314 -0.296917 0.185439
v 0.296571 -0.255903 0.178808
v 0.296571 -0.255903 0.187329
v 0.311698 -0.218463 0.177607
v 0.311693 -0.218214 0.187420
v 0.297375 -0.150433 0.133071
v 0.297375 -0.150433 0.141963
v 0.299422 -0.113780 0.132749
v 0.299422 -0.113780 0.141687
v 0.285656 -0.055537 0.086724
v 0.316253 -0.088916 0.136830
v 0.285656 -0.055537 0.096529
v 0.299493 -0.025715 0.076825
v 0.299493 -0.025715 0.103009
v 0.353909 -0.355079 0.224996
v 0.353805 -0.355735 0.232310
v 0.333316 -0.281958 0.183563
v 0.346687 -0.254760 0.177801
v 0.346687 -0.254760 0.188193
v 0.332526 -0.141623 0.137733
v 0.345802 -0.116643 0.134266
v 0.346077 -0.116206 0.139920
v 0.345583 -0.083931 0.136657
v 0.335192 -0.012358 0.083562
v 0.335192 -0.012358 0.098529
v 0.388875 -0.566256 0.266525
v 0.388875 -0.566256 0.279223
v 0.384908 -0.522108 0.266006
v 0.384908 -0.522108 0.279305
v 0.397535 -0.497410 0.275055
v 0.388875 -0.377206 0.224845
v 0.388875 -0.377206 0.232621
v 0.451482 -0.557787 0.227076
v 0.435589 -0.566998 0.250944
v 0.434625 -0.564908 0.283233
v 0.451482 -0.543601 0.227076
v 0.437436 -0.524112 0.253108
v 0.437033 -0.522373 0.282513
v 0.422398 -0.496475 0.273891
v 0.435267 -0.377233 0.228720
v 0.509910 -0.555922 0.224720
v 0.478858 -0.562376 0.248927
v 0.462596 -0.555827 0.282032
v 0.482421 -0.527461 0.225186
v 0.480816 -0.524112 0.246363
v 0.462596 -0.535122 0.282032
v 0.497392 -0.480375 0.227063
v 0.497392 -0.480375 0.230953
v 0.494342 -0.434625 0.227154
v 0.494342 -0.434625 0.230496
v 0.479896 -0.389895 0.228559
v 0.509805 -0.555679 0.231878
v 0.514477 -0.486384 0.228314
v 0.527584 -0.433225 0.228844
v 0.524043 -0.350882 0.224667
v 0.527443 -0.351843 0.232177
v 0.551738 -0.415691 0.228755
v 0.418388 -0.234523 0.183100
v 0.418340 -0.222200 0.183108
v 0.413897 -0.091921 0.136424
v 0.388770 -0.068135 0.133713
v 0.388330 -0.068038 0.140722
v 0.434625 -0.358546 0.226607
v 0.436258 -0.357734 0.230755
v 0.449781 -0.190417 0.182285
v 0.449781 -0.176155 0.183695
v 0.424506 -0.034963 0.141002
v 0.424263 -0.022875 0.133801
v 0.468367 -0.190417 0.183695
v 0.468367 -0.176155 0.182285
v 0.495616 -0.148710 0.183176
v 0.501595 -0.091834 0.182206
v 0.497145 -0.114375 0.185096
v 0.518302 -0.148748 0.183024
v 0.530642 -0.118899 0.179642
v 0.530642 -0.118899 0.186598
v 0.528166 -0.072711 0.180479
v 0.528166 -0.072711 0.185535
v 0.544745 -0.040575 0.182907
v 0.553644 -0.357854 0.228498
v 0.559730 -0.106708 0.183220
v 0.573783 -0.070241 0.179206
v 0.573783 -0.070241 0.186910
v 0.639088 -0.186335 0.228475
v 0.640933 -0.181640 0.228602
v 0.639181 -0.054032 0.180737
v 0.641172 -0.054450 0.185696
v 0.621339 -0.020828 0.179431
v 0.621231 -0.020781 0.186072
v 0.642778 -0.186335 0.228729
v 0.841855 -0.021684 0.184488
v 0.756402 -0.060913 0.183142
v 0.821529 -0.049452 0.183061
v 0.842167 -0.021416 0.182117
v 0.872074 -0.005094 0.182980
v 0.088754 0.092691 -0.002540
v 0.086644 0.145821 0.000021
v 0.113583 0.150635 0.000150
v 0.139950 0.090433 -0.000775
v 0.149572 0.122330 -0.000500
v 0.150339 0.146553 0.000021
v 0.044489 0.045274 0.047082
v 0.010264 0.009821 0.091386
v 0.043742 0.050380 0.046927
v 0.001454 0.133953 0.046015
v 0.044902 0.226667 0.045799
v 0.068625 0.042915 0.047568
v 0.088091 0.036661 0.180721
v 0.078776 0.063679 0.028952
v 0.087367 0.101986 0.185787
v 0.086856 0.113964 0.004255
v 0.053268 0.224147 0.045883
v 0.053268 0.229188 0.045715
v 0.079130 0.362033 0.136559
v 0.118448 0.026224 0.044569
v 0.114409 0.024310 0.061136
v 0.124484 0.013955 0.114375
v 0.143344 0.011282 0.148069
v 0.096279 0.036633 0.181809
v 0.114375 0.066976 0.021600
v 0.114375 0.047481 0.046796
v 0.096999 0.101827 0.186460
v 0.095906 0.102106 0.180564
v 0.136261 0.136780 0.182813
v 0.134939 0.145354 0.182937
v 0.094507 0.362033 0.137791
v 0.160125 0.022875 0.040999
v 0.179167 0.045368 0.094845
v 0.151478 0.066788 0.026380
v 0.164572 0.048773 0.064298
v 0.182336 0.125014 0.137335
v 0.182337 0.137680 0.136975
v 0.182339 0.137651 0.137730
v 0.137584 0.145354 0.182690
v 0.232318 0.001264 0.042348
v 0.197153 0.051023 0.060811
v 0.203456 0.022609 0.119019
v 0.186594 0.007182 0.138894
v 0.185237 0.049029 0.044651
v 0.199555 0.048907 0.098514
v 0.205961 0.128012 0.137318
v 0.223125 0.310815 0.090481
v 0.223125 0.331122 0.092507
v 0.250444 0.020256 0.061256
v 0.260251 0.018020 0.111288
v 0.251625 0.055285 0.085379
v 0.230443 0.137228 0.137255
v 0.269205 0.175877 0.045699
v 0.269296 0.185789 0.045437
v 0.242503 0.310815 0.092507
v 0.242503 0.331122 0.090481
v 0.269781 0.356531 0.091464
v 0.297375 0.022875 0.065574
v 0.316346 0.080490 0.042904
v 0.304850 0.067550 0.068580
v 0.297375 0.057779 0.097006
v 0.307796 0.114375 0.051879
v 0.308069 0.129488 0.137578
v 0.295017 0.160722 0.045502
v 0.308314 0.139501 0.138049
v 0.343109 0.188670 0.047335
v 0.296322 0.352305 0.091456
v 0.347515 0.018555 0.074785
v 0.347515 0.018555 0.102450
v 0.326956 0.085301 0.083405
v 0.341663 0.066646 0.057346
v 0.342573 0.069480 0.103760
v 0.342739 0.118547 0.043745
v 0.342573 0.113429 0.070038
v 0.349267 0.113380 0.119106
v 0.365005 0.185719 0.044951
v 0.343125 0.160125 0.048994
v 0.347209 0.156913 0.133484
v 0.347209 0.156913 0.139180
v 0.353978 0.225899 0.182719
v 0.353880 0.230485 0.181470
v 0.357360 0.310359 0.091014
v 0.357360 0.327010 0.092247
v 0.327147 0.357222 0.091477
v 0.046442 0.412935 0.137701
v 0.040840 0.547056 0.228426
v 0.040840 0.549943 0.229026
v 0.079130 0.372407 0.137791
v 0.046544 0.408056 0.137283
v 0.046924 0.548499 0.228726
v 0.094507 0.372407 0.136559
v 0.227318 0.456982 0.137109
v 0.227318 0.458238 0.137323
v 0.270112 0.372513 0.090658
v 0.229830 0.457610 0.137216
v 0.261742 0.548831 0.183013
v 0.297375 0.374805 0.093257
v 0.286032 0.547969 0.183207
v 0.286032 0.549694 0.182818
v 0.327148 0.372398 0.091477
v 0.380989 0.030924 0.083879
v 0.410088 0.005175 0.136956
v 0.380989 0.030924 0.098409
v 0.393293 0.064267 0.080562
v 0.393293 0.064267 0.108823
v 0.372526 0.145058 0.045074
v 0.372523 0.131194 0.074579
v 0.385263 0.117742 0.061546
v 0.394500 0.118651 0.141043
v 0.371062 0.127876 0.100985
v 0.391128 0.160125 0.056971
v 0.415012 0.181328 0.133364
v 0.364003 0.182526 0.137952
v 0.386708 0.196689 0.069089
v 0.388585 0.196248 0.117111
v 0.399718 0.258510 0.091181
v 0.399026 0.274435 0.228788
v 0.403004 0.281215 0.089933
v 0.372879 0.310359 0.092247
v 0.403012 0.280917 0.093564
v 0.372879 0.327010 0.091014
v 0.419687 0.005119 0.136956
v 0.445976 0.032462 0.130943
v 0.445976 0.032462 0.141916
v 0.453005 0.082227 0.089137
v 0.429843 0.066906 0.117597
v 0.441088 0.065880 0.144531
v 0.431895 0.109751 0.075480
v 0.413711 0.094828 0.134751
v 0.431226 0.111797 0.145269
v 0.445834 0.161787 0.070816
v 0.466714 0.139983 0.144661
v 0.433114 0.209241 0.081924
v 0.434237 0.206189 0.107117
v 0.413278 0.228940 0.183232
v 0.433114 0.252057 0.089775
v 0.433114 0.252057 0.093689
v 0.413771 0.274288 0.228178
v 0.413771 0.274582 0.229397
v 0.480375 0.030150 0.128069
v 0.480375 0.030150 0.146635
v 0.495394 0.084900 0.094665
v 0.500689 0.131982 0.130709
v 0.481325 0.116214 0.149077
v 0.499871 0.177376 0.182756
v 0.518231 0.185622 0.089844
v 0.499871 0.184864 0.183341
v 0.503192 0.228773 0.228686
v 0.480756 0.266169 0.091789
v 0.498045 0.284894 0.091096
v 0.480375 0.281026 0.093121
v 0.545483 0.040936 0.133473
v 0.526061 0.032779 0.160258
v 0.548079 0.031948 0.193439
v 0.516332 0.068625 0.172734
v 0.532943 0.078675 0.188236
v 0.554294 0.129495 0.089855
v 0.526125 0.127653 0.123573
v 0.527308 0.115602 0.163604
v 0.551757 0.184626 0.091253
v 0.526125 0.160125 0.100968
v 0.543909 0.143845 0.185517
v 0.506933 0.177376 0.183341
v 0.506933 0.184864 0.182756
v 0.510735 0.228760 0.228739
v 0.526125 0.265990 0.089857
v 0.526125 0.265990 0.093106
v 0.572626 0.028782 0.156416
v 0.592741 0.058423 0.134152
v 0.571875 0.068625 0.206926
v 0.563138 0.129014 0.124838
v 0.570349 0.115332 0.107576
v 0.588542 0.135569 0.174314
v 0.563138 0.129014 0.150493
v 0.572725 0.117941 0.191598
v 0.571373 0.151306 0.111466
v 0.575840 0.141058 0.162403
v 0.595148 0.180645 0.228587
v 0.588032 0.220622 0.091633
v 0.593823 0.184190 0.228806
v 0.572388 0.251956 0.089042
v 0.572388 0.251956 0.094047
v 0.571949 0.292155 0.091487
v 0.621190 0.018946 0.174023
v 0.621190 0.018946 0.191513
v 0.622574 0.081216 0.132754
v 0.655042 0.068870 0.157634
v 0.630613 0.076561 0.169118
v 0.630613 0.076561 0.198102
v 0.621921 0.072958 0.215558
v 0.640594 0.091453 0.229206
v 0.617625 0.114375 0.129481
v 0.616268 0.117941 0.160562
v 0.621157 0.110387 0.212827
v 0.637722 0.140568 0.229601
v 0.621713 0.140590 0.136853
v 0.598841 0.220761 0.092698
v 0.596472 0.184190 0.228368
v 0.598541 0.282907 0.090635
v 0.660727 0.021335 0.182721
v 0.641868 0.068579 0.206217
v 0.665612 0.117775 0.137805
v 0.642477 0.114375 0.227932
v 0.642984 0.140457 0.229998
v 0.650497 0.139190 0.136750
v 0.676399 0.356497 0.136914
v 0.711267 0.005226 0.182374
v 0.696382 0.089595 0.137967
v 0.696164 0.104170 0.136247
v 0.720950 0.129793 0.136547
v 0.720385 0.129552 0.137741
v 0.725587 0.240263 0.137834
v 0.691783 0.356497 0.137800
v 0.536145 0.407992 0.132830
v 0.535644 0.408793 0.139701
v 0.535829 0.415736 0.133266
v 0.536066 0.416178 0.140317
v 0.598497 0.410418 0.137995
v 0.676399 0.368980 0.137800
v 0.691783 0.368980 0.136914
v 0.748196 0.129966 0.137199
v 0.735877 0.205563 0.137275
v 0.734339 0.240309 0.137315
v 0.796880 0.001680 0.183112
v 0.823264 0.263708 0.182992
v 0.823426 0.274850 0.183017
v 0.872043 0.007457 0.182902
v 0.869415 0.088881 0.182857
v 0.865344 0.187112 0.183381
v 0.869388 0.270365 0.227773
v 0.868822 0.270365 0.230351
v 0.869105 0.279608 0.229062
v 0.871564 0.187084 0.183390
v 0.775171 0.402343 0.182629
v 0.775171 0.416455 0.183150
v 0.782194 0.402343 0.183150
v 0.782194 0.416455 0.182629
v 0.869272 0.407604 0.228455
v 0.869041 0.407604 0.229238
v 0.869157 0.412304 0.228847
vn -0.0000 0.0921 -0.9958
vn -0.9987 -0.0378 -0.0354
vn -0.9465 -0.2217 -0.2347
vn 0.8006 -0.0358 0.5982
vn 0.0842 -0.0346 0.9959
vn -0.0552 -0.1134 0.9920
vn 0.8326 -0.5426 0.1110
vn -0.0774 -0.0000 -0.9970
vn 0.0774 -0.0000 0.9970
vn 0.4044 0.5067 0.7614
vn -0.9565 -0.2917 0.0041
vn -0.5721 -0.8201 -0.0109
vn -0.5351 -0.8448 -0.0000
vn -0.8641 0.0783 -0.4971
vn -0.0880 -0.0000 -0.9961
vn 0.0880 -0.0000 0.9961
vn -0.6733 0.3080 -0.6722
vn -0.9048 0.3432 -0.2520
vn -0.9561 0.1463 -0.2538
vn 0.2239 0.0682 0.9722
vn -0.6561 0.1170 -0.7455
vn 0.7039 -0.2073 0.6794
vn -0.5804 0.3742 -0.7233
vn -0.3969 0.0944 -0.9130
vn -0.4035 0.0951 -0.9100
vn 0.2981 0.1827 0.9369
vn -0.8564 0.4145 -0.3078
vn -0.0160 0.9949 -0.1000
vn 0.0097 0.2874 0.9578
vn -0.9093 0.1457 -0.3898
vn -0.5132 -0.8583 -0.0000
vn -0.0183 -0.0088 0.9998
vn 0.3294 0.0278 0.9438
vn -0.4734 0.2694 -0.8386
vn 0.4767 0.3062 0.8240
vn 0.1464 0.1198 0.9819
vn 0.7842 0.6204 -0.0000
vn 0.5887 0.8084 -0.0000
vn 0.0010 -0.0774 0.9970
vn -0.0645 -0.0582 -0.9962
vn 0.0004 -0.1647 0.9863
vn 0.2231 -0.9748 -0.0000
vn 0.0076 0.0703 -0.9975
vn -0.8705 -0.4809 0.1049
vn 0.0793 0.5555 0.8278
vn -0.7587 -0.6515 -0.0000
vn -0.2710 -0.9626 -0.0000
vn 0.0039 -0.6767 -0.7363
vn -0.0038 0.1159 0.9933
vn 0.3835 0.0841 -0.9197
vn 0.0309 0.0408 -0.9987
vn 0.0174 0.0684 0.9975
vn -0.1925 -0.9813 -0.0000
vn -0.1330 -0.4866 -0.8634
vn -0.7905 -0.6124 -0.0000
vn -0.2861 -0.9582 -0.0000
vn 0.8980 -0.0368 0.4384
vn 0.1396 -0.1831 0.9731
vn 0.0489 -0.1735 -0.9836
vn -0.1891 -0.4242 0.8856
vn -0.0000 0.0765 -0.9971
vn -0.0948 -0.7088 0.6990
vn 0.1237 -0.8515 0.5095
vn 0.6721 -0.0992 -0.7338
vn 0.1105 -0.0137 0.9938
vn 0.0451 0.0656 0.9968
vn -0.2965 0.0711 -0.9524
vn 0.5718 -0.0092 0.8204
vn -0.5637 0.4472 -0.6945
vn 0.8825 0.4702 0.0026
vn 0.3329 0.9430 -0.0000
vn -0.0529 -0.3087 -0.9497
vn -0.2769 -0.6042 0.7472
vn -0.3614 0.2109 -0.9082
vn -0.3774 0.7477 -0.5464
vn -0.0529 -0.0281 0.9982
vn 0.1711 0.0881 0.9813
vn -0.3349 0.2191 -0.9164
vn 0.7184 0.2674 0.6422
vn -0.2706 -0.6353 0.7233
vn -0.1170 -0.1259 -0.9851
vn -0.0322 0.1512 0.9880
vn 0.0128 -0.2612 -0.9652
vn 0.0409 0.2371 0.9706
vn 0.0813 -0.0788 -0.9936
vn 0.0776 0.2522 0.9646
vn 0.2634 0.1459 0.9536
vn 0.3418 0.0295 -0.9393
vn 0.2863 0.0827 0.9546
vn 0.3732 -0.0559 -0.9261
vn 0.7589 0.0585 0.6486
vn 0.1478 0.0490 0.9878
vn 0.9981 0.0088 -0.0612
vn 0.0384 0.8629 0.5040
vn 0.0027 -0.0004 1.0000
vn -0.1199 -0.0194 -0.9926
vn -0.0455 0.0186 0.9988
vn -0.8999 0.4361 -0.0000
vn -0.9549 -0.2955 -0.0294
vn -0.5488 -0.8359 -0.0108
vn -0.2143 -0.0129 -0.9767
vn -0.0991 -0.0074 -0.9951
vn 0.8671 0.4972 0.0302
vn 0.0246 0.0884 0.9958
vn -0.0648 -0.0120 0.9978
vn 0.9851 -0.0165 0.1711
vn -0.0093 0.0124 -0.9999
vn 0.4295 0.9031 0.0007
vn 0.0585 -0.0129 -0.9982
vn 0.6213 0.7836 -0.0000
vn -0.1079 0.0094 -0.9941
vn -0.1030 0.0190 -0.9945
vn -0.0244 -0.0115 0.9996
vn -0.0249 -0.0691 -0.9973
vn -0.0264 0.0123 0.9996
vn 0.0592 -0.0329 -0.9977
vn -0.0136 0.0797 -0.9967
vn 0.0044 -0.0310 0.9995
vn 0.0150 -0.0115 -0.9998
vn -0.0000 0.0467 0.9989
vn -0.0000 0.1749 0.9846
vn 0.0038 -0.9969 -0.0791
vn -0.0402 0.1108 0.9930
vn -0.7875 -0.6162 0.0130
vn -0.0549 0.0413 -0.9976
vn -0.0694 0.0682 0.9953
vn -0.1332 -0.2272 -0.9647
vn -0.0606 -0.0234 0.9979
vn 0.7722 0.6354 -0.0000
vn -0.9999 -0.0089 0.0090
vn -0.1208 -0.9754 0.1842
vn -0.0478 -0.0415 -0.9980
vn -0.0260 -0.0466 0.9986
vn 0.0227 0.1322 -0.9910
vn 0.1836 -0.2958 0.9374
vn 0.0314 -0.0793 -0.9964
vn -0.0002 -0.0147 0.9999
vn 0.0225 0.0288 -0.9993
vn 0.8403 0.5415 0.0237
vn 0.5526 0.8329 -0.0305
vn -0.6284 -0.7779 -0.0000
vn -0.0345 0.0376 0.9987
vn -0.0982 0.0318 0.9947
vn 0.9174 0.3979 -0.0000
vn 0.0089 0.0639 0.9979
vn -0.0008 -1.0000 -0.0000
vn 0.0049 0.0918 -0.9958
vn 0.0308 0.1185 0.9925
vn 0.4736 0.8807 -0.0000
vn -0.0912 -0.9958 -0.0000
vn 0.0148 0.9999 -0.0000
vn 0.9792 -0.2027 -0.0000
vn 0.1178 -0.0884 0.9891
vn 0.1125 -0.0780 -0.9906
vn 0.0489 -0.1598 -0.9859
vn 0.0498 0.9981 -0.0367
vn 0.0385 0.1198 -0.9920
vn 0.1810 0.0466 -0.9824
vn 0.5374 0.8433 -0.0000
vn -0.0351 -0.0132 -0.9993
vn 0.0082 -0.1025 -0.9947
vn 0.0492 0.9985 -0.0233
vn 0.0215 0.8404 -0.5415
vn -0.0973 0.7329 -0.6734
vn 0.2798 -0.6646 0.6928
vn 0.0267 0.9812 0.1911
vn -0.0973 0.0988 0.9903
vn -0.0594 0.0121 -0.9982
vn -0.0965 0.9013 -0.4222
vn -0.0973 0.1587 0.9825
vn 0.0052 -0.0293 -0.9996
vn 0.0513 0.9094 0.4127
vn -0.0082 0.1035 0.9946
vn 0.0082 -0.1035 -0.9946
vn 0.8558 -0.5173 -0.0000
vn -0.0206 -0.0299 0.9993
vn 0.0028 -0.0006 -1.0000
vn 0.8889 -0.4580 -0.0000
vn 0.1169 -0.1638 0.9795
vn -0.8598 0.5107 -0.0000
vn 0.8441 -0.5349 -0.0356
vn -0.8350 0.5503 -0.0000
vn -0.0255 -0.0521 0.9983
vn -0.8340 0.5518 -0.0000
vn 0.2213 -0.9234 0.3136
vn 0.0601 -0.3169 -0.9465
vn -0.0479 -0.3815 0.9231
vn -0.8842 0.4670 -0.0000
vn 0.8853 -0.4649 -0.0000
vn -0.0360 0.0700 -0.9969
vn 0.1306 -0.9502 -0.2830
vn -0.2517 -0.1087 -0.9617
vn 0.9859 -0.1673 -0.0000
vn -0.1272 0.9692 -0.2109
vn 0.0645 -0.4765 -0.8768
vn 0.1013 0.9890 0.1079
vn 0.1150 0.2730 0.9551
vn 0.1029 -0.2881 -0.9521
vn 0.2246 -0.4297 -0.8746
vn 0.0264 -0.1127 0.9933
vn -0.0001 -1.0000 -0.0000
vn -0.8281 0.5606 -0.0000
vn 0.8974 -0.4412 -0.0000
vn -0.0195 -0.0242 -0.9995
vn 0.8826 -0.4700 -0.0066
vn -0.2660 -0.9640 -0.0000
vn 0.8729 0.4876 -0.0169
vn -0.9516 -0.3073 -0.0000
vn 0.0321 -0.0493 -0.9983
vn -0.0112 -0.0108 -0.9999
vn 0.0363 0.9990 -0.0254
vn 0.3391 -0.9391 0.0561
vn -0.1302 0.0978 0.9867
vn 0.9452 -0.1529 -0.2885
vn -0.0255 -0.1024 0.9944
vn -0.0661 0.9855 0.1560
vn -0.8887 0.4585 -0.0000
vn 0.2265 0.9738 0.0220
vn 0.1390 -0.0002 0.9903
vn 0.9331 -0.3596 -0.0000
vn -0.0328 0.0921 -0.9952
vn 0.0180 -0.0734 0.9971
vn 0.8053 -0.5915 0.0391
vn 0.9057 0.4240 -0.0000
vn 0.4087 0.9125 0.0150
vn -0.0174 0.0278 0.9995
vn -0.9556 0.0089 -0.2946
vn -0.9833 -0.0304 -0.1794
vn -0.0000 0.0332 0.9994
vn -0.3222 -0.9283 -0.1858
vn 0.0329 0.7718 0.6350
vn -0.0381 0.5258 0.8497
vn 0.9833 0.0021 -0.1822
vn -0.0282 0.1315 0.9909
vn -0.0880 -0.0337 -0.9956
vn -0.2962 0.5023 0.8124
vn -1.0000 0.0001 0.0026
vn -0.0932 -0.0000 -0.9957
vn 0.0932 -0.0000 0.9957
vn 0.5974 0.6137 -0.5162
vn -0.2405 0.5744 0.7824
vn 0.0029 -0.0285 -0.9996
vn -0.1058 0.9924 0.0624
vn 0.0056 -0.0217 -0.9997
vn 0.0092 0.9992 0.0379
vn 0.2920 0.0816 0.9529
vn -0.0875 0.9873 0.1325
vn -0.0175 0.3525 0.9357
vn -0.8869 -0.1046 -0.4499
vn -0.9645 -0.2582 0.0561
vn -0.1747 -0.8456 -0.5044
vn -0.0081 -0.0468 0.9989
vn -0.0051 -0.0078 -1.0000
vn -0.0036 0.6122 -0.7907
vn 0.1025 -0.1587 -0.9820
vn 0.0390 0.0861 -0.9955
vn -0.0000 0.2034 -0.9791
vn -0.0000 0.1678 -0.9858
vn -0.0000 0.2197 0.9756
vn 0.0119 0.6851 -0.7283
vn -0.9575 0.2813 -0.0640
vn 0.3552 -0.3557 -0.8645
vn 0.0406 0.0045 -0.9992
vn -0.7002 0.1938 -0.6871
vn -0.0004 0.0482 0.9988
vn 0.0732 0.7911 0.6073
vn -0.9806 0.1920 0.0401
vn -0.0218 0.2623 0.9647
vn -0.9895 0.1440 0.0139
vn -0.1756 -0.3813 0.9076
vn 0.0919 0.3677 0.9254
vn 0.0218 -0.2623 -0.9647
vn -0.0000 -0.9723 0.2338
vn -0.0512 -0.0475 -0.9976
vn 0.1096 -0.9097 -0.4005
vn -0.1417 -0.0978 0.9851
vn 0.1428 -0.3499 -0.9258
vn -0.0866 0.1303 0.9877
vn 0.1622 0.2659 -0.9503
vn 0.3386 0.5467 0.7658
vn 0.1587 -0.5456 -0.8229
vn 0.3112 0.5430 0.7800
vn -0.0039 -1.0000 -0.0000
vn -0.0425 0.0023 -0.9991
vn -0.1093 -0.9260 -0.3613
vn 0.3532 -0.5482 -0.7581
vn -0.3547 0.2831 0.8911
vn -0.1487 0.0662 0.9867
vn 0.3749 -0.5370 -0.7557
vn 0.1138 0.9759 0.1864
vn -0.1631 -0.0000 -0.9866
vn 0.1631 -0.0000 0.9866
vn -0.0109 0.0606 -0.9981
vn 0.2206 -0.1306 -0.9666
vn 0.9350 0.2464 0.2550
vn 0.9889 -0.0741 0.1286
vn 0.0138 0.0649 -0.9978
vn 0.0076 0.1149 0.9933
vn -0.9066 0.0430 -0.4199
vn 0.0289 -0.9926 0.1178
vn 0.0292 -0.0846 0.9960
vn 0.0801 0.0593 -0.9950
vn 0.0893 0.9939 -0.0653
vn 0.0592 0.0015 0.9982
vn -0.0015 0.0559 0.9984
vn 0.0322 -0.0062 -0.9995
vn 0.0014 0.0054 -1.0000
vn -0.0000 -0.0921 0.9958
vn -0.9982 -0.0394 -0.0462
vn -0.9249 -0.2669 0.2709
vn -0.1144 -0.0552 0.9919
vn 0.7633 -0.4441 0.4692
vn -0.6764 -0.1535 -0.7203
vn 0.2357 -0.2487 0.9395
vn -0.2031 -0.8261 0.5256
vn 0.6741 -0.4226 0.6059
vn -0.6273 -0.0863 -0.7740
vn -0.0801 -0.0385 -0.9960
vn 0.9012 -0.4334 -0.0087
vn 0.2633 -0.8621 0.4329
vn 0.4789 -0.8778 -0.0087
vn 0.2326 -0.8253 0.5146
vn 0.0499 0.0474 -0.9976
vn 0.0965 -0.0997 0.9903
vn -0.7743 -0.0585 -0.6301
vn 0.0828 -0.9831 0.1634
vn -0.3568 -0.1832 -0.9160
vn 0.7461 -0.6450 0.1652
vn 0.5959 -0.6211 0.5091
vn 0.5317 -0.8424 -0.0871
vn 0.1176 0.1003 -0.9880
vn 0.4877 -0.7690 -0.4132
vn 0.0453 -0.0099 0.9989
vn 0.2324 -0.4119 0.8811
vn -0.1312 -0.0231 -0.9911
vn 0.5075 -0.2744 0.8168
vn 0.2799 -0.9600 -0.0096
vn 0.1077 0.0878 -0.9903
vn -1.0000 -0.0000 -0.0000
vn 0.0938 -0.0000 -0.9956
vn -0.0938 -0.0000 0.9956
vn -0.9099 -0.4148 -0.0000
vn 0.0725 -0.0100 -0.9973
vn -0.9504 -0.0165 -0.3105
vn -0.0714 -0.0749 0.9946
vn -0.9248 -0.2777 0.2602
vn -0.4667 -0.8844 -0.0000
vn -0.5617 0.0335 -0.8266
vn -0.4686 0.8834 -0.0062
vn -0.0360 -0.0000 0.9994
vn -0.9339 0.3551 -0.0410
vn 0.0210 0.0781 -0.9967
vn -0.6367 0.0133 -0.7710
vn 0.1200 0.0115 0.9927
vn 0.0658 -0.1567 0.9854
vn -0.5370 0.1959 -0.8205
vn -0.4582 0.6106 -0.6459
vn -0.6256 0.1962 -0.7550
vn -0.2113 0.9508 0.2266
vn 0.1152 0.1824 0.9765
vn 0.4392 0.1539 0.8851
vn 0.2780 -0.0443 0.9595
vn -0.1344 0.6761 0.7244
vn -0.5605 0.3787 -0.7365
vn 0.1046 0.1643 0.9809
vn -0.2457 0.6087 -0.7544
vn -0.1547 0.3526 0.9229
vn 0.8889 -0.3941 0.2334
vn -0.4577 0.1333 0.8791
vn 0.3917 -0.0234 0.9198
vn 0.3919 0.0925 0.9153
vn -0.4029 0.0852 -0.9112
vn -0.4867 0.5740 -0.6585
vn 0.3001 0.2151 0.9293
vn -0.4008 0.2223 -0.8888
vn -0.0303 0.8627 0.5048
vn 0.0557 0.4128 0.9091
vn -0.9422 -0.3349 -0.0000
vn -0.0172 -0.0102 -0.9998
vn 0.5066 -0.2803 0.8154
vn 0.4995 -0.8663 -0.0000
vn 0.6089 -0.3251 -0.7236
vn 0.8920 -0.4520 -0.0000
vn 0.3523 0.1039 0.9301
vn 0.3135 0.0040 0.9496
vn 0.3414 -0.0611 0.9379
vn -0.4029 0.0967 -0.9101
vn -0.5090 0.2493 -0.8239
vn -0.5086 0.2508 -0.8237
vn -0.1832 0.7384 0.6490
vn -0.2104 0.4437 0.8711
vn -0.3692 0.1205 -0.9215
vn -0.0311 -0.0061 0.9995
vn -0.0339 0.0471 -0.9983
vn 0.0222 -0.0027 0.9997
vn 0.2098 -0.0514 0.9764
vn -0.9989 0.0089 -0.0453
vn -0.0018 -0.0965 -0.9953
vn 0.9853 -0.1533 -0.0759
vn -0.0285 -0.0576 0.9979
vn 0.0390 0.0336 -0.9987
vn 0.9885 0.1268 0.0826
vn 0.0542 -0.0301 -0.9981
vn 0.2105 -0.0204 0.9774
vn 0.1488 -0.9889 0.0036
vn -0.0588 -0.0736 -0.9956
vn 0.0192 0.0843 0.9963
vn 0.0155 0.2358 0.9717
vn -0.0217 -0.9837 0.1783
vn -0.0090 -0.0091 0.9999
vn -0.2177 -0.8846 -0.4124
vn -0.2431 -0.9700 -0.0000
vn -0.0039 0.0863 -0.9963
vn -0.8713 -0.4908 -0.0000
vn -0.0039 -0.0035 -1.0000
vn 0.0201 -0.0571 0.9982
vn -0.2393 -0.5726 -0.7841
vn -0.2587 -0.6661 0.6995
vn -0.1179 -0.1289 0.9846
vn -0.1823 -0.4445 -0.8770
vn 0.0720 -0.0863 0.9937
vn -0.0210 -0.9998 -0.0000
vn -0.2802 -0.6529 0.7037
vn -0.2700 -0.9276 0.2583
vn 0.0847 -0.5528 -0.8290
vn 0.2597 -0.1132 -0.9590
vn 0.8772 -0.3818 -0.2912
vn -0.0000 -0.0765 0.9971
vn -0.4553 -0.7990 0.3928
vn 0.7957 -0.5745 -0.1920
vn 0.1668 -0.9672 0.1916
vn 0.6640 -0.3893 -0.6384
vn 0.9081 -0.4189 -0.0000
vn 0.0617 -0.0923 0.9938
vn 0.1707 -0.3764 0.9106
vn 0.4624 -0.8746 -0.1458
vn -0.1791 -0.2441 -0.9531
vn 0.1783 -0.0209 -0.9838
vn -0.2920 -0.0875 -0.9524
vn -0.0385 -0.9993 -0.0000
vn 0.1620 -0.4502 0.8781
vn 0.5623 -0.2530 -0.7873
vn 0.9917 0.1287 -0.0000
vn 0.0827 0.4436 0.8924
vn -0.2822 0.0804 -0.9560
vn 0.0984 0.3127 0.9448
vn -0.2377 0.4520 -0.8598
vn -0.2356 0.4857 -0.8418
vn 0.0988 0.1611 0.9820
vn 0.0244 -0.5908 0.8065
vn -0.0212 -0.5563 -0.8307
vn 0.0347 0.9994 -0.0000
vn -0.0084 -0.0424 0.9991
vn -0.7805 -0.6186 0.0902
vn -0.1642 -0.9452 0.2822
vn 0.2976 -0.0899 0.9504
vn -0.3153 0.0692 -0.9465
vn 0.3578 0.1006 0.9284
vn 0.3209 -0.0684 0.9446
vn 0.0418 0.9166 0.3975
vn 0.2911 0.3079 0.9058
vn -0.7416 0.4562 -0.4919
vn -0.6139 0.7302 0.3000
vn -0.2414 -0.5917 0.7692
vn -0.1422 -0.3485 -0.9265
vn -0.2697 -0.9624 -0.0319
vn -0.2763 -0.4882 -0.8279
vn -0.1202 0.3103 0.9430
vn -0.1734 0.6434 0.7456
vn -0.1463 -0.1068 -0.9835
vn 0.2349 0.0710 0.9694
vn -0.0669 -0.0925 0.9935
vn -0.2179 0.0663 -0.9737
vn 0.1053 0.1485 0.9833
vn -0.3137 0.3114 -0.8970
vn -0.4067 0.9109 0.0705
vn -0.2892 0.7726 0.5653
vn 0.1020 0.0841 0.9912
vn -0.8951 0.4459 -0.0000
vn -0.1551 -0.2585 -0.9535
vn -0.8112 -0.5848 -0.0000
vn 0.0056 0.0351 0.9994
vn -0.3419 -0.5760 -0.7426
vn 0.0092 0.4173 0.9087
vn -0.0235 0.0413 -0.9989
vn -0.0594 0.3569 0.9323
vn -0.0345 -0.0731 -0.9967
vn -0.1438 0.3456 -0.9273
vn -0.0000 0.3998 -0.9166
vn 0.1131 0.3566 0.9274
vn 0.8990 0.4380 -0.0000
vn -0.0000 1.0000 -0.0000
vn -0.0000 0.5045 0.8634
vn 0.8559 0.2296 0.4633
vn 0.1452 0.0388 -0.9886
vn 0.1126 0.5134 0.8507
vn 0.1679 -0.1436 -0.9753
vn 0.1135 0.4058 0.9069
vn 0.1448 0.1292 0.9810
vn 0.0723 0.3265 -0.9424
vn 0.2135 0.0038 0.9769
vn 0.2315 0.2541 0.9391
vn 0.2637 -0.1827 0.9471
vn -0.9735 0.2288 -0.0000
vn 0.2604 -0.0825 -0.9620
vn 0.3474 0.1135 0.9308
vn 0.6451 0.2064 0.7357
vn 0.3292 0.1486 0.9325
vn 0.4010 -0.0007 -0.9161
vn 0.2864 0.5736 0.7674
vn 0.3556 0.0989 -0.9294
vn -0.0496 0.1225 -0.9912
vn 0.1243 0.2981 0.9464
vn 0.7365 0.6569 0.1614
vn 0.0777 0.1330 0.9881
vn 0.7042 -0.0711 -0.7065
vn 0.0593 -0.0140 0.9981
vn 0.7059 0.1841 -0.6839
vn 0.8992 0.2012 0.3884
vn 0.1959 0.1022 0.9753
vn 0.8352 0.0553 -0.5471
vn 0.4475 -0.0124 -0.8942
vn 0.6079 0.2259 0.7612
vn 0.9876 -0.0109 0.1569
vn 0.9276 -0.2868 0.2396
vn 0.2357 -0.0799 -0.9685
vn 0.3747 -0.1132 0.9202
vn 0.1417 0.0337 -0.9893
vn -0.0106 0.0780 0.9969
vn 0.1491 -0.1075 -0.9830
vn 0.4811 -0.2322 -0.8454
vn 0.2075 0.1252 0.9702
vn 0.4849 -0.0495 -0.8732
vn 0.1161 0.1992 0.9731
vn 0.0047 0.9661 -0.2580
vn 0.1396 -0.9902 -0.0000
vn -0.1201 -0.0632 -0.9907
vn -0.0117 0.0594 0.9982
vn 0.0001 1.0000 -0.0090
vn -0.9998 -0.0045 -0.0195
vn -0.0020 -1.0000 -0.0091
vn -0.0027 0.0004 -1.0000
vn 0.1165 -0.0000 -0.9932
vn -0.1165 -0.0000 0.9932
vn -0.0313 -0.0092 -0.9995
vn -0.1074 0.0107 0.9942
vn -0.1390 0.0125 -0.9902
vn -0.5519 0.8339 -0.0000
vn -0.2169 -0.0196 0.9760
vn -0.1571 0.0108 0.9875
vn -0.0176 -0.0676 -0.9976
vn -0.0762 -0.0095 0.9971
vn -0.0258 0.0644 -0.9976
vn 0.0644 -0.1624 0.9846
vn -0.0668 -0.0131 -0.9977
vn 0.9765 0.2154 -0.0000
vn -0.0134 -0.0691 0.9975
vn 0.0303 0.0194 0.9994
vn 0.0214 0.0039 -0.9998
vn 0.7957 0.0136 0.6056
vn 0.0929 -0.0118 0.9956
vn 0.1647 0.1543 -0.9742
vn -0.0036 0.0006 -1.0000
vn -0.0939 0.0478 0.9944
vn -0.1109 0.0093 0.9938
vn -0.0204 -0.0069 -0.9998
vn 0.0116 -0.0070 -0.9999
vn 1.0000 -0.0000 -0.0000
vn -0.0202 -0.0068 0.9998
vn -0.0255 -0.0258 -0.9993
vn -0.0191 -0.0666 0.9976
vn -0.0628 0.0535 -0.9966
vn -0.3375 0.9375 -0.0847
vn -0.9999 -0.0043 -0.0108
vn -0.0287 -0.0219 0.9993
vn -0.0472 0.0095 -0.9988
vn -0.0029 -0.0116 0.9999
vn -0.0195 -0.0112 -0.9997
vn 0.0634 -0.0293 0.9976
vn 0.4723 -0.8815 -0.0000
vn -0.0266 -0.0898 -0.9956
vn 0.0930 0.0077 -0.9956
vn 0.0717 0.0087 0.9974
vn 0.9550 -0.2965 0.0126
vn -0.0545 0.0290 -0.9981
vn -0.0222 0.0775 0.9967
vn -0.0601 0.0306 0.9977
vn -0.0000 -1.0000 -0.0000
vn 0.0251 -0.0296 0.9992
vn -0.0000 -0.0498 -0.9988
vn 0.0390 0.0125 -0.9992
vn 0.1421 0.1884 -0.9718
vn -0.0606 0.0573 0.9965
vn -0.0269 0.0020 -0.9996
vn -0.0000 -0.0467 -0.9989
vn -0.0000 -0.1749 -0.9846
vn -0.1017 -0.1242 0.9870
vn -0.2736 -0.9485 0.1599
vn -0.1776 0.9813 0.0740
vn -0.0119 -0.9642 -0.2651
vn 0.0023 0.0092 1.0000
vn -0.9660 0.2544 -0.0453
vn -0.0949 0.0070 0.9955
vn 0.0040 -0.0029 -1.0000
vn 0.0094 0.0102 0.9999
vn -0.0607 0.9936 0.0954
vn -0.0261 -0.0545 -0.9982
vn -0.1168 0.0790 -0.9900
vn -0.0573 -0.0462 -0.9973
vn -0.1134 -0.0202 -0.9933
vn -0.1033 0.0878 0.9908
vn 0.0163 0.2549 -0.9668
vn -0.1125 0.0802 0.9904
vn 0.1759 0.9786 0.1070
vn -0.0813 -0.1580 0.9841
vn -0.0541 -0.0695 0.9961
vn -0.0714 -0.0697 -0.9950
vn 0.0275 0.0335 -0.9991
vn 0.0384 0.1520 0.9876
vn 0.0027 -0.4899 0.8717
vn 0.3236 -0.9461 0.0103
vn 0.1717 -0.2742 -0.9462
vn 0.0365 0.0301 0.9989
vn 0.0351 0.0092 -0.9993
vn 0.0376 0.0094 0.9992
vn 0.0325 -0.0624 0.9975
vn 0.9588 -0.2823 -0.0327
vn -0.0749 -0.0382 -0.9965
vn 0.0027 -0.0144 -0.9999
vn 0.0073 0.0125 0.9999
vn 0.2622 -0.9650 0.0090
vn -0.9749 -0.2225 -0.0000
vn -0.0283 0.0406 -0.9988
vn -0.0786 0.0086 -0.9969
vn -0.0199 0.0093 -0.9998
vn -0.0169 -0.0341 0.9993
vn 0.9925 0.1221 0.0037
vn -0.0471 0.0377 0.9982
vn -0.0680 0.0041 -0.9977
vn 0.9840 -0.1781 -0.0000
vn -0.0450 0.0126 0.9989
vn -0.0689 -0.0032 -0.9976
vn -0.0726 0.0032 0.9974
vn -0.0231 -0.0021 0.9997
vn -0.0091 0.0582 -0.9983
vn 0.2413 0.9704 0.0078
vn 0.0928 -0.0010 -0.9957
vn 0.4816 -0.8764 -0.0000
vn 0.0964 0.0099 0.9953
vn -0.0963 -0.0000 -0.9954
vn -0.0913 -0.0004 0.9958
vn -0.1409 0.9900 -0.0000
vn 0.0365 0.0010 -0.9993
vn 0.8908 0.4541 0.0167
vn -0.0325 -0.0098 0.9994
vn 0.0371 0.0571 -0.9977
vn 0.0923 0.0002 -0.9957
vn 0.1324 -0.9912 -0.0000
vn 0.1025 -0.0000 0.9947
vn 0.0550 -0.0609 -0.9966
vn 0.0434 -0.9560 -0.2901
vn 0.2276 0.0383 0.9730
vn 0.1047 0.1203 -0.9872
vn 0.9455 0.3255 -0.0000
vn 0.1144 -0.1051 -0.9879
vn 0.1349 -0.0621 0.9889
vn 0.1204 0.0159 0.9926
vn 0.0309 0.0425 0.9986
vn 0.2227 -0.9749 -0.0000
vn -0.0362 -0.0397 0.9986
vn -0.0396 0.8848 -0.4644
vn 0.0531 -0.9983 -0.0233
vn 0.0117 -0.0921 0.9957
vn 0.0660 -0.1191 -0.9907
vn -0.1568 -0.6454 0.7476
vn -0.1103 0.7426 -0.6606
vn 0.0336 -0.4428 0.8960
vn 0.0845 0.7042 -0.7050
vn 0.1296 0.0207 -0.9913
vn 0.9895 -0.0864 -0.1157
vn -0.0591 0.0347 -0.9977
vn 0.0791 -0.6256 0.7762
vn 0.0221 0.1127 0.9934
vn 0.8794 -0.4761 -0.0000
vn -0.0834 0.0102 0.9965
vn -0.0726 0.0519 0.9960
vn 0.0204 0.0676 -0.9975
vn -0.0720 -0.6640 -0.7443
vn -0.0061 0.2074 0.9782
vn 0.0889 -0.9758 -0.1997
vn -0.0368 0.0396 -0.9985
vn 0.0046 0.0024 1.0000
vn 0.0123 0.0707 -0.9974
vn -0.0313 -0.6226 -0.7819
vn 0.0419 0.2666 0.9629
vn 0.0283 0.6294 0.7766
vn 0.0310 0.0713 -0.9970
vn -0.0249 -0.0342 0.9991
vn -0.0636 0.0503 -0.9967
vn -0.4963 0.8682 -0.0000
vn 0.0726 0.1701 -0.9827
vn -0.0129 -0.0999 -0.9949
vn -0.1229 -0.0477 -0.9913
vn 0.4227 -0.9063 -0.0000
vn 0.0083 -0.0951 -0.9954
vn -0.0083 0.0951 0.9954
vn -0.0028 0.0006 1.0000
vn 0.0505 0.0243 -0.9984
vn -0.2490 -0.9685 -0.0000
vn 0.0243 -0.0240 0.9994
vn -0.8592 -0.5116 -0.0000
vn -0.0659 -0.0287 0.9974
vn -0.0228 -0.0552 -0.9982
vn -0.0653 -0.0188 0.9977
vn 0.0069 -0.0062 -1.0000
vn -0.0282 -0.0546 0.9981
vn -0.0795 0.0330 -0.9963
vn -0.5008 0.8656 -0.0000
vn -0.0036 -0.1448 -0.9895
vn 0.0014 -0.1341 0.9910
vn -0.0003 -0.2715 -0.9624
vn -0.0005 -0.0770 0.9970
vn -0.0815 0.1113 -0.9904
vn 0.1371 0.9897 -0.0423
vn -0.3296 0.0666 0.9418
vn -0.9123 0.0211 0.4089
vn -0.0075 -0.1227 -0.9924
vn -0.0779 0.0133 -0.9969
vn 0.8442 -0.5360 -0.0000
vn -0.0339 0.0932 0.9951
vn -0.4891 0.8722 -0.0000
vn -0.0221 -0.9047 0.4255
vn -0.2983 0.9124 -0.2802
vn -0.3055 -0.0999 -0.9469
vn 0.6486 -0.3397 0.6811
vn -0.3960 0.7650 0.5079
vn -0.0000 -0.0000 1.0000
vn -0.0704 0.0140 -0.9974
vn -0.0271 0.0611 0.9978
vn -0.5712 0.8208 -0.0000
vn -0.0339 -0.1335 -0.9905
vn 0.4061 -0.9138 -0.0000
vn 0.0762 0.0057 0.9971
vn -0.0432 0.1534 0.9872
vn -0.0018 -0.0599 -0.9982
vn -0.1174 -0.3641 -0.9239
vn 0.0518 -0.4591 0.8869
vn -0.4183 -0.5134 -0.7493
vn 0.1391 -0.3159 0.9385
vn 0.2287 -0.6895 0.6872
vn 0.0603 0.0111 0.9981
vn 0.0033 0.0658 -0.9978
vn -0.0152 0.0568 0.9983
vn 0.9903 0.1391 -0.0000
vn 0.2400 -0.9708 -0.0000
vn 0.0145 -0.0334 -0.9993
vn -0.0617 -0.4459 0.8929
vn 0.0138 -0.0216 0.9997
vn 0.0915 -0.9958 0.0079
vn -0.0800 -0.3447 -0.9353
vn 0.0568 -0.4843 -0.8731
vn 0.1399 -0.5764 0.8051
vn 0.1519 -0.6564 0.7390
vn 0.1543 0.2681 -0.9510
vn 0.9989 -0.0333 0.0335
vn 0.8307 -0.5567 -0.0000
vn 0.2242 -0.4308 -0.8742
vn 0.2205 -0.2922 0.9306
vn -0.0773 -0.0171 -0.9969
vn -0.0898 0.0370 0.9953
vn 0.8230 -0.5681 -0.0000
vn -0.1103 -0.0536 -0.9925
vn -0.6402 0.7682 -0.0000
vn -0.9272 0.3743 -0.0099
vn -0.1285 -0.0015 -0.9917
vn -0.1545 0.0022 0.9880
vn -0.4109 0.9117 -0.0000
vn 0.3770 -0.9262 -0.0000
vn 0.2906 -0.4202 -0.8596
vn 0.9071 -0.4209 -0.0000
vn 0.2827 -0.2906 0.9141
vn -0.1238 0.0524 0.9909
vn -0.0968 0.0179 -0.9951
vn -0.2956 0.9519 0.0811
vn -0.0151 -0.2001 -0.9797
vn 0.3581 -0.9337 -0.0000
vn 0.0670 -0.0496 0.9965
vn 0.0231 -0.1495 -0.9885
vn -0.0173 0.0045 0.9998
vn 0.2431 -0.9700 -0.0000
vn 0.1192 0.0008 0.9929
vn -0.0182 0.0727 -0.9972
vn 0.0457 0.1616 0.9858
vn 0.3504 -0.9366 -0.0000
vn -0.2839 -0.0368 -0.9581
vn -0.1361 0.0055 0.9907
vn -0.4199 0.9075 -0.0000
vn 0.2636 -0.9646 -0.0000
vn -0.8904 0.4552 -0.0000
vn 0.0295 -0.9996 -0.0000
vn -0.8324 -0.0000 -0.5542
vn -0.3149 0.0613 -0.9471
vn -0.0615 -0.0074 0.9981
vn -0.1840 0.5248 -0.8311
vn -0.0592 0.1986 0.9783
vn 0.0869 -0.9475 -0.3078
vn -0.0006 -1.0000 -0.0000
vn 0.3108 -0.9479 0.0707
vn -0.0396 -0.0219 -0.9990
vn -0.4639 0.8689 -0.1726
vn 0.8976 -0.0000 0.4409
vn 0.0494 0.9470 0.3175
vn 0.0265 0.0154 0.9995
vn -0.9530 0.3030 -0.0000
vn -0.9978 -0.0665 -0.0000
vn 0.4765 0.0345 0.8785
vn 0.2305 -0.9724 0.0364
vn 0.9977 -0.0664 0.0169
vn 0.0342 0.0494 -0.9982
vn 0.0704 -0.0074 -0.9975
vn 0.2313 0.2442 0.9417
vn 0.1374 -0.0438 0.9895
vn 0.0487 0.0471 -0.9977
vn 0.0471 0.0584 0.9972
vn 0.0734 0.0010 -0.9973
vn 0.0333 -0.0408 0.9986
vn -0.0080 0.0014 1.0000
vn 0.2716 -0.9624 -0.0000
vn 0.0710 -0.0004 0.9975
vn 0.0526 -0.0580 -0.9969
vn 0.0827 -0.1092 -0.9906
vn -0.3454 0.9378 -0.0346
vn 0.0409 0.9951 0.0898
vn 0.0200 0.0471 0.9987
vn 0.0832 -0.0895 0.9925
vn -0.0358 -0.1135 -0.9929
vn 0.0628 -0.0473 -0.9969
vn 0.0753 0.0981 -0.9923
vn -0.0877 0.9835 -0.1580
vn -0.0069 -0.1098 -0.9939
vn -0.7676 0.0698 -0.6372
vn -0.0103 -0.0820 0.9966
vn 0.0066 -0.0561 0.9984
vn 0.9241 -0.3821 -0.0000
vn -0.0266 0.1323 0.9909
vn -0.0749 0.0141 -0.9971
vn -0.5841 0.8117 -0.0000
vn -0.0223 -0.1009 -0.9946
vn 0.1264 -0.0086 -0.9919
vn 0.3865 -0.9223 -0.0000
vn 0.1035 0.0284 0.9942
vn 0.2406 -0.9706 -0.0000
vn -0.0354 0.0996 0.9944
vn 0.0292 -0.0236 -0.9993
vn 0.0181 -0.0004 0.9998
vn -0.2501 0.9682 -0.0109
vn 0.0054 -0.0376 -0.9993
vn 0.0687 -0.0000 -0.9976
vn -0.0687 -0.0000 0.9976
vn 0.0072 -0.0069 1.0000
vn -0.0572 -0.9965 -0.0610
vn 0.0188 -0.0292 -0.9994
vn 0.0138 0.0405 -0.9991
vn 0.0118 -0.0599 0.9981
vn 0.4796 -0.8768 -0.0359
vn -0.0038 0.0480 -0.9988
vn 0.0344 -0.0018 -0.9994
vn -0.0123 0.1459 -0.9892
vn 0.1528 -0.0279 0.9879
vn -0.7975 -0.5455 -0.2575
vn 0.1463 -0.0000 -0.9892
vn -0.1463 -0.0000 0.9892
vn -0.4275 -0.0898 -0.8996
vn -0.0000 -0.0332 -0.9994
vn -0.9818 0.0175 0.1892
vn -0.0503 -0.3202 0.9460
vn -0.5687 0.6285 0.5306
vn -0.1628 -0.5216 -0.8375
vn -0.0754 -0.7214 -0.6884
vn -0.1317 -0.0691 0.9889
vn 0.0062 0.1060 0.9943
vn 0.1317 -0.0181 -0.9911
vn -0.0053 -0.6872 -0.7264
vn 0.0133 0.9989 0.0447
vn -0.4142 0.8756 0.2487
vn -0.3963 0.8708 0.2909
vn 0.0398 -0.0730 0.9965
vn -0.1070 -0.3330 -0.9368
vn -0.1873 0.8606 0.4735
vn 0.0130 0.4391 0.8983
vn -0.4332 0.8493 0.3017
vn 0.8025 -0.2374 -0.5474
vn 0.0672 0.0625 0.9958
vn -0.0456 -0.0738 -0.9962
vn 0.0677 0.7595 0.6470
vn 0.7357 0.0645 0.6742
vn 0.2150 0.0924 0.9722
vn 0.0467 0.0940 -0.9945
vn -0.0758 0.9949 -0.0668
vn -0.1823 0.9810 0.0667
vn 0.3208 0.3085 0.8955
vn 0.0047 -0.0312 0.9995
vn 0.6861 0.0664 -0.7244
vn 0.3023 0.5120 -0.8040
vn 0.1035 0.0987 -0.9897
vn 0.3134 0.5314 -0.7870
vn 0.1547 0.6217 0.7679
vn 0.0097 -0.0190 0.9998
vn 0.3392 -0.1982 -0.9196
vn -0.3234 0.1173 -0.9390
vn -0.1261 0.9479 0.2926
vn -0.0230 -0.0262 -0.9994
vn 0.1440 -0.3230 -0.9354
vn 0.9289 -0.3703 -0.0000
vn 0.1952 -0.1996 0.9602
vn 0.1442 -0.3218 -0.9358
vn -0.2738 0.6463 0.7123
vn 0.0959 0.2560 0.9619
vn -0.6807 0.2837 0.6754
vn 0.3775 -0.2420 -0.8938
vn -0.8441 0.5236 0.1157
vn -0.0107 0.0295 -0.9995
vn -0.0705 0.1169 0.9906
vn -0.2963 0.2869 -0.9110
vn 0.0793 0.1175 -0.9899
vn -0.4086 0.9127 -0.0000
vn -0.0716 0.0578 0.9958
vn -0.8363 0.5483 -0.0000
vn 0.0376 0.0896 -0.9953
vn 0.2242 -0.9688 0.1057
vn 0.0845 -0.0833 0.9929
vn -0.0000 -0.2034 0.9791
vn -0.0991 0.0522 0.9937
vn -0.0000 -0.1678 0.9858
vn -0.0083 -0.0502 -0.9987
vn 0.0007 -0.0000 -1.0000
vn -0.0000 -0.2197 -0.9756
vn 0.0121 -0.0803 0.9967
vn 0.3466 -0.9380 -0.0000
vn 0.3899 -0.2326 -0.8910
vn 0.9382 -0.3462 -0.0000
vn 0.1247 -0.0134 0.9921
vn 0.3865 -0.2569 -0.8858
vn -0.5174 0.8521 0.0785
vn -0.1259 -0.3102 0.9423
vn 0.6318 0.3116 -0.7097
vn -0.1282 -0.8713 0.4738
vn 0.6244 -0.1687 -0.7626
vn -0.3584 0.3871 0.8495
vn -0.0402 -0.0010 0.9992
vn -0.5352 0.1850 0.8242
vn 0.0686 0.8835 -0.4633
vn -0.9774 0.2094 -0.0277
vn -0.7107 0.3288 -0.6219
vn 0.0790 0.0736 -0.9942
vn 0.0007 0.1121 -0.9937
vn -0.0748 0.0734 0.9945
vn 0.9710 0.1366 0.1964
vn 0.3111 -0.9191 -0.2416
vn -0.8904 -0.2771 0.3612
vn 0.2214 -0.2919 -0.9305
vn -0.3238 -0.4769 0.8171
vn -0.7425 -0.6053 0.2869
vn 0.2468 -0.1519 -0.9571
vn -0.0563 0.0214 0.9982
vn 0.1877 0.2713 -0.9440
vn -0.0066 0.1804 -0.9836
vn -0.0090 0.7293 0.6842
vn 0.9990 0.0118 -0.0431
vn 0.1233 0.3627 0.9237
vn -0.0670 -0.9977 -0.0000
vn -0.0922 -0.0919 0.9915
vn -0.0000 0.9723 -0.2338
vn -0.1030 -0.4009 -0.9103
vn 0.0142 -0.0500 -0.9986
vn -0.0730 -0.0317 0.9968
vn 0.4275 0.4122 0.8046
vn 0.4100 0.6791 0.6089
vn 0.2568 0.9607 0.1050
vn 0.2840 -0.9588 -0.0000
vn -0.0323 0.5753 0.8173
vn 0.0655 -0.0874 0.9940
vn 0.1747 -0.9701 -0.1687
vn -0.2446 -0.3773 0.8932
vn -0.7734 -0.3852 0.5035
vn 0.2355 0.9325 0.2738
vn 0.1604 -0.3129 -0.9362
vn -0.3504 0.1974 0.9156
vn 0.1824 0.0333 -0.9827
vn -0.7409 0.2908 0.6054
vn 0.4024 0.4679 0.7869
vn -0.8773 0.1664 0.4502
vn 0.0513 0.5233 -0.8506
vn 0.0823 0.0776 -0.9936
vn -0.0287 0.0634 0.9976
vn -0.0367 0.9993 -0.0000
vn -0.0830 -0.9961 0.0301
vn 0.2007 -0.5098 -0.8366
vn 0.2641 -0.6874 -0.6766
vn -0.4414 -0.0432 0.8963
vn 0.2830 -0.3122 -0.9069
vn 0.7592 0.0486 -0.6490
vn -0.0490 0.5707 0.8197
vn -0.8894 0.4268 0.1639
vn -0.2950 0.8109 -0.5054
vn -0.2190 0.7762 0.5912
vn -0.0270 0.3927 0.9193
vn -0.2903 -0.9569 -0.0000
vn -0.8947 -0.4467 -0.0000
vn 0.0008 0.0607 -0.9982
vn -0.0137 0.0856 0.9962
vn -0.9999 -0.0059 -0.0161
vn -0.1985 -0.9801 -0.0000
vn 0.3770 -0.5095 -0.7735
vn -0.0331 -0.3260 0.9448
vn 0.4198 -0.0269 -0.9072
vn 0.9564 0.2882 -0.0478
vn 0.5588 0.8266 0.0672
vn -0.3475 0.2838 0.8937
vn -0.6180 0.0447 0.7849
vn 0.4203 0.0857 -0.9033
vn 0.1591 0.9501 0.2682
vn 0.0984 -0.0331 -0.9946
vn 0.0542 0.0641 0.9965
vn -0.0957 -0.1239 0.9877
vn 0.3405 0.9351 0.0979
vn 0.2228 -0.1320 0.9659
vn 0.2185 -0.4349 -0.8736
vn 0.3193 -0.3890 0.8641
vn 0.3982 0.3161 0.8611
vn 0.1753 -0.6930 0.6993
vn 0.1753 -0.0707 -0.9820
vn 0.6893 0.3029 -0.6581
vn 0.1658 0.0686 -0.9838
vn 0.9055 -0.0510 0.4213
vn -0.0754 -0.0124 0.9971
vn 0.0374 0.7183 0.6947
vn 0.0766 0.0772 -0.9941
vn 0.0632 0.0632 -0.9960
vn 0.0248 0.0562 0.9981
vn 0.1323 -0.8083 -0.5737
vn 0.2780 0.3087 0.9096
vn -0.9970 -0.0368 -0.0684
vn 0.0573 0.0707 -0.9959
vn 0.0444 -0.0029 0.9990
vn -0.0067 0.0459 0.9989
vn 0.0108 -0.9811 -0.1932
vn 0.0239 0.0049 -0.9997
vn -0.0132 0.0122 -0.9998
vn 0.0123 0.0701 -0.9975
vn 0.0740 0.0368 -0.9966
vn -0.0053 0.0326 -0.9995
vn -0.9767 -0.0000 -0.2145
vn 0.0463 0.0064 0.9989
vn -0.0014 -0.0054 1.0000
vn 0.9767 -0.0000 0.2145
vn -0.9592 -0.0000 -0.2828
vn 0.9592 -0.0000 0.2828
vn -0.5149 -0.0731 -0.8541
vn 0.7577 -0.4255 0.4948
vn -0.0787 -0.3200 0.9441
vn -0.1524 -0.8164 0.5571
vn 0.5259 -0.5741 0.6276
vn 0.4824 -0.8474 0.2217
vn 0.3095 -0.8026 0.5099
vn -0.7139 -0.1121 -0.6912
vn -0.4098 -0.1306 -0.9028
vn 0.7136 -0.2782 0.6429
vn 0.5122 -0.6927 0.5078
vn 0.3684 -0.9296 0.0096
vn -0.1176 -0.1003 -0.9880
vn -0.1929 -0.0500 0.9799
vn -0.0941 -0.0116 -0.9955
vn 0.3208 -0.0198 0.9469
vn 0.2648 -0.9642 0.0134
vn -0.1077 -0.0878 -0.9903
vn 0.0628 -0.0176 -0.9979
vn -0.8006 -0.1685 -0.5749
vn -0.9542 -0.2269 0.1952
vn -0.5196 -0.8478 0.1063
vn -0.5972 -0.0000 -0.8021
vn -0.4723 0.8814 -0.0000
vn -0.0348 -0.0009 0.9994
vn -0.9475 0.3197 -0.0016
vn -0.0210 -0.0781 -0.9967
vn -0.6344 0.0084 -0.7729
vn 0.1226 0.0083 0.9924
vn -0.6380 0.4451 -0.6284
vn -0.6163 0.2016 -0.7613
vn 0.1271 0.8342 0.5366
vn -0.4675 0.2738 -0.8405
vn -0.1219 0.0559 -0.9910
vn 0.9706 -0.2405 -0.0000
vn 0.4097 0.0099 0.9121
vn -0.4620 0.5469 -0.6982
vn -0.3114 0.0408 -0.9494
vn 0.4575 -0.3350 0.8237
vn 0.4327 -0.5536 -0.7115
vn 0.2967 0.0272 0.9546
vn 0.1496 0.2056 0.9671
vn -0.4740 0.2954 -0.8295
vn -0.3673 0.1480 -0.9182
vn -0.2672 0.4114 0.8714
vn -0.0400 -0.0334 -0.9986
vn -0.2978 0.1165 0.9475
vn 0.0208 -0.0046 -0.9998
vn -0.0273 0.0440 0.9987
vn 0.0839 0.0364 0.9958
vn 0.1073 -0.0136 -0.9941
vn 0.1862 -0.0362 0.9819
vn -0.1001 0.0108 -0.9949
vn 0.0098 0.1698 0.9854
vn 0.0234 0.0617 0.9978
vn 0.0005 0.1308 -0.9914
vn 0.0793 -0.0219 -0.9966
vn 0.0039 -0.0458 0.9989
vn -0.3702 -0.4652 -0.8041
vn -0.0238 0.0004 0.9997
vn 0.0142 -0.2467 -0.9690
vn -0.2579 -0.6369 0.7266
vn -0.0395 -0.9992 -0.0000
vn 0.0653 -0.5670 -0.8211
vn 0.0441 -0.2484 -0.9676
vn -0.4887 -0.3452 0.8012
vn 0.4126 -0.6141 -0.6728
vn 0.9354 -0.3175 -0.1559
vn -0.0000 -0.0130 0.9999
vn 0.1262 -0.4127 0.9021
vn 0.4476 -0.3710 -0.8137
vn -0.2322 0.0609 -0.9708
vn 0.3045 -0.9184 0.2526
vn 0.4451 -0.3827 -0.8096
vn 0.5811 0.4155 0.6997
vn -0.0422 0.3380 0.9402
vn 0.1051 0.1773 -0.9785
vn -0.0393 0.2951 0.9547
vn -0.1848 -0.4333 0.8821
vn -0.2968 -0.1318 -0.9458
vn 0.2275 0.8032 0.5505
vn -0.0334 -0.0817 0.9961
vn -0.6676 0.1442 0.7305
vn 0.2443 -0.7168 0.6531
vn 0.3264 -0.1115 0.9386
vn -0.3648 -0.0024 -0.9311
vn 0.3053 0.0659 0.9500
vn -0.4206 0.9071 -0.0142
vn 0.1034 0.1485 0.9835
vn -0.6326 0.7524 -0.1838
vn -0.7048 0.4678 0.5333
vn -0.2868 -0.6252 0.7259
vn -0.2465 -0.9689 0.0227
vn -0.3650 -0.5570 -0.7460
vn -0.1217 0.3113 0.9425
vn 0.1562 0.1342 0.9786
vn 0.2363 0.0043 0.9717
vn -0.3058 0.3178 -0.8975
vn -0.2505 0.9615 -0.1132
vn -0.0000 0.9633 0.2683
vn -0.0000 -0.0514 0.9987
vn -0.9184 0.3812 0.1058
vn -0.0975 -0.2941 -0.9508
vn -0.8021 -0.5968 -0.0204
vn -0.0153 0.1023 0.9946
vn -0.0665 0.0256 -0.9975
vn -0.1015 0.3789 -0.9198
vn -0.1005 0.2785 -0.9552
vn 0.1061 0.4091 0.9063
vn 0.7040 -0.1191 0.7001
vn 0.1628 0.0327 -0.9861
vn 0.1508 0.1420 0.9783
vn 0.1226 0.3645 -0.9231
vn 0.2763 0.2800 0.9194
vn 0.3529 -0.0800 0.9322
vn 0.3754 -0.1168 -0.9195
vn 0.2795 0.1923 0.9407
vn 0.6489 0.2097 0.7314
vn 0.2884 0.1966 0.9371
vn 0.1138 0.3281 -0.9378
vn 0.1073 0.2215 -0.9693
vn 0.3408 0.5745 0.7442
vn 0.7037 0.3938 0.5913
vn 0.4234 -0.0035 -0.9059
vn 0.3475 -0.3882 0.8535
vn 0.9466 -0.3225 -0.0000
vn 0.1841 0.0931 0.9785
vn 0.1731 0.0663 -0.9827
vn 0.1913 -0.0849 0.9779
vn 0.6010 -0.0706 -0.7961
vn 0.1338 -0.0639 0.9889
vn 0.3853 0.1425 -0.9117
vn 0.0056 -0.0001 1.0000
vn -0.0156 0.0437 -0.9989
vn -0.1010 -0.0318 0.9944
vn -0.0095 -0.0429 0.9990
vn -0.0400 -0.0220 -0.9990
vn -0.1770 0.0063 -0.9842
vn -0.1272 0.0156 0.9918
vn 0.0287 -0.0241 -0.9993
vn 0.9766 0.2153 -0.0014
vn 0.0445 -0.0143 0.9989
vn 0.0503 0.0152 0.9986
vn 0.0589 0.0256 0.9979
vn -0.0784 -0.0566 -0.9953
vn -0.0713 -0.0579 0.9958
vn -0.0679 0.0704 0.9952
vn -0.0315 -0.0177 -0.9993
vn -0.0260 -0.0124 0.9996
vn -0.0485 -0.0092 -0.9988
vn -0.0083 -0.0366 0.9993
vn -0.0232 -0.0150 -0.9996
vn -0.0301 -0.0277 0.9992
vn 0.0769 -0.0136 0.9969
vn 0.0970 -0.0041 -0.9953
vn -0.0343 -0.0642 0.9973
vn 0.0019 -0.0285 -0.9996
vn 0.0072 -0.0381 0.9992
vn 0.0394 -0.0154 0.9991
vn 0.0611 -0.0036 -0.9981
vn -0.1421 -0.1884 -0.9718
vn -0.0160 0.1222 -0.9924
vn -0.2932 -0.9560 0.0029
vn -0.0418 -0.0535 -0.9977
vn -0.0585 -0.0664 0.9961
vn -0.1166 0.8434 -0.5246
vn -0.0478 0.1653 -0.9851
vn -0.1121 0.0741 0.9909
vn -0.1172 0.0848 -0.9895
vn -0.0175 0.2025 0.9791
vn 0.1886 0.9821 -0.0000
vn 0.0372 0.0286 -0.9989
vn 0.0298 0.0334 0.9990
vn 0.0375 0.0076 -0.9993
vn 0.0344 0.0114 0.9993
vn 0.0011 -0.0327 0.9995
vn -0.0784 -0.0306 -0.9965
vn -0.0203 -0.0386 -0.9990
vn -0.0511 0.0408 -0.9979
vn 0.9925 0.1225 -0.0000
vn -0.0165 0.0067 0.9998
vn -0.0490 0.0159 -0.9987
vn -0.0600 0.0033 0.9982
vn -0.0808 0.0047 -0.9967
vn -0.0609 -0.0045 0.9981
vn -0.0350 -0.0077 0.9994
vn 0.2438 0.9689 0.0427
vn 0.0749 0.0100 -0.9971
vn 0.1111 0.0008 0.9938
vn -0.0965 -0.0004 -0.9953
vn -0.0911 -0.0000 0.9958
vn -0.0155 -0.0386 -0.9991
vn 0.8879 0.4598 -0.0109
vn 0.0922 -0.0000 -0.9957
vn 0.1026 0.0002 0.9947
vn 0.0483 -0.0475 -0.9977
vn -0.0324 0.0813 0.9962
vn 0.1826 -0.0089 -0.9832
vn 0.1420 -0.0560 0.9883
vn -0.1597 -0.3989 0.9030
vn 0.0487 -0.9988 -0.0000
vn 0.0024 0.0632 -0.9980
vn -0.1226 -0.6793 0.7235
vn 0.2049 0.7253 -0.6573
vn -0.0896 0.0110 -0.9959
vn 0.8822 -0.4681 -0.0511
vn -0.0741 0.0175 0.9971
vn -0.0757 0.0483 0.9960
vn 0.0032 -0.0000 -1.0000
vn 0.0656 0.0001 0.9978
vn 0.0851 -0.9941 -0.0667
vn 0.0223 0.0919 0.9955
vn -0.0424 -0.2698 -0.9620
vn -0.0132 -0.0764 0.9970
vn -0.0310 -0.0713 -0.9970
vn -0.0102 -0.0522 0.9986
vn -0.0726 -0.1701 -0.9827
vn 0.0262 -0.0602 -0.9978
vn -0.1443 -0.0281 -0.9891
vn 0.0206 -0.0736 -0.9971
vn -0.0262 -0.0753 0.9968
vn 0.0004 0.0592 0.9982
vn -0.0473 -0.0366 0.9982
vn -0.0021 -0.1424 -0.9898
vn 0.0037 -0.1304 0.9915
vn -0.0897 -0.1134 -0.9895
vn -0.2946 -0.3816 0.8762
vn -0.0682 0.0782 -0.9946
vn 0.1489 0.9888 -0.0000
vn -0.3147 0.0490 0.9479
vn -0.9188 -0.0000 0.3946
vn 0.0394 -0.0796 -0.9960
vn -0.0190 0.0718 -0.9972
vn -0.0999 0.0277 0.9946
vn -0.0000 -0.8959 0.4442
vn -0.4929 0.8689 -0.0459
vn 0.6499 -0.5013 0.5712
vn -0.4729 0.7551 0.4540
vn -0.0112 -0.0112 0.9999
vn -0.0243 0.0570 -0.9981
vn -0.0713 0.0198 0.9973
vn 0.0869 -0.0073 -0.9962
vn -0.0410 -0.1168 0.9923
vn -0.1120 0.0901 0.9896
vn 0.0603 0.0053 -0.9982
vn -0.0024 -0.0547 0.9985
vn -0.0150 0.0544 -0.9984
vn -0.0033 0.0642 0.9979
vn 0.2359 -0.9708 0.0434
vn -0.0545 0.0529 -0.9971
vn -0.0186 -0.3534 0.9353
vn 0.1877 -0.5404 0.8202
vn 0.2240 -0.4309 -0.8741
vn 0.2220 -0.2937 0.9298
vn -0.0303 -0.0119 -0.9995
vn -0.1562 -0.0369 0.9870
vn -0.9281 0.3724 -0.0000
vn -0.1295 -0.0030 -0.9916
vn -0.1453 0.0156 0.9893
vn 0.2868 -0.4236 -0.8592
vn 0.2563 -0.3173 0.9130
vn -0.1329 0.0436 0.9902
vn 0.0831 -0.0643 -0.9945
vn -0.0133 -0.1614 0.9868
vn 0.1355 -0.0163 -0.9906
vn 0.0323 -0.1028 0.9942
vn 0.0407 0.1349 -0.9900
vn -0.0112 0.1004 0.9949
vn -0.2589 -0.0095 -0.9658
vn -0.1568 -0.0159 0.9875
vn 0.0058 -0.9979 0.0648
vn -0.8580 0.0627 -0.5099
vn -0.2395 -0.0329 -0.9703
vn -0.0879 0.0218 0.9959
vn -0.0573 0.3692 -0.9276
vn 0.0317 0.3318 0.9428
vn 0.0217 -0.9726 -0.2315
vn 0.1143 -0.9624 0.2465
vn -0.0610 -0.0000 -0.9981
vn -0.0979 0.7706 -0.6298
vn 0.8924 -0.0155 0.4511
vn 0.4451 0.8943 -0.0468
vn 0.0429 -0.0000 0.9991
vn -0.9416 0.3142 -0.1211
vn 0.4597 0.0147 0.8880
vn 0.0782 0.0148 -0.9968
vn 0.0505 0.0054 -0.9987
vn 0.0491 0.0132 0.9987
vn -0.0416 -0.0524 -0.9978
vn -0.0432 -0.0410 0.9982
vn 0.0531 0.0458 -0.9975
vn 0.0426 0.0619 0.9972
vn -0.0940 0.0719 -0.9930
vn 0.0217 0.0411 -0.9989
vn 0.0200 0.9797 -0.1997
vn 0.0832 -0.1076 0.9907
vn 0.0786 -0.0944 0.9924
vn -0.0145 -0.0830 -0.9964
vn -0.0753 -0.0981 -0.9923
vn -0.0944 -0.0070 -0.9955
vn -0.0574 -0.0952 0.9938
vn -0.1353 0.0155 0.9907
vn 0.1121 0.0240 -0.9934
vn -0.0251 -0.0911 0.9955
vn 0.2219 -0.9601 -0.1700
vn -0.0617 0.0639 -0.9961
vn -0.0606 0.0750 0.9953
vn 0.0120 -0.0520 -0.9986
vn -0.0011 0.0215 -0.9998
vn 0.1425 -0.0098 -0.9897
vn -0.0092 0.1356 0.9907
vn -0.6748 -0.1145 -0.7290
vn -0.6337 0.7003 -0.3286
vn -0.6980 0.5683 0.4358
vn -0.1312 -0.4967 -0.8580
vn -0.0708 -0.0779 0.9944
vn -0.5215 0.0602 -0.8512
vn 0.0831 -0.7338 -0.6743
vn 0.1097 -0.4797 -0.8706
vn -0.0073 0.7331 0.6800
vn 0.0101 0.4359 0.9000
vn 0.0262 0.0251 -0.9993
vn 0.2036 0.7565 0.6215
vn 0.3115 -0.1047 0.9445
vn 0.3682 -0.2276 -0.9015
vn 0.2971 0.8982 0.3241
vn -0.0538 0.9893 0.1360
vn 0.1432 0.1175 0.9827
vn -0.1035 -0.0987 -0.9897
vn 0.0862 0.0910 -0.9921
vn 0.0442 0.5656 -0.8235
vn -0.0248 -0.0229 0.9994
vn 0.2558 -0.2075 -0.9442
vn 0.1009 -0.0969 0.9902
vn -0.2875 0.1121 -0.9512
vn -0.6577 0.7486 0.0843
vn -0.1378 -0.0388 0.9897
vn -0.3719 0.5588 0.7413
vn -0.8183 -0.0745 0.5700
vn -0.0162 0.0233 -0.9996
vn -0.4206 0.3769 0.8252
vn -0.1384 0.0499 -0.9891
vn -0.0793 -0.1175 -0.9899
vn -0.0123 -0.0792 0.9968
vn 0.0143 -0.0209 -0.9997
vn 0.0597 -0.0000 0.9982
vn 0.3472 -0.2821 -0.8944
vn -0.1219 -0.2546 0.9593
vn 0.3707 -0.2426 -0.8965
vn -0.5111 0.8566 0.0706
vn -0.3389 -0.4740 0.8127
vn 0.4857 0.0872 -0.8698
vn -0.4534 0.0515 0.8898
vn -0.9701 0.2392 0.0401
vn -0.4819 0.4474 -0.7534
vn -0.0790 -0.0736 -0.9942
vn -0.0852 0.0687 -0.9940
vn 0.0006 0.1005 0.9949
vn 0.0720 -0.9974 -0.0000
vn -0.9895 -0.1447 -0.0000
vn 0.2265 -0.2960 -0.9279
vn -0.1505 -0.5792 0.8012
vn -0.4333 -0.1074 0.8948
vn 0.2615 -0.1393 -0.9551
vn -0.0888 0.1330 0.9871
vn 0.2221 0.3308 -0.9172
vn 0.1789 0.2975 -0.9378
vn -0.0179 0.2805 0.9597
vn -0.1699 -0.4789 -0.8613
vn 0.0311 0.0375 -0.9988
vn -0.0009 0.9966 0.0818
vn 0.0057 0.0103 0.9999
vn 0.0574 -0.9983 -0.0000
vn -0.3246 -0.3042 0.8956
vn -0.6369 -0.1215 0.7613
vn -0.1598 0.8260 0.5406
vn -0.2889 0.2473 0.9249
vn 0.1355 -0.1244 -0.9829
vn 0.2921 0.5173 0.8044
vn -0.0823 -0.0776 -0.9936
vn 0.1318 -0.0851 0.9876
vn -0.2423 0.9270 0.2862
vn 0.7577 0.0514 -0.6506
vn -0.0901 0.5366 0.8390
vn -0.6881 0.7256 -0.0000
vn -0.4617 0.6970 -0.5486
vn 0.4755 0.6643 0.5767
vn -0.1128 0.4660 0.8776
vn -0.0010 0.0639 -0.9980
vn -0.0010 0.0635 0.9980
vn -1.0000 -0.0011 -0.0000
vn -0.1758 -0.9839 -0.0324
vn 0.1378 -0.6529 -0.7448
vn -0.1217 -0.4023 0.9074
vn 0.2179 -0.3413 -0.9144
vn 0.9448 0.3276 -0.0000
vn -0.1578 0.7599 0.6306
vn -0.1753 0.0681 0.9822
vn -0.6691 -0.0451 0.7418
vn 0.4723 0.1696 -0.8650
vn 0.6175 0.4931 0.6129
vn 0.0991 -0.0325 -0.9945
vn 0.0902 0.0335 0.9954
vn 0.5785 0.8157 -0.0000
vn 0.2232 -0.3612 0.9054
vn 0.4740 0.2409 0.8469
vn 0.4547 0.4593 -0.7631
vn 0.0097 0.2693 -0.9630
vn 0.3973 0.3227 0.8591
vn 0.5522 0.1525 -0.8196
vn -0.1029 -0.1181 -0.9877
vn -0.9981 0.0545 0.0301
vn -0.0573 -0.0707 -0.9959
vn 0.0194 0.0022 0.9998
vn 0.0113 0.0651 -0.9978
vn -0.0740 -0.0368 -0.9966
s 0
f 7//1 2//1 3//1
f 10//2 9//2 11//2
f 10//3 11//3 13//3
f 17//4 14//4 16//4
f 17//5 9//5 14//5
f 22//6 12//6 21//6
f 29//7 27//7 26//7
f 34//8 23//8 24//8
f 24//9 23//9 34//9
f 38//10 30//10 31//10
f 48//11 47//11 49//11
f 49//12 35//12 48//12
f 63//13 59//13 62//13
f 74//14 75//14 77//14
f 83//15 70//15 71//15
f 71//16 70//16 83//16
f 84//17 74//17 77//17
f 86//18 84//18 87//18
f 88//19 86//19 87//19
f 91//20 22//20 31//20
f 84//21 90//21 28//21
f 94//22 85//22 93//22
f 95//23 92//23 96//23
f 90//24 41//24 28//24
f 92//25 112//25 90//25
f 93//26 102//26 103//26
f 104//27 95//27 105//27
f 106//28 97//28 89//28
f 89//29 103//29 106//29
f 107//30 104//30 105//30
f 98//31 108//31 109//31
f 111//32 98//32 109//32
f 119//33 102//33 117//33
f 118//34 92//34 95//34
f 106//35 120//35 121//35
f 106//36 103//36 120//36
f 126//37 125//37 124//37
f 111//38 126//38 110//38
f 132//39 47//39 130//39
f 131//40 47//40 48//40
f 44//41 43//41 138//41
f 136//42 142//42 143//42
f 146//43 127//43 129//43
f 140//44 147//44 148//44
f 158//45 141//45 134//45
f 151//46 149//46 152//46
f 154//47 144//47 153//47
f 145//48 127//48 155//48
f 146//49 145//49 156//49
f 159//50 157//50 158//50
f 158//51 140//51 141//51
f 158//52 148//52 159//52
f 161//53 150//53 160//53
f 162//54 149//54 151//54
f 168//55 166//55 169//55
f 149//56 168//56 169//56
f 165//57 171//57 174//57
f 165//58 161//58 171//58
f 176//59 166//59 168//59
f 169//60 166//60 177//60
f 175//61 167//61 170//61
f 173//62 169//62 177//62
f 174//63 173//63 180//63
f 179//64 183//64 184//64
f 190//65 54//65 137//65
f 117//66 54//66 190//66
f 118//67 191//67 112//67
f 119//68 117//68 192//68
f 195//69 193//69 196//69
f 198//70 197//70 196//70
f 198//71 124//71 125//71
f 187//72 142//72 136//72
f 202//73 188//73 199//73
f 195//74 205//74 193//74
f 207//75 195//75 196//75
f 201//76 144//76 154//76
f 204//77 216//77 217//77
f 218//78 205//78 195//78
f 223//79 220//79 222//79
f 212//80 152//80 163//80
f 215//81 226//81 187//81
f 217//82 216//82 228//82
f 172//83 162//83 226//83
f 228//84 213//84 235//84
f 236//85 226//85 229//85
f 248//86 217//86 228//86
f 248//87 228//87 246//87
f 238//88 249//88 236//88
f 239//89 250//89 251//89
f 183//90 179//90 244//90
f 258//91 247//91 257//91
f 251//92 261//92 262//92
f 263//93 262//93 253//93
f 256//94 265//94 255//94
f 273//95 272//95 278//95
f 279//96 275//96 276//96
f 287//97 281//97 290//97
f 291//98 289//98 290//98
f 294//99 59//99 295//99
f 295//100 282//100 294//100
f 294//101 282//101 283//101
f 296//102 284//102 285//102
f 298//103 297//103 296//103
f 298//104 285//104 297//104
f 301//105 59//105 63//105
f 304//106 303//106 302//106
f 296//107 304//107 294//107
f 305//108 296//108 297//108
f 73//109 62//109 300//109
f 73//110 300//110 301//110
f 308//111 313//111 307//111
f 309//112 313//112 308//112
f 318//113 310//113 317//113
f 313//114 319//114 312//114
f 326//115 317//115 324//115
f 313//116 329//116 319//116
f 331//117 321//117 322//117
f 328//118 326//118 336//118
f 289//119 299//119 286//119
f 338//120 342//120 343//120
f 341//121 346//121 347//121
f 348//122 344//122 349//122
f 345//123 348//123 351//123
f 355//124 354//124 356//124
f 353//125 357//125 350//125
f 353//126 351//126 359//126
f 362//127 354//127 355//127
f 351//128 358//128 364//128
f 367//129 366//129 365//129
f 369//130 368//130 370//130
f 354//131 362//131 371//131
f 357//132 372//132 362//132
f 358//133 371//133 364//133
f 373//134 363//134 365//134
f 332//135 375//135 377//135
f 327//136 379//136 335//136
f 377//137 375//137 381//137
f 382//138 376//138 378//138
f 382//139 377//139 376//139
f 377//140 381//140 376//140
f 385//141 387//141 388//141
f 385//142 388//142 389//142
f 386//143 242//143 394//143
f 402//144 401//144 400//144
f 402//145 391//145 401//145
f 392//146 405//146 406//146
f 408//147 393//147 395//147
f 409//148 394//148 407//148
f 411//149 400//149 401//149
f 413//150 403//150 412//150
f 420//151 414//151 415//151
f 426//152 424//152 425//152
f 364//153 424//153 426//153
f 373//154 425//154 363//154
f 369//155 427//155 368//155
f 370//156 427//156 369//156
f 361//157 383//157 327//157
f 428//158 421//158 422//158
f 428//159 422//159 423//159
f 373//160 429//160 425//160
f 361//161 384//161 383//161
f 384//162 361//162 328//162
f 431//163 435//163 373//163
f 432//164 436//164 431//164
f 434//165 433//165 440//165
f 432//166 440//166 436//166
f 444//167 438//167 443//167
f 442//168 445//168 441//168
f 447//169 451//169 442//169
f 453//170 448//170 452//170
f 451//171 454//171 445//171
f 738//172 451//172 447//172
f 461//173 473//173 468//173
f 468//174 473//174 461//174
f 476//175 474//175 475//175
f 470//176 474//176 476//176
f 478//177 483//177 477//177
f 490//178 488//178 489//178
f 484//179 488//179 490//179
f 503//180 501//180 502//180
f 506//181 504//181 505//181
f 513//182 469//182 470//182
f 502//183 514//183 516//183
f 519//184 517//184 518//184
f 506//185 505//185 520//185
f 507//186 520//186 505//186
f 508//187 506//187 521//187
f 530//188 528//188 529//188
f 533//189 531//189 532//189
f 519//190 532//190 517//190
f 506//191 520//191 535//191
f 536//192 507//192 524//192
f 539//193 481//193 538//193
f 534//194 543//194 519//194
f 536//195 544//195 520//195
f 550//196 543//196 534//196
f 534//197 542//197 550//197
f 8//198 16//198 14//198
f 546//199 693//199 555//199
f 548//200 557//200 559//200
f 551//201 564//201 565//201
f 569//202 566//202 567//202
f 577//203 575//203 576//203
f 562//204 576//204 560//204
f 580//205 578//205 579//205
f 585//206 486//206 584//206
f 597//207 596//207 595//207
f 609//208 607//208 608//208
f 613//209 615//209 612//209
f 573//210 589//210 489//210
f 563//211 617//211 562//211
f 580//212 579//212 618//212
f 581//213 580//213 620//213
f 625//214 618//214 626//214
f 622//215 598//215 609//215
f 614//216 613//216 622//216
f 637//217 635//217 636//217
f 614//218 638//218 613//218
f 638//219 614//219 615//219
f 641//220 639//220 640//220
f 637//221 640//221 635//221
f 649//222 645//222 650//222
f 649//223 651//223 652//223
f 661//224 500//224 499//224
f 407//225 661//225 416//225
f 662//226 660//226 665//226
f 669//227 654//227 667//227
f 655//228 654//228 669//228
f 664//229 670//229 671//229
f 665//230 673//230 674//230
f 679//231 667//231 662//231
f 679//232 665//232 674//232
f 681//233 680//233 677//233
f 655//234 669//234 656//234
f 685//235 523//235 673//235
f 679//236 674//236 688//236
f 690//237 689//237 691//237
f 692//238 682//238 683//238
f 683//239 682//239 692//239
f 697//240 694//240 693//240
f 686//241 695//241 698//241
f 690//242 699//242 689//242
f 698//243 704//243 694//243
f 690//244 705//244 699//244
f 705//245 690//245 691//245
f 703//246 556//246 572//246
f 714//247 704//247 698//247
f 698//248 703//248 714//248
f 715//249 712//249 713//249
f 717//250 712//250 715//250
f 713//251 712//251 724//251
f 718//252 716//252 732//252
f 707//253 729//253 717//253
f 719//254 729//254 707//254
f 458//255 456//255 457//255
f 738//256 742//256 454//256
f 743//257 739//257 740//257
f 748//258 745//258 746//258
f 749//259 751//259 752//259
f 750//260 753//260 747//260
f 755//261 619//261 620//261
f 726//262 759//262 761//262
f 729//263 759//263 726//263
f 731//264 763//264 728//264
f 732//265 762//265 766//265
f 766//266 765//266 768//266
f 769//267 767//267 768//267
f 734//268 733//268 788//268
f 771//269 769//269 773//269
f 762//270 782//270 783//270
f 785//271 765//271 766//271
f 734//272 788//272 733//272
f 770//273 791//273 792//273
f 771//274 789//274 769//274
f 779//275 778//275 795//275
f 780//276 777//276 794//276
f 795//277 778//277 781//277
f 785//278 783//278 797//278
f 799//279 784//279 786//279
f 787//280 765//280 796//280
f 795//281 805//281 793//281
f 814//282 796//282 811//282
f 820//283 802//283 819//283
f 803//284 819//284 802//284
f 806//285 805//285 821//285
f 795//286 810//286 825//286
f 809//287 823//287 828//287
f 815//288 809//288 828//288
f 822//289 839//289 840//289
f 830//290 849//290 829//290
f 851//291 831//291 833//291
f 833//292 831//292 851//292
f 852//293 834//293 836//293
f 853//294 646//294 837//294
f 854//295 853//295 840//295
f 856//296 844//296 854//296
f 860//297 646//297 853//297
f 860//298 647//298 649//298
f 863//299 864//299 865//299
f 868//300 867//300 871//300
f 870//301 868//301 871//301
f 871//302 867//302 869//302
f 870//303 871//303 869//303
f 876//304 865//304 875//304
f 877//305 649//305 880//305
f 880//306 653//306 652//306
f 886//307 881//307 882//307
f 3//308 2//308 7//308
f 9//309 10//309 8//309
f 13//310 11//310 12//310
f 14//311 9//311 8//311
f 17//312 19//312 20//312
f 10//313 15//313 16//313
f 17//314 11//314 9//314
f 20//315 12//315 11//315
f 15//316 19//316 16//316
f 10//317 18//317 15//317
f 18//318 25//318 15//318
f 25//319 26//319 15//319
f 19//320 27//320 20//320
f 25//321 37//321 26//321
f 21//322 20//322 27//322
f 18//323 28//323 25//323
f 31//324 22//324 21//324
f 36//325 39//325 35//325
f 21//326 27//326 38//326
f 25//327 41//327 36//327
f 37//328 40//328 42//328
f 37//329 29//329 26//329
f 29//330 30//330 27//330
f 33//331 45//331 32//331
f 27//332 30//332 38//332
f 38//333 31//333 21//333
f 35//334 50//334 36//334
f 39//335 48//335 35//335
f 36//336 52//336 40//336
f 42//337 54//337 30//337
f 6//338 57//338 5//338
f 67//339 64//339 65//339
f 56//340 60//340 55//340
f 56//341 55//341 60//341
f 63//342 62//342 61//342
f 62//343 72//343 61//343
f 13//344 74//344 10//344
f 72//345 63//345 61//345
f 76//346 13//346 12//346
f 64//347 76//347 65//347
f 75//348 66//348 77//348
f 66//349 78//349 77//349
f 65//350 78//350 67//350
f 81//351 77//351 78//351
f 69//352 80//352 68//352
f 10//353 28//353 18//353
f 76//354 85//354 78//354
f 22//355 76//355 12//355
f 74//356 84//356 28//356
f 84//357 79//357 87//357
f 90//358 86//358 92//358
f 81//359 87//359 79//359
f 81//360 78//360 85//360
f 91//361 31//361 30//361
f 85//362 22//362 91//362
f 87//363 94//363 93//363
f 86//364 96//364 92//364
f 94//365 81//365 85//365
f 88//366 97//366 96//366
f 88//367 87//367 93//367
f 40//368 100//368 42//368
f 89//369 88//369 93//369
f 101//370 85//370 91//370
f 101//371 91//371 30//371
f 112//372 41//372 90//372
f 96//373 105//373 95//373
f 102//374 93//374 85//374
f 41//375 51//375 39//375
f 106//376 105//376 97//376
f 89//377 93//377 103//377
f 109//378 108//378 107//378
f 110//379 108//379 98//379
f 52//380 99//380 40//380
f 113//381 100//381 99//381
f 53//382 100//382 114//382
f 114//383 115//383 116//383
f 101//384 30//384 54//384
f 101//385 117//385 102//385
f 120//386 102//386 119//386
f 92//387 118//387 112//387
f 118//388 104//388 193//388
f 104//389 122//389 193//389
f 106//390 121//390 105//390
f 121//391 107//391 105//391
f 107//392 124//392 122//392
f 107//393 125//393 109//393
f 108//394 126//394 124//394
f 109//395 126//395 111//395
f 49//396 135//396 50//396
f 129//397 127//397 128//397
f 131//398 130//398 47//398
f 131//399 132//399 130//399
f 132//400 49//400 47//400
f 135//401 131//401 48//401
f 135//402 132//402 131//402
f 135//403 51//403 136//403
f 135//404 52//404 50//404
f 54//405 53//405 137//405
f 133//406 141//406 140//406
f 128//407 146//407 129//407
f 139//408 44//408 138//408
f 145//409 128//409 127//409
f 148//410 134//410 133//410
f 148//411 133//411 140//411
f 151//412 143//412 142//412
f 155//413 146//413 156//413
f 154//414 153//414 150//414
f 147//415 158//415 157//415
f 147//416 159//416 148//416
f 150//417 164//417 160//417
f 163//418 152//418 149//418
f 161//419 154//419 150//419
f 162//420 168//420 149//420
f 156//421 145//421 155//421
f 171//422 161//422 160//422
f 169//423 163//423 149//423
f 174//424 163//424 173//424
f 171//425 164//425 174//425
f 176//426 172//426 179//426
f 176//427 177//427 166//427
f 170//428 167//428 175//428
f 178//429 173//429 177//429
f 179//430 177//430 176//430
f 181//431 178//431 177//431
f 181//432 179//432 184//432
f 181//433 185//433 182//433
f 178//434 185//434 180//434
f 136//435 113//435 52//435
f 185//436 184//436 186//436
f 51//437 187//437 136//437
f 53//438 189//438 137//438
f 187//439 112//439 191//439
f 188//440 116//440 115//440
f 115//441 113//441 188//441
f 189//442 116//442 192//442
f 192//443 190//443 189//443
f 194//444 123//444 121//444
f 118//445 193//445 191//445
f 194//446 121//446 120//446
f 122//447 196//447 193//447
f 122//448 198//448 196//448
f 123//449 198//449 125//449
f 199//450 136//450 143//450
f 137//451 200//451 144//451
f 190//452 200//452 189//452
f 144//453 190//453 137//453
f 200//454 202//454 199//454
f 202//455 192//455 188//455
f 204//456 192//456 203//456
f 193//457 215//457 191//457
f 204//458 194//458 120//458
f 204//459 120//459 119//459
f 207//460 197//460 208//460
f 206//461 197//461 194//461
f 207//462 209//462 195//462
f 207//463 211//463 210//463
f 152//464 199//464 143//464
f 187//465 151//465 142//465
f 212//466 200//466 199//466
f 200//467 153//467 144//467
f 200//468 216//468 203//468
f 201//469 213//469 200//469
f 191//470 215//470 187//470
f 204//471 219//471 206//471
f 204//472 203//472 216//472
f 218//473 215//473 205//473
f 206//474 220//474 208//474
f 218//475 209//475 221//475
f 209//476 222//476 221//476
f 210//477 223//477 222//477
f 220//478 211//478 208//478
f 221//479 225//479 224//479
f 151//480 226//480 162//480
f 164//481 212//481 163//481
f 154//482 227//482 201//482
f 214//483 164//483 153//483
f 201//484 227//484 213//484
f 218//485 229//485 215//485
f 228//486 216//486 213//486
f 215//487 229//487 226//487
f 221//488 230//488 218//488
f 231//489 224//489 233//489
f 232//490 222//490 220//490
f 232//491 233//491 234//491
f 225//492 233//492 224//492
f 222//493 234//493 225//493
f 174//494 227//494 165//494
f 229//495 238//495 236//495
f 227//496 235//496 213//496
f 236//497 172//497 226//497
f 217//498 248//498 237//498
f 237//499 219//499 217//499
f 238//500 231//500 240//500
f 220//501 219//501 239//501
f 231//492 241//492 240//492
f 239//502 232//502 220//502
f 180//503 235//503 174//503
f 242//504 240//504 241//504
f 172//505 244//505 179//505
f 246//506 235//506 243//506
f 245//507 248//507 246//507
f 237//508 250//508 239//508
f 236//509 249//509 244//509
f 248//510 247//510 237//510
f 238//511 252//511 249//511
f 252//512 242//512 253//512
f 251//513 241//513 239//513
f 245//514 256//514 255//514
f 242//515 241//515 251//515
f 254//516 184//516 183//516
f 243//517 180//517 185//517
f 255//518 254//518 183//518
f 245//519 257//519 247//519
f 256//520 246//520 243//520
f 257//521 255//521 183//521
f 244//522 258//522 183//522
f 258//523 250//523 247//523
f 258//524 257//524 183//524
f 260//525 259//525 258//525
f 249//526 260//526 258//526
f 261//527 250//527 259//527
f 260//528 252//528 262//528
f 251//529 263//529 242//529
f 253//530 262//530 252//530
f 186//531 254//531 264//531
f 186//532 243//532 185//532
f 254//533 265//533 264//533
f 264//534 256//534 243//534
f 256//535 492//535 265//535
f 260//536 267//536 261//536
f 266//537 262//537 268//537
f 267//538 262//538 261//538
f 262//539 269//539 268//539
f 269//540 270//540 268//540
f 270//541 263//541 253//541
f 273//542 278//542 272//542
f 274//543 4//543 1//543
f 274//544 1//544 4//544
f 286//545 287//545 289//545
f 277//546 276//546 280//546
f 294//547 284//547 296//547
f 290//548 289//548 287//548
f 295//549 283//549 282//549
f 295//550 284//550 283//550
f 294//551 300//551 59//551
f 297//552 285//552 284//552
f 298//553 296//553 285//553
f 299//554 281//554 286//554
f 300//555 62//555 59//555
f 302//556 301//556 300//556
f 301//557 295//557 59//557
f 305//558 295//558 303//558
f 294//559 304//559 302//559
f 304//560 305//560 303//560
f 63//561 73//561 301//561
f 305//562 304//562 296//562
f 307//563 312//563 306//563
f 314//564 309//564 308//564
f 308//565 307//565 314//565
f 312//566 110//566 98//566
f 311//567 317//567 310//567
f 110//568 320//568 111//568
f 111//569 312//569 98//569
f 316//570 323//570 322//570
f 314//571 312//571 320//571
f 309//572 321//572 313//572
f 315//573 321//573 309//573
f 322//574 321//574 315//574
f 316//575 324//575 317//575
f 317//576 325//576 323//576
f 323//568 326//568 324//568
f 326//577 318//577 317//577
f 311//578 327//578 325//578
f 329//579 314//579 320//579
f 320//580 319//580 329//580
f 330//581 321//581 331//581
f 313//582 330//582 329//582
f 330//583 315//583 314//583
f 331//584 332//584 330//584
f 322//585 333//585 331//585
f 332//586 322//586 315//586
f 323//492 334//492 333//492
f 334//587 322//587 332//587
f 333//339 336//339 335//339
f 325//588 336//588 326//588
f 299//589 290//589 281//589
f 327//590 335//590 325//590
f 289//591 337//591 299//591
f 293//592 339//592 292//592
f 291//593 290//593 337//593
f 349//594 345//594 350//594
f 343//595 342//595 338//595
f 347//596 346//596 341//596
f 345//597 344//597 348//597
f 355//598 352//598 349//598
f 351//599 350//599 345//599
f 352//600 348//600 349//600
f 351//601 348//601 352//601
f 353//602 350//602 351//602
f 311//603 310//603 318//603
f 350//604 355//604 349//604
f 356//605 351//605 352//605
f 361//606 318//606 328//606
f 311//607 361//607 327//607
f 363//608 359//608 365//608
f 357//609 362//609 355//609
f 353//610 363//610 357//610
f 364//611 359//611 351//611
f 365//612 360//612 367//612
f 366//613 360//613 359//613
f 365//614 374//614 373//614
f 371//615 356//615 354//615
f 358//616 356//616 371//616
f 363//617 372//617 357//617
f 331//618 378//618 376//618
f 374//619 366//619 364//619
f 370//620 368//620 427//620
f 375//621 332//621 331//621
f 331//622 376//622 375//622
f 332//623 378//623 334//623
f 333//624 379//624 378//624
f 334//625 379//625 336//625
f 380//626 336//626 379//626
f 327//627 380//627 379//627
f 242//628 393//628 253//628
f 376//629 381//629 375//629
f 382//630 378//630 377//630
f 380//631 327//631 383//631
f 388//632 387//632 386//632
f 385//633 389//633 387//633
f 386//634 395//634 393//634
f 387//635 396//635 395//635
f 394//636 388//636 386//636
f 395//637 397//637 394//637
f 388//638 397//638 389//638
f 396//639 390//639 398//639
f 396//640 399//640 397//640
f 397//641 390//641 389//641
f 390//642 400//642 398//642
f 390//643 401//643 391//643
f 263//644 394//644 242//644
f 402//645 400//645 391//645
f 394//646 408//646 395//646
f 398//647 411//647 410//647
f 410//648 399//648 398//648
f 399//649 411//649 401//649
f 412//650 404//650 414//650
f 413//651 404//651 403//651
f 415//652 414//652 404//652
f 270//653 393//653 416//653
f 416//654 409//654 407//654
f 407//655 263//655 271//655
f 408//656 416//656 393//656
f 419//657 414//657 420//657
f 419//658 413//658 412//658
f 419//659 415//659 413//659
f 362//660 422//660 421//660
f 371//661 362//661 421//661
f 371//662 424//662 364//662
f 424//663 422//663 372//663
f 424//664 423//664 422//664
f 424//665 363//665 425//665
f 421//666 423//666 371//666
f 374//667 364//667 426//667
f 328//668 380//668 383//668
f 429//669 426//669 425//669
f 430//670 374//670 426//670
f 374//671 431//671 373//671
f 434//672 429//672 433//672
f 328//673 383//673 384//673
f 429//674 435//674 433//674
f 437//675 431//675 434//675
f 431//676 436//676 435//676
f 431//677 430//677 434//677
f 439//678 436//678 440//678
f 435//679 439//679 433//679
f 439//680 440//680 433//680
f 405//681 441//681 445//681
f 437//682 434//682 440//682
f 440//683 432//683 437//683
f 405//684 446//684 406//684
f 406//685 441//685 392//685
f 446//686 442//686 441//686
f 444//687 449//687 438//687
f 443//688 438//688 449//688
f 443//689 450//689 444//689
f 445//690 455//690 446//690
f 442//691 451//691 445//691
f 455//692 447//692 446//692
f 453//693 456//693 448//693
f 452//694 448//694 456//694
f 456//695 453//695 452//695
f 453//696 458//696 457//696
f 460//697 462//697 459//697
f 470//698 464//698 474//698
f 465//699 469//699 464//699
f 465//700 470//700 469//700
f 467//701 471//701 466//701
f 474//702 469//702 475//702
f 484//703 489//703 488//703
f 481//704 476//704 475//704
f 480//705 482//705 479//705
f 482//706 480//706 479//706
f 478//707 477//707 483//707
f 491//708 265//708 492//708
f 266//709 497//709 267//709
f 492//710 264//710 491//710
f 497//711 496//711 495//711
f 267//712 498//712 269//712
f 268//713 496//713 266//713
f 498//714 271//714 269//714
f 270//715 499//715 268//715
f 502//716 493//716 514//716
f 494//717 501//717 493//717
f 494//718 502//718 501//718
f 504//719 496//719 505//719
f 504//720 497//720 495//720
f 496//721 507//721 505//721
f 506//722 498//722 497//722
f 268//723 510//723 507//723
f 510//724 500//724 511//724
f 498//725 511//725 500//725
f 509//726 511//726 508//726
f 514//727 501//727 515//727
f 515//728 503//728 517//728
f 515//729 516//729 514//729
f 516//730 503//730 502//730
f 503//731 518//731 517//731
f 521//732 509//732 508//732
f 510//733 525//733 524//733
f 510//734 524//734 507//734
f 522//735 526//735 527//735
f 525//736 512//736 527//736
f 522//737 512//737 509//737
f 475//738 513//738 528//738
f 476//739 513//739 470//739
f 529//740 528//740 513//740
f 531//741 517//741 532//741
f 516//742 515//742 531//742
f 531//743 518//743 516//743
f 533//744 519//744 518//744
f 481//745 528//745 538//745
f 507//746 536//746 520//746
f 521//747 506//747 535//747
f 536//748 524//748 523//748
f 526//749 521//749 535//749
f 537//750 527//750 526//750
f 481//751 529//751 476//751
f 538//752 530//752 540//752
f 539//753 530//753 529//753
f 540//754 539//754 538//754
f 532//755 542//755 533//755
f 532//756 543//756 541//756
f 545//757 526//757 535//757
f 534//758 533//758 542//758
f 535//759 520//759 544//759
f 536//760 523//760 546//760
f 546//761 544//761 536//761
f 544//762 545//762 535//762
f 547//763 537//763 526//763
f 543//764 550//764 541//764
f 550//765 542//765 541//765
f 553//766 554//766 544//766
f 553//767 546//767 555//767
f 545//768 556//768 547//768
f 557//769 549//769 558//769
f 559//770 549//770 548//770
f 558//771 559//771 557//771
f 549//772 560//772 558//772
f 549//773 561//773 560//773
f 560//774 563//774 562//774
f 564//775 552//775 566//775
f 565//776 552//776 551//776
f 552//777 567//777 566//777
f 553//778 570//778 554//778
f 568//779 555//779 571//779
f 568//780 572//780 570//780
f 570//781 556//781 554//781
f 490//782 485//782 484//782
f 485//783 573//783 489//783
f 485//784 574//784 573//784
f 575//785 560//785 576//785
f 559//786 558//786 575//786
f 575//787 561//787 559//787
f 578//788 566//788 579//788
f 563//789 561//789 577//789
f 565//790 564//790 578//790
f 578//791 567//791 565//791
f 579//792 569//792 581//792
f 580//793 569//793 567//793
f 582//794 572//794 571//794
f 584//795 487//795 586//795
f 585//796 487//796 486//796
f 587//797 586//797 487//797
f 489//798 590//798 490//798
f 588//799 586//799 587//799
f 584//800 593//800 585//800
f 592//801 594//801 591//801
f 584//802 595//802 592//802
f 585//803 596//803 587//803
f 586//804 597//804 595//804
f 596//805 588//805 587//805
f 591//806 600//806 592//806
f 598//807 590//807 589//807
f 592//808 601//808 593//808
f 591//809 602//809 599//809
f 594//810 603//810 602//810
f 600//811 604//811 601//811
f 595//812 604//812 603//812
f 593//813 604//813 596//813
f 602//814 606//814 605//814
f 605//815 608//815 607//815
f 610//816 603//816 600//816
f 610//817 600//817 599//817
f 599//818 611//818 610//818
f 602//819 611//819 599//819
f 605//820 612//820 611//820
f 606//821 603//821 611//821
f 612//822 606//822 611//822
f 609//823 612//823 607//823
f 612//824 609//824 608//824
f 576//825 617//825 616//825
f 614//826 612//826 615//826
f 574//827 490//827 590//827
f 577//828 576//828 616//828
f 617//829 577//829 616//829
f 579//830 619//830 618//830
f 589//831 621//831 598//831
f 581//832 620//832 619//832
f 574//833 621//833 573//833
f 590//834 622//834 574//834
f 618//835 620//835 580//835
f 621//836 609//836 598//836
f 619//837 626//837 618//837
f 624//838 627//838 623//838
f 622//839 613//839 621//839
f 629//840 633//840 632//840
f 631//841 630//841 629//841
f 622//842 609//842 614//842
f 632//843 631//843 629//843
f 633//844 634//844 632//844
f 634//845 630//845 631//845
f 630//846 635//846 633//846
f 630//847 636//847 635//847
f 639//848 635//848 640//848
f 638//849 615//849 613//849
f 634//850 633//850 639//850
f 639//851 636//851 634//851
f 644//852 641//852 640//852
f 637//853 636//853 641//853
f 640//854 646//854 644//854
f 647//855 641//855 645//855
f 637//856 647//856 646//856
f 650//857 652//857 651//857
f 643//858 648//858 642//858
f 643//859 642//859 648//859
f 649//860 647//860 645//860
f 650//861 645//861 644//861
f 646//862 650//862 644//862
f 656//863 658//863 654//863
f 649//864 650//864 651//864
f 653//865 649//865 652//865
f 655//866 656//866 654//866
f 654//867 658//867 657//867
f 270//868 661//868 499//868
f 271//869 661//869 407//869
f 523//870 674//870 673//870
f 418//871 663//871 417//871
f 418//872 417//872 663//872
f 662//873 667//873 660//873
f 671//874 670//874 664//874
f 524//875 675//875 674//875
f 665//876 660//876 673//876
f 527//877 675//877 525//877
f 667//878 673//878 660//878
f 678//879 667//879 654//879
f 680//880 666//880 677//880
f 679//881 662//881 665//881
f 666//882 681//882 677//882
f 657//883 678//883 654//883
f 680//884 681//884 668//884
f 675//885 686//885 674//885
f 676//886 686//886 675//886
f 676//887 527//887 537//887
f 673//888 687//888 685//888
f 687//889 679//889 688//889
f 687//890 669//890 667//890
f 686//891 688//891 674//891
f 658//892 687//892 657//892
f 658//893 656//893 669//893
f 685//894 546//894 523//894
f 686//895 696//895 695//895
f 695//896 696//896 547//896
f 537//897 696//897 676//897
f 685//898 697//898 693//898
f 697//899 688//899 694//899
f 694//900 686//900 698//900
f 556//901 695//901 547//901
f 691//902 689//902 699//902
f 693//903 702//903 555//903
f 694//904 702//904 693//904
f 701//905 708//905 700//905
f 704//906 702//906 694//906
f 698//907 695//907 703//907
f 691//908 699//908 705//908
f 555//909 711//909 571//909
f 711//910 704//910 713//910
f 714//911 713//911 704//911
f 707//912 717//912 706//912
f 582//913 711//913 721//913
f 582//914 722//914 583//914
f 722//915 572//915 583//915
f 711//916 724//916 721//916
f 723//917 714//917 725//917
f 722//918 714//918 703//918
f 723//919 715//919 713//919
f 726//920 724//920 712//920
f 723//921 728//921 727//921
f 717//922 726//922 712//922
f 715//923 730//923 717//923
f 716//924 731//924 728//924
f 741//925 684//925 672//925
f 732//926 731//926 718//926
f 719//927 717//927 730//927
f 766//928 731//928 732//928
f 451//929 738//929 454//929
f 742//930 455//930 454//930
f 738//931 455//931 742//931
f 740//932 739//932 743//932
f 710//933 750//933 747//933
f 746//934 745//934 748//934
f 747//935 720//935 710//935
f 720//936 753//936 737//936
f 752//937 751//937 749//937
f 737//938 750//938 720//938
f 754//939 722//939 721//939
f 754//940 724//940 757//940
f 756//941 757//941 758//941
f 756//942 725//942 722//942
f 724//943 761//943 757//943
f 727//944 763//944 760//944
f 758//945 728//945 725//945
f 764//946 729//946 767//946
f 762//947 716//947 728//947
f 764//948 761//948 759//948
f 730//949 727//949 760//949
f 732//950 716//950 762//950
f 767//951 730//951 760//951
f 719//952 767//952 729//952
f 763//953 767//953 760//953
f 763//954 766//954 768//954
f 736//955 772//955 735//955
f 626//956 755//956 775//956
f 625//957 755//957 620//957
f 775//958 625//958 626//958
f 779//959 757//959 778//959
f 776//960 780//960 779//960
f 757//961 781//961 778//961
f 758//962 782//962 762//962
f 780//963 782//963 779//963
f 781//964 764//964 784//964
f 762//965 785//965 766//965
f 784//966 767//966 786//966
f 786//967 769//967 789//967
f 787//968 768//968 765//968
f 786//969 790//969 787//969
f 787//970 769//970 768//970
f 793//971 777//971 776//971
f 773//972 769//972 790//972
f 792//973 791//973 770//973
f 779//974 793//974 776//974
f 802//975 771//975 803//975
f 797//976 783//976 780//976
f 785//977 797//977 796//977
f 785//978 796//978 765//978
f 787//979 799//979 786//979
f 790//980 789//980 802//980
f 771//981 804//981 803//981
f 804//982 790//982 802//982
f 806//983 793//983 805//983
f 808//984 794//984 806//984
f 807//985 808//985 806//985
f 796//986 812//986 811//986
f 795//987 781//987 810//987
f 808//988 797//988 780//988
f 810//989 784//989 813//989
f 809//990 812//990 808//990
f 799//991 796//991 814//991
f 815//992 812//992 809//992
f 799//993 813//993 784//993
f 800//994 816//994 798//994
f 803//995 802//995 820//995
f 811//996 827//996 824//996
f 807//997 806//997 821//997
f 795//998 822//998 805//998
f 822//999 821//999 805//999
f 823//1000 809//1000 807//1000
f 825//1001 822//1001 795//1001
f 810//1002 829//1002 825//1002
f 824//1003 814//1003 811//1003
f 824//1004 830//1004 829//1004
f 827//1005 815//1005 830//1005
f 830//1006 828//1006 826//1006
f 814//1007 813//1007 799//1007
f 834//1008 820//1008 819//1008
f 835//1009 834//1009 832//1009
f 819//1010 836//1010 834//1010
f 820//1011 836//1011 803//1011
f 647//1012 837//1012 646//1012
f 838//1013 821//1013 837//1013
f 837//1014 822//1014 840//1014
f 838//1015 823//1015 807//1015
f 839//1016 825//1016 845//1016
f 842//1017 846//1017 847//1017
f 826//1018 847//1018 846//1018
f 823//1019 847//1019 828//1019
f 844//1020 847//1020 843//1020
f 829//1021 845//1021 825//1021
f 826//1022 849//1022 830//1022
f 834//1023 850//1023 832//1023
f 835//1024 852//1024 836//1024
f 850//1025 835//1025 832//1025
f 841//1026 854//1026 840//1026
f 853//1027 838//1027 647//1027
f 840//1028 853//1028 837//1028
f 838//1029 854//1029 843//1029
f 841//1030 855//1030 846//1030
f 844//1031 843//1031 854//1031
f 845//1032 855//1032 839//1032
f 842//1033 856//1033 854//1033
f 845//1034 858//1034 855//1034
f 856//1035 857//1035 844//1035
f 857//1036 848//1036 844//1036
f 846//1037 858//1037 849//1037
f 856//1038 848//1038 857//1038
f 855//1039 861//1039 839//1039
f 860//1040 853//1040 647//1040
f 861//1041 840//1041 839//1041
f 861//1042 855//1042 840//1042
f 868//1043 869//1043 867//1043
f 872//1044 866//1044 859//1044
f 864//1045 875//1045 865//1045
f 877//1046 860//1046 649//1046
f 864//1047 863//1047 874//1047
f 875//1048 874//1048 863//1048
f 865//1049 875//1049 863//1049
f 860//1050 652//1050 646//1050
f 888//1051 889//1051 887//1051
f 877//1052 880//1052 652//1052
f 885//1053 883//1053 884//1053
f 880//1054 649//1054 653//1054
f 886//1055 882//1055 881//1055
f 885//1056 884//1056 883//1056
f 893//1057 891//1057 892//1057
f 893//1058 892//1058 891//1058
f 8//1059 10//1059 16//1059
f 17//1060 16//1060 19//1060
f 17//1061 20//1061 11//1061
f 20//1062 21//1062 12//1062
f 15//1063 26//1063 19//1063
f 19//1064 26//1064 27//1064
f 25//1065 36//1065 37//1065
f 36//1066 41//1066 39//1066
f 25//1067 28//1067 41//1067
f 37//1068 36//1068 40//1068
f 37//1069 42//1069 29//1069
f 29//1070 42//1070 30//1070
f 33//1071 46//1071 45//1071
f 35//1072 49//1072 50//1072
f 39//1073 51//1073 48//1073
f 36//1074 50//1074 52//1074
f 42//1075 53//1075 54//1075
f 6//1076 58//1076 57//1076
f 67//339 66//339 64//339
f 62//1077 73//1077 72//1077
f 13//1078 75//1078 74//1078
f 76//1079 75//1079 13//1079
f 64//1080 75//1080 76//1080
f 75//1081 64//1081 66//1081
f 66//1082 67//1082 78//1082
f 65//1083 76//1083 78//1083
f 81//1084 79//1084 77//1084
f 69//1085 82//1085 80//1085
f 10//1086 74//1086 28//1086
f 76//1087 22//1087 85//1087
f 84//1088 77//1088 79//1088
f 90//1089 84//1089 86//1089
f 87//1090 81//1090 94//1090
f 86//1091 88//1091 96//1091
f 88//1092 89//1092 97//1092
f 40//1093 99//1093 100//1093
f 101//1094 102//1094 85//1094
f 96//1095 97//1095 105//1095
f 41//1096 112//1096 51//1096
f 52//1097 113//1097 99//1097
f 113//381 114//381 100//381
f 53//1098 42//1098 100//1098
f 114//383 113//383 115//383
f 101//1099 54//1099 117//1099
f 120//1100 103//1100 102//1100
f 118//1101 95//1101 104//1101
f 104//1102 107//1102 122//1102
f 121//1103 123//1103 107//1103
f 107//1104 108//1104 124//1104
f 107//1105 123//1105 125//1105
f 108//1106 110//1106 126//1106
f 109//1107 125//1107 126//1107
f 49//1108 132//1108 135//1108
f 135//1109 48//1109 51//1109
f 135//1110 136//1110 52//1110
f 133//1111 134//1111 141//1111
f 128//1112 145//1112 146//1112
f 148//1113 158//1113 134//1113
f 151//412 152//412 143//412
f 155//1114 127//1114 146//1114
f 147//1115 140//1115 158//1115
f 147//1116 157//1116 159//1116
f 150//1117 153//1117 164//1117
f 161//1118 165//1118 154//1118
f 162//1119 172//1119 168//1119
f 169//1120 173//1120 163//1120
f 174//1121 164//1121 163//1121
f 171//1122 160//1122 164//1122
f 176//1123 168//1123 172//1123
f 178//1124 180//1124 173//1124
f 181//588 182//588 178//588
f 181//1125 177//1125 179//1125
f 181//1126 184//1126 185//1126
f 178//1127 182//1127 185//1127
f 136//1128 188//1128 113//1128
f 53//1129 114//1129 189//1129
f 187//1130 51//1130 112//1130
f 188//1131 192//1131 116//1131
f 189//1132 114//1132 116//1132
f 192//1133 117//1133 190//1133
f 194//1134 197//1134 123//1134
f 122//1135 124//1135 198//1135
f 123//1136 197//1136 198//1136
f 199//1137 188//1137 136//1137
f 137//1138 189//1138 200//1138
f 190//1139 201//1139 200//1139
f 144//1140 201//1140 190//1140
f 200//1141 203//1141 202//1141
f 202//1142 203//1142 192//1142
f 204//1143 119//1143 192//1143
f 193//1144 205//1144 215//1144
f 204//1145 206//1145 194//1145
f 207//1146 196//1146 197//1146
f 206//1147 208//1147 197//1147
f 207//1148 210//1148 209//1148
f 207//1149 208//1149 211//1149
f 152//1150 212//1150 199//1150
f 212//1151 214//1151 200//1151
f 200//1152 214//1152 153//1152
f 200//1153 213//1153 216//1153
f 204//1154 217//1154 219//1154
f 206//1155 219//1155 220//1155
f 218//1156 195//1156 209//1156
f 209//1157 210//1157 222//1157
f 210//1158 211//1158 223//1158
f 220//1159 223//1159 211//1159
f 221//1160 222//1160 225//1160
f 151//1161 187//1161 226//1161
f 164//1162 214//1162 212//1162
f 154//1163 165//1163 227//1163
f 218//1164 230//1164 229//1164
f 221//1165 231//1165 230//1165
f 231//1166 221//1166 224//1166
f 232//491 231//491 233//491
f 225//492 234//492 233//492
f 222//1167 232//1167 234//1167
f 174//1168 235//1168 227//1168
f 229//1169 230//1169 238//1169
f 237//1170 239//1170 219//1170
f 238//1171 230//1171 231//1171
f 231//492 232//492 241//492
f 239//1172 241//1172 232//1172
f 180//1173 243//1173 235//1173
f 172//1174 236//1174 244//1174
f 246//1175 228//1175 235//1175
f 245//1176 247//1176 248//1176
f 237//1177 247//1177 250//1177
f 238//1178 240//1178 252//1178
f 252//1179 240//1179 242//1179
f 245//1180 246//1180 256//1180
f 245//1181 255//1181 257//1181
f 244//1182 249//1182 258//1182
f 258//1183 259//1183 250//1183
f 260//1184 261//1184 259//1184
f 261//1185 251//1185 250//1185
f 260//1186 249//1186 252//1186
f 251//1187 262//1187 263//1187
f 186//1188 184//1188 254//1188
f 186//1189 264//1189 243//1189
f 254//1190 255//1190 265//1190
f 264//1191 492//1191 256//1191
f 260//536 266//536 267//536
f 266//1192 260//1192 262//1192
f 267//1193 269//1193 262//1193
f 269//339 271//339 270//339
f 270//588 271//588 263//588
f 279//1194 280//1194 276//1194
f 286//1195 281//1195 287//1195
f 294//1196 283//1196 284//1196
f 295//1197 297//1197 284//1197
f 294//1198 302//1198 300//1198
f 302//1199 303//1199 301//1199
f 301//1200 303//1200 295//1200
f 305//1201 297//1201 295//1201
f 63//1202 72//1202 73//1202
f 307//1203 313//1203 312//1203
f 312//1204 314//1204 307//1204
f 314//1205 315//1205 309//1205
f 312//1206 319//1206 110//1206
f 110//568 319//568 320//568
f 111//1207 320//1207 312//1207
f 316//1208 317//1208 323//1208
f 316//1209 322//1209 324//1209
f 317//1210 311//1210 325//1210
f 323//568 325//568 326//568
f 326//1211 328//1211 318//1211
f 329//1212 330//1212 314//1212
f 330//1213 313//1213 321//1213
f 330//1214 332//1214 315//1214
f 322//1215 323//1215 333//1215
f 323//492 324//492 334//492
f 334//1216 324//1216 322//1216
f 333//339 334//339 336//339
f 325//588 335//588 336//588
f 299//1217 337//1217 290//1217
f 289//1218 291//1218 337//1218
f 293//1219 340//1219 339//1219
f 349//1220 344//1220 345//1220
f 355//1221 356//1221 352//1221
f 350//1222 357//1222 355//1222
f 356//1223 358//1223 351//1223
f 361//1224 311//1224 318//1224
f 363//1225 353//1225 359//1225
f 364//1226 366//1226 359//1226
f 365//1227 359//1227 360//1227
f 366//1228 367//1228 360//1228
f 365//1229 366//1229 374//1229
f 331//1230 333//1230 378//1230
f 332//1231 377//1231 378//1231
f 333//1232 335//1232 379//1232
f 334//1233 378//1233 379//1233
f 380//1234 328//1234 336//1234
f 242//1235 386//1235 393//1235
f 386//1236 387//1236 395//1236
f 387//1237 389//1237 396//1237
f 395//1238 396//1238 397//1238
f 388//1239 394//1239 397//1239
f 396//1240 389//1240 390//1240
f 396//640 398//640 399//640
f 397//1241 399//1241 390//1241
f 390//1242 391//1242 400//1242
f 390//1243 399//1243 401//1243
f 263//1244 407//1244 394//1244
f 394//1245 409//1245 408//1245
f 398//1246 400//1246 411//1246
f 399//1247 410//1247 411//1247
f 412//1248 403//1248 404//1248
f 413//1249 415//1249 404//1249
f 270//1250 253//1250 393//1250
f 416//1251 408//1251 409//1251
f 419//1252 412//1252 414//1252
f 419//1253 420//1253 415//1253
f 362//1254 372//1254 422//1254
f 371//1255 423//1255 424//1255
f 424//1256 372//1256 363//1256
f 421//1257 428//1257 423//1257
f 429//669 430//669 426//669
f 430//1258 431//1258 374//1258
f 434//1259 430//1259 429//1259
f 429//1260 373//1260 435//1260
f 437//1261 432//1261 431//1261
f 439//1262 435//1262 436//1262
f 405//1263 392//1263 441//1263
f 405//1264 445//1264 446//1264
f 406//1265 446//1265 441//1265
f 446//1266 447//1266 442//1266
f 444//1267 450//1267 449//1267
f 443//1268 449//1268 450//1268
f 445//1269 454//1269 455//1269
f 455//1270 738//1270 447//1270
f 453//1271 457//1271 456//1271
f 456//1272 458//1272 453//1272
f 460//1273 463//1273 462//1273
f 470//1274 465//1274 464//1274
f 467//1275 472//1275 471//1275
f 474//1276 464//1276 469//1276
f 484//1277 485//1277 489//1277
f 491//1278 264//1278 265//1278
f 266//709 496//709 497//709
f 267//1279 497//1279 498//1279
f 498//1280 500//1280 271//1280
f 502//1281 494//1281 493//1281
f 504//1282 495//1282 496//1282
f 504//1283 506//1283 497//1283
f 496//1284 268//1284 507//1284
f 506//1285 508//1285 498//1285
f 268//1286 499//1286 510//1286
f 510//1287 499//1287 500//1287
f 498//1288 508//1288 511//1288
f 509//1289 512//1289 511//1289
f 514//1290 493//1290 501//1290
f 515//1291 501//1291 503//1291
f 516//1292 518//1292 503//1292
f 521//1293 522//1293 509//1293
f 510//1294 511//1294 525//1294
f 522//1295 521//1295 526//1295
f 525//1296 511//1296 512//1296
f 522//1297 527//1297 512//1297
f 475//1298 469//1298 513//1298
f 476//1299 529//1299 513//1299
f 531//1300 515//1300 517//1300
f 531//1301 533//1301 518//1301
f 533//1302 534//1302 519//1302
f 481//1303 475//1303 528//1303
f 481//1304 539//1304 529//1304
f 538//1305 528//1305 530//1305
f 539//1306 540//1306 530//1306
f 532//1307 541//1307 542//1307
f 532//1308 519//1308 543//1308
f 545//1309 547//1309 526//1309
f 544//1310 554//1310 545//1310
f 553//1311 544//1311 546//1311
f 545//1312 554//1312 556//1312
f 557//1313 548//1313 549//1313
f 559//1314 561//1314 549//1314
f 560//1315 561//1315 563//1315
f 564//1316 551//1316 552//1316
f 565//1317 567//1317 552//1317
f 553//778 568//778 570//778
f 568//1318 553//1318 555//1318
f 568//780 571//780 572//780
f 570//1319 572//1319 556//1319
f 490//1320 574//1320 485//1320
f 575//1321 558//1321 560//1321
f 575//1322 577//1322 561//1322
f 578//1323 564//1323 566//1323
f 578//1324 580//1324 567//1324
f 579//1325 566//1325 569//1325
f 580//1326 581//1326 569//1326
f 582//794 583//794 572//794
f 584//1327 486//1327 487//1327
f 585//1328 587//1328 487//1328
f 489//798 589//798 590//798
f 584//1329 592//1329 593//1329
f 592//1330 595//1330 594//1330
f 584//1331 586//1331 595//1331
f 585//1332 593//1332 596//1332
f 586//1333 588//1333 597//1333
f 596//1334 597//1334 588//1334
f 591//1335 599//1335 600//1335
f 592//1336 600//1336 601//1336
f 591//1337 594//1337 602//1337
f 594//1338 595//1338 603//1338
f 600//1339 603//1339 604//1339
f 595//1340 596//1340 604//1340
f 593//1341 601//1341 604//1341
f 602//1342 603//1342 606//1342
f 605//815 606//815 608//815
f 610//1343 611//1343 603//1343
f 602//1344 605//1344 611//1344
f 605//1345 607//1345 612//1345
f 612//1346 608//1346 606//1346
f 609//1347 613//1347 612//1347
f 612//1348 614//1348 609//1348
f 576//1349 562//1349 617//1349
f 617//1350 563//1350 577//1350
f 579//1351 581//1351 619//1351
f 589//1352 573//1352 621//1352
f 574//1353 622//1353 621//1353
f 590//1354 598//1354 622//1354
f 618//1355 625//1355 620//1355
f 621//1356 613//1356 609//1356
f 624//1357 628//1357 627//1357
f 629//1358 630//1358 633//1358
f 632//1359 634//1359 631//1359
f 634//1360 636//1360 630//1360
f 639//1361 633//1361 635//1361
f 639//1362 641//1362 636//1362
f 644//1363 645//1363 641//1363
f 640//1364 637//1364 646//1364
f 647//1365 637//1365 641//1365
f 650//1366 646//1366 652//1366
f 656//1367 659//1367 658//1367
f 270//1368 416//1368 661//1368
f 271//1369 500//1369 661//1369
f 523//1370 524//1370 674//1370
f 524//1371 525//1371 675//1371
f 527//1372 676//1372 675//1372
f 667//1373 678//1373 673//1373
f 680//1374 668//1374 666//1374
f 666//1375 668//1375 681//1375
f 657//1376 687//1376 678//1376
f 673//1377 678//1377 687//1377
f 687//1378 667//1378 679//1378
f 687//1379 658//1379 669//1379
f 685//1380 693//1380 546//1380
f 686//1381 676//1381 696//1381
f 537//1382 547//1382 696//1382
f 685//1383 687//1383 697//1383
f 697//1384 687//1384 688//1384
f 694//1385 688//1385 686//1385
f 556//1386 703//1386 695//1386
f 701//1387 709//1387 708//1387
f 555//1388 702//1388 711//1388
f 711//1389 702//1389 704//1389
f 717//1390 719//1390 707//1390
f 582//1391 571//1391 711//1391
f 582//914 721//914 722//914
f 722//1392 703//1392 572//1392
f 711//1393 713//1393 724//1393
f 723//1394 713//1394 714//1394
f 722//1395 725//1395 714//1395
f 723//1396 727//1396 715//1396
f 723//1397 725//1397 728//1397
f 717//1398 729//1398 726//1398
f 715//1399 727//1399 730//1399
f 716//1400 718//1400 731//1400
f 741//1401 744//1401 684//1401
f 710//1402 720//1402 750//1402
f 720//1403 747//1403 753//1403
f 737//1404 753//1404 750//1404
f 754//939 756//939 722//939
f 754//1405 721//1405 724//1405
f 756//941 754//941 757//941
f 756//1406 758//1406 725//1406
f 724//1407 726//1407 761//1407
f 727//1408 728//1408 763//1408
f 758//1409 762//1409 728//1409
f 764//1410 759//1410 729//1410
f 767//1411 719//1411 730//1411
f 763//1412 768//1412 767//1412
f 763//1413 731//1413 766//1413
f 736//1414 774//1414 772//1414
f 626//1415 619//1415 755//1415
f 625//1416 775//1416 755//1416
f 779//1417 758//1417 757//1417
f 776//1418 777//1418 780//1418
f 757//1419 761//1419 781//1419
f 758//1420 779//1420 782//1420
f 780//1421 783//1421 782//1421
f 781//1422 761//1422 764//1422
f 762//1423 783//1423 785//1423
f 784//1424 764//1424 767//1424
f 786//1425 767//1425 769//1425
f 786//568 789//568 790//568
f 787//1426 790//1426 769//1426
f 793//971 794//971 777//971
f 779//1427 795//1427 793//1427
f 802//1428 789//1428 771//1428
f 771//1429 773//1429 804//1429
f 804//1430 773//1430 790//1430
f 806//1431 794//1431 793//1431
f 808//1432 780//1432 794//1432
f 807//1433 809//1433 808//1433
f 796//1434 797//1434 812//1434
f 808//1435 812//1435 797//1435
f 810//1436 781//1436 784//1436
f 799//1437 787//1437 796//1437
f 800//1438 817//1438 816//1438
f 803//1439 804//1439 802//1439
f 811//1440 812//1440 827//1440
f 810//1441 813//1441 829//1441
f 824//1442 829//1442 814//1442
f 824//1443 827//1443 830//1443
f 827//1444 812//1444 815//1444
f 830//1445 815//1445 828//1445
f 814//1446 829//1446 813//1446
f 834//1008 835//1008 820//1008
f 819//1447 803//1447 836//1447
f 820//1448 835//1448 836//1448
f 647//1449 838//1449 837//1449
f 838//1450 807//1450 821//1450
f 837//1451 821//1451 822//1451
f 838//1452 843//1452 823//1452
f 839//1453 822//1453 825//1453
f 842//1454 841//1454 846//1454
f 826//1455 828//1455 847//1455
f 823//1456 843//1456 847//1456
f 844//1457 848//1457 847//1457
f 829//1458 849//1458 845//1458
f 826//1459 846//1459 849//1459
f 834//1460 852//1460 850//1460
f 835//1461 850//1461 852//1461
f 841//1462 842//1462 854//1462
f 838//1463 853//1463 854//1463
f 841//1464 840//1464 855//1464
f 842//1465 847//1465 856//1465
f 845//1466 849//1466 858//1466
f 846//1467 855//1467 858//1467
f 856//1468 847//1468 848//1468
f 855//1469 862//1469 861//1469
f 868//1470 870//1470 869//1470
f 872//1471 873//1471 866//1471
f 864//1472 874//1472 875//1472
f 860//1473 877//1473 652//1473
f 888//1474 890//1474 889//1474
l 878 879
l 801 818
