# Blender 5.2.2 LTS
# www.blender.org
o Coral_Plate_H_tmp
v -0.298012 -0.113901 0.093001
v -0.303072 -0.087296 0.071816
v -0.301690 -0.091064 0.082664
v -0.302533 -0.070950 0.074644
v -0.298482 -0.037107 0.092748
v -0.300469 -0.018496 0.074170
v -0.265434 -0.154014 0.074318
v -0.246830 -0.169371 0.074783
v -0.241201 -0.149699 0.055360
v -0.251053 -0.157792 0.066743
v -0.252421 -0.160137 0.082124
v -0.242287 -0.148899 0.112023
v -0.237337 -0.169368 0.075218
v -0.232741 -0.158363 0.065478
v -0.231990 -0.164757 0.083212
v -0.215801 -0.154095 0.073234
v -0.207581 -0.154846 0.083845
v -0.215625 -0.152545 0.102700
v -0.222327 -0.149448 0.112138
v -0.176938 -0.157687 0.090158
v -0.165624 -0.155548 0.093347
v -0.280727 -0.135303 0.075949
v -0.284618 -0.110958 0.068721
v -0.285677 -0.124028 0.084090
v -0.294459 -0.102520 0.096435
v -0.272511 -0.083773 0.106708
v -0.285891 -0.060712 0.068540
v -0.288985 -0.065010 0.079641
v -0.286239 -0.046550 0.086468
v -0.287115 -0.040946 0.100620
v -0.280214 -0.035568 0.112603
v -0.280415 -0.016162 0.074882
v -0.288687 -0.028637 0.082273
v -0.287115 -0.034376 0.100620
v -0.259551 -0.127540 0.052318
v -0.269585 -0.139626 0.066686
v -0.270700 -0.140351 0.078883
v -0.260906 -0.132270 0.112728
v -0.269951 -0.122148 0.104870
v -0.272488 -0.100427 0.113750
v -0.269170 -0.083667 0.051329
v -0.274568 -0.075507 0.088645
v -0.265262 -0.066512 0.052945
v -0.264509 -0.065975 0.111748
v -0.261445 -0.055021 0.059712
v -0.270063 -0.042871 0.079724
v -0.278278 -0.054760 0.093344
v -0.267340 -0.043168 0.113019
v -0.261020 -0.029811 0.080036
v -0.257234 -0.127139 0.093069
v -0.253427 -0.138470 0.103889
v -0.249580 -0.138470 0.113281
v -0.251438 -0.121063 0.049133
v -0.247048 -0.120574 0.115417
v -0.248862 -0.096140 0.050335
v -0.234844 -0.098692 0.061996
v -0.248221 -0.096920 0.113325
v -0.252016 -0.079092 0.051286
v -0.260532 -0.056619 0.054976
v -0.251643 -0.047479 0.080485
v -0.259468 -0.020347 0.073853
v -0.254721 -0.027303 0.099216
v -0.252811 -0.007456 0.073310
v -0.253051 -0.008729 0.083437
v -0.215622 -0.137862 0.108543
v -0.223857 -0.130011 0.054230
v -0.226332 -0.120597 0.111157
v -0.223582 -0.095055 0.079023
v -0.230034 -0.065487 0.077728
v -0.214553 -0.048112 0.093001
v -0.241601 -0.038013 0.099325
v -0.219578 -0.029290 0.092987
v -0.229312 -0.002660 0.071799
v -0.214619 -0.013442 0.083944
v -0.231280 0.008076 0.082343
v -0.222755 0.001439 0.093590
v -0.214537 -0.140391 0.064399
v -0.214985 -0.121637 0.064375
v -0.194978 -0.121006 0.086016
v -0.204795 -0.055495 0.093081
v -0.213572 -0.008852 0.094396
v -0.199631 -0.130658 0.070444
v -0.194709 -0.141124 0.081542
v -0.195315 -0.122074 0.096999
v -0.202383 -0.094201 0.094441
v -0.187174 -0.057080 0.074542
v -0.187365 -0.024384 0.074517
v -0.194637 -0.010153 0.071274
v -0.194463 -0.012871 0.082312
v -0.174726 -0.142693 0.092432
v -0.171173 -0.111384 0.073975
v -0.184361 -0.129609 0.092859
v -0.174313 -0.099371 0.075431
v -0.178623 -0.065464 0.073623
v -0.178623 -0.065464 0.075292
v -0.178626 -0.047562 0.073125
v -0.178626 -0.047562 0.075884
v -0.178718 -0.029728 0.074591
v -0.174408 -0.004546 0.071887
v -0.152590 -0.128960 0.074951
v -0.165099 -0.146483 0.092692
v -0.157532 -0.120025 0.073751
v -0.158562 -0.103079 0.073300
v -0.158562 -0.103079 0.075533
v -0.165786 -0.077530 0.074460
v -0.157429 -0.047495 0.072373
v -0.157429 -0.047495 0.076564
v -0.154551 -0.008545 0.064859
v -0.149606 -0.026310 0.079184
v -0.151238 0.002778 0.055288
v -0.174273 -0.002729 0.093852
v -0.146429 0.000657 0.094193
v -0.133919 -0.187672 0.075028
v -0.134831 -0.160866 0.073931
v -0.124560 -0.187759 0.074543
v -0.119430 -0.178251 0.074532
v -0.119735 -0.139381 0.072874
v -0.119763 -0.139313 0.075916
v -0.099054 -0.191622 0.074207
v -0.099054 -0.180349 0.074744
v -0.106597 -0.172846 0.074476
v -0.104344 -0.147407 0.074397
v -0.080345 -0.210127 0.074605
v -0.079726 -0.198458 0.075952
v -0.088219 -0.191622 0.074744
v -0.088219 -0.180349 0.074207
v -0.060151 -0.226626 0.074543
v -0.065947 -0.215492 0.072415
v -0.065947 -0.215492 0.076632
v -0.053782 -0.200728 0.073214
v -0.057550 -0.155154 0.056046
v -0.039570 -0.244060 0.074951
v -0.039679 -0.239198 0.074561
v -0.051860 -0.226399 0.074887
v -0.043361 -0.169265 0.056198
v -0.043385 -0.163920 0.055940
v -0.051621 -0.155165 0.056005
v -0.020073 -0.245547 0.073484
v -0.027317 -0.232945 0.074504
v -0.020703 -0.222875 0.074544
v -0.011587 -0.171016 0.055751
v -0.028493 -0.157942 0.055075
v -0.028130 -0.157678 0.056583
v 0.010509 -0.232183 0.073027
v 0.010529 -0.231793 0.075786
v -0.022800 -0.148187 0.055035
v -0.139430 -0.138836 0.073109
v -0.139430 -0.138836 0.075996
v -0.140036 -0.120717 0.073006
v -0.140036 -0.120717 0.075969
v -0.146548 -0.109639 0.074417
v -0.140827 -0.043642 0.074810
v -0.134119 -0.024107 0.063901
v -0.134236 -0.004932 0.066937
v -0.142575 -0.009212 0.083381
v -0.125125 -0.126698 0.074413
v -0.104595 -0.044006 0.064207
v -0.110927 -0.043048 0.075189
v -0.122673 -0.014108 0.054201
v -0.093448 -0.056975 0.056872
v -0.100477 -0.037498 0.054026
v -0.100084 -0.027938 0.067644
v -0.109804 -0.017029 0.076901
v -0.103294 -0.010079 0.065623
v -0.080790 -0.099058 0.056609
v -0.085003 -0.063927 0.054764
v -0.084855 -0.064002 0.056684
v -0.077578 -0.018275 0.060128
v -0.059130 -0.008116 0.050633
v -0.058411 -0.129707 0.054925
v -0.058679 -0.129783 0.057108
v -0.066911 -0.104166 0.054668
v -0.066911 -0.104166 0.057260
v -0.063859 -0.084690 0.054605
v -0.059828 -0.087287 0.056544
v -0.069536 -0.065240 0.055822
v -0.066318 -0.046755 0.055880
v -0.034960 -0.011120 0.062579
v -0.045860 -0.140186 0.054927
v -0.045359 -0.139431 0.057433
v -0.047845 -0.104411 0.055239
v -0.047715 -0.041126 0.055410
v -0.016249 -0.027827 0.050024
v -0.036052 -0.134289 0.055767
v -0.036842 -0.111653 0.055862
v -0.012539 -0.043997 0.059182
v -0.000421 -0.044807 0.052050
v 0.005679 -0.027091 0.065317
v -0.354239 0.055392 0.074408
v -0.355688 0.077586 0.074477
v -0.352011 0.077523 0.075031
v -0.336114 0.110949 0.074593
v -0.316670 0.111937 0.074547
v -0.325024 0.119844 0.074119
v -0.325024 0.119844 0.074843
v -0.318227 0.135679 0.074472
v -0.299801 0.053004 0.055743
v -0.299853 0.074764 0.056625
v -0.297417 0.128630 0.074212
v -0.308572 0.141018 0.073795
v -0.308572 0.141018 0.075018
v -0.299410 0.169167 0.074033
v -0.299406 0.169167 0.074973
v -0.298725 0.223375 0.093120
v -0.288203 0.081889 0.056893
v -0.280186 0.094005 0.055926
v -0.271054 0.051186 0.056011
v -0.269268 0.101216 0.056563
v -0.262064 0.113537 0.055716
v -0.247556 0.003612 0.074178
v -0.242729 0.037033 0.056062
v -0.249842 0.046169 0.055485
v -0.227445 0.087974 0.051030
v -0.231715 0.009259 0.072140
v -0.196691 0.029782 0.055608
v -0.223882 0.019400 0.074002
v -0.220205 0.065205 0.060407
v -0.216735 0.107900 0.060589
v -0.233321 0.123270 0.056620
v -0.228003 0.130316 0.056002
v -0.215618 0.009497 0.071024
v -0.215618 0.010452 0.082242
v -0.187405 0.017914 0.056107
v -0.187976 0.001991 0.071399
v -0.181339 0.003209 0.084423
v -0.180964 0.071811 0.053455
v -0.157272 0.121224 0.053324
v -0.179240 0.136057 0.055905
v -0.164596 0.016528 0.055522
v -0.177674 0.028288 0.055428
v -0.177674 0.028288 0.056343
v -0.177674 0.046328 0.055308
v -0.177674 0.046328 0.056323
v -0.170398 0.106526 0.058525
v -0.155310 0.120199 0.058692
v -0.164550 0.022314 0.055850
v -0.163715 0.052327 0.056128
v -0.157419 0.082703 0.055512
v -0.163119 0.133490 0.056086
v -0.291144 0.168926 0.074501
v -0.278013 0.180134 0.074466
v -0.279547 0.186278 0.074619
v -0.296302 0.222676 0.093208
v -0.296302 0.224075 0.093032
v -0.280158 0.239964 0.093140
v -0.280143 0.242954 0.093349
v -0.265798 0.165095 0.074355
v -0.260665 0.241931 0.093114
v -0.220722 0.178095 0.071511
v -0.231011 0.176694 0.077586
v -0.258104 0.188508 0.075037
v -0.231585 0.196275 0.074729
v -0.224548 0.205875 0.074530
v -0.228055 0.261247 0.093212
v -0.205107 0.167364 0.074418
v -0.196062 0.197109 0.072423
v -0.195787 0.197021 0.076725
v -0.198698 0.256372 0.093194
v -0.197242 0.176067 0.074503
v -0.201346 0.206038 0.074552
v -0.170754 0.164537 0.073394
v -0.177834 0.176223 0.074384
v -0.171103 0.191583 0.072903
v -0.171487 0.191801 0.076505
v -0.171087 0.241377 0.093094
v -0.177243 0.250598 0.093165
v -0.164314 0.261923 0.092530
v -0.164370 0.261980 0.093743
v -0.153105 0.174218 0.070605
v -0.151130 0.175533 0.078394
v -0.148988 0.223449 0.093120
v -0.156367 0.234024 0.093080
v -0.153014 0.249394 0.091432
v -0.155485 0.250359 0.094711
v -0.123540 0.011195 0.057604
v -0.132301 0.055084 0.055795
v -0.140337 0.082786 0.055785
v -0.122457 0.011179 0.052492
v -0.118119 0.030251 0.055744
v -0.120661 0.047908 0.056155
v -0.139117 0.103820 0.053778
v -0.113285 0.091510 0.059648
v -0.107986 0.117012 0.055940
v -0.100144 0.007710 0.060113
v -0.064685 0.066262 0.058130
v -0.064447 0.066011 0.053420
v -0.101847 0.103214 0.056565
v -0.082691 0.085156 0.055288
v -0.088528 0.097252 0.056069
v -0.069462 0.079886 0.055945
v -0.057729 0.143620 0.074496
v -0.028190 0.056898 0.056233
v -0.019287 0.093432 0.074514
v -0.019812 0.148094 0.074470
v -0.008688 0.014399 0.066660
v -0.008397 0.044874 0.062231
v -0.007456 0.062858 0.063098
v -0.009069 0.082541 0.076137
v -0.010439 0.085201 0.069907
v -0.011632 0.100469 0.073877
v -0.005160 0.116692 0.074171
v -0.144559 0.159386 0.075097
v -0.103354 0.194968 0.073217
v -0.103486 0.194694 0.075127
v -0.141498 0.233297 0.091869
v -0.141498 0.233297 0.094326
v -0.127146 0.163992 0.074354
v -0.119619 0.177837 0.072850
v -0.119806 0.177285 0.075906
v -0.121063 0.239204 0.092495
v -0.121022 0.239218 0.093612
v -0.121630 0.252112 0.093010
v -0.114915 0.262313 0.093298
v -0.093717 0.204795 0.074685
v -0.081093 0.235167 0.090364
v -0.084924 0.250691 0.089929
v -0.085817 0.249671 0.096241
v -0.071963 0.182493 0.074312
v -0.065393 0.195452 0.072873
v -0.065419 0.195515 0.075852
v -0.083813 0.235320 0.095535
v -0.057953 0.150091 0.074403
v -0.034198 0.209379 0.072975
v -0.047132 0.252973 0.092912
v -0.032011 0.261171 0.093084
v -0.046288 0.157114 0.073661
v -0.046288 0.157114 0.075079
v -0.041630 0.176580 0.074385
v -0.046605 0.195439 0.074473
v -0.033851 0.208907 0.075890
v -0.054600 0.240899 0.093393
v -0.008359 0.158558 0.073510
v -0.007898 0.157637 0.075497
v -0.026284 0.178576 0.072984
v -0.026284 0.178576 0.076034
v -0.019698 0.240803 0.093062
v -0.019687 0.246954 0.093036
v -0.013812 0.173404 0.074656
v 0.003994 0.217270 0.093693
v -0.008258 0.234233 0.093170
v -0.005518 0.247921 0.091874
v 0.267247 -0.164789 -0.000617
v 0.284736 -0.168651 -0.000728
v 0.295830 -0.153857 -0.000328
v 0.256342 -0.139176 -0.000626
v 0.298868 -0.112871 -0.000806
v 0.002703 -0.243543 0.075040
v 0.030067 -0.221205 0.073057
v 0.013143 -0.188977 0.055882
v 0.007840 -0.177645 0.055838
v 0.037896 -0.221765 0.075480
v 0.039336 -0.188510 0.055390
v 0.026212 -0.171459 0.058668
v 0.042301 -0.131317 0.052238
v 0.049149 -0.224568 0.074499
v 0.046738 -0.175216 0.056378
v 0.080131 -0.225004 0.074503
v 0.080143 -0.221202 0.074501
v 0.063655 -0.161058 0.054881
v 0.063759 -0.159684 0.057845
v 0.089711 -0.190624 0.055919
v 0.089010 -0.176364 0.055761
v 0.084464 -0.159684 0.052500
v 0.084464 -0.159684 0.058093
v 0.108160 -0.242205 0.074420
v 0.110881 -0.225038 0.056212
v 0.102199 -0.196349 0.056005
v 0.114087 -0.158274 0.044069
v 0.117097 -0.242361 0.073813
v 0.117097 -0.242049 0.075028
v 0.135498 -0.226460 0.054495
v 0.129555 -0.178772 0.052973
v 0.122658 -0.169197 0.058778
v 0.142879 -0.247220 0.074233
v 0.142948 -0.239286 0.074223
v 0.140890 -0.216300 0.056385
v 0.144460 -0.199989 0.062794
v 0.141435 -0.178531 0.067006
v 0.147617 -0.173121 0.076125
v 0.132033 -0.146110 0.019149
v 0.154036 -0.158744 0.023313
v 0.152295 -0.169558 0.041754
v 0.008567 -0.140373 0.056420
v 0.015353 -0.124756 0.055873
v 0.028770 -0.047089 0.059080
v 0.023124 -0.001935 0.067401
v 0.057939 -0.127333 0.059178
v 0.026215 -0.119549 0.055613
v 0.031590 -0.107688 0.055840
v 0.034967 -0.074984 0.055595
v 0.030032 -0.048828 0.053603
v 0.035672 -0.026544 0.048884
v 0.060173 0.010531 0.046577
v 0.043713 -0.108111 0.056055
v 0.042901 -0.075175 0.055854
v 0.047789 -0.067261 0.055455
v 0.063747 -0.047425 0.052420
v 0.068363 -0.131289 0.042947
v 0.080890 -0.141152 0.059067
v 0.070073 -0.117260 0.034927
v 0.068366 -0.098397 0.033160
v 0.060928 -0.103620 0.047816
v 0.066283 -0.103620 0.056281
v 0.067396 -0.082343 0.045621
v 0.069357 -0.085149 0.056613
v 0.063356 -0.067033 0.051547
v 0.063635 -0.067027 0.057371
v 0.065879 -0.028354 0.055891
v 0.066678 -0.009244 0.050891
v 0.065510 -0.010705 0.059377
v 0.100014 -0.137766 0.032008
v 0.091918 -0.134413 0.052639
v 0.080284 -0.111686 0.055969
v 0.090251 -0.071837 0.030876
v 0.092544 -0.055320 0.036927
v 0.085032 -0.047448 0.047241
v 0.112662 -0.054372 0.056621
v 0.083250 -0.033052 0.055630
v 0.084097 -0.007667 0.059223
v 0.103830 -0.139829 0.059080
v 0.118864 -0.124270 0.018655
v 0.106912 -0.101372 0.021005
v 0.101497 -0.104610 0.055246
v 0.101594 -0.028020 0.055593
v 0.101947 -0.010487 0.052093
v 0.101726 -0.009838 0.058400
v 0.116410 -0.123090 0.062493
v 0.137054 -0.106627 0.064630
v 0.132906 -0.055580 0.056118
v 0.152717 -0.044354 0.033243
v 0.128632 -0.025849 0.048638
v 0.118338 0.004120 0.062810
v 0.134279 -0.139688 0.069263
v 0.144540 -0.139922 0.085509
v 0.138773 -0.119887 0.072932
v 0.140271 -0.094479 0.017635
v 0.147694 -0.086299 0.054725
v 0.158228 -0.080642 0.018217
v 0.157250 -0.014528 0.046822
v 0.148687 -0.018536 0.061981
v 0.143798 -0.003988 0.050888
v 0.163363 -0.281748 0.094315
v 0.163803 -0.262385 0.073097
v 0.163147 -0.269700 0.083857
v 0.163546 -0.276740 0.094651
v 0.157388 -0.252676 0.071313
v 0.157388 -0.252676 0.076958
v 0.162197 -0.224779 0.056519
v 0.168596 -0.239003 0.071704
v 0.168696 -0.238679 0.075788
v 0.156991 -0.215764 0.054411
v 0.157756 -0.215416 0.059830
v 0.158312 -0.184274 0.072216
v 0.156951 -0.167770 0.081190
v 0.168616 -0.161772 0.017970
v 0.196708 -0.281942 0.092644
v 0.180811 -0.266970 0.085914
v 0.176341 -0.251541 0.071841
v 0.176341 -0.251541 0.077025
v 0.176566 -0.213527 0.052165
v 0.187996 -0.196329 0.041459
v 0.192805 -0.176800 0.071711
v 0.207841 -0.261672 0.073792
v 0.212095 -0.279028 0.093310
v 0.198020 -0.251029 0.074356
v 0.197365 -0.228021 0.054437
v 0.199191 -0.233680 0.065855
v 0.205064 -0.239880 0.074789
v 0.198451 -0.172911 0.018136
v 0.200738 -0.149234 0.090371
v 0.204776 -0.148998 0.093180
v 0.211438 -0.271466 0.085349
v 0.215050 -0.251238 0.070077
v 0.215182 -0.251340 0.076145
v 0.225599 -0.227824 0.055108
v 0.214188 -0.230270 0.069266
v 0.214188 -0.236974 0.062705
v 0.226601 -0.216221 0.053766
v 0.206607 -0.200947 0.065590
v 0.208140 -0.184921 0.031211
v 0.213783 -0.194869 0.044331
v 0.211699 -0.176834 0.016706
v 0.231399 -0.178821 0.044243
v 0.224538 -0.149432 0.092717
v 0.229358 -0.159752 0.005544
v 0.244119 -0.281041 0.093308
v 0.244123 -0.275804 0.093082
v 0.230077 -0.232210 0.065587
v 0.251070 -0.233027 0.077385
v 0.233021 -0.210547 0.066762
v 0.250109 -0.211136 0.075353
v 0.238711 -0.197120 0.058720
v 0.214828 -0.186948 0.071472
v 0.233402 -0.176322 0.029626
v 0.231016 -0.178701 0.079623
v 0.242077 -0.167169 0.036666
v 0.257413 -0.262123 0.092466
v 0.261929 -0.243686 0.074553
v 0.257600 -0.259104 0.091074
v 0.251293 -0.232286 0.071983
v 0.251293 -0.212816 0.072512
v 0.253909 -0.187242 0.064281
v 0.256329 -0.173403 0.009440
v 0.245068 -0.160572 0.082636
v 0.259667 -0.152963 0.053771
v 0.252321 -0.139196 0.066281
v 0.269563 -0.213401 0.074828
v 0.286157 -0.179750 0.071386
v 0.285923 -0.176048 0.076367
v 0.279302 -0.168931 0.018936
v 0.268036 -0.174357 0.064004
v 0.271312 -0.158474 0.031168
v 0.263963 -0.158458 0.048409
v 0.270100 -0.156850 0.066547
v 0.270683 -0.155491 0.076064
v 0.280648 -0.260195 0.093514
v 0.297259 -0.226302 0.092936
v 0.280693 -0.203976 0.074591
v 0.297879 -0.221624 0.093079
v 0.286600 -0.168664 0.007958
v 0.302528 -0.149569 0.022686
v 0.284030 -0.161603 0.074468
v 0.297774 -0.149357 0.093037
v 0.196766 -0.133679 0.004671
v 0.148829 -0.132637 0.093718
v 0.170338 -0.118867 0.008443
v 0.162095 -0.118720 0.095356
v 0.155068 -0.112578 0.083785
v 0.158312 -0.098697 0.066561
v 0.167783 -0.110612 0.095816
v 0.160438 -0.081755 0.052628
v 0.176633 -0.065304 0.048886
v 0.176892 -0.012811 0.062021
v 0.176938 -0.139688 0.088722
v 0.212161 -0.123537 0.089531
v 0.187239 -0.098100 0.049332
v 0.172930 -0.095476 0.058436
v 0.195686 -0.037155 0.017797
v 0.187486 -0.037401 0.055354
v 0.207324 0.000790 0.036045
v 0.187764 -0.100343 0.080695
v 0.212250 -0.101652 0.083960
v 0.206874 -0.084582 0.042767
v 0.214188 -0.139326 0.089681
v 0.221180 -0.115190 0.055502
v 0.225726 -0.109556 0.095467
v 0.224943 -0.069748 0.004382
v 0.214748 -0.103130 0.047758
v 0.216743 -0.106705 0.062226
v 0.211054 -0.038391 0.051510
v 0.209685 -0.017414 0.053572
v 0.204402 -0.006166 0.060112
v 0.241911 -0.132099 0.056259
v 0.232619 -0.139857 0.084121
v 0.235874 -0.113913 0.001525
v 0.233973 -0.120740 0.050731
v 0.234971 -0.119513 0.066352
v 0.233579 -0.119359 0.082553
v 0.232303 -0.107525 0.082013
v 0.226651 -0.020302 0.018074
v 0.232499 -0.011106 0.027780
v 0.227758 -0.024476 0.041469
v 0.252251 -0.138557 0.051636
v 0.250871 -0.138270 0.077200
v 0.258461 -0.110436 0.036524
v 0.251886 -0.115919 0.040006
v 0.249461 -0.120611 0.073985
v 0.252113 -0.118495 0.081299
v 0.251498 -0.111384 0.083222
v 0.261289 -0.111478 0.093902
v 0.244658 -0.067363 0.040613
v 0.269775 -0.045681 0.011941
v 0.267736 -0.046402 0.026459
v 0.252164 -0.049188 0.038439
v 0.251314 -0.010634 0.017477
v 0.252126 -0.009629 0.020801
v 0.274491 -0.140977 0.035507
v 0.262909 -0.131052 0.074098
v 0.261881 -0.120604 0.083980
v 0.287925 -0.101544 0.002211
v 0.282170 -0.085664 0.040098
v 0.274662 -0.066226 0.005599
v 0.279786 -0.073563 0.038552
v 0.266932 -0.022983 0.017899
v 0.267853 0.000474 0.018283
v 0.278906 0.000404 0.074450
v 0.297969 -0.148753 0.093086
v 0.290887 -0.108501 0.035040
v 0.289158 -0.065086 0.010892
v 0.288102 -0.066038 0.027372
v 0.283856 -0.050051 0.016835
v 0.296823 -0.021688 0.074511
v 0.289858 -0.007480 0.073758
v 0.289649 -0.007178 0.075355
v 0.298498 -0.226302 0.093223
v 0.300895 -0.153640 0.009313
v 0.335377 -0.168720 0.018567
v 0.334337 -0.162636 0.018689
v 0.336417 -0.162636 0.018444
v 0.310715 -0.122163 0.009645
v 0.308811 -0.122061 0.026389
v 0.307503 -0.102666 0.008501
v 0.309099 -0.100526 0.026591
v 0.302748 -0.070685 0.016696
v 0.313273 -0.035702 0.018548
v 0.318317 -0.038317 0.074489
v 0.307421 -0.026840 0.072944
v 0.308099 -0.027677 0.075589
v 0.311117 -0.013837 0.018816
v 0.320352 -0.116029 0.017684
v 0.319941 -0.106666 0.017675
v 0.333524 -0.094050 0.018577
v 0.332999 -0.065187 0.017516
v 0.332999 -0.065187 0.019472
v 0.326635 -0.045435 0.018301
v 0.323203 -0.011890 0.015571
v 0.321045 -0.012113 0.022345
v 0.327913 -0.010753 0.074493
v 0.335370 -0.130356 0.018621
v 0.352479 -0.115775 0.018357
v 0.353417 -0.109703 0.018513
v 0.354026 -0.074248 0.018430
v 0.343124 -0.082556 0.018881
v 0.344674 -0.066705 0.018538
v 0.344569 -0.045639 0.017301
v 0.344569 -0.045639 0.019807
v 0.346855 -0.028965 0.018756
v 0.340629 -0.014330 0.018736
v 0.335930 -0.005620 0.075006
v 0.354355 -0.115775 0.018669
v 0.355604 -0.036446 0.018765
v 0.011801 0.028296 0.073445
v 0.026058 0.037941 0.055147
v 0.000062 0.058793 0.056349
v 0.006230 0.056735 0.076893
v 0.008457 0.066657 0.059148
v 0.007423 0.121317 0.078077
v 0.007817 0.122171 0.071439
v 0.007817 0.138899 0.073192
v 0.007817 0.138899 0.075854
v 0.023513 0.024132 0.074466
v 0.047511 0.073895 0.064039
v 0.030262 0.075981 0.088490
v 0.029100 0.121440 0.071018
v 0.032457 0.101451 0.086789
v 0.029016 0.121957 0.079125
v 0.049182 0.064008 0.086565
v 0.053427 0.083337 0.089265
v 0.052216 0.114968 0.073877
v 0.052512 0.115317 0.078611
v 0.077595 0.035622 0.052644
v 0.074841 0.039327 0.071584
v 0.063652 0.045917 0.078146
v 0.103957 0.048571 0.060431
v 0.082193 0.104535 0.082364
v 0.090200 0.045080 0.077851
v 0.084730 0.072035 0.083331
v 0.099778 0.119826 0.077382
v 0.107117 0.036012 0.055787
v 0.102438 0.026222 0.070106
v 0.124834 0.066961 0.067345
v 0.103407 0.119761 0.070893
v 0.121063 0.024913 0.053877
v 0.119039 0.029435 0.063714
v 0.120931 0.044217 0.078762
v 0.121955 0.045094 0.067729
v 0.135771 0.064636 0.082973
v 0.140252 0.081941 0.072220
v 0.122775 0.103909 0.071628
v 0.122775 0.103909 0.078513
v 0.117943 0.117459 0.074804
v 0.128977 0.128683 0.092614
v 0.120094 0.155193 0.090636
v 0.119413 0.156440 0.095910
v 0.140899 0.010382 0.056510
v 0.135366 0.021376 0.056328
v 0.146161 0.048934 0.070809
v 0.150304 0.048962 0.077996
v 0.139609 0.083613 0.079409
v 0.133675 0.098721 0.075071
v 0.150747 0.104700 0.093178
v 0.141143 0.122000 0.090325
v 0.140659 0.123538 0.095573
v 0.143583 0.140377 0.098320
v 0.021100 0.151112 0.074253
v 0.016065 0.185395 0.093543
v 0.007783 0.214862 0.091399
v -0.003953 0.247541 0.095097
v 0.023685 0.185328 0.092969
v 0.028878 0.193718 0.093072
v 0.029110 0.215293 0.091407
v 0.029015 0.215303 0.095124
v 0.019597 0.242404 0.093564
v 0.057866 0.202861 0.093079
v 0.057862 0.208626 0.093066
v 0.051114 0.257899 0.111548
v 0.051114 0.261707 0.111959
v 0.072657 0.223260 0.093151
v 0.057226 0.259803 0.111754
v 0.079740 0.222790 0.093208
v 0.079740 0.223730 0.093095
v 0.107798 0.162485 0.091251
v 0.107527 0.162589 0.094833
v 0.111734 0.206993 0.093091
v 0.121448 0.177681 0.093317
v 0.139078 0.158261 0.091028
v 0.139078 0.158261 0.096189
v 0.132378 0.171458 0.093431
v 0.147773 0.184773 0.112066
v 0.146857 0.209754 0.111401
v 0.157557 0.005093 0.057302
v 0.158312 0.065187 0.082719
v 0.171144 0.074777 0.074262
v 0.159705 0.081263 0.083820
v 0.162299 0.087785 0.095821
v 0.156537 0.101235 0.089511
v 0.190286 0.004321 0.048339
v 0.182037 0.033740 0.074316
v 0.176165 0.045081 0.071528
v 0.176165 0.045081 0.077919
v 0.197693 0.074886 0.072588
v 0.172315 0.071711 0.089065
v 0.176260 0.104596 0.083189
v 0.185808 0.099469 0.100920
v 0.179905 0.129043 0.087163
v 0.178067 0.142474 0.093628
v 0.205434 0.004231 0.059059
v 0.204975 0.018147 0.074302
v 0.198410 0.026774 0.074337
v 0.204833 0.038644 0.071793
v 0.196218 0.059001 0.083002
v 0.188784 0.073456 0.092937
v 0.206788 0.112057 0.074106
v 0.193759 0.141538 0.089541
v 0.194272 0.141864 0.096583
v 0.225642 0.002387 0.036796
v 0.229569 0.100572 0.096266
v 0.224881 0.122290 0.103523
v 0.226218 0.135246 0.083658
v 0.228759 0.017243 0.074224
v 0.226275 0.046002 0.074498
v 0.228188 0.061617 0.074085
v 0.230758 0.085397 0.082784
v 0.228441 0.113389 0.075475
v 0.238729 0.104520 0.084947
v 0.248018 0.134978 0.104136
v 0.258874 0.001317 0.018820
v 0.251438 0.106156 0.095972
v 0.268492 0.124648 0.089153
v 0.268225 0.140323 0.104760
v 0.248956 0.145752 0.091584
v 0.259296 0.146368 0.111681
v 0.277636 0.090875 0.091841
v 0.277463 0.091006 0.094360
v 0.270839 0.102301 0.090300
v 0.270839 0.102301 0.095627
v 0.270792 0.121881 0.097817
v 0.293106 0.016332 0.036862
v 0.277364 0.020722 0.073956
v 0.292951 0.020002 0.037608
v 0.290181 0.027636 0.074494
v 0.297521 0.038142 0.074882
v 0.290434 0.104140 0.090843
v 0.290434 0.104140 0.095527
v 0.285830 0.115871 0.093317
v 0.302366 0.146435 0.111881
v 0.173448 0.148689 0.093297
v 0.164277 0.165018 0.111079
v 0.160880 0.174212 0.107355
v 0.157922 0.177632 0.113907
v 0.158315 0.196253 0.109551
v 0.159994 0.194094 0.114146
v 0.151975 0.209881 0.111792
v 0.194786 0.173989 0.115324
v 0.180472 0.189726 0.109402
v 0.198584 0.150008 0.093636
v 0.191926 0.166552 0.111505
v 0.197095 0.175287 0.110068
v 0.215644 0.156455 0.101865
v 0.217737 0.165403 0.113512
v 0.217631 0.173939 0.111489
v 0.210947 0.180436 0.111877
v 0.210907 0.188069 0.112646
v 0.233214 0.155082 0.096546
v 0.243422 0.150791 0.107206
v 0.233119 0.173816 0.112592
v 0.238119 0.203815 0.130372
v 0.251405 0.156119 0.104334
v 0.252828 0.156870 0.112687
v 0.246429 0.169693 0.112380
v 0.257642 0.185026 0.130230
v 0.257642 0.187212 0.130606
v 0.242818 0.202348 0.130484
v 0.242818 0.205282 0.130260
v 0.271098 0.151311 0.111396
v 0.262395 0.186119 0.130418
v 0.302338 0.150923 0.112027
v 0.308293 0.010265 0.072271
v 0.308293 0.010265 0.075800
v 0.308293 0.026939 0.073086
v 0.308293 0.026939 0.075674
v 0.321777 0.040306 0.073885
v 0.313405 0.070331 0.090728
v 0.313297 0.069942 0.094869
v 0.306526 0.083019 0.091137
v 0.306526 0.083019 0.095004
v 0.317865 0.094297 0.093136
v 0.322337 0.013141 0.039453
v 0.325356 0.010265 0.073229
v 0.325356 0.010265 0.075648
v 0.322648 0.019605 0.038023
v 0.331211 0.023474 0.074503
v 0.321966 0.032514 0.074541
v 0.324455 0.084517 0.092958
v 0.335202 0.112294 0.111743
v 0.336292 0.023444 0.074145
v 0.352854 0.053890 0.092864
v 0.353690 0.059210 0.093030
v 0.340475 0.071658 0.093124
v 0.340510 0.078116 0.093117
v 0.335315 0.111687 0.111753
v 0.354525 0.053890 0.093196
vn -0.9891 -0.1214 0.0839
vn -0.9915 0.0102 0.1299
vn -0.3336 -0.9271 -0.1710
vn 0.8093 -0.5409 -0.2293
vn 0.3573 -0.8966 0.2618
vn -0.9394 -0.2265 -0.2574
vn -0.7377 -0.4884 -0.4662
vn -0.7274 -0.5068 -0.4627
vn -0.4470 0.3151 0.8372
vn -0.9596 0.2114 -0.1856
vn -0.4834 -0.8237 0.2963
vn -0.1312 -0.7074 -0.6946
vn -0.5693 -0.0000 0.8221
vn -0.4260 -0.9000 -0.0924
vn -0.4944 -0.6410 0.5871
vn -0.4056 -0.8303 0.3821
vn -0.7962 -0.3063 0.5218
vn -0.5206 0.7524 0.4036
vn -0.9066 0.3350 0.2565
vn -0.8293 0.4612 -0.3155
vn -0.8308 -0.1333 0.5404
vn 0.2693 0.5012 0.8223
vn -0.1998 0.9570 0.2102
vn -0.7607 -0.5695 0.3115
vn -0.4782 -0.8561 0.1958
vn -0.1048 -0.1032 0.9891
vn 0.6483 0.1614 -0.7441
vn -0.2555 -0.0854 0.9630
vn -0.0363 0.9447 -0.3258
vn 0.0042 0.2587 -0.9659
vn -0.3826 0.6179 0.6869
vn 0.1264 -0.1674 -0.9777
vn 0.2014 -0.0233 0.9792
vn 0.8092 0.1517 -0.5676
vn 0.5394 0.7153 -0.4443
vn 0.3550 0.4313 0.8295
vn 0.0935 -0.6857 -0.7218
vn 0.0787 0.1065 0.9912
vn 0.4187 -0.4152 -0.8076
vn 0.7510 -0.2442 0.6135
vn 0.2808 0.1324 0.9506
vn 0.4978 0.0708 -0.8644
vn 0.2511 0.0678 0.9656
vn 0.9585 -0.2837 0.0286
vn 0.3715 0.0077 -0.9284
vn 0.5740 0.6081 -0.5484
vn 0.4169 0.1223 0.9007
vn 0.5329 0.3842 -0.7540
vn 0.9667 0.2501 0.0540
vn 0.4153 0.1870 0.8903
vn -0.8762 -0.4710 -0.1022
vn 0.5885 0.8027 0.0961
vn -0.7001 -0.7141 -0.0000
vn -0.1192 -0.0328 0.9923
vn -0.4205 -0.6720 0.6096
vn -0.1510 -0.2132 -0.9653
vn 0.9623 0.2721 -0.0000
vn 0.0037 0.0430 0.9991
vn 0.0683 0.0034 -0.9977
vn -0.3409 -0.0425 -0.9391
vn 0.0515 -0.0266 0.9983
vn -0.3491 -0.9371 -0.0000
vn -0.1764 -0.1036 0.9788
vn -0.0355 0.0791 0.9962
vn -0.0616 0.0479 0.9970
vn 0.0065 -0.6580 0.7530
vn -0.0396 0.0300 -0.9988
vn 0.0254 -0.0188 -0.9995
vn 0.0114 -0.0481 0.9988
vn -0.9789 -0.2043 -0.0000
vn -0.6003 -0.7998 -0.0000
vn -0.0800 -0.0012 0.9968
vn 0.4793 0.8777 -0.0000
vn 0.0794 -0.7220 0.6873
vn -0.0130 -0.0400 -0.9991
vn 0.3723 0.9281 -0.0000
vn 0.0185 -0.9951 0.0974
vn -0.2610 -0.4008 -0.8782
vn -0.0073 -0.2482 0.9687
vn 0.2845 0.8827 0.3740
vn 0.4635 0.8860 -0.0155
vn -0.7657 -0.3547 -0.5365
vn -0.4415 -0.6643 -0.6032
vn 0.0731 -0.0686 0.9950
vn 0.7866 0.2072 0.5817
vn -0.9907 -0.1150 0.0720
vn -0.6327 -0.7741 0.0184
vn -0.9916 -0.0390 -0.1231
vn -0.3454 -0.9384 -0.0000
vn -0.0271 0.0537 0.9982
vn 0.9288 -0.3627 -0.0766
vn 0.0299 -0.0001 -0.9996
vn 0.1054 -0.0020 0.9944
vn -0.0408 -0.0578 -0.9975
vn -0.8573 0.5008 0.1191
vn 0.1752 0.0020 0.9845
vn -0.1284 -0.3587 0.9246
vn -0.0958 0.2124 0.9725
vn -0.9189 0.3945 -0.0000
vn -0.0119 -0.0405 0.9991
vn -0.1896 0.2021 0.9608
vn -0.9038 0.4267 0.0322
vn 0.0007 -0.1350 -0.9909
vn -0.1289 0.0072 -0.9916
vn -0.0677 0.1078 0.9919
vn -0.7963 0.5961 0.1031
vn -0.0516 -0.0001 0.9987
vn -0.0694 0.0145 -0.9975
vn -0.1196 0.8127 0.5702
vn -0.0903 0.6282 0.7728
vn -0.0261 -0.0921 -0.9954
vn -0.0388 0.1500 -0.9879
vn -0.0447 -0.0538 -0.9976
vn -0.0082 -0.0328 0.9994
vn 0.0303 -0.0625 -0.9976
vn 0.0443 -0.0079 0.9990
vn -0.0205 0.1905 0.9815
vn -0.0385 0.0011 0.9993
vn 0.0426 -0.0670 -0.9968
vn 0.0439 -0.0237 -0.9988
vn 0.0427 -0.0593 0.9973
vn 0.1873 0.8784 -0.4398
vn 0.0575 0.0560 -0.9968
vn 0.4143 0.9101 -0.0000
vn 0.0154 -0.0100 -0.9998
vn 0.0494 0.2417 -0.9691
vn 0.0291 0.9996 0.0007
vn -0.0000 0.1247 0.9922
vn -0.0084 0.0698 -0.9975
vn -0.0527 -0.0355 -0.9980
vn -0.0305 0.1434 0.9892
vn 0.0103 -0.2476 -0.9688
vn -0.0581 0.1425 0.9881
vn -0.0654 0.0272 -0.9975
vn 0.0889 -0.0900 0.9920
vn 0.1169 -0.1041 -0.9877
vn -0.0007 0.2315 -0.9728
vn 0.8551 0.5165 -0.0441
vn -0.0101 -0.0570 -0.9983
vn -0.0094 -0.0401 0.9992
vn -0.1517 -0.0082 -0.9884
vn -0.1532 -0.0281 -0.9878
vn -0.0706 0.0291 0.9971
vn -0.0152 -0.1336 0.9909
vn -0.9471 0.2498 -0.2016
vn -0.2627 -0.0765 -0.9618
vn 0.0557 0.0321 -0.9979
vn 0.0756 0.9842 0.1603
vn -0.0177 0.0073 0.9998
vn -0.0536 0.0155 -0.9984
vn -0.0264 -0.0271 0.9993
vn -0.0315 -0.0528 -0.9981
vn 0.0845 0.1762 -0.9807
vn 0.0882 0.0437 -0.9951
vn 0.2464 0.9684 -0.0391
vn 0.0208 0.0760 -0.9969
vn -0.2067 0.1427 0.9680
vn -0.3064 -0.0298 0.9514
vn -0.7120 -0.6886 -0.1374
vn -0.0287 0.1210 0.9922
vn 0.0144 0.1331 0.9910
vn -0.0841 -0.0624 -0.9945
vn 0.7960 -0.6053 -0.0000
vn -0.0877 -0.0943 0.9917
vn 0.0718 -0.0469 -0.9963
vn -0.0653 0.9429 -0.3267
vn -0.0996 -0.9949 0.0165
vn -0.0803 0.0810 -0.9935
vn -0.0109 0.1583 -0.9873
vn -0.0575 -0.0571 0.9967
vn 0.1953 -0.9719 0.1314
vn -0.0651 0.0121 0.9978
vn 0.0833 -0.1795 -0.9802
vn -0.0709 0.9833 0.1675
vn 0.1394 -0.1254 -0.9823
vn 0.0869 -0.0141 0.9961
vn 0.1903 0.1449 -0.9710
vn 0.9358 0.3481 -0.0558
vn 0.3831 0.9237 -0.0000
vn -0.0003 0.0273 -0.9996
vn 0.0865 -0.2312 -0.9691
vn 0.8279 -0.5561 0.0728
vn -0.0442 -0.1167 0.9922
vn -0.0174 0.0779 0.9968
vn -0.0186 -0.0126 -0.9997
vn 0.0575 -0.0997 -0.9934
vn 0.0879 -0.1224 0.9886
vn 0.2478 -0.0661 -0.9666
vn -0.0072 0.9689 0.2474
vn 0.6262 -0.7155 0.3097
vn -0.0000 -0.9685 0.2492
vn -0.0720 -0.0597 -0.9956
vn 0.0559 -0.2111 0.9759
vn -0.4854 -0.2338 0.8424
vn -0.2724 -0.8186 -0.5057
vn -0.2025 -0.5147 -0.8331
vn -0.0747 -0.9971 -0.0137
vn -0.0216 -0.3204 0.9470
vn -0.0783 -0.0283 0.9965
vn -0.2448 0.9632 0.1108
vn -0.9675 -0.1948 -0.1611
vn -0.1395 -0.9526 0.2702
vn 0.0960 -0.0805 0.9921
vn -0.0308 0.0693 0.9971
vn 0.0754 -0.1071 0.9914
vn -0.0260 -0.2008 -0.9793
vn 0.1213 -0.1652 0.9788
vn -0.0365 0.1339 0.9903
vn -0.8980 0.2346 -0.3721
vn 0.0147 -0.9999 0.0004
vn -0.2438 0.0480 -0.9686
vn 0.9908 -0.0060 0.1354
vn -0.0826 -0.3595 -0.9295
vn -0.0119 -0.0548 0.9984
vn -0.6209 0.4569 -0.6369
vn -0.6133 0.3454 -0.7103
vn -0.2361 0.0479 -0.9706
vn 0.0258 -0.0405 0.9988
vn -0.2291 -0.4246 -0.8759
vn -0.3413 -0.3757 -0.8616
vn 0.0703 -0.1093 0.9915
vn -0.4508 0.0670 0.8901
vn 0.0241 -0.0342 0.9991
vn -0.0078 0.0357 0.9993
vn -0.4221 -0.6570 -0.6247
vn -0.1370 -0.0980 0.9857
vn -0.2415 0.1791 0.9537
vn 0.0236 -0.0311 0.9992
vn 0.0236 -0.0340 0.9991
vn 0.0229 -0.0325 0.9992
vn -0.1722 0.7185 -0.6739
vn -0.2488 0.5537 -0.7947
vn -0.2307 -0.1860 -0.9551
vn -0.4130 -0.0744 0.9077
vn -0.8413 0.0923 0.5327
vn -0.1924 0.5094 0.8387
vn -0.1487 0.2334 -0.9609
vn -0.1249 0.3633 -0.9232
vn 0.0148 -0.1625 0.9866
vn -0.3520 -0.9360 -0.0000
vn -0.8708 -0.4672 0.1531
vn 0.0404 -0.9975 0.0585
vn -0.3512 -0.7816 -0.5156
vn -0.1896 0.8192 0.5412
vn 0.0369 -0.1570 -0.9869
vn -0.0089 0.0905 0.9959
vn -0.0792 -0.2701 -0.9596
vn 0.1410 -0.5976 0.7893
vn -0.3476 -0.7942 -0.4985
vn 0.0226 -0.6875 -0.7259
vn -0.0236 0.9997 -0.0000
vn 0.0926 0.5171 0.8509
vn -0.1080 -0.8975 -0.4275
vn -0.0815 -0.2674 -0.9601
vn -0.3185 -0.4467 0.8361
vn -0.0473 -0.2276 0.9726
vn -0.2320 -0.6324 -0.7390
vn 0.0715 -0.5732 0.8163
vn 0.1822 -0.7214 -0.6681
vn 0.1189 0.7248 0.6786
vn -0.3061 0.6759 0.6704
vn 0.1137 -0.7675 -0.6308
vn -0.2937 -0.8024 -0.5195
vn 0.0515 -0.7162 -0.6960
vn -0.1953 -0.4445 0.8742
vn -0.0676 0.7206 0.6900
vn 0.3307 -0.8119 -0.4811
vn -0.0652 0.0603 0.9960
vn -0.1527 -0.3053 0.9399
vn 0.4131 -0.4578 -0.7873
vn -0.3038 -0.2980 0.9049
vn -0.2161 -0.4382 0.8725
vn 0.7319 -0.6812 -0.0161
vn -0.0369 0.9903 0.1342
vn 0.0651 -0.9954 -0.0700
vn 0.5281 -0.3870 -0.7559
vn -0.1076 -0.4635 -0.8795
vn 0.3094 -0.7013 -0.6423
vn 0.1976 -0.0587 0.9785
vn 0.0211 -0.0503 0.9985
vn -0.1512 -0.6637 -0.7326
vn -0.2056 -0.6218 -0.7557
vn 0.3052 -0.9432 0.1310
vn 0.9469 -0.0660 -0.3146
vn 0.2127 0.1718 0.9619
vn 0.0757 -0.4211 -0.9038
vn 0.1101 -0.1547 -0.9818
vn 0.1580 -0.9841 0.0812
vn 0.9631 -0.1923 0.1882
vn 0.7905 -0.5882 -0.1705
vn 0.3634 -0.5775 0.7311
vn 0.9912 0.1240 -0.0456
vn 0.3962 0.9052 -0.1535
vn -0.6560 0.4249 0.6238
vn -0.3683 0.4310 -0.8237
vn -0.1284 0.2073 -0.9698
vn 0.4803 0.6746 0.5606
vn 0.0094 0.3970 0.9178
vn -0.3671 0.3077 -0.8778
vn 0.1006 -0.2616 0.9599
vn -0.3239 0.4889 -0.8100
vn -0.0476 0.0537 0.9974
vn 0.2204 0.9732 0.0659
vn -0.2349 0.1822 -0.9548
vn 0.1185 -0.2119 0.9701
vn -0.1850 -0.2629 -0.9469
vn 0.0618 -0.4403 0.8957
vn -0.1156 0.0464 -0.9922
vn 0.8840 0.4673 -0.0064
vn -0.0114 0.8179 0.5752
vn 0.1093 0.3013 0.9473
vn 0.1568 -0.0865 0.9838
vn 0.3685 -0.3318 0.8684
vn -0.2545 0.4814 -0.8387
vn 0.8372 0.5385 -0.0958
vn 0.3488 -0.6321 0.6919
vn -0.1000 0.0396 -0.9942
vn 0.8853 0.1160 0.4503
vn 0.0380 -0.5606 -0.8272
vn -0.1695 -0.0725 -0.9829
vn 0.8881 0.4595 0.0159
vn 0.4811 0.5649 -0.6704
vn 0.3499 0.2344 0.9070
vn 0.9505 0.2943 -0.1002
vn -0.0378 0.0543 -0.9978
vn 0.5443 0.3903 0.7426
vn 0.3212 0.4044 -0.8563
vn 0.0830 0.1424 0.9863
vn 0.0739 0.0883 0.9933
vn 0.2423 0.2746 -0.9305
vn 0.1724 -0.0229 0.9848
vn 0.0565 -0.1953 0.9791
vn 0.7033 0.2248 0.6745
vn 0.2682 0.9596 0.0854
vn -0.5792 -0.8114 0.0778
vn 0.6941 -0.6288 -0.3505
vn 0.7134 -0.6899 0.1229
vn -0.1170 -0.0000 -0.9931
vn 0.1170 -0.0000 0.9931
vn 0.9544 -0.2975 -0.0260
vn 0.6354 -0.0561 -0.7701
vn 0.4259 -0.0142 0.9047
vn 0.9791 0.1729 -0.1068
vn 0.3487 -0.1173 -0.9298
vn 0.3518 0.9330 0.0764
vn -0.4507 -0.8778 -0.1623
vn -0.2195 -0.1587 -0.9626
vn 0.3966 0.9069 -0.1423
vn -0.9518 -0.3067 -0.0000
vn -0.0787 -0.1331 0.9880
vn -0.2573 -0.0135 -0.9662
vn 0.0786 -0.0275 0.9965
vn 0.1645 -0.1631 0.9728
vn 0.1254 0.9895 0.0725
vn 0.1896 0.0820 0.9784
vn 0.0673 0.0776 -0.9947
vn 0.0059 0.0739 -0.9972
vn -0.3933 0.1359 0.9093
vn -0.2881 0.2438 -0.9261
vn -0.3146 0.2158 -0.9244
vn -0.3158 -0.9488 -0.0000
vn -0.1736 -0.2552 0.9512
vn -0.0119 0.2160 -0.9763
vn -0.0556 0.3413 0.9383
vn 0.0116 -0.1408 0.9900
vn -0.0559 0.0714 0.9959
vn 0.0790 -0.4378 0.8956
vn 0.1223 -0.2299 0.9655
vn 0.1964 -0.5040 0.8411
vn -0.0353 0.2580 -0.9655
vn 0.0362 0.2195 -0.9749
vn 0.0731 0.2177 0.9733
vn -0.0054 0.3153 0.9490
vn 0.0937 0.3659 -0.9259
vn 0.0664 0.2842 -0.9565
vn -0.0496 0.1363 -0.9894
vn -0.1446 -0.0114 -0.9894
vn 0.9767 -0.2010 0.0747
vn 0.1384 0.9881 0.0675
vn -0.9461 -0.3205 -0.0465
vn 0.2811 0.8926 -0.3525
vn 0.1316 -0.0347 -0.9907
vn 0.4169 0.3086 -0.8549
vn 0.4298 0.9029 -0.0000
vn -0.4388 -0.8724 0.2153
vn -0.0605 -0.0318 0.9977
vn -0.6054 -0.2257 -0.7632
vn 0.0744 -0.0582 0.9955
vn 0.0001 0.0144 -0.9999
vn 0.2138 0.9768 0.0114
vn 0.2257 0.9742 0.0031
vn -0.0000 0.1073 -0.9942
vn -0.0000 0.1196 0.9928
vn -0.0259 0.1236 0.9920
vn 0.0737 0.0321 0.9968
vn -0.0245 0.1122 0.9934
vn 0.1112 0.2022 -0.9730
vn -0.2241 0.4619 -0.8582
vn -0.0440 0.2099 0.9767
vn -0.8880 -0.4598 -0.0000
vn -0.1559 -0.4637 0.8722
vn -0.3307 0.2097 -0.9201
vn 0.1435 -0.1836 0.9725
vn -0.3454 0.6591 -0.6680
vn 0.0186 0.9997 -0.0180
vn 0.0148 0.0249 -0.9996
vn -0.0613 0.2959 -0.9533
vn -0.2084 0.4009 -0.8921
vn -0.0664 0.9308 -0.3593
vn -0.1641 -0.1210 -0.9790
vn -0.0793 -0.2639 0.9613
vn 0.8811 0.1475 0.4493
vn 0.5954 0.1830 0.7823
vn -0.0079 -0.1215 -0.9926
vn 0.1103 0.0435 -0.9929
vn 0.2692 -0.0075 0.9630
vn 0.3458 -0.6079 0.7147
vn 0.7792 -0.3811 0.4976
vn -0.8465 0.5303 0.0465
vn 0.2433 -0.9601 -0.1380
vn 0.3963 -0.4149 -0.8190
vn -0.0460 0.1402 -0.9891
vn 0.0380 -0.1114 -0.9931
vn 0.9309 0.3653 -0.0000
vn 0.4104 0.8946 0.1768
vn 0.2683 0.9633 -0.0000
vn -0.8932 -0.4072 -0.1906
vn -0.5870 -0.7955 0.1504
vn -0.1734 0.0075 0.9848
vn 0.8921 0.4350 -0.1218
vn 0.1248 0.1449 0.9815
vn 0.0233 0.1018 -0.9945
vn 0.2690 0.9058 0.3272
vn -0.0393 -0.0096 0.9992
vn -0.0695 0.4660 -0.8820
vn -0.5225 0.5210 0.6750
vn -0.0098 0.5472 -0.8369
vn -0.0842 0.8617 -0.5004
vn 0.0489 0.5320 -0.8453
vn -0.1167 -0.5593 0.8207
vn 0.8805 0.4348 -0.1891
vn -0.0000 0.0761 0.9971
vn 0.2799 0.9507 -0.1332
vn -0.0000 0.1694 -0.9855
vn -0.0188 -0.0055 0.9998
vn -0.1083 -0.2024 0.9733
vn 0.3377 0.9412 -0.0000
vn 0.1376 -0.0798 -0.9873
vn 0.0938 0.0829 -0.9921
vn 0.1086 0.0552 0.9925
vn -0.0690 0.1261 -0.9896
vn -0.8931 -0.4260 -0.1444
vn -0.0670 -0.7849 -0.6160
vn -0.0352 -0.6349 0.7718
vn 0.3695 -0.8690 -0.3290
vn -0.2220 -0.8855 0.4081
vn 0.0551 -0.8663 0.4965
vn -0.1074 -0.9914 0.0752
vn -0.6760 -0.3069 -0.6699
vn -0.8425 0.1036 0.5286
vn -0.6418 0.3892 0.6608
vn -0.4288 0.1677 -0.8877
vn -0.4561 0.8653 0.2079
vn -0.5917 -0.2596 -0.7632
vn -0.4772 0.7711 0.4215
vn -0.8665 -0.0000 0.4991
vn -0.1063 0.6968 0.7094
vn -0.9392 -0.3268 -0.1053
vn -0.4202 -0.1393 0.8967
vn -0.6093 -0.1511 -0.7784
vn -0.5210 0.2356 -0.8204
vn -0.6067 0.3089 0.7325
vn -0.3796 0.7092 -0.5940
vn -0.3557 0.2770 0.8926
vn -0.8219 0.2209 0.5251
vn -0.3936 0.5600 -0.7290
vn -0.7263 -0.1408 0.6728
vn -0.4634 -0.6265 0.6267
vn -0.8424 -0.2578 0.4732
vn -0.7792 -0.5978 0.1885
vn -0.0771 0.0772 -0.9940
vn -0.0876 -0.6820 -0.7261
vn -0.5016 -0.5139 -0.6960
vn -0.1566 0.8250 0.5431
vn -0.4674 -0.4882 -0.7370
vn -0.6055 -0.4521 0.6549
vn -0.7638 -0.4747 0.4373
vn -0.7898 -0.5411 -0.2888
vn -0.1619 -0.2646 -0.9507
vn -0.3072 -0.5333 0.7882
vn -0.1740 -0.9602 0.2186
vn -0.1263 -0.0777 0.9889
vn -0.4236 0.0873 -0.9016
vn -0.0723 -0.0383 -0.9966
vn 0.0472 0.1792 -0.9827
vn 0.6884 0.2267 -0.6890
vn 0.0094 0.0558 0.9984
vn 0.2359 0.8724 -0.4280
vn -0.0310 -0.5431 -0.8391
vn 0.0403 -0.0040 -0.9992
vn -0.0521 -0.0151 -0.9985
vn 0.7846 -0.4242 -0.4522
vn -0.2930 0.9495 0.1123
vn 0.0015 -0.1187 0.9929
vn 0.1903 0.0277 -0.9813
vn 0.2006 0.0962 0.9749
vn 0.3199 0.0847 -0.9437
vn 0.3623 0.1341 0.9223
vn 0.2888 0.4739 -0.8319
vn 0.1509 -0.5251 -0.8376
vn 0.3518 0.4394 0.8266
vn -0.4279 0.5984 0.6774
vn 0.4610 -0.5105 -0.7259
vn 0.6181 0.5232 -0.5867
vn -0.0090 -0.1205 0.9927
vn 0.7457 0.0170 -0.6661
vn 0.5611 0.3268 -0.7605
vn 0.6145 0.4658 -0.6368
vn 0.3775 0.0560 0.9243
vn 0.3565 0.2471 0.9010
vn 0.2731 0.0093 0.9619
vn 0.3360 0.4350 -0.8354
vn 0.5731 -0.4540 -0.6823
vn -0.1885 -0.8365 -0.5145
vn 0.5879 -0.6355 -0.5004
vn 0.9385 0.0869 -0.3343
vn 0.5879 0.0082 -0.8089
vn 0.0581 -0.9162 0.3965
vn 0.1640 -0.3110 -0.9362
vn 0.3068 -0.3519 0.8843
vn 0.4668 0.3700 -0.8033
vn 0.4205 0.1170 0.8997
vn -0.7856 -0.1321 -0.6044
vn -0.0520 -0.0978 -0.9938
vn -0.1336 -0.0276 -0.9907
vn -0.7440 0.6682 -0.0000
vn -1.0000 -0.0052 -0.0000
vn 0.2506 0.1089 -0.9619
vn -0.0370 -0.1298 0.9909
vn 0.0013 0.0719 0.9974
vn -0.0346 -0.0287 -0.9990
vn -0.0001 -0.0693 -0.9976
vn -0.0701 0.0254 -0.9972
vn 0.0778 0.0140 0.9969
vn -0.0008 -0.0697 0.9976
vn 0.9634 -0.2681 -0.0000
vn -0.2389 -0.1669 -0.9566
vn -0.0322 0.0721 0.9969
vn -0.0617 -0.5729 0.8173
vn -0.0092 -0.0427 -0.9990
vn -0.0031 -0.0028 -1.0000
vn 0.0494 0.0475 -0.9976
vn -0.1056 0.1195 -0.9872
vn -0.8870 -0.4617 -0.0000
vn 0.0454 -0.1646 -0.9853
vn 0.1155 0.1328 0.9844
vn -0.0351 -0.2020 0.9788
vn -0.0720 0.0393 -0.9966
vn -0.0182 -0.0751 -0.9970
vn -0.0026 0.0430 0.9991
vn -0.3751 0.9242 -0.0713
vn -0.0401 0.0577 -0.9975
vn -0.1464 -0.0105 -0.9892
vn -0.0344 0.0186 0.9992
vn -0.0382 0.1041 -0.9938
vn 0.0919 -0.0012 0.9958
vn 0.8621 0.5068 -0.0000
vn 0.2430 -0.5352 -0.8090
vn 0.2261 -0.9741 -0.0000
vn -0.1884 0.9695 0.1568
vn 0.1432 -0.1734 0.9744
vn -0.4232 -0.5095 -0.7492
vn -0.0086 0.1169 -0.9931
vn 0.2368 -0.3223 0.9165
vn 0.0018 -0.0930 0.9957
vn 0.1058 0.0050 0.9944
vn 0.9203 0.3911 -0.0004
vn 0.6403 -0.0780 0.7642
vn -0.3041 -0.4607 -0.8338
vn 0.1206 -0.2831 0.9515
vn -0.3935 -0.3671 -0.8428
vn 0.2832 -0.2760 0.9185
vn -0.0780 -0.0666 -0.9947
vn 0.1574 0.7976 0.5823
vn -0.4464 -0.2851 -0.8482
vn -0.9409 -0.3144 -0.1263
vn -0.0451 -0.0518 -0.9976
vn 0.2531 0.1536 0.9552
vn -0.1321 0.0175 -0.9911
vn 0.0565 0.0044 0.9984
vn 0.0751 0.0841 -0.9936
vn 0.5289 0.2059 -0.8233
vn 0.0675 -0.0086 -0.9977
vn 0.0551 -0.0127 0.9984
vn -0.0070 -0.0691 -0.9976
vn 0.0799 -0.1161 0.9900
vn 0.0067 -0.0930 0.9956
vn 0.1057 0.0281 0.9940
vn 0.0078 0.0092 -0.9999
vn 0.0310 0.0975 -0.9947
vn -0.0013 -0.3728 -0.9279
vn 0.0811 0.0070 -0.9967
vn 0.0623 -0.1231 0.9904
vn 0.4990 -0.8523 0.1567
vn -0.0343 -0.0645 -0.9973
vn -0.0161 0.0614 0.9980
vn -0.0791 -0.9966 -0.0212
vn -0.0846 -0.1955 -0.9770
vn -0.0871 -0.2556 0.9628
vn -0.0604 0.0176 0.9980
vn 0.1493 0.0128 -0.9887
vn -0.1493 -0.0128 0.9887
vn 0.0004 -0.0537 -0.9986
vn -0.6257 0.7800 -0.0000
vn 0.0154 -0.0378 -0.9992
vn 0.0041 -0.0331 0.9994
vn 0.0409 0.0059 0.9991
vn -0.4840 0.8751 -0.0000
vn -0.9509 0.3095 -0.0000
vn -0.0690 0.1911 -0.9791
vn -0.0018 0.0405 -0.9992
vn 0.0414 -0.0277 0.9988
vn -0.1038 0.0811 -0.9913
vn -0.0589 -0.0978 0.9935
vn -0.0442 -0.0824 -0.9956
vn -0.1285 0.0025 -0.9917
vn -0.0434 0.0334 0.9985
vn -0.0232 -0.0375 -0.9990
vn -0.3192 0.9397 0.1226
vn -0.4749 0.6536 0.5893
vn -0.0225 -0.0805 -0.9965
vn -0.1363 -0.0436 0.9897
vn -0.0892 0.1043 0.9905
vn -0.0207 0.1530 -0.9880
vn -0.0947 0.1518 0.9839
vn -0.0707 0.2327 -0.9700
vn 0.7584 0.6495 -0.0552
vn -0.0127 -0.1425 0.9897
vn -0.0915 0.1553 0.9836
vn 0.2147 0.9562 -0.1988
vn 0.0082 0.9743 0.2252
vn -0.0280 -0.0391 -0.9988
vn 0.0014 0.0793 0.9968
vn -0.0189 0.1441 -0.9894
vn 0.0323 -0.0074 -0.9994
vn 0.4232 0.8564 -0.2958
vn 1.0000 -0.0000 -0.0000
vn -0.0376 0.0126 0.9992
vn -0.0100 -0.0066 -0.9999
vn 0.0229 -0.0442 0.9988
vn 0.0506 -0.1010 0.9936
vn -0.0033 0.1683 0.9857
vn 0.1063 -0.0422 -0.9934
vn 0.3948 -0.9188 -0.0000
vn 0.0765 0.0044 0.9971
vn 0.0540 -0.0934 0.9942
vn 0.0387 0.0011 -0.9993
vn 0.1984 -0.2497 -0.9478
vn 0.8586 0.4602 -0.2260
vn 0.0216 0.2046 0.9786
vn 0.0547 -0.0157 0.9984
vn -0.0446 0.1730 -0.9839
vn -0.0000 -0.1247 -0.9922
vn -0.0165 -0.0290 0.9994
vn 0.0084 -0.0698 0.9975
vn -0.0708 -0.0649 0.9954
vn -0.0053 -0.0980 -0.9952
vn -0.0605 0.0760 0.9953
vn -0.0534 0.1431 -0.9883
vn 0.0101 -0.2963 0.9550
vn -0.0673 0.1348 -0.9886
vn -0.0569 0.0624 0.9964
vn 0.1176 -0.0967 -0.9883
vn 0.0883 -0.1111 0.9899
vn -0.0026 0.2329 0.9725
vn 0.2167 0.9756 -0.0361
vn 0.0069 -0.1060 0.9943
vn -0.1506 -0.1738 0.9732
vn -0.0126 -0.0416 -0.9991
vn -0.0111 0.9988 -0.0471
vn -0.0077 -0.0504 0.9987
vn -0.0489 -0.0959 -0.9942
vn -0.1500 -0.0732 0.9860
vn -0.0714 -0.0553 0.9959
vn 0.7941 0.6078 0.0080
vn -0.0701 0.0242 -0.9972
vn -0.1921 0.6657 0.7211
vn -0.1295 -0.0372 0.9909
vn 0.3181 0.7540 -0.5748
vn 0.0164 -0.0959 -0.9953
vn -0.0772 -0.0666 -0.9948
vn -0.2853 0.9563 -0.0635
vn 0.0059 -0.0405 -0.9992
vn 0.1112 0.4415 0.8903
vn -0.0732 -0.2053 0.9760
vn -0.0879 0.1215 0.9887
vn 0.0663 0.1301 0.9893
vn -0.1780 0.2046 -0.9625
vn 0.0744 -0.0121 -0.9972
vn -0.0641 0.0885 0.9940
vn 0.2753 0.2396 0.9310
vn 0.0761 0.1505 -0.9857
vn 0.1060 0.1551 0.9822
vn -0.0501 0.9891 0.1382
vn -0.0502 -0.0430 0.9978
vn -0.0183 0.0363 -0.9992
vn -0.0238 0.0482 0.9986
vn 0.1377 0.2253 -0.9645
vn 0.9418 0.3350 0.0297
vn 0.0163 0.1639 0.9863
vn 0.0736 0.0854 0.9936
vn -0.2610 0.1154 0.9584
vn -0.0533 0.8280 -0.5582
vn -0.9749 -0.1730 0.1405
vn -0.2808 0.2209 -0.9340
vn 0.0059 -0.2867 -0.9580
vn -0.0019 0.1293 -0.9916
vn 0.0824 -0.1518 -0.9850
vn -0.0861 -0.0563 0.9947
vn -0.0851 -0.0878 -0.9925
vn 0.0857 -0.1657 0.9824
vn 0.8766 -0.4802 -0.0331
vn 0.2777 -0.9607 -0.0000
vn 0.0809 -0.0313 0.9962
vn 0.0188 0.0407 -0.9990
vn 0.0210 0.0476 0.9986
vn -0.0574 -0.0421 -0.9975
vn -0.7168 0.6955 0.0500
vn -0.0076 -0.1065 -0.9943
vn -0.0869 0.0424 0.9953
vn -0.0878 0.0296 0.9957
vn 0.1010 -0.9801 -0.1709
vn 0.0317 0.0150 0.9994
vn 0.0862 -0.1384 -0.9866
vn -0.0204 0.0634 0.9978
vn -0.1029 -0.9944 -0.0247
vn 0.8926 -0.4506 0.0173
vn -0.0352 0.0862 -0.9957
vn 0.0792 -0.0084 -0.9968
vn 0.0803 -0.0378 0.9961
vn 0.0713 -0.1710 0.9827
vn 0.0058 0.2393 0.9709
vn -0.0537 -0.0162 -0.9984
vn -0.5158 0.8567 -0.0000
vn -0.9725 0.2327 -0.0000
vn -0.0025 -0.9998 0.0212
vn -0.0005 -0.0908 -0.9959
vn 0.1014 -0.2075 0.9730
vn 0.0064 -0.0486 0.9988
vn -0.0029 -0.0289 -0.9996
vn -0.0104 -0.0348 0.9993
vn -0.0885 -0.0187 -0.9959
vn 0.9703 0.2421 -0.0000
vn -0.1027 -0.0317 0.9942
vn -0.0401 -0.0862 -0.9955
vn 0.1543 0.1103 0.9819
vn -0.1300 0.0045 0.9915
vn -0.0557 0.9881 0.1436
vn 0.0031 -0.0119 -0.9999
vn -0.1328 -0.0583 0.9894
vn -0.0312 0.0582 -0.9978
vn -0.0075 -0.0350 -0.9994
vn -0.0228 0.9553 0.2948
vn -0.0326 -0.0533 -0.9980
vn 0.0001 -0.0006 -1.0000
vn -0.0861 -0.1916 0.9777
vn 0.1866 -0.9729 0.1364
vn 0.0559 -0.1224 0.9909
vn -0.0088 -0.0948 -0.9955
vn -0.0050 -0.9071 0.4209
vn -0.9648 -0.2629 -0.0000
vn 0.0019 -0.0109 -0.9999
vn -0.0712 -0.0288 -0.9970
vn -0.2538 -0.2517 -0.9339
vn -0.0558 -0.1531 0.9866
vn -0.0000 0.9685 -0.2492
vn -0.1885 -0.0054 0.9821
vn -0.1030 -0.0240 0.9944
vn -0.0879 -0.4519 -0.8877
vn 0.3155 0.0090 -0.9489
vn -0.0234 0.0589 0.9980
vn -0.0960 0.1510 -0.9839
vn -0.0843 0.1099 0.9904
vn 0.0218 -0.2124 -0.9769
vn -0.0841 0.1667 -0.9824
vn -0.0207 -0.0484 -0.9986
vn -0.0879 0.0961 0.9915
vn -0.0416 -0.0486 0.9979
vn -0.0295 -0.1280 -0.9913
vn -0.3191 -0.3087 -0.8960
vn -0.8664 -0.1237 -0.4838
vn -0.3349 0.0753 -0.9392
vn -0.9211 0.3050 0.2421
vn -0.1948 0.9731 0.1233
vn -0.9526 -0.2886 0.0962
vn 0.1639 -0.1589 0.9736
vn -0.1114 -0.2765 0.9545
vn 0.2319 0.1490 -0.9613
vn 0.2039 -0.2558 -0.9450
vn -0.5125 0.4001 -0.7598
vn -0.3722 -0.4260 -0.8246
vn 0.4535 0.1024 0.8853
vn 0.0684 0.1057 0.9920
vn 0.0765 0.0944 0.9926
vn 0.0109 -0.0198 0.9997
vn -0.2078 0.4732 -0.8561
vn 0.0396 0.0910 0.9951
vn 0.0024 -0.0521 0.9986
vn 0.1584 -0.9765 -0.1462
vn -0.3642 -0.6450 -0.6718
vn -0.0422 0.7249 0.6875
vn -0.3249 -0.0728 -0.9429
vn -0.0431 -0.9613 0.2721
vn -0.2863 0.1546 -0.9456
vn 0.0371 -0.0090 0.9993
vn -0.1352 0.4863 -0.8633
vn -0.9993 0.0129 -0.0364
vn -0.2690 -0.0755 0.9602
vn -0.4188 -0.2722 -0.8663
vn -0.3561 0.0778 0.9312
vn -0.1462 0.2384 -0.9601
vn -0.1217 0.3563 -0.9264
vn -0.4566 -0.1328 0.8797
vn -0.3152 -0.7434 -0.5899
vn -0.7628 -0.1767 0.6220
vn -0.2000 0.4596 -0.8653
vn -0.8943 0.0231 0.4468
vn -0.1095 0.0447 -0.9930
vn -0.4310 0.4381 0.7889
vn -0.6233 0.3553 0.6966
vn -0.8344 -0.5512 -0.0000
vn -0.1394 0.1966 -0.9705
vn -0.0479 -0.1005 0.9938
vn -0.9978 0.0325 0.0580
vn -0.1971 0.0006 -0.9804
vn -0.1836 0.0027 0.9830
vn -0.0187 0.9967 -0.0786
vn -0.1166 -0.1248 -0.9853
vn -0.4166 -0.6294 0.6559
vn -0.1726 -0.3273 0.9290
vn -0.2872 -0.3680 -0.8844
vn -0.3572 -0.2282 0.9057
vn -0.0416 -0.6554 -0.7542
vn -0.0253 0.3681 0.9294
vn 0.8596 0.5109 -0.0000
vn 0.0275 0.0060 -0.9996
vn 0.0495 -0.0688 0.9964
vn -0.5002 -0.6608 -0.5596
vn -0.2813 -0.3654 -0.8873
vn 0.1141 -0.4673 0.8767
vn 0.0507 0.6145 0.7873
vn 0.1103 0.1538 -0.9819
vn 0.7306 -0.3917 -0.5593
vn -0.6341 0.3743 0.6766
vn -0.1965 -0.4208 -0.8856
vn -0.0474 -0.2708 0.9615
vn -0.2420 -0.1727 -0.9548
vn 0.0917 0.5177 0.8506
vn 0.0225 -0.6551 -0.7552
vn -0.2776 -0.4543 -0.8465
vn -0.1278 0.0370 0.9911
vn -0.1032 0.0266 0.9943
vn 0.0244 -0.1169 -0.9928
vn 0.1166 -0.3420 -0.9324
vn -0.2085 -0.3748 -0.9034
vn 0.5112 -0.5647 -0.6480
vn -0.1351 -0.3153 0.9393
vn 0.0225 -0.5925 -0.8053
vn -0.0869 -0.5412 0.8364
vn -0.0192 -0.9936 0.1114
vn -0.0106 -0.1694 0.9855
vn -0.1573 0.9257 0.3440
vn 0.2837 -0.4267 -0.8587
vn 0.8918 -0.1272 -0.4343
vn 0.2153 -0.0820 0.9731
vn 0.1131 -0.1170 -0.9867
vn 0.4921 -0.0873 -0.8662
vn 0.8496 -0.4847 -0.2080
vn -0.4091 -0.4713 0.7814
vn 0.2692 -0.8677 -0.4178
vn 0.3133 -0.9423 -0.1181
vn 0.1609 -0.9868 -0.0201
vn -0.9992 0.0011 -0.0411
vn 0.0651 -0.1938 0.9789
vn 0.4984 -0.3114 -0.8091
vn -0.2403 -0.8761 0.4179
vn 0.1940 -0.0400 -0.9802
vn -0.0251 -0.1450 0.9891
vn 0.2546 -0.3474 0.9025
vn -0.0757 0.4211 0.9038
vn 0.1094 -0.3147 -0.9429
vn 0.0378 0.0940 0.9949
vn 0.2641 -0.7327 0.6272
vn 0.1704 -0.9840 0.0512
vn 0.2741 -0.3200 -0.9069
vn 0.1013 -0.1319 0.9861
vn 0.4847 -0.5461 -0.6833
vn 0.6107 0.7435 -0.2725
vn 0.4200 0.1996 -0.8853
vn 0.0887 -0.0797 0.9929
vn 0.1529 -0.9876 -0.0343
vn 0.5636 -0.7451 0.3566
vn -0.3258 -0.2850 0.9015
vn 0.1857 0.1520 0.9708
vn -0.1552 -0.2914 -0.9439
vn -0.1978 -0.1048 -0.9746
vn -0.5991 0.4971 0.6276
vn -0.5450 0.7000 0.4615
vn -0.2048 0.1139 -0.9721
vn 0.1523 0.0285 0.9879
vn -0.2715 0.5327 0.8016
vn 0.0761 -0.1875 0.9793
vn 0.1157 -0.2242 0.9676
vn 0.0885 -0.3163 0.9445
vn -0.0695 0.9639 0.2571
vn 0.0291 0.3148 0.9487
vn 0.1826 0.7562 0.6283
vn -0.2162 0.1770 -0.9602
vn -0.1344 -0.1664 0.9769
vn -0.0266 0.8429 0.5374
vn 0.2143 0.1570 0.9641
vn 0.2087 0.0170 0.9778
vn 0.1875 0.9593 0.2111
vn 0.0405 0.0147 0.9991
vn 0.9082 0.2109 0.3616
vn 0.0801 0.9744 -0.2100
vn 0.0071 -0.0615 0.9981
vn 0.0756 -0.1920 0.9785
vn 0.1434 -0.2761 0.9504
vn -0.1021 -0.1605 -0.9817
vn 0.2614 0.5132 0.8175
vn -0.0873 0.0141 -0.9961
vn 0.3658 0.9257 -0.0961
vn 0.2897 0.0462 0.9560
vn 0.4964 0.6408 0.5856
vn 0.5606 0.8281 0.0041
vn 0.5769 0.6709 -0.4659
vn 0.2622 0.9505 -0.1668
vn 0.2948 0.9130 0.2819
vn 0.3096 0.3674 0.8770
vn 0.1449 -0.1967 0.9697
vn -0.1377 0.2687 -0.9533
vn 0.5431 -0.0470 0.8384
vn 0.0936 0.6940 -0.7139
vn 0.5403 0.8408 0.0342
vn 0.5371 0.2654 0.8007
vn 0.2988 0.5783 0.7591
vn -0.9873 -0.1011 -0.1225
vn -0.0770 -0.9970 0.0029
vn -0.0549 0.0396 0.9977
vn 0.4528 0.3853 -0.8041
vn 0.2029 0.9719 -0.1193
vn 0.0586 -0.0037 0.9983
vn -0.7168 -0.2392 0.6550
vn 0.0196 0.2662 -0.9637
vn 0.0025 0.2955 -0.9553
vn 0.3006 -0.0101 0.9537
vn 0.4884 0.4598 0.7417
vn -0.3176 0.7765 -0.5443
vn 0.8893 -0.2557 0.3793
vn 0.5741 0.3884 0.7208
vn 0.3641 0.3537 -0.8616
vn 0.2110 0.1793 0.9609
vn 0.4897 0.6241 -0.6089
vn 0.9381 0.2822 -0.2007
vn -0.2958 -0.1760 0.9389
vn -0.0088 0.0922 -0.9957
vn -0.3252 -0.7056 0.6296
vn -0.0397 0.2212 -0.9744
vn 0.5843 0.6144 -0.5302
vn 0.2781 0.4363 -0.8557
vn -0.0384 -0.1066 0.9936
vn 0.9860 0.0861 0.1428
vn 0.3640 0.3308 0.8707
vn 0.0387 0.0148 -0.9991
vn 0.3209 0.1526 0.9347
vn 0.3258 -0.2829 0.9021
vn 0.0462 -0.0090 0.9989
vn 0.4670 0.5325 0.7059
vn 0.4633 0.5141 0.7218
vn 0.9495 0.3039 0.0784
vn 0.3548 -0.2039 0.9125
vn -0.8967 -0.4414 -0.0337
vn 0.2258 -0.0000 -0.9742
vn -0.2258 -0.0000 0.9742
vn 0.8566 -0.2625 -0.4441
vn 0.9655 -0.2355 0.1112
vn 0.3082 0.2789 -0.9095
vn 0.6908 0.0716 -0.7195
vn 0.2909 0.4985 -0.8166
vn 0.6221 0.2849 0.7293
vn 0.4329 -0.0343 0.9008
vn 0.5987 0.0255 -0.8006
vn -0.7226 -0.6905 -0.0332
vn -0.1673 -0.1394 0.9760
vn 0.4986 -0.8646 0.0620
vn 0.5929 0.0269 0.8048
vn -0.0095 0.0024 -1.0000
vn -0.9998 -0.0182 -0.0000
vn -0.0834 -0.0893 -0.9925
vn -0.1642 0.9862 -0.0198
vn -0.3278 -0.0439 0.9437
vn 0.1032 -0.0358 -0.9940
vn 0.0054 -0.0309 0.9995
vn 0.0795 -0.0580 -0.9951
vn -0.0833 0.0322 0.9960
vn 1.0000 0.0050 -0.0000
vn -0.0544 0.0942 -0.9941
vn -0.0826 0.0740 0.9938
vn -0.0685 -0.0884 0.9937
vn 0.1888 0.0790 -0.9788
vn 0.1641 -0.0000 -0.9864
vn -0.1641 -0.0000 0.9864
vn 0.0268 0.0190 0.9995
vn 0.6400 -0.7684 -0.0000
vn 0.0472 0.0564 0.9973
vn -0.3382 0.1997 -0.9197
vn 0.0002 0.0578 -0.9983
vn -0.3249 0.6054 -0.7266
vn -0.7092 0.0031 0.7050
vn -0.6012 -0.2112 0.7707
vn -0.7309 -0.4175 0.5398
vn -0.2951 0.0779 0.9523
vn -0.9982 0.0152 -0.0574
vn -0.3697 0.9241 0.0969
vn -0.3331 0.1160 0.9357
vn 0.1249 0.2116 -0.9693
vn -0.1219 0.1548 -0.9804
vn -0.1372 -0.1457 0.9798
vn -0.2777 0.0702 0.9581
vn 0.0896 0.1785 -0.9798
vn -0.3202 -0.1625 0.9333
vn -0.0161 0.1042 -0.9944
vn -0.0518 0.1264 0.9906
vn 0.9653 0.2610 -0.0066
vn 0.2691 0.9591 -0.0876
vn 0.1041 -0.2616 0.9595
vn -0.0619 -0.2531 0.9655
vn 0.1777 0.2099 -0.9614
vn 0.1557 -0.3117 0.9373
vn 0.1235 0.3655 0.9226
vn 0.1535 -0.1621 -0.9748
vn -0.0166 0.5398 -0.8416
vn 0.1045 -0.3497 0.9310
vn 0.0513 0.4512 0.8909
vn -0.0149 -0.7181 0.6958
vn -0.0967 0.9932 -0.0641
vn 0.1261 -0.1643 0.9783
vn 0.2017 0.0449 0.9784
vn -0.0789 0.2407 -0.9674
vn 0.0261 -0.2048 -0.9785
vn 0.0846 0.1972 -0.9767
vn -0.0756 -0.2675 0.9606
vn 0.0071 -0.3089 0.9511
vn -0.1768 -0.4699 0.8648
vn 0.0504 0.0873 -0.9949
vn 0.5851 0.7758 -0.2363
vn -0.0384 -0.4008 0.9154
vn 0.5875 0.0966 -0.8034
vn -0.0348 -0.2059 0.9780
vn 0.3643 -0.0643 -0.9291
vn 0.1882 0.1234 -0.9743
vn 0.0245 0.1208 0.9924
vn 0.0956 0.2072 0.9736
vn 0.2928 0.3160 -0.9025
vn 0.9419 0.3358 -0.0000
vn 0.4041 0.4028 -0.8213
vn 0.3938 -0.0437 0.9182
vn 0.1642 -0.9844 -0.0630
vn 0.1362 0.1562 0.9783
vn 0.0651 -0.2467 0.9669
vn 0.9309 0.3652 -0.0016
vn -0.2216 -0.1899 0.9565
vn -0.8769 -0.4771 0.0590
vn -0.2669 -0.1603 -0.9503
vn -0.0562 -0.0301 -0.9980
vn -0.6079 -0.2337 -0.7589
vn 0.2191 0.9037 0.3679
vn -0.1650 -0.0889 0.9823
vn 0.0579 0.0676 0.9960
vn 0.0319 0.0074 0.9995
vn 0.0019 -0.0770 -0.9970
vn 0.0582 -0.0310 0.9978
vn 0.9439 0.3294 0.0234
vn 0.0571 -0.0022 -0.9984
vn 0.0909 0.1106 -0.9897
vn 0.0297 -0.0948 0.9951
vn -0.5001 -0.8550 0.1375
vn -0.0000 -0.1073 0.9942
vn -0.0000 -0.1196 -0.9928
vn -0.9928 0.0910 -0.0775
vn -0.0080 0.1752 -0.9845
vn 0.0199 0.1172 -0.9929
vn 0.1160 0.0308 -0.9928
vn 0.0556 0.1157 0.9917
vn 0.8917 0.4527 -0.0000
vn 0.1008 0.4675 -0.8782
vn 0.2007 0.2340 0.9513
vn 0.2338 0.9114 -0.3387
vn 0.0178 -0.2876 0.9576
vn 0.0066 0.1833 0.9830
vn -0.9144 -0.2383 0.3272
vn -0.6551 -0.4622 -0.5977
vn -0.1117 0.1757 -0.9781
vn -0.1288 -0.9886 0.0781
vn 0.0261 0.0167 -0.9995
vn -0.0366 -0.2626 0.9642
vn 0.0457 0.0962 0.9943
vn -0.0418 0.7897 -0.6121
vn -0.4904 0.3261 -0.8082
vn -0.4018 -0.0279 0.9153
vn -0.6491 -0.6006 0.4667
vn -0.2148 0.0059 0.9766
vn -0.2442 -0.2499 0.9370
vn -0.0718 -0.1717 -0.9825
vn -0.0230 -0.3135 0.9493
vn 0.0311 -0.3821 0.9236
vn -0.0865 0.2695 0.9591
vn -0.3088 0.1141 -0.9442
vn -0.0580 -0.2989 0.9525
vn -0.3238 0.1987 -0.9250
vn -0.0932 0.0461 0.9946
vn 0.0466 0.9977 -0.0497
vn 0.7682 -0.0114 0.6401
vn 0.1085 -0.2803 0.9538
vn 0.0392 0.9981 -0.0471
vn 0.0032 -0.0016 1.0000
vn -0.1938 0.3865 -0.9017
vn 0.2780 -0.3564 0.8920
vn -0.0138 0.5507 -0.8346
vn 0.1185 0.0197 -0.9928
vn 0.2782 0.0149 0.9604
vn 0.0356 -0.0308 -0.9989
vn 0.0605 0.0265 -0.9978
vn 0.5920 -0.1574 -0.7904
vn 0.0889 -0.2983 0.9503
vn 0.0374 0.3537 -0.9346
vn -0.1165 0.1651 0.9794
vn 0.2261 0.3154 -0.9216
vn -0.8570 -0.5142 -0.0325
vn -0.0350 0.0156 0.9993
vn 0.0717 0.1347 0.9883
vn -0.1111 -0.9564 0.2700
vn 0.1758 -0.3253 0.9291
vn 0.1621 -0.0336 -0.9862
vn -0.0659 0.0257 0.9975
vn 0.9602 0.2050 -0.1895
vn 0.5629 0.5880 -0.5809
vn 0.1469 -0.6432 0.7514
vn -0.0850 -0.0307 -0.9959
vn 0.0075 0.2092 -0.9779
vn 0.0147 -0.1029 0.9946
vn 0.2455 -0.1072 0.9635
vn -0.0006 0.1303 -0.9915
vn -0.0019 -0.7543 0.6565
vn -0.2938 0.0609 -0.9539
vn 0.1238 0.1481 0.9812
vn -0.1822 0.0195 0.9831
vn 0.0700 0.1935 -0.9786
vn 0.0792 -0.2073 -0.9751
vn 0.6028 0.4115 -0.6835
vn -0.0617 -0.2478 0.9668
vn -0.8767 0.4793 0.0416
vn 0.0921 0.1003 -0.9907
vn 0.8492 -0.4599 0.2595
vn 0.0119 -0.4604 0.8877
vn 0.0735 0.0386 -0.9965
vn 0.0942 0.9011 -0.4232
vn 0.0453 0.1363 0.9896
vn -0.9871 0.0252 0.1581
vn 0.3559 -0.9316 -0.0738
vn -0.1542 -0.1288 0.9796
vn 0.2441 -0.0960 0.9650
vn -0.1765 0.6398 -0.7480
vn -0.2694 -0.7397 0.6167
vn -0.3305 -0.2716 0.9039
vn -0.0673 0.2294 0.9710
vn 0.2323 0.7323 -0.6401
vn 0.2973 0.5651 -0.7696
vn 0.0346 0.0459 0.9983
vn 0.5637 0.5845 -0.5836
vn -0.0000 -0.0761 -0.9971
vn 0.0206 0.0325 -0.9993
vn 0.0509 -0.0640 0.9966
vn -0.0000 -0.1694 0.9855
vn -0.0047 0.0690 0.9976
vn -0.0645 -0.0166 -0.9978
vn -0.0755 0.0486 -0.9960
vn -0.0476 0.0254 0.9985
vn -0.0506 0.1104 -0.9926
vn -0.8864 -0.4582 -0.0663
vn -0.0647 0.0083 0.9979
vn -0.2624 -0.9650 -0.0000
vn -0.0355 -0.0409 -0.9985
vn -0.0366 -0.0526 0.9979
vn 0.0911 -0.0202 -0.9956
vn -0.0000 1.0000 -0.0000
vn 0.0602 -0.0059 0.9982
vn 0.0625 -0.2183 -0.9739
vn 0.0478 0.0849 0.9952
vn -0.0108 0.2164 0.9763
vn -0.9142 0.4052 -0.0000
vn 0.3775 -0.9260 -0.0000
vn 0.1204 -0.0309 -0.9923
vn 0.1094 0.0464 0.9929
vn 0.0940 0.0814 -0.9922
vn 0.1027 0.0282 0.9943
vn -0.0267 -0.0581 0.9980
vn 0.0834 0.0911 -0.9923
vn 0.0569 -0.9941 -0.0920
vn 0.0584 0.0857 0.9946
vn 0.1948 -0.0000 -0.9808
vn -0.1948 -0.0000 0.9808
vn -0.0727 -0.6438 -0.7617
vn -0.2079 -0.7807 0.5894
vn 0.3612 -0.8678 -0.3412
vn -0.0280 -0.9555 0.2937
vn 0.0347 -0.8826 0.4688
vn -0.6514 -0.2918 -0.7004
vn -0.5531 -0.3698 0.7465
vn -0.4781 -0.2633 -0.8379
vn -0.5538 0.2022 -0.8077
vn -0.4013 0.7149 -0.5725
vn -0.6459 -0.2766 0.7116
vn -0.4331 -0.7025 0.5648
vn -0.3214 -0.2574 -0.9113
vn -0.4666 -0.4784 -0.7439
vn -0.5058 -0.3372 0.7941
vn -0.9714 -0.1893 0.1436
vn -0.5799 -0.7553 -0.3054
vn 0.0047 0.0883 0.9961
vn -0.0166 0.0526 -0.9985
vn -0.0293 0.1003 -0.9945
vn 0.6233 0.3509 -0.6988
vn 0.2941 0.1321 -0.9466
vn 0.2814 -0.3697 -0.8855
vn -0.4281 0.6071 0.6694
vn 0.4272 -0.4787 -0.7670
vn 0.6603 0.5148 -0.5467
vn 0.1907 0.2624 0.9459
vn -0.1231 -0.0322 0.9919
vn 0.5619 -0.4842 -0.6707
vn 0.0081 -0.9709 -0.2392
vn 0.1398 -0.8521 0.5043
vn 0.4813 0.0616 -0.8744
vn 0.1918 0.2042 0.9600
vn 0.6303 0.1766 -0.7560
vn 0.3803 0.2510 0.8901
vn -0.9920 -0.1261 -0.0000
vn 0.0802 -0.1823 -0.9800
vn -0.0939 -0.0440 0.9946
vn -0.0353 -0.0278 -0.9990
vn -0.0320 -0.0330 0.9989
vn -0.0356 0.0817 -0.9960
vn -0.1478 -0.0675 0.9867
vn -0.1892 -0.5495 0.8138
vn -0.0075 -0.0412 -0.9991
vn -0.0796 -0.0361 0.9962
vn 0.0767 -0.0419 -0.9962
vn 0.0799 -0.0347 0.9962
vn -0.0494 -0.0475 -0.9976
vn -0.0928 0.1299 -0.9872
vn 0.1313 -0.0547 -0.9898
vn 0.1815 0.0775 0.9803
vn -0.0386 -0.0484 -0.9981
vn -0.0325 -0.0418 0.9986
vn -0.0483 -0.1592 -0.9861
vn 0.0809 -0.0216 -0.9965
vn -0.1236 0.0660 0.9901
vn -0.1777 -0.1737 -0.9686
vn 0.1712 0.9824 -0.0753
vn 0.0929 -0.0025 -0.9957
vn 0.0069 0.1212 0.9926
vn 0.8046 -0.3313 0.4928
vn 0.3980 -0.2378 0.8860
vn -0.9520 -0.3060 -0.0000
vn -0.0667 -0.0603 -0.9959
vn -0.0123 0.0273 0.9996
vn 0.0554 0.0046 -0.9985
vn 0.0319 0.0123 0.9994
vn -0.0376 -0.0453 -0.9983
vn -0.0564 -0.0442 0.9974
vn 0.0220 0.0641 0.9977
vn 0.3982 -0.0654 -0.9150
vn 0.0165 -0.1373 -0.9904
vn 0.0646 0.0123 -0.9978
vn -0.0043 0.0241 -0.9997
vn -0.0562 -0.0005 0.9984
vn -0.9509 0.3096 0.0040
vn -0.0943 -0.0170 -0.9954
vn -0.0260 -0.2121 0.9769
vn -0.0880 0.1193 -0.9890
vn 0.0143 0.0025 -0.9999
vn 0.2622 0.9615 -0.0818
vn 0.1146 0.7416 0.6610
vn -0.0136 -0.0526 -0.9985
vn 0.0118 -0.0566 0.9983
vn 0.0848 -0.0614 -0.9945
vn 0.0975 -0.0724 0.9926
vn 0.0562 -0.0098 -0.9984
vn 0.0566 -0.0168 0.9983
vn -0.0019 -0.0951 -0.9955
vn 0.2101 0.9777 0.0066
vn -0.0184 -0.1275 0.9917
vn -0.1102 -0.2417 0.9641
vn -0.0733 -0.0413 -0.9965
vn -0.0474 -0.0967 0.9942
vn 0.7094 0.6087 0.3553
vn -0.2466 0.6027 0.7589
vn -0.0723 -0.0675 0.9951
vn -0.0566 0.3046 0.9508
vn -0.1127 0.1017 0.9884
vn 0.1507 0.1115 0.9823
vn 0.1201 -0.0995 0.9878
vn -0.0105 0.0594 -0.9982
vn 0.1420 0.0046 0.9899
vn -0.0437 0.9969 -0.0652
vn 0.0312 -0.2732 -0.9614
vn 0.0872 -0.1629 0.9828
vn 0.2779 -0.9606 0.0025
vn 0.0495 0.0083 -0.9987
vn 0.0493 0.0178 0.9986
vn -0.0822 0.0361 -0.9960
vn 0.0315 -0.0085 -0.9995
vn -0.0166 -0.1092 0.9939
vn 0.0014 0.2818 -0.9595
vn -0.0238 0.0531 0.9983
vn 0.0073 -0.0679 -0.9977
vn -0.0096 -0.0952 0.9954
vn -0.0986 0.0605 -0.9933
vn -0.1147 0.0628 0.9914
vn -0.0930 -0.0242 -0.9954
vn 0.9658 0.2481 -0.0748
vn -0.0915 -0.0181 0.9956
vn -0.0814 -0.0041 -0.9967
vn -0.0773 -0.1183 0.9900
vn 0.0088 0.0034 -1.0000
vn 0.0216 -0.1727 0.9847
vn -0.0282 -0.0565 -0.9980
vn 0.0279 -0.2560 -0.9663
vn 0.0257 -0.2370 0.9712
vn 0.0659 -0.9978 -0.0000
vn -0.0805 -0.0410 0.9959
vn -0.0833 -0.0422 -0.9956
vn 0.1065 -0.3837 0.9173
vn -0.0650 0.0352 0.9973
vn -0.1286 0.0212 -0.9915
vn 0.0091 0.0311 0.9995
vn -0.0184 -0.1354 -0.9906
vn 0.0181 0.0110 -0.9998
vn 0.0313 -0.0701 -0.9971
vn -0.0224 -0.0452 0.9987
vn -0.8756 -0.1548 -0.4575
vn -0.4613 0.1713 -0.8705
vn -0.8379 0.1299 0.5301
vn -0.9520 -0.3025 0.0458
vn 0.1448 -0.1888 0.9713
vn -0.5847 0.1540 -0.7965
vn 0.0327 0.1754 -0.9839
vn 0.0377 0.0982 0.9945
vn -0.0244 -0.0259 0.9994
vn -0.3068 -0.1163 -0.9446
vn -0.1171 -0.9883 0.0976
vn -0.1338 -0.1503 0.9796
vn -0.4531 -0.1347 0.8812
vn -0.8256 -0.2230 0.5182
vn -0.2263 0.4319 -0.8731
vn -0.8415 -0.4216 -0.3378
vn -0.0984 0.1089 -0.9892
vn -0.0632 0.1338 0.9890
vn -0.1005 -0.1130 -0.9885
vn -0.1888 -0.4811 0.8561
vn -0.1495 -0.8134 -0.5621
vn -0.1720 0.4539 0.8743
vn 0.8494 0.5240 -0.0623
vn 0.0129 -0.2872 0.9578
vn 0.0178 -0.1354 -0.9906
vn 0.8178 -0.5748 -0.0274
vn -0.0861 0.4275 0.8999
vn -0.2751 -0.8782 -0.3912
vn -0.2264 -0.4162 -0.8806
vn -0.2345 0.0610 0.9702
vn 0.1232 -0.3447 -0.9306
vn -0.1642 -0.4529 -0.8763
vn 0.2247 -0.0423 -0.9735
vn 0.0028 0.0432 0.9991
vn 0.2495 0.2935 0.9228
vn 0.9088 -0.1016 -0.4046
vn 0.0013 0.1247 0.9922
vn 0.2616 -0.4125 -0.8726
vn -0.9352 -0.0732 -0.3465
vn 0.1842 -0.5613 -0.8068
vn 0.1266 0.0269 -0.9916
vn 0.2590 -0.2238 -0.9396
vn 0.3177 -0.6082 0.7274
vn 0.5545 -0.5419 -0.6315
vn 0.6650 0.6646 -0.3409
vn 0.5098 0.0645 -0.8579
vn -0.6317 -0.3858 0.6724
vn -0.1797 -0.1304 -0.9750
vn -0.6245 0.4939 0.6051
vn -0.3350 0.7634 0.5522
vn 0.1742 0.0522 0.9833
vn 0.0478 -0.2421 0.9691
vn 0.0890 -0.2426 0.9660
vn -0.1484 0.8982 0.4139
vn -0.4550 0.6593 0.5986
vn 0.2532 0.9652 0.0648
vn 0.9955 -0.0401 0.0859
vn 0.2988 0.0589 0.9525
vn 0.3394 0.5046 0.7938
vn 0.0205 0.9614 0.2745
vn 0.3407 0.1380 0.9300
vn 0.5660 0.3839 0.7296
vn -0.9389 -0.0123 0.3441
vn 0.0623 -0.9645 0.2564
vn 0.0771 -0.2542 0.9641
vn 0.4325 0.0531 0.9001
vn -0.0707 0.1192 -0.9904
vn 0.5695 0.4807 0.6667
vn -0.1606 0.9550 -0.2494
vn 0.7780 -0.0049 0.6283
vn 0.3571 0.1568 0.9208
vn 0.5275 0.5401 -0.6558
vn -0.1704 -0.2587 0.9508
vn 0.0195 0.0693 -0.9974
vn 0.4034 0.3561 -0.8429
vn 0.5139 0.5631 0.6472
vn 0.3323 -0.1544 0.9305
vn 0.3890 0.2316 -0.8916
vn 0.5706 0.3653 0.7355
vn 0.6184 0.0559 -0.7839
vn 0.6298 -0.0157 0.7766
vn 0.0826 -0.0351 -0.9960
vn 0.0816 0.0136 0.9966
vn -0.0554 0.0218 -0.9982
vn 0.0720 -0.0597 0.9956
vn 0.0815 -0.0726 -0.9940
vn 0.0666 -0.1092 0.9918
vn -0.1493 -0.2473 0.9574
vn -0.2519 0.1179 -0.9605
vn -1.0000 -0.0000 -0.0000
vn 0.0873 0.1898 -0.9779
vn -0.2778 -0.2170 0.9358
vn -0.2850 0.0883 0.9544
vn -0.0162 0.1040 -0.9944
vn -0.0261 0.1578 0.9871
vn 0.2758 0.9594 -0.0583
vn 0.0046 -0.1983 0.9801
vn -0.0965 0.9931 -0.0673
vn 0.0089 -0.2373 -0.9714
vn 0.1022 0.1662 -0.9808
vn 0.0064 -0.3089 0.9511
vn 0.3663 -0.0433 0.9295
vn 0.3735 -0.6848 0.6258
vn 0.4097 0.4053 -0.8173
vn -0.0203 -0.1878 0.9820
vn 0.1368 0.1216 -0.9831
vn 0.0950 0.0370 0.9948
vn 0.1737 0.3171 0.9323
vn 0.1871 0.0780 -0.9792
vn 0.2322 0.1328 0.9636
vn 0.1567 -0.9839 -0.0865
vn 0.4448 0.4042 0.7992
vn -0.2875 -0.1054 0.9520
vn 0.0369 0.0465 -0.9982
vn -0.0688 -0.0804 -0.9944
vn 0.0089 -0.0701 -0.9975
vn -0.0642 -0.0940 0.9935
vn -0.0540 0.0387 0.9978
vn 0.0246 -0.0772 -0.9967
vn 0.0717 0.0023 0.9974
vn -0.4588 -0.8885 -0.0089
vn 0.0750 0.1136 -0.9907
vn -0.0315 0.1892 0.9814
vn 0.1664 0.3882 -0.9064
vn 0.0134 0.1894 0.9818
vn 0.1589 0.9647 -0.2101
vn -0.2195 -0.0477 0.9744
vn -0.6568 -0.5320 -0.5344
vn -0.2751 -0.1669 -0.9468
vn -0.0744 -0.0378 -0.9965
vn -0.1484 -0.9889 -0.0000
vn 0.0816 -0.0941 -0.9922
vn -0.2152 -0.4034 0.8894
vn -0.0318 0.2225 0.9744
vn -0.0501 -0.2628 -0.9635
vn -0.1140 -0.2652 0.9574
vn -0.1212 -0.6038 0.7878
vn -0.1763 0.0723 0.9817
vn 0.7392 -0.0254 0.6731
vn 0.1084 -0.2939 0.9497
vn -0.0782 0.4350 -0.8970
vn 0.3240 -0.4170 0.8492
vn 0.0615 0.0257 -0.9978
vn 0.9567 0.0031 -0.2912
vn 0.0939 -0.2910 0.9521
vn 0.1543 0.3601 -0.9201
vn -0.8626 -0.5058 -0.0000
vn -0.1949 -0.9808 -0.0000
vn -0.0044 -0.1112 0.9938
vn -0.0528 0.0203 0.9984
vn 0.2205 -0.0269 -0.9750
vn -0.0120 0.1806 0.9835
vn 0.1561 0.3408 -0.9271
vn -0.1974 -0.0333 -0.9798
vn -0.0785 0.1079 0.9911
vn 0.0346 -0.3641 -0.9307
vn 0.1100 0.0810 -0.9906
vn -0.2317 -0.2499 0.9401
vn 0.0663 0.4754 -0.8773
vn -0.3339 -0.2915 0.8964
vn 0.1862 0.6397 -0.7457
vn 0.0276 0.0377 0.9989
vn 0.3942 0.3974 -0.8287
vn 0.0909 0.4972 -0.8628
vn -0.0611 -0.0201 -0.9979
vn -0.0172 0.1092 -0.9939
vn -0.0647 0.0076 0.9979
vn -0.0738 0.0883 -0.9934
vn -0.8791 -0.4766 -0.0000
vn -0.2655 -0.9636 0.0315
vn 0.1073 0.0679 -0.9919
vn 0.1070 0.0569 0.9926
vn 0.0560 -0.0532 -0.9970
vn 0.0089 -0.0538 0.9985
vn 0.0164 0.1998 -0.9797
vn 0.0319 0.1009 0.9944
vn 0.0946 -0.0483 -0.9943
vn 0.0705 0.0551 0.9960
vn 0.0095 -0.0011 -1.0000
s 0
f 3//1 2//1 1//1
f 4//2 2//2 3//2
f 7//3 10//3 11//3
f 15//4 13//4 14//4
f 15//5 17//5 18//5
f 23//6 22//6 24//6
f 1//7 23//7 24//7
f 1//8 2//8 23//8
f 4//9 3//9 28//9
f 27//10 28//10 29//10
f 30//11 5//11 29//11
f 5//12 6//12 33//12
f 34//13 5//13 30//13
f 37//14 22//14 36//14
f 24//15 22//15 37//15
f 1//16 24//16 39//16
f 40//17 39//17 38//17
f 26//18 42//18 3//18
f 44//19 42//19 26//19
f 59//20 43//20 45//20
f 47//21 44//21 48//21
f 31//22 48//22 62//22
f 31//23 62//23 34//23
f 51//24 12//24 52//24
f 52//25 38//25 51//25
f 54//26 38//26 52//26
f 58//27 56//27 55//27
f 44//28 57//28 48//28
f 45//29 60//29 59//29
f 32//30 61//30 6//30
f 32//31 62//31 64//31
f 66//32 9//32 53//32
f 54//33 65//33 67//33
f 69//34 68//34 56//34
f 60//35 69//35 59//35
f 71//36 48//36 70//36
f 63//37 73//37 74//37
f 62//38 71//38 76//38
f 9//39 66//39 77//39
f 19//40 18//40 65//40
f 19//41 65//41 54//41
f 80//42 68//42 69//42
f 72//43 71//43 70//43
f 81//44 72//44 74//44
f 82//45 77//45 78//45
f 79//46 82//46 78//46
f 67//47 65//47 84//47
f 85//48 79//48 68//48
f 85//49 84//49 79//49
f 85//50 67//50 84//50
f 88//51 87//51 89//51
f 84//52 92//52 79//52
f 95//53 86//53 94//53
f 86//54 95//54 97//54
f 89//55 87//55 98//55
f 91//56 102//56 100//56
f 105//57 104//57 103//57
f 105//58 93//58 104//58
f 105//59 91//59 94//59
f 99//60 108//60 98//60
f 113//61 115//61 116//61
f 129//62 123//62 128//62
f 124//63 123//63 129//63
f 133//64 132//64 139//64
f 136//65 135//65 143//65
f 132//66 138//66 347//66
f 140//67 144//67 139//67
f 146//68 141//68 142//68
f 143//69 135//69 141//69
f 147//70 114//70 148//70
f 148//71 100//71 147//71
f 150//72 100//72 148//72
f 151//73 103//73 104//73
f 112//74 111//74 155//74
f 117//75 114//75 147//75
f 156//76 149//76 150//76
f 158//77 152//77 157//77
f 153//78 157//78 152//78
f 109//79 152//79 158//79
f 163//80 154//80 155//80
f 118//81 122//81 117//81
f 161//82 160//82 157//82
f 161//83 157//83 153//83
f 109//84 158//84 163//84
f 163//85 162//85 164//85
f 167//86 166//86 165//86
f 167//87 160//87 166//87
f 170//88 131//88 171//88
f 165//89 172//89 173//89
f 175//90 165//90 173//90
f 180//91 137//91 179//91
f 181//92 170//92 172//92
f 175//93 173//93 181//93
f 169//94 183//94 161//94
f 146//95 142//95 143//95
f 180//96 184//96 185//96
f 168//97 182//97 186//97
f 146//98 143//98 383//98
f 196//99 194//99 195//99
f 198//100 197//100 207//100
f 206//101 205//101 208//101
f 210//102 63//102 64//102
f 213//103 207//103 197//103
f 209//104 213//104 208//104
f 209//105 208//105 219//105
f 216//106 214//106 75//106
f 205//107 217//107 218//107
f 221//108 73//108 214//108
f 76//109 222//109 75//109
f 216//110 75//110 222//110
f 213//111 215//111 212//111
f 227//112 213//112 219//112
f 220//113 227//113 219//113
f 76//114 111//114 112//114
f 226//115 215//115 213//115
f 218//116 217//116 234//116
f 220//117 218//117 228//117
f 233//118 215//118 231//118
f 226//119 232//119 215//119
f 226//120 213//120 227//120
f 218//121 234//121 235//121
f 112//122 99//122 225//122
f 236//123 229//123 230//123
f 236//124 230//124 231//124
f 227//125 281//125 226//125
f 239//126 227//126 228//126
f 240//127 202//127 203//127
f 204//128 243//128 244//128
f 246//129 248//129 245//129
f 249//130 247//130 241//130
f 251//131 250//131 252//131
f 249//132 255//132 247//132
f 252//133 250//133 257//133
f 253//134 256//134 252//134
f 250//135 255//135 259//135
f 256//136 259//136 249//136
f 260//137 256//137 253//137
f 260//138 257//138 256//138
f 267//139 258//139 254//139
f 268//140 258//140 266//140
f 269//141 261//141 262//141
f 263//142 269//142 262//142
f 268//143 266//143 274//143
f 234//144 238//144 277//144
f 279//145 278//145 275//145
f 281//146 276//146 277//146
f 283//147 281//147 227//147
f 235//148 283//148 227//148
f 235//149 234//149 282//149
f 286//150 279//150 280//150
f 280//151 279//151 285//151
f 286//152 280//152 281//152
f 281//153 288//153 286//153
f 286//154 292//154 169//154
f 285//155 292//155 286//155
f 292//156 183//156 169//156
f 296//157 292//157 295//157
f 292//158 296//158 297//158
f 298//159 293//159 299//159
f 300//160 293//160 298//160
f 264//161 270//161 304//161
f 305//162 271//162 272//162
f 306//163 271//163 305//163
f 274//164 272//164 306//164
f 303//165 308//165 269//165
f 312//166 273//166 274//166
f 311//167 310//167 315//167
f 313//168 316//168 312//168
f 314//169 319//169 303//169
f 317//170 311//170 321//170
f 321//171 315//171 331//171
f 322//172 291//172 327//172
f 323//173 329//173 319//173
f 330//174 323//174 314//174
f 324//175 331//175 315//175
f 317//176 331//176 324//176
f 338//177 332//177 334//177
f 338//178 333//178 332//178
f 335//179 338//179 334//179
f 344//180 343//180 342//180
f 144//181 347//181 138//181
f 145//182 347//182 144//182
f 143//183 141//183 350//183
f 140//184 145//184 351//184
f 352//185 349//185 350//185
f 348//186 355//186 144//186
f 353//187 352//187 356//187
f 354//188 356//188 352//188
f 351//189 358//189 348//189
f 356//190 359//190 360//190
f 365//191 369//191 370//191
f 362//192 372//192 367//192
f 366//193 371//193 376//193
f 373//194 377//194 378//194
f 382//195 368//195 381//195
f 382//196 372//196 368//196
f 186//197 187//197 385//197
f 188//198 186//198 385//198
f 178//199 188//199 386//199
f 354//200 146//200 383//200
f 385//201 391//201 390//201
f 385//202 187//202 391//202
f 387//203 353//203 356//203
f 390//204 395//204 396//204
f 385//205 390//205 396//205
f 392//206 397//206 391//206
f 386//207 188//207 385//207
f 394//208 387//208 403//208
f 401//209 402//209 404//209
f 407//210 396//210 406//210
f 397//211 406//211 396//211
f 410//212 408//212 409//212
f 398//213 363//213 359//213
f 399//214 360//214 364//214
f 414//215 401//215 404//215
f 415//216 414//216 416//216
f 397//217 416//217 406//217
f 385//218 407//218 417//218
f 368//219 363//219 398//219
f 421//220 411//220 400//220
f 413//221 412//221 423//221
f 423//222 412//222 420//222
f 407//223 405//223 417//223
f 418//224 417//224 424//224
f 380//225 368//225 411//225
f 420//226 373//226 427//226
f 423//227 427//227 428//227
f 405//228 423//228 437//228
f 429//229 405//229 437//229
f 417//230 405//230 429//230
f 416//231 430//231 415//231
f 431//232 416//232 424//232
f 425//233 431//233 424//233
f 427//234 433//234 435//234
f 435//235 433//235 434//235
f 428//236 437//236 423//236
f 438//237 436//237 414//237
f 430//238 438//238 414//238
f 417//239 429//239 440//239
f 447//240 374//240 446//240
f 451//241 448//241 452//241
f 376//242 451//242 452//242
f 381//243 380//243 455//243
f 445//244 457//244 444//244
f 458//245 443//245 446//245
f 450//246 447//246 459//246
f 460//247 448//247 451//247
f 453//248 377//248 462//248
f 455//249 382//249 381//249
f 443//250 463//250 456//250
f 459//251 465//251 458//251
f 459//252 457//252 465//252
f 448//253 466//253 467//253
f 466//254 448//254 460//254
f 452//255 448//255 467//255
f 377//256 452//256 479//256
f 469//257 461//257 455//257
f 454//258 462//258 470//258
f 456//259 463//259 472//259
f 464//260 472//260 457//260
f 468//261 476//261 467//261
f 461//262 480//262 481//262
f 469//263 482//263 480//263
f 469//264 480//264 461//264
f 484//265 462//265 493//265
f 464//266 487//266 472//266
f 477//267 475//267 488//267
f 468//268 474//268 489//268
f 493//269 479//269 490//269
f 483//270 492//270 481//270
f 493//271 491//271 495//271
f 484//272 493//272 495//272
f 496//273 483//273 494//273
f 489//274 500//274 488//274
f 494//275 482//275 503//275
f 483//276 502//276 492//276
f 485//277 503//277 482//277
f 496//278 502//278 483//278
f 489//279 498//279 507//279
f 491//280 507//280 509//280
f 342//281 343//281 503//281
f 342//282 503//282 485//282
f 513//283 496//283 512//283
f 514//284 511//284 513//284
f 504//285 509//285 515//285
f 499//286 516//286 497//286
f 508//287 518//287 507//287
f 510//288 503//288 520//288
f 509//289 518//289 508//289
f 520//290 343//290 344//290
f 512//291 510//291 521//291
f 522//292 509//292 508//292
f 515//293 522//293 514//293
f 530//294 528//294 527//294
f 538//295 430//295 439//295
f 526//296 436//296 438//296
f 537//297 536//297 531//297
f 537//298 531//298 437//298
f 430//299 538//299 438//299
f 429//300 532//300 539//300
f 540//301 538//301 439//301
f 535//302 534//302 470//302
f 541//303 536//303 537//303
f 547//304 526//304 538//304
f 533//305 539//305 552//305
f 524//306 485//306 455//306
f 527//307 535//307 546//307
f 547//308 524//308 526//308
f 549//309 545//309 548//309
f 546//310 542//310 530//310
f 543//311 536//311 548//311
f 539//312 550//312 551//312
f 552//313 539//313 551//313
f 540//314 560//314 538//314
f 557//315 553//315 556//315
f 546//316 535//316 558//316
f 555//317 524//317 547//317
f 559//318 546//318 558//318
f 10//319 13//319 8//319
f 345//320 342//320 485//320
f 563//321 506//321 505//321
f 549//322 569//322 567//322
f 562//323 550//323 574//323
f 578//324 515//324 514//324
f 346//325 345//325 555//325
f 566//326 563//326 505//326
f 578//327 506//327 567//327
f 583//328 571//328 581//328
f 574//329 571//329 583//329
f 584//330 572//330 575//330
f 576//331 584//331 585//331
f 581//332 565//332 588//332
f 583//333 581//333 590//333
f 591//334 572//334 573//334
f 594//335 586//335 593//335
f 520//336 344//336 596//336
f 521//337 520//337 596//337
f 599//338 597//338 598//338
f 598//339 597//339 599//339
f 600//340 521//340 596//340
f 346//341 600//341 344//341
f 588//342 601//342 603//342
f 604//343 603//343 602//343
f 604//344 582//344 589//344
f 604//345 589//345 590//345
f 608//346 592//346 607//346
f 607//347 592//347 593//347
f 603//348 611//348 602//348
f 615//349 613//349 614//349
f 617//350 605//350 615//350
f 609//351 616//351 605//351
f 608//352 606//352 618//352
f 623//353 612//353 622//353
f 628//354 616//354 617//354
f 628//355 617//355 627//355
f 627//356 631//356 625//356
f 633//357 183//357 292//357
f 296//358 295//358 632//358
f 636//359 297//359 299//359
f 636//360 299//360 300//360
f 294//361 639//361 640//361
f 641//362 632//362 386//362
f 644//363 636//363 638//363
f 646//364 637//364 645//364
f 643//365 647//365 648//365
f 645//366 643//366 648//366
f 419//367 386//367 410//367
f 641//368 419//368 652//368
f 653//369 641//369 652//369
f 633//370 651//370 393//370
f 642//371 654//371 633//371
f 645//372 648//372 655//372
f 650//373 655//373 658//373
f 654//374 659//374 651//374
f 661//375 654//375 642//375
f 441//376 431//376 425//376
f 663//377 441//377 659//377
f 666//378 665//378 664//378
f 671//379 662//379 658//379
f 673//380 672//380 674//380
f 676//381 663//381 664//381
f 661//382 677//382 666//382
f 680//383 668//383 669//383
f 680//384 669//384 670//384
f 672//385 682//385 683//385
f 333//386 294//386 640//386
f 687//387 686//387 339//387
f 686//388 689//388 690//388
f 691//389 687//389 341//389
f 693//390 341//390 688//390
f 695//391 691//391 692//391
f 699//392 696//392 697//392
f 698//393 700//393 701//393
f 705//394 703//394 674//394
f 704//395 703//395 705//395
f 707//396 674//396 684//396
f 713//397 661//397 668//397
f 717//398 439//398 711//398
f 711//399 440//399 533//399
f 719//400 718//400 720//400
f 722//401 732//401 715//401
f 723//402 714//402 716//402
f 684//403 683//403 726//403
f 717//404 540//404 439//404
f 727//405 717//405 711//405
f 721//406 730//406 719//406
f 721//407 713//407 723//407
f 734//408 725//408 726//408
f 736//409 540//409 717//409
f 730//410 728//410 729//410
f 731//411 729//411 740//411
f 736//412 562//412 561//412
f 736//413 551//413 562//413
f 730//414 740//414 728//414
f 721//415 741//415 730//415
f 731//416 741//416 742//416
f 737//417 732//417 743//417
f 745//418 737//418 743//418
f 747//419 575//419 576//419
f 737//420 745//420 748//420
f 749//421 745//421 744//421
f 747//422 585//422 575//422
f 763//423 753//423 755//423
f 765//424 764//424 763//424
f 765//425 749//425 757//425
f 767//426 706//426 707//426
f 769//427 768//427 770//427
f 770//428 709//428 769//428
f 772//429 709//429 770//429
f 773//430 772//430 771//430
f 767//431 684//431 726//431
f 775//432 769//432 771//432
f 772//433 775//433 771//433
f 772//434 770//434 774//434
f 776//435 739//435 734//435
f 776//436 735//436 779//436
f 784//437 739//437 776//437
f 779//438 784//438 776//438
f 751//439 739//439 784//439
f 780//440 785//440 789//440
f 790//441 789//441 788//441
f 787//442 793//442 794//442
f 789//443 795//443 788//443
f 796//444 791//444 792//444
f 799//445 594//445 608//445
f 760//446 758//446 808//446
f 764//447 807//447 763//447
f 802//448 813//448 800//448
f 814//449 803//449 805//449
f 807//450 806//450 814//450
f 812//451 816//451 809//451
f 11//452 10//452 8//452
f 14//453 10//453 9//453
f 13//454 11//454 8//454
f 16//455 15//455 14//455
f 12//456 11//456 15//456
f 18//457 12//457 15//457
f 20//458 18//458 17//458
f 23//459 36//459 22//459
f 3//460 1//460 25//460
f 26//461 3//461 25//461
f 4//462 27//462 2//462
f 28//463 27//463 4//463
f 33//464 29//464 5//464
f 5//465 34//465 32//465
f 34//466 30//466 31//466
f 6//467 5//467 32//467
f 37//468 36//468 7//468
f 39//469 25//469 1//469
f 23//470 41//470 35//470
f 27//471 41//471 2//471
f 26//472 25//472 40//472
f 27//473 46//473 45//473
f 28//474 3//474 42//474
f 44//475 26//475 40//475
f 27//476 45//476 43//476
f 28//477 47//477 29//477
f 48//478 30//478 47//478
f 47//479 42//479 44//479
f 30//480 29//480 47//480
f 46//481 33//481 49//481
f 49//482 33//482 6//482
f 36//483 10//483 7//483
f 34//484 62//484 32//484
f 9//485 36//485 35//485
f 11//486 37//486 7//486
f 51//487 11//487 12//487
f 38//488 50//488 51//488
f 53//489 9//489 35//489
f 24//490 37//490 50//490
f 50//491 39//491 24//491
f 54//492 40//492 38//492
f 55//493 53//493 35//493
f 41//494 55//494 35//494
f 58//495 43//495 59//495
f 58//496 69//496 56//496
f 44//497 40//497 57//497
f 46//498 60//498 45//498
f 49//499 6//499 61//499
f 49//500 60//500 46//500
f 32//501 63//501 61//501
f 63//502 49//502 61//502
f 32//503 64//503 63//503
f 54//504 52//504 12//504
f 55//505 66//505 53//505
f 67//506 57//506 54//506
f 60//507 72//507 70//507
f 70//508 48//508 57//508
f 70//509 69//509 60//509
f 72//510 63//510 74//510
f 62//511 48//511 71//511
f 64//512 76//512 75//512
f 14//513 77//513 16//513
f 78//514 68//514 79//514
f 19//515 54//515 12//515
f 78//516 77//516 66//516
f 55//517 78//517 66//517
f 56//518 78//518 55//518
f 80//519 57//519 85//519
f 85//520 57//520 67//520
f 72//521 76//521 71//521
f 70//522 80//522 69//522
f 83//523 77//523 82//523
f 88//524 74//524 73//524
f 16//525 83//525 17//525
f 82//526 79//526 83//526
f 80//527 85//527 68//527
f 89//528 81//528 74//528
f 83//529 20//529 17//529
f 18//530 90//530 65//530
f 83//531 92//531 90//531
f 65//532 92//532 84//532
f 93//533 94//533 91//533
f 87//534 99//534 98//534
f 86//535 96//535 94//535
f 97//536 96//536 86//536
f 98//537 96//537 97//537
f 90//538 21//538 20//538
f 91//539 104//539 93//539
f 101//540 90//540 21//540
f 103//541 102//541 91//541
f 94//542 106//542 105//542
f 105//543 103//543 91//543
f 105//544 95//544 93//544
f 107//545 95//545 105//545
f 106//546 107//546 105//546
f 106//547 98//547 108//547
f 107//548 98//548 97//548
f 111//549 98//549 109//549
f 117//550 116//550 114//550
f 116//551 122//551 121//551
f 120//552 125//552 119//552
f 124//553 128//553 123//553
f 129//554 128//554 127//554
f 128//555 134//555 127//555
f 129//556 130//556 124//556
f 134//557 129//557 127//557
f 132//558 139//558 138//558
f 135//559 142//559 141//559
f 347//560 139//560 132//560
f 143//561 142//561 136//561
f 139//562 144//562 138//562
f 100//563 149//563 147//563
f 140//564 139//564 145//564
f 102//565 151//565 149//565
f 100//566 151//566 104//566
f 151//567 150//567 149//567
f 106//568 153//568 152//568
f 152//569 107//569 106//569
f 108//570 155//570 154//570
f 109//571 107//571 152//571
f 153//572 108//572 110//572
f 147//573 156//573 117//573
f 155//574 111//574 109//574
f 118//575 148//575 114//575
f 148//576 156//576 150//576
f 156//577 118//577 117//577
f 158//578 162//578 163//578
f 159//579 153//579 110//579
f 163//580 155//580 109//580
f 161//581 153//581 159//581
f 160//582 162//582 157//582
f 278//583 161//583 159//583
f 163//584 164//584 154//584
f 161//585 166//585 160//585
f 171//586 172//586 170//586
f 278//587 169//587 161//587
f 168//588 164//588 162//588
f 165//589 174//589 172//589
f 165//590 176//590 167//590
f 176//591 174//591 166//591
f 176//592 175//592 174//592
f 166//593 177//593 176//593
f 177//594 167//594 176//594
f 131//595 179//595 137//595
f 168//596 160//596 177//596
f 180//597 131//597 137//597
f 171//598 181//598 173//598
f 181//599 179//599 170//599
f 172//600 175//600 181//600
f 182//601 161//601 183//601
f 179//602 185//602 184//602
f 168//603 177//603 182//603
f 184//604 180//604 179//604
f 199//605 196//605 200//605
f 185//606 181//606 180//606
f 186//607 182//607 187//607
f 183//608 187//608 182//608
f 188//609 168//609 186//609
f 178//610 168//610 188//610
f 190//611 191//611 189//611
f 190//612 189//612 191//612
f 192//613 194//613 193//613
f 195//614 194//614 192//614
f 194//615 199//615 193//615
f 195//616 192//616 193//616
f 193//617 196//617 195//617
f 201//618 200//618 196//618
f 201//619 202//619 200//619
f 213//620 206//620 208//620
f 198//621 205//621 197//621
f 201//622 193//622 199//622
f 205//623 213//623 197//623
f 207//624 217//624 198//624
f 213//625 212//625 207//625
f 73//626 210//626 214//626
f 205//627 198//627 217//627
f 221//628 88//628 73//628
f 210//629 75//629 214//629
f 210//630 64//630 75//630
f 212//631 215//631 211//631
f 217//632 212//632 211//632
f 218//633 208//633 205//633
f 209//634 219//634 213//634
f 219//635 208//635 218//635
f 216//636 221//636 214//636
f 216//637 222//637 221//637
f 215//638 217//638 211//638
f 220//639 219//639 218//639
f 224//640 222//640 225//640
f 225//641 76//641 112//641
f 223//642 230//642 229//642
f 76//643 81//643 111//643
f 220//644 228//644 227//644
f 224//645 99//645 88//645
f 224//646 225//646 99//646
f 230//647 233//647 231//647
f 231//648 215//648 223//648
f 232//649 230//649 215//649
f 229//650 231//650 223//650
f 217//651 215//651 233//651
f 228//652 218//652 235//652
f 237//653 226//653 238//653
f 233//654 232//654 237//654
f 238//655 217//655 237//655
f 217//656 233//656 237//656
f 200//657 240//657 199//657
f 281//658 238//658 226//658
f 239//659 235//659 227//659
f 239//660 228//660 235//660
f 240//661 201//661 199//661
f 241//662 251//662 249//662
f 244//663 243//663 204//663
f 251//664 242//664 241//664
f 246//665 245//665 248//665
f 250//666 241//666 247//666
f 256//667 262//667 259//667
f 251//668 241//668 250//668
f 251//669 252//669 249//669
f 250//670 247//670 255//670
f 252//671 256//671 249//671
f 253//672 252//672 257//672
f 249//673 259//673 255//673
f 257//674 250//674 259//674
f 260//675 253//675 257//675
f 256//676 264//676 263//676
f 262//677 257//677 259//677
f 261//678 270//678 262//678
f 267//679 266//679 258//679
f 268//680 267//680 254//680
f 268//681 254//681 258//681
f 265//682 273//682 272//682
f 264//683 262//683 270//683
f 265//684 274//684 266//684
f 274//685 267//685 268//685
f 267//686 273//686 266//686
f 154//687 110//687 108//687
f 276//688 282//688 277//688
f 112//689 155//689 99//689
f 281//690 277//690 238//690
f 278//691 159//691 110//691
f 275//692 278//692 110//692
f 281//693 280//693 276//693
f 164//694 275//694 154//694
f 234//695 277//695 282//695
f 284//696 279//696 275//696
f 282//697 283//697 235//697
f 286//698 278//698 279//698
f 283//699 287//699 281//699
f 288//700 280//700 285//700
f 284//701 164//701 168//701
f 287//702 288//702 281//702
f 282//703 289//703 287//703
f 263//704 304//704 303//704
f 178//705 284//705 168//705
f 278//706 286//706 169//706
f 178//707 285//707 284//707
f 290//708 286//708 288//708
f 290//709 285//709 286//709
f 290//710 288//710 285//710
f 285//711 178//711 292//711
f 295//712 292//712 178//712
f 292//713 297//713 634//713
f 299//714 297//714 298//714
f 300//715 299//715 293//715
f 269//716 302//716 261//716
f 263//717 303//717 269//717
f 307//718 269//718 308//718
f 306//719 272//719 271//719
f 273//720 305//720 272//720
f 307//721 270//721 302//721
f 308//722 309//722 307//722
f 310//723 306//723 305//723
f 304//724 270//724 309//724
f 305//725 312//725 310//725
f 312//726 306//726 311//726
f 310//727 316//727 315//727
f 314//728 303//728 304//728
f 318//729 303//729 319//729
f 317//730 312//730 311//730
f 313//731 312//731 317//731
f 318//732 309//732 308//732
f 318//733 304//733 309//733
f 316//734 325//734 324//734
f 314//735 304//735 320//735
f 321//736 311//736 315//736
f 319//737 320//737 318//737
f 314//738 323//738 319//738
f 316//739 324//739 315//739
f 317//740 321//740 331//740
f 330//741 320//741 329//741
f 325//742 313//742 317//742
f 322//743 326//743 291//743
f 327//744 326//744 322//744
f 328//745 326//745 327//745
f 329//746 320//746 319//746
f 294//747 326//747 332//747
f 325//748 317//748 324//748
f 294//749 327//749 291//749
f 326//750 334//750 332//750
f 335//751 327//751 333//751
f 329//752 334//752 328//752
f 334//753 330//753 335//753
f 335//754 329//754 328//754
f 336//755 341//755 340//755
f 338//756 335//756 333//756
f 336//757 688//757 337//757
f 337//758 688//758 341//758
f 344//759 345//759 346//759
f 349//760 353//760 350//760
f 140//761 348//761 144//761
f 146//762 350//762 141//762
f 140//763 351//763 348//763
f 350//764 354//764 352//764
f 355//765 358//765 357//765
f 143//766 350//766 353//766
f 145//767 144//767 355//767
f 351//768 145//768 355//768
f 354//769 359//769 356//769
f 359//770 364//770 360//770
f 364//771 363//771 362//771
f 362//772 367//772 361//772
f 367//773 371//773 366//773
f 363//774 368//774 362//774
f 373//775 364//775 362//775
f 370//776 369//776 365//776
f 366//777 377//777 373//777
f 373//778 367//778 366//778
f 368//779 372//779 362//779
f 372//780 376//780 371//780
f 353//781 383//781 143//781
f 354//782 384//782 388//782
f 388//783 383//783 387//783
f 187//784 392//784 391//784
f 388//785 394//785 354//785
f 393//786 392//786 183//786
f 394//787 388//787 387//787
f 360//788 387//788 356//788
f 397//789 396//789 391//789
f 354//790 398//790 359//790
f 400//791 402//791 401//791
f 354//792 402//792 398//792
f 402//793 405//793 404//793
f 394//794 403//794 402//794
f 405//795 406//795 404//795
f 408//796 386//796 385//796
f 385//797 396//797 407//797
f 392//798 408//798 397//798
f 409//799 408//799 392//799
f 414//800 406//800 416//800
f 398//801 400//801 411//801
f 413//802 399//802 412//802
f 413//803 387//803 399//803
f 403//804 387//804 413//804
f 405//805 403//805 413//805
f 397//806 418//806 416//806
f 385//807 418//807 408//807
f 364//808 420//808 399//808
f 419//809 410//809 409//809
f 368//810 398//810 411//810
f 399//811 420//811 412//811
f 400//812 422//812 421//812
f 425//813 419//813 409//813
f 414//814 422//814 401//814
f 405//815 413//815 423//815
f 418//816 424//816 416//816
f 426//817 425//817 424//817
f 432//818 424//818 417//818
f 421//819 380//819 411//819
f 423//820 420//820 427//820
f 414//821 436//821 422//821
f 415//822 430//822 414//822
f 373//823 433//823 427//823
f 380//824 381//824 368//824
f 379//825 433//825 378//825
f 431//826 430//826 416//826
f 525//827 435//827 434//827
f 422//828 436//828 421//828
f 428//829 427//829 435//829
f 528//830 428//830 435//830
f 443//831 447//831 446//831
f 441//832 439//832 431//832
f 432//833 417//833 440//833
f 445//834 444//834 442//834
f 375//835 446//835 374//835
f 447//836 375//836 374//836
f 450//837 449//837 375//837
f 372//838 451//838 376//838
f 453//839 379//839 378//839
f 377//840 376//840 452//840
f 372//841 382//841 460//841
f 453//842 378//842 377//842
f 444//843 456//843 442//843
f 444//844 459//844 447//844
f 458//845 450//845 459//845
f 449//846 458//846 446//846
f 456//847 445//847 442//847
f 382//848 455//848 461//848
f 382//849 461//849 460//849
f 454//850 453//850 462//850
f 445//851 464//851 457//851
f 463//852 458//852 465//852
f 463//853 474//853 472//853
f 468//854 467//854 465//854
f 461//855 466//855 460//855
f 462//856 377//856 479//856
f 465//857 473//857 463//857
f 472//858 465//858 457//858
f 477//859 466//859 475//859
f 473//860 467//860 477//860
f 467//861 479//861 452//861
f 468//862 465//862 474//862
f 466//863 478//863 475//863
f 466//864 481//864 478//864
f 469//865 485//865 482//865
f 483//866 481//866 480//866
f 493//867 462//867 479//867
f 472//868 486//868 456//868
f 484//869 470//869 462//869
f 471//870 470//870 484//870
f 486//871 464//871 456//871
f 488//872 468//872 489//872
f 477//873 488//873 473//873
f 478//874 488//874 475//874
f 490//875 476//875 488//875
f 473//876 500//876 498//876
f 481//877 492//877 478//877
f 492//878 490//878 478//878
f 493//879 490//879 491//879
f 494//880 480//880 482//880
f 483//881 480//881 494//881
f 474//882 473//882 498//882
f 489//883 501//883 500//883
f 489//884 474//884 498//884
f 501//885 492//885 502//885
f 491//886 490//886 501//886
f 500//887 507//887 498//887
f 504//888 495//888 491//888
f 504//889 484//889 495//889
f 497//890 516//890 499//890
f 502//891 507//891 501//891
f 491//892 489//892 507//892
f 510//893 496//893 494//893
f 510//894 494//894 503//894
f 502//895 511//895 508//895
f 509//896 504//896 491//896
f 502//897 513//897 511//897
f 505//898 514//898 513//898
f 511//899 522//899 508//899
f 509//900 507//900 518//900
f 520//901 503//901 343//901
f 520//902 521//902 510//902
f 454//903 434//903 379//903
f 522//904 515//904 509//904
f 524//905 455//905 380//905
f 380//906 526//906 524//906
f 528//907 525//907 527//907
f 529//908 528//908 530//908
f 436//909 526//909 421//909
f 531//910 429//910 437//910
f 437//911 428//911 529//911
f 539//912 440//912 429//912
f 534//913 527//913 525//913
f 534//914 525//914 454//914
f 529//915 541//915 537//915
f 544//916 471//916 484//916
f 537//917 437//917 529//917
f 438//918 538//918 526//918
f 534//919 454//919 470//919
f 530//920 542//920 541//920
f 543//921 531//921 536//921
f 532//922 531//922 543//922
f 536//923 549//923 548//923
f 535//924 470//924 544//924
f 557//925 554//925 553//925
f 542//926 549//926 541//926
f 530//927 527//927 546//927
f 550//928 532//928 543//928
f 550//929 539//929 532//929
f 524//930 345//930 485//930
f 484//931 554//931 544//931
f 524//932 555//932 345//932
f 545//933 557//933 556//933
f 554//934 535//934 544//934
f 556//935 548//935 545//935
f 553//936 564//936 506//936
f 549//937 557//937 545//937
f 542//938 559//938 549//938
f 546//939 559//939 542//939
f 543//940 548//940 566//940
f 571//941 550//941 543//941
f 538//942 560//942 547//942
f 562//943 551//943 550//943
f 540//944 561//944 560//944
f 506//945 563//945 553//945
f 504//946 554//946 484//946
f 553//947 566//947 556//947
f 564//948 567//948 506//948
f 567//949 558//949 557//949
f 558//950 569//950 559//950
f 549//951 567//951 557//951
f 559//952 569//952 549//952
f 566//953 571//953 543//953
f 569//954 568//954 570//954
f 560//955 572//955 547//955
f 547//956 572//956 582//956
f 574//957 550//957 571//957
f 561//958 574//958 573//958
f 561//959 575//959 560//959
f 577//960 513//960 512//960
f 577//961 566//961 505//961
f 578//962 514//962 506//962
f 515//963 564//963 504//963
f 567//964 579//964 578//964
f 578//965 579//965 515//965
f 564//966 579//966 568//966
f 555//967 582//967 580//967
f 570//968 568//968 579//968
f 555//969 580//969 346//969
f 570//970 579//970 569//970
f 582//971 591//971 589//971
f 571//972 565//972 581//972
f 584//973 573//973 572//973
f 584//974 561//974 573//974
f 575//975 585//975 584//975
f 576//976 561//976 584//976
f 577//977 512//977 521//977
f 588//978 565//978 577//978
f 583//979 590//979 574//979
f 590//980 573//980 574//980
f 591//981 590//981 589//981
f 601//982 577//982 521//982
f 594//983 593//983 592//983
f 519//984 595//984 517//984
f 519//985 517//985 595//985
f 344//986 600//986 596//986
f 600//987 601//987 521//987
f 580//988 604//988 602//988
f 346//989 602//989 600//989
f 580//990 602//990 346//990
f 581//991 604//991 590//991
f 581//992 588//992 603//992
f 610//993 602//993 611//993
f 608//994 607//994 606//994
f 608//995 594//995 592//995
f 610//996 601//996 600//996
f 611//997 601//997 610//997
f 612//998 624//998 622//998
f 614//999 613//999 612//999
f 616//1000 615//1000 605//1000
f 609//1001 617//1001 616//1001
f 609//1002 605//1002 617//1002
f 607//1003 618//1003 606//1003
f 623//1004 614//1004 612//1004
f 613//1005 625//1005 624//1005
f 614//1006 626//1006 615//1006
f 625//1007 626//1007 624//1007
f 615//1008 627//1008 625//1008
f 627//1009 615//1009 626//1009
f 386//1010 295//1010 178//1010
f 628//1011 627//1011 616//1011
f 621//1012 630//1012 620//1012
f 621//1013 620//1013 630//1013
f 624//1014 623//1014 622//1014
f 626//1015 625//1015 631//1015
f 627//1016 626//1016 631//1016
f 300//1017 638//1017 636//1017
f 634//1018 633//1018 292//1018
f 297//1019 636//1019 634//1019
f 635//1020 297//1020 296//1020
f 635//1021 296//1021 632//1021
f 298//1022 297//1022 635//1022
f 637//1023 300//1023 298//1023
f 640//1024 638//1024 637//1024
f 301//1025 637//1025 638//1025
f 301//1026 300//1026 637//1026
f 636//1027 633//1027 634//1027
f 633//1028 393//1028 183//1028
f 641//1029 635//1029 632//1029
f 298//1030 645//1030 637//1030
f 636//1031 644//1031 642//1031
f 298//1032 635//1032 643//1032
f 639//1033 644//1033 638//1033
f 646//1034 640//1034 637//1034
f 685//1035 646//1035 644//1035
f 649//1036 646//1036 650//1036
f 641//1037 386//1037 419//1037
f 643//1038 641//1038 647//1038
f 644//1039 649//1039 642//1039
f 653//1040 657//1040 647//1040
f 650//1041 646//1041 645//1041
f 393//1042 409//1042 392//1042
f 633//1043 654//1043 651//1043
f 647//1044 641//1044 653//1044
f 650//1045 645//1045 655//1045
f 656//1046 653//1046 652//1046
f 649//1047 658//1047 662//1047
f 657//1048 648//1048 647//1048
f 655//1049 648//1049 657//1049
f 649//1050 662//1050 642//1050
f 393//1051 425//1051 409//1051
f 393//1052 659//1052 441//1052
f 419//1053 660//1053 652//1053
f 432//1054 660//1054 426//1054
f 656//1055 652//1055 660//1055
f 642//1056 662//1056 661//1056
f 659//1057 664//1057 663//1057
f 660//1058 665//1058 656//1058
f 659//1059 666//1059 664//1059
f 665//1060 657//1060 656//1060
f 661//1061 666//1061 654//1061
f 661//1062 669//1062 668//1062
f 670//1063 657//1063 667//1063
f 670//1064 658//1064 655//1064
f 671//1065 669//1065 662//1065
f 671//1066 670//1066 669//1066
f 663//1067 675//1067 441//1067
f 432//1068 676//1068 664//1068
f 677//1069 665//1069 666//1069
f 679//1070 670//1070 667//1070
f 667//1071 665//1071 678//1071
f 680//1072 679//1072 668//1072
f 672//1073 684//1073 674//1073
f 683//1074 682//1074 681//1074
f 673//1075 682//1075 672//1075
f 332//1076 639//1076 294//1076
f 339//1077 341//1077 687//1077
f 333//1078 685//1078 332//1078
f 688//1079 340//1079 339//1079
f 685//1080 333//1080 640//1080
f 690//1081 339//1081 686//1081
f 691//1082 690//1082 687//1082
f 339//1083 693//1083 688//1083
f 693//1084 692//1084 691//1084
f 694//1085 691//1085 695//1085
f 693//1086 691//1086 341//1086
f 694//1087 692//1087 690//1087
f 674//1088 702//1088 673//1088
f 697//1089 696//1089 699//1089
f 701//1090 700//1090 698//1090
f 704//1091 702//1091 703//1091
f 673//1092 708//1092 706//1092
f 705//1093 673//1093 702//1093
f 704//1094 705//1094 702//1094
f 674//1095 708//1095 705//1095
f 708//1096 707//1096 706//1096
f 441//1097 711//1097 439//1097
f 440//1098 675//1098 432//1098
f 668//1099 714//1099 713//1099
f 712//1100 667//1100 678//1100
f 712//1101 679//1101 667//1101
f 715//1102 716//1102 714//1102
f 682//1103 716//1103 681//1103
f 682//1104 725//1104 723//1104
f 719//1105 678//1105 677//1105
f 677//1106 721//1106 719//1106
f 720//1107 712//1107 678//1107
f 727//1108 533//1108 552//1108
f 713//1109 721//1109 661//1109
f 714//1110 723//1110 713//1110
f 722//1111 714//1111 712//1111
f 715//1112 714//1112 722//1112
f 724//1113 681//1113 715//1113
f 683//1114 681//1114 724//1114
f 718//1115 730//1115 729//1115
f 718//1116 731//1116 720//1116
f 731//1117 722//1117 720//1117
f 738//1118 726//1118 683//1118
f 723//1119 733//1119 721//1119
f 724//1120 715//1120 732//1120
f 725//1121 733//1121 723//1121
f 738//1122 683//1122 724//1122
f 735//1123 734//1123 726//1123
f 551//1124 727//1124 552//1124
f 737//1125 724//1125 732//1125
f 727//1126 736//1126 717//1126
f 740//1127 729//1127 728//1127
f 734//1128 733//1128 725//1128
f 743//1129 731//1129 742//1129
f 736//1130 561//1130 540//1130
f 741//1131 740//1131 730//1131
f 741//1132 731//1132 740//1132
f 721//1133 742//1133 741//1133
f 721//1134 744//1134 742//1134
f 743//1135 744//1135 745//1135
f 748//1136 738//1136 737//1136
f 739//1137 744//1137 733//1137
f 746//1138 735//1138 738//1138
f 744//1139 751//1139 749//1139
f 754//1140 755//1140 753//1140
f 746//1141 738//1141 750//1141
f 747//1142 576//1142 585//1142
f 755//1143 748//1143 745//1143
f 748//1144 757//1144 750//1144
f 749//1145 755//1145 745//1145
f 761//1146 586//1146 594//1146
f 749//1147 750//1147 757//1147
f 751//1148 750//1148 749//1148
f 752//1149 746//1149 750//1149
f 759//1150 593//1150 586//1150
f 755//1151 765//1151 763//1151
f 764//1152 756//1152 754//1152
f 756//1153 765//1153 757//1153
f 706//1154 725//1154 673//1154
f 752//1155 750//1155 766//1155
f 709//1156 771//1156 769//1156
f 767//1157 707//1157 684//1157
f 772//1158 710//1158 709//1158
f 773//1159 771//1159 710//1159
f 777//1160 769//1160 778//1160
f 767//1161 726//1161 725//1161
f 774//1162 770//1162 768//1162
f 776//1163 734//1163 735//1163
f 778//1164 783//1164 782//1164
f 778//1165 774//1165 777//1165
f 774//1166 768//1166 777//1166
f 775//1167 778//1167 769//1167
f 772//1168 783//1168 775//1168
f 783//1169 772//1169 774//1169
f 781//1170 779//1170 780//1170
f 782//1171 774//1171 778//1171
f 746//1172 779//1172 735//1172
f 783//1173 774//1173 782//1173
f 779//1174 786//1174 784//1174
f 780//1175 779//1175 785//1175
f 752//1176 785//1176 746//1176
f 786//1177 781//1177 780//1177
f 784//1178 788//1178 751//1178
f 784//1179 790//1179 788//1179
f 789//1180 786//1180 780//1180
f 788//1181 750//1181 751//1181
f 794//1182 793//1182 787//1182
f 766//1183 795//1183 797//1183
f 795//1184 789//1184 752//1184
f 792//1185 791//1185 796//1185
f 766//1186 795//1186 752//1186
f 593//1187 798//1187 607//1187
f 798//1188 761//1188 800//1188
f 799//647 800//647 801//647
f 799//1189 761//1189 594//1189
f 800//1190 762//1190 802//1190
f 806//1191 803//1191 804//1191
f 762//1192 761//1192 801//1192
f 806//1193 753//1193 805//1193
f 763//1194 805//1194 753//1194
f 806//1195 764//1195 754//1195
f 798//1196 618//1196 607//1196
f 809//1197 799//1197 810//1197
f 618//1198 799//1198 608//1198
f 758//1199 811//1199 808//1199
f 802//1200 801//1200 813//1200
f 811//1201 760//1201 808//1201
f 812//1202 809//1202 810//1202
f 801//1203 800//1203 813//1203
f 629//1204 809//1204 816//1204
f 814//1205 806//1205 804//1205
f 807//1206 814//1206 805//1206
f 816//1207 810//1207 629//1207
f 810//1208 618//1208 629//1208
f 814//1209 819//1209 803//1209
f 804//1210 803//1210 819//1210
f 819//1211 814//1211 804//1211
f 818//1212 822//1212 817//1212
f 818//1213 817//1213 822//1213
f 10//1214 14//1214 13//1214
f 13//1215 15//1215 11//1215
f 16//1216 17//1216 15//1216
f 18//1217 19//1217 12//1217
f 20//1218 21//1218 18//1218
f 23//1219 35//1219 36//1219
f 39//1220 40//1220 25//1220
f 23//1221 2//1221 41//1221
f 27//1222 43//1222 41//1222
f 27//1223 29//1223 46//1223
f 28//1224 42//1224 47//1224
f 48//1225 31//1225 30//1225
f 46//1226 29//1226 33//1226
f 36//1227 9//1227 10//1227
f 11//1228 50//1228 37//1228
f 51//1229 50//1229 11//1229
f 38//1230 39//1230 50//1230
f 54//1231 57//1231 40//1231
f 41//1232 58//1232 55//1232
f 58//1233 41//1233 43//1233
f 58//1234 59//1234 69//1234
f 60//1235 49//1235 72//1235
f 72//1236 49//1236 63//1236
f 64//1237 62//1237 76//1237
f 14//1238 9//1238 77//1238
f 78//1239 56//1239 68//1239
f 80//1240 70//1240 57//1240
f 72//1241 81//1241 76//1241
f 83//1242 16//1242 77//1242
f 88//1243 89//1243 74//1243
f 89//1244 111//1244 81//1244
f 83//1245 90//1245 20//1245
f 18//1246 21//1246 90//1246
f 83//1247 79//1247 92//1247
f 65//1248 90//1248 92//1248
f 93//1249 95//1249 94//1249
f 87//1250 88//1250 99//1250
f 91//1251 100//1251 104//1251
f 94//1252 96//1252 106//1252
f 107//1253 97//1253 95//1253
f 106//1254 96//1254 98//1254
f 107//1255 109//1255 98//1255
f 111//1256 89//1256 98//1256
f 113//1257 114//1257 116//1257
f 116//1258 118//1258 114//1258
f 116//1259 117//1259 122//1259
f 122//1260 118//1260 116//1260
f 120//1261 126//1261 125//1261
f 124//1262 130//1262 128//1262
f 128//1263 130//1263 134//1263
f 129//1264 134//1264 130//1264
f 135//1265 136//1265 142//1265
f 347//1266 145//1266 139//1266
f 100//1267 102//1267 149//1267
f 102//1268 103//1268 151//1268
f 100//1269 150//1269 151//1269
f 106//1270 108//1270 153//1270
f 108//1271 99//1271 155//1271
f 147//1272 149//1272 156//1272
f 148//1273 118//1273 156//1273
f 158//1274 157//1274 162//1274
f 160//1275 168//1275 162//1275
f 171//1276 173//1276 172//1276
f 165//1277 166//1277 174//1277
f 165//1278 175//1278 176//1278
f 166//1279 161//1279 177//1279
f 177//1280 160//1280 167//1280
f 131//1281 170//1281 179//1281
f 180//1282 171//1282 131//1282
f 171//1283 180//1283 181//1283
f 172//1284 174//1284 175//1284
f 182//1285 177//1285 161//1285
f 179//1286 181//1286 185//1286
f 199//1287 194//1287 196//1287
f 193//1288 201//1288 196//1288
f 201//1289 203//1289 202//1289
f 213//1290 205//1290 206//1290
f 207//1291 212//1291 217//1291
f 73//1292 63//1292 210//1292
f 221//1293 224//1293 88//1293
f 224//1294 221//1294 222//1294
f 225//1295 222//1295 76//1295
f 223//1296 215//1296 230//1296
f 230//647 232//647 233//647
f 229//1297 236//1297 231//1297
f 237//1298 232//1298 226//1298
f 238//1299 234//1299 217//1299
f 200//1300 202//1300 240//1300
f 240//1301 203//1301 201//1301
f 256//1302 263//1302 262//1302
f 256//1303 257//1303 264//1303
f 262//1304 264//1304 257//1304
f 261//1305 302//1305 270//1305
f 265//1306 266//1306 273//1306
f 265//1307 272//1307 274//1307
f 274//1308 273//1308 267//1308
f 154//1309 275//1309 110//1309
f 276//1310 280//1310 282//1310
f 164//1311 284//1311 275//1311
f 284//1312 285//1312 279//1312
f 282//1313 287//1313 283//1313
f 288//1314 282//1314 280//1314
f 287//1315 289//1315 288//1315
f 282//1316 288//1316 289//1316
f 263//1317 264//1317 304//1317
f 307//1318 302//1318 269//1318
f 307//1319 309//1319 270//1319
f 310//1320 311//1320 306//1320
f 305//1321 273//1321 312//1321
f 312//1322 274//1322 306//1322
f 310//1323 312//1323 316//1323
f 318//1324 308//1324 303//1324
f 318//1325 320//1325 304//1325
f 316//1326 313//1326 325//1326
f 330//1327 314//1327 320//1327
f 294//1328 291//1328 326//1328
f 294//1329 333//1329 327//1329
f 326//1330 328//1330 334//1330
f 335//1331 328//1331 327//1331
f 329//1332 323//1332 334//1332
f 334//1333 323//1333 330//1333
f 335//1334 330//1334 329//1334
f 336//1335 337//1335 341//1335
f 336//1336 340//1336 688//1336
f 344//1337 342//1337 345//1337
f 349//1338 352//1338 353//1338
f 350//1339 146//1339 354//1339
f 355//1340 348//1340 358//1340
f 358//1341 351//1341 355//1341
f 359//1342 363//1342 364//1342
f 367//1343 373//1343 362//1343
f 367//1344 372//1344 371//1344
f 366//1345 376//1345 377//1345
f 353//1346 387//1346 383//1346
f 354//1347 383//1347 384//1347
f 388//1348 384//1348 383//1348
f 187//1349 183//1349 392//1349
f 388//1350 389//1350 394//1350
f 390//1351 391//1351 396//1351
f 360//1352 399//1352 387//1352
f 400//1353 398//1353 402//1353
f 354//1354 394//1354 402//1354
f 402//1355 403//1355 405//1355
f 405//1356 407//1356 406//1356
f 408//1357 410//1357 386//1357
f 414//1358 404//1358 406//1358
f 397//1359 408//1359 418//1359
f 385//1360 417//1360 418//1360
f 364//1361 373//1361 420//1361
f 400//1362 401//1362 422//1362
f 425//1363 426//1363 419//1363
f 432//1364 426//1364 424//1364
f 373//1365 378//1365 433//1365
f 379//1366 434//1366 433//1366
f 431//1367 439//1367 430//1367
f 443//1368 444//1368 447//1368
f 375//1369 449//1369 446//1369
f 447//1370 450//1370 375//1370
f 372//1371 460//1371 451//1371
f 453//1372 454//1372 379//1372
f 444//1373 443//1373 456//1373
f 444//1374 457//1374 459//1374
f 458//1375 449//1375 450//1375
f 456//1376 464//1376 445//1376
f 463//1377 443//1377 458//1377
f 463//1378 473//1378 474//1378
f 472//1379 474//1379 465//1379
f 477//1380 467//1380 466//1380
f 473//1381 465//1381 467//1381
f 467//1382 476//1382 479//1382
f 466//1383 461//1383 481//1383
f 469//1384 455//1384 485//1384
f 472//1385 487//1385 486//1385
f 486//1386 487//1386 464//1386
f 488//1387 476//1387 468//1387
f 478//1388 490//1388 488//1388
f 490//1389 479//1389 476//1389
f 473//1390 488//1390 500//1390
f 489//1391 491//1391 501//1391
f 501//1392 490//1392 492//1392
f 500//1393 501//1393 507//1393
f 502//1394 508//1394 507//1394
f 510//1395 512//1395 496//1395
f 502//1396 496//1396 513//1396
f 505//1397 506//1397 514//1397
f 511//1398 514//1398 522//1398
f 454//1399 525//1399 434//1399
f 380//1400 421//1400 526//1400
f 528//1401 435//1401 525//1401
f 529//1402 428//1402 528//1402
f 531//1403 532//1403 429//1403
f 539//1404 533//1404 440//1404
f 534//1405 535//1405 527//1405
f 529//1406 530//1406 541//1406
f 544//1407 470//1407 471//1407
f 536//1408 541//1408 549//1408
f 557//1409 558//1409 554//1409
f 554//1410 558//1410 535//1410
f 556//1411 566//1411 548//1411
f 553//1412 554//1412 564//1412
f 504//1413 564//1413 554//1413
f 553//1414 563//1414 566//1414
f 564//1415 568//1415 567//1415
f 567//1416 568//1416 558//1416
f 558//1417 568//1417 569//1417
f 566//1418 565//1418 571//1418
f 560//1419 575//1419 572//1419
f 561//1420 562//1420 574//1420
f 561//1421 576//1421 575//1421
f 577//1422 505//1422 513//1422
f 577//1423 565//1423 566//1423
f 567//1424 569//1424 579//1424
f 564//1425 515//1425 579//1425
f 555//1426 547//1426 582//1426
f 582//1427 572//1427 591//1427
f 590//1428 591//1428 573//1428
f 601//1429 588//1429 577//1429
f 580//1430 582//1430 604//1430
f 581//1431 603//1431 604//1431
f 610//1432 600//1432 602//1432
f 611//1433 603//1433 601//1433
f 612//1434 613//1434 624//1434
f 623//1435 624//1435 614//1435
f 613//1436 615//1436 625//1436
f 614//1437 624//1437 626//1437
f 615//1438 616//1438 627//1438
f 627//1439 617//1439 615//1439
f 386//1440 632//1440 295//1440
f 300//1441 301//1441 638//1441
f 640//1442 639//1442 638//1442
f 636//1443 642//1443 633//1443
f 641//1444 643//1444 635//1444
f 298//1445 643//1445 645//1445
f 639//1446 685//1446 644//1446
f 646//1447 685//1447 640//1447
f 649//1448 644//1448 646//1448
f 653//1449 656//1449 657//1449
f 649//1450 650//1450 658//1450
f 393//1451 441//1451 425//1451
f 393//1452 651//1452 659//1452
f 419//1453 426//1453 660//1453
f 432//1454 664//1454 660//1454
f 660//1455 664//1455 665//1455
f 659//1456 654//1456 666//1456
f 665//1457 667//1457 657//1457
f 661//1458 662//1458 669//1458
f 670//1459 655//1459 657//1459
f 670//1460 671//1460 658//1460
f 663//1461 676//1461 675//1461
f 432//1462 675//1462 676//1462
f 677//1463 678//1463 665//1463
f 679//1464 680//1464 670//1464
f 672//1465 683//1465 684//1465
f 332//1466 685//1466 639//1466
f 339//1467 340//1467 341//1467
f 686//1468 687//1468 690//1468
f 690//1469 692//1469 339//1469
f 339//1470 692//1470 693//1470
f 694//1471 690//1471 691//1471
f 694//1472 695//1472 692//1472
f 674//1473 703//1473 702//1473
f 673//1474 705//1474 708//1474
f 674//1475 707//1475 708//1475
f 441//1476 675//1476 711//1476
f 440//1477 711//1477 675//1477
f 668//1478 679//1478 714//1478
f 712//1479 714//1479 679//1479
f 715//1480 681//1480 716//1480
f 682//1481 723//1481 716//1481
f 682//1482 673//1482 725//1482
f 719//1483 720//1483 678//1483
f 677//1484 661//1484 721//1484
f 720//1485 722//1485 712//1485
f 727//1486 711//1486 533//1486
f 718//1487 719//1487 730//1487
f 718//1488 729//1488 731//1488
f 731//1489 732//1489 722//1489
f 738//1490 735//1490 726//1490
f 551//1491 736//1491 727//1491
f 737//1492 738//1492 724//1492
f 734//1493 739//1493 733//1493
f 743//1494 732//1494 731//1494
f 721//1495 733//1495 744//1495
f 743//1496 742//1496 744//1496
f 748//1497 750//1497 738//1497
f 744//1498 739//1498 751//1498
f 754//1499 756//1499 755//1499
f 755//1500 756//1500 748//1500
f 748//1501 756//1501 757//1501
f 761//1502 759//1502 586//1502
f 755//1503 749//1503 765//1503
f 756//1504 764//1504 765//1504
f 706//1505 767//1505 725//1505
f 709//1506 710//1506 771//1506
f 772//1507 773//1507 710//1507
f 777//1508 768//1508 769//1508
f 778//1509 775//1509 783//1509
f 746//1510 785//1510 779//1510
f 779//1511 781//1511 786//1511
f 752//1512 789//1512 785//1512
f 784//1513 786//1513 790//1513
f 789//1514 790//1514 786//1514
f 788//1515 795//1515 750//1515
f 766//1516 750//1516 795//1516
f 593//1517 759//1517 798//1517
f 798//1518 759//1518 761//1518
f 799//647 798//647 800//647
f 799//1519 801//1519 761//1519
f 800//1520 761//1520 762//1520
f 806//1521 805//1521 803//1521
f 806//1522 754//1522 753//1522
f 763//1523 807//1523 805//1523
f 806//1524 807//1524 764//1524
f 798//1525 809//1525 618//1525
f 809//1197 798//1197 799//1197
f 618//1526 810//1526 799//1526
f 758//1527 760//1527 811//1527
f 802//1528 762//1528 801//1528
f 629//1529 618//1529 809//1529
f 816//1530 812//1530 810//1530
f 814//1531 820//1531 819//1531
l 523 587
l 821 815
