# Blender 5.2.0 LTS
# www.blender.org
o Coral_Clathrata_A_tmp
v -0.028131 -0.002670 -0.000507
v -0.231180 -0.157807 0.073881
v -0.231763 -0.146949 0.073995
v -0.222033 -0.175519 0.074213
v -0.223075 -0.169021 0.063812
v -0.222627 -0.174500 0.066515
v -0.222299 -0.156241 0.064604
v -0.228216 -0.161250 0.070025
v -0.227032 -0.161051 0.075285
v -0.226428 -0.143439 0.070562
v -0.224991 -0.132086 0.071156
v -0.224568 -0.100093 0.071796
v -0.222253 -0.072052 0.074213
v -0.226428 -0.143439 0.075466
v -0.224869 -0.128500 0.076097
v -0.224348 -0.100109 0.077010
v -0.167301 -0.222368 0.064548
v -0.158458 -0.223412 0.066701
v -0.144747 -0.225808 0.063405
v -0.213098 -0.186135 0.064328
v -0.213428 -0.185613 0.069416
v -0.214851 -0.179998 0.063526
v -0.216640 -0.162274 0.062672
v -0.217413 -0.150871 0.064164
v -0.204437 -0.203749 0.063679
v -0.204564 -0.203618 0.067553
v -0.208294 -0.189281 0.063037
v -0.208618 -0.188703 0.069742
v -0.202586 -0.176728 0.074057
v -0.207289 -0.170358 0.074212
v -0.202580 -0.161396 0.071393
v -0.202116 -0.151850 0.071957
v -0.198891 -0.205160 0.069861
v -0.196525 -0.194402 0.060332
v -0.198891 -0.198389 0.072663
v -0.198620 -0.189382 0.071898
v -0.190252 -0.154063 0.059897
v -0.185236 -0.212667 0.064562
v -0.188717 -0.207959 0.063060
v -0.188987 -0.207562 0.069221
v -0.189574 -0.198389 0.072925
v -0.188709 -0.171980 0.072102
v -0.187740 -0.173608 0.058990
v -0.173521 -0.146097 0.071852
v -0.171384 -0.216628 0.068214
v -0.166765 -0.208811 0.060494
v -0.175551 -0.207511 0.071529
v -0.180369 -0.193026 0.061252
v -0.179642 -0.194813 0.071948
v -0.180270 -0.170812 0.070768
v -0.170252 -0.217333 0.062248
v -0.153748 -0.198233 0.061315
v -0.156095 -0.218678 0.069790
v -0.162470 -0.208008 0.072591
v -0.162019 -0.170046 0.072066
v -0.162209 -0.154033 0.059202
v -0.138078 -0.217707 0.061696
v -0.143590 -0.208818 0.072201
v -0.155160 -0.192626 0.073743
v -0.153096 -0.174521 0.059559
v -0.147929 -0.176601 0.071140
v -0.157135 -0.154730 0.071700
v -0.212629 -0.185091 0.074126
v -0.216450 -0.179415 0.074344
v -0.216609 -0.140253 0.077205
v -0.207341 -0.146341 0.075287
v -0.194819 -0.203548 0.074653
v -0.158532 -0.203811 0.074251
v -0.216265 -0.138955 0.064790
v -0.217013 -0.130140 0.066889
v -0.217451 -0.104698 0.068411
v -0.217867 -0.069509 0.072306
v -0.205978 -0.128840 0.064589
v -0.204090 -0.103429 0.066897
v -0.203889 -0.070516 0.069115
v -0.186817 -0.139253 0.059428
v -0.195192 -0.139636 0.073747
v -0.191103 -0.083815 0.068194
v -0.186590 -0.129903 0.073486
v -0.187221 -0.100477 0.064760
v -0.169654 -0.125118 0.059797
v -0.173818 -0.101439 0.063919
v -0.172186 -0.092471 0.066511
v -0.165237 -0.059463 0.067031
v -0.165952 -0.118898 0.073124
v -0.159942 -0.137862 0.069600
v -0.153443 -0.114675 0.058918
v -0.161721 -0.088508 0.064179
v -0.156925 -0.072129 0.065613
v -0.148082 -0.130760 0.073226
v -0.138014 -0.088010 0.060040
v -0.217345 -0.115364 0.080218
v -0.216705 -0.081689 0.079732
v -0.201404 -0.125191 0.076977
v -0.207707 -0.098968 0.080695
v -0.207643 -0.081096 0.081702
v -0.190380 -0.079726 0.079017
v -0.175270 -0.113295 0.076312
v -0.187898 -0.101017 0.077784
v -0.171915 -0.106100 0.076778
v -0.167122 -0.069637 0.079705
v -0.170790 -0.087789 0.077406
v -0.162391 -0.109785 0.079051
v -0.158962 -0.104325 0.084813
v -0.161891 -0.096886 0.079340
v -0.158834 -0.099516 0.084281
v -0.158799 -0.088024 0.076579
v -0.148872 -0.121763 0.093927
v -0.154793 -0.113231 0.081620
v -0.150773 -0.115847 0.087366
v -0.150184 -0.115477 0.094800
v -0.152963 -0.107017 0.087392
v -0.149703 -0.109609 0.093953
v -0.145465 -0.095055 0.079135
v -0.213378 -0.054558 0.073343
v -0.207462 -0.051166 0.072504
v -0.204221 -0.045025 0.074256
v -0.197691 -0.060174 0.068561
v -0.198557 -0.042092 0.072454
v -0.194253 -0.027714 0.073683
v -0.177871 -0.054854 0.067715
v -0.159387 -0.032572 0.068394
v -0.180144 -0.025369 0.073088
v -0.174386 -0.019122 0.073728
v -0.143710 -0.064546 0.064617
v -0.144913 -0.047312 0.066744
v -0.153260 -0.013011 0.071915
v -0.150756 -0.008365 0.072938
v -0.217594 -0.069145 0.076096
v -0.215372 -0.059586 0.078179
v -0.214024 -0.054681 0.083988
v -0.214319 -0.053276 0.078524
v -0.207858 -0.069286 0.080126
v -0.207623 -0.059586 0.081433
v -0.210885 -0.053899 0.083948
v -0.207333 -0.050914 0.079031
v -0.193769 -0.062150 0.081511
v -0.198620 -0.050810 0.080812
v -0.198140 -0.042637 0.079231
v -0.195015 -0.039684 0.083558
v -0.194098 -0.028322 0.081940
v -0.188283 -0.049821 0.079921
v -0.189876 -0.042481 0.081367
v -0.189639 -0.031861 0.083255
v -0.180868 -0.024242 0.083926
v -0.181979 -0.033266 0.082759
v -0.180307 -0.021615 0.077847
v -0.177400 -0.017143 0.083626
v -0.169750 -0.054712 0.078915
v -0.174944 -0.037417 0.083053
v -0.169251 -0.023233 0.083719
v -0.168326 -0.015701 0.079869
v -0.156027 -0.016795 0.083467
v -0.153469 -0.068013 0.078143
v -0.150163 -0.042967 0.078574
v -0.144856 -0.025236 0.079478
v -0.152646 -0.022439 0.081227
v -0.153303 -0.012945 0.079296
v -0.150775 -0.008247 0.076136
v -0.142393 -0.225002 0.069623
v -0.126399 -0.223536 0.063639
v -0.133953 -0.224454 0.069286
v -0.121541 -0.232931 0.073598
v -0.124676 -0.227280 0.068912
v -0.112051 -0.241457 0.072680
v -0.115362 -0.235526 0.070793
v -0.116283 -0.223835 0.064635
v -0.101595 -0.235608 0.069628
v -0.094267 -0.251239 0.072914
v -0.097743 -0.245585 0.072104
v -0.070521 -0.242036 0.073815
v -0.081133 -0.220879 0.068145
v -0.138235 -0.221550 0.073874
v -0.124120 -0.225797 0.075707
v -0.111696 -0.241672 0.075708
v -0.115011 -0.235775 0.076959
v -0.095793 -0.251876 0.078524
v -0.094035 -0.250805 0.083847
v -0.097735 -0.245219 0.079184
v -0.096461 -0.234312 0.080082
v -0.087251 -0.251850 0.078234
v -0.087158 -0.251432 0.083788
v -0.082488 -0.247928 0.075007
v -0.088030 -0.238876 0.083066
v -0.085091 -0.226445 0.082646
v -0.073684 -0.259608 0.083150
v -0.078059 -0.253588 0.080206
v -0.078059 -0.253588 0.084589
v -0.142393 -0.217893 0.071996
v -0.136166 -0.188536 0.072805
v -0.131117 -0.172667 0.058298
v -0.141076 -0.145543 0.071949
v -0.128322 -0.213041 0.072690
v -0.127918 -0.192512 0.061736
v -0.120056 -0.178053 0.072932
v -0.141144 -0.163064 0.070651
v -0.119926 -0.152291 0.070674
v -0.120173 -0.202767 0.073579
v -0.102037 -0.163645 0.070350
v -0.115201 -0.193438 0.073966
v -0.102799 -0.158673 0.057603
v -0.123081 -0.155829 0.057283
v -0.112321 -0.149392 0.055446
v -0.104475 -0.213689 0.064295
v -0.100419 -0.195864 0.062813
v -0.101030 -0.194102 0.072572
v -0.098860 -0.171171 0.070390
v -0.110419 -0.147427 0.072725
v -0.091379 -0.204901 0.065299
v -0.096155 -0.189491 0.074269
v -0.094722 -0.178722 0.071991
v -0.093420 -0.145784 0.055358
v -0.096725 -0.152601 0.074705
v -0.084718 -0.173742 0.058497
v -0.083761 -0.152975 0.055772
v -0.088198 -0.155291 0.072588
v -0.072807 -0.200965 0.064354
v -0.068478 -0.187397 0.072567
v -0.073487 -0.160573 0.071415
v -0.055995 -0.158675 0.059146
v -0.079353 -0.150992 0.072673
v -0.125131 -0.206924 0.074419
v -0.129053 -0.194807 0.074918
v -0.122529 -0.216577 0.075394
v -0.122600 -0.183257 0.074573
v -0.120014 -0.148898 0.091551
v -0.122119 -0.149175 0.097000
v -0.122065 -0.147085 0.102816
v -0.111529 -0.158586 0.101545
v -0.115086 -0.154060 0.096607
v -0.115086 -0.152243 0.103148
v -0.099013 -0.200291 0.075557
v -0.100475 -0.184533 0.074641
v -0.108610 -0.158562 0.100616
v -0.103713 -0.150407 0.091068
v -0.105562 -0.152684 0.096755
v -0.107739 -0.148907 0.102769
v -0.090632 -0.216074 0.080248
v -0.090194 -0.149765 0.094987
v -0.084114 -0.198334 0.077705
v -0.090095 -0.149962 0.089930
v -0.139084 -0.133991 0.058486
v -0.139372 -0.111565 0.055095
v -0.134167 -0.142177 0.073371
v -0.129527 -0.125783 0.055143
v -0.130985 -0.100258 0.055249
v -0.131616 -0.066855 0.063914
v -0.119943 -0.136926 0.057081
v -0.125091 -0.145438 0.073548
v -0.115961 -0.129180 0.054479
v -0.115145 -0.106713 0.051618
v -0.119889 -0.086663 0.061898
v -0.121635 -0.075746 0.065430
v -0.115361 -0.098464 0.053737
v -0.108264 -0.078731 0.066455
v -0.095875 -0.107019 0.048415
v -0.102641 -0.092305 0.054996
v -0.103128 -0.091114 0.058132
v -0.108780 -0.083325 0.064004
v -0.091082 -0.120614 0.051104
v -0.095192 -0.098574 0.051776
v -0.095165 -0.093410 0.066085
v -0.093141 -0.084790 0.074008
v -0.096294 -0.079167 0.071385
v -0.088283 -0.141689 0.053646
v -0.084702 -0.119735 0.070973
v -0.084424 -0.106239 0.072116
v -0.087762 -0.096378 0.060048
v -0.086423 -0.097127 0.069910
v -0.089020 -0.088731 0.073581
v -0.084543 -0.073519 0.074840
v -0.073702 -0.140637 0.072837
v -0.064229 -0.126316 0.050695
v -0.078499 -0.124308 0.069022
v -0.076199 -0.114716 0.064589
v -0.072879 -0.105662 0.048219
v -0.075745 -0.106201 0.064144
v -0.079199 -0.096213 0.051204
v -0.078676 -0.096574 0.060586
v -0.080782 -0.100540 0.067093
v -0.076324 -0.090956 0.055466
v -0.139907 -0.130385 0.093932
v -0.143738 -0.124874 0.080141
v -0.143463 -0.124791 0.087597
v -0.142971 -0.124647 0.095847
v -0.147220 -0.118938 0.083042
v -0.143191 -0.115477 0.097040
v -0.143577 -0.104233 0.088937
v -0.139662 -0.087796 0.075629
v -0.143112 -0.078529 0.075099
v -0.129039 -0.140909 0.090133
v -0.127938 -0.142013 0.096452
v -0.134691 -0.134438 0.078605
v -0.133953 -0.133623 0.087990
v -0.133726 -0.133485 0.096600
v -0.137184 -0.127772 0.082696
v -0.133953 -0.124715 0.097918
v -0.133433 -0.111182 0.095549
v -0.133507 -0.102597 0.088818
v -0.123320 -0.094682 0.084315
v -0.132530 -0.077989 0.075715
v -0.120071 -0.138346 0.082980
v -0.122753 -0.135828 0.100947
v -0.124715 -0.124715 0.097304
v -0.121311 -0.110462 0.091909
v -0.115302 -0.086466 0.081575
v -0.116191 -0.142138 0.079234
v -0.115582 -0.143081 0.086382
v -0.121065 -0.139058 0.102301
v -0.107375 -0.125276 0.094944
v -0.099295 -0.146075 0.080275
v -0.105198 -0.142694 0.100220
v -0.101349 -0.114183 0.092173
v -0.105834 -0.101464 0.088737
v -0.099364 -0.071100 0.083185
v -0.087907 -0.146780 0.086388
v -0.092281 -0.133761 0.098149
v -0.093782 -0.093450 0.088843
v -0.087762 -0.146360 0.081303
v -0.087314 -0.143911 0.096524
v -0.084971 -0.119445 0.077024
v -0.078513 -0.123205 0.098815
v -0.094400 -0.108942 0.093381
v -0.087252 -0.102806 0.092898
v -0.083433 -0.096803 0.074249
v -0.077507 -0.143053 0.077719
v -0.071842 -0.140828 0.088256
v -0.077641 -0.140937 0.097745
v -0.075052 -0.133070 0.077827
v -0.070357 -0.133486 0.085620
v -0.079007 -0.124308 0.078939
v -0.078343 -0.115498 0.082300
v -0.078144 -0.085220 0.077861
v -0.079515 -0.085845 0.093220
v -0.073486 -0.069261 0.095470
v -0.137856 -0.054956 0.064582
v -0.116405 -0.041986 0.067207
v -0.126205 -0.015565 0.068476
v -0.126106 -0.005851 0.072011
v -0.113982 -0.053407 0.066839
v -0.109555 -0.008273 0.073089
v -0.103808 -0.068670 0.068378
v -0.099736 -0.023170 0.073106
v -0.092532 -0.053989 0.073887
v -0.093478 -0.033579 0.074604
v -0.136824 -0.013801 0.079725
v -0.133472 -0.063835 0.076665
v -0.125996 -0.006033 0.077873
v -0.122694 -0.064281 0.077825
v -0.120472 -0.008862 0.083314
v -0.116819 -0.029075 0.080667
v -0.112101 -0.020558 0.082037
v -0.115477 -0.006217 0.078524
v -0.108809 -0.047549 0.082230
v -0.101855 -0.037168 0.082832
v -0.104520 -0.025914 0.085823
v -0.100956 -0.011745 0.075919
v -0.107124 -0.014709 0.084845
v -0.100647 -0.008422 0.083617
v -0.097735 -0.035074 0.085597
v -0.097000 -0.023095 0.087247
v -0.097398 -0.014097 0.084841
v -0.078340 -0.058149 0.092488
v -0.080416 -0.048024 0.092945
v -0.082518 -0.036827 0.092856
v -0.086920 -0.032794 0.089891
v -0.088231 -0.023407 0.080570
v -0.088231 -0.023407 0.085576
v -0.091365 -0.017251 0.083177
v -0.078643 -0.048667 0.078332
v -0.078353 -0.026903 0.087725
v -0.067645 -0.221605 0.070154
v -0.069407 -0.254555 0.080326
v -0.069407 -0.254555 0.085563
v -0.066883 -0.243943 0.088158
v -0.069895 -0.222544 0.085236
v -0.056571 -0.260242 0.081725
v -0.056326 -0.260439 0.084357
v -0.060280 -0.254555 0.080125
v -0.060276 -0.254354 0.086609
v -0.063397 -0.237180 0.074967
v -0.047847 -0.236336 0.088672
v -0.049842 -0.253246 0.078392
v -0.046543 -0.229953 0.075371
v -0.038883 -0.259806 0.082349
v -0.033676 -0.259172 0.088453
v -0.039223 -0.253872 0.090619
v -0.034014 -0.218633 0.087883
v -0.030772 -0.259301 0.093025
v -0.028930 -0.256110 0.084660
v -0.031263 -0.254049 0.093318
v -0.025526 -0.224133 0.077791
v -0.031430 -0.234212 0.091389
v -0.016616 -0.260444 0.090572
v -0.016672 -0.260310 0.093970
v -0.022341 -0.250208 0.083063
v -0.022538 -0.252864 0.095574
v -0.019396 -0.227880 0.093056
v -0.013464 -0.254430 0.087688
v -0.013464 -0.254430 0.094825
v -0.003237 -0.242666 0.096610
v -0.000881 -0.259028 0.092390
v -0.004181 -0.254430 0.089190
v -0.004181 -0.254430 0.094538
v -0.001383 -0.234674 0.082301
v -0.000889 -0.244610 0.084410
v -0.002030 -0.225033 0.093363
v -0.060754 -0.204851 0.065856
v -0.071503 -0.153733 0.056495
v -0.068740 -0.145178 0.071103
v -0.061607 -0.160001 0.071621
v -0.054260 -0.185521 0.062575
v -0.044922 -0.194791 0.067434
v -0.051070 -0.164238 0.073459
v -0.041908 -0.130068 0.068339
v -0.039773 -0.172383 0.065032
v -0.040959 -0.159625 0.074597
v -0.052267 -0.145214 0.056388
v -0.025709 -0.211012 0.074428
v -0.029777 -0.195884 0.070074
v -0.030808 -0.164330 0.064054
v -0.019829 -0.145454 0.060998
v -0.029478 -0.147074 0.073908
v -0.014945 -0.166506 0.065968
v -0.005632 -0.194750 0.072180
v 0.004908 -0.157412 0.064343
v -0.069789 -0.210715 0.081080
v -0.054558 -0.215674 0.083565
v -0.048618 -0.206874 0.082513
v -0.054187 -0.194518 0.079073
v -0.058656 -0.173393 0.073744
v -0.045438 -0.211622 0.085389
v -0.041572 -0.189382 0.078793
v -0.032812 -0.173637 0.079289
v -0.031268 -0.200919 0.084284
v -0.022625 -0.184426 0.082594
v -0.006462 -0.210385 0.075938
v -0.014365 -0.215218 0.089840
v -0.013094 -0.191491 0.084126
v -0.013002 -0.158485 0.077849
v 0.000319 -0.217525 0.091946
v 0.000211 -0.186778 0.086035
v -0.001750 -0.173446 0.081239
v 0.005569 -0.155525 0.079361
v -0.069121 -0.125089 0.065009
v -0.069570 -0.098825 0.060714
v -0.062405 -0.097031 0.048082
v -0.062252 -0.089250 0.051558
v -0.069286 -0.090983 0.057004
v -0.060784 -0.138988 0.068308
v -0.059528 -0.121991 0.063865
v -0.056741 -0.108340 0.047992
v -0.054824 -0.101255 0.045721
v -0.061144 -0.089618 0.056503
v -0.057747 -0.083741 0.044656
v -0.056988 -0.079388 0.050547
v -0.045177 -0.119042 0.051474
v -0.044360 -0.118787 0.064759
v -0.040600 -0.093091 0.055730
v -0.050810 -0.087762 0.042458
v -0.055831 -0.083418 0.055403
v -0.046187 -0.074987 0.036943
v -0.050668 -0.077584 0.051423
v -0.037801 -0.130441 0.056030
v -0.043981 -0.103294 0.045989
v -0.038001 -0.092247 0.043368
v -0.028023 -0.128173 0.055220
v -0.034416 -0.108332 0.049982
v -0.032210 -0.118186 0.065757
v -0.033250 -0.089890 0.055101
v -0.030084 -0.076953 0.037484
v -0.020813 -0.119292 0.065729
v -0.014912 -0.099517 0.059538
v -0.017449 -0.072531 0.049354
v -0.010698 -0.141072 0.072280
v -0.012519 -0.112837 0.063308
v -0.009164 -0.070566 0.038513
v -0.004835 -0.122782 0.055434
v -0.002428 -0.110965 0.065312
v -0.002644 -0.092817 0.045867
v -0.001738 -0.083260 0.053526
v -0.072284 -0.138880 0.080291
v -0.073775 -0.138665 0.101436
v -0.069885 -0.134267 0.097028
v -0.069414 -0.121414 0.085919
v -0.069286 -0.115477 0.099243
v -0.070618 -0.097461 0.083953
v -0.061179 -0.096420 0.099691
v -0.064654 -0.077162 0.084315
v -0.061305 -0.079660 0.100039
v -0.064260 -0.130254 0.091229
v -0.064352 -0.130392 0.093886
v -0.059806 -0.115164 0.090057
v -0.059806 -0.115164 0.096075
v -0.052156 -0.089356 0.090948
v -0.060048 -0.106239 0.098896
v -0.054864 -0.072753 0.102399
v -0.054930 -0.111809 0.093169
v -0.051405 -0.095375 0.097476
v -0.049072 -0.093091 0.102602
v -0.054732 -0.087762 0.101217
v -0.046981 -0.087762 0.093372
v -0.053213 -0.075111 0.090430
v -0.051380 -0.078909 0.102145
v -0.048084 -0.078521 0.096295
v -0.045252 -0.093044 0.099270
v -0.045267 -0.093097 0.102501
v -0.045334 -0.081665 0.101796
v -0.056309 -0.072919 0.046235
v -0.047991 -0.069286 0.035674
v -0.051988 -0.069635 0.041792
v -0.050547 -0.069635 0.047965
v -0.047691 -0.052807 0.024571
v -0.048316 -0.059865 0.032310
v -0.048598 -0.060467 0.041400
v -0.048584 -0.047474 0.017013
v -0.047048 -0.051130 0.033271
v -0.047086 -0.054369 0.038237
v -0.046579 -0.036685 0.009003
v -0.048825 -0.040828 0.013903
v -0.049007 -0.037583 0.020176
v -0.032701 -0.067103 0.045781
v -0.046871 -0.063523 0.046823
v -0.041725 -0.061954 0.029041
v -0.041199 -0.060467 0.043336
v -0.041357 -0.052163 0.021388
v -0.036466 -0.036313 0.008519
v -0.041572 -0.041930 0.012458
v -0.046388 -0.045000 0.027869
v -0.041167 -0.033100 0.008424
v -0.042393 -0.031427 0.013857
v -0.040786 -0.032689 0.020654
v -0.037817 -0.026619 0.008384
v -0.037304 -0.027327 0.017675
v -0.031898 -0.060150 0.027435
v -0.032667 -0.055044 0.039033
v -0.030445 -0.047296 0.020124
v -0.033537 -0.037554 0.027926
v -0.032201 -0.023362 0.006732
v -0.032201 -0.022208 0.013872
v -0.029034 -0.006456 0.004265
v -0.029236 -0.013934 0.011313
v -0.029480 -0.004789 0.011088
v -0.023164 -0.063646 0.043866
v -0.024333 -0.059801 0.029490
v -0.015744 -0.050395 0.040154
v -0.021850 -0.035234 0.015419
v -0.024022 -0.027816 0.007539
v -0.023536 -0.021320 0.021076
v -0.023793 -0.005956 0.002276
v -0.017748 -0.014038 0.023762
v -0.015052 -0.004688 0.026695
v -0.009524 -0.064711 0.046278
v -0.011861 -0.038666 0.037419
v -0.011636 -0.026472 0.015514
v -0.016212 -0.014557 0.007362
v -0.013674 -0.022015 0.028601
v -0.015111 -0.005513 0.008933
v 0.002494 -0.066262 0.039194
v -0.002734 -0.054497 0.046888
v 0.004207 -0.038154 0.029499
v -0.000436 -0.027416 0.036989
v 0.006132 -0.024875 0.026459
v 0.002358 -0.002298 0.038927
v -0.065852 -0.060639 0.083352
v -0.068016 -0.050557 0.083044
v -0.069342 -0.041473 0.094092
v -0.075430 -0.029526 0.083404
v -0.067851 -0.041284 0.087765
v -0.073766 -0.027395 0.088609
v -0.073669 -0.026865 0.093003
v -0.059923 -0.068140 0.098713
v -0.056057 -0.051810 0.090142
v -0.059137 -0.049897 0.094802
v -0.061386 -0.043980 0.092388
v -0.053172 -0.069368 0.097081
v -0.054687 -0.052464 0.093798
v -0.037410 0.009930 -0.000382
v -0.028160 0.000557 -0.000613
v -0.074693 0.184377 0.052472
v -0.074540 0.183824 0.056230
v -0.074345 0.194435 0.055553
v -0.039026 0.010489 0.011134
v -0.038863 0.013857 0.003796
v -0.038757 0.020428 0.022196
v -0.039173 0.020549 0.006327
v -0.039763 0.023415 0.013830
v -0.038539 0.029113 0.029229
v -0.038086 0.028949 0.016892
v -0.038993 0.032151 0.023376
v -0.038266 0.038871 0.026642
v -0.037304 0.045987 0.036959
v -0.034130 0.003570 0.004619
v -0.033328 0.013020 0.001739
v -0.032431 0.005649 0.013663
v -0.033643 0.021399 0.028088
v -0.032903 0.029696 0.018344
v -0.030313 0.031080 0.035448
v -0.036090 0.040474 0.037153
v -0.032160 0.043354 0.028752
v -0.031904 0.050012 0.034468
v -0.031904 0.050012 0.038939
v -0.027204 0.062281 0.037834
v -0.028133 0.061446 0.041921
v -0.027711 0.065039 0.046359
v -0.028977 0.069286 0.043942
v -0.021427 0.004685 0.006508
v -0.012907 0.008652 0.016034
v -0.023836 0.004317 0.020572
v -0.031188 0.019793 0.006917
v -0.024570 0.025492 0.019117
v -0.019159 0.034187 0.026083
v -0.017676 0.045268 0.030090
v -0.012277 0.043840 0.044683
v -0.023095 0.050810 0.031638
v -0.022435 0.054742 0.044700
v -0.021628 0.065205 0.036408
v -0.023050 0.070837 0.039184
v -0.022232 0.077842 0.052804
v -0.016746 0.005954 0.028617
v -0.010404 0.019079 0.038670
v -0.008061 0.025611 0.028629
v -0.013191 0.067604 0.037130
v -0.005332 0.072243 0.057155
v -0.000446 0.023511 0.046503
v 0.000682 0.043894 0.037269
v -0.008055 0.061977 0.036565
v -0.004619 0.050810 0.050075
v 0.002895 0.065859 0.057659
v -0.064924 0.145029 0.044923
v -0.064328 0.144504 0.049980
v -0.056093 0.129885 0.045872
v -0.060969 0.142274 0.044081
v -0.047233 0.109650 0.043555
v -0.047003 0.109103 0.047072
v -0.050748 0.125597 0.044028
v -0.050748 0.125597 0.048713
v -0.050146 0.137503 0.042421
v -0.047212 0.135732 0.056357
v -0.054719 0.145178 0.054160
v -0.051055 0.149767 0.057133
v -0.037102 0.082713 0.046039
v -0.038389 0.094678 0.042362
v -0.041054 0.104976 0.048953
v -0.042036 0.106151 0.042297
v -0.040869 0.116219 0.040912
v -0.039877 0.123427 0.055439
v -0.041434 0.135283 0.043205
v -0.043293 0.153310 0.047381
v -0.035427 0.143432 0.060193
v -0.032411 0.079225 0.042828
v -0.032223 0.079393 0.049091
v -0.032200 0.093165 0.038937
v -0.032333 0.106239 0.040722
v -0.031618 0.113196 0.055341
v -0.023127 0.087810 0.040144
v -0.023693 0.097114 0.054602
v -0.008529 0.108120 0.046681
v -0.022349 0.124201 0.045946
v -0.010953 0.126110 0.049649
v -0.022296 0.132449 0.060258
v -0.020763 0.146999 0.050436
v -0.021863 0.147805 0.065231
v -0.013594 0.078972 0.040721
v -0.017363 0.093089 0.055299
v 0.001795 0.116974 0.065619
v -0.007726 0.133697 0.064335
v -0.000006 0.091799 0.046172
v -0.002857 0.105384 0.061644
v -0.001462 0.145011 0.055255
v -0.004796 0.149140 0.067618
v -0.065749 0.151726 0.051606
v -0.066248 0.156735 0.056415
v -0.065984 0.167501 0.045442
v -0.068570 0.161667 0.050810
v -0.067671 0.170728 0.050982
v -0.068315 0.179683 0.057028
v -0.068950 0.180425 0.052118
v -0.069286 0.189382 0.050486
v -0.069029 0.197957 0.053517
v -0.068702 0.198066 0.059892
v -0.065678 0.202933 0.065165
v -0.065214 0.221953 0.055151
v -0.067022 0.208023 0.060612
v -0.066509 0.216712 0.060612
v -0.065892 0.222675 0.066187
v -0.059066 0.155750 0.045548
v -0.060655 0.152262 0.056167
v -0.059090 0.172381 0.049291
v -0.058194 0.179956 0.060840
v -0.058430 0.190703 0.050575
v -0.058876 0.195527 0.064234
v -0.060554 0.212268 0.064809
v -0.058205 0.215014 0.054065
v -0.056100 0.219569 0.056493
v -0.051329 0.161912 0.061486
v -0.044200 0.205876 0.056028
v -0.060449 0.226306 0.067056
v -0.031843 0.156022 0.062913
v -0.046432 0.177140 0.050289
v -0.039984 0.173786 0.064336
v -0.044331 0.183667 0.064487
v -0.041807 0.205551 0.069998
v -0.039838 0.218541 0.074232
v -0.023462 0.163845 0.067340
v -0.019958 0.190610 0.059571
v -0.036168 0.193664 0.055257
v -0.031828 0.193097 0.070176
v -0.025264 0.208552 0.072030
v -0.022215 0.223896 0.064083
v -0.014531 0.169298 0.057686
v -0.011666 0.178905 0.074253
v -0.020353 0.190010 0.071904
v -0.018361 0.201707 0.071463
v -0.004834 0.167288 0.071847
v -0.013327 0.210957 0.064805
v -0.000808 0.202856 0.064618
v -0.018112 0.210610 0.074639
v -0.011576 0.196702 0.075387
v -0.015518 0.223465 0.079336
v -0.001870 0.197725 0.077736
v -0.060952 0.225876 0.059607
v -0.057745 0.232770 0.062685
v -0.057745 0.232770 0.066523
v -0.047089 0.224379 0.074026
v -0.050323 0.235739 0.062339
v -0.051015 0.235739 0.069476
v -0.045268 0.241863 0.064390
v -0.047037 0.241526 0.069286
v -0.041142 0.231620 0.061288
v -0.039721 0.249512 0.070363
v -0.034376 0.244232 0.065535
v -0.024423 0.253540 0.071487
v -0.015341 0.243833 0.069011
v -0.019545 0.259200 0.073481
v -0.013252 0.260039 0.072934
v -0.003269 0.260334 0.073516
v -0.046626 0.239943 0.074165
v -0.040900 0.245649 0.074587
v -0.038705 0.250569 0.074150
v -0.027895 0.228290 0.076966
v -0.018586 0.247224 0.082810
v -0.023149 0.254327 0.078668
v -0.018864 0.258299 0.083425
v -0.019655 0.259365 0.078524
v -0.009816 0.230627 0.083079
v -0.013779 0.263737 0.078344
v -0.013779 0.262602 0.084425
v -0.010684 0.269440 0.083061
v -0.007659 0.239643 0.083276
v -0.003818 0.262355 0.087592
v -0.003606 0.270298 0.080338
v -0.002512 0.270385 0.085369
v 0.008044 -0.253086 0.086769
v 0.009663 -0.253850 0.097086
v 0.009955 -0.240868 0.083073
v 0.009449 -0.222402 0.092201
v 0.022482 -0.262742 0.089643
v 0.022673 -0.262905 0.096114
v 0.017843 -0.232273 0.082674
v 0.027593 -0.269038 0.091378
v 0.027213 -0.268709 0.095347
v 0.019150 -0.251608 0.098019
v 0.029484 -0.240963 0.084068
v 0.029256 -0.259899 0.087611
v 0.039669 -0.264317 0.100852
v 0.051023 -0.253387 0.101445
v 0.038291 -0.245300 0.099356
v 0.038480 -0.230059 0.095407
v 0.041460 -0.269039 0.097751
v 0.042681 -0.230853 0.082619
v 0.055770 -0.268150 0.092801
v 0.075325 -0.258661 0.091928
v 0.044559 -0.268247 0.101568
v 0.061835 -0.246086 0.087162
v 0.064311 -0.235115 0.098716
v 0.057016 -0.222632 0.097918
v 0.067134 -0.268494 0.102473
v 0.069309 -0.264267 0.103247
v 0.070768 -0.249959 0.100400
v 0.064999 -0.230233 0.085190
v 0.067447 -0.267951 0.097900
v 0.069286 -0.255893 0.102431
v 0.072261 -0.220835 0.082966
v 0.011625 -0.184917 0.073034
v 0.010508 -0.169356 0.069278
v 0.023722 -0.177872 0.074433
v 0.052614 -0.159223 0.073895
v 0.076851 -0.161126 0.075414
v 0.011631 -0.218154 0.080220
v 0.013086 -0.201062 0.091008
v 0.013469 -0.204284 0.079291
v 0.020001 -0.203587 0.092520
v 0.014505 -0.177466 0.085528
v 0.018456 -0.156637 0.083137
v 0.021747 -0.213106 0.092590
v 0.046622 -0.200347 0.081630
v 0.032361 -0.178882 0.076768
v 0.030300 -0.201897 0.093251
v 0.037802 -0.191398 0.092445
v 0.031100 -0.172695 0.089391
v 0.025110 -0.148354 0.080751
v 0.054101 -0.186845 0.091489
v 0.051604 -0.216583 0.083097
v 0.054627 -0.207292 0.094966
v 0.054802 -0.178208 0.077705
v 0.065126 -0.168100 0.089041
v 0.067432 -0.193328 0.092132
v 0.075620 -0.214509 0.096377
v 0.072333 -0.196805 0.080415
v 0.086396 -0.170792 0.078163
v 0.075341 -0.157760 0.087564
v 0.003808 -0.135296 0.073230
v -0.008038 -0.091832 0.056277
v 0.005088 -0.086099 0.056991
v 0.020128 -0.141220 0.064004
v 0.018474 -0.130428 0.073643
v 0.018447 -0.115411 0.057690
v 0.015777 -0.105791 0.053255
v 0.033416 -0.092419 0.063344
v 0.012572 -0.083801 0.045642
v 0.017467 -0.068571 0.054037
v 0.022554 -0.124555 0.073074
v 0.015343 -0.104253 0.065827
v 0.028719 -0.073462 0.045445
v 0.037173 -0.120225 0.073221
v 0.037058 -0.109453 0.057644
v 0.033694 -0.071369 0.056603
v 0.046236 -0.126309 0.062720
v 0.045612 -0.111097 0.073368
v 0.047043 -0.101748 0.055626
v 0.037530 -0.074305 0.046136
v 0.060684 -0.140260 0.068572
v 0.057212 -0.081759 0.064958
v 0.075143 -0.114174 0.065969
v 0.069578 -0.099202 0.061011
v 0.068402 -0.104463 0.075422
v 0.059840 -0.083399 0.053291
v 0.072576 -0.083277 0.069281
v 0.032216 -0.126682 0.076348
v 0.048475 -0.146527 0.083769
v 0.043207 -0.124814 0.076355
v 0.067799 -0.141927 0.083214
v 0.070292 -0.119984 0.079749
v 0.071621 -0.134937 0.082299
v 0.004167 -0.046387 0.046205
v 0.008504 -0.036514 0.045978
v 0.003188 -0.017436 0.037169
v 0.011006 -0.008998 0.028074
v 0.000692 0.012417 0.028642
v 0.011350 -0.055841 0.039067
v 0.017321 -0.026839 0.044883
v 0.015579 -0.005671 0.045865
v 0.015632 -0.001609 0.033281
v 0.025754 -0.044322 0.041491
v 0.024029 -0.050333 0.051670
v 0.022513 -0.033137 0.038042
v 0.023089 -0.029746 0.048247
v 0.025610 -0.023111 0.038098
v 0.026538 -0.001159 0.039696
v 0.036575 -0.065014 0.053918
v 0.036746 -0.047488 0.055352
v 0.042017 -0.024829 0.042844
v 0.036682 -0.031633 0.053685
v 0.034500 -0.005924 0.052718
v 0.043668 -0.066809 0.058280
v 0.047135 -0.058940 0.046465
v 0.044197 -0.009800 0.044710
v 0.044719 -0.006646 0.057288
v 0.053659 -0.042202 0.046668
v 0.050499 -0.035940 0.057320
v 0.054743 -0.012443 0.048662
v 0.063630 -0.044680 0.059159
v 0.056328 -0.036822 0.046097
v 0.072380 -0.030358 0.061805
v 0.064457 -0.004015 0.050580
v 0.067052 -0.005727 0.061695
v 0.080817 -0.074908 0.070247
v 0.072877 -0.036391 0.050198
v 0.072196 -0.054001 0.065101
v 0.077915 -0.024192 0.051203
v 0.074149 -0.014391 0.062235
v 0.084149 -0.259268 0.099204
v 0.084203 -0.259702 0.102728
v 0.081642 -0.249644 0.102941
v 0.079764 -0.240010 0.100053
v 0.083368 -0.221551 0.083261
v 0.092023 -0.249621 0.092287
v 0.087528 -0.254632 0.096992
v 0.087528 -0.253802 0.103068
v 0.092017 -0.229994 0.101601
v 0.096019 -0.248976 0.096946
v 0.093995 -0.250558 0.102377
v 0.099976 -0.242967 0.091801
v 0.100220 -0.243318 0.102414
v 0.109537 -0.233262 0.091341
v 0.101269 -0.234788 0.101943
v 0.098644 -0.222235 0.086957
v 0.103658 -0.225294 0.100025
v 0.108531 -0.238377 0.096986
v 0.105631 -0.234822 0.102513
v 0.121078 -0.231040 0.100629
v 0.120849 -0.231283 0.102806
v 0.124215 -0.218876 0.095698
v 0.115076 -0.224936 0.103846
v 0.092642 -0.144222 0.073664
v 0.083353 -0.202041 0.082523
v 0.076439 -0.189053 0.092493
v 0.079847 -0.174664 0.092713
v 0.091756 -0.208186 0.097718
v 0.093404 -0.185702 0.083219
v 0.089231 -0.165982 0.090020
v 0.106252 -0.189543 0.086838
v 0.108925 -0.177725 0.084938
v 0.103620 -0.180249 0.097744
v 0.101108 -0.162311 0.077920
v 0.104525 -0.168423 0.095309
v 0.107950 -0.157785 0.092701
v 0.120086 -0.194738 0.088931
v 0.109444 -0.207234 0.101393
v 0.110583 -0.199894 0.100370
v 0.119472 -0.137186 0.078018
v 0.121411 -0.214847 0.091515
v 0.124090 -0.196916 0.103130
v 0.122295 -0.180570 0.098524
v 0.113929 -0.145266 0.092033
v 0.125335 -0.217360 0.103077
v 0.130421 -0.199898 0.092542
v 0.124715 -0.207858 0.104151
v 0.124748 -0.189477 0.100064
v 0.127534 -0.166021 0.084981
v 0.129827 -0.214180 0.099511
v 0.129964 -0.213844 0.102614
v 0.134857 -0.199780 0.095898
v 0.134732 -0.199399 0.103496
v 0.135909 -0.187652 0.102628
v 0.147670 -0.174845 0.101683
v 0.137204 -0.159235 0.098302
v 0.143393 -0.145840 0.083201
v 0.141147 -0.197002 0.101823
v 0.141692 -0.187080 0.091256
v 0.145265 -0.187914 0.094180
v 0.143616 -0.189190 0.102685
v 0.152243 -0.156332 0.084920
v 0.089859 -0.090585 0.073976
v 0.076188 -0.079762 0.057734
v 0.090114 -0.119997 0.068733
v 0.092559 -0.103262 0.064208
v 0.095079 -0.073234 0.060799
v 0.107768 -0.131440 0.074319
v 0.103371 -0.103109 0.067224
v 0.100951 -0.090914 0.064305
v 0.101571 -0.083346 0.072080
v 0.110825 -0.073832 0.073432
v 0.122651 -0.100046 0.068523
v 0.122085 -0.081079 0.064628
v 0.135352 -0.079361 0.067029
v 0.147825 -0.076503 0.068615
v 0.083816 -0.136825 0.083596
v 0.087516 -0.105624 0.078091
v 0.104470 -0.143207 0.088399
v 0.088129 -0.123555 0.080220
v 0.100594 -0.127093 0.083780
v 0.099852 -0.121344 0.081362
v 0.101660 -0.106393 0.080520
v 0.112223 -0.095181 0.078220
v 0.105991 -0.086028 0.075304
v 0.109591 -0.115335 0.083215
v 0.121065 -0.109686 0.081725
v 0.118628 -0.085948 0.078662
v 0.116580 -0.072406 0.076276
v 0.129947 -0.116066 0.073111
v 0.125153 -0.117466 0.085778
v 0.128180 -0.099699 0.082962
v 0.135580 -0.130037 0.078719
v 0.148579 -0.127674 0.092478
v 0.138890 -0.092863 0.083496
v 0.134611 -0.072611 0.077769
v 0.150385 -0.126498 0.080186
v 0.156135 -0.093123 0.088084
v 0.084557 -0.065353 0.058337
v 0.081191 -0.037032 0.053245
v 0.086677 -0.046383 0.057595
v 0.077476 -0.042003 0.064813
v 0.083944 -0.002309 0.055252
v 0.074843 0.000432 0.065009
v 0.088196 -0.051496 0.070101
v 0.089761 -0.022237 0.068163
v 0.089902 -0.026511 0.056843
v 0.104434 -0.063925 0.072028
v 0.102771 -0.044760 0.073114
v 0.098336 -0.032888 0.060124
v 0.096843 -0.025404 0.070393
v 0.098529 0.006566 0.060640
v 0.104268 0.000076 0.072220
v 0.119574 -0.065977 0.063077
v 0.116211 -0.037494 0.063011
v 0.111664 -0.026933 0.072456
v 0.108419 -0.001687 0.062958
v 0.108775 -0.011952 0.073562
v 0.112358 -0.055526 0.072542
v 0.121091 -0.012860 0.064481
v 0.129842 -0.047185 0.064794
v 0.132815 -0.059897 0.066912
v 0.135980 -0.033054 0.067302
v 0.135226 0.002172 0.067869
v 0.151335 -0.053201 0.068203
v 0.107650 -0.046391 0.074760
v 0.114009 -0.032404 0.074914
v 0.115334 -0.055116 0.074388
v 0.116507 -0.019768 0.075467
v 0.127922 -0.052499 0.076689
v 0.128879 -0.025106 0.078415
v 0.116923 0.000188 0.076691
v 0.133330 -0.001202 0.079454
v 0.153706 -0.054971 0.080251
v 0.143438 -0.040071 0.080199
v 0.143373 -0.021815 0.081032
v 0.151641 -0.002020 0.081449
v 0.148629 -0.185703 0.101875
v 0.152445 -0.177918 0.091022
v 0.151745 -0.181484 0.096364
v 0.151745 -0.179508 0.102266
v 0.151986 -0.167040 0.099102
v 0.158532 -0.148421 0.083076
v 0.160426 -0.152114 0.096937
v 0.157954 -0.175936 0.092865
v 0.157804 -0.175217 0.102228
v 0.161179 -0.169934 0.090957
v 0.160715 -0.170438 0.096754
v 0.161667 -0.161667 0.097081
v 0.166592 -0.166579 0.092265
v 0.171223 -0.153555 0.094949
v 0.171507 -0.152905 0.088799
v 0.178200 -0.150315 0.092381
v 0.161415 -0.087467 0.074689
v 0.156180 -0.119690 0.093286
v 0.152199 -0.114757 0.090348
v 0.159533 -0.096332 0.076660
v 0.152031 -0.069889 0.083349
v 0.168647 -0.145454 0.095462
v 0.166001 -0.112484 0.090836
v 0.167436 -0.136151 0.081995
v 0.175478 -0.135240 0.095058
v 0.179073 -0.117309 0.082111
v 0.178177 -0.115568 0.093609
v 0.174514 -0.095352 0.078702
v 0.175618 -0.101214 0.091660
v 0.173395 -0.085956 0.087723
v 0.170945 -0.069722 0.085419
v 0.180656 -0.143757 0.089076
v 0.180656 -0.143757 0.094987
v 0.176666 -0.131161 0.083086
v 0.184183 -0.119576 0.084658
v 0.184689 -0.111003 0.091028
v 0.179645 -0.106013 0.092993
v 0.183407 -0.098696 0.093050
v 0.189648 -0.082006 0.078547
v 0.195887 -0.078660 0.091800
v 0.194631 -0.138913 0.091233
v 0.194414 -0.138950 0.094398
v 0.191421 -0.133374 0.088098
v 0.189382 -0.133953 0.096861
v 0.191026 -0.118161 0.095381
v 0.190003 -0.111629 0.082812
v 0.188961 -0.106408 0.094042
v 0.205310 -0.094068 0.082853
v 0.193691 -0.092938 0.091659
v 0.199497 -0.125039 0.089527
v 0.199342 -0.125288 0.095055
v 0.198620 -0.115477 0.096616
v 0.200401 -0.104716 0.095939
v 0.198911 -0.095657 0.093839
v 0.204379 -0.122590 0.091204
v 0.204369 -0.122138 0.094217
v 0.208016 -0.106726 0.089146
v 0.208265 -0.106559 0.094953
v 0.211591 -0.083293 0.085032
v 0.207761 -0.080305 0.092935
v 0.212971 -0.074594 0.082591
v 0.207698 -0.071521 0.090784
v 0.215790 -0.103794 0.092778
v 0.217938 -0.097657 0.089596
v 0.217938 -0.097657 0.094040
v 0.222438 -0.081442 0.093266
v 0.215453 -0.078482 0.088507
v 0.157845 -0.020900 0.070768
v 0.148902 0.009646 0.071194
v 0.169032 -0.074865 0.075709
v 0.168569 -0.052170 0.071406
v 0.165148 0.010258 0.073951
v 0.177350 -0.063541 0.073814
v 0.183130 -0.033737 0.073650
v 0.186096 -0.055215 0.074047
v 0.162093 -0.025900 0.081956
v 0.165607 -0.009227 0.081905
v 0.166136 -0.064827 0.082236
v 0.161736 -0.068735 0.084097
v 0.161911 -0.059693 0.083744
v 0.168780 -0.039339 0.083233
v 0.164297 -0.017911 0.083913
v 0.175565 -0.055317 0.081572
v 0.170888 -0.059965 0.083893
v 0.171465 -0.051278 0.083888
v 0.170945 -0.013548 0.084920
v 0.172002 -0.002978 0.086370
v 0.188443 -0.066041 0.077042
v 0.179482 -0.059430 0.084663
v 0.179482 -0.051278 0.084922
v 0.188385 -0.035773 0.087396
v 0.186458 -0.002259 0.077123
v 0.191667 -0.062452 0.087906
v 0.194155 -0.016651 0.088505
v 0.187891 0.002238 0.089898
v 0.206575 -0.063295 0.079372
v 0.207064 -0.059225 0.090510
v 0.203968 -0.046756 0.077340
v 0.207997 -0.048077 0.088973
v 0.208005 -0.018234 0.081707
v 0.205641 0.009045 0.081693
v 0.198579 -0.001926 0.092495
v 0.211802 -0.066548 0.093029
v 0.211333 -0.041705 0.090498
v 0.208021 -0.029683 0.092618
v 0.204177 -0.016281 0.091953
v 0.211612 -0.010528 0.084635
v 0.216667 -0.069766 0.088075
v 0.217096 -0.067696 0.093118
v 0.217868 -0.043863 0.082004
v 0.223857 -0.058715 0.087310
v 0.218981 -0.051814 0.092929
v 0.217951 -0.039562 0.093589
v 0.224191 -0.032468 0.085326
v 0.217076 -0.018185 0.096792
v 0.215850 0.007327 0.095999
v 0.222316 -0.094903 0.092238
v 0.222589 -0.081590 0.091282
v 0.222888 -0.066385 0.090531
v 0.223761 -0.065605 0.093251
v 0.224202 -0.043562 0.088794
v 0.224211 -0.038244 0.093567
v 0.222878 -0.036944 0.082589
v 0.226599 -0.022553 0.089814
v 0.226599 -0.022553 0.094736
v 0.226672 -0.014448 0.090299
v 0.226672 -0.014448 0.095173
v 0.226672 -0.003896 0.090639
v 0.226672 -0.003896 0.094438
v 0.231447 -0.018523 0.092680
v 0.231394 0.000038 0.092748
v 0.008314 0.007841 0.046934
v 0.011187 0.028976 0.038570
v 0.004226 0.036607 0.050635
v 0.009886 0.056580 0.054682
v 0.000726 0.066080 0.041578
v 0.017306 0.013180 0.036876
v 0.015938 0.046274 0.055457
v 0.017518 0.064952 0.046111
v 0.014595 0.060160 0.058775
v 0.022665 0.011064 0.050667
v 0.022795 0.034446 0.053469
v 0.025041 0.050650 0.046241
v 0.027392 0.075392 0.065756
v 0.030904 0.017455 0.041202
v 0.037119 0.017624 0.054303
v 0.038109 0.033589 0.058144
v 0.035037 0.036454 0.046146
v 0.036851 0.056895 0.065090
v 0.034955 0.067565 0.067598
v 0.038326 0.077918 0.056614
v 0.043037 0.012274 0.056713
v 0.046957 0.027312 0.045979
v 0.047506 0.050399 0.064663
v 0.053026 0.018578 0.047455
v 0.064414 0.025703 0.062874
v 0.054501 0.036527 0.064279
v 0.063222 0.042013 0.054921
v 0.056614 0.055793 0.055471
v 0.058623 0.073333 0.060910
v 0.055364 0.073578 0.074147
v 0.071723 0.017480 0.063438
v 0.057828 0.063783 0.071574
v 0.081434 0.011503 0.054268
v 0.078752 0.035342 0.057107
v 0.073403 0.023946 0.066281
v 0.073996 0.061990 0.061121
v 0.072640 0.055319 0.073595
v 0.077447 0.071395 0.075687
v 0.017261 0.082373 0.050472
v 0.008245 0.093717 0.064878
v 0.004170 0.138854 0.068883
v 0.018773 0.078984 0.064502
v 0.011501 0.129753 0.055090
v 0.030278 0.120221 0.073554
v 0.022278 0.140569 0.071964
v 0.018257 0.148410 0.060242
v 0.025212 0.126485 0.059004
v 0.035768 0.154411 0.064506
v 0.033705 0.092999 0.070355
v 0.054327 0.091125 0.073840
v 0.026731 0.094974 0.055101
v 0.043983 0.099554 0.074322
v 0.039145 0.114555 0.074240
v 0.044315 0.139550 0.065069
v 0.060350 0.109439 0.064232
v 0.071775 0.111756 0.067446
v 0.069680 0.135874 0.069816
v 0.034665 0.131525 0.074835
v 0.048347 0.144559 0.079414
v 0.062960 0.127253 0.080811
v 0.059722 0.146822 0.083331
v 0.079623 0.087802 0.077607
v 0.061772 0.109159 0.078702
v 0.075160 0.119381 0.080842
v 0.011184 0.173916 0.063224
v 0.008929 0.172698 0.075322
v -0.002301 0.228369 0.069492
v 0.018842 0.155268 0.075468
v 0.017345 0.175332 0.065502
v 0.013147 0.195883 0.065711
v 0.037530 0.170203 0.066754
v 0.022920 0.202751 0.068436
v 0.031018 0.217465 0.074878
v 0.048169 0.192509 0.074316
v 0.059484 0.160184 0.072861
v 0.007591 0.212555 0.081848
v 0.007762 0.223310 0.083140
v 0.019749 0.190393 0.078218
v 0.026235 0.177111 0.078371
v 0.029050 0.198526 0.082960
v 0.039255 0.157946 0.079191
v 0.046699 0.163530 0.084421
v 0.036369 0.180838 0.083639
v 0.039693 0.202978 0.088114
v 0.038858 0.216914 0.090400
v 0.046997 0.221642 0.094067
v 0.067263 0.178640 0.091088
v 0.060162 0.193168 0.092297
v 0.060832 0.205392 0.095179
v 0.062454 0.167003 0.075682
v 0.063277 0.199946 0.080422
v 0.060687 0.222647 0.083779
v 0.070603 0.158923 0.088605
v 0.073442 0.203622 0.084150
v 0.067362 0.227842 0.098078
v 0.010929 0.238691 0.074036
v 0.010564 0.236725 0.086734
v 0.009228 0.248979 0.088352
v 0.007073 0.261411 0.077265
v 0.012637 0.263004 0.088755
v 0.017542 0.269174 0.081750
v 0.013857 0.269361 0.085634
v 0.031531 0.230987 0.089004
v 0.024373 0.261672 0.079508
v 0.024946 0.252940 0.092908
v 0.025223 0.263028 0.092962
v 0.025724 0.269525 0.089048
v 0.027335 0.268804 0.092660
v 0.038896 0.242561 0.081265
v 0.035557 0.242618 0.092293
v 0.036667 0.266724 0.090694
v 0.035769 0.262592 0.093658
v 0.045719 0.240971 0.083911
v 0.042737 0.252087 0.082489
v 0.037619 0.268716 0.082137
v 0.042812 0.268398 0.087489
v 0.060269 0.232853 0.084766
v 0.047637 0.251525 0.095759
v 0.048806 0.259431 0.082313
v 0.050471 0.262829 0.088204
v 0.049902 0.262722 0.093415
v 0.046215 0.267934 0.092415
v 0.052121 0.253857 0.084693
v 0.069448 0.255094 0.096545
v 0.067223 0.259366 0.090570
v 0.067602 0.259623 0.094727
v 0.076951 0.243960 0.098866
v 0.070165 0.254913 0.089686
v 0.077896 0.055146 0.074244
v 0.074959 0.065256 0.073162
v 0.082053 0.020541 0.068259
v 0.088916 0.031716 0.058482
v 0.092799 0.034792 0.072602
v 0.092602 0.081777 0.064762
v 0.113433 0.021514 0.063767
v 0.099783 0.060967 0.065614
v 0.110202 0.047007 0.064577
v 0.119963 0.028953 0.066455
v 0.114949 0.071991 0.069151
v 0.122152 0.011388 0.064852
v 0.139407 0.069435 0.073261
v 0.146683 0.058314 0.072852
v 0.152871 0.029851 0.073471
v 0.098175 0.035212 0.074778
v 0.092544 0.059344 0.077753
v 0.104819 0.012083 0.074688
v 0.100302 0.071847 0.079885
v 0.121475 0.020726 0.078821
v 0.109994 0.039241 0.077186
v 0.118337 0.055178 0.081099
v 0.128350 0.046857 0.082835
v 0.131842 0.060565 0.082827
v 0.128264 0.073514 0.082601
v 0.136213 0.036280 0.082972
v 0.135548 0.053979 0.083337
v 0.147481 0.010455 0.082865
v 0.146679 0.076857 0.089763
v 0.080387 0.093947 0.064817
v 0.084151 0.150924 0.075558
v 0.095345 0.127771 0.074792
v 0.097831 0.111554 0.071206
v 0.117696 0.087066 0.072400
v 0.129991 0.082892 0.073557
v 0.081228 0.125898 0.084705
v 0.092372 0.111248 0.083069
v 0.092269 0.156926 0.091056
v 0.103412 0.091275 0.083331
v 0.099739 0.124327 0.089154
v 0.101431 0.138817 0.090848
v 0.103890 0.146908 0.093538
v 0.108362 0.078310 0.081872
v 0.109716 0.120895 0.093099
v 0.104814 0.138715 0.078768
v 0.121150 0.111113 0.091532
v 0.120134 0.129146 0.083111
v 0.118653 0.137382 0.096453
v 0.130802 0.144959 0.085817
v 0.130119 0.097559 0.091674
v 0.119520 0.113266 0.080371
v 0.123426 0.115858 0.094186
v 0.137455 0.091035 0.092768
v 0.142888 0.128747 0.086611
v 0.130332 0.137926 0.098757
v 0.139837 0.099514 0.081044
v 0.149639 0.104029 0.084697
v 0.149951 0.139411 0.100557
v 0.086127 0.192124 0.083496
v 0.083482 0.177884 0.092058
v 0.082423 0.194419 0.096874
v 0.085802 0.165493 0.092006
v 0.094522 0.200907 0.100215
v 0.083334 0.226195 0.087511
v 0.091083 0.222263 0.100643
v 0.103063 0.158775 0.081183
v 0.105870 0.182573 0.100288
v 0.100628 0.197200 0.102543
v 0.098721 0.221338 0.102932
v 0.108719 0.163799 0.097734
v 0.102755 0.188639 0.087555
v 0.108916 0.217342 0.092600
v 0.110667 0.217780 0.105263
v 0.117936 0.153252 0.096828
v 0.117810 0.188126 0.103841
v 0.119861 0.207723 0.094636
v 0.115529 0.203567 0.104908
v 0.128883 0.183557 0.092322
v 0.126180 0.158674 0.100243
v 0.127453 0.164007 0.102555
v 0.121919 0.177160 0.100831
v 0.124397 0.216771 0.098567
v 0.124397 0.216771 0.103907
v 0.147425 0.169723 0.095584
v 0.134663 0.176258 0.105414
v 0.128548 0.205013 0.106217
v 0.134268 0.208221 0.098939
v 0.134268 0.208221 0.104517
v 0.131457 0.213886 0.101905
v 0.146356 0.161458 0.092701
v 0.160225 0.171300 0.107235
v 0.141288 0.189220 0.108475
v 0.140443 0.190369 0.095783
v 0.143292 0.198841 0.098963
v 0.143292 0.198841 0.104797
v 0.140528 0.205651 0.101864
v 0.081892 0.230435 0.101155
v 0.084523 0.249717 0.092434
v 0.081920 0.250628 0.102265
v 0.078717 0.252333 0.097219
v 0.088388 0.240154 0.102583
v 0.094171 0.250975 0.099773
v 0.094142 0.251226 0.102900
v 0.104382 0.227265 0.092165
v 0.101346 0.239444 0.092541
v 0.098028 0.244449 0.096086
v 0.097496 0.245022 0.102706
v 0.104078 0.228267 0.104432
v 0.106187 0.236502 0.096384
v 0.106551 0.235850 0.103129
v 0.103887 0.242426 0.101595
v 0.115112 0.226152 0.098672
v 0.115112 0.226152 0.103392
v 0.112206 0.232826 0.101583
v 0.121219 0.223271 0.101701
v 0.161259 0.055497 0.090519
v 0.151438 0.029060 0.086958
v 0.168467 0.055131 0.079482
v 0.163374 0.064747 0.092723
v 0.169903 0.020598 0.076526
v 0.187350 0.015972 0.090056
v 0.173956 0.047501 0.092873
v 0.162582 0.076915 0.079804
v 0.166180 0.073496 0.092285
v 0.170967 0.068529 0.094411
v 0.198763 0.032045 0.082335
v 0.188898 0.029677 0.092243
v 0.192401 0.009446 0.093313
v 0.197303 0.022938 0.081299
v 0.197140 0.041741 0.082349
v 0.188868 0.044373 0.095731
v 0.189535 0.062167 0.083328
v 0.190076 0.071373 0.098071
v 0.205826 0.016134 0.083446
v 0.195466 0.018810 0.091239
v 0.201065 0.023288 0.086919
v 0.197875 0.023851 0.092777
v 0.200595 0.029898 0.087762
v 0.197909 0.032210 0.093611
v 0.200744 0.046782 0.096672
v 0.199178 0.069601 0.088643
v 0.198620 0.060048 0.098506
v 0.198905 0.070271 0.096251
v 0.214063 0.001535 0.085983
v 0.199669 0.012869 0.094219
v 0.207386 0.023288 0.087771
v 0.207386 0.023288 0.094555
v 0.204175 0.035890 0.082783
v 0.207130 0.032249 0.086896
v 0.207386 0.032210 0.094984
v 0.207457 0.041040 0.085103
v 0.208490 0.051589 0.088929
v 0.208586 0.051406 0.095322
v 0.204919 0.066240 0.095473
v 0.204664 0.067161 0.091097
v 0.218713 0.027695 0.087447
v 0.217472 0.031086 0.096660
v 0.217191 0.041409 0.089298
v 0.217191 0.041409 0.094981
v 0.214175 0.048723 0.090662
v 0.214175 0.048723 0.094231
v 0.160449 0.081281 0.094680
v 0.149864 0.101416 0.097377
v 0.153974 0.120112 0.100867
v 0.155068 0.149287 0.091924
v 0.175861 0.085901 0.082989
v 0.169032 0.105262 0.101019
v 0.167908 0.136075 0.104986
v 0.172334 0.078191 0.095186
v 0.183166 0.107748 0.091654
v 0.173883 0.110613 0.104561
v 0.173751 0.119368 0.092041
v 0.168223 0.141949 0.092952
v 0.173592 0.149072 0.108486
v 0.188662 0.087807 0.098072
v 0.188778 0.095796 0.100242
v 0.187978 0.115850 0.107064
v 0.189168 0.124283 0.106874
v 0.188108 0.136237 0.096872
v 0.188318 0.100918 0.091213
v 0.194422 0.100179 0.102517
v 0.189593 0.118884 0.096767
v 0.188608 0.134416 0.109329
v 0.191468 0.140141 0.111297
v 0.189540 0.143373 0.099359
v 0.188869 0.143538 0.107579
v 0.193433 0.096664 0.092889
v 0.194133 0.094699 0.095608
v 0.195718 0.107429 0.099271
v 0.195961 0.117771 0.104299
v 0.195031 0.140083 0.100424
v 0.195341 0.134416 0.106482
v 0.194331 0.139455 0.111407
v 0.194887 0.141402 0.106239
v 0.157023 0.161402 0.106994
v 0.152429 0.180144 0.106965
v 0.153311 0.190209 0.099147
v 0.153311 0.190209 0.105129
v 0.150977 0.196308 0.101632
v 0.161115 0.180640 0.099970
v 0.161751 0.180265 0.104560
v 0.159123 0.187582 0.102133
v 0.180238 0.153601 0.098715
v 0.171412 0.162109 0.109402
v 0.174869 0.166580 0.111299
v 0.170749 0.170905 0.100018
v 0.171196 0.170642 0.106506
v 0.167479 0.177671 0.102018
v 0.181003 0.153264 0.105836
v 0.177700 0.167516 0.101134
v 0.180893 0.161784 0.106430
v 0.185131 0.164140 0.111739
v 0.180183 0.169059 0.106243
v 0.186786 0.151177 0.102598
v 0.185682 0.164244 0.109325
v 0.185797 0.168551 0.111518
v 0.233094 0.011500 0.090433
v 0.232532 0.011657 0.094655
v 0.226574 0.015489 0.090175
v 0.227191 0.014746 0.094614
v 0.223623 0.027611 0.094170
v 0.222592 0.038280 0.091778
vn -0.8794 -0.2664 -0.3945
vn -0.7193 -0.0313 -0.6940
vn -0.9171 -0.3331 0.2189
vn -0.6424 -0.7466 0.1727
vn -0.2652 -0.0008 0.9642
vn -0.9930 0.1058 -0.0523
vn -0.9990 0.0170 0.0420
vn -0.6240 -0.6354 -0.4549
vn -0.2497 0.0749 -0.9654
vn -0.9656 -0.2589 -0.0244
vn -0.5384 -0.8414 0.0466
vn -0.1137 -0.0593 -0.9917
vn -0.2712 -0.9622 0.0237
vn -0.4327 -0.3447 0.8330
vn -0.2695 -0.1142 -0.9562
vn -0.7073 0.0809 0.7023
vn -0.2831 -0.1502 -0.9473
vn -0.0869 -0.0567 -0.9946
vn 0.2555 0.1655 0.9526
vn -0.8046 -0.5939 0.0029
vn -0.2565 -0.9652 0.0509
vn -0.0796 0.0336 0.9963
vn -0.1666 0.0067 -0.9860
vn -0.0302 0.0274 0.9992
vn -0.1219 -0.3824 -0.9159
vn -0.3465 -0.4564 0.8195
vn 0.0696 -0.1581 -0.9850
vn -0.1683 -0.0867 0.9819
vn 0.0644 -0.0913 -0.9937
vn 0.1489 0.0525 0.9875
vn 0.1676 -0.0888 0.9818
vn -0.8391 -0.5355 -0.0959
vn -0.0830 -0.0596 0.9948
vn -0.2612 -0.4327 0.8629
vn -0.0885 -0.3020 0.9492
vn -0.0791 0.0690 0.9945
vn -0.0775 0.0504 0.9957
vn -0.0205 -0.4253 -0.9048
vn 0.0134 -0.1107 -0.9938
vn 0.1153 0.1083 0.9874
vn 0.0667 0.0025 0.9978
vn -0.8095 -0.5525 0.1984
vn -0.4854 -0.6768 0.5535
vn -0.0743 -0.0730 0.9946
vn -0.5401 -0.8215 0.1826
vn 0.4088 -0.4846 0.7733
vn 0.0315 -0.0173 0.9994
vn 0.4784 -0.0750 0.8749
vn 0.1750 -0.0436 0.9836
vn -0.1830 -0.8743 0.4496
vn 0.5410 -0.2849 0.7913
vn -0.3893 0.2825 -0.8767
vn -0.5273 0.1108 -0.8424
vn -0.4169 0.0237 -0.9087
vn -0.4508 0.1135 -0.8854
vn -0.4291 0.0886 -0.8989
vn -0.2229 0.2078 -0.9524
vn -0.1177 0.0573 -0.9914
vn -0.2141 0.1050 -0.9712
vn -0.1976 0.1188 -0.9731
vn -0.0019 0.0672 -0.9977
vn -0.1423 0.1000 -0.9848
vn -0.0248 -0.0259 -0.9994
vn -0.1487 0.2058 -0.9672
vn -0.1401 0.0986 -0.9852
vn 0.0058 0.2032 -0.9791
vn 0.1507 0.0219 0.9883
vn 0.0981 -0.1517 0.9835
vn -0.0743 0.0314 -0.9967
vn 0.0810 0.1364 0.9873
vn -0.1462 0.1446 -0.9786
vn -0.3189 0.3163 -0.8935
vn -0.1732 0.1412 -0.9747
vn -0.3024 -0.1234 0.9452
vn -0.3791 0.0206 0.9251
vn 0.1285 -0.1148 0.9850
vn -0.2087 -0.0542 0.9765
vn 0.1341 -0.1075 0.9851
vn 0.1425 -0.2597 0.9551
vn 0.0543 -0.0636 0.9965
vn -0.0334 -0.5357 0.8437
vn -0.2367 -0.0126 0.9715
vn -0.8862 0.0741 0.4573
vn 0.0715 0.2739 0.9591
vn -0.3425 -0.5092 0.7895
vn -0.8435 -0.2106 0.4942
vn -0.5209 -0.4935 0.6965
vn -0.9930 0.0920 0.0741
vn -0.0889 0.8553 0.5104
vn -0.3496 0.1122 0.9302
vn -0.2117 0.1307 -0.9686
vn -0.2564 0.1021 -0.9612
vn -0.2320 0.1678 -0.9581
vn -0.4778 0.4647 -0.7455
vn -0.0966 0.2050 -0.9740
vn -0.0577 0.0136 -0.9982
vn -0.0465 -0.0256 -0.9986
vn -0.1320 0.1236 -0.9835
vn -0.1103 0.0389 -0.9931
vn -0.4776 0.2132 0.8523
vn -0.9585 0.2519 -0.1333
vn -0.9609 0.1723 -0.2170
vn -0.2186 0.1251 0.9678
vn -0.3847 -0.1141 0.9160
vn 0.0999 -0.3539 0.9299
vn -0.2893 0.9156 -0.2791
vn 0.7554 0.1513 0.6376
vn -0.2306 0.9393 0.2539
vn -0.8843 0.4668 -0.0005
vn 0.0063 0.0642 0.9979
vn -0.6642 0.1794 0.7257
vn -0.9635 0.2650 0.0375
vn 0.1611 -0.1081 0.9810
vn 0.0765 0.0940 0.9926
vn -0.2389 -0.2373 0.9416
vn 0.3049 -0.1732 0.9365
vn -0.1857 0.1279 0.9742
vn 0.0420 -0.1843 0.9820
vn -0.4181 0.9053 0.0744
vn -0.3236 0.8791 0.3500
vn 0.0864 0.0678 0.9939
vn -0.2079 -0.2862 0.9353
vn -0.6087 0.6127 -0.5041
vn -0.5486 0.7718 -0.3213
vn 0.0301 -0.0212 0.9993
vn 0.1543 -0.1780 0.9718
vn 0.1555 -0.2824 0.9466
vn -0.2886 0.9288 -0.2326
vn 0.7371 0.1833 0.6505
vn -0.8832 0.4689 -0.0093
vn -0.1285 -0.9761 0.1752
vn 0.0615 -0.9949 -0.0794
vn -0.2712 -0.8244 -0.4967
vn -0.1017 -0.6678 -0.7373
vn -0.0813 -0.3431 -0.9358
vn -0.0773 -0.4695 -0.8796
vn -0.3888 -0.3605 -0.8478
vn 0.0993 -0.1599 -0.9821
vn -0.2755 -0.9342 0.2265
vn -0.8638 -0.4996 0.0659
vn -0.3929 -0.9195 -0.0147
vn -0.5526 -0.4137 0.7235
vn -0.9287 -0.2432 -0.2801
vn -0.2577 -0.9649 0.0502
vn -0.2532 -0.0500 0.9661
vn -0.0008 -0.9936 -0.1131
vn -0.0900 -0.9930 0.0762
vn -0.5227 0.3150 0.7922
vn 0.0139 0.0584 0.9982
vn -0.2838 0.0993 0.9537
vn -0.2306 -0.9731 -0.0000
vn 0.0360 -0.6606 -0.7499
vn -0.1334 -0.3138 0.9401
vn -0.1564 -0.0429 0.9868
vn 0.0477 0.0189 -0.9987
vn 0.0089 0.0333 -0.9994
vn 0.0102 -0.1060 -0.9943
vn -0.0538 -0.0413 -0.9977
vn 0.0668 0.0026 0.9978
vn 0.0269 -0.0740 0.9969
vn 0.0420 -0.2392 -0.9701
vn -0.0598 0.0798 0.9950
vn -0.0606 0.0664 0.9960
vn 0.0074 -0.0168 0.9998
vn 0.0927 -0.1427 -0.9854
vn 0.0931 -0.1414 -0.9856
vn 0.0375 -0.0135 -0.9992
vn -0.0190 -0.2448 -0.9694
vn -0.1085 -0.1987 0.9740
vn 0.1562 -0.2141 -0.9642
vn 0.1534 -0.1165 -0.9813
vn 0.0422 0.2293 0.9725
vn -0.8040 -0.3367 0.4902
vn 0.0450 0.2010 0.9786
vn 0.0502 -0.1322 -0.9900
vn 0.0415 -0.1050 0.9936
vn -0.0515 -0.5063 0.8608
vn -0.1527 0.3086 0.9389
vn -0.0934 -0.2254 0.9698
vn -0.0178 0.3012 0.9534
vn -0.1128 0.0531 0.9922
vn -0.4362 -0.0267 0.8995
vn 0.0685 0.1185 0.9906
vn 0.0764 -0.0819 0.9937
vn -0.0068 -0.0644 0.9979
vn -0.5609 -0.7870 -0.2567
vn -0.8476 -0.5113 0.1420
vn -0.5475 -0.8063 0.2239
vn 0.0856 -0.2153 0.9728
vn 0.1401 -0.9341 -0.3283
vn -0.1815 -0.7865 -0.5903
vn 0.8851 -0.1759 0.4309
vn 0.2968 -0.2333 0.9260
vn -0.1449 0.0373 0.9887
vn -0.1504 0.2075 0.9666
vn -0.5092 0.2335 0.8284
vn -0.1471 -0.2008 0.9685
vn 0.2706 0.1646 0.9485
vn -0.2701 0.0776 0.9597
vn -0.1613 0.1588 0.9740
vn 0.0360 -0.9986 0.0396
vn -0.0856 0.1808 0.9798
vn -0.0399 0.0103 -0.9992
vn -0.1588 -0.0893 0.9833
vn -0.0464 -0.0121 -0.9989
vn -0.0427 -0.3131 0.9488
vn -0.2175 -0.1401 -0.9659
vn -0.0730 0.0015 -0.9973
vn -0.1130 -0.2638 -0.9579
vn -0.1239 -0.0892 -0.9883
vn -0.1676 0.1376 -0.9762
vn 0.2396 0.1043 -0.9653
vn -0.1795 0.0193 -0.9836
vn -0.0792 -0.1231 -0.9892
vn -0.1415 0.5258 -0.8388
vn 0.1443 0.3254 -0.9345
vn -0.1647 -0.1187 -0.9792
vn -0.1670 0.5167 -0.8397
vn 0.0268 0.4681 -0.8833
vn -0.0561 -0.0578 -0.9967
vn -0.0588 -0.2136 -0.9752
vn -0.1270 0.3296 -0.9356
vn 0.5415 0.7904 -0.2863
vn 0.3605 0.4071 -0.8392
vn 0.0996 0.9359 -0.3380
vn 0.4484 0.5455 -0.7081
vn -0.0417 -0.1251 -0.9913
vn 0.4676 0.2759 0.8398
vn 0.5965 0.0102 0.8026
vn -0.0298 0.3717 -0.9279
vn -0.1493 0.9807 -0.1262
vn 0.7599 0.4160 0.4995
vn 0.5158 0.8567 -0.0049
vn 0.6605 0.2126 0.7201
vn -0.8972 0.4366 0.0668
vn -0.4498 -0.8921 0.0424
vn -0.3760 -0.5756 0.7262
vn -0.8539 -0.5192 0.0372
vn -0.7951 -0.5467 -0.2626
vn -0.3632 -0.1288 0.9227
vn -0.3212 0.8154 0.4816
vn -0.3011 0.1604 0.9400
vn 0.0485 0.0751 0.9960
vn -0.4375 -0.5239 0.7308
vn -0.8262 -0.5615 0.0458
vn -0.4572 -0.8890 0.0264
vn -0.4356 -0.5835 0.6854
vn -0.5968 -0.7374 -0.3162
vn -0.4522 -0.1440 0.8802
vn -0.2191 0.1764 0.9596
vn -0.1130 0.7437 0.6589
vn -0.1081 0.7152 0.6905
vn -0.1989 0.5505 0.8108
vn -0.7257 -0.6134 -0.3115
vn -0.2639 -0.6982 0.6655
vn -0.4405 -0.5136 -0.7363
vn -0.6745 0.1306 0.7266
vn -0.3112 0.2460 0.9180
vn 0.2598 0.2870 0.9220
vn 0.0556 0.4387 0.8969
vn -0.2307 0.5030 0.8329
vn -0.2424 0.1679 0.9555
vn -0.0763 -0.8059 0.5871
vn -0.3066 -0.4911 -0.8154
vn -0.0001 0.0641 0.9979
vn -0.1262 -0.7594 0.6383
vn -0.7140 -0.6994 -0.0315
vn 0.1378 0.3304 0.9337
vn 0.1379 0.3217 0.9368
vn -0.3509 -0.6841 0.6395
vn -0.2267 -0.8445 0.4852
vn -0.2192 -0.9695 -0.1093
vn 0.8821 -0.1828 0.4341
vn 0.3508 0.5118 0.7842
vn 0.0382 0.2731 0.9612
vn -0.2479 0.1569 0.9560
vn -0.1313 -0.9826 0.1313
vn -0.1475 0.2091 0.9667
vn -0.0809 -0.6941 0.7153
vn -0.0328 -0.7334 -0.6790
vn 0.8424 -0.5375 0.0375
vn 0.1698 -0.3276 0.9294
vn 0.1982 -0.0597 0.9784
vn -0.1779 0.1710 0.9691
vn 0.9987 -0.0245 0.0455
vn -0.6058 0.7307 0.3148
vn 0.8212 0.0425 -0.5690
vn 0.7179 0.4531 -0.5285
vn 0.4282 -0.5536 0.7143
vn 0.3163 -0.9482 0.0301
vn 0.2723 -0.9496 0.1554
vn -0.2959 -0.6434 0.7060
vn 0.9552 0.2920 0.0488
vn 0.5908 0.8067 -0.0125
vn 0.7894 0.4138 -0.4535
vn -0.1418 0.1231 0.9822
vn 0.7223 0.1983 -0.6626
vn -0.1280 0.2253 0.9658
vn 0.3214 0.1450 -0.9358
vn 0.3754 -0.0338 -0.9262
vn -0.1731 0.1479 -0.9737
vn -0.1826 0.1079 -0.9773
vn -0.1383 0.1118 -0.9841
vn -0.0509 0.0616 -0.9968
vn -0.1040 0.2076 -0.9727
vn -0.0971 0.2638 -0.9597
vn -0.0215 0.1864 -0.9822
vn -0.0526 0.0284 -0.9982
vn -0.0364 0.0758 -0.9965
vn 0.1574 0.0083 -0.9875
vn 0.0871 0.1013 -0.9910
vn 0.0907 0.0513 -0.9946
vn 0.1104 0.3389 -0.9343
vn 0.1069 0.1408 -0.9843
vn 0.1603 0.0073 -0.9870
vn 0.2051 0.1227 -0.9710
vn 0.3130 0.1135 -0.9430
vn 0.3054 -0.0538 -0.9507
vn 0.1689 -0.1397 0.9757
vn -0.0544 -0.0704 0.9960
vn -0.0863 0.9956 -0.0375
vn -0.0970 0.3567 0.9292
vn -0.1098 -0.0738 0.9912
vn -0.0521 -0.0717 0.9961
vn -0.1661 -0.1575 0.9735
vn -0.3444 0.6431 0.6840
vn 0.1430 0.9893 0.0280
vn -0.0138 0.8813 0.4723
vn -0.2393 -0.0566 0.9693
vn -0.1281 0.0283 0.9914
vn -0.1751 -0.0610 0.9827
vn -0.4638 -0.0305 0.8854
vn -0.2224 -0.2617 0.9392
vn -0.0267 0.8866 0.4618
vn -0.0196 0.2112 0.9773
vn -0.4083 -0.3235 0.8536
vn -0.1385 -0.1268 0.9822
vn 0.3948 0.2592 -0.8814
vn -0.2662 0.2380 0.9341
vn 0.8655 0.4463 -0.2274
vn -0.0124 0.2041 0.9789
vn -0.3524 -0.1142 0.9288
vn 0.2881 0.0469 -0.9565
vn -0.3533 -0.0589 0.9336
vn -0.3995 0.2185 0.8903
vn 0.5358 0.2042 -0.8193
vn -0.4078 0.3337 0.8499
vn 0.6704 0.2441 -0.7007
vn 0.4722 0.8804 0.0438
vn 0.1833 0.4366 0.8808
vn -0.4306 0.0341 0.9019
vn 0.2804 0.0680 -0.9575
vn 0.3523 0.3316 -0.8752
vn 0.4313 0.9022 -0.0000
vn -0.3392 0.2881 0.8955
vn -0.0394 -0.4620 -0.8860
vn 0.7632 -0.6461 -0.0000
vn -0.0688 -0.7035 -0.7073
vn -0.1322 -0.2056 0.9697
vn -0.2094 0.1033 0.9724
vn -0.8322 -0.5534 0.0358
vn 0.0185 -0.9993 0.0311
vn -0.0194 -0.4626 -0.8863
vn -0.0764 0.1243 0.9893
vn -0.1131 -0.3367 -0.9348
vn -0.1192 -0.3022 -0.9458
vn 0.0438 -0.9968 0.0662
vn 0.0426 -0.4629 -0.8854
vn -0.1504 -0.5048 0.8501
vn -0.0594 0.0812 0.9949
vn -0.8405 -0.1082 0.5309
vn -0.3180 0.0891 0.9439
vn 0.1536 -0.1484 -0.9769
vn -0.1666 0.0275 0.9856
vn -0.0739 -0.9965 0.0381
vn 0.0176 -0.7885 -0.6147
vn -0.0838 -0.2724 0.9585
vn -0.1995 0.1230 0.9722
vn 0.8857 -0.4642 -0.0000
vn 0.0516 -0.1712 0.9839
vn 0.2185 -0.4746 -0.8526
vn 0.0480 -0.1905 0.9805
vn -0.0000 -1.0000 -0.0000
vn 0.1135 -0.2008 -0.9730
vn 0.1280 -0.5978 -0.7914
vn 0.0305 -0.1757 0.9840
vn -0.0475 0.1840 0.9818
vn 0.0182 -0.1640 -0.9863
vn -0.0082 0.0414 0.9991
vn 0.1624 -0.0301 0.9863
vn 0.0618 -0.1871 -0.9804
vn -0.1415 0.0161 0.9898
vn -0.0245 0.1512 0.9882
vn 0.1340 -0.2590 -0.9565
vn 0.2475 -0.2423 -0.9381
vn -0.1009 0.1738 0.9796
vn 0.2588 -0.1059 -0.9601
vn 0.1875 -0.2536 -0.9490
vn 0.1636 -0.1036 -0.9811
vn 0.1601 -0.1415 -0.9769
vn 0.1351 -0.2345 -0.9627
vn 0.0928 -0.1837 -0.9786
vn 0.0839 -0.2547 -0.9634
vn 0.0887 -0.2093 -0.9738
vn 0.0231 -0.2246 -0.9742
vn -0.2391 0.3237 0.9155
vn 0.0715 0.3385 0.9382
vn -0.0458 0.3314 0.9424
vn -0.0996 0.1841 0.9779
vn -0.1059 0.2221 0.9693
vn -0.3412 0.1614 0.9260
vn -0.1267 0.1428 0.9816
vn -0.0746 0.2361 0.9689
vn 0.0452 -0.0565 0.9974
vn -0.2009 0.2040 0.9581
vn 0.1769 -0.2421 -0.9540
vn -0.0833 0.2108 0.9740
vn -0.2482 0.2266 0.9418
vn -0.2187 0.0911 0.9715
vn -0.1796 0.2169 0.9595
vn -0.1457 0.2975 0.9435
vn 0.0838 -0.2463 -0.9656
vn -0.1153 0.2384 0.9643
vn -0.0623 0.2381 0.9692
vn -0.0628 0.1754 0.9825
vn -0.1053 0.2161 0.9707
vn -0.2205 0.2395 0.9455
vn 0.5199 0.2570 0.8146
vn -0.0442 -0.1371 -0.9896
vn 0.1795 0.1618 0.9704
vn -0.1704 0.1914 -0.9666
vn -0.1060 0.6606 -0.7432
vn -0.1916 0.4254 0.8845
vn 0.2271 0.1430 0.9633
vn 0.1506 0.2395 0.9591
vn -0.0362 -0.1339 -0.9903
vn 0.2257 0.2267 0.9474
vn -0.3850 -0.1856 -0.9041
vn -0.8863 0.2034 -0.4161
vn -0.8706 0.4426 -0.2149
vn -0.7234 0.6574 0.2110
vn 0.0967 -0.2305 -0.9683
vn -0.1148 0.2778 0.9538
vn 0.1139 -0.1940 -0.9744
vn -0.1277 0.3454 0.9297
vn -0.3608 -0.1165 -0.9254
vn 0.0585 0.1256 0.9904
vn -0.2903 0.7012 0.6512
vn 0.2185 -0.2369 -0.9466
vn 0.2093 -0.3316 -0.9199
vn -0.0119 -0.2317 -0.9727
vn 0.2338 0.3982 0.8870
vn 0.1378 -0.1586 -0.9777
vn 0.2067 -0.3358 -0.9190
vn -0.0721 0.3492 0.9343
vn -0.0118 -0.3538 -0.9353
vn -0.0303 0.2910 0.9562
vn 0.0306 0.2903 0.9564
vn 0.0637 -0.2355 -0.9698
vn 0.1752 -0.4312 -0.8851
vn -0.0186 0.3295 0.9440
vn -0.1507 0.2199 0.9638
vn -0.2300 0.2265 0.9465
vn -0.0366 0.4179 0.9077
vn 0.3464 -0.9163 0.2011
vn 0.5124 -0.1168 -0.8508
vn 0.8452 0.1911 -0.4990
vn 0.9746 -0.2169 -0.0551
vn 0.3721 -0.0062 -0.9282
vn 0.0532 -0.1186 0.9915
vn -0.0416 -0.0057 0.9991
vn 0.5880 -0.1795 -0.7887
vn 0.6026 -0.0265 -0.7976
vn 0.4894 -0.1284 -0.8626
vn -0.3675 -0.0221 0.9298
vn 0.4882 -0.8723 -0.0281
vn 0.6868 -0.0357 -0.7260
vn 0.9593 -0.2817 0.0187
vn 0.3155 -0.2266 0.9215
vn 0.3755 -0.0570 -0.9251
vn 0.3127 -0.2785 0.9081
vn 0.6040 -0.1520 -0.7824
vn 0.2410 -0.2941 0.9249
vn 0.2422 -0.3406 0.9085
vn 0.4851 -0.1271 -0.8652
vn 0.4246 -0.0015 -0.9054
vn -0.1920 -0.0301 0.9809
vn -0.0019 -0.9999 -0.0164
vn 0.4257 -0.6085 -0.6697
vn 0.9171 0.2155 -0.3353
vn 1.0000 0.0061 0.0048
vn 0.4108 0.8647 0.2889
vn 0.0266 0.0617 0.9977
vn -0.0154 0.3065 0.9518
vn -0.9914 0.1268 0.0340
vn -0.6417 0.1935 -0.7421
vn -0.4512 0.3617 0.8158
vn -0.8114 0.2780 -0.5142
vn -0.8246 0.5320 0.1924
vn -0.9893 0.1386 0.0465
vn -0.9722 0.2335 -0.0147
vn -0.9953 -0.0654 0.0714
vn -0.9883 0.1460 0.0450
vn -0.3610 0.3766 0.8532
vn -0.4992 -0.3066 -0.8105
vn 0.1993 0.5532 0.8089
vn -0.1357 0.8440 0.5188
vn -0.0189 -0.5626 -0.8265
vn -0.2381 -0.4187 -0.8763
vn -0.7290 0.6765 -0.1041
vn -0.3930 0.5915 0.7041
vn -0.6661 0.7400 0.0932
vn -0.7224 0.6288 0.2876
vn 0.0707 0.3762 0.9238
vn -0.0334 -0.5098 -0.8596
vn -0.0158 -0.6154 -0.7881
vn 0.0091 0.8376 0.5463
vn 0.2005 -0.6418 -0.7402
vn -0.2944 0.5018 0.8133
vn 0.0117 -0.0123 -0.9999
vn -0.6697 0.7368 0.0931
vn -0.9451 0.3226 -0.0522
vn -0.9979 -0.0281 -0.0583
vn 0.1910 -0.4885 -0.8514
vn 0.2483 -0.5000 -0.8297
vn -0.1565 0.3467 0.9248
vn 0.3711 -0.6229 -0.6887
vn 0.0198 -0.1430 -0.9895
vn -0.4482 0.7762 0.4434
vn -0.4359 0.6421 0.6306
vn 0.0172 -0.1475 -0.9889
vn -0.1678 -0.7566 -0.6320
vn -0.7343 -0.0013 0.6788
vn -0.1382 0.3382 0.9309
vn 0.5265 -0.6073 -0.5950
vn 0.3566 -0.2222 -0.9074
vn 0.0017 0.3646 0.9312
vn 0.2741 -0.3610 -0.8914
vn -0.3964 0.2101 0.8937
vn -0.3532 0.3218 0.8785
vn 0.5151 -0.3404 -0.7866
vn -0.5116 0.1706 0.8421
vn -0.5587 -0.1258 0.8198
vn 0.4304 0.0024 -0.9026
vn 0.3938 0.0356 -0.9185
vn -0.3481 0.0982 0.9323
vn 0.9016 0.3704 0.2236
vn -0.0750 0.0520 0.9958
vn 0.1763 0.8899 -0.4207
vn 0.1288 0.9842 -0.1216
vn 0.1010 0.2044 0.9737
vn 0.6367 0.3408 -0.6917
vn 0.8174 0.4550 0.3535
vn 0.3191 0.9421 0.1034
vn 0.3222 0.4601 0.8273
vn 0.4736 -0.0170 -0.8806
vn 0.7768 0.3894 0.4950
vn 0.2792 0.7674 0.5772
vn 0.2653 0.2067 0.9417
vn 0.9370 0.1103 -0.3314
vn -0.9988 0.0212 0.0439
vn -0.9971 -0.0440 -0.0617
vn -0.9908 -0.0063 -0.1354
vn -0.9971 0.0444 0.0624
vn -0.7980 -0.3894 -0.4600
vn -0.6618 -0.6436 -0.3846
vn -0.9153 -0.3194 0.2454
vn -0.6357 -0.7176 0.2844
vn 0.2644 0.2836 -0.9218
vn -0.5628 -0.5806 0.5883
vn 0.1024 0.3560 -0.9289
vn 0.1137 0.9311 -0.3467
vn 0.1849 0.4322 -0.8826
vn -0.0050 0.8964 -0.4433
vn -0.4815 -0.4195 0.7696
vn -0.0110 0.4381 -0.8989
vn -0.3959 0.7727 -0.4961
vn -0.4760 -0.4317 0.7662
vn -0.3196 -0.0371 0.9468
vn -0.9287 0.3430 -0.1411
vn 0.5274 -0.0230 -0.8493
vn 0.5929 0.4020 -0.6977
vn -0.5490 -0.5800 0.6018
vn -0.4327 -0.4466 0.7831
vn 0.3127 0.4677 -0.8267
vn 0.2484 0.5785 -0.7769
vn -0.2450 -0.3169 0.9163
vn -0.2887 0.6300 -0.7209
vn -0.3606 -0.3374 0.8696
vn -0.3147 0.3614 -0.8777
vn -0.3910 0.3256 -0.8609
vn -0.9721 -0.0453 -0.2303
vn -0.3252 -0.3105 0.8932
vn 0.6147 0.5323 -0.5821
vn 0.0458 0.3100 -0.9496
vn -0.0459 0.4322 -0.9006
vn -0.3320 -0.3097 0.8910
vn -0.5202 -0.3010 0.7993
vn -0.5071 -0.2930 0.8105
vn 0.3870 0.2362 -0.8913
vn -0.5330 -0.2375 0.8121
vn 0.3681 0.2722 -0.8891
vn 0.1828 0.2620 -0.9476
vn -0.3341 -0.2858 0.8982
vn 0.3191 0.3785 -0.8688
vn -0.3110 -0.3303 0.8912
vn -0.8567 -0.3865 -0.3417
vn -0.9752 -0.2214 -0.0000
vn -0.6257 -0.7801 -0.0000
vn -0.6301 -0.3154 0.7096
vn -0.2471 -0.2332 -0.9405
vn -0.6221 -0.3291 0.7104
vn -0.4760 -0.1779 0.8613
vn -0.9759 -0.1529 -0.1557
vn -0.5549 -0.8294 -0.0644
vn -0.4552 -0.2693 0.8487
vn -0.3410 -0.0473 -0.9389
vn 0.0543 -0.1363 -0.9892
vn -0.9513 -0.3061 0.0368
vn -0.5789 -0.8145 0.0393
vn -0.5170 -0.3018 -0.8010
vn -0.1594 -0.0563 -0.9856
vn -0.4587 -0.1536 0.8752
vn -0.1580 -0.1165 -0.9805
vn 0.2107 0.1229 -0.9698
vn -0.5554 -0.2797 -0.7831
vn -0.0302 -0.2683 -0.9629
vn -0.3616 -0.1137 0.9254
vn 0.2306 0.1339 -0.9638
vn 0.1810 0.1779 -0.9673
vn -0.2489 -0.2920 0.9235
vn 0.1126 0.0567 -0.9920
vn -0.2376 -0.2092 0.9486
vn -0.2647 -0.2161 0.9398
vn -0.2627 -0.0757 0.9619
vn 0.2793 0.1668 -0.9456
vn 0.3200 0.2957 -0.9001
vn -0.2813 -0.1082 0.9535
vn 0.2256 0.1478 -0.9630
vn -0.9728 -0.2123 0.0926
vn -0.9552 -0.2596 0.1423
vn -0.9343 0.0991 -0.3424
vn -0.9955 -0.0904 0.0279
vn -0.5481 -0.8346 -0.0551
vn -0.5382 0.2638 -0.8005
vn -0.6328 0.0609 0.7719
vn -0.9837 0.1600 0.0822
vn -0.9824 0.0581 -0.1773
vn -0.2608 0.7975 -0.5441
vn -0.2086 0.0866 -0.9741
vn -0.3506 -0.0565 0.9348
vn 0.0297 -0.1781 -0.9836
vn -0.3120 -0.2154 0.9254
vn -0.0330 0.3340 -0.9420
vn -0.2030 0.0986 -0.9742
vn -0.6676 0.3906 0.6339
vn -0.0980 0.1213 -0.9878
vn -0.1976 -0.4169 0.8872
vn -0.1970 -0.3347 0.9215
vn -0.0056 0.2196 -0.9756
vn 0.0531 0.0679 -0.9963
vn 0.1109 -0.0230 0.9936
vn -0.2439 -0.1380 0.9599
vn -0.1115 -0.1300 0.9852
vn -0.1585 -0.0847 0.9837
vn -0.1947 -0.2183 0.9563
vn -0.3961 -0.2298 0.8890
vn 0.2813 0.1554 -0.9469
vn -0.3122 -0.1517 0.9378
vn 0.1796 0.1792 -0.9673
vn -0.1086 -0.0728 0.9914
vn -0.0623 -0.3008 0.9517
vn -0.3436 -0.1560 0.9261
vn -0.2911 -0.2013 0.9353
vn -0.1171 0.1169 0.9862
vn -0.1329 0.0600 0.9893
vn 0.2929 0.2509 -0.9226
vn 0.2531 0.1203 -0.9599
vn -0.1220 -0.1842 0.9753
vn 0.2581 0.2328 -0.9377
vn -0.1176 -0.2256 0.9671
vn -0.1726 -0.2960 0.9395
vn -0.1843 -0.4604 0.8684
vn -0.3294 -0.0584 0.9424
vn -0.6161 -0.2493 0.7472
vn 0.2298 0.3728 -0.8990
vn -0.6225 0.7775 -0.0892
vn -0.0524 -0.1575 0.9861
vn -0.9225 0.3859 -0.0000
vn -0.0348 0.4209 -0.9064
vn -0.3714 0.9285 -0.0000
vn -0.4627 0.1872 0.8665
vn -0.8013 0.5425 -0.2521
vn -0.4503 -0.5341 0.7155
vn 0.0389 0.3274 -0.9441
vn 0.0250 0.2989 -0.9539
vn 0.2120 0.1714 -0.9621
vn 0.0344 0.3023 -0.9526
vn -0.0589 0.6406 -0.7656
vn 0.1732 0.3924 -0.9033
vn -0.1350 0.4308 -0.8923
vn 0.2376 0.1093 -0.9652
vn -0.7371 0.0159 0.6756
vn -0.6886 0.6707 0.2756
vn -0.9017 0.4134 0.1264
vn -0.2355 0.9506 -0.2022
vn -0.0821 -0.1746 0.9812
vn -0.3355 -0.1233 0.9339
vn -0.3330 0.3062 0.8918
vn -0.7179 -0.0566 0.6938
vn -0.8217 0.5688 -0.0365
vn -0.2787 -0.2611 0.9242
vn -0.3003 -0.1434 0.9430
vn -0.1351 0.9902 -0.0354
vn -0.5710 0.7782 0.2614
vn -0.1523 -0.1596 0.9754
vn 0.0085 0.8259 -0.5637
vn -0.1193 0.6705 -0.7323
vn -0.2912 0.2989 0.9088
vn -0.0886 -0.6111 -0.7866
vn -0.1362 -0.3963 -0.9080
vn -0.0480 -0.2096 -0.9766
vn -0.1593 -0.9870 -0.0202
vn -0.2063 -0.3927 0.8962
vn -0.0848 -0.0554 0.9949
vn 0.0504 0.2112 0.9761
vn -0.7890 -0.6139 -0.0247
vn -0.0973 -0.4148 -0.9047
vn 0.0472 -0.2960 -0.9540
vn 0.0502 -0.0923 -0.9945
vn -0.1271 -0.3581 -0.9250
vn -0.1037 0.0539 0.9931
vn -0.1010 0.0967 0.9902
vn -0.1491 0.2498 0.9568
vn -0.0364 -0.9962 0.0792
vn 0.0587 -0.3895 -0.9191
vn 0.0646 -0.1843 -0.9807
vn 0.0589 -0.2165 -0.9745
vn -0.0465 0.1805 0.9825
vn -0.1294 -0.0122 0.9915
vn -0.0100 -0.9997 -0.0239
vn -0.0413 -0.1594 0.9864
vn 0.1172 -0.1456 -0.9824
vn 0.0306 0.1258 0.9916
vn 0.1154 -0.0390 -0.9926
vn 0.3019 -0.6834 -0.6647
vn 0.1071 -0.1798 -0.9779
vn 0.2334 -0.2122 -0.9489
vn 0.1353 -0.2783 -0.9509
vn 0.1317 -0.2254 -0.9653
vn -0.1467 0.2047 0.9678
vn 0.1922 -0.0909 -0.9771
vn 0.2318 -0.2390 -0.9430
vn 0.4823 -0.8606 0.1637
vn -0.2649 0.1594 0.9510
vn 0.0793 -0.0770 -0.9939
vn -0.1118 0.2670 0.9572
vn -0.1698 0.1955 0.9659
vn -0.2452 0.0701 0.9669
vn 0.0075 -0.1681 -0.9857
vn -0.1275 0.0388 0.9911
vn 0.2235 -0.2596 -0.9395
vn -0.1147 0.2808 0.9529
vn -0.1938 0.1562 0.9685
vn -0.0458 0.1090 0.9930
vn 0.0467 -0.1913 -0.9804
vn -0.0201 0.2227 0.9747
vn 0.0221 0.1794 0.9835
vn 0.0195 0.1382 0.9902
vn -0.0565 0.1956 0.9790
vn 0.0435 0.0891 0.9951
vn -0.0237 -0.1660 -0.9858
vn 0.0588 -0.1899 -0.9800
vn -0.1163 0.2692 0.9560
vn -0.1095 0.2894 0.9509
vn 0.1571 -0.3108 -0.9374
vn 0.1863 -0.1953 -0.9629
vn 0.2030 -0.3630 -0.9094
vn -0.1697 0.3797 0.9094
vn -0.1473 0.4135 0.8985
vn -0.1595 0.2461 0.9560
vn 0.1444 -0.2674 -0.9527
vn -0.2989 0.3601 0.8837
vn -0.1533 0.2686 0.9510
vn -0.0993 0.3031 0.9478
vn 0.0846 -0.2316 -0.9691
vn 0.1271 -0.2846 -0.9502
vn 0.1140 -0.2816 -0.9527
vn 0.2528 -0.2761 -0.9273
vn -0.2285 0.3123 0.9221
vn 0.2064 -0.2376 -0.9492
vn -0.1704 0.2722 0.9470
vn -0.2198 0.4289 0.8762
vn -0.1333 0.3223 0.9372
vn -0.1448 0.2881 0.9466
vn -0.2884 0.2517 0.9238
vn -0.0319 0.2507 0.9675
vn -0.1525 0.1710 0.9734
vn -0.1581 0.2473 0.9560
vn -0.0615 0.1625 0.9848
vn -0.5427 0.2568 0.7997
vn 0.5231 -0.2615 -0.8111
vn -0.5868 0.1989 0.7849
vn 0.5956 0.0666 -0.8005
vn 0.3678 -0.3231 -0.8719
vn 0.4667 -0.2675 -0.8430
vn -0.2992 0.1531 0.9418
vn -0.5191 -0.0822 0.8508
vn 0.1555 -0.2610 -0.9527
vn 0.3130 -0.1959 -0.9293
vn -0.2197 0.1502 0.9639
vn 0.5124 -0.2615 -0.8179
vn 0.5164 -0.0717 -0.8533
vn 0.4768 0.2870 -0.8308
vn 0.2466 -0.1056 -0.9634
vn -0.2615 -0.0762 0.9622
vn -0.2970 0.0987 0.9498
vn 0.2695 -0.0779 -0.9598
vn -0.3710 0.0034 0.9286
vn 0.0654 -0.1277 -0.9897
vn 0.2830 0.0577 -0.9574
vn 0.2516 -0.1367 -0.9581
vn -0.2496 0.1973 0.9480
vn 0.1882 -0.0891 -0.9781
vn 0.3640 0.0626 -0.9293
vn -0.2693 -0.0521 0.9617
vn -0.2549 0.1923 0.9476
vn -0.1834 -0.0692 0.9806
vn -0.2552 0.1408 0.9566
vn 0.2563 -0.1341 -0.9573
vn -0.6103 -0.0571 0.7901
vn 0.1995 -0.0659 -0.9777
vn 0.2400 -0.2193 -0.9457
vn 0.2360 0.1168 -0.9647
vn 0.1403 0.0631 -0.9881
vn 0.4153 -0.7143 -0.5633
vn 0.2870 -0.9502 -0.1215
vn -0.0270 -0.0281 0.9992
vn -0.0506 -0.1134 -0.9923
vn 0.0104 -0.2378 -0.9713
vn 0.4379 -0.7921 -0.4252
vn 0.8228 -0.5630 0.0769
vn -0.0445 -0.0325 0.9985
vn 0.1385 -0.2176 -0.9662
vn -0.2976 0.2205 0.9289
vn 0.5539 -0.8318 -0.0358
vn 0.5754 -0.7165 -0.3943
vn 0.0425 -0.0416 0.9982
vn 0.1576 -0.2579 -0.9532
vn -0.0079 0.0560 0.9984
vn 0.0587 0.1835 0.9813
vn 0.6023 -0.7096 -0.3656
vn 0.6196 -0.7325 0.2820
vn 0.6203 -0.6330 -0.4631
vn -0.1286 0.0703 0.9892
vn 0.5397 -0.6694 -0.5105
vn 0.5133 -0.8572 -0.0415
vn 0.0153 -0.1480 0.9889
vn -0.0426 0.1357 0.9898
vn -0.2257 0.0386 0.9734
vn -0.1236 0.2589 0.9580
vn -0.2564 0.1665 0.9521
vn 0.0240 -0.0378 -0.9990
vn -0.1415 0.1538 0.9779
vn 0.2335 -0.0366 -0.9717
vn 0.2400 -0.1065 -0.9649
vn -0.2173 0.0914 0.9718
vn -0.1548 0.2106 0.9652
vn 0.0919 -0.1875 -0.9780
vn -0.5349 0.1079 0.8380
vn -0.2029 -0.0091 0.9792
vn -0.2092 0.1668 0.9636
vn 0.2094 -0.2012 -0.9569
vn -0.1698 0.0712 0.9829
vn 0.1937 -0.1378 -0.9713
vn 0.5737 -0.3630 -0.7342
vn -0.1734 0.0808 0.9815
vn 0.2106 -0.2815 -0.9362
vn 0.9555 -0.2817 -0.0871
vn 0.1162 -0.0567 0.9916
vn 0.1487 -0.1015 0.9837
vn -0.2658 0.3874 0.8828
vn 0.0821 -0.1763 -0.9809
vn -0.0410 0.0391 0.9984
vn 0.6075 -0.7921 0.0589
vn 0.7049 -0.3345 -0.6255
vn 0.9460 -0.3225 0.0318
vn -0.0451 -0.0460 0.9979
vn -0.0167 0.0754 0.9970
vn -0.1509 0.1279 0.9802
vn -0.1479 0.1136 0.9825
vn 0.6897 -0.5453 -0.4764
vn 0.9403 -0.3121 0.1356
vn -0.0275 -0.1009 0.9945
vn 0.1962 -0.2672 -0.9434
vn 0.0062 0.0679 0.9977
vn 0.0565 -0.1504 -0.9870
vn 0.1073 -0.1876 -0.9764
vn 0.0916 -0.1598 -0.9829
vn 0.0993 -0.2130 -0.9720
vn 0.0915 -0.1643 -0.9822
vn 0.1987 -0.1914 -0.9612
vn -0.1162 0.2789 0.9533
vn 0.0224 0.2397 0.9706
vn -0.0026 0.1178 0.9930
vn -0.0952 0.1339 0.9864
vn -0.1492 0.2392 0.9594
vn -0.1583 0.3653 0.9173
vn -0.1096 0.0691 0.9916
vn -0.1475 0.2823 0.9479
vn -0.2334 0.2235 0.9463
vn 0.2069 -0.1957 -0.9586
vn -0.3642 0.3207 0.8744
vn -0.1398 0.2129 0.9670
vn -0.3055 0.2281 0.9245
vn -0.0229 0.2216 0.9749
vn -0.2554 0.1302 0.9580
vn -0.4512 0.2142 0.8663
vn -0.2658 0.0703 0.9615
vn -0.2494 0.1270 0.9601
vn 0.1397 -0.1954 -0.9707
vn 0.1760 -0.3047 -0.9360
vn -0.1469 0.2403 0.9595
vn 0.1446 -0.2032 -0.9684
vn -0.1260 0.2238 0.9665
vn -0.2161 0.1695 0.9615
vn 0.3087 -0.1399 -0.9408
vn -0.3820 0.0814 0.9206
vn 0.3391 -0.0628 -0.9387
vn 0.4196 -0.0372 -0.9070
vn -0.0820 0.0148 0.9965
vn 0.1853 -0.0591 -0.9809
vn -0.1706 -0.0705 0.9828
vn 0.3045 -0.0853 -0.9487
vn -0.2799 0.0491 0.9588
vn 0.3354 0.0206 -0.9418
vn -0.2934 0.0170 0.9559
vn 0.1522 -0.0288 -0.9879
vn -0.1270 0.0998 0.9869
vn -0.1474 -0.1011 0.9839
vn -0.2653 0.0082 0.9641
vn 0.1539 0.0399 -0.9873
vn 0.1919 0.0901 -0.9773
vn 0.2179 0.0150 -0.9758
vn 0.1179 -0.1363 -0.9836
vn 0.1818 0.0948 -0.9788
vn -0.2818 0.1176 0.9522
vn -0.4112 -0.1376 0.9011
vn -0.2757 0.0847 0.9575
vn -0.4364 -0.4183 0.7966
vn -0.6163 0.0876 0.7826
vn -0.2887 -0.0526 0.9560
vn -0.1976 0.0924 0.9759
vn -0.1120 -0.0586 0.9920
vn -0.2534 -0.0540 0.9659
vn -0.0822 0.0262 0.9963
vn -0.1776 -0.0557 0.9825
vn -0.1670 -0.0118 0.9859
vn -0.1453 -0.0967 0.9847
vn -0.1675 -0.0455 0.9848
vn -0.1903 0.0588 0.9800
vn 0.7197 -0.6173 -0.3178
vn -0.1355 0.0056 0.9908
vn 0.2048 -0.2645 -0.9424
vn 0.0171 0.1341 0.9908
vn 0.5767 -0.8138 0.0718
vn 0.8845 -0.4655 0.0304
vn 0.8777 -0.4765 0.0507
vn -0.0385 0.3328 0.9422
vn 0.2331 -0.2625 -0.9364
vn 0.2368 -0.0618 0.9696
vn 0.4668 -0.3347 0.8186
vn 0.2981 -0.2958 -0.9076
vn 0.9417 -0.3365 0.0080
vn -0.0415 -0.1955 -0.9798
vn -0.0325 -0.1425 -0.9893
vn 0.0024 0.1806 0.9835
vn 0.1666 -0.3087 -0.9365
vn -0.1047 0.4451 0.8893
vn -0.0538 0.1136 0.9921
vn 0.1805 -0.0050 0.9836
vn 0.0808 -0.0438 -0.9958
vn -0.0292 0.0774 0.9966
vn 0.1435 -0.1577 -0.9770
vn -0.1975 0.0973 0.9755
vn 0.1466 -0.2442 -0.9586
vn -0.0787 0.2383 0.9680
vn 0.2513 -0.0737 -0.9651
vn -0.0354 0.1352 0.9902
vn 0.5230 -0.2085 -0.8264
vn 0.9365 -0.3507 -0.0000
vn 0.0923 -0.3973 0.9130
vn 0.0375 0.0144 0.9992
vn 0.1692 -0.0984 -0.9807
vn 0.3944 -0.1326 -0.9093
vn -0.2092 0.0949 0.9733
vn -0.2055 0.0981 0.9737
vn 0.3303 -0.9438 0.0118
vn 0.2593 -0.3465 -0.9015
vn -0.0666 -0.4944 0.8667
vn 0.3109 -0.0732 -0.9476
vn -0.1376 0.1066 0.9847
vn 0.1286 -0.1260 -0.9837
vn -0.5715 -0.0069 0.8206
vn -0.3433 0.7497 0.5657
vn -0.1842 0.0186 0.9827
vn 0.9440 -0.3296 0.0116
vn -0.0015 -0.0475 0.9989
vn 0.2699 -0.0972 -0.9580
vn -0.1017 -0.1636 0.9813
vn 0.1723 -0.3408 -0.9242
vn -0.1918 0.0933 0.9770
vn -0.0908 0.2107 0.9733
vn -0.3640 0.0468 0.9302
vn 0.5417 -0.8310 0.1265
vn 0.9751 -0.2188 0.0362
vn 0.3716 -0.1918 -0.9084
vn 0.1070 -0.0736 0.9915
vn 0.3930 -0.3406 -0.8541
vn -0.2234 0.1851 0.9570
vn 0.7185 -0.2911 -0.6317
vn 0.4943 -0.2999 -0.8159
vn 0.9438 -0.3304 -0.0000
vn 0.2092 -0.2667 0.9408
vn 0.4508 -0.0832 -0.8887
vn 0.0997 0.0198 0.9948
vn 0.8092 -0.2741 -0.5197
vn 0.4483 0.2157 0.8675
vn 0.1851 -0.0452 -0.9817
vn 0.1412 0.0282 -0.9896
vn 0.0290 -0.1857 -0.9822
vn 0.1245 0.0225 -0.9920
vn -0.0465 0.0129 0.9988
vn -0.0971 0.1823 0.9784
vn -0.0816 0.0405 0.9958
vn -0.1163 -0.0767 0.9902
vn -0.1198 0.0347 0.9922
vn -0.4471 0.1357 0.8841
vn -0.0249 -0.3005 0.9535
vn -0.0165 0.0016 0.9999
vn -0.0528 0.0429 0.9977
vn -0.3999 -0.1125 0.9096
vn -0.5290 -0.0632 0.8462
vn -0.2333 -0.3958 0.8882
vn 0.2023 -0.3044 -0.9308
vn -0.1084 0.5292 0.8415
vn -0.6351 -0.0245 0.7720
vn -0.1049 -0.5726 0.8131
vn -0.1275 -0.0845 0.9882
vn -0.1947 -0.0718 0.9782
vn 0.1965 0.0870 -0.9766
vn 0.2284 -0.2133 -0.9499
vn -0.1515 -0.0116 0.9884
vn -0.1741 -0.1297 0.9761
vn 0.1393 -0.0825 -0.9868
vn 0.2692 -0.2022 -0.9416
vn -0.1954 0.1500 0.9692
vn 0.1783 0.0064 -0.9840
vn 0.2627 0.0783 -0.9617
vn -0.3160 -0.1585 0.9354
vn -0.1694 0.0132 0.9855
vn -0.0772 -0.1937 0.9780
vn 0.2076 0.1193 -0.9709
vn -0.2501 -0.0237 0.9679
vn 0.2878 0.0074 0.9577
vn -0.2017 -0.9000 0.3865
vn 0.5127 -0.0980 -0.8530
vn -0.2820 0.1439 0.9486
vn 0.3294 -0.0638 -0.9420
vn -0.3507 -0.0404 0.9356
vn 0.3454 -0.1721 -0.9225
vn -0.3408 -0.2535 0.9053
vn 0.4854 0.3481 -0.8020
vn -0.2463 -0.1534 0.9570
vn -0.2093 0.0203 0.9777
vn 0.5319 -0.0338 -0.8461
vn 0.4463 0.2602 -0.8562
vn 0.4110 0.9109 -0.0366
vn 0.2915 -0.9402 0.1763
vn 0.5128 -0.3867 -0.7665
vn 0.9454 -0.2202 -0.2401
vn 0.9997 -0.0219 -0.0092
vn -0.0957 -0.0099 0.9954
vn 0.6686 -0.4331 -0.6045
vn 1.0000 0.0003 -0.0022
vn 0.4931 0.2565 -0.8313
vn 0.9755 -0.1790 -0.1279
vn 0.1667 -0.0984 0.9811
vn 0.1867 -0.0546 0.9809
vn 0.3590 0.0313 -0.9328
vn 1.0000 -0.0000 -0.0000
vn 0.2111 0.0679 0.9751
vn 0.4784 0.0481 -0.8768
vn 0.6492 0.7606 -0.0000
vn 0.6110 0.2767 -0.7417
vn 0.4048 0.2677 -0.8744
vn -0.2561 -0.1217 0.9590
vn 0.4267 0.1716 -0.8880
vn 0.4198 0.2560 -0.8708
vn -0.3023 -0.1063 0.9473
vn 0.3643 0.1768 -0.9143
vn -0.5228 -0.2456 0.8163
vn -0.3200 -0.4995 0.8050
vn 0.2942 0.1462 -0.9445
vn -0.2133 -0.2532 0.9436
vn 0.3013 0.0065 -0.9535
vn -0.2265 -0.0403 0.9732
vn -0.2760 -0.2882 0.9169
vn -0.2878 -0.2673 0.9196
vn 0.2787 0.0124 -0.9603
vn 0.1533 0.2175 -0.9640
vn -0.1386 -0.2897 0.9470
vn 0.3471 -0.0173 -0.9377
vn -0.2691 -0.3622 0.8924
vn 0.2580 0.1880 -0.9477
vn -0.3153 -0.1847 0.9308
vn -0.2065 -0.3097 0.9281
vn -0.1921 -0.0350 0.9808
vn 0.2154 -0.0261 -0.9762
vn 0.3933 0.1193 -0.9116
vn -0.3991 0.0114 0.9169
vn 0.2287 -0.0189 -0.9733
vn -0.3918 -0.4621 0.7956
vn 0.2229 0.2066 -0.9527
vn 0.2533 0.1596 -0.9541
vn -0.2570 -0.2253 0.9398
vn 0.2103 0.2675 -0.9403
vn -0.0977 0.0661 0.9930
vn -0.0553 -0.3606 0.9311
vn -0.3713 -0.0974 0.9234
vn -0.2280 -0.2188 0.9488
vn -0.2362 -0.1931 0.9523
vn 0.3412 0.2067 -0.9170
vn -0.1687 0.0107 0.9856
vn 0.2100 0.1888 -0.9593
vn -0.2288 -0.2178 0.9488
vn -0.2117 -0.1759 0.9614
vn 0.2789 0.1394 -0.9502
vn 0.3042 0.1496 -0.9408
vn -0.3486 -0.1179 0.9298
vn -0.1847 -0.2805 0.9419
vn -0.3060 -0.0935 0.9474
vn 0.2048 0.1360 -0.9693
vn 0.2234 0.0787 -0.9715
vn 0.2010 0.1340 -0.9704
vn 0.0960 0.0866 -0.9916
vn 0.2471 0.1160 -0.9620
vn -0.4190 -0.3021 0.8563
vn -0.1189 -0.0661 0.9907
vn -0.1256 -0.2096 0.9697
vn -0.2199 -0.0987 0.9705
vn -0.2906 -0.1694 0.9417
vn -0.0796 -0.1054 0.9912
vn -0.1691 -0.1909 0.9669
vn 0.1739 0.1903 -0.9662
vn -0.1825 -0.1589 0.9703
vn 0.1857 0.1334 -0.9735
vn 0.1556 0.1586 -0.9750
vn 0.1101 0.1927 -0.9751
vn -0.1379 -0.2601 0.9557
vn 0.1567 0.1942 -0.9684
vn 0.1854 0.5275 -0.8291
vn 0.0679 0.0240 -0.9974
vn 0.3088 0.1002 -0.9458
vn -0.0931 -0.2105 0.9732
vn -0.1609 -0.1151 0.9802
vn -0.0638 -0.1231 0.9903
vn -0.1747 -0.1024 0.9793
vn -0.2881 -0.1800 0.9405
vn -0.3590 -0.3366 0.8705
vn 0.4174 0.1862 -0.8894
vn -0.2431 -0.1978 0.9496
vn 0.2755 0.2104 -0.9380
vn -0.2892 -0.2046 0.9352
vn -0.3057 -0.1965 0.9316
vn 0.3171 0.1273 -0.9398
vn 0.2838 0.1719 -0.9433
vn 0.2949 0.2424 -0.9243
vn -0.1022 -0.2375 0.9660
vn -0.2075 -0.1503 0.9666
vn -0.0701 -0.0116 0.9975
vn 0.2318 0.5548 -0.7990
vn -0.0787 0.2778 0.9574
vn 0.0550 0.9981 -0.0291
vn -0.2320 -0.0243 0.9724
vn -0.2160 -0.2334 0.9481
vn 0.1245 0.1603 -0.9792
vn -0.2790 0.0025 0.9603
vn 0.1134 0.3779 -0.9189
vn -0.2437 0.5142 0.8223
vn -0.8365 0.3287 0.4386
vn 0.2238 0.1738 -0.9590
vn 0.2373 0.0915 -0.9671
vn -0.0660 -0.0035 0.9978
vn 0.0242 0.9969 -0.0750
vn 0.2345 0.9681 0.0886
vn -0.0626 0.0749 0.9952
vn -0.1342 -0.1959 0.9714
vn 0.1733 0.0413 -0.9840
vn -0.2150 0.5997 0.7708
vn 0.2558 0.1699 -0.9517
vn 0.2341 0.1701 -0.9572
vn 0.4014 0.6516 -0.6436
vn -0.2414 -0.0497 0.9691
vn 0.2648 -0.2412 -0.9337
vn -0.0025 -0.0219 -0.9998
vn 0.5573 0.6619 -0.5013
vn 0.8032 0.5874 0.0996
vn 0.0150 0.1986 0.9800
vn -0.1699 -0.0775 0.9824
vn 0.2072 0.3894 -0.8975
vn 0.1966 0.9796 0.0415
vn -0.0893 0.3394 0.9364
vn 0.8193 0.5629 -0.1095
vn 0.2352 -0.0264 -0.9716
vn -0.3257 -0.3083 0.8938
vn -0.2916 -0.1969 0.9361
vn -0.1268 -0.2281 0.9653
vn -0.2833 -0.0532 0.9576
vn 0.1803 0.1363 -0.9741
vn -0.1465 -0.1857 0.9716
vn 0.3484 -0.0034 -0.9373
vn -0.3275 -0.1758 0.9283
vn 0.3636 0.0592 -0.9297
vn -0.2946 -0.0684 0.9532
vn 0.1946 0.1800 -0.9642
vn 0.1475 0.1822 -0.9721
vn 0.1140 0.1579 -0.9809
vn 0.1307 0.0063 -0.9914
vn 0.2281 0.0049 -0.9736
vn 0.2082 0.0109 -0.9780
vn 0.1743 0.1499 -0.9732
vn -0.5951 -0.0874 0.7989
vn -0.1855 -0.1628 0.9691
vn -0.3656 -0.1086 0.9244
vn -0.1793 -0.0562 0.9822
vn -0.5966 -0.1353 0.7911
vn -0.0946 -0.1100 0.9894
vn -0.2142 -0.0537 0.9753
vn -0.1895 -0.0308 0.9814
vn -0.1603 -0.1019 0.9818
vn -0.2634 -0.0784 0.9615
vn -0.1412 0.0365 0.9893
vn -0.0347 0.0078 0.9994
vn -0.1943 -0.0768 0.9779
vn -0.0475 -0.0224 0.9986
vn -0.1137 -0.1494 0.9822
vn -0.1716 -0.0790 0.9820
vn -0.3125 -0.1403 0.9395
vn -0.3213 -0.1080 0.9408
vn 0.1412 0.2111 -0.9672
vn 0.1428 0.1091 -0.9837
vn 0.2056 0.0309 -0.9781
vn 0.2561 0.1613 -0.9531
vn 0.1530 0.1815 -0.9714
vn -0.1289 -0.1580 0.9790
vn -0.2177 -0.1076 0.9701
vn -0.2397 -0.0851 0.9671
vn 0.2353 0.1456 -0.9609
vn -0.1174 -0.1552 0.9809
vn -0.3997 -0.2093 0.8924
vn -0.5088 -0.1283 0.8513
vn 0.3595 0.2536 -0.8980
vn 0.3137 0.0726 -0.9467
vn -0.1167 -0.3427 0.9322
vn -0.2594 -0.1617 0.9521
vn -0.4295 -0.2752 0.8601
vn -0.2161 -0.3956 0.8926
vn -0.3943 -0.2977 0.8694
vn 0.2143 0.2706 -0.9385
vn 0.1528 0.0657 -0.9861
vn 0.3060 0.2344 -0.9227
vn -0.2530 -0.1237 0.9595
vn 0.1789 0.1958 -0.9642
vn 0.2120 0.2933 -0.9322
vn -0.1541 -0.1491 0.9767
vn -0.0604 -0.0155 0.9981
vn 0.1776 0.1358 -0.9747
vn -0.0704 -0.2831 0.9565
vn 0.1497 0.0811 -0.9854
vn -0.1286 -0.2048 0.9703
vn 0.0591 0.1216 -0.9908
vn -0.2369 -0.0576 0.9698
vn -0.5726 -0.5041 0.6466
vn -0.2558 -0.2362 0.9374
vn -0.3083 0.0871 0.9473
vn -0.3795 -0.0449 0.9241
vn 0.2288 0.1360 -0.9639
vn -0.2139 -0.0327 0.9763
vn 0.2143 0.2059 -0.9548
vn -0.1857 -0.2143 0.9590
vn 0.2737 0.1092 -0.9556
vn -0.1202 -0.0861 0.9890
vn 0.2455 0.1729 -0.9538
vn -0.1616 -0.0686 0.9845
vn 0.3581 0.2152 -0.9085
vn -0.1156 0.1521 0.9816
vn -0.3060 -0.1288 0.9433
vn 0.3563 0.2663 -0.8956
vn -0.1858 -0.1348 0.9733
vn 0.1926 0.1645 -0.9674
vn -0.1061 0.0563 0.9928
vn 0.4702 0.1427 -0.8710
vn 0.8958 0.4444 -0.0000
vn 0.3782 0.9257 -0.0000
vn 0.0274 0.4296 0.9026
vn -0.1901 -0.2190 0.9570
vn -0.0713 -0.0013 0.9975
vn 0.2377 0.0905 -0.9671
vn -0.1042 -0.1778 0.9785
vn 0.2183 0.3084 0.9259
vn 0.5051 0.3167 -0.8028
vn 0.3797 0.9251 -0.0000
vn 0.2785 0.4730 0.8359
vn 0.1463 0.1012 -0.9840
vn 0.1316 0.0476 -0.9902
vn -0.2208 0.0838 0.9717
vn 0.2512 0.1924 -0.9486
vn 0.3385 0.9409 0.0106
vn 0.0341 0.9532 0.3003
vn -0.0518 -0.0017 0.9987
vn -0.3072 -0.3996 0.8637
vn -0.1544 -0.0936 0.9836
vn 0.1265 0.1971 -0.9722
vn -0.0565 0.0803 0.9952
vn 0.8671 0.4974 0.0266
vn 0.0024 -0.0299 0.9995
vn -0.2062 -0.0521 0.9771
vn 0.6101 0.6857 -0.3971
vn 0.9279 0.3726 -0.0139
vn 0.3682 0.9283 -0.0508
vn -0.0821 0.1947 0.9774
vn 0.5231 0.2027 -0.8278
vn 0.7031 0.1771 -0.6887
vn 0.9169 0.3991 -0.0000
vn 0.4831 0.8736 0.0585
vn 0.1493 0.3187 0.9360
vn 0.5128 0.2127 -0.8318
vn 0.8984 0.4392 -0.0000
vn 0.4266 0.9045 -0.0000
vn 0.1182 0.3705 0.9213
vn 0.1985 0.0718 -0.9775
vn 0.1639 0.0786 -0.9833
vn -0.2667 -0.0306 0.9633
vn 0.2967 0.0438 -0.9540
vn -0.2839 -0.1603 0.9454
vn -0.1199 -0.0951 0.9882
vn 0.2421 0.1282 -0.9617
vn 0.2242 0.0924 -0.9702
vn -0.3061 -0.2129 0.9279
vn -0.2777 -0.1621 0.9469
vn 0.2242 0.1372 -0.9648
vn 0.1618 0.0908 -0.9826
vn -0.0922 -0.1468 0.9849
vn -0.1765 -0.0771 0.9813
vn 0.1844 0.0829 -0.9793
vn -0.2344 0.2828 0.9301
vn -0.5626 0.0167 0.8266
vn -0.1888 -0.2029 0.9608
vn 0.9281 -0.1082 -0.3562
vn 0.8783 0.0014 0.4781
vn -0.1223 -0.0981 0.9876
vn -0.0373 -0.1985 0.9794
vn -0.2806 -0.1754 0.9437
vn 0.2220 0.2042 0.9534
vn 0.5649 0.0485 -0.8237
vn 0.1160 0.4952 -0.8610
vn 0.0698 0.9959 -0.0578
vn 0.1514 -0.6837 -0.7139
vn -1.0000 -0.0000 -0.0000
vn 0.3368 -0.9415 -0.0153
vn 0.0728 0.0136 -0.9973
vn 0.3730 0.1784 -0.9105
vn 0.1536 0.0279 0.9877
vn 0.9709 0.2394 -0.0060
vn 0.4292 0.9009 -0.0639
vn -0.2332 0.5398 -0.8089
vn -0.1160 -0.0197 0.9931
vn 0.0092 -0.0969 -0.9953
vn -0.0316 -0.1987 -0.9796
vn 0.1533 0.1627 0.9747
vn 0.4051 0.2764 -0.8715
vn 0.9245 0.3812 -0.0000
vn 0.4454 0.8951 0.0190
vn 0.1535 0.1632 0.9746
vn 0.2145 0.1758 -0.9608
vn 0.1900 0.2434 -0.9511
vn 0.2834 0.1508 -0.9471
vn -0.0911 -0.0030 0.9958
vn -0.1132 0.0858 0.9899
vn 0.1816 0.3493 -0.9192
vn -0.1429 -0.2048 0.9683
vn -0.1559 -0.1480 0.9766
vn -0.4177 -0.0138 0.9085
vn -0.1384 -0.3829 0.9134
vn -0.0988 -0.2211 0.9702
vn 0.1587 0.3177 -0.9348
vn 0.2107 0.1325 -0.9685
vn 0.1629 0.1554 -0.9743
vn -0.2619 -0.1425 0.9545
vn -0.0868 -0.2600 0.9617
vn -0.1716 -0.4308 0.8860
vn -0.1923 0.0491 0.9801
vn 0.2181 0.0926 -0.9715
vn 0.3639 0.1967 -0.9104
vn 0.2808 0.2713 -0.9206
vn 0.2833 0.2603 -0.9230
vn 0.2866 0.0303 -0.9576
vn -0.2177 -0.2411 0.9458
vn 0.1243 0.1835 0.9751
vn 0.3523 0.1972 -0.9149
vn 0.9786 0.2050 0.0171
vn 0.2094 0.0666 0.9756
vn 0.3449 -0.7424 0.5743
vn 0.5374 0.3427 -0.7705
vn 0.9869 -0.1438 0.0728
vn 0.6458 0.1833 -0.7412
vn 0.4371 0.0428 -0.8984
vn 0.9949 0.0244 -0.0983
vn 0.2524 -0.1166 0.9606
vn 0.3008 -0.6350 0.7115
vn 0.3274 0.2516 -0.9108
vn 0.3361 0.9418 0.0084
vn 0.9888 0.0688 0.1324
vn 0.3862 0.7993 0.4604
vn 0.4489 0.4199 0.7888
vn 0.2534 0.1521 0.9553
vn 0.3817 0.2096 -0.9002
vn 0.3130 0.9497 -0.0000
vn 0.1839 0.5409 0.8207
vn -0.2361 -0.2023 0.9504
vn 0.2193 0.2177 -0.9511
vn 0.2326 0.2933 -0.9273
vn 0.2396 0.2400 0.9408
vn 0.5538 0.3883 -0.7366
vn 0.4118 0.9113 -0.0000
vn 0.2265 0.3790 0.8973
vn 0.2124 0.2484 -0.9451
vn -0.1598 -0.0958 0.9825
vn -0.1717 0.3127 0.9342
vn 0.4185 0.9081 0.0161
vn 0.0885 0.5689 0.8176
vn 0.2474 0.2125 -0.9453
vn 0.9762 0.1946 -0.0957
vn 0.2966 -0.0627 0.9529
vn -0.2171 -0.8162 0.5355
vn 0.2540 0.2104 -0.9440
vn 0.4373 0.8993 0.0062
vn 0.1592 0.8100 0.5644
vn -0.0299 0.0545 0.9981
vn 0.5694 0.3376 -0.7495
vn 0.3433 0.9392 0.0076
vn 0.2547 0.5760 0.7768
vn 0.5068 0.0272 -0.8616
vn 0.0928 -0.0488 0.9945
vn 0.0529 0.1046 0.9931
vn 0.3220 -0.0043 -0.9467
vn 0.0838 0.0576 0.9948
vn 0.9558 0.1492 0.2532
vn 0.4908 0.1699 -0.8546
vn 0.5014 0.8652 -0.0000
vn 0.4762 0.2360 0.8471
vn 0.5572 -0.2430 -0.7940
vn 0.5185 0.8521 0.0706
vn -0.7118 0.0864 -0.6971
vn -0.7271 0.1291 -0.6743
vn -0.9194 -0.3928 0.0190
vn -0.3403 -0.0282 0.9399
vn -0.6082 0.1652 -0.7764
vn -0.5495 0.8355 -0.0000
vn -0.9921 0.1256 -0.0000
vn -0.9998 0.0129 0.0153
vn -0.9960 0.0786 0.0421
vn -0.1441 -0.9828 0.1151
vn -0.9599 -0.2785 -0.0336
vn -0.5622 -0.4023 -0.7226
vn -0.7668 -0.6414 -0.0257
vn -0.2113 0.1128 -0.9709
vn -0.9658 -0.2584 -0.0228
vn -0.5422 -0.8387 0.0510
vn -0.3890 -0.2278 -0.8926
vn -0.2195 -0.1998 0.9549
vn -0.2201 -0.2307 0.9478
vn -0.2363 -0.9716 -0.0098
vn -0.1060 -0.2545 -0.9612
vn -0.0280 0.0855 0.9959
vn 0.1760 -0.1117 0.9780
vn -0.1704 0.0238 -0.9851
vn 0.0800 0.1707 0.9821
vn 0.0157 -0.0598 0.9981
vn -0.1157 -0.7146 0.6899
vn -0.1180 -0.0541 -0.9915
vn 0.2167 -0.3535 0.9100
vn 0.0878 0.0281 0.9957
vn -0.0248 0.0432 -0.9988
vn -0.2886 -0.9557 0.0582
vn -0.1889 -0.1233 -0.9742
vn 0.0141 0.0601 -0.9981
vn -0.0728 0.0471 0.9962
vn -0.0699 -0.0247 0.9972
vn -0.1618 -0.6103 0.7754
vn -0.1466 -0.3965 0.9062
vn -0.1906 -0.2013 0.9608
vn -0.0726 -0.1483 -0.9863
vn -0.0191 -0.1941 -0.9808
vn 0.0093 -0.2486 0.9686
vn 0.0162 -0.0103 -0.9998
vn -0.0214 -0.0813 0.9965
vn 0.0857 -0.0723 0.9937
vn 0.5626 -0.0357 0.8260
vn -0.6834 -0.2791 0.6746
vn 0.0167 -0.0120 0.9998
vn -0.0264 0.3415 0.9395
vn 0.0033 -0.3706 0.9288
vn -0.5229 0.0949 -0.8471
vn -0.4958 0.1610 -0.8534
vn -0.4796 0.0442 -0.8764
vn -0.3753 0.0976 -0.9218
vn -0.1095 0.0917 -0.9897
vn -0.2146 0.1042 -0.9711
vn -0.1186 0.0675 -0.9906
vn -0.1021 -0.0078 -0.9947
vn 0.0369 -0.1653 0.9856
vn -0.1524 0.1653 -0.9744
vn 0.0753 -0.0398 0.9964
vn -0.0501 0.1627 -0.9854
vn -0.0397 0.2841 -0.9580
vn 0.0187 0.0179 0.9997
vn 0.0038 0.0216 -0.9998
vn -0.1414 0.1519 -0.9782
vn -0.2730 0.1629 -0.9481
vn -0.1571 -0.2283 0.9608
vn -0.1731 -0.0042 0.9849
vn -0.1668 -0.0242 0.9857
vn -0.4527 -0.0204 0.8914
vn -0.5837 0.1236 0.8025
vn 0.1291 -0.1154 0.9849
vn -0.0763 0.0158 0.9970
vn 0.2767 -0.2910 0.9158
vn 0.1964 -0.1328 0.9715
vn 0.1578 -0.0561 0.9859
vn 0.1855 -0.1378 0.9729
vn 0.1337 -0.1076 0.9852
vn 0.1412 -0.0409 0.9891
vn 0.0367 -0.0816 0.9960
vn -0.0042 -0.0583 0.9983
vn 0.1614 -0.2715 0.9488
vn 0.0509 -0.0373 0.9980
vn 0.1392 -0.1521 0.9785
vn -0.2178 0.0384 0.9752
vn -0.2310 -0.0191 0.9728
vn -0.8452 0.0208 0.5341
vn 0.0654 -0.1384 0.9882
vn -0.4416 -0.3615 0.8212
vn -0.9726 -0.2152 0.0878
vn -0.4693 -0.4844 0.7383
vn -0.9051 -0.2255 0.3605
vn -0.0220 0.3044 0.9523
vn -0.2057 0.1965 -0.9587
vn -0.0475 0.0180 -0.9987
vn -0.1364 0.1430 -0.9803
vn -0.0953 0.3359 -0.9371
vn -0.1392 0.2271 -0.9639
vn -0.0329 0.0577 -0.9978
vn -0.1480 0.1292 -0.9805
vn -0.0580 0.0734 -0.9956
vn -0.1463 0.2194 -0.9646
vn -0.5158 0.8556 -0.0449
vn -0.9577 0.2847 0.0418
vn -0.9828 0.1589 0.0938
vn -0.3689 0.2345 0.8994
vn -0.3815 -0.1112 0.9176
vn -0.2758 -0.7019 0.6567
vn -0.4997 0.8659 -0.0235
vn -0.3246 0.8942 0.3083
vn -0.1608 0.1276 0.9787
vn -0.0302 -0.1327 0.9907
vn -0.1960 0.2679 0.9433
vn -0.4326 0.8962 0.0986
vn -0.1563 0.6706 0.7252
vn -0.9567 0.2795 0.0813
vn -0.8458 0.1415 0.5144
vn 0.0667 0.1857 0.9803
vn -0.1480 -0.7639 0.6281
vn -0.1665 0.1522 0.9742
vn 0.0292 -0.1349 0.9904
vn 0.0314 -0.1756 0.9840
vn -0.1545 0.7732 -0.6151
vn 0.0396 -0.1329 0.9903
vn -0.8915 0.4401 0.1078
vn 0.0785 0.0931 0.9926
vn 0.0081 -0.1720 0.9851
vn -0.0560 -0.0243 0.9981
vn 0.0292 -0.1317 0.9909
vn -0.2571 0.9296 -0.2641
vn 0.0148 0.0351 0.9993
vn 0.1325 -0.1928 0.9722
vn 0.1534 -0.1077 0.9823
vn -0.0129 0.9435 0.3311
vn 0.0070 0.0247 0.9997
vn 0.1259 -0.1106 0.9859
vn 0.1050 0.0710 0.9919
vn 0.1626 -0.0987 0.9818
vn -0.1808 0.9835 -0.0098
vn -0.1165 0.7666 0.6315
vn -0.8778 0.4784 -0.0231
vn 0.1214 -0.9892 0.0823
vn 0.0337 -0.8097 -0.5859
vn -0.5167 -0.4306 -0.7400
vn -0.1198 -0.2824 -0.9518
vn 0.0860 -0.2174 -0.9723
vn 0.0758 -0.8091 0.5828
vn -0.9130 -0.3765 0.1569
vn -0.3099 -0.9071 0.2848
vn -0.8769 -0.4798 0.0305
vn -0.8533 -0.5206 0.0279
vn -0.2783 -0.9598 -0.0354
vn -0.8884 -0.2941 0.3526
vn -0.1380 -0.2792 0.9503
vn -0.1640 -0.0259 0.9861
vn 0.0096 -0.9809 0.1944
vn 0.3155 -0.8013 -0.5082
vn -0.3507 -0.0361 0.9358
vn -0.8090 -0.5879 -0.0000
vn -0.2011 -0.9765 0.0769
vn 0.3145 -0.7551 -0.5753
vn -0.2028 -0.4621 0.8633
vn -0.0415 -0.1770 -0.9833
vn 0.0158 0.1533 0.9880
vn -0.0397 -0.0278 0.9988
vn 0.0175 -0.0055 -0.9998
vn -0.0506 -0.0360 -0.9981
vn 0.0365 -0.0740 0.9966
vn 0.0557 -0.1617 -0.9853
vn 0.0068 -0.0634 -0.9980
vn 0.0100 0.1642 0.9864
vn 0.0889 -0.1026 -0.9907
vn 0.0221 -0.1373 -0.9903
vn 0.1033 0.0489 0.9935
vn 0.0910 -0.2241 -0.9703
vn 0.1353 -0.0890 -0.9868
vn -0.0702 -0.1428 -0.9873
vn 0.0325 -0.1944 -0.9804
vn -0.2329 -0.2577 0.9377
vn -0.0571 -0.1273 -0.9902
vn 0.0978 -0.4054 0.9089
vn 0.0059 -0.2597 -0.9657
vn 0.0171 -0.2031 -0.9790
vn -0.0463 0.0858 0.9952
vn 0.1124 -0.1722 -0.9786
vn -0.0100 -0.2432 0.9699
vn -0.5772 -0.2585 0.7746
vn -0.0008 0.0456 0.9990
vn -0.0497 -0.0571 0.9971
vn -0.2030 0.3630 0.9094
vn 0.1584 0.0106 0.9873
vn -0.1770 0.1281 0.9758
vn -0.2724 0.4079 0.8714
vn 0.0695 -0.0090 0.9975
vn 0.0141 0.2944 0.9556
vn -0.5791 -0.7654 0.2805
vn -0.1092 0.1478 0.9830
vn 0.1082 0.4602 0.8812
vn -0.0941 0.0088 0.9955
vn -0.0882 -0.7387 -0.6682
vn 0.0965 -0.5808 -0.8083
vn 0.1295 -0.1741 0.9762
vn -0.1511 0.0595 0.9867
vn 0.0443 0.3778 0.9248
vn 0.1396 -0.9341 -0.3285
vn -0.1654 0.1993 0.9659
vn -0.0833 0.1713 0.9817
vn 0.0267 0.3935 0.9189
vn -0.0785 0.1103 0.9908
vn -0.1746 -0.2006 0.9640
vn -0.2997 0.2125 -0.9301
vn -0.0481 0.0198 -0.9986
vn -0.2258 -0.1596 -0.9610
vn -0.2695 0.2127 -0.9392
vn -0.1967 -0.5016 0.8424
vn -0.1105 -0.2618 -0.9588
vn 0.0646 0.3954 -0.9162
vn 0.0733 0.3176 -0.9454
vn -0.0008 -0.3873 0.9220
vn -0.3809 -0.1125 -0.9177
vn -0.1211 0.2439 -0.9622
vn -0.0242 0.2481 -0.9684
vn 0.1735 0.9293 -0.3261
vn -0.0245 0.5904 -0.8067
vn 0.0865 -0.4746 -0.8759
vn -0.0889 -0.1309 -0.9874
vn -0.1461 0.3760 -0.9150
vn 0.4854 0.8397 -0.2436
vn 0.7058 0.3824 -0.5963
vn 0.4202 0.7207 -0.5514
vn 0.5300 -0.0959 -0.8426
vn -0.1336 -0.2349 -0.9628
vn -0.0557 -0.1319 -0.9897
vn 0.3847 0.9229 0.0179
vn 0.5141 0.4721 -0.7161
vn -0.0018 -0.1858 -0.9826
vn 0.0030 -0.1930 -0.9812
vn 0.6747 -0.0761 0.7341
vn -0.0723 0.2561 -0.9639
vn 0.0193 0.9991 0.0374
vn -0.0122 0.8556 0.5175
vn 0.5680 0.3093 0.7627
vn -0.8720 -0.4858 0.0605
vn -0.5207 -0.5226 0.6751
vn -0.6084 -0.7909 0.0655
vn -0.6957 -0.6626 -0.2775
vn -0.2994 -0.1923 0.9345
vn 0.0182 0.7316 0.6815
vn -0.2218 0.2204 0.9499
vn 0.0404 0.4081 0.9120
vn -0.8328 -0.5527 0.0309
vn -0.4951 -0.4830 0.7222
vn -0.9081 -0.4049 0.1065
vn -0.4125 -0.9106 0.0253
vn -0.6781 -0.6624 -0.3184
vn -0.2073 -0.4076 0.8893
vn 0.2021 -0.1216 0.9718
vn -0.0175 0.6168 0.7869
vn -0.0478 0.4230 0.9049
vn -0.1828 0.6534 0.7346
vn -0.0599 0.0348 0.9976
vn -0.6614 -0.7499 -0.0158
vn -0.7647 -0.6041 0.2243
vn -0.3703 -0.5375 0.7576
vn -0.2860 -0.9524 0.1052
vn -0.4054 -0.2902 0.8669
vn -0.6440 -0.0161 0.7649
vn 0.0656 -0.1467 0.9870
vn 0.0653 0.1697 0.9833
vn 0.1955 0.6061 0.7710
vn -0.2911 -0.7246 -0.6246
vn -0.1206 0.4180 0.9004
vn -0.0810 -0.6269 -0.7749
vn 0.1626 0.3168 0.9345
vn 0.0186 0.0725 0.9972
vn 0.1579 0.3043 0.9394
vn 0.0295 0.2271 0.9734
vn -0.0486 0.4053 0.9129
vn -0.0840 -0.6300 -0.7720
vn 0.1693 -0.3285 0.9292
vn -0.0433 0.2847 0.9576
vn -0.0530 0.2690 0.9617
vn -0.2131 0.3083 0.9271
vn -0.2639 0.1743 0.9487
vn -0.0182 -0.6532 0.7569
vn -0.0173 -0.9964 -0.0828
vn 0.8864 -0.4564 0.0774
vn -0.2833 0.1575 0.9460
vn 0.9912 -0.0802 -0.1053
vn -0.2413 0.2391 0.9405
vn -0.3609 0.1471 0.9209
vn 0.3691 -0.2148 -0.9042
vn -0.0190 0.0880 -0.9959
vn 0.8001 -0.4431 0.4043
vn 0.3191 -0.6698 0.6704
vn 0.3535 -0.9330 -0.0670
vn 0.3123 -0.9187 0.2418
vn 0.8187 -0.2071 0.5356
vn -0.0656 -0.1890 0.9798
vn 0.8088 0.4175 -0.4142
vn 0.6254 0.7796 0.0320
vn 0.4915 0.2778 -0.8254
vn 0.6651 -0.1352 -0.7345
vn -0.3594 0.1437 0.9221
vn -0.0303 0.2461 -0.9688
vn 0.0068 0.0505 -0.9987
vn -0.0701 0.3418 -0.9372
vn 0.2473 0.0836 -0.9653
vn 0.2086 0.1364 -0.9685
vn 0.3811 0.0079 -0.9245
vn 0.3130 0.0478 -0.9485
vn 0.3108 0.0503 -0.9491
vn 0.3375 0.0923 -0.9368
vn 0.1653 -0.1205 0.9788
vn -0.0152 0.1983 0.9800
vn 0.0072 0.5554 0.8315
vn 0.1090 -0.1758 0.9784
vn 0.0794 -0.0277 0.9965
vn -0.1002 0.9944 0.0327
vn -0.1127 -0.1796 0.9773
vn -0.0099 -0.0479 0.9988
vn -0.0414 0.0075 0.9991
vn -0.0402 -0.1369 0.9898
vn 0.0363 0.9471 -0.3188
vn -0.2215 0.0088 0.9751
vn -0.2653 -0.0335 0.9636
vn -0.5997 -0.3351 0.7267
vn 0.4498 0.8133 -0.3691
vn 0.1964 0.9686 -0.1525
vn -0.6417 0.3916 0.6595
vn -0.0050 0.0858 0.9963
vn -0.3492 -0.1023 0.9315
vn -0.4153 0.1255 0.9010
vn 0.1803 -0.1451 0.9729
vn 0.4673 0.5358 -0.7033
vn 0.8912 0.4537 -0.0000
vn 0.3786 0.2547 0.8898
vn -0.4313 0.0533 0.9006
vn 0.4004 0.1713 -0.9002
vn 0.3742 0.8832 -0.2828
vn -0.0525 0.4110 0.9101
vn -0.4509 0.8007 0.3943
vn 0.1344 -0.1931 -0.9719
vn -0.1418 -0.3264 0.9346
vn 0.1325 -0.4480 -0.8842
vn -0.1337 -0.2040 0.9698
vn -0.2248 0.0404 0.9736
vn -0.1867 0.0772 0.9794
vn -0.8397 -0.5428 0.0174
vn 0.3009 -0.2214 -0.9276
vn -0.1066 -0.2122 0.9714
vn 0.2930 -0.2085 -0.9331
vn 0.0836 -0.1398 -0.9866
vn 0.0273 -0.9966 -0.0772
vn -0.1385 -0.4215 0.8962
vn -0.1754 -0.2529 0.9515
vn 0.3861 -0.8916 -0.2367
vn -0.2703 -0.5929 0.7585
vn 0.1893 -0.2557 -0.9481
vn 0.1835 -0.1732 -0.9676
vn -0.1838 0.1867 0.9651
vn -0.0769 -0.9968 0.0208
vn 0.3883 -0.6184 -0.6833
vn -0.2399 -0.0764 0.9678
vn -0.2609 0.0913 0.9610
vn 0.2183 -0.5125 -0.8305
vn 0.8754 -0.4823 0.0333
vn 0.1017 -0.1852 -0.9774
vn -0.1130 0.1137 0.9871
vn -0.8124 -0.5831 -0.0000
vn 0.1788 -0.4784 -0.8597
vn 0.1253 -0.2946 -0.9474
vn 0.0178 -0.3118 -0.9500
vn 0.0598 -0.1849 -0.9809
vn 0.0857 -0.1208 -0.9890
vn -0.0186 0.0260 0.9995
vn 0.1190 -0.2924 -0.9489
vn -0.1195 0.1297 0.9843
vn 0.3146 -0.1723 -0.9335
vn 0.1284 -0.2591 -0.9573
vn 0.1350 -0.2346 -0.9627
vn -0.1979 0.1969 0.9602
vn 0.1945 -0.2226 -0.9553
vn 0.0595 -0.1852 -0.9809
vn 0.0955 -0.2374 -0.9667
vn 0.0940 -0.1842 -0.9784
vn -0.2412 0.3448 0.9072
vn -0.0015 0.2395 0.9709
vn -0.3217 0.3235 0.8899
vn -0.2583 0.1519 0.9540
vn -0.2038 0.1987 0.9586
vn -0.2250 0.3900 0.8929
vn -0.1913 0.2773 0.9416
vn -0.2263 0.1780 0.9576
vn 0.0772 -0.2375 -0.9683
vn -0.1341 0.2172 0.9669
vn -0.0604 0.1330 0.9893
vn -0.0886 0.2084 0.9740
vn -0.0610 0.2684 0.9614
vn -0.1085 0.3223 0.9404
vn -0.1474 0.0156 0.9890
vn -0.1032 0.1453 0.9840
vn 0.2161 -0.1333 0.9672
vn 0.0440 -0.2179 -0.9750
vn 0.3953 0.3175 0.8619
vn 0.3960 0.3052 0.8660
vn 0.4657 0.0215 0.8847
vn 0.0775 0.3663 0.9273
vn -0.2900 0.3951 -0.8717
vn -0.0496 0.9685 0.2441
vn 0.1456 0.6324 0.7609
vn 0.0202 0.2906 0.9566
vn 0.0650 0.1621 0.9846
vn -0.0139 0.0010 -0.9999
vn -0.3535 -0.1154 -0.9283
vn -0.1578 0.9815 0.1085
vn -0.0161 0.4280 0.9036
vn -0.7204 0.4395 0.5365
vn 0.0942 -0.2247 -0.9699
vn -0.0764 0.1582 0.9844
vn 0.1217 -0.2149 -0.9690
vn -0.1242 0.2595 0.9577
vn 0.0745 0.2247 0.9716
vn -0.4130 -0.2308 -0.8810
vn -0.0322 -0.2972 -0.9543
vn -0.0187 -0.3276 -0.9446
vn -0.0175 -0.2218 -0.9749
vn -0.0656 -0.3753 -0.9246
vn -0.1602 0.1995 0.9667
vn -0.0045 -0.3190 -0.9477
vn 0.0080 -0.3666 -0.9303
vn -0.0925 0.2829 0.9547
vn 0.0911 -0.2267 -0.9697
vn -0.0938 0.3422 0.9349
vn -0.0267 0.2514 0.9675
vn 0.0214 0.1955 0.9805
vn -0.0171 -0.3835 -0.9234
vn -0.0422 0.3508 0.9355
vn -0.0078 0.2847 0.9586
vn 0.0749 -0.2841 -0.9559
vn 0.0602 0.2818 0.9576
vn 0.0621 -0.3077 -0.9495
vn -0.0120 0.3997 0.9166
vn 0.0122 -0.2459 -0.9692
vn -0.2618 0.6153 0.7436
vn 0.0626 -0.2966 -0.9529
vn -0.0292 0.3248 0.9453
vn 0.6715 -0.7103 -0.2110
vn 0.9656 -0.2352 -0.1111
vn 0.8266 -0.5234 0.2071
vn 0.5466 0.3001 0.7818
vn 0.3406 -0.0599 -0.9383
vn -0.2841 0.1529 0.9465
vn -0.2752 0.1074 0.9554
vn -0.3357 -0.0058 0.9419
vn 0.5411 -0.8372 -0.0797
vn 0.5000 -0.2128 -0.8395
vn 0.9582 -0.2861 -0.0000
vn 0.5502 -0.1150 0.8271
vn 0.4490 -0.1024 -0.8876
vn 0.1055 -0.0682 0.9921
vn 0.5668 -0.8238 -0.0000
vn 0.6080 -0.2242 0.7616
vn 0.9598 -0.1425 -0.2418
vn 0.7620 0.0354 0.6466
vn 0.4817 -0.6160 -0.6233
vn -0.6444 -0.5452 0.5362
vn 0.3572 -0.0075 -0.9340
vn 0.7970 0.2665 -0.5419
vn -0.2060 -0.0219 0.9783
vn -0.2453 -0.0087 0.9694
vn -0.1944 -0.1500 0.9694
vn 0.2641 -0.9200 0.2897
vn 0.9709 0.0585 -0.2322
vn 0.0779 0.0448 0.9960
vn -0.1271 0.3174 0.9397
vn -0.7712 -0.3608 -0.5244
vn -0.6831 -0.0830 -0.7256
vn -0.5187 0.8463 0.1210
vn -0.2673 0.5538 0.7886
vn -0.9983 -0.0466 -0.0340
vn -0.8317 0.3267 0.4490
vn -0.9876 0.1346 0.0802
vn -0.9992 -0.0401 -0.0082
vn -0.9419 0.0155 0.3356
vn -0.9382 0.2956 -0.1801
vn -0.4974 -0.6207 -0.6062
vn -0.4748 -0.3317 -0.8152
vn -0.1938 -0.8122 -0.5502
vn -0.3194 -0.5761 -0.7524
vn -0.2204 0.4916 0.8425
vn -0.2410 -0.6838 -0.6887
vn 0.0300 -0.6569 -0.7534
vn -0.0442 -0.0940 -0.9946
vn -0.5421 0.7609 -0.3567
vn -0.5039 0.8200 0.2714
vn -0.8415 0.4329 -0.3232
vn 0.1392 0.2737 0.9517
vn -0.0449 -0.5163 -0.8552
vn 0.1289 0.4839 0.8656
vn 0.1243 -0.5012 -0.8564
vn -0.0130 0.6340 0.7733
vn 0.1763 -0.6676 -0.7233
vn -0.1155 0.6637 0.7391
vn -0.3429 0.5862 0.7340
vn -0.2555 -0.0491 -0.9656
vn -0.5266 0.8392 -0.1356
vn -0.3185 0.6100 0.7256
vn -0.9589 0.2078 0.1931
vn -0.0161 0.5180 0.8552
vn -0.0811 0.3790 0.9218
vn 0.2587 -0.3799 -0.8881
vn -0.0018 0.4883 0.8727
vn 0.3869 -0.5611 -0.7318
vn -0.1975 0.5185 0.8320
vn 0.4896 -0.5635 -0.6654
vn -0.4498 0.5442 0.7082
vn -0.3282 -0.2179 -0.9192
vn -0.6041 0.4250 0.6741
vn -0.6961 0.3154 0.6450
vn -0.7349 -0.0029 0.6782
vn -0.1188 0.4654 0.8771
vn 0.3135 -0.4663 -0.8272
vn -0.3655 0.3244 0.8725
vn 0.5365 -0.3265 -0.7782
vn -0.3484 0.4087 0.8435
vn -0.5891 0.1775 0.7884
vn 0.6052 0.0642 -0.7935
vn 0.1761 -0.3305 -0.9272
vn 0.3598 -0.4740 -0.8036
vn -0.3663 0.4040 0.8382
vn -0.4173 0.3060 0.8557
vn -0.5482 -0.1024 0.8301
vn 0.4267 -0.0218 -0.9041
vn 0.4137 0.0611 -0.9084
vn -0.0682 -0.0590 0.9959
vn 0.4242 0.1648 -0.8905
vn 0.7669 0.2802 -0.5773
vn -0.0969 -0.0103 0.9952
vn 0.8261 0.3773 -0.4185
vn 0.9585 0.2798 -0.0550
vn -0.2411 0.1394 0.9604
vn -0.4840 0.1571 0.8609
vn 0.5151 0.0845 -0.8530
vn -0.2382 0.0835 0.9676
vn 0.4743 0.5254 -0.7064
vn 0.7816 0.4698 -0.4103
vn 0.7780 0.4211 0.4663
vn 0.9946 0.0753 -0.0711
vn 0.5350 0.0549 -0.8431
vn 0.4944 0.8687 -0.0299
vn 0.3170 0.1858 0.9301
vn -0.9664 -0.2249 -0.1247
vn -0.9988 -0.0322 -0.0370
vn -0.9928 -0.0759 0.0923
vn -0.9643 0.1904 0.1840
vn -0.9976 -0.0264 0.0635
vn -0.9928 0.0558 0.1059
vn -0.6674 -0.0305 -0.7440
vn -0.8894 -0.4540 0.0528
vn -0.8525 -0.5140 -0.0947
vn -0.1573 0.6917 -0.7049
vn -0.6243 -0.5735 0.5304
vn -0.1837 0.6330 -0.7521
vn -0.2260 0.7191 -0.6571
vn -0.6195 -0.4846 0.6176
vn -0.3704 0.5757 -0.7290
vn -0.8470 -0.1689 0.5040
vn -0.6440 0.5125 -0.5681
vn -0.5975 0.8018 -0.0000
vn -0.9338 0.3577 -0.0000
vn -0.9618 -0.1607 0.2215
vn 0.6794 0.1358 -0.7211
vn 0.5575 0.3713 -0.7425
vn -0.6194 -0.3487 0.7034
vn -0.7111 -0.2455 0.6589
vn 0.5620 0.3829 -0.7332
vn -0.5643 -0.5817 0.5857
vn 0.4141 0.7177 -0.5599
vn 0.0427 0.3347 -0.9414
vn 0.0466 0.3108 -0.9493
vn -0.2948 -0.0494 0.9543
vn -0.3908 0.3252 -0.8611
vn -0.4959 -0.0624 0.8662
vn -0.7643 -0.4638 0.4481
vn -0.6337 0.4110 -0.6554
vn 0.5927 0.1804 -0.7850
vn 0.6687 0.2474 -0.7011
vn -0.7056 -0.2331 0.6692
vn 0.4436 0.4492 -0.7755
vn -0.3921 -0.4325 0.8119
vn 0.4638 0.3599 -0.8095
vn -0.2978 -0.2465 0.9222
vn -0.0041 0.3014 -0.9535
vn -0.6549 -0.2340 0.7186
vn 0.5710 0.3781 -0.7287
vn 0.3697 0.1429 -0.9181
vn -0.3372 -0.3156 0.8869
vn -0.5739 -0.8188 -0.0173
vn -0.9759 -0.2160 0.0303
vn -0.3973 -0.1030 -0.9119
vn -0.3358 -0.4253 0.8405
vn -0.9495 -0.3014 0.0870
vn -0.5711 -0.8160 -0.0895
vn -0.2951 -0.0965 -0.9506
vn -0.5442 -0.2045 0.8136
vn -0.2015 0.1110 -0.9732
vn -0.5405 -0.3783 0.7515
vn -0.2367 -0.1181 0.9644
vn -0.9373 -0.3348 -0.0972
vn -0.6489 -0.1954 -0.7354
vn -0.6169 -0.2088 0.7588
vn -0.4592 0.1156 -0.8808
vn -0.3496 -0.2908 0.8906
vn -0.1749 -0.1765 0.9686
vn 0.2752 0.2438 -0.9300
vn -0.1779 -0.2070 0.9620
vn -0.3725 -0.2852 0.8831
vn -0.3214 0.0521 -0.9455
vn 0.2185 0.1531 -0.9637
vn 0.2220 0.2080 -0.9526
vn -0.2586 -0.1711 0.9507
vn -0.1846 -0.1584 0.9700
vn -0.1006 0.2965 -0.9497
vn -0.1744 -0.1045 0.9791
vn 0.2062 0.1329 -0.9694
vn -0.2547 -0.1692 0.9521
vn 0.2739 0.1924 -0.9423
vn -0.2812 -0.1074 0.9536
vn -0.2342 -0.2935 0.9268
vn 0.2201 0.1747 -0.9597
vn -0.3789 -0.0304 0.9250
vn 0.2544 0.1554 -0.9545
vn -0.8868 -0.0312 -0.4611
vn -0.9517 -0.2566 0.1684
vn -0.8940 0.0803 0.4409
vn -0.9842 -0.1422 0.1058
vn -0.5683 -0.8171 -0.0971
vn -0.1854 -0.1828 -0.9655
vn -0.5082 0.3006 -0.8071
vn -0.5486 0.8360 0.0138
vn -0.9870 0.1537 0.0480
vn -0.9057 0.1234 0.4055
vn -0.1228 0.1245 -0.9846
vn -0.6222 -0.2864 0.7286
vn -0.4787 -0.6324 0.6090
vn 0.0591 0.0259 -0.9979
vn 0.3623 0.2051 -0.9092
vn -0.2170 0.0760 -0.9732
vn -0.3265 -0.3194 0.8896
vn -0.4168 -0.0623 0.9068
vn -0.4545 -0.5093 0.7308
vn -0.0125 0.1422 -0.9898
vn -0.5591 0.0330 0.8284
vn -0.7129 -0.4382 0.5476
vn 0.1482 0.2370 -0.9601
vn -0.3172 -0.4950 0.8090
vn -0.1624 -0.2560 0.9529
vn -0.2962 -0.0786 0.9519
vn 0.2243 0.1365 -0.9649
vn 0.3326 0.3192 -0.8874
vn 0.1469 0.2376 -0.9602
vn 0.1353 0.1376 -0.9812
vn -0.1694 -0.3359 0.9265
vn -0.2398 -0.0566 0.9692
vn -0.1936 -0.2170 0.9568
vn -0.2867 -0.0615 0.9561
vn -0.3127 -0.1479 0.9383
vn 0.1719 0.1416 -0.9749
vn 0.2727 0.2277 -0.9348
vn -0.2959 -0.2103 0.9318
vn 0.2542 0.1302 -0.9583
vn -0.2728 -0.2052 0.9399
vn -0.3133 -0.1145 0.9427
vn -0.3009 -0.1573 0.9406
vn 0.2443 0.1662 -0.9554
vn -0.0258 -0.1083 0.9938
vn -0.2067 -0.1477 0.9672
vn 0.1214 0.2100 -0.9701
vn -0.4368 0.1081 0.8931
vn -0.2421 -0.3200 0.9160
vn -0.2287 -0.0608 0.9716
vn -0.2293 -0.0555 0.9718
vn -0.3703 -0.2519 0.8941
vn -0.9831 0.1685 -0.0715
vn 0.2656 0.5834 -0.7676
vn -0.5537 0.8327 -0.0107
vn -0.9124 0.4074 0.0381
vn -0.2001 0.3956 -0.8964
vn -0.3894 0.9203 -0.0378
vn -0.4198 0.2476 0.8732
vn -0.7569 0.6493 -0.0734
vn 0.1673 0.1782 -0.9697
vn -0.7069 0.6758 -0.2089
vn 0.2231 0.2015 -0.9537
vn -0.1036 0.6121 -0.7840
vn 0.1804 0.1769 -0.9676
vn -0.0119 0.2367 -0.9715
vn 0.2251 0.1599 -0.9611
vn 0.0499 0.2289 -0.9722
vn -0.7948 0.5544 0.2468
vn -0.7128 0.6052 0.3545
vn -0.1260 -0.1217 0.9845
vn -0.1505 -0.0043 0.9886
vn -0.1194 0.0465 0.9918
vn -0.2154 0.9741 -0.0685
vn -0.3506 0.2369 0.9061
vn -0.7673 0.6379 0.0662
vn -0.7925 0.5567 0.2489
vn -0.2840 -0.2779 0.9177
vn -0.5216 0.6798 -0.5155
vn -0.6554 0.7424 0.1386
vn -0.9022 0.4241 0.0792
vn -0.0496 -0.0100 0.9987
vn -0.2513 -0.0600 0.9660
vn -0.2973 0.1317 0.9456
vn -0.3611 0.5184 -0.7751
vn -0.1172 0.9931 0.0084
vn -0.2812 0.3085 0.9087
vn -0.1368 -0.4981 0.8563
vn -0.1724 -0.1574 0.9724
vn -0.1807 -0.5189 -0.8355
vn -0.0191 -0.2867 -0.9578
vn 0.0283 -0.0724 -0.9970
vn 0.0101 0.1804 0.9835
vn -0.7773 -0.6291 0.0071
vn -0.0535 -0.1823 0.9818
vn -0.0200 -0.1836 -0.9828
vn -0.1426 0.1476 0.9787
vn -0.2787 -0.3369 0.8993
vn -0.2792 -0.2437 0.9288
vn 0.0064 -0.1501 -0.9887
vn -0.0236 0.1412 0.9897
vn -0.1485 -0.5815 0.7999
vn -0.5608 -0.5925 0.5784
vn 0.0353 -0.9964 -0.0769
vn 0.1032 -0.9873 0.1210
vn 0.0970 -0.2876 -0.9528
vn 0.0970 -0.2600 -0.9607
vn -0.1029 0.0530 0.9933
vn -0.0745 0.2510 0.9651
vn -0.0741 0.0405 0.9964
vn 0.0663 -0.9914 -0.1132
vn 0.8887 -0.4584 0.0062
vn -0.0065 0.3252 0.9456
vn -0.0405 0.0968 0.9945
vn 0.1725 -0.2194 -0.9603
vn 0.0826 -0.3473 -0.9341
vn 0.2588 -0.2627 -0.9295
vn 0.2087 -0.2487 -0.9458
vn 0.2259 -0.2460 -0.9426
vn 0.0615 0.1665 0.9841
vn -0.1177 0.1473 0.9821
vn 0.0384 -0.1547 -0.9872
vn 0.0018 0.0555 0.9985
vn 0.2209 -0.2587 -0.9403
vn -0.1164 0.2313 0.9659
vn -0.1697 0.3114 0.9350
vn -0.2076 0.1855 0.9605
vn -0.0843 0.0699 0.9940
vn -0.2254 -0.0341 0.9737
vn 0.0888 -0.1636 -0.9825
vn -0.1147 0.2313 0.9661
vn -0.2671 0.1598 0.9503
vn 0.0607 -0.0402 -0.9974
vn -0.0699 -0.0055 0.9975
vn 0.0117 0.1652 0.9862
vn -0.1477 0.3815 0.9125
vn 0.1315 -0.0491 -0.9901
vn -0.0570 0.0597 0.9966
vn 0.0467 -0.1911 -0.9805
vn -0.0079 0.1341 0.9909
vn -0.0332 -0.1000 -0.9944
vn -0.0465 -0.1958 -0.9795
vn -0.0280 -0.1055 -0.9940
vn -0.0011 0.1888 0.9820
vn 0.0019 0.1972 0.9804
vn 0.0118 0.1227 0.9924
vn 0.0396 -0.1074 -0.9934
vn 0.0424 -0.2344 -0.9712
vn 0.1646 -0.3012 -0.9393
vn -0.2453 0.4551 0.8560
vn 0.1547 -0.2688 -0.9507
vn 0.1641 -0.2243 -0.9606
vn -0.1294 0.2695 0.9543
vn -0.2328 0.2526 0.9392
vn 0.1218 -0.3875 -0.9138
vn 0.1201 -0.3942 -0.9111
vn 0.1118 -0.3105 -0.9440
vn 0.0660 -0.1219 -0.9903
vn -0.0973 0.3047 0.9475
vn 0.0772 -0.2487 -0.9655
vn -0.2017 0.1708 0.9644
vn -0.1360 0.3981 0.9072
vn 0.1136 -0.3131 -0.9429
vn 0.0205 -0.2780 -0.9604
vn -0.2175 0.3475 0.9121
vn 0.1980 -0.2584 -0.9455
vn -0.1982 0.3013 0.9327
vn 0.1930 -0.2028 -0.9600
vn 0.2534 -0.2940 -0.9216
vn -0.1812 0.3366 0.9241
vn 0.0376 -0.2849 -0.9578
vn 0.3065 -0.2586 -0.9161
vn -0.1674 0.2726 0.9475
vn -0.2568 0.2726 0.9272
vn -0.1652 0.5297 0.8319
vn -0.2558 0.2676 0.9290
vn -0.0364 0.2104 0.9769
vn -0.0831 0.4853 0.8704
vn -0.0471 0.3125 0.9487
vn -0.1623 0.2370 0.9579
vn -0.2304 0.2687 0.9353
vn -0.2592 0.1150 0.9589
vn -0.3179 0.3449 0.8831
vn -0.3137 0.3522 0.8818
vn 0.6160 -0.1098 -0.7800
vn -0.1773 0.2314 0.9566
vn -0.2641 0.3427 0.9016
vn 0.5036 0.2644 -0.8225
vn -0.4861 -0.1271 0.8646
vn 0.1845 -0.1686 -0.9683
vn -0.1835 0.1911 0.9643
vn -0.3133 0.3837 0.8687
vn 0.4490 -0.1337 -0.8835
vn -0.5329 -0.0829 0.8421
vn 0.5877 0.0340 -0.8084
vn -0.0717 0.4156 0.9067
vn -0.0190 0.1354 0.9906
vn 0.3124 -0.1961 -0.9295
vn -0.3513 0.1379 0.9261
vn -0.3407 -0.0132 0.9401
vn -0.3599 0.4968 0.7897
vn 0.1701 -0.0853 -0.9817
vn -0.5344 -0.0637 0.8428
vn 0.3055 0.0736 -0.9493
vn -0.4082 -0.0003 0.9129
vn 0.1865 -0.0608 -0.9806
vn -0.2029 0.0753 0.9763
vn 0.0963 -0.1520 -0.9837
vn -0.2236 0.1011 0.9694
vn 0.3143 0.1195 -0.9418
vn -0.1033 0.0537 0.9932
vn -0.1917 -0.0367 0.9808
vn 0.2889 -0.1424 -0.9467
vn -0.2678 0.1940 0.9438
vn 0.1242 0.0304 -0.9918
vn -0.1678 -0.0079 0.9858
vn -0.1890 -0.0939 0.9775
vn 0.3909 -0.8160 0.4259
vn -0.2218 0.3648 0.9043
vn 0.0050 0.0970 0.9953
vn -0.2275 0.2387 0.9441
vn -0.0583 0.0875 0.9945
vn 0.4656 -0.6340 -0.6175
vn 0.8707 -0.4864 -0.0734
vn 0.1309 -0.2667 -0.9549
vn 0.5205 -0.7842 -0.3378
vn 0.4554 -0.8821 0.1205
vn 0.7548 -0.6495 0.0922
vn 0.0532 0.1057 0.9930
vn 0.1903 -0.2327 -0.9537
vn 0.0063 0.0647 0.9979
vn 0.2254 -0.1594 -0.9611
vn 0.6585 -0.4267 0.6199
vn -0.1243 0.2264 0.9661
vn 0.1711 -0.7853 0.5950
vn 0.6153 -0.4272 -0.6625
vn 0.1385 -0.1050 -0.9848
vn -0.0932 0.1127 0.9893
vn -0.1292 0.1209 0.9842
vn -0.1122 0.1534 0.9818
vn 0.1613 -0.0572 -0.9853
vn 0.2370 -0.2102 -0.9485
vn 0.0040 0.2924 0.9563
vn 0.0621 0.1757 0.9825
vn 0.2128 -0.0531 -0.9756
vn -0.1996 0.0323 0.9793
vn 0.1345 -0.2609 -0.9559
vn -0.2132 0.4923 0.8439
vn -0.2662 0.3095 0.9129
vn 0.0919 -0.1870 -0.9780
vn 0.1365 -0.0354 -0.9900
vn 0.2393 -0.1452 -0.9600
vn -0.2094 0.0685 0.9754
vn 0.2291 -0.1092 -0.9673
vn -0.2331 0.1697 0.9575
vn -0.0394 0.1187 0.9922
vn 0.3974 -0.6293 -0.6679
vn 0.2327 -0.1663 -0.9582
vn 0.9494 -0.3072 0.0658
vn 0.6144 -0.3208 -0.7208
vn -0.1754 0.0815 0.9811
vn 0.2814 -0.1040 -0.9539
vn -0.0865 0.1466 0.9854
vn 0.1041 -0.1620 -0.9813
vn -0.1477 0.2103 0.9664
vn -0.1666 0.2850 0.9439
vn 0.6123 -0.7877 0.0689
vn 0.1733 -0.0994 0.9798
vn 0.5642 -0.3809 -0.7325
vn 0.9497 -0.3129 -0.0081
vn 0.3902 0.1075 0.9144
vn 0.5218 -0.5262 -0.6714
vn -0.2661 0.3874 0.8827
vn -0.2604 0.3067 0.9155
vn 0.3616 -0.9309 0.0526
vn 0.3545 -0.6907 -0.6302
vn 0.2351 0.0482 0.9708
vn 0.1944 -0.2615 -0.9454
vn 0.0460 -0.1236 -0.9913
vn 0.1270 -0.2188 -0.9675
vn 0.1342 -0.1718 -0.9759
vn -0.1301 0.2996 0.9452
vn 0.0824 -0.2856 -0.9548
vn 0.0722 -0.2702 -0.9601
vn 0.1005 -0.1985 -0.9749
vn -0.2195 0.1041 0.9700
vn 0.1910 -0.1766 -0.9656
vn 0.2611 -0.2873 -0.9215
vn 0.2669 -0.1739 -0.9479
vn 0.2000 -0.1283 -0.9714
vn 0.2011 -0.1258 -0.9715
vn 0.0106 0.2372 0.9714
vn 0.1311 -0.2642 -0.9555
vn 0.1279 -0.2188 -0.9673
vn 0.1066 -0.1969 -0.9746
vn 0.2286 -0.1704 -0.9585
vn 0.2308 -0.2103 -0.9500
vn -0.0938 0.2220 0.9705
vn -0.0779 0.1711 0.9822
vn -0.1187 0.2532 0.9601
vn -0.1483 0.2418 0.9589
vn -0.0797 0.1607 0.9838
vn -0.1830 0.2978 0.9369
vn -0.1624 0.1109 0.9805
vn -0.2355 0.0830 0.9683
vn -0.1169 0.3041 0.9454
vn -0.2267 0.5730 0.7876
vn -0.4349 0.3026 0.8481
vn -0.3133 0.1992 0.9285
vn -0.2254 0.2180 0.9496
vn -0.0124 0.2785 0.9604
vn -0.2554 0.1312 0.9579
vn -0.4822 0.3165 0.8169
vn -0.1797 0.1378 0.9740
vn 0.1532 -0.2951 -0.9431
vn -0.1214 0.2643 0.9568
vn -0.0907 0.4222 0.9020
vn 0.1346 -0.2083 -0.9688
vn -0.1517 0.2749 0.9494
vn -0.1673 0.1865 0.9681
vn -0.0796 0.1613 0.9837
vn -0.1945 0.1858 0.9631
vn -0.2406 0.3050 0.9215
vn 0.3324 -0.1285 -0.9343
vn 0.5186 -0.0912 -0.8501
vn -0.4032 0.1989 0.8932
vn -0.3884 0.0675 0.9190
vn 0.2217 0.1180 -0.9679
vn -0.2731 -0.1646 0.9478
vn 0.1815 -0.0643 -0.9813
vn -0.3115 0.1041 0.9445
vn -0.3174 0.1621 0.9343
vn 0.4925 -0.1125 -0.8630
vn -0.3735 0.0754 0.9246
vn -0.3491 0.0135 0.9370
vn 0.4328 0.0473 -0.9003
vn -0.4154 -0.1485 0.8974
vn -0.0913 0.0350 0.9952
vn 0.2521 -0.0365 -0.9670
vn -0.2358 0.0768 0.9688
vn 0.3693 0.0104 -0.9293
vn -0.1727 0.0281 0.9846
vn 0.0901 0.0083 -0.9959
vn 0.2372 0.0116 -0.9714
vn 0.1164 -0.0823 -0.9898
vn -0.0043 -0.0570 0.9984
vn 0.1659 0.0259 -0.9858
vn 0.2982 -0.0483 -0.9533
vn 0.1396 0.0142 -0.9901
vn 0.3128 -0.0845 -0.9461
vn 0.1759 0.0170 -0.9843
vn 0.2077 0.0202 -0.9780
vn 0.0685 0.0030 -0.9976
vn 0.1462 0.0190 -0.9891
vn -0.3954 0.2301 0.8892
vn -0.5161 0.4421 0.7337
vn -0.4115 -0.4097 0.8141
vn -0.3668 -0.1387 0.9199
vn -0.1434 -0.1679 0.9753
vn -0.2819 0.1176 0.9522
vn -0.2305 0.0030 0.9731
vn -0.1361 0.0079 0.9907
vn -0.1093 -0.0229 0.9937
vn 0.5696 -0.8218 -0.0128
vn 0.4503 -0.5465 -0.7061
vn 0.7192 -0.6848 -0.1175
vn 0.8792 -0.4518 0.1513
vn 0.1391 0.0298 0.9898
vn 0.0894 0.2677 0.9593
vn 0.4329 -0.7749 -0.4606
vn 0.7162 -0.6618 0.2217
vn 0.4281 -0.4745 -0.7692
vn 0.4124 0.5662 0.7137
vn -0.0506 0.0804 0.9955
vn 0.1358 -0.3261 -0.9356
vn 0.1837 0.0386 0.9822
vn 0.5319 -0.8462 -0.0309
vn 0.6440 -0.0982 0.7587
vn 0.4252 -0.3630 -0.8291
vn 0.1860 0.0389 0.9818
vn 0.3960 -0.9149 -0.0784
vn 0.1996 -0.2529 -0.9467
vn 0.1858 -0.2898 -0.9389
vn -0.3567 0.2484 0.9006
vn 0.2367 -0.1833 -0.9541
vn 0.5220 -0.0057 0.8529
vn -0.2521 0.1503 0.9560
vn 0.0395 -0.1161 -0.9924
vn 0.0222 0.1899 0.9816
vn -0.1282 0.0217 0.9915
vn 0.2979 -0.2961 -0.9075
vn -0.0389 0.0654 0.9971
vn -0.0944 0.4333 0.8963
vn 0.1080 -0.1306 -0.9855
vn -0.1557 0.0608 0.9859
vn 0.1722 -0.4940 -0.8522
vn 0.3269 0.0441 0.9440
vn 0.2875 -0.3355 -0.8971
vn 0.3662 0.0037 0.9305
vn 0.0948 -0.1190 -0.9884
vn -0.2106 0.1061 0.9718
vn 0.3275 -0.9449 -0.0000
vn 0.2505 -0.3628 -0.8976
vn 0.0377 0.0145 0.9992
vn 0.2625 -0.3966 -0.8797
vn -0.0159 0.5092 0.8605
vn -0.1184 0.0891 0.9890
vn -0.1184 -0.4652 0.8772
vn 0.1375 -0.1175 -0.9835
vn -0.1097 0.0487 0.9928
vn 0.1386 -0.1685 -0.9759
vn -0.1070 0.2338 0.9664
vn 0.4159 -0.2532 -0.8734
vn 0.9380 -0.3413 0.0605
vn 0.4667 0.0342 0.8838
vn -0.1747 0.0811 0.9813
vn -0.1333 0.4512 0.8824
vn -0.1647 0.0082 0.9863
vn 0.4556 -0.8898 -0.0273
vn 0.4098 -0.2091 -0.8879
vn 0.2444 -0.1348 0.9603
vn 0.9699 -0.2410 -0.0348
vn 0.3804 -0.0048 0.9248
vn 0.1982 -0.0911 -0.9759
vn -0.0598 0.2371 0.9696
vn -0.0803 0.1046 0.9913
vn 0.3479 -0.9375 0.0119
vn 0.2837 -0.5178 -0.8071
vn 0.1795 0.2583 0.9492
vn -0.0126 0.1258 0.9920
vn 0.0580 0.8837 0.4645
vn 0.1346 -0.0378 -0.9902
vn 0.1767 0.0908 -0.9801
vn 0.3233 -0.1194 -0.9387
vn 0.3244 -0.1698 -0.9305
vn 0.1647 0.0620 -0.9844
vn 0.1463 0.0665 -0.9870
vn 0.1297 -0.1086 -0.9856
vn 0.1494 0.0024 -0.9888
vn -0.3265 0.1927 0.9253
vn -0.3291 0.2273 0.9165
vn -0.0592 -0.0457 0.9972
vn -0.0358 -0.0061 0.9993
vn 0.3673 0.0293 0.9296
vn -0.2693 0.2247 0.9365
vn -0.3227 0.1324 0.9372
vn -0.9477 0.2005 0.2485
vn -0.0715 0.4935 0.8668
vn -0.1199 0.1869 0.9750
vn 0.4685 -0.0307 0.8829
vn -0.3081 0.2582 0.9157
vn -0.0977 0.1533 0.9833
vn -0.2089 0.0067 0.9779
vn 0.1068 -0.0853 -0.9906
vn -0.1808 0.1850 0.9660
vn -0.1959 0.2325 0.9527
vn -0.2642 -0.0306 0.9640
vn -0.2482 -0.0120 0.9686
vn -0.1522 0.0039 0.9883
vn -0.1669 -0.1176 0.9789
vn 0.1415 -0.0987 -0.9850
vn -0.0739 0.0100 0.9972
vn 0.2415 0.1134 -0.9638
vn 0.2213 0.0187 -0.9750
vn -0.2937 -0.1668 0.9412
vn 0.2157 -0.1527 -0.9644
vn -0.0498 0.2211 0.9740
vn -0.4754 -0.0050 0.8798
vn -0.1968 -0.1903 0.9618
vn -0.3265 0.0438 0.9442
vn 0.8749 -0.1447 -0.4622
vn 0.3364 -0.6039 0.7226
vn 0.3431 -0.0726 -0.9365
vn 0.8330 -0.5475 -0.0794
vn -0.2879 0.1544 0.9451
vn -0.3996 -0.0828 0.9129
vn 0.3615 0.1784 -0.9151
vn -0.3579 -0.0564 0.9320
vn -0.3685 -0.1781 0.9124
vn 0.5325 -0.8464 -0.0000
vn 0.5013 -0.0722 -0.8623
vn 0.9969 -0.0149 0.0771
vn 0.4186 -0.0729 0.9052
vn 0.3464 -0.8778 0.3308
vn -0.0181 -0.0061 0.9998
vn 0.7292 0.0502 -0.6825
vn 0.9997 -0.0166 0.0167
vn -0.0198 0.0165 0.9997
vn 0.0147 -0.0526 0.9985
vn 0.9487 -0.0935 -0.3021
vn 0.9886 -0.1505 -0.0000
vn 0.0344 -0.1467 0.9886
vn 0.3634 0.0523 -0.9302
vn 0.3576 0.0301 -0.9334
vn 0.1518 0.0380 0.9877
vn 0.6392 -0.7690 -0.0000
vn 0.4266 -0.0526 0.9029
vn 0.6401 -0.7683 -0.0000
vn 0.5892 0.3037 -0.7487
vn -0.5557 -0.2892 0.7795
vn 0.4177 0.2172 -0.8822
vn -0.3919 -0.1468 0.9082
vn -0.4162 -0.2244 0.8811
vn -0.1330 -0.3923 0.9102
vn -0.5034 -0.3337 0.7970
vn 0.4317 0.1666 -0.8865
vn -0.2291 -0.1014 0.9681
vn -0.2762 -0.1982 0.9404
vn 0.2671 0.1524 -0.9515
vn 0.4965 0.1516 -0.8547
vn -0.2076 -0.1876 0.9601
vn 0.2411 0.1953 -0.9506
vn -0.1631 -0.1165 0.9797
vn -0.1753 -0.2611 0.9493
vn 0.4410 0.2241 -0.8691
vn -0.3394 -0.1239 0.9325
vn -0.1926 -0.1157 0.9744
vn 0.2409 0.1950 -0.9508
vn -0.2962 -0.2060 0.9326
vn 0.2462 0.1797 -0.9524
vn -0.2929 -0.3211 0.9006
vn -0.3074 -0.2492 0.9184
vn 0.3131 0.2006 -0.9283
vn -0.3557 -0.1256 0.9261
vn 0.2715 0.0086 -0.9624
vn -0.4091 -0.0159 0.9123
vn -0.3817 -0.0058 0.9243
vn 0.2707 0.0255 -0.9623
vn 0.2355 0.2432 -0.9409
vn -0.3185 0.0734 0.9451
vn -0.2346 -0.2136 0.9483
vn 0.2259 0.3114 -0.9230
vn 0.2530 0.1595 -0.9542
vn 0.2557 0.2595 -0.9313
vn -0.1114 -0.2461 0.9628
vn -0.2298 0.0091 0.9732
vn -0.2065 -0.1169 0.9714
vn -0.3504 -0.2020 0.9145
vn -0.2297 -0.3009 0.9256
vn 0.2644 0.1433 -0.9537
vn -0.3878 -0.2846 0.8767
vn -0.2477 -0.2222 0.9430
vn -0.0939 -0.2749 0.9569
vn 0.2689 0.2367 -0.9336
vn 0.2901 0.0972 -0.9520
vn -0.4124 -0.1430 0.8997
vn 0.2028 0.1859 -0.9614
vn -0.3144 -0.1066 0.9433
vn 0.2034 0.1832 -0.9618
vn -0.2983 -0.1440 0.9435
vn 0.2680 0.2377 -0.9336
vn -0.2543 -0.1156 0.9602
vn -0.2118 -0.0898 0.9732
vn 0.2724 0.1190 -0.9548
vn 0.3010 0.1315 -0.9445
vn -0.2503 -0.1440 0.9574
vn 0.3014 0.1209 -0.9458
vn -0.2127 -0.1748 0.9613
vn -0.2380 -0.0177 0.9711
vn 0.1968 0.1174 -0.9734
vn 0.2179 0.1303 -0.9672
vn -0.1621 -0.1353 0.9775
vn 0.2381 0.1003 -0.9660
vn -0.2720 -0.1169 0.9552
vn -0.1660 0.0074 0.9861
vn 0.2325 0.0720 -0.9699
vn 0.2164 0.2442 -0.9453
vn -0.1838 -0.1484 0.9717
vn -0.2072 -0.0615 0.9764
vn -0.2134 -0.0905 0.9728
vn -0.2211 -0.1084 0.9692
vn -0.1462 0.0087 0.9892
vn -0.0739 -0.1106 0.9911
vn -0.2201 -0.3375 0.9152
vn 0.2136 0.1717 -0.9617
vn -0.3704 -0.2116 0.9045
vn 0.1667 0.0962 -0.9813
vn -0.2668 -0.1438 0.9530
vn 0.3302 0.0770 -0.9408
vn 0.1574 0.1624 -0.9741
vn 0.1528 0.1565 -0.9758
vn 0.1971 0.1166 -0.9734
vn 0.1797 0.1311 -0.9749
vn 0.2916 0.1795 -0.9396
vn 0.3094 0.2334 -0.9219
vn 0.2995 0.1364 -0.9443
vn 0.3308 0.1577 -0.9304
vn 0.2089 0.2073 -0.9557
vn -0.1323 -0.2750 0.9523
vn -0.0919 -0.1348 0.9866
vn -0.1789 -0.1553 0.9715
vn -0.1570 -0.0653 0.9854
vn -0.2309 -0.2793 0.9320
vn -0.2476 -0.1116 0.9624
vn -0.1619 -0.0839 0.9832
vn -0.1571 -0.0646 0.9855
vn -0.3382 -0.1545 0.9283
vn -0.4164 -0.1378 0.8987
vn -0.2808 -0.3590 0.8901
vn -0.2377 -0.1711 0.9562
vn -0.3840 -0.2225 0.8961
vn -0.4418 -0.2245 0.8686
vn -0.3892 -0.1260 0.9125
vn -0.2399 -0.0996 0.9657
vn -0.2674 -0.1522 0.9515
vn -0.2945 -0.1718 0.9401
vn -0.2100 -0.2257 0.9513
vn -0.1993 -0.1556 0.9675
vn 0.2141 0.1505 -0.9652
vn 0.2080 0.1131 -0.9716
vn 0.1696 0.2067 -0.9636
vn -0.1528 -0.3595 0.9206
vn -0.1829 0.0222 0.9829
vn 0.3177 0.1861 -0.9298
vn -0.2085 -0.1484 0.9667
vn 0.0825 0.4128 -0.9071
vn 0.0622 0.9980 0.0108
vn 0.0129 0.4387 0.8985
vn -0.1650 -0.2230 0.9608
vn -0.1456 -0.1451 0.9786
vn -0.3167 0.0498 0.9472
vn 0.0001 0.9988 -0.0481
vn -0.2813 0.4659 0.8389
vn -0.1564 -0.2183 0.9633
vn 0.0254 0.3074 -0.9513
vn 0.2853 0.5170 0.8071
vn -0.3618 -0.0964 0.9272
vn -0.3778 -0.1285 0.9169
vn 0.3566 -0.0238 -0.9340
vn 0.2058 0.0427 -0.9777
vn -0.1208 0.0585 0.9909
vn 0.0654 0.9978 -0.0041
vn 0.1076 0.7815 0.6146
vn -0.1587 0.9667 0.2006
vn 0.2691 0.1037 -0.9575
vn 0.2389 -0.0598 -0.9692
vn 0.8462 0.3219 -0.4247
vn 0.5302 0.6610 -0.5310
vn 0.0150 0.2020 0.9793
vn 0.5755 0.7495 -0.3271
vn 0.0723 0.0246 -0.9971
vn -0.1778 -0.0518 0.9827
vn 0.1775 0.9811 -0.0769
vn -0.0353 0.2116 0.9767
vn -0.1023 0.0122 0.9947
vn -0.0622 0.1633 0.9846
vn 0.2330 0.3352 -0.9129
vn 0.9105 0.4049 0.0845
vn -0.4242 0.0058 0.9055
vn 0.2136 0.1827 -0.9597
vn -0.2112 -0.0402 0.9766
vn 0.2091 -0.0040 -0.9779
vn 0.1757 0.1711 -0.9695
vn 0.1723 0.0192 -0.9849
vn 0.2343 0.0605 -0.9703
vn 0.2178 -0.0130 -0.9759
vn 0.3110 0.0695 -0.9479
vn 0.1277 0.0096 -0.9918
vn 0.2583 0.1197 -0.9586
vn 0.1787 0.1442 -0.9733
vn 0.2042 0.1142 -0.9723
vn 0.2137 0.0252 -0.9766
vn 0.2313 0.0096 -0.9728
vn 0.2342 0.0633 -0.9701
vn -0.1200 0.0712 0.9902
vn -0.2069 -0.0922 0.9740
vn -0.3345 -0.3165 0.8877
vn -0.1464 -0.1546 0.9771
vn -0.2438 -0.0854 0.9661
vn -0.2090 -0.0638 0.9758
vn -0.1926 -0.1377 0.9716
vn -0.1710 -0.0641 0.9832
vn -0.2530 -0.1037 0.9619
vn -0.0971 -0.0750 0.9924
vn -0.1623 -0.1079 0.9808
vn -0.0936 0.0244 0.9953
vn 0.0856 0.0976 -0.9915
vn 0.2320 0.1440 -0.9620
vn 0.0915 0.0963 -0.9911
vn 0.2588 0.2462 -0.9340
vn 0.1740 0.1790 -0.9683
vn 0.2567 0.1587 -0.9534
vn 0.1788 0.1465 -0.9729
vn -0.2171 -0.1600 0.9629
vn -0.1782 -0.0910 0.9798
vn -0.1396 -0.0244 0.9899
vn -0.2609 -0.3008 0.9173
vn -0.2127 -0.1375 0.9674
vn -0.2469 -0.2910 0.9243
vn -0.2172 -0.1210 0.9686
vn -0.4149 -0.1811 0.8917
vn -0.3855 -0.0626 0.9206
vn 0.3603 0.2485 -0.8991
vn -0.1166 -0.2886 0.9503
vn 0.3071 0.1503 -0.9397
vn 0.2648 -0.0137 -0.9642
vn -0.2361 -0.0692 0.9693
vn -0.2486 -0.2015 0.9474
vn -0.1263 -0.1316 0.9832
vn 0.1917 0.3064 -0.9324
vn 0.1426 0.1629 -0.9763
vn 0.1527 0.1695 -0.9736
vn -0.1851 -0.1434 0.9722
vn -0.3487 -0.0800 0.9338
vn -0.2780 -0.3688 0.8869
vn -0.2320 -0.2151 0.9486
vn -0.1939 -0.1404 0.9709
vn -0.2472 -0.1917 0.9498
vn 0.1290 0.1816 -0.9749
vn -0.1891 -0.1728 0.9666
vn 0.2288 0.3050 -0.9245
vn -0.1850 -0.2159 0.9587
vn -0.1241 -0.0915 0.9880
vn -0.1252 -0.1560 0.9798
vn -0.1288 -0.0936 0.9872
vn 0.2301 0.1361 -0.9636
vn -0.3614 -0.1933 0.9121
vn 0.2133 0.1750 -0.9612
vn -0.3321 -0.0661 0.9409
vn -0.2776 -0.2850 0.9174
vn 0.2374 0.1328 -0.9623
vn -0.2937 -0.0664 0.9536
vn -0.2506 -0.1653 0.9539
vn 0.2722 0.2035 -0.9405
vn -0.2507 -0.1678 0.9534
vn 0.2580 0.1133 -0.9595
vn -0.2005 -0.0316 0.9792
vn -0.1359 -0.2021 0.9699
vn 0.2088 0.1702 -0.9630
vn -0.1279 -0.0684 0.9894
vn -0.1920 -0.0319 0.9809
vn -0.2134 -0.2672 0.9397
vn -0.6409 -0.1715 0.7482
vn -0.0828 -0.1467 0.9857
vn -0.1362 -0.3094 0.9411
vn 0.0989 0.0090 0.9951
vn 0.2394 0.1729 -0.9554
vn -0.3396 -0.0196 0.9404
vn -0.3379 -0.3648 0.8676
vn -0.1885 -0.0954 0.9774
vn 0.2684 0.2570 -0.9284
vn 0.2243 0.5370 -0.8132
vn 0.3728 0.3039 0.8768
vn -0.0844 -0.0880 0.9925
vn -0.1694 -0.3578 0.9183
vn -0.1587 -0.1349 0.9781
vn 0.2375 0.0883 -0.9674
vn -0.0631 0.3693 -0.9272
vn 0.9266 0.3761 -0.0000
vn 0.3447 -0.1210 0.9309
vn 0.2508 0.1862 -0.9500
vn 0.2924 0.9427 -0.1606
vn -0.0130 0.1956 0.9806
vn -0.7667 0.2757 0.5798
vn -0.1600 -0.2399 0.9575
vn -0.2920 0.0550 0.9548
vn -0.3613 -0.1955 0.9117
vn 0.1380 0.9299 -0.3409
vn -0.0445 0.9958 -0.0803
vn 0.2129 0.0545 -0.9755
vn 0.2112 0.0827 -0.9739
vn -0.1502 -0.0446 0.9876
vn 0.4274 0.6939 -0.5796
vn 0.4211 0.6219 -0.6602
vn 0.8789 0.4761 -0.0300
vn 0.6788 0.1911 -0.7090
vn 0.6850 0.6127 -0.3941
vn 0.2439 0.1937 0.9503
vn 0.1220 0.1543 0.9805
vn 0.4822 0.5180 -0.7065
vn 0.2963 0.0671 0.9527
vn 0.3211 0.5340 -0.7821
vn 0.2919 0.0583 0.9547
vn -0.2673 -0.0299 0.9632
vn -0.1885 -0.1726 0.9668
vn 0.3026 0.0958 -0.9483
vn -0.2585 -0.1426 0.9554
vn -0.2391 -0.1710 0.9558
vn -0.1179 -0.0894 0.9890
vn -0.2796 0.1372 0.9503
vn -0.2106 -0.0196 0.9774
vn 0.1632 0.0925 -0.9822
vn 0.1639 0.0856 -0.9828
vn -0.1282 -0.1421 0.9815
vn 0.1605 0.0579 -0.9853
vn -0.1703 -0.0959 0.9807
vn -0.5704 -0.0319 0.8207
vn 0.1086 0.0196 -0.9939
vn -0.2288 -0.2252 0.9471
vn 0.1458 0.1014 -0.9841
vn -0.2076 -0.1007 0.9730
vn -0.3158 -0.2377 0.9186
vn 0.3939 0.2110 -0.8946
vn -0.2503 0.2868 0.9247
vn 0.6226 0.6358 -0.4562
vn 0.8204 0.1293 -0.5570
vn 0.9006 -0.0468 0.4321
vn -0.0824 -0.2303 0.9696
vn 0.3650 0.1797 -0.9135
vn -0.0619 -0.0834 0.9946
vn 0.4582 0.0062 -0.8888
vn -0.0716 -0.1103 0.9913
vn 0.5709 0.1831 -0.8004
vn -0.0000 1.0000 -0.0000
vn -0.1772 0.0997 0.9791
vn 0.5390 -0.7050 -0.4609
vn -0.9992 -0.0255 0.0315
vn -0.0503 -0.9365 0.3471
vn 0.7272 -0.1631 -0.6668
vn 0.2655 0.2501 -0.9311
vn -0.1411 -0.1771 0.9740
vn 0.2649 0.3058 -0.9145
vn 0.9707 0.2400 -0.0076
vn 0.4702 -0.0465 0.8814
vn 0.4822 0.2359 -0.8437
vn 0.5637 0.8143 0.1387
vn 0.2572 0.2014 0.9451
vn -0.1439 -0.1041 0.9841
vn 0.2957 0.0009 -0.9553
vn -0.3821 0.2544 0.8884
vn -0.1689 -0.0474 0.9845
vn 0.3851 0.1653 -0.9080
vn -0.1819 -0.1945 0.9639
vn 0.3657 0.3142 -0.8761
vn 0.4326 0.9016 -0.0000
vn 0.1817 -0.0211 0.9831
vn -0.1198 -0.2798 0.9526
vn -0.1916 -0.1392 0.9715
vn 0.2224 0.1184 -0.9677
vn -0.1863 -0.4116 0.8921
vn 0.1179 0.1724 -0.9779
vn -0.2508 -0.2569 0.9333
vn -0.2456 -0.0356 0.9687
vn 0.1809 0.1787 -0.9671
vn -0.3141 -0.3093 0.8976
vn 0.1985 0.0880 -0.9761
vn -0.2124 -0.0661 0.9749
vn 0.1760 0.0874 -0.9805
vn -0.0453 -0.2157 0.9754
vn -0.1119 -0.0428 0.9928
vn -0.1802 -0.0533 0.9822
vn -0.1658 -0.0143 0.9860
vn -0.0921 -0.3629 0.9273
vn 0.2739 0.2663 -0.9242
vn -0.0576 -0.3000 0.9522
vn -0.2151 -0.1651 0.9625
vn -0.7429 0.1465 0.6532
vn 0.4727 0.2336 -0.8497
vn 0.9754 0.1875 -0.1158
vn 0.3763 0.0323 0.9259
vn 0.6134 -0.2153 0.7599
vn 0.9602 -0.0400 -0.2764
vn 0.9813 -0.1023 0.1631
vn 0.3514 -0.1247 0.9279
vn 0.3327 -0.0258 0.9427
vn 0.4427 0.0409 -0.8958
vn 0.9991 0.0391 -0.0145
vn 0.3817 -0.1976 0.9029
vn -0.1029 -0.2771 0.9553
vn 0.9978 0.0651 0.0099
vn 0.5307 0.8293 -0.1750
vn 0.2037 0.9088 0.3643
vn 0.2039 0.2070 -0.9569
vn 0.2525 0.1234 -0.9597
vn 0.2321 0.4418 -0.8666
vn 0.9340 0.3574 -0.0000
vn 0.4363 0.2406 0.8670
vn 0.1757 0.1693 -0.9698
vn 0.9465 0.3046 -0.1064
vn 0.4953 0.1137 0.8612
vn 0.1764 0.1698 -0.9696
vn 0.0636 -0.0449 0.9970
vn -0.6739 0.2222 0.7046
vn 0.4564 0.4478 -0.7689
vn 0.8944 0.4451 -0.0437
vn 0.4658 0.1793 0.8666
vn 0.8763 0.0448 -0.4797
vn 0.3412 -0.0090 0.9399
vn 0.2373 -0.5290 0.8148
vn 0.8878 0.0749 -0.4541
vn 0.1523 0.9232 -0.3528
vn -0.1759 0.9443 0.2781
vn -0.1121 0.3470 -0.9312
vn 0.9495 0.3055 0.0713
vn 0.4253 -0.1929 0.8842
vn 0.4278 -0.9020 0.0588
vn 0.6630 0.3256 -0.6741
vn 0.9672 -0.1353 0.2149
vn 0.2918 -0.1344 -0.9470
vn 0.1408 0.1669 -0.9759
vn 0.9605 0.2633 -0.0895
vn 0.3505 -0.0499 0.9352
vn 0.5247 0.1506 -0.8379
vn 0.5663 0.1473 0.8109
vn 0.4658 -0.1875 0.8648
vn 0.9837 -0.1186 0.1355
vn 0.5002 0.8652 0.0345
s 0
f 8//1 5//1 6//1
f 7//2 2//2 3//2
f 8//3 4//3 9//3
f 9//4 2//4 8//4
f 3//5 9//5 14//5
f 11//6 14//6 15//6
f 12//7 15//7 16//7
f 6//8 22//8 21//8
f 23//9 5//9 7//9
f 27//10 26//10 28//10
f 28//11 20//11 27//11
f 23//12 22//12 5//12
f 26//13 25//13 33//13
f 35//14 26//14 33//14
f 34//15 25//15 27//15
f 36//16 26//16 35//16
f 22//17 34//17 27//17
f 37//18 22//18 23//18
f 31//19 30//19 29//19
f 39//20 38//20 40//20
f 40//21 25//21 39//21
f 36//22 41//22 42//22
f 43//23 34//23 22//23
f 44//24 31//24 42//24
f 46//25 38//25 39//25
f 47//26 38//26 45//26
f 48//27 39//27 34//27
f 49//28 40//28 47//28
f 48//29 34//29 43//29
f 42//30 49//30 50//30
f 44//31 42//31 50//31
f 51//32 17//32 45//32
f 49//33 47//33 54//33
f 53//34 17//34 18//34
f 47//35 53//35 54//35
f 49//36 68//36 59//36
f 55//37 49//37 59//37
f 57//38 17//38 51//38
f 60//39 48//39 43//39
f 55//40 59//40 61//40
f 62//41 55//41 61//41
f 64//42 21//42 63//42
f 64//43 4//43 21//43
f 65//44 4//44 64//44
f 63//45 21//45 28//45
f 29//46 63//46 28//46
f 30//47 64//47 63//47
f 66//48 31//48 32//48
f 65//49 30//49 66//49
f 67//50 33//50 40//50
f 41//51 67//51 40//51
f 10//52 24//52 7//52
f 11//53 69//53 10//53
f 71//54 11//54 12//54
f 72//55 12//55 13//55
f 69//56 23//56 24//56
f 73//57 69//57 70//57
f 74//58 70//58 71//58
f 75//59 71//59 72//59
f 76//60 23//60 73//60
f 78//61 74//61 75//61
f 74//62 80//62 73//62
f 76//63 56//63 37//63
f 81//64 76//64 73//64
f 80//65 81//65 73//65
f 78//66 83//66 80//66
f 79//67 44//67 86//67
f 79//68 86//68 85//68
f 83//69 78//69 84//69
f 44//70 62//70 86//70
f 87//71 81//71 82//71
f 88//72 82//72 83//72
f 91//73 87//73 88//73
f 15//74 65//74 92//74
f 93//75 16//75 92//75
f 94//76 65//76 66//76
f 93//77 95//77 96//77
f 95//78 92//78 94//78
f 98//79 94//79 79//79
f 99//80 94//80 98//80
f 98//81 85//81 103//81
f 105//82 100//82 103//82
f 106//83 103//83 104//83
f 102//84 105//84 107//84
f 109//85 85//85 90//85
f 109//86 110//86 112//86
f 104//87 109//87 112//87
f 113//88 110//88 111//88
f 106//89 114//89 105//89
f 106//90 104//90 112//90
f 115//91 75//91 72//91
f 118//92 75//92 115//92
f 116//93 118//93 115//93
f 117//94 119//94 116//94
f 121//95 118//95 119//95
f 84//96 78//96 75//96
f 118//97 84//97 75//97
f 122//98 119//98 120//98
f 89//99 83//99 84//99
f 13//100 93//100 129//100
f 115//101 129//101 130//101
f 115//102 130//102 132//102
f 133//103 93//103 96//103
f 130//104 133//104 134//104
f 131//105 134//105 135//105
f 136//106 115//106 132//106
f 135//107 134//107 136//107
f 135//108 132//108 131//108
f 117//109 116//109 136//109
f 138//110 134//110 137//110
f 117//111 138//111 139//111
f 120//112 139//112 141//112
f 137//113 96//113 97//113
f 138//114 137//114 142//114
f 139//115 142//115 143//115
f 144//116 140//116 143//116
f 145//117 141//117 144//117
f 143//118 142//118 146//118
f 147//119 120//119 141//119
f 145//120 147//120 141//120
f 137//121 101//121 149//121
f 146//122 149//122 150//122
f 124//123 123//123 147//123
f 148//124 124//124 147//124
f 155//125 149//125 154//125
f 151//126 156//126 157//126
f 153//127 151//127 157//127
f 152//128 127//128 124//128
f 153//129 157//129 158//129
f 159//130 127//130 158//130
f 18//131 19//131 160//131
f 160//132 161//132 162//132
f 162//133 161//133 164//133
f 167//134 163//134 164//134
f 168//135 165//135 166//135
f 167//136 168//136 166//136
f 168//137 169//137 170//137
f 168//138 171//138 169//138
f 174//139 162//139 164//139
f 176//140 165//140 175//140
f 163//141 166//141 176//141
f 174//142 163//142 176//142
f 179//143 169//143 177//143
f 175//144 170//144 179//144
f 180//145 175//145 179//145
f 177//146 169//146 181//146
f 178//147 181//147 182//147
f 178//148 184//148 179//148
f 178//149 182//149 184//149
f 180//150 184//150 185//150
f 182//151 187//151 188//151
f 183//152 187//152 181//152
f 53//153 160//153 189//153
f 58//154 53//154 189//154
f 52//155 57//155 46//155
f 194//156 52//156 48//156
f 60//157 194//157 48//157
f 56//158 191//158 60//158
f 62//159 61//159 196//159
f 192//160 62//160 196//160
f 57//161 161//161 19//161
f 61//162 190//162 195//162
f 196//163 61//163 195//163
f 197//164 196//164 199//164
f 57//165 167//165 161//165
f 57//166 204//166 167//166
f 205//167 57//167 194//167
f 201//168 202//168 203//168
f 197//169 199//169 208//169
f 204//170 168//170 167//170
f 205//171 209//171 204//171
f 207//172 195//172 211//172
f 199//173 207//173 211//173
f 211//174 210//174 218//174
f 409//175 214//175 215//175
f 216//176 219//176 221//176
f 68//177 58//177 222//177
f 173//178 193//178 189//178
f 222//179 58//179 193//179
f 223//180 190//180 59//180
f 224//181 173//181 174//181
f 193//182 224//182 222//182
f 222//183 224//183 198//183
f 223//184 198//184 200//184
f 225//185 200//185 233//185
f 227//186 226//186 230//186
f 230//187 229//187 231//187
f 231//188 227//188 230//188
f 233//189 200//189 206//189
f 230//190 235//190 236//190
f 230//191 234//191 229//191
f 237//192 234//192 236//192
f 237//193 229//193 234//193
f 238//194 174//194 180//194
f 232//195 224//195 238//195
f 210//196 206//196 232//196
f 233//197 206//197 210//197
f 233//198 210//198 211//198
f 238//199 180//199 185//199
f 210//200 232//200 240//200
f 239//201 235//201 241//201
f 427//202 238//202 185//202
f 242//203 56//203 81//203
f 244//204 86//204 192//204
f 87//205 242//205 81//205
f 244//206 192//206 197//206
f 245//207 242//207 87//207
f 248//208 202//208 242//208
f 245//209 250//209 248//209
f 251//210 245//210 243//210
f 246//211 251//211 243//211
f 253//212 91//212 247//212
f 203//213 202//213 248//213
f 251//214 250//214 245//214
f 252//215 254//215 246//215
f 255//216 252//216 253//216
f 251//217 256//217 250//217
f 252//218 257//218 254//218
f 259//219 252//219 255//219
f 265//220 203//220 250//220
f 256//221 260//221 250//221
f 261//222 251//222 257//222
f 257//223 262//223 261//223
f 264//224 259//224 255//224
f 268//225 261//225 262//225
f 270//226 262//226 263//226
f 260//227 273//227 265//227
f 275//228 266//228 274//228
f 277//229 266//229 275//229
f 261//230 276//230 256//230
f 268//231 278//231 261//231
f 280//232 277//232 279//232
f 280//233 268//233 269//233
f 280//234 267//234 277//234
f 281//235 278//235 279//235
f 285//236 108//236 284//236
f 286//237 90//237 283//237
f 286//238 283//238 284//238
f 286//239 108//239 110//239
f 287//240 108//240 285//240
f 113//241 288//241 112//241
f 113//242 111//242 287//242
f 290//243 107//243 289//243
f 90//244 244//244 293//244
f 295//245 291//245 292//245
f 295//246 282//246 294//246
f 296//247 90//247 293//247
f 296//248 282//248 284//248
f 297//249 282//249 295//249
f 298//250 285//250 297//250
f 113//251 299//251 288//251
f 299//252 114//252 288//252
f 289//253 114//253 300//253
f 292//254 226//254 227//254
f 302//255 244//255 249//255
f 302//256 291//256 294//256
f 309//257 292//257 228//257
f 304//258 295//258 303//258
f 298//259 304//259 305//259
f 300//260 299//260 305//260
f 289//261 300//261 306//261
f 301//262 289//262 306//262
f 249//263 208//263 307//263
f 308//264 226//264 291//264
f 309//265 228//265 231//265
f 302//266 249//266 307//266
f 302//267 307//267 308//267
f 304//268 303//268 310//268
f 305//269 304//269 310//269
f 208//270 213//270 311//270
f 307//271 208//271 311//271
f 308//272 307//272 311//272
f 237//273 236//273 312//273
f 237//274 303//274 309//274
f 314//275 305//275 313//275
f 301//276 306//276 315//276
f 308//277 311//277 316//277
f 318//278 314//278 313//278
f 311//279 216//279 319//279
f 316//280 241//280 235//280
f 316//281 239//281 241//281
f 312//282 239//282 320//282
f 317//283 312//283 320//283
f 323//284 317//284 322//284
f 321//285 266//285 267//285
f 323//286 324//286 313//286
f 325//287 267//287 269//287
f 270//288 325//288 269//288
f 319//289 221//289 326//289
f 327//290 319//290 326//290
f 320//291 327//291 328//291
f 317//292 328//292 483//292
f 331//293 272//293 274//293
f 321//294 274//294 266//294
f 331//295 330//295 329//295
f 322//296 317//296 483//296
f 332//297 330//297 331//297
f 324//298 323//298 322//298
f 333//299 325//299 270//299
f 333//300 270//300 271//300
f 125//301 91//301 88//301
f 336//302 125//302 126//302
f 126//303 125//303 89//303
f 126//304 84//304 122//304
f 338//305 122//305 127//305
f 128//306 338//306 127//306
f 247//307 91//307 125//307
f 336//308 247//308 125//308
f 338//309 126//309 122//309
f 340//310 253//310 247//310
f 336//311 340//311 247//311
f 337//312 340//312 336//312
f 341//313 338//313 339//313
f 342//314 255//314 253//314
f 340//315 342//315 253//315
f 338//316 343//316 337//316
f 340//317 344//317 342//317
f 342//318 271//318 264//318
f 346//319 157//319 156//319
f 290//320 301//320 347//320
f 348//321 128//321 159//321
f 159//322 346//322 348//322
f 347//323 301//323 349//323
f 156//324 349//324 351//324
f 346//325 351//325 350//325
f 348//326 346//326 350//326
f 348//327 341//327 339//327
f 350//328 353//328 348//328
f 354//329 349//329 315//329
f 355//330 351//330 354//330
f 352//331 351//331 355//331
f 352//332 356//332 358//332
f 350//333 352//333 358//333
f 359//334 353//334 350//334
f 359//335 350//335 358//335
f 356//336 355//336 360//336
f 361//337 356//337 360//337
f 357//338 343//338 341//338
f 362//339 356//339 361//339
f 359//340 362//340 357//340
f 359//341 358//341 362//341
f 354//342 363//342 364//342
f 370//343 344//343 345//343
f 365//344 354//344 364//344
f 366//345 360//345 365//345
f 367//346 345//346 343//346
f 368//347 360//347 366//347
f 369//348 343//348 357//348
f 362//349 369//349 357//349
f 369//350 361//350 368//350
f 315//351 334//351 335//351
f 370//352 271//352 344//352
f 568//353 345//353 367//353
f 368//354 568//354 367//354
f 571//355 366//355 365//355
f 373//356 186//356 187//356
f 374//357 186//357 373//357
f 183//358 373//358 187//358
f 375//359 188//359 374//359
f 376//360 184//360 375//360
f 380//361 377//361 378//361
f 374//362 379//362 380//362
f 171//363 379//363 373//363
f 376//364 375//364 382//364
f 383//365 377//365 379//365
f 381//366 383//366 379//366
f 378//367 385//367 386//367
f 385//368 377//368 383//368
f 380//369 386//369 387//369
f 375//370 387//370 382//370
f 391//371 386//371 389//371
f 387//372 391//372 393//372
f 392//373 383//373 384//373
f 382//374 387//374 393//374
f 389//375 394//375 395//375
f 390//376 394//376 386//376
f 397//377 389//377 395//377
f 398//378 393//378 397//378
f 400//379 394//379 399//379
f 397//380 395//380 400//380
f 396//381 399//381 390//381
f 401//382 397//382 400//382
f 400//383 403//383 404//383
f 396//384 405//384 406//384
f 396//385 403//385 399//385
f 401//386 400//386 404//386
f 398//387 401//387 407//387
f 408//388 172//388 209//388
f 219//389 211//389 218//389
f 221//390 219//390 410//390
f 412//391 408//391 217//391
f 219//392 218//392 431//392
f 411//393 219//393 431//393
f 372//394 384//394 381//394
f 408//395 412//395 413//395
f 411//396 414//396 415//396
f 220//397 416//397 412//397
f 408//398 419//398 384//398
f 420//399 408//399 413//399
f 420//400 413//400 416//400
f 422//401 421//401 418//401
f 421//402 424//402 420//402
f 420//403 437//403 419//403
f 422//404 424//404 421//404
f 422//405 426//405 424//405
f 376//406 427//406 185//406
f 240//407 427//407 218//407
f 428//408 427//408 376//408
f 427//409 428//409 429//409
f 430//410 427//410 429//410
f 431//411 218//411 430//411
f 432//412 382//412 388//412
f 433//413 430//413 429//413
f 434//414 430//414 433//414
f 414//415 434//415 417//415
f 419//416 392//416 384//416
f 435//417 432//417 388//417
f 433//418 435//418 436//418
f 434//419 433//419 436//419
f 423//420 417//420 434//420
f 388//421 398//421 438//421
f 419//422 437//422 392//422
f 439//423 435//423 438//423
f 434//424 436//424 443//424
f 440//425 434//425 443//425
f 438//426 407//426 441//426
f 442//427 439//427 438//427
f 445//428 272//428 410//428
f 276//429 273//429 260//429
f 446//430 275//430 445//430
f 447//431 276//431 278//431
f 281//432 447//432 278//432
f 281//433 446//433 449//433
f 410//434 411//434 450//434
f 451//435 410//435 450//435
f 276//436 452//436 273//436
f 446//437 451//437 454//437
f 447//438 453//438 452//438
f 455//439 447//439 448//439
f 456//440 455//440 448//440
f 461//441 448//441 454//441
f 273//442 418//442 409//442
f 451//443 415//443 458//443
f 457//444 273//444 452//444
f 459//445 451//445 458//445
f 460//446 453//446 455//446
f 461//447 454//447 459//447
f 461//448 463//448 456//448
f 457//449 464//449 418//449
f 468//450 465//450 466//450
f 466//451 453//451 460//451
f 463//452 461//452 459//452
f 422//453 418//453 464//453
f 468//454 457//454 465//454
f 470//455 459//455 469//455
f 471//456 466//456 462//456
f 415//457 423//457 472//457
f 473//458 469//458 472//458
f 468//459 478//459 467//459
f 477//460 466//460 471//460
f 474//461 470//461 814//461
f 472//462 475//462 813//462
f 473//463 476//463 479//463
f 814//464 473//464 479//464
f 328//465 327//465 483//465
f 329//466 482//466 326//466
f 330//467 482//467 329//467
f 484//468 327//468 330//468
f 485//469 330//469 332//469
f 486//470 322//470 484//470
f 488//471 322//471 486//471
f 325//472 487//472 332//472
f 333//473 487//473 325//473
f 489//474 487//474 333//474
f 335//475 488//475 490//475
f 492//476 330//476 491//476
f 485//477 491//477 330//477
f 493//478 492//478 491//478
f 486//479 492//479 494//479
f 495//480 485//480 487//480
f 496//481 486//481 494//481
f 495//482 498//482 493//482
f 488//483 498//483 499//483
f 501//484 488//484 499//484
f 503//485 487//485 489//485
f 503//486 502//486 495//486
f 504//487 488//487 501//487
f 500//488 506//488 507//488
f 502//489 506//489 499//489
f 508//490 502//490 505//490
f 508//491 507//491 506//491
f 508//492 505//492 504//492
f 508//493 500//493 507//493
f 423//494 440//494 475//494
f 509//495 455//495 456//495
f 509//496 462//496 455//496
f 509//497 463//497 512//497
f 515//498 510//498 511//498
f 523//499 511//499 512//499
f 517//500 513//500 514//500
f 518//501 514//501 515//501
f 521//502 516//502 513//502
f 529//503 513//503 517//503
f 512//504 463//504 523//504
f 524//505 510//505 514//505
f 523//506 522//506 525//506
f 523//507 525//507 515//507
f 528//508 519//508 527//508
f 528//509 516//509 520//509
f 521//510 531//510 519//510
f 521//511 529//511 532//511
f 533//512 531//512 534//512
f 534//513 531//513 532//513
f 522//514 463//514 470//514
f 524//515 471//515 462//515
f 526//516 535//516 524//516
f 536//517 517//517 518//517
f 528//518 537//518 526//518
f 529//519 536//519 538//519
f 533//520 527//520 530//520
f 540//521 533//521 534//521
f 542//522 539//522 540//522
f 543//523 541//523 542//523
f 535//524 477//524 471//524
f 537//525 545//525 535//525
f 536//526 544//526 546//526
f 527//527 548//527 547//527
f 539//528 548//528 527//528
f 534//529 549//529 540//529
f 534//530 557//530 549//530
f 541//531 548//531 539//531
f 541//532 1//532 550//532
f 543//533 551//533 552//533
f 546//534 544//534 553//534
f 537//535 547//535 555//535
f 550//536 556//536 548//536
f 474//537 481//537 553//537
f 561//538 477//538 545//538
f 546//539 553//539 560//539
f 554//540 546//540 560//540
f 556//541 563//541 555//541
f 551//542 562//542 848//542
f 552//543 848//543 564//543
f 271//544 489//544 333//544
f 370//545 565//545 271//545
f 567//546 363//546 335//546
f 570//547 567//547 569//547
f 571//548 365//548 567//548
f 570//549 568//549 371//549
f 571//550 570//550 371//550
f 567//551 572//551 574//551
f 575//552 566//552 569//552
f 575//553 574//553 573//553
f 567//554 575//554 569//554
f 575//555 567//555 574//555
f 503//556 489//556 565//556
f 497//557 505//557 576//557
f 497//558 576//558 572//558
f 572//559 576//559 577//559
f 577//560 503//560 573//560
f 580//561 581//561 582//561
f 586//562 583//562 587//562
f 589//563 585//563 590//563
f 591//564 588//564 592//564
f 593//565 1//565 541//565
f 593//566 578//566 579//566
f 593//567 543//567 595//567
f 583//568 593//568 595//568
f 578//569 594//569 579//569
f 595//570 609//570 585//570
f 610//571 584//571 586//571
f 587//572 610//572 586//572
f 589//573 597//573 587//573
f 597//574 589//574 590//574
f 598//575 588//575 596//575
f 600//576 590//576 591//576
f 600//577 591//577 592//577
f 599//578 588//578 598//578
f 592//579 599//579 602//579
f 603//580 602//580 604//580
f 579//581 550//581 1//581
f 610//582 608//582 607//582
f 596//583 609//583 620//583
f 598//584 596//584 620//584
f 612//585 611//585 597//585
f 600//586 612//586 597//586
f 614//587 599//587 598//587
f 615//588 600//588 601//588
f 602//589 614//589 616//589
f 603//590 615//590 601//590
f 617//591 603//591 618//591
f 606//592 603//592 604//592
f 619//593 605//593 616//593
f 608//594 610//594 611//594
f 617//595 613//595 615//595
f 623//596 617//596 618//596
f 619//597 616//597 624//597
f 621//598 552//598 564//598
f 621//599 564//599 625//599
f 626//600 622//600 612//600
f 614//601 621//601 625//601
f 613//602 626//602 612//602
f 627//603 613//603 623//603
f 616//604 628//604 629//604
f 1155//605 627//605 623//605
f 624//606 616//606 629//606
f 633//607 632//607 631//607
f 636//608 635//608 637//608
f 632//609 636//609 637//609
f 639//610 632//610 637//610
f 638//611 632//611 633//611
f 640//612 632//612 639//612
f 640//613 639//613 641//613
f 644//614 643//614 642//614
f 635//615 645//615 644//615
f 647//616 635//616 644//616
f 646//617 634//617 636//617
f 648//618 636//618 638//618
f 651//619 605//619 652//619
f 652//620 642//620 651//620
f 653//621 642//621 643//621
f 654//622 643//622 645//622
f 655//623 644//623 652//623
f 646//624 654//624 645//624
f 648//625 659//625 646//625
f 618//626 606//626 651//626
f 656//627 651//627 653//627
f 652//628 619//628 657//628
f 654//629 658//629 653//629
f 662//630 659//630 649//630
f 650//631 661//631 663//631
f 656//632 664//632 618//632
f 669//633 657//633 665//633
f 655//634 669//634 666//634
f 661//635 666//635 667//635
f 662//636 660//636 659//636
f 664//637 1155//637 623//637
f 669//638 619//638 624//638
f 668//639 656//639 658//639
f 630//640 631//640 672//640
f 675//641 630//641 672//641
f 674//642 675//642 676//642
f 676//643 673//643 677//643
f 581//644 678//644 677//644
f 582//645 679//645 580//645
f 582//646 581//646 681//646
f 683//647 681//647 684//647
f 683//648 684//648 685//648
f 689//649 674//649 676//649
f 689//650 676//650 678//650
f 690//651 677//651 673//651
f 691//652 678//652 679//652
f 581//653 690//653 692//653
f 680//654 691//654 679//654
f 683//655 691//655 680//655
f 682//656 693//656 684//656
f 687//657 638//657 633//657
f 688//658 640//658 641//658
f 673//659 641//659 696//659
f 700//660 687//660 689//660
f 691//661 700//661 689//661
f 693//662 682//662 692//662
f 699//663 641//663 650//663
f 696//664 699//664 701//664
f 702//665 696//665 701//665
f 703//666 692//666 702//666
f 698//667 703//667 704//667
f 707//668 706//668 711//668
f 708//669 702//669 701//669
f 707//670 700//670 697//670
f 703//671 708//671 709//671
f 704//672 703//672 709//672
f 699//673 663//673 705//673
f 701//674 705//674 712//674
f 708//675 712//675 713//675
f 708//676 713//676 714//676
f 697//677 706//677 707//677
f 710//678 716//678 697//678
f 671//679 663//679 667//679
f 670//680 662//680 711//680
f 715//681 663//681 671//681
f 712//682 705//682 715//682
f 704//683 709//683 718//683
f 713//684 712//684 719//684
f 714//685 719//685 718//685
f 683//686 695//686 694//686
f 686//687 722//687 683//687
f 698//688 686//688 693//688
f 723//689 698//689 724//689
f 723//690 695//690 722//690
f 724//691 726//691 723//691
f 724//692 725//692 727//692
f 728//693 727//693 729//693
f 725//694 698//694 704//694
f 726//695 730//695 695//695
f 728//696 730//696 726//696
f 730//697 710//697 697//697
f 732//698 730//698 728//698
f 731//699 732//699 728//699
f 733//700 734//700 732//700
f 735//701 736//701 733//701
f 1217//702 716//702 710//702
f 727//703 725//703 738//703
f 739//704 729//704 738//704
f 731//705 739//705 740//705
f 740//706 733//706 731//706
f 741//707 704//707 718//707
f 739//708 741//708 742//708
f 740//709 742//709 743//709
f 743//710 742//710 744//710
f 735//711 743//711 745//711
f 741//712 720//712 746//712
f 742//713 741//713 746//713
f 745//714 736//714 735//714
f 744//715 747//715 745//715
f 751//716 742//716 750//716
f 747//717 737//717 736//717
f 749//718 737//718 747//718
f 749//719 751//719 753//719
f 754//720 402//720 403//720
f 406//721 754//721 403//721
f 405//722 756//722 406//722
f 402//723 758//723 759//723
f 755//724 402//724 759//724
f 401//725 755//725 763//725
f 407//726 763//726 757//726
f 759//727 761//727 762//727
f 765//728 758//728 754//728
f 764//729 754//729 756//729
f 760//730 764//730 756//730
f 765//731 761//731 758//731
f 763//732 766//732 767//732
f 768//733 763//733 767//733
f 769//734 763//734 768//734
f 762//735 761//735 770//735
f 765//736 772//736 761//736
f 775//737 765//737 764//737
f 771//738 775//738 764//738
f 776//739 768//739 767//739
f 777//740 769//740 776//740
f 774//741 772//741 778//741
f 779//742 774//742 778//742
f 781//743 775//743 771//743
f 776//744 767//744 780//744
f 804//745 781//745 771//745
f 772//746 773//746 782//746
f 786//747 425//747 424//747
f 786//748 787//748 785//748
f 816//749 788//749 798//749
f 790//750 405//750 437//750
f 442//751 438//751 791//751
f 792//752 790//752 437//752
f 792//753 437//753 425//753
f 425//754 785//754 787//754
f 444//755 794//755 795//755
f 797//756 790//756 792//756
f 793//757 799//757 791//757
f 794//758 799//758 800//758
f 801//759 794//759 800//759
f 771//760 760//760 790//760
f 799//761 796//761 769//761
f 787//762 798//762 792//762
f 795//763 801//763 841//763
f 805//764 769//764 777//764
f 800//765 799//765 805//765
f 806//766 798//766 788//766
f 841//767 801//767 807//767
f 800//768 805//768 808//768
f 803//769 800//769 808//769
f 841//770 807//770 812//770
f 777//771 776//771 809//771
f 806//772 810//772 797//772
f 788//773 811//773 806//773
f 472//774 813//774 817//774
f 479//775 472//775 817//775
f 819//776 478//776 480//776
f 816//777 426//777 478//777
f 478//778 819//778 818//778
f 479//779 824//779 814//779
f 814//780 824//780 820//780
f 815//781 814//781 820//781
f 559//782 821//782 480//782
f 815//783 822//783 481//783
f 822//784 815//784 820//784
f 824//785 823//785 826//785
f 818//786 829//786 816//786
f 832//787 831//787 821//787
f 833//788 816//788 829//788
f 836//789 829//789 831//789
f 839//790 834//790 837//790
f 835//791 829//791 836//791
f 475//792 444//792 813//792
f 802//793 444//793 795//793
f 813//794 802//794 817//794
f 842//795 802//795 841//795
f 830//796 826//796 842//796
f 841//797 812//797 843//797
f 844//798 842//798 843//798
f 830//799 844//799 837//799
f 844//800 843//800 845//800
f 562//801 846//801 847//801
f 563//802 561//802 555//802
f 562//803 847//803 848//803
f 558//804 849//804 556//804
f 561//805 851//805 559//805
f 857//806 851//806 561//806
f 846//807 822//807 847//807
f 848//808 852//808 853//808
f 559//809 825//809 821//809
f 857//810 855//810 851//810
f 847//811 856//811 858//811
f 859//812 561//812 563//812
f 849//813 859//813 563//813
f 860//814 849//814 854//814
f 855//815 825//815 851//815
f 856//816 861//816 862//816
f 864//817 856//817 862//817
f 859//818 863//818 857//818
f 865//819 858//819 864//819
f 855//820 832//820 825//820
f 860//821 863//821 859//821
f 867//822 838//822 832//822
f 866//823 828//823 834//823
f 863//824 870//824 855//824
f 872//825 863//825 868//825
f 869//826 864//826 871//826
f 873//827 866//827 834//827
f 871//828 873//828 875//828
f 834//829 839//829 878//829
f 879//830 838//830 867//830
f 873//831 878//831 880//831
f 879//832 867//832 870//832
f 879//833 870//833 874//833
f 872//834 879//834 874//834
f 876//835 881//835 872//835
f 782//836 773//836 883//836
f 779//837 883//837 884//837
f 783//838 884//838 885//838
f 887//839 775//839 781//839
f 887//840 781//840 784//840
f 773//841 888//841 889//841
f 890//842 883//842 889//842
f 885//843 884//843 890//843
f 775//844 888//844 773//844
f 891//845 886//845 885//845
f 893//846 889//846 892//846
f 892//847 888//847 894//847
f 885//848 893//848 895//848
f 887//849 894//849 888//849
f 891//850 895//850 897//850
f 891//851 897//851 899//851
f 892//852 894//852 900//852
f 895//853 892//853 900//853
f 900//854 894//854 896//854
f 897//855 895//855 901//855
f 900//856 896//856 902//856
f 903//857 900//857 902//857
f 901//858 903//858 905//858
f 809//859 776//859 886//859
f 807//860 908//860 909//860
f 812//861 807//861 909//861
f 910//862 886//862 891//862
f 907//863 887//863 784//863
f 908//864 809//864 910//864
f 907//865 898//865 887//865
f 911//866 913//866 907//866
f 915//867 908//867 910//867
f 909//868 915//868 917//868
f 916//869 811//869 789//869
f 899//870 901//870 920//870
f 910//871 899//871 920//871
f 921//872 910//872 920//872
f 914//873 913//873 911//873
f 915//874 910//874 921//874
f 922//875 916//875 906//875
f 904//876 896//876 923//876
f 920//877 905//877 924//877
f 916//878 931//878 911//878
f 927//879 902//879 904//879
f 905//880 903//880 927//880
f 929//881 905//881 927//881
f 924//882 930//882 921//882
f 919//883 913//883 914//883
f 938//884 915//884 925//884
f 927//885 932//885 933//885
f 928//886 932//886 904//886
f 935//887 932//887 934//887
f 924//888 933//888 935//888
f 924//889 935//889 936//889
f 925//890 930//890 937//890
f 938//891 925//891 937//891
f 941//892 940//892 934//892
f 943//893 940//893 942//893
f 936//894 940//894 943//894
f 919//895 941//895 928//895
f 936//896 943//896 937//896
f 944//897 919//897 931//897
f 947//898 906//898 835//898
f 955//899 947//899 951//899
f 952//900 955//900 951//900
f 949//901 956//901 952//901
f 957//902 955//902 956//902
f 837//903 960//903 945//903
f 844//904 959//904 962//904
f 960//905 844//905 962//905
f 961//906 812//906 912//906
f 959//907 961//907 963//907
f 962//908 963//908 964//908
f 965//909 962//909 964//909
f 945//910 960//910 965//910
f 961//911 912//911 918//911
f 950//912 922//912 906//912
f 968//913 964//913 963//913
f 945//914 966//914 967//914
f 968//915 961//915 926//915
f 966//916 965//916 969//916
f 967//917 970//917 971//917
f 974//918 969//918 973//918
f 966//919 969//919 974//919
f 970//920 966//920 974//920
f 922//921 939//921 931//921
f 975//922 922//922 972//922
f 978//923 970//923 977//923
f 979//924 939//924 975//924
f 926//925 938//925 976//925
f 980//926 974//926 976//926
f 879//927 981//927 946//927
f 984//928 987//928 988//928
f 881//929 982//929 879//929
f 881//930 989//930 982//930
f 990//931 878//931 953//931
f 949//932 981//932 983//932
f 987//933 990//933 991//933
f 989//934 992//934 983//934
f 993//935 988//935 991//935
f 994//936 989//936 985//936
f 988//937 993//937 995//937
f 997//938 949//938 992//938
f 993//939 991//939 998//939
f 993//940 998//940 1000//940
f 995//941 993//941 1000//941
f 999//942 1002//942 992//942
f 1005//943 1003//943 997//943
f 1006//944 997//944 1002//944
f 1007//945 1004//945 1003//945
f 1005//946 1007//946 1003//946
f 1009//947 991//947 1008//947
f 990//948 954//948 971//948
f 990//949 971//949 1010//949
f 1008//950 1001//950 1010//950
f 1011//951 998//951 1009//951
f 1014//952 1000//952 1011//952
f 1010//953 971//953 1012//953
f 1013//954 1008//954 1012//954
f 1014//955 1011//955 1013//955
f 1012//956 971//956 978//956
f 1013//957 1012//957 1017//957
f 1014//958 1013//958 1015//958
f 1012//959 1016//959 1017//959
f 1013//960 1017//960 1018//960
f 1019//961 1013//961 1018//961
f 942//962 1021//962 1022//962
f 937//963 1020//963 1023//963
f 944//964 1021//964 941//964
f 938//965 1024//965 1026//965
f 1023//966 1027//966 1028//966
f 1030//967 1027//967 1029//967
f 1028//968 1027//968 1030//968
f 1028//969 1024//969 937//969
f 944//970 1029//970 1021//970
f 1024//971 1030//971 1031//971
f 1031//972 1032//972 1033//972
f 1034//973 1029//973 1025//973
f 1033//974 1032//974 1034//974
f 939//975 1025//975 944//975
f 979//976 1025//976 939//976
f 976//977 938//977 1026//977
f 979//978 975//978 972//978
f 1037//979 1042//979 1038//979
f 980//980 1038//980 1042//980
f 1041//981 1026//981 1033//981
f 1045//982 1043//982 979//982
f 1037//983 1044//983 1046//983
f 1047//984 979//984 1039//984
f 1048//985 1042//985 1046//985
f 1036//986 1047//986 1039//986
f 1049//987 980//987 1048//987
f 1089//988 1047//988 1036//988
f 1050//989 980//989 1049//989
f 1043//990 1035//990 1034//990
f 1052//991 1035//991 1051//991
f 1041//992 1035//992 1052//992
f 1044//993 1041//993 1052//993
f 1045//994 1053//994 1043//994
f 1054//995 1053//995 1045//995
f 1048//996 1046//996 1056//996
f 1057//997 1048//997 1056//997
f 1052//998 1060//998 1061//998
f 1053//999 1060//999 1051//999
f 1044//1000 1061//1000 1063//1000
f 1054//1001 1062//1001 1053//1001
f 1064//1002 1044//1002 1063//1002
f 1047//1003 1065//1003 1045//1003
f 1066//1004 1055//1004 1064//1004
f 1057//1005 1068//1005 1048//1005
f 1059//1006 1049//1006 1068//1006
f 1070//1007 1060//1007 1069//1007
f 1064//1008 1061//1008 1070//1008
f 1069//1009 1062//1009 1054//1009
f 1071//1010 1064//1010 1070//1010
f 1065//1011 1069//1011 1054//1011
f 1072//1012 1064//1012 1071//1012
f 1057//1013 1072//1013 1073//1013
f 1059//1014 1068//1014 1073//1014
f 1070//1015 1074//1015 1075//1015
f 1075//1016 1074//1016 1076//1016
f 1065//1017 1076//1017 1069//1017
f 1072//1018 1075//1018 1077//1018
f 1067//1019 1076//1019 1065//1019
f 1073//1020 1072//1020 1079//1020
f 1078//1021 1067//1021 1080//1021
f 1067//1022 1082//1022 1076//1022
f 1084//1023 1082//1023 1083//1023
f 1072//1024 1082//1024 1084//1024
f 1078//1025 1083//1025 1067//1025
f 1085//1026 1072//1026 1084//1026
f 1078//1027 1080//1027 1086//1027
f 1079//1028 1086//1028 1081//1028
f 1090//1029 958//1029 1007//1029
f 1087//1030 1090//1030 1005//1030
f 1090//1031 1092//1031 1089//1031
f 1087//1032 1093//1032 1090//1032
f 1096//1033 1018//1033 1095//1033
f 1040//1034 980//1034 1098//1034
f 1040//1035 1098//1035 1099//1035
f 1017//1036 1016//1036 1100//1036
f 1095//1037 1017//1037 1100//1037
f 1097//1038 1050//1038 1103//1038
f 1099//1039 1097//1039 1103//1039
f 1099//1040 1103//1040 1104//1040
f 1099//1041 1104//1041 1100//1041
f 1095//1042 1100//1042 1101//1042
f 1096//1043 1105//1043 1106//1043
f 1019//1044 1096//1044 1106//1044
f 1089//1045 1092//1045 1107//1045
f 1108//1046 1102//1046 1103//1046
f 1102//1047 1108//1047 1109//1047
f 1104//1048 1102//1048 1109//1048
f 1110//1049 1104//1049 1109//1049
f 1101//1050 1100//1050 1110//1050
f 1111//1051 1093//1051 1091//1051
f 1092//1052 1094//1052 1107//1052
f 1101//1053 1110//1053 1113//1053
f 1106//1054 1113//1054 1114//1054
f 1115//1055 1058//1055 1107//1055
f 1117//1056 1107//1056 1094//1056
f 1118//1057 1112//1057 1116//1057
f 1117//1058 1094//1058 1093//1058
f 1111//1059 1119//1059 1093//1059
f 1121//1060 1113//1060 1125//1060
f 1116//1061 1112//1061 1081//1061
f 1124//1062 1118//1062 1123//1062
f 1119//1063 1142//1063 1117//1063
f 1125//1064 1110//1064 1124//1064
f 1127//1065 1081//1065 1086//1065
f 1122//1066 1127//1066 1128//1066
f 1130//1067 1080//1067 1129//1067
f 1122//1068 1131//1068 1116//1068
f 1117//1069 1129//1069 1115//1069
f 1123//1070 1118//1070 1131//1070
f 1142//1071 1129//1071 1117//1071
f 1124//1072 1123//1072 1132//1072
f 1119//1073 1133//1073 1142//1073
f 1134//1074 1124//1074 1132//1074
f 1121//1075 1134//1075 1135//1075
f 1078//1076 1136//1076 1083//1076
f 1137//1077 1078//1077 1086//1077
f 1085//1078 1137//1078 1086//1078
f 1128//1079 1138//1079 1139//1079
f 1130//1080 1138//1080 1127//1080
f 1139//1081 1138//1081 1130//1081
f 1140//1082 1139//1082 1130//1082
f 1131//1083 1139//1083 1141//1083
f 1129//1084 1142//1084 1140//1084
f 1133//1085 1141//1085 1140//1085
f 1143//1086 1133//1086 1126//1086
f 1143//1087 1141//1087 1133//1087
f 1134//1088 1141//1088 1144//1088
f 1146//1089 1134//1089 1144//1089
f 1422//1090 1145//1090 1126//1090
f 1148//1091 1145//1091 1147//1091
f 1135//1092 1146//1092 1148//1092
f 1145//1093 1149//1093 1143//1093
f 1149//1094 1145//1094 1146//1094
f 850//1095 558//1095 608//1095
f 1152//1096 850//1096 622//1096
f 628//1097 1153//1097 1154//1097
f 1155//1098 626//1098 627//1098
f 1156//1099 850//1099 1152//1099
f 1154//1100 1153//1100 1157//1100
f 1155//1101 1152//1101 626//1101
f 1154//1102 1157//1102 1159//1102
f 629//1103 1154//1103 1159//1103
f 1162//1104 1152//1104 1158//1104
f 629//1105 1159//1105 1163//1105
f 1164//1106 860//1106 1156//1106
f 1160//1107 865//1107 1165//1107
f 1157//1108 1166//1108 1168//1108
f 1169//1109 1157//1109 1168//1109
f 1164//1110 868//1110 860//1110
f 1172//1111 1164//1111 1167//1111
f 1168//1112 1166//1112 1173//1112
f 1174//1113 872//1113 868//1113
f 1166//1114 1175//1114 1176//1114
f 1162//1115 1177//1115 1167//1115
f 1173//1116 1166//1116 1176//1116
f 1169//1117 1173//1117 1180//1117
f 1181//1118 869//1118 877//1118
f 1174//1119 876//1119 872//1119
f 1177//1120 1174//1120 1172//1120
f 1181//1121 877//1121 986//1121
f 1183//1122 876//1122 1174//1122
f 1176//1123 1175//1123 1185//1123
f 1184//1124 1174//1124 1177//1124
f 1186//1125 1177//1125 1178//1125
f 1182//1126 1185//1126 1187//1126
f 1179//1127 1186//1127 1178//1127
f 1280//1128 1182//1128 1187//1128
f 1188//1129 1182//1129 1280//1129
f 669//1130 624//1130 1190//1130
f 624//1131 629//1131 1192//1131
f 1190//1132 624//1132 1192//1132
f 658//1133 1189//1133 668//1133
f 1191//1134 1194//1134 1195//1134
f 1196//1135 1193//1135 670//1135
f 1192//1136 629//1136 1163//1136
f 1199//1137 1190//1137 1192//1137
f 1201//1138 1189//1138 658//1138
f 1196//1139 1197//1139 1193//1139
f 1163//1140 1169//1140 1199//1140
f 1199//1141 1200//1141 1202//1141
f 1203//1142 1199//1142 1202//1142
f 1204//1143 1205//1143 1201//1143
f 1205//1144 1179//1144 1170//1144
f 1207//1145 1205//1145 1204//1145
f 1308//1146 1179//1146 1205//1146
f 1207//1147 1206//1147 1205//1147
f 1195//1148 1208//1148 1218//1148
f 1208//1149 1194//1149 1203//1149
f 1213//1150 1202//1150 1200//1150
f 1208//1151 1213//1151 1210//1151
f 1211//1152 1209//1152 1210//1152
f 1212//1153 1180//1153 1188//1153
f 1200//1154 1212//1154 1213//1154
f 1215//1155 670//1155 711//1155
f 715//1156 1191//1156 1216//1156
f 706//1157 1215//1157 711//1157
f 1220//1158 706//1158 717//1158
f 1217//1159 717//1159 716//1159
f 1218//1160 1191//1160 1195//1160
f 1217//1161 1222//1161 717//1161
f 1219//1162 1221//1162 1215//1162
f 1220//1163 1221//1163 1219//1163
f 1221//1164 1225//1164 1198//1164
f 721//1165 1228//1165 1226//1165
f 720//1166 1226//1166 1227//1166
f 721//1167 1216//1167 1228//1167
f 1216//1168 1209//1168 1231//1168
f 1231//1169 1209//1169 1211//1169
f 1231//1170 1211//1170 1232//1170
f 1224//1171 1240//1171 1225//1171
f 1233//1172 1237//1172 1238//1172
f 1241//1173 1224//1173 1223//1173
f 1239//1174 1234//1174 1238//1174
f 1235//1175 1239//1175 1236//1175
f 1241//1176 1240//1176 1224//1176
f 1242//1177 1244//1177 1241//1177
f 1223//1178 1222//1178 1246//1178
f 1247//1179 746//1179 1227//1179
f 750//1180 1247//1180 1248//1180
f 751//1181 1248//1181 1250//1181
f 752//1182 1249//1182 737//1182
f 753//1183 751//1183 1250//1183
f 753//1184 1251//1184 752//1184
f 1227//1185 1235//1185 1253//1185
f 1248//1186 1253//1186 1255//1186
f 1249//1187 1254//1187 1246//1187
f 1256//1188 1248//1188 1255//1188
f 1251//1189 1254//1189 1249//1189
f 1252//1190 1256//1190 1257//1190
f 1257//1191 1256//1191 1258//1191
f 1259//1192 1223//1192 1246//1192
f 1254//1193 1259//1193 1246//1193
f 1256//1194 1255//1194 1262//1194
f 1257//1195 1265//1195 1251//1195
f 1258//1196 1261//1196 1257//1196
f 1258//1197 1256//1197 1262//1197
f 1268//1198 1255//1198 1260//1198
f 1265//1199 1259//1199 1254//1199
f 1272//1200 1261//1200 1262//1200
f 1223//1201 1242//1201 1241//1201
f 1267//1202 1223//1202 1259//1202
f 1263//1203 1267//1203 1259//1203
f 1268//1204 1260//1204 1236//1204
f 1264//1205 1269//1205 1273//1205
f 1269//1206 1264//1206 1265//1206
f 1266//1207 1269//1207 1265//1207
f 1272//1208 1271//1208 1270//1208
f 1272//1209 1262//1209 1271//1209
f 1236//1210 1239//1210 1245//1210
f 1275//1211 1273//1211 1270//1211
f 1271//1212 1275//1212 1270//1212
f 1276//1213 1268//1213 1274//1213
f 1276//1214 1278//1214 1275//1214
f 1183//1215 985//1215 876//1215
f 1181//1216 1281//1216 1185//1216
f 1185//1217 1281//1217 1279//1217
f 1187//1218 1185//1218 1279//1218
f 1281//1219 986//1219 988//1219
f 1282//1220 1183//1220 1184//1220
f 1279//1221 1281//1221 1283//1221
f 994//1222 985//1222 1183//1222
f 1281//1223 995//1223 1296//1223
f 1282//1224 994//1224 1183//1224
f 1283//1225 1281//1225 1296//1225
f 1186//1226 1282//1226 1184//1226
f 1287//1227 1282//1227 1286//1227
f 1289//1228 1287//1228 1286//1228
f 1290//1229 999//1229 1285//1229
f 1290//1230 1006//1230 1002//1230
f 1287//1231 1293//1231 1288//1231
f 1291//1232 1292//1232 1287//1232
f 1280//1233 1279//1233 1188//1233
f 1295//1234 1279//1234 1294//1234
f 1283//1235 1296//1235 1294//1235
f 1188//1236 1295//1236 1297//1236
f 1296//1237 995//1237 1000//1237
f 1295//1238 1299//1238 1297//1238
f 1298//1239 1296//1239 1014//1239
f 1294//1240 1298//1240 1299//1240
f 1297//1241 1300//1241 1321//1241
f 1299//1242 1298//1242 1301//1242
f 1302//1243 1300//1243 1301//1243
f 1321//1244 1302//1244 1303//1244
f 1298//1245 1015//1245 1304//1245
f 1305//1246 1301//1246 1304//1246
f 1015//1247 1019//1247 1306//1247
f 1304//1248 1015//1248 1306//1248
f 1304//1249 1306//1249 1395//1249
f 1307//1250 1302//1250 1305//1250
f 1311//1251 1308//1251 1206//1251
f 1207//1252 1311//1252 1206//1252
f 1289//1253 1286//1253 1284//1253
f 1311//1254 1312//1254 1284//1254
f 1313//1255 1289//1255 1312//1255
f 1213//1256 1212//1256 1315//1256
f 1315//1257 1212//1257 1317//1257
f 1314//1258 1318//1258 1319//1258
f 1323//1259 1310//1259 1309//1259
f 1317//1260 1297//1260 1321//1260
f 1315//1261 1317//1261 1322//1261
f 1319//1262 1322//1262 1320//1262
f 1329//1263 1311//1263 1310//1263
f 1323//1264 1325//1264 1310//1264
f 1328//1265 1321//1265 1303//1265
f 1324//1266 1317//1266 1328//1266
f 1324//1267 1328//1267 1330//1267
f 1322//1268 1324//1268 1330//1268
f 1328//1269 1303//1269 1331//1269
f 1329//1270 1334//1270 1312//1270
f 1327//1271 1332//1271 1325//1271
f 1334//1272 1291//1272 1313//1272
f 1441//1273 1328//1273 1331//1273
f 1309//1274 1207//1274 1225//1274
f 1240//1275 1309//1275 1225//1275
f 1237//1276 1243//1276 1340//1276
f 1338//1277 1237//1277 1340//1277
f 1241//1278 1337//1278 1240//1278
f 1339//1279 1237//1279 1338//1279
f 1342//1280 1244//1280 1242//1280
f 1340//1281 1243//1281 1316//1281
f 1342//1282 1337//1282 1244//1282
f 1339//1283 1341//1283 1343//1283
f 1316//1284 1320//1284 1340//1284
f 1339//1285 1345//1285 1346//1285
f 1341//1286 1339//1286 1346//1286
f 1347//1287 1341//1287 1346//1287
f 1327//1288 1323//1288 1344//1288
f 1320//1289 1326//1289 1352//1289
f 1349//1290 1356//1290 1344//1290
f 1346//1291 1345//1291 1353//1291
f 1354//1292 1349//1292 1350//1292
f 1355//1293 1346//1293 1353//1293
f 1356//1294 1327//1294 1344//1294
f 1359//1295 1348//1295 1357//1295
f 1360//1296 1354//1296 1350//1296
f 1361//1297 1355//1297 1364//1297
f 1352//1298 1333//1298 1357//1298
f 1356//1299 1362//1299 1368//1299
f 1353//1300 1363//1300 1370//1300
f 1371//1301 1356//1301 1354//1301
f 1355//1302 1370//1302 1364//1302
f 1367//1303 1354//1303 1360//1303
f 1367//1304 1366//1304 1365//1304
f 1361//1305 1367//1305 1360//1305
f 1367//1306 1364//1306 1366//1306
f 1473//1307 1357//1307 1336//1307
f 1363//1308 1473//1308 1369//1308
f 1478//1309 1362//1309 1356//1309
f 1363//1310 1369//1310 1370//1310
f 1364//1311 1370//1311 1373//1311
f 1374//1312 1371//1312 1365//1312
f 1366//1313 1374//1313 1365//1313
f 1374//1314 1364//1314 1373//1314
f 1267//1315 1342//1315 1242//1315
f 1273//1316 1342//1316 1267//1316
f 1277//1317 1245//1317 1375//1317
f 1376//1318 1273//1318 1278//1318
f 1274//1319 1376//1319 1278//1319
f 1377//1320 1380//1320 1378//1320
f 1381//1321 1377//1321 1379//1321
f 1375//1322 1343//1322 1347//1322
f 1386//1323 1375//1323 1347//1323
f 1383//1324 1342//1324 1376//1324
f 1379//1325 1386//1325 1385//1325
f 1380//1326 1385//1326 1384//1326
f 1381//1327 1379//1327 1385//1327
f 1386//1328 1347//1328 1351//1328
f 1389//1329 1383//1329 1384//1329
f 1389//1330 1388//1330 1387//1330
f 1385//1331 1389//1331 1384//1331
f 1389//1332 1386//1332 1388//1332
f 1390//1333 1350//1333 1382//1333
f 1392//1334 1382//1334 1387//1334
f 1392//1335 1391//1335 1390//1335
f 1388//1336 1392//1336 1387//1336
f 1392//1337 1386//1337 1391//1337
f 1393//1338 1350//1338 1390//1338
f 1393//1339 1361//1339 1360//1339
f 1391//1340 1393//1340 1390//1340
f 1393//1341 1351//1341 1361//1341
f 1006//1342 1088//1342 1087//1342
f 1091//1343 1088//1343 1293//1343
f 1304//1344 1395//1344 1394//1344
f 1396//1345 1293//1345 1292//1345
f 1307//1346 1394//1346 1397//1346
f 1395//1347 1106//1347 1399//1347
f 1398//1348 1091//1348 1293//1348
f 1396//1349 1398//1349 1293//1349
f 1394//1350 1399//1350 1400//1350
f 1394//1351 1400//1351 1397//1351
f 1398//1352 1111//1352 1091//1352
f 1396//1353 1404//1353 1398//1353
f 1405//1354 1399//1354 1413//1354
f 1403//1355 1409//1355 1411//1355
f 1407//1356 1120//1356 1111//1356
f 1406//1357 1413//1357 1399//1357
f 1415//1358 1413//1358 1423//1358
f 1405//1359 1413//1359 1415//1359
f 1416//1360 1407//1360 1404//1360
f 1416//1361 1415//1361 1414//1361
f 1417//1362 1405//1362 1415//1362
f 1409//1363 1417//1363 1418//1363
f 1411//1364 1418//1364 1420//1364
f 1411//1365 1420//1365 1421//1365
f 1120//1366 1126//1366 1119//1366
f 1424//1367 1412//1367 1414//1367
f 1425//1368 1414//1368 1415//1368
f 1416//1369 1426//1369 1427//1369
f 1428//1370 1424//1370 1425//1370
f 1428//1371 1416//1371 1427//1371
f 1426//1372 1404//1372 1408//1372
f 1430//1373 1408//1373 1419//1373
f 1432//1374 1418//1374 1431//1374
f 1433//1375 1432//1375 1430//1375
f 1421//1376 1433//1376 1419//1376
f 1434//1377 1412//1377 1424//1377
f 1435//1378 1423//1378 1135//1378
f 1434//1379 1424//1379 1427//1379
f 1429//1380 1434//1380 1427//1380
f 1418//1381 1435//1381 1437//1381
f 1438//1382 1429//1382 1430//1382
f 1438//1383 1437//1383 1436//1383
f 1431//1384 1438//1384 1430//1384
f 1439//1385 1418//1385 1437//1385
f 1401//1386 1292//1386 1291//1386
f 1334//1387 1401//1387 1291//1387
f 1332//1388 1335//1388 1334//1388
f 1336//1389 1333//1389 1442//1389
f 1402//1390 1307//1390 1397//1390
f 1444//1391 1334//1391 1335//1391
f 1441//1392 1440//1392 1445//1392
f 1442//1393 1441//1393 1445//1393
f 1402//1394 1403//1394 1447//1394
f 1440//1395 1402//1395 1447//1395
f 1440//1396 1447//1396 1445//1396
f 1335//1397 1448//1397 1444//1397
f 1450//1398 1335//1398 1332//1398
f 1451//1399 1332//1399 1443//1399
f 1336//1400 1446//1400 1452//1400
f 1445//1401 1453//1401 1454//1401
f 1445//1402 1454//1402 1449//1402
f 1456//1403 1449//1403 1455//1403
f 1457//1404 1450//1404 1451//1404
f 1458//1405 1410//1405 1444//1405
f 1448//1406 1458//1406 1444//1406
f 1460//1407 1448//1407 1450//1407
f 1457//1408 1460//1408 1450//1408
f 1446//1409 1456//1409 1461//1409
f 1452//1410 1461//1410 1464//1410
f 1419//1411 1410//1411 1458//1411
f 1465//1412 1421//1412 1419//1412
f 1466//1413 1411//1413 1421//1413
f 1459//1414 1454//1414 1466//1414
f 1467//1415 1465//1415 1458//1415
f 1467//1416 1459//1416 1466//1416
f 1460//1417 1467//1417 1458//1417
f 1469//1418 1460//1418 1457//1418
f 1469//1419 1468//1419 1467//1419
f 1470//1420 1456//1420 1468//1420
f 1471//1421 1461//1421 1470//1421
f 1469//1422 1457//1422 1463//1422
f 1472//1423 1463//1423 1464//1423
f 1472//1424 1471//1424 1470//1424
f 1462//1425 1472//1425 1464//1425
f 1370//1426 1369//1426 1474//1426
f 1370//1427 1474//1427 1476//1427
f 1477//1428 1371//1428 1372//1428
f 1477//1429 1372//1429 1373//1429
f 1477//1430 1370//1430 1476//1430
f 1473//1431 1336//1431 1452//1431
f 1481//1432 1443//1432 1368//1432
f 1362//1433 1481//1433 1368//1433
f 1474//1434 1369//1434 1479//1434
f 1480//1435 1478//1435 1475//1435
f 1476//1436 1480//1436 1475//1436
f 1480//1437 1474//1437 1479//1437
f 1481//1438 1451//1438 1443//1438
f 1473//1439 1452//1439 1482//1439
f 1485//1440 1473//1440 1482//1440
f 1486//1441 1478//1441 1479//1441
f 1486//1442 1369//1442 1485//1442
f 1481//1443 1457//1443 1451//1443
f 1488//1444 1487//1444 1481//1444
f 1482//1445 1487//1445 1489//1445
f 1483//1446 1489//1446 1490//1446
f 1488//1447 1481//1447 1484//1447
f 1485//1448 1488//1448 1484//1448
f 1483//1449 1491//1449 1485//1449
f 1494//1450 1483//1450 1490//1450
f 1492//1451 1457//1451 1481//1451
f 1492//1452 1481//1452 1487//1452
f 1492//1453 1452//1453 1464//1453
f 1491//1454 1493//1454 1489//1454
f 1135//1455 1148//1455 1496//1455
f 1135//1456 1496//1456 1498//1456
f 1497//1457 1422//1457 1434//1457
f 1499//1458 1135//1458 1498//1458
f 1500//1459 1499//1459 1497//1459
f 1500//1460 1434//1460 1436//1460
f 1437//1461 1500//1461 1436//1461
f 1500//1462 1435//1462 1499//1462
f 1495//1463 1150//1463 1147//1463
f 1498//1464 1495//1464 1497//1464
f 8//1465 7//1465 5//1465
f 7//1466 8//1466 2//1466
f 8//1467 6//1467 4//1467
f 9//1468 3//1468 2//1468
f 3//1469 10//1469 7//1469
f 14//1470 10//1470 3//1470
f 11//1471 10//1471 14//1471
f 12//1472 11//1472 15//1472
f 13//1473 12//1473 16//1473
f 18//1474 17//1474 19//1474
f 22//1475 20//1475 21//1475
f 6//1476 5//1476 22//1476
f 6//1477 21//1477 4//1477
f 7//1478 24//1478 23//1478
f 27//1479 25//1479 26//1479
f 28//1480 21//1480 20//1480
f 22//1481 27//1481 20//1481
f 36//1482 28//1482 26//1482
f 29//1483 28//1483 36//1483
f 40//1484 33//1484 25//1484
f 34//1485 39//1485 25//1485
f 36//1486 35//1486 41//1486
f 42//1487 29//1487 36//1487
f 37//1488 43//1488 22//1488
f 31//1489 29//1489 42//1489
f 44//1490 32//1490 31//1490
f 47//1491 40//1491 38//1491
f 48//1492 46//1492 39//1492
f 49//1493 41//1493 40//1493
f 49//1494 42//1494 41//1494
f 56//1495 43//1495 37//1495
f 45//1496 38//1496 51//1496
f 46//1497 51//1497 38//1497
f 48//1498 52//1498 46//1498
f 55//1499 50//1499 49//1499
f 44//1500 50//1500 55//1500
f 53//1501 45//1501 17//1501
f 47//1502 45//1502 53//1502
f 49//1503 54//1503 68//1503
f 57//1504 19//1504 17//1504
f 46//1505 57//1505 51//1505
f 58//1506 54//1506 53//1506
f 56//1507 60//1507 43//1507
f 65//1508 9//1508 4//1508
f 30//1509 65//1509 64//1509
f 66//1510 30//1510 31//1510
f 67//1511 35//1511 33//1511
f 30//1512 63//1512 29//1512
f 67//1513 41//1513 35//1513
f 68//1514 54//1514 58//1514
f 10//1515 69//1515 24//1515
f 11//1516 70//1516 69//1516
f 11//1517 71//1517 70//1517
f 12//1518 72//1518 71//1518
f 69//1519 73//1519 23//1519
f 74//1520 73//1520 70//1520
f 75//1521 74//1521 71//1521
f 76//1522 37//1522 23//1522
f 77//1523 32//1523 44//1523
f 78//1524 80//1524 74//1524
f 79//1525 77//1525 44//1525
f 80//1526 82//1526 81//1526
f 83//1527 82//1527 80//1527
f 44//1528 55//1528 62//1528
f 81//1529 56//1529 76//1529
f 82//1530 88//1530 87//1530
f 83//1531 89//1531 88//1531
f 90//1532 85//1532 86//1532
f 14//1533 9//1533 65//1533
f 15//1534 14//1534 65//1534
f 16//1535 15//1535 92//1535
f 93//1536 13//1536 16//1536
f 94//1537 92//1537 65//1537
f 95//1538 93//1538 92//1538
f 77//1539 66//1539 32//1539
f 94//1540 66//1540 77//1540
f 97//1541 96//1541 95//1541
f 94//1542 77//1542 79//1542
f 99//1543 95//1543 94//1543
f 99//1544 97//1544 95//1544
f 100//1545 99//1545 98//1545
f 101//1546 97//1546 99//1546
f 85//1547 98//1547 79//1547
f 102//1548 99//1548 100//1548
f 102//1549 101//1549 99//1549
f 100//1550 98//1550 103//1550
f 105//1551 102//1551 100//1551
f 106//1552 105//1552 103//1552
f 107//1553 101//1553 102//1553
f 109//1554 103//1554 85//1554
f 111//1555 110//1555 108//1555
f 104//1556 103//1556 109//1556
f 113//1557 112//1557 110//1557
f 107//1558 105//1558 114//1558
f 116//1559 119//1559 118//1559
f 118//1560 121//1560 84//1560
f 122//1561 121//1561 119//1561
f 120//1562 123//1562 122//1562
f 123//1563 124//1563 122//1563
f 122//1564 84//1564 121//1564
f 125//1565 88//1565 89//1565
f 126//1566 89//1566 84//1566
f 124//1567 127//1567 122//1567
f 13//1568 129//1568 72//1568
f 115//1569 72//1569 129//1569
f 132//1570 130//1570 131//1570
f 133//1571 129//1571 93//1571
f 130//1572 129//1572 133//1572
f 131//1573 130//1573 134//1573
f 136//1574 116//1574 115//1574
f 135//1575 136//1575 132//1575
f 137//1576 133//1576 96//1576
f 137//1577 134//1577 133//1577
f 138//1578 136//1578 134//1578
f 117//1579 139//1579 119//1579
f 117//1580 136//1580 138//1580
f 120//1581 119//1581 139//1581
f 141//1582 139//1582 140//1582
f 139//1583 138//1583 142//1583
f 140//1584 139//1584 143//1584
f 140//1585 144//1585 141//1585
f 101//1586 137//1586 97//1586
f 144//1587 143//1587 146//1587
f 147//1588 123//1588 120//1588
f 145//1589 144//1589 146//1589
f 148//1590 147//1590 145//1590
f 142//1591 137//1591 149//1591
f 146//1592 142//1592 149//1592
f 151//1593 146//1593 150//1593
f 145//1594 146//1594 151//1594
f 148//1595 152//1595 124//1595
f 148//1596 145//1596 151//1596
f 155//1597 150//1597 149//1597
f 151//1598 150//1598 155//1598
f 148//1599 153//1599 152//1599
f 148//1600 151//1600 153//1600
f 154//1601 101//1601 107//1601
f 149//1602 101//1602 154//1602
f 156//1603 151//1603 155//1603
f 152//1604 158//1604 127//1604
f 153//1605 158//1605 152//1605
f 159//1606 128//1606 127//1606
f 160//1607 19//1607 161//1607
f 164//1608 161//1608 167//1608
f 167//1609 166//1609 163//1609
f 168//1610 170//1610 165//1610
f 168//1611 172//1611 171//1611
f 173//1612 160//1612 162//1612
f 174//1613 164//1613 163//1613
f 174//1614 173//1614 162//1614
f 176//1615 166//1615 165//1615
f 179//1616 170//1616 169//1616
f 175//1617 165//1617 170//1617
f 178//1618 179//1618 177//1618
f 180//1619 176//1619 175//1619
f 180//1620 174//1620 176//1620
f 178//1621 177//1621 181//1621
f 183//1622 181//1622 169//1622
f 180//1623 179//1623 184//1623
f 188//1624 187//1624 186//1624
f 182//1625 181//1625 187//1625
f 183//1626 169//1626 171//1626
f 53//1627 18//1627 160//1627
f 60//1628 191//1628 194//1628
f 61//1629 59//1629 190//1629
f 193//1630 58//1630 189//1630
f 52//1631 194//1631 57//1631
f 56//1632 202//1632 191//1632
f 197//1633 192//1633 196//1633
f 201//1634 194//1634 191//1634
f 202//1635 201//1635 191//1635
f 199//1636 196//1636 195//1636
f 205//1637 204//1637 57//1637
f 201//1638 205//1638 194//1638
f 199//1639 195//1639 207//1639
f 204//1640 172//1640 168//1640
f 204//1641 209//1641 172//1641
f 201//1642 214//1642 205//1642
f 201//1643 203//1643 212//1643
f 213//1644 208//1644 199//1644
f 215//1645 214//1645 201//1645
f 216//1646 213//1646 199//1646
f 209//1647 205//1647 217//1647
f 214//1648 217//1648 205//1648
f 219//1649 199//1649 211//1649
f 409//1650 220//1650 214//1650
f 216//1651 199//1651 219//1651
f 189//1652 160//1652 173//1652
f 59//1653 68//1653 222//1653
f 59//1654 222//1654 223//1654
f 173//1655 224//1655 193//1655
f 223//1656 222//1656 198//1656
f 223//1657 225//1657 190//1657
f 225//1658 195//1658 190//1658
f 225//1659 223//1659 200//1659
f 225//1660 233//1660 195//1660
f 231//1661 228//1661 227//1661
f 232//1662 198//1662 224//1662
f 232//1663 206//1663 200//1663
f 232//1664 200//1664 198//1664
f 230//1665 226//1665 235//1665
f 230//1666 236//1666 234//1666
f 237//1667 231//1667 229//1667
f 238//1668 224//1668 174//1668
f 233//1669 211//1669 195//1669
f 239//1670 236//1670 235//1670
f 240//1671 232//1671 238//1671
f 427//1672 240//1672 238//1672
f 210//1673 240//1673 218//1673
f 192//1674 86//1674 62//1674
f 244//1675 90//1675 86//1675
f 91//1676 243//1676 87//1676
f 242//1677 202//1677 56//1677
f 243//1678 245//1678 87//1678
f 91//1679 246//1679 243//1679
f 249//1680 244//1680 197//1680
f 245//1681 248//1681 242//1681
f 91//1682 252//1682 246//1682
f 253//1683 252//1683 91//1683
f 208//1684 249//1684 197//1684
f 248//1685 250//1685 203//1685
f 246//1686 254//1686 251//1686
f 254//1687 257//1687 251//1687
f 252//1688 258//1688 257//1688
f 259//1689 258//1689 252//1689
f 265//1690 212//1690 203//1690
f 250//1691 260//1691 265//1691
f 261//1692 256//1692 251//1692
f 257//1693 258//1693 262//1693
f 258//1694 263//1694 262//1694
f 259//1695 263//1695 258//1695
f 264//1696 263//1696 259//1696
f 212//1697 265//1697 215//1697
f 212//1698 215//1698 201//1698
f 262//1699 269//1699 268//1699
f 270//1700 269//1700 262//1700
f 265//1701 273//1701 215//1701
f 256//1702 276//1702 260//1702
f 277//1703 267//1703 266//1703
f 261//1704 278//1704 276//1704
f 268//1705 279//1705 278//1705
f 280//1706 279//1706 268//1706
f 280//1707 269//1707 267//1707
f 285//1708 284//1708 282//1708
f 286//1709 109//1709 90//1709
f 110//1710 109//1710 286//1710
f 286//1711 284//1711 108//1711
f 287//1712 111//1712 108//1712
f 106//1713 288//1713 114//1713
f 106//1714 112//1714 288//1714
f 289//1715 107//1715 114//1715
f 295//1716 294//1716 291//1716
f 296//1717 283//1717 90//1717
f 296//1718 293//1718 294//1718
f 296//1719 284//1719 283//1719
f 296//1720 294//1720 282//1720
f 297//1721 285//1721 282//1721
f 298//1722 287//1722 285//1722
f 113//1723 298//1723 299//1723
f 113//1724 287//1724 298//1724
f 299//1725 300//1725 114//1725
f 301//1726 290//1726 289//1726
f 292//1727 291//1727 226//1727
f 228//1728 292//1728 227//1728
f 302//1729 293//1729 244//1729
f 294//1730 293//1730 302//1730
f 303//1731 295//1731 292//1731
f 309//1732 303//1732 292//1732
f 304//1733 297//1733 295//1733
f 298//1734 297//1734 304//1734
f 298//1735 305//1735 299//1735
f 302//1736 308//1736 291//1736
f 306//1737 300//1737 305//1737
f 308//1738 235//1738 226//1738
f 237//1739 312//1739 303//1739
f 237//1740 309//1740 231//1740
f 310//1741 303//1741 312//1741
f 313//1742 305//1742 310//1742
f 314//1743 306//1743 305//1743
f 308//1744 316//1744 235//1744
f 312//1745 236//1745 239//1745
f 317//1746 310//1746 312//1746
f 313//1747 310//1747 317//1747
f 318//1748 306//1748 314//1748
f 315//1749 306//1749 318//1749
f 311//1750 213//1750 216//1750
f 316//1751 311//1751 319//1751
f 316//1752 320//1752 239//1752
f 323//1753 313//1753 317//1753
f 325//1754 321//1754 267//1754
f 318//1755 313//1755 324//1755
f 334//1756 318//1756 324//1756
f 263//1757 264//1757 271//1757
f 271//1758 270//1758 263//1758
f 272//1759 326//1759 221//1759
f 319//1760 216//1760 221//1760
f 327//1761 316//1761 319//1761
f 320//1762 316//1762 327//1762
f 329//1763 326//1763 272//1763
f 317//1764 320//1764 328//1764
f 331//1765 329//1765 272//1765
f 321//1766 331//1766 274//1766
f 332//1767 331//1767 321//1767
f 325//1768 332//1768 321//1768
f 315//1769 318//1769 334//1769
f 337//1770 336//1770 126//1770
f 126//1771 338//1771 337//1771
f 128//1772 339//1772 338//1772
f 337//1773 343//1773 340//1773
f 338//1774 341//1774 343//1774
f 342//1775 264//1775 255//1775
f 345//1776 344//1776 340//1776
f 343//1777 345//1777 340//1777
f 344//1778 271//1778 342//1778
f 290//1779 154//1779 107//1779
f 346//1780 158//1780 157//1780
f 159//1781 158//1781 346//1781
f 347//1782 154//1782 290//1782
f 347//1783 155//1783 154//1783
f 348//1784 339//1784 128//1784
f 155//1785 347//1785 349//1785
f 156//1786 155//1786 349//1786
f 346//1787 156//1787 351//1787
f 352//1788 350//1788 351//1788
f 348//1789 353//1789 341//1789
f 349//1790 301//1790 315//1790
f 351//1791 349//1791 354//1791
f 352//1792 355//1792 356//1792
f 341//1793 359//1793 357//1793
f 353//1794 359//1794 341//1794
f 354//1795 360//1795 355//1795
f 362//1796 358//1796 356//1796
f 354//1797 315//1797 363//1797
f 365//1798 360//1798 354//1798
f 368//1799 361//1799 360//1799
f 369//1800 367//1800 343//1800
f 369//1801 368//1801 367//1801
f 369//1802 362//1802 361//1802
f 363//1803 315//1803 335//1803
f 345//1804 568//1804 370//1804
f 368//1805 371//1805 568//1805
f 371//1806 368//1806 366//1806
f 571//1807 371//1807 366//1807
f 172//1808 372//1808 171//1808
f 374//1809 188//1809 186//1809
f 183//1810 171//1810 373//1810
f 375//1811 182//1811 188//1811
f 375//1812 184//1812 182//1812
f 376//1813 185//1813 184//1813
f 380//1814 379//1814 377//1814
f 374//383 373//383 379//383
f 171//1815 381//1815 379//1815
f 375//1816 374//1816 380//1816
f 171//1817 372//1817 381//1817
f 384//1818 383//1818 381//1818
f 378//1819 377//1819 385//1819
f 380//1820 378//1820 386//1820
f 375//1821 380//1821 387//1821
f 390//1822 386//1822 385//1822
f 391//1823 387//1823 386//1823
f 383//1824 396//1824 385//1824
f 392//1825 396//1825 383//1825
f 393//1826 388//1826 382//1826
f 389//1827 386//1827 394//1827
f 390//1828 385//1828 396//1828
f 397//1829 391//1829 389//1829
f 393//1830 391//1830 397//1830
f 390//1831 399//1831 394//1831
f 400//1832 395//1832 394//1832
f 392//1833 405//1833 396//1833
f 398//1834 397//1834 401//1834
f 404//1835 403//1835 402//1835
f 400//383 399//383 403//383
f 396//1836 406//1836 403//1836
f 408//1837 372//1837 172//1837
f 217//1838 408//1838 209//1838
f 214//1839 412//1839 217//1839
f 220//1840 412//1840 214//1840
f 410//1841 219//1841 411//1841
f 408//1842 384//1842 372//1842
f 411//1843 431//1843 414//1843
f 412//1844 416//1844 413//1844
f 220//1845 421//1845 416//1845
f 418//1846 421//1846 220//1846
f 415//1847 414//1847 417//1847
f 420//1848 419//1848 408//1848
f 416//1849 421//1849 420//1849
f 420//1850 425//1850 437//1850
f 424//1851 425//1851 420//1851
f 430//1852 218//1852 427//1852
f 428//1853 376//1853 382//1853
f 432//1854 429//1854 428//1854
f 432//1855 428//1855 382//1855
f 434//1856 431//1856 430//1856
f 434//1856 414//1856 431//1856
f 429//1857 432//1857 435//1857
f 433//1858 429//1858 435//1858
f 388//1859 393//1859 398//1859
f 437//1860 405//1860 392//1860
f 438//1861 435//1861 388//1861
f 436//1862 435//1862 439//1862
f 440//1863 423//1863 434//1863
f 438//1864 398//1864 407//1864
f 442//1865 443//1865 436//1865
f 436//1866 439//1866 442//1866
f 444//1867 440//1867 443//1867
f 272//1868 221//1868 410//1868
f 273//1869 409//1869 215//1869
f 445//1870 274//1870 272//1870
f 445//1871 275//1871 274//1871
f 446//1872 277//1872 275//1872
f 446//1873 279//1873 277//1873
f 281//1874 448//1874 447//1874
f 449//1875 448//1875 281//1875
f 281//1876 279//1876 446//1876
f 451//1877 445//1877 410//1877
f 446//1878 445//1878 451//1878
f 447//1879 452//1879 276//1879
f 455//1880 453//1880 447//1880
f 449//1881 454//1881 448//1881
f 449//1882 446//1882 454//1882
f 461//1883 456//1883 448//1883
f 409//1884 418//1884 220//1884
f 415//1885 450//1885 411//1885
f 457//1886 418//1886 273//1886
f 451//1887 450//1887 415//1887
f 459//1888 454//1888 451//1888
f 455//1889 462//1889 460//1889
f 452//1890 453//1890 465//1890
f 452//1891 465//1891 457//1891
f 453//1892 466//1892 465//1892
f 462//1893 466//1893 460//1893
f 415//1894 417//1894 423//1894
f 464//1895 467//1895 422//1895
f 464//1896 457//1896 467//1896
f 469//1897 458//1897 415//1897
f 468//1898 467//1898 457//1898
f 459//1899 458//1899 469//1899
f 463//1900 459//1900 470//1900
f 469//1901 415//1901 472//1901
f 468//1902 466//1902 478//1902
f 473//1903 470//1903 469//1903
f 472//1904 423//1904 475//1904
f 467//1905 478//1905 422//1905
f 473//1906 472//1906 476//1906
f 466//1907 480//1907 478//1907
f 814//1908 470//1908 473//1908
f 478//1909 426//1909 422//1909
f 472//1910 479//1910 476//1910
f 477//1911 480//1911 466//1911
f 474//1912 814//1912 481//1912
f 327//1913 326//1913 482//1913
f 482//1914 330//1914 327//1914
f 484//1915 483//1915 327//1915
f 322//1916 483//1916 484//1916
f 332//1917 487//1917 485//1917
f 488//1918 324//1918 322//1918
f 488//1919 334//1919 324//1919
f 335//1920 334//1920 488//1920
f 492//1921 484//1921 330//1921
f 485//1922 493//1922 491//1922
f 493//1923 494//1923 492//1923
f 486//1924 484//1924 492//1924
f 495//1925 493//1925 485//1925
f 496//1926 488//1926 486//1926
f 498//1927 494//1927 493//1927
f 496//1928 494//1928 498//1928
f 495//1929 499//1929 498//1929
f 488//1930 496//1930 498//1930
f 495//1931 502//1931 499//1931
f 501//1932 499//1932 500//1932
f 503//1933 495//1933 487//1933
f 503//1934 505//1934 502//1934
f 504//1935 490//1935 488//1935
f 504//1936 501//1936 500//1936
f 497//1937 490//1937 504//1937
f 500//1938 499//1938 506//1938
f 508//1939 506//1939 502//1939
f 508//1940 504//1940 500//1940
f 475//1941 440//1941 444//1941
f 511//1942 510//1942 462//1942
f 509//1943 511//1943 462//1943
f 512//1944 511//1944 509//1944
f 509//1945 456//1945 463//1945
f 515//1946 514//1946 510//1946
f 523//1947 515//1947 511//1947
f 518//1948 517//1948 514//1948
f 521//1949 520//1949 516//1949
f 529//1950 521//1950 513//1950
f 521//1951 519//1951 520//1951
f 524//1952 514//1952 513//1952
f 524//1953 462//1953 510//1953
f 526//1954 513//1954 516//1954
f 526//1955 524//1955 513//1955
f 518//1956 515//1956 525//1956
f 528//1957 520//1957 519//1957
f 528//1958 526//1958 516//1958
f 519//1959 530//1959 527//1959
f 531//1960 530//1960 519//1960
f 521//1961 532//1961 531//1961
f 533//1962 530//1962 531//1962
f 522//1963 523//1963 463//1963
f 524//1964 535//1964 471//1964
f 536//1965 525//1965 522//1965
f 526//1966 537//1966 535//1966
f 518//1967 525//1967 536//1967
f 528//1968 527//1968 537//1968
f 529//1969 517//1969 536//1969
f 532//1970 529//1970 538//1970
f 533//1971 539//1971 527//1971
f 540//1972 539//1972 533//1972
f 534//1973 532//1973 538//1973
f 542//1974 541//1974 539//1974
f 474//1975 544//1975 522//1975
f 474//1976 522//1976 470//1976
f 535//1977 545//1977 477//1977
f 536//1978 522//1978 544//1978
f 537//1979 527//1979 547//1979
f 538//1980 536//1980 546//1980
f 555//1981 547//1981 548//1981
f 534//1982 538//1982 557//1982
f 541//1983 550//1983 548//1983
f 542//1984 540//1984 549//1984
f 551//1985 542//1985 549//1985
f 543//1986 542//1986 551//1986
f 474//1987 553//1987 544//1987
f 537//1988 555//1988 545//1988
f 538//1989 546//1989 554//1989
f 555//1990 548//1990 556//1990
f 557//1991 538//1991 554//1991
f 551//1992 549//1992 557//1992
f 558//1993 556//1993 550//1993
f 561//1994 559//1994 477//1994
f 545//1995 555//1995 561//1995
f 557//1996 554//1996 562//1996
f 551//1997 557//1997 562//1997
f 552//1998 551//1998 848//1998
f 271//1999 565//1999 489//1999
f 566//2000 565//2000 370//2000
f 567//2001 364//2001 363//2001
f 568//2002 566//2002 370//2002
f 568//2003 569//2003 566//2003
f 567//2004 365//2004 364//2004
f 568//2005 570//2005 569//2005
f 570//2006 571//2006 567//2006
f 572//2007 335//2007 490//2007
f 497//2008 572//2008 490//2008
f 566//2009 573//2009 565//2009
f 567//2010 335//2010 572//2010
f 575//2011 573//2011 566//2011
f 576//2012 505//2012 503//2012
f 497//2013 504//2013 505//2013
f 577//2014 576//2014 503//2014
f 573//2015 503//2015 565//2015
f 574//2016 577//2016 573//2016
f 577//2017 574//2017 572//2017
f 584//2018 578//2018 583//2018
f 586//2019 584//2019 583//2019
f 587//2020 583//2020 585//2020
f 589//2021 587//2021 585//2021
f 590//2022 585//2022 588//2022
f 591//2023 590//2023 588//2023
f 593//2024 579//2024 1//2024
f 593//2025 541//2025 543//2025
f 583//2026 578//2026 593//2026
f 584//2027 594//2027 578//2027
f 585//2028 583//2028 595//2028
f 610//2029 594//2029 584//2029
f 587//2030 597//2030 610//2030
f 588//2031 585//2031 596//2031
f 600//2032 597//2032 590//2032
f 599//2033 592//2033 588//2033
f 592//2034 601//2034 600//2034
f 602//2035 601//2035 592//2035
f 603//2036 601//2036 602//2036
f 606//2037 604//2037 605//2037
f 579//2038 607//2038 550//2038
f 594//2039 607//2039 579//2039
f 609//2040 595//2040 543//2040
f 609//2041 543//2041 552//2041
f 610//2042 607//2042 594//2042
f 596//2043 585//2043 609//2043
f 597//2044 611//2044 610//2044
f 613//2045 612//2045 600//2045
f 615//2046 613//2046 600//2046
f 602//2047 599//2047 614//2047
f 603//2048 617//2048 615//2048
f 604//2049 602//2049 616//2049
f 605//2050 604//2050 616//2050
f 606//2051 618//2051 603//2051
f 607//2052 558//2052 550//2052
f 607//2053 608//2053 558//2053
f 620//2054 609//2054 552//2054
f 611//2055 622//2055 608//2055
f 621//2056 598//2056 620//2056
f 612//2057 622//2057 611//2057
f 614//2058 598//2058 621//2058
f 617//2059 623//2059 613//2059
f 621//2060 620//2060 552//2060
f 622//2061 850//2061 608//2061
f 613//2062 627//2062 626//2062
f 616//2063 614//2063 628//2063
f 631//2064 630//2064 633//2064
f 636//2065 634//2065 635//2065
f 638//2066 636//2066 632//2066
f 640//2067 631//2067 632//2067
f 645//2068 643//2068 644//2068
f 635//2069 634//2069 645//2069
f 646//2070 645//2070 634//2070
f 647//2071 637//2071 635//2071
f 648//2072 646//2072 636//2072
f 647//2073 639//2073 637//2073
f 650//2074 641//2074 639//2074
f 651//2075 606//2075 605//2075
f 653//2076 651//2076 642//2076
f 644//2077 642//2077 652//2077
f 654//2078 653//2078 643//2078
f 655//2079 647//2079 644//2079
f 661//2080 639//2080 647//2080
f 648//2081 649//2081 659//2081
f 650//2082 639//2082 661//2082
f 619//2083 652//2083 605//2083
f 656//2084 618//2084 651//2084
f 653//2085 658//2085 656//2085
f 654//2086 646//2086 658//2086
f 657//2087 655//2087 652//2087
f 661//2088 647//2088 655//2088
f 664//2089 623//2089 618//2089
f 665//2090 657//2090 619//2090
f 659//2091 658//2091 646//2091
f 655//2092 657//2092 669//2092
f 659//2093 660//2093 658//2093
f 661//2094 655//2094 666//2094
f 667//2095 663//2095 661//2095
f 656//2096 668//2096 664//2096
f 669//2097 665//2097 619//2097
f 662//2098 670//2098 660//2098
f 675//2099 674//2099 630//2099
f 675//2100 672//2100 673//2100
f 676//2101 675//2101 673//2101
f 678//2102 676//2102 677//2102
f 581//2103 580//2103 678//2103
f 679//2104 678//2104 580//2104
f 582//2105 680//2105 679//2105
f 582//2106 681//2106 680//2106
f 683//2107 680//2107 681//2107
f 684//2108 681//2108 682//2108
f 687//2109 633//2109 630//2109
f 688//2110 672//2110 631//2110
f 688//2111 673//2111 672//2111
f 674//2112 687//2112 630//2112
f 674//2113 689//2113 687//2113
f 691//2114 689//2114 678//2114
f 581//2115 677//2115 690//2115
f 692//2116 681//2116 581//2116
f 682//2117 681//2117 692//2117
f 694//2118 691//2118 683//2118
f 685//2119 684//2119 693//2119
f 686//2120 685//2120 693//2120
f 687//2121 649//2121 638//2121
f 688//2122 631//2122 640//2122
f 673//2123 688//2123 641//2123
f 690//2124 673//2124 696//2124
f 694//2125 697//2125 691//2125
f 694//2126 695//2126 697//2126
f 649//2127 648//2127 638//2127
f 700//2128 649//2128 687//2128
f 696//2129 641//2129 699//2129
f 702//2130 690//2130 696//2130
f 702//2131 692//2131 690//2131
f 697//670 700//670 691//670
f 693//2132 692//2132 703//2132
f 698//2133 693//2133 703//2133
f 700//2134 662//2134 649//2134
f 700//2135 711//2135 662//2135
f 701//2136 699//2136 705//2136
f 707//2137 711//2137 700//2137
f 703//2138 702//2138 708//2138
f 663//2139 699//2139 650//2139
f 708//2140 701//2140 712//2140
f 697//2141 716//2141 706//2141
f 709//2142 708//2142 714//2142
f 715//2143 705//2143 663//2143
f 716//2144 717//2144 706//2144
f 714//2145 713//2145 719//2145
f 718//2146 709//2146 714//2146
f 721//2147 719//2147 712//2147
f 721//2148 718//2148 719//2148
f 720//2149 718//2149 721//2149
f 683//2150 685//2150 686//2150
f 683//2151 722//2151 695//2151
f 686//2152 698//2152 722//2152
f 723//2153 722//2153 698//2153
f 723//2154 726//2154 695//2154
f 724//2155 727//2155 726//2155
f 724//2156 698//2156 725//2156
f 728//2157 726//2157 727//2157
f 695//2158 730//2158 697//2158
f 729//2159 731//2159 728//2159
f 732//2160 710//2160 730//2160
f 731//2161 733//2161 732//2161
f 734//2162 710//2162 732//2162
f 733//2163 736//2163 734//2163
f 710//2164 734//2164 1217//2164
f 736//2165 737//2165 734//2165
f 729//2166 727//2166 738//2166
f 739//2167 731//2167 729//2167
f 741//2168 725//2168 704//2168
f 738//2169 725//2169 741//2169
f 739//2170 738//2170 741//2170
f 740//2171 743//2171 733//2171
f 740//2172 739//2172 742//2172
f 735//2173 733//2173 743//2173
f 745//2174 743//2174 744//2174
f 741//2175 718//2175 720//2175
f 745//2176 747//2176 736//2176
f 744//2177 748//2177 747//2177
f 749//2178 747//2178 748//2178
f 742//2179 746//2179 750//2179
f 751//2180 744//2180 742//2180
f 748//2181 744//2181 751//2181
f 749//2182 752//2182 737//2182
f 749//2183 753//2183 752//2183
f 749//2184 748//2184 751//2184
f 755//2185 404//2185 402//2185
f 401//2186 404//2186 755//2186
f 754//2187 758//2187 402//2187
f 406//2188 756//2188 754//2188
f 405//2189 760//2189 756//2189
f 407//2190 401//2190 763//2190
f 759//2191 758//2191 761//2191
f 763//2192 755//2192 759//2192
f 764//2193 765//2193 754//2193
f 796//2194 757//2194 763//2194
f 766//2195 759//2195 762//2195
f 763//2196 759//2196 766//2196
f 771//2197 764//2197 760//2197
f 769//2198 796//2198 763//2198
f 766//2199 762//2199 770//2199
f 774//2200 766//2200 770//2200
f 770//2201 761//2201 772//2201
f 774//2202 770//2202 772//2202
f 765//2203 773//2203 772//2203
f 775//2204 773//2204 765//2204
f 767//2205 766//2205 774//2205
f 776//2206 769//2206 768//2206
f 767//2207 774//2207 779//2207
f 778//2208 772//2208 782//2208
f 779//2209 778//2209 782//2209
f 767//2210 783//2210 780//2210
f 783//2211 767//2211 779//2211
f 786//2212 785//2212 425//2212
f 424//2213 426//2213 786//2213
f 426//2214 816//2214 786//2214
f 816//2215 787//2215 786//2215
f 816//2216 798//2216 787//2216
f 441//2217 407//2217 757//2217
f 791//2218 438//2218 441//2218
f 790//2219 760//2219 405//2219
f 791//2220 441//2220 757//2220
f 425//2221 787//2221 792//2221
f 794//2222 442//2222 791//2222
f 794//2223 443//2223 442//2223
f 444//2224 443//2224 794//2224
f 791//2225 757//2225 796//2225
f 793//2226 791//2226 796//2226
f 798//2227 797//2227 792//2227
f 794//2228 791//2228 799//2228
f 795//2229 794//2229 801//2229
f 797//2230 771//2230 790//2230
f 799//2231 793//2231 796//2231
f 801//2232 800//2232 803//2232
f 795//2233 841//2233 802//2233
f 797//2234 804//2234 771//2234
f 805//2235 799//2235 769//2235
f 806//2236 797//2236 798//2236
f 807//2237 801//2237 803//2237
f 797//2238 810//2238 804//2238
f 784//2239 781//2239 804//2239
f 810//2240 784//2240 804//2240
f 805//2241 777//2241 809//2241
f 808//2242 805//2242 809//2242
f 807//2243 803//2243 808//2243
f 811//2244 810//2244 806//2244
f 788//2245 789//2245 811//2245
f 480//2246 821//2246 819//2246
f 814//2247 815//2247 481//2247
f 477//2248 559//2248 480//2248
f 818//2249 816//2249 478//2249
f 824//2250 479//2250 817//2250
f 824//2251 817//2251 823//2251
f 827//2252 818//2252 819//2252
f 819//2253 831//2253 827//2253
f 821//2254 831//2254 819//2254
f 825//2255 832//2255 821//2255
f 828//2256 822//2256 820//2256
f 827//2257 829//2257 818//2257
f 824//2258 826//2258 830//2258
f 820//2259 824//2259 830//2259
f 833//2260 788//2260 816//2260
f 831//2261 829//2261 827//2261
f 834//2262 820//2262 830//2262
f 832//2263 838//2263 831//2263
f 828//2264 820//2264 834//2264
f 829//2265 835//2265 833//2265
f 831//2266 838//2266 836//2266
f 834//2267 830//2267 837//2267
f 833//2268 789//2268 788//2268
f 838//2269 946//2269 836//2269
f 802//2270 813//2270 444//2270
f 840//2271 817//2271 802//2271
f 823//2272 840//2272 826//2272
f 823//2273 817//2273 840//2273
f 842//2274 840//2274 802//2274
f 840//2275 842//2275 826//2275
f 842//2276 841//2276 843//2276
f 844//2277 830//2277 842//2277
f 822//2278 553//2278 481//2278
f 560//2279 553//2279 822//2279
f 554//2280 560//2280 846//2280
f 562//2281 554//2281 846//2281
f 556//2282 849//2282 563//2282
f 822//2283 846//2283 560//2283
f 848//2284 847//2284 852//2284
f 850//2285 854//2285 849//2285
f 853//2286 564//2286 848//2286
f 851//2287 825//2287 559//2287
f 856//2288 847//2288 822//2288
f 847//2289 858//2289 852//2289
f 859//2290 857//2290 561//2290
f 853//2291 852//2291 858//2291
f 860//2292 859//2292 849//2292
f 828//2293 861//2293 822//2293
f 856//2294 822//2294 861//2294
f 857//2295 863//2295 855//2295
f 864//2296 858//2296 856//2296
f 865//2297 853//2297 858//2297
f 828//2298 866//2298 861//2298
f 855//2299 867//2299 832//2299
f 862//2300 861//2300 866//2300
f 860//2301 868//2301 863//2301
f 869//2302 865//2302 864//2302
f 855//2303 870//2303 867//2303
f 871//2304 862//2304 866//2304
f 863//2305 874//2305 870//2305
f 864//2306 862//2306 871//2306
f 872//2307 874//2307 863//2307
f 873//2308 871//2308 866//2308
f 869//2309 871//2309 875//2309
f 879//2310 946//2310 838//2310
f 873//2311 834//2311 878//2311
f 872//2312 881//2312 879//2312
f 882//2313 869//2313 875//2313
f 877//2314 869//2314 882//2314
f 779//2315 782//2315 883//2315
f 783//2316 885//2316 780//2316
f 783//2317 779//2317 884//2317
f 885//2318 886//2318 780//2318
f 776//2319 780//2319 886//2319
f 773//2320 889//2320 883//2320
f 890//2321 884//2321 883//2321
f 887//2322 888//2322 775//2322
f 892//2323 889//2323 888//2323
f 893//2324 890//2324 889//2324
f 892//2325 895//2325 893//2325
f 885//2326 890//2326 893//2326
f 887//2327 896//2327 894//2327
f 891//2328 885//2328 895//2328
f 898//2329 896//2329 887//2329
f 900//2330 901//2330 895//2330
f 901//2331 899//2331 897//2331
f 903//2332 901//2332 900//2332
f 904//2333 902//2333 896//2333
f 810//2334 907//2334 784//2334
f 807//2335 808//2335 908//2335
f 910//2336 809//2336 886//2336
f 908//2337 808//2337 809//2337
f 810//2338 911//2338 907//2338
f 811//2339 911//2339 810//2339
f 812//2340 909//2340 912//2340
f 899//2341 910//2341 891//2341
f 907//2342 913//2342 898//2342
f 915//2343 909//2343 908//2343
f 811//2344 916//2344 911//2344
f 909//2345 917//2345 912//2345
f 917//2346 918//2346 912//2346
f 789//2347 906//2347 916//2347
f 913//2348 919//2348 898//2348
f 898//2349 923//2349 896//2349
f 920//2350 901//2350 905//2350
f 919//2351 923//2351 898//2351
f 924//2352 921//2352 920//2352
f 925//2353 915//2353 921//2353
f 914//2354 911//2354 931//2354
f 922//2355 931//2355 916//2355
f 927//2356 903//2356 902//2356
f 928//2357 904//2357 923//2357
f 929//2358 924//2358 905//2358
f 919//2359 928//2359 923//2359
f 925//2360 921//2360 930//2360
f 914//2361 931//2361 919//2361
f 938//2362 917//2362 915//2362
f 938//2363 918//2363 917//2363
f 927//2364 904//2364 932//2364
f 929//2365 927//2365 933//2365
f 928//2366 934//2366 932//2366
f 935//2367 933//2367 932//2367
f 924//2368 929//2368 933//2368
f 941//2369 934//2369 928//2369
f 924//2370 936//2370 930//2370
f 936//2371 937//2371 930//2371
f 935//2372 934//2372 940//2372
f 941//2373 942//2373 940//2373
f 936//2374 935//2374 940//2374
f 944//2375 941//2375 919//2375
f 931//2376 939//2376 944//2376
f 833//2377 906//2377 789//2377
f 835//2378 906//2378 833//2378
f 839//2379 837//2379 945//2379
f 948//2380 835//2380 836//2380
f 835//2381 948//2381 947//2381
f 946//2382 948//2382 836//2382
f 878//2383 839//2383 945//2383
f 947//2384 950//2384 906//2384
f 948//2385 951//2385 947//2385
f 952//2386 951//2386 948//2386
f 946//2387 952//2387 948//2387
f 949//2388 952//2388 946//2388
f 878//2389 945//2389 953//2389
f 947//2390 972//2390 950//2390
f 955//2391 972//2391 947//2391
f 952//2392 956//2392 955//2392
f 955//2393 1039//2393 972//2393
f 957//2394 1039//2394 955//2394
f 959//2395 843//2395 812//2395
f 845//2396 843//2396 959//2396
f 960//2397 837//2397 844//2397
f 961//2398 959//2398 812//2398
f 844//2399 845//2399 959//2399
f 962//2400 959//2400 963//2400
f 965//2401 960//2401 962//2401
f 965//2402 964//2402 968//2402
f 966//2403 945//2403 965//2403
f 945//2404 967//2404 953//2404
f 967//2405 954//2405 953//2405
f 961//2406 918//2406 926//2406
f 968//2407 963//2407 961//2407
f 965//2408 968//2408 969//2408
f 970//2409 967//2409 966//2409
f 967//2410 971//2410 954//2410
f 926//2411 918//2411 938//2411
f 950//2412 972//2412 922//2412
f 973//2413 968//2413 926//2413
f 968//2414 973//2414 969//2414
f 975//2415 939//2415 922//2415
f 973//2416 926//2416 976//2416
f 970//2417 974//2417 977//2417
f 978//2418 971//2418 970//2418
f 976//2419 974//2419 973//2419
f 977//2420 974//2420 980//2420
f 879//2421 982//2421 981//2421
f 982//2422 983//2422 981//2422
f 873//2423 880//2423 984//2423
f 875//2424 873//2424 984//2424
f 876//2425 985//2425 881//2425
f 986//2426 877//2426 882//2426
f 981//2427 949//2427 946//2427
f 987//2428 880//2428 878//2428
f 984//2429 880//2429 987//2429
f 989//2430 983//2430 982//2430
f 875//2431 984//2431 988//2431
f 882//2432 875//2432 988//2432
f 985//2433 989//2433 881//2433
f 988//2434 986//2434 882//2434
f 990//2435 987//2435 878//2435
f 992//2436 949//2436 983//2436
f 991//2437 988//2437 987//2437
f 994//2438 992//2438 989//2438
f 990//2439 953//2439 954//2439
f 997//2440 996//2440 949//2440
f 994//2441 999//2441 992//2441
f 996//2442 956//2442 949//2442
f 1001//2443 991//2443 990//2443
f 992//2444 1002//2444 997//2444
f 996//2445 1004//2445 956//2445
f 997//2446 1003//2446 996//2446
f 1003//2447 1004//2447 996//2447
f 956//2448 1004//2448 957//2448
f 1006//2449 1005//2449 997//2449
f 1004//2450 1007//2450 957//2450
f 1006//2451 1087//2451 1005//2451
f 1009//2452 998//2452 991//2452
f 990//2453 1010//2453 1001//2453
f 1008//2454 991//2454 1001//2454
f 1000//2455 998//2455 1011//2455
f 1008//2456 1010//2456 1012//2456
f 1013//2457 1009//2457 1008//2457
f 1011//2458 1009//2458 1013//2458
f 1016//2459 1012//2459 978//2459
f 1019//2460 1015//2460 1013//2460
f 943//2461 942//2461 1020//2461
f 942//2462 941//2462 1021//2462
f 942//2463 1022//2463 1020//2463
f 1022//2464 1023//2464 1020//2464
f 937//2465 943//2465 1020//2465
f 938//2466 937//2466 1024//2466
f 1027//2467 1022//2467 1021//2467
f 1023//2468 1022//2468 1027//2468
f 1021//2469 1029//2469 1027//2469
f 1028//2470 1030//2470 1024//2470
f 937//2471 1023//2471 1028//2471
f 1025//2472 1029//2472 944//2472
f 1026//2473 1024//2473 1031//2473
f 1032//2474 1030//2474 1029//2474
f 1031//2475 1030//2475 1032//2475
f 1034//2476 1032//2476 1029//2476
f 1026//2477 1031//2477 1033//2477
f 1033//2478 1034//2478 1035//2478
f 957//2479 1036//2479 1039//2479
f 958//2480 1036//2480 957//2480
f 1037//2481 1038//2481 976//2481
f 972//2482 1039//2482 979//2482
f 1038//2483 980//2483 976//2483
f 1040//2484 977//2484 980//2484
f 979//2485 1043//2485 1025//2485
f 976//2486 1026//2486 1041//2486
f 1037//2487 976//2487 1041//2487
f 1025//2488 1043//2488 1034//2488
f 1037//2489 1041//2489 1044//2489
f 1037//2490 1046//2490 1042//2490
f 1047//2491 1045//2491 979//2491
f 980//2492 1042//2492 1048//2492
f 1043//2493 1051//2493 1035//2493
f 1041//2494 1033//2494 1035//2494
f 1043//2495 1053//2495 1051//2495
f 1055//2496 1056//2496 1046//2496
f 1089//2497 1058//2497 1047//2497
f 1059//2498 1050//2498 1049//2498
f 1052//2499 1051//2499 1060//2499
f 1053//2500 1062//2500 1060//2500
f 1044//2501 1052//2501 1061//2501
f 1054//2502 1045//2502 1065//2502
f 1046//2503 1064//2503 1055//2503
f 1064//2504 1046//2504 1044//2504
f 1066//2505 1056//2505 1055//2505
f 1067//2506 1065//2506 1047//2506
f 1057//2507 1056//2507 1066//2507
f 1058//2508 1067//2508 1047//2508
f 1049//2509 1048//2509 1068//2509
f 1062//2510 1069//2510 1060//2510
f 1070//2511 1061//2511 1060//2511
f 1064//2512 1063//2512 1061//2512
f 1072//2513 1066//2513 1064//2513
f 1057//2514 1073//2514 1068//2514
f 1057//2515 1066//2515 1072//2515
f 1070//2516 1069//2516 1074//2516
f 1069//2517 1076//2517 1074//2517
f 1071//2518 1070//2518 1075//2518
f 1077//2519 1075//2519 1076//2519
f 1072//2520 1071//2520 1075//2520
f 1058//2521 1080//2521 1067//2521
f 1059//2522 1079//2522 1081//2522
f 1059//2523 1073//2523 1079//2523
f 1077//2524 1076//2524 1082//2524
f 1067//2525 1083//2525 1082//2525
f 1072//2526 1077//2526 1082//2526
f 1085//2527 1079//2527 1072//2527
f 1079//2528 1085//2528 1086//2528
f 1007//2529 958//2529 957//2529
f 1005//2530 1090//2530 1007//2530
f 958//2531 1089//2531 1036//2531
f 1090//2532 1089//2532 958//2532
f 1088//2533 1091//2533 1087//2533
f 1091//2534 1093//2534 1087//2534
f 1090//2535 1094//2535 1092//2535
f 1093//2536 1094//2536 1090//2536
f 978//2537 977//2537 1040//2537
f 1016//2538 978//2538 1040//2538
f 1018//2539 1017//2539 1095//2539
f 1019//2540 1018//2540 1096//2540
f 1099//2541 1098//2541 1097//2541
f 1040//2542 1099//2542 1016//2542
f 1099//2543 1100//2543 1016//2543
f 1101//2544 1096//2544 1095//2544
f 1098//2545 1050//2545 1097//2545
f 1050//2546 1098//2546 980//2546
f 1104//2547 1103//2547 1102//2547
f 1101//2548 1105//2548 1096//2548
f 1108//2549 1103//2549 1050//2549
f 1110//2550 1100//2550 1104//2550
f 1107//2551 1058//2551 1089//2551
f 1112//2552 1050//2552 1059//2552
f 1112//2553 1108//2553 1050//2553
f 1112//2554 1109//2554 1108//2554
f 1110//2555 1109//2555 1112//2555
f 1105//2556 1101//2556 1113//2556
f 1106//2557 1105//2557 1113//2557
f 1117//2558 1115//2558 1107//2558
f 1118//2559 1110//2559 1112//2559
f 1093//2560 1119//2560 1117//2560
f 1111//2561 1120//2561 1119//2561
f 1121//2562 1114//2562 1113//2562
f 1115//2563 1080//2563 1058//2563
f 1112//2564 1059//2564 1081//2564
f 1122//2565 1116//2565 1081//2565
f 1124//2566 1110//2566 1118//2566
f 1125//2567 1113//2567 1110//2567
f 1127//2568 1086//2568 1080//2568
f 1122//2569 1081//2569 1127//2569
f 1115//2570 1129//2570 1080//2570
f 1130//2571 1127//2571 1080//2571
f 1118//2572 1116//2572 1131//2572
f 1132//2573 1123//2573 1131//2573
f 1119//2574 1126//2574 1133//2574
f 1134//2575 1125//2575 1124//2575
f 1121//2576 1125//2576 1134//2576
f 1084//2577 1083//2577 1136//2577
f 1078//2578 1137//2578 1136//2578
f 1137//2579 1085//2579 1136//2579
f 1085//2580 1084//2580 1136//2580
f 1128//2581 1127//2581 1138//2581
f 1122//2582 1128//2582 1139//2582
f 1129//2583 1140//2583 1130//2583
f 1140//2584 1141//2584 1139//2584
f 1131//2585 1122//2585 1139//2585
f 1141//2586 1132//2586 1131//2586
f 1133//2587 1140//2587 1142//2587
f 1143//2588 1144//2588 1141//2588
f 1134//2589 1132//2589 1141//2589
f 1126//2590 1145//2590 1143//2590
f 1422//2591 1147//2591 1145//2591
f 1148//1091 1146//1091 1145//1091
f 1135//2592 1134//2592 1146//2592
f 1144//2593 1143//2593 1149//2593
f 1149//2594 1146//2594 1144//2594
f 1150//2595 1148//2595 1147//2595
f 850//2596 849//2596 558//2596
f 1151//2597 625//2597 564//2597
f 626//2598 1152//2598 622//2598
f 1153//2599 614//2599 625//2599
f 628//2600 614//2600 1153//2600
f 1154//2601 629//2601 628//2601
f 1151//2602 564//2602 853//2602
f 1156//2603 854//2603 850//2603
f 1160//2604 625//2604 1151//2604
f 1153//2605 625//2605 1160//2605
f 1155//2606 1158//2606 1152//2606
f 854//2607 1156//2607 860//2607
f 1160//2608 1151//2608 853//2608
f 1152//2609 1164//2609 1156//2609
f 1153//2610 1160//2610 1161//2610
f 1161//2611 1157//2611 1153//2611
f 1189//2612 1162//2612 1158//2612
f 1160//2613 853//2613 865//2613
f 1161//2614 1160//2614 1165//2614
f 1152//2615 1167//2615 1164//2615
f 1161//2616 1165//2616 1166//2616
f 1162//2617 1167//2617 1152//2617
f 1157//2618 1161//2618 1166//2618
f 1169//2619 1159//2619 1157//2619
f 1189//2620 1170//2620 1162//2620
f 1169//2621 1163//2621 1159//2621
f 1174//2622 868//2622 1164//2622
f 1165//2623 865//2623 869//2623
f 1165//2624 869//2624 1171//2624
f 1164//2625 1172//2625 1174//2625
f 1170//2626 1178//2626 1162//2626
f 1175//2627 1165//2627 1171//2627
f 1166//2628 1165//2628 1175//2628
f 1177//2629 1172//2629 1167//2629
f 1162//2630 1178//2630 1177//2630
f 1170//2631 1179//2631 1178//2631
f 1169//2632 1168//2632 1173//2632
f 1181//2633 1171//2633 869//2633
f 1175//2634 1171//2634 1181//2634
f 1182//2635 1173//2635 1176//2635
f 1182//2636 1180//2636 1173//2636
f 1174//2637 1184//2637 1183//2637
f 1175//2638 1181//2638 1185//2638
f 1182//2639 1176//2639 1185//2639
f 1188//2640 1180//2640 1182//2640
f 664//2641 1189//2641 1155//2641
f 668//2642 1189//2642 664//2642
f 666//2643 669//2643 1190//2643
f 660//2644 1193//2644 658//2644
f 1191//2645 667//2645 666//2645
f 670//2646 1193//2646 660//2646
f 671//2647 667//2647 1191//2647
f 1189//2648 1158//2648 1155//2648
f 1191//2649 666//2649 1194//2649
f 666//2650 1190//2650 1199//2650
f 1193//2651 1201//2651 658//2651
f 1193//2652 1197//2652 1201//2652
f 1194//2653 666//2653 1199//2653
f 1201//2654 1170//2654 1189//2654
f 1199//2655 1192//2655 1163//2655
f 1208//2656 1195//2656 1194//2656
f 1196//2657 1198//2657 1197//2657
f 1197//2658 1204//2658 1201//2658
f 1203//2659 1194//2659 1199//2659
f 1198//2660 1204//2660 1197//2660
f 1180//2661 1199//2661 1169//2661
f 1200//2662 1199//2662 1180//2662
f 1201//2663 1205//2663 1170//2663
f 1205//2664 1206//2664 1308//2664
f 1209//2665 1218//2665 1208//2665
f 1213//2666 1203//2666 1202//2666
f 1208//2667 1203//2667 1213//2667
f 1209//2668 1208//2668 1210//2668
f 1212//2669 1200//2669 1180//2669
f 1210//2670 1213//2670 1214//2670
f 1210//2671 1214//2671 1314//2671
f 1215//2672 1196//2672 670//2672
f 715//2673 671//2673 1191//2673
f 706//2674 1220//2674 1215//2674
f 1218//2675 1216//2675 1191//2675
f 1220//2676 1219//2676 1215//2676
f 1222//2677 1220//2677 717//2677
f 1221//2678 1196//2678 1215//2678
f 1221//2679 1198//2679 1196//2679
f 1220//2680 1222//2680 1221//2680
f 1222//2681 1224//2681 1221//2681
f 1223//2682 1224//2682 1222//2682
f 1198//2683 1225//2683 1204//2683
f 1224//2684 1225//2684 1221//2684
f 1204//2685 1225//2685 1207//2685
f 1216//2686 712//2686 715//2686
f 721//2687 712//2687 1216//2687
f 720//2688 721//2688 1226//2688
f 1228//2689 1216//2689 1229//2689
f 1230//2690 1226//2690 1228//2690
f 1235//2691 1227//2691 1226//2691
f 1216//2692 1218//2692 1209//2692
f 1229//2693 1216//2693 1231//2693
f 1230//2694 1228//2694 1229//2694
f 1230//2695 1229//2695 1233//2695
f 1234//2696 1226//2696 1230//2696
f 1235//2697 1226//2697 1234//2697
f 1233//2698 1229//2698 1231//2698
f 1233//2699 1231//2699 1232//2699
f 1234//2700 1230//2700 1233//2700
f 1237//2701 1233//2701 1232//2701
f 1234//2702 1233//2702 1238//2702
f 1239//2703 1235//2703 1234//2703
f 1232//2704 1211//2704 1243//2704
f 1237//2705 1232//2705 1243//2705
f 734//2706 1246//2706 1217//2706
f 737//2707 1246//2707 734//2707
f 1217//2708 1246//2708 1222//2708
f 746//2709 720//2709 1227//2709
f 1247//2710 750//2710 746//2710
f 737//2711 1249//2711 1246//2711
f 751//2712 750//2712 1248//2712
f 752//2713 1251//2713 1249//2713
f 753//2714 1252//2714 1251//2714
f 1252//2715 753//2715 1250//2715
f 1247//2716 1227//2716 1253//2716
f 1248//2717 1247//2717 1253//2717
f 1256//2718 1250//2718 1248//2718
f 1252//2719 1257//2719 1251//2719
f 1252//2720 1250//2720 1256//2720
f 1260//2721 1255//2721 1253//2721
f 1251//2722 1265//2722 1254//2722
f 1258//2723 1262//2723 1261//2723
f 1253//2724 1235//2724 1236//2724
f 1260//2725 1253//2725 1236//2725
f 1264//2726 1263//2726 1259//2726
f 1265//2727 1264//2727 1259//2727
f 1262//2728 1255//2728 1268//2728
f 1257//2729 1266//2729 1265//2729
f 1266//2730 1257//2730 1261//2730
f 1272//2731 1266//2731 1261//2731
f 1267//2732 1242//2732 1223//2732
f 1264//2733 1273//2733 1263//2733
f 1269//2734 1270//2734 1273//2734
f 1266//2735 1270//2735 1269//2735
f 1271//2736 1262//2736 1268//2736
f 1272//2737 1270//2737 1266//2737
f 1273//2738 1267//2738 1263//2738
f 1268//2739 1236//2739 1245//2739
f 1271//2740 1276//2740 1275//2740
f 1276//2741 1271//2741 1268//2741
f 1277//2742 1268//2742 1245//2742
f 1274//2743 1268//2743 1277//2743
f 1275//2744 1278//2744 1273//2744
f 1276//2745 1274//2745 1278//2745
f 1281//2746 1181//2746 986//2746
f 1186//2747 1184//2747 1177//2747
f 1281//2748 988//2748 995//2748
f 1282//2749 1285//2749 994//2749
f 1186//2750 1286//2750 1282//2750
f 1284//2751 1286//2751 1186//2751
f 1282//2752 1287//2752 1285//2752
f 994//2753 1285//2753 999//2753
f 1287//2754 1288//2754 1285//2754
f 999//2755 1290//2755 1002//2755
f 1288//2756 1290//2756 1285//2756
f 1289//2757 1291//2757 1287//2757
f 1288//2758 1293//2758 1290//2758
f 1287//2759 1292//2759 1293//2759
f 1290//2760 1088//2760 1006//2760
f 1290//2761 1293//2761 1088//2761
f 1187//2762 1279//2762 1280//2762
f 1188//2763 1279//2763 1295//2763
f 1294//2764 1279//2764 1283//2764
f 1295//2765 1294//2765 1299//2765
f 1014//2766 1296//2766 1000//2766
f 1294//2767 1296//2767 1298//2767
f 1297//2768 1299//2768 1300//2768
f 1298//2769 1014//2769 1015//2769
f 1300//2770 1299//2770 1301//2770
f 1321//2771 1300//2771 1302//2771
f 1301//2772 1298//2772 1304//2772
f 1302//2773 1301//2773 1305//2773
f 1179//2774 1308//2774 1186//2774
f 1207//2775 1309//2775 1310//2775
f 1308//2776 1284//2776 1186//2776
f 1207//2777 1310//2777 1311//2777
f 1311//2778 1284//2778 1308//2778
f 1284//2779 1312//2779 1289//2779
f 1313//2780 1291//2780 1289//2780
f 1314//2781 1211//2781 1210//2781
f 1212//2782 1188//2782 1297//2782
f 1315//2783 1214//2783 1213//2783
f 1314//2784 1214//2784 1315//2784
f 1317//2785 1212//2785 1297//2785
f 1318//2786 1314//2786 1315//2786
f 1316//2787 1314//2787 1319//2787
f 1318//2788 1315//2788 1322//2788
f 1322//2789 1319//2789 1318//2789
f 1329//2790 1312//2790 1311//2790
f 1324//2791 1322//2791 1317//2791
f 1310//2792 1325//2792 1329//2792
f 1323//2793 1327//2793 1325//2793
f 1326//2794 1320//2794 1322//2794
f 1317//2795 1321//2795 1328//2795
f 1326//2796 1322//2796 1330//2796
f 1334//2797 1313//2797 1312//2797
f 1325//2798 1334//2798 1329//2798
f 1325//2799 1332//2799 1334//2799
f 1326//2800 1330//2800 1333//2800
f 1303//2801 1302//2801 1307//2801
f 1331//2802 1303//2802 1307//2802
f 1330//2803 1328//2803 1441//2803
f 1333//2804 1330//2804 1441//2804
f 1243//2805 1211//2805 1314//2805
f 1240//2806 1337//2806 1309//2806
f 1339//2807 1238//2807 1237//2807
f 1244//2808 1337//2808 1241//2808
f 1239//2809 1238//2809 1339//2809
f 1245//2810 1239//2810 1339//2810
f 1243//2811 1314//2811 1316//2811
f 1245//2812 1339//2812 1343//2812
f 1309//2813 1344//2813 1323//2813
f 1316//2814 1319//2814 1320//2814
f 1309//2815 1337//2815 1344//2815
f 1345//2816 1338//2816 1340//2816
f 1339//2817 1338//2817 1345//2817
f 1342//2818 1350//2818 1337//2818
f 1347//2819 1343//2819 1341//2819
f 1348//2820 1340//2820 1320//2820
f 1349//2821 1344//2821 1337//2821
f 1345//2822 1340//2822 1348//2822
f 1337//2823 1350//2823 1349//2823
f 1351//2824 1347//2824 1346//2824
f 1348//2825 1320//2825 1352//2825
f 1354//2826 1356//2826 1349//2826
f 1351//2827 1346//2827 1355//2827
f 1352//2828 1326//2828 1333//2828
f 1357//2829 1348//2829 1352//2829
f 1359//2830 1357//2830 1358//2830
f 1359//2831 1345//2831 1348//2831
f 1353//2832 1345//2832 1359//2832
f 1361//2833 1351//2833 1355//2833
f 1356//2834 1368//2834 1327//2834
f 1363//2835 1359//2835 1358//2835
f 1353//2836 1359//2836 1363//2836
f 1355//2837 1353//2837 1370//2837
f 1354//2838 1365//2838 1371//2838
f 1367//2839 1365//2839 1354//2839
f 1367//2840 1361//2840 1364//2840
f 1336//2841 1357//2841 1333//2841
f 1473//2842 1358//2842 1357//2842
f 1363//2843 1358//2843 1473//2843
f 1371//2844 1478//2844 1356//2844
f 1374//2845 1372//2845 1371//2845
f 1374//2846 1373//2846 1372//2846
f 1374//2847 1366//2847 1364//2847
f 1273//2848 1376//2848 1342//2848
f 1274//2849 1378//2849 1376//2849
f 1378//2850 1274//2850 1277//2850
f 1377//2851 1378//2851 1277//2851
f 1343//2852 1375//2852 1245//2852
f 1379//2853 1277//2853 1375//2853
f 1377//2854 1277//2854 1379//2854
f 1378//2855 1380//2855 1376//2855
f 1377//2856 1381//2856 1380//2856
f 1342//2857 1382//2857 1350//2857
f 1342//2858 1383//2858 1382//2858
f 1386//2859 1379//2859 1375//2859
f 1376//2860 1384//2860 1383//2860
f 1380//2861 1384//2861 1376//2861
f 1380//2862 1381//2862 1385//2862
f 1383//2863 1387//2863 1382//2863
f 1389//2864 1387//2864 1383//2864
f 1389//2865 1385//2865 1386//2865
f 1391//2866 1386//2866 1351//2866
f 1392//2867 1390//2867 1382//2867
f 1392//2868 1388//2868 1386//2868
f 1393//2869 1360//2869 1350//2869
f 1393//2870 1391//2870 1351//2870
f 1305//2871 1304//2871 1394//2871
f 1395//2872 1306//2872 1019//2872
f 1292//2873 1401//2873 1396//2873
f 1307//2874 1305//2874 1394//2874
f 1395//2875 1019//2875 1106//2875
f 1394//2876 1395//2876 1399//2876
f 1397//2877 1403//2877 1402//2877
f 1399//2878 1106//2878 1114//2878
f 1398//2879 1407//2879 1111//2879
f 1398//2880 1404//2880 1407//2880
f 1405//2881 1400//2881 1399//2881
f 1401//2882 1410//2882 1396//2882
f 1403//2883 1397//2883 1400//2883
f 1406//2884 1399//2884 1114//2884
f 1396//2885 1408//2885 1404//2885
f 1400//2886 1405//2886 1409//2886
f 1410//2887 1408//2887 1396//2887
f 1403//2888 1400//2888 1409//2888
f 1406//2889 1114//2889 1121//2889
f 1407//2890 1412//2890 1120//2890
f 1406//2891 1423//2891 1413//2891
f 1407//2892 1414//2892 1412//2892
f 1416//2893 1414//2893 1407//2893
f 1416//2894 1417//2894 1415//2894
f 1409//2895 1405//2895 1417//2895
f 1419//2896 1408//2896 1410//2896
f 1411//2897 1409//2897 1418//2897
f 1120//2898 1422//2898 1126//2898
f 1423//2899 1406//2899 1121//2899
f 1120//2900 1412//2900 1422//2900
f 1425//2901 1424//2901 1414//2901
f 1425//2902 1415//2902 1423//2902
f 1416//2903 1404//2903 1426//2903
f 1428//2904 1427//2904 1424//2904
f 1428//2905 1417//2905 1416//2905
f 1429//2906 1427//2906 1426//2906
f 1408//2907 1429//2907 1426//2907
f 1418//2908 1417//2908 1428//2908
f 1430//2909 1429//2909 1408//2909
f 1430//2910 1432//2910 1431//2910
f 1432//2911 1420//2911 1418//2911
f 1433//2912 1430//2912 1419//2912
f 1421//2913 1432//2913 1433//2913
f 1432//2914 1421//2914 1420//2914
f 1423//2915 1121//2915 1135//2915
f 1434//2916 1422//2916 1412//2916
f 1435//2917 1425//2917 1423//2917
f 1428//2918 1425//2918 1435//2918
f 1429//2919 1436//2919 1434//2919
f 1418//2920 1428//2920 1435//2920
f 1438//2921 1436//2921 1429//2921
f 1438//1383 1439//1383 1437//1383
f 1431//2922 1439//2922 1438//2922
f 1439//2923 1431//2923 1418//2923
f 1441//2924 1331//2924 1307//2924
f 1442//2925 1333//2925 1441//2925
f 1327//2926 1443//2926 1332//2926
f 1440//2927 1307//2927 1402//2927
f 1334//2928 1444//2928 1401//2928
f 1441//2929 1307//2929 1440//2929
f 1446//2930 1336//2930 1442//2930
f 1335//2931 1450//2931 1448//2931
f 1449//2932 1442//2932 1445//2932
f 1451//2933 1450//2933 1332//2933
f 1446//2934 1442//2934 1449//2934
f 1444//2935 1410//2935 1401//2935
f 1445//2936 1447//2936 1453//2936
f 1446//2937 1449//2937 1456//2937
f 1447//2938 1403//2938 1411//2938
f 1453//2939 1447//2939 1411//2939
f 1459//2940 1449//2940 1454//2940
f 1460//2941 1458//2941 1448//2941
f 1455//2942 1449//2942 1459//2942
f 1452//2943 1446//2943 1461//2943
f 1462//2944 1464//2944 1461//2944
f 1465//2945 1419//2945 1458//2945
f 1465//2946 1466//2946 1421//2946
f 1466//2947 1453//2947 1411//2947
f 1466//2948 1454//2948 1453//2948
f 1467//2949 1466//2949 1465//2949
f 1467//2950 1468//2950 1459//2950
f 1468//2951 1455//2951 1459//2951
f 1468//2952 1456//2952 1455//2952
f 1469//2953 1467//2953 1460//2953
f 1469//2954 1470//2954 1468//2954
f 1470//2955 1461//2955 1456//2955
f 1471//2956 1462//2956 1461//2956
f 1469//2957 1472//2957 1470//2957
f 1472//2958 1469//2958 1463//2958
f 1462//2959 1471//2959 1472//2959
f 1368//2960 1443//2960 1327//2960
f 1371//2961 1475//2961 1478//2961
f 1477//2962 1475//2962 1371//2962
f 1477//2963 1476//2963 1475//2963
f 1477//2964 1373//2964 1370//2964
f 1362//2965 1478//2965 1481//2965
f 1480//2966 1479//2966 1478//2966
f 1480//2967 1476//2967 1474//2967
f 1478//2968 1484//2968 1481//2968
f 1485//2969 1369//2969 1473//2969
f 1483//2970 1485//2970 1482//2970
f 1486//2971 1484//2971 1478//2971
f 1486//2972 1485//2972 1484//2972
f 1486//2973 1479//2973 1369//2973
f 1488//2974 1489//2974 1487//2974
f 1482//2975 1452//2975 1487//2975
f 1483//2976 1482//2976 1489//2976
f 1488//2977 1491//2977 1489//2977
f 1485//2978 1491//2978 1488//2978
f 1483//2979 1494//2979 1491//2979
f 1492//2980 1463//2980 1457//2980
f 1492//2981 1464//2981 1463//2981
f 1492//2982 1487//2982 1452//2982
f 1490//2983 1489//2983 1493//2983
f 1491//2984 1494//2984 1493//2984
f 1494//2985 1490//2985 1493//2985
f 1495//2986 1147//2986 1422//2986
f 1422//2987 1497//2987 1495//2987
f 1497//2988 1499//2988 1498//2988
f 1499//2989 1435//2989 1135//2989
f 1500//2990 1497//2990 1434//2990
f 1500//2991 1437//2991 1435//2991
f 1496//2992 1148//2992 1150//2992
f 1496//2993 1150//2993 1495//2993
f 1498//2994 1496//2994 1495//2994
