# Blender 5.2.0 LTS
# www.blender.org
o Coral_Blue_B_tmp
v -0.122843 -0.043463 0.015632
v -0.121198 -0.041540 0.021421
v -0.116605 -0.031454 0.017497
v -0.111904 -0.033192 0.010962
v -0.098711 -0.066650 0.025757
v -0.108573 -0.056538 0.015119
v -0.089629 -0.072528 0.017143
v -0.089602 -0.077763 0.023008
v -0.096810 -0.036785 0.012978
v -0.066307 -0.076068 0.015362
v -0.070920 -0.058879 0.013418
v -0.067234 -0.024215 0.013727
v -0.063511 -0.099602 0.012115
v -0.061468 -0.100915 0.019394
v -0.050467 -0.115510 0.017423
v -0.045278 -0.117615 0.014164
v -0.043435 -0.118626 0.024189
v -0.036722 -0.095669 0.023639
v -0.041075 -0.097405 0.007629
v -0.054676 -0.084779 0.014901
v -0.061355 -0.078958 0.026517
v -0.054411 -0.088064 0.019309
v -0.032333 -0.076563 0.008109
v -0.042759 -0.047629 0.009742
v -0.045982 -0.039630 0.014984
v -0.038349 -0.023745 0.022992
v -0.030049 -0.132738 0.016387
v -0.031016 -0.131570 0.022534
v -0.025644 -0.121450 0.008252
v -0.022907 -0.087308 0.011370
v -0.025441 -0.059432 0.009672
v -0.015718 -0.059506 0.021220
v -0.014915 -0.040197 0.021725
v -0.000805 -0.134065 0.022189
v -0.012230 -0.130634 0.013701
v 0.004872 -0.133213 0.013123
v 0.007323 -0.101863 0.011339
v -0.015119 -0.079445 0.019923
v -0.004396 -0.051401 0.025630
v 0.024201 -0.151525 0.013673
v 0.031215 -0.151521 0.020265
v 0.013333 -0.134632 0.009637
v 0.033882 -0.118600 0.009027
v 0.025980 -0.088691 0.013474
v 0.024606 -0.054929 0.025762
v 0.031819 -0.023738 0.022294
v -0.098415 -0.043197 0.032595
v -0.106829 -0.041216 0.026577
v -0.097245 -0.029012 0.028558
v -0.091304 -0.039660 0.033275
v -0.085262 -0.101706 0.302492
v -0.080312 -0.077057 0.031458
v -0.082212 -0.080641 0.279829
v -0.087994 -0.087485 0.303666
v -0.079297 -0.083485 0.305320
v -0.078890 -0.076898 0.293272
v -0.080292 -0.089653 0.327203
v -0.076875 -0.080937 0.313304
v -0.068435 -0.065285 0.041488
v -0.082587 -0.021204 0.039529
v -0.077194 -0.034348 0.046568
v -0.065066 -0.023034 0.279759
v -0.052250 -0.125159 0.132841
v -0.059319 -0.111382 0.138003
v -0.060479 -0.117951 0.142884
v -0.050079 -0.123681 0.151210
v -0.056958 -0.105158 0.157429
v -0.053080 -0.114948 0.162992
v -0.079626 -0.099013 0.310110
v -0.074875 -0.096728 0.291255
v -0.049516 -0.078331 0.039413
v -0.027517 -0.091646 0.030790
v -0.073238 -0.070801 0.253540
v -0.061319 -0.080478 0.255271
v -0.053102 -0.085161 0.249500
v -0.073897 -0.087135 0.270677
v -0.064419 -0.087582 0.276623
v -0.055889 -0.074532 0.264285
v -0.068395 -0.072859 0.294481
v -0.072942 -0.068967 0.291129
v -0.069760 -0.074041 0.301126
v -0.069833 -0.089315 0.297061
v -0.059249 -0.088296 0.317749
v -0.072444 -0.098307 0.318605
v -0.076091 -0.091861 0.333395
v -0.069382 -0.082020 0.332617
v -0.064602 -0.094317 0.333985
v -0.058705 -0.079498 0.317956
v -0.053250 -0.086760 0.330054
v -0.045664 -0.085655 0.332658
v -0.047444 -0.067235 0.316178
v -0.057450 -0.079631 0.343435
v -0.059314 -0.078638 0.330252
v -0.047617 -0.081209 0.345647
v -0.059780 -0.065948 0.039617
v -0.054152 -0.038074 0.050524
v -0.043365 -0.057749 0.048361
v -0.051859 -0.046697 0.216713
v -0.065970 -0.056984 0.235372
v -0.068655 -0.056152 0.222206
v -0.060293 -0.045699 0.221364
v -0.067229 -0.061128 0.218489
v -0.053836 -0.036162 0.233050
v -0.054472 -0.064415 0.233085
v -0.054426 -0.061780 0.220811
v -0.069113 -0.049570 0.276381
v -0.065658 -0.049769 0.291431
v -0.059527 -0.064185 0.283924
v -0.055418 -0.066439 0.270239
v -0.052177 -0.059618 0.294760
v -0.073113 -0.072340 0.317498
v -0.067883 -0.053651 0.308049
v -0.059643 -0.070665 0.301859
v -0.059981 -0.063081 0.312637
v -0.066270 -0.068949 0.318655
v -0.059509 -0.054961 0.315439
v -0.057618 -0.063167 0.328831
v -0.055355 -0.063848 0.314762
v -0.051256 -0.073382 0.343977
v -0.047414 -0.045279 0.319210
v -0.041254 -0.051810 0.321611
v -0.039550 -0.067576 0.338680
v -0.044830 -0.040002 0.060268
v -0.052015 -0.031552 0.218555
v -0.047730 -0.030717 0.207256
v -0.032703 -0.023774 0.237645
v -0.054323 -0.035208 0.252932
v -0.056310 -0.034004 0.281890
v -0.059351 -0.038216 0.273716
v -0.049985 -0.031122 0.285672
v -0.037594 -0.033254 0.301053
v -0.045651 -0.133466 0.138704
v -0.034667 -0.119542 0.134127
v -0.037488 -0.113562 0.164407
v -0.042922 -0.100186 0.132761
v -0.003618 -0.096903 0.129247
v -0.020809 -0.111645 0.158557
v -0.008553 -0.108451 0.129654
v -0.048497 -0.092716 0.151227
v -0.040815 -0.097429 0.170757
v -0.032605 -0.103567 0.175426
v -0.023175 -0.100857 0.168912
v -0.030895 -0.082947 0.046356
v -0.008688 -0.112194 0.060758
v -0.016802 -0.087008 0.137992
v -0.028190 -0.090796 0.160782
v -0.013982 -0.088301 0.146485
v -0.018484 -0.093258 0.153847
v -0.039786 -0.074041 0.256083
v -0.045360 -0.081678 0.247971
v -0.037926 -0.074083 0.336784
v -0.026770 -0.076077 0.054882
v -0.047991 -0.051579 0.223147
v -0.039014 -0.065591 0.242207
v -0.033024 -0.056233 0.247641
v -0.044562 -0.056657 0.281029
v -0.038370 -0.058718 0.261926
v -0.032585 -0.062865 0.290222
v -0.032037 -0.061540 0.269764
v -0.029875 -0.051889 0.263042
v -0.022839 -0.052530 0.276169
v -0.037568 -0.059821 0.297605
v -0.034492 -0.064742 0.312387
v -0.019291 -0.074795 0.330041
v -0.024760 -0.060410 0.305545
v -0.031245 -0.050626 0.337264
v -0.031163 -0.070549 0.342862
v -0.031201 -0.048683 0.055526
v -0.028951 -0.038097 0.055327
v -0.012559 -0.032781 0.060324
v -0.025224 -0.022494 0.051418
v -0.017700 -0.033930 0.197443
v -0.032814 -0.028025 0.188536
v -0.033700 -0.039973 0.212461
v -0.023113 -0.036940 0.232431
v -0.024091 -0.043310 0.245117
v -0.025719 -0.041540 0.259052
v -0.028530 -0.036253 0.280789
v -0.026068 -0.041721 0.267184
v -0.035276 -0.030069 0.288085
v -0.026383 -0.044787 0.313263
v -0.018853 -0.051115 0.323563
v -0.022771 -0.219458 0.121484
v -0.031461 -0.206692 0.127524
v -0.019781 -0.211996 0.136745
v -0.023376 -0.189081 0.106428
v -0.010281 -0.215171 0.105766
v -0.014288 -0.185145 0.098864
v -0.029499 -0.197464 0.116207
v -0.025204 -0.190148 0.129602
v -0.004297 -0.191066 0.131801
v -0.016604 -0.167578 0.120111
v -0.018157 -0.180223 0.125666
v -0.008098 -0.124316 0.030919
v -0.013813 -0.123334 0.045426
v -0.000806 -0.131888 0.045529
v 0.012010 -0.125015 0.033098
v -0.005856 -0.135524 0.123219
v -0.008887 -0.153636 0.114438
v 0.000454 -0.134776 0.140684
v -0.014176 -0.154155 0.127507
v -0.015805 -0.101761 0.035965
v -0.013460 -0.109351 0.054982
v -0.011547 -0.093930 0.072706
v 0.001141 -0.100378 0.070701
v -0.003994 -0.113548 0.129628
v 0.011721 -0.116403 0.116684
v 0.012968 -0.098447 0.121094
v -0.008806 -0.113844 0.142689
v -0.002121 -0.105467 0.144759
v -0.000837 -0.114074 0.141435
v 0.021234 -0.106671 0.148201
v -0.003023 -0.083156 0.069699
v -0.000825 -0.094094 0.140501
v 0.013808 -0.094615 0.139995
v 0.010369 -0.091268 0.132867
v -0.007251 -0.059467 0.065387
v 0.004805 -0.066662 0.143978
v 0.003658 -0.057513 0.157223
v -0.019081 -0.060297 0.341052
v 0.003271 -0.041482 0.071592
v -0.017427 -0.032955 0.230472
v -0.005441 -0.022972 0.197687
v -0.012154 -0.020431 0.218407
v -0.014845 -0.040276 0.245835
v -0.012237 -0.032668 0.247130
v 0.009664 -0.238561 0.139791
v -0.004386 -0.219311 0.119377
v -0.004108 -0.216543 0.129589
v 0.001979 -0.231885 0.141567
v 0.004455 -0.219206 0.136608
v 0.001987 -0.195852 0.076865
v -0.001448 -0.184565 0.085000
v -0.007727 -0.210552 0.094063
v 0.004013 -0.210521 0.084438
v 0.013752 -0.179426 0.127419
v 0.022716 -0.178204 0.077996
v 0.015848 -0.168152 0.103522
v 0.000009 -0.164362 0.134858
v 0.043438 -0.142502 0.026733
v 0.008714 -0.126057 0.049521
v 0.012913 -0.147144 0.114076
v 0.011832 -0.147710 0.139745
v 0.021517 -0.147201 0.136511
v 0.017376 -0.117654 0.045091
v 0.032637 -0.122332 0.040378
v 0.015324 -0.098606 0.056637
v 0.028297 -0.105285 0.052187
v 0.029949 -0.096332 0.111511
v 0.012949 -0.071262 0.066986
v 0.020209 -0.080000 0.123149
v 0.023646 -0.078165 0.131591
v 0.032185 -0.085428 0.139522
v 0.027920 -0.045327 0.075627
v 0.004244 -0.058508 0.142678
v 0.009701 -0.070610 0.149879
v 0.026894 -0.059819 0.131024
v 0.027652 -0.065621 0.137367
v 0.027140 -0.063281 0.122712
v 0.014520 -0.061802 0.165053
v 0.010938 -0.056636 0.167913
v 0.009290 -0.070390 0.181388
v 0.034264 -0.063050 0.155855
v 0.021017 -0.072024 0.193728
v 0.007710 -0.066359 0.187241
v 0.019576 -0.057121 0.201866
v 0.020066 -0.067652 0.202554
v 0.010578 -0.042985 0.320150
v 0.011721 -0.056426 0.350166
v 0.027288 -0.044235 0.113519
v 0.020984 -0.046784 0.135266
v 0.031104 -0.036393 0.133006
v 0.014024 -0.046435 0.161441
v 0.027529 -0.038407 0.154448
v 0.016946 -0.030415 0.272743
v 0.034524 -0.042048 0.250824
v 0.007631 -0.037417 0.310195
v 0.014051 -0.041791 0.290640
v 0.015135 -0.025695 0.306386
v 0.022276 -0.038495 0.329871
v -0.092532 -0.023099 0.023110
v -0.078613 -0.020071 0.016786
v -0.079807 -0.002719 0.023542
v -0.067816 0.007799 0.015092
v -0.067444 0.013233 0.020530
v -0.056664 0.007762 0.017028
v -0.055853 0.019680 0.015669
v -0.047373 0.001125 0.025306
v -0.031720 0.008657 0.023118
v -0.056563 0.040547 0.004536
v -0.049051 0.028262 0.002168
v -0.050926 0.047887 0.015291
v -0.043753 0.044993 0.000216
v -0.045071 0.053229 0.007558
v -0.040608 0.042981 0.028619
v -0.026192 0.014454 0.015245
v -0.018009 -0.004069 0.022854
v -0.028154 0.043218 0.005889
v -0.009913 0.037923 0.009607
v -0.032203 0.051627 0.009716
v -0.019412 0.052270 0.019010
v -0.002381 0.012323 0.019933
v 0.012195 -0.015672 0.022440
v 0.011968 0.017900 0.016893
v 0.006809 0.048514 0.011519
v -0.003717 0.060833 0.022404
v 0.032888 0.038256 0.012390
v 0.017722 0.053864 0.007883
v 0.017207 0.072190 0.014651
v 0.030413 0.089926 0.010348
v 0.034021 0.075701 0.004519
v -0.203454 0.028031 0.278427
v -0.207691 0.020619 0.252178
v -0.194144 0.014262 0.276372
v -0.187227 0.026457 0.279795
v -0.207318 0.040690 0.269014
v -0.207149 0.046031 0.257210
v -0.199490 0.048863 0.251058
v -0.194092 0.048442 0.271695
v -0.200186 0.004208 0.255244
v -0.193073 0.013105 0.226117
v -0.178981 0.007534 0.208061
v -0.188040 -0.001949 0.252470
v -0.178271 0.003627 0.258274
v -0.186383 0.032394 0.206691
v -0.197058 0.053339 0.243422
v -0.193925 0.031193 0.221602
v -0.187408 0.047948 0.224831
v -0.177375 0.054572 0.241355
v -0.164087 0.059463 0.214378
v -0.166942 0.056378 0.224199
v -0.184953 0.056142 0.249704
v -0.178297 0.043319 0.263327
v -0.146037 0.017867 0.172244
v -0.158885 0.004745 0.196634
v -0.151286 0.007374 0.210541
v -0.171515 -0.002993 0.236465
v -0.165295 0.021926 0.190653
v -0.153341 0.049296 0.182460
v -0.162680 0.059130 0.199030
v -0.156903 0.015495 0.233712
v -0.149963 0.063760 0.199467
v -0.143921 0.050738 0.207567
v -0.162207 0.030512 0.242230
v -0.148212 0.059260 0.241413
v -0.148090 0.053314 0.269487
v -0.142198 0.049481 0.247751
v -0.151623 0.070210 0.254076
v -0.149905 0.068491 0.271049
v -0.138475 0.072456 0.273070
v -0.138306 0.009328 0.157889
v -0.135305 0.000580 0.166986
v -0.119565 0.004387 0.141894
v -0.128534 -0.001420 0.175301
v -0.129948 0.029113 0.143934
v -0.147428 0.004691 0.199537
v -0.139733 0.002030 0.179575
v -0.113389 0.011580 0.183188
v -0.105024 0.072639 0.145124
v -0.128827 0.062577 0.156897
v -0.139425 0.028428 0.212547
v -0.139316 0.064626 0.197131
v -0.136868 0.054783 0.208395
v -0.135467 0.068497 0.200534
v -0.135412 0.056088 0.216494
v -0.123122 0.052464 0.223564
v -0.123571 0.046457 0.211599
v -0.128792 0.056111 0.243842
v -0.113225 0.064322 0.221585
v -0.125018 0.077357 0.248966
v -0.132971 0.057400 0.262853
v -0.130502 0.077981 0.278492
v -0.137272 0.088265 0.283936
v -0.139672 0.083498 0.309549
v -0.149513 0.093191 0.312531
v -0.145626 0.078619 0.321130
v -0.160405 0.094004 0.324314
v -0.149508 0.092851 0.331710
v -0.147437 0.098217 0.338441
v -0.139502 0.089806 0.326519
v -0.093953 0.098129 0.174111
v -0.147508 0.062251 0.187392
v -0.124759 0.076220 0.190894
v -0.099741 0.105584 0.199891
v -0.117759 0.095459 0.203713
v -0.139074 0.078417 0.220989
v -0.139735 0.082679 0.250327
v -0.127128 0.088927 0.215848
v -0.129192 0.086176 0.236389
v -0.139819 0.100922 0.300198
v -0.127578 0.106101 0.271815
v -0.135254 0.103325 0.298679
v -0.151152 0.100481 0.325914
v -0.142430 0.110293 0.335564
v -0.097749 -0.002900 0.325958
v -0.094074 0.021874 0.130591
v -0.111140 -0.007539 0.154386
v -0.096872 0.004825 0.170268
v -0.095802 0.019009 0.317588
v -0.108158 0.044802 0.133033
v -0.096858 0.045524 0.130067
v -0.090577 0.030039 0.310377
v -0.088452 0.020739 0.328395
v -0.092522 0.028235 0.323455
v -0.085565 0.060677 0.124377
v -0.083718 0.059312 0.197857
v -0.079598 0.021110 0.165363
v -0.100843 0.067768 0.215798
v -0.100335 0.065215 0.227473
v -0.085536 0.065708 0.209669
v -0.111292 0.068698 0.230548
v -0.110691 0.079456 0.214769
v -0.113104 0.102215 0.243566
v -0.106062 0.066259 0.246203
v -0.104583 0.075350 0.219420
v -0.116149 0.080197 0.236257
v -0.115326 0.070483 0.252440
v -0.107925 0.076068 0.266355
v -0.124095 0.075483 0.280889
v -0.123363 0.084361 0.296172
v -0.117686 0.101366 0.293959
v -0.108735 0.094585 0.284013
v -0.127275 0.092326 0.309089
v -0.131540 0.102330 0.324268
v -0.133720 0.104789 0.339134
v -0.126288 0.094508 0.337663
v -0.127678 0.104020 0.339524
v -0.119246 0.095919 0.326657
v -0.112071 0.089867 0.339242
v -0.111536 0.095577 0.347822
v -0.094059 0.078668 0.146616
v -0.088105 0.094008 0.162881
v -0.121982 0.086127 0.219283
v -0.107456 0.093531 0.212249
v -0.099178 0.099880 0.215706
v -0.086935 0.109713 0.213732
v -0.100922 0.117905 0.253617
v -0.117048 0.109260 0.285390
v -0.111818 0.116321 0.272659
v -0.112105 0.105427 0.294771
v -0.126145 0.101600 0.305231
v -0.120616 0.109234 0.318697
v -0.116464 0.123865 0.323696
v -0.114562 0.104967 0.349643
v -0.118530 0.112941 0.347364
v -0.093635 0.178838 0.132173
v -0.099350 0.208957 0.144371
v -0.088425 0.191357 0.134214
v -0.094441 0.205376 0.155457
v -0.096355 0.214406 0.151978
v -0.095298 0.213908 0.141217
v -0.075163 0.008188 0.022365
v -0.078991 -0.009349 0.286866
v -0.066455 -0.018918 0.274404
v -0.074856 0.002525 0.286193
v -0.066822 -0.006829 0.281274
v -0.059903 -0.021822 0.288759
v -0.082046 -0.011942 0.307223
v -0.072436 -0.019560 0.298600
v -0.076271 -0.016784 0.328286
v -0.069917 -0.020249 0.314424
v -0.087168 -0.011537 0.328835
v -0.091227 -0.015916 0.342212
v -0.085729 -0.004313 0.332570
v -0.066388 -0.019271 0.337022
v -0.086394 -0.021323 0.342118
v -0.078590 -0.016084 0.348373
v -0.082812 -0.005824 0.340752
v -0.074164 -0.013762 0.342640
v -0.070420 -0.014024 0.343071
v -0.083594 0.011452 0.148945
v -0.089643 -0.001809 0.309945
v -0.091312 0.008032 0.305279
v -0.092062 0.018530 0.305430
v -0.069872 0.013421 0.297927
v -0.067811 0.009339 0.305445
v -0.058904 0.002809 0.304159
v -0.090585 0.002497 0.328700
v -0.084514 0.006456 0.318554
v -0.080581 0.022623 0.322580
v -0.084652 0.043803 0.137246
v -0.073345 0.024895 0.142392
v -0.069676 0.044318 0.156427
v -0.086945 0.031077 0.319058
v -0.066456 0.072282 0.115055
v -0.070000 0.047427 0.127708
v -0.064919 0.055350 0.113840
v -0.063754 0.054855 0.148665
v -0.060569 0.064148 0.171438
v -0.037788 0.090875 0.195850
v -0.065483 0.075380 0.206744
v -0.049768 0.088385 0.207176
v -0.086498 0.067148 0.223733
v -0.050768 0.096156 0.224117
v -0.064373 0.089786 0.237236
v -0.067262 0.098603 0.258935
v -0.093306 0.096046 0.275826
v -0.102847 0.090181 0.321901
v -0.102399 0.094939 0.333649
v -0.054681 0.094603 0.137202
v -0.100790 0.094227 0.301296
v -0.103077 0.129974 0.283681
v -0.086325 0.103335 0.286244
v -0.090058 0.102848 0.302358
v -0.095272 0.102922 0.317247
v -0.105256 0.104025 0.340079
v -0.095648 0.108257 0.325233
v -0.095508 0.106446 0.341262
v -0.118069 0.113579 0.356946
v -0.108949 0.126302 0.362889
v -0.107068 0.111854 0.363050
v -0.110261 0.131278 0.351247
v -0.093664 0.112705 0.354009
v -0.093261 0.120550 0.363045
v -0.062740 0.097441 0.155005
v -0.054132 0.107454 0.160613
v -0.064953 0.113781 0.180848
v -0.066744 0.117885 0.189624
v -0.063511 0.122766 0.213583
v -0.077925 0.125291 0.239882
v -0.084079 0.137966 0.285402
v -0.103863 0.130761 0.326206
v -0.101715 0.136672 0.347432
v -0.072266 0.162513 0.122227
v -0.090267 0.170495 0.129122
v -0.082589 0.188003 0.123797
v -0.063091 0.160607 0.110384
v -0.086387 0.176772 0.144670
v -0.082006 0.165786 0.133077
v -0.081350 0.189780 0.139808
v -0.068416 0.177619 0.136712
v -0.067332 0.209576 0.133886
v -0.060230 0.211086 0.137412
v -0.078591 0.210232 0.146875
v -0.070936 0.215056 0.151587
v -0.081647 0.214132 0.144648
v -0.077140 0.228541 0.146565
v -0.066376 0.226123 0.148412
v -0.076213 0.223536 0.155205
v -0.052284 -0.005061 0.042196
v -0.039249 -0.012686 0.044827
v -0.055002 -0.021247 0.260029
v -0.042281 -0.013322 0.279186
v -0.051544 -0.010736 0.295851
v -0.044291 -0.017829 0.286845
v -0.050968 -0.016998 0.294117
v -0.057272 -0.014138 0.318507
v -0.060334 -0.018078 0.333136
v -0.058244 -0.009660 0.333578
v -0.059891 -0.012730 0.353728
v -0.061246 -0.024540 0.350457
v -0.055061 -0.014215 0.350438
v -0.047883 -0.004947 0.352978
v -0.056828 0.010439 0.026025
v -0.042769 0.023036 0.040734
v -0.037359 0.007008 0.037865
v -0.046972 0.000770 0.358769
v -0.028583 0.041099 0.092814
v -0.039936 0.039161 0.123700
v -0.041796 0.046083 0.134721
v -0.023527 0.059455 0.078769
v -0.019901 0.053610 0.129840
v -0.040928 0.070464 0.151040
v -0.044161 0.069157 0.098170
v -0.042700 0.081925 0.105175
v -0.047918 0.087890 0.121523
v -0.033183 0.085599 0.167406
v -0.015722 0.096582 0.193649
v -0.038756 0.101546 0.255725
v -0.026176 0.100954 0.246633
v -0.081256 0.104930 0.306740
v -0.067178 0.109075 0.288786
v -0.081474 0.107940 0.314884
v -0.070456 0.108996 0.309652
v -0.073096 0.105180 0.322536
v -0.090149 0.103907 0.344702
v -0.079546 0.113618 0.345003
v -0.076838 0.117623 0.350683
v -0.078211 0.111891 0.333046
v -0.072301 0.109907 0.335929
v -0.078026 0.126675 0.370320
v -0.075132 0.117967 0.360778
v -0.032621 0.109529 0.132885
v -0.043895 0.120823 0.173849
v -0.033905 0.119692 0.160302
v -0.044956 0.123939 0.193330
v -0.032738 0.122742 0.220605
v -0.041942 0.127387 0.240625
v -0.065169 0.138346 0.266347
v -0.047962 0.138160 0.272623
v -0.084030 0.135624 0.307140
v -0.086242 0.136530 0.336727
v -0.069511 0.144241 0.326663
v -0.076728 0.143291 0.342717
v -0.092925 0.129586 0.359251
v -0.078863 0.136415 0.367167
v -0.053961 0.145130 0.108143
v -0.067350 0.162339 0.127158
v -0.048747 0.154564 0.100099
v -0.046005 0.151338 0.119956
v -0.047189 0.185665 0.114005
v -0.057769 0.191900 0.134481
v -0.052574 0.169890 0.130070
v -0.059047 0.180116 0.141442
v -0.042043 0.175745 0.130626
v -0.060632 0.209559 0.142160
v -0.048720 0.208748 0.126651
v -0.041293 0.194604 0.144118
v -0.050933 0.211402 0.147555
v -0.056512 0.218563 0.139282
v -0.055493 0.238143 0.157231
v -0.044407 0.224858 0.137908
v -0.043145 0.230843 0.147912
v -0.065510 0.232265 0.163978
v -0.058824 0.220243 0.162786
v -0.062728 0.227982 0.173309
v -0.043098 0.216695 0.147464
v -0.046014 0.226540 0.169700
v -0.052596 0.238379 0.173577
v -0.052966 0.228761 0.176435
v -0.061515 0.236342 0.171938
v -0.036172 -0.016305 0.030580
v -0.030765 -0.014803 0.043665
v -0.026265 -0.009011 0.032368
v -0.024394 -0.016316 0.028205
v -0.033057 0.008792 0.063400
v -0.027766 -0.015627 0.177953
v -0.029349 -0.003626 0.180658
v -0.018403 -0.020986 0.173400
v -0.038265 -0.012774 0.207079
v -0.031176 -0.014132 0.222837
v -0.020064 -0.017394 0.230601
v -0.019386 -0.022881 0.237933
v -0.021732 -0.009976 0.229650
v -0.031158 -0.015952 0.254200
v -0.018432 -0.018137 0.255349
v -0.029922 -0.019347 0.283078
v -0.017788 -0.023964 0.264935
v -0.035760 -0.005893 0.305264
v -0.025156 -0.003602 0.316780
v -0.042013 -0.006331 0.324981
v -0.035815 -0.004897 0.344143
v -0.039421 -0.010784 0.356402
v -0.033159 -0.003538 0.361435
v -0.034415 0.017432 0.060320
v -0.021360 0.023278 0.066808
v -0.008929 0.003695 0.072235
v -0.016270 0.024755 0.075244
v 0.006279 0.004054 0.098369
v 0.009184 -0.003044 0.089946
v -0.025064 0.030498 0.106192
v -0.023249 0.012270 0.189691
v -0.006550 0.025538 0.176710
v -0.025110 0.009205 0.219471
v -0.011360 0.028676 0.211135
v -0.031666 0.014305 0.254191
v -0.026691 -0.000690 0.233789
v -0.032393 0.007440 0.251475
v -0.023780 0.000048 0.253716
v -0.045345 0.005913 0.306322
v -0.037164 -0.002135 0.275462
v -0.016590 0.000275 0.263417
v -0.039870 0.014110 0.299465
v -0.032892 0.006544 0.332100
v -0.021751 0.019512 0.300970
v -0.016548 0.001655 0.295176
v -0.043450 0.001986 0.328120
v -0.043599 -0.003631 0.343971
v -0.028689 0.002021 0.333566
v -0.018275 0.012080 0.318122
v -0.015654 0.006416 0.315635
v -0.035831 0.002811 0.357215
v -0.022937 0.047340 0.040260
v -0.015914 0.052487 0.052368
v -0.022080 0.032704 0.116230
v -0.008887 0.036893 0.121135
v -0.016577 0.024761 0.266589
v -0.010976 0.059422 0.039145
v -0.006975 0.072601 0.129298
v -0.016195 0.082395 0.072989
v -0.023108 0.084270 0.089071
v -0.013245 0.098414 0.098871
v -0.020864 0.080538 0.146614
v -0.017150 0.093775 0.177400
v -0.003885 0.094749 0.176486
v -0.017667 0.097927 0.213706
v -0.023852 0.103385 0.226774
v -0.022531 0.107422 0.238151
v -0.022400 0.111137 0.227409
v -0.029156 0.105918 0.273837
v -0.050729 0.108014 0.299561
v -0.064907 0.106924 0.314490
v -0.068286 0.112488 0.332063
v -0.053373 0.112517 0.315088
v -0.045259 0.119219 0.336210
v -0.044450 0.119009 0.321664
v -0.039306 0.114209 0.313271
v -0.064230 0.114988 0.345656
v -0.064427 0.121229 0.354998
v -0.065307 0.129305 0.360025
v -0.009083 0.101488 0.094068
v -0.019511 0.107969 0.124374
v -0.028029 0.125927 0.203120
v -0.017409 0.123869 0.204293
v -0.022848 0.122072 0.215489
v -0.028912 0.122961 0.251462
v -0.051442 0.144692 0.293672
v -0.028160 0.126895 0.272519
v -0.050152 0.145706 0.312095
v -0.033948 0.148284 0.351111
v -0.066436 0.137433 0.355531
v -0.056652 0.148046 0.349965
v -0.046877 0.136818 0.365478
v -0.039996 0.141883 0.096305
v -0.025608 0.124651 0.097439
v -0.021572 0.129917 0.088641
v -0.016477 0.112448 0.090288
v -0.034257 0.131177 0.109253
v -0.015230 0.124981 0.109004
v -0.012683 0.120544 0.142840
v -0.007623 0.124305 0.192859
v -0.018426 0.152666 0.094817
v -0.033933 0.146917 0.122193
v -0.029702 0.192355 0.120330
v -0.011871 0.188324 0.143803
v -0.028540 0.204935 0.133211
v -0.032032 0.204125 0.143821
v -0.012836 0.197386 0.143778
v -0.008799 0.195968 0.129377
v -0.039950 0.222169 0.143301
v -0.012235 -0.018836 0.067366
v 0.006289 -0.018883 0.091812
v 0.000738 -0.008640 0.138129
v 0.014294 0.008145 0.113265
v -0.008787 -0.005324 0.145404
v -0.007005 -0.014326 0.155455
v 0.009372 -0.008638 0.152005
v 0.011670 -0.009636 0.174384
v -0.004116 -0.024096 0.178884
v 0.014996 -0.010853 0.202639
v -0.006762 -0.010823 0.222036
v 0.009228 -0.004283 0.223129
v -0.010234 0.017505 0.114923
v 0.004959 0.004262 0.111962
v -0.008358 0.004969 0.125269
v -0.011908 0.010503 0.152765
v -0.010269 -0.001402 0.237093
v 0.002360 0.003570 0.231517
v -0.008360 0.002011 0.258638
v 0.011841 0.014623 0.277987
v 0.008786 0.016248 0.257015
v -0.004389 0.010404 0.288424
v 0.003305 0.017127 0.302389
v 0.008657 0.012264 0.292286
v -0.001157 0.023289 0.311703
v -0.008492 0.011774 0.322489
v -0.006897 0.021103 0.322196
v -0.011037 0.005822 0.337540
v -0.009145 0.009275 0.342972
v 0.000697 0.004256 0.335518
v -0.001222 0.014291 0.320638
v 0.000824 0.014620 0.335646
v -0.009695 0.023639 0.119737
v 0.001108 0.025557 0.157638
v 0.000725 0.037543 0.126646
v 0.000542 0.033320 0.190750
v 0.000429 0.040588 0.215905
v 0.010447 0.039854 0.204131
v -0.011231 0.030935 0.227188
v -0.002392 0.032497 0.245671
v 0.001800 0.026217 0.279516
v 0.006905 0.030625 0.270531
v -0.008505 0.027583 0.296625
v 0.003249 0.020826 0.302174
v 0.000198 0.055524 0.121712
v 0.007708 0.072683 0.119967
v 0.000953 0.092852 0.058703
v 0.020385 0.078380 0.027073
v -0.013720 0.099840 0.075303
v 0.008928 0.095909 0.142113
v 0.018406 0.082905 0.122501
v -0.008042 0.103212 0.212629
v -0.017405 0.115013 0.220207
v -0.023848 0.114278 0.276423
v -0.024399 0.114460 0.300534
v -0.020776 0.118768 0.296679
v -0.020641 0.131757 0.293680
v -0.033385 0.120239 0.333683
v -0.029436 0.114869 0.318361
v -0.009472 0.125850 0.327827
v -0.029416 0.131012 0.345933
v -0.014858 0.111951 0.080031
v 0.002741 0.109440 0.066200
v 0.026985 0.114365 0.061785
v -0.015202 0.100485 0.089080
v -0.012020 0.110642 0.094815
v 0.019638 0.104117 0.087417
v 0.007118 0.099090 0.095133
v 0.013845 0.127906 0.099454
v 0.004453 0.118371 0.129764
v 0.012647 0.100006 0.164871
v 0.011935 0.109479 0.202150
v 0.000267 0.106033 0.204281
v -0.016635 0.131925 0.224211
v -0.006653 0.123171 0.238167
v -0.000262 0.115855 0.229496
v -0.032388 0.146709 0.305033
v -0.029801 0.146914 0.337385
v -0.010823 0.150176 0.337423
v -0.019118 0.148944 0.313957
v -0.030997 0.134844 0.357741
v -0.027075 0.139453 0.345567
v 0.020273 0.122211 0.069999
v -0.001860 0.144988 0.086705
v -0.008672 0.145144 0.117762
v -0.001959 0.124155 0.175503
v 0.010163 0.122709 0.165926
v 0.004852 0.133913 0.193196
v 0.000647 0.129309 0.216243
v -0.005451 0.134987 0.229269
v 0.002409 0.160357 0.100340
v 0.021198 0.148914 0.084728
v 0.014692 0.157737 0.123367
v 0.004743 0.176862 0.113388
v 0.007490 0.192165 0.123135
v 0.001512 0.178833 0.139179
v 0.016698 0.207968 0.140195
v -0.011137 0.203818 0.157815
v -0.007021 0.209558 0.152909
v -0.008458 0.198936 0.157967
v -0.000171 0.203679 0.156969
v 0.023088 -0.021583 0.088771
v 0.028986 -0.017044 0.206500
v 0.022744 -0.015079 0.230499
v 0.019111 -0.003815 0.233622
v 0.022522 -0.011650 0.255228
v 0.018311 -0.015713 0.285743
v 0.029137 -0.020097 0.304616
v 0.024109 0.008936 0.112522
v 0.031076 0.014952 0.127922
v 0.022130 0.005138 0.151117
v 0.017218 0.020804 0.231029
v 0.020058 0.008817 0.229926
v 0.023338 0.017449 0.227160
v 0.014636 0.023683 0.274495
v 0.006947 0.015009 0.316765
v 0.015369 0.013603 0.316703
v 0.006931 0.011875 0.332151
v 0.017373 0.009006 0.328047
v 0.014235 0.015649 0.335440
v 0.023775 0.017840 0.330574
v 0.019766 0.041831 0.140678
v 0.022841 0.037807 0.178211
v 0.048074 0.033697 0.188248
v 0.010091 0.042426 0.222830
v 0.022183 0.033572 0.216604
v 0.008286 0.028001 0.253154
v 0.019457 0.021008 0.290661
v 0.017435 0.028695 0.289446
v 0.014628 0.027919 0.323188
v 0.020265 0.021965 0.316865
v 0.008261 0.024715 0.329218
v 0.030046 0.059383 0.124477
v 0.028724 0.085825 0.038970
v 0.025824 0.097200 0.090755
v 0.035605 0.084048 0.114895
v -0.015876 0.122443 0.335559
v -0.010316 0.137357 0.349615
v 0.025118 0.097620 0.051378
v 0.033618 0.108687 0.108120
v 0.029629 0.120488 0.131672
v 0.030451 0.101314 0.146629
v 0.030202 0.116544 0.179864
v 0.020782 0.119237 0.215516
v 0.006759 0.129800 0.225279
v -0.011960 0.129675 0.304872
v -0.004945 0.147805 0.335047
v -0.004247 0.138237 0.341834
v 0.029717 0.125127 0.089483
v 0.035134 0.117985 0.071718
v 0.027442 0.137456 0.082617
v 0.026523 0.136281 0.095987
v 0.014022 0.124379 0.151424
v 0.036248 0.133986 0.154312
v 0.038941 0.140313 0.178959
v 0.026959 0.130461 0.182918
v 0.019595 0.140172 0.202436
v 0.013283 0.147901 0.222896
v 0.005443 0.133368 0.223253
v 0.005757 0.126356 0.234849
v 0.018674 0.152089 0.236739
v 0.022717 0.136631 0.243901
v 0.032002 0.143920 0.104967
v 0.033964 0.152515 0.232794
v 0.028474 0.149962 0.246615
v 0.023950 0.188941 0.117163
v 0.026946 0.164334 0.091103
v 0.023965 0.179198 0.128135
v 0.004516 0.208217 0.150774
v 0.027079 0.213464 0.131448
v 0.020132 0.197913 0.143008
v 0.030993 0.211292 0.141157
v 0.013291 0.206646 0.154741
v 0.046136 -0.142912 0.007594
v 0.060451 -0.097734 0.010501
v 0.058928 -0.130162 0.008740
v 0.046305 -0.087600 0.017172
v 0.046519 -0.025661 0.023331
v 0.053561 -0.145393 0.015031
v 0.084619 -0.130374 0.015113
v 0.090075 -0.121732 0.008743
v 0.067885 -0.085136 0.021999
v 0.073572 -0.090927 0.013279
v 0.062441 -0.070558 0.023800
v 0.070351 -0.051560 0.021769
v 0.072263 -0.029572 0.022777
v 0.082599 -0.114224 0.024683
v 0.086540 -0.100766 0.013028
v 0.087472 -0.038511 0.015718
v 0.125184 -0.066910 0.014391
v 0.115270 -0.019576 -0.003630
v 0.128938 -0.070374 0.023222
v 0.141291 -0.061268 0.017575
v 0.130347 -0.045339 0.004042
v 0.155724 -0.054645 0.017604
v 0.172740 -0.042246 0.004468
v 0.175204 -0.025195 -0.003208
v 0.156440 -0.033406 0.020952
v 0.183414 -0.032628 0.016251
v 0.184014 -0.044508 0.013114
v 0.186416 -0.028136 0.006380
v 0.024946 -0.224572 0.121022
v 0.023029 -0.208593 0.092529
v 0.031549 -0.234787 0.149235
v 0.023465 -0.226057 0.153151
v 0.042393 -0.223533 0.170622
v 0.025421 -0.197811 0.073470
v 0.024933 -0.186974 0.071681
v 0.017845 -0.200469 0.135488
v 0.036926 -0.186897 0.123722
v 0.047380 -0.172158 0.088632
v 0.030508 -0.169150 0.108817
v 0.019961 -0.167092 0.123404
v 0.027571 -0.141888 0.124555
v 0.023729 -0.158032 0.118135
v 0.034137 -0.121779 0.114818
v 0.029011 -0.126493 0.136623
v 0.050446 -0.110162 0.049011
v 0.044016 -0.100115 0.114096
v 0.048556 -0.102797 0.122951
v 0.045503 -0.095538 0.140388
v 0.050572 -0.098099 0.133690
v 0.034591 -0.082021 0.066510
v 0.056100 -0.093189 0.058757
v 0.039047 -0.066058 0.100701
v 0.053217 -0.069094 0.104199
v 0.047906 -0.069379 0.145274
v 0.036774 -0.083317 0.350294
v 0.027610 -0.083175 0.361358
v 0.055518 -0.061277 0.070483
v 0.044544 -0.047223 0.090116
v 0.030648 -0.061105 0.104739
v 0.031289 -0.068217 0.134954
v 0.051343 -0.063389 0.158126
v 0.052848 -0.062257 0.186487
v 0.033537 -0.065936 0.203871
v 0.042566 -0.056771 0.200948
v 0.057364 -0.042940 0.179175
v 0.030958 -0.063747 0.296183
v 0.042679 -0.063304 0.289452
v 0.021225 -0.073680 0.319376
v 0.015711 -0.064750 0.337730
v 0.027999 -0.078731 0.338147
v 0.015801 -0.059620 0.363462
v 0.017030 -0.075947 0.353416
v 0.029823 -0.061501 0.359403
v 0.038587 -0.053293 0.350713
v 0.015076 -0.069496 0.364718
v 0.021225 -0.063035 0.368464
v 0.023416 -0.076156 0.360253
v 0.049407 -0.030271 0.079760
v 0.038288 -0.027271 0.088136
v 0.056868 -0.025628 0.085977
v 0.032049 -0.027591 0.113019
v 0.049225 -0.036298 0.147382
v 0.040713 -0.049205 0.195795
v 0.050234 -0.036111 0.211098
v 0.039969 -0.034932 0.222164
v 0.033646 -0.038645 0.231089
v 0.058224 -0.035544 0.241548
v 0.040968 -0.061396 0.276671
v 0.037152 -0.050344 0.258043
v 0.016056 -0.053082 0.304798
v 0.047401 -0.033728 0.312865
v 0.040061 -0.046117 0.334081
v 0.054430 -0.213969 0.122773
v 0.064748 -0.228961 0.155044
v 0.039498 -0.237921 0.165534
v 0.047007 -0.208427 0.154208
v 0.040410 -0.239935 0.159764
v 0.064037 -0.226908 0.167396
v 0.061798 -0.219660 0.167784
v 0.069945 -0.205344 0.151426
v 0.061974 -0.195241 0.089207
v 0.057770 -0.184661 0.081890
v 0.058902 -0.175521 0.082642
v 0.064111 -0.129810 0.028037
v 0.060015 -0.110378 0.042733
v 0.071221 -0.097439 0.037935
v 0.064454 -0.107270 0.055591
v 0.070828 -0.087432 0.053790
v 0.060746 -0.075061 0.067960
v 0.071791 -0.073105 0.118627
v 0.067055 -0.081955 0.133268
v 0.085782 -0.088695 0.309343
v 0.074551 -0.079473 0.300248
v 0.044512 -0.082373 0.330387
v 0.052311 -0.082441 0.320203
v 0.049392 -0.094471 0.330176
v 0.055044 -0.095288 0.330539
v 0.060199 -0.088851 0.331079
v 0.057543 -0.080851 0.337673
v 0.040616 -0.079367 0.356239
v 0.050961 -0.082618 0.339520
v 0.045766 -0.087498 0.354859
v 0.057167 -0.078574 0.344223
v 0.054219 -0.083791 0.356538
v 0.037861 -0.074562 0.362417
v 0.081684 -0.068681 0.058124
v 0.067101 -0.049990 0.101896
v 0.063378 -0.065778 0.141528
v 0.074635 -0.055297 0.128802
v 0.073435 -0.052366 0.152423
v 0.065258 -0.050692 0.160883
v 0.061402 -0.052011 0.175852
v 0.071589 -0.061176 0.262809
v 0.079177 -0.051673 0.242928
v 0.062536 -0.060073 0.287809
v 0.063670 -0.062217 0.278995
v 0.075162 -0.078294 0.284249
v 0.045687 -0.069812 0.306458
v 0.057594 -0.072855 0.314347
v 0.064168 -0.059767 0.299424
v 0.062948 -0.054139 0.307449
v 0.086768 -0.064918 0.312777
v 0.070637 -0.057761 0.298095
v 0.057341 -0.057294 0.324946
v 0.044270 -0.065288 0.356315
v 0.073500 -0.025937 0.065506
v 0.064385 -0.027284 0.095454
v 0.076409 -0.047138 0.114884
v 0.066147 -0.026896 0.104594
v 0.067793 -0.033362 0.138194
v 0.062605 -0.040714 0.156746
v 0.067376 -0.029215 0.177957
v 0.064041 -0.020613 0.226413
v 0.066610 -0.025945 0.234974
v 0.054935 -0.049585 0.255112
v 0.052464 -0.055195 0.270135
v 0.071944 -0.044804 0.292748
v 0.072755 -0.208158 0.119168
v 0.080373 -0.204265 0.106774
v 0.076815 -0.230910 0.153910
v 0.086820 -0.219577 0.145621
v 0.079459 -0.228908 0.168500
v 0.074600 -0.217899 0.171245
v 0.080749 -0.197531 0.094992
v 0.094119 -0.189626 0.074100
v 0.076998 -0.185469 0.110355
v 0.086148 -0.213217 0.159495
v 0.082206 -0.179489 0.069947
v 0.077031 -0.089716 0.030124
v 0.081248 -0.079980 0.033784
v 0.091210 -0.078526 0.044961
v 0.088408 -0.093821 0.298388
v 0.098936 -0.092619 0.306404
v 0.094672 -0.081530 0.282467
v 0.104206 -0.089595 0.294967
v 0.100331 -0.082866 0.314537
v 0.100990 -0.072678 0.028957
v 0.109846 -0.072795 0.037449
v 0.085165 -0.045775 0.060069
v 0.081132 -0.067076 0.273353
v 0.088901 -0.047883 0.246807
v 0.088170 -0.055852 0.277269
v 0.103360 -0.071407 0.283335
v 0.082817 -0.052584 0.300131
v 0.096669 -0.057836 0.307487
v 0.103548 -0.060723 0.298207
v 0.099680 -0.051582 0.059787
v 0.076574 -0.042226 0.134786
v 0.090286 -0.049165 0.182730
v 0.088614 -0.042025 0.164760
v 0.097493 -0.034807 0.160539
v 0.105488 -0.046019 0.158427
v 0.081187 -0.035379 0.187895
v 0.087673 -0.029823 0.194656
v 0.092800 -0.019573 0.195661
v 0.084032 -0.036500 0.240898
v 0.085263 -0.028757 0.250730
v 0.086527 -0.041764 0.264314
v 0.086871 -0.050520 0.287998
v 0.107829 -0.223157 0.122487
v 0.091913 -0.218967 0.145221
v 0.113750 -0.226370 0.136265
v 0.091726 -0.211051 0.147803
v 0.098183 -0.194345 0.092580
v 0.109551 -0.199052 0.107680
v 0.116196 -0.191935 0.106871
v 0.112198 -0.204995 0.136422
v 0.117408 -0.220934 0.142893
v 0.095396 -0.169265 0.064099
v 0.101082 -0.174585 0.060223
v 0.108751 -0.185855 0.064759
v 0.096465 -0.178077 0.098495
v 0.092969 -0.171889 0.080752
v 0.123188 -0.171624 0.066763
v 0.120028 -0.054641 0.258429
v 0.122554 -0.060713 0.246897
v 0.135489 -0.064253 0.260729
v 0.131897 -0.051987 0.272526
v 0.100611 -0.065595 0.190684
v 0.110603 -0.069682 0.191590
v 0.113015 -0.065815 0.163380
v 0.107635 -0.067637 0.201656
v 0.113637 -0.056047 0.227183
v 0.102308 -0.055156 0.203296
v 0.104652 -0.046997 0.204670
v 0.120479 -0.065133 0.217794
v 0.130124 -0.062436 0.213195
v 0.117893 -0.056514 0.240766
v 0.129664 -0.039978 0.232633
v 0.114300 -0.047224 0.210304
v 0.125496 -0.047763 0.256318
v 0.141086 -0.044070 0.256559
v 0.136111 -0.042081 0.266238
v 0.115340 -0.036453 0.056692
v 0.109028 -0.025579 0.053413
v 0.109978 -0.035659 0.165911
v 0.100233 -0.054476 0.159841
v 0.123775 -0.032297 0.181613
v 0.136542 -0.033566 0.193655
v 0.120137 -0.220194 0.132057
v 0.129795 -0.201861 0.097275
v 0.135383 -0.193905 0.072679
v 0.147260 -0.200670 0.099122
v 0.110453 -0.196624 0.114377
v 0.144065 -0.192294 0.102025
v 0.118624 -0.174407 0.062295
v 0.141786 -0.181448 0.056036
v 0.142316 -0.173576 0.065865
v 0.144180 -0.056810 0.251639
v 0.140804 -0.047803 0.268915
v 0.145344 -0.052044 0.257878
v 0.122720 -0.066147 0.035596
v 0.136293 -0.043012 0.036028
v 0.115990 -0.065569 0.146346
v 0.115062 -0.051881 0.149015
v 0.129383 -0.063554 0.134309
v 0.131986 -0.067036 0.180391
v 0.153144 -0.061861 0.183994
v 0.132400 -0.078229 0.147673
v 0.143464 -0.073620 0.170343
v 0.155010 -0.056342 0.175727
v 0.149481 -0.051822 0.165161
v 0.159848 -0.035076 0.237698
v 0.154217 -0.056187 0.249359
v 0.164210 -0.048838 0.239638
v 0.169535 -0.050556 0.222602
v 0.157577 -0.034562 0.251020
v 0.166438 -0.039496 0.250452
v 0.167683 -0.042248 0.240721
v 0.133509 -0.028947 0.040587
v 0.132704 -0.056849 0.138582
v 0.149314 -0.046045 0.169486
v 0.156170 -0.037327 0.175818
v 0.162055 -0.034069 0.206389
v 0.178229 -0.044673 0.195224
v 0.169789 -0.034752 0.229722
v 0.177607 -0.045286 0.235999
v 0.148019 -0.193806 0.095983
v 0.143572 -0.183691 0.076067
v 0.149277 -0.181452 0.065117
v 0.131903 -0.071198 0.133408
v 0.142347 -0.069917 0.129077
v 0.152667 -0.063709 0.169076
v 0.158287 -0.068661 0.160682
v 0.156219 -0.077104 0.133548
v 0.169754 -0.059762 0.186034
v 0.174611 -0.068019 0.148832
v 0.154389 -0.058650 0.123889
v 0.153144 -0.056681 0.152080
v 0.165876 -0.047837 0.175131
v 0.164096 -0.062733 0.155492
v 0.178518 -0.056584 0.142473
v 0.177185 -0.055921 0.192090
v 0.173901 -0.043411 0.215379
v 0.157324 -0.069421 0.116315
v 0.173864 -0.055225 0.120956
v 0.163265 -0.064983 0.118496
v 0.175581 -0.062181 0.119691
v 0.181551 -0.060677 0.138807
v 0.178004 -0.059748 0.129831
v 0.047712 0.012977 0.018432
v 0.061584 0.027976 0.019937
v 0.058176 0.060476 0.009075
v 0.033046 0.082978 0.025528
v 0.038994 0.098088 0.000734
v 0.054939 0.068286 0.002966
v 0.045994 0.090897 0.022664
v 0.042666 0.105200 0.006588
v 0.056440 0.106095 -0.002044
v 0.068231 -0.009820 0.020713
v 0.076232 0.015302 0.020243
v 0.075260 0.036128 0.028882
v 0.069867 0.044331 0.026842
v 0.079132 0.031453 0.027082
v 0.068717 0.057939 0.015612
v 0.071161 0.059943 0.020047
v 0.062694 0.085294 -0.001050
v 0.092408 0.092970 -0.000525
v 0.077936 0.093089 0.016803
v 0.095311 0.076747 0.011177
v 0.077676 0.101781 -0.002657
v 0.095674 -0.006602 0.008250
v 0.098892 0.016983 0.014821
v 0.092262 0.029754 0.025842
v 0.092443 0.074891 -0.001787
v 0.096495 0.079342 0.000577
v 0.088939 0.102053 0.004199
v 0.119307 0.003224 -0.004723
v 0.113994 0.014465 0.010997
v 0.138144 -0.004034 -0.011679
v 0.148197 -0.021251 -0.009973
v 0.137438 0.014347 0.002849
v 0.123671 0.009822 0.030481
v 0.149305 0.002512 0.013632
v 0.155410 0.004492 -0.010518
v 0.173251 -0.005103 -0.002411
v 0.156412 -0.014129 0.015801
v 0.156874 0.002446 0.002180
v 0.173723 -0.007871 0.003866
v 0.031080 -0.023281 0.098280
v 0.033402 -0.005175 0.110338
v 0.043388 -0.023697 0.117755
v 0.043497 -0.000449 0.115737
v 0.035273 -0.007009 0.190168
v 0.041065 -0.033894 0.208085
v 0.053779 -0.019524 0.196892
v 0.044791 -0.002348 0.262789
v 0.037892 -0.007099 0.272308
v 0.046048 -0.019141 0.291455
v 0.050403 0.007897 0.116412
v 0.039593 0.013421 0.137202
v 0.034151 0.005223 0.160045
v 0.047473 0.001322 0.154573
v 0.037749 0.011664 0.234335
v 0.035856 0.039424 0.166959
v 0.064160 0.040078 0.177286
v 0.038715 0.032660 0.208616
v 0.047299 0.019562 0.222897
v 0.059980 0.061099 0.057495
v 0.063490 0.060239 0.039895
v 0.053372 0.072738 0.066206
v 0.066470 0.057654 0.073174
v 0.041678 0.065632 0.126849
v 0.073038 0.062597 0.161636
v 0.060259 0.049621 0.166619
v 0.043317 0.075864 0.032897
v 0.048372 0.084535 0.056949
v 0.053403 0.085902 0.069282
v 0.044100 0.094631 0.053452
v 0.048572 0.086477 0.077571
v 0.047223 0.078689 0.085098
v 0.040577 0.087684 0.103671
v 0.050963 0.071015 0.116751
v 0.052031 0.116050 0.065205
v 0.038953 0.099778 0.081529
v 0.037263 0.116191 0.075001
v 0.040776 0.115601 0.072397
v 0.059630 0.102133 0.080388
v 0.037462 0.117629 0.134896
v 0.042472 0.098344 0.111023
v 0.040095 0.104737 0.126207
v 0.037467 0.107626 0.143181
v 0.044569 0.119135 0.175869
v 0.044539 0.116134 0.158863
v 0.050914 0.122196 0.075655
v 0.050168 0.137404 0.170586
v 0.051934 0.128435 0.175885
v 0.031724 0.126583 0.186193
v 0.043204 0.132697 0.184445
v 0.032154 0.123444 0.204776
v 0.030619 0.138458 0.208422
v 0.034116 0.129109 0.228008
v 0.034559 0.131446 0.208438
v 0.031370 0.138053 0.245945
v 0.039373 0.144790 0.237806
v 0.026768 0.154981 0.088609
v 0.044224 0.169937 0.125616
v 0.048002 0.170418 0.107018
v 0.050133 0.168762 0.113244
v 0.048106 0.190911 0.116013
v 0.033146 0.187936 0.124339
v 0.031390 0.212290 0.127590
v 0.030959 0.193995 0.127460
v 0.037385 0.206267 0.133406
v 0.066854 -0.012848 0.076412
v 0.070941 -0.003247 0.088298
v 0.066142 -0.011771 0.097725
v 0.061104 -0.025864 0.111448
v 0.054503 -0.011724 0.158706
v 0.070425 -0.021767 0.160589
v 0.088225 -0.021325 0.153920
v 0.062724 -0.022064 0.188322
v 0.075617 -0.014064 0.200108
v 0.065447 -0.014535 0.205187
v 0.067302 -0.008725 0.217790
v 0.074334 -0.004543 0.207449
v 0.065724 -0.006230 0.229724
v 0.072383 -0.018939 0.238282
v 0.071358 -0.020093 0.267206
v 0.055325 0.003831 0.240327
v 0.079933 -0.003133 0.079133
v 0.060780 0.006477 0.107120
v 0.082526 0.014734 0.105872
v 0.069131 0.002983 0.143188
v 0.091347 0.011679 0.133786
v 0.088178 0.004864 0.142103
v 0.076293 0.013333 0.125289
v 0.064481 0.008222 0.215102
v 0.073274 0.014669 0.201514
v 0.078319 0.037750 0.055967
v 0.070028 0.031342 0.191742
v 0.084116 0.043498 0.088878
v 0.056674 0.068884 0.103445
v 0.057450 0.075787 0.028993
v 0.073113 0.064880 0.150300
v 0.065331 0.104360 0.058149
v 0.070640 0.099978 0.072193
v 0.079754 0.111354 0.067681
v 0.079280 0.110790 0.079495
v 0.068240 0.130808 0.085240
v 0.057352 0.126829 0.072146
v 0.055208 0.132571 0.078065
v 0.059585 0.148627 0.075836
v 0.055912 0.160478 0.085373
v 0.057005 0.150362 0.087688
v 0.080904 0.156782 0.079937
v 0.083052 0.159245 0.089650
v 0.069810 0.173471 0.083690
v 0.069404 0.172884 0.091972
v 0.053950 0.184446 0.122776
v 0.090872 -0.006231 0.060629
v 0.095584 -0.020219 0.056735
v 0.088122 -0.007286 0.151140
v 0.088934 0.001063 0.199551
v 0.097432 0.013593 0.047347
v 0.089382 0.016195 0.085071
v 0.089432 0.022366 0.120899
v 0.101043 -0.001866 0.170290
v 0.089076 0.024903 0.069915
v 0.091992 0.028617 0.112141
v 0.089278 0.047216 0.108097
v 0.094705 0.058594 0.203690
v 0.097134 0.027654 0.202565
v 0.075942 0.062600 0.117816
v 0.090121 0.061561 0.141125
v 0.095312 0.051554 0.135034
v 0.082516 0.060993 0.185913
v 0.111789 0.085476 0.229445
v 0.089920 0.072417 0.158682
v 0.088925 0.077087 0.174598
v 0.100470 0.071801 0.152537
v 0.104173 0.096883 0.167108
v 0.091202 0.071091 0.195495
v 0.102864 0.103378 0.176797
v 0.099578 0.090869 0.194639
v 0.105295 0.083960 0.213147
v 0.100263 0.102035 0.227997
v 0.111926 0.106973 0.234462
v 0.102249 0.102329 0.221097
v 0.117842 0.119273 0.248603
v 0.108656 0.112174 0.227700
v 0.121008 0.133305 0.241981
v 0.130859 0.102340 0.238062
v 0.117472 0.119045 0.219662
v 0.130925 0.124723 0.249992
v 0.092552 0.123103 0.077592
v 0.092997 0.134937 0.069024
v 0.085723 0.121057 0.067213
v 0.095208 0.130632 0.083558
v 0.113649 0.145832 0.073740
v 0.087392 0.165023 0.084681
v 0.114390 0.155457 0.086629
v 0.080058 0.163927 0.087271
v 0.088344 0.173845 0.095026
v 0.091090 0.176849 0.089105
v 0.105075 0.170060 0.088735
v 0.095488 -0.017428 0.165594
v 0.104661 -0.027453 0.192566
v 0.100971 -0.020607 0.185684
v 0.101919 0.000562 0.187165
v 0.115652 -0.006485 0.042797
v 0.114486 0.014424 0.029435
v 0.110100 0.014492 0.152468
v 0.124551 0.027027 0.181769
v 0.122482 0.028100 0.193697
v 0.100247 0.037518 0.135977
v 0.117534 0.038196 0.155408
v 0.122781 0.047071 0.211434
v 0.125640 0.062686 0.167155
v 0.106033 0.068454 0.206352
v 0.109120 0.062350 0.211955
v 0.134280 0.061353 0.223035
v 0.147912 0.106315 0.243621
v 0.152838 0.122688 0.255794
v 0.117751 0.078872 0.168197
v 0.121723 0.071741 0.182596
v 0.120331 0.099576 0.173590
v 0.115916 0.092065 0.191752
v 0.112387 0.076361 0.198475
v 0.107724 0.075532 0.192847
v 0.116167 0.089487 0.201106
v 0.126903 0.111174 0.209960
v 0.148120 0.118267 0.226024
v 0.145592 0.103982 0.216786
v 0.141179 0.121473 0.243418
v 0.141455 0.126512 0.237304
v 0.157632 0.128957 0.256130
v 0.111996 0.123212 0.165141
v 0.114078 0.110490 0.162998
v 0.112096 0.107349 0.189076
v 0.109612 0.111591 0.164251
v 0.122375 0.118568 0.184954
v 0.118694 0.098702 0.194793
v 0.124691 0.115787 0.172558
v 0.106339 0.100404 0.198517
v 0.112954 0.103647 0.212217
v 0.113562 0.114668 0.212607
v 0.125447 0.115827 0.201032
v 0.128364 0.103241 0.200950
v 0.124798 0.110705 0.210514
v 0.129503 0.134524 0.234778
v 0.116217 0.142353 0.080353
v 0.113609 0.124553 0.153832
v 0.119071 0.128189 0.160146
v 0.121353 0.120778 0.158489
v 0.120262 0.119652 0.169403
v 0.117773 0.120968 0.175552
v 0.107511 0.165194 0.091807
v 0.112422 0.159374 0.082519
v 0.148341 -0.021294 0.034500
v 0.138720 -0.002252 0.027228
v 0.147620 -0.012320 0.030017
v 0.150956 -0.001251 0.032174
v 0.131746 0.043168 0.200042
v 0.144058 0.050144 0.214980
v 0.168224 0.076121 0.242180
v 0.161728 0.055067 0.225214
v 0.175174 0.066203 0.237080
v 0.181142 0.098441 0.249773
v 0.131225 0.051003 0.177692
v 0.130878 0.066505 0.183933
v 0.140834 0.057386 0.185183
v 0.132030 0.087884 0.201074
v 0.161645 0.083939 0.214692
v 0.159950 0.100436 0.244392
v 0.168393 0.118202 0.248897
v 0.173179 0.105455 0.253487
v 0.179257 0.114489 0.252924
v 0.149716 0.068781 0.191926
v 0.165163 0.116846 0.234583
v 0.170048 0.101814 0.226656
v 0.157173 0.130758 0.241444
v 0.137122 0.115971 0.192814
v 0.131497 0.131230 0.174581
v 0.135217 0.126641 0.181961
v 0.136423 0.122996 0.177372
v 0.132358 0.122634 0.193180
v 0.155809 0.001086 0.029227
v 0.187620 0.047386 0.236480
v 0.178470 0.044439 0.214161
v 0.152202 0.047236 0.203543
v 0.170822 0.052681 0.201493
v 0.193200 0.066861 0.241832
v 0.189959 0.079499 0.249700
v 0.197172 0.085062 0.247716
v 0.161525 0.050599 0.199242
v 0.189636 0.069164 0.222421
v 0.198384 0.086900 0.237940
v 0.180952 0.118204 0.238030
v 0.186020 0.103334 0.246011
v 0.185689 0.112533 0.244222
v 0.184346 0.102628 0.240097
v 0.203423 0.055638 0.243325
v 0.205041 0.061561 0.241096
v 0.184293 0.052941 0.209163
v 0.199475 0.045573 0.225709
v 0.209080 0.058179 0.227700
v 0.198640 0.074692 0.238830
v 0.208044 0.064534 0.226864
vn 0.0234 0.1873 -0.9820
vn -0.4575 -0.5611 -0.6899
vn -0.2147 0.4204 -0.8816
vn -0.2779 -0.9137 -0.2965
vn -0.6927 -0.7204 -0.0353
vn -0.8874 -0.0411 -0.4591
vn 0.0638 -0.0092 -0.9979
vn -0.6042 -0.0663 -0.7941
vn -0.2733 -0.5925 -0.7578
vn 0.1175 0.4174 -0.9011
vn -0.0805 -0.0541 -0.9953
vn 0.1503 0.3232 -0.9343
vn 0.0517 0.0906 -0.9945
vn -0.1089 -0.2777 -0.9545
vn -0.3470 -0.8594 -0.3755
vn -0.0784 -0.0392 -0.9962
vn 0.3040 0.1391 -0.9425
vn 0.4787 0.3460 -0.8070
vn 0.4635 0.1374 -0.8754
vn 0.1449 0.0262 -0.9891
vn 0.3074 0.3523 -0.8840
vn -0.3152 -0.4627 -0.8286
vn 0.0028 0.1392 -0.9903
vn 0.1526 0.0145 -0.9882
vn 0.3554 0.2762 -0.8930
vn -0.2918 -0.8815 -0.3713
vn -0.2462 -0.9138 0.3231
vn -0.3035 -0.0669 -0.9505
vn -0.0374 0.0942 -0.9949
vn -0.7918 0.0366 0.6097
vn -0.4262 0.0113 0.9046
vn -0.5559 0.4567 0.6946
vn -0.6483 0.7607 0.0326
vn -0.6736 -0.5861 0.4503
vn -0.4324 0.0388 0.9008
vn -0.4965 -0.8663 -0.0551
vn -0.3468 -0.8531 0.3897
vn -0.8749 0.2778 0.3967
vn 0.1719 0.6379 0.7507
vn -0.5190 0.7181 0.4636
vn 0.1673 -0.5004 0.8495
vn -0.2312 -0.7513 0.6182
vn -0.1318 -0.4145 0.9004
vn -0.3828 0.0694 0.9212
vn -0.5477 0.3732 0.7488
vn -0.8222 0.2536 -0.5097
vn -0.9443 -0.3291 -0.0014
vn -0.8542 0.2831 0.4360
vn 0.2373 -0.9264 -0.2924
vn 0.8595 -0.1661 0.4834
vn -0.9737 -0.0083 -0.2276
vn -0.4047 -0.7927 -0.4559
vn -0.8680 -0.1913 -0.4583
vn 0.6496 -0.7560 -0.0807
vn 0.8454 -0.4830 -0.2281
vn -0.1937 -0.9097 -0.3674
vn -0.6932 -0.6527 -0.3058
vn -0.5580 -0.3109 0.7694
vn 0.0355 0.5394 0.8413
vn -0.9712 -0.0966 0.2179
vn -0.9304 0.0513 -0.3628
vn 0.0965 0.5629 0.8209
vn -0.7939 0.5218 0.3121
vn 0.9403 0.1564 0.3024
vn 0.8505 -0.4874 -0.1979
vn -0.1541 -0.4911 0.8573
vn -0.3078 0.0528 0.9500
vn -0.4633 -0.6196 0.6335
vn -0.4091 -0.2895 0.8654
vn -0.5968 -0.5187 -0.6123
vn -0.9858 -0.0582 -0.1577
vn -0.9564 0.2195 -0.1926
vn -0.8057 0.4349 -0.4021
vn 0.0138 -0.8283 -0.5601
vn -0.8602 0.5081 0.0435
vn 0.3611 -0.8738 0.3256
vn 0.6784 -0.5948 0.4311
vn 0.6845 -0.7170 0.1317
vn 0.3969 -0.9110 -0.1116
vn 0.3159 -0.2604 0.9124
vn -0.7673 0.5058 0.3941
vn -0.5744 -0.7785 -0.2531
vn -0.7563 0.1775 0.6296
vn -0.1875 0.4615 0.8671
vn 0.2434 -0.4681 0.8495
vn -0.1924 0.3406 0.9203
vn -0.1094 -0.4558 -0.8833
vn -0.8605 0.1404 -0.4898
vn -0.3874 0.9219 0.0028
vn -0.7198 0.6937 0.0241
vn -0.7901 0.5327 -0.3031
vn -0.8663 -0.1106 -0.4871
vn -0.3564 -0.6592 0.6621
vn -0.6965 -0.7160 -0.0462
vn -0.4596 0.3254 0.8264
vn -0.9586 0.2728 0.0819
vn -0.1897 0.7379 0.6477
vn 0.0996 0.9133 0.3949
vn -0.8686 0.3756 0.3232
vn 0.0073 -0.9858 -0.1676
vn 0.3334 -0.5428 -0.7709
vn 0.4607 -0.7327 0.5010
vn -0.3206 0.4552 -0.8307
vn -0.4394 -0.4407 -0.7827
vn -0.1958 0.6083 -0.7692
vn -0.0023 -0.7340 0.6791
vn 0.0892 -0.0939 0.9916
vn 0.6220 0.1704 0.7642
vn -0.5971 -0.6319 0.4942
vn -0.5786 -0.5022 0.6426
vn -0.8039 -0.4021 0.4382
vn -0.5828 -0.1605 0.7966
vn -0.3296 -0.5681 0.7541
vn -0.4413 -0.1015 0.8916
vn 0.0277 0.9336 -0.3572
vn 0.1407 0.8998 0.4130
vn -0.5377 0.8430 -0.0153
vn -0.4009 0.5103 0.7609
vn -0.2251 -0.9683 -0.1078
vn -0.0433 -0.9883 -0.1460
vn 0.6677 -0.5814 0.4650
vn 0.7497 -0.5388 0.3844
vn -0.2644 -0.9125 -0.3122
vn 0.5251 -0.8379 -0.1491
vn 0.0126 -0.1548 0.9879
vn 0.4442 -0.7055 -0.5522
vn 0.5964 -0.6073 -0.5249
vn 0.5482 -0.7905 -0.2731
vn 0.6702 -0.7257 0.1553
vn 0.7340 -0.4341 -0.5223
vn 0.8749 -0.4632 -0.1415
vn 0.2913 -0.9142 -0.2817
vn 0.0678 -0.9960 0.0573
vn -0.3240 -0.9305 -0.1706
vn 0.0246 -0.8108 -0.5848
vn 0.0606 -0.9942 -0.0886
vn 0.9696 -0.2052 -0.1332
vn 0.8271 -0.5165 -0.2217
vn 0.0381 -0.9378 -0.3452
vn 0.4589 -0.8229 0.3349
vn 0.6259 -0.7795 -0.0246
vn -0.0213 -0.4047 0.9142
vn 0.6768 0.1728 0.7156
vn -0.1858 0.7458 0.6398
vn -0.3056 0.2936 0.9058
vn -0.4504 -0.6258 -0.6368
vn 0.3194 -0.9062 -0.2771
vn 0.3481 -0.9209 -0.1756
vn 0.5626 -0.8108 -0.1615
vn 0.4949 -0.8153 -0.3007
vn 0.6962 -0.4395 -0.5676
vn 0.9643 -0.2583 0.0578
vn 0.7234 -0.6869 0.0700
vn 0.5152 0.5246 0.6778
vn 0.6395 0.7450 0.1900
vn -0.0304 0.7344 0.6781
vn 0.8594 0.5110 0.0162
vn -0.3961 -0.8260 -0.4010
vn -0.5209 -0.8482 -0.0964
vn -0.9447 0.0895 -0.3155
vn -0.8039 -0.0369 -0.5936
vn -0.6440 0.3623 -0.6738
vn -0.9448 -0.1911 0.2661
vn -0.6374 0.4803 0.6025
vn -0.2104 -0.3817 0.9000
vn -0.5957 0.4012 -0.6958
vn -0.9338 0.2961 0.2010
vn -0.0697 -0.9748 0.2121
vn -0.8243 -0.5458 0.1503
vn -0.9199 0.1162 0.3746
vn -0.8999 0.3595 -0.2468
vn -0.1385 -0.1353 0.9811
vn -0.4032 -0.7631 0.5051
vn -0.3932 -0.8047 0.4447
vn -0.5213 -0.4320 0.7360
vn -0.8811 -0.3353 0.3336
vn 0.3328 -0.4345 0.8370
vn -0.8284 -0.4093 -0.3825
vn -0.4310 0.1539 -0.8891
vn -0.5116 0.3759 -0.7726
vn 0.2445 -0.9336 0.2618
vn -0.3765 -0.3410 -0.8614
vn -0.5769 -0.0936 0.8114
vn 0.0909 0.0479 0.9947
vn -0.3723 -0.4617 0.8051
vn 0.3062 -0.0439 0.9509
vn -0.0987 0.1993 0.9750
vn 0.2444 0.8327 0.4969
vn 0.3724 0.8366 0.4017
vn -0.4947 0.8689 0.0196
vn 0.6265 0.5048 0.5939
vn -0.1927 0.2612 0.9459
vn -0.5599 -0.0751 0.8251
vn -0.3489 -0.0061 0.9372
vn -0.4389 -0.3167 0.8408
vn 0.8933 -0.4377 -0.1018
vn 0.7265 -0.6866 0.0277
vn 0.7689 -0.5088 0.3872
vn 0.9996 -0.0080 0.0280
vn -0.1841 -0.9595 -0.2133
vn -0.5250 -0.4442 0.7260
vn -0.7750 -0.3486 0.5271
vn -0.4721 0.3054 0.8269
vn -0.2331 -0.9690 0.0818
vn -0.6044 -0.5825 -0.5435
vn -0.4834 -0.0456 -0.8742
vn -0.1470 0.4265 0.8925
vn -0.0644 0.1262 0.9899
vn -0.0092 0.7773 -0.6291
vn 0.0431 -0.8621 0.5049
vn 0.4790 -0.6767 0.5592
vn 0.2144 0.1651 -0.9627
vn 0.3655 -0.6527 0.6636
vn -0.0001 -0.6297 0.7768
vn 0.2992 -0.4551 0.8387
vn 0.0268 -0.5337 0.8453
vn -0.2534 -0.0594 -0.9655
vn 0.0656 -0.3014 0.9512
vn 0.6205 -0.3724 0.6902
vn -0.0131 -0.1567 0.9876
vn -0.8886 0.3732 -0.2665
vn -0.8098 -0.0909 -0.5796
vn -0.1501 0.6179 0.7718
vn -0.6833 0.4812 0.5491
vn -0.2666 0.2420 0.9329
vn -0.0407 -0.3616 0.9314
vn -0.7216 -0.5691 -0.3942
vn -0.8321 0.2486 -0.4958
vn -0.8233 -0.4943 -0.2790
vn -0.5065 -0.4690 -0.7236
vn -0.9979 0.0645 -0.0076
vn -0.9473 0.0782 0.3105
vn -0.3192 -0.9388 0.1294
vn -0.4290 -0.9005 0.0710
vn -0.9955 -0.0099 0.0946
vn -0.5519 -0.8013 -0.2309
vn -0.9430 -0.1296 0.3064
vn -0.8223 -0.3686 0.4334
vn -0.0071 -0.9955 0.0943
vn -0.3727 -0.4796 0.7944
vn -0.0813 -0.9843 0.1567
vn -0.3809 -0.1591 0.9108
vn -0.9731 0.1108 -0.2019
vn -0.8049 0.4505 -0.3863
vn -0.9022 -0.2827 -0.3258
vn -0.9831 0.1636 0.0819
vn -0.6893 0.6808 0.2475
vn -0.1949 0.8288 0.5244
vn -0.9600 0.1505 0.2362
vn -0.9476 0.2657 0.1771
vn -0.5983 0.6876 -0.4114
vn -0.3328 0.2928 -0.8964
vn -0.8829 0.4108 -0.2273
vn -0.2246 0.4009 -0.8882
vn 0.4635 0.5304 -0.7098
vn 0.2973 0.9061 0.3009
vn 0.7963 0.5671 -0.2105
vn -0.8501 -0.5147 -0.1113
vn -0.6767 0.6388 0.3662
vn -0.8731 0.2190 -0.4357
vn -0.0004 0.2902 -0.9570
vn -0.2250 -0.4193 -0.8795
vn -0.2190 0.9481 -0.2306
vn -0.5002 0.3512 -0.7915
vn -0.4520 -0.7031 -0.5489
vn -0.8702 -0.4924 0.0135
vn 0.3141 0.1599 -0.9358
vn 0.0061 -0.4933 -0.8699
vn 0.1006 0.0412 -0.9941
vn -0.4646 0.6966 0.5468
vn 0.1696 0.9324 -0.3193
vn 0.0086 -0.1039 -0.9946
vn -0.0009 -0.2441 -0.9698
vn -0.2169 0.1367 -0.9666
vn -0.2033 0.9156 -0.3469
vn -0.4558 0.7412 -0.4929
vn -0.2196 -0.0028 -0.9756
vn -0.0432 -0.2144 -0.9758
vn -0.6486 0.5166 -0.5590
vn -0.6181 -0.0557 0.7841
vn -0.6906 -0.7170 0.0948
vn -0.1363 -0.6080 0.7821
vn 0.4098 -0.0077 0.9121
vn -0.8123 0.5823 -0.0347
vn -0.9687 -0.2116 -0.1296
vn -0.8331 0.3566 0.4227
vn -0.0205 0.7586 0.6512
vn -0.8856 0.1073 -0.4519
vn -0.5859 0.6974 -0.4128
vn -0.7845 0.1473 -0.6023
vn 0.0880 0.9609 0.2626
vn 0.3215 0.9348 0.1511
vn -0.5546 0.8106 -0.1878
vn -0.1791 0.9210 0.3460
vn 0.1148 0.9782 0.1731
vn -0.5735 -0.6301 -0.5235
vn -0.6409 -0.1944 -0.7426
vn -0.7214 0.2945 -0.6268
vn -0.5976 0.7313 -0.3288
vn 0.7037 0.4640 0.5380
vn 0.8272 0.1850 0.5305
vn -0.5394 0.7777 -0.3228
vn -0.3400 -0.5271 -0.7789
vn -0.5780 -0.7900 -0.2046
vn -0.7956 -0.3598 -0.4874
vn 0.1413 -0.9602 0.2408
vn -0.3425 -0.9393 -0.0176
vn 0.4100 -0.6263 0.6631
vn -0.0366 -0.8964 0.4417
vn -0.4534 0.1269 -0.8822
vn -0.6440 0.5380 -0.5439
vn -0.4855 0.6986 -0.5257
vn 0.1957 0.4820 0.8541
vn -0.8427 0.5261 -0.1139
vn -0.5115 0.8090 0.2896
vn -0.6908 0.0213 0.7227
vn 0.5058 -0.0987 0.8570
vn 0.1707 -0.5019 0.8479
vn 0.8301 -0.2738 0.4857
vn -0.7793 -0.6264 0.0176
vn -0.8725 0.4141 -0.2593
vn -0.2360 -0.9717 -0.0051
vn -0.9129 -0.2983 -0.2786
vn 0.3375 -0.8939 0.2950
vn 0.6785 -0.0551 0.7326
vn 0.7290 -0.6062 0.3179
vn -0.9441 -0.0872 -0.3180
vn -0.1259 -0.9844 -0.1232
vn -0.8601 -0.0085 -0.5101
vn -0.9920 0.0901 0.0882
vn -0.4532 -0.4528 0.7678
vn -0.7525 0.6570 0.0454
vn -0.4341 0.7146 -0.5486
vn -0.4870 0.7742 -0.4042
vn -0.6425 0.7074 -0.2946
vn -0.5485 0.8216 -0.1554
vn -0.3927 0.9125 0.1148
vn -0.9580 0.2847 -0.0332
vn -0.2806 0.9360 0.2124
vn 0.2637 0.9311 0.2521
vn -0.7093 0.2772 0.6482
vn 0.7957 0.4092 0.4466
vn 0.2787 0.4205 0.8635
vn -0.6690 0.6225 -0.4062
vn 0.0968 -0.9759 -0.1957
vn -0.8012 0.1859 -0.5688
vn -0.9529 -0.1849 -0.2404
vn -0.9742 -0.1464 0.1720
vn 0.1689 -0.3199 -0.9323
vn -0.6549 0.0305 -0.7551
vn 0.5247 -0.7876 0.3230
vn 0.5066 -0.6457 0.5714
vn -0.0370 -0.8950 0.4446
vn 0.2587 -0.9140 0.3126
vn -0.6650 -0.7460 -0.0367
vn 0.5591 -0.6663 0.4934
vn -0.0652 -0.9297 0.3626
vn 0.4180 -0.7922 0.4446
vn 0.3489 -0.7623 0.5451
vn 0.6090 0.1210 0.7839
vn 0.8160 -0.3638 0.4491
vn 0.5526 -0.5981 0.5804
vn -0.1159 -0.9829 0.1434
vn 0.9309 0.3025 0.2047
vn 0.6683 0.2040 0.7154
vn -0.8117 -0.5790 0.0763
vn -0.6559 -0.6438 -0.3941
vn 0.0579 -0.9641 0.2592
vn -0.3883 0.7748 -0.4989
vn 0.4658 0.6757 0.5713
vn -0.3806 0.4095 0.8291
vn -0.7387 0.6723 0.0490
vn -0.5152 0.8531 -0.0829
vn 0.0692 0.2011 0.9771
vn -0.9120 -0.0465 -0.4076
vn -0.7607 0.5017 -0.4118
vn -0.7600 0.5663 -0.3190
vn -0.3867 0.9112 -0.1418
vn -0.2821 0.8073 0.5183
vn -0.6451 0.7395 -0.1926
vn 0.6077 0.6827 0.4056
vn -0.2067 0.9013 0.3808
vn -0.9652 0.0559 0.2554
vn -0.9357 -0.0305 -0.3515
vn -0.7436 0.6685 0.0076
vn -0.9322 0.2555 0.2562
vn -0.9821 -0.0206 -0.1872
vn -0.3072 -0.2687 0.9129
vn -0.4437 0.6902 0.5717
vn -0.7411 0.6703 0.0380
vn -0.8099 -0.2599 -0.5258
vn -0.2384 0.4884 -0.8394
vn -0.3943 -0.9177 -0.0483
vn -0.7029 -0.6947 -0.1524
vn -0.2426 -0.9694 -0.0374
vn -0.7623 -0.6421 -0.0808
vn -0.2879 -0.9345 0.2094
vn 0.3402 -0.2251 0.9130
vn -0.9281 -0.1155 0.3540
vn -0.4037 0.7015 0.5873
vn -0.1906 0.7873 0.5864
vn 0.5209 -0.6687 0.5306
vn 0.5402 0.7476 -0.3863
vn -0.3638 0.8267 -0.4292
vn 0.1887 0.6937 -0.6951
vn -0.9768 0.0039 0.2142
vn -0.2359 0.7613 0.6039
vn -0.1659 0.3430 0.9246
vn -0.0989 -0.0637 0.9931
vn 0.7439 0.2825 0.6056
vn 0.5404 -0.5511 -0.6358
vn -0.0493 -0.2185 -0.9746
vn 0.6361 -0.7403 -0.2176
vn 0.7562 -0.5139 0.4051
vn 0.8454 -0.2860 -0.4512
vn 0.6745 0.5722 0.4666
vn -0.5590 0.6079 0.5639
vn 0.2510 0.9405 0.2288
vn -0.4679 0.1001 -0.8781
vn -0.5434 0.4267 -0.7229
vn -0.5395 -0.4325 -0.7224
vn -0.1499 -0.9495 -0.2756
vn 0.5137 -0.8219 0.2462
vn 0.9057 -0.3912 -0.1632
vn 0.6762 -0.6648 0.3176
vn 0.5465 -0.7622 0.3470
vn 0.3451 -0.8583 0.3797
vn 0.3896 -0.8893 0.2396
vn 0.0713 -0.9707 0.2294
vn 0.4587 -0.8387 0.2934
vn 0.4340 -0.8107 0.3929
vn 0.2195 -0.9129 0.3442
vn 0.0046 -0.9989 -0.0458
vn 0.2964 -0.9550 -0.0118
vn 0.7904 -0.4645 0.3994
vn 0.2320 -0.4628 0.8555
vn -0.6059 0.7828 -0.1415
vn -0.9225 -0.1723 0.3454
vn 0.4001 -0.8968 0.1891
vn 0.4565 -0.8873 0.0664
vn 0.7645 -0.5200 0.3811
vn -0.5026 0.8620 -0.0656
vn -0.2727 -0.5783 0.7689
vn -0.0579 -0.5580 0.8278
vn -0.8692 -0.1343 0.4759
vn 0.6516 -0.5897 0.4771
vn 0.2322 -0.8285 0.5096
vn -0.4868 0.7426 -0.4599
vn -0.3795 0.8400 -0.3878
vn -0.5054 0.7510 -0.4249
vn -0.3311 0.8369 -0.4359
vn -0.3002 0.9124 -0.2781
vn -0.3126 0.9040 -0.2915
vn -0.5026 0.8543 -0.1324
vn -0.2378 0.9596 -0.1506
vn -0.7043 0.7014 0.1100
vn -0.2075 0.9639 0.1668
vn -0.9942 0.0054 -0.1072
vn -0.3209 -0.1912 0.9276
vn -0.9965 -0.0745 -0.0379
vn -0.4714 0.3017 -0.8287
vn -0.8115 -0.5136 -0.2786
vn -0.4748 0.7134 -0.5154
vn 0.2166 0.4789 -0.8507
vn 0.1439 -0.2704 0.9519
vn -0.0291 -0.1793 0.9834
vn -0.0101 -0.1582 0.9874
vn -0.4401 0.8714 -0.2168
vn 0.7088 0.6888 0.1519
vn -0.3924 0.9174 0.0663
vn -0.2892 0.2858 0.9136
vn -0.5051 0.6341 -0.5855
vn -0.0499 -0.8671 0.4956
vn 0.6160 -0.6414 0.4574
vn 0.4849 0.1734 0.8572
vn 0.2707 0.9602 0.0692
vn 0.8808 0.4659 0.0846
vn 0.8106 0.5283 0.2525
vn -0.5086 0.0009 0.8610
vn -0.0314 0.4888 0.8719
vn -0.0148 0.5652 0.8248
vn 0.3454 0.5928 0.7276
vn 0.7371 0.6656 0.1173
vn -0.8502 0.1206 0.5125
vn -0.1794 -0.9247 0.3358
vn -0.6406 -0.7677 -0.0184
vn 0.2211 -0.7267 0.6504
vn 0.4749 -0.6642 0.5773
vn -0.6013 0.2721 -0.7513
vn -0.5244 0.6226 -0.5809
vn -0.7633 0.4639 -0.4497
vn 0.4448 -0.8349 0.3242
vn 0.4466 -0.7099 0.5446
vn 0.3942 -0.8977 0.1967
vn 0.2905 -0.9334 0.2109
vn 0.4738 -0.7968 0.3751
vn 0.5686 -0.8157 0.1065
vn 0.1185 -0.9734 0.1962
vn 0.6441 -0.7104 0.2836
vn 0.2810 -0.9483 0.1474
vn 0.1421 -0.9713 0.1909
vn -0.0180 -0.9980 -0.0610
vn -0.0022 -0.9860 0.1668
vn 0.1231 -0.9883 0.0899
vn 0.2406 -0.8969 0.3711
vn 0.1819 -0.9823 -0.0436
vn -0.0698 -0.9755 0.2088
vn 0.2962 -0.8462 0.4429
vn -0.0162 -0.2667 0.9637
vn 0.2119 -0.9284 0.3051
vn 0.0924 -0.1473 0.9848
vn -0.1338 0.9851 -0.1080
vn 0.2578 0.9606 0.1040
vn 0.1974 0.9689 -0.1494
vn -0.3050 0.8982 -0.3166
vn -0.0557 0.9714 -0.2308
vn -0.2974 0.9498 -0.0972
vn 0.2443 0.9285 -0.2796
vn -0.3086 0.9509 -0.0221
vn -0.2993 0.9531 0.0443
vn -0.2063 0.9689 0.1364
vn -0.2743 0.9291 -0.2479
vn -0.7009 -0.7054 -0.1057
vn -0.2359 -0.6084 0.7578
vn -0.0863 -0.8191 0.5671
vn -0.3047 -0.9512 -0.0483
vn -0.6847 -0.1726 -0.7081
vn -0.1198 0.4754 -0.8716
vn -0.4193 0.1278 -0.8988
vn 0.1482 -0.5369 0.8305
vn 0.0047 -0.0565 0.9984
vn 0.0250 -0.4465 0.8944
vn 0.1053 -0.2738 0.9560
vn 0.1258 0.3253 0.9372
vn -0.5320 0.8051 -0.2623
vn -0.1775 0.5231 -0.8336
vn -0.1534 -0.3628 0.9191
vn -0.3170 -0.5226 0.7914
vn -0.8423 0.3658 -0.3959
vn 0.1994 0.7109 -0.6744
vn -0.4836 -0.8207 0.3044
vn -0.9682 0.2234 -0.1127
vn -0.1717 0.9219 -0.3473
vn 0.6393 -0.2817 0.7155
vn 0.9180 0.3920 0.0601
vn 0.7836 -0.2994 0.5444
vn 0.2845 0.7590 0.5856
vn 0.6752 0.7056 -0.2151
vn 0.4473 0.7981 -0.4036
vn -0.3457 -0.2049 -0.9157
vn -0.8176 -0.2120 -0.5353
vn -0.7371 -0.1294 0.6633
vn -0.6988 0.0029 0.7153
vn -0.6754 -0.2574 0.6911
vn -0.8514 0.5215 0.0566
vn -0.8882 0.2982 -0.3496
vn -0.7965 0.6044 -0.0132
vn 0.4130 0.3848 0.8255
vn 0.7209 0.6930 0.0082
vn 0.5886 0.5148 0.6233
vn 0.8543 0.0148 0.5196
vn 0.9086 0.1694 0.3819
vn -0.2510 -0.9625 -0.1027
vn 0.5085 -0.8515 0.1279
vn 0.5252 -0.8508 0.0175
vn -0.9296 -0.3256 0.1730
vn -0.4691 -0.8576 0.2110
vn -0.6083 -0.1776 0.7736
vn -0.7136 0.2546 0.6527
vn -0.8621 -0.5067 0.0047
vn -0.8957 -0.3121 -0.3167
vn -0.9248 0.3346 -0.1810
vn -0.7283 0.4522 0.5149
vn -0.8524 -0.4478 0.2698
vn -0.9131 0.4048 -0.0492
vn -0.1293 -0.3679 0.9208
vn -0.6332 -0.7386 -0.2313
vn -0.9972 0.0706 -0.0257
vn -0.9357 -0.1999 -0.2908
vn -0.2669 -0.9623 -0.0531
vn 0.2250 -0.9722 0.0651
vn 0.5295 -0.8459 0.0642
vn -0.5719 -0.8202 -0.0143
vn -0.7057 -0.6803 -0.1981
vn -0.9050 0.4165 0.0864
vn -0.6575 0.7523 0.0407
vn 0.0379 0.9394 0.3407
vn 0.0251 -0.9555 0.2938
vn 0.6816 -0.0993 0.7249
vn -0.7024 0.3861 0.5980
vn -0.7355 0.3502 0.5800
vn -0.6781 0.6642 0.3146
vn -0.9398 0.3401 -0.0321
vn -0.7466 -0.4584 -0.4822
vn -0.3327 -0.7373 0.5879
vn -0.2246 -0.1729 0.9590
vn 0.3470 -0.4286 0.8342
vn -0.7176 0.6791 -0.1546
vn -0.8538 0.0229 -0.5201
vn 0.4971 -0.4437 0.7457
vn -0.8333 0.2444 -0.4960
vn 0.2190 -0.9465 0.2369
vn 0.3063 -0.9205 0.2425
vn 0.9946 -0.0875 0.0555
vn 0.4871 -0.8533 0.1860
vn 0.1046 -0.9812 0.1619
vn 0.1066 -0.9828 0.1509
vn 0.1664 -0.9821 0.0886
vn 0.4658 -0.8662 0.1807
vn 0.2554 -0.8829 0.3941
vn 0.3187 -0.7535 0.5750
vn 0.2811 -0.0561 0.9580
vn -0.4575 0.8515 -0.2563
vn -0.2928 0.8132 -0.5030
vn -0.2436 0.8699 0.4288
vn 0.0921 0.9852 -0.1446
vn -0.0933 0.9919 -0.0866
vn 0.9263 0.2460 0.2853
vn 0.6787 0.7240 -0.1233
vn 0.0290 0.9731 -0.2283
vn 0.7355 0.6372 -0.2305
vn -0.1244 0.9906 -0.0571
vn -0.2582 0.9624 -0.0841
vn -0.0819 0.6888 0.7203
vn -0.0632 0.8026 0.5931
vn 0.1105 0.0347 0.9933
vn -0.2819 0.9062 0.3153
vn -0.5521 -0.0314 -0.8332
vn -0.9210 -0.3552 0.1601
vn -0.6851 -0.7209 -0.1048
vn -0.5045 -0.7922 0.3435
vn -0.5128 -0.2790 -0.8119
vn -0.0214 -0.6763 0.7363
vn -0.4044 0.7872 -0.4655
vn -0.1504 0.9541 -0.2588
vn -0.3294 0.9385 -0.1033
vn -0.1279 -0.4492 0.8842
vn -0.2995 -0.4843 0.8220
vn 0.1473 0.6088 -0.7796
vn 0.4900 0.8001 -0.3461
vn 0.4256 0.3175 0.8474
vn -0.6268 -0.3521 0.6951
vn -0.7461 -0.5815 -0.3244
vn 0.0033 -0.9028 -0.4301
vn -0.0823 -0.9037 -0.4202
vn -0.3205 -0.7766 -0.5424
vn 0.5112 -0.8469 -0.1464
vn 0.4141 -0.8805 -0.2306
vn 0.5345 -0.8314 -0.1520
vn 0.5924 -0.7919 0.1479
vn 0.1282 -0.9917 -0.0088
vn 0.6388 0.7691 -0.0216
vn 0.2867 -0.8777 0.3839
vn 0.4426 -0.8893 0.1149
vn 0.8830 -0.4690 -0.0163
vn 0.6792 -0.7252 -0.1133
vn 0.4205 -0.8991 0.1217
vn 0.1596 -0.9856 0.0562
vn 0.5813 -0.6986 0.4172
vn 0.8333 -0.5390 -0.1229
vn -0.0197 -0.9278 0.3725
vn 0.8835 0.0714 0.4630
vn -0.0763 0.5403 0.8380
vn -0.4596 -0.8273 0.3230
vn 0.6316 -0.7562 0.1707
vn -0.8481 0.0025 0.5299
vn -0.6548 0.4031 0.6393
vn -0.6262 0.7793 0.0230
vn -0.1932 0.9096 -0.3678
vn -0.6176 0.7559 -0.2174
vn -0.6953 0.7039 -0.1451
vn -0.1707 0.9619 0.2134
vn -0.3832 0.9229 0.0386
vn -0.1804 0.9735 0.1406
vn 0.1481 0.9881 0.0417
vn -0.0831 0.9884 0.1271
vn 0.5989 0.7559 0.2646
vn -0.0371 0.9089 0.4154
vn -0.3354 0.8365 0.4333
vn -0.3194 0.8433 0.4323
vn 0.7001 0.5314 0.4770
vn 0.0475 0.0794 0.9957
vn -0.5485 0.4828 -0.6827
vn -0.5087 0.8236 -0.2506
vn 0.3205 -0.8546 0.4086
vn -0.0659 -0.9718 0.2262
vn 0.4490 -0.7908 0.4160
vn -0.0052 -0.0612 0.9981
vn 0.5232 -0.8470 0.0946
vn 0.9803 -0.1914 -0.0492
vn 0.0776 -0.9449 0.3180
vn 0.2101 -0.9607 0.1814
vn 0.0926 -0.9200 0.3809
vn 0.3887 -0.8256 0.4090
vn 0.5375 -0.5870 0.6055
vn -0.8212 0.2339 -0.5206
vn -0.4063 0.5166 -0.7537
vn -0.9185 0.1513 0.3653
vn -0.8046 0.1395 -0.5772
vn -0.0032 0.9947 0.1027
vn -0.2720 0.4455 0.8530
vn -0.3222 -0.4394 0.8385
vn 0.3272 -0.5105 0.7952
vn -0.1315 0.9197 -0.3700
vn 0.4069 -0.8884 0.2125
vn -0.6740 0.7095 0.2055
vn 0.4235 -0.7544 0.5015
vn 0.7433 0.4869 -0.4587
vn 0.1718 0.9165 -0.3613
vn 0.8975 -0.0078 -0.4410
vn 0.0707 0.9831 0.1691
vn 0.3067 0.8687 -0.3891
vn 0.4135 0.8295 0.3755
vn 0.6584 -0.2515 0.7094
vn 0.4690 0.4580 0.7552
vn -0.0447 0.5910 -0.8054
vn -0.2345 0.4717 -0.8500
vn 0.1238 -0.4944 0.8604
vn -0.2182 0.9635 -0.1549
vn -0.1871 0.9559 -0.2262
vn -0.4932 0.8599 -0.1317
vn -0.4856 0.8731 -0.0445
vn -0.0444 0.9571 0.2863
vn -0.0840 0.5861 -0.8059
vn -0.1133 0.4808 -0.8695
vn -0.1324 0.6494 -0.7488
vn 0.1519 -0.5526 0.8195
vn 0.0207 0.9164 -0.3997
vn -0.4891 0.7779 0.3946
vn -0.1056 0.9937 0.0373
vn -0.2824 0.9592 0.0149
vn -0.2213 -0.5553 0.8017
vn -0.1570 -0.8066 0.5699
vn -0.0403 -0.9341 -0.3547
vn -0.9559 -0.2044 -0.2110
vn -0.6789 0.7177 0.1550
vn -0.7090 0.6381 0.3004
vn 0.0337 0.8927 0.4494
vn 0.5095 -0.8361 -0.2035
vn -0.1315 -0.7384 0.6614
vn -0.4255 0.2569 0.8677
vn 0.7820 0.0899 0.6167
vn -0.9306 -0.0183 0.3656
vn 0.9472 0.1526 -0.2821
vn 0.9625 -0.2330 -0.1386
vn 0.4302 -0.8781 -0.2094
vn 0.9025 0.0698 0.4249
vn 0.9871 0.1448 -0.0677
vn -0.1263 0.9920 0.0073
vn -0.4264 0.7830 0.4530
vn -0.0794 0.9911 -0.1069
vn 0.1374 0.9250 0.3543
vn 0.2858 0.9314 0.2254
vn -0.4311 0.8915 -0.1395
vn 0.2760 0.4821 0.8315
vn 0.4774 0.7377 0.4774
vn 0.7866 0.6094 0.0993
vn -0.7633 -0.6446 0.0437
vn 0.1658 0.9603 0.2244
vn 0.6821 0.7251 -0.0950
vn -0.5530 0.6563 0.5133
vn -0.6990 -0.5196 0.4914
vn -0.2835 0.5736 0.7685
vn 0.2885 -0.2178 0.9324
vn 0.5736 0.0758 0.8156
vn 0.3983 -0.6403 0.6567
vn 0.4035 0.7594 -0.5104
vn 0.1372 0.8901 -0.4345
vn 0.4917 -0.8260 0.2757
vn 0.3993 -0.8257 0.3984
vn 0.8851 -0.4478 -0.1267
vn 0.9219 -0.1266 0.3661
vn 0.7970 -0.6033 0.0272
vn 0.3839 -0.0263 0.9230
vn 0.8141 0.5788 0.0465
vn 0.3705 0.2031 0.9064
vn 0.8063 -0.0859 0.5852
vn 0.5013 0.7289 -0.4662
vn 0.8309 0.3675 -0.4178
vn 0.0464 0.9007 -0.4319
vn -0.3820 0.9128 -0.1444
vn -0.3555 0.8766 -0.3245
vn -0.0941 0.9953 0.0221
vn -0.0481 0.9320 0.3593
vn 0.0900 0.9256 -0.3676
vn 0.0235 -0.1225 0.9922
vn 0.1961 -0.8806 0.4313
vn -0.4358 -0.4184 0.7969
vn 0.0736 0.4074 -0.9103
vn 0.1121 0.5015 -0.8579
vn 0.6130 0.0883 -0.7851
vn -0.0354 0.6805 -0.7319
vn -0.1914 0.6587 -0.7277
vn 0.3562 -0.2599 0.8975
vn 0.5722 -0.3025 0.7623
vn -0.1253 0.9814 0.1456
vn -0.2140 0.9468 -0.2403
vn 0.4164 0.5309 0.7381
vn -0.3048 -0.4167 0.8564
vn 0.5131 0.3813 0.7690
vn 0.1800 -0.4517 -0.8738
vn 0.0969 -0.1564 -0.9829
vn 0.0476 0.3422 -0.9384
vn 0.0485 0.2636 -0.9634
vn -0.0081 0.0975 -0.9952
vn 0.2187 0.0431 -0.9748
vn 0.0158 -0.9127 0.4084
vn 0.4508 -0.8892 -0.0779
vn 0.6813 -0.7238 0.1090
vn 0.4438 0.6255 -0.6417
vn 0.3115 0.6553 -0.6882
vn -0.0451 -0.1532 -0.9872
vn -0.0009 -0.1160 -0.9932
vn -0.2399 -0.0419 -0.9699
vn 0.8332 -0.1823 -0.5221
vn -0.0428 0.2777 -0.9597
vn 0.8191 0.3927 -0.4180
vn 0.7395 -0.1592 0.6541
vn 0.9895 0.1444 -0.0026
vn -0.3484 -0.2216 -0.9108
vn -0.1309 -0.4286 -0.8940
vn 0.2896 -0.6063 -0.7407
vn -0.0196 -0.7057 -0.7082
vn 0.9676 0.0935 -0.2347
vn 0.4441 -0.1863 -0.8764
vn 0.7347 -0.6592 0.1602
vn 0.0884 -0.8974 -0.4323
vn 0.1434 -0.8653 -0.4803
vn -0.5775 0.0261 0.8160
vn -0.2769 -0.7014 0.6567
vn -0.2980 0.2439 0.9229
vn 0.1411 -0.5152 -0.8454
vn -0.0242 0.2113 -0.9771
vn 0.2237 0.7389 0.6356
vn 0.2796 0.1571 0.9472
vn -0.1769 0.7374 -0.6518
vn -0.5316 0.5863 -0.6113
vn 0.1538 0.9833 -0.0975
vn 0.0158 0.8455 -0.5338
vn 0.5485 0.8261 0.1297
vn 0.9592 0.1544 -0.2369
vn 0.9100 -0.3863 -0.1504
vn 0.5437 -0.3223 -0.7749
vn 0.6206 -0.3288 0.7119
vn 0.8080 -0.5430 -0.2286
vn 0.3861 -0.2523 0.8873
vn -0.0276 -0.3834 0.9232
vn 0.1348 -0.4020 0.9057
vn 0.2976 -0.2899 0.9096
vn 0.0733 -0.6414 0.7637
vn 0.4192 -0.8988 0.1278
vn 0.7204 -0.5949 0.3565
vn -0.4629 0.5031 0.7298
vn 0.4860 0.1385 0.8629
vn 0.0775 0.8070 0.5854
vn 0.5225 0.7129 0.4678
vn -0.8260 -0.4867 -0.2844
vn -0.4745 -0.7573 -0.4488
vn -0.6188 -0.7384 -0.2679
vn -0.4503 -0.8783 -0.1607
vn -0.9234 -0.3330 -0.1909
vn 0.0899 -0.9611 -0.2613
vn 0.0660 -0.8733 -0.4828
vn -0.5350 -0.8330 -0.1409
vn -0.7639 -0.6452 -0.0079
vn -0.2284 -0.7334 0.6402
vn -0.6717 -0.3956 0.6264
vn -0.5221 0.5816 0.6238
vn -0.2825 -0.3655 0.8869
vn 0.1633 0.2543 0.9532
vn 0.3331 0.3849 0.8608
vn -0.0038 -0.1091 -0.9940
vn -0.5029 -0.7483 -0.4326
vn -0.0991 -0.3473 -0.9325
vn 0.6739 -0.5635 -0.4779
vn -0.5701 0.8140 0.1114
vn -0.8606 0.3742 0.3455
vn -0.2791 0.9474 0.1563
vn -0.0245 0.9569 0.2893
vn -0.1587 -0.9164 -0.3675
vn 0.5189 0.6698 0.5311
vn 0.2488 -0.8609 -0.4437
vn -0.1041 -0.9924 -0.0662
vn -0.1965 0.7332 0.6510
vn -0.0587 -0.9974 -0.0429
vn 0.0468 -0.6393 0.7675
vn 0.0727 0.8414 0.5355
vn 0.0999 -0.7901 -0.6048
vn 0.2690 -0.7286 0.6299
vn 0.3835 -0.5782 0.7202
vn 0.0556 -0.6454 0.7618
vn 0.6212 -0.5916 0.5139
vn 0.5276 -0.6241 0.5764
vn 0.6471 -0.4987 0.5767
vn -0.2619 -0.9595 0.1039
vn 0.1774 -0.4841 0.8568
vn 0.0792 -0.9456 0.3155
vn -0.0591 -0.8965 0.4392
vn 0.9389 -0.2765 0.2048
vn 0.3152 -0.9479 0.0455
vn 0.8506 -0.3059 0.4278
vn 0.2516 -0.1343 0.9585
vn 0.4159 -0.3555 0.8370
vn 0.8506 -0.4071 -0.3328
vn 0.4554 -0.3764 -0.8068
vn 0.3362 -0.4200 -0.8430
vn 0.5697 -0.5388 0.6206
vn 0.9588 -0.2520 0.1310
vn 0.8444 -0.1951 0.4989
vn 0.8620 -0.2212 0.4562
vn 0.9244 -0.1878 0.3320
vn -0.0970 -0.9323 -0.3485
vn 0.0088 -0.9991 0.0403
vn -0.2600 -0.8541 -0.4505
vn -0.6513 -0.7569 -0.0529
vn -0.5273 -0.7351 -0.4261
vn 0.4788 -0.8728 0.0947
vn -0.8348 -0.4118 0.3655
vn -0.4816 -0.5715 0.6644
vn -0.2642 0.2771 0.9238
vn -0.1906 -0.2067 0.9597
vn 0.8834 0.3310 0.3318
vn 0.9011 -0.4137 0.1303
vn 0.7831 -0.4713 -0.4058
vn 0.8684 0.0909 0.4876
vn 0.5686 0.3829 0.7281
vn 0.4110 0.7089 0.5732
vn 0.6688 -0.4395 0.5996
vn 0.6477 -0.2693 -0.7127
vn 0.8733 -0.0027 -0.4872
vn 0.4673 -0.2381 0.8514
vn 0.3226 -0.6055 0.7275
vn 0.9646 0.0313 -0.2618
vn 0.9167 0.3831 0.1134
vn 0.4667 0.8215 0.3277
vn -0.1177 0.6259 0.7710
vn 0.9394 0.3028 0.1605
vn 0.5364 0.7654 0.3555
vn 0.0096 -0.7307 -0.6827
vn 0.1032 -0.6387 -0.7625
vn -0.2350 -0.7846 -0.5738
vn -0.5939 -0.7053 -0.3871
vn 0.5335 0.6143 0.5813
vn 0.4492 0.7646 0.4622
vn -0.0369 -0.9065 -0.4206
vn 0.4112 -0.9111 -0.0296
vn 0.0747 -0.9068 -0.4150
vn -0.0446 -0.8598 -0.5086
vn 0.5131 -0.6223 -0.5911
vn -0.2781 -0.9488 -0.1501
vn 0.1981 -0.5754 -0.7935
vn 0.7555 -0.6057 -0.2497
vn 0.4447 -0.8356 0.3225
vn -0.0229 -0.8099 -0.5861
vn 0.2175 -0.0300 0.9756
vn 0.3280 -0.8777 0.3495
vn 0.2754 -0.2343 0.9323
vn 0.3593 -0.6165 -0.7005
vn 0.9328 0.1432 -0.3308
vn 0.8591 -0.2765 -0.4307
vn 0.8059 0.0400 -0.5907
vn 0.8652 0.4967 0.0687
vn 0.5063 -0.1988 0.8391
vn 0.4306 0.6731 0.6013
vn -0.5531 -0.5577 -0.6189
vn -0.7749 -0.6302 0.0492
vn -0.6806 -0.7321 -0.0287
vn -0.7067 -0.3869 -0.5923
vn -0.5982 -0.5384 0.5935
vn 0.9046 0.3604 0.2274
vn 0.5732 0.8132 0.1006
vn 0.1314 -0.8410 -0.5248
vn 0.0693 -0.7066 0.7042
vn 0.2292 -0.9671 0.1106
vn 0.6503 -0.2407 0.7205
vn 0.4469 -0.6415 0.6236
vn 0.2680 -0.9437 -0.1939
vn 0.4667 0.2752 0.8405
vn -0.0934 -0.8318 -0.5472
vn 0.0133 -0.9509 -0.3092
vn 0.6851 0.4800 0.5479
vn -0.1016 0.9836 0.1489
vn 0.0959 0.8559 0.5082
vn -0.9009 -0.0679 0.4286
vn -0.3936 -0.9124 0.1123
vn 0.1792 -0.9411 0.2869
vn -0.2562 -0.0737 0.9638
vn 0.4348 -0.9000 0.0320
vn -0.4382 -0.8376 0.3263
vn -0.0526 -0.9786 0.1990
vn -0.9330 -0.0461 0.3570
vn -0.1073 -0.9939 0.0254
vn 0.2325 -0.9668 0.1059
vn -0.5261 0.7711 0.3587
vn -0.4457 0.8823 0.1513
vn 0.5434 -0.5627 0.6230
vn 0.4590 0.0495 0.8871
vn 0.9555 -0.2535 -0.1509
vn -0.0267 -0.9845 0.1735
vn 0.4886 -0.8362 -0.2490
vn 0.5799 0.6511 0.4896
vn 0.8355 -0.4959 -0.2368
vn 0.3836 0.2701 0.8831
vn -0.1365 0.0536 -0.9892
vn -0.0040 0.4561 -0.8899
vn -0.1433 -0.6642 -0.7337
vn 0.3547 -0.0621 -0.9329
vn 0.5132 -0.8508 0.1130
vn -0.4160 0.2649 -0.8699
vn -0.7296 -0.4363 -0.5266
vn -0.3655 0.5361 -0.7609
vn -0.4619 -0.8843 -0.0676
vn 0.1764 -0.9064 0.3839
vn 0.0280 -0.9747 0.2219
vn -0.2706 -0.9600 -0.0717
vn 0.3347 -0.9421 0.0193
vn 0.3290 -0.9255 0.1876
vn -0.0240 0.9271 0.3741
vn 0.6892 0.1816 0.7015
vn 0.1117 0.8963 0.4293
vn 0.6870 -0.2629 0.6774
vn 0.4644 -0.8137 0.3494
vn 0.8061 0.2451 0.5386
vn 0.6058 -0.3076 0.7338
vn 0.4924 0.0425 0.8693
vn 0.6726 0.1236 0.7296
vn 0.4314 0.5142 -0.7413
vn -0.0895 0.7851 -0.6129
vn 0.2432 0.9266 -0.2867
vn 0.4138 0.6714 0.6148
vn 0.0006 0.9946 0.1037
vn 0.2648 0.9637 -0.0342
vn 0.2830 0.7767 -0.5627
vn 0.7891 0.2348 0.5676
vn 0.4849 0.8638 0.1368
vn 0.1514 0.9836 0.0980
vn 0.8825 -0.1683 0.4392
vn 0.1236 0.8370 0.5331
vn 0.4517 0.8912 -0.0423
vn 0.1072 0.9776 -0.1810
vn -0.4178 -0.5480 -0.7247
vn 0.7132 -0.4039 -0.5729
vn 0.9458 -0.2028 0.2537
vn 0.1528 -0.9682 -0.1981
vn 0.6085 -0.5872 0.5338
vn 0.5048 -0.0329 0.8626
vn 0.2704 0.9604 0.0671
vn 0.8375 0.4318 -0.3349
vn 0.5999 0.0465 -0.7987
vn 0.9110 0.3960 -0.1153
vn 0.7070 -0.5144 0.4854
vn -0.3398 0.7460 -0.5727
vn 0.3533 0.7438 -0.5674
vn 0.1561 -0.1693 -0.9731
vn 0.6559 -0.2781 -0.7017
vn 0.5995 0.7093 0.3707
vn 0.9911 -0.1163 -0.0642
vn 0.9821 -0.0190 -0.1874
vn 0.0877 -0.1233 -0.9885
vn 0.0772 -0.2201 -0.9724
vn -0.2992 -0.0445 -0.9532
vn 0.1712 -0.4338 -0.8846
vn -0.7899 0.5960 -0.1441
vn -0.5648 0.3203 -0.7606
vn 0.0535 -0.4705 -0.8808
vn -0.4102 0.9033 0.1259
vn -0.1197 0.6221 0.7737
vn -0.0587 0.7542 -0.6540
vn -0.1967 -0.0526 -0.9791
vn -0.1030 0.2169 -0.9708
vn 0.2840 -0.0386 -0.9580
vn 0.7090 0.1530 -0.6884
vn 0.7654 0.4515 -0.4585
vn 0.9457 -0.2839 0.1585
vn 0.8592 0.4531 0.2377
vn -0.0640 -0.1672 -0.9838
vn 0.8387 -0.2629 0.4769
vn 0.3091 0.4951 0.8120
vn 0.3339 0.4692 0.8176
vn 0.1656 0.4972 -0.8517
vn 0.6092 0.7891 0.0786
vn -0.4709 0.0833 -0.8783
vn -0.2111 0.5096 -0.8341
vn 0.1464 0.7107 -0.6881
vn 0.3461 0.8859 -0.3087
vn 0.4356 -0.5286 -0.7286
vn 0.9192 -0.1035 -0.3800
vn 0.7162 0.2911 -0.6343
vn -0.3666 -0.1883 -0.9111
vn -0.3358 0.4085 -0.8487
vn 0.1091 0.9353 -0.3367
vn 0.3759 0.7159 0.5884
vn 0.5097 0.7826 0.3575
vn 0.1725 0.9667 -0.1890
vn 0.5867 0.6445 0.4903
vn 0.5256 0.7812 0.3369
vn 0.6981 0.3119 0.6444
vn 0.7134 0.5973 -0.3665
vn 0.3474 0.6208 -0.7028
vn 0.6010 0.7411 0.2994
vn 0.6858 0.5674 0.4558
vn -0.9347 -0.3413 0.0988
vn -0.5900 -0.2287 0.7743
vn -0.2620 0.0109 0.9650
vn 0.1517 -0.6871 0.7105
vn -0.4669 -0.6124 -0.6379
vn -0.0610 -0.9207 -0.3854
vn -0.2962 -0.8616 -0.4123
vn -0.5123 -0.7473 -0.4232
vn -0.4149 -0.7528 -0.5110
vn -0.0832 -0.9590 -0.2709
vn 0.3457 -0.9172 -0.1982
vn 0.0929 0.8691 0.4858
vn 0.0552 0.8939 0.4449
vn 0.3643 0.8152 0.4502
vn 0.1490 -0.9887 0.0164
vn -0.0535 -0.9734 -0.2228
vn -0.4178 -0.7481 -0.5156
vn -0.1513 0.9491 0.2763
vn -0.5020 0.6736 0.5425
vn -0.5805 0.5811 0.5704
vn 0.3570 0.8499 0.3876
vn 0.8081 0.5349 0.2466
vn 0.4650 0.8619 0.2022
vn 0.8062 0.5827 -0.1025
vn 0.9114 0.4115 0.0047
vn 0.8320 0.1004 -0.5456
vn 0.9185 -0.3841 0.0941
vn 0.7878 0.5888 0.1806
vn 0.4993 0.8475 0.1801
vn 0.8692 0.4924 -0.0464
vn 0.6988 0.0614 0.7127
vn 0.7489 0.6504 -0.1270
vn 0.6337 0.7725 -0.0403
vn 0.1119 0.8595 -0.4987
vn -0.1211 0.6115 -0.7819
vn 0.3334 0.2512 -0.9087
vn -0.1167 0.6693 -0.7338
vn -0.0195 0.6742 -0.7383
vn 0.3243 0.2700 0.9066
vn 0.7273 0.4677 0.5023
vn 0.0831 0.9162 0.3920
vn 0.1353 -0.2917 0.9469
vn -0.7861 0.4981 0.3659
vn 0.9811 0.1059 -0.1619
vn 0.8302 0.4523 -0.3259
vn 0.5521 -0.6805 0.4818
vn 0.5242 -0.7528 0.3983
vn 0.8762 -0.4806 0.0349
vn 0.8837 -0.4590 -0.0919
vn 0.7982 -0.5977 0.0753
vn 0.8859 -0.3971 0.2399
vn 0.7429 0.6614 -0.1029
vn 0.9425 -0.1204 0.3118
vn 0.8357 0.1903 0.5152
vn 0.4018 0.2074 0.8919
vn 0.9814 0.0817 -0.1736
vn 0.5797 0.7262 -0.3695
vn 0.6572 -0.6984 0.2836
vn 0.3503 -0.4429 0.8253
vn 0.9518 0.1517 0.2666
vn 0.7863 -0.0185 -0.6175
vn 0.6543 -0.6699 0.3508
vn 0.9125 -0.4089 -0.0123
vn 0.4802 0.8674 -0.1304
vn -0.5629 0.7421 0.3639
vn 0.0082 0.5522 0.8337
vn 0.1972 -0.5355 0.8212
vn 0.4412 -0.3543 0.8245
vn 0.8387 0.3078 0.4493
vn 0.4241 0.6127 0.6669
vn 0.9973 0.0073 0.0731
vn 0.4487 0.8653 -0.2233
vn 0.5841 -0.6015 0.5450
vn 0.6060 -0.6025 0.5194
vn 0.2275 0.9709 0.0753
vn -0.4164 -0.6237 -0.6615
vn 0.2695 -0.2624 -0.9266
vn -0.4195 -0.8721 0.2517
vn 0.1914 -0.5461 0.8155
vn 0.8293 -0.4837 -0.2797
vn 0.6224 -0.7605 0.1849
vn 0.9695 -0.1332 0.2057
vn 0.9458 0.3138 0.0836
vn 0.6382 0.6699 0.3795
vn 0.8462 0.3438 -0.4071
vn 0.7392 -0.5082 0.4419
vn 0.5937 -0.5888 0.5485
vn 0.2114 -0.9751 -0.0673
vn -0.1090 -0.5797 -0.8075
vn -0.3200 -0.6094 -0.7254
vn 0.7461 0.4239 0.5134
vn 0.2644 0.4280 0.8642
vn 0.3630 0.7710 0.5233
vn 0.5339 0.7593 0.3721
vn -0.3334 0.4837 0.8093
vn -0.1140 0.9927 0.0404
vn 0.3729 0.8762 0.3053
vn -0.2705 0.7422 0.6131
vn -0.3903 0.4528 -0.8016
vn 0.4140 -0.0928 -0.9055
vn -0.9737 0.0519 0.2217
vn -0.1577 -0.1918 0.9687
vn -0.4126 0.2376 -0.8794
vn -0.9078 0.4148 0.0616
vn -0.6169 -0.1205 0.7777
vn -0.0454 0.7220 0.6904
vn -0.0213 0.0246 0.9995
vn 0.0378 0.4335 -0.9004
vn 0.0147 0.8896 -0.4565
vn 0.7995 -0.1794 0.5732
vn 0.3894 0.1147 0.9139
vn 0.6735 -0.1831 0.7161
vn 0.4591 -0.1086 0.8817
vn 0.8148 0.3819 0.4363
vn 0.9515 -0.2659 0.1548
vn 0.5393 -0.8141 0.2153
vn 0.7818 -0.5961 -0.1831
vn 0.4562 -0.6376 -0.6207
vn 0.5278 -0.4070 -0.7455
vn 0.7376 0.6726 -0.0591
vn 0.9028 0.4297 0.0156
vn 0.8513 0.0073 -0.5247
vn 0.9813 -0.1373 -0.1348
vn 0.8257 0.4618 -0.3240
vn -0.0037 -0.2224 0.9750
vn -0.5851 0.1784 0.7911
vn 0.8089 0.5422 -0.2272
vn 0.4898 0.8305 -0.2653
vn 0.2647 0.8208 -0.5062
vn -0.4732 0.7645 -0.4378
vn -0.5384 0.8017 0.2598
vn -0.7687 0.4615 0.4429
vn -0.3734 0.4103 -0.8320
vn -0.8440 0.5347 0.0428
vn -0.9873 -0.0532 -0.1498
vn -0.5321 -0.3838 0.7547
vn -0.9171 0.1178 0.3809
vn -0.8246 0.3462 -0.4475
vn -0.8344 0.5447 0.0843
vn 0.7168 -0.5901 -0.3715
vn 0.7046 -0.7025 0.1000
vn 0.5055 -0.5974 0.6226
vn 0.4373 -0.1379 -0.8887
vn -0.0266 0.2190 -0.9754
vn 0.2840 -0.4233 0.8603
vn 0.6116 0.0740 -0.7877
vn -0.3721 0.6293 -0.6823
vn 0.8180 0.0470 0.5733
vn 0.5633 0.8255 0.0347
vn -0.4898 0.4822 0.7264
vn 0.5650 0.8241 -0.0410
vn -0.1908 0.9484 -0.2535
vn 0.5639 0.1555 0.8110
vn 0.8780 0.1717 -0.4469
vn 0.4480 0.6451 -0.6190
vn 0.8573 0.4695 0.2112
vn 0.3931 0.0825 0.9158
vn 0.8295 -0.3336 0.4480
vn 0.8747 -0.4374 -0.2087
vn 0.4539 0.3473 0.8206
vn 0.6120 -0.6244 0.4854
vn 0.0887 -0.5617 0.8226
vn -0.2274 -0.5835 0.7797
vn -0.5584 -0.1756 0.8108
vn -0.1775 -0.3168 0.9317
vn -0.2371 -0.2726 0.9324
vn -0.3296 -0.3342 0.8830
vn -0.2077 0.2663 0.9412
vn 0.8151 0.2106 -0.5397
vn 0.1166 0.6150 -0.7799
vn 0.9018 -0.1397 -0.4089
vn 0.7314 0.4507 -0.5118
vn 0.8218 0.2773 -0.4977
vn -0.6737 0.4242 0.6052
vn 0.1724 0.5668 0.8056
vn -0.6667 0.2613 0.6980
vn 0.7991 0.5779 0.1655
vn 0.7346 -0.2441 0.6331
vn -0.5715 0.6760 -0.4652
vn -0.8105 0.3815 0.4445
vn -0.4243 0.4266 -0.7987
vn 0.4518 0.5991 -0.6610
vn -0.5415 -0.0654 0.8381
vn 0.2718 0.2539 0.9282
vn -0.3397 -0.0494 0.9392
vn 0.1727 0.6203 0.7651
vn 0.1789 0.9812 0.0730
vn 0.3098 -0.4539 -0.8355
vn -0.7511 -0.0065 -0.6601
vn 0.7029 0.4815 -0.5234
vn -0.6988 0.7034 0.1301
vn -0.5775 0.7386 0.3479
vn 0.6283 -0.3687 -0.6850
vn -0.8300 0.0229 0.5572
vn -0.3978 0.6596 0.6378
vn 0.5600 -0.7916 0.2446
vn -0.3175 -0.5238 0.7905
vn 0.6651 0.1405 0.7334
vn 0.8888 -0.4244 0.1729
vn -0.6661 0.7096 0.2297
vn -0.3498 0.3363 -0.8744
vn 0.8535 -0.1850 -0.4871
vn 0.3717 0.9270 -0.0490
vn -0.5324 0.8038 0.2652
vn 0.1934 0.8563 0.4788
vn 0.6497 0.5730 -0.4997
vn 0.2826 0.5851 0.7601
vn 0.5233 0.1214 0.8434
vn -0.2835 -0.4508 0.8464
vn -0.2439 -0.3887 0.8885
vn -0.2895 -0.6650 0.6885
vn 0.8237 -0.0918 -0.5596
vn 0.8847 -0.1751 -0.4321
vn 0.5469 -0.8082 0.2182
vn -0.1594 -0.8215 0.5475
vn 0.1328 -0.1008 0.9860
vn 0.3142 0.6249 0.7146
vn -0.1941 -0.2110 0.9580
vn 0.2372 0.5320 -0.8128
vn 0.4691 0.3903 -0.7922
vn 0.5180 -0.1986 -0.8320
vn 0.4226 0.4275 -0.7992
vn 0.3859 0.4695 -0.7942
vn 0.3715 0.6785 -0.6337
vn 0.3563 0.6060 -0.7112
vn 0.2836 0.9272 -0.2447
vn 0.9613 -0.1368 0.2391
vn 0.7450 -0.6258 0.2311
vn 0.1830 0.9151 -0.3593
vn 0.5867 0.7048 0.3987
vn 0.2048 0.8417 0.4996
vn 0.0956 0.3402 0.9355
vn 0.0831 -0.9725 -0.2174
vn 0.0429 -0.1701 0.9845
vn 0.0883 -0.2846 0.9546
vn 0.7474 0.1123 0.6548
vn 0.2678 -0.6035 -0.7510
vn 0.3542 0.4887 0.7973
vn 0.8834 0.2674 0.3850
vn 0.7585 0.3739 -0.5337
vn 0.4280 0.4263 -0.7969
vn 0.5234 0.7480 -0.4081
vn 0.5158 -0.1009 -0.8507
vn 0.4750 -0.1853 -0.8602
vn 0.7210 0.2265 0.6548
vn 0.9665 0.1727 0.1897
vn 0.7634 0.3799 -0.5224
vn 0.5031 0.4553 -0.7346
vn 0.4920 -0.5072 0.7076
vn -0.9363 -0.2951 -0.1906
vn -0.9072 -0.1935 -0.3737
vn -0.3540 -0.5208 -0.7769
vn -0.7714 -0.0969 0.6289
vn -0.7108 -0.2912 0.6403
vn -0.4621 -0.0911 0.8822
vn -0.0593 -0.7871 -0.6140
vn -0.5287 -0.8473 0.0519
vn -0.3892 -0.2430 0.8885
vn -0.2916 -0.8117 0.5061
vn -0.4530 -0.2724 0.8489
vn -0.9058 0.3102 0.2887
vn -0.7059 -0.2603 0.6588
vn -0.8410 0.5316 0.1009
vn -0.7591 0.4225 0.4952
vn -0.7169 0.3612 0.5963
vn -0.1564 -0.7882 -0.5953
vn -0.6191 0.7696 0.1563
vn -0.4287 -0.8320 -0.3523
vn -0.4016 -0.8615 -0.3108
vn -0.2057 0.9779 -0.0378
vn -0.8126 -0.3932 -0.4301
vn -0.1669 -0.9704 0.1747
vn 0.5271 -0.6315 0.5687
vn -0.1429 0.9752 0.1691
vn -0.3147 -0.8759 -0.3657
vn -0.8191 -0.2232 -0.5284
vn 0.2880 -0.9529 0.0951
vn -0.0310 0.9623 0.2701
vn -0.4059 -0.6894 0.6000
vn 0.7072 -0.5251 0.4734
vn -0.4844 -0.2209 0.8465
vn 0.0047 -0.9983 0.0575
vn -0.9806 -0.1824 -0.0720
vn -0.7302 -0.6097 -0.3083
vn -0.5055 -0.8619 0.0400
vn -0.5638 0.7526 -0.3401
vn -0.9641 -0.1639 -0.2091
vn -0.0512 -0.9974 0.0512
vn 0.6086 -0.7807 -0.1417
vn -0.3200 -0.9428 -0.0931
vn 0.3038 -0.4849 0.8201
vn 0.4825 -0.8523 0.2021
vn -0.4067 0.4675 0.7849
vn -0.2413 0.7310 0.6383
vn -0.2754 -0.8843 0.3770
vn 0.2793 -0.4261 0.8605
vn 0.5996 -0.7873 0.1437
vn 0.0284 -0.8759 0.4816
vn 0.9131 0.1815 0.3652
vn -0.9406 -0.3342 -0.0591
vn -0.5285 0.7057 -0.4720
vn 0.1142 -0.9668 0.2288
vn -0.6561 -0.3424 0.6726
vn -0.5700 0.6420 0.5127
vn 0.1893 -0.2725 0.9434
vn -0.7594 -0.2109 -0.6154
vn -0.0395 0.9695 -0.2419
vn -0.8224 0.5393 -0.1810
vn -0.8470 0.5110 -0.1467
vn 0.4804 0.7845 0.3920
vn 0.3108 -0.8977 0.3124
vn 0.2028 -0.9437 0.2614
vn 0.4614 -0.6329 0.6217
vn 0.1564 -0.9734 0.1673
vn 0.2453 -0.8908 0.3824
vn 0.5131 -0.6688 0.5380
vn -0.7808 -0.6067 0.1492
vn -0.3714 0.0516 0.9270
vn -0.6135 0.7895 0.0154
vn 0.4460 -0.8241 0.3492
vn 0.1272 -0.9709 0.2029
vn -0.2571 -0.1385 0.9564
vn 0.1752 0.9185 0.3544
vn -0.6840 0.2724 0.6767
vn 0.1491 0.3198 0.9357
vn -0.8684 -0.4879 -0.0885
vn 0.3649 -0.9262 0.0950
vn 0.0837 -0.0428 0.9956
vn 0.7621 0.0842 0.6419
vn -0.8451 0.2411 0.4772
vn 0.4993 -0.7807 0.3757
vn 0.0292 -0.2841 -0.9584
vn 0.6316 0.1310 0.7642
vn 0.6633 -0.0098 0.7482
vn 0.7002 -0.5773 0.4200
vn -0.2140 -0.3514 -0.9114
vn 0.2633 -0.4897 0.8312
vn 0.0676 -0.9848 -0.1603
vn -0.0995 0.4353 0.8948
vn 0.0428 -0.2550 -0.9660
vn 0.7923 -0.3399 0.5066
vn 0.7725 -0.4638 0.4337
vn -0.1712 -0.6727 -0.7198
vn -0.5462 -0.8374 -0.0226
vn 0.3816 -0.1163 0.9170
vn 0.4122 -0.4406 -0.7975
vn 0.1254 0.3640 0.9229
vn -0.4439 0.1184 -0.8882
vn 0.0954 0.8910 0.4439
vn 0.3969 -0.8320 0.3877
vn -0.0122 0.8115 0.5842
vn -0.7982 -0.1875 0.5725
vn -0.3867 -0.1879 0.9028
vn 0.6566 0.0867 -0.7492
vn 0.8541 0.5194 -0.0250
vn -0.3322 0.8080 -0.4866
vn -0.6773 -0.7186 0.1580
vn -0.7032 -0.7045 0.0956
vn -0.5960 0.7767 0.2037
vn 0.4083 0.4105 0.8153
vn -0.3115 0.3540 -0.8819
vn 0.1012 -0.1569 -0.9824
vn -0.3403 0.2780 0.8983
vn 0.2532 -0.8709 -0.4212
vn 0.6638 -0.6665 0.3392
vn 0.4791 0.4100 0.7761
vn 0.9084 0.2309 0.3484
vn 0.4629 -0.8257 -0.3224
vn 0.5208 -0.8459 0.1146
vn 0.5433 -0.7913 0.2803
vn 0.9907 -0.0408 -0.1298
vn -0.4466 -0.3840 -0.8082
vn 0.5070 0.4791 0.7165
vn 0.8335 -0.5394 -0.1193
vn 0.9773 0.2117 0.0038
vn -0.0069 -0.3569 -0.9341
vn -0.1404 0.1060 -0.9844
vn -0.0243 0.8055 0.5921
vn -0.0928 0.9328 0.3481
vn 0.9400 -0.2335 0.2487
vn 0.9830 -0.1812 0.0288
vn 0.3191 0.7033 -0.6352
vn 0.9868 -0.1098 0.1193
vn 0.6157 -0.7786 0.1214
vn -0.8366 0.5457 0.0482
vn -0.5888 -0.1515 0.7939
vn -0.4341 0.8459 0.3100
vn -0.4717 0.6499 -0.5959
vn 0.7863 -0.4305 -0.4432
vn 0.8770 -0.4742 -0.0777
vn 0.0093 0.5501 -0.8350
vn 0.1394 0.9777 -0.1568
vn 0.0875 -0.9940 -0.0663
vn 0.8931 -0.1180 -0.4341
vn -0.1779 -0.7458 0.6420
vn 0.4517 -0.3567 0.8178
vn 0.8844 0.3604 -0.2964
vn 0.9305 0.3633 0.0462
vn 0.5129 -0.8388 -0.1825
vn 0.9334 -0.1583 -0.3220
vn 0.9681 0.2368 0.0820
s 1
f 9//1 6//2 4//3
f 16//4 15//5 13//6
f 23//7 20//8 10//9
f 24//10 23//7 11//11
f 25//12 11//11 12//13
f 29//14 27//15 15//5
f 15//5 16//4 29//14
f 29//14 19//16 30//17
f 31//18 23//7 24//10
f 32//19 24//10 25//12
f 33//20 25//12 26//21
f 36//22 29//14 37//23
f 32//19 30//17 31//18
f 39//24 38//25 32//19
f 32//19 33//20 39//24
f 40//26 34//27 36//22
f 42//28 40//26 36//22
f 43//29 36//22 37//23
f 2//30 48//31 49//32
f 3//33 2//30 49//32
f 48//31 5//34 47//35
f 8//36 10//9 21//37
f 54//38 55//39 56//40
f 54//38 69//41 55//39
f 5//34 8//36 52//42
f 5//34 59//43 47//35
f 49//32 50//44 60//45
f 64//46 65//47 67//48
f 70//49 82//50 69//41
f 70//49 53//51 76//52
f 76//52 53//51 73//53
f 77//54 82//50 70//49
f 83//55 84//56 81//57
f 85//58 86//59 57//60
f 84//56 58//61 81//57
f 115//62 111//63 86//59
f 88//64 83//55 113//65
f 95//66 96//67 59//43
f 95//66 21//37 71//68
f 71//68 97//69 95//66
f 102//70 99//71 100//72
f 101//73 100//72 99//71
f 104//74 73//53 99//71
f 53//51 106//75 73//53
f 79//76 109//77 108//78
f 79//76 108//78 113//65
f 108//78 110//79 113//65
f 115//62 114//80 112//81
f 88//64 114//80 115//62
f 114//80 118//82 116//83
f 119//84 94//85 122//86
f 98//87 101//73 125//88
f 126//89 103//90 127//91
f 454//92 128//93 62//94
f 106//75 130//95 129//96
f 127//91 106//75 129//96
f 130//95 120//97 131//98
f 117//99 120//97 116//83
f 132//100 133//101 137//102
f 135//103 63//104 64//46
f 133//101 63//104 135//103
f 136//105 133//101 135//103
f 134//106 137//102 141//107
f 137//102 142//108 141//107
f 21//37 143//109 71//68
f 72//110 202//111 143//109
f 152//112 144//113 204//114
f 135//103 145//115 136//105
f 146//116 139//117 140//118
f 74//119 75//120 78//121
f 78//121 75//120 149//122
f 89//123 90//124 94//85
f 71//68 152//112 97//69
f 152//112 168//125 97//69
f 105//126 153//127 104//74
f 150//128 75//120 104//74
f 78//121 149//122 157//129
f 149//122 150//128 154//130
f 149//122 154//130 155//131
f 157//129 159//132 156//133
f 118//82 162//134 91//135
f 110//79 156//133 162//134
f 158//136 161//137 165//138
f 91//135 163//139 151//140
f 164//141 167//142 151//140
f 167//142 220//143 166//144
f 97//69 168//125 123//145
f 173//146 98//87 125//88
f 173//146 174//147 98//87
f 172//148 174//147 173//146
f 98//87 174//147 153//127
f 176//149 153//127 175//150
f 157//129 155//131 176//149
f 159//132 160//151 161//137
f 161//137 160//151 179//152
f 179//152 160//151 177//153
f 180//154 130//95 131//98
f 181//155 180//154 131//98
f 161//137 180//154 181//155
f 181//155 120//97 121//156
f 182//157 181//155 166//144
f 187//158 183//159 189//160
f 189//160 186//161 188//162
f 184//163 190//164 189//160
f 184//163 185//165 190//164
f 199//166 186//161 192//167
f 188//162 186//161 199//166
f 196//168 144//113 195//169
f 199//166 201//170 198//171
f 201//170 192//167 239//172
f 28//173 194//174 17//175
f 195//169 203//176 202//111
f 196//168 195//169 194//174
f 144//113 205//177 204//114
f 198//171 206//178 207//179
f 207//179 136//105 208//180
f 199//166 198//171 207//179
f 133//101 209//181 137//102
f 133//101 138//182 209//181
f 200//183 212//184 211//185
f 142//108 137//102 210//186
f 209//181 210//186 137//102
f 152//112 204//114 213//187
f 204//114 205//177 213//187
f 210//186 214//188 147//189
f 216//190 208//180 136//105
f 210//186 147//189 148//191
f 168//125 152//112 169//192
f 170//193 217//194 221//195
f 175//150 174//147 222//196
f 225//197 175//150 222//196
f 222//196 172//148 224//198
f 225//197 222//196 226//199
f 183//159 228//200 229//201
f 230//202 231//203 229//201
f 228//200 227//204 230//202
f 189//160 234//205 187//158
f 232//206 189//160 188//162
f 231//203 939//207 191//208
f 188//162 199//166 238//209
f 196//168 197//210 241//211
f 144//113 196//168 241//211
f 238//209 199//166 242//212
f 241//211 197//210 245//213
f 197//210 246//214 245//213
f 144//113 241//211 247//215
f 245//213 246//214 248//216
f 249//217 207//179 208//180
f 242//212 207//179 249//217
f 200//183 243//218 212//184
f 212//184 243//218 947//219
f 213//187 205//177 250//220
f 208//180 216//190 251//221
f 249//217 251//221 962//222
f 214//188 215//223 216//190
f 252//224 212//184 253//225
f 250//220 254//226 217//194
f 218//227 255//228 257//229
f 218//227 257//229 258//230
f 251//221 252//224 259//231
f 219//232 256//233 260//234
f 261//235 262//236 265//237
f 256//233 963//238 263//239
f 267//240 262//236 264//241
f 221//195 254//226 732//242
f 270//243 259//231 271//244
f 278//245 277//246 279//247
f 279//247 277//246 280//248
f 277//246 268//249 280//248
f 269//250 280//248 268//249
f 4//3 3//33 281//251
f 12//13 9//1 282//252
f 282//252 283//253 284//254
f 286//255 554//256 288//257
f 287//258 292//259 290//260
f 293//261 291//262 290//260
f 293//261 290//260 294//263
f 26//21 286//255 288//257
f 33//20 26//21 625//264
f 287//258 289//265 556//266
f 287//258 291//262 289//265
f 298//267 296//268 291//262
f 298//267 299//269 296//268
f 294//263 292//259 295//270
f 293//261 294//263 300//271
f 303//272 33//20 302//273
f 302//273 296//268 299//269
f 298//267 300//271 299//269
f 305//274 301//275 306//276
f 299//269 301//275 305//274
f 305//274 308//277 304//278
f 305//274 306//276 309//279
f 312//280 320//281 314//282
f 314//282 315//283 312//280
f 317//284 313//285 316//286
f 312//280 319//287 316//286
f 327//288 328//289 325//290
f 331//291 328//289 329//292
f 326//293 318//294 332//295
f 328//289 326//293 332//295
f 322//296 325//290 338//297
f 338//297 325//290 339//298
f 339//298 325//290 340//299
f 333//300 315//283 344//301
f 339//298 340//299 382//302
f 353//303 352//304 351//305
f 356//306 357//307 358//308
f 352//304 354//309 357//307
f 400//310 360//311 359//312
f 343//313 364//314 362//315
f 343//313 363//316 364//314
f 361//317 367//318 363//316
f 343//313 341//319 361//317
f 365//320 386//321 363//316
f 365//320 347//322 345//323
f 366//324 369//325 368//326
f 373//327 374//328 375//329
f 377//330 378//331 393//332
f 431//333 360//311 381//334
f 339//298 382//302 360//311
f 383//335 360//311 382//302
f 362//315 364//314 383//335
f 365//320 345//323 386//321
f 363//316 386//321 364//314
f 385//336 364//314 386//321
f 385//336 383//335 364//314
f 385//336 386//321 388//337
f 345//323 348//338 386//321
f 387//339 386//321 348//338
f 389//340 388//337 387//339
f 348//338 349//341 387//339
f 370//342 387//339 350//343
f 390//344 373//327 375//329
f 352//304 353//303 397//345
f 354//309 352//304 397//345
f 474//346 473//347 399//348
f 396//349 355//350 400//310
f 336//351 358//308 406//352
f 366//324 367//318 408//353
f 408//353 406//352 410//354
f 372//355 420//356 374//328
f 419//357 418//358 420//356
f 420//356 422//359 421//360
f 420//356 421//360 423//361
f 380//362 376//363 423//361
f 380//362 424//364 425//365
f 426//366 428//367 429//368
f 431//333 359//312 360//311
f 431//333 381//334 432//369
f 388//337 433//370 434//371
f 434//371 385//336 388//337
f 385//336 435//372 384//373
f 370//342 369//325 433//370
f 369//325 412//374 433//370
f 435//372 416//375 413//376
f 413//376 373//327 391//377
f 392//378 438//379 439//380
f 439//380 413//376 391//377
f 392//378 441//381 438//379
f 441//381 423//361 421//360
f 394//382 424//364 392//378
f 426//366 427//383 428//367
f 442//384 428//367 427//383
f 442//384 427//383 443//385
f 443//385 427//383 445//386
f 447//387 449//388 450//389
f 283//253 281//251 49//32
f 283//253 60//45 452//390
f 454//92 453//391 455//392
f 454//92 62//94 459//393
f 453//391 454//92 459//393
f 458//394 460//395 462//396
f 466//397 467//398 463//399
f 464//400 463//399 468//401
f 466//397 460//395 467//398
f 354//309 397//345 398//402
f 475//403 455//392 402//404
f 456//405 455//392 475//403
f 395//406 478//407 479//408
f 399//348 479//408 403//409
f 478//407 464//400 479//408
f 479//408 480//410 403//409
f 481//411 396//349 401//412
f 398//402 397//345 471//413
f 407//414 471//413 482//415
f 358//308 398//402 407//414
f 476//416 475//403 480//410
f 404//417 403//409 484//418
f 405//419 485//420 487//421
f 481//411 486//422 488//423
f 483//424 488//423 489//425
f 407//414 489//425 406//352
f 410//354 491//426 493//427
f 491//426 494//428 493//427
f 418//358 414//429 495//430
f 422//359 418//358 497//431
f 495//430 496//432 497//431
f 428//367 501//433 498//434
f 429//368 498//434 499//435
f 430//436 429//368 499//435
f 405//419 431//333 485//420
f 502//437 439//380 438//379
f 438//379 440//438 502//437
f 422//359 501//433 440//438
f 501//433 497//431 503//439
f 501//433 428//367 442//384
f 443//385 502//437 442//384
f 504//440 505//441 499//435
f 503//439 504//440 501//433
f 443//385 445//386 522//442
f 444//443 511//444 509//445
f 506//446 513//447 511//444
f 500//448 432//369 515//449
f 516//450 517//451 584//452
f 518//453 381//334 384//373
f 518//453 436//454 519//455
f 522//442 502//437 443//385
f 522//442 512//456 523//457
f 522//442 445//386 512//456
f 446//458 528//459 448//460
f 526//461 525//462 446//458
f 448//460 447//387 451//463
f 532//464 526//461 451//463
f 531//465 602//466 530//467
f 532//464 537//468 538//469
f 537//468 536//470 539//471
f 127//91 542//472 126//89
f 457//473 546//474 459//393
f 457//473 545//475 546//474
f 545//475 543//476 544//477
f 549//478 468//401 470//479
f 549//478 470//479 550//480
f 60//45 540//481 452//390
f 452//390 540//481 554//256
f 541//482 554//256 540//481
f 544//477 456//405 475//403
f 468//401 477//483 464//400
f 287//258 555//484 292//259
f 486//422 487//421 559//485
f 487//421 651//486 559//485
f 488//423 559//485 560//487
f 488//423 560//487 563//488
f 564//489 565//490 681//491
f 489//425 563//488 567//492
f 567//492 563//488 683//493
f 489//425 567//492 490//494
f 490//494 567//492 568//495
f 490//494 568//495 492//496
f 494//428 570//497 569//498
f 492//496 687//499 494//428
f 496//432 503//439 497//431
f 503//439 571//500 504//440
f 573//501 574//502 575//503
f 508//504 577//505 576//506
f 573//501 575//503 579//507
f 513//447 582//508 514//509
f 513//447 578//510 582//508
f 582//508 581//511 514//509
f 500//448 515//449 516//450
f 584//452 517//451 586//512
f 586//512 519//455 587//513
f 588//514 520//515 589//516
f 589//516 520//515 521//517
f 589//516 521//517 590//518
f 591//519 522//442 523//457
f 591//519 502//437 522//442
f 591//519 592//520 594//521
f 585//522 584//452 586//512
f 597//523 600//524 598//525
f 524//526 527//527 598//525
f 527//527 526//461 601//528
f 599//529 527//527 601//528
f 598//525 603//530 531//465
f 604//531 603//530 605//532
f 604//531 605//532 602//466
f 534//533 602//466 606//534
f 601//528 533//535 607//536
f 606//534 608//537 609//538
f 607//536 610//539 612//540
f 610//539 609//538 615//541
f 615//541 614//542 610//539
f 611//543 610//539 614//542
f 610//539 533//535 609//538
f 617//544 730//545 618//546
f 619//547 613//548 611//543
f 26//21 288//257 622//549
f 297//550 625//264 624//551
f 626//552 171//553 731//554
f 125//88 630//555 628//556
f 630//555 124//557 126//89
f 632//558 126//89 633//559
f 180//154 637//560 545//475
f 180//154 178//561 637//560
f 637//560 178//561 638//562
f 178//561 179//152 638//562
f 639//563 640//564 642//565
f 541//482 288//257 554//256
f 289//265 624//551 556//266
f 648//566 649//567 651//486
f 647//568 648//566 646//569
f 649//567 743//570 651//486
f 735//571 628//556 746//572
f 631//573 657//574 654//575
f 631//573 634//576 657//574
f 661//577 660//578 658//579
f 658//579 659//580 661//577
f 639//563 662//581 666//582
f 641//583 668//584 667//585
f 639//563 641//583 660//578
f 660//578 667//585 663//586
f 663//586 667//585 664//587
f 643//588 644//589 557//590
f 555//484 645//591 646//569
f 555//484 646//569 673//592
f 673//592 648//566 674//593
f 558//594 651//486 487//421
f 675//595 676//596 559//485
f 559//485 676//596 562//597
f 301//275 673//592 678//598
f 674//593 648//566 561//599
f 560//487 559//485 562//597
f 683//493 562//597 679//600
f 674//593 561//599 680//601
f 683//493 684//602 567//492
f 684//602 683//493 685//603
f 494//428 687//499 570//497
f 687//499 688//604 570//497
f 570//497 690//605 569//498
f 569//498 691//606 572//607
f 572//607 692//608 574//502
f 569//498 690//605 691//606
f 575//503 574//502 692//608
f 575//503 692//608 693//609
f 577//505 698//610 578//510
f 582//508 699//611 581//511
f 581//511 699//611 700//612
f 682//613 681//491 702//614
f 587//513 705//615 703//616
f 704//617 703//616 705//615
f 689//618 587//513 706//619
f 706//619 688//604 689//618
f 590//518 706//619 589//516
f 707//620 590//518 521//517
f 708//621 590//518 707//620
f 709//622 521//517 591//519
f 709//622 591//519 593//623
f 596//624 700//612 711//625
f 593//623 594//521 711//625
f 711//625 713//626 712//627
f 716//628 717//629 715//630
f 715//630 718//631 714//632
f 718//631 715//630 719//633
f 583//634 585//522 720//635
f 585//522 586//512 721//636
f 721//636 586//512 704//617
f 718//631 719//633 723//637
f 600//524 723//637 605//532
f 605//532 725//638 608//537
f 724//639 601//528 607//536
f 726//640 607//536 612//540
f 608//537 617//544 609//538
f 730//545 612//540 613//548
f 727//641 726//640 730//545
f 618//546 730//545 613//548
f 171//553 170//193 731//554
f 650//642 731//554 732//242
f 745//643 733//644 736//645
f 735//571 736//645 629//646
f 736//645 733//644 737//647
f 629//646 739//648 172//148
f 736//645 738//649 739//648
f 172//148 223//650 224//198
f 223//650 740//651 224//198
f 226//199 222//196 636//652
f 638//562 226//199 636//652
f 743//570 649//567 745//643
f 745//643 746//572 743//570
f 634//576 747//653 657//574
f 747//653 749//654 662//581
f 749//654 751//655 750//656
f 749//654 747//653 751//655
f 662//581 750//656 752//657
f 752//657 750//656 754//658
f 662//581 752//657 666//582
f 671//659 752//657 761//660
f 752//657 754//658 753//661
f 669//662 671//659 670//663
f 670//663 664//587 669//662
f 756//664 761//660 760//665
f 763//666 765//667 676//596
f 764//668 765//667 746//572
f 766//669 653//670 655//671
f 770//672 677//673 771//674
f 770//672 771//674 772//675
f 677//673 663//586 773//676
f 771//674 677//673 773//676
f 755//677 774//678 771//674
f 755//677 753//661 774//678
f 665//679 670//663 757//680
f 755//677 757//680 762//681
f 301//275 678//598 306//276
f 562//597 676//596 775//682
f 678//598 674//593 777//683
f 778//684 678//598 777//683
f 306//276 678//598 778//684
f 679//600 780//685 683//493
f 686//686 568//495 782//687
f 687//499 782//687 783//688
f 785//689 690//605 784//690
f 785//689 697//691 691//606
f 695//692 788//693 699//611
f 788//693 867//694 791//695
f 777//683 779//696 793//697
f 779//696 795//698 792//699
f 792//699 795//698 717//629
f 798//700 682//613 702//614
f 798//700 701//701 682//613
f 796//702 799//703 719//633
f 800//704 702//614 720//635
f 798//700 702//614 800//704
f 685//603 780//685 801//705
f 704//617 705//615 804//706
f 705//615 783//688 804//706
f 782//687 806//707 783//688
f 787//708 708//621 707//620
f 784//690 708//621 787//708
f 807//709 787//708 707//620
f 876//710 787//708 807//709
f 807//709 709//622 808//711
f 876//710 807//709 810//712
f 808//711 709//622 710//713
f 811//714 791//695 812//715
f 793//697 792//699 813//716
f 814//717 716//628 714//632
f 815//718 719//633 799//703
f 800//704 720//635 817//719
f 816//720 585//522 721//636
f 888//721 721//636 819//722
f 819//722 704//617 804//706
f 820//723 819//722 804//706
f 719//633 815//718 723//637
f 723//637 815//718 605//532
f 824//724 722//725 724//639
f 825//726 824//724 724//639
f 815//718 826//727 725//638
f 729//728 726//640 728//729
f 725//638 728//729 727//641
f 899//730 728//729 829//731
f 650//642 732//242 832//732
f 650//642 839//733 649//567
f 740//651 738//649 1255//734
f 275//735 837//736 836//737
f 837//736 279//247 838//738
f 738//649 737//647 841//739
f 738//649 841//739 1255//734
f 742//740 843//741 842//742
f 835//743 836//737 843//741
f 750//656 751//655 845//744
f 858//745 847//746 750//656
f 851//747 847//746 861//748
f 853//749 852//750 764//668
f 768//751 854//752 853//749
f 855//753 767//754 770//672
f 842//742 844//755 856//756
f 857//757 770//672 772//675
f 845//744 751//655 857//757
f 857//757 772//675 845//744
f 857//757 842//742 855//753
f 753//661 846//758 774//678
f 772//675 774//678 860//759
f 861//748 858//745 859//760
f 862//761 846//758 848//762
f 861//748 860//759 851//747
f 775//682 852//750 863//763
f 776//764 863//763 866//765
f 776//764 781//766 679//600
f 870//767 798//700 871//768
f 781//766 872//769 780//685
f 685//603 801//705 802//770
f 786//771 787//708 876//710
f 878//772 790//773 876//710
f 868//774 878//772 877//775
f 799//703 797//776 879//777
f 880//778 813//716 881//779
f 871//768 798//700 800//704
f 884//780 871//768 883//781
f 817//719 816//720 818//782
f 883//781 817//719 886//783
f 883//781 886//783 885//784
f 887//785 818//782 888//721
f 875//786 874//787 892//788
f 822//789 814//717 897//790
f 881//779 822//789 1299//791
f 896//792 821//793 824//724
f 897//790 821//793 896//792
f 826//727 898//794 901//795
f 825//726 827//796 900//797
f 896//792 825//726 900//797
f 902//798 900//797 827//796
f 830//799 826//727 903//800
f 901//795 827//796 903//800
f 43//29 904//801 42//28
f 904//801 43//29 906//802
f 907//803 43//29 44//804
f 907//803 45//805 914//806
f 41//807 909//808 910//809
f 912//810 913//811 907//803
f 915//812 908//813 916//814
f 911//815 906//802 905//816
f 918//817 911//815 905//816
f 910//809 911//815 917//818
f 913//811 912//810 1072//819
f 918//817 913//811 1072//819
f 919//820 915//812 916//814
f 924//821 926//822 920//823
f 931//824 926//822 927//825
f 931//824 930//826 926//822
f 933//827 932//828 228//200
f 935//829 998//830 936//831
f 937//832 232//206 938//833
f 939//207 940//834 236//835
f 237//836 233//837 238//209
f 938//833 233//837 237//836
f 941//838 237//836 238//209
f 1006//839 938//833 237//836
f 942//840 238//209 945//841
f 945//841 242//212 944//842
f 944//842 242//212 946//843
f 243//218 244//844 947//219
f 944//842 946//843 950//845
f 212//184 947//219 951//846
f 953//847 954//848 1012//849
f 953//847 1012//849 254//226
f 963//238 258//230 257//229
f 252//224 253//225 963//238
f 253//225 957//850 963//238
f 253//225 951//846 957//850
f 964//851 965//852 264//241
f 266//853 967//854 986//855
f 986//855 967//854 968//856
f 965//852 968//856 967//854
f 993//857 969//858 971//859
f 993//857 971//859 268//249
f 971//859 973//860 972//861
f 970//862 1041//863 971//859
f 1017//864 971//859 1041//863
f 972//861 975//865 269//250
f 971//859 972//861 269//250
f 959//866 975//865 973//860
f 269//250 975//865 978//867
f 269//250 978//867 974//868
f 975//865 980//869 978//867
f 978//867 980//869 979//870
f 980//869 959//866 976//871
f 908//813 45//805 46//872
f 914//806 45//805 915//812
f 982//873 962//222 270//243
f 961//874 982//873 983//875
f 270//243 272//876 984//877
f 272//876 274//878 985//879
f 275//735 991//880 278//245
f 991//880 969//858 993//857
f 280//248 994//881 838//738
f 932//828 996//882 934//883
f 935//829 936//831 999//884
f 1000//885 1001//886 998//830
f 999//884 936//831 1003//887
f 1004//888 932//828 937//832
f 999//884 1003//887 940//834
f 240//889 41//807 1007//890
f 246//214 1007//890 948//891
f 1007//890 1008//892 948//891
f 1010//893 1008//892 1011//894
f 959//866 958//895 1023//896
f 973//860 1017//864 1024//897
f 1024//897 1025//898 973//860
f 1025//898 1024//897 1026//899
f 1020//900 1022//901 1024//897
f 254//226 1012//849 960//902
f 960//902 1012//849 1029//903
f 1013//904 949//905 956//906
f 1031//907 1032//908 1033//909
f 957//850 1034//910 964//851
f 1031//907 1033//909 1034//910
f 964//851 1035//911 965//852
f 970//862 1059//912 1038//913
f 1059//912 1036//914 1039//915
f 1036//914 1040//916 1039//915
f 1038//913 1043//917 970//862
f 1016//918 1015//919 1045//920
f 1038//913 1039//915 1046//921
f 1047//922 1021//923 1042//924
f 1022//901 1021//923 1047//922
f 1022//901 1047//922 1026//899
f 1047//922 1042//924 1044//925
f 1048//926 1047//922 977//927
f 1023//896 1027//928 1048//926
f 1048//926 1027//928 1047//922
f 1030//929 983//875 1050//930
f 1049//931 981//932 960//902
f 1051//933 1050//930 1052//934
f 1053//935 1245//936 985//879
f 1052//934 1053//935 1091//937
f 1034//910 1054//938 968//856
f 1033//909 1053//935 1054//938
f 1035//911 1034//910 968//856
f 990//939 1037//940 1058//941
f 1059//912 992//942 1058//941
f 1046//921 1060//943 1044//925
f 1047//922 994//881 995//944
f 1047//922 995//944 977//927
f 1061//945 996//882 1004//888
f 996//882 1061//945 1064//946
f 1067//947 1062//948 1004//888
f 1072//819 1073//949 1011//894
f 1016//918 1075//950 1015//919
f 1075//950 1077//951 1078//952
f 1073//949 914//806 915//812
f 1074//953 1073//949 1080//954
f 960//902 1029//903 1082//955
f 1012//849 1074//953 1029//903
f 1029//903 1081//956 1090//957
f 1083//958 1036//914 1037//940
f 1077//951 1040//916 1083//958
f 1085//959 1083//958 1084//960
f 1077//951 1083//958 1086//961
f 1077//951 1075//950 1040//916
f 1078//952 1089//962 1079//963
f 1079//963 1089//962 1088//964
f 1045//920 1015//919 1079//963
f 1032//908 1013//904 1051//933
f 1033//909 1032//908 1091//937
f 1093//965 1092//966 1055//967
f 1140//968 1092//966 1093//965
f 1055//967 1092//966 1096//969
f 1101//970 1060//943 1102//971
f 1085//959 1101//970 1102//971
f 1061//945 1062//948 1103//972
f 1064//946 1103//972 1104//973
f 1104//973 1103//972 1105//974
f 1104//973 1105//974 1111//975
f 1065//976 1063//977 1064//946
f 1064//946 1106//978 1065//976
f 1068//979 1107//980 1067//947
f 1104//973 1111//975 1106//978
f 1106//978 1003//887 1070//981
f 1116//982 1006//839 1115//983
f 1118//984 1119//985 1120//986
f 1118//984 1120//986 1121//987
f 920//823 922//988 1080//954
f 1080//954 922//988 1081//956
f 1125//989 1129//990 1126//991
f 1125//989 1123//992 1130//993
f 1133//994 1126//991 1132//995
f 1090//957 1155//996 1137//997
f 1103//972 1143//998 1105//974
f 1144//999 1108//1000 1107//980
f 1111//975 1143//998 1110//1001
f 1147//1002 1109//1003 1110//1001
f 1113//1004 1149//1005 1114//1006
f 1114//1006 1149//1005 1150//1007
f 922//988 923//1008 1155//996
f 1159//1009 1157//1010 1158//1011
f 1124//1012 1163//1013 1160//1014
f 1157//1010 1162//1015 1124//1012
f 1130//993 1123//992 1161//1016
f 1119//985 1130//993 1152//1017
f 1136//1018 1153//1019 1135//1020
f 1154//1021 1167//1022 1171//1023
f 1155//996 1156//1024 1137//997
f 1173//1025 1156//1024 1453//1026
f 1175//1027 1174//1028 1141//1029
f 1141//1029 1401//1030 1142//1031
f 1142//1031 1132//995 1177//1032
f 1176//1033 1142//1031 1177//1032
f 1172//1034 1179//1035 1166//1036
f 1179//1035 1172//1034 1180//1037
f 1170//1038 1171//1023 1166//1036
f 1151//1039 1150//1007 1117//1040
f 1162//1015 1157//1010 1184//1041
f 1164//1042 1161//1016 1186//1043
f 1163//1013 1188//1044 1187//1045
f 1156//1024 928//1046 1453//1026
f 1192//1047 1174//1028 1165//1048
f 1193//1049 1164//1042 1175//1027
f 1193//1049 1176//1033 1178//1050
f 1162//1015 1188//1044 1163//1013
f 1187//1045 1188//1044 1190//1051
f 1191//1052 1192//1047 1199//1053
f 1200//1054 1201//1055 1188//1044
f 1200//1054 1199//1053 1201//1055
f 1199//1053 1200//1054 1191//1052
f 1195//1056 1190//1051 1202//1057
f 1199//1053 1195//1056 1203//1058
f 1190//1051 1188//1044 1201//1055
f 1203//1058 1190//1051 1201//1055
f 1204//1059 46//872 303//272
f 307//1060 311//1061 1206//1062
f 311//1061 310//1063 1208//1064
f 1206//1062 311//1061 1209//1065
f 1208//1064 310//1063 1211//1066
f 310//1063 1210//1067 1211//1066
f 1212//1068 1208//1064 1211//1066
f 908//813 1213//1069 916//814
f 1214//1070 46//872 1204//1059
f 1214//1070 1204//1059 1205//1071
f 1205//1071 1206//1062 1218//1072
f 1215//1073 1205//1071 1218//1072
f 1219//1074 1216//1075 1218//1072
f 1220//1076 1206//1062 1209//1065
f 1223//1077 1222//1078 1337//1079
f 1212//1068 1220//1076 1208//1064
f 1224//1080 1220//1076 1212//1068
f 1212//1068 1211//1066 1230//1081
f 1225//1082 1213//1069 1214//1070
f 1225//1082 1214//1070 1226//1083
f 1214//1070 1217//1084 1226//1083
f 1227//1085 1226//1083 1217//1084
f 1228//1086 1219//1074 1206//1062
f 1229//1087 1228//1086 1221//1088
f 1230//1081 1221//1088 1224//1080
f 921//1089 919//820 1225//1082
f 921//1089 1225//1082 1231//1090
f 1231//1090 1225//1082 1226//1083
f 1231//1090 1226//1083 1232//1091
f 1236//1092 1232//1091 1405//1093
f 1226//1083 1227//1085 1232//1091
f 1231//1090 1232//1091 1235//1094
f 1242//1095 1241//1096 1240//1097
f 1239//1098 1238//1099 1241//1096
f 1240//1097 1237//1100 1481//1101
f 1242//1095 1239//1098 1241//1096
f 1239//1098 927//825 1238//1099
f 1243//1102 984//877 1244//1103
f 1244//1103 1245//936 1246//1104
f 1245//936 1253//1105 1246//1104
f 1312//1106 1249//1107 1247//1108
f 833//1109 1249//1107 1248//1110
f 1248//1110 988//1111 833//1109
f 987//1112 988//1111 1248//1110
f 1250//1113 836//737 837//736
f 1250//1113 837//736 1251//1114
f 1251//1114 837//736 1252//1115
f 994//881 1252//1115 838//738
f 1244//1103 1246//1104 839//733
f 841//739 840//1116 1254//1117
f 1312//1106 1247//1108 1256//1118
f 843//741 836//737 1250//1113
f 852//750 853//749 1258//1119
f 1268//1120 1258//1119 1259//1121
f 844//755 1260//1122 856//756
f 1263//1123 1269//1124 1262//1125
f 1264//1126 1270//1127 1271//1128
f 1274//1129 865//1130 1275//1131
f 1274//1129 1271//1128 1273//1132
f 1265//1133 1264//1126 1274//1129
f 1336//1134 1274//1129 1275//1131
f 864//1135 869//1136 1272//1137
f 1277//1138 869//1136 794//1139
f 865//1130 1278//1140 797//776
f 1278//1140 1279//1141 797//776
f 1278//1140 1280//1142 1279//1141
f 1280//1142 1281//1143 1288//1144
f 1283//1145 870//767 1282//1146
f 872//769 1286//1147 873//1148
f 872//769 1285//1149 1287//1150
f 874//787 873//1148 1293//1151
f 882//1152 879//777 881//779
f 1279//1141 880//778 881//779
f 879//777 1279//1141 881//779
f 1279//1141 1280//1142 880//778
f 1289//1153 1282//1146 884//780
f 1287//1150 1285//1149 1282//1146
f 1287//1150 1289//1153 1290//1154
f 873//1148 1286//1147 1291//1155
f 1291//1155 1286//1147 1292//1156
f 1290//1154 1289//1153 1292//1156
f 1296//1157 886//783 1294//1158
f 892//788 1295//1159 1297//1160
f 1295//1159 1298//1161 1297//1160
f 1301//1162 882//1152 1299//791
f 893//1163 1301//1162 1302//1164
f 894//1165 891//1166 895//1167
f 1296//1157 1294//1158 894//1165
f 892//788 1297//1160 895//1167
f 895//1167 1297//1160 1298//1161
f 1301//1162 1299//791 897//790
f 898//794 823//1168 1300//1169
f 1300//1169 1353//1170 1304//1171
f 901//795 1307//1172 902//798
f 1303//1173 1304//1171 1353//1170
f 983//875 981//932 1308//1174
f 981//932 1049//931 1308//1174
f 1308//1174 1049//931 1324//1175
f 1253//1105 1245//936 1052//934
f 1311//1176 1052//934 1245//936
f 1052//934 1311//1176 1053//935
f 1053//935 1311//1176 1245//936
f 1055//967 1312//1106 1313//1177
f 1312//1106 1256//1118 1313//1177
f 1314//1178 1313//1177 1256//1118
f 1312//1106 1055//967 1315//1179
f 1315//1179 1055//967 1096//969
f 1315//1179 1096//969 1316//1180
f 1056//1181 990//939 988//1111
f 1056//1181 1317//1182 1318//1183
f 1056//1181 1318//1183 1320//1184
f 1322//1185 1321//1186 1320//1184
f 1060//943 1322//1185 1252//1115
f 1308//1174 1324//1175 1309//1187
f 1325//1188 1330//1189 1253//1105
f 1327//1190 1254//1117 1329//1191
f 1254//1117 1327//1190 1256//1118
f 1331//1192 1332//1193 1261//1194
f 1323//1195 1331//1192 1261//1194
f 1334//1196 1259//1121 854//752
f 1262//1125 1215//1073 1263//1123
f 1263//1123 1216//1075 1219//1074
f 1263//1123 1337//1079 1269//1124
f 1337//1079 1219//1074 1223//1077
f 1265//1133 1274//1129 1336//1134
f 1338//1197 1276//1198 1266//1199
f 1277//1138 1288//1144 1344//1200
f 1339//1201 1277//1138 1344//1200
f 1344//1200 1288//1144 1345//1202
f 1288//1144 1343//1203 1345//1202
f 1346//1204 1345//1202 1347//1205
f 1347//1205 1348//1206 1352//1207
f 1348//1206 1343//1203 1350//1208
f 1349//1209 1346//1204 1351//1210
f 1353//1170 1301//1162 1303//1173
f 1324//1175 1049//931 1354//1211
f 1049//931 1355//1212 1354//1211
f 1093//965 1313//1177 1314//1178
f 1319//1213 1316//1180 1357//1214
f 1354//1211 1358//1215 1359//1216
f 1326//1217 1359//1216 1360//1218
f 1330//1189 1360//1218 1328//1219
f 1356//1220 1314//1178 1327//1190
f 1356//1220 1327//1190 1329//1191
f 1215//1073 1333//1221 1217//1084
f 1227//1085 1217//1084 1333//1221
f 1358//1215 1227//1085 1362//1222
f 1409//1223 1360//1218 1363//1224
f 1363//1224 1364//1225 1409//1223
f 1334//1196 1366//1226 1365//1227
f 1333//1221 1265//1133 1362//1222
f 1335//1228 1265//1133 1336//1134
f 1367//1229 1276//1198 1368//1230
f 1372//1231 1338//1197 1267//1232
f 1259//1121 1334//1196 1268//1120
f 1334//1196 1370//1233 1268//1120
f 1267//1232 1268//1120 1370//1233
f 1334//1196 1365//1227 1370//1233
f 1375//1234 1372//1231 1377//1235
f 1379//1236 1371//1237 1380//1238
f 1382//1239 1380//1238 1384//1240
f 1341//1241 1389//1242 1342//1243
f 1339//1201 1344//1200 1391//1244
f 1391//1244 1344//1200 1349//1209
f 1391//1244 1349//1209 1390//1245
f 1343//1203 1281//1143 1342//1243
f 1343//1203 1342//1243 1392//1246
f 1392//1246 1342//1243 1389//1242
f 1393//1247 1349//1209 1394//1248
f 1343//1203 1392//1246 1395//1249
f 1390//1245 1349//1209 1393//1247
f 1396//1250 1351//1210 1352//1207
f 1350//1208 1396//1250 1352//1207
f 1394//1248 1396//1250 1350//1208
f 1349//1209 1396//1250 1394//1248
f 1397//1251 1399//1252 1398//1253
f 1451//1254 1399//1252 1397//1251
f 1400//1255 1314//1178 1356//1220
f 1139//1256 1400//1255 1402//1257
f 1402//1257 1141//1029 1139//1256
f 1098//1258 1401//1030 1402//1257
f 1098//1258 1402//1257 1403//1259
f 1400//1255 1361//1260 1402//1257
f 1402//1257 1361//1260 1403//1259
f 1355//1212 1358//1215 1354//1211
f 1355//1212 1404//1261 1358//1215
f 1366//1226 1403//1259 1408//1262
f 1328//1219 1360//1218 1409//1223
f 1408//1262 1411//1263 1366//1226
f 1411//1263 1415//1264 1414//1265
f 1371//1237 1414//1265 1415//1264
f 1386//1266 1468//1267 1416//1268
f 1428//1269 1386//1266 1416//1268
f 1418//1270 1374//1271 1420//1272
f 1420//1272 1374//1271 1375//1234
f 1369//1273 1418//1270 1412//1274
f 1376//1275 1423//1276 1378//1277
f 1419//1278 1421//1279 1423//1276
f 1422//1280 1413//1281 1379//1236
f 1422//1280 1379//1236 1424//1282
f 1423//1276 1422//1280 1464//1283
f 1383//1284 1386//1266 1388//1285
f 1386//1266 1428//1269 1388//1285
f 1428//1269 1416//1268 1417//1286
f 1428//1269 1430//1287 1429//1288
f 1432//1289 1375//1234 1434//1290
f 1420//1272 1432//1289 1449//1291
f 1433//1292 1377//1235 1378//1277
f 1377//1235 1433//1292 1435//1293
f 1437//1294 1420//1272 1449//1291
f 1433//1292 1438//1295 1440//1296
f 1438//1295 1421//1279 1436//1297
f 1439//1298 1443//1299 1440//1296
f 1393//1247 1389//1242 1391//1244
f 1445//1300 1389//1242 1393//1247
f 1434//1290 1431//1301 1446//1302
f 1448//1303 1446//1302 1447//1304
f 1431//1301 1449//1291 1447//1304
f 1434//1290 1377//1235 1431//1301
f 1435//1293 1450//1305 1377//1235
f 1443//1299 1441//1306 1440//1296
f 1391//1244 1390//1245 1393//1247
f 1445//1300 1393//1247 1452//1307
f 1452//1307 1394//1248 1398//1253
f 1399//1252 1452//1307 1398//1253
f 1173//1025 1453//1026 1404//1261
f 1454//1308 1404//1261 1453//1026
f 1453//1026 1455//1309 1454//1308
f 1404//1261 1454//1308 1236//1092
f 1461//1310 1459//1311 1460//1312
f 1410//1313 1412//1274 1463//1314
f 1464//1283 1463//1314 1412//1274
f 1408//1262 1457//1315 1411//1263
f 1458//1316 1415//1264 1457//1315
f 1386//1266 1459//1311 1468//1267
f 1468//1267 1459//1311 1462//1317
f 1468//1267 1469//1318 1417//1286
f 1468//1267 1462//1317 1470//1319
f 1419//1278 1412//1274 1418//1270
f 1420//1272 1421//1279 1419//1278
f 1412//1274 1419//1278 1464//1283
f 1419//1278 1423//1276 1464//1283
f 1464//1283 1424//1282 1466//1320
f 1466//1320 1472//1321 1464//1283
f 1465//1322 1464//1283 1472//1321
f 1466//1320 1427//1323 1467//1324
f 1473//1325 1426//1326 1475//1327
f 1436//1297 1476//1328 1442//1329
f 1436//1297 1437//1294 1476//1328
f 1450//1305 1435//1293 1477//1330
f 1477//1330 1435//1293 1478//1331
f 1480//1332 1435//1293 1441//1306
f 1442//1329 1476//1328 1441//1306
f 1441//1306 1476//1328 1480//1332
f 1455//1309 1240//1097 1481//1101
f 1237//1100 1454//1308 1481//1101
f 1456//1333 1481//1101 1454//1308
f 1458//1316 1483//1334 1460//1312
f 1486//1335 1487//1336 1459//1311
f 1487//1336 1486//1335 1488//1337
f 1489//1338 1457//1315 1465//1322
f 1465//1322 1472//1321 1489//1338
f 1470//1319 1462//1317 1471//1339
f 1462//1317 1493//1340 1471//1339
f 1495//1341 1474//1342 1492//1343
f 1462//1317 1487//1336 1488//1337
f 1498//1344 1483//1334 1485//1345
f 1486//1335 1497//1346 1501//1347
f 1501//1347 1502//1348 1490//1349
f 55//39 82//50 56//40
f 86//59 87//1350 88//64
f 87//1350 83//55 88//64
f 118//82 93//1351 117//99
f 1//1352 2//30 3//33
f 1//1352 6//2 5//34
f 6//2 7//1353 5//34
f 7//1353 8//36 5//34
f 11//11 7//1353 6//2
f 10//9 8//36 7//1353
f 11//11 10//9 7//1353
f 9//1 11//11 6//2
f 13//6 15//5 14//1354
f 20//8 13//6 14//1354
f 10//9 20//8 22//1355
f 10//9 22//1355 21//37
f 22//1355 14//1354 18//1356
f 19//16 13//6 23//7
f 23//7 13//6 20//8
f 23//7 10//9 11//11
f 24//10 11//11 25//12
f 17//175 27//15 28//173
f 19//16 29//14 16//4
f 30//17 19//16 23//7
f 32//19 31//18 24//10
f 33//20 32//19 25//12
f 28//173 27//15 34//27
f 29//14 35//1357 27//15
f 34//27 27//15 35//1357
f 34//27 35//1357 36//22
f 35//1357 29//14 36//22
f 30//17 37//23 29//14
f 38//25 37//23 30//17
f 32//19 38//25 30//17
f 40//26 42//28 904//801
f 43//29 42//28 36//22
f 44//804 37//23 38//25
f 45//805 44//804 38//25
f 303//272 39//24 33//20
f 48//31 2//30 5//34
f 49//32 48//31 47//35
f 49//32 47//35 50//44
f 8//36 21//37 52//42
f 53//51 51//1358 54//38
f 56//40 53//51 54//38
f 69//41 54//38 51//1358
f 58//61 57//60 111//63
f 5//34 52//42 59//43
f 60//45 50//44 61//1359
f 50//44 59//43 96//67
f 47//35 59//43 50//44
f 61//1359 50//44 96//67
f 64//46 63//104 65//47
f 18//1356 14//1354 17//175
f 65//47 66//1360 68//1361
f 67//48 65//47 68//1361
f 69//41 51//1358 70//49
f 21//37 22//1355 72//110
f 74//119 76//52 73//53
f 74//119 73//53 75//120
f 70//49 76//52 77//54
f 76//52 74//119 77//54
f 82//50 77//54 78//121
f 82//50 78//121 79//76
f 79//76 78//121 109//77
f 78//121 77//54 74//119
f 70//49 51//1358 53//51
f 53//51 56//40 80//1362
f 79//76 113//65 83//55
f 57//60 58//61 84//56
f 85//58 57//60 84//56
f 86//59 111//63 57//60
f 87//1350 84//56 83//55
f 85//58 87//1350 86//59
f 92//1363 93//1351 89//123
f 94//85 119//84 92//1363
f 59//43 52//42 95//66
f 96//67 95//66 97//69
f 102//70 105//126 104//74
f 102//70 98//87 105//126
f 99//71 73//53 106//75
f 104//74 75//120 73//53
f 106//75 80//1362 107//1364
f 53//51 80//1362 106//75
f 110//79 108//78 156//133
f 81//57 58//61 111//63
f 80//1362 111//63 112//81
f 80//1362 112//81 107//1364
f 113//65 110//79 114//80
f 112//81 111//63 115//62
f 112//81 114//80 116//83
f 88//64 115//62 86//59
f 118//82 89//123 93//1351
f 114//80 88//64 113//65
f 120//97 117//99 119//84
f 91//135 89//123 118//82
f 120//97 119//84 121//156
f 93//1351 92//1363 117//99
f 96//67 97//69 123//145
f 101//73 98//87 102//70
f 124//557 125//88 101//73
f 103//90 124//557 101//73
f 103//90 99//71 106//75
f 103//90 106//75 127//91
f 128//93 454//92 129//96
f 62//94 128//93 130//95
f 129//96 130//95 128//93
f 454//92 127//91 129//96
f 106//75 107//1364 130//95
f 107//1364 112//81 130//95
f 120//97 130//95 112//81
f 112//81 116//83 120//97
f 65//47 63//104 132//100
f 66//1360 65//47 132//100
f 66//1360 132//100 137//102
f 72//110 17//175 202//111
f 139//117 64//46 67//48
f 135//103 64//46 139//117
f 134//106 141//107 67//48
f 143//109 21//37 72//110
f 22//1355 18//1356 72//110
f 18//1356 17//175 72//110
f 203//176 143//109 202//111
f 143//109 203//176 144//113
f 152//112 143//109 144//113
f 145//115 135//103 139//117
f 147//189 145//115 139//117
f 139//117 67//48 140//118
f 140//118 141//107 146//116
f 141//107 142//108 146//116
f 75//120 150//128 149//122
f 90//124 89//123 91//135
f 71//68 143//109 152//112
f 98//87 153//127 105//126
f 154//130 104//74 153//127
f 154//130 150//128 104//74
f 157//129 149//122 155//131
f 109//77 78//121 157//129
f 108//78 109//77 156//133
f 160//151 159//132 157//129
f 161//137 158//136 159//132
f 118//82 110//79 162//134
f 162//134 163//139 91//135
f 158//136 162//134 156//133
f 163//139 162//134 158//136
f 165//138 163//139 158//136
f 119//84 122//86 121//156
f 151//140 90//124 91//135
f 163//139 164//141 151//140
f 94//85 151//140 122//86
f 167//142 122//86 151//140
f 166//144 122//86 167//142
f 167//142 164//141 220//143
f 169//192 123//145 168//125
f 169//192 96//67 123//145
f 169//192 623//1365 96//67
f 155//131 153//127 176//149
f 124//557 103//90 126//89
f 177//153 160//151 157//129
f 177//153 157//129 176//149
f 179//152 178//561 161//137
f 120//97 181//155 131//98
f 180//154 161//137 178//561
f 181//155 165//138 161//137
f 121//156 122//86 166//144
f 181//155 121//156 166//144
f 184//163 183//159 185//165
f 183//159 184//163 189//160
f 186//161 189//160 190//164
f 190//164 185//165 191//208
f 192//167 186//161 193//1366
f 193//1366 186//161 190//164
f 194//174 28//173 34//27
f 197//210 196//168 194//174
f 198//171 201//170 200//183
f 17//175 194//174 202//111
f 203//176 195//169 144//113
f 138//182 207//179 206//178
f 207//179 138//182 136//105
f 209//181 138//182 206//178
f 211//185 209//181 206//178
f 209//181 211//185 210//186
f 206//178 198//171 200//183
f 206//178 200//183 211//185
f 211//185 212//184 210//186
f 214//188 136//105 145//115
f 147//189 214//188 145//115
f 214//188 216//190 136//105
f 146//116 142//108 148//191
f 169//192 152//112 217//194
f 217//194 152//112 213//187
f 217//194 213//187 250//220
f 255//228 218//227 219//232
f 182//157 220//143 164//141
f 171//553 169//192 170//193
f 170//193 169//192 217//194
f 222//196 174//147 172//148
f 153//127 174//147 175//150
f 225//197 176//149 175//150
f 179//152 177//153 226//199
f 182//157 165//138 181//155
f 166//144 220//143 182//157
f 185//165 183//159 229//201
f 229//201 228//200 230//202
f 232//206 235//1367 234//205
f 188//162 233//837 232//206
f 189//160 232//206 234//205
f 187//158 235//1367 228//200
f 235//1367 933//827 228//200
f 191//208 185//165 229//201
f 191//208 229//201 231//203
f 238//209 233//837 188//162
f 193//1366 190//164 191//208
f 239//172 192//167 193//1366
f 239//172 193//1366 191//208
f 191//208 236//835 239//172
f 194//174 34//27 197//210
f 34//27 41//807 197//210
f 197//210 41//807 240//889
f 242//212 199//166 207//179
f 200//183 201//170 243//218
f 201//170 239//172 243//218
f 144//113 247//215 205//177
f 247//215 241//211 245//213
f 247//215 245//213 248//216
f 215//223 210//186 212//184
f 250//220 205//177 247//215
f 250//220 247//215 953//847
f 249//217 208//180 251//221
f 252//224 216//190 215//223
f 251//221 216//190 252//224
f 215//223 212//184 252//224
f 45//805 38//25 39//24
f 259//231 252//224 963//238
f 962//222 251//221 259//231
f 219//232 260//234 261//235
f 262//236 261//235 260//234
f 260//234 256//233 263//239
f 266//853 265//237 267//240
f 268//249 971//859 269//250
f 45//805 39//24 303//272
f 46//872 45//805 303//272
f 221//195 217//194 254//226
f 270//243 962//222 259//231
f 271//244 257//229 255//228
f 219//232 261//235 273//1368
f 259//231 257//229 271//244
f 272//876 270//243 271//244
f 273//1368 255//228 219//232
f 261//235 265//237 273//1368
f 271//244 255//228 273//1368
f 272//876 271//244 273//1368
f 274//878 273//1368 986//855
f 276//1369 275//735 989//1370
f 278//245 993//857 277//246
f 268//249 277//246 993//857
f 9//1 4//3 281//251
f 282//252 9//1 281//251
f 283//253 282//252 281//251
f 284//254 283//253 452//390
f 285//1371 284//254 452//390
f 286//255 12//13 284//254
f 286//255 26//21 12//13
f 284//254 285//1371 286//255
f 291//262 287//258 290//260
f 292//259 294//263 290//260
f 289//265 291//262 296//268
f 297//550 289//265 296//268
f 298//267 291//262 293//261
f 300//271 294//263 295//270
f 298//267 293//261 300//271
f 301//275 300//271 295//270
f 33//20 625//264 297//550
f 302//273 33//20 297//550
f 302//273 297//550 296//268
f 299//269 304//278 302//273
f 299//269 300//271 301//275
f 304//278 303//272 302//273
f 304//278 299//269 305//274
f 307//1060 304//278 308//277
f 308//277 305//274 309//279
f 311//1061 307//1060 308//277
f 309//279 306//276 778//684
f 778//684 310//1063 309//279
f 311//1061 308//277 310//1063
f 312//280 313//285 320//281
f 319//287 312//280 315//283
f 320//281 321//1372 322//296
f 322//296 323//1373 320//281
f 314//282 320//281 323//1373
f 315//283 314//282 324//1374
f 327//288 313//285 317//284
f 326//293 327//288 317//284
f 327//288 321//1372 313//285
f 327//288 325//290 321//1372
f 322//296 321//1372 325//290
f 330//1375 325//290 328//289
f 331//291 330//1375 328//289
f 319//287 318//294 317//284
f 318//294 319//287 332//295
f 333//300 332//295 319//287
f 329//292 328//289 332//295
f 319//287 315//283 333//300
f 335//1376 338//297 334//1377
f 323//1373 322//296 337//1378
f 337//1378 322//296 335//1376
f 337//1378 335//1376 336//351
f 337//1378 336//351 341//319
f 324//1374 323//1373 337//1378
f 334//1377 338//297 339//298
f 335//1376 322//296 338//297
f 340//299 325//290 330//1375
f 330//1375 342//1379 340//299
f 343//313 342//1379 330//1375
f 330//1375 331//291 343//313
f 343//313 344//301 341//319
f 315//283 324//1374 341//319
f 344//301 329//292 333//300
f 329//292 343//313 331//291
f 315//283 341//319 344//301
f 343//313 329//292 344//301
f 345//323 347//322 346//1380
f 348//338 346//1380 349//341
f 350//343 349//341 346//1380
f 351//305 334//1377 355//350
f 351//305 352//304 357//307
f 335//1376 334//1377 357//307
f 356//306 335//1376 357//307
f 355//350 334//1377 339//298
f 400//310 355//350 360//311
f 362//315 342//1379 343//313
f 366//324 365//320 367//318
f 363//316 367//318 365//320
f 347//322 365//320 366//324
f 346//1380 347//322 371//1381
f 350//343 346//1380 371//1381
f 371//1381 347//322 368//326
f 368//326 369//325 370//342
f 371//1381 368//326 370//342
f 374//328 373//327 372//355
f 377//330 375//329 376//363
f 377//330 376//363 378//331
f 393//332 378//331 379//1382
f 378//331 376//363 380//362
f 379//1382 378//331 380//362
f 383//335 381//334 360//311
f 381//334 383//335 384//373
f 385//336 384//373 383//335
f 386//321 387//339 388//337
f 370//342 350//343 371//1381
f 387//339 370//342 389//340
f 373//327 390//344 392//378
f 377//330 393//332 375//329
f 394//382 393//332 379//1382
f 393//332 390//344 375//329
f 394//382 390//344 393//332
f 281//251 3//33 49//32
f 355//350 353//303 351//305
f 397//345 353//303 396//349
f 400//310 401//412 396//349
f 358//308 354//309 398//402
f 402//404 474//346 399//348
f 403//409 404//417 399//348
f 405//419 400//310 359//312
f 405//419 401//412 400//310
f 406//352 358//308 407//414
f 408//353 367//318 406//352
f 408//353 410//354 409//1383
f 366//324 408//353 369//325
f 412//374 369//325 408//353
f 416//375 415//1384 411//1385
f 408//353 411//1385 415//1384
f 415//1384 412//374 408//353
f 417//1386 372//355 416//375
f 373//327 416//375 372//355
f 411//1385 417//1386 416//375
f 417//1386 411//1385 414//429
f 418//358 417//1386 414//429
f 372//355 417//1386 419//357
f 372//355 419//357 420//356
f 420//356 418//358 422//359
f 423//361 376//363 374//328
f 374//328 420//356 423//361
f 425//365 379//1382 380//362
f 380//362 423//361 424//364
f 405//419 359//312 431//333
f 385//336 434//371 435//372
f 433//370 412//374 434//371
f 435//372 415//1384 416//375
f 434//371 415//1384 435//372
f 436//454 413//376 437//1387
f 413//376 439//380 437//1387
f 392//378 391//377 373//327
f 439//380 391//377 392//378
f 424//364 423//361 441//381
f 441//381 421//360 438//379
f 394//382 379//1382 425//365
f 394//382 392//378 390//344
f 392//378 424//364 441//381
f 444//443 426//366 430//436
f 427//383 444//443 445//386
f 448//460 449//388 447//387
f 448//460 530//467 449//388
f 283//253 49//32 60//45
f 456//405 454//92 455//392
f 453//391 458//394 472//1388
f 453//391 459//393 458//394
f 458//394 459//393 460//395
f 460//395 459//393 461//1389
f 395//406 458//394 462//396
f 395//406 472//1388 458//394
f 466//397 462//396 460//395
f 460//395 461//1389 548//1390
f 460//395 548//1390 465//1391
f 462//396 463//399 464//400
f 468//401 463//399 467//398
f 460//395 465//1391 470//479
f 469//1392 460//395 470//479
f 468//401 469//1392 470//479
f 453//391 472//1388 473//347
f 473//347 455//392 453//391
f 475//403 476//416 477//483
f 479//408 399//348 473//347
f 472//1388 395//406 479//408
f 464//400 395//406 462//396
f 478//407 395//406 464//400
f 473//347 472//1388 479//408
f 464//400 477//483 479//408
f 479//408 477//483 476//416
f 479//408 476//416 480//410
f 482//415 471//413 396//349
f 407//414 398//402 471//413
f 483//424 407//414 482//415
f 474//346 402//404 455//392
f 480//410 475//403 484//418
f 402//404 404//417 484//418
f 480//410 484//418 403//409
f 405//419 487//421 486//422
f 486//422 401//412 405//419
f 401//412 486//422 481//411
f 489//425 407//414 483//424
f 406//352 489//425 491//426
f 491//426 489//425 490//494
f 495//430 414//429 409//1383
f 495//430 409//1383 493//427
f 497//431 418//358 495//430
f 426//366 429//368 430//436
f 500//448 485//420 431//333
f 421//360 440//438 438//379
f 422//359 497//431 501//433
f 442//384 440//438 501//433
f 440//438 442//384 502//437
f 499//435 506//446 430//436
f 507//1393 499//435 505//441
f 507//1393 506//446 499//435
f 509//445 445//386 444//443
f 445//386 509//445 512//456
f 510//1394 512//456 509//445
f 510//1394 509//445 511//444
f 511//444 444//443 506//446
f 513//447 506//446 508//504
f 511//444 514//509 510//1394
f 500//448 431//333 432//369
f 517//451 515//449 432//369
f 432//369 381//334 517//451
f 516//450 515//449 517//451
f 517//451 381//334 518//453
f 518//453 384//373 436//454
f 520//515 519//455 436//454
f 436//454 437//1387 520//515
f 437//1387 502//437 520//515
f 523//457 512//456 510//1394
f 510//1394 514//509 595//1395
f 526//461 527//527 525//462
f 527//527 524//526 525//462
f 528//459 525//462 529//1396
f 530//467 448//460 528//459
f 529//1396 598//525 528//459
f 524//526 529//1396 525//462
f 598//525 529//1396 524//526
f 528//459 598//525 531//465
f 526//461 448//460 451//463
f 533//535 526//461 532//464
f 534//533 449//388 530//467
f 536//470 532//464 451//463
f 532//464 536//470 537//468
f 450//389 536//470 451//463
f 449//388 534//533 450//389
f 536//470 450//389 534//533
f 536//470 534//533 539//471
f 539//471 534//533 535//1397
f 538//469 537//468 539//471
f 61//1359 540//481 60//45
f 540//481 61//1359 96//67
f 630//555 125//88 124//557
f 456//405 542//472 454//92
f 456//405 543//476 542//472
f 457//473 62//94 130//95
f 130//95 180//154 545//475
f 459//393 546//474 461//1389
f 461//1389 546//474 547//1398
f 544//477 543//476 456//405
f 546//474 545//475 544//477
f 461//1389 547//1398 548//1390
f 548//1390 547//1398 549//478
f 547//1398 546//474 549//478
f 470//479 551//1399 550//480
f 551//1399 465//1391 548//1390
f 552//1400 551//1399 548//1390
f 550//480 551//1399 552//1400
f 549//478 552//1400 548//1390
f 552//1400 549//478 550//480
f 553//1401 643//588 557//590
f 554//256 285//1371 452//390
f 555//484 287//258 556//266
f 544//477 475//403 477//483
f 477//483 549//478 544//477
f 557//590 668//584 553//1401
f 292//259 555//484 295//270
f 564//489 561//599 487//421
f 487//421 561//599 558//594
f 488//423 486//422 559//485
f 563//488 560//487 562//597
f 489//425 488//423 563//488
f 494//428 491//426 492//496
f 564//489 487//421 485//420
f 565//490 485//420 566//1402
f 564//489 485//420 565//490
f 492//496 491//426 490//494
f 495//430 494//428 569//498
f 495//430 569//498 496//432
f 496//432 569//498 503//439
f 572//607 503//439 569//498
f 503//439 572//607 571//500
f 505//441 504//440 571//500
f 573//501 505//441 571//500
f 574//502 571//500 572//607
f 574//502 573//501 571//500
f 513//447 577//505 578//510
f 508//504 507//1393 573//501
f 508//504 573//501 579//507
f 577//505 508//504 579//507
f 579//507 575//503 580//1403
f 513//447 508//504 576//506
f 511//444 513//447 514//509
f 566//1402 485//420 500//448
f 583//634 500//448 516//450
f 583//634 566//1402 500//448
f 586//512 517//451 518//453
f 586//512 518//453 519//455
f 519//455 520//515 588//514
f 588//514 587//513 519//455
f 521//517 520//515 502//437
f 591//519 521//517 502//437
f 592//520 591//519 523//457
f 594//521 593//623 591//519
f 595//1395 523//457 510//1394
f 595//1395 592//520 523//457
f 596//624 595//1395 581//511
f 594//521 592//520 596//624
f 598//525 527//527 597//523
f 527//527 714//632 597//523
f 714//632 718//631 597//523
f 598//525 600//524 603//530
f 534//533 530//467 602//466
f 601//528 526//461 533//535
f 531//465 604//531 602//466
f 602//466 608//537 606//534
f 606//534 535//1397 534//533
f 538//469 606//534 532//464
f 607//536 533//535 610//539
f 612//540 610//539 611//543
f 613//548 612//540 611//543
f 535//1397 606//534 538//469
f 614//542 615//541 616//1404
f 609//538 617//544 618//546
f 621//1405 614//542 616//1404
f 620//1406 616//1404 615//541
f 616//1404 620//1406 619//547
f 615//541 618//546 620//1406
f 615//541 609//538 618//546
f 611//543 614//542 621//1405
f 619//547 618//546 613//548
f 96//67 623//1365 541//482
f 623//1365 624//551 625//264
f 171//553 556//266 623//1365
f 556//266 624//551 623//1365
f 622//549 625//264 26//21
f 169//192 171//553 623//1365
f 626//552 731//554 647//568
f 628//556 735//571 627//1407
f 627//1407 173//146 125//88
f 627//1407 125//88 628//556
f 627//1407 629//646 173//146
f 630//555 126//89 631//573
f 126//89 632//558 631//573
f 654//575 630//555 631//573
f 635//1408 126//89 542//472
f 636//652 635//1408 543//476
f 636//652 633//559 635//1408
f 543//476 635//1408 542//472
f 545//475 637//560 543//476
f 543//476 637//560 636//652
f 642//565 641//583 639//563
f 668//584 641//583 642//565
f 643//588 668//584 642//565
f 555//484 556//266 626//552
f 541//482 622//549 288//257
f 555//484 626//552 645//591
f 297//550 624//551 289//265
f 646//569 626//552 647//568
f 647//568 650//642 648//566
f 648//566 650//642 649//567
f 628//556 652//1409 653//670
f 628//556 630//555 654//575
f 628//556 654//575 652//1409
f 655//671 652//1409 654//575
f 656//1410 654//575 657//574
f 656//1410 657//574 658//579
f 658//579 657//574 659//580
f 662//581 661//577 659//580
f 661//577 662//581 639//563
f 661//577 639//563 660//578
f 663//586 658//579 660//578
f 656//1410 658//579 663//586
f 665//679 663//586 664//587
f 666//582 640//564 639//563
f 660//578 641//583 667//585
f 640//564 669//662 642//565
f 670//663 665//679 664//587
f 557//590 664//587 667//585
f 672//1411 664//587 557//590
f 644//589 643//588 642//565
f 672//1411 669//662 664//587
f 642//565 669//662 672//1411
f 672//1411 644//589 642//565
f 295//270 555//484 673//592
f 558//594 648//566 651//486
f 561//599 648//566 558//594
f 559//485 651//486 675//595
f 763//666 675//595 743//570
f 651//486 743//570 675//595
f 655//671 654//575 656//1410
f 663//586 677//673 656//1410
f 301//275 295//270 673//592
f 678//598 673//592 674//593
f 681//491 680//601 561//599
f 563//488 562//597 683//493
f 568//495 567//492 684//602
f 687//499 492//496 568//495
f 687//499 568//495 686//686
f 689//618 688//604 687//499
f 572//607 691//606 692//608
f 692//608 691//606 694//1412
f 694//1412 696//1413 695//692
f 580//1403 575//503 693//609
f 698//610 580//1403 693//609
f 693//609 692//608 694//1412
f 698//610 693//609 695//692
f 698//610 695//692 699//611
f 695//692 693//609 694//1412
f 582//508 578//510 699//611
f 699//611 788//693 713//626
f 681//491 682//613 701//701
f 583//634 565//490 566//1402
f 702//614 681//491 565//490
f 583//634 702//614 565//490
f 720//635 702//614 583//634
f 703//616 704//617 586//512
f 703//616 586//512 587//513
f 705//615 587//513 689//618
f 706//619 588//514 589//516
f 708//621 706//619 590//518
f 709//622 707//620 521//517
f 709//622 593//623 712//627
f 710//713 709//622 712//627
f 711//625 594//521 596//624
f 712//627 593//623 711//625
f 714//632 716//628 715//630
f 717//629 719//633 715//630
f 722//725 714//632 599//529
f 714//632 722//725 814//717
f 723//637 597//523 718//631
f 601//528 722//725 599//529
f 724//639 722//725 601//528
f 602//466 605//532 608//537
f 726//640 724//639 607//536
f 729//728 724//639 726//640
f 608//537 725//638 727//641
f 730//545 726//640 612//540
f 617//544 727//641 730//545
f 731//554 170//193 221//195
f 731//554 221//195 732//242
f 731//554 650//642 647//568
f 738//649 736//645 737//647
f 172//148 173//146 629//646
f 627//1407 735//571 629//646
f 629//646 736//645 739//648
f 634//576 741//1414 747//653
f 632//558 222//196 224//198
f 632//558 224//198 741//1414
f 741//1414 740//651 742//740
f 224//198 740//651 741//1414
f 636//652 222//196 633//559
f 179//152 226//199 638//562
f 649//567 744//1415 745//643
f 743//570 746//572 763//666
f 745//643 735//571 746//572
f 745//643 744//1415 734//1416
f 747//653 741//1414 748//1417
f 657//574 747//653 659//580
f 659//580 747//653 662//581
f 750//656 662//581 749//654
f 640//564 666//582 671//659
f 666//582 752//657 671//659
f 752//657 753//661 761//660
f 755//677 761//660 753//661
f 758//1418 757//680 756//664
f 671//659 761//660 756//664
f 760//665 758//1418 756//664
f 759//1419 758//1418 760//665
f 762//681 757//680 759//1419
f 759//1419 760//665 762//681
f 676//596 675//595 763//666
f 763//666 746//572 765//667
f 653//670 764//668 746//572
f 766//669 768//751 653//670
f 653//670 652//1409 655//671
f 656//1410 769//1420 655//671
f 768//751 766//669 655//671
f 769//1420 767//754 655//671
f 770//672 767//754 769//1420
f 677//673 770//672 769//1420
f 677//673 769//1420 656//1410
f 773//676 663//586 665//679
f 755//677 771//674 773//676
f 757//680 755//677 773//676
f 773//676 665//679 757//680
f 679//600 562//597 775//682
f 775//682 765//667 852//750
f 777//683 674//593 680//601
f 779//696 777//683 680//601
f 679//600 781//766 780//685
f 683//493 780//685 685//603
f 568//495 684//602 685//603
f 782//687 568//495 803//1421
f 687//499 686//686 782//687
f 689//618 687//499 783//688
f 784//690 570//497 688//604
f 785//689 691//606 690//605
f 786//771 785//689 784//690
f 786//771 784//690 787//708
f 694//1412 697//691 696//1413
f 696//1413 789//1422 788//693
f 697//691 785//689 789//1422
f 789//1422 785//689 790//773
f 867//694 788//693 789//1422
f 793//697 779//696 792//699
f 794//1139 777//683 793//697
f 701//701 795//698 681//491
f 717//629 795//698 796//702
f 795//698 701//701 796//702
f 797//776 701//701 798//700
f 701//701 797//776 796//702
f 568//495 685//603 802//770
f 803//1421 568//495 802//770
f 783//688 705//615 689//618
f 783//688 805//1423 804//706
f 805//1423 783//688 806//707
f 708//621 784//690 688//604
f 709//622 807//709 707//620
f 807//709 809//1424 810//712
f 811//714 788//693 791//695
f 811//714 812//715 710//713
f 808//711 710//713 812//715
f 710//713 712//627 713//626
f 710//713 713//626 811//714
f 717//629 796//702 719//633
f 814//717 792//699 716//628
f 813//716 792//699 814//717
f 817//719 585//522 816//720
f 817//719 720//635 585//522
f 820//723 804//706 805//1423
f 821//793 814//717 722//725
f 815//718 823//1168 826//727
f 824//724 821//793 722//725
f 605//532 815//718 725//638
f 728//729 726//640 727//641
f 825//726 724//639 729//728
f 728//729 827//796 729//728
f 829//731 728//729 828//1425
f 725//638 826//727 830//799
f 831//1426 828//1425 830//799
f 829//731 828//1425 831//1426
f 732//242 254//226 832//732
f 650//642 832//732 1244//1103
f 839//733 650//642 1244//1103
f 740//651 223//650 738//649
f 833//1109 742//740 740//651
f 835//743 834//1427 275//735
f 989//1370 834//1427 833//1109
f 834//1427 989//1370 275//735
f 279//247 837//736 278//245
f 839//733 734//1416 744//1415
f 840//1116 734//1416 839//733
f 737//647 733//644 734//1416
f 737//647 734//1416 840//1116
f 842//742 748//1417 742//740
f 737//647 840//1116 841//739
f 741//1414 742//740 748//1417
f 742//740 835//743 843//741
f 842//742 843//741 844//755
f 747//653 748//1417 751//655
f 748//1417 842//742 751//655
f 754//658 846//758 753//661
f 846//758 754//658 847//746
f 847//746 754//658 750//656
f 848//762 846//758 849//1428
f 846//758 847//746 849//1428
f 850//1429 849//1428 851//747
f 861//748 847//746 858//745
f 849//1428 847//746 851//747
f 764//668 852//750 765//667
f 768//751 764//668 653//670
f 768//751 853//749 764//668
f 855//753 768//751 767//754
f 855//753 856//756 768//751
f 855//753 842//742 856//756
f 857//757 855//753 770//672
f 857//757 751//655 842//742
f 772//675 859//760 845//744
f 845//744 858//745 750//656
f 860//759 774//678 862//761
f 774//678 772//675 771//674
f 859//760 772//675 860//759
f 861//748 859//760 860//759
f 862//761 848//762 850//1429
f 851//747 860//759 862//761
f 776//764 775//682 863//763
f 866//765 781//766 776//764
f 786//771 876//710 785//689
f 876//710 790//773 785//689
f 777//683 864//1135 778//684
f 794//1139 869//1136 777//683
f 796//702 797//776 799//703
f 798//700 870//767 865//1130
f 780//685 872//769 801//705
f 873//1148 801//705 872//769
f 802//770 801//705 873//1148
f 874//787 802//770 873//1148
f 806//707 782//687 803//1421
f 805//1423 806//707 890//1430
f 877//775 810//712 809//1424
f 878//772 876//710 877//775
f 868//774 812//715 791//695
f 812//715 809//1424 808//711
f 791//695 867//694 868//774
f 868//774 809//1424 812//715
f 878//772 868//774 790//773
f 809//1424 868//774 877//775
f 793//697 813//716 794//1139
f 822//789 813//716 814//717
f 799//703 879//777 882//1152
f 817//719 883//781 800//704
f 883//781 871//768 800//704
f 886//783 817//719 818//782
f 887//785 886//783 818//782
f 889//1431 819//722 875//786
f 888//721 819//722 889//1431
f 875//786 802//770 874//787
f 805//1423 890//1430 820//723
f 897//790 814//717 821//793
f 1299//791 822//789 897//790
f 823//1168 815//718 799//703
f 799//703 882//1152 893//1163
f 823//1168 799//703 893//1163
f 1294//1158 887//785 888//721
f 1294//1158 888//721 894//1165
f 891//1166 894//1165 888//721
f 889//1431 892//788 895//1167
f 891//1166 889//1431 895//1167
f 825//726 896//792 824//724
f 898//794 826//727 823//1168
f 827//796 825//726 729//728
f 902//798 827//796 901//795
f 728//729 899//730 827//796
f 901//795 903//800 826//727
f 899//730 903//800 827//796
f 904//801 909//808 40//26
f 40//26 909//808 41//807
f 905//816 43//29 907//803
f 44//804 43//29 37//23
f 45//805 907//803 44//804
f 909//808 906//802 911//815
f 906//802 43//29 905//816
f 914//806 912//810 907//803
f 907//803 913//811 905//816
f 910//809 909//808 911//815
f 917//818 1007//890 910//809
f 917//818 911//815 918//817
f 913//811 918//817 905//816
f 1080//954 919//820 920//823
f 921//1089 924//821 919//820
f 924//821 920//823 919//820
f 923//1008 920//823 926//822
f 923//1008 926//822 925//1432
f 924//821 1234//1433 926//822
f 1234//1433 927//825 926//822
f 928//1046 925//1432 929//1434
f 925//1432 926//822 930//826
f 929//1434 925//1432 930//826
f 228//200 932//828 227//204
f 227//204 932//828 934//883
f 231//203 230//202 935//829
f 231//203 935//829 999//884
f 934//883 935//829 227//204
f 232//206 937//832 235//1367
f 235//1367 937//832 933//827
f 932//828 933//827 937//832
f 231//203 999//884 939//207
f 233//837 938//833 232//206
f 939//207 999//884 940//834
f 941//838 1006//839 237//836
f 943//1435 942//840 945//841
f 197//210 240//889 246//214
f 945//841 238//209 242//212
f 239//172 943//1435 244//844
f 243//218 239//172 244//844
f 944//842 244//844 943//1435
f 943//1435 945//841 944//842
f 947//219 244//844 944//842
f 948//891 248//216 246//214
f 249//217 946//843 242//212
f 950//845 946//843 949//905
f 952//1436 947//219 944//842
f 951//846 947//219 952//1436
f 952//1436 944//842 950//845
f 953//847 248//216 954//848
f 955//1437 956//906 249//217
f 949//905 249//217 956//906
f 951//846 253//225 212//184
f 973//860 958//895 959//866
f 250//220 953//847 254//226
f 956//906 955//1437 961//874
f 259//231 963//238 257//229
f 260//234 263//239 264//241
f 957//850 263//239 963//238
f 263//239 964//851 264//241
f 966//1438 267//240 264//241
f 966//1438 266//853 267//240
f 266//853 966//1438 967//854
f 965//852 966//1438 264//241
f 967//854 966//1438 965//852
f 971//859 969//858 970//862
f 975//865 972//861 973//860
f 979//870 974//868 978//867
f 974//868 979//870 976//871
f 976//871 979//870 980//869
f 959//866 980//869 975//865
f 908//813 915//812 45//805
f 982//873 961//874 962//222
f 254//226 981//932 832//732
f 961//874 955//1437 962//222
f 981//932 254//226 960//902
f 1243//1102 270//243 984//877
f 985//879 1245//936 272//876
f 1245//936 984//877 272//876
f 986//855 273//1368 266//853
f 986//855 985//879 274//878
f 985//879 986//855 968//856
f 276//1369 989//1370 990//939
f 991//880 276//1369 992//942
f 278//245 991//880 993//857
f 970//862 969//858 991//880
f 838//738 279//247 280//248
f 280//248 995//944 994//881
f 977//927 280//248 974//868
f 280//248 269//250 974//868
f 995//944 280//248 977//927
f 934//883 997//1439 1000//885
f 997//1439 934//883 996//882
f 1000//885 935//829 934//883
f 998//830 935//829 1000//885
f 1000//885 997//1439 1001//886
f 1002//1440 936//831 1001//886
f 1003//887 936//831 1002//1440
f 938//833 1005//1441 937//832
f 1004//888 996//882 932//828
f 1006//839 1005//1441 938//833
f 942//840 941//838 238//209
f 940//834 941//838 942//840
f 246//214 240//889 1007//890
f 1007//890 41//807 910//809
f 1008//892 1007//890 1009//1442
f 948//891 1008//892 1010//893
f 1008//892 1009//1442 1011//894
f 914//806 1072//819 912//810
f 1012//849 954//848 1011//894
f 1014//1443 952//1436 950//845
f 957//850 951//846 1014//1443
f 1014//1443 950//845 1013//904
f 1018//1444 1019//1445 1017//864
f 1017//864 1019//1445 1024//897
f 1022//901 1020//900 1021//923
f 973//860 1025//898 958//895
f 1025//898 1026//899 1027//928
f 1030//929 956//906 961//874
f 1013//904 956//906 1030//929
f 1014//1443 1031//907 957//850
f 1031//907 1014//1443 1032//908
f 1014//1443 1013//904 1032//908
f 1034//910 957//850 1031//907
f 964//851 1034//910 1035//911
f 1043//917 1041//863 970//862
f 1041//863 1043//917 1042//924
f 1039//915 1016//918 1046//921
f 971//859 1017//864 973//860
f 1017//864 1041//863 1018//1444
f 1041//863 1042//924 1018//1444
f 1026//899 1047//922 1027//928
f 976//871 1028//1446 1048//926
f 976//871 959//866 1028//1446
f 1049//931 960//902 1082//955
f 983//875 1030//929 961//874
f 1051//933 1013//904 1030//929
f 968//856 1054//938 985//879
f 1054//938 1053//935 985//879
f 1033//909 1091//937 1053//935
f 990//939 1056//1181 1057//1447
f 990//939 1058//941 276//1369
f 1036//914 1058//941 1037//940
f 1057//1447 1037//940 990//939
f 970//862 991//880 1059//912
f 1059//912 1039//915 1038//913
f 1058//941 1036//914 1059//912
f 1047//922 1044//925 994//881
f 994//881 1044//925 1060//943
f 1061//945 1004//888 1062//948
f 1063//977 997//1439 996//882
f 1063//977 996//882 1064//946
f 1066//1448 1001//886 1065//976
f 1001//886 1063//977 1065//976
f 1066//1448 1065//976 1070//981
f 1004//888 1005//1441 1068//979
f 1067//947 1004//888 1068//979
f 1002//1440 1066//1448 1003//887
f 1070//981 1003//887 1066//1448
f 1005//1441 1071//1449 1068//979
f 1071//1449 1005//1441 1006//839
f 1069//1450 1006//839 941//838
f 1069//1450 940//834 1003//887
f 940//834 1069//1450 941//838
f 1009//1442 1007//890 917//818
f 1011//894 1009//1442 1072//819
f 918//817 1072//819 917//818
f 1009//1442 917//818 1072//819
f 1011//894 1073//949 1074//953
f 1074//953 1012//849 1011//894
f 1076//1451 1075//950 1078//952
f 1015//919 1076//1451 1079//963
f 919//820 1073//949 915//812
f 1080//954 1073//949 919//820
f 1082//955 1029//903 1090//957
f 1029//903 1074//953 1081//956
f 1084//960 1083//958 1037//940
f 1039//915 1040//916 1016//918
f 1040//916 1036//914 1083//958
f 1086//961 1083//958 1085//959
f 1040//916 1075//950 1016//918
f 1046//921 1045//920 1087//1452
f 1045//920 1088//964 1087//1452
f 1086//961 1078//952 1077//951
f 1089//962 1078//952 1086//961
f 1089//962 1085//959 1102//971
f 1079//963 1088//964 1045//920
f 1049//931 1082//955 1355//1212
f 1082//955 1090//957 1355//1212
f 1091//937 1051//933 1052//934
f 1093//965 1055//967 1313//1177
f 1092//966 1127//1453 1096//969
f 1097//1454 1096//969 1127//1453
f 1099//1455 1037//940 1057//1447
f 1099//1455 1084//960 1037//940
f 1100//1456 1101//970 1084//960
f 1100//1456 1084//960 1099//1455
f 1085//959 1084//960 1101//970
f 1060//943 1087//1452 1102//971
f 1088//964 1089//962 1102//971
f 1088//964 1102//971 1087//1452
f 1064//946 1061//945 1103//972
f 1065//976 1106//978 1070//981
f 1067//947 1107//980 1108//1000
f 1062//948 1067//947 1108//1000
f 1103//972 1062//948 1108//1000
f 1003//887 1110//1001 1069//1450
f 1106//978 1111//975 1110//1001
f 1110//1001 1109//1003 1069//1450
f 1110//1001 1003//887 1106//978
f 1113//1004 1114//1006 1068//979
f 1112//1457 1071//1449 1116//982
f 1117//1040 1112//1457 1116//982
f 1115//983 1006//839 1069//1450
f 1109//1003 1115//983 1069//1450
f 1118//984 1131//1458 1119//985
f 1090//957 1081//956 1155//996
f 1122//1459 1124//1012 1123//992
f 1140//968 1157//1010 1124//1012
f 1125//989 1126//991 1127//1453
f 1127//1453 1122//1459 1125//989
f 1130//993 1129//990 1125//989
f 1126//991 1129//990 1131//1458
f 1131//1458 1129//990 1119//985
f 1133//994 1127//1453 1126//991
f 1132//995 1126//991 1118//984
f 1118//984 1126//991 1131//1458
f 1118//984 1134//1460 1132//995
f 1132//995 1134//1460 1135//1020
f 1118//984 1121//987 1134//1460
f 1134//1460 1136//1018 1135//1020
f 1153//1019 1136//1018 1121//987
f 1137//997 1355//1212 1090//957
f 1355//1212 1137//997 1138//1461
f 1140//968 1122//1459 1092//966
f 1093//965 1095//1462 1140//968
f 1094//1463 1139//1256 1095//1462
f 1097//1454 1127//1453 1128//1464
f 1097//1454 1128//1464 1098//1258
f 1142//1031 1401//1030 1128//1464
f 1127//1453 1133//994 1128//1464
f 1142//1031 1133//994 1132//995
f 1111//975 1105//974 1143//998
f 1107//980 1145//1465 1144//999
f 1103//972 1108//1000 1143//998
f 1109//1003 1108//1000 1144//999
f 1109//1003 1147//1002 1108//1000
f 1144//999 1146//1466 1109//1003
f 1109//1003 1146//1466 1148//1467
f 1143//998 1147//1002 1110//1001
f 1114//1006 1150//1007 1145//1465
f 1068//979 1114//1006 1107//980
f 1115//983 1151//1039 1116//982
f 1117//1040 1116//982 1151//1039
f 1145//1465 1107//980 1114//1006
f 1115//983 1148//1467 1182//1468
f 1182//1468 1151//1039 1115//983
f 1115//983 1109//1003 1148//1467
f 1149//1005 1113//1004 1112//1457
f 1117//1040 1149//1005 1112//1457
f 1152//1017 1120//986 1119//985
f 1153//1019 1121//987 1120//986
f 1153//1019 1120//986 1154//1021
f 1120//986 1152//1017 1154//1021
f 1155//996 1081//956 922//988
f 1156//1024 1155//996 923//1008
f 923//1008 925//1432 1156//1024
f 1124//1012 1160//1014 1123//992
f 1163//1013 1124//1012 1162//1015
f 1163//1013 1161//1016 1160//1014
f 1161//1016 1123//992 1160//1014
f 1129//990 1130//993 1119//985
f 1130//993 1161//1016 1189//1469
f 1130//993 1189//1469 1169//1470
f 1132//995 1135//1020 1170//1038
f 1166//1036 1132//995 1170//1038
f 1152//1017 1130//993 1167//1022
f 1167//1022 1130//993 1168//1471
f 1135//1020 1153//1019 1154//1021
f 1135//1020 1154//1021 1170//1038
f 1167//1022 1154//1021 1152//1017
f 1173//1025 1137//997 1156//1024
f 1172//1034 1171//1023 1168//1471
f 1158//1011 1140//968 1095//1462
f 1174//1028 1159//1009 1158//1011
f 1141//1029 1158//1011 1139//1256
f 1141//1029 1176//1033 1175//1027
f 1176//1033 1141//1029 1142//1031
f 1165//1048 1175//1027 1164//1042
f 1177//1032 1178//1050 1176//1033
f 1177//1032 1132//995 1166//1036
f 1179//1035 1177//1032 1166//1036
f 1166//1036 1171//1023 1172//1034
f 1117//1040 1150//1007 1149//1005
f 1145//1465 1182//1468 1146//1466
f 1182//1468 1145//1465 1183//1472
f 1151//1039 1182//1468 1183//1472
f 1150//1007 1151//1039 1183//1472
f 1184//1041 1157//1010 1159//1009
f 1185//1473 1184//1041 1159//1009
f 1162//1015 1184//1041 1185//1473
f 1165//1048 1164//1042 1186//1043
f 1189//1469 1161//1016 1164//1042
f 1180//1037 1172//1034 1168//1471
f 925//1432 928//1046 1156//1024
f 1174//1028 1185//1473 1159//1009
f 1186//1043 1192//1047 1165//1048
f 1165//1048 1174//1028 1175//1027
f 1192//1047 1191//1052 1174//1028
f 1175//1027 1176//1033 1193//1049
f 1194//1474 1186//1043 1187//1045
f 1190//1051 1194//1474 1187//1045
f 1195//1056 1192//1047 1194//1474
f 1196//1475 1193//1049 1178//1050
f 1189//1469 1196//1475 1169//1470
f 1179//1035 1197//1476 1177//1032
f 1177//1032 1197//1476 1178//1050
f 1178//1050 1169//1470 1196//1475
f 1162//1015 1185//1473 1188//1044
f 1198//1477 1188//1044 1185//1473
f 1191//1052 1185//1473 1174//1028
f 1198//1477 1200//1054 1188//1044
f 1191//1052 1200//1054 1198//1477
f 1191//1052 1198//1477 1185//1473
f 1195//1056 1199//1053 1192//1047
f 1203//1058 1202//1057 1190//1051
f 303//272 304//278 307//1060
f 1204//1059 303//272 307//1060
f 1204//1059 307//1060 1205//1071
f 307//1060 1206//1062 1205//1071
f 1208//1064 1220//1076 311//1061
f 1220//1076 1209//1065 311//1061
f 46//872 1213//1069 908//813
f 1214//1070 1213//1069 46//872
f 1215//1073 1214//1070 1205//1071
f 1216//1075 1215//1073 1218//1072
f 1210//1067 1337//1079 1222//1078
f 1220//1076 1228//1086 1206//1062
f 1222//1078 1211//1066 1210//1067
f 1224//1080 1212//1068 1230//1081
f 1211//1066 1222//1078 1230//1081
f 1213//1069 1225//1082 916//814
f 1221//1088 1228//1086 1220//1076
f 1228//1086 1223//1077 1219//1074
f 1230//1081 1229//1087 1221//1088
f 1230//1081 1223//1077 1229//1087
f 1222//1078 1223//1077 1230//1081
f 924//821 921//1089 1234//1433
f 1233//1478 921//1089 1231//1090
f 1231//1090 1235//1094 1238//1099
f 1236//1092 1237//1100 1235//1094
f 1238//1099 1234//1433 1233//1478
f 927//825 1234//1433 1238//1099
f 1240//1097 928//1046 929//1434
f 1241//1096 1238//1099 1235//1094
f 1237//1100 1241//1096 1235//1094
f 931//824 927//825 1239//1098
f 1242//1095 931//824 1239//1098
f 929//1434 931//824 1242//1095
f 832//732 1243//1102 1244//1103
f 982//873 832//732 981//932
f 1244//1103 984//877 1245//936
f 833//1109 740//651 1247//1108
f 833//1109 1247//1108 1249//1107
f 989//1370 833//1109 988//1111
f 1056//1181 988//1111 987//1112
f 989//1370 988//1111 990//939
f 837//736 838//738 1252//1115
f 839//733 1246//1104 1253//1105
f 1255//734 841//739 1254//1117
f 1254//1117 840//1116 1253//1105
f 1257//1479 844//755 843//741
f 1256//1118 1255//734 1254//1117
f 740//651 1255//734 1247//1108
f 1247//1108 1255//734 1256//1118
f 843//741 1250//1113 1257//1479
f 1250//1113 1323//1195 1257//1479
f 854//752 1258//1119 853//749
f 1260//1122 1261//1194 854//752
f 1258//1119 854//752 1259//1121
f 856//756 1260//1122 768//751
f 1260//1122 854//752 768//751
f 844//755 1257//1479 1260//1122
f 1261//1194 1260//1122 1257//1479
f 1267//1232 863//763 852//750
f 1266//1199 863//763 1267//1232
f 1268//1120 852//750 1258//1119
f 852//750 1268//1120 1267//1232
f 1207//1480 778//684 864//1135
f 864//1135 1269//1124 1207//1480
f 1269//1124 864//1135 1270//1127
f 1270//1127 1262//1125 1269//1124
f 1274//1129 1264//1126 1271//1128
f 1270//1127 1264//1126 1262//1125
f 1272//1137 1270//1127 864//1135
f 1274//1129 1273//1132 865//1130
f 866//765 863//763 1266//1199
f 1336//1134 1275//1131 1276//1198
f 1276//1198 866//765 1266//1199
f 865//1130 1273//1132 1278//1140
f 1280//1142 1278//1140 1281//1143
f 1284//1481 866//765 1275//1131
f 1283//1145 1284//1481 1275//1131
f 1283//1145 865//1130 870//767
f 1285//1149 872//769 1284//1481
f 781//766 1284//1481 872//769
f 781//766 866//765 1284//1481
f 871//768 1282//1146 870//767
f 1284//1481 1283//1145 1282//1146
f 872//769 1287//1150 1286//1147
f 1280//1142 794//1139 880//778
f 1280//1142 1277//1138 794//1139
f 1285//1149 1284//1481 1282//1146
f 1282//1146 871//768 884//780
f 1287//1150 1282//1146 1289//1153
f 1291//1155 1292//1156 886//783
f 885//784 886//783 1292//1156
f 1290//1154 1286//1147 1287//1150
f 1292//1156 1286//1147 1290//1154
f 885//784 1292//1156 1289//1153
f 1291//1155 1293//1151 873//1148
f 1296//1157 1295//1159 1293//1151
f 1293//1151 1291//1155 1296//1157
f 892//788 874//787 1295//1159
f 874//787 1293//1151 1295//1159
f 882//1152 881//779 1299//791
f 823//1168 893//1163 1300//1169
f 1301//1162 893//1163 882//1152
f 1300//1169 893//1163 1302//1164
f 1289//1153 884//780 885//784
f 1296//1157 894//1165 1298//1161
f 895//1167 1298//1161 894//1165
f 1303//1173 897//790 896//792
f 1303//1173 1301//1162 897//790
f 1304//1171 898//794 1300//1169
f 901//795 898//794 1306//1482
f 1306//1482 896//792 1305//1483
f 1305//1483 1307//1172 1306//1482
f 1304//1171 1303//1173 896//792
f 900//797 902//798 1305//1483
f 1305//1483 902//798 1307//1172
f 982//873 981//932 983//875
f 1309//1187 983//875 1308//1174
f 1309//1187 1310//1484 983//875
f 1310//1484 1050//930 983//875
f 1253//1105 1052//934 1325//1188
f 1325//1188 1052//934 1310//1484
f 1050//930 1310//1484 1052//934
f 1312//1106 1315//1179 1249//1107
f 987//1112 1248//1110 1249//1107
f 987//1112 1249//1107 1317//1182
f 1317//1182 1249//1107 1315//1179
f 1316//1180 1319//1213 1317//1182
f 1317//1182 1315//1179 1316//1180
f 1056//1181 987//1112 1317//1182
f 1321//1186 1057//1447 1056//1181
f 1320//1184 1321//1186 1056//1181
f 1322//1185 1323//1195 1250//1113
f 1251//1114 1322//1185 1250//1113
f 1252//1115 1322//1185 1251//1114
f 994//881 1060//943 1252//1115
f 1325//1188 1326//1217 1330//1189
f 1253//1105 1330//1189 1254//1117
f 1328//1219 1254//1117 1330//1189
f 1327//1190 1314//1178 1256//1118
f 1332//1193 1331//1192 1319//1213
f 1318//1183 1319//1213 1331//1192
f 1323//1195 1261//1194 1257//1479
f 1323//1195 1320//1184 1331//1192
f 1320//1184 1318//1183 1331//1192
f 1333//1221 1215//1073 1262//1125
f 1261//1194 1332//1193 854//752
f 854//752 1332//1193 1334//1196
f 1366//1226 1334//1196 1332//1193
f 1337//1079 1263//1123 1219//1074
f 1215//1073 1216//1075 1263//1123
f 1265//1133 1262//1125 1264//1126
f 1265//1133 1333//1221 1262//1125
f 1338//1197 1266//1199 1267//1232
f 1269//1124 1337//1079 1207//1480
f 1271//1128 1270//1127 1339//1201
f 1276//1198 1367//1229 1336//1134
f 1339//1201 1272//1137 1277//1138
f 1271//1128 1339//1201 1340//1485
f 1281//1143 1273//1132 1271//1128
f 1281//1143 1271//1128 1340//1485
f 1345//1202 1343//1203 1348//1206
f 1346//1204 1344//1200 1345//1202
f 1349//1209 1344//1200 1346//1204
f 1352//1207 1348//1206 1350//1208
f 1346//1204 1347//1205 1351//1210
f 1352//1207 1351//1210 1347//1205
f 1300//1169 1302//1164 1353//1170
f 1321//1186 1099//1455 1057//1447
f 1316//1180 1097//1454 1098//1258
f 1357//1214 1316//1180 1098//1258
f 1100//1456 1099//1455 1321//1186
f 1322//1185 1101//970 1100//1456
f 1325//1188 1309//1187 1324//1175
f 1325//1188 1324//1175 1326//1217
f 1324//1175 1354//1211 1359//1216
f 1326//1217 1324//1175 1359//1216
f 1330//1189 1326//1217 1360//1218
f 1356//1220 1329//1191 1328//1219
f 1332//1193 1357//1214 1366//1226
f 1332//1193 1319//1213 1357//1214
f 1362//1222 1227//1085 1333//1221
f 1358//1215 1362//1222 1359//1216
f 1363//1224 1360//1218 1359//1216
f 1335//1228 1363//1224 1362//1222
f 1336//1134 1364//1225 1335//1228
f 1364//1225 1336//1134 1367//1229
f 1369//1273 1367//1229 1368//1230
f 1370//1233 1365//1227 1376//1275
f 1365//1227 1366//1226 1414//1265
f 1338//1197 1368//1230 1276//1198
f 1368//1230 1338//1197 1372//1231
f 1374//1271 1368//1230 1372//1231
f 1373//1486 1267//1232 1370//1233
f 1373//1486 1370//1233 1376//1275
f 1373//1486 1378//1277 1377//1235
f 1377//1235 1372//1231 1373//1486
f 1382//1239 1379//1236 1380//1238
f 1380//1238 1371//1237 1381//1487
f 1413//1281 1371//1237 1379//1236
f 1380//1238 1381//1487 1384//1240
f 1384//1240 1381//1487 1383//1284
f 1383//1284 1381//1487 1386//1266
f 1341//1241 1342//1243 1340//1485
f 1281//1143 1340//1485 1342//1243
f 1384//1240 1385//1488 1387//1489
f 1341//1241 1391//1244 1389//1242
f 1350//1208 1343//1203 1395//1249
f 1396//1250 1349//1209 1351//1210
f 1397//1251 1394//1248 1350//1208
f 1397//1251 1398//1253 1394//1248
f 1397//1251 1350//1208 1451//1254
f 1138//1461 1137//997 1173//1025
f 1138//1461 1173//1025 1404//1261
f 1314//1178 1139//1256 1094//1463
f 1139//1256 1314//1178 1400//1255
f 1141//1029 1402//1257 1401//1030
f 1358//1215 1404//1261 1405//1093
f 1355//1212 1138//1461 1404//1261
f 1361//1260 1400//1255 1356//1220
f 1406//1490 1356//1220 1328//1219
f 1356//1220 1406//1490 1361//1260
f 1403//1259 1361//1260 1407//1491
f 1407//1491 1361//1260 1406//1490
f 1403//1259 1407//1491 1408//1262
f 1357//1214 1098//1258 1403//1259
f 1366//1226 1357//1214 1403//1259
f 1227//1085 1358//1215 1405//1093
f 1409//1223 1406//1490 1328//1219
f 1407//1491 1406//1490 1410//1313
f 1409//1223 1369//1273 1410//1313
f 1412//1274 1410//1313 1369//1273
f 1411//1263 1414//1265 1366//1226
f 1371//1237 1413//1281 1414//1265
f 1413//1281 1365//1227 1414//1265
f 1371//1237 1459//1311 1386//1266
f 1417//1286 1416//1268 1468//1267
f 1374//1271 1369//1273 1368//1230
f 1375//1234 1374//1271 1372//1231
f 1418//1270 1369//1273 1374//1271
f 1420//1272 1419//1278 1418//1270
f 1376//1275 1365//1227 1413//1281
f 1413//1281 1423//1276 1376//1275
f 1423//1276 1413//1281 1422//1280
f 1464//1283 1422//1280 1424//1282
f 1382//1239 1424//1282 1379//1236
f 1387//1489 1425//1492 1382//1239
f 1425//1492 1424//1282 1382//1239
f 1466//1320 1424//1282 1425//1492
f 1381//1487 1371//1237 1386//1266
f 1387//1489 1382//1239 1384//1240
f 1426//1326 1427//1323 1425//1492
f 1385//1488 1388//1285 1444//1493
f 1444//1493 1388//1285 1428//1269
f 1429//1288 1444//1493 1428//1269
f 1429//1288 1426//1326 1444//1493
f 1430//1287 1428//1269 1417//1286
f 1475//1327 1429//1288 1430//1287
f 1420//1272 1375//1234 1432//1289
f 1438//1295 1433//1292 1378//1277
f 1377//1235 1434//1290 1375//1234
f 1436//1297 1421//1279 1420//1272
f 1439//1298 1440//1296 1438//1295
f 1438//1295 1423//1276 1421//1279
f 1439//1298 1438//1295 1436//1297
f 1439//1298 1436//1297 1442//1329
f 1385//1488 1444//1493 1387//1489
f 1444//1493 1425//1492 1387//1489
f 1426//1326 1425//1492 1444//1493
f 1392//1246 1389//1242 1445//1300
f 1446//1302 1432//1289 1434//1290
f 1431//1301 1447//1304 1446//1302
f 1432//1289 1448//1303 1449//1291
f 1447//1304 1449//1291 1448//1303
f 1450//1305 1431//1301 1377//1235
f 1449//1291 1431//1301 1450//1305
f 1441//1306 1435//1293 1433//1292
f 1350//1208 1395//1249 1451//1254
f 1452//1307 1393//1247 1394//1248
f 1392//1246 1445//1300 1395//1249
f 1452//1307 1395//1249 1445//1300
f 1399//1252 1395//1249 1452//1307
f 1451//1254 1395//1249 1399//1252
f 1457//1315 1408//1262 1407//1491
f 1459//1311 1415//1264 1458//1316
f 1459//1311 1458//1316 1460//1312
f 1463//1314 1407//1491 1410//1313
f 1464//1283 1465//1322 1463//1314
f 1465//1322 1457//1315 1463//1314
f 1415//1264 1411//1263 1457//1315
f 1458//1316 1457//1315 1484//1494
f 1371//1237 1415//1264 1459//1311
f 1469//1318 1468//1267 1470//1319
f 1427//1323 1466//1320 1425//1492
f 1426//1326 1473//1325 1427//1323
f 1473//1325 1474//1342 1427//1323
f 1427//1323 1474//1342 1467//1324
f 1475//1327 1426//1326 1429//1288
f 1430//1287 1469//1318 1475//1327
f 1475//1327 1469//1318 1473//1325
f 1492//1343 1473//1325 1469//1318
f 1469//1318 1471//1339 1492//1343
f 1473//1325 1492//1343 1474//1342
f 1437//1294 1436//1297 1420//1272
f 1479//1495 1476//1328 1437//1294
f 1477//1330 1449//1291 1450//1305
f 1479//1495 1437//1294 1449//1291
f 1480//1332 1478//1331 1435//1293
f 1477//1330 1479//1495 1449//1291
f 1480//1332 1479//1495 1478//1331
f 1477//1330 1478//1331 1479//1495
f 1441//1306 1443//1299 1442//1329
f 1455//1309 1453//1026 928//1046
f 1455//1309 928//1046 1240//1097
f 1483//1334 1458//1316 1484//1494
f 1483//1334 1484//1494 1489//1338
f 1483//1334 1489//1338 1485//1345
f 1460//1312 1482//1496 1461//1310
f 1460//1312 1483//1334 1482//1496
f 1459//1311 1461//1310 1486//1335
f 1461//1310 1482//1496 1496//1497
f 1486//1335 1461//1310 1496//1497
f 1489//1338 1484//1494 1457//1315
f 1472//1321 1485//1345 1489//1338
f 1485//1345 1467//1324 1474//1342
f 1485//1345 1472//1321 1467//1324
f 1498//1344 1485//1345 1490//1349
f 1491//1498 1490//1349 1474//1342
f 1490//1349 1485//1345 1474//1342
f 1494//1499 1471//1339 1493//1340
f 1471//1339 1494//1499 1492//1343
f 1495//1341 1494//1499 1493//1340
f 1494//1499 1495//1341 1492//1343
f 1495//1341 1493//1340 1491//1498
f 1495//1341 1491//1498 1474//1342
f 1467//1324 1472//1321 1466//1320
f 1499//1500 1496//1497 1482//1496
f 1482//1496 1483//1334 1499//1500
f 1483//1334 1498//1344 1499//1500
f 1500//1501 1498//1344 1490//1349
f 1502//1348 1501//1347 1497//1346
f 1497//1346 1496//1497 1500//1501
f 1500//1501 1496//1497 1499//1500
f 1500//1501 1490//1349 1502//1348
f 1497//1346 1500//1501 1502//1348
f 1491//1498 1488//1337 1501//1347
f 1501//1347 1490//1349 1491//1498
f 421//360 422//359 440//438
f 79//76 56//40 82//50
f 81//57 80//1362 79//76
f 760//665 761//660 762//681
f 890//1430 875//786 820//723
f 1//1352 3//33 4//3
f 2//30 1//1352 5//34
f 6//2 1//1352 4//3
f 11//11 9//1 12//13
f 17//175 14//1354 15//5
f 14//1354 22//1355 20//8
f 13//6 19//16 16//4
f 25//12 12//13 26//21
f 17//175 15//5 27//15
f 31//18 30//17 23//7
f 41//807 34//27 40//26
f 81//57 79//76 83//55
f 84//56 87//1350 85//58
f 89//123 94//85 92//1363
f 21//37 95//66 52//42
f 100//72 101//73 102//70
f 104//74 99//71 102//70
f 81//57 111//63 80//1362
f 110//79 118//82 114//80
f 117//99 116//83 118//82
f 119//84 117//99 92//1363
f 99//71 103//90 101//73
f 542//472 127//91 454//92
f 63//104 133//101 132//100
f 137//102 134//106 66//1360
f 66//1360 134//106 68//1361
f 133//101 136//105 138//182
f 134//106 67//48 68//1361
f 140//118 67//48 141//107
f 146//116 147//189 139//117
f 146//116 148//191 147//189
f 151//140 94//85 90//124
f 153//127 155//131 154//130
f 109//77 157//129 156//133
f 159//132 158//136 156//133
f 164//141 163//139 165//138
f 192//167 201//170 199//166
f 195//169 202//111 194//174
f 214//188 210//186 215//223
f 148//191 142//108 210//186
f 182//157 164//141 165//138
f 176//149 225//197 177//153
f 225//197 226//199 177//153
f 187//158 228//200 183//159
f 187//158 234//205 235//1367
f 218//227 258//230 256//233
f 256//233 219//232 218//227
f 258//230 963//238 256//233
f 264//241 262//236 260//234
f 265//237 262//236 267//240
f 274//878 272//876 273//1368
f 266//853 273//1368 265//237
f 278//245 837//736 275//735
f 284//254 12//13 282//252
f 285//1371 554//256 286//255
f 309//279 310//1063 308//277
f 312//280 316//286 313//285
f 316//286 319//287 317//284
f 321//1372 320//281 313//285
f 324//1374 314//282 323//1373
f 327//288 326//293 328//289
f 318//294 326//293 317//284
f 332//295 333//300 329//292
f 336//351 335//1376 356//306
f 337//1378 341//319 324//1374
f 346//1380 348//338 345//323
f 342//1379 382//302 340//299
f 334//1377 351//305 357//307
f 336//351 361//317 341//319
f 339//298 360//311 355//350
f 382//302 342//1379 362//315
f 363//316 343//313 361//317
f 368//326 347//322 366//324
f 375//329 374//328 376//363
f 362//315 383//335 382//302
f 388//337 389//340 433//370
f 433//370 389//340 370//342
f 387//339 349//341 350//343
f 355//350 396//349 353//303
f 354//309 358//308 357//307
f 336//351 356//306 358//308
f 399//348 404//417 402//404
f 336//351 406//352 361//317
f 406//352 367//318 361//317
f 414//429 411//1385 409//1383
f 411//1385 408//353 409//1383
f 416//375 373//327 413//376
f 418//358 419//357 417//1386
f 384//373 435//372 436//454
f 415//1384 434//371 412//374
f 435//372 413//376 436//454
f 394//382 425//365 424//364
f 444//443 427//383 426//366
f 450//389 451//463 447//387
f 62//94 457//473 459//393
f 466//397 463//399 462//396
f 460//395 469//1392 467//398
f 468//401 467//398 469//1392
f 396//349 471//413 397//345
f 473//347 474//346 455//392
f 396//349 481//411 482//415
f 481//411 483//424 482//415
f 402//404 484//418 475//403
f 481//411 488//423 483//424
f 493//427 409//1383 410//354
f 406//352 491//426 410//354
f 495//430 493//427 494//428
f 498//434 429//368 428//367
f 504//440 498//434 501//433
f 504//440 499//435 498//434
f 506//446 444//443 430//436
f 507//1393 508//504 506//446
f 439//380 502//437 437//1387
f 528//459 446//458 525//462
f 530//467 528//459 531//465
f 446//458 448//460 526//461
f 541//482 540//481 96//67
f 545//475 457//473 130//95
f 546//474 544//477 549//478
f 551//1399 470//479 465//1391
f 549//478 477//483 468//401
f 505//441 573//501 507//1393
f 577//505 513//447 576//506
f 579//507 580//1403 577//505
f 516//450 585//522 583//634
f 516//450 584//452 585//522
f 595//1395 514//509 581//511
f 596//624 592//520 595//1395
f 714//632 527//527 599//529
f 603//530 604//531 531//465
f 600//524 605//532 603//530
f 609//538 533//535 606//534
f 532//464 606//534 533//535
f 538//469 539//471 535//1397
f 616//1404 619//547 621//1405
f 619//547 620//1406 618//546
f 611//543 621//1405 619//547
f 622//549 541//482 623//1365
f 622//549 623//1365 625//264
f 171//553 626//552 556//266
f 634//576 631//573 632//558
f 635//1408 633//559 126//89
f 636//652 637//560 638//562
f 643//588 553//1401 668//584
f 646//569 645//591 626//552
f 668//584 557//590 667//585
f 640//564 671//659 669//662
f 644//589 672//1411 557//590
f 648//566 673//592 646//569
f 561//599 564//489 681//491
f 681//491 779//696 680//601
f 694//1412 691//606 697//691
f 580//1403 698//610 577//505
f 699//611 578//510 698//610
f 588//514 706//619 587//513
f 596//624 581//511 700//612
f 699//611 713//626 700//612
f 713//626 711//625 700//612
f 723//637 600//524 597//523
f 727//641 617//544 608//537
f 223//650 172//148 739//648
f 738//649 223//650 739//648
f 632//558 633//559 222//196
f 741//1414 634//576 632//558
f 735//571 745//643 736//645
f 734//1416 733//644 745//643
f 746//572 628//556 653//670
f 671//659 756//664 670//663
f 756//664 757//680 670//663
f 758//1418 759//1419 757//680
f 767//754 768//751 655//671
f 761//660 755//677 762//681
f 775//682 676//596 765//667
f 775//682 776//764 679//600
f 784//690 690//605 570//497
f 788//693 695//692 696//1413
f 696//1413 697//691 789//1422
f 788//693 811//714 713//626
f 779//696 681//491 795//698
f 706//619 708//621 688//604
f 807//709 808//711 809//1424
f 716//628 792//699 717//629
f 721//636 888//721 818//782
f 721//636 818//782 816//720
f 721//636 704//617 819//722
f 830//799 728//729 725//638
f 830//799 828//1425 728//729
f 831//1426 899//730 829//731
f 835//743 742//740 834//1427
f 833//1109 834//1427 742//740
f 836//737 835//743 275//735
f 839//733 744//1415 649//567
f 850//1429 848//762 849//1428
f 845//744 859//760 858//745
f 846//758 862//761 774//678
f 850//1429 851//747 862//761
f 790//773 867//694 789//1422
f 864//1135 777//683 869//1136
f 797//776 798//700 865//1130
f 803//1421 875//786 806//707
f 875//786 890//1430 806//707
f 802//770 875//786 803//1421
f 876//710 810//712 877//775
f 790//773 868//774 867//694
f 820//723 875//786 819//722
f 889//1431 891//1166 888//721
f 892//788 889//1431 875//786
f 822//789 881//779 813//716
f 903//800 831//1426 830//799
f 903//800 899//730 831//1426
f 906//802 909//808 904//801
f 923//1008 922//988 920//823
f 930//826 931//824 929//1434
f 935//829 230//202 227//204
f 236//835 191//208 939//207
f 239//172 236//835 943//1435
f 940//834 943//1435 236//835
f 943//1435 940//834 942//840
f 249//217 949//905 946//843
f 247//215 248//216 953//847
f 948//891 954//848 248//216
f 249//217 962//222 955//1437
f 964//851 263//239 957//850
f 976//871 977//927 974//868
f 976//871 1048//926 977//927
f 270//243 1243//1102 982//873
f 991//880 275//735 276//1369
f 1001//886 936//831 998//830
f 1005//1441 1004//888 937//832
f 1010//893 954//848 948//891
f 914//806 1073//949 1072//819
f 1011//894 954//848 1010//893
f 949//905 1013//904 950//845
f 952//1436 1014//1443 951//846
f 1019//1445 1018//1444 1020//900
f 1018//1444 1042//924 1020//900
f 1042//924 1021//923 1020//900
f 1023//896 958//895 1025//898
f 1027//928 1023//896 1025//898
f 1024//897 1019//1445 1020//900
f 1026//899 1024//897 1022//901
f 1028//1446 959//866 1023//896
f 1035//911 968//856 965//852
f 1043//917 1044//925 1042//924
f 1046//921 1044//925 1043//917
f 1045//920 1046//921 1016//918
f 1038//913 1046//921 1043//917
f 1048//926 1028//1446 1023//896
f 1030//929 1050//930 1051//933
f 1054//938 1034//910 1033//909
f 1058//941 992//942 276//1369
f 991//880 992//942 1059//912
f 1066//1448 1002//1440 1001//886
f 1001//886 997//1439 1063//977
f 1006//839 1116//982 1071//1449
f 1076//1451 1015//919 1075//950
f 1078//952 1079//963 1076//1451
f 1085//959 1089//962 1086//961
f 1091//937 1032//908 1051//933
f 1094//1463 1095//1462 1093//965
f 1322//1185 1060//943 1101//970
f 1087//1452 1060//943 1046//921
f 1104//973 1106//978 1064//946
f 1112//1457 1113//1004 1071//1449
f 1068//979 1071//1449 1113//1004
f 1074//953 1080//954 1081//956
f 1122//1459 1140//968 1124//1012
f 1127//1453 1092//966 1122//1459
f 1125//989 1122//1459 1123//992
f 1121//987 1136//1018 1134//1460
f 1401//1030 1098//1258 1128//1464
f 1133//994 1142//1031 1128//1464
f 1144//999 1145//1465 1146//1466
f 1143//998 1108//1000 1147//1002
f 1130//993 1169//1470 1168//1471
f 1154//1021 1171//1023 1170//1038
f 1168//1471 1171//1023 1167//1022
f 1158//1011 1157//1010 1140//968
f 1095//1462 1139//1256 1158//1011
f 1158//1011 1141//1029 1174//1028
f 1181//1502 1148//1467 1146//1466
f 1146//1466 1182//1468 1181//1502
f 1181//1502 1182//1468 1148//1467
f 1183//1472 1145//1465 1150//1007
f 1163//1013 1186//1043 1161//1016
f 1187//1045 1186//1043 1163//1013
f 1168//1471 1169//1470 1180//1037
f 1164//1042 1193//1049 1189//1469
f 1194//1474 1192//1047 1186//1043
f 1190//1051 1195//1056 1194//1474
f 1189//1469 1193//1049 1196//1475
f 1179//1035 1180//1037 1197//1476
f 1197//1476 1180//1037 1169//1470
f 1197//1476 1169//1470 1178//1050
f 1202//1057 1203//1058 1195//1056
f 1201//1055 1199//1053 1203//1058
f 310//1063 778//684 1207//1480
f 1207//1480 1210//1067 310//1063
f 1215//1073 1217//1084 1214//1070
f 1220//1076 1224//1080 1221//1088
f 1225//1082 919//820 916//814
f 1219//1074 1218//1072 1206//1062
f 1228//1086 1229//1087 1223//1077
f 1232//1091 1227//1085 1405//1093
f 1234//1433 921//1089 1233//1478
f 1231//1090 1238//1099 1233//1478
f 1235//1094 1232//1091 1236//1092
f 1237//1100 1240//1097 1241//1096
f 1240//1097 929//1434 1242//1095
f 982//873 1243//1102 832//732
f 1253//1105 840//1116 839//733
f 866//765 1276//1198 1275//1131
f 869//1136 1277//1138 1272//1137
f 1281//1143 1278//1140 1273//1132
f 865//1130 1283//1145 1275//1131
f 794//1139 813//716 880//778
f 1277//1138 1280//1142 1288//1144
f 1279//1141 879//777 797//776
f 883//781 885//784 884//780
f 1294//1158 886//783 887//785
f 886//783 1296//1157 1291//1155
f 1298//1161 1295//1159 1296//1157
f 1304//1171 1306//1482 898//794
f 1305//1483 896//792 900//797
f 896//792 1306//1482 1304//1171
f 1307//1172 901//795 1306//1482
f 1319//1213 1318//1183 1317//1182
f 1323//1195 1322//1185 1320//1184
f 1310//1484 1309//1187 1325//1188
f 1328//1219 1329//1191 1254//1117
f 1337//1079 1210//1067 1207//1480
f 1270//1127 1272//1137 1339//1201
f 1341//1241 1340//1485 1339//1201
f 1343//1203 1288//1144 1281//1143
f 1348//1206 1347//1205 1345//1202
f 1301//1162 1353//1170 1302//1164
f 1093//965 1314//1178 1094//1463
f 1097//1454 1316//1180 1096//969
f 1100//1456 1321//1186 1322//1185
f 1362//1222 1363//1224 1359//1216
f 1335//1228 1364//1225 1363//1224
f 1335//1228 1362//1222 1265//1133
f 1364//1225 1367//1229 1369//1273
f 1369//1273 1409//1223 1364//1225
f 1267//1232 1373//1486 1372//1231
f 1373//1486 1376//1275 1378//1277
f 1384//1240 1383//1284 1385//1488
f 1385//1488 1383//1284 1388//1285
f 1339//1201 1391//1244 1341//1241
f 1236//1092 1405//1093 1404//1261
f 1410//1313 1406//1490 1409//1223
f 1423//1276 1438//1295 1378//1277
f 1433//1292 1440//1296 1441//1306
f 1446//1302 1448//1303 1432//1289
f 1455//1309 1456//1333 1454//1308
f 1454//1308 1237//1100 1236//1092
f 1463//1314 1457//1315 1407//1491
f 1469//1318 1430//1287 1417//1286
f 1471//1339 1469//1318 1470//1319
f 1442//1329 1443//1299 1439//1298
f 1479//1495 1480//1332 1476//1328
f 1481//1101 1456//1333 1455//1309
f 1487//1336 1462//1317 1459//1311
f 1488//1337 1493//1340 1462//1317
f 1488//1337 1491//1498 1493//1340
f 1498//1344 1500//1501 1499//1500
f 1501//1347 1488//1337 1486//1335
f 1497//1346 1486//1335 1496//1497
f 69//41 82//50 55//39
f 79//76 80//1362 56//40
