# Blender 5.2.2 LTS
# www.blender.org
o Coral_Blue_A_tmp
v -0.427063 -0.043479 0.179481
v -0.407485 -0.023741 0.154988
v -0.353352 -0.027658 0.167309
v -0.350204 -0.007996 0.193223
v -0.438116 -0.043263 0.238023
v -0.415844 -0.047341 0.202760
v -0.427553 -0.045242 0.271236
v -0.413323 -0.021193 0.200448
v -0.408270 -0.022872 0.232220
v -0.390526 -0.027670 0.247471
v -0.364509 0.001388 0.220196
v -0.335499 -0.180493 0.134586
v -0.316618 -0.208040 0.158537
v -0.313669 -0.184915 0.134262
v -0.186696 -0.316101 0.156043
v -0.184239 -0.272518 0.192944
v -0.224789 -0.292295 0.289454
v -0.225323 -0.294009 0.295012
v -0.224254 -0.290582 0.295012
v -0.201202 -0.273521 0.269203
v -0.208370 -0.269048 0.297107
v -0.203119 -0.248153 0.247773
v -0.205559 -0.246741 0.336021
v -0.177662 -0.286837 0.193447
v -0.181035 -0.276399 0.246033
v -0.177752 -0.234752 0.269607
v -0.188979 -0.254807 0.307423
v -0.179099 -0.245731 0.340501
v -0.183826 -0.227182 0.285835
v -0.172888 -0.214368 0.344958
v -0.329292 -0.020251 0.144823
v -0.338059 -0.013309 0.169633
v -0.312212 -0.149017 0.159301
v -0.317012 -0.111637 0.110999
v -0.317012 -0.112668 0.115130
v -0.319003 -0.025254 0.131064
v -0.307015 -0.021617 0.168891
v -0.300920 -0.139478 0.159805
v -0.310796 -0.112152 0.113065
v -0.296462 -0.111386 0.126736
v -0.293150 -0.107230 0.159796
v -0.264599 -0.022852 0.129469
v -0.287259 -0.141244 0.156314
v -0.272338 -0.114411 0.131976
v -0.275684 -0.115134 0.182155
v -0.259595 -0.015758 0.149915
v -0.247145 -0.117194 0.159574
v -0.248150 -0.087384 0.179325
v -0.228627 -0.097739 0.175746
v -0.218237 -0.085437 0.182354
v -0.225458 -0.021544 0.156459
v -0.213407 -0.012320 0.155240
v -0.201188 -0.025173 0.185953
v -0.183920 -0.000274 0.178724
v -0.340949 -0.138791 0.267893
v -0.337477 -0.138929 0.300646
v -0.356307 -0.022494 0.253489
v -0.317591 -0.112364 0.246492
v -0.327369 -0.117527 0.291487
v -0.327782 -0.014156 0.192266
v -0.340108 -0.007003 0.254139
v -0.315617 -0.142062 0.343386
v -0.278866 -0.114637 0.341088
v -0.292541 -0.102495 0.262020
v -0.281133 -0.088168 0.277767
v -0.279638 -0.139861 0.321970
v -0.290763 -0.135938 0.367206
v -0.259677 -0.105202 0.263681
v -0.273414 -0.088472 0.240046
v -0.317972 -0.006427 0.276054
v -0.281008 -0.000540 0.259296
v -0.290690 0.002744 0.275766
v -0.239394 -0.108001 0.188997
v -0.260721 -0.109273 0.340129
v -0.248661 -0.081293 0.260863
v -0.233997 -0.078283 0.327273
v -0.222350 -0.091888 0.209115
v -0.226076 -0.091233 0.244665
v -0.250161 -0.109278 0.300095
v -0.231451 -0.090570 0.337684
v -0.212169 -0.069637 0.303379
v -0.234789 -0.054173 0.389322
v -0.261363 -0.014532 0.198496
v -0.230245 -0.009000 0.259772
v -0.226702 0.000453 0.293593
v -0.176434 -0.094917 0.250070
v -0.211248 -0.080740 0.224656
v -0.206696 -0.080110 0.355970
v -0.169265 -0.093792 0.196249
v -0.194199 -0.092642 0.320336
v -0.173616 -0.056825 0.195272
v -0.168742 -0.051160 0.258509
v -0.182168 -0.012988 0.260874
v -0.245610 -0.070572 0.397428
v -0.252853 -0.069227 0.433797
v -0.249227 -0.047604 0.428078
v -0.248720 -0.046264 0.474811
v -0.223238 -0.012188 0.479997
v -0.219806 -0.065903 0.431293
v -0.193186 -0.012025 0.481839
v -0.205003 -0.002647 0.500968
v -0.152306 -0.039943 0.361170
v -0.177078 0.023679 0.426488
v -0.000084 -0.406108 0.293095
v 0.000555 -0.394473 0.312836
v -0.154665 -0.322749 0.090004
v -0.158871 -0.310948 0.090683
v -0.160543 -0.297313 0.152704
v -0.162202 -0.300742 0.169486
v -0.147355 -0.233858 0.155430
v -0.150459 -0.310948 0.089325
v -0.141265 -0.299836 0.088031
v -0.142017 -0.269039 0.116385
v -0.148474 -0.260433 0.149980
v -0.132448 -0.225890 0.138442
v -0.139271 -0.199884 0.166193
v -0.107977 -0.267028 0.084654
v -0.114082 -0.279460 0.105481
v -0.111913 -0.257604 0.134759
v -0.111673 -0.247565 0.086907
v -0.136490 -0.255160 0.169096
v -0.108396 -0.227810 0.134226
v -0.089324 -0.202720 0.158331
v -0.144512 -0.234191 0.209185
v -0.172203 -0.244737 0.258250
v -0.162426 -0.223413 0.224339
v -0.147674 -0.206704 0.293042
v -0.156927 -0.188073 0.279563
v -0.154547 -0.183460 0.330231
v -0.157587 -0.178274 0.365501
v -0.148891 -0.224030 0.201977
v -0.155126 -0.228536 0.382826
v -0.143754 -0.181158 0.300140
v -0.108819 -0.170227 0.181330
v -0.125551 -0.166071 0.300658
v -0.091245 -0.176922 0.198353
v -0.159805 -0.198370 0.389443
v -0.156142 -0.093957 0.177321
v -0.167255 -0.023821 0.136455
v -0.141988 0.001636 0.148356
v -0.107341 -0.029279 0.122878
v -0.118612 -0.009551 0.122541
v -0.103232 -0.040140 0.170940
v -0.070118 -0.137199 0.180493
v -0.076965 -0.042216 0.103917
v -0.046893 -0.093036 0.069080
v -0.046176 -0.093400 0.092496
v -0.048050 -0.066130 0.182489
v -0.050353 -0.042854 0.040384
v -0.055696 -0.049713 0.135914
v -0.048615 -0.024795 0.018699
v -0.063903 0.002775 0.041186
v -0.019116 -0.093558 0.089837
v -0.012733 -0.068942 0.132974
v -0.028111 -0.077947 0.186932
v -0.019085 0.026320 0.022978
v -0.014449 -0.067233 0.161701
v -0.008823 -0.017925 0.010233
v -0.150137 -0.067588 0.293257
v -0.177423 -0.037570 0.327591
v -0.176240 -0.037415 0.206075
v -0.157524 -0.021266 0.309101
v -0.096902 -0.116092 0.248696
v -0.139343 -0.157628 0.322779
v -0.138378 -0.075467 0.195695
v -0.118930 -0.048245 0.184249
v -0.113270 -0.009010 0.332250
v -0.139580 -0.003744 0.319330
v -0.120409 -0.133977 0.364902
v -0.119979 -0.126742 0.299673
v -0.090694 -0.035522 0.251133
v -0.066047 -0.108016 0.198005
v -0.089588 -0.124028 0.273103
v -0.115682 -0.138215 0.323788
v -0.108082 -0.136868 0.364157
v -0.100575 -0.114732 0.279103
v -0.094974 -0.113960 0.337379
v -0.078982 -0.101432 0.337193
v -0.054589 -0.107210 0.216659
v -0.071143 -0.104869 0.255657
v -0.068635 -0.078062 0.249317
v -0.049095 -0.070397 0.333098
v -0.080219 -0.041864 0.200964
v -0.067783 -0.054583 0.227394
v -0.067203 0.000972 0.271125
v -0.073347 0.020484 0.311472
v -0.050150 -0.089540 0.336703
v -0.032607 -0.076112 0.245660
v -0.042998 -0.030801 0.261746
v -0.013157 -0.063868 0.330289
v 0.000373 -0.033421 0.331154
v -0.012602 -0.015090 0.290646
v 0.004318 -0.024868 0.342515
v -0.005672 0.015893 0.380884
v -0.129688 0.018858 0.412157
v -0.094467 -0.116331 0.369434
v -0.093105 -0.112907 0.450731
v -0.064391 -0.118449 0.436257
v -0.084218 -0.119388 0.457741
v -0.066461 -0.113375 0.496730
v -0.075529 -0.031011 0.541781
v -0.072779 -0.001174 0.490876
v -0.073805 0.002190 0.516160
v -0.053089 -0.075908 0.440752
v -0.044049 -0.096202 0.520774
v -0.051666 -0.033350 0.543176
v -0.047336 -0.001299 0.477091
v -0.026763 -0.111147 0.500548
v -0.047373 -0.116313 0.524063
v -0.022835 -0.078126 0.523970
v -0.027013 -0.019814 0.548736
v 0.025155 -0.106458 0.530614
v -0.006885 -0.090473 0.545896
v 0.014484 -0.025240 0.376164
v -0.071239 -0.027160 0.568010
v -0.034567 -0.012826 0.573130
v -0.035714 0.007504 0.560688
v -0.020729 -0.002442 0.588996
v 0.000771 0.000096 0.571200
v 0.002246 0.017007 -0.005515
v -0.318719 0.153611 0.134272
v -0.295085 0.181305 0.159931
v -0.277786 0.132251 0.133102
v -0.284471 0.153326 0.131607
v -0.296337 0.155212 0.155336
v -0.286679 0.000199 0.146630
v -0.230836 0.153811 0.185615
v -0.230337 0.070191 0.113733
v -0.236007 0.113768 0.135379
v -0.221252 0.066086 0.114433
v -0.221252 0.074296 0.113033
v -0.205761 0.087495 0.110501
v -0.200643 0.094714 0.139533
v -0.208408 0.132498 0.131483
v -0.325726 0.006216 0.190493
v -0.344892 0.002868 0.243903
v -0.230658 0.007299 0.202376
v -0.246383 0.001745 0.250858
v -0.202362 0.028436 0.298027
v -0.198390 0.181625 0.191808
v -0.157677 0.032044 0.269207
v -0.177386 0.015616 0.296095
v -0.162730 0.134213 0.230856
v -0.193576 0.208646 0.266783
v -0.179861 0.178970 0.316375
v -0.205279 0.023175 0.498103
v -0.183478 0.049021 0.478456
v -0.177447 0.046055 0.498912
v -0.345023 0.224847 0.156984
v -0.312367 0.223797 0.158918
v -0.308457 0.216841 0.185964
v -0.317465 0.230778 0.179274
v -0.269284 0.214783 0.173413
v -0.270550 0.230909 0.184907
v -0.201334 0.292773 0.179773
v -0.204308 0.336212 0.176233
v -0.293715 0.248111 0.197904
v -0.291714 0.247581 0.203268
v -0.266696 0.214778 0.193880
v -0.289713 0.247050 0.197904
v -0.224055 0.204863 0.205058
v -0.226845 0.291724 0.265039
v -0.205439 0.198952 0.222876
v -0.206635 0.237031 0.323194
v -0.201968 0.248378 0.342939
v -0.207217 0.260097 0.208679
v -0.228069 0.292726 0.319065
v -0.204888 0.269006 0.324381
v -0.217315 0.302565 0.243699
v -0.225010 0.314226 0.292324
v -0.200369 0.344580 0.227625
v -0.177121 0.199929 0.339904
v -0.183702 0.218894 0.218959
v -0.178240 0.226090 0.340140
v -0.200146 0.287261 0.291492
v -0.195251 0.296583 0.237417
v -0.159123 0.087911 0.130831
v -0.144960 0.081562 0.178662
v -0.146476 0.106008 0.131083
v -0.209741 0.152014 0.154271
v -0.125022 0.084755 0.137691
v -0.117706 0.100549 0.175316
v -0.084852 0.021800 0.078290
v -0.102136 0.041087 0.158438
v -0.087531 0.043910 0.141721
v -0.080759 0.067153 0.117310
v -0.098638 0.073057 0.145785
v -0.069979 0.067938 0.041392
v -0.063924 0.055555 0.093018
v -0.066649 0.065745 0.152270
v -0.068780 0.066428 0.183787
v -0.016381 0.058545 0.048960
v -0.036173 0.069532 0.122233
v -0.011339 0.107331 0.147187
v -0.002991 0.076952 0.062826
v -0.003535 0.120743 0.140077
v -0.133855 0.026447 0.212119
v -0.161043 0.126343 0.296387
v -0.128232 0.010556 0.292043
v -0.130707 0.068573 0.266843
v -0.129742 0.092872 0.223267
v -0.137822 0.150763 0.218893
v -0.150847 0.199133 0.318020
v -0.094448 0.048324 0.370401
v -0.110397 0.045898 0.202460
v -0.101404 0.051254 0.319098
v -0.124539 0.064334 0.280259
v -0.078385 0.087844 0.221933
v -0.115875 0.094216 0.272152
v -0.123687 0.138137 0.238473
v -0.143063 0.148454 0.288962
v -0.055633 0.062490 0.293928
v -0.066874 0.063594 0.263821
v -0.068386 0.088498 0.349394
v -0.047369 0.034257 0.334042
v -0.044450 0.066886 0.247338
v -0.050218 0.085313 0.323538
v -0.012614 0.021202 0.353471
v -0.030904 0.069007 0.343019
v -0.050168 0.090230 0.210756
v -0.004241 0.089441 0.261852
v -0.023974 0.085169 0.279247
v -0.026205 0.149357 0.291434
v -0.007764 0.098380 0.232608
v -0.004145 0.072675 0.318027
v -0.002412 0.094611 0.273440
v -0.017647 0.113083 0.323523
v -0.001076 0.129588 0.274351
v -0.003778 0.146884 0.256813
v 0.014605 0.175960 0.281713
v 0.012120 0.184296 0.214031
v -0.004466 0.199147 0.256816
v -0.157743 0.045682 0.475986
v -0.164134 0.066375 0.479920
v -0.156524 0.110074 0.493380
v -0.140328 0.072543 0.422211
v -0.133988 0.092420 0.446948
v -0.157964 0.088938 0.495656
v -0.119061 0.058993 0.365188
v -0.129512 0.053500 0.405842
v -0.110671 0.069328 0.384864
v -0.092977 0.184208 0.480071
v -0.068159 0.096198 0.386666
v -0.070717 0.118773 0.421062
v -0.064622 0.133684 0.455098
v -0.086083 0.200096 0.392993
v -0.088448 0.174791 0.431337
v -0.073251 0.173677 0.457862
v -0.042936 0.019483 0.443582
v -0.049300 0.020707 0.480121
v -0.073812 0.076327 0.373581
v -0.049482 0.109396 0.390195
v -0.045873 0.139790 0.376608
v -0.023371 0.021297 0.398968
v -0.028523 0.026595 0.518692
v 0.001451 0.020069 0.436428
v -0.004632 0.051942 0.443927
v -0.005795 0.042526 0.559583
v -0.168216 0.221669 0.255984
v -0.049851 0.249293 0.341717
v -0.071430 0.260417 0.366499
v -0.046330 0.276438 0.361674
v -0.024711 0.253653 0.337200
v -0.002299 0.236868 0.317561
v 0.000924 0.244777 0.199628
v 0.000201 0.247741 0.207625
v -0.000523 0.250705 0.199628
v -0.007180 0.268139 0.291883
v -0.000359 0.299379 0.314811
v -0.112616 0.285475 0.451116
v -0.114725 0.313499 0.430974
v -0.113729 0.337689 0.450688
v -0.092401 0.276234 0.455740
v -0.096005 0.326285 0.395674
v -0.088138 0.340239 0.424263
v -0.089772 0.345722 0.399683
v -0.082217 0.217188 0.480808
v -0.089192 0.251798 0.475713
v -0.077747 0.324254 0.381097
v -0.066724 0.305925 0.406374
v -0.058449 0.249422 0.398072
v -0.063179 0.324794 0.377356
v 0.052604 -0.038888 -0.004369
v 0.019673 0.029596 -0.016171
v 0.131492 -0.007209 -0.007704
v 0.094339 -0.046870 -0.000726
v 0.067460 -0.382889 0.157389
v 0.067460 -0.383072 0.157981
v 0.068081 -0.382980 0.157685
v 0.090863 -0.364407 0.151499
v 0.090067 -0.360824 0.160021
v 0.001994 -0.407707 0.316016
v 0.022209 -0.382938 0.359092
v 0.045665 -0.363738 0.293732
v 0.047913 -0.333347 0.337119
v 0.048805 -0.358252 0.335916
v 0.089271 -0.357241 0.151499
v 0.111271 -0.318274 0.180615
v 0.111866 -0.241043 0.157086
v 0.111832 -0.181786 0.134724
v 0.094140 -0.113668 0.147592
v 0.135840 -0.321197 0.155101
v 0.132208 -0.293061 0.113865
v 0.125478 -0.296895 0.142951
v 0.137208 -0.294278 0.193911
v 0.138994 -0.261741 0.131778
v 0.155127 -0.313691 0.090990
v 0.144953 -0.300108 0.132871
v 0.161801 -0.283510 0.089103
v 0.151608 -0.282555 0.123761
v 0.150671 -0.272945 0.165628
v 0.135294 -0.208855 0.152755
v 0.182403 -0.315364 0.088348
v 0.168355 -0.301261 0.106590
v 0.047046 -0.333855 0.292879
v 0.070041 -0.288814 0.289475
v 0.062533 -0.277802 0.353908
v 0.053467 -0.170769 0.322580
v 0.057764 -0.197120 0.361881
v 0.077441 -0.321331 0.351722
v 0.081437 -0.301132 0.277934
v 0.097649 -0.294787 0.347937
v 0.092432 -0.249958 0.215903
v 0.074759 -0.190652 0.269501
v 0.093307 -0.160942 0.222021
v 0.075416 -0.145327 0.274521
v 0.109586 -0.287913 0.212967
v 0.092798 -0.309728 0.304832
v 0.110405 -0.283987 0.252111
v 0.074455 -0.227141 0.391273
v 0.135139 -0.207419 0.261175
v 0.118158 -0.228917 0.307710
v 0.142516 -0.221391 0.220878
v 0.046321 -0.270894 0.450411
v 0.045915 -0.246611 0.425304
v 0.043028 -0.245544 0.453514
v 0.044277 -0.203395 0.383860
v 0.061574 -0.336423 0.377720
v 0.066350 -0.343896 0.432789
v 0.066682 -0.295489 0.389547
v 0.065571 -0.249007 0.409698
v 0.048368 -0.217098 0.378156
v 0.070148 -0.311250 0.403047
v -0.001014 -0.077581 0.063435
v 0.068490 -0.080432 0.104648
v 0.033924 -0.066393 0.146758
v 0.068386 -0.067683 0.171787
v 0.089748 -0.067729 0.022702
v 0.110104 -0.074822 0.067502
v 0.108325 -0.108715 0.121237
v 0.136539 -0.156717 0.137978
v 0.142831 -0.109316 0.144722
v 0.141039 -0.098404 0.173906
v 0.140180 -0.051129 0.038312
v 0.168256 -0.102749 0.094660
v 0.175284 -0.078554 0.059006
v 0.132917 -0.087920 0.094100
v 0.178969 -0.069628 0.182383
v 0.183145 -0.110070 0.115343
v 0.173508 -0.111306 0.157311
v 0.204579 -0.066471 0.058942
v 0.173608 -0.015902 0.042081
v 0.008392 -0.042885 0.235388
v 0.032100 -0.040083 0.338428
v 0.017145 -0.020763 0.265611
v 0.006050 -0.000571 0.360387
v 0.045262 -0.051728 0.208991
v 0.081742 0.001895 0.332562
v 0.076944 -0.037015 0.291583
v 0.067094 -0.160698 0.329194
v 0.084448 -0.088092 0.210107
v 0.093062 -0.104792 0.242725
v 0.082982 -0.067038 0.230796
v 0.083833 -0.190157 0.346193
v 0.091836 -0.139365 0.279679
v 0.110316 -0.091007 0.201110
v 0.105271 -0.071647 0.232212
v 0.120538 0.001174 0.324129
v 0.132280 -0.134009 0.202586
v 0.118446 -0.142270 0.253626
v 0.129016 -0.072364 0.199273
v 0.091339 -0.070111 0.446479
v 0.157502 -0.061309 0.231144
v 0.108502 -0.039815 0.322980
v 0.159401 -0.064849 0.342810
v 0.184432 -0.068240 0.279275
v 0.179966 0.003120 0.228220
v 0.013642 -0.072629 0.433578
v 0.044898 -0.072348 0.543252
v 0.060346 -0.090486 0.484618
v 0.029750 -0.043471 0.463637
v 0.059249 -0.017210 0.378830
v 0.099913 -0.050206 0.496933
v 0.115908 -0.088683 0.544036
v 0.108790 -0.025279 0.395344
v 0.153945 -0.082082 0.447591
v 0.174883 -0.043861 0.374240
v 0.183654 -0.057895 0.461113
v 0.044300 -0.091935 0.563085
v 0.094548 -0.088730 0.565849
v 0.093383 -0.064304 0.564567
v 0.158139 -0.067128 0.567077
v 0.182720 -0.091986 0.540845
v 0.185424 -0.115144 0.158843
v 0.206070 -0.062960 0.083847
v 0.184178 -0.062670 0.111083
v 0.197681 -0.011615 0.071464
v 0.193946 -0.021687 0.175851
v 0.190944 0.022175 0.121415
v 0.225312 -0.112273 0.063475
v 0.201298 -0.096661 0.090438
v 0.249578 -0.088943 0.069257
v 0.357803 0.001158 0.176961
v 0.195457 -0.054236 0.222831
v 0.207201 -0.027465 0.261932
v 0.207385 -0.092598 0.339684
v 0.205577 -0.041699 0.216633
v 0.244282 -0.096056 0.344430
v 0.251518 -0.043690 0.226649
v 0.245125 -0.033337 0.268090
v 0.259194 -0.054060 0.242265
v 0.279391 -0.044295 0.334529
v 0.280158 -0.013866 0.235585
v 0.279065 -0.066361 0.304025
v 0.291928 -0.063435 0.340894
v 0.288394 -0.020999 0.218663
v 0.323423 -0.095725 0.358473
v 0.313960 -0.063654 0.317809
v 0.313952 -0.041312 0.252558
v 0.324598 -0.026708 0.210139
v 0.321515 -0.014467 0.217803
v 0.361636 -0.069959 0.225949
v 0.354164 -0.038952 0.218777
v 0.358035 -0.001126 0.205829
v 0.393402 -0.009185 0.321723
v 0.183004 -0.063408 0.538937
v 0.224208 -0.114586 0.464357
v 0.218428 -0.109988 0.502205
v 0.225677 -0.071896 0.383866
v 0.212347 -0.078569 0.514075
v 0.238749 -0.114639 0.402898
v 0.251087 -0.092845 0.461767
v 0.253011 -0.116764 0.490708
v 0.260332 -0.064673 0.379889
v 0.292688 -0.113079 0.472764
v 0.293212 -0.087125 0.373551
v 0.294967 -0.105469 0.429486
v 0.294977 -0.089031 0.469003
v 0.315264 -0.066717 0.428356
v 0.314890 -0.087340 0.401960
v 0.314804 -0.067012 0.384313
v 0.344250 -0.118064 0.377105
v 0.328151 -0.089493 0.415204
v 0.317609 -0.092278 0.453417
v 0.333295 -0.065799 0.383607
v 0.378910 -0.120341 0.409039
v 0.405836 -0.021437 0.173466
v 0.386320 -0.044272 0.222000
v 0.361391 -0.023100 0.242745
v 0.376619 -0.019877 0.284065
v 0.369097 -0.014085 0.335739
v 0.392518 -0.053001 0.340475
v 0.407511 -0.034985 0.334234
v 0.410238 -0.022793 0.203597
v 0.428256 -0.000178 0.336847
v 0.428115 -0.022159 0.360774
v 0.386155 -0.077643 0.364691
v 0.385791 -0.085876 0.405539
v 0.386219 -0.037777 0.378654
v 0.412714 -0.070011 0.382846
v 0.413018 -0.041853 0.379736
v 0.062128 0.056659 0.006156
v 0.109934 0.054697 -0.003612
v 0.140520 0.020449 0.000074
v 0.023765 0.066811 0.013841
v 0.017478 0.117170 0.018417
v 0.030300 0.098674 0.150057
v 0.014794 0.120284 0.118348
v 0.031083 0.115794 0.019087
v 0.042291 0.121319 0.094955
v 0.066243 0.074031 0.033864
v 0.070626 0.087520 0.095029
v 0.059474 0.089920 0.166441
v 0.116561 0.097511 0.020290
v 0.087258 0.076497 0.064169
v 0.091170 0.088659 0.118770
v 0.103810 0.116386 0.154915
v 0.105145 0.070465 0.095259
v 0.116102 0.087352 0.049663
v 0.134544 0.059813 0.132322
v 0.121219 0.121117 0.159261
v 0.141904 0.145342 0.176429
v 0.146611 0.045068 0.025431
v 0.179213 0.028059 0.098302
v 0.158323 0.054477 0.166505
v 0.140391 0.074583 0.177483
v 0.142641 0.104011 0.180675
v 0.148851 0.181788 0.157767
v 0.172477 0.045913 0.121961
v 0.173308 0.131321 0.182592
v 0.179933 0.184889 0.141118
v 0.054936 0.053939 0.350440
v 0.022863 0.059093 0.358370
v 0.015700 0.061817 0.281283
v -0.002072 0.056904 0.339706
v 0.021038 0.150571 0.219258
v 0.016865 0.149625 0.256037
v 0.047328 0.022468 0.337006
v 0.051508 0.067389 0.245429
v 0.038118 0.089882 0.204249
v 0.069120 0.094861 0.348594
v 0.044689 0.178859 0.198085
v 0.048736 0.183706 0.222622
v 0.068896 0.043767 0.284984
v 0.062663 0.086804 0.293540
v 0.067714 0.180659 0.199991
v 0.081148 0.027139 0.278213
v 0.082824 0.068946 0.225970
v 0.075699 0.067886 0.253606
v 0.096600 0.080094 0.307850
v 0.102040 0.086840 0.338461
v 0.090942 0.088346 0.195522
v 0.084522 0.081303 0.286854
v 0.117784 0.103348 0.283366
v 0.122241 0.050533 0.238627
v 0.112365 0.064597 0.247417
v 0.103126 0.116284 0.311193
v 0.106456 0.102361 0.346781
v 0.121598 0.120597 0.185590
v 0.117044 0.119295 0.346957
v 0.144839 0.016045 0.263113
v 0.116052 0.076243 0.202173
v 0.128252 0.087525 0.267400
v 0.134577 0.110508 0.362618
v 0.166881 0.033211 0.213283
v 0.160912 0.125122 0.342629
v 0.184054 0.088019 0.247727
v 0.170561 0.084462 0.262081
v 0.158867 0.112367 0.206987
v 0.164135 0.107413 0.265726
v 0.177113 0.104866 0.305347
v 0.182069 0.114679 0.340334
v 0.203581 0.137672 0.264755
v 0.168548 0.133253 0.312814
v 0.049172 0.067640 0.420948
v 0.027630 0.058554 0.471474
v 0.022582 0.099427 0.467213
v 0.039891 0.108521 0.498079
v 0.030348 0.096140 0.551235
v 0.046800 0.111688 0.427822
v 0.059977 0.144981 0.477810
v 0.083076 0.108577 0.378202
v 0.065789 0.157317 0.544744
v 0.093518 0.091033 0.391230
v 0.065542 0.134307 0.504259
v 0.110899 0.107014 0.372739
v 0.132693 0.128057 0.421839
v 0.107433 0.135430 0.399660
v 0.119189 0.154367 0.472663
v 0.132859 0.129617 0.397318
v 0.142351 0.210910 0.460293
v 0.169158 0.176705 0.404300
v 0.187296 0.161172 0.400499
v 0.180410 0.156951 0.418341
v 0.002195 0.026721 0.589831
v 0.020640 0.043611 0.569234
v 0.021866 0.095905 0.570048
v 0.063987 0.174843 0.565713
v 0.070865 0.203338 0.176654
v 0.174616 0.201455 0.137243
v 0.032893 0.208213 0.210532
v 0.015044 0.209536 0.256215
v 0.004148 0.234708 0.273704
v 0.023618 0.265265 0.290151
v 0.026953 0.294745 0.311480
v 0.032801 0.323882 0.283623
v 0.047362 0.316198 0.285632
v 0.046347 0.343407 0.266593
v 0.035266 0.334192 0.323336
v 0.045173 0.341380 0.338611
v 0.062508 0.361275 0.331511
v 0.066676 0.360384 0.342921
v 0.070843 0.359494 0.331511
v 0.134295 0.239331 0.502669
v 0.156444 0.222969 0.509107
v 0.156225 0.249528 0.518122
v 0.156253 0.273694 0.470238
v 0.157118 0.272477 0.501280
v 0.160306 0.198814 0.449215
v 0.170453 0.269048 0.471326
v 0.064489 0.203008 0.587858
v 0.101011 0.224267 0.546958
v 0.091704 0.202016 0.586938
v 0.128644 0.226164 0.554303
v 0.111980 0.224468 0.569276
v 0.045211 0.403746 0.247495
v 0.045020 0.403746 0.248369
v 0.045116 0.405754 0.247932
v 0.202700 0.012222 0.176950
v 0.219498 0.043571 0.114009
v 0.218559 0.067041 0.134317
v 0.224886 0.177317 0.180098
v 0.253364 0.053890 0.107933
v 0.272535 0.046699 0.126540
v 0.262501 0.071575 0.093815
v 0.254973 0.070956 0.151074
v 0.292888 0.068451 0.066588
v 0.325825 0.076022 0.206344
v 0.306121 0.044372 0.186116
v 0.314583 0.090939 0.045052
v 0.311245 0.088937 0.076491
v 0.352090 0.067577 0.090687
v 0.338022 0.090839 0.101362
v 0.324179 0.088312 0.074053
v 0.351609 0.069622 0.123635
v 0.352323 0.069510 0.165625
v 0.353599 0.093641 0.067135
v 0.217862 0.041312 0.199472
v 0.208747 0.124107 0.279500
v 0.205040 0.135020 0.203055
v 0.203286 0.134488 0.226764
v 0.229883 0.157927 0.318414
v 0.227483 0.025521 0.202276
v 0.226776 0.154591 0.290637
v 0.208839 0.159789 0.199546
v 0.261365 0.137380 0.332852
v 0.254715 0.155064 0.337059
v 0.296728 0.163223 0.281455
v 0.266379 0.046111 0.225168
v 0.271252 0.133852 0.246848
v 0.267797 0.132801 0.285462
v 0.254919 0.139166 0.286826
v 0.293406 0.043955 0.229330
v 0.287056 0.136148 0.222290
v 0.294180 0.158466 0.361841
v 0.304573 0.054018 0.213425
v 0.315372 0.133810 0.258341
v 0.322614 0.156261 0.243069
v 0.300479 0.154160 0.349518
v 0.314925 0.133265 0.223353
v 0.313418 0.156659 0.324604
v 0.313338 0.157756 0.354635
v 0.363866 0.068442 0.205967
v 0.355358 0.158522 0.248956
v 0.341174 0.160909 0.290221
v 0.360431 0.180842 0.247835
v 0.199110 0.179576 0.431586
v 0.231414 0.195923 0.427166
v 0.307115 0.156477 0.430989
v 0.330969 0.147369 0.399890
v 0.339690 0.160193 0.432015
v 0.344542 0.159528 0.401935
v 0.199916 0.221525 0.146727
v 0.202528 0.226727 0.086402
v 0.201772 0.213458 0.118351
v 0.189184 0.173788 0.188085
v 0.219042 0.211891 0.147265
v 0.215022 0.227685 0.153823
v 0.228512 0.204518 0.178433
v 0.248116 0.226005 0.157742
v 0.197522 0.201161 0.413935
v 0.195499 0.198941 0.434659
v 0.226860 0.202295 0.403564
v 0.224040 0.224804 0.450953
v 0.247257 0.225953 0.428716
v 0.248012 0.245671 0.470189
v 0.247622 0.247237 0.474073
v 0.247232 0.248803 0.470189
v 0.249013 0.226685 0.453623
v 0.363244 0.069370 0.109940
v 0.366394 0.060874 0.178154
v 0.391624 0.089397 0.061929
v 0.385712 0.004042 0.176704
v 0.389237 0.089045 0.092065
v 0.367183 0.184076 0.274463
v 0.382923 0.201581 0.270342
v 0.382617 0.202880 0.270417
v 0.383228 0.202880 0.270266
vn -0.1814 -0.9834 -0.0009
vn -0.7734 0.6163 -0.1483
vn 0.1659 -0.9568 -0.2387
vn 0.3866 -0.9047 0.1791
vn -0.2129 0.9736 -0.0819
vn -0.1948 0.1631 0.9672
vn -0.1533 -0.7061 -0.6913
vn -0.9546 0.2979 -0.0000
vn -0.7877 -0.6160 0.0025
vn -0.8176 0.4975 -0.2898
vn 0.4792 -0.8391 0.2576
vn -0.8119 0.3502 -0.4672
vn 0.1026 0.5663 -0.8178
vn -0.0000 0.9702 0.2422
vn -0.9699 0.2337 0.0678
vn -0.2402 -0.9561 0.1680
vn -0.3885 0.8425 -0.3731
vn 0.0833 -0.7194 0.6896
vn 0.0463 -0.9956 0.0810
vn 0.2238 -0.9364 0.2702
vn 0.4736 -0.7215 -0.5051
vn -0.1706 -0.9852 0.0186
vn -0.8837 0.4582 0.0956
vn 0.6703 -0.7100 0.2156
vn -0.1680 -0.9857 0.0137
vn 0.2739 -0.7398 -0.6146
vn -0.0733 -0.9923 0.1001
vn 0.1301 -0.9845 0.1174
vn 0.3334 -0.8561 -0.3949
vn 0.0952 0.7635 -0.6388
vn -0.0144 -0.9955 0.0935
vn 0.3014 -0.8855 0.3537
vn 0.1383 -0.9551 0.2620
vn 0.6057 -0.7577 -0.2431
vn 0.7737 -0.5997 0.2042
vn -0.5259 0.5848 0.6176
vn -0.2345 0.9705 -0.0558
vn -0.0836 0.4425 0.8929
vn 0.1932 -0.9512 0.2404
vn 0.7103 -0.7031 0.0326
vn 0.2886 -0.9402 -0.1807
vn 0.5414 -0.8286 0.1429
vn -0.5328 0.1473 -0.8333
vn -0.2872 0.9543 0.0829
vn 0.1304 -0.9120 0.3890
vn -0.6434 -0.3694 -0.6705
vn -0.1498 0.9788 -0.1398
vn -0.9856 -0.1616 0.0502
vn -0.1396 -0.9773 0.1591
vn 0.2520 -0.9631 0.0949
vn -0.5389 0.8424 -0.0045
vn -0.4965 0.8587 -0.1269
vn -0.5673 0.7901 -0.2323
vn -0.0854 -0.9798 0.1810
vn 0.1236 -0.8711 0.4753
vn -0.8002 0.5997 -0.0085
vn -0.0533 -0.9829 0.1761
vn 0.3747 -0.7261 0.5766
vn 0.5603 -0.7907 0.2467
vn -0.5547 0.7732 -0.3075
vn -0.5815 0.7383 -0.3418
vn -0.0214 -0.9029 0.4294
vn -0.1594 -0.0000 -0.9872
vn 0.1594 -0.0000 0.9872
vn -0.7806 0.4130 -0.4692
vn -0.0969 -0.0418 -0.9944
vn 0.0348 -0.6765 0.7357
vn -0.0633 -0.7975 0.6000
vn -0.7712 0.4169 -0.4811
vn -0.7794 0.3501 -0.5197
vn 0.9884 -0.1149 0.0993
vn 0.0061 0.9226 -0.3856
vn 0.6835 -0.5069 0.5253
vn 0.8312 -0.1079 -0.5454
vn 0.1812 -0.7953 0.5785
vn 0.6565 -0.4239 0.6240
vn -0.8115 0.5248 -0.2570
vn -0.4986 0.8655 0.0480
vn 0.7514 -0.6583 -0.0438
vn -0.8259 0.5447 -0.1454
vn -0.7143 0.6921 0.1040
vn -0.8810 0.4335 -0.1897
vn 0.5356 -0.5331 0.6549
vn 0.8015 -0.4488 0.3951
vn -0.2989 0.9317 -0.2066
vn -0.7955 -0.3811 -0.4710
vn -0.7002 0.7139 0.0100
vn 0.9766 0.1112 0.1838
vn -0.0632 -0.9955 -0.0705
vn -0.3028 0.2751 -0.9125
vn -0.1710 -0.9747 -0.1438
vn -0.4846 -0.8529 -0.1944
vn -0.8550 -0.5183 0.0181
vn -0.7547 -0.5378 0.3757
vn -0.6502 -0.7437 -0.1554
vn -0.3625 -0.9317 -0.0242
vn -0.9171 -0.2671 -0.2960
vn -0.2720 -0.7075 0.6523
vn 0.0591 -0.4925 -0.8683
vn -0.8172 -0.1111 -0.5656
vn 0.5635 -0.8087 0.1687
vn -0.7320 0.6452 -0.2189
vn -0.6854 -0.4340 0.5847
vn 0.4839 -0.8053 0.3425
vn 0.5103 -0.8586 0.0500
vn -0.2436 0.4463 -0.8611
vn 0.7156 -0.6387 0.2828
vn -0.7937 0.5578 -0.2428
vn 0.5416 -0.8302 0.1323
vn 0.8133 -0.4833 0.3240
vn -0.2235 -0.9719 0.0745
vn -0.6036 0.7899 -0.1082
vn 0.9104 -0.4025 0.0963
vn 0.7886 -0.6013 -0.1284
vn -0.5554 0.8269 0.0881
vn 0.2637 -0.9302 -0.2555
vn 0.4753 -0.8551 0.2073
vn 0.6367 -0.6629 0.3939
vn 0.8950 -0.3541 0.2712
vn 0.8117 -0.4852 0.3253
vn -0.3781 0.9217 -0.0869
vn -0.3515 0.2465 0.9032
vn -0.6660 -0.7446 -0.0449
vn 0.6487 -0.6417 0.4091
vn 0.8318 0.1956 -0.5194
vn -0.9223 0.3117 -0.2285
vn 0.0609 -0.1880 -0.9803
vn -0.0527 -0.8029 0.5938
vn -0.1628 -0.3914 0.9057
vn 0.5385 -0.7887 -0.2967
vn 0.7778 -0.6235 0.0790
vn 0.4029 -0.2228 0.8877
vn 0.0252 -0.8892 0.4568
vn 0.2776 -0.8118 0.5138
vn 0.6825 -0.6503 0.3337
vn 0.0002 -0.2490 0.9685
vn -0.9998 0.0082 0.0164
vn -0.6167 0.7872 0.0029
vn -0.6771 0.7357 0.0125
vn -0.2699 0.5119 0.8155
vn -0.2406 -0.8670 -0.4363
vn -0.0135 -0.6104 -0.7920
vn 0.4939 -0.8514 -0.1766
vn 0.5103 -0.7864 -0.3480
vn 0.4831 -0.7903 -0.3769
vn 0.5090 -0.8399 -0.1885
vn -0.5789 0.8147 0.0334
vn -0.4647 0.8644 0.1920
vn -0.3040 0.4848 0.8201
vn -0.4170 0.7734 -0.4774
vn -0.8619 -0.3023 -0.4070
vn -0.0022 -0.9969 0.0781
vn -0.0495 0.7012 -0.7112
vn 0.0754 -0.2267 -0.9710
vn 0.5250 0.6614 -0.5357
vn 0.2020 0.7450 -0.6358
vn -0.0000 0.1681 0.9858
vn -0.4801 -0.8277 0.2905
vn -0.4361 -0.6813 0.5879
vn -0.0644 -0.0801 -0.9947
vn -0.1049 0.9942 0.0247
vn -0.2762 0.8365 0.4732
vn 0.2334 0.9707 -0.0564
vn -0.0411 0.9941 0.1006
vn 0.0051 0.9913 -0.1314
vn 0.0634 0.9800 -0.1885
vn -0.7325 0.5809 0.3549
vn 0.2072 -0.7730 0.5996
vn -0.5313 -0.6801 0.5052
vn -0.7914 0.5054 -0.3439
vn -0.8212 0.5280 -0.2167
vn -0.1177 0.1083 0.9871
vn -0.0165 -0.9689 -0.2468
vn -0.6248 -0.0293 0.7802
vn 0.3383 0.1154 -0.9339
vn -0.5053 -0.6256 0.5944
vn 0.0353 0.9480 -0.3163
vn -0.9935 0.1108 -0.0246
vn 0.4568 0.6260 -0.6320
vn -0.7089 -0.1668 0.6853
vn -0.9553 -0.0929 -0.2806
vn -0.8832 -0.3471 0.3153
vn -0.2454 -0.0226 0.9692
vn -0.9515 -0.0891 -0.2944
vn -0.9261 0.3772 0.0096
vn 0.0868 0.5641 -0.8212
vn -0.7733 -0.4260 0.4695
vn 0.3383 -0.0415 -0.9401
vn -0.9081 -0.4188 0.0005
vn 0.8408 0.3849 -0.3805
vn 0.6068 0.5774 0.5463
vn 0.9647 -0.2492 -0.0853
vn 0.9183 0.3677 0.1465
vn 0.7337 0.6779 -0.0465
vn 0.1758 0.4245 -0.8882
vn -0.0694 -0.9914 -0.1110
vn 0.1855 -0.1161 -0.9758
vn -0.8050 0.5488 -0.2253
vn -0.8419 -0.2545 -0.4759
vn 0.3902 0.2714 -0.8798
vn -0.8773 -0.0318 -0.4790
vn -0.5052 0.5886 -0.6311
vn 0.2240 0.9746 -0.0060
vn -0.3623 -0.0308 -0.9316
vn 0.1389 0.9666 0.2155
vn -0.8027 -0.0144 -0.5962
vn -0.7360 0.5867 -0.3378
vn -0.8505 0.5233 0.0536
vn -0.3348 0.9139 -0.2293
vn 0.5589 0.5605 -0.6112
vn -0.9347 -0.3523 0.0477
vn -0.2721 0.9080 -0.3186
vn 0.1306 0.8006 0.5849
vn -0.8914 -0.4521 -0.0313
vn -0.6750 0.6029 -0.4253
vn -0.4936 0.2184 0.8419
vn -0.8185 0.1760 0.5468
vn -0.7775 -0.4931 0.3903
vn -0.7983 0.3620 0.4814
vn -0.6991 -0.7130 -0.0533
vn -0.7394 0.3674 0.5642
vn 0.7264 0.6821 -0.0846
vn 0.7591 0.6303 0.1625
vn 0.6677 -0.5517 0.4998
vn -0.3763 0.8793 -0.2918
vn 0.5415 0.7835 0.3048
vn -0.6029 -0.6108 0.5132
vn -0.5250 0.7178 -0.4573
vn -0.8171 0.0175 -0.5763
vn -0.4167 0.7354 0.5344
vn -0.9350 -0.3071 0.1773
vn -0.5472 0.7797 0.3043
vn 0.9402 0.2898 0.1791
vn 0.6682 0.1235 0.7336
vn 0.9511 -0.0443 0.3057
vn 0.8620 -0.0828 0.5000
vn -0.6504 0.6495 -0.3938
vn -0.7611 0.5411 -0.3576
vn -0.7893 0.4505 -0.4172
vn -0.7497 0.5290 -0.3977
vn 0.8760 -0.1634 0.4537
vn -0.4305 0.7543 -0.4957
vn -0.6207 -0.3272 0.7125
vn 0.7144 0.1220 0.6890
vn 0.9182 0.2854 0.2746
vn -0.6926 0.7168 -0.0812
vn 0.7143 0.0723 0.6961
vn 0.3341 -0.3458 0.8768
vn -0.9495 0.3082 -0.0579
vn -0.9842 -0.1723 0.0416
vn -0.9737 -0.1580 -0.1643
vn -0.9359 -0.3223 0.1419
vn -0.9835 -0.0645 -0.1692
vn 0.2659 -0.5818 0.7686
vn 0.4260 -0.7415 0.5184
vn -0.3699 -0.9251 -0.0855
vn -0.6256 0.7409 -0.2442
vn -0.6397 0.7563 -0.1368
vn -0.4926 0.8599 0.1341
vn -0.5878 0.6912 0.4204
vn -0.4656 0.8330 0.2989
vn -0.6351 0.5594 0.5327
vn -0.7018 0.5383 0.4667
vn 0.8798 0.4693 -0.0758
vn 0.7830 0.5340 0.3189
vn 0.5264 0.3553 -0.7724
vn 0.8741 0.4807 -0.0701
vn -0.7411 0.0535 -0.6693
vn -0.8603 0.0751 -0.5042
vn 0.8432 -0.0789 0.5317
vn -0.1195 0.9582 0.2601
vn -0.9011 0.3666 -0.2314
vn -0.9969 -0.0206 0.0756
vn -0.9675 -0.1794 -0.1781
vn -0.1035 0.2548 0.9614
vn -0.8798 0.3215 -0.3501
vn -0.8676 0.3509 -0.3523
vn -0.3049 0.0783 0.9492
vn -0.6114 0.1184 -0.7824
vn -0.8188 -0.0522 -0.5718
vn 0.8716 0.0561 0.4871
vn 0.1187 0.9708 0.2086
vn 0.9543 0.0518 0.2943
vn 0.7535 0.4785 0.4509
vn -0.0000 0.9555 0.2951
vn 0.7226 -0.6889 0.0570
vn 0.6986 -0.7143 0.0409
vn 0.9762 0.2169 -0.0000
vn 0.2978 -0.3369 -0.8932
vn -0.6018 -0.7910 0.1103
vn 0.9548 -0.2588 0.1459
vn 0.9460 -0.3107 0.0925
vn 0.8316 0.5450 -0.1065
vn 0.9473 0.1732 -0.2695
vn 0.0115 -0.7868 0.6171
vn 0.8204 0.5253 0.2258
vn 0.7468 0.0606 0.6623
vn -0.8902 0.4554 0.0122
vn -0.9349 -0.1703 -0.3113
vn 0.7854 -0.6186 0.0220
vn -0.5614 0.2264 -0.7960
vn -0.9544 -0.0148 -0.2983
vn -0.9406 0.0508 -0.3357
vn 0.2018 -0.9050 -0.3745
vn -0.8469 -0.4091 0.3398
vn -0.9078 -0.4150 0.0606
vn -0.9504 0.0306 -0.3094
vn 0.8436 0.3157 0.4345
vn 0.2977 -0.6883 0.6615
vn -0.1562 -0.9825 0.1018
vn 0.8690 -0.2261 0.4402
vn 0.9340 -0.1818 0.3075
vn 0.9915 0.1271 0.0277
vn -0.9850 0.0785 0.1536
vn -0.9945 -0.0608 0.0856
vn -0.9318 -0.2994 0.2053
vn 0.9885 0.1166 0.0968
vn 0.4600 0.7385 0.4931
vn 0.9903 0.0110 0.1385
vn 0.7905 -0.5699 0.2242
vn -0.1136 0.6668 0.7365
vn 0.2018 -0.8931 -0.4021
vn 0.0476 -0.8706 0.4897
vn -0.3778 -0.6433 -0.6659
vn -0.0338 -0.9561 0.2911
vn -0.3174 -0.3043 -0.8981
vn 0.0307 -0.9850 -0.1699
vn 0.0289 -0.9927 -0.1175
vn -0.8453 -0.5252 0.0984
vn -0.1696 -0.9683 0.1836
vn -0.3476 -0.7878 -0.5084
vn -0.4237 -0.8211 -0.3824
vn -0.1009 -0.9241 -0.3685
vn 0.1305 -0.8405 -0.5258
vn 0.6090 -0.5132 -0.6048
vn -0.3858 -0.9213 -0.0484
vn -0.3088 -0.7576 -0.5750
vn 0.2099 -0.0655 -0.9755
vn -0.9493 0.0212 0.3137
vn 0.1924 -0.8176 0.5427
vn -0.6609 0.5879 0.4664
vn -0.2256 -0.9383 0.2622
vn -0.2368 -0.9696 -0.0616
vn 0.2907 0.5967 0.7479
vn -0.5960 0.6399 0.4850
vn -0.9663 -0.2116 0.1469
vn -0.6747 -0.7304 -0.1062
vn -0.5693 -0.5961 0.5663
vn -0.9841 -0.1446 -0.1029
vn 0.8399 0.2854 0.4617
vn -0.3882 0.9009 0.1942
vn 0.5521 0.6293 0.5470
vn 0.9218 -0.2440 0.3014
vn -0.0120 -0.9970 -0.0768
vn 0.6052 0.5712 0.5545
vn 0.6653 0.3622 0.6528
vn 0.6623 0.5848 0.4683
vn 0.5257 -0.4565 0.7178
vn 0.6436 -0.5985 0.4770
vn 0.9821 -0.1477 0.1166
vn 0.2860 -0.5976 0.7490
vn 0.1277 -0.9668 0.2212
vn -0.4036 -0.9082 -0.1106
vn 0.3583 0.8588 0.3661
vn 0.2810 -0.8954 -0.3455
vn -0.3200 0.9148 0.2465
vn -0.9480 -0.1420 0.2848
vn 0.4560 -0.5482 0.7011
vn -0.0015 -0.9443 -0.3290
vn 0.0507 0.9489 0.3115
vn -0.0459 -0.9687 -0.2440
vn -0.0780 0.9324 0.3530
vn 0.2976 -0.9213 -0.2503
vn -0.1822 -0.9687 -0.1688
vn -0.1894 -0.8499 0.4918
vn -0.2364 0.7630 0.6016
vn 0.0373 -0.9202 0.3896
vn 0.1667 -0.9728 0.1611
vn 0.3023 -0.9067 0.2941
vn 0.7464 0.0370 0.6644
vn -0.4263 -0.7073 -0.5640
vn 0.7981 0.0367 0.6015
vn -0.2604 -0.4724 0.8420
vn 0.7523 0.2681 0.6018
vn 0.9920 -0.0660 -0.1079
vn 0.0324 -0.0839 -0.9959
vn 0.4691 0.8702 -0.1507
vn 0.2263 0.0060 -0.9740
vn 0.2319 -0.9368 0.2619
vn 0.1334 -0.9677 -0.2140
vn 0.8292 0.5241 -0.1944
vn 0.5549 0.7880 0.2667
vn -0.2500 -0.9272 -0.2789
vn 0.1868 -0.7736 -0.6055
vn 0.1068 0.9475 -0.3015
vn 0.3937 -0.8690 -0.2997
vn -0.2297 0.9343 0.2726
vn -0.6502 0.7074 -0.2770
vn 0.5538 -0.8228 -0.1279
vn -0.5239 0.6632 -0.5345
vn 0.2662 -0.9254 -0.2699
vn 0.0534 -0.9967 0.0604
vn -0.2287 -0.9014 -0.3677
vn 0.2863 -0.7112 -0.6421
vn -0.3075 0.9006 0.3071
vn -0.2597 0.7467 0.6124
vn -0.1217 0.5045 -0.8548
vn -0.1836 0.8707 -0.4563
vn 0.1974 -0.9275 -0.3176
vn 0.2715 -0.7240 -0.6342
vn -0.0056 0.9989 -0.0469
vn -0.1305 0.9844 0.1180
vn -0.0349 -0.9634 0.2657
vn -0.5025 -0.8631 -0.0516
vn 0.5012 0.8629 0.0653
vn 0.6967 -0.1315 0.7052
vn 0.4310 0.8669 0.2506
vn 0.4577 0.8847 0.0886
vn 0.4572 0.8840 0.0974
vn 0.7390 0.5426 0.3993
vn 0.2474 -0.3001 0.9212
vn -0.0627 -0.9979 -0.0140
vn -0.1607 0.9388 0.3049
vn 0.0760 -0.9964 -0.0365
vn 0.3206 -0.9111 -0.2592
vn -0.1701 0.7540 0.6345
vn 0.4495 -0.7146 -0.5360
vn -0.2250 0.9289 0.2942
vn 0.0057 0.9113 0.4118
vn 0.3116 -0.8814 -0.3550
vn -0.7271 -0.6865 -0.0103
vn -0.2023 -0.9682 0.1470
vn 0.4540 -0.8890 0.0604
vn 0.2536 -0.8819 -0.3973
vn 0.5001 0.6292 0.5950
vn -0.0421 0.8973 0.4394
vn -0.0657 0.9978 -0.0060
vn 0.8852 0.2914 0.3626
vn -0.4504 -0.7807 0.4331
vn -0.4613 -0.8245 0.3278
vn 0.6589 0.0436 0.7510
vn 0.2165 -0.9236 -0.3163
vn 0.0630 -0.2105 -0.9756
vn 0.3479 -0.9359 -0.0552
vn 0.4979 -0.6967 -0.5164
vn -0.3578 -0.6582 -0.6624
vn 0.3582 0.8162 0.4533
vn 0.6252 -0.0280 0.7799
vn -0.2275 0.9722 -0.0546
vn 0.7986 -0.4456 -0.4046
vn 0.5565 -0.6447 -0.5241
vn 0.5457 -0.6548 -0.5230
vn 0.6144 0.0800 0.7849
vn 0.0708 0.6632 0.7451
vn -0.1084 0.7283 -0.6767
vn 0.1089 0.1033 -0.9887
vn 0.2995 0.1664 -0.9395
vn -0.6195 0.5236 -0.5849
vn -0.5343 0.7210 -0.4411
vn -0.8814 -0.0676 -0.4675
vn 0.0588 0.0976 -0.9935
vn -0.0654 0.9973 -0.0328
vn 0.3247 0.8479 0.4191
vn 0.0099 0.6271 -0.7789
vn 0.7617 0.4921 -0.4216
vn 0.2813 0.9595 0.0117
vn 0.2128 0.9508 -0.2249
vn -0.5449 0.7464 -0.3820
vn -0.1537 0.4997 -0.8525
vn -0.3740 0.9087 0.1854
vn 0.4419 0.8934 -0.0809
vn -0.1895 0.9289 0.3183
vn -0.0707 0.8032 -0.5914
vn 0.8939 0.2140 -0.3939
vn 0.6176 0.4850 -0.6192
vn 0.7444 0.6421 -0.1832
vn 0.4422 0.8013 0.4030
vn 0.4960 0.8557 -0.1475
vn 0.6395 0.2969 -0.7091
vn 0.7152 0.0211 -0.6986
vn 0.6800 -0.0629 -0.7305
vn 0.7564 -0.0638 -0.6510
vn 0.8047 0.3176 -0.5016
vn 0.8096 0.5371 -0.2368
vn 0.1407 0.8091 -0.5705
vn 0.1491 -0.0984 -0.9839
vn 0.7245 0.6608 0.1960
vn 0.2358 0.9675 0.0915
vn -0.7844 -0.2922 -0.5470
vn 0.3153 0.3358 0.8876
vn -0.1217 0.9915 0.0463
vn 0.4142 0.8832 0.2201
vn -0.6218 0.7767 -0.1007
vn 0.0322 0.9993 0.0192
vn 0.0615 -0.9811 0.1837
vn 0.4917 0.7152 0.4967
vn 0.7907 0.3905 0.4716
vn 0.5837 -0.8086 0.0745
vn 0.2133 0.8849 0.4140
vn 0.8148 -0.3149 -0.4868
vn 0.1076 0.9021 0.4178
vn 0.0998 0.9930 0.0638
vn -0.6510 0.7053 0.2807
vn -0.8165 0.5076 0.2750
vn 0.2353 0.9186 0.3176
vn 0.2797 0.6709 0.6868
vn 0.2315 0.7913 0.5659
vn 0.0919 -0.9897 -0.1099
vn -0.4106 0.4987 -0.7634
vn -0.3804 -0.3505 0.8558
vn -0.2675 0.9633 0.0229
vn -0.2514 0.9677 0.0163
vn 0.5314 0.7227 0.4420
vn 0.4987 0.7460 0.4414
vn -0.1018 -0.9612 -0.2563
vn 0.7018 -0.1296 0.7005
vn -0.3392 0.5475 -0.7650
vn 0.2834 -0.8832 0.3736
vn -0.1049 0.9659 0.2366
vn -0.7145 -0.0899 -0.6939
vn -0.2131 0.8648 -0.4546
vn -0.5337 0.4106 0.7393
vn -0.7134 -0.6860 0.1431
vn 0.8540 -0.5153 -0.0721
vn -0.8886 0.4586 0.0095
vn 0.9097 -0.4153 0.0016
vn 0.7233 -0.6641 0.1890
vn 0.9518 -0.2887 0.1036
vn -0.6194 0.7819 -0.0702
vn 0.5922 -0.7901 0.1584
vn -0.4907 0.7704 -0.4071
vn 0.5447 -0.6769 0.4951
vn 0.6826 -0.7307 0.0101
vn 0.7370 -0.6748 -0.0379
vn -0.6140 0.6471 -0.4520
vn -0.4082 0.6790 -0.6102
vn 0.4749 -0.7236 0.5008
vn -0.0488 0.1832 -0.9819
vn 0.5913 -0.4833 0.6455
vn 0.8221 -0.3553 0.4449
vn 0.9850 -0.1666 0.0450
vn -0.9584 -0.2542 0.1301
vn -0.4648 0.8610 -0.2066
vn 0.9356 0.2057 0.2869
vn 0.9714 0.2373 -0.0000
vn 0.7968 -0.5863 0.1460
vn 0.8357 -0.3808 0.3957
vn -0.7622 0.4828 -0.4311
vn 0.7414 0.6135 0.2719
vn -0.6732 0.7248 -0.1464
vn -0.8422 0.0155 0.5390
vn -0.6612 0.0517 -0.7485
vn 0.9986 0.0496 0.0177
vn -0.5979 0.6085 -0.5218
vn -0.9043 0.2545 -0.3426
vn -0.8219 0.5678 0.0452
vn 0.3632 0.8623 -0.3529
vn 0.9734 -0.1837 0.1369
vn 0.1179 0.1298 -0.9845
vn -0.9982 -0.0246 0.0539
vn 0.2349 -0.7358 0.6352
vn -0.3520 0.9214 0.1646
vn -0.1279 0.9643 0.2319
vn 0.6626 -0.5988 0.4499
vn 0.8337 -0.1713 0.5249
vn 0.7940 0.5479 -0.2635
vn -0.1055 0.9944 -0.0031
vn -0.2451 0.9693 -0.0217
vn -0.7358 0.6763 -0.0351
vn 0.1896 -0.9711 -0.1448
vn 0.5608 -0.7871 -0.2569
vn -0.0340 0.9463 0.3216
vn 0.0350 0.9901 -0.1356
vn 0.0280 0.9940 -0.1062
vn 0.8482 0.5295 -0.0130
vn -0.1784 0.9840 -0.0006
vn 0.9018 -0.2444 0.3565
vn -0.0309 0.9078 0.4183
vn 0.6567 -0.6989 0.2834
vn -0.3451 0.4231 -0.8378
vn 0.8651 -0.1796 -0.4683
vn -0.5752 0.7386 -0.3514
vn -0.3808 0.9122 0.1513
vn -0.4290 0.5507 0.7160
vn 0.4876 -0.5820 -0.6508
vn -0.4072 0.8876 -0.2153
vn -0.4553 -0.1207 0.8821
vn 0.3365 -0.9046 -0.2615
vn 0.3839 -0.9191 -0.0894
vn 0.0463 0.3185 -0.9468
vn -0.2455 0.8543 0.4581
vn -0.2708 0.8994 0.3433
vn -0.4476 -0.8919 -0.0643
vn -0.1309 0.0061 -0.9914
vn -0.1352 0.9854 -0.1032
vn 0.2010 -0.9679 -0.1511
vn -0.4406 -0.8973 0.0269
vn -0.5024 0.4503 0.7382
vn 0.2448 -0.9675 0.0627
vn -0.0050 -0.9999 0.0156
vn -0.2924 0.8868 -0.3580
vn 0.2883 -0.9235 0.2532
vn 0.0945 0.6296 -0.7712
vn 0.9502 -0.3115 -0.0073
vn 0.1193 -0.7498 -0.6508
vn 0.3774 -0.8596 -0.3444
vn 0.0955 -0.9331 0.3466
vn 0.6520 -0.7483 0.1217
vn -0.6167 0.7869 -0.0201
vn -0.3668 0.6549 0.6607
vn -0.9971 -0.0594 -0.0483
vn 0.3691 -0.7352 -0.5685
vn -0.5261 0.6213 0.5806
vn -0.0464 0.7145 0.6981
vn -0.1622 0.4786 0.8629
vn -0.6398 0.7654 0.0693
vn 0.6967 -0.6473 -0.3092
vn -0.3356 -0.2084 0.9187
vn -0.3464 0.8833 -0.3160
vn -0.0338 -0.6405 0.7672
vn 0.8844 -0.4641 -0.0487
vn -0.0725 0.9971 -0.0242
vn 0.9704 0.2416 -0.0000
vn -0.1738 -0.6547 -0.7356
vn 0.5041 0.7578 0.4143
vn -0.1017 0.9916 0.0793
vn 0.3539 0.8034 0.4789
vn -0.2402 -0.0000 -0.9707
vn 0.2402 -0.0000 0.9707
vn 0.0756 -0.8051 -0.5883
vn -0.0787 0.9578 -0.2765
vn -0.2449 -0.9686 -0.0427
vn 0.8699 -0.4655 0.1630
vn -0.5420 0.8303 0.1301
vn -0.5221 0.8253 0.2152
vn -0.7820 0.6086 -0.1345
vn -0.6372 -0.5043 0.5827
vn -0.2316 0.8741 -0.4269
vn -0.3396 0.5927 0.7303
vn 0.3656 -0.8186 0.4429
vn 0.9546 -0.2979 -0.0000
vn -0.8073 -0.3542 0.4721
vn -0.6827 -0.5010 -0.5319
vn -0.0491 0.5658 -0.8231
vn -0.7091 0.4230 0.5642
vn -0.8679 0.4554 -0.1984
vn 0.0020 -0.9504 -0.3110
vn -0.2997 0.8860 -0.3538
vn -0.7568 0.0481 0.6519
vn 0.1332 -0.9749 -0.1786
vn -0.0150 -0.1443 0.9894
vn 0.9960 -0.0750 0.0495
vn -0.0000 -0.9702 -0.2422
vn 0.0696 -0.6912 -0.7193
vn -0.2214 0.8913 -0.3957
vn -0.7435 0.1793 0.6442
vn 0.3915 -0.7291 0.5613
vn 0.1409 0.5501 -0.8231
vn 0.5020 0.7717 -0.3906
vn 0.9750 -0.2173 0.0465
vn 0.0632 0.4303 -0.9005
vn 0.1382 -0.9883 0.0640
vn -0.5726 0.7688 -0.2846
vn -0.7844 0.6121 -0.1002
vn -0.7398 0.5279 0.4171
vn -0.2664 -0.9307 -0.2509
vn -0.5127 0.7255 0.4591
vn -0.5407 0.7555 0.3699
vn -0.0316 -0.9600 0.2784
vn -0.4205 0.8317 0.3627
vn -0.2559 -0.9634 0.0802
vn 0.0294 -0.9982 -0.0531
vn 0.9429 -0.2190 0.2509
vn -0.6889 0.7098 -0.1467
vn -0.7403 0.6706 0.0478
vn 0.2165 -0.5939 0.7749
vn -0.0397 -0.8263 -0.5618
vn 0.6575 -0.3796 -0.6509
vn -0.5248 0.7785 0.3442
vn 0.0388 0.9129 0.4063
vn -0.2369 0.3283 0.9144
vn -0.7570 -0.0150 0.6533
vn -0.2375 0.9694 -0.0619
vn -0.3060 0.5778 0.7567
vn -0.6497 -0.6531 0.3889
vn 0.6885 -0.7253 -0.0023
vn -0.0350 -0.9457 -0.3231
vn -0.0751 -0.9971 0.0105
vn -0.6469 0.7582 -0.0818
vn 0.1193 -0.9228 0.3664
vn 0.0062 -0.9852 0.1716
vn 0.2740 0.0068 -0.9617
vn 0.1884 -0.9421 0.2775
vn -0.1703 -0.9852 0.0189
vn -0.0857 -0.9572 0.2765
vn -0.9739 0.1109 -0.1981
vn -0.9860 0.1669 0.0059
vn -0.8540 0.3977 -0.3355
vn -0.8475 0.3720 -0.3788
vn 0.1386 -0.9288 0.3437
vn 0.1042 -0.9929 0.0575
vn -0.0603 -0.1060 0.9925
vn 0.5063 -0.7424 0.4387
vn -0.9926 -0.0877 0.0839
vn 0.5706 -0.8138 -0.1099
vn -0.8250 0.3916 -0.4076
vn 0.9506 -0.3088 0.0309
vn 0.8048 -0.4572 -0.3784
vn -0.4293 0.1988 -0.8810
vn -0.9744 0.0839 -0.2088
vn 0.6725 -0.7054 -0.2239
vn -0.1781 0.0797 -0.9808
vn -0.7649 0.4226 -0.4861
vn -0.8612 0.5083 -0.0058
vn -0.2983 0.6588 -0.6907
vn 0.9571 -0.2616 0.1244
vn 0.9678 0.2013 -0.1511
vn -0.0646 0.7164 -0.6947
vn 0.0490 0.5965 -0.8011
vn -0.9088 -0.4165 0.0244
vn 0.8121 -0.5602 0.1633
vn 0.8370 -0.3839 0.3899
vn 0.7203 -0.6856 0.1053
vn -0.6410 0.5949 -0.4851
vn -0.7539 0.4403 -0.4876
vn -0.1620 -0.1073 0.9809
vn 0.9872 0.1158 0.1101
vn -0.9628 0.2563 -0.0859
vn 0.6953 -0.6748 0.2474
vn 0.7714 -0.6217 0.1358
vn 0.7026 -0.7026 -0.1125
vn 0.7129 -0.5526 0.4317
vn -0.3809 0.9222 -0.0661
vn 0.7334 -0.6374 0.2366
vn 0.2155 -0.2920 0.9318
vn -0.8833 0.1102 0.4556
vn 0.0234 0.8773 -0.4795
vn -0.9383 0.3027 0.1671
vn 0.9944 0.0745 0.0748
vn -0.2389 0.2172 -0.9464
vn -0.2314 -0.1486 -0.9614
vn -0.3791 0.6731 -0.6350
vn -0.1353 -0.9689 -0.2074
vn -0.3520 0.3909 -0.8505
vn 0.2336 -0.9439 -0.2333
vn -0.8176 -0.2335 -0.5264
vn -0.8884 -0.2725 -0.3694
vn -0.3747 -0.9266 0.0320
vn -0.0073 -0.9999 -0.0153
vn -0.2123 -0.9320 -0.2937
vn -0.3470 -0.7809 -0.5195
vn -0.7800 0.5595 -0.2804
vn 0.2564 -0.8947 -0.3656
vn 0.0431 -0.8705 0.4903
vn -0.4066 -0.9131 0.0300
vn -0.0035 -0.7683 -0.6401
vn -0.5537 0.8321 -0.0319
vn -0.5704 0.7894 -0.2270
vn -0.9787 -0.1835 0.0919
vn -0.5925 -0.7577 0.2736
vn -0.9414 -0.3340 0.0471
vn -0.8630 -0.3274 0.3848
vn -0.1443 -0.2942 -0.9448
vn -0.2669 -0.9340 -0.2373
vn 0.5979 -0.7900 0.1359
vn 0.6082 -0.7282 0.3159
vn -0.6282 -0.7742 -0.0770
vn -0.6737 0.7349 -0.0770
vn 0.8046 -0.4985 0.3227
vn 0.5161 -0.6421 0.5669
vn 0.5088 -0.6495 0.5651
vn -0.8536 0.5206 -0.0195
vn -0.5832 0.6883 0.4314
vn -0.8907 -0.4511 -0.0559
vn -0.7265 0.5927 -0.3478
vn 0.5359 0.0917 0.8393
vn 0.7769 -0.6261 -0.0664
vn -0.4978 0.8666 0.0364
vn 0.5750 -0.7391 -0.3508
vn -0.4562 0.8819 0.1191
vn 0.4011 -0.5835 -0.7062
vn -0.4472 0.5053 -0.7381
vn 0.8843 -0.4669 0.0075
vn 0.7823 -0.5065 0.3625
vn 0.5788 0.1692 0.7977
vn -0.7446 0.5594 -0.3641
vn 0.6699 -0.6303 0.3924
vn 0.0866 0.2216 0.9713
vn -0.1678 -0.9848 0.0443
vn -0.8560 0.3691 0.3620
vn 0.0025 -0.3483 -0.9374
vn 0.6191 -0.7232 0.3062
vn -0.0436 -0.1826 -0.9822
vn 0.1126 -0.3094 0.9442
vn -0.0901 0.0683 -0.9936
vn -0.6567 0.6356 -0.4058
vn 0.6685 -0.6171 0.4151
vn 0.8116 -0.5704 0.1262
vn -0.5693 0.8192 0.0696
vn -0.7405 0.6267 0.2426
vn 0.4102 -0.8868 -0.2128
vn -0.7215 0.6922 -0.0198
vn 0.1416 -0.9860 0.0876
vn 0.3698 -0.9051 -0.2099
vn 0.0476 -0.9952 0.0851
vn -0.7876 0.2241 0.5741
vn -0.8594 -0.5103 0.0330
vn -0.1882 -0.8599 0.4745
vn 0.4921 -0.8492 -0.1916
vn 0.7538 -0.0172 0.6569
vn -0.6491 0.7167 0.2551
vn -0.5981 0.8012 0.0188
vn 0.3845 -0.8491 0.3623
vn -0.5347 0.5082 0.6751
vn -0.9556 0.0564 0.2893
vn -0.9781 0.1565 0.1370
vn -0.1056 -0.9812 0.1613
vn -0.0224 -0.1719 -0.9849
vn 0.3381 -0.8718 0.3545
vn 0.3428 -0.8946 0.2866
vn -0.6786 -0.0957 0.7283
vn 0.1443 0.5319 -0.8344
vn 0.2122 0.1618 -0.9638
vn -0.0154 0.9430 -0.3324
vn -0.3736 -0.7832 0.4971
vn -0.2992 -0.7309 0.6134
vn -0.0000 -0.1681 -0.9858
vn -0.3735 0.3738 -0.8490
vn -0.5247 -0.6738 0.5203
vn -0.4752 0.7218 -0.5032
vn -0.9013 0.1270 0.4141
vn -0.6606 0.3619 0.6578
vn -0.0285 0.9982 0.0524
vn -0.0256 0.9931 0.1141
vn -0.6324 -0.7263 0.2693
vn -0.4752 0.8783 -0.0535
vn -0.1117 0.3704 0.9221
vn -0.0027 -0.1542 0.9880
vn -0.5861 -0.2936 0.7552
vn -0.6983 0.7038 -0.1306
vn -0.7671 0.0626 0.6385
vn -0.6132 0.7358 0.2875
vn 0.0490 0.9485 -0.3130
vn -0.3807 0.5826 -0.7181
vn 0.3671 0.5589 -0.7436
vn -0.9260 -0.3757 0.0372
vn -0.4180 -0.1380 0.8979
vn -0.9278 -0.3721 -0.0275
vn -0.2563 -0.9666 -0.0000
vn 0.2563 0.9666 -0.0000
vn 0.9785 0.1650 -0.1237
vn -0.2517 -0.3151 0.9151
vn 0.4716 0.7680 -0.4333
vn 0.2336 0.9719 -0.0293
vn -0.1560 0.3641 0.9182
vn -0.6578 0.1522 0.7377
vn 0.5828 0.6720 0.4570
vn -0.9777 0.0458 0.2048
vn -0.9751 -0.0544 -0.2151
vn -0.9252 0.0851 -0.3699
vn -0.9085 0.3503 -0.2278
vn 0.9904 0.0832 -0.1100
vn -0.7996 -0.4192 0.4299
vn 0.6912 0.5850 0.4244
vn 0.8217 0.1611 -0.5466
vn 0.3066 0.9330 0.1886
vn 0.5783 0.7488 -0.3237
vn 0.3222 0.2221 0.9202
vn -0.1035 -0.9608 0.2572
vn 0.3879 -0.2588 -0.8846
vn 0.3088 0.7313 -0.6082
vn -0.1771 -0.9811 -0.0778
vn 0.5147 0.8251 -0.2329
vn -0.6646 -0.6469 -0.3739
vn 0.7065 0.5930 -0.3863
vn -0.6033 -0.3569 -0.7132
vn -0.4372 0.6104 -0.6604
vn -0.6672 0.5629 -0.4878
vn -0.6637 -0.3804 -0.6441
vn -0.0602 0.9961 0.0644
vn -0.8852 -0.0811 -0.4582
vn -0.8694 0.4477 0.2093
vn -0.9788 0.1770 -0.1030
vn -0.0005 0.9023 -0.4311
vn -0.6773 0.6598 -0.3255
vn 0.2141 0.6022 -0.7691
vn -0.2542 0.9440 -0.2102
vn -0.1540 0.9876 -0.0318
vn -0.6644 0.7212 -0.1959
vn -0.6617 0.6944 -0.2828
vn -0.8626 -0.3290 0.3843
vn 0.3798 0.6391 0.6688
vn -0.6836 -0.6171 0.3897
vn -0.8069 -0.4921 0.3267
vn -0.9272 -0.3741 -0.0211
vn 0.1151 0.3849 0.9157
vn -0.7589 0.5364 -0.3693
vn -0.7674 -0.5526 -0.3251
vn 0.5008 0.6730 -0.5443
vn 0.5167 -0.1363 0.8453
vn -0.7162 0.6948 0.0663
vn 0.2507 -0.3332 0.9089
vn -0.8208 0.5696 -0.0429
vn -0.6876 0.5391 0.4864
vn -0.9347 -0.3013 -0.1887
vn 0.6755 0.6187 -0.4011
vn 0.1338 0.8448 0.5181
vn 0.9265 -0.0697 0.3698
vn 0.7345 -0.5263 0.4285
vn 0.5812 0.7633 -0.2822
vn 0.7945 0.2232 0.5648
vn -0.1828 0.9776 0.1041
vn 0.5217 0.7034 0.4829
vn -0.5497 0.7006 -0.4549
vn 0.0866 -0.8916 0.4444
vn 0.0812 -0.8896 0.4494
vn -0.2752 0.8071 -0.5224
vn -0.6020 0.7955 -0.0694
vn -0.0934 0.9931 0.0713
vn 0.4712 -0.4232 0.7739
vn 0.0052 -0.2524 0.9676
vn -0.6488 0.6555 -0.3866
vn 0.4720 -0.4349 0.7668
vn -0.8583 0.0668 -0.5088
vn 0.8720 -0.0468 0.4872
vn -0.6965 -0.1790 -0.6949
vn -0.2338 -0.7297 0.6425
vn -0.5176 -0.7410 0.4279
vn 0.3808 0.7647 0.5199
vn -0.2744 0.0355 -0.9610
vn -0.2425 0.9638 0.1111
vn -0.4496 0.8400 -0.3038
vn 0.7018 -0.3693 0.6092
vn -0.7203 -0.5461 -0.4276
vn 0.9193 -0.3418 0.1951
vn -0.9338 -0.0123 -0.3577
vn -0.8396 -0.0110 -0.5431
vn 0.8693 0.2519 -0.4252
vn 0.6986 -0.3694 0.6127
vn -0.6506 0.7005 0.2934
vn 0.2191 -0.3219 0.9211
vn -0.9649 0.0922 0.2461
vn -0.7404 0.5373 -0.4038
vn 0.7547 0.1101 0.6468
vn 0.8865 -0.1878 0.4229
vn 0.8975 -0.0137 0.4408
vn 0.7891 -0.5466 0.2803
vn -0.7607 0.5264 -0.3798
vn -0.3908 0.8545 0.3423
vn -0.8896 -0.3380 0.3074
vn -0.7059 0.6978 -0.1215
vn -0.3294 -0.9323 0.1495
vn -0.4746 0.0784 -0.8767
vn 0.8351 0.1388 0.5323
vn 0.0072 -0.9993 -0.0375
vn 0.9518 0.1886 0.2420
vn 0.3804 -0.6232 0.6833
vn 0.9407 0.0390 0.3371
vn 0.4492 -0.6925 0.5645
vn -0.0747 -0.8430 -0.5326
vn 0.1695 -0.9415 -0.2914
vn -0.6387 0.7674 0.0560
vn -0.8065 0.2749 0.5235
vn -0.7474 0.6437 0.1646
vn 0.6402 0.0204 0.7679
vn 0.1133 -0.0041 0.9935
vn 0.8067 0.5435 -0.2320
vn 0.7870 0.4963 -0.3664
vn 0.9063 0.2344 0.3517
vn -0.7799 0.2590 -0.5699
vn -0.2409 0.5950 -0.7668
vn 0.8187 -0.0184 0.5739
vn -0.9714 -0.2373 -0.0000
vn -0.1053 0.4473 -0.8882
vn -0.9776 -0.2043 -0.0514
vn -0.9681 0.0697 0.2408
vn -0.9682 -0.1900 -0.1629
vn -0.8731 -0.0584 -0.4841
vn -0.2216 0.0033 0.9751
vn 0.6734 0.2896 0.6801
vn 0.6692 -0.2341 0.7053
vn -0.8998 0.0274 -0.4354
vn 0.8599 0.5074 0.0560
vn 0.8066 0.2167 0.5499
vn -0.5644 0.3365 -0.7538
vn -0.2979 0.1847 -0.9366
vn 0.9514 0.0346 0.3061
vn -0.4855 0.5579 -0.6731
vn 0.9260 0.0814 0.3687
vn 0.0444 -0.2133 -0.9760
vn 0.1109 0.8269 0.5513
vn 0.8330 0.2740 0.4807
vn -0.3850 -0.0086 -0.9229
vn -0.0000 -0.9555 -0.2951
vn -0.9060 0.0032 0.4233
vn 0.6760 -0.7283 -0.1121
vn -0.9362 0.3038 -0.1766
vn -0.7921 0.6103 0.0085
vn -0.8110 0.5300 0.2475
vn -0.9762 -0.2169 -0.0000
vn -0.8982 -0.1556 -0.4111
vn -0.6344 -0.5447 -0.5485
vn -0.8652 -0.0016 -0.5014
vn -0.9054 -0.1174 -0.4081
vn -0.2517 -0.9502 -0.1835
vn -0.4544 -0.5458 -0.7040
vn 0.4336 -0.7475 0.5032
vn -0.6571 0.0986 -0.7473
vn -0.4125 0.8992 -0.1461
vn 0.9142 -0.3756 0.1519
vn 0.1972 0.4542 -0.8688
vn -0.5321 0.2798 -0.7991
vn -0.2888 -0.2547 -0.9229
vn 0.3697 -0.8537 0.3667
vn -0.0988 -0.0403 -0.9943
vn 0.8198 0.5259 0.2266
vn 0.6634 -0.0124 0.7481
vn -0.4232 -0.0588 0.9041
vn -0.9415 0.2963 -0.1604
vn 0.7430 -0.6646 0.0789
vn -0.3920 -0.0082 -0.9199
vn 0.7112 -0.5245 -0.4680
vn 0.9563 -0.1414 0.2560
vn -0.8263 -0.3538 -0.4383
vn -0.9925 0.0234 -0.1197
vn 0.8800 -0.4706 0.0641
vn -0.1285 -0.7537 -0.6445
vn -0.9413 -0.0917 -0.3249
vn 0.8862 0.0070 0.4633
vn -0.9378 0.0330 -0.3457
vn 0.9016 -0.4266 0.0719
vn -0.9569 0.0362 0.2880
vn -0.9885 -0.1166 -0.0968
vn -0.9340 0.1475 0.3254
vn -0.2593 -0.9068 -0.3325
vn -0.8477 -0.0327 -0.5295
vn 0.4590 -0.8609 -0.2196
vn 0.5311 -0.8323 -0.1590
vn -0.5337 -0.4558 0.7123
vn 0.1914 0.7389 0.6460
vn 0.6547 0.5696 0.4969
vn 0.7822 -0.2320 0.5782
vn 0.8925 0.0172 0.4508
vn -0.1293 -0.6694 -0.7316
vn 0.0363 -0.9974 0.0615
vn -0.1799 -0.7864 -0.5910
vn -0.8624 -0.1316 -0.4889
vn -0.0822 -0.7363 -0.6716
vn 0.3812 -0.2605 -0.8870
vn 0.2872 -0.1605 -0.9443
vn 0.5626 0.0428 -0.8256
vn 0.4103 -0.7196 -0.5603
vn 0.3827 -0.8697 -0.3116
vn 0.4967 -0.5791 -0.6465
vn 0.9824 -0.1468 0.1152
vn 0.2703 -0.8667 -0.4192
vn -0.1317 -0.6989 -0.7030
vn 0.6629 -0.7475 0.0415
vn -0.1964 -0.9223 0.3328
vn 0.2132 -0.5240 0.8246
vn 0.1783 -0.4370 -0.8816
vn 0.2683 -0.1528 -0.9511
vn 0.0831 -0.9733 0.2142
vn -0.8851 -0.4151 0.2105
vn 0.0956 0.9279 0.3604
vn -0.1053 -0.9182 -0.3818
vn -0.9191 0.0565 -0.3899
vn -0.6273 0.7694 0.1208
vn -0.3688 -0.8803 0.2983
vn -0.9479 -0.1603 -0.2753
vn -0.8510 -0.5189 0.0804
vn -0.5151 -0.7877 0.3379
vn -0.2258 -0.9339 -0.2773
vn 0.5891 0.6065 0.5340
vn -0.9859 -0.1358 -0.0973
vn -0.4327 0.6655 0.6082
vn 0.0018 0.3017 0.9534
vn -0.2094 -0.8848 0.4162
vn 0.8574 0.2704 0.4378
vn 0.8452 0.4420 0.3006
vn 0.1723 -0.8129 0.5564
vn 0.9924 0.1210 0.0229
vn 0.9812 0.1422 0.1303
vn 0.9177 0.2690 0.2923
vn 0.1948 -0.9675 0.1615
vn -0.2041 -0.9717 0.1185
vn -0.3390 -0.9017 -0.2683
vn -0.3265 -0.9440 0.0467
vn -0.1820 0.9128 0.3657
vn -0.1851 0.9551 0.2314
vn 0.1296 0.8927 0.4316
vn -0.1404 0.4989 0.8552
vn 0.0969 -0.9085 -0.4066
vn 0.0819 -0.9478 -0.3083
vn -0.0191 0.9714 0.2367
vn 0.2136 -0.9619 -0.1706
vn 0.0624 0.9808 0.1848
vn 0.1939 0.9487 0.2497
vn -0.1836 -0.9731 -0.1390
vn 0.1213 0.9901 0.0711
vn 0.4451 0.8130 0.3754
vn 0.3045 0.9447 0.1219
vn -0.2097 0.6989 0.6838
vn -0.2361 0.9556 0.1764
vn -0.3913 0.6607 0.6407
vn -0.0580 0.0495 0.9971
vn -0.0365 0.0506 0.9981
vn -0.0032 -0.7273 0.6863
vn 0.7607 -0.6459 -0.0643
vn 0.1155 -0.9073 -0.4043
vn -0.2940 -0.9510 -0.0955
vn 0.9981 -0.0267 -0.0554
vn 0.9918 0.0982 0.0820
vn 0.7341 0.2375 -0.6361
vn 0.9867 0.1421 -0.0791
vn 0.9553 -0.2928 0.0412
vn 0.9744 -0.1021 0.2005
vn 0.2179 -0.7478 0.6271
vn 0.7794 0.0121 0.6264
vn 0.4014 -0.5910 0.6997
vn 0.3818 0.1250 0.9158
vn -0.5022 -0.8512 -0.1524
vn 0.1000 -0.9423 -0.3195
vn 0.5538 0.7863 0.2741
vn 0.8678 0.4969 -0.0037
vn -0.6007 0.7966 0.0679
vn 0.1574 -0.5368 -0.8289
vn 0.0922 0.9400 0.3285
vn 0.1830 0.9601 -0.2116
vn 0.3056 -0.7171 -0.6264
vn -0.2812 0.9261 0.2517
vn -0.4941 -0.7349 -0.4646
vn 0.2251 -0.4917 -0.8412
vn -0.2603 -0.8910 -0.3721
vn -0.0933 -0.7145 -0.6934
vn 0.3200 0.9281 -0.1903
vn -0.1396 0.8452 0.5158
vn -0.3694 -0.9057 -0.2077
vn -0.4293 -0.8873 -0.1683
vn -0.3995 -0.9119 -0.0937
vn -0.4072 -0.9121 0.0486
vn 0.4672 0.8790 0.0948
vn -0.0496 -0.9505 -0.3068
vn -0.1610 -0.9824 0.0948
vn -0.1523 0.9239 0.3511
vn 0.2308 -0.9603 -0.1567
vn -0.1469 0.8962 0.4187
vn 0.3237 -0.9115 -0.2539
vn -0.4610 -0.7268 -0.5091
vn 0.4018 0.1040 0.9098
vn 0.0435 0.9990 -0.0071
vn 0.5849 -0.8035 -0.1105
vn 0.8963 0.3496 0.2728
vn 0.5728 0.0732 0.8164
vn -0.3478 0.7551 0.5557
vn 0.2826 -0.7085 -0.6467
vn -0.9198 -0.1366 0.3677
vn 0.3997 -0.8154 0.4188
vn -0.1828 0.7245 0.6645
vn 0.4468 -0.2998 0.8429
vn 0.5314 -0.6361 -0.5595
vn 0.8564 0.2490 -0.4524
vn 0.2558 -0.9634 -0.0807
vn -0.0271 -0.6328 -0.7738
vn 0.4319 -0.1912 -0.8814
vn 0.4785 -0.6703 -0.5672
vn 0.1608 0.0679 0.9846
vn -0.1746 0.4816 0.8588
vn 0.0515 0.7950 0.6045
vn 0.9796 -0.1987 -0.0313
vn 0.3829 -0.9062 -0.1792
vn 0.9920 -0.0244 -0.1237
vn 0.0389 0.4873 0.8724
vn -0.6058 0.5017 -0.6175
vn 0.6829 -0.7056 -0.1892
vn -0.3232 -0.3095 -0.8943
vn 0.7522 0.6301 -0.1929
vn 0.1883 0.9654 0.1805
vn -0.9067 0.4201 -0.0374
vn -0.4929 0.7554 -0.4317
vn 0.4368 0.8283 0.3509
vn 0.0328 0.4532 0.8908
vn 0.1045 0.9907 -0.0876
vn -0.1619 0.1290 -0.9784
vn 0.6159 0.7217 -0.3158
vn 0.7033 0.5905 0.3957
vn -0.4743 0.7759 -0.4160
vn -0.0141 0.9993 -0.0358
vn 0.4093 0.8231 -0.3937
vn -0.2018 0.9333 0.2972
vn -0.0163 0.7860 -0.6180
vn 0.8444 0.5021 0.1869
vn -0.0266 -0.4516 -0.8918
vn 0.7750 -0.0243 -0.6315
vn 0.3241 0.9428 -0.0783
vn 0.7619 -0.6439 0.0699
vn -0.5633 0.4367 0.7014
vn 0.8129 0.5052 0.2898
vn 0.2068 0.9713 0.1178
vn 0.9768 -0.2048 -0.0628
vn 0.0671 -0.7052 -0.7058
vn 0.8314 -0.3497 0.4318
vn 0.6147 -0.4307 0.6608
vn -0.1092 0.9930 0.0452
vn 0.4422 0.7072 0.5516
vn 0.3742 0.8596 0.3479
vn 0.1313 -0.9913 -0.0106
vn 0.1081 0.9116 -0.3966
vn 0.8300 -0.3513 0.4333
vn 0.9132 -0.3255 0.2453
vn -0.9124 0.4065 0.0475
vn 0.8259 0.5148 0.2301
vn 0.6862 -0.6822 0.2524
vn 0.1157 0.8234 0.5555
vn -0.0308 0.9991 0.0304
vn 0.9209 -0.3788 -0.0915
vn 0.6856 0.0268 0.7275
vn -0.2377 0.2086 -0.9487
vn -0.5730 0.8179 -0.0525
vn -0.0363 0.9685 0.2464
vn -0.3707 0.8150 0.4453
vn -0.3319 0.7764 -0.5358
vn -0.1653 0.9131 0.3727
vn 0.4170 0.2721 0.8672
vn 0.5426 -0.8354 0.0877
vn -0.0744 0.3574 0.9310
vn -0.2686 0.8116 -0.5188
vn -0.7685 0.6394 0.0237
vn 0.5401 0.6930 0.4776
vn 0.2888 -0.9079 0.3039
vn -0.3215 0.5494 0.7713
vn 0.6846 0.5405 0.4890
vn 0.7754 0.6161 0.1382
vn -0.1149 0.1243 -0.9856
vn -0.5782 0.8114 0.0852
vn 0.6608 -0.7297 -0.1758
vn 0.3324 0.4973 0.8014
vn -0.5098 0.4671 0.7224
vn 0.6362 -0.7637 -0.1100
vn 0.7236 -0.6539 0.2212
vn -0.7085 0.6852 -0.1689
vn -0.7316 0.6387 -0.2386
vn -0.8743 0.4842 0.0343
vn -0.8736 0.4856 0.0307
vn 0.7482 -0.6372 0.1850
vn 0.8745 -0.3770 0.3051
vn -0.7746 0.5742 0.2652
vn -0.7217 0.6487 -0.2418
vn -0.5480 0.7839 -0.2919
vn -0.7898 -0.2456 -0.5620
vn 0.9178 -0.3557 0.1765
vn -0.9713 -0.2041 0.1220
vn 0.5594 -0.8039 0.2019
vn 0.5847 -0.6856 0.4337
vn -0.4874 0.7805 -0.3914
vn -0.2013 0.9215 -0.3320
vn 0.0918 0.6907 -0.7172
vn 0.5692 -0.7902 0.2273
vn 0.5132 -0.7165 0.4725
vn 0.5239 -0.7419 0.4185
vn -0.5338 0.3256 0.7804
vn 0.5020 -0.8648 -0.0109
vn -0.0587 0.8411 0.5377
vn -0.0486 0.1831 -0.9819
vn 0.0724 -0.1216 -0.9899
vn -0.2157 0.8409 0.4964
vn -0.3427 -0.0066 0.9394
vn 0.9114 -0.0278 0.4105
vn -0.4194 -0.3322 -0.8448
vn -0.7024 0.5427 -0.4606
vn 0.9724 0.1913 0.1335
vn -0.2740 0.4659 -0.8413
vn -0.0050 0.4764 -0.8792
vn 0.6642 0.0123 0.7475
vn 0.1276 0.0396 0.9910
vn -0.4591 -0.2534 -0.8515
vn -0.3998 0.2170 -0.8906
vn 0.7827 0.3699 0.5006
vn 0.6344 0.6306 0.4471
vn 0.8538 -0.3651 0.3711
vn 0.0652 -0.2998 0.9518
vn -0.8509 0.5189 -0.0819
vn -0.1890 -0.5677 -0.8012
vn 0.8371 -0.4799 0.2627
vn -0.6000 0.7999 0.0127
vn 0.1130 -0.7201 -0.6846
vn -0.0953 0.6492 -0.7546
vn -0.2090 -0.9779 -0.0000
vn 0.7738 -0.5686 0.2792
vn -0.6440 0.4687 0.6046
vn 0.6525 -0.2212 0.7248
vn -0.3272 0.3264 -0.8868
vn 0.9625 -0.0801 0.2592
vn 0.8971 0.2382 0.3721
vn 0.3089 0.9507 0.0287
vn -0.7044 0.6372 -0.3126
vn -0.7107 0.6339 -0.3051
vn 0.5421 -0.7213 0.4311
vn 0.0040 -0.6181 0.7861
vn 0.6693 -0.0202 0.7427
vn 0.0488 0.5900 0.8059
vn 0.7237 -0.5576 0.4066
vn -0.0760 0.9967 0.0283
vn -0.5069 0.8469 0.1605
vn -0.9771 -0.0000 -0.2127
vn 0.9771 -0.0000 0.2127
vn 0.2090 0.9779 -0.0000
vn 0.9415 -0.2352 -0.2415
vn 0.7645 0.6002 -0.2353
vn -0.3371 0.8989 -0.2799
vn 0.2207 -0.5688 -0.7923
vn 0.4794 -0.5736 -0.6642
vn 0.3555 -0.6884 -0.6323
vn 0.2934 -0.9283 -0.2285
vn -0.3167 0.6134 -0.7235
vn -0.6429 -0.2467 -0.7251
vn -0.2613 0.9423 0.2092
vn 0.5461 -0.8356 0.0599
vn 0.1104 -0.9457 -0.3056
vn 0.3636 -0.2339 -0.9017
vn 0.0613 0.9957 0.0699
vn 0.3696 -0.8270 -0.4237
vn -0.0536 -0.6678 -0.7424
vn 0.5256 -0.7974 0.2965
vn -0.2589 0.8994 0.3524
vn 0.1091 0.7169 0.6886
vn 0.4427 -0.8959 0.0373
vn 0.2066 0.2918 0.9339
vn 0.2159 0.5079 0.8339
vn 0.9875 -0.1416 0.0699
vn 0.7985 -0.2769 -0.5345
vn -0.3667 0.9277 -0.0704
vn 0.7852 -0.0328 0.6183
vn 0.1428 -0.1779 0.9736
vn 0.2876 -0.9320 0.2207
vn -0.5422 0.7940 -0.2747
vn 0.4553 -0.8901 0.0219
vn -0.1692 -0.5724 0.8023
vn -0.3322 0.8777 0.3454
vn 0.0040 0.9888 0.1489
vn -0.4715 -0.3680 0.8014
vn 0.8134 -0.5325 0.2342
vn -0.0135 0.8492 0.5279
vn 0.2881 0.0298 0.9571
vn -0.0959 -0.9835 -0.1536
vn 0.0060 -0.9996 -0.0267
vn 0.0819 -0.9909 0.1069
vn 0.2040 -0.8870 0.4143
vn 0.2623 -0.9051 0.3346
vn 0.2558 -0.9660 0.0360
vn 0.0233 0.9991 -0.0364
vn 0.6484 -0.7136 0.2652
vn 0.0236 0.9897 0.1414
vn 0.5503 -0.8010 0.2355
vn 0.0600 0.2529 0.9656
vn 0.1820 -0.5925 -0.7848
vn -0.5519 0.8227 0.1361
vn 0.1823 -0.0906 -0.9791
vn -0.0516 0.9979 0.0384
vn 0.6018 -0.7975 0.0436
vn 0.4301 -0.6937 0.5778
vn -0.4753 -0.8775 0.0637
vn -0.2972 -0.9534 0.0513
vn 0.6441 -0.6517 -0.4005
vn 0.0184 0.9986 -0.0495
vn -0.6562 0.7544 0.0168
vn -0.4339 -0.3349 -0.8364
vn -0.5372 0.8014 -0.2630
vn 0.8005 -0.3360 -0.4963
vn 0.8879 -0.4320 -0.1584
vn -0.4015 0.9138 0.0614
vn 0.7988 0.3926 -0.4558
vn 0.9368 -0.1444 -0.3188
vn 0.1278 0.4079 -0.9040
vn 0.5072 -0.7914 -0.3413
vn -0.2956 0.6094 0.7357
vn 0.7995 -0.0701 0.5965
vn 0.0957 -0.5606 0.8225
vn 0.4952 -0.8435 -0.2083
vn -0.0788 0.1492 -0.9857
vn -0.2833 0.6176 -0.7337
vn -0.6755 0.7372 0.0130
vn 0.8543 -0.4362 -0.2826
vn -0.2293 0.7949 -0.5617
vn 0.3729 -0.5313 0.7607
vn -0.9704 -0.2416 -0.0000
vn 0.0522 -0.9967 0.0626
vn -0.0205 0.1101 -0.9937
vn 0.1137 0.9933 0.0206
vn 0.6134 0.7745 -0.1550
vn 0.1693 0.5308 0.8304
vn 0.7282 -0.6227 0.2863
vn 0.7766 0.6242 -0.0854
vn 0.9503 -0.2267 -0.2134
vn -0.3852 0.6519 0.6532
vn -0.0084 -0.9637 0.2669
vn -0.3460 0.7685 -0.5382
vn -0.2579 -0.7189 -0.6455
vn 0.1527 0.9785 -0.1383
vn 0.6925 0.4145 -0.5904
vn 0.5739 -0.6844 0.4496
vn -0.3792 0.9250 0.0237
vn 0.1343 -0.9905 0.0299
vn -0.0856 0.9715 0.2210
vn -0.0423 -0.9988 -0.0265
vn 0.3026 0.2399 -0.9224
vn 0.1483 -0.9732 0.1755
vn -0.8795 0.4540 -0.1426
vn 0.9218 -0.2285 0.3132
vn 0.7059 -0.5795 0.4074
vn -0.9124 -0.2176 0.3466
vn -0.4397 0.6997 -0.5631
vn -0.5068 0.3584 -0.7840
vn -0.7925 0.5362 -0.2907
vn 0.2863 0.5229 -0.8029
vn -0.2115 -0.7039 -0.6781
vn -0.9046 -0.2729 -0.3274
vn -0.4051 0.8700 0.2809
vn -0.3482 -0.8659 -0.3591
vn -0.7419 0.6255 0.2414
vn 0.0702 -0.9854 -0.1550
vn -0.1992 -0.8558 0.4775
vn 0.2756 -0.8591 0.4313
vn -0.0230 -0.0780 -0.9967
vn -0.1819 0.9701 -0.1606
vn -0.1441 0.4545 0.8790
vn -0.9328 -0.3601 -0.0145
vn 0.6324 0.5668 0.5281
vn 0.9944 0.0610 -0.0862
vn 0.4723 0.7762 -0.4177
vn 0.2331 0.9709 -0.0550
vn -0.6495 0.7337 -0.1993
vn -0.6733 0.7107 -0.2040
vn 0.4402 -0.0571 0.8961
vn 0.2019 0.8706 0.4486
vn -0.4059 0.8807 -0.2441
vn -0.3169 0.4212 0.8498
vn -0.4735 0.1484 -0.8682
vn 0.7568 -0.4134 0.5064
vn 0.8732 0.0831 0.4803
vn -0.2774 0.8942 -0.3514
vn -0.8510 -0.2167 0.4784
vn -0.4761 0.8706 0.1236
vn 0.7698 -0.6237 0.1354
vn -0.1971 -0.9754 0.0986
vn 0.2636 -0.4490 0.8537
vn 0.8628 0.3830 0.3299
vn 0.8664 0.4991 -0.0159
vn -0.2503 0.2186 -0.9432
vn 0.9333 0.2380 0.2688
vn 0.0223 -0.1594 -0.9870
vn -0.6253 0.6810 -0.3811
vn -0.6724 0.0234 -0.7398
vn -0.9957 -0.0653 0.0651
vn 0.7982 -0.5913 0.1151
vn 0.9455 -0.2126 0.2468
vn -0.9697 0.2162 0.1134
vn -0.0482 -0.9980 -0.0404
vn 0.6389 -0.7658 0.0728
vn -0.0026 -0.9493 0.3145
vn 0.0200 0.9206 0.3899
vn 0.0346 0.9777 0.2071
vn 0.8567 -0.3225 -0.4026
vn -0.0370 -0.9224 -0.3845
vn -0.4151 0.4053 -0.8145
vn 0.6120 0.6461 -0.4562
vn -0.1001 0.8536 0.5112
vn -0.6852 0.5014 -0.5283
vn 0.7823 0.6022 -0.1594
vn 0.6455 0.6973 -0.3116
vn -0.3529 -0.5451 -0.7605
vn 0.7672 -0.6414 0.0002
vn 0.1146 0.9117 -0.3945
vn 0.1872 0.5260 0.8296
vn 0.8557 0.4801 0.1933
vn -0.4548 -0.7288 0.5119
vn 0.1957 -0.9511 0.2390
vn 0.0489 0.9982 0.0345
vn -0.6980 0.6010 0.3894
vn 0.6845 -0.7289 0.0135
vn 0.0200 0.9835 -0.1797
vn -0.1050 0.6772 -0.7283
vn 0.5146 -0.8559 -0.0510
vn -0.0652 -0.1004 -0.9928
vn 0.6010 0.5311 0.5972
vn -0.1711 -0.1106 -0.9790
vn 0.1686 -0.8485 -0.5016
vn -0.4710 -0.7659 -0.4378
vn -0.4483 0.6814 -0.5785
vn 0.4743 -0.8803 -0.0104
vn 0.4413 -0.8973 0.0125
vn 0.0023 0.9301 0.3673
vn 0.0783 -0.0601 0.9951
vn -0.5036 0.8053 -0.3128
vn 0.0181 0.9991 -0.0392
vn 0.2875 -0.9172 0.2757
vn 0.4927 -0.8181 0.2966
vn 0.0767 0.9889 -0.1277
vn -0.1120 0.9929 -0.0400
vn -0.1950 0.8642 -0.4638
vn 0.3814 -0.0751 0.9214
vn 0.4993 -0.8659 0.0294
vn 0.0540 0.9929 0.1059
vn 0.1950 0.9803 -0.0298
s 0
f 7//1 5//1 6//1
f 8//2 1//2 5//2
f 6//3 1//3 3//3
f 6//4 3//4 10//4
f 8//5 4//5 2//5
f 10//6 57//6 61//6
f 14//7 13//7 12//7
f 17//8 18//8 19//8
f 16//9 25//9 22//9
f 21//10 26//10 20//10
f 27//11 21//11 20//11
f 29//12 26//12 21//12
f 33//13 14//13 12//13
f 39//14 34//14 35//14
f 41//15 40//15 38//15
f 37//16 31//16 36//16
f 226//17 31//17 32//17
f 38//18 43//18 45//18
f 37//19 36//19 42//19
f 46//20 37//20 42//20
f 43//21 44//21 47//21
f 46//22 51//22 83//22
f 56//23 59//23 55//23
f 57//24 60//24 61//24
f 56//25 55//25 62//25
f 68//26 55//26 58//26
f 70//27 61//27 60//27
f 62//28 66//28 67//28
f 68//29 66//29 55//29
f 64//30 68//30 58//30
f 60//31 83//31 70//31
f 72//32 70//32 71//32
f 45//33 47//33 73//33
f 66//34 68//34 79//34
f 66//35 79//35 74//35
f 45//36 48//36 41//36
f 65//37 75//37 69//37
f 76//38 63//38 74//38
f 238//39 70//39 83//39
f 49//40 73//40 47//40
f 68//41 78//41 79//41
f 74//42 79//42 80//42
f 75//43 78//43 68//43
f 81//44 65//44 76//44
f 80//45 79//45 90//45
f 87//46 78//46 75//46
f 81//47 87//47 75//47
f 82//48 76//48 80//48
f 84//49 83//49 53//49
f 79//50 86//50 90//50
f 87//51 91//51 50//51
f 92//52 87//52 81//52
f 160//53 81//53 76//53
f 84//54 53//54 93//54
f 97//55 95//55 99//55
f 96//56 97//56 98//56
f 99//57 94//57 88//57
f 97//58 99//58 100//58
f 99//59 88//59 102//59
f 160//60 76//60 82//60
f 96//61 160//61 82//61
f 101//62 98//62 100//62
f 111//63 106//63 107//63
f 107//64 106//64 111//64
f 112//65 113//65 115//65
f 15//66 114//66 108//66
f 113//67 112//67 118//67
f 113//68 118//68 119//68
f 110//69 115//69 113//69
f 116//70 115//70 110//70
f 122//71 119//71 117//71
f 122//72 120//72 115//72
f 123//73 121//73 119//73
f 122//74 123//74 119//74
f 24//75 15//75 109//75
f 20//76 25//76 125//76
f 110//77 16//77 126//77
f 26//78 126//78 22//78
f 127//79 28//79 27//79
f 23//80 128//80 29//80
f 30//81 128//81 23//81
f 126//82 26//82 128//82
f 124//83 24//83 109//83
f 124//84 109//84 121//84
f 131//85 110//85 126//85
f 116//86 131//86 126//86
f 134//87 116//87 126//87
f 137//88 132//88 130//88
f 53//89 51//89 139//89
f 52//90 139//90 51//90
f 53//91 139//91 143//91
f 141//92 149//92 145//92
f 145//93 146//93 147//93
f 145//94 147//94 150//94
f 183//95 150//95 148//95
f 183//96 141//96 150//96
f 152//97 151//97 149//97
f 147//98 154//98 150//98
f 149//99 444//99 146//99
f 138//100 89//100 91//100
f 90//101 86//101 159//101
f 92//102 160//102 162//102
f 128//103 133//103 164//103
f 165//104 89//104 138//104
f 86//105 89//105 165//105
f 166//106 91//106 161//106
f 167//107 102//107 159//107
f 163//108 128//108 170//108
f 159//109 165//109 171//109
f 173//110 135//110 136//110
f 169//111 174//111 175//111
f 176//112 163//112 170//112
f 176//113 174//113 135//113
f 177//114 175//114 174//114
f 169//115 177//115 170//115
f 183//116 166//116 143//116
f 171//117 165//117 183//117
f 167//118 159//118 171//118
f 144//119 136//119 123//119
f 180//120 173//120 136//120
f 180//121 163//121 176//121
f 181//122 163//122 180//122
f 183//123 184//123 171//123
f 186//124 171//124 185//124
f 172//125 179//125 144//125
f 148//126 172//126 181//126
f 182//127 187//127 178//127
f 171//128 184//128 189//128
f 185//129 171//129 189//129
f 179//130 172//130 155//130
f 179//131 155//131 188//131
f 189//132 188//132 463//132
f 192//133 189//133 463//133
f 465//134 192//134 463//134
f 100//135 99//135 195//135
f 169//136 175//136 196//136
f 177//137 196//137 197//137
f 197//138 178//138 177//138
f 182//139 197//139 204//139
f 199//140 204//140 197//140
f 206//141 202//141 207//141
f 206//142 201//142 203//142
f 198//143 187//143 488//143
f 206//144 207//144 211//144
f 187//145 190//145 464//145
f 187//146 464//146 488//146
f 204//147 214//147 191//147
f 214//148 204//148 210//148
f 216//149 217//149 215//149
f 235//150 226//150 32//150
f 224//151 223//151 225//151
f 221//152 224//152 225//152
f 222//153 224//153 221//153
f 226//154 52//154 51//154
f 280//155 234//155 253//155
f 54//156 52//156 226//156
f 228//157 230//157 231//157
f 233//158 229//158 232//158
f 229//159 233//159 227//159
f 235//160 60//160 4//160
f 235//161 11//161 236//161
f 70//162 72//162 236//162
f 71//163 235//163 72//163
f 238//164 237//164 71//164
f 237//165 226//165 235//165
f 237//166 54//166 226//166
f 85//167 239//167 238//167
f 85//168 93//168 242//168
f 227//169 278//169 243//169
f 247//170 103//170 98//170
f 247//171 98//171 246//171
f 246//172 101//172 248//172
f 249//173 250//173 251//173
f 252//174 249//174 251//174
f 253//175 222//175 250//175
f 222//176 227//176 251//176
f 252//177 254//177 250//177
f 270//178 262//178 267//178
f 240//179 280//179 253//179
f 261//180 227//180 263//180
f 262//181 266//181 263//181
f 262//182 263//182 244//182
f 267//183 264//183 268//183
f 256//184 255//184 266//184
f 271//185 256//185 269//185
f 273//186 240//186 261//186
f 245//187 272//187 265//187
f 266//188 273//188 261//188
f 264//189 244//189 245//189
f 359//190 273//190 266//190
f 265//191 274//191 268//191
f 276//192 266//192 255//192
f 276//193 275//193 359//193
f 275//194 269//194 270//194
f 279//195 232//195 234//195
f 278//196 277//196 281//196
f 281//197 277//197 279//197
f 283//198 142//198 285//198
f 287//199 286//199 285//199
f 287//200 285//200 281//200
f 283//201 152//201 141//201
f 289//202 283//202 286//202
f 291//203 290//203 287//203
f 288//204 156//204 152//204
f 289//205 292//205 288//205
f 156//206 220//206 158//206
f 295//207 293//207 296//207
f 296//208 293//208 294//208
f 297//209 54//209 241//209
f 240//210 302//210 280//210
f 244//211 298//211 245//211
f 297//212 140//212 54//212
f 299//213 241//213 242//213
f 243//214 300//214 298//214
f 305//215 297//215 300//215
f 241//216 299//216 307//216
f 307//217 299//217 306//217
f 278//218 305//218 301//218
f 309//219 300//219 307//219
f 278//220 284//220 305//220
f 309//221 307//221 306//221
f 310//222 308//222 302//222
f 308//223 310//223 311//223
f 167//224 186//224 304//224
f 312//225 306//225 339//225
f 313//226 308//226 309//226
f 185//227 189//227 315//227
f 317//228 312//228 314//228
f 323//229 317//229 314//229
f 324//230 320//230 316//230
f 192//231 194//231 318//231
f 321//232 324//232 316//232
f 327//233 325//233 326//233
f 327//234 319//234 325//234
f 328//235 327//235 326//235
f 364//236 353//236 327//236
f 168//237 96//237 103//237
f 336//238 103//238 247//238
f 336//239 247//239 335//239
f 336//240 168//240 103//240
f 337//241 333//241 195//241
f 337//242 336//242 335//242
f 334//243 333//243 338//243
f 340//244 195//244 304//244
f 340//245 339//245 336//245
f 341//246 339//246 340//246
f 340//247 304//247 341//247
f 341//248 304//248 351//248
f 314//249 351//249 343//249
f 314//250 343//250 346//250
f 346//251 343//251 347//251
f 347//252 343//252 344//252
f 350//253 349//253 207//253
f 352//254 343//254 351//254
f 344//255 343//255 352//255
f 318//256 194//256 354//256
f 357//257 354//257 349//257
f 350//258 357//258 349//258
f 357//259 350//259 355//259
f 217//260 203//260 215//260
f 217//261 355//261 203//261
f 218//262 358//262 217//262
f 665//263 358//263 218//263
f 275//264 303//264 359//264
f 274//265 303//265 275//265
f 302//266 240//266 273//266
f 303//267 310//267 359//267
f 360//268 314//268 361//268
f 360//269 332//269 314//269
f 364//270 327//270 330//270
f 363//271 368//271 360//271
f 369//272 368//272 363//272
f 372//273 371//273 370//273
f 370//274 346//274 347//274
f 370//275 342//275 373//275
f 374//276 371//276 372//276
f 376//277 374//277 372//277
f 378//278 342//278 377//278
f 379//279 361//279 374//279
f 374//280 361//280 346//280
f 373//281 381//281 380//281
f 375//282 376//282 372//282
f 377//283 353//283 381//283
f 363//284 381//284 364//284
f 389//285 387//285 388//285
f 394//286 393//286 392//286
f 393//287 394//287 396//287
f 391//288 390//288 397//288
f 400//289 412//289 399//289
f 408//290 403//290 407//290
f 405//291 402//291 408//291
f 411//292 408//292 410//292
f 406//293 411//293 410//293
f 412//294 411//294 406//294
f 414//295 407//295 413//295
f 409//296 414//296 413//296
f 410//297 408//297 414//297
f 416//298 415//298 395//298
f 418//299 424//299 417//299
f 396//300 394//300 420//300
f 416//301 421//301 415//301
f 424//302 423//302 416//302
f 425//303 424//303 426//303
f 428//304 421//304 429//304
f 398//305 427//305 423//305
f 423//306 427//306 429//306
f 425//307 399//307 423//307
f 430//308 432//308 474//308
f 427//309 398//309 405//309
f 429//310 427//310 405//310
f 433//311 429//311 405//311
f 433//312 405//312 411//312
f 433//313 411//313 451//313
f 417//314 438//314 440//314
f 417//315 440//315 441//315
f 442//316 417//316 441//316
f 436//317 434//317 435//317
f 437//318 430//318 419//318
f 443//319 439//319 420//319
f 443//320 420//320 422//320
f 441//321 430//321 442//321
f 153//322 444//322 445//322
f 154//323 153//323 445//323
f 158//324 383//324 444//324
f 154//325 445//325 446//325
f 383//326 158//326 220//326
f 449//327 444//327 448//327
f 445//328 444//328 449//328
f 447//329 445//329 401//329
f 447//330 446//330 445//330
f 450//331 445//331 449//331
f 401//332 445//332 450//332
f 449//333 456//333 457//333
f 457//334 450//334 449//334
f 454//335 385//335 462//335
f 457//336 455//336 459//336
f 456//337 455//337 457//337
f 464//338 190//338 191//338
f 192//339 191//339 193//339
f 465//340 463//340 467//340
f 470//341 418//341 419//341
f 467//342 446//342 447//342
f 192//343 465//343 469//343
f 470//344 419//344 474//344
f 472//345 471//345 426//345
f 473//346 471//346 472//346
f 447//347 471//347 467//347
f 473//348 467//348 471//348
f 401//349 399//349 425//349
f 474//350 432//350 480//350
f 475//351 426//351 470//351
f 475//352 470//352 474//352
f 477//353 472//353 476//353
f 464//354 469//354 484//354
f 480//355 472//355 475//355
f 476//356 479//356 453//356
f 476//357 472//357 480//357
f 481//358 476//358 453//358
f 477//359 476//359 481//359
f 479//360 451//360 453//360
f 481//361 453//361 458//361
f 483//362 481//362 458//362
f 485//363 484//363 486//363
f 631//364 495//364 497//364
f 208//365 488//365 212//365
f 491//366 214//366 210//366
f 466//367 193//367 214//367
f 466//368 194//368 193//368
f 488//369 490//369 212//369
f 495//370 492//370 491//370
f 464//371 484//371 482//371
f 493//372 491//372 489//372
f 490//373 482//373 494//373
f 496//374 482//374 485//374
f 213//375 212//375 499//375
f 213//376 489//376 210//376
f 499//377 212//377 500//377
f 212//378 494//378 500//378
f 502//379 500//379 494//379
f 536//380 502//380 503//380
f 456//381 510//381 455//381
f 459//382 511//382 506//382
f 458//383 460//383 504//383
f 506//384 505//384 507//384
f 509//385 508//385 506//385
f 461//386 510//386 456//386
f 512//387 461//387 505//387
f 461//388 512//388 510//388
f 483//389 458//389 514//389
f 486//390 483//390 514//390
f 487//391 515//391 517//391
f 515//392 487//392 631//392
f 486//393 514//393 516//393
f 521//394 514//394 519//394
f 519//395 517//395 515//395
f 518//396 521//396 524//396
f 539//397 522//397 520//397
f 523//398 519//398 520//398
f 518//399 524//399 525//399
f 523//400 526//400 519//400
f 524//401 521//401 529//401
f 525//402 524//402 528//402
f 529//403 526//403 530//403
f 526//404 529//404 521//404
f 520//405 522//405 561//405
f 561//406 522//406 555//406
f 531//407 530//407 526//407
f 531//408 526//408 523//408
f 528//409 524//409 529//409
f 528//410 567//410 527//410
f 535//411 531//411 523//411
f 535//412 523//412 561//412
f 503//413 494//413 537//413
f 485//414 516//414 541//414
f 536//415 540//415 498//415
f 540//416 503//416 538//416
f 539//417 515//417 497//417
f 498//418 542//418 539//418
f 542//419 498//419 540//419
f 540//420 543//420 542//420
f 540//421 538//421 543//421
f 543//422 537//422 541//422
f 542//423 544//423 539//423
f 543//424 541//424 545//424
f 541//425 518//425 546//425
f 543//426 548//426 542//426
f 518//427 525//427 546//427
f 549//428 544//428 542//428
f 551//429 522//429 544//429
f 547//430 541//430 550//430
f 527//431 552//431 550//431
f 550//432 546//432 527//432
f 554//433 547//433 553//433
f 550//434 553//434 547//434
f 554//435 549//435 548//435
f 551//436 555//436 522//436
f 555//437 551//437 549//437
f 549//438 553//438 555//438
f 550//439 552//439 556//439
f 553//440 550//440 556//440
f 536//441 503//441 540//441
f 528//442 529//442 562//442
f 558//443 532//443 533//443
f 529//444 559//444 560//444
f 529//445 560//445 563//445
f 557//446 533//446 513//446
f 564//447 534//447 559//447
f 564//448 559//448 558//448
f 561//449 565//449 535//449
f 565//450 566//450 563//450
f 562//451 563//451 570//451
f 562//452 570//452 567//452
f 568//453 570//453 571//453
f 569//454 571//454 566//454
f 572//455 573//455 384//455
f 573//456 385//456 384//456
f 574//457 385//457 573//457
f 292//458 575//458 156//458
f 295//459 575//459 292//459
f 576//460 575//460 295//460
f 579//461 575//461 576//461
f 578//462 580//462 576//462
f 580//463 578//463 577//463
f 575//464 572//464 384//464
f 579//465 581//465 572//465
f 583//466 582//466 577//466
f 582//467 585//467 581//467
f 586//468 583//468 587//468
f 584//469 573//469 572//469
f 585//470 584//470 581//470
f 588//471 585//471 582//471
f 589//472 584//472 585//472
f 587//473 591//473 586//473
f 591//474 596//474 588//474
f 593//475 574//475 573//475
f 594//476 593//476 589//476
f 594//477 589//477 588//477
f 590//478 594//478 588//478
f 593//479 573//479 584//479
f 597//480 596//480 591//480
f 592//481 597//481 591//481
f 574//482 462//482 385//482
f 593//483 507//483 574//483
f 593//484 594//484 507//484
f 599//485 594//485 590//485
f 592//486 600//486 597//486
f 325//487 604//487 321//487
f 324//488 610//488 294//488
f 331//489 606//489 329//489
f 466//490 468//490 608//490
f 603//491 604//491 605//491
f 609//492 324//492 321//492
f 609//493 603//493 611//493
f 622//494 583//494 610//494
f 613//495 612//495 616//495
f 468//496 614//496 608//496
f 614//497 617//497 619//497
f 602//498 620//498 621//498
f 618//499 610//499 609//499
f 623//500 620//500 614//500
f 478//501 617//501 468//501
f 626//502 618//502 619//502
f 629//503 587//503 622//503
f 630//504 627//504 628//504
f 478//505 631//505 617//505
f 631//506 625//506 617//506
f 632//507 622//507 618//507
f 620//508 623//508 633//508
f 624//509 633//509 623//509
f 628//510 621//510 634//510
f 629//511 591//511 587//511
f 630//512 644//512 627//512
f 625//513 635//513 596//513
f 625//514 596//514 632//514
f 620//515 633//515 638//515
f 632//516 596//516 597//516
f 640//517 633//517 624//517
f 641//518 620//518 638//518
f 636//519 644//519 630//519
f 637//520 638//520 640//520
f 644//521 640//521 627//521
f 592//522 639//522 721//522
f 356//523 194//523 466//523
f 646//524 219//524 356//524
f 647//525 358//525 667//525
f 219//526 646//526 666//526
f 646//527 356//527 645//527
f 649//528 646//528 648//528
f 652//529 611//529 603//529
f 654//530 602//530 621//530
f 652//531 650//531 658//531
f 659//532 655//532 657//532
f 657//533 654//533 656//533
f 660//534 657//534 656//534
f 661//535 658//535 651//535
f 662//536 658//536 661//536
f 664//537 659//537 657//537
f 662//538 663//538 660//538
f 218//539 219//539 665//539
f 665//540 219//540 666//540
f 649//541 666//541 646//541
f 651//542 653//542 668//542
f 671//543 332//543 672//543
f 673//544 330//544 672//544
f 366//545 365//545 367//545
f 674//546 364//546 673//546
f 364//547 674//547 675//547
f 676//548 368//548 369//548
f 672//549 613//549 671//549
f 679//550 676//550 369//550
f 680//551 679//551 675//551
f 671//552 669//552 612//552
f 678//553 680//553 677//553
f 661//554 651//554 684//554
f 687//555 661//555 684//555
f 687//556 684//556 688//556
f 689//557 662//557 661//557
f 690//558 685//558 689//558
f 687//559 690//559 661//559
f 651//560 668//560 691//560
f 693//561 668//561 653//561
f 695//562 692//562 691//562
f 694//563 684//563 692//563
f 694//564 659//564 685//564
f 694//565 685//565 686//565
f 509//566 507//566 594//566
f 706//567 705//567 701//567
f 713//568 705//568 706//568
f 711//569 710//569 707//569
f 709//570 704//570 712//570
f 707//571 710//571 714//571
f 716//572 713//572 706//572
f 716//573 706//573 708//573
f 711//574 713//574 714//574
f 715//575 713//575 716//575
f 713//576 717//576 714//576
f 699//577 487//577 508//577
f 595//578 635//578 718//578
f 719//579 641//579 637//579
f 643//580 637//580 640//580
f 643//581 719//581 637//581
f 644//582 643//582 640//582
f 636//583 722//583 644//583
f 721//584 756//584 598//584
f 600//585 702//585 720//585
f 724//586 643//586 644//586
f 729//587 718//587 723//587
f 641//588 719//588 732//588
f 726//589 641//589 732//589
f 732//590 719//590 724//590
f 727//591 722//591 636//591
f 729//592 706//592 718//592
f 730//593 731//593 732//593
f 728//594 732//594 724//594
f 722//595 728//595 724//595
f 723//596 704//596 709//596
f 726//597 732//597 731//597
f 735//598 722//598 727//598
f 733//599 723//599 709//599
f 730//600 740//600 737//600
f 738//601 734//601 728//601
f 726//602 737//602 739//602
f 738//603 740//603 734//603
f 738//604 737//604 740//604
f 771//605 709//605 716//605
f 739//606 742//606 750//606
f 749//607 750//607 751//607
f 751//608 750//608 752//608
f 598//609 753//609 670//609
f 598//610 756//610 753//610
f 753//611 754//611 755//611
f 601//612 755//612 702//612
f 753//613 756//613 758//613
f 758//614 759//614 760//614
f 756//615 725//615 759//615
f 775//616 746//616 745//616
f 748//617 663//617 763//617
f 762//618 747//618 764//618
f 765//619 761//619 764//619
f 764//620 748//620 769//620
f 748//621 765//621 769//621
f 769//622 765//622 764//622
f 767//623 766//623 768//623
f 712//624 717//624 772//624
f 770//625 713//625 715//625
f 773//626 513//626 534//626
f 773//627 534//627 564//627
f 778//628 776//628 777//628
f 777//629 776//629 778//629
f 3//630 1//630 2//630
f 4//631 31//631 2//631
f 6//632 5//632 1//632
f 9//633 7//633 6//633
f 5//634 9//634 8//634
f 7//635 9//635 5//635
f 8//636 2//636 1//636
f 10//637 9//637 6//637
f 8//638 11//638 4//638
f 236//639 10//639 61//639
f 27//640 23//640 21//640
f 19//641 18//641 17//641
f 16//642 15//642 24//642
f 20//643 22//643 25//643
f 36//644 226//644 42//644
f 22//645 20//645 26//645
f 23//646 29//646 21//646
f 3//647 2//647 31//647
f 4//648 32//648 31//648
f 33//649 12//649 13//649
f 37//650 3//650 31//650
f 32//651 3//651 37//651
f 14//652 33//652 13//652
f 35//653 34//653 39//653
f 43//654 40//654 44//654
f 44//655 41//655 48//655
f 41//656 38//656 45//656
f 45//657 43//657 47//657
f 47//658 48//658 49//658
f 226//659 46//659 42//659
f 3//660 4//660 57//660
f 48//661 50//661 49//661
f 57//662 10//662 3//662
f 64//663 59//663 65//663
f 59//664 58//664 55//664
f 62//665 59//665 56//665
f 57//666 4//666 60//666
f 62//667 63//667 59//667
f 62//668 67//668 63//668
f 37//669 83//669 60//669
f 59//670 63//670 65//670
f 60//671 32//671 37//671
f 62//672 55//672 66//672
f 66//673 63//673 67//673
f 69//674 64//674 65//674
f 50//675 77//675 87//675
f 74//676 63//676 66//676
f 68//677 64//677 69//677
f 75//678 68//678 69//678
f 63//679 76//679 65//679
f 238//680 71//680 70//680
f 48//681 45//681 73//681
f 48//682 73//682 77//682
f 65//683 81//683 75//683
f 76//684 74//684 80//684
f 238//685 83//685 84//685
f 77//686 73//686 49//686
f 79//687 78//687 86//687
f 77//688 86//688 78//688
f 87//689 77//689 78//689
f 90//690 88//690 80//690
f 77//691 49//691 89//691
f 89//692 50//692 91//692
f 119//693 114//693 113//693
f 83//694 51//694 53//694
f 93//695 85//695 84//695
f 96//696 94//696 95//696
f 96//697 95//697 97//697
f 82//698 80//698 94//698
f 96//699 82//699 94//699
f 88//700 94//700 80//700
f 99//701 95//701 94//701
f 98//702 97//702 100//702
f 90//703 102//703 88//703
f 105//704 104//704 392//704
f 108//705 109//705 15//705
f 16//706 110//706 15//706
f 114//707 109//707 108//707
f 114//708 121//708 109//708
f 110//709 114//709 15//709
f 110//710 113//710 114//710
f 117//711 118//711 112//711
f 112//712 120//712 117//712
f 115//713 120//713 112//713
f 30//714 129//714 128//714
f 116//715 134//715 115//715
f 117//716 119//716 118//716
f 120//717 122//717 117//717
f 115//718 123//718 122//718
f 134//719 123//719 115//719
f 24//720 25//720 16//720
f 124//721 25//721 24//721
f 124//722 125//722 25//722
f 125//723 27//723 20//723
f 22//724 126//724 16//724
f 128//725 26//725 29//725
f 30//726 23//726 28//726
f 127//727 129//727 132//727
f 116//728 110//728 131//728
f 124//729 127//729 125//729
f 127//730 27//730 125//730
f 132//731 28//731 127//731
f 123//732 124//732 121//732
f 129//733 133//733 128//733
f 124//734 136//734 127//734
f 135//735 133//735 127//735
f 132//736 30//736 28//736
f 54//737 139//737 52//737
f 130//738 30//738 137//738
f 129//739 130//739 132//739
f 151//740 156//740 158//740
f 139//741 142//741 141//741
f 140//742 142//742 139//742
f 143//743 139//743 141//743
f 134//744 144//744 123//744
f 183//745 143//745 141//745
f 141//746 152//746 149//746
f 145//747 149//747 146//747
f 141//748 145//748 150//748
f 147//749 146//749 153//749
f 157//750 148//750 150//750
f 157//751 155//751 148//751
f 128//752 134//752 126//752
f 146//753 444//753 153//753
f 154//754 147//754 153//754
f 157//755 150//755 154//755
f 158//756 149//756 151//756
f 92//757 91//757 87//757
f 81//758 160//758 92//758
f 161//759 91//759 92//759
f 93//760 53//760 161//760
f 93//761 161//761 92//761
f 162//762 93//762 92//762
f 165//763 91//763 166//763
f 53//764 166//764 161//764
f 165//765 159//765 86//765
f 102//766 90//766 159//766
f 148//767 184//767 183//767
f 160//768 168//768 162//768
f 136//769 135//769 127//769
f 164//770 133//770 135//770
f 135//771 174//771 164//771
f 170//772 128//772 164//772
f 170//773 164//773 174//773
f 170//774 174//774 169//774
f 172//775 134//775 163//775
f 173//776 176//776 135//776
f 176//777 177//777 174//777
f 170//778 177//778 176//778
f 177//779 178//779 175//779
f 9//780 11//780 8//780
f 183//781 165//781 166//781
f 172//782 144//782 134//782
f 144//783 179//783 136//783
f 179//784 180//784 136//784
f 180//785 176//785 173//785
f 181//786 172//786 163//786
f 186//787 167//787 171//787
f 188//788 181//788 180//788
f 198//789 197//789 196//789
f 189//790 184//790 181//790
f 148//791 155//791 172//791
f 188//792 180//792 179//792
f 182//793 190//793 187//793
f 189//794 181//794 188//794
f 191//795 190//795 182//795
f 96//796 168//796 160//796
f 195//797 99//797 102//797
f 178//798 196//798 175//798
f 169//799 196//799 177//799
f 204//800 200//800 205//800
f 178//801 198//801 196//801
f 197//802 182//802 178//802
f 200//803 199//803 198//803
f 198//804 178//804 187//804
f 208//805 200//805 198//805
f 209//806 205//806 200//806
f 206//807 203//807 202//807
f 208//808 213//808 205//808
f 208//809 198//809 488//809
f 208//810 205//810 209//810
f 205//811 210//811 204//811
f 204//812 191//812 182//812
f 216//813 206//813 211//813
f 210//814 205//814 213//814
f 193//815 191//815 214//815
f 215//816 203//816 201//816
f 215//817 201//817 206//817
f 223//818 234//818 229//818
f 219//819 216//819 211//819
f 218//820 216//820 219//820
f 222//821 221//821 225//821
f 253//822 234//822 224//822
f 226//823 51//823 46//823
f 237//824 241//824 54//824
f 229//825 225//825 223//825
f 227//826 225//826 229//826
f 231//827 230//827 228//827
f 234//828 232//828 229//828
f 278//829 227//829 233//829
f 235//830 4//830 11//830
f 235//831 32//831 60//831
f 236//832 61//832 70//832
f 72//833 235//833 236//833
f 71//834 237//834 235//834
f 238//835 84//835 85//835
f 238//836 239//836 237//836
f 251//837 254//837 252//837
f 239//838 85//838 242//838
f 263//839 227//839 243//839
f 103//840 96//840 98//840
f 246//841 98//841 101//841
f 248//842 247//842 246//842
f 249//843 252//843 250//843
f 222//844 253//844 224//844
f 250//845 254//845 253//845
f 250//846 222//846 251//846
f 222//847 225//847 227//847
f 264//848 262//848 244//848
f 258//849 257//849 260//849
f 258//850 260//850 257//850
f 254//851 259//851 253//851
f 261//852 251//852 227//852
f 253//853 261//853 240//853
f 259//854 261//854 253//854
f 261//855 259//855 251//855
f 266//856 261//856 263//856
f 275//857 267//857 268//857
f 265//858 268//858 264//858
f 269//859 256//859 266//859
f 269//860 266//860 262//860
f 270//861 269//861 262//861
f 255//862 271//862 276//862
f 264//863 245//863 265//863
f 268//864 274//864 275//864
f 276//865 359//865 266//865
f 275//866 276//866 269//866
f 287//867 282//867 291//867
f 271//868 269//868 276//868
f 233//869 232//869 277//869
f 279//870 277//870 232//870
f 234//871 280//871 279//871
f 278//872 233//872 277//872
f 280//873 282//873 279//873
f 278//874 281//874 285//874
f 279//875 282//875 281//875
f 283//876 141//876 142//876
f 284//877 142//877 140//877
f 285//878 142//878 284//878
f 284//879 278//879 285//879
f 286//880 290//880 293//880
f 283//881 288//881 152//881
f 289//882 288//882 283//882
f 286//883 283//883 285//883
f 286//884 293//884 289//884
f 291//885 294//885 293//885
f 292//886 156//886 288//886
f 293//887 292//887 289//887
f 291//888 293//888 290//888
f 297//889 284//889 140//889
f 293//890 295//890 292//890
f 242//891 93//891 162//891
f 239//892 242//892 241//892
f 301//893 243//893 278//893
f 244//894 263//894 243//894
f 244//895 243//895 298//895
f 299//896 242//896 162//896
f 300//897 297//897 241//897
f 243//898 301//898 300//898
f 302//899 282//899 280//899
f 311//900 245//900 298//900
f 299//901 162//901 168//901
f 309//902 298//902 300//902
f 306//903 299//903 168//903
f 241//904 307//904 300//904
f 301//905 305//905 300//905
f 282//906 302//906 308//906
f 308//907 316//907 320//907
f 310//908 303//908 311//908
f 304//909 102//909 167//909
f 282//910 308//910 291//910
f 308//911 311//911 309//911
f 312//912 313//912 306//912
f 313//913 309//913 306//913
f 339//914 314//914 312//914
f 315//915 186//915 185//915
f 315//916 304//916 186//916
f 308//917 320//917 291//917
f 322//918 316//918 312//918
f 312//919 316//919 313//919
f 319//920 304//920 315//920
f 315//921 605//921 319//921
f 317//922 322//922 312//922
f 351//923 304//923 319//923
f 323//924 322//924 317//924
f 327//925 353//925 319//925
f 314//926 332//926 323//926
f 192//927 315//927 189//927
f 318//928 315//928 192//928
f 605//929 325//929 319//929
f 322//930 328//930 326//930
f 324//931 294//931 320//931
f 326//932 321//932 322//932
f 100//933 333//933 248//933
f 323//934 329//934 328//934
f 328//935 330//935 327//935
f 332//936 331//936 329//936
f 332//937 329//937 323//937
f 195//938 336//938 337//938
f 248//939 101//939 100//939
f 248//940 334//940 247//940
f 335//941 247//941 334//941
f 335//942 334//942 338//942
f 339//943 168//943 336//943
f 334//944 248//944 333//944
f 337//945 338//945 333//945
f 337//946 335//946 338//946
f 304//947 195//947 102//947
f 306//948 168//948 339//948
f 339//949 351//949 314//949
f 345//950 347//950 344//950
f 203//951 350//951 202//951
f 348//952 342//952 347//952
f 202//953 350//953 207//953
f 353//954 344//954 352//954
f 354//955 356//955 349//955
f 353//956 348//956 345//956
f 352//957 351//957 319//957
f 353//958 352//958 319//958
f 245//959 303//959 272//959
f 356//960 207//960 349//960
f 211//961 207//961 356//961
f 358//962 357//962 355//962
f 217//963 216//963 218//963
f 355//964 217//964 358//964
f 303//965 274//965 272//965
f 274//966 265//966 272//966
f 302//967 273//967 310//967
f 273//968 359//968 310//968
f 381//969 378//969 377//969
f 368//970 332//970 360//970
f 362//971 363//971 360//971
f 364//972 381//972 353//972
f 367//973 365//973 366//973
f 368//974 673//974 332//974
f 370//975 347//975 342//975
f 378//976 373//976 342//976
f 370//977 371//977 346//977
f 374//978 346//978 371//978
f 373//979 372//979 370//979
f 372//980 373//980 375//980
f 348//981 377//981 342//981
f 361//982 314//982 346//982
f 380//983 376//983 375//983
f 380//984 375//984 373//984
f 376//985 379//985 374//985
f 379//986 362//986 361//986
f 353//987 377//987 348//987
f 362//988 360//988 361//988
f 362//989 380//989 381//989
f 383//990 385//990 386//990
f 382//991 379//991 380//991
f 363//992 362//992 381//992
f 394//993 105//993 415//993
f 388//994 387//994 389//994
f 105//995 392//995 393//995
f 394//996 392//996 104//996
f 404//997 406//997 403//997
f 105//998 395//998 415//998
f 393//999 395//999 105//999
f 397//1000 390//1000 391//1000
f 401//1001 400//1001 399//1001
f 398//1002 404//1002 402//1002
f 419//1003 417//1003 442//1003
f 399//1004 404//1004 398//1004
f 408//1005 404//1005 403//1005
f 404//1006 408//1006 402//1006
f 405//1007 398//1007 402//1007
f 409//1008 407//1008 403//1008
f 410//1009 409//1009 403//1009
f 411//1010 405//1010 408//1010
f 406//1011 410//1011 403//1011
f 412//1012 406//1012 399//1012
f 451//1013 411//1013 412//1013
f 414//1014 408//1014 407//1014
f 409//1015 413//1015 407//1015
f 409//1016 410//1016 414//1016
f 395//1017 393//1017 396//1017
f 420//1018 395//1018 396//1018
f 417//1019 416//1019 395//1019
f 428//1020 420//1020 394//1020
f 394//1021 415//1021 421//1021
f 428//1022 394//1022 421//1022
f 433//1023 432//1023 422//1023
f 416//1024 423//1024 421//1024
f 424//1025 416//1025 417//1025
f 429//1026 422//1026 428//1026
f 423//1027 429//1027 421//1027
f 423//1028 399//1028 398//1028
f 432//1029 430//1029 422//1029
f 425//1030 423//1030 424//1030
f 433//1031 422//1031 429//1031
f 438//1032 443//1032 440//1032
f 436//1033 435//1033 434//1033
f 417//1034 395//1034 438//1034
f 459//1035 452//1035 457//1035
f 419//1036 442//1036 437//1036
f 438//1037 395//1037 420//1037
f 420//1038 439//1038 438//1038
f 430//1039 437//1039 442//1039
f 474//1040 419//1040 430//1040
f 440//1041 443//1041 422//1041
f 422//1042 441//1042 440//1042
f 430//1043 441//1043 422//1043
f 158//1044 444//1044 149//1044
f 157//1045 154//1045 446//1045
f 448//1046 444//1046 383//1046
f 450//1047 400//1047 401//1047
f 448//1048 383//1048 386//1048
f 451//1049 412//1049 400//1049
f 400//1050 450//1050 451//1050
f 452//1051 451//1051 450//1051
f 448//1052 386//1052 454//1052
f 449//1053 448//1053 454//1053
f 386//1054 385//1054 454//1054
f 452//1055 453//1055 451//1055
f 452//1056 450//1056 457//1056
f 449//1057 454//1057 456//1057
f 463//1058 155//1058 157//1058
f 460//1059 453//1059 452//1059
f 458//1060 453//1060 460//1060
f 454//1061 461//1061 456//1061
f 462//1062 461//1062 454//1062
f 467//1063 157//1063 446//1063
f 193//1064 194//1064 192//1064
f 468//1065 495//1065 478//1065
f 464//1066 191//1066 192//1066
f 426//1067 424//1067 418//1067
f 470//1068 426//1068 418//1068
f 469//1069 465//1069 467//1069
f 471//1070 425//1070 426//1070
f 471//1071 447//1071 401//1071
f 469//1072 467//1072 473//1072
f 464//1073 192//1073 469//1073
f 475//1074 474//1074 480//1074
f 425//1075 471//1075 401//1075
f 475//1076 472//1076 426//1076
f 477//1077 473//1077 472//1077
f 469//1078 473//1078 477//1078
f 480//1079 432//1079 431//1079
f 476//1080 480//1080 479//1080
f 483//1081 469//1081 477//1081
f 451//1082 479//1082 433//1082
f 479//1083 431//1083 433//1083
f 479//1084 480//1084 431//1084
f 483//1085 477//1085 481//1085
f 484//1086 469//1086 483//1086
f 482//1087 484//1087 485//1087
f 486//1088 484//1088 483//1088
f 210//1089 489//1089 491//1089
f 491//1090 492//1090 214//1090
f 492//1091 468//1091 466//1091
f 492//1092 466//1092 214//1092
f 490//1093 488//1093 482//1093
f 482//1094 488//1094 464//1094
f 491//1095 493//1095 495//1095
f 212//1096 490//1096 494//1096
f 493//1097 502//1097 536//1097
f 493//1098 498//1098 495//1098
f 496//1099 494//1099 482//1099
f 493//1100 536//1100 498//1100
f 495//1101 631//1101 478//1101
f 498//1102 497//1102 495//1102
f 213//1103 499//1103 489//1103
f 501//1104 493//1104 489//1104
f 501//1105 489//1105 499//1105
f 501//1106 499//1106 500//1106
f 501//1107 500//1107 502//1107
f 502//1108 494//1108 503//1108
f 458//1109 517//1109 514//1109
f 455//1110 511//1110 459//1110
f 504//1111 460//1111 459//1111
f 459//1112 506//1112 504//1112
f 506//1113 458//1113 504//1113
f 462//1114 507//1114 461//1114
f 507//1115 505//1115 461//1115
f 508//1116 458//1116 506//1116
f 509//1117 506//1117 507//1117
f 511//1118 455//1118 510//1118
f 505//1119 506//1119 511//1119
f 512//1120 511//1120 510//1120
f 512//1121 505//1121 511//1121
f 516//1122 485//1122 486//1122
f 521//1123 516//1123 514//1123
f 497//1124 515//1124 631//1124
f 508//1125 487//1125 517//1125
f 530//1126 534//1126 513//1126
f 514//1127 517//1127 519//1127
f 539//1128 520//1128 515//1128
f 520//1129 519//1129 515//1129
f 519//1130 526//1130 521//1130
f 520//1131 561//1131 523//1131
f 527//1132 525//1132 528//1132
f 527//1133 567//1133 552//1133
f 529//1134 530//1134 533//1134
f 530//1135 513//1135 533//1135
f 531//1136 560//1136 559//1136
f 531//1137 559//1137 534//1137
f 494//1138 496//1138 537//1138
f 541//1139 496//1139 485//1139
f 496//1140 541//1140 537//1140
f 538//1141 503//1141 537//1141
f 498//1142 539//1142 497//1142
f 541//1143 516//1143 518//1143
f 543//1144 538//1144 537//1144
f 539//1145 544//1145 522//1145
f 547//1146 545//1146 541//1146
f 542//1147 548//1147 549//1147
f 550//1148 541//1148 546//1148
f 546//1149 525//1149 527//1149
f 548//1150 543//1150 545//1150
f 544//1151 549//1151 551//1151
f 554//1152 545//1152 547//1152
f 549//1153 554//1153 553//1153
f 548//1154 545//1154 554//1154
f 569//1155 561//1155 555//1155
f 567//1156 528//1156 562//1156
f 559//1157 533//1157 532//1157
f 559//1158 529//1158 533//1158
f 561//1159 566//1159 565//1159
f 558//1160 559//1160 532//1160
f 529//1161 563//1161 562//1161
f 535//1162 563//1162 560//1162
f 564//1163 533//1163 557//1163
f 564//1164 558//1164 533//1164
f 535//1165 565//1165 563//1165
f 567//1166 556//1166 552//1166
f 568//1167 553//1167 556//1167
f 555//1168 568//1168 569//1168
f 555//1169 553//1169 568//1169
f 568//1170 556//1170 567//1170
f 570//1171 568//1171 567//1171
f 571//1172 570//1172 563//1172
f 571//1173 569//1173 568//1173
f 575//1174 220//1174 156//1174
f 571//1175 563//1175 566//1175
f 384//1176 383//1176 220//1176
f 581//1177 580//1177 582//1177
f 294//1178 583//1178 577//1178
f 578//1179 576//1179 295//1179
f 296//1180 578//1180 295//1180
f 296//1181 577//1181 578//1181
f 296//1182 294//1182 577//1182
f 576//1183 580//1183 579//1183
f 579//1184 572//1184 575//1184
f 590//1185 596//1185 595//1185
f 577//1186 582//1186 580//1186
f 584//1187 572//1187 581//1187
f 583//1188 586//1188 582//1188
f 586//1189 588//1189 582//1189
f 588//1190 589//1190 585//1190
f 591//1191 588//1191 586//1191
f 589//1192 593//1192 584//1192
f 598//1193 600//1193 592//1193
f 574//1194 507//1194 462//1194
f 595//1195 599//1195 590//1195
f 606//1196 613//1196 607//1196
f 605//1197 318//1197 603//1197
f 325//1198 605//1198 604//1198
f 294//1199 610//1199 583//1199
f 326//1200 325//1200 321//1200
f 329//1201 607//1201 328//1201
f 330//1202 328//1202 607//1202
f 602//1203 466//1203 608//1203
f 603//1204 609//1204 604//1204
f 609//1205 321//1205 604//1205
f 324//1206 609//1206 610//1206
f 607//1207 329//1207 606//1207
f 619//1208 615//1208 623//1208
f 613//1209 330//1209 607//1209
f 602//1210 608//1210 614//1210
f 615//1211 609//1211 611//1211
f 468//1212 617//1212 614//1212
f 620//1213 602//1213 614//1213
f 610//1214 618//1214 622//1214
f 609//1215 619//1215 618//1215
f 619//1216 623//1216 614//1216
f 626//1217 617//1217 625//1217
f 615//1218 624//1218 623//1218
f 611//1219 627//1219 615//1219
f 626//1220 632//1220 618//1220
f 583//1221 622//1221 587//1221
f 615//1222 627//1222 624//1222
f 611//1223 628//1223 627//1223
f 597//1224 629//1224 632//1224
f 620//1225 634//1225 621//1225
f 629//1226 622//1226 632//1226
f 640//1227 624//1227 627//1227
f 592//1228 591//1228 629//1228
f 631//1229 635//1229 625//1229
f 641//1230 634//1230 620//1230
f 592//1231 629//1231 639//1231
f 487//1232 635//1232 631//1232
f 595//1233 596//1233 635//1233
f 633//1234 640//1234 638//1234
f 647//1235 649//1235 648//1235
f 597//1236 600//1236 639//1236
f 636//1237 634//1237 642//1237
f 592//1238 721//1238 598//1238
f 219//1239 211//1239 356//1239
f 466//1240 645//1240 356//1240
f 354//1241 603//1241 318//1241
f 647//1242 603//1242 354//1242
f 647//1243 354//1243 357//1243
f 647//1244 357//1244 358//1244
f 645//1245 466//1245 602//1245
f 645//1246 648//1246 646//1246
f 648//1247 651//1247 647//1247
f 651//1248 650//1248 647//1248
f 647//1249 652//1249 603//1249
f 650//1250 652//1250 647//1250
f 628//1251 654//1251 621//1251
f 651//1252 655//1252 653//1252
f 645//1253 602//1253 654//1253
f 648//1254 645//1254 655//1254
f 651//1255 658//1255 650//1255
f 652//1256 628//1256 611//1256
f 656//1257 658//1257 660//1257
f 657//1258 645//1258 654//1258
f 655//1259 645//1259 657//1259
f 659//1260 653//1260 655//1260
f 630//1261 628//1261 634//1261
f 664//1262 660//1262 663//1262
f 634//1263 636//1263 630//1263
f 662//1264 660//1264 658//1264
f 674//1265 676//1265 677//1265
f 665//1266 666//1266 358//1266
f 667//1267 358//1267 666//1267
f 649//1268 667//1268 666//1268
f 598//1269 670//1269 601//1269
f 671//1270 331//1270 332//1270
f 673//1271 364//1271 330//1271
f 673//1272 672//1272 332//1272
f 368//1273 674//1273 673//1273
f 369//1274 363//1274 364//1274
f 675//1275 369//1275 364//1275
f 331//1276 612//1276 606//1276
f 671//1277 612//1277 331//1277
f 672//1278 330//1278 613//1278
f 616//1279 671//1279 613//1279
f 677//1280 675//1280 674//1280
f 679//1281 369//1281 675//1281
f 679//1282 678//1282 676//1282
f 677//1283 676//1283 678//1283
f 680//1284 675//1284 677//1284
f 680//1285 678//1285 679//1285
f 616//1286 612//1286 669//1286
f 700//1287 599//1287 701//1287
f 682//1288 681//1288 683//1288
f 689//1289 685//1289 659//1289
f 686//1290 688//1290 684//1290
f 689//1291 659//1291 664//1291
f 661//1292 690//1292 689//1292
f 690//1293 686//1293 685//1293
f 688//1294 686//1294 690//1294
f 688//1295 690//1295 687//1295
f 692//1296 684//1296 651//1296
f 691//1297 692//1297 651//1297
f 693//1298 653//1298 659//1298
f 693//1299 691//1299 668//1299
f 694//1300 695//1300 693//1300
f 693//1301 695//1301 691//1301
f 694//1302 693//1302 659//1302
f 695//1303 694//1303 692//1303
f 694//1304 686//1304 684//1304
f 698//1305 696//1305 697//1305
f 698//1306 697//1306 696//1306
f 682//1307 683//1307 681//1307
f 699//1308 508//1308 509//1308
f 599//1309 509//1309 594//1309
f 595//1310 701//1310 599//1310
f 700//1311 704//1311 509//1311
f 600//1312 601//1312 702//1312
f 705//1313 704//1313 703//1313
f 699//1314 509//1314 704//1314
f 701//1315 703//1315 700//1315
f 705//1316 703//1316 701//1316
f 711//1317 705//1317 713//1317
f 715//1318 709//1318 712//1318
f 704//1319 707//1319 712//1319
f 707//1320 714//1320 712//1320
f 711//1321 714//1321 710//1321
f 720//1322 639//1322 600//1322
f 717//1323 712//1323 714//1323
f 641//1324 638//1324 637//1324
f 701//1325 718//1325 706//1325
f 725//1326 756//1326 721//1326
f 723//1327 487//1327 699//1327
f 635//1328 723//1328 718//1328
f 635//1329 487//1329 723//1329
f 725//1330 721//1330 720//1330
f 643//1331 724//1331 719//1331
f 722//1332 724//1332 644//1332
f 725//1333 720//1333 702//1333
f 727//1334 642//1334 726//1334
f 642//1335 641//1335 726//1335
f 730//1336 728//1336 734//1336
f 723//1337 699//1337 704//1337
f 733//1338 729//1338 723//1338
f 729//1339 708//1339 706//1339
f 722//1340 741//1340 728//1340
f 735//1341 727//1341 726//1341
f 736//1342 733//1342 709//1342
f 733//1343 736//1343 729//1343
f 708//1344 729//1344 736//1344
f 740//1345 730//1345 734//1345
f 737//1346 731//1346 730//1346
f 737//1347 726//1347 731//1347
f 735//1348 726//1348 739//1348
f 709//1349 743//1349 736//1349
f 741//1350 742//1350 739//1350
f 735//1351 742//1351 741//1351
f 741//1352 739//1352 737//1352
f 741//1353 745//1353 728//1353
f 745//1354 737//1354 744//1354
f 708//1355 736//1355 743//1355
f 737//1356 738//1356 744//1356
f 738//1357 745//1357 746//1357
f 738//1358 746//1358 744//1358
f 749//1359 752//1359 735//1359
f 748//1360 664//1360 663//1360
f 747//1361 664//1361 748//1361
f 749//1362 735//1362 739//1362
f 750//1363 749//1363 739//1363
f 752//1364 750//1364 742//1364
f 735//1365 752//1365 742//1365
f 662//1366 762//1366 761//1366
f 670//1367 755//1367 601//1367
f 753//1368 755//1368 670//1368
f 757//1369 702//1369 755//1369
f 758//1370 755//1370 754//1370
f 753//1371 758//1371 754//1371
f 758//1372 757//1372 755//1372
f 757//1373 759//1373 702//1373
f 758//1374 760//1374 757//1374
f 760//1375 759//1375 757//1375
f 759//1376 758//1376 756//1376
f 759//1377 725//1377 702//1377
f 747//1378 689//1378 664//1378
f 712//1379 774//1379 770//1379
f 662//1380 763//1380 663//1380
f 761//1381 763//1381 662//1381
f 762//1382 764//1382 761//1382
f 763//1383 765//1383 748//1383
f 761//1384 765//1384 763//1384
f 764//1385 747//1385 748//1385
f 768//1386 766//1386 767//1386
f 770//1387 715//1387 712//1387
f 773//1388 557//1388 513//1388
f 717//1389 774//1389 772//1389
f 716//1390 743//1390 771//1390
f 713//1391 770//1391 774//1391
f 775//1392 745//1392 744//1392
f 773//1393 564//1393 557//1393
f 775//1394 744//1394 746//1394
f 236//1395 9//1395 10//1395
f 27//1396 28//1396 23//1396
f 36//1397 31//1397 226//1397
f 43//1398 38//1398 40//1398
f 44//1399 40//1399 41//1399
f 47//1400 44//1400 48//1400
f 3//1401 32//1401 4//1401
f 64//1402 58//1402 59//1402
f 37//1403 46//1403 83//1403
f 50//1404 48//1404 77//1404
f 77//1405 89//1405 86//1405
f 89//1406 49//1406 50//1406
f 119//1407 121//1407 114//1407
f 30//1408 130//1408 129//1408
f 127//1409 133//1409 129//1409
f 123//1410 136//1410 124//1410
f 132//1411 137//1411 30//1411
f 54//1412 140//1412 139//1412
f 151//1413 152//1413 156//1413
f 128//1414 163//1414 134//1414
f 165//1415 138//1415 91//1415
f 53//1416 143//1416 166//1416
f 148//1417 181//1417 184//1417
f 9//1418 236//1418 11//1418
f 198//1419 199//1419 197//1419
f 204//1420 199//1420 200//1420
f 208//1421 209//1421 200//1421
f 208//1422 212//1422 213//1422
f 216//1423 215//1423 206//1423
f 223//1424 224//1424 234//1424
f 237//1425 239//1425 241//1425
f 251//1426 259//1426 254//1426
f 264//1427 267//1427 262//1427
f 275//1428 270//1428 267//1428
f 255//1429 256//1429 271//1429
f 287//1430 281//1430 282//1430
f 286//1431 287//1431 290//1431
f 291//1432 320//1432 294//1432
f 297//1433 305//1433 284//1433
f 309//1434 311//1434 298//1434
f 308//1435 313//1435 316//1435
f 322//1436 321//1436 316//1436
f 315//1437 318//1437 605//1437
f 322//1438 323//1438 328//1438
f 100//1439 195//1439 333//1439
f 195//1440 340//1440 336//1440
f 339//1441 341//1441 351//1441
f 345//1442 348//1442 347//1442
f 203//1443 355//1443 350//1443
f 353//1444 345//1444 344//1444
f 354//1445 194//1445 356//1445
f 245//1446 311//1446 303//1446
f 381//1447 373//1447 378//1447
f 380//1448 379//1448 376//1448
f 379//1449 382//1449 362//1449
f 362//1450 382//1450 380//1450
f 383//1451 384//1451 385//1451
f 394//1452 104//1452 105//1452
f 404//1453 399//1453 406//1453
f 419//1454 418//1454 417//1454
f 428//1455 422//1455 420//1455
f 433//1456 431//1456 432//1456
f 438//1457 439//1457 443//1457
f 459//1458 460//1458 452//1458
f 463//1459 188//1459 155//1459
f 467//1460 463//1460 157//1460
f 468//1461 492//1461 495//1461
f 493//1462 501//1462 502//1462
f 458//1463 508//1463 517//1463
f 521//1464 518//1464 516//1464
f 530//1465 531//1465 534//1465
f 531//1466 535//1466 560//1466
f 561//1467 569//1467 566//1467
f 575//1468 384//1468 220//1468
f 581//1469 579//1469 580//1469
f 590//1470 588//1470 596//1470
f 598//1471 601//1471 600//1471
f 606//1472 612//1472 613//1472
f 619//1473 609//1473 615//1473
f 626//1474 619//1474 617//1474
f 626//1475 625//1475 632//1475
f 597//1476 639//1476 629//1476
f 641//1477 642//1477 634//1477
f 647//1478 667//1478 649//1478
f 648//1479 655//1479 651//1479
f 628//1480 656//1480 654//1480
f 652//1481 656//1481 628//1481
f 656//1482 652//1482 658//1482
f 664//1483 657//1483 660//1483
f 674//1484 368//1484 676//1484
f 616//1485 669//1485 671//1485
f 700//1486 509//1486 599//1486
f 700//1487 703//1487 704//1487
f 705//1488 707//1488 704//1488
f 711//1489 707//1489 705//1489
f 715//1490 716//1490 709//1490
f 720//1491 721//1491 639//1491
f 701//1492 595//1492 718//1492
f 727//1493 636//1493 642//1493
f 730//1494 732//1494 728//1494
f 722//1495 735//1495 741//1495
f 709//1496 771//1496 743//1496
f 745//1497 741//1497 737//1497
f 738//1498 728//1498 745//1498
f 749//1499 751//1499 752//1499
f 662//1500 689//1500 762//1500
f 747//1501 762//1501 689//1501
f 712//1502 772//1502 774//1502
f 717//1503 713//1503 774//1503
f 716//1504 708//1504 743//1504
