# Blender 5.2.2 LTS
# www.blender.org
o tmp
v -1.601503 -0.244331 -0.000468
v -1.500107 -0.369412 -0.006582
v -1.426274 -0.433265 -0.003164
v -1.578339 -0.170591 -0.001045
v -1.606694 -0.142115 -0.002265
v -2.002403 -0.429699 0.101829
v -1.999255 -0.397752 0.099329
v -1.928816 -0.599870 0.148857
v -1.904010 -0.623895 0.153006
v -1.908777 -0.592628 0.121110
v -1.839430 -0.657537 0.156443
v -1.858286 -0.631457 0.128108
v -1.864968 -0.634390 0.151976
v -1.859457 -0.612944 0.129437
v -1.825979 -0.705189 0.176506
v -1.825673 -0.677273 0.180730
v -1.814797 -0.640138 0.137136
v -1.836471 -0.593975 0.093039
v -1.838239 -0.594443 0.104334
v -1.800290 -0.727453 0.174954
v -1.800977 -0.724774 0.175000
v -1.798833 -0.682269 0.151228
v -1.797678 -0.667598 0.149424
v -1.810941 -0.659461 0.160684
v -1.787434 -0.629127 0.106769
v -1.981744 -0.449247 0.102411
v -1.994677 -0.429531 0.100944
v -1.949235 -0.526062 0.125427
v -1.958478 -0.474577 0.096017
v -1.956601 -0.435978 0.070206
v -1.960750 -0.462635 0.101786
v -1.958402 -0.433513 0.083318
v -1.929854 -0.553800 0.104604
v -1.929673 -0.544295 0.124082
v -1.921660 -0.513338 0.088114
v -1.950482 -0.500686 0.124236
v -1.912703 -0.588574 0.136670
v -1.913243 -0.562168 0.111900
v -1.886368 -0.520070 0.073257
v -1.900667 -0.497661 0.089146
v -1.885374 -0.572186 0.102536
v -1.867975 -0.594844 0.122234
v -1.867256 -0.527064 0.097061
v -1.909375 -0.392992 0.063336
v -1.810833 -0.457426 0.045579
v -1.850238 -0.418786 0.072530
v -1.809487 -0.565791 0.072262
v -1.851933 -0.548316 0.084161
v -1.791141 -0.578748 0.096949
v -1.974095 -0.325866 0.076967
v -1.962207 -0.340747 0.070220
v -1.936602 -0.387781 0.074327
v -1.918944 -0.331307 0.043212
v -1.918746 -0.338001 0.055460
v -1.947828 -0.298857 0.074474
v -1.933333 -0.288743 0.055359
v -1.920242 -0.271332 0.050215
v -1.902702 -0.378846 0.049569
v -1.906904 -0.306859 0.062169
v -1.897343 -0.237846 0.053741
v -1.883071 -0.397542 0.074967
v -1.874246 -0.357207 0.066281
v -1.891034 -0.237685 0.044209
v -1.874982 -0.193088 0.052008
v -1.863105 -0.260786 0.045063
v -1.859188 -0.215542 0.054300
v -1.846505 -0.209619 0.038262
v -1.823863 -0.304171 0.031601
v -1.836021 -0.259795 0.035584
v -1.835025 -0.225304 0.019711
v -1.810594 -0.266907 0.043768
v -1.856988 -0.167231 0.050607
v -1.831692 -0.172411 0.027985
v -1.834599 -0.161888 0.049492
v -1.805143 -0.174641 0.035989
v -1.827655 -0.144842 0.053159
v -1.803222 -0.147679 0.027823
v -1.805565 0.000430 0.100017
v -1.705535 -0.804841 0.204568
v -1.594993 -0.802522 0.200484
v -1.784120 -0.752235 0.176710
v -1.783764 -0.701806 0.150208
v -1.799602 -0.724774 0.174907
v -1.775839 -0.661264 0.122261
v -1.765486 -0.604301 0.108337
v -1.789750 -0.631398 0.128075
v -1.759426 -0.733661 0.155189
v -1.766376 -0.710797 0.153610
v -1.760337 -0.674450 0.132030
v -1.700262 -0.742755 0.176587
v -1.717679 -0.717437 0.133975
v -1.732790 -0.639176 0.124143
v -1.708732 -0.646146 0.090409
v -1.714373 -0.567932 0.062774
v -1.709845 -0.766565 0.175999
v -1.674768 -0.650943 0.128304
v -1.664560 -0.807016 0.194005
v -1.678403 -0.791420 0.206043
v -1.632903 -0.754465 0.168222
v -1.600809 -0.758628 0.136723
v -1.596809 -0.668607 0.081863
v -1.657252 -0.570286 0.100800
v -1.551597 -0.750346 0.167032
v -1.581410 -0.628227 0.099547
v -1.778962 -0.505549 0.056175
v -1.748852 -0.523861 0.077463
v -1.753629 -0.459443 0.070053
v -1.695005 -0.367254 0.055672
v -1.666963 -0.441921 0.059783
v -1.666300 -0.506323 0.075957
v -1.708844 -0.452506 0.025257
v -1.573261 -0.575030 0.091549
v -1.566710 -0.529314 0.019856
v -1.573810 -0.611988 0.058503
v -1.784084 -0.326540 0.055157
v -1.722488 -0.316091 0.008652
v -1.707643 -0.200064 0.031238
v -1.783545 -0.181108 0.013428
v -1.579893 -0.345026 -0.001676
v -1.648388 -0.367954 0.047693
v -1.636284 -0.233271 0.032961
v -1.794919 -0.002406 0.100873
v -1.759711 -0.123364 0.019755
v -1.766911 -0.136642 0.031228
v -1.716179 -0.194353 0.013293
v -1.727139 -0.096713 0.022855
v -1.663618 -0.151032 -0.000606
v -1.736584 -0.115925 0.034520
v -1.599276 -0.154335 0.020891
v -1.551531 -0.093080 0.025737
v -1.496576 -0.806308 0.198276
v -1.457513 -0.831079 0.203618
v -1.453130 -0.806908 0.180207
v -1.375009 -0.825282 0.201181
v -1.420679 -0.788102 0.165642
v -1.402119 -0.813348 0.195065
v -1.468926 -0.808991 0.209159
v -1.507642 -0.826421 0.224244
v -1.507642 -0.819845 0.225308
v -1.493647 -0.823133 0.224776
v -1.414005 -0.802020 0.209488
v -1.601588 -0.671681 0.115078
v -1.544213 -0.646252 0.111794
v -1.496809 -0.788678 0.206668
v -1.504255 -0.752520 0.149604
v -1.518750 -0.701457 0.110360
v -1.503377 -0.623915 0.061087
v -1.496410 -0.729162 0.139465
v -1.482652 -0.754192 0.164855
v -1.449651 -0.789114 0.201355
v -1.450060 -0.703824 0.140806
v -1.408406 -0.689633 0.105073
v -1.426355 -0.620765 0.105459
v -1.396365 -0.759344 0.172325
v -1.403118 -0.722329 0.122248
v -1.400766 -0.726341 0.140182
v -1.442255 -0.573117 0.035076
v -1.410678 -0.787708 0.187945
v -1.401512 -0.681579 0.120360
v -1.486563 -0.404939 0.041965
v -1.537305 -0.452388 -0.003189
v -1.493588 -0.492961 0.062310
v -1.448065 -0.496550 0.007886
v -1.382096 -0.529361 0.070389
v -1.411584 -0.473117 0.045840
v -1.356277 -0.448079 0.040389
v -1.562353 -0.351471 0.043208
v -1.533621 -0.192011 0.031638
v -1.546079 -0.237321 0.005454
v -1.505600 -0.181288 0.013931
v -1.476427 -0.243492 0.044748
v -1.448037 -0.345713 0.041600
v -1.395000 -0.228464 0.025603
v -1.571342 -0.113692 0.031965
v -1.534245 -0.115897 0.019988
v -1.522267 -0.117261 0.033750
v -1.490583 -0.136009 0.039233
v -1.506546 -0.131864 0.044672
v -1.503992 -0.096003 0.052404
v -1.462831 -0.177970 0.024751
v -1.487125 -0.159723 0.025660
v -1.439095 -0.136273 0.050397
v -1.448787 -0.100867 0.048939
v -1.423198 -0.198739 0.025297
v -1.419038 -0.158935 0.049527
v -1.437999 -0.113303 0.052833
v -1.398463 -0.125147 0.047800
v -1.320174 -0.801190 0.200830
v -1.385907 -0.809913 0.202383
v -1.380427 -0.790353 0.180669
v -1.349392 -0.776610 0.201152
v -1.318506 -0.755406 0.155834
v -1.352337 -0.703621 0.145119
v -1.368754 -0.648817 0.122398
v -1.298250 -0.619625 0.081967
v -1.337340 -0.753365 0.182062
v -1.313843 -0.763428 0.179676
v -1.271996 -0.672759 0.111259
v -1.300114 -0.697905 0.145322
v -1.310975 -0.645210 0.118209
v -1.269719 -0.753359 0.177326
v -1.260911 -0.733818 0.158480
v -1.265517 -0.737854 0.179139
v -1.299215 -0.592324 0.101259
v -1.239635 -0.680472 0.126715
v -1.246177 -0.655275 0.130041
v -1.221553 -0.726357 0.176891
v -1.229100 -0.705583 0.177152
v -1.201540 -0.594056 0.094702
v -1.199625 -0.702387 0.176143
v -1.189958 -0.667395 0.163286
v -1.187464 -0.657501 0.178270
v -1.193680 -0.622680 0.152629
v -1.199207 -0.581627 0.120803
v -1.378000 -0.389813 0.045039
v -1.349995 -0.536062 0.032252
v -1.315775 -0.489244 0.059280
v -1.315425 -0.471099 0.024360
v -1.280048 -0.494805 0.039493
v -1.292301 -0.423465 0.043411
v -1.280621 -0.431582 0.052223
v -1.314846 -0.379360 0.024628
v -1.222832 -0.545549 0.067995
v -1.265015 -0.567727 0.104066
v -1.251026 -0.517232 0.050983
v -1.239448 -0.493779 0.064114
v -1.227648 -0.451449 0.049536
v -1.204946 -0.529008 0.090538
v -1.190562 -0.481628 0.075732
v -1.210348 -0.389162 0.050014
v -1.311023 -0.327976 0.023088
v -1.362386 -0.264038 0.027947
v -1.391165 -0.194034 0.048858
v -1.342662 -0.212823 0.048944
v -1.337596 -0.304513 0.033903
v -1.319489 -0.264798 0.025726
v -1.295014 -0.314780 0.054078
v -1.298736 -0.241174 0.022981
v -1.224401 -0.367241 0.055254
v -1.252556 -0.297053 0.049622
v -1.291151 -0.200976 0.051813
v -1.228151 -0.364664 0.047047
v -1.234044 -0.339281 0.046753
v -1.209840 -0.289557 0.023508
v -1.238768 -0.263958 0.034735
v -1.275273 -0.217497 0.027546
v -1.221092 -0.328314 0.047758
v -1.193570 -0.224916 0.024165
v -1.361753 -0.165843 0.042961
v -1.356108 -0.167594 0.058790
v -1.374145 -0.144827 0.053107
v -1.286230 -0.189408 0.042721
v -1.304932 -0.149996 0.074838
v -1.304932 -0.150042 0.075031
v -1.299824 -0.150019 0.074935
v -1.239635 -0.170296 0.050741
v -1.168024 -0.617834 0.137269
v -1.167347 -0.651027 0.177265
v -1.164458 -0.611733 0.156002
v -1.139314 -0.600247 0.152155
v -1.153443 -0.478270 0.074259
v -1.123424 -0.506107 0.103975
v -1.158036 -0.456269 0.074915
v -1.153783 -0.372842 0.081108
v -1.124431 -0.584406 0.148224
v -1.115133 -0.550606 0.149165
v -1.127019 -0.519138 0.127487
v -1.125583 -0.476594 0.099970
v -1.138599 -0.335345 0.071516
v -1.120975 -0.389163 0.111905
v -1.118643 -0.365878 0.094407
v -1.127773 -0.368393 0.114417
v -1.100116 -0.483253 0.151448
v -1.099173 -0.393827 0.142622
v -1.099096 -0.392974 0.153874
v -1.188033 -0.362503 0.049117
v -1.174056 -0.322322 0.049413
v -1.168964 -0.277501 0.023819
v -1.165136 -0.245640 0.027723
v -1.153206 -0.347771 0.072718
v -1.173702 -0.353531 0.050702
v -1.152480 -0.304286 0.049504
v -1.149724 -0.297696 0.049795
v -1.146967 -0.304286 0.050086
v -1.126987 -0.275696 0.049777
v -1.098777 -0.297922 0.074954
v -1.100278 -0.323877 0.127453
v -1.121674 -0.277660 0.050041
v -1.121674 -0.273732 0.049512
v -1.099642 -0.254261 0.049886
v -1.106067 -0.197795 0.049784
v -1.095971 -0.378736 0.130758
v -1.095433 -0.297019 0.102444
v -1.079155 -0.274632 0.075770
v -1.073253 -0.226492 0.050188
v -1.073563 -0.275210 0.073757
v -1.073563 -0.274053 0.077782
v -2.000428 0.197623 -0.001038
v -1.999984 0.248200 0.001697
v -1.848287 0.199015 0.000237
v -1.956707 0.293336 0.000464
v -1.978750 0.396796 -0.000035
v -1.946382 0.339443 0.000316
v -1.962533 0.386589 -0.000399
v -1.939301 0.247485 -0.000803
v -1.914385 0.286319 -0.002572
v -1.954872 0.449785 -0.001617
v -1.911728 0.219629 -0.000013
v -1.888056 0.213972 0.000076
v -1.888094 0.285918 0.000079
v -1.877708 0.251381 -0.000702
v -1.845665 0.356458 -0.013260
v -1.819502 0.226741 0.000895
v -1.795039 0.383212 0.002850
v -1.913882 0.444062 0.000935
v -1.844218 0.421650 0.000746
v -1.795999 0.251184 -0.001631
v -1.790190 0.306179 0.007160
v -2.129613 0.100232 0.074956
v -2.126028 0.148821 0.049978
v -2.124912 0.226578 0.049881
v -2.100029 0.075078 0.075011
v -2.119493 0.098033 0.075406
v -2.097990 0.122211 0.050118
v -2.119493 0.102431 0.074506
v -2.073772 0.114469 0.051309
v -2.118095 0.164987 0.049063
v -2.118203 0.168115 0.051964
v -2.099708 0.074977 0.075020
v -2.099708 0.075179 0.075002
v -2.073009 0.150028 0.048840
v -2.056937 0.046555 0.074758
v -2.057201 0.053720 0.074809
v -2.055691 0.098748 0.049878
v -2.048883 0.173245 0.025465
v -2.057413 0.213364 0.024584
v -2.029260 0.025305 0.095797
v -2.028924 0.025256 0.104220
v -2.031687 0.069224 0.051185
v -2.031634 0.081309 0.049693
v -2.046842 0.094757 0.050087
v -2.046842 0.102738 0.049670
v -2.024876 0.143519 0.024201
v -2.041902 0.190875 0.021622
v -2.041529 0.193772 0.028207
v -2.016605 0.049523 0.074477
v -2.001599 0.120884 0.027034
v -2.099695 0.247493 0.049975
v -2.100336 0.250781 0.050055
v -2.099054 0.250781 0.049895
v -2.049854 0.300927 0.025017
v -2.024205 0.273441 0.025000
v -1.948450 0.024158 0.097990
v -1.818860 0.073008 0.049730
v -1.977478 0.121581 0.022332
v -1.988008 0.138251 0.027551
v -2.000201 0.175226 0.025188
v -1.957410 0.048329 0.074497
v -1.933010 0.126287 0.024939
v -1.943398 0.044415 0.075454
v -1.943398 0.052243 0.073539
v -1.818092 0.077818 0.050020
v -1.894196 0.122478 0.023282
v -1.876506 0.120952 0.026301
v -1.893607 0.193546 0.000749
v -1.866328 0.135942 0.025044
v -1.796013 0.129256 0.024956
v -1.805343 0.025005 0.075222
v -1.747012 0.123234 0.021635
v -1.928318 0.263642 0.000795
v -1.939297 0.311036 0.001776
v -1.975930 0.433740 0.001290
v -1.810563 0.323178 0.021277
v -1.821419 0.377710 0.016517
v -1.811683 0.421527 0.020264
v -1.794919 0.003267 0.099161
v -1.781799 0.072762 0.049900
v -1.774823 0.158985 0.026316
v -1.737951 0.030640 0.075129
v -1.714238 0.085981 0.052839
v -1.749917 0.177405 0.024250
v -1.719695 0.023215 0.075421
v -1.700744 0.097673 0.048733
v -1.722208 0.122424 0.028078
v -1.727440 0.194870 0.023996
v -1.697818 0.073564 0.050167
v -1.715065 0.153496 0.025143
v -1.701490 0.166994 0.025531
v -1.679541 0.119978 0.049511
v -1.675642 0.130030 0.050151
v -1.675484 0.199049 0.025046
v -1.671742 0.119978 0.050792
v -1.789885 0.356623 0.025178
v -1.759996 0.299628 0.026229
v -1.764747 0.310119 0.020704
v -1.764731 0.341600 0.026124
v -1.771557 0.456414 0.023672
v -1.734546 0.285154 0.024657
v -1.739539 0.324645 0.027134
v -1.687451 0.262665 0.027919
v -1.732027 0.313321 0.022163
v -1.675344 0.249777 0.024230
v -1.699177 0.301186 0.024881
v -1.786061 0.439283 0.028045
v 0.006750 0.463969 0.224390
v 1.273717 -0.253515 0.100588
v 1.273104 -0.217142 0.099228
v 1.293790 -0.275407 0.099891
v 1.278800 -0.253415 0.100083
v 1.308227 -0.281615 0.100471
v 1.308227 -0.269199 0.099311
v 1.327083 -0.232330 0.075065
v 1.316279 -0.202762 0.074755
v 1.348874 -0.329155 0.074814
v 1.345425 -0.242822 0.075257
v 1.366343 -0.345578 0.076739
v 1.364797 -0.260895 0.070719
v 1.365077 -0.260914 0.079352
v 1.399299 -0.375025 0.073525
v 1.403426 -0.379938 0.077478
v 1.381163 -0.295197 0.074823
v 1.249367 -0.153307 0.104167
v 1.247459 -0.068520 0.102100
v 1.272812 -0.184499 0.098952
v 1.284013 -0.114280 0.090829
v 1.260891 -0.060774 0.094844
v 1.275226 0.001491 0.101698
v 1.284648 -0.167688 0.099269
v 1.285124 -0.112260 0.104831
v 1.300578 -0.077120 0.075313
v 1.284989 -0.014717 0.097435
v 1.292070 -0.008066 0.100716
v 1.321808 -0.143256 0.074311
v 1.316228 -0.158897 0.086250
v 1.305550 -0.155540 0.103938
v 1.318684 -0.122292 0.087090
v 1.306286 -0.072372 0.076255
v 1.343234 -0.184386 0.068782
v 1.338996 -0.189172 0.078095
v 1.326582 -0.018046 0.071609
v 1.348667 0.005370 0.077517
v 1.377888 -0.176210 0.074077
v 1.369009 -0.138228 0.074951
v 1.355603 -0.045789 0.074868
v 1.384866 -0.015214 0.074798
v 1.496086 -0.423920 0.100168
v 1.554368 -0.421395 0.098158
v 1.555715 -0.419538 0.101963
v 1.545341 -0.401971 0.099945
v 1.397752 -0.351411 0.075019
v 1.406485 -0.275353 0.074654
v 1.417586 -0.229323 0.049677
v 1.498666 -0.376321 0.074343
v 1.458046 -0.363608 0.075146
v 1.445783 -0.248946 0.048908
v 1.470831 -0.348972 0.074812
v 1.449363 -0.182701 0.059211
v 1.467061 -0.124495 0.039611
v 1.514687 -0.360049 0.072813
v 1.513343 -0.360450 0.076044
v 1.498904 -0.307750 0.052308
v 1.484293 -0.264583 0.051692
v 1.583408 -0.338609 0.071845
v 1.583264 -0.338162 0.078398
v 1.602220 -0.305194 0.047482
v 1.552889 -0.217811 0.040715
v 1.615315 -0.243640 0.052473
v 1.619956 -0.284173 0.046163
v 1.628492 -0.389524 0.100355
v 1.625164 -0.349748 0.074495
v 1.600117 -0.315894 0.074350
v 1.618604 -0.284020 0.055535
v 1.581550 -0.204001 0.049891
v 1.417557 -0.068524 0.050408
v 1.408757 0.007073 0.074272
v 1.441628 0.000258 0.073618
v 1.481190 -0.007588 0.070386
v 1.481023 -0.007892 0.080012
v 1.499571 -0.025363 0.074950
v 1.498905 -0.022815 0.075001
v 1.531549 -0.088397 0.055685
v 1.500237 -0.022815 0.074900
v 1.541112 -0.183942 0.052274
v 1.541799 -0.159958 0.048981
v 1.531560 -0.072199 0.048942
v 1.547830 -0.046979 0.049890
v 1.560637 -0.084231 0.048723
v 1.555432 -0.052265 0.051669
v 1.574314 0.000130 0.050061
v 1.601306 -0.149881 0.048800
v 1.613543 -0.112850 0.056022
v 1.656531 -0.015230 0.043771
v 1.618148 -0.429132 0.124871
v 1.630388 -0.401623 0.100513
v 1.617982 -0.421273 0.123127
v 1.653911 -0.422970 0.126109
v 1.670609 -0.400077 0.123401
v 1.704006 -0.404059 0.125838
v 1.636788 -0.337918 0.078085
v 1.642858 -0.377753 0.099245
v 1.682484 -0.369802 0.099946
v 1.731869 -0.273919 0.048464
v 1.736493 -0.243637 0.049079
v 1.682653 -0.379499 0.101627
v 1.727123 -0.324206 0.075184
v 1.704776 -0.395941 0.128135
v 1.723760 -0.376535 0.123592
v 1.720338 -0.350342 0.099867
v 1.740134 -0.263923 0.052438
v 1.754234 -0.376096 0.130151
v 1.729849 -0.352815 0.100554
v 1.729849 -0.347869 0.099179
v 1.749312 -0.300822 0.074193
v 1.754659 -0.371008 0.125331
v 1.776886 -0.350145 0.140891
v 1.776002 -0.331474 0.105477
v 1.777663 -0.297659 0.073889
v 1.784617 -0.232058 0.049306
v 1.775240 -0.375902 0.151536
v 1.818387 -0.327971 0.153981
v 1.792758 -0.289946 0.089446
v 1.799082 -0.253237 0.048325
v 1.791563 -0.260670 0.062585
v 1.607019 -0.066695 0.049756
v 1.631098 -0.000163 0.049321
v 1.626466 -0.122694 0.046523
v 1.655803 -0.057546 0.049370
v 1.651728 -0.016985 0.057495
v 1.676185 -0.147572 0.025121
v 1.675824 -0.077015 0.043968
v 1.699983 -0.183344 0.025410
v 1.693320 -0.097198 0.027044
v 1.702478 -0.079630 0.048537
v 1.698402 -0.014889 0.050772
v 1.731588 -0.144910 0.032911
v 1.723194 -0.033012 0.050061
v 1.723373 0.001065 0.050173
v 1.749942 -0.101238 0.024861
v 1.752532 -0.054572 0.052133
v 1.740665 -0.014134 0.053093
v 1.757726 -0.180197 0.021837
v 1.774238 -0.158791 0.025778
v 1.745374 -0.016164 0.045609
v 1.779359 -0.123406 0.025570
v 1.809163 -0.344679 0.148175
v 1.833779 -0.202526 0.045616
v 1.810827 -0.210077 0.049463
v 1.850231 -0.325697 0.175014
v 1.814112 -0.270506 0.070590
v 1.853773 -0.260659 0.084824
v 1.854631 -0.214012 0.072922
v 1.887101 -0.285592 0.176488
v 1.879210 -0.260328 0.137489
v 1.873580 -0.231197 0.079049
v 1.896437 -0.221494 0.112734
v 1.887092 -0.294927 0.169200
v 1.875194 -0.266477 0.115005
v 1.878497 -0.193859 0.072275
v 1.887274 -0.214094 0.087817
v 1.906726 -0.274101 0.172799
v 1.914445 -0.249018 0.148847
v 1.918656 -0.198397 0.097460
v 1.930417 -0.248395 0.149131
v 1.931227 -0.200937 0.098490
v 1.954364 -0.224528 0.150928
v 1.953523 -0.197373 0.124573
v 1.823776 -0.166565 0.051220
v 1.850483 -0.023319 0.048878
v 1.835163 -0.160382 0.046627
v 1.848169 -0.119235 0.049693
v 1.834987 -0.064802 0.049901
v 1.848645 -0.186619 0.052805
v 1.876415 -0.150746 0.048143
v 1.876644 -0.150104 0.053068
v 1.865148 -0.104617 0.050334
v 1.862175 -0.089180 0.048940
v 1.881176 -0.011680 0.074482
v 1.897622 -0.182476 0.075278
v 1.900924 -0.149340 0.075201
v 1.874129 -0.067362 0.051809
v 1.903258 -0.054531 0.073866
v 1.921127 -0.128018 0.072672
v 1.922099 -0.101401 0.077376
v 1.932802 -0.013195 0.087781
v 1.919295 -0.007125 0.094561
v 1.924245 -0.151813 0.075539
v 1.946228 -0.157666 0.098702
v 1.951223 -0.142260 0.099732
v 1.943828 -0.112398 0.072378
v 1.937254 -0.044076 0.069659
v 1.948619 -0.042028 0.085430
v 1.975448 -0.179901 0.124880
v 1.956219 -0.157666 0.100763
v 1.972546 -0.167755 0.125491
v 1.971590 -0.128630 0.105308
v 1.958960 -0.110383 0.087700
v 1.975812 -0.073569 0.083198
v 1.963146 -0.067394 0.101227
v 1.959994 -0.015390 0.098670
v 1.978350 -0.167755 0.124269
v 1.992428 -0.154176 0.124348
v 1.983141 -0.129270 0.098247
v 1.992428 -0.142494 0.126315
v 2.008233 -0.021799 0.108831
v 1.996972 -0.001782 0.120647
v 2.005818 -0.148335 0.125332
v 2.016469 -0.127876 0.123185
v 2.026287 -0.101335 0.099529
v 2.032622 -0.082615 0.109617
v 2.019336 -0.046336 0.095431
v 2.062242 -0.103434 0.119467
v 2.033827 -0.043864 0.113356
v 2.048603 -0.019805 0.128260
v 2.032152 -0.002140 0.127037
v 2.059583 -0.093393 0.129429
v 2.076102 -0.045632 0.123703
v 2.069592 -0.006178 0.149407
v 2.077007 -0.129843 0.128054
v 2.099422 -0.099238 0.125602
v 2.102665 -0.055742 0.149666
v 2.095214 -0.020408 0.148702
v 2.078462 -0.006178 0.150775
v 2.124358 -0.107540 0.149503
v 2.127488 -0.022375 0.176439
v 2.130095 -0.063523 0.146374
v 2.128265 -0.044183 0.157390
v 0.148133 0.195421 0.228815
v 0.173790 0.118461 0.250975
v 0.177265 0.134665 0.249170
v 0.172527 0.173426 0.222244
v 0.193432 0.097007 0.247010
v 0.195478 0.193556 0.247323
v 0.108486 0.435563 0.200988
v 0.140781 0.316670 0.201063
v 0.025137 0.374986 0.225838
v 0.051401 0.346264 0.224062
v 0.049510 0.396770 0.212869
v 0.076205 0.325990 0.227150
v 0.055105 0.487647 0.239766
v 0.100857 0.294553 0.223817
v 0.116911 0.377880 0.209660
v 0.091188 0.359619 0.223710
v 0.089668 0.385326 0.222754
v 0.118189 0.271214 0.227505
v 0.133828 0.257411 0.226017
v 0.145947 0.366488 0.229668
v 0.129727 0.391939 0.223686
v 0.192011 0.283971 0.203583
v 0.184162 0.440800 0.221602
v 0.141955 0.299594 0.242446
v 0.123461 0.499695 0.202675
v 0.020599 0.542026 0.249389
v 0.018581 0.580746 0.250949
v -0.004505 0.504878 0.224866
v 0.041243 0.519697 0.226235
v 0.081639 0.592220 0.246135
v 0.057427 0.547227 0.244316
v 0.062860 0.597695 0.252435
v 0.084412 0.540911 0.227891
v 0.074736 0.563891 0.255290
v 0.096934 0.591733 0.251068
v 0.185447 0.542406 0.242411
v 0.100309 0.560143 0.231148
v 0.115127 0.568086 0.220705
v 0.120889 0.589444 0.233296
v 0.178253 0.585862 0.251576
v 0.267450 0.597649 0.221829
v 0.047710 0.646456 0.275585
v 0.086237 0.668928 0.274370
v 0.090726 0.621318 0.251340
v 0.132435 0.653101 0.247380
v 0.119506 0.652114 0.274994
v 0.118460 0.691196 0.268927
v 0.120056 0.700797 0.282241
v 0.116402 0.729032 0.302112
v 0.140333 0.748705 0.300357
v 0.145508 0.717027 0.300965
v 0.177414 0.727832 0.275860
v 0.174064 0.778889 0.300941
v 0.176739 0.664215 0.275920
v 0.208382 0.657422 0.248510
v 0.191142 0.723087 0.288637
v 0.218187 0.070485 0.276770
v 0.209926 0.091462 0.258684
v 0.231205 0.162873 0.229539
v 0.251999 0.072126 0.276808
v 0.232454 0.096512 0.249283
v 0.260435 0.078869 0.294605
v 0.287367 0.145505 0.246042
v 0.258173 0.132538 0.266907
v 0.298670 0.072963 0.325581
v 0.324903 0.121235 0.275004
v 0.287382 0.094582 0.304322
v 0.308554 0.151071 0.267340
v 0.295180 0.226300 0.254502
v 0.324124 0.097085 0.327379
v 0.340603 0.121843 0.301016
v 0.334451 0.159273 0.263373
v 0.318934 0.094982 0.302200
v 0.337513 0.185674 0.245477
v 0.351873 0.188420 0.260195
v 0.359139 0.101156 0.325774
v 0.371670 0.099847 0.340019
v 0.370763 0.098501 0.352167
v 0.374654 0.151004 0.274076
v 0.401545 0.158309 0.290674
v 0.362896 0.165169 0.273786
v 0.391897 0.128540 0.299114
v 0.398063 0.124193 0.325399
v 0.233663 0.397014 0.179052
v 0.314255 0.361997 0.192983
v 0.219026 0.348653 0.225490
v 0.291857 0.303094 0.236396
v 0.290347 0.379977 0.223382
v 0.364627 0.288728 0.222521
v 0.356480 0.427771 0.235418
v 0.374395 0.204944 0.274633
v 0.373820 0.320137 0.249552
v 0.420651 0.247244 0.251676
v 0.401283 0.250013 0.280137
v 0.413476 0.375570 0.227285
v 0.405559 0.383726 0.254290
v 0.242854 0.517131 0.196710
v 0.315810 0.433707 0.190308
v 0.335222 0.526871 0.213123
v 0.255546 0.588212 0.256740
v 0.246270 0.481320 0.229373
v 0.395962 0.633158 0.289747
v 0.350938 0.515840 0.247989
v 0.419496 0.478712 0.232148
v 0.416027 0.592814 0.281271
v 0.207364 0.644080 0.274956
v 0.244020 0.710213 0.294245
v 0.217484 0.748330 0.290778
v 0.210356 0.755499 0.303546
v 0.279271 0.735005 0.270295
v 0.268244 0.793268 0.295956
v 0.278056 0.662940 0.274504
v 0.267695 0.787365 0.314965
v 0.266186 0.802326 0.328867
v 0.342558 0.649098 0.251867
v 0.316887 0.734092 0.296973
v 0.350650 0.735007 0.274223
v 0.385520 0.780471 0.299077
v 0.366221 0.778136 0.322044
v 0.383874 0.698672 0.299165
v 0.462597 0.611918 0.270010
v 0.218239 0.818499 0.325115
v 0.217652 0.828313 0.325161
v 0.257653 0.822448 0.325811
v 0.293236 0.825423 0.348383
v 0.342808 0.827750 0.341080
v 0.377468 0.818751 0.351950
v 0.381528 0.826886 0.352796
v 0.407663 0.101399 0.351420
v 0.432334 0.122148 0.326348
v 0.408356 0.185620 0.271283
v 0.424289 0.193413 0.283863
v 0.442703 0.100257 0.374398
v 0.448316 0.123272 0.349279
v 0.428694 0.156227 0.299430
v 0.448730 0.168943 0.301573
v 0.456075 0.099410 0.371546
v 0.456075 0.101105 0.377250
v 0.476171 0.125639 0.345458
v 0.466596 0.150392 0.323823
v 0.460767 0.183575 0.299308
v 0.497674 0.122087 0.376735
v 0.492170 0.165948 0.318466
v 0.492482 0.166516 0.337873
v 0.486771 0.190785 0.312834
v 0.538151 0.148984 0.367734
v 0.560261 0.183909 0.368343
v 0.523649 0.147443 0.374799
v 0.570165 0.179633 0.351662
v 0.574086 0.149247 0.404042
v 0.598464 0.164655 0.397280
v 0.611100 0.188477 0.403781
v 0.451796 0.329227 0.268485
v 0.405685 0.419878 0.245325
v 0.466329 0.232621 0.276248
v 0.444123 0.221681 0.302793
v 0.456006 0.311898 0.253955
v 0.474380 0.421529 0.247911
v 0.463091 0.371043 0.275551
v 0.524609 0.226077 0.305910
v 0.488474 0.214389 0.319405
v 0.503811 0.318571 0.292593
v 0.509742 0.335727 0.272705
v 0.537424 0.258911 0.327483
v 0.531995 0.383968 0.288236
v 0.514728 0.381657 0.297585
v 0.591583 0.258610 0.342087
v 0.559097 0.305563 0.304416
v 0.544086 0.388045 0.312897
v 0.580436 0.237826 0.325964
v 0.546083 0.326097 0.311292
v 0.572236 0.326844 0.327925
v 0.567563 0.383447 0.305191
v 0.618617 0.232885 0.349694
v 0.604587 0.297694 0.324323
v 0.600337 0.290758 0.333378
v 0.607173 0.389545 0.343613
v 0.465240 0.476803 0.280888
v 0.478113 0.563792 0.289642
v 0.439472 0.566622 0.249080
v 0.480590 0.427326 0.276201
v 0.507957 0.561335 0.279272
v 0.490360 0.632618 0.304036
v 0.516066 0.414846 0.270147
v 0.522957 0.416650 0.281357
v 0.520691 0.467441 0.288448
v 0.546075 0.464763 0.285634
v 0.527126 0.491565 0.302570
v 0.509609 0.547670 0.302632
v 0.533234 0.592640 0.310176
v 0.542182 0.423544 0.303514
v 0.545386 0.582510 0.296545
v 0.577449 0.407530 0.317375
v 0.605689 0.427682 0.331227
v 0.568747 0.437717 0.299639
v 0.571101 0.507897 0.325137
v 0.563267 0.582489 0.314252
v 0.584623 0.439863 0.312346
v 0.589872 0.484162 0.327653
v 0.578659 0.478318 0.300151
v 0.633465 0.512169 0.349322
v 0.604729 0.590009 0.321971
v 0.468176 0.775605 0.328486
v 0.405441 0.805011 0.326430
v 0.420767 0.802423 0.353608
v 0.459442 0.637817 0.288154
v 0.443638 0.738299 0.299656
v 0.442063 0.736330 0.317644
v 0.475944 0.609160 0.284161
v 0.483465 0.668876 0.297470
v 0.464138 0.697132 0.322050
v 0.478806 0.781761 0.354647
v 0.483999 0.635905 0.296569
v 0.481854 0.679637 0.309217
v 0.489402 0.749837 0.342790
v 0.495743 0.804403 0.377267
v 0.508020 0.648022 0.301178
v 0.530270 0.661927 0.324635
v 0.512944 0.686246 0.322981
v 0.524930 0.737059 0.326073
v 0.513374 0.783487 0.380586
v 0.514440 0.786703 0.361051
v 0.529593 0.629606 0.301905
v 0.554191 0.614436 0.325786
v 0.542053 0.683200 0.323004
v 0.550436 0.683485 0.331791
v 0.538323 0.712300 0.341844
v 0.577710 0.715519 0.374306
v 0.560173 0.614841 0.316930
v 0.559347 0.645800 0.343023
v 0.566149 0.711198 0.344648
v 0.591493 0.733761 0.375526
v 0.558360 0.768387 0.376671
v 0.599908 0.659024 0.328866
v 0.618800 0.684979 0.390938
v 0.420450 0.825169 0.373211
v 0.420450 0.824613 0.375610
v 0.456192 0.804208 0.352239
v 0.429179 0.824891 0.374411
v 0.629671 0.198073 0.396190
v 0.636330 0.251818 0.374817
v 0.608124 0.264393 0.349565
v 0.613848 0.328320 0.342116
v 0.610680 0.387439 0.320114
v 0.621085 0.363660 0.340649
v 0.631992 0.364777 0.356938
v 0.655016 0.300462 0.348378
v 0.636782 0.282185 0.366326
v 0.635137 0.336005 0.350475
v 0.656913 0.230469 0.402665
v 0.682445 0.286092 0.409490
v 0.678755 0.321424 0.376890
v 0.657858 0.387719 0.345498
v 0.659964 0.340010 0.356165
v 0.678456 0.253587 0.400406
v 0.703252 0.289922 0.405620
v 0.696826 0.345437 0.371508
v 0.691957 0.382896 0.382403
v 0.702999 0.307552 0.401071
v 0.725331 0.347996 0.401589
v 0.751438 0.389121 0.417276
v 0.701842 0.273905 0.428751
v 0.752110 0.370074 0.428057
v 0.626913 0.407044 0.341474
v 0.643735 0.418046 0.353724
v 0.621960 0.440078 0.322159
v 0.619464 0.521361 0.322669
v 0.631067 0.533067 0.355708
v 0.622409 0.534116 0.338284
v 0.615696 0.566694 0.336757
v 0.629792 0.570476 0.353449
v 0.634225 0.440254 0.338320
v 0.635831 0.562583 0.344851
v 0.666215 0.438151 0.350074
v 0.664545 0.510718 0.344262
v 0.669089 0.509966 0.354134
v 0.666288 0.594373 0.372461
v 0.691225 0.458473 0.378074
v 0.682364 0.445514 0.364243
v 0.692896 0.551966 0.378248
v 0.682051 0.594949 0.369543
v 0.699272 0.596220 0.403404
v 0.704505 0.460473 0.369150
v 0.723681 0.456932 0.397544
v 0.706997 0.510639 0.379526
v 0.705561 0.554511 0.374594
v 0.751248 0.430201 0.424910
v 0.731194 0.518611 0.400563
v 0.724954 0.557175 0.404134
v 0.750368 0.522333 0.423703
v 0.749814 0.522333 0.425496
v 0.750091 0.531619 0.424600
v 0.615576 0.626697 0.349487
v 0.614144 0.710582 0.383763
v 0.648284 0.606336 0.352485
v 0.631106 0.692701 0.350935
v 0.653569 0.651221 0.373558
v 0.671917 0.628097 0.374604
v 0.672429 0.669017 0.399001
v 0.654151 0.700380 0.378559
v 0.674564 0.677492 0.399598
v 0.703292 0.628940 0.401714
v 0.676699 0.669017 0.400194
v 1.295120 0.025560 0.098854
v 1.325569 0.027006 0.100947
v 1.325538 0.036318 0.098052
v 1.323022 0.051346 0.101602
v 1.324711 0.096757 0.125246
v 1.351613 0.097974 0.123683
v 1.358736 0.054976 0.099008
v 1.365822 0.070420 0.101233
v 1.351612 0.132135 0.125447
v 1.375853 0.193720 0.125069
v 1.402548 0.067063 0.099126
v 1.389053 0.090424 0.097783
v 1.390915 0.091319 0.102385
v 1.402550 0.152512 0.100102
v 1.374115 0.201461 0.125336
v 1.377590 0.201461 0.124801
v 1.397176 0.220659 0.124454
v 1.397176 0.227353 0.125749
v 1.424904 0.022923 0.075514
v 1.418168 0.168935 0.097687
v 1.426131 0.203920 0.100720
v 1.455343 0.168938 0.099637
v 1.465162 0.068539 0.070487
v 1.464538 0.066272 0.080510
v 1.474606 0.126885 0.075165
v 1.464706 0.185153 0.097698
v 1.474553 0.187695 0.102123
v 1.490114 0.037685 0.075286
v 1.490293 0.175980 0.099301
v 1.519492 0.066843 0.074728
v 1.503068 0.200050 0.100018
v 1.511542 0.188235 0.101475
v 1.541460 0.090368 0.074656
v 1.562411 0.113185 0.073379
v 1.553205 0.124791 0.075960
v 1.558395 0.163479 0.101047
v 1.573434 0.173955 0.097286
v 1.543983 0.203199 0.119384
v 1.572934 0.144510 0.103379
v 1.554447 0.196257 0.126644
v 1.597748 0.071795 0.072925
v 1.596254 0.086537 0.072716
v 1.598724 0.122728 0.096542
v 1.594981 0.154528 0.099930
v 1.591117 0.194187 0.120583
v 1.406851 0.224006 0.125102
v 1.443772 0.250566 0.124863
v 1.448978 0.273753 0.149621
v 1.448978 0.275605 0.150084
v 1.507059 0.242729 0.124147
v 1.456577 0.274679 0.149853
v 1.491436 0.275136 0.148229
v 1.517521 0.227682 0.124816
v 1.507673 0.253280 0.126795
v 1.522646 0.303045 0.172910
v 1.553973 0.231010 0.125764
v 1.546045 0.250167 0.148479
v 1.540906 0.293157 0.178291
v 1.566970 0.212646 0.124644
v 1.555866 0.270799 0.146517
v 1.559539 0.273310 0.153970
v 1.673645 0.242270 0.147308
v 1.646237 0.241609 0.154976
v 1.599209 0.271774 0.150375
v 1.629155 0.298740 0.176061
v 1.624763 0.047412 0.076283
v 1.609778 0.095467 0.077614
v 1.678625 0.194213 0.127056
v 1.704613 0.120374 0.100121
v 1.702773 0.132349 0.102261
v 1.673317 0.002240 0.049977
v 1.704666 0.045698 0.073480
v 1.700513 0.082086 0.070259
v 1.705229 0.080915 0.079508
v 1.678423 0.151363 0.099988
v 1.698363 0.174850 0.123264
v 1.720915 0.027859 0.075768
v 1.727792 0.089367 0.099727
v 1.716833 0.204739 0.148317
v 1.752123 0.017893 0.074862
v 1.745069 0.034321 0.071172
v 1.744744 0.035569 0.078716
v 1.732041 0.057691 0.075370
v 1.745346 0.065483 0.099397
v 1.723474 0.126574 0.099985
v 1.769117 0.122600 0.123854
v 1.743881 0.118745 0.122261
v 1.729696 0.176460 0.127328
v 1.753740 0.174884 0.154331
v 1.762485 0.085369 0.095978
v 1.764767 0.085405 0.104348
v 1.778389 0.145386 0.124686
v 1.759735 0.160135 0.135097
v 1.774125 0.188991 0.147746
v 1.787033 0.136976 0.126310
v 1.794060 0.169982 0.146675
v 1.791377 0.172502 0.152308
v 1.678239 0.205526 0.125114
v 1.662094 0.255962 0.147088
v 1.645152 0.277283 0.175554
v 1.701752 0.277480 0.175415
v 1.693105 0.225380 0.148958
v 1.716437 0.246836 0.166856
v 1.719584 0.252158 0.178561
v 1.736217 0.218625 0.148498
v 1.751030 0.223021 0.172077
v 1.746131 0.276248 0.201113
v 1.779805 0.248254 0.173941
v 1.775143 0.275582 0.200937
v 1.792723 0.224881 0.173441
v 1.800672 0.198633 0.149925
v 1.861699 0.013296 0.072494
v 1.874226 0.012046 0.076131
v 1.872823 0.027728 0.074288
v 1.858689 0.074613 0.101106
v 1.845665 0.104794 0.125919
v 1.839453 0.111935 0.123255
v 1.845731 0.146678 0.148506
v 1.846454 0.159037 0.149688
v 1.833898 0.174089 0.150198
v 1.844215 0.204020 0.173880
v 1.851115 0.125326 0.126037
v 1.877146 0.190450 0.175282
v 1.891757 0.006595 0.073660
v 1.894028 0.049409 0.098372
v 1.881402 0.098768 0.124362
v 1.893445 0.121635 0.149191
v 1.893445 0.128910 0.150576
v 1.878691 0.146268 0.151007
v 1.891800 0.175017 0.174915
v 1.910974 0.029914 0.093811
v 1.920879 0.041981 0.119659
v 1.919862 0.071651 0.125278
v 1.923399 0.099901 0.149657
v 1.904702 0.125273 0.149883
v 1.921426 0.150334 0.175090
v 1.904242 0.171105 0.175520
v 1.904242 0.178929 0.174309
v 1.921503 0.199384 0.199897
v 1.931922 0.072346 0.126520
v 1.956164 0.103548 0.153470
v 1.945940 0.125297 0.172881
v 1.928830 0.146751 0.175659
v 1.928830 0.153918 0.174521
v 1.949460 0.167366 0.200207
v 1.946112 0.177917 0.200920
v 1.927182 0.196954 0.200360
v 1.959076 0.023371 0.100645
v 2.004831 0.045406 0.145890
v 1.967982 0.071193 0.143100
v 1.956504 0.098327 0.149122
v 1.966962 0.149117 0.199188
v 1.952808 0.177917 0.199495
v 1.982161 0.063693 0.134241
v 1.990389 0.086797 0.160345
v 1.989755 0.112120 0.185780
v 1.981437 0.118749 0.171971
v 1.979289 0.151192 0.199979
v 2.002098 0.125439 0.201782
v 1.830831 0.230596 0.175203
v 1.819858 0.249935 0.196939
v 1.831687 0.218285 0.177229
v 1.874041 0.224529 0.199677
v 1.874041 0.225664 0.199965
v 1.850616 0.249702 0.200011
v 1.877697 0.202932 0.176329
v 1.877460 0.225097 0.199821
v 1.927182 0.201813 0.199434
v 1.819947 0.249913 0.201708
v 2.013035 0.015355 0.124421
v 2.025771 0.082252 0.175000
v 2.007457 0.099300 0.173402
v 2.050829 0.021149 0.147749
v 2.049783 0.050000 0.174362
v 2.074027 0.003221 0.150091
vn -0.0262 -0.0189 -0.9995
vn -0.2596 -0.9470 -0.1890
vn -0.7631 -0.0019 -0.6463
vn 0.2817 0.6598 0.6967
vn 0.7257 -0.1107 0.6790
vn 0.7444 0.1230 0.6564
vn 0.6971 0.6060 0.3831
vn 0.2613 0.7667 0.5864
vn -0.2482 -0.4247 -0.8706
vn 0.1990 0.7010 0.6848
vn -0.1122 -0.0665 -0.9915
vn -0.9698 -0.0363 0.2412
vn -0.2681 -0.4599 0.8465
vn -0.9909 -0.0380 -0.1290
vn 0.3337 0.4855 0.8080
vn -0.9999 -0.0093 0.0138
vn 0.1170 0.0523 0.9918
vn -0.6267 -0.4683 -0.6228
vn -0.5310 -0.6434 -0.5514
vn -0.5915 -0.5654 -0.5748
vn 0.3069 0.4607 0.8328
vn 0.3714 0.3828 0.8459
vn 0.4626 0.5398 0.7033
vn 0.5459 0.2577 0.7972
vn 0.0592 0.9695 -0.2376
vn 0.2299 0.4879 0.8421
vn -0.4215 -0.9009 -0.1033
vn 0.3171 0.4757 0.8205
vn -0.2343 -0.3653 -0.9009
vn -0.0681 -0.0929 -0.9933
vn -0.0321 0.2256 0.9737
vn -0.4588 -0.4991 -0.7352
vn -0.3015 -0.2794 -0.9116
vn -0.4458 -0.7387 -0.5056
vn -0.1634 0.0219 -0.9863
vn -0.0343 0.5079 0.8607
vn -0.3689 -0.2962 -0.8810
vn 0.1533 0.2236 0.9625
vn 0.1122 0.0665 0.9915
vn 0.1773 0.0106 -0.9841
vn 0.6156 0.0764 0.7843
vn 0.0852 0.0091 0.9963
vn -0.9495 -0.2815 -0.1385
vn -0.3298 0.2154 -0.9191
vn -0.7721 -0.2171 -0.5973
vn -0.4683 0.0925 -0.8787
vn -0.3133 0.1034 -0.9440
vn -0.7094 0.5336 -0.4605
vn -0.7779 0.3689 -0.5087
vn 0.2925 0.0759 0.9533
vn 0.1072 -0.2078 0.9723
vn 0.8029 -0.1852 0.5666
vn 0.0916 0.2259 0.9698
vn -0.8950 -0.1649 -0.4145
vn 0.0775 0.1305 0.9884
vn -0.3344 -0.1198 0.9348
vn -0.2899 0.2652 -0.9196
vn -0.7823 0.1441 -0.6060
vn 0.7971 -0.3194 0.5124
vn -0.5787 0.3632 -0.7302
vn 0.2934 -0.2877 0.9117
vn 0.2819 -0.3102 0.9079
vn 0.7198 0.1537 0.6769
vn -0.0675 -0.0000 -0.9977
vn 0.0675 -0.0000 0.9977
vn -0.2783 -0.4967 -0.8221
vn -0.7157 -0.4391 0.5431
vn -0.0899 0.8027 0.5896
vn 0.0045 -0.0265 0.9996
vn -0.3031 -0.3690 -0.8786
vn -0.3453 -0.0402 0.9376
vn -0.2990 -0.3371 -0.8927
vn 0.1280 0.5065 0.8527
vn -0.2611 -0.3383 -0.9041
vn -0.1232 -0.6564 -0.7443
vn -0.1358 -0.6676 -0.7320
vn 0.0099 0.3765 0.9264
vn -0.2296 -0.5986 -0.7674
vn -0.2996 -0.6473 -0.7009
vn 0.1982 0.5712 0.7965
vn -0.1664 -0.5077 -0.8453
vn 0.2793 0.4417 0.8526
vn 0.1057 -0.8145 -0.5704
vn 0.2354 0.2283 0.9447
vn 0.1343 0.6232 0.7705
vn -0.0389 -0.2394 -0.9701
vn 0.1587 0.1244 0.9794
vn -0.0970 -0.5020 -0.8594
vn -0.1017 -0.2082 -0.9728
vn 0.0714 0.1093 0.9914
vn -0.0475 0.3665 0.9292
vn -0.0582 0.3543 0.9333
vn -0.1948 -0.2947 -0.9355
vn -0.0023 0.3232 0.9463
vn -0.1345 -0.3387 -0.9312
vn 0.1158 0.1303 0.9847
vn 0.1224 0.3743 0.9192
vn -0.1872 -0.1371 -0.9727
vn 0.0991 0.2290 0.9684
vn 0.0253 0.1464 0.9889
vn 0.0692 0.0798 0.9944
vn -0.0978 -0.1299 -0.9867
vn 0.1692 0.1174 0.9786
vn 0.0255 0.1064 0.9940
vn 0.0679 0.1443 0.9872
vn 0.0315 0.1059 0.9939
vn -0.2580 0.1652 -0.9519
vn -0.0171 0.0850 0.9962
vn -0.2350 0.2644 -0.9353
vn -0.1782 0.2968 0.9382
vn -0.2975 0.2245 -0.9280
vn 0.0180 0.1016 -0.9947
vn -0.0660 -0.0616 0.9959
vn -0.2197 -0.0460 -0.9745
vn 0.1240 0.0929 0.9879
vn -0.0249 0.5277 0.8490
vn 0.0041 0.4924 -0.8704
vn 0.1090 -0.7194 -0.6860
vn -0.0412 -0.9894 -0.1392
vn -0.0000 0.1598 -0.9872
vn -0.0562 -0.9932 -0.1021
vn 0.0236 -0.2318 0.9725
vn -0.0444 -0.8248 -0.5637
vn 0.0905 -0.5212 -0.8486
vn -0.1594 0.4715 0.8673
vn -0.2284 0.1789 0.9570
vn -0.1354 0.6121 0.7791
vn 0.1438 -0.5771 -0.8040
vn 0.1459 -0.4274 -0.8922
vn 0.4176 -0.4762 -0.7739
vn 0.0538 0.4651 0.8836
vn 0.0628 0.7594 0.6476
vn 0.0802 0.7555 0.6503
vn -0.0671 -0.7479 -0.6604
vn 0.0174 -0.5387 -0.8423
vn -0.0373 0.4003 0.9156
vn -0.0497 0.4563 0.8884
vn 0.0073 -0.4641 -0.8858
vn -0.0179 0.7143 0.6996
vn 0.3201 0.6826 0.6570
vn 0.1940 0.3999 0.8958
vn -0.0671 0.0302 0.9973
vn -0.0579 0.4130 0.9089
vn 0.8374 0.3868 0.3863
vn -0.1592 -0.2270 -0.9608
vn 0.0509 0.2210 0.9739
vn 0.0499 0.2919 0.9552
vn -0.0195 -0.2801 -0.9598
vn 0.0428 0.3397 0.9395
vn 0.0317 -0.1825 -0.9827
vn 0.1429 0.2121 0.9668
vn -0.0796 0.3904 0.9172
vn 0.1022 -0.3260 -0.9398
vn 0.0759 0.4320 0.8986
vn 0.0483 0.1095 0.9928
vn -0.0374 0.0040 -0.9993
vn -0.0175 0.0755 0.9970
vn -0.0375 0.0777 -0.9963
vn 0.0041 -0.0175 0.9998
vn 0.1251 0.1331 -0.9832
vn -0.0163 -0.0856 0.9962
vn 0.1761 0.1731 -0.9690
vn 0.3490 0.0778 -0.9339
vn 0.0806 0.3005 -0.9504
vn -0.0128 0.3005 0.9537
vn 0.0502 0.1139 -0.9922
vn -0.5333 0.0572 0.8440
vn -0.6384 -0.1185 0.7605
vn -0.0266 0.2189 0.9754
vn 0.3206 0.2256 -0.9199
vn 0.5292 0.4783 -0.7008
vn -0.0943 -0.9057 0.4134
vn -0.0960 -0.2032 0.9744
vn 0.3819 0.4020 -0.8322
vn -0.0331 0.3025 -0.9526
vn 0.0905 0.3683 0.9253
vn -0.0598 -0.0146 -0.9981
vn -0.0488 -0.0544 -0.9973
vn 0.2510 0.4808 0.8401
vn -0.0550 -0.1027 0.9932
vn -0.0748 -0.9959 0.0511
vn 0.2477 0.3684 0.8960
vn 0.1258 -0.4838 -0.8661
vn -0.2107 0.1506 0.9659
vn -0.0303 -0.5097 -0.8598
vn 0.1029 -0.5668 -0.8174
vn 0.2021 -0.4724 -0.8579
vn 0.0757 0.6091 0.7895
vn 0.1108 -0.6987 -0.7068
vn 0.2733 0.4348 0.8580
vn -0.0668 0.5818 0.8106
vn 0.0960 -0.4507 -0.8875
vn 0.3014 -0.7288 -0.6148
vn 0.2477 -0.5642 -0.7876
vn 0.9483 -0.2755 0.1576
vn -0.1887 0.5341 0.8241
vn -0.1203 0.3272 0.9373
vn 0.2417 -0.5658 -0.7883
vn 0.2199 -0.3854 -0.8962
vn 0.0342 -0.0001 0.9994
vn 0.4418 -0.4144 -0.7956
vn -0.5662 0.4208 0.7087
vn 0.4676 -0.5621 -0.6822
vn -0.5743 0.4519 0.6826
vn -0.5931 0.6669 0.4511
vn 0.0636 -0.0329 0.9974
vn 0.3911 0.4545 0.8003
vn 0.1481 -0.4363 -0.8875
vn 0.0412 0.4027 0.9144
vn -0.0742 0.3660 0.9277
vn 0.1687 -0.2069 -0.9637
vn 0.2414 -0.3814 -0.8923
vn 0.2195 -0.2047 -0.9539
vn 0.4611 0.1274 -0.8782
vn -0.0268 0.4823 0.8756
vn -0.0534 0.1533 0.9867
vn -0.2116 0.2533 0.9440
vn 0.0248 -0.0687 0.9973
vn 0.2435 -0.0751 0.9670
vn 0.0335 0.1305 0.9909
vn 0.6474 0.5594 -0.5177
vn 0.4523 0.1476 -0.8796
vn -0.0511 0.0348 -0.9981
vn 0.0540 0.1777 0.9826
vn 0.2637 -0.0485 -0.9634
vn 0.5588 -0.0664 -0.8266
vn -0.1931 0.6476 0.7371
vn -0.1983 0.2836 0.9382
vn -0.1541 0.0206 -0.9878
vn 0.2526 0.3602 0.8980
vn 0.2574 -0.2178 -0.9414
vn 0.1120 -0.0184 0.9935
vn 0.0872 -0.0166 -0.9961
vn 0.1000 -0.0477 -0.9938
vn 0.4312 0.3853 0.8159
vn 0.0070 0.0020 -1.0000
vn -0.0214 0.2097 -0.9775
vn -0.1229 -0.0787 -0.9893
vn -0.1243 0.1465 0.9814
vn -0.0941 -0.2384 0.9666
vn 0.6035 0.6060 -0.5182
vn 0.7907 0.5718 -0.2187
vn -0.0486 -0.1456 -0.9882
vn 0.1915 -0.6556 -0.7304
vn 0.0703 0.2353 -0.9694
vn 0.0669 -0.0776 0.9947
vn -0.0000 0.9731 0.2302
vn 0.9650 -0.2620 0.0124
vn 0.6895 -0.5516 -0.4694
vn 0.4451 -0.3837 -0.8091
vn -0.0524 0.1460 -0.9879
vn -0.2569 0.3585 0.8975
vn 0.6198 -0.6797 -0.3924
vn 0.5405 -0.4779 -0.6925
vn 0.1593 -0.0182 0.9871
vn 0.8892 -0.2337 -0.3933
vn -0.4385 0.4217 0.7936
vn -0.4216 0.5025 0.7549
vn 0.9968 -0.0598 0.0533
vn -0.9999 0.0111 0.0060
vn 0.1290 -0.1516 0.9800
vn -0.0676 0.9426 0.3269
vn 0.0781 0.0420 0.9961
vn 0.1341 -0.0394 -0.9902
vn 0.1926 0.0965 -0.9765
vn -0.0675 -0.0172 -0.9976
vn -0.7836 0.2133 0.5835
vn 0.5099 -0.4768 -0.7161
vn -0.7482 0.2869 0.5982
vn -0.0000 0.1334 0.9911
vn 0.9917 -0.0478 -0.1191
vn 0.9545 0.0920 0.2837
vn -0.0000 -0.9610 0.2765
vn -0.0852 0.0545 -0.9949
vn -0.0088 -0.0182 -0.9998
vn 0.0149 -0.0136 -0.9998
vn 0.8173 -0.5342 -0.2159
vn -0.0695 0.0124 -0.9975
vn -0.0034 -0.0198 -0.9998
vn -0.2282 -0.0466 -0.9725
vn -0.1727 0.0485 -0.9838
vn 0.0644 0.2083 -0.9760
vn 0.7880 0.0152 -0.6155
vn -0.0000 0.2004 0.9797
vn -0.0732 -0.0727 0.9947
vn -0.1154 0.0004 -0.9933
vn -0.0000 0.0906 0.9959
vn -0.0208 -0.0272 -0.9994
vn -0.0204 -0.0465 -0.9987
vn 0.2180 0.6677 -0.7118
vn -0.0000 0.0522 0.9986
vn -0.3054 -0.0858 -0.9484
vn -0.0075 0.0069 -0.9999
vn -0.2098 -0.1282 -0.9693
vn 0.3523 0.8491 -0.3935
vn 0.9904 0.1107 -0.0825
vn -0.1239 -0.0000 -0.9923
vn 0.1239 -0.0000 0.9923
vn -0.0140 -0.9999 -0.0052
vn -0.1744 -0.2969 -0.9388
vn -0.0838 0.0360 0.9958
vn 0.0227 0.3117 -0.9499
vn -0.0000 0.2377 0.9713
vn 0.0005 0.1225 0.9925
vn 0.0054 0.3009 0.9536
vn -0.0151 0.0937 0.9955
vn 0.0093 0.1109 -0.9938
vn -0.0439 -0.0308 0.9986
vn 0.1960 0.0251 0.9803
vn -0.1510 0.0131 0.9885
vn 0.0039 0.0319 0.9995
vn -0.0001 -0.0358 0.9994
vn -0.0305 0.2168 0.9757
vn -0.0266 0.1933 0.9808
vn -0.0000 0.2890 0.9573
vn -0.0016 0.0355 0.9994
vn -0.0138 0.2886 0.9573
vn 0.0016 -0.0355 -0.9994
vn -0.1276 0.4565 0.8805
vn 0.0037 -0.0589 -0.9983
vn 0.0608 0.0514 -0.9968
vn -0.1573 -0.5150 -0.8426
vn -0.1016 -0.0090 0.9948
vn 0.6266 0.0206 -0.7791
vn 0.0280 -0.0590 0.9979
vn -0.0741 -0.0140 0.9972
vn 0.2620 0.5283 -0.8076
vn 0.0200 -0.0147 -0.9997
vn 0.4868 0.2150 0.8467
vn 0.3055 0.0145 0.9521
vn -0.6584 0.3937 -0.6415
vn 0.2498 0.0355 0.9676
vn -0.0980 -0.0388 -0.9944
vn 0.0980 0.0388 0.9944
vn -0.0000 0.0930 0.9957
vn -0.1397 -0.0326 0.9897
vn -0.2318 -0.0043 -0.9727
vn 0.0729 0.1000 0.9923
vn 0.0585 0.0207 0.9981
vn -0.3291 -0.0304 -0.9438
vn -0.5577 0.2166 -0.8013
vn 0.1010 -0.0898 0.9908
vn 0.2372 -0.1489 -0.9600
vn -0.0099 -0.3440 0.9389
vn 0.0033 -0.0191 0.9998
vn -0.9407 0.0850 -0.3284
vn 0.3939 -0.8298 0.3953
vn 0.8482 -0.0690 0.5252
vn -0.9169 -0.2983 0.2652
vn -0.2727 0.1389 0.9520
vn -0.1247 -0.0352 0.9916
vn -0.2252 0.0137 -0.9742
vn 0.0094 -0.2535 0.9673
vn -0.5066 -0.1498 -0.8491
vn 0.0853 0.0943 -0.9919
vn -0.2794 0.1369 0.9504
vn 0.2650 -0.9013 -0.3426
vn 0.1509 -0.1497 0.9771
vn 0.0573 -0.0571 -0.9967
vn 0.0538 -0.9047 0.4226
vn -0.0367 0.0926 0.9950
vn 0.0630 -0.0889 -0.9940
vn 0.3284 0.9445 -0.0086
vn -0.0018 -0.6278 -0.7783
vn -0.0769 -0.1492 0.9858
vn -0.0375 -0.0569 -0.9977
vn -0.0420 0.0140 -0.9990
vn 0.7065 -0.6758 0.2101
vn -0.0311 -0.0079 0.9995
vn -0.0141 -0.2088 -0.9779
vn -0.0078 0.0116 0.9999
vn -0.0054 -0.0034 1.0000
vn 0.0938 -0.9920 -0.0841
vn 0.0104 -0.0714 -0.9974
vn -0.0202 0.1023 0.9945
vn 0.0275 -0.1328 -0.9908
vn -0.8011 0.5957 -0.0583
vn -0.0412 0.0722 0.9965
vn -0.0344 0.0673 0.9971
vn -0.1971 -0.9798 -0.0344
vn -0.0067 0.1837 -0.9830
vn -0.0754 -0.0000 -0.9972
vn 0.0754 -0.0000 0.9972
vn 0.4748 0.4276 -0.7692
vn 0.8009 0.0589 0.5959
vn 0.1313 0.0149 -0.9912
vn 0.1531 0.1936 0.9691
vn 0.1637 0.3790 0.9108
vn 0.1234 0.3587 -0.9253
vn -0.2002 -0.1222 0.9721
vn 0.0284 -0.2819 -0.9590
vn -0.0684 0.0421 -0.9968
vn -0.0707 0.2146 0.9741
vn 0.0707 -0.2146 -0.9741
vn 0.0330 -0.0079 -0.9994
vn 0.0773 0.0529 -0.9956
vn 0.7625 -0.6357 0.1203
vn -0.0515 0.1697 0.9841
vn -0.1013 -0.2619 0.9598
vn 0.0515 -0.1697 -0.9841
vn 0.0066 0.0006 -1.0000
vn 0.0279 0.0778 0.9966
vn 0.0947 -0.4344 0.8957
vn -0.0000 0.2677 0.9635
vn -0.2023 -0.2185 0.9546
vn 0.0684 -0.6828 -0.7274
vn -0.4519 0.3652 0.8139
vn -0.8581 0.4451 0.2561
vn -0.7444 0.4346 0.5069
vn -0.0135 0.0371 -0.9992
vn 0.0004 0.0578 -0.9983
vn 0.6720 0.1921 0.7152
vn 0.1012 -0.2105 -0.9723
vn -0.0106 0.3299 -0.9440
vn 0.0168 -0.1314 -0.9912
vn 0.5338 0.7949 0.2885
vn -0.3624 -0.1161 -0.9247
vn -0.0591 -0.0474 -0.9971
vn -0.0220 0.0456 -0.9987
vn 0.0874 -0.0713 0.9936
vn 0.1346 0.1457 0.9801
vn -0.0360 0.0347 -0.9987
vn -0.1999 0.0043 -0.9798
vn -0.0617 -0.1783 -0.9820
vn -0.1114 -0.0563 0.9922
vn 0.1595 -0.0173 0.9871
vn 0.0571 0.0438 -0.9974
vn 0.5137 -0.6217 -0.5912
vn -0.1760 -0.8318 -0.5264
vn 0.1754 -0.3474 -0.9212
vn 0.5637 -0.4236 -0.7091
vn -0.2931 0.3431 0.8924
vn -0.5518 0.0149 0.8338
vn 0.5285 -0.6457 -0.5511
vn 0.5695 -0.7470 -0.3431
vn -0.5314 0.6270 0.5697
vn 0.3969 -0.4155 -0.8184
vn -0.5181 0.5667 0.6407
vn -0.4119 0.3725 0.8316
vn -0.5151 0.4466 0.7316
vn 0.3681 -0.8017 -0.4709
vn -0.5342 0.6100 0.5852
vn 0.0873 -0.2478 -0.9649
vn -0.3382 0.7571 0.5589
vn 0.6360 -0.5363 -0.5548
vn -0.4137 0.6127 0.6733
vn 0.7031 -0.2155 -0.6777
vn -0.1489 0.9317 0.3314
vn -0.5057 0.7584 0.4112
vn -0.0154 -0.0597 0.9981
vn -0.0813 -0.7883 0.6099
vn 0.0730 0.9732 -0.2181
vn -0.4617 0.2102 -0.8618
vn -0.0429 0.0257 0.9987
vn 0.0208 0.0677 -0.9975
vn -0.0732 0.0414 0.9965
vn -0.1383 -0.1154 -0.9836
vn -0.0505 -0.0274 0.9984
vn -0.1979 0.0089 0.9802
vn 0.1795 0.0309 -0.9833
vn -0.3036 0.1766 -0.9363
vn 0.1274 -0.1022 -0.9866
vn -0.3260 -0.8407 0.4325
vn -0.1189 -0.0128 -0.9928
vn -0.2785 -0.0401 0.9596
vn -0.1152 -0.0250 -0.9930
vn 0.4860 0.4934 -0.7213
vn -0.8482 -0.0821 0.5233
vn 0.3271 -0.0061 -0.9450
vn -0.2060 -0.0000 -0.9786
vn 0.2060 -0.0000 0.9786
vn -0.3663 -0.7649 -0.5299
vn -0.2027 0.0373 0.9785
vn 0.2974 0.3201 -0.8995
vn -0.0000 0.1660 -0.9861
vn 0.1801 -0.2344 -0.9553
vn 0.1473 0.1998 -0.9687
vn 0.6168 0.5735 -0.5391
vn -0.1530 -0.5648 0.8109
vn 0.7958 0.0556 -0.6030
vn -0.6375 -0.0830 0.7659
vn -0.0824 -0.0769 0.9936
vn 0.2383 0.0140 -0.9711
vn 0.2333 0.4045 -0.8843
vn 0.0969 0.0088 0.9953
vn 0.3143 0.1698 0.9340
vn -0.1337 -0.0529 -0.9896
vn -0.1344 -0.0553 -0.9894
vn 0.5198 0.4594 -0.7203
vn 0.5611 0.5558 -0.6134
vn -0.2532 -0.0533 -0.9659
vn -0.1878 -0.0516 -0.9809
vn -0.3002 -0.2171 -0.9288
vn -0.1137 -0.0920 0.9892
vn -0.0886 -0.2551 -0.9629
vn 0.0631 -0.2137 -0.9749
vn -0.3922 -0.2127 -0.8949
vn 0.1086 -0.7500 0.6525
vn -0.1967 -0.3227 0.9258
vn -0.1638 0.7361 0.6568
vn -0.6091 -0.2083 0.7653
vn -0.3617 -0.1252 -0.9238
vn -0.7099 -0.1326 0.6917
vn -0.1865 -0.3626 -0.9131
vn -0.3652 -0.1420 0.9200
vn 0.1001 0.1809 0.9784
vn -0.1538 0.0618 -0.9862
vn -0.3985 -0.0972 -0.9120
vn -0.1363 0.3347 0.9324
vn -0.1409 0.0325 -0.9895
vn -0.1525 0.4745 -0.8670
vn 0.7233 -0.3655 -0.5858
vn 0.0581 0.1042 0.9929
vn 0.0375 -0.1371 0.9899
vn -0.6614 0.5052 -0.5543
vn -0.0510 -0.9969 0.0597
vn -0.2930 0.1365 0.9463
vn -0.0722 -0.9969 0.0311
vn 0.2148 -0.1986 0.9563
vn -0.0956 0.5245 -0.8460
vn -0.1747 -0.2308 0.9572
vn -0.0536 0.3123 -0.9485
vn 0.0400 -0.0008 0.9992
vn 0.0568 -0.6410 0.7654
vn 0.0046 0.0461 0.9989
vn -0.2844 0.2542 -0.9244
vn -0.5485 -0.1227 0.8271
vn -0.3677 0.3766 -0.8503
vn -0.0920 -0.1456 0.9851
vn -0.0317 -0.3579 0.9332
vn -0.5385 -0.1181 0.8343
vn -0.4465 0.4756 -0.7579
vn 0.0506 0.0274 0.9983
vn -0.2361 0.5336 -0.8121
vn -0.0466 0.0116 0.9988
vn -0.0489 0.0353 0.9982
vn 0.0023 0.2156 -0.9765
vn -0.0148 0.4882 -0.8726
vn 0.2858 -0.5351 0.7950
vn -0.0005 -0.5706 -0.8213
vn -0.2296 0.0755 0.9703
vn -0.4672 0.3899 0.7936
vn 0.1912 -0.2766 -0.9418
vn -0.0261 -0.7163 -0.6973
vn -0.5216 0.4440 0.7285
vn 0.6886 -0.7205 -0.0818
vn 0.1974 -0.2598 -0.9453
vn -0.3690 0.7814 0.5032
vn 0.4412 -0.6921 -0.5713
vn -0.0562 0.7451 0.6646
vn -0.2681 0.9427 0.1986
vn 0.3315 -0.5773 -0.7462
vn -0.6886 -0.5805 -0.4346
vn 0.0657 -0.2347 -0.9699
vn 0.0739 0.0699 0.9948
vn -0.1422 0.2213 0.9648
vn 0.0892 -0.1811 -0.9794
vn -0.0437 0.1659 0.9852
vn 0.1886 -0.2529 -0.9489
vn -0.3169 -0.3413 0.8849
vn -0.2400 0.0247 0.9705
vn 0.5615 -0.7164 -0.4141
vn -0.2967 0.0772 0.9518
vn -0.0712 0.1504 -0.9861
vn 0.0730 0.1396 -0.9875
vn 0.0084 -0.2007 0.9796
vn -0.0586 -0.2153 0.9748
vn -0.0670 -0.0879 0.9939
vn -0.0381 -0.2447 0.9688
vn -0.1048 -0.1041 0.9890
vn 0.1431 0.2547 -0.9564
vn -0.1310 -0.2874 0.9488
vn 0.3316 -0.0424 -0.9425
vn -0.1548 0.2383 0.9588
vn -0.2184 -0.1513 0.9641
vn -0.1138 -0.2195 0.9689
vn -0.1772 -0.3227 0.9298
vn 0.1042 0.4440 -0.8899
vn -0.0748 0.3323 -0.9402
vn -0.0879 0.6928 -0.7158
vn -0.1381 -0.1045 0.9849
vn 0.0755 -0.3375 0.9383
vn -0.1705 -0.1790 0.9690
vn 0.1573 0.3165 -0.9354
vn -0.1030 -0.4024 0.9097
vn 0.0692 0.4131 -0.9081
vn -0.1686 -0.1707 0.9708
vn -0.1493 -0.2227 0.9634
vn 0.2139 0.2271 -0.9501
vn 0.0171 0.0057 -0.9998
vn -0.1116 0.8699 -0.4804
vn -0.0485 -0.0795 0.9957
vn -0.0548 -0.9871 -0.1504
vn 0.5375 -0.5732 -0.6185
vn -0.1656 0.7117 0.6826
vn 0.1748 -0.2471 -0.9531
vn -0.1168 0.2616 0.9581
vn 0.4109 -0.5377 -0.7363
vn 0.2647 -0.3415 -0.9019
vn 0.0154 0.6208 0.7838
vn -0.0000 -0.9586 0.2849
vn 0.2775 -0.3658 -0.8884
vn 0.0625 -0.9859 -0.1550
vn 0.2021 -0.5990 -0.7748
vn -0.6288 0.4690 0.6202
vn 0.4369 -0.3855 0.8127
vn 0.3978 -0.6142 -0.6815
vn 0.0737 -0.9951 -0.0657
vn 0.4085 -0.8212 -0.3984
vn -0.5250 0.5000 0.6888
vn 0.1662 -0.3289 -0.9296
vn -0.2579 0.2996 0.9185
vn -0.6321 -0.0731 0.7714
vn -0.5452 -0.1675 0.8214
vn 0.2490 -0.4351 -0.8653
vn 0.4152 -0.1958 -0.8884
vn -0.2978 0.2796 0.9128
vn -0.3578 -0.0608 0.9318
vn -0.9735 0.0066 0.2285
vn 0.0231 -0.2163 -0.9761
vn -0.4014 0.2833 0.8710
vn -0.3916 -0.0050 0.9201
vn -0.4042 -0.0024 0.9147
vn 0.3717 -0.1131 -0.9214
vn -0.3309 0.3154 0.8894
vn -0.4291 0.2635 0.8640
vn 0.5477 0.0167 -0.8365
vn -0.4557 -0.0377 0.8894
vn 0.3826 -0.3821 -0.8412
vn 0.3653 -0.1757 -0.9141
vn 0.3958 -0.0339 -0.9177
vn 0.2143 0.2834 -0.9347
vn -0.3380 -0.2183 0.9155
vn 0.3021 0.0273 -0.9529
vn -0.3568 -0.1972 0.9131
vn 0.4080 0.1055 -0.9069
vn -0.4272 -0.1116 0.8973
vn -0.0041 0.4215 0.9068
vn -0.1551 -0.1434 0.9774
vn -0.1954 -0.4561 0.8682
vn 0.4283 -0.0712 -0.9008
vn -0.2620 0.2335 0.9364
vn -0.1265 0.4751 0.8708
vn 0.1228 0.0409 0.9916
vn -0.4778 0.0775 0.8750
vn 0.6901 0.1963 -0.6966
vn -0.3455 -0.1755 0.9219
vn 0.2397 0.3177 -0.9174
vn -0.2406 -0.5226 0.8179
vn 0.5505 0.5229 -0.6507
vn -0.2747 -0.0468 0.9604
vn 0.2559 0.1496 -0.9551
vn -0.0793 0.1158 0.9901
vn 0.0582 -0.9232 -0.3798
vn 0.8155 0.4781 -0.3262
vn -0.7878 -0.2065 0.5802
vn 0.3094 0.0467 -0.9498
vn 0.2800 0.4649 -0.8399
vn 0.0142 0.1667 0.9859
vn 0.1739 0.0297 -0.9843
vn 0.6059 0.6262 -0.4906
vn -0.0908 -0.3267 0.9408
vn -0.4019 -0.5424 0.7378
vn 0.3675 0.5863 -0.7219
vn -0.1015 0.9768 -0.1886
vn -0.5235 -0.4439 0.7272
vn -0.5522 -0.3451 0.7589
vn 0.8012 0.2047 0.5622
vn 0.2349 0.2380 -0.9424
vn -0.0068 -0.0727 -0.9973
vn -0.7538 -0.3924 -0.5271
vn 0.5653 0.3723 -0.7361
vn 0.4629 0.4678 -0.7529
vn 0.0818 -0.0146 0.9965
vn 0.1651 0.0970 -0.9815
vn 0.1526 0.1275 -0.9800
vn 0.1230 0.3594 -0.9250
vn -0.5104 -0.2365 0.8267
vn -0.0197 -0.0519 0.9985
vn -0.5512 0.7421 0.3815
vn -0.0453 0.9917 0.1200
vn -0.0000 0.9742 0.2258
vn 0.6626 0.6229 -0.4158
vn 0.0313 0.1377 0.9900
vn 0.7445 0.6510 0.1478
vn 0.5317 -0.4736 0.7021
vn -0.3176 -0.1050 0.9424
vn -0.9471 -0.3156 -0.0585
vn 0.2819 -0.8210 -0.4965
vn 0.6715 -0.3742 -0.6396
vn -0.6814 0.2065 0.7022
vn -0.6181 0.4972 0.6089
vn 0.9268 -0.0425 -0.3730
vn 0.2582 -0.2043 -0.9442
vn 0.7654 0.0084 -0.6435
vn 0.6396 -0.1834 -0.7465
vn 0.5466 -0.5803 0.6037
vn -0.6888 0.2319 0.6869
vn 0.8070 -0.5074 -0.3022
vn -0.0460 0.8226 0.5668
vn 0.7824 -0.2856 -0.5534
vn 0.2794 0.3397 -0.8981
vn 0.2470 -0.2579 -0.9341
vn 0.3285 0.1742 -0.9283
vn -0.2457 -0.0052 0.9693
vn 0.7294 -0.4517 -0.5137
vn 0.4481 -0.8304 -0.3310
vn -0.3644 -0.1446 0.9200
vn -0.0959 -0.9919 0.0836
vn 0.4356 0.0190 -0.9000
vn 0.4478 0.6492 -0.6148
vn 0.2076 0.1259 -0.9701
vn -0.9448 -0.0279 -0.3264
vn 0.4727 -0.0595 -0.8792
vn 0.0397 -0.9991 0.0173
vn 0.2393 -0.0359 -0.9703
vn 0.6689 -0.0598 -0.7410
vn -0.5124 0.0442 0.8576
vn -0.5056 0.1291 0.8530
vn 0.9682 0.0036 -0.2500
vn -0.3305 0.6038 -0.7254
vn 0.7912 0.1153 -0.6007
vn 0.8142 0.1828 -0.5510
vn -0.5997 0.0333 0.7995
vn 0.9991 0.0122 -0.0408
vn -0.2766 -0.5468 0.7903
vn -0.2158 0.2269 0.9497
vn 0.7168 0.6972 -0.0094
vn -0.2352 0.1132 0.9653
vn -0.3125 -0.3733 0.8735
vn 0.1777 0.8999 -0.3984
vn 0.6191 0.3000 -0.7258
vn 0.4886 -0.0923 -0.8676
vn 0.0354 -0.0403 0.9986
vn 0.3016 -0.2821 -0.9108
vn 0.0602 -0.0515 0.9969
vn -0.0602 0.0515 -0.9969
vn 0.0586 -0.0863 -0.9945
vn -0.1521 -0.0000 -0.9884
vn 0.1521 -0.0000 0.9884
vn 0.2483 -0.0111 0.9686
vn 0.1184 0.0113 -0.9929
vn -0.0950 -0.0278 0.9951
vn -0.9865 0.1617 -0.0249
vn -0.0544 -0.0762 0.9956
vn 0.9808 -0.1945 0.0109
vn 0.2533 0.0546 -0.9658
vn 0.1051 -0.0951 0.9899
vn 0.0978 -0.0710 0.9927
vn 0.1121 0.2005 0.9733
vn -0.2450 -0.4782 0.8434
vn -0.0366 -0.0179 -0.9992
vn -0.0000 0.1899 -0.9818
vn -0.0000 0.2425 -0.9702
vn -0.0190 -0.2424 0.9700
vn 0.0154 0.1333 0.9910
vn -0.6391 -0.7385 0.2151
vn -0.0283 0.0249 0.9993
vn 0.0234 0.6475 -0.7617
vn 0.1233 0.0268 0.9920
vn -0.0072 0.4676 0.8839
vn 0.3192 0.5821 -0.7478
vn -0.0616 -0.9512 -0.3023
vn 0.0074 0.9465 -0.3225
vn 0.0475 0.5779 -0.8148
vn 0.0140 0.4508 0.8925
vn -0.2026 -0.0902 0.9751
vn 0.1789 0.2509 -0.9513
vn 0.2357 0.1303 -0.9630
vn -0.0168 -0.9729 0.2308
vn 0.0327 0.2602 0.9650
vn -0.6861 0.7121 -0.1491
vn -0.0383 -0.1778 -0.9833
vn -0.0252 -0.0356 0.9990
vn 0.0040 0.1238 0.9923
vn 0.1284 0.2328 0.9640
vn 0.0309 -0.1691 0.9851
vn 0.0005 -0.0038 -1.0000
vn -0.3036 -0.1560 0.9399
vn -0.0045 -0.0081 -1.0000
vn 0.2024 0.3677 0.9077
vn 0.6295 0.7530 0.1917
vn -0.0567 0.1259 0.9904
vn -0.0455 -0.2309 0.9719
vn 0.8692 0.4924 -0.0440
vn 0.6190 0.7539 -0.2202
vn -0.0091 0.0059 -0.9999
vn -0.4856 -0.2255 0.8446
vn -0.5058 -0.4238 0.7514
vn -0.4521 -0.3812 0.8064
vn 0.0703 0.6149 -0.7854
vn -0.4495 -0.3942 0.8016
vn -0.1153 -0.0710 -0.9908
vn -0.1081 -0.0057 -0.9941
vn 0.4375 0.4877 -0.7555
vn 0.4479 -0.1500 -0.8814
vn -0.0160 -0.2906 0.9567
vn 0.2366 0.4441 -0.8642
vn 0.5765 -0.5517 0.6027
vn 0.6692 0.7219 0.1764
vn -0.0717 -0.3350 -0.9395
vn -0.0711 -0.0760 -0.9946
vn -0.3799 -0.4708 0.7962
vn 0.4180 0.3391 -0.8428
vn 0.0041 -0.6259 0.7799
vn -0.3118 -0.3854 0.8685
vn -0.4098 -0.3357 0.8481
vn -0.0071 0.0229 -0.9997
vn 0.0828 0.5837 -0.8077
vn -0.3854 -0.3749 0.8432
vn -0.5488 -0.6955 0.4637
vn 0.0775 0.5814 -0.8099
vn 0.0495 0.0886 -0.9948
vn 0.2849 0.8940 -0.3457
vn -0.0514 -0.1056 0.9931
vn 0.0443 0.1025 -0.9937
vn -0.0451 -0.9822 -0.1821
vn 0.0548 0.9855 -0.1606
vn -0.0207 -0.2213 0.9750
vn 0.0305 -0.1948 -0.9804
vn 0.0470 0.2357 0.9707
vn 0.0780 0.0946 -0.9925
vn -0.2895 -0.1505 0.9453
vn -0.1117 -0.4311 -0.8953
vn 0.0407 -0.0166 0.9990
vn -0.0765 -0.0905 0.9930
vn 0.0254 -0.0596 -0.9979
vn 0.0765 0.0905 -0.9930
vn -0.8839 -0.1899 0.4274
vn -0.5829 -0.6275 0.5163
vn 0.3734 0.5064 -0.7772
vn -0.6403 -0.1640 0.7504
vn -0.0000 0.1870 -0.9824
vn -0.0000 0.1529 0.9882
vn 0.1909 0.5647 -0.8029
vn -0.0000 0.1568 0.9876
vn -0.2047 -0.6399 0.7407
vn -0.2601 -0.4328 0.8632
vn 0.2185 0.5478 -0.8076
vn 0.0181 0.6405 -0.7677
vn -0.0181 -0.6405 0.7677
vn -0.2081 -0.0000 -0.9781
vn -0.2545 -0.4229 0.8697
vn -0.3546 -0.4161 0.8373
vn -0.1792 -0.9247 -0.3360
vn -0.3808 -0.5133 0.7691
vn 0.2081 -0.0000 0.9781
vn -0.0659 0.0115 0.9978
vn -0.0691 0.1573 0.9851
vn -0.0753 -0.0800 0.9939
vn 0.0753 0.0800 -0.9939
vn -0.0000 0.2464 -0.9692
vn 0.0071 1.0000 0.0044
vn -0.0000 0.1872 0.9823
vn 0.4216 0.3040 -0.8543
vn -0.1790 -0.0487 0.9826
vn 0.4168 0.4290 -0.8014
vn 0.6858 0.5377 -0.4906
vn 0.3301 -0.4874 0.8084
vn -0.4512 -0.4304 0.7818
vn -0.3975 -0.3130 0.8626
vn -0.3568 -0.6665 0.6546
vn 0.3494 0.4053 -0.8448
vn 0.6598 0.7267 0.1910
vn 0.6967 0.5884 -0.4103
vn 0.4014 0.3098 -0.8619
vn -0.3641 -0.6386 0.6780
vn -0.3979 -0.7902 -0.4661
vn 0.4600 0.5121 -0.7253
vn 0.0079 -0.0444 -0.9990
vn 0.0267 -0.0162 -0.9995
vn -0.0649 -0.0117 -0.9978
vn -0.6218 -0.7371 -0.2646
vn -0.0073 -0.7382 -0.6746
vn 0.2024 0.6843 0.7006
vn -0.8884 -0.0591 0.4552
vn -0.1894 -0.1051 -0.9763
vn -0.3769 -0.4478 -0.8108
vn -0.0445 0.7628 0.6451
vn 0.9613 0.1986 0.1908
vn -0.2627 -0.5258 -0.8090
vn -0.1451 0.0307 0.9889
vn -0.5557 -0.8225 -0.1211
vn -0.5038 -0.2544 -0.8255
vn -0.6267 -0.6980 0.3464
vn -0.7860 -0.0901 -0.6116
vn -0.5952 -0.4265 -0.6811
vn -0.9728 -0.2199 0.0722
vn 0.2874 -0.2384 -0.9277
vn 0.3148 -0.0113 0.9491
vn -0.4195 -0.3803 -0.8242
vn 0.4307 0.4583 0.7775
vn 0.3304 0.4620 0.8231
vn -0.3832 -0.9081 -0.1690
vn -0.1830 -0.3390 -0.9228
vn -0.9904 -0.0583 -0.1251
vn 0.0467 0.1320 0.9901
vn 0.0057 -0.3674 -0.9301
vn -0.3860 -0.7017 -0.5989
vn 0.1463 0.1135 0.9827
vn 0.0738 0.2346 0.9693
vn 0.0655 0.0942 0.9934
vn -0.1956 -0.2368 -0.9517
vn -0.3263 0.2057 -0.9226
vn -0.2888 0.1943 -0.9375
vn 0.2150 0.0887 0.9726
vn -0.2981 -0.2429 -0.9231
vn -0.1910 0.1072 0.9757
vn 0.1796 0.9835 -0.0214
vn 0.0216 0.1829 0.9829
vn -0.9253 -0.3389 -0.1703
vn 0.2242 -0.2860 0.9316
vn 0.3264 0.7105 0.6234
vn -0.0346 0.3070 0.9511
vn -0.2760 -0.1010 0.9558
vn -0.1632 0.1548 -0.9744
vn -0.0753 -0.1574 -0.9847
vn -0.0341 0.0777 0.9964
vn -0.0621 -0.1117 -0.9918
vn -0.0525 0.0648 0.9965
vn -0.1292 -0.1010 -0.9865
vn 0.1812 0.1690 0.9688
vn 0.0774 0.1309 0.9884
vn -0.3302 -0.0057 -0.9439
vn 0.1152 0.8987 0.4231
vn 0.0583 0.2983 0.9527
vn -0.8595 -0.1930 -0.4733
vn -0.4621 -0.0604 -0.8848
vn -0.2282 0.8620 -0.4526
vn -0.4434 0.5109 0.7365
vn -0.8520 0.4156 -0.3185
vn -0.5343 0.6113 -0.5838
vn 0.0316 -0.9476 0.3178
vn 0.6609 0.0401 0.7494
vn -0.9077 -0.3954 -0.1408
vn 0.3068 -0.9494 -0.0678
vn 0.1445 0.4819 0.8642
vn -0.1864 0.0112 0.9824
vn -0.7017 -0.6880 0.1850
vn -0.5809 0.2144 0.7853
vn -0.2887 -0.4726 -0.8326
vn 0.0886 0.1510 0.9846
vn -0.0720 0.4798 0.8744
vn -0.1564 -0.5006 -0.8514
vn -0.2026 -0.6252 -0.7537
vn 0.1831 0.4173 0.8901
vn -0.1375 -0.3295 -0.9341
vn 0.2225 0.2710 0.9365
vn -0.1171 -0.5249 -0.8431
vn 0.0402 -0.1891 0.9811
vn -0.1256 -0.5080 -0.8522
vn 0.1269 0.5073 0.8524
vn 0.1104 0.2031 0.9729
vn -0.1705 -0.3182 -0.9326
vn -0.1895 -0.2953 -0.9364
vn 0.0927 0.1206 0.9884
vn 0.0989 0.0917 0.9909
vn -0.0521 0.3713 0.9271
vn -0.0507 0.3670 0.9289
vn -0.0340 0.2431 0.9694
vn -0.1550 -0.4074 -0.9000
vn -0.2371 -0.1776 -0.9551
vn 0.0597 0.1432 0.9879
vn -0.2316 -0.1079 -0.9668
vn -0.1091 -0.0142 -0.9939
vn 0.1689 0.1550 0.9734
vn 0.0054 0.0378 -0.9993
vn -0.1005 0.0431 -0.9940
vn -0.0730 -0.0037 -0.9973
vn -0.2765 0.7098 0.6479
vn 0.0642 0.0602 0.9961
vn -0.5556 0.6137 0.5610
vn -0.5303 0.7004 0.4777
vn -0.1261 0.2653 -0.9559
vn -0.0502 -0.0562 0.9972
vn -0.1665 -0.1123 -0.9796
vn -0.0773 0.3178 -0.9450
vn 0.0186 -0.2747 0.9613
vn 0.0111 0.2795 0.9601
vn 0.0279 -0.6981 -0.7155
vn 0.2969 0.1954 -0.9347
vn -0.0000 -0.1598 0.9872
vn -0.8257 -0.3081 -0.4726
vn -0.0156 0.5488 0.8358
vn -0.0153 0.5443 0.8388
vn -0.1168 0.3819 0.9168
vn 0.1406 -0.6532 -0.7440
vn -0.0582 -0.5272 -0.8478
vn -0.2950 -0.6639 -0.6872
vn -0.0104 0.4363 0.8997
vn -0.0669 -0.5363 -0.8414
vn -0.2223 -0.1111 0.9686
vn 0.0512 -0.5033 -0.8626
vn 0.8952 0.1864 -0.4047
vn 0.2384 0.3219 0.9163
vn 0.1103 0.2687 0.9569
vn 0.1646 0.8097 0.5633
vn 0.0576 0.2437 0.9681
vn -0.1633 -0.0509 -0.9853
vn 0.0532 0.2889 0.9559
vn -0.0379 -0.4205 -0.9065
vn -0.0369 -0.4199 -0.9068
vn -0.0026 -0.3348 -0.9423
vn -0.0164 0.3121 0.9499
vn 0.0444 0.0398 0.9982
vn 0.2010 0.0018 -0.9796
vn -0.0588 0.1778 0.9823
vn -0.1390 0.0966 0.9856
vn 0.0398 -0.0197 0.9990
vn -0.0321 0.0270 0.9991
vn 0.1327 0.1006 -0.9860
vn 0.1476 0.0105 0.9890
vn 0.1035 0.0753 -0.9918
vn 0.2707 0.2294 -0.9349
vn 0.3528 -0.3471 0.8690
vn 0.6311 0.6015 -0.4897
vn 0.5192 0.7676 -0.3758
vn 0.2084 0.3234 -0.9230
vn 0.1657 0.1471 -0.9751
vn 0.2180 0.2432 0.9451
vn 0.2119 0.0178 -0.9771
vn 0.1260 0.2656 0.9558
vn 0.0471 -0.2650 0.9631
vn -0.0337 -0.1038 0.9940
vn -0.0527 -0.0848 0.9950
vn 0.0849 0.8164 -0.5712
vn -0.0442 0.3713 0.9275
vn 0.2946 0.3426 0.8921
vn -0.1924 0.6714 0.7157
vn 0.1864 -0.7668 -0.6142
vn -0.5353 -0.0482 0.8433
vn -0.3412 0.5637 0.7522
vn -0.2710 0.3860 0.8818
vn -0.3312 0.2750 0.9026
vn 0.0953 -0.4441 -0.8909
vn 0.9079 -0.3102 -0.2819
vn 0.1283 -0.5257 -0.8409
vn -0.0004 0.7606 0.6492
vn 0.0841 -0.1381 0.9868
vn 0.1911 -0.9184 -0.3464
vn 0.2309 0.0012 -0.9730
vn -0.0957 0.5936 0.7991
vn -0.4331 0.5334 0.7266
vn 0.2444 -0.9605 -0.1332
vn 0.0496 0.0055 0.9988
vn 0.5777 -0.5752 -0.5791
vn 0.4479 -0.4342 -0.7816
vn -0.5524 0.4622 0.6938
vn 0.3634 -0.2650 -0.8931
vn -0.4042 0.7280 0.5538
vn 0.0080 -0.0036 1.0000
vn 0.1507 -0.2202 -0.9637
vn -0.0560 0.3514 0.9346
vn -0.0641 0.3634 0.9294
vn -0.2078 0.3401 0.9171
vn 0.2400 -0.2420 -0.9401
vn -0.2007 0.2386 0.9502
vn 0.2414 0.0013 -0.9704
vn 0.6380 -0.0018 -0.7700
vn -0.1265 -0.1257 0.9840
vn 0.1869 -0.3625 -0.9131
vn -0.3021 0.3175 0.8988
vn -0.2070 0.1781 0.9620
vn 0.1266 0.0761 -0.9890
vn 0.2216 -0.3939 -0.8920
vn 0.2828 -0.1214 -0.9515
vn 0.9180 -0.3311 -0.2182
vn 0.1542 0.2830 0.9466
vn -0.1178 0.4854 0.8663
vn -0.1348 0.5067 0.8515
vn 0.2059 -0.1649 -0.9646
vn -0.3004 0.3664 0.8807
vn 0.1823 0.2301 0.9559
vn -0.2493 0.1607 0.9550
vn -0.0682 0.0126 0.9976
vn -0.0581 -0.0558 0.9967
vn -0.1106 0.2100 0.9714
vn 0.0049 -0.0019 -1.0000
vn -0.1040 0.4437 0.8901
vn -0.1431 0.5702 0.8090
vn 0.9127 0.2079 -0.3517
vn 0.2168 -0.5623 -0.7980
vn -0.0146 -0.0741 0.9971
vn 0.4900 0.1796 0.8530
vn 0.0096 0.0111 -0.9999
vn -0.1640 -0.1488 0.9752
vn -0.1118 0.0173 -0.9936
vn 0.2638 0.5412 0.7984
vn -0.0557 -0.1484 -0.9874
vn 0.0299 0.9946 0.0994
vn -0.0052 -0.2142 0.9768
vn -0.0000 -0.9731 -0.2302
vn 0.3833 -0.6660 -0.6399
vn 0.5805 -0.5648 -0.5865
vn 0.0405 -0.0582 0.9975
vn 0.2887 -0.8204 0.4936
vn 0.9794 -0.1470 -0.1386
vn -0.6990 -0.0604 0.7126
vn 0.4324 -0.8784 0.2038
vn -0.2988 0.5593 0.7733
vn 0.4246 -0.2865 -0.8589
vn -0.0415 0.0211 -0.9989
vn 0.5532 -0.4152 -0.7222
vn -0.3988 0.4133 0.8186
vn -0.4323 0.4137 0.8012
vn -0.3753 0.4196 0.8265
vn -0.1549 -0.0029 -0.9879
vn 0.6785 -0.0845 -0.7297
vn -0.6212 -0.0265 0.7832
vn 0.0293 -0.1250 0.9917
vn 0.3804 -0.1301 0.9156
vn 0.7154 0.5590 0.4192
vn 0.6790 -0.0497 -0.7325
vn 0.9740 0.0989 0.2037
vn 0.6964 -0.0795 -0.7132
vn 0.9999 -0.0111 -0.0060
vn 0.0557 -0.0801 -0.9952
vn 0.2582 -0.2476 -0.9338
vn -0.1746 0.0680 -0.9823
vn 0.0382 0.2197 0.9748
vn -0.5075 -0.2652 0.8198
vn -0.9966 0.0457 0.0681
vn 0.1051 -0.0000 -0.9945
vn -0.1051 -0.0000 0.9945
vn 0.6447 -0.4995 -0.5787
vn -0.6863 0.7248 0.0597
vn 0.8609 0.2179 -0.4598
vn -0.6117 0.7449 0.2664
vn -0.0715 0.0004 -0.9974
vn -0.0000 -0.1334 -0.9911
vn 0.0119 -0.0005 -0.9999
vn -0.0119 0.0005 0.9999
vn -0.0000 0.9610 -0.2765
vn -0.1295 -0.0241 -0.9913
vn 0.0083 0.0112 -0.9999
vn 0.0050 -0.1075 -0.9942
vn 0.0938 -0.2392 -0.9664
vn -0.1160 -0.0829 -0.9898
vn 0.0112 -0.1363 0.9906
vn 0.2885 0.0304 -0.9570
vn -0.0321 -0.0154 -0.9994
vn 0.0923 0.2289 -0.9691
vn 0.1986 0.2017 -0.9591
vn -0.0000 -0.2004 -0.9797
vn -0.0713 -0.0699 0.9950
vn -0.2574 0.0049 0.9663
vn -0.0000 -0.0906 -0.9959
vn 0.0954 0.0669 0.9932
vn 0.0267 -0.0698 -0.9972
vn -0.0000 -0.0522 -0.9986
vn 0.0075 -0.0069 0.9999
vn -0.5362 -0.4631 0.7057
vn -0.0997 0.0620 -0.9931
vn -0.2627 -0.0347 0.9642
vn -0.1390 0.0700 0.9878
vn 0.9768 -0.2109 0.0375
vn -0.0184 0.0454 -0.9988
vn 0.0140 0.9999 0.0052
vn -0.0046 -0.1225 -0.9925
vn 0.0117 -0.9961 -0.0874
vn 0.7481 0.2850 0.5993
vn 0.0350 -0.0570 0.9978
vn -0.0000 -0.2377 -0.9713
vn 0.0025 0.0597 -0.9982
vn 0.0410 -0.0120 0.9991
vn 0.0054 0.4449 -0.8956
vn 0.0079 -0.0613 0.9981
vn -0.0244 0.1793 -0.9835
vn 0.0098 -0.1738 -0.9847
vn 0.0086 0.0777 0.9969
vn -0.0004 -0.8935 -0.4491
vn -0.0123 0.4042 -0.9146
vn -0.0160 0.0181 0.9997
vn -0.1013 0.0259 0.9945
vn -0.6429 -0.2091 0.7369
vn -0.0190 0.0381 0.9991
vn 0.0419 0.0697 0.9967
vn -0.1593 -0.0601 0.9854
vn -0.1007 -0.2699 0.9576
vn -0.2227 -0.0889 0.9708
vn -0.1133 0.0418 -0.9927
vn -0.1153 -0.2990 0.9473
vn -0.0717 0.0726 0.9948
vn 0.0162 -0.0405 0.9990
vn 0.4213 -0.2248 0.8786
vn -0.2419 0.0365 0.9696
vn 0.1291 0.3936 0.9102
vn 0.4399 0.5229 -0.7301
vn -0.5139 0.0409 0.8569
vn -0.0000 -0.2890 -0.9573
vn -0.1058 -0.0783 -0.9913
vn -0.0436 -0.0146 0.9989
vn 0.0113 -0.9858 -0.1676
vn 0.0228 0.0809 0.9965
vn -0.0011 -0.2117 0.9773
vn 0.2442 -0.1467 -0.9586
vn 0.0337 0.0863 0.9957
vn 0.2221 0.0847 0.9713
vn 0.0229 -0.0337 -0.9992
vn 0.1621 -0.0000 -0.9868
vn -0.1621 -0.0000 0.9868
vn 0.2890 -0.1808 0.9401
vn 0.6033 -0.0066 -0.7975
vn -0.2092 -0.7608 0.6143
vn 0.4461 0.1516 -0.8821
vn -0.0779 -0.0678 0.9946
vn 0.0014 0.4027 -0.9153
vn 0.0209 -0.0600 0.9980
vn -0.0415 -0.0022 0.9991
vn -0.0754 -0.0132 0.9971
vn -0.4950 -0.0326 -0.8683
vn -0.2775 -0.0205 0.9605
vn 0.0215 -0.0161 -0.9996
vn 0.0602 -0.0337 0.9976
vn 0.1047 0.0611 -0.9926
vn -0.6662 -0.7277 -0.1631
vn -0.0079 0.4109 -0.9116
vn -0.0566 -0.0320 0.9979
vn -0.0000 -0.0930 -0.9957
vn -0.2160 -0.0136 0.9763
vn 0.6794 0.7334 -0.0204
vn 0.0030 -0.0026 -1.0000
vn 0.0339 0.0654 -0.9973
vn 0.4699 -0.0661 -0.8803
vn 0.2174 -0.0269 0.9757
vn -0.2959 -0.0630 -0.9531
vn -0.4204 -0.1141 -0.9001
vn -0.0453 0.0233 0.9987
vn -0.0196 0.0664 -0.9976
vn -0.0247 0.0411 0.9988
vn -0.3406 -0.1507 -0.9280
vn 0.1743 0.0342 -0.9841
vn 0.0291 0.5235 -0.8516
vn 0.5067 0.2219 0.8330
vn 0.2064 0.9660 -0.1557
vn -0.1688 -0.0720 -0.9830
vn 0.9207 -0.2737 0.2782
vn 0.2231 -0.0373 0.9741
vn -0.2115 -0.0046 -0.9774
vn -0.4932 0.2554 0.8316
vn 0.1381 0.0550 -0.9889
vn 0.2002 0.0242 0.9795
vn 0.2452 0.0364 0.9688
vn 0.0094 0.0929 -0.9956
vn 0.3238 -0.0051 0.9461
vn 0.0494 -0.0450 0.9978
vn -0.0376 0.0742 -0.9965
vn 0.0800 -0.0936 0.9924
vn -0.0439 -0.1018 -0.9938
vn 0.0159 0.0890 0.9959
vn -0.0705 -0.0623 -0.9956
vn -0.0293 0.2367 0.9711
vn -0.0185 0.0389 0.9991
vn -0.1300 -0.1455 0.9808
vn 0.0379 -0.1411 0.9893
vn 0.0745 -0.0596 0.9954
vn -0.0314 0.0557 -0.9980
vn -0.0933 0.9932 -0.0699
vn -0.0468 -0.0402 -0.9981
vn 0.0335 -0.2082 0.9775
vn -0.0082 0.0878 -0.9961
vn 0.2323 0.1559 -0.9601
vn -0.2814 -0.0044 0.9596
vn -0.2083 0.0044 -0.9780
vn -0.0574 -0.0646 -0.9963
vn 0.0242 0.3842 0.9229
vn 0.0750 -0.0281 0.9968
vn 0.0587 -0.1374 -0.9888
vn 0.0184 -0.0906 0.9957
vn 0.0545 0.1498 -0.9872
vn -0.1670 0.0903 0.9818
vn 0.5755 -0.5933 -0.5628
vn 0.1391 0.4782 0.8672
vn -0.1047 0.0744 -0.9917
vn 0.2241 -0.9047 0.3623
vn 0.0157 0.0155 0.9998
vn 0.0069 -0.2966 0.9550
vn 0.0050 0.1752 0.9845
vn 0.0526 -0.3903 0.9192
vn 0.2823 0.1791 -0.9425
vn 0.0906 -0.9955 0.0293
vn -0.0277 0.1507 -0.9882
vn 0.0852 -0.3651 0.9271
vn 0.0050 0.1753 0.9845
vn 0.1013 0.2619 -0.9598
vn 0.0190 0.0174 -0.9997
vn -0.0018 0.1630 0.9866
vn -0.0000 -0.2677 -0.9635
vn 0.1626 -0.6857 -0.7095
vn -0.0725 0.6448 -0.7609
vn -0.6780 0.3174 0.6631
vn -0.7577 0.5693 0.3191
vn -0.0002 0.0203 -0.9998
vn 0.1455 -0.4670 0.8722
vn 0.4120 -0.6327 -0.6557
vn -0.1074 0.9283 -0.3560
vn -0.3946 0.4651 0.7924
vn -0.0421 0.1558 0.9869
vn 0.0438 -0.1920 0.9804
vn 0.0771 0.1448 0.9865
vn -0.0822 0.0602 0.9948
vn 0.4044 -0.3020 0.8633
vn -0.1935 -0.4420 0.8759
vn 0.0404 0.0943 -0.9947
vn 0.1643 0.0482 -0.9852
vn -0.1349 -0.0818 0.9875
vn -0.1397 0.0097 0.9901
vn 0.1649 -0.0411 -0.9855
vn 0.0733 -0.2488 0.9658
vn -0.0525 -0.1108 0.9925
vn 0.9807 0.0503 -0.1889
vn 0.0495 0.1609 0.9857
vn 0.2897 -0.0475 -0.9559
vn 0.0859 0.1456 0.9856
vn 0.5505 -0.5285 0.6463
vn -0.0727 -0.0035 -0.9973
vn -0.2560 0.3118 -0.9150
vn 0.5389 -0.5901 -0.6011
vn 0.7446 -0.1778 -0.6434
vn -0.5495 0.6461 0.5297
vn -0.2281 -0.1417 0.9633
vn -0.5184 0.5569 0.6490
vn 0.4899 -0.7230 -0.4871
vn 0.5381 -0.5191 0.6641
vn 0.0275 -0.9010 0.4330
vn 0.1378 -0.1944 -0.9712
vn 0.4533 -0.5488 0.7024
vn 0.6245 -0.5433 -0.5611
vn 0.0772 0.4052 -0.9110
vn -0.4039 0.6307 0.6627
vn 0.5507 -0.6134 -0.5661
vn 0.5933 -0.5511 -0.5868
vn -0.0288 -0.0139 -0.9995
vn 0.0373 -0.0128 0.9992
vn -0.0774 -0.0172 0.9969
vn 0.6757 -0.3347 -0.6568
vn -0.3901 0.0349 -0.9201
vn 0.0802 -0.1892 -0.9787
vn -0.0162 0.0435 -0.9989
vn 0.7927 -0.6081 0.0425
vn -0.0534 0.0597 0.9968
vn -0.0026 0.0468 -0.9989
vn -0.0430 -0.0086 -0.9990
vn -0.3674 0.4610 0.8077
vn -0.0184 -0.0372 0.9991
vn 0.9983 0.0296 -0.0503
vn -0.1359 0.0112 -0.9907
vn -0.0141 0.0037 0.9999
vn -0.4932 -0.1339 0.8596
vn -0.0542 -0.0136 -0.9984
vn -0.4309 -0.2346 0.8714
vn 0.2125 0.9272 -0.3083
vn -0.4221 0.7463 0.5146
vn 0.0637 -0.1112 -0.9918
vn 0.2287 -0.4534 0.8615
vn 0.0135 -0.0385 -0.9992
vn 0.7041 0.4322 -0.5635
vn -0.2014 0.0359 0.9788
vn 0.2020 -0.0000 -0.9794
vn -0.2020 -0.0000 0.9794
vn 0.6808 -0.3877 -0.6214
vn -0.4448 -0.2291 0.8658
vn 0.6256 0.5765 -0.5256
vn -0.3225 0.3604 0.8753
vn -0.7459 -0.0125 0.6659
vn -0.2206 -0.9029 0.3689
vn 0.2372 -0.2242 -0.9452
vn -0.6545 0.0230 -0.7557
vn 0.1822 -0.2104 -0.9605
vn -0.0000 -0.1660 0.9861
vn 0.3828 -0.6226 0.6826
vn 0.2904 -0.0345 -0.9563
vn -0.0616 -0.0118 0.9980
vn 0.3476 -0.5332 0.7713
vn 0.0729 -0.3399 -0.9376
vn -0.6060 -0.0577 0.7933
vn 0.7266 0.2823 -0.6264
vn 0.5953 0.5756 -0.5607
vn -0.2445 -0.0856 0.9659
vn -0.3776 0.5998 -0.7054
vn -0.6058 -0.6355 0.4787
vn 0.3915 -0.0207 0.9199
vn 0.1589 0.0342 -0.9867
vn 0.1001 0.0307 0.9945
vn -0.6514 -0.1169 0.7497
vn 0.9389 -0.0989 0.3297
vn -0.2435 -0.1050 0.9642
vn 0.0687 -0.6549 0.7526
vn -0.8080 0.2664 0.5256
vn -0.3171 -0.5766 0.7530
vn -0.4945 -0.4964 0.7135
vn -0.2610 0.7922 0.5517
vn 0.2329 -0.0224 -0.9722
vn -0.3472 -0.3639 0.8643
vn -0.3686 -0.3237 -0.8714
vn -0.3766 -0.0168 -0.9262
vn -0.1581 0.1699 0.9727
vn -0.7501 -0.2041 -0.6291
vn -0.2023 0.0076 -0.9793
vn -0.3164 -0.1034 -0.9430
vn -0.1077 0.1619 0.9809
vn -0.2835 -0.0430 0.9580
vn -0.4026 -0.1002 -0.9099
vn -0.2644 -0.0839 0.9608
vn -0.0904 -0.0448 0.9949
vn -0.0920 0.0896 -0.9917
vn -0.3814 0.1919 -0.9043
vn -0.1306 0.4831 -0.8658
vn 0.1934 -0.6718 0.7151
vn -0.0579 0.0638 0.9963
vn 0.0996 -0.4268 -0.8989
vn -0.1615 0.3992 -0.9025
vn -0.1888 0.3115 0.9313
vn 0.2765 -0.3559 -0.8927
vn -0.4680 -0.1979 -0.8613
vn 0.0039 -0.1627 0.9867
vn -0.7077 0.5005 0.4986
vn 0.0364 -0.7350 -0.6771
vn -0.0933 0.1747 0.9802
vn -0.0840 0.2445 -0.9660
vn -0.2438 0.2440 -0.9386
vn -0.2612 0.4003 -0.8784
vn -0.2827 0.2558 -0.9245
vn -0.3828 0.3444 -0.8572
vn -0.5597 0.7025 -0.4395
vn -0.8655 0.4497 -0.2205
vn -0.2085 -0.5808 0.7869
vn 0.0470 -0.2955 0.9542
vn 0.0685 -0.3941 0.9165
vn -0.3401 0.3965 -0.8527
vn -0.0915 0.3253 -0.9412
vn 0.2843 -0.2684 0.9204
vn -0.5794 -0.6268 0.5210
vn -0.3053 -0.0767 -0.9492
vn -0.1104 0.1334 0.9849
vn -0.1739 0.0846 0.9811
vn 0.0146 -0.8950 -0.4458
vn 0.0919 0.1833 0.9787
vn -0.4196 0.4922 0.7626
vn 0.0522 -0.2839 -0.9574
vn 0.0453 -0.9411 0.3351
vn 0.4148 -0.5146 -0.7504
vn -0.0893 0.2200 0.9714
vn -0.5169 -0.6901 0.5065
vn 0.4895 -0.7435 -0.4557
vn 0.3106 -0.4910 -0.8139
vn -0.5018 0.3799 0.7771
vn -0.1188 0.1465 0.9821
vn -0.4930 0.4654 0.7351
vn 0.4131 -0.3596 -0.8367
vn -0.2324 0.6141 0.7542
vn -0.2472 0.5771 0.7784
vn 0.4253 -0.5411 -0.7255
vn 0.6752 -0.4659 -0.5718
vn 0.2936 0.2247 -0.9292
vn 0.1179 -0.9913 0.0585
vn -0.2287 0.5996 0.7669
vn 0.2716 -0.8182 -0.5067
vn -0.6136 0.1609 0.7730
vn 0.0959 0.7081 -0.6996
vn -0.0758 0.9917 0.1042
vn -0.3050 0.6945 0.6517
vn -0.3376 0.5825 0.7394
vn -0.3850 0.0917 0.9183
vn -0.0709 -0.1865 -0.9799
vn 0.0387 0.0654 0.9971
vn 0.0321 0.2810 0.9592
vn 0.0407 -0.1968 -0.9796
vn 0.0095 0.0457 0.9989
vn 0.1979 -0.2624 -0.9444
vn -0.2736 0.2095 0.9387
vn -0.2840 0.1546 0.9463
vn -0.2145 0.3187 0.9233
vn -0.1779 0.0999 0.9790
vn 0.2740 -0.2772 -0.9209
vn 0.3406 -0.1406 -0.9296
vn 0.1502 0.2055 -0.9671
vn 0.1532 -0.0402 -0.9874
vn -0.0929 -0.2394 0.9665
vn -0.1257 -0.1479 0.9810
vn -0.1809 -0.7157 -0.6746
vn 0.3657 0.0225 -0.9305
vn 0.3063 0.1657 -0.9374
vn -0.1569 -0.2772 0.9479
vn -0.0919 0.3287 -0.9399
vn -0.1458 -0.1747 0.9738
vn -0.0546 -0.2972 0.9532
vn -0.0816 0.3379 -0.9376
vn -0.3283 -0.5366 0.7773
vn -0.0831 0.2062 -0.9750
vn -0.1294 0.9480 0.2906
vn 0.0733 -0.2515 0.9651
vn 0.0930 -0.3259 0.9408
vn -0.0583 -0.2422 0.9685
vn -0.2236 0.3571 -0.9069
vn 0.0540 -0.2744 0.9601
vn -0.1158 -0.6824 0.7218
vn 0.0532 0.2468 -0.9676
vn 0.1794 0.2875 -0.9408
vn 0.0490 0.4499 -0.8917
vn -0.1949 -0.3111 0.9302
vn -0.9973 -0.0573 -0.0466
vn -0.0171 -0.0057 0.9998
vn -0.5133 0.8187 -0.2575
vn -0.0857 -0.5825 0.8083
vn -0.0801 -0.5765 0.8131
vn -0.0240 0.9881 0.1522
vn -0.4806 0.5449 0.6871
vn 0.2990 0.9377 -0.1771
vn 0.2884 -0.0444 -0.9565
vn 0.0758 -0.9917 -0.1042
vn 0.5581 -0.3887 -0.7331
vn 0.6692 -0.5339 -0.5168
vn -0.0000 0.9586 -0.2849
vn -0.0453 -0.6673 -0.7434
vn -0.3060 0.7530 0.5825
vn -0.5221 0.8527 -0.0166
vn -0.9780 -0.2077 0.0218
vn 0.4450 -0.8026 -0.3971
vn -0.4019 -0.2186 0.8892
vn 0.4566 -0.7377 -0.4973
vn -0.4310 0.5582 0.7089
vn 0.4431 -0.7333 -0.5157
vn -0.1842 -0.0101 0.9828
vn 0.3638 -0.1543 -0.9186
vn -0.2410 0.0480 0.9693
vn 0.3557 -0.3471 -0.8678
vn 0.6116 -0.7196 -0.3288
vn 0.3458 -0.1565 -0.9251
vn 0.1919 -0.0059 0.9814
vn -0.3361 0.3434 0.8770
vn 0.3964 -0.1166 -0.9106
vn 0.3709 -0.4293 -0.8235
vn 0.4869 -0.6389 -0.5955
vn 0.9207 -0.3136 -0.2323
vn -0.2963 0.2787 0.9135
vn 0.4005 -0.1993 -0.8944
vn -0.4265 -0.0375 0.9037
vn 0.4248 -0.2091 -0.8808
vn -0.4696 0.4594 -0.7539
vn -0.4100 0.1170 0.9045
vn -0.4596 0.4598 0.7599
vn -0.2582 0.1097 0.9598
vn 0.4368 -0.2060 -0.8757
vn -0.1733 0.9818 -0.0774
vn 0.4165 -0.4278 -0.8022
vn -0.5231 0.2628 0.8107
vn -0.5355 -0.0391 0.8437
vn 0.4295 -0.0377 -0.9023
vn 0.4369 -0.4268 -0.7918
vn 0.3694 -0.1740 -0.9128
vn -0.1210 0.0555 0.9911
vn 0.9955 -0.0812 -0.0496
vn -0.4380 0.0192 0.8988
vn -0.2928 -0.0527 0.9547
vn 0.2829 0.1190 -0.9517
vn -0.2292 -0.2165 0.9490
vn -0.2920 0.2311 0.9281
vn -0.3881 0.1101 0.9150
vn 0.3653 0.0953 -0.9260
vn 0.4081 0.2029 -0.8901
vn 0.4614 -0.0655 -0.8848
vn -0.7435 -0.0655 0.6655
vn 0.4696 -0.0084 -0.8829
vn -0.1571 -0.1413 0.9774
vn 0.4135 0.1036 -0.9046
vn -0.3201 -0.0479 0.9462
vn -0.4369 -0.1374 0.8889
vn -0.1968 -0.0608 0.9786
vn -0.7294 -0.1264 0.6723
vn 0.8209 -0.3547 -0.4475
vn 0.4089 -0.1017 -0.9069
vn 0.3761 0.0877 -0.9224
vn -0.4494 0.8396 -0.3053
vn -0.5633 0.2476 0.7883
vn 0.8404 -0.0733 -0.5370
vn 0.3747 0.0877 -0.9230
vn -0.1764 -0.0562 0.9827
vn 0.3422 0.8742 -0.3446
vn -0.1607 -0.0806 0.9837
vn -0.5960 -0.1983 0.7781
vn 0.6301 -0.1442 -0.7630
vn 0.0384 -0.1871 0.9816
vn 0.4380 -0.0957 -0.8938
vn -0.3842 -0.2085 0.8994
vn 0.2344 0.3066 -0.9225
vn -0.1088 -0.2973 0.9486
vn 0.3244 0.4355 -0.8397
vn -0.2727 -0.1860 0.9439
vn 0.6854 0.4719 -0.5545
vn -0.1990 -0.5171 0.8325
vn -0.0584 -0.3997 0.9148
vn 0.1935 0.1416 -0.9708
vn 0.2127 0.2392 -0.9474
vn 0.6744 0.5064 -0.5374
vn -0.8250 0.0288 0.5645
vn -0.7728 -0.0603 0.6318
vn 0.3262 0.0311 -0.9448
vn 0.4069 -0.2353 0.8826
vn -0.4321 -0.1433 0.8904
vn 0.6277 0.4782 -0.6143
vn 0.2170 -0.0681 0.9738
vn -0.1668 -0.6874 0.7069
vn 0.4119 -0.0418 -0.9103
vn 0.3096 0.2094 -0.9275
vn 0.1647 0.2308 0.9590
vn -0.2346 -0.1014 0.9668
vn 0.0070 0.0591 -0.9982
vn -0.2372 -0.4074 0.8819
vn -0.9328 -0.1460 -0.3295
vn 0.5100 0.5649 -0.6488
vn 0.3269 0.9295 0.1709
vn -0.8306 -0.0307 0.5560
vn -0.6224 -0.2959 0.7246
vn -0.1980 0.0346 -0.9796
vn 0.3878 0.8319 -0.3969
vn -0.4682 0.1489 0.8710
vn 0.3736 0.1206 -0.9197
vn -0.0556 -0.9847 0.1652
vn 0.0662 -0.5104 -0.8574
vn -0.5075 -0.5423 0.6696
vn 0.1719 0.1098 -0.9790
vn 0.3012 0.5902 -0.7489
vn 0.3434 -0.6167 0.7084
vn -0.0000 -0.9742 -0.2258
vn 0.3405 0.6810 -0.6483
vn 0.0331 0.6939 -0.7193
vn 0.5968 -0.5755 -0.5592
vn 0.4966 -0.4636 0.7338
vn 0.5991 -0.5660 -0.5662
vn -0.5201 0.5178 0.6793
vn -0.4766 0.4626 0.7476
vn 0.9338 -0.0798 -0.3487
vn -0.4920 0.4238 0.7605
vn -0.7830 0.1407 0.6059
vn 0.3319 -0.0667 -0.9410
vn -0.1211 -0.1769 0.9768
vn -0.5923 0.2251 0.7736
vn 0.4172 -0.4825 -0.7701
vn -0.7274 -0.4502 0.5179
vn 0.2891 -0.1741 -0.9413
vn 0.2882 0.2162 -0.9328
vn -0.4293 0.2431 0.8698
vn -0.8052 -0.2124 0.5537
vn 0.6480 -0.5277 -0.5492
vn 0.7241 -0.6532 0.2213
vn -0.1536 -0.0276 -0.9878
vn 0.7555 0.0343 -0.6542
vn -0.4273 0.2642 0.8647
vn -0.5198 0.3457 0.7813
vn -0.1811 -0.2344 0.9551
vn 0.6759 -0.3697 -0.6376
vn -0.6837 -0.2844 0.6721
vn 0.7193 -0.2032 -0.6643
vn -0.4531 0.5137 0.7286
vn 0.4041 -0.2919 0.8669
vn -0.7317 -0.0987 0.6744
vn -0.3524 0.6145 0.7058
vn 0.1325 0.2494 0.9593
vn -0.6185 -0.1697 0.7673
vn 0.4092 0.4957 -0.7660
vn 0.0934 0.0187 -0.9955
vn -0.6364 0.7432 0.2065
vn 0.6238 0.2790 -0.7301
vn 0.9308 0.1768 -0.3200
vn 0.4669 0.0199 -0.8841
vn -0.3643 0.2654 0.8926
vn -0.8771 -0.2296 0.4220
vn 0.1780 0.0282 -0.9836
vn -0.8475 0.2983 0.4391
vn -0.3606 0.1352 0.9229
vn -0.6626 0.2140 0.7177
vn -0.2390 -0.0055 0.9710
vn -0.8941 -0.0769 0.4411
vn 0.0676 0.0452 0.9967
vn -0.3573 -0.7995 0.4829
vn 0.8285 -0.0871 -0.5531
vn 0.1665 0.0617 -0.9841
vn 0.1090 0.0583 0.9923
vn 0.5310 -0.0555 -0.8456
vn 0.0793 0.0628 0.9949
vn -0.1460 -0.3044 0.9413
vn 0.8977 0.1870 -0.3990
vn -0.8067 -0.0742 0.5863
vn -0.8068 -0.0740 0.5862
vn 0.5795 -0.7728 -0.2589
vn -0.6552 -0.0165 0.7553
vn 0.8111 0.4781 -0.3370
vn -0.6096 -0.1842 0.7710
vn 0.8307 0.0729 -0.5519
vn 0.4446 0.0468 -0.8945
vn -0.0909 -0.0002 0.9959
vn 0.6664 -0.0617 -0.7431
vn 0.8046 0.3135 -0.5043
vn -0.3762 -0.0653 0.9242
vn -0.1873 0.9817 0.0344
vn -0.6393 0.1185 0.7598
vn -0.9554 -0.0000 -0.2954
vn 0.9554 -0.0000 0.2954
vn 0.8727 0.1085 -0.4761
vn 0.3816 0.0524 -0.9228
vn -0.2473 -0.4351 0.8657
vn 0.2005 0.4002 -0.8942
vn 0.2576 0.6672 -0.6990
vn -0.6846 0.0682 0.7257
vn -0.0566 0.0560 0.9968
vn 0.5115 0.0864 -0.8549
vn 0.8284 0.1551 -0.5382
vn -0.1466 -0.5679 0.8099
vn 0.1897 0.1161 -0.9749
vn 0.3668 -0.0984 0.9251
vn 0.7588 0.0570 -0.6489
vn 0.1974 0.2976 0.9341
vn 0.8856 -0.1318 -0.4454
vn -0.1845 0.0930 -0.9784
vn -0.2565 0.0984 -0.9615
vn 0.2690 -0.0000 -0.9631
vn -0.2690 -0.0000 0.9631
vn -0.0759 0.1786 0.9810
vn -0.0070 -0.0546 -0.9985
vn -0.1008 0.2127 -0.9719
vn -0.0847 -0.0165 -0.9963
vn -0.0924 0.2142 -0.9724
vn -0.0599 0.2969 -0.9530
vn 0.1904 -0.2908 -0.9376
vn 0.0743 -0.0190 0.9971
vn -0.0657 -0.0950 -0.9933
vn -0.6390 0.7612 0.1106
vn -0.9226 0.1880 0.3368
vn 0.0549 -0.0353 0.9979
vn 0.0468 -0.1109 0.9927
vn -0.0522 -0.0745 0.9959
vn -0.2018 -0.2286 0.9524
vn -0.0521 0.1772 -0.9828
vn -0.7400 0.6645 0.1042
vn 0.0518 -0.1480 -0.9876
vn 0.4582 -0.3616 -0.8119
vn 0.2529 0.0497 0.9662
vn -0.2366 -0.5161 0.8232
vn 0.0746 -0.0941 -0.9928
vn 0.1051 -0.0870 0.9906
vn 0.0202 -0.2084 0.9778
vn 0.0753 -0.0734 -0.9945
vn 0.0944 -0.1419 -0.9854
vn 0.0283 0.0147 -0.9995
vn -0.0077 0.0891 0.9960
vn 0.0164 -0.0434 0.9989
vn 0.1029 0.6636 -0.7410
vn -0.0439 -0.1002 0.9940
vn -0.6925 -0.4940 0.5258
vn -0.0369 -0.0220 -0.9991
vn 0.2209 0.3754 -0.9002
vn -0.3913 -0.1801 -0.9025
vn -0.0873 -0.4668 0.8800
vn 0.0732 0.1767 0.9815
vn 0.4890 0.4399 -0.7532
vn 0.0615 -0.0029 -0.9981
vn -0.0000 -0.1899 0.9818
vn -0.0324 0.0937 -0.9951
vn -0.0000 -0.2425 0.9702
vn -0.2278 -0.4897 0.8416
vn 0.0157 0.1326 0.9910
vn 0.0190 0.2424 -0.9700
vn 0.0051 0.2218 -0.9751
vn -0.0318 -0.0796 -0.9963
vn -0.0032 0.0953 -0.9954
vn -0.0474 0.5714 -0.8193
vn 0.1537 0.1682 -0.9737
vn 0.3996 0.7910 -0.4634
vn 0.4838 -0.4589 0.7452
vn -0.0596 0.0591 0.9965
vn -0.0372 -0.1813 0.9827
vn 0.0640 -0.7486 0.6599
vn 0.0360 0.1101 -0.9933
vn -0.0001 0.4811 -0.8767
vn -0.0243 -0.0167 -0.9996
vn -0.1119 -0.2632 -0.9582
vn 0.1604 0.1900 -0.9686
vn -0.0168 -0.0901 -0.9958
vn -0.0076 0.1727 -0.9850
vn 0.1243 -0.0332 0.9917
vn 0.0365 0.4768 -0.8782
vn -0.4693 -0.3611 0.8058
vn -0.1612 -0.5436 0.8238
vn -0.1351 -0.1129 0.9844
vn 0.9645 0.0252 -0.2631
vn -0.0013 0.1221 0.9925
vn 0.5114 0.8225 -0.2489
vn 0.7024 -0.4420 0.5579
vn 0.3551 0.2211 -0.9083
vn 0.0826 -0.2670 0.9602
vn -0.6902 -0.7236 -0.0050
vn 0.0194 0.2390 -0.9708
vn 0.0118 0.7037 -0.7104
vn 0.1832 0.8361 -0.5172
vn -0.0042 0.7992 -0.6011
vn 0.2473 -0.4785 0.8426
vn 0.0728 -0.1663 -0.9834
vn -0.3247 0.4640 -0.8242
vn -0.5459 0.8082 -0.2207
vn 0.2901 0.3932 -0.8725
vn 0.6444 -0.7148 -0.2715
vn -0.2728 -0.4800 0.8338
vn 0.2490 -0.3226 0.9132
vn -0.0307 -0.2316 -0.9723
vn 0.4657 -0.5804 0.6680
vn 0.1129 0.9930 -0.0351
vn 0.0052 -0.2460 0.9693
vn -0.0028 0.0377 -0.9993
vn -0.0685 -0.4004 -0.9138
vn -0.4397 -0.1898 0.8779
vn 0.0031 -0.0066 1.0000
vn 0.0550 -0.9014 0.4295
vn 0.0467 0.0743 0.9961
vn 0.0417 0.1203 0.9919
vn 0.0710 0.1432 -0.9871
vn 0.0565 0.0802 -0.9952
vn 0.1781 0.1306 0.9753
vn 0.4491 0.3428 -0.8251
vn 0.0799 0.6133 -0.7858
vn -0.4186 -0.0526 0.9067
vn -0.0000 -0.1870 0.9824
vn -0.0000 -0.1529 -0.9882
vn 0.1664 0.2187 -0.9615
vn 0.0610 0.4925 -0.8682
vn -0.0899 -0.1883 0.9780
vn -0.0000 -0.1568 -0.9876
vn 0.3751 0.0560 -0.9253
vn 0.2154 0.8878 -0.4068
vn -0.0608 0.6500 -0.7575
vn -0.0151 0.7511 -0.6600
vn -0.8641 -0.3674 0.3441
vn 0.4781 0.5919 -0.6489
vn -0.4074 -0.5224 0.7491
vn 0.0691 -0.1573 -0.9851
vn -0.0000 -0.1872 -0.9823
vn -0.0071 -1.0000 -0.0044
vn -0.0000 -0.2464 0.9692
vn 0.4934 0.4609 -0.7377
vn -0.0552 0.7563 -0.6519
vn 0.6752 0.5132 -0.5298
vn 0.1524 -0.0000 -0.9883
vn -0.1524 -0.0000 0.9883
vn -0.0683 -0.7402 0.6689
vn -0.0948 -0.9054 -0.4138
vn 0.7904 0.4276 0.4386
vn 0.4350 -0.1987 0.8782
vn -0.6116 -0.1352 -0.7795
vn -0.7202 -0.2146 -0.6597
vn -0.3500 0.2697 0.8971
vn -0.3797 0.1638 0.9105
vn 0.0316 0.0012 -0.9995
vn 0.0318 0.0747 0.9967
vn 0.0885 0.4976 0.8629
vn -0.3121 0.5454 0.7779
vn 0.0057 -0.3998 -0.9166
vn -0.0380 -0.0225 0.9990
vn 0.1728 -0.4702 0.8655
vn 0.2022 0.3618 -0.9101
vn 0.1911 0.1912 0.9628
vn 0.2750 0.1204 0.9539
vn -0.0377 0.3791 0.9246
vn 0.0607 -0.0938 0.9937
vn 0.6089 0.1369 -0.7813
vn 0.3012 0.0589 -0.9517
vn -0.1920 0.0010 0.9814
vn -0.2739 0.4732 0.8373
vn -0.7281 -0.3121 0.6103
vn 0.1526 -0.2472 0.9569
vn 0.0584 0.1973 0.9786
vn -0.4523 0.0182 0.8917
vn -0.7520 0.5167 0.4092
vn -0.0143 0.0222 -0.9997
vn -0.1290 -0.0273 -0.9913
vn 0.0076 0.0161 -0.9998
vn 0.1061 -0.0867 -0.9906
vn 0.0043 0.0338 0.9994
vn 0.0042 0.0046 -1.0000
vn 0.0750 -0.0273 -0.9968
vn -0.0021 -0.8973 -0.4413
vn -0.0670 -0.0530 0.9963
vn 0.0019 -0.0540 0.9985
vn -0.0167 0.0254 0.9995
vn -0.1096 -0.1958 0.9745
vn -0.0568 0.0860 -0.9947
vn 0.0825 -0.4348 -0.8967
vn 0.1519 0.1676 -0.9741
vn -0.0369 0.0674 0.9970
vn -0.6634 -0.7203 -0.2027
vn 0.0834 -0.0791 -0.9934
vn 0.9969 -0.0046 -0.0784
vn 0.0502 -0.0142 0.9986
vn -0.5867 -0.3486 -0.7309
vn 0.1283 0.0177 -0.9916
vn 0.0151 0.0642 -0.9978
vn -0.1210 -0.0551 -0.9911
vn -0.0029 -0.0008 -1.0000
vn -0.0557 -0.1733 0.9833
vn 0.5815 -0.5846 -0.5659
vn 0.1363 -0.9061 -0.4004
vn -0.2023 0.3715 0.9061
vn -0.0051 -0.1493 0.9888
vn -0.0788 -0.2034 0.9759
vn -0.0262 0.0034 -0.9997
vn 0.0830 -0.2419 0.9667
vn 0.6055 -0.4584 -0.6506
vn 0.2341 -0.9476 0.2174
vn 0.0255 -0.2647 -0.9640
vn -0.4118 0.6140 0.6733
vn 0.6725 -0.5454 -0.5003
vn 0.0195 -0.1639 -0.9863
vn 0.0102 0.0718 0.9974
vn -0.3756 0.4938 0.7842
vn -0.1957 0.0976 -0.9758
vn 0.4288 0.0076 -0.9034
vn 0.2867 -0.0312 -0.9575
vn 0.2113 -0.0266 0.9771
vn -0.1945 -0.1852 0.9633
vn -0.2407 -0.5902 0.7705
vn 0.0683 -0.2738 -0.9594
vn 0.1278 0.0444 0.9908
vn -0.3931 -0.1485 0.9074
vn -0.3013 -0.3631 -0.8817
vn -0.1301 0.1935 0.9724
vn -0.1679 0.0651 -0.9836
vn -0.6477 0.6122 -0.4535
vn -0.1481 -0.6786 -0.7194
vn -0.0196 0.1199 0.9926
vn 0.1793 -0.3286 -0.9273
vn -0.2465 0.6034 0.7583
vn 0.4910 -0.8336 -0.2530
vn 0.0925 0.7067 -0.7014
vn -0.4737 0.0332 -0.8801
vn -0.4536 0.5758 0.6802
vn -0.3752 -0.2456 0.8938
vn 0.9182 -0.3663 0.1505
vn -0.2454 0.3152 0.9167
vn 0.8104 -0.3923 -0.4350
vn -0.9002 0.0655 0.4305
vn -0.7653 -0.1607 0.6233
vn 0.4150 -0.1192 -0.9020
vn -0.7075 -0.1545 0.6897
vn -0.3833 -0.3429 0.8576
vn -0.0087 -0.1429 0.9897
vn -0.3281 -0.4227 0.8448
vn -0.0448 0.4315 -0.9010
vn 0.9067 0.3049 -0.2914
vn -0.2718 -0.3765 0.8857
vn -0.8275 -0.0327 -0.5605
vn -0.8839 0.3661 0.2912
vn 0.5293 0.3244 -0.7840
vn 0.7745 -0.1837 -0.6052
vn -0.3243 0.1054 0.9401
vn -0.5652 0.1452 0.8121
vn 0.3822 0.3751 -0.8445
vn -0.2559 0.2659 0.9294
vn -0.1632 0.2990 0.9402
vn 0.2500 -0.2027 -0.9468
vn 0.5675 -0.1530 0.8091
vn 0.9082 0.1912 -0.3722
vn -0.8423 -0.0610 -0.5356
vn 0.1124 0.0544 0.9922
vn 0.3310 -0.1612 -0.9298
vn -0.1368 -0.0505 0.9893
vn 0.0133 0.0200 0.9997
vn -0.7216 0.0116 0.6922
vn -0.6023 -0.1697 0.7800
vn -0.3559 -0.0241 0.9342
vn 0.4368 -0.0022 -0.8995
vn -0.6510 0.1187 0.7497
vn -0.1787 0.1482 -0.9727
vn -0.0669 -0.0338 0.9972
vn -0.1188 -0.0046 -0.9929
vn 0.0122 0.0780 -0.9969
vn -0.1094 -0.1930 -0.9751
vn -0.1028 -0.1428 0.9844
vn -0.1045 -0.1998 -0.9742
vn 0.0964 -0.6054 0.7901
vn -0.0011 0.1567 -0.9876
vn -0.4921 -0.5350 0.6867
vn 0.0909 -0.1370 -0.9864
vn 0.0764 -0.2721 0.9592
vn -0.0221 -0.3231 0.9461
vn 0.1496 0.9875 0.0487
vn -0.1210 -0.2339 -0.9647
vn 0.1019 -0.0762 -0.9919
vn -0.1438 0.0668 0.9874
vn 0.0922 0.4488 -0.8889
vn 0.0153 -0.4658 0.8848
vn 0.0067 0.1694 0.9855
vn 0.0596 0.7313 -0.6795
vn -0.0057 -0.4793 0.8776
vn 0.0580 0.0702 0.9958
vn 0.0295 0.1009 -0.9945
vn 0.0604 0.1524 -0.9865
vn -0.4037 -0.0722 0.9120
vn -0.2743 -0.2928 0.9160
vn 0.1093 0.6918 -0.7138
s 0
f 5//1 1//1 127//1
f 13//2 9//2 12//2
f 19//3 12//3 14//3
f 14//4 13//4 17//4
f 16//5 15//5 22//5
f 16//6 22//6 24//6
f 24//7 23//7 17//7
f 24//8 17//8 13//8
f 25//9 12//9 19//9
f 14//10 86//10 19//10
f 7//11 27//11 6//11
f 36//12 29//12 28//12
f 31//13 26//13 29//13
f 32//14 30//14 29//14
f 26//15 31//15 32//15
f 34//16 33//16 8//16
f 36//17 28//17 34//17
f 29//18 35//18 28//18
f 8//19 10//19 9//19
f 8//20 33//20 10//20
f 8//21 9//21 37//21
f 34//22 8//22 37//22
f 40//23 31//23 36//23
f 40//24 36//24 34//24
f 42//25 10//25 37//25
f 43//26 40//26 34//26
f 19//27 41//27 18//27
f 42//28 9//28 14//28
f 48//29 41//29 35//29
f 30//30 47//30 39//30
f 46//31 40//31 43//31
f 44//32 58//32 45//32
f 48//33 18//33 41//33
f 48//34 39//34 47//34
f 44//35 45//35 30//35
f 19//36 86//36 49//36
f 48//37 47//37 18//37
f 106//38 43//38 49//38
f 7//39 6//39 27//39
f 52//40 30//40 51//40
f 55//41 52//41 54//41
f 55//42 50//42 52//42
f 56//43 53//43 54//43
f 52//44 44//44 30//44
f 54//45 58//45 44//45
f 57//46 53//46 56//46
f 57//47 63//47 53//47
f 60//48 63//48 57//48
f 63//49 60//49 64//49
f 60//50 59//50 65//50
f 66//51 60//51 65//51
f 67//52 66//52 65//52
f 59//53 115//53 71//53
f 70//54 69//54 67//54
f 62//55 46//55 115//55
f 69//56 71//56 67//56
f 64//57 67//57 63//57
f 73//58 70//58 67//58
f 66//59 67//59 74//59
f 72//60 73//60 64//60
f 74//61 67//61 75//61
f 76//62 74//62 75//62
f 77//63 76//63 75//63
f 83//64 20//64 21//64
f 21//65 20//65 83//65
f 93//66 84//66 25//66
f 86//67 84//67 89//67
f 90//68 87//68 81//68
f 90//69 81//69 95//69
f 91//70 87//70 82//70
f 88//71 87//71 90//71
f 91//72 82//72 89//72
f 86//73 92//73 85//73
f 94//74 93//74 25//74
f 87//75 91//75 95//75
f 95//76 81//76 87//76
f 96//77 92//77 88//77
f 97//78 79//78 95//78
f 97//79 95//79 91//79
f 99//80 90//80 98//80
f 101//81 100//81 93//81
f 142//82 96//82 99//82
f 80//83 97//83 100//83
f 96//84 142//84 104//84
f 98//85 80//85 99//85
f 105//86 47//86 45//86
f 43//87 106//87 107//87
f 94//88 25//88 47//88
f 105//89 94//89 47//89
f 46//90 107//90 108//90
f 106//91 49//91 85//91
f 106//92 102//92 110//92
f 111//93 113//93 94//93
f 92//94 96//94 102//94
f 94//95 114//95 93//95
f 104//96 112//96 102//96
f 102//97 112//97 110//97
f 116//98 111//98 45//98
f 115//99 108//99 71//99
f 117//100 71//100 108//100
f 75//101 71//101 117//101
f 116//102 119//102 111//102
f 120//103 108//103 109//103
f 117//104 120//104 121//104
f 120//105 109//105 160//105
f 120//106 167//106 121//106
f 118//107 70//107 73//107
f 75//108 67//108 71//108
f 77//109 118//109 73//109
f 77//110 75//110 124//110
f 77//111 123//111 118//111
f 123//112 125//112 118//112
f 124//113 117//113 128//113
f 123//114 127//114 125//114
f 128//115 121//115 129//115
f 126//116 128//116 130//116
f 126//117 130//117 5//117
f 133//118 135//118 136//118
f 137//119 80//119 131//119
f 140//120 138//120 139//120
f 137//121 131//121 133//121
f 137//122 132//122 141//122
f 80//123 100//123 131//123
f 146//124 100//124 101//124
f 142//125 103//125 143//125
f 112//126 104//126 143//126
f 144//127 103//127 80//127
f 100//128 146//128 145//128
f 114//129 146//129 101//129
f 146//130 148//130 145//130
f 143//131 103//131 149//131
f 144//132 149//132 103//132
f 144//133 150//133 149//133
f 148//134 146//134 155//134
f 152//135 146//135 147//135
f 153//136 143//136 151//136
f 149//137 154//137 151//137
f 152//138 155//138 146//138
f 150//139 154//139 149//139
f 154//140 156//140 151//140
f 159//141 151//141 156//141
f 80//142 137//142 144//142
f 150//143 137//143 141//143
f 141//144 136//144 158//144
f 111//145 161//145 113//145
f 109//146 162//146 160//146
f 112//147 143//147 162//147
f 163//148 113//148 161//148
f 164//149 162//149 153//149
f 163//150 161//150 3//150
f 165//151 160//151 162//151
f 164//152 153//152 194//152
f 163//153 216//153 157//153
f 165//154 162//154 164//154
f 160//155 165//155 166//155
f 4//156 119//156 1//156
f 168//157 121//157 167//157
f 169//158 2//158 119//158
f 167//159 160//159 171//159
f 169//160 231//160 2//160
f 215//161 160//161 166//161
f 170//162 173//162 231//162
f 175//163 169//163 4//163
f 130//164 175//164 4//164
f 130//165 174//165 176//165
f 175//166 170//166 169//166
f 176//167 168//167 178//167
f 176//168 178//168 179//168
f 168//169 171//169 181//169
f 181//170 170//170 175//170
f 177//171 181//171 175//171
f 178//172 177//172 182//172
f 179//173 178//173 182//173
f 179//174 177//174 176//174
f 183//175 177//175 179//175
f 183//176 179//176 186//176
f 187//177 185//177 182//177
f 187//178 182//178 183//178
f 186//179 187//179 183//179
f 186//180 182//180 251//180
f 158//181 135//181 190//181
f 154//182 158//182 190//182
f 195//183 152//183 157//183
f 153//184 159//184 194//184
f 190//185 134//185 136//185
f 155//186 192//186 135//186
f 190//187 188//187 134//187
f 191//188 196//188 193//188
f 190//189 192//189 188//189
f 197//190 196//190 188//190
f 193//191 196//191 199//191
f 152//192 198//192 155//192
f 202//193 201//193 192//193
f 198//194 202//194 192//194
f 203//195 201//195 202//195
f 199//196 203//196 206//196
f 204//197 200//197 206//197
f 198//198 205//198 202//198
f 195//199 209//199 198//199
f 208//200 207//200 210//200
f 211//201 210//201 202//201
f 213//202 206//202 212//202
f 209//203 257//203 198//203
f 213//204 214//204 206//204
f 189//205 191//205 190//205
f 189//206 134//206 191//206
f 188//207 196//207 191//207
f 195//208 157//208 216//208
f 164//209 194//209 200//209
f 165//210 164//210 166//210
f 218//211 216//211 3//211
f 216//212 225//212 195//212
f 219//213 225//213 216//213
f 220//214 219//214 218//214
f 217//215 224//215 226//215
f 221//216 217//216 226//216
f 214//217 204//217 206//217
f 221//218 227//218 239//218
f 239//219 227//219 230//219
f 172//220 215//220 232//220
f 232//221 231//221 173//221
f 232//222 237//222 235//222
f 236//223 231//223 232//223
f 236//224 232//224 235//224
f 222//225 3//225 231//225
f 220//226 222//226 231//226
f 235//227 237//227 240//227
f 236//228 235//228 240//228
f 238//229 231//229 236//229
f 237//230 239//230 243//230
f 247//231 243//231 231//231
f 240//232 237//232 243//232
f 220//233 230//233 227//233
f 242//234 230//234 220//234
f 244//235 240//235 247//235
f 278//236 244//236 238//236
f 248//237 238//237 246//237
f 249//238 233//238 185//238
f 251//239 185//239 250//239
f 250//240 233//240 234//240
f 251//241 249//241 187//241
f 251//242 250//242 249//242
f 252//243 234//243 249//243
f 252//244 241//244 234//244
f 256//245 252//245 249//245
f 256//246 250//246 241//246
f 255//247 253//247 254//247
f 212//248 210//248 211//248
f 257//249 258//249 211//249
f 223//250 261//250 262//250
f 229//251 261//251 223//251
f 229//252 228//252 263//252
f 265//253 260//253 257//253
f 209//254 265//254 257//254
f 266//255 259//255 260//255
f 266//256 265//256 262//256
f 214//257 259//257 267//257
f 228//258 267//258 268//258
f 271//259 270//259 268//259
f 275//260 274//260 273//260
f 239//261 230//261 281//261
f 239//262 276//262 242//262
f 239//263 281//263 277//263
f 277//264 281//264 276//264
f 279//265 278//265 248//265
f 280//266 269//266 263//266
f 280//267 264//267 272//267
f 269//268 286//268 292//268
f 280//269 272//269 287//269
f 285//270 288//270 289//270
f 293//271 292//271 286//271
f 287//272 292//272 293//272
f 294//273 296//273 297//273
f 301//274 298//274 299//274
f 307//275 303//275 304//275
f 308//276 298//276 305//276
f 306//277 370//277 305//277
f 303//278 306//278 301//278
f 311//279 300//279 309//279
f 312//280 311//280 310//280
f 372//281 307//281 302//281
f 316//282 312//282 315//282
f 314//283 318//283 317//283
f 319//284 323//284 325//284
f 328//285 320//285 326//285
f 327//286 320//286 321//286
f 322//287 329//287 330//287
f 331//288 324//288 320//288
f 331//289 320//289 327//289
f 331//290 327//290 328//290
f 334//291 341//291 342//291
f 344//292 335//292 336//292
f 346//293 332//293 333//293
f 344//294 343//294 335//294
f 357//295 344//295 345//295
f 328//296 327//296 321//296
f 350//297 348//297 349//297
f 349//298 348//298 350//298
f 338//299 337//299 353//299
f 355//300 347//300 343//300
f 357//301 347//301 356//301
f 359//302 355//302 356//302
f 358//303 360//303 361//303
f 340//304 339//304 362//304
f 359//305 347//305 364//305
f 359//306 364//306 366//306
f 367//307 363//307 366//307
f 301//308 370//308 371//308
f 371//309 370//309 306//309
f 303//310 371//310 373//310
f 308//311 365//311 309//311
f 372//312 302//312 304//312
f 307//313 372//313 315//313
f 315//314 372//314 374//314
f 78//315 122//315 376//315
f 368//316 382//316 379//316
f 367//317 364//317 384//317
f 379//318 382//318 368//318
f 380//319 383//319 377//319
f 383//320 386//320 377//320
f 387//321 369//321 381//321
f 373//322 395//322 394//322
f 396//323 373//323 394//323
f 397//324 396//324 314//324
f 399//325 394//325 398//325
f 400//326 385//326 388//326
f 403//327 401//327 399//327
f 402//328 385//328 401//328
f 403//329 400//329 402//329
f 402//330 400//330 391//330
f 397//331 314//331 404//331
f 397//332 404//332 396//332
f 409//333 406//333 407//333
f 407//334 406//334 409//334
f 408//335 410//335 411//335
f 414//336 416//336 418//336
f 415//337 417//337 414//337
f 450//338 416//338 420//338
f 421//339 416//339 450//339
f 425//340 422//340 423//340
f 426//341 423//341 427//341
f 422//342 424//342 428//342
f 425//343 428//343 424//343
f 422//344 428//344 435//344
f 422//345 435//345 429//345
f 433//346 413//346 434//346
f 435//347 428//347 434//347
f 436//348 435//348 434//348
f 430//349 433//349 436//349
f 437//350 430//350 436//350
f 413//351 412//351 439//351
f 433//352 438//352 413//352
f 434//353 413//353 439//353
f 438//354 433//354 430//354
f 437//355 438//355 430//355
f 437//356 436//356 441//356
f 439//357 438//357 442//357
f 434//358 439//358 442//358
f 440//359 445//359 444//359
f 446//360 447//360 448//360
f 446//361 448//361 449//361
f 417//362 451//362 421//362
f 451//363 417//363 418//363
f 420//364 419//364 453//364
f 457//365 452//365 455//365
f 459//366 453//366 454//366
f 456//367 459//367 454//367
f 460//368 453//368 459//368
f 456//369 460//369 464//369
f 455//370 466//370 462//370
f 462//371 461//371 467//371
f 483//372 462//372 467//372
f 460//373 459//373 470//373
f 468//374 465//374 466//374
f 449//375 448//375 469//375
f 463//376 470//376 459//376
f 471//377 463//377 464//377
f 467//378 461//378 472//378
f 481//379 474//379 457//379
f 478//380 476//380 477//380
f 485//381 458//381 474//381
f 482//382 479//382 480//382
f 480//383 479//383 482//383
f 458//384 483//384 466//384
f 481//385 483//385 484//385
f 485//386 484//386 458//386
f 473//387 483//387 467//387
f 481//388 487//388 485//388
f 473//389 466//389 483//389
f 488//390 487//390 491//390
f 492//391 488//391 486//391
f 489//392 492//392 486//392
f 495//393 493//393 496//393
f 495//394 496//394 493//394
f 469//395 494//395 447//395
f 471//396 470//396 463//396
f 472//397 465//397 468//397
f 500//398 504//398 501//398
f 497//399 498//399 506//399
f 501//400 504//400 500//400
f 471//401 505//401 470//401
f 467//402 472//402 503//402
f 472//403 502//403 509//403
f 508//404 511//404 512//404
f 507//405 510//405 515//405
f 513//406 517//406 516//406
f 520//407 515//407 519//407
f 516//408 515//408 521//408
f 523//409 517//409 521//409
f 518//410 522//410 502//410
f 524//411 526//411 487//411
f 524//412 491//412 526//412
f 492//413 524//413 487//413
f 525//414 492//414 489//414
f 492//415 527//415 524//415
f 528//416 492//416 525//416
f 530//417 527//417 492//417
f 541//418 531//418 529//418
f 532//419 541//419 529//419
f 528//420 533//420 536//420
f 534//421 528//421 536//421
f 538//422 541//422 532//422
f 543//423 536//423 537//423
f 543//424 539//424 536//424
f 540//425 536//425 539//425
f 535//426 542//426 544//426
f 544//427 541//427 538//427
f 516//428 545//428 519//428
f 523//429 522//429 549//429
f 523//430 549//430 517//430
f 549//431 522//431 546//431
f 518//432 523//432 547//432
f 520//433 545//433 548//433
f 516//434 549//434 556//434
f 548//435 545//435 556//435
f 515//436 553//436 521//436
f 549//437 546//437 550//437
f 555//438 523//438 521//438
f 547//439 523//439 551//439
f 548//440 552//440 520//440
f 549//441 550//441 556//441
f 553//442 555//442 521//442
f 551//443 554//443 550//443
f 553//444 552//444 560//444
f 554//445 557//445 550//445
f 561//446 555//446 553//446
f 559//447 554//447 558//447
f 555//448 559//448 551//448
f 555//449 562//449 559//449
f 561//450 563//450 565//450
f 539//451 571//451 580//451
f 568//452 543//452 540//452
f 570//453 569//453 567//453
f 567//454 572//454 574//454
f 570//455 573//455 569//455
f 570//456 574//456 575//456
f 571//457 576//457 575//457
f 580//458 571//458 575//458
f 575//459 574//459 580//459
f 580//460 576//460 568//460
f 583//461 582//461 579//461
f 582//462 586//462 578//462
f 596//463 583//463 589//463
f 590//464 582//464 581//464
f 581//465 583//465 596//465
f 590//466 581//466 1053//466
f 584//467 590//467 1053//467
f 598//468 596//468 595//468
f 597//469 589//469 590//469
f 600//470 592//470 594//470
f 594//471 592//471 600//471
f 602//472 595//472 596//472
f 604//473 598//473 595//473
f 599//474 597//474 591//474
f 606//475 601//475 603//475
f 597//476 608//476 602//476
f 610//477 597//477 1077//477
f 604//478 610//478 1077//478
f 605//479 604//479 614//479
f 610//480 609//480 608//480
f 612//481 615//481 613//481
f 607//482 618//482 615//482
f 616//483 611//483 612//483
f 613//484 616//484 612//484
f 615//485 618//485 619//485
f 616//486 613//486 619//486
f 625//487 623//487 620//487
f 625//488 620//488 621//488
f 626//489 625//489 621//489
f 624//490 626//490 621//490
f 629//491 631//491 628//491
f 710//492 634//492 633//492
f 637//493 636//493 635//493
f 639//494 635//494 638//494
f 641//495 638//495 636//495
f 642//496 636//496 637//496
f 634//497 640//497 638//497
f 647//498 643//498 641//498
f 650//499 644//499 645//499
f 642//500 646//500 641//500
f 641//501 646//501 647//501
f 630//502 627//502 645//502
f 650//503 645//503 627//503
f 634//504 648//504 645//504
f 627//505 632//505 650//505
f 646//506 650//506 712//506
f 710//507 633//507 651//507
f 637//508 635//508 405//508
f 654//509 639//509 655//509
f 657//510 652//510 653//510
f 658//511 656//511 653//511
f 656//512 660//512 657//512
f 658//513 660//513 661//513
f 662//514 639//514 647//514
f 664//515 663//515 665//515
f 661//516 656//516 665//516
f 665//517 663//517 666//517
f 661//518 665//518 666//518
f 662//519 647//519 649//519
f 665//520 667//520 664//520
f 666//521 663//521 662//521
f 667//522 723//522 664//522
f 658//523 661//523 670//523
f 672//524 668//524 670//524
f 668//525 672//525 669//525
f 665//526 656//526 670//526
f 670//527 661//527 672//527
f 669//528 671//528 670//528
f 669//529 672//529 674//529
f 672//530 661//530 666//530
f 674//531 672//531 677//531
f 675//532 676//532 674//532
f 675//533 677//533 676//533
f 678//534 673//534 676//534
f 676//535 677//535 735//535
f 676//536 735//536 679//536
f 681//537 665//537 671//537
f 681//538 671//538 673//538
f 735//539 677//539 682//539
f 685//540 629//540 630//540
f 632//541 684//541 690//541
f 688//542 690//542 684//542
f 685//543 689//543 687//543
f 699//544 691//544 692//544
f 688//545 691//545 693//545
f 696//546 691//546 699//546
f 700//547 689//547 685//547
f 696//548 697//548 693//548
f 699//549 692//549 702//549
f 702//550 697//550 696//550
f 694//551 707//551 698//551
f 692//552 705//552 708//552
f 701//553 705//553 707//553
f 710//554 711//554 648//554
f 649//555 646//555 712//555
f 632//556 695//556 713//556
f 685//557 630//557 648//557
f 714//558 712//558 713//558
f 715//559 685//559 711//559
f 695//560 701//560 717//560
f 720//561 695//561 717//561
f 701//562 700//562 719//562
f 716//563 718//563 722//563
f 723//564 710//564 651//564
f 723//565 724//565 710//565
f 662//566 649//566 727//566
f 666//567 662//567 726//567
f 727//568 649//568 714//568
f 662//569 727//569 726//569
f 727//570 714//570 716//570
f 667//571 725//571 723//571
f 728//572 726//572 729//572
f 724//573 721//573 711//573
f 716//574 722//574 780//574
f 729//575 716//575 780//575
f 680//576 732//576 733//576
f 682//577 733//577 735//577
f 679//578 734//578 678//578
f 736//579 681//579 678//579
f 734//580 736//580 678//580
f 679//581 735//581 739//581
f 733//582 738//582 742//582
f 738//583 726//583 728//583
f 741//584 667//584 736//584
f 745//585 739//585 742//585
f 744//586 736//586 737//586
f 738//587 728//587 746//587
f 742//588 738//588 746//588
f 743//589 747//589 741//589
f 749//590 750//590 748//590
f 751//591 752//591 737//591
f 754//592 751//592 753//592
f 708//593 756//593 709//593
f 705//594 757//594 706//594
f 706//595 709//595 761//595
f 701//596 757//596 705//596
f 717//597 706//597 758//597
f 756//598 708//598 761//598
f 761//599 708//599 706//599
f 761//600 709//600 756//600
f 759//601 763//601 764//601
f 767//602 762//602 758//602
f 760//603 765//603 768//603
f 765//604 766//604 769//604
f 770//605 766//605 768//605
f 774//606 768//606 772//606
f 769//607 775//607 765//607
f 774//608 772//608 776//608
f 777//609 776//609 772//609
f 773//610 776//610 778//610
f 719//611 757//611 701//611
f 779//612 718//612 720//612
f 782//613 758//613 762//613
f 720//614 758//614 782//614
f 781//615 767//615 758//615
f 783//616 781//616 719//616
f 788//617 720//617 782//617
f 722//618 779//618 785//618
f 787//619 771//619 770//619
f 786//620 769//620 771//620
f 788//621 787//621 790//621
f 785//622 788//622 792//622
f 792//623 788//623 797//623
f 789//624 783//624 784//624
f 787//625 770//625 793//625
f 788//626 790//626 797//626
f 791//627 794//627 789//627
f 792//628 797//628 795//628
f 786//629 796//629 769//629
f 794//630 796//630 786//630
f 799//631 801//631 794//631
f 806//632 725//632 741//632
f 729//633 780//633 804//633
f 730//634 784//634 721//634
f 804//635 780//635 807//635
f 808//636 784//636 806//636
f 805//637 815//637 809//637
f 811//638 807//638 792//638
f 812//639 807//639 811//639
f 814//640 804//640 812//640
f 799//641 791//641 811//641
f 817//642 795//642 819//642
f 821//643 817//643 819//643
f 814//644 817//644 821//644
f 814//645 822//645 823//645
f 823//646 826//646 818//646
f 827//647 822//647 825//647
f 833//648 743//648 744//648
f 831//649 745//649 834//649
f 832//650 747//650 743//650
f 746//651 837//651 834//651
f 833//652 832//652 743//652
f 731//653 805//653 835//653
f 728//654 832//654 839//654
f 833//655 840//655 836//655
f 840//656 839//656 809//656
f 846//657 840//657 833//657
f 846//658 833//658 829//658
f 843//659 809//659 816//659
f 843//660 839//660 836//660
f 840//661 843//661 836//661
f 841//662 837//662 845//662
f 841//663 853//663 847//663
f 848//664 846//664 829//664
f 838//665 848//665 829//665
f 838//666 841//666 847//666
f 842//667 838//667 847//667
f 849//668 816//668 818//668
f 849//669 808//669 843//669
f 851//670 844//670 845//670
f 855//671 850//671 844//671
f 846//672 858//672 857//672
f 859//673 858//673 848//673
f 859//674 847//674 854//674
f 855//675 828//675 823//675
f 860//676 855//676 851//676
f 857//677 860//677 852//677
f 854//678 856//678 861//678
f 859//679 854//679 858//679
f 830//680 745//680 831//680
f 831//681 864//681 830//681
f 865//682 862//682 863//682
f 864//683 838//683 829//683
f 864//684 831//684 838//684
f 842//685 847//685 848//685
f 778//686 777//686 866//686
f 798//687 802//687 869//687
f 802//688 800//688 868//688
f 801//689 873//689 802//689
f 873//690 881//690 800//690
f 874//691 867//691 877//691
f 878//692 874//692 877//692
f 880//693 873//693 879//693
f 871//694 879//694 875//694
f 878//695 882//695 873//695
f 878//696 885//696 882//696
f 778//697 866//697 876//697
f 877//698 867//698 876//698
f 882//699 888//699 881//699
f 888//700 882//700 877//700
f 887//701 889//701 886//701
f 819//702 870//702 799//702
f 892//703 824//703 826//703
f 893//704 826//704 823//704
f 822//705 895//705 896//705
f 822//706 896//706 897//706
f 820//707 892//707 898//707
f 825//708 898//708 827//708
f 900//709 898//709 892//709
f 901//710 892//710 893//710
f 901//711 893//711 895//711
f 901//712 895//712 899//712
f 904//713 883//713 884//713
f 901//714 909//714 900//714
f 903//715 907//715 908//715
f 909//716 883//716 905//716
f 909//717 887//717 883//717
f 904//718 884//718 910//718
f 911//719 904//719 910//719
f 912//720 911//720 909//720
f 906//721 912//721 902//721
f 909//722 913//722 887//722
f 915//723 914//723 912//723
f 913//724 884//724 889//724
f 889//725 887//725 913//725
f 861//726 856//726 919//726
f 920//727 854//727 861//727
f 858//728 920//728 922//728
f 858//729 854//729 920//729
f 919//730 921//730 923//730
f 920//731 926//731 922//731
f 928//732 907//732 924//732
f 930//733 432//733 431//733
f 427//734 432//734 931//734
f 932//735 931//735 432//735
f 934//736 935//736 938//736
f 938//737 935//737 934//737
f 475//738 445//738 440//738
f 945//739 939//739 944//739
f 944//740 939//740 945//740
f 942//741 940//741 943//741
f 943//742 940//742 941//742
f 948//743 478//743 953//743
f 954//744 952//744 953//744
f 950//745 951//745 956//745
f 478//746 477//746 957//746
f 952//747 957//747 477//747
f 953//748 959//748 962//748
f 964//749 953//749 962//749
f 961//750 966//750 960//750
f 961//751 965//751 967//751
f 962//752 971//752 970//752
f 975//753 946//753 947//753
f 980//754 977//754 978//754
f 983//755 976//755 979//755
f 960//756 956//756 961//756
f 982//757 967//757 969//757
f 985//758 982//758 969//758
f 984//759 989//759 981//759
f 985//760 969//760 988//760
f 984//761 987//761 994//761
f 988//762 974//762 966//762
f 986//763 991//763 992//763
f 993//764 989//764 990//764
f 984//765 994//765 990//765
f 489//766 528//766 525//766
f 996//767 970//767 995//767
f 996//768 971//768 963//768
f 973//769 972//769 966//769
f 969//770 974//770 997//770
f 973//771 968//771 999//771
f 1000//772 492//772 528//772
f 970//773 1001//773 995//773
f 996//774 995//774 1003//774
f 973//775 999//775 1004//775
f 1000//776 528//776 534//776
f 995//777 1001//777 1003//777
f 1004//778 998//778 973//778
f 1003//779 1001//779 1006//779
f 1014//780 998//780 1004//780
f 999//781 1014//781 1004//781
f 537//782 540//782 543//782
f 537//783 534//783 540//783
f 1011//784 1006//784 1009//784
f 1012//785 1011//785 1010//785
f 1003//786 1012//786 1002//786
f 1014//787 1007//787 998//787
f 999//788 998//788 1016//788
f 1005//789 999//789 1016//789
f 1018//790 1005//790 1016//790
f 1008//791 1017//791 1005//791
f 1008//792 1005//792 1018//792
f 1019//793 1013//793 1007//793
f 1019//794 1007//794 1014//794
f 1015//795 1019//795 1014//795
f 1021//796 1015//796 1014//796
f 1022//797 1016//797 1015//797
f 1021//798 1014//798 1017//798
f 1023//799 1018//799 1022//799
f 1021//800 1022//800 1024//800
f 1018//801 1023//801 1026//801
f 1028//802 991//802 993//802
f 993//803 992//803 1029//803
f 1030//804 991//804 1028//804
f 1029//805 991//805 1030//805
f 1031//806 1008//806 1032//806
f 1035//807 1008//807 1018//807
f 1034//808 1008//808 1031//808
f 1032//809 1034//809 1031//809
f 1032//810 1008//810 1035//810
f 1032//811 1035//811 1033//811
f 1032//812 1037//812 1034//812
f 1040//813 1023//813 1034//813
f 1040//814 1034//814 1035//814
f 1024//815 1015//815 1045//815
f 1040//816 1025//816 1023//816
f 1009//817 1041//817 1042//817
f 1011//818 1043//818 1010//818
f 1011//819 1009//819 1042//819
f 1044//820 1013//820 1019//820
f 1024//821 1051//821 1021//821
f 1049//822 1025//822 1040//822
f 1041//823 577//823 1042//823
f 1055//824 1045//824 1046//824
f 1051//825 1045//825 1055//825
f 1048//826 1047//826 1058//826
f 1053//827 577//827 1041//827
f 1058//828 1047//828 1048//828
f 1060//829 585//829 1061//829
f 1054//830 1060//830 1061//830
f 1054//831 1062//831 1060//831
f 1054//832 1061//832 1062//832
f 1064//833 1056//833 1057//833
f 1059//834 1066//834 1067//834
f 1062//835 1077//835 1060//835
f 1065//836 1072//836 1073//836
f 605//837 585//837 599//837
f 1061//838 585//838 605//838
f 1083//839 1077//839 1069//839
f 1070//840 1080//840 1063//840
f 1070//841 1063//841 1080//841
f 1082//842 1074//842 1075//842
f 1078//843 1061//843 605//843
f 1084//844 1079//844 1078//844
f 1071//845 1086//845 1085//845
f 1081//846 1071//846 1085//846
f 1075//847 1074//847 1082//847
f 1087//848 1081//848 1088//848
f 1089//849 1039//849 1091//849
f 1095//850 1050//850 1052//850
f 1095//851 1052//851 1050//851
f 1096//852 1092//852 1093//852
f 1098//853 1094//853 1090//853
f 1068//854 1076//854 1097//854
f 1099//855 604//855 1077//855
f 1099//856 605//856 614//856
f 1099//857 1077//857 1083//857
f 1078//858 1099//858 1083//858
f 1078//859 605//859 1099//859
f 1084//860 1078//860 1103//860
f 1084//861 1103//861 1100//861
f 1085//862 1084//862 1100//862
f 1101//863 1084//863 1086//863
f 1101//864 1085//864 1100//864
f 1088//865 1101//865 1087//865
f 614//866 604//866 1099//866
f 1078//867 1102//867 1103//867
f 1102//868 1078//868 1083//868
f 1100//869 1102//869 1083//869
f 2//870 3//870 161//870
f 5//871 4//871 1//871
f 119//872 2//872 161//872
f 13//873 12//873 11//873
f 12//874 17//874 11//874
f 13//875 14//875 9//875
f 16//876 11//876 15//876
f 11//877 23//877 22//877
f 11//878 22//878 15//878
f 16//879 24//879 11//879
f 38//880 37//880 10//880
f 17//881 23//881 11//881
f 24//882 13//882 11//882
f 25//883 19//883 18//883
f 32//884 29//884 26//884
f 34//885 28//885 33//885
f 35//886 33//886 28//886
f 30//887 35//887 29//887
f 36//888 31//888 29//888
f 38//889 10//889 33//889
f 43//890 38//890 41//890
f 39//891 35//891 30//891
f 32//892 31//892 40//892
f 42//893 37//893 9//893
f 41//894 38//894 33//894
f 35//895 41//895 33//895
f 32//896 51//896 30//896
f 61//897 32//897 40//897
f 42//898 14//898 10//898
f 48//899 35//899 39//899
f 46//900 61//900 40//900
f 49//901 41//901 19//901
f 49//902 43//902 41//902
f 30//903 45//903 47//903
f 55//904 54//904 51//904
f 50//905 55//905 51//905
f 52//906 50//906 32//906
f 51//907 54//907 52//907
f 44//908 62//908 54//908
f 61//909 44//909 52//909
f 61//910 52//910 32//910
f 54//911 53//911 58//911
f 59//912 55//912 54//912
f 56//913 55//913 59//913
f 59//914 57//914 56//914
f 59//915 54//915 62//915
f 53//916 65//916 68//916
f 53//917 68//917 58//917
f 66//918 72//918 64//918
f 63//919 67//919 65//919
f 64//920 60//920 66//920
f 58//921 68//921 45//921
f 62//922 61//922 46//922
f 59//923 62//923 115//923
f 69//924 68//924 65//924
f 71//925 69//925 65//925
f 71//926 65//926 59//926
f 69//927 70//927 68//927
f 64//928 73//928 67//928
f 74//929 73//929 72//929
f 89//930 88//930 92//930
f 76//931 73//931 74//931
f 76//932 77//932 73//932
f 79//933 97//933 80//933
f 23//934 24//934 22//934
f 86//935 25//935 84//935
f 86//936 17//936 25//936
f 86//937 14//937 17//937
f 88//938 82//938 87//938
f 91//939 89//939 84//939
f 95//940 98//940 90//940
f 93//941 91//941 84//941
f 86//942 89//942 92//942
f 96//943 88//943 90//943
f 93//944 100//944 91//944
f 97//945 91//945 100//945
f 99//946 96//946 90//946
f 114//947 101//947 93//947
f 102//948 96//948 104//948
f 135//949 148//949 155//949
f 98//950 79//950 80//950
f 47//951 25//951 18//951
f 85//952 49//952 86//952
f 107//953 46//953 43//953
f 111//954 105//954 45//954
f 111//955 94//955 105//955
f 107//956 106//956 109//956
f 108//957 107//957 109//957
f 102//958 85//958 92//958
f 106//959 85//959 102//959
f 109//960 106//960 110//960
f 113//961 114//961 94//961
f 70//962 116//962 68//962
f 115//963 46//963 108//963
f 116//964 45//964 68//964
f 70//965 118//965 116//965
f 117//966 108//966 120//966
f 125//967 116//967 118//967
f 125//968 1//968 116//968
f 116//969 1//969 119//969
f 124//970 123//970 77//970
f 124//971 75//971 117//971
f 128//972 126//972 123//972
f 123//973 124//973 128//973
f 126//974 127//974 123//974
f 128//975 117//975 121//975
f 127//976 1//976 125//976
f 126//977 5//977 127//977
f 174//978 128//978 129//978
f 130//979 128//979 174//979
f 133//980 134//980 132//980
f 133//981 136//981 134//981
f 139//982 138//982 140//982
f 137//983 133//983 132//983
f 103//984 99//984 80//984
f 142//985 99//985 103//985
f 143//986 104//986 142//986
f 100//987 145//987 131//987
f 114//988 147//988 146//988
f 133//989 131//989 145//989
f 143//990 149//990 151//990
f 133//991 145//991 135//991
f 168//992 174//992 129//992
f 147//993 157//993 152//993
f 158//994 136//994 135//994
f 153//995 151//995 159//995
f 150//996 144//996 137//996
f 141//997 158//997 150//997
f 162//998 109//998 110//998
f 111//999 119//999 161//999
f 110//1000 112//1000 162//1000
f 113//1001 147//1001 114//1001
f 113//1002 157//1002 147//1002
f 163//1003 157//1003 113//1003
f 162//1004 143//1004 153//1004
f 167//1005 120//1005 160//1005
f 169//1006 119//1006 4//1006
f 129//1007 121//1007 168//1007
f 171//1008 168//1008 167//1008
f 172//1009 171//1009 160//1009
f 172//1010 160//1010 215//1010
f 2//1011 231//1011 3//1011
f 232//1012 171//1012 172//1012
f 169//1013 170//1013 231//1013
f 130//1014 4//1014 5//1014
f 181//1015 178//1015 168//1015
f 130//1016 176//1016 175//1016
f 175//1017 176//1017 177//1017
f 170//1018 181//1018 180//1018
f 170//1019 184//1019 173//1019
f 180//1020 181//1020 171//1020
f 177//1021 183//1021 182//1021
f 171//1022 184//1022 180//1022
f 134//1023 141//1023 132//1023
f 186//1024 179//1024 182//1024
f 251//1025 182//1025 185//1025
f 141//1026 189//1026 136//1026
f 199//1027 194//1027 193//1027
f 154//1028 150//1028 158//1028
f 154//1029 191//1029 156//1029
f 135//1030 192//1030 190//1030
f 154//1031 190//1031 191//1031
f 156//1032 191//1032 193//1032
f 159//1033 156//1033 193//1033
f 194//1034 159//1034 193//1034
f 195//1035 198//1035 152//1035
f 197//1036 188//1036 192//1036
f 155//1037 198//1037 192//1037
f 206//1038 200//1038 194//1038
f 203//1039 197//1039 201//1039
f 197//1040 192//1040 201//1040
f 223//1041 226//1041 229//1041
f 199//1042 196//1042 203//1042
f 208//1043 206//1043 203//1043
f 203//1044 202//1044 207//1044
f 208//1045 203//1045 207//1045
f 211//1046 202//1046 205//1046
f 202//1047 210//1047 207//1047
f 208//1048 212//1048 206//1048
f 198//1049 257//1049 205//1049
f 189//1050 190//1050 136//1050
f 191//1051 134//1051 188//1051
f 3//1052 216//1052 163//1052
f 217//1053 164//1053 200//1053
f 217//1054 166//1054 164//1054
f 217//1055 200//1055 204//1055
f 216//1056 218//1056 219//1056
f 221//1057 166//1057 217//1057
f 222//1058 218//1058 3//1058
f 222//1059 220//1059 218//1059
f 221//1060 215//1060 166//1060
f 225//1061 223//1061 195//1061
f 224//1062 217//1062 204//1062
f 224//1063 204//1063 214//1063
f 220//1064 227//1064 219//1064
f 195//1065 223//1065 209//1065
f 219//1066 227//1066 225//1066
f 227//1067 226//1067 225//1067
f 227//1068 221//1068 226//1068
f 224//1069 214//1069 228//1069
f 226//1070 224//1070 228//1070
f 231//1071 242//1071 220//1071
f 229//1072 226//1072 228//1072
f 173//1073 171//1073 232//1073
f 232//1074 215//1074 237//1074
f 239//1075 215//1075 221//1075
f 237//1076 215//1076 239//1076
f 245//1077 238//1077 236//1077
f 231//1078 238//1078 244//1078
f 245//1079 236//1079 240//1079
f 258//1080 213//1080 212//1080
f 243//1081 239//1081 242//1081
f 247//1082 231//1082 244//1082
f 247//1083 240//1083 243//1083
f 245//1084 240//1084 244//1084
f 238//1085 248//1085 278//1085
f 250//1086 185//1086 233//1086
f 187//1087 249//1087 185//1087
f 187//1088 186//1088 251//1088
f 249//1089 234//1089 233//1089
f 250//1090 256//1090 249//1090
f 250//1091 234//1091 241//1091
f 254//1092 253//1092 255//1092
f 256//1093 241//1093 252//1093
f 211//1094 205//1094 257//1094
f 212//1095 208//1095 210//1095
f 212//1096 211//1096 258//1096
f 259//1097 258//1097 257//1097
f 270//1098 264//1098 268//1098
f 259//1099 257//1099 260//1099
f 214//1100 213//1100 259//1100
f 223//1101 262//1101 209//1101
f 229//1102 263//1102 261//1102
f 209//1103 262//1103 265//1103
f 266//1104 267//1104 259//1104
f 228//1105 214//1105 267//1105
f 263//1106 228//1106 268//1106
f 263//1107 269//1107 261//1107
f 269//1108 268//1108 261//1108
f 264//1109 263//1109 268//1109
f 279//1110 244//1110 278//1110
f 266//1111 260//1111 265//1111
f 267//1112 266//1112 262//1112
f 261//1113 268//1113 262//1113
f 268//1114 267//1114 262//1114
f 271//1115 268//1115 269//1115
f 275//1116 273//1116 274//1116
f 242//1117 276//1117 230//1117
f 276//1118 281//1118 230//1118
f 239//1119 277//1119 276//1119
f 248//1120 245//1120 279//1120
f 292//1121 272//1121 270//1121
f 280//1122 263//1122 264//1122
f 283//1123 284//1123 282//1123
f 283//1124 282//1124 284//1124
f 271//1125 292//1125 270//1125
f 269//1126 293//1126 286//1126
f 269//1127 292//1127 271//1127
f 280//1128 287//1128 269//1128
f 305//1129 301//1129 306//1129
f 289//1130 288//1130 285//1130
f 291//1131 295//1131 290//1131
f 295//1132 291//1132 290//1132
f 297//1133 296//1133 294//1133
f 303//1134 312//1134 306//1134
f 298//1135 309//1135 300//1135
f 313//1136 312//1136 317//1136
f 306//1137 312//1137 310//1137
f 311//1138 312//1138 300//1138
f 335//1139 357//1139 345//1139
f 312//1140 314//1140 317//1140
f 307//1141 304//1141 302//1141
f 315//1142 312//1142 307//1142
f 316//1143 314//1143 312//1143
f 325//1144 323//1144 319//1144
f 326//1145 320//1145 324//1145
f 328//1146 321//1146 320//1146
f 330//1147 329//1147 322//1147
f 331//1148 328//1148 326//1148
f 331//1149 326//1149 324//1149
f 342//1150 341//1150 334//1150
f 346//1151 333//1151 332//1151
f 347//1152 335//1152 343//1152
f 336//1153 352//1153 344//1153
f 345//1154 336//1154 335//1154
f 352//1155 336//1155 345//1155
f 352//1156 345//1156 344//1156
f 343//1157 357//1157 355//1157
f 338//1158 353//1158 337//1158
f 340//1159 354//1159 339//1159
f 363//1160 347//1160 355//1160
f 357//1161 356//1161 355//1161
f 359//1162 356//1162 347//1162
f 361//1163 360//1163 358//1163
f 340//1164 362//1164 354//1164
f 305//1165 301//1165 299//1165
f 359//1166 363//1166 355//1166
f 362//1167 339//1167 354//1167
f 359//1168 366//1168 363//1168
f 365//1169 298//1169 300//1169
f 367//1170 366//1170 364//1170
f 364//1171 363//1171 369//1171
f 367//1172 369//1172 363//1172
f 308//1173 298//1173 365//1173
f 303//1174 301//1174 371//1174
f 372//1175 304//1175 303//1175
f 313//1176 309//1176 365//1176
f 308//1177 305//1177 299//1177
f 372//1178 303//1178 373//1178
f 371//1179 306//1179 310//1179
f 311//1180 373//1180 310//1180
f 369//1181 378//1181 381//1181
f 371//1182 310//1182 373//1182
f 374//1183 372//1183 373//1183
f 313//1184 365//1184 300//1184
f 318//1185 373//1185 313//1185
f 393//1186 374//1186 373//1186
f 316//1187 315//1187 374//1187
f 316//1188 375//1188 314//1188
f 375//1189 316//1189 374//1189
f 376//1190 122//1190 78//1190
f 394//1191 401//1191 398//1191
f 378//1192 367//1192 384//1192
f 364//1193 369//1193 384//1193
f 381//1194 378//1194 384//1194
f 380//1195 377//1195 386//1195
f 369//1196 387//1196 384//1196
f 387//1197 381//1197 384//1197
f 383//1198 380//1198 386//1198
f 385//1199 391//1199 388//1199
f 390//1200 392//1200 389//1200
f 390//1201 389//1201 392//1201
f 318//1202 313//1202 317//1202
f 314//1203 396//1203 318//1203
f 373//1204 318//1204 395//1204
f 318//1205 396//1205 395//1205
f 396//1206 393//1206 373//1206
f 395//1207 399//1207 401//1207
f 398//1208 403//1208 399//1208
f 399//1209 396//1209 394//1209
f 400//1210 398//1210 385//1210
f 398//1211 401//1211 385//1211
f 393//1212 375//1212 374//1212
f 385//1213 402//1213 391//1213
f 400//1214 388//1214 391//1214
f 403//1215 402//1215 401//1215
f 419//1216 416//1216 414//1216
f 375//1217 404//1217 314//1217
f 404//1218 393//1218 396//1218
f 411//1219 410//1219 408//1219
f 415//1220 414//1220 418//1220
f 415//1221 418//1221 417//1221
f 414//1222 421//1222 450//1222
f 450//1223 419//1223 414//1223
f 429//1224 431//1224 432//1224
f 418//1225 416//1225 421//1225
f 425//1226 424//1226 422//1226
f 426//1227 425//1227 423//1227
f 429//1228 423//1228 422//1228
f 426//1229 431//1229 425//1229
f 432//1230 423//1230 429//1230
f 425//1231 434//1231 428//1231
f 440//1232 443//1232 438//1232
f 436//1233 433//1233 425//1233
f 429//1234 435//1234 436//1234
f 429//1235 436//1235 425//1235
f 413//1236 438//1236 412//1236
f 438//1237 439//1237 412//1237
f 443//1238 436//1238 434//1238
f 437//1239 440//1239 438//1239
f 440//1240 437//1240 441//1240
f 438//1241 443//1241 442//1241
f 443//1242 434//1242 442//1242
f 444//1243 436//1243 443//1243
f 419//1244 454//1244 453//1244
f 441//1245 436//1245 444//1245
f 441//1246 444//1246 445//1246
f 446//1247 449//1247 447//1247
f 418//1248 421//1248 451//1248
f 461//1249 466//1249 465//1249
f 454//1250 450//1250 420//1250
f 452//1251 458//1251 455//1251
f 460//1252 454//1252 420//1252
f 456//1253 454//1253 460//1253
f 462//1254 457//1254 455//1254
f 460//1255 420//1255 453//1255
f 483//1256 457//1256 462//1256
f 456//1257 463//1257 459//1257
f 456//1258 464//1258 463//1258
f 490//1259 485//1259 526//1259
f 464//1260 460//1260 470//1260
f 449//1261 469//1261 447//1261
f 473//1262 468//1262 466//1262
f 457//1263 474//1263 452//1263
f 474//1264 458//1264 452//1264
f 458//1265 466//1265 455//1265
f 485//1266 474//1266 481//1266
f 481//1267 457//1267 483//1267
f 458//1268 484//1268 483//1268
f 490//1269 481//1269 484//1269
f 487//1270 526//1270 485//1270
f 489//1271 486//1271 488//1271
f 519//1272 514//1272 516//1272
f 491//1273 487//1273 481//1273
f 492//1274 487//1274 488//1274
f 448//1275 447//1275 494//1275
f 469//1276 448//1276 494//1276
f 499//1277 464//1277 470//1277
f 471//1278 464//1278 499//1278
f 472//1279 461//1279 465//1279
f 473//1280 467//1280 468//1280
f 472//1281 468//1281 502//1281
f 467//1282 503//1282 468//1282
f 499//1283 470//1283 505//1283
f 471//1284 499//1284 505//1284
f 497//1285 506//1285 498//1285
f 503//1286 502//1286 468//1286
f 503//1287 472//1287 509//1287
f 512//1288 511//1288 508//1288
f 510//1289 507//1289 514//1289
f 507//1290 515//1290 514//1290
f 519//1291 515//1291 510//1291
f 515//1292 516//1292 514//1292
f 503//1293 518//1293 502//1293
f 522//1294 509//1294 502//1294
f 549//1295 516//1295 517//1295
f 513//1296 521//1296 517//1296
f 513//1297 516//1297 521//1297
f 509//1298 518//1298 503//1298
f 528//1299 524//1299 527//1299
f 488//1300 491//1300 524//1300
f 528//1301 489//1301 488//1301
f 491//1302 490//1302 526//1302
f 533//1303 527//1303 530//1303
f 534//1304 536//1304 530//1304
f 534//1305 530//1305 492//1305
f 535//1306 529//1306 531//1306
f 532//1307 529//1307 535//1307
f 530//1308 536//1308 533//1308
f 541//1309 535//1309 531//1309
f 540//1310 534//1310 536//1310
f 553//1311 556//1311 557//1311
f 538//1312 532//1312 535//1312
f 541//1313 544//1313 542//1313
f 544//1314 538//1314 535//1314
f 520//1315 519//1315 545//1315
f 518//1316 546//1316 522//1316
f 518//1317 547//1317 546//1317
f 516//1318 556//1318 545//1318
f 551//1319 550//1319 546//1319
f 515//1320 552//1320 553//1320
f 515//1321 520//1321 552//1321
f 551//1322 523//1322 555//1322
f 556//1323 550//1323 557//1323
f 552//1324 548//1324 556//1324
f 561//1325 557//1325 563//1325
f 551//1326 558//1326 554//1326
f 552//1327 556//1327 560//1327
f 562//1328 557//1328 554//1328
f 559//1329 562//1329 554//1329
f 555//1330 565//1330 566//1330
f 563//1331 557//1331 564//1331
f 563//1332 566//1332 565//1332
f 539//1333 568//1333 571//1333
f 539//1334 568//1334 540//1334
f 547//1335 572//1335 567//1335
f 572//1336 551//1336 546//1336
f 546//1337 567//1337 569//1337
f 572//1338 569//1338 573//1338
f 575//1339 580//1339 573//1339
f 573//1340 574//1340 572//1340
f 570//1341 567//1341 574//1341
f 570//1342 575//1342 573//1342
f 568//1343 576//1343 571//1343
f 558//1344 551//1344 559//1344
f 586//1345 583//1345 579//1345
f 580//1346 574//1346 573//1346
f 579//1347 582//1347 578//1347
f 579//1348 578//1348 586//1348
f 581//1349 582//1349 583//1349
f 1053//1350 581//1350 577//1350
f 585//1351 577//1351 581//1351
f 562//1352 566//1352 564//1352
f 562//1353 555//1353 566//1353
f 582//1354 589//1354 586//1354
f 581//1355 584//1355 585//1355
f 590//1356 589//1356 582//1356
f 590//1357 584//1357 591//1357
f 604//1358 599//1358 598//1358
f 588//1359 593//1359 587//1359
f 588//1360 587//1360 593//1360
f 597//1361 596//1361 589//1361
f 598//1362 581//1362 596//1362
f 590//1363 591//1363 597//1363
f 591//1364 581//1364 598//1364
f 599//1365 591//1365 598//1365
f 585//1366 584//1366 599//1366
f 597//1367 602//1367 596//1367
f 599//1368 1077//1368 597//1368
f 618//1369 611//1369 619//1369
f 603//1370 601//1370 606//1370
f 595//1371 602//1371 608//1371
f 610//1372 608//1372 597//1372
f 609//1373 604//1373 595//1373
f 609//1374 595//1374 608//1374
f 610//1375 611//1375 609//1375
f 612//1376 609//1376 615//1376
f 610//1377 612//1377 611//1377
f 604//1378 612//1378 610//1378
f 612//1379 604//1379 609//1379
f 607//1380 615//1380 611//1380
f 615//1381 609//1381 611//1381
f 638//1382 643//1382 639//1382
f 616//1383 619//1383 611//1383
f 619//1384 613//1384 615//1384
f 624//1385 621//1385 620//1385
f 625//1386 626//1386 623//1386
f 626//1387 620//1387 623//1387
f 626//1388 624//1388 620//1388
f 632//1389 630//1389 629//1389
f 632//1390 627//1390 630//1390
f 638//1391 635//1391 636//1391
f 642//1392 641//1392 636//1392
f 643//1393 642//1393 637//1393
f 640//1394 650//1394 638//1394
f 644//1395 634//1395 645//1395
f 641//1396 634//1396 638//1396
f 650//1397 642//1397 638//1397
f 634//1398 641//1398 633//1398
f 654//1399 633//1399 637//1399
f 648//1400 630//1400 645//1400
f 649//1401 647//1401 646//1401
f 639//1402 405//1402 635//1402
f 654//1403 637//1403 405//1403
f 654//1404 405//1404 639//1404
f 660//1405 653//1405 652//1405
f 653//1406 656//1406 657//1406
f 659//1407 664//1407 651//1407
f 655//1408 651//1408 654//1408
f 660//1409 652//1409 657//1409
f 658//1410 653//1410 660//1410
f 633//1411 643//1411 637//1411
f 655//1412 659//1412 651//1412
f 659//1413 655//1413 639//1413
f 656//1414 661//1414 660//1414
f 633//1415 641//1415 643//1415
f 639//1416 643//1416 647//1416
f 663//1417 659//1417 639//1417
f 683//1418 687//1418 686//1418
f 663//1419 639//1419 662//1419
f 664//1420 723//1420 651//1420
f 658//1421 670//1421 656//1421
f 669//1422 670//1422 668//1422
f 670//1423 671//1423 665//1423
f 669//1424 673//1424 671//1424
f 669//1425 674//1425 673//1425
f 674//1426 676//1426 673//1426
f 677//1427 675//1427 674//1427
f 680//1428 672//1428 666//1428
f 677//1429 672//1429 680//1429
f 676//1430 679//1430 678//1430
f 678//1431 681//1431 673//1431
f 682//1432 677//1432 680//1432
f 684//1433 628//1433 631//1433
f 629//1434 685//1434 631//1434
f 629//1435 628//1435 684//1435
f 632//1436 629//1436 684//1436
f 684//1437 631//1437 687//1437
f 698//1438 695//1438 694//1438
f 683//1439 688//1439 684//1439
f 685//1440 687//1440 631//1440
f 688//1441 683//1441 686//1441
f 687//1442 689//1442 686//1442
f 694//1443 632//1443 690//1443
f 688//1444 686//1444 691//1444
f 686//1445 692//1445 691//1445
f 689//1446 692//1446 686//1446
f 690//1447 688//1447 693//1447
f 695//1448 632//1448 694//1448
f 691//1449 696//1449 693//1449
f 689//1450 698//1450 692//1450
f 690//1451 697//1451 694//1451
f 690//1452 693//1452 697//1452
f 698//1453 689//1453 700//1453
f 701//1454 698//1454 700//1454
f 705//1455 698//1455 707//1455
f 696//1456 699//1456 702//1456
f 707//1457 697//1457 706//1457
f 708//1458 702//1458 692//1458
f 717//1459 701//1459 707//1459
f 752//1460 744//1460 737//1460
f 704//1461 755//1461 703//1461
f 697//1462 709//1462 706//1462
f 697//1463 702//1463 709//1463
f 717//1464 707//1464 706//1464
f 710//1465 648//1465 634//1465
f 713//1466 650//1466 632//1466
f 712//1467 650//1467 713//1467
f 711//1468 685//1468 648//1468
f 649//1469 712//1469 714//1469
f 685//1470 715//1470 700//1470
f 713//1471 695//1471 720//1471
f 716//1472 714//1472 713//1472
f 718//1473 713//1473 720//1473
f 716//1474 713//1474 718//1474
f 715//1475 719//1475 700//1475
f 711//1476 721//1476 715//1476
f 723//1477 725//1477 724//1477
f 724//1478 711//1478 710//1478
f 729//1479 726//1479 727//1479
f 729//1480 727//1480 716//1480
f 14//1481 9//1481 10//1481
f 724//1482 730//1482 721//1482
f 725//1483 730//1483 724//1483
f 731//1484 728//1484 729//1484
f 665//1485 681//1485 667//1485
f 682//1486 680//1486 733//1486
f 680//1487 666//1487 726//1487
f 681//1488 736//1488 667//1488
f 732//1489 680//1489 726//1489
f 679//1490 737//1490 734//1490
f 739//1491 737//1491 679//1491
f 738//1492 732//1492 726//1492
f 733//1493 732//1493 738//1493
f 739//1494 735//1494 733//1494
f 737//1495 736//1495 734//1495
f 739//1496 733//1496 742//1496
f 745//1497 740//1497 739//1497
f 743//1498 741//1498 736//1498
f 667//1499 741//1499 725//1499
f 744//1500 743//1500 736//1500
f 745//1501 742//1501 746//1501
f 737//1502 739//1502 740//1502
f 749//1503 748//1503 750//1503
f 740//1504 751//1504 737//1504
f 751//1505 740//1505 745//1505
f 753//1506 751//1506 745//1506
f 751//1507 754//1507 752//1507
f 774//1508 770//1508 768//1508
f 752//1509 753//1509 830//1509
f 754//1510 753//1510 752//1510
f 704//1511 703//1511 755//1511
f 705//1512 706//1512 708//1512
f 758//1513 706//1513 757//1513
f 764//1514 763//1514 759//1514
f 760//1515 766//1515 765//1515
f 760//1516 768//1516 766//1516
f 766//1517 770//1517 769//1517
f 770//1518 771//1518 769//1518
f 765//1519 772//1519 768//1519
f 787//1520 767//1520 771//1520
f 772//1521 765//1521 775//1521
f 774//1522 776//1522 773//1522
f 777//1523 772//1523 775//1523
f 720//1524 717//1524 758//1524
f 715//1525 721//1525 719//1525
f 722//1526 718//1526 779//1526
f 719//1527 781//1527 757//1527
f 781//1528 758//1528 757//1528
f 721//1529 783//1529 719//1529
f 782//1530 762//1530 767//1530
f 779//1531 720//1531 788//1531
f 721//1532 784//1532 783//1532
f 781//1533 786//1533 767//1533
f 786//1534 771//1534 767//1534
f 796//1535 802//1535 793//1535
f 788//1536 782//1536 787//1536
f 783//1537 789//1537 781//1537
f 785//1538 779//1538 788//1538
f 789//1539 786//1539 781//1539
f 792//1540 791//1540 789//1540
f 807//1541 785//1541 792//1541
f 773//1542 793//1542 770//1542
f 790//1543 787//1543 793//1543
f 789//1544 794//1544 786//1544
f 792//1545 795//1545 791//1545
f 769//1546 796//1546 775//1546
f 790//1547 798//1547 797//1547
f 798//1548 795//1548 797//1548
f 799//1549 794//1549 791//1549
f 796//1550 800//1550 775//1550
f 801//1551 796//1551 794//1551
f 790//1552 802//1552 798//1552
f 810//1553 792//1553 789//1553
f 795//1554 798//1554 803//1554
f 805//1555 729//1555 804//1555
f 725//1556 806//1556 730//1556
f 731//1557 729//1557 805//1557
f 780//1558 722//1558 785//1558
f 807//1559 780//1559 785//1559
f 806//1560 784//1560 730//1560
f 747//1561 808//1561 806//1561
f 784//1562 810//1562 789//1562
f 791//1563 817//1563 811//1563
f 784//1564 813//1564 810//1564
f 804//1565 807//1565 812//1565
f 808//1566 813//1566 784//1566
f 814//1567 805//1567 804//1567
f 815//1568 805//1568 814//1568
f 816//1569 809//1569 815//1569
f 817//1570 812//1570 811//1570
f 813//1571 811//1571 810//1571
f 811//1572 821//1572 799//1572
f 818//1573 813//1573 808//1573
f 820//1574 819//1574 795//1574
f 820//1575 824//1575 819//1575
f 821//1576 819//1576 799//1576
f 818//1577 826//1577 813//1577
f 823//1578 815//1578 814//1578
f 816//1579 823//1579 818//1579
f 823//1580 816//1580 815//1580
f 825//1581 821//1581 824//1581
f 826//1582 824//1582 821//1582
f 731//1583 832//1583 728//1583
f 826//1584 821//1584 813//1584
f 825//1585 822//1585 814//1585
f 747//1586 806//1586 741//1586
f 834//1587 745//1587 746//1587
f 744//1588 829//1588 833//1588
f 837//1589 746//1589 728//1589
f 747//1590 832//1590 835//1590
f 834//1591 838//1591 831//1591
f 837//1592 728//1592 839//1592
f 833//1593 836//1593 832//1593
f 835//1594 843//1594 808//1594
f 747//1595 835//1595 808//1595
f 809//1596 835//1596 805//1596
f 839//1597 835//1597 809//1597
f 832//1598 836//1598 839//1598
f 840//1599 837//1599 839//1599
f 841//1600 834//1600 837//1600
f 851//1601 853//1601 852//1601
f 843//1602 840//1602 809//1602
f 837//1603 840//1603 845//1603
f 840//1604 846//1604 845//1604
f 849//1605 818//1605 808//1605
f 849//1606 843//1606 816//1606
f 852//1607 845//1607 844//1607
f 846//1608 851//1608 845//1608
f 853//1609 845//1609 852//1609
f 850//1610 823//1610 822//1610
f 846//1611 848//1611 858//1611
f 847//1612 859//1612 848//1612
f 854//1613 852//1613 856//1613
f 856//1614 844//1614 850//1614
f 851//1615 855//1615 844//1615
f 851//1616 852//1616 860//1616
f 852//1617 844//1617 856//1617
f 800//1618 793//1618 868//1618
f 854//1619 853//1619 857//1619
f 846//1620 857//1620 853//1620
f 847//1621 853//1621 854//1621
f 855//1622 860//1622 828//1622
f 830//1623 829//1623 744//1623
f 830//1624 753//1624 745//1624
f 863//1625 862//1625 865//1625
f 864//1626 829//1626 830//1626
f 842//1627 848//1627 838//1627
f 777//1628 775//1628 866//1628
f 778//1629 776//1629 777//1629
f 775//1630 800//1630 866//1630
f 773//1631 778//1631 867//1631
f 793//1632 773//1632 867//1632
f 870//1633 869//1633 801//1633
f 868//1634 793//1634 867//1634
f 869//1635 802//1635 868//1635
f 799//1636 870//1636 801//1636
f 798//1637 871//1637 803//1637
f 874//1638 868//1638 867//1638
f 870//1639 879//1639 871//1639
f 803//1640 871//1640 872//1640
f 802//1641 873//1641 800//1641
f 873//1642 869//1642 875//1642
f 874//1643 875//1643 869//1643
f 872//1644 871//1644 875//1644
f 866//1645 800//1645 881//1645
f 866//1646 881//1646 876//1646
f 875//1647 879//1647 873//1647
f 880//1648 878//1648 873//1648
f 803//1649 820//1649 795//1649
f 878//1650 880//1650 874//1650
f 880//1651 872//1651 875//1651
f 881//1652 873//1652 882//1652
f 886//1653 884//1653 883//1653
f 887//1654 886//1654 883//1654
f 778//1655 876//1655 867//1655
f 877//1656 876//1656 881//1656
f 888//1657 877//1657 881//1657
f 885//1658 878//1658 877//1658
f 885//1659 877//1659 882//1659
f 884//1660 886//1660 889//1660
f 890//1661 879//1661 870//1661
f 819//1662 892//1662 870//1662
f 891//1663 890//1663 803//1663
f 870//1664 820//1664 890//1664
f 893//1665 896//1665 895//1665
f 893//1666 892//1666 826//1666
f 895//1667 822//1667 827//1667
f 895//1668 827//1668 894//1668
f 828//1669 893//1669 823//1669
f 894//1670 899//1670 895//1670
f 891//1671 803//1671 872//1671
f 891//1672 898//1672 890//1672
f 825//1673 820//1673 898//1673
f 827//1674 898//1674 891//1674
f 880//1675 891//1675 872//1675
f 897//1676 896//1676 899//1676
f 900//1677 880//1677 879//1677
f 890//1678 900//1678 879//1678
f 900//1679 827//1679 891//1679
f 892//1680 901//1680 900//1680
f 902//1681 897//1681 894//1681
f 902//1682 894//1682 827//1682
f 901//1683 921//1683 902//1683
f 904//1684 902//1684 905//1684
f 904//1685 905//1685 883//1685
f 909//1686 905//1686 900//1686
f 902//1687 900//1687 905//1687
f 901//1688 902//1688 909//1688
f 914//1689 906//1689 911//1689
f 911//1690 910//1690 909//1690
f 902//1691 912//1691 909//1691
f 906//1692 904//1692 911//1692
f 912//1693 914//1693 911//1693
f 910//1694 913//1694 909//1694
f 897//1695 850//1695 822//1695
f 915//1696 912//1696 906//1696
f 913//1697 910//1697 884//1697
f 918//1698 916//1698 917//1698
f 918//1699 917//1699 916//1699
f 860//1700 896//1700 828//1700
f 896//1701 921//1701 899//1701
f 919//1702 856//1702 850//1702
f 857//1703 922//1703 860//1703
f 858//1704 922//1704 857//1704
f 908//1705 924//1705 903//1705
f 921//1706 919//1706 897//1706
f 922//1707 921//1707 860//1707
f 922//1708 923//1708 921//1708
f 923//1709 861//1709 919//1709
f 921//1710 901//1710 899//1710
f 926//1711 861//1711 923//1711
f 926//1712 923//1712 922//1712
f 926//1713 920//1713 861//1713
f 928//1714 908//1714 907//1714
f 924//1715 907//1715 903//1715
f 431//1716 427//1716 930//1716
f 927//1717 929//1717 925//1717
f 927//1718 925//1718 929//1718
f 931//1719 930//1719 427//1719
f 930//1720 932//1720 432//1720
f 933//1721 932//1721 930//1721
f 476//1722 952//1722 477//1722
f 933//1723 936//1723 932//1723
f 441//1724 475//1724 440//1724
f 936//1725 931//1725 932//1725
f 933//1726 931//1726 936//1726
f 937//1727 941//1727 940//1727
f 942//1728 941//1728 937//1728
f 943//1729 941//1729 942//1729
f 441//1730 445//1730 475//1730
f 942//1731 937//1731 940//1731
f 950//1732 949//1732 951//1732
f 478//1733 948//1733 476//1733
f 952//1734 964//1734 963//1734
f 953//1735 952//1735 948//1735
f 949//1736 955//1736 951//1736
f 955//1737 956//1737 951//1737
f 953//1738 478//1738 957//1738
f 956//1739 955//1739 958//1739
f 952//1740 959//1740 957//1740
f 953//1741 957//1741 959//1741
f 961//1742 956//1742 958//1742
f 952//1743 962//1743 959//1743
f 952//1744 963//1744 962//1744
f 960//1745 965//1745 958//1745
f 964//1746 954//1746 953//1746
f 970//1747 964//1747 962//1747
f 961//1748 967//1748 966//1748
f 961//1749 958//1749 965//1749
f 969//1750 967//1750 965//1750
f 963//1751 971//1751 962//1751
f 964//1752 996//1752 963//1752
f 968//1753 966//1753 972//1753
f 974//1754 965//1754 973//1754
f 973//1755 965//1755 968//1755
f 966//1756 974//1756 973//1756
f 955//1757 960//1757 958//1757
f 947//1758 946//1758 975//1758
f 950//1759 955//1759 949//1759
f 978//1760 977//1760 980//1760
f 986//1761 984//1761 981//1761
f 960//1762 950//1762 956//1762
f 976//1763 983//1763 979//1763
f 985//1764 967//1764 982//1764
f 989//1765 986//1765 981//1765
f 986//1766 993//1766 991//1766
f 967//1767 988//1767 966//1767
f 985//1768 988//1768 967//1768
f 984//1769 990//1769 989//1769
f 990//1770 987//1770 986//1770
f 993//1771 986//1771 992//1771
f 999//1772 972//1772 998//1772
f 987//1773 990//1773 994//1773
f 972//1774 973//1774 998//1774
f 996//1775 1002//1775 971//1775
f 971//1776 1002//1776 970//1776
f 1006//1777 1010//1777 1009//1777
f 1000//1778 534//1778 492//1778
f 970//1779 1002//1779 1001//1779
f 1001//1780 1012//1780 1010//1780
f 1006//1781 1012//1781 1003//1781
f 999//1782 1017//1782 1014//1782
f 1016//1783 998//1783 1007//1783
f 1020//1784 1016//1784 1007//1784
f 1020//1785 1007//1785 1013//1785
f 1019//1786 1015//1786 1020//1786
f 997//1787 988//1787 969//1787
f 1017//1788 1022//1788 1021//1788
f 1022//1789 1018//1789 1016//1789
f 1023//1790 1022//1790 1017//1790
f 1024//1791 1022//1791 1015//1791
f 1023//1792 1025//1792 1026//1792
f 988//1793 1027//1793 974//1793
f 1037//1794 1036//1794 1038//1794
f 993//1795 1029//1795 1028//1795
f 1029//1796 1030//1796 1028//1796
f 991//1797 1029//1797 992//1797
f 1027//1798 997//1798 974//1798
f 1034//1799 1017//1799 1008//1799
f 1033//1800 1036//1800 1032//1800
f 1034//1801 1023//1801 1017//1801
f 1037//1802 1035//1802 1034//1802
f 1035//1803 1036//1803 1033//1803
f 1018//1804 1040//1804 1035//1804
f 1010//1805 1041//1805 1009//1805
f 1038//1806 1035//1806 1037//1806
f 1020//1807 1044//1807 1019//1807
f 1020//1808 1013//1808 1044//1808
f 1021//1809 1046//1809 1015//1809
f 1045//1810 1015//1810 1046//1810
f 585//1811 1042//1811 577//1811
f 1051//1812 1024//1812 1045//1812
f 1026//1813 1025//1813 1049//1813
f 1049//1814 1040//1814 1026//1814
f 1043//1815 1011//1815 1042//1815
f 1051//1816 1055//1816 1046//1816
f 1043//1817 1053//1817 1041//1817
f 1043//1818 1042//1818 1053//1818
f 1053//1819 1060//1819 584//1819
f 1042//1820 1060//1820 1053//1820
f 1061//1821 1079//1821 1069//1821
f 1057//1822 1056//1822 1064//1822
f 1067//1823 1066//1823 1059//1823
f 1077//1824 584//1824 1060//1824
f 1069//1825 1077//1825 1062//1825
f 1069//1826 1062//1826 1061//1826
f 1073//1827 1072//1827 1065//1827
f 584//1828 1077//1828 599//1828
f 1069//1829 1079//1829 1083//1829
f 1086//1830 1081//1830 1087//1830
f 1079//1831 1084//1831 1083//1831
f 1086//1832 1084//1832 1085//1832
f 1086//1833 1087//1833 1101//1833
f 1081//1834 1085//1834 1088//1834
f 1089//1835 1091//1835 1039//1835
f 1097//1836 1076//1836 1068//1836
f 1098//1837 1090//1837 1094//1837
f 1093//1838 1092//1838 1096//1838
f 1083//1839 1101//1839 1100//1839
f 1084//1840 1101//1840 1083//1840
f 1102//1841 1100//1841 1103//1841
f 1104//1842 622//1842 617//1842
f 1104//1843 617//1843 622//1843
f 1088//1844 1085//1844 1101//1844
f 12//1845 25//1845 17//1845
f 38//1846 34//1846 37//1846
f 43//1847 34//1847 38//1847
f 32//1848 50//1848 51//1848
f 55//1849 56//1849 54//1849
f 44//1850 61//1850 62//1850
f 59//1851 60//1851 57//1851
f 53//1852 63//1852 65//1852
f 66//1853 74//1853 72//1853
f 89//1854 82//1854 88//1854
f 95//1855 79//1855 98//1855
f 135//1856 145//1856 148//1856
f 168//1857 176//1857 174//1857
f 181//1858 177//1858 178//1858
f 170//1859 180//1859 184//1859
f 171//1860 173//1860 184//1860
f 134//1861 189//1861 141//1861
f 199//1862 206//1862 194//1862
f 203//1863 196//1863 197//1863
f 223//1864 225//1864 226//1864
f 231//1865 243//1865 242//1865
f 245//1866 246//1866 238//1866
f 258//1867 259//1867 213//1867
f 270//1868 272//1868 264//1868
f 279//1869 245//1869 244//1869
f 248//1870 246//1870 245//1870
f 292//1871 287//1871 272//1871
f 269//1872 287//1872 293//1872
f 305//1873 298//1873 301//1873
f 303//1874 307//1874 312//1874
f 298//1875 308//1875 309//1875
f 313//1876 300//1876 312//1876
f 335//1877 347//1877 357//1877
f 336//1878 351//1878 352//1878
f 343//1879 344//1879 357//1879
f 363//1880 364//1880 347//1880
f 305//1881 370//1881 301//1881
f 308//1882 299//1882 298//1882
f 313//1883 311//1883 309//1883
f 311//1884 313//1884 373//1884
f 369//1885 367//1885 378//1885
f 394//1886 395//1886 401//1886
f 395//1887 396//1887 399//1887
f 398//1888 400//1888 403//1888
f 393//1212 404//1212 375//1212
f 419//1889 420//1889 416//1889
f 414//1890 417//1890 421//1890
f 429//1891 425//1891 431//1891
f 432//1892 427//1892 423//1892
f 425//1893 433//1893 434//1893
f 440//1894 444//1894 443//1894
f 419//1895 450//1895 454//1895
f 461//1896 462//1896 466//1896
f 490//1897 484//1897 485//1897
f 490//1898 491//1898 481//1898
f 519//1899 510//1899 514//1899
f 522//1900 523//1900 509//1900
f 509//1901 523//1901 518//1901
f 528//1902 488//1902 524//1902
f 533//1903 528//1903 527//1903
f 534//1904 537//1904 536//1904
f 541//1905 542//1905 535//1905
f 553//1906 560//1906 556//1906
f 561//1907 553//1907 557//1907
f 562//1908 564//1908 557//1908
f 555//1909 561//1909 565//1909
f 563//1910 564//1910 566//1910
f 539//1911 543//1911 568//1911
f 539//1912 580//1912 568//1912
f 547//1913 551//1913 572//1913
f 546//1914 547//1914 567//1914
f 572//1915 546//1915 569//1915
f 575//1916 576//1916 580//1916
f 586//1917 589//1917 583//1917
f 581//1918 591//1918 584//1918
f 604//1919 605//1919 599//1919
f 618//1920 607//1920 611//1920
f 638//1921 642//1921 643//1921
f 640//1922 644//1922 650//1922
f 644//1923 640//1923 634//1923
f 650//1924 646//1924 642//1924
f 654//1925 651//1925 633//1925
f 659//1926 663//1926 664//1926
f 683//1927 684//1927 687//1927
f 698//1928 701//1928 695//1928
f 705//1929 692//1929 698//1929
f 707//1930 694//1930 697//1930
f 708//1931 709//1931 702//1931
f 752//1932 830//1932 744//1932
f 14//1933 12//1933 9//1933
f 774//1934 773//1934 770//1934
f 787//1935 782//1935 767//1935
f 796//1936 801//1936 802//1936
f 790//1937 793//1937 802//1937
f 810//1938 811//1938 792//1938
f 791//1939 795//1939 817//1939
f 817//1940 814//1940 812//1940
f 811//1941 813//1941 821//1941
f 820//1942 825//1942 824//1942
f 825//1943 814//1943 821//1943
f 731//1944 835//1944 832//1944
f 834//1945 841//1945 838//1945
f 835//1946 839//1946 843//1946
f 851//1947 846//1947 853//1947
f 853//1948 841//1948 845//1948
f 850//1949 855//1949 823//1949
f 854//1950 857//1950 852//1950
f 800//1951 796//1951 793//1951
f 870//1952 871//1952 869//1952
f 798//1953 869//1953 871//1953
f 874//1954 869//1954 868//1954
f 873//1955 801//1955 869//1955
f 874//1956 880//1956 875//1956
f 803//1957 890//1957 820//1957
f 819//1958 824//1958 892//1958
f 870//1959 892//1959 820//1959
f 893//1960 828//1960 896//1960
f 894//1961 897//1961 899//1961
f 880//1962 900//1962 891//1962
f 890//1963 898//1963 900//1963
f 900//1964 902//1964 827//1964
f 902//1965 921//1965 897//1965
f 904//1966 906//1966 902//1966
f 914//1967 915//1967 906//1967
f 897//1968 919//1968 850//1968
f 896//1969 860//1969 921//1969
f 908//1970 928//1970 924//1970
f 431//1971 426//1971 427//1971
f 931//1972 933//1972 930//1972
f 476//1973 948//1973 952//1973
f 952//1974 954//1974 964//1974
f 960//1975 966//1975 965//1975
f 970//1976 996//1976 964//1976
f 968//1977 965//1977 966//1977
f 974//1978 969//1978 965//1978
f 955//1979 950//1979 960//1979
f 986//1980 987//1980 984//1980
f 986//1981 989//1981 993//1981
f 993//1982 990//1982 986//1982
f 999//1983 968//1983 972//1983
f 996//1984 1003//1984 1002//1984
f 1006//1985 1001//1985 1010//1985
f 1001//1986 1002//1986 1012//1986
f 1006//1987 1011//1987 1012//1987
f 999//1988 1005//1988 1017//1988
f 1020//1989 1015//1989 1016//1989
f 997//1990 1027//1990 988//1990
f 1037//1991 1032//1991 1036//1991
f 1035//1992 1038//1992 1036//1992
f 1018//1993 1026//1993 1040//1993
f 1010//1994 1043//1994 1041//1994
f 1021//1995 1051//1995 1046//1995
f 585//1996 1060//1996 1042//1996
f 1061//1997 1078//1997 1079//1997
f 1086//1998 1071//1998 1081//1998
